path	folder	category	number	descriptor	location	width	height	format	bytes	original_filename	source	license
1000-lilith-photos-general/1000_general_red-convertible-car_mission-hills-san-diego-california_note9_iso50-f2p4_20190514-100811_4032x3024.jpg	1000-lilith-photos-general	general	1000	red-convertible-car	mission-hills-san-diego-california	4032	3024	jpg	2609679	20190514_100811.jpg	lilith	PD-own
1000-lilith-photos-general/1001_general_oceanfront-resort-view_sheraton-waikiki-east-honolulu_s21u_iso32-f1p8_20210602-055442_4000x3000.jpg	1000-lilith-photos-general	general	1001	oceanfront-resort-view	sheraton-waikiki-east-honolulu	4000	3000	jpg	2790624	20210602_055442.jpg	lilith	PD-own
1000-lilith-photos-general/1002_general_oceanfront-hotel-building_ka-anapali-beach-kaanapali_s21u_iso640-f1p8_20210608-052615_4000x3000.jpg	1000-lilith-photos-general	general	1002	oceanfront-hotel-building	ka-anapali-beach-kaanapali	4000	3000	jpg	3079235	20210608_052615.jpg	lilith	PD-own
1000-lilith-photos-general/1003_general_docked-boat-pier_brick-palace-lahaina_s21u_iso50-f2p2_20210609-124821_4000x3000.jpg	1000-lilith-photos-general	general	1003	docked-boat-pier	brick-palace-lahaina	4000	3000	jpg	3639028	20210609_124821.jpg	lilith	PD-own
1000-lilith-photos-general/1004_general_paint-color-samples_s21u_iso200-f1p8_20220304-144007_4000x3000.jpg	1000-lilith-photos-general	general	1004	paint-color-samples		4000	3000	jpg	3081607	20220304_144007.jpg	lilith	PD-own
1000-lilith-photos-general/1005_general_la-pedrera-rooftop-terrace_l-eixample-barcelona-spain_s21u_iso50-f2p2_20220304-165729_4000x3000.jpg	1000-lilith-photos-general	general	1005	la-pedrera-rooftop-terrace	l-eixample-barcelona-spain	4000	3000	jpg	3123423	20220304_165729.jpg	lilith	PD-own
1000-lilith-photos-general/1006_general_church-steeple-among-trees_s21u_iso50-f1p8_20220304-182325_4000x3000.jpg	1000-lilith-photos-general	general	1006	church-steeple-among-trees		4000	3000	jpg	3446241	20220304_182325.jpg	lilith	PD-own
1000-lilith-photos-general/1007_general_street-building-with-trees_shinjuku-gyoen-national-garden-shinjuku_s23u_iso10-f1p7_20230702-090345_4000x3000.jpg	1000-lilith-photos-general	general	1007	street-building-with-trees	shinjuku-gyoen-national-garden-shinjuku	4000	3000	jpg	6349692	20230702_090345.jpg	lilith	PD-own
1000-lilith-photos-general/1008_general_city-view-through-window_tokyo-skytree-sumida_s23u_iso50-f2p2_20230706-142333_4000x3000.jpg	1000-lilith-photos-general	general	1008	city-view-through-window	tokyo-skytree-sumida	4000	3000	jpg	3670083	20230706_142333.jpg	lilith	PD-own
1000-lilith-photos-general/1009_general_aerial-cityscape_tokyo-skytree-sumida_s23u_iso50-f2p4_20230706-144950_4000x3000.jpg	1000-lilith-photos-general	general	1009	aerial-cityscape	tokyo-skytree-sumida	4000	3000	jpg	4681414	20230706_144950.jpg	lilith	PD-own
1000-lilith-photos-general/1010_general_floating-dock-on-lake_hakone-ekiden-museum-hakone_s23u_iso80-f4p9_20230707-172043_4000x3000.jpg	1000-lilith-photos-general	general	1010	floating-dock-on-lake	hakone-ekiden-museum-hakone	4000	3000	jpg	4712314	20230707_172043.jpg	lilith	PD-own
1000-lilith-photos-general/1011_general_city-street-at-night_s23u_iso80-f1p7_20230711-19230_4000x2252.jpg	1000-lilith-photos-general	general	1011	city-street-at-night		4000	2252	jpg	3048967	20230711_19230.jpg	lilith	PD-own
1000-lilith-photos-general/1012_general_spiky-crystal-display_seattle-center-seattle_s23u_iso1000-f1p7_20230727-173012_2190x3131.jpg	1000-lilith-photos-general	general	1012	spiky-crystal-display	seattle-center-seattle	2190	3131	jpg	987546	20230727_173012.jpg	lilith	PD-own
1000-lilith-photos-general/1013_general_colorful-glass-sculpture_seattle-center-seattle_s23u_iso800-f1p7_20230727-173318_4000x3000.jpg	1000-lilith-photos-general	general	1013	colorful-glass-sculpture	seattle-center-seattle	4000	3000	jpg	4163687	20230727_173318.jpg	lilith	PD-own
1000-lilith-photos-general/1014_general_colorful-glass-spheres_seattle-center-seattle_s23u_iso500-f1p7_20230727-173515_4000x3000.jpg	1000-lilith-photos-general	general	1014	colorful-glass-spheres	seattle-center-seattle	4000	3000	jpg	3633061	20230727_173515.jpg	lilith	PD-own
1000-lilith-photos-general/1015_general_colorful-glass-sculpture_seattle-center-seattle_s23u_iso400-f2p4_20230727-173537_4000x3000.jpg	1000-lilith-photos-general	general	1015	colorful-glass-sculpture	seattle-center-seattle	4000	3000	jpg	3583878	20230727_173537.jpg	lilith	PD-own
1000-lilith-photos-general/1016_general_hanging-glass-lamp_seattle-center-seattle_s23u_iso250-f1p7_20230727-173815_4000x2252.jpg	1000-lilith-photos-general	general	1016	hanging-glass-lamp	seattle-center-seattle	4000	2252	jpg	3424889	20230727_173815.jpg	lilith	PD-own
1000-lilith-photos-general/1017_general_abstract-sculpture-installation_seattle-center-seattle_s23u_iso500-f1p7_20230727-173843_4000x2252.jpg	1000-lilith-photos-general	general	1017	abstract-sculpture-installation	seattle-center-seattle	4000	2252	jpg	3232027	20230727_173843.jpg	lilith	PD-own
1000-lilith-photos-general/1018_general_hanging-glass-sculptures_seattle-center-seattle_s23u_iso50-f2p4_20230727-174134_4000x3000.jpg	1000-lilith-photos-general	general	1018	hanging-glass-sculptures	seattle-center-seattle	4000	3000	jpg	4536485	20230727_174134.jpg	lilith	PD-own
1000-lilith-photos-general/1019_general_tower-against-blue-sky_seattle-center-seattle_s23u_iso10-f1p7_20230727-174406_4000x3000.jpg	1000-lilith-photos-general	general	1019	tower-against-blue-sky	seattle-center-seattle	4000	3000	jpg	3018817	20230727_174406.jpg	lilith	PD-own
1000-lilith-photos-general/1020_general_space-needle-sculpture-garden_seattle-center-seattle_s23u_iso50-f2p2_20230727-174418_4000x3000.jpg	1000-lilith-photos-general	general	1020	space-needle-sculpture-garden	seattle-center-seattle	4000	3000	jpg	3914613	20230727_174418.jpg	lilith	PD-own
1000-lilith-photos-general/1021_general_sunset-cityscape-waterfront_seattle-center-seattle_s23u_iso50-f2p2_20230729-204147_4000x3000.jpg	1000-lilith-photos-general	general	1021	sunset-cityscape-waterfront	seattle-center-seattle	4000	3000	jpg	2955308	20230729_204147.jpg	lilith	PD-own
1000-lilith-photos-general/1022_general_thatched-roof-fence_azulik-city-arts-francisco-uh-may_s23u_iso50-f2p2_20230917-141034_4000x3000.jpg	1000-lilith-photos-general	general	1022	thatched-roof-fence	azulik-city-arts-francisco-uh-may	4000	3000	jpg	6075729	20230917_141034.jpg	lilith	PD-own
1000-lilith-photos-general/1023_general_outdoor-lounge-sofa_azulik-city-arts-francisco-uh-may_s23u_iso12-f1p7_20230917-152324_4000x3000.jpg	1000-lilith-photos-general	general	1023	outdoor-lounge-sofa	azulik-city-arts-francisco-uh-may	4000	3000	jpg	4311574	20230917_152324.jpg	lilith	PD-own
1000-lilith-photos-general/1024_general_outdoor-dining-table_azulik-city-arts-francisco-uh-may_s23u_iso100-f2p2_20230917-152718_4000x3000.jpg	1000-lilith-photos-general	general	1024	outdoor-dining-table	azulik-city-arts-francisco-uh-may	4000	3000	jpg	4464674	20230917_152718.jpg	lilith	PD-own
1000-lilith-photos-general/1025_general_restaurant-table-setting_placa-pedro-infante-valladolid_s23u_iso2000-f2p2_20230917-193017_4000x3000.jpg	1000-lilith-photos-general	general	1025	restaurant-table-setting	placa-pedro-infante-valladolid	4000	3000	jpg	3733374	20230917_193017.jpg	lilith	PD-own
1000-lilith-photos-general/1026_general_two-turtles-on-rock_hotel-zentik-project-valladolid_s23u_iso50-f4p9_20230918-105440_4000x3000.jpg	1000-lilith-photos-general	general	1026	two-turtles-on-rock	hotel-zentik-project-valladolid	4000	3000	jpg	4433854	20230918_105440.jpg	lilith	PD-own
1000-lilith-photos-general/1027_general_turtle-on-rock_hotel-zentik-project-valladolid_s23u_iso50-f4p9_20230918-105522_4000x2252.jpg	1000-lilith-photos-general	general	1027	turtle-on-rock	hotel-zentik-project-valladolid	4000	2252	jpg	3193407	20230918_105522.jpg	lilith	PD-own
1000-lilith-photos-general/1028_general_hands-holding-small-turtle_hotel-zentik-project-valladolid_s23u_iso25-f1p7_20230918-105607_4000x2252.jpg	1000-lilith-photos-general	general	1028	hands-holding-small-turtle	hotel-zentik-project-valladolid	4000	2252	jpg	2066539	20230918_105607.jpg	lilith	PD-own
1000-lilith-photos-general/1029_general_decorative-planter-bed_hotel-zentik-project-valladolid_s23u_iso80-f1p7_20230918-105926_4000x3000.jpg	1000-lilith-photos-general	general	1029	decorative-planter-bed	hotel-zentik-project-valladolid	4000	3000	jpg	5896959	20230918_105926.jpg	lilith	PD-own
1000-lilith-photos-general/1030_general_wooden-figure-planter_hotel-zentik-project-valladolid_s23u_iso200-f2p4_20230918-105951_4000x3000.jpg	1000-lilith-photos-general	general	1030	wooden-figure-planter	hotel-zentik-project-valladolid	4000	3000	jpg	2559144	20230918_105951.jpg	lilith	PD-own
1000-lilith-photos-general/1031_general_poolside-jungle-mural_fraccionamiento-jardines-de-oriente-valladolid-m_s23u_iso50-f2p4_20230918-110218_4000x3000.jpg	1000-lilith-photos-general	general	1031	poolside-jungle-mural	fraccionamiento-jardines-de-oriente-valladolid-m	4000	3000	jpg	3714594	20230918_110218.jpg	lilith	PD-own
1000-lilith-photos-general/1032_general_colorful-wall-mural_hotel-zentik-project-valladolid_s23u_iso20-f1p7_20230918-110521_4000x3000.jpg	1000-lilith-photos-general	general	1032	colorful-wall-mural	hotel-zentik-project-valladolid	4000	3000	jpg	4991108	20230918_110521.jpg	lilith	PD-own
1000-lilith-photos-general/1033_general_stone-tunnel-lights_placa-pedro-infante-valladolid_s23u_iso800-f1p7_20230918-111620_4000x3000.jpg	1000-lilith-photos-general	general	1033	stone-tunnel-lights	placa-pedro-infante-valladolid	4000	3000	jpg	4705621	20230918_111620.jpg	lilith	PD-own
1000-lilith-photos-general/1034_general_rainbow-painted-staircase_placa-pedro-infante-valladolid_s23u_iso50-f1p7_20230918-111645_2574x3432.jpg	1000-lilith-photos-general	general	1034	rainbow-painted-staircase	placa-pedro-infante-valladolid	2574	3432	jpg	1887128	20230918_111645.jpg	lilith	PD-own
1000-lilith-photos-general/1035_general_portrait-illustration_placa-pedro-infante-valladolid_s23u_iso32-f1p7_20230918-111959_4000x3000.jpg	1000-lilith-photos-general	general	1035	portrait-illustration	placa-pedro-infante-valladolid	4000	3000	jpg	4879313	20230918_111959.jpg	lilith	PD-own
1000-lilith-photos-general/1036_general_stone-temple-carvings_ek-balam_s23u_iso16-f1p7_20230918-152107_4000x3000.jpg	1000-lilith-photos-general	general	1036	stone-temple-carvings	ek-balam	4000	3000	jpg	5554871	20230918_152107.jpg	lilith	PD-own
1000-lilith-photos-general/1037_general_stone-carved-archway_ek-balam_s23u_iso64-f2p2_20230918-152337_4000x2252.jpg	1000-lilith-photos-general	general	1037	stone-carved-archway	ek-balam	4000	2252	jpg	2361372	20230918_152337.jpg	lilith	PD-own
1000-lilith-photos-general/1038_general_stone-building-entrance_ek-balam_s23u_iso20-f1p7_20230918-152619_4000x3000.jpg	1000-lilith-photos-general	general	1038	stone-building-entrance	ek-balam	4000	3000	jpg	3616080	20230918_152619.jpg	lilith	PD-own
1000-lilith-photos-general/1039_general_sun-over-forest_ek-balam_s23u_iso50-f2p2_20230918-160739_4000x3000.jpg	1000-lilith-photos-general	general	1039	sun-over-forest	ek-balam	4000	3000	jpg	3326714	20230918_160739.jpg	lilith	PD-own
1000-lilith-photos-general/1040_general_roller-coaster-ride_fuji-q-highland-fujikawaguchiko_s23u_iso50-f2p4_20231030-160417_4000x3000.jpg	1000-lilith-photos-general	general	1040	roller-coaster-ride	fuji-q-highland-fujikawaguchiko	4000	3000	jpg	3326330	20231030_160417.jpg	lilith	PD-own
1000-lilith-photos-general/1041_general_hydration-warning-sign_s23u_iso320-f2p2_20231105-152839_4000x3000.heic	1000-lilith-photos-general	general	1041	hydration-warning-sign		4000	3000	heic	1151745	20231105_152839.heic	lilith	PD-own
1000-lilith-photos-general/1042_general_dragon-fountain-statue_monument-inochi-kyoto_s23u_iso100-f1p7_20231107-111520_4000x3000.heic	1000-lilith-photos-general	general	1042	dragon-fountain-statue	monument-inochi-kyoto	4000	3000	heic	5125861	20231107_111520.heic	lilith	PD-own
1000-lilith-photos-general/1043_general_rows-of-flowering-plants_garden-fine-arts-kyoto_s23u_iso50-f2p4_20231107-134320_4000x3000.heic	1000-lilith-photos-general	general	1043	rows-of-flowering-plants	garden-fine-arts-kyoto	4000	3000	heic	4193488	20231107_134320.heic	lilith	PD-own
1000-lilith-photos-general/1044_general_sticker-covered-wall-panel_gljufrabui-rangarthing-eystra_s23u_iso125-f1p7_20231206-150232_4000x3000.heic	1000-lilith-photos-general	general	1044	sticker-covered-wall-panel	gljufrabui-rangarthing-eystra	4000	3000	heic	6586959	20231206_150232.heic	lilith	PD-own
1000-lilith-photos-general/1045_general_gemstones-in-wooden-bowls_tivoli-gardens-copenhagen_s23u_iso250-f1p7_20231212-185715_4000x3000.heic	1000-lilith-photos-general	general	1045	gemstones-in-wooden-bowls	tivoli-gardens-copenhagen	4000	3000	heic	2626049	20231212_185715.heic	lilith	PD-own
1000-lilith-photos-general/1046_general_canal-night-cityscape_memorial-anchor-copenhagen_s23u_iso800-f2p4_20231213-173257_4000x3000.heic	1000-lilith-photos-general	general	1046	canal-night-cityscape	memorial-anchor-copenhagen	4000	3000	heic	1593843	20231213_173257.heic	lilith	PD-own
1000-lilith-photos-general/1047_general_flowers-and-lit-candle_magasin-du-nord-museum-copenhagen_s23u_iso640-f2p4_20231213-182125_4000x3000.heic	1000-lilith-photos-general	general	1047	flowers-and-lit-candle	magasin-du-nord-museum-copenhagen	4000	3000	heic	2019281	20231213_182125.heic	lilith	PD-own
1000-lilith-photos-general/1048_general_people-snowboarding-in-snow_colorado_s23u_iso12-f1p7_20240325-104900_4000x3000.jpg	1000-lilith-photos-general	general	1048	people-snowboarding-in-snow	colorado	4000	3000	jpg	1730317	20240325_104900.jpg	lilith	PD-own
1000-lilith-photos-general/1049_general_river-bridge-cityscape_louvre-palace-paris_s23u_iso50-f4p9_20240425-154623_4000x3000.jpg	1000-lilith-photos-general	general	1049	river-bridge-cityscape	louvre-palace-paris	4000	3000	jpg	3307116	20240425_154623.jpg	lilith	PD-own
1000-lilith-photos-general/1050_general_riverside-walkway-and-river_louvre-palace-paris_s23u_iso50-f2p2_20240425-154625_4000x3000.jpg	1000-lilith-photos-general	general	1050	riverside-walkway-and-river	louvre-palace-paris	4000	3000	jpg	3573639	20240425_154625.jpg	lilith	PD-own
1000-lilith-photos-general/1051_general_people-in-rowboat_7th-arrondissement-paris-france_s23u_iso800-f1p7_20240425-184958_4000x3000.jpg	1000-lilith-photos-general	general	1051	people-in-rowboat	7th-arrondissement-paris-france	4000	3000	jpg	5838351	20240425_184958.jpg	lilith	PD-own
1000-lilith-photos-general/1052_general_framed-building-painting_museum-orsay-paris_s23u_iso500-f2p4_20240425-185701_4000x3000.jpg	1000-lilith-photos-general	general	1052	framed-building-painting	museum-orsay-paris	4000	3000	jpg	4228901	20240425_185701.jpg	lilith	PD-own
1000-lilith-photos-general/1053_general_statue-in-arched-alcove_louvre-palace-paris_s23u_iso500-f2p2_20240426-175831_4000x3000.jpg	1000-lilith-photos-general	general	1053	statue-in-arched-alcove	louvre-palace-paris	4000	3000	jpg	5202462	20240426_175831.jpg	lilith	PD-own
1000-lilith-photos-general/1054_general_modern-art-museum-exterior-paris_s23u_iso10-f1p7_20240427-165529_4000x3000.jpg	1000-lilith-photos-general	general	1054	modern-art-museum-exterior-paris		4000	3000	jpg	3682859	20240427_165529.jpg	lilith	PD-own
1000-lilith-photos-general/1055_general_bread-and-coffee-table_blue-lagoon-grindavik_s23u_iso50-f2p2_20240429-174632_4000x3000.jpg	1000-lilith-photos-general	general	1055	bread-and-coffee-table	blue-lagoon-grindavik	4000	3000	jpg	2347434	20240429_174632.jpg	lilith	PD-own
1000-lilith-photos-general/1056_general_flower-bouquet-and-cards_colorado_s23u_iso80-f2p4_20240505-172513_4000x3000.jpg	1000-lilith-photos-general	general	1056	flower-bouquet-and-cards	colorado	4000	3000	jpg	3436249	20240505_172513.jpg	lilith	PD-own
1000-lilith-photos-general/1057_general_dragon-statue-in-garden_placa-pedro-infante-valladolid_s23u_iso640-f1p7_20240528-210945_4000x3000.jpg	1000-lilith-photos-general	general	1057	dragon-statue-in-garden	placa-pedro-infante-valladolid	4000	3000	jpg	6213584	20240528_210945.jpg	lilith	PD-own
1000-lilith-photos-general/1058_general_balcony-building-facade_waikiki-beach-east-honolulu_s23u_iso25-f1p7_20241104-163816_4000x3000.jpg	1000-lilith-photos-general	general	1058	balcony-building-facade	waikiki-beach-east-honolulu	4000	3000	jpg	3477185	20241104_163816.jpg	lilith	PD-own
1000-lilith-photos-general/1059_general_colorful-sailboat-sails_waikiki-mlcd-east-honolulu_s23u_iso10-f1p7_20241112-171358_2841x3788.jpg	1000-lilith-photos-general	general	1059	colorful-sailboat-sails	waikiki-mlcd-east-honolulu	2841	3788	jpg	1491414	20241112_171358.jpg	lilith	PD-own
1000-lilith-photos-general/1060_general_tiered-floral-cake_colorado_s23u_iso125-f1p7_20250202-141907_4000x3000.jpg	1000-lilith-photos-general	general	1060	tiered-floral-cake	colorado	4000	3000	jpg	3314114	20250202_141907.jpg	lilith	PD-own
1000-lilith-photos-general/1061_general_city-skyline-at-dusk_tokyo-skytree-sumida_s23u_iso320-f2p4_20250228-174759_4000x3000.jpg	1000-lilith-photos-general	general	1061	city-skyline-at-dusk	tokyo-skytree-sumida	4000	3000	jpg	3844332	20250228_174759.jpg	lilith	PD-own
1000-lilith-photos-general/1062_general_boat-on-water_numazu-japan_s23u_iso50-f2p2_20250307-173047_4000x3000.jpg	1000-lilith-photos-general	general	1062	boat-on-water	numazu-japan	4000	3000	jpg	2732516	20250307_173047.jpg	lilith	PD-own
1000-lilith-photos-general/1063_general_uefi-bios-boot-menu_colorado_s23u_iso640-f1p7_20250416-033546_4000x2763.jpg	1000-lilith-photos-general	general	1063	uefi-bios-boot-menu	colorado	4000	2763	jpg	1607910	20250416_033546.jpg	lilith	PD-own
1000-lilith-photos-general/1064_general_castle-bridge-moat_montjuic-castle-barcelona_zfold7_iso40-f1p7_20260315-175347_4000x3000.jpg	1000-lilith-photos-general	general	1064	castle-bridge-moat	montjuic-castle-barcelona	4000	3000	jpg	4313594	20260315_175347.jpg	lilith	PD-own
1000-lilith-photos-general/1065_general_cathedral-model-workshop_sagrada-familia-barcelona_zfold7_iso64-f1p7_20260317-165822_4000x3000.jpg	1000-lilith-photos-general	general	1065	cathedral-model-workshop	sagrada-familia-barcelona	4000	3000	jpg	3485159	20260317_165822.jpg	lilith	PD-own
1000-lilith-photos-general/1066_general_stone-building-facade_park-guell-barcelona_zfold7_iso80-f1p7_20260318-172109_4000x3000.jpg	1000-lilith-photos-general	general	1066	stone-building-facade	park-guell-barcelona	4000	3000	jpg	5022234	20260318_172109.jpg	lilith	PD-own
1000-lilith-photos-general/1067_general_architectural-model-display_la-pedrera-barcelona_zfold7_iso500-f1p7_20260319-185645_4000x3000.jpg	1000-lilith-photos-general	general	1067	architectural-model-display	la-pedrera-barcelona	4000	3000	jpg	3214475	20260319_185645.jpg	lilith	PD-own
1000-lilith-photos-general/1068_general_glowing-blue-glass-sphere_house-eternal-return-meow-wolf-santa-fe_ip8plus_iso100-f1p8_img-7632_4032x3024.heic	1000-lilith-photos-general	general	1068	glowing-blue-glass-sphere	house-eternal-return-meow-wolf-santa-fe	4032	3024	heic	1428555	IMG_7632.HEIC	lilith	PD-own
1000-lilith-photos-general/1069_general_illuminated-castle-night_cinderella-castle-orange_ip13pro_iso500-f1p5_img-7653_2870x3827.heic	1000-lilith-photos-general	general	1069	illuminated-castle-night	cinderella-castle-orange	2870	3827	heic	672417	IMG_7653.HEIC	lilith	PD-own
1000-lilith-photos-general/1070_general_stone-temple-ruins_ip13pro_iso50-f1p5_img-8852_4032x3024.heic	1000-lilith-photos-general	general	1070	stone-temple-ruins		4032	3024	heic	4422564	IMG_8852.HEIC	lilith	PD-own
1000-lilith-photos-general/1071_general_illuminated-castle-night_flight-hippogriff-orlando_ip8plus_iso160-f1p8_img-9988_4032x3024.heic	1000-lilith-photos-general	general	1071	illuminated-castle-night	flight-hippogriff-orlando	4032	3024	heic	1369200	IMG_9988.HEIC	lilith	PD-own
1200-lilith-interiors/1200_interiors_reflective-egg-sculptures_s23u_iso10-f1p7_20230704-121114_4000x3000.jpg	1200-lilith-interiors	interiors	1200	reflective-egg-sculptures		4000	3000	jpg	4844485	20230704_121114.jpg	lilith	PD-own
1200-lilith-interiors/1201_interiors_bar-sign-outside-window_shinjuku-2-shinjuku-japan_s23u_iso12-f1p7_20230706-124619_4000x3000.jpg	1200-lilith-interiors	interiors	1201	bar-sign-outside-window	shinjuku-2-shinjuku-japan	4000	3000	jpg	4063102	20230706_124619.jpg	lilith	PD-own
1200-lilith-interiors/1202_interiors_abstract-textured-pattern_seattle-center-seattle_s23u_iso1000-f1p7_20230727-164305_4000x3000.jpg	1200-lilith-interiors	interiors	1202	abstract-textured-pattern	seattle-center-seattle	4000	3000	jpg	5159701	20230727_164305.jpg	lilith	PD-own
1200-lilith-interiors/1203_interiors_person-in-room_belltown-seattle-washington_s23u_iso800-f1p7_20230727-165257_4000x3000.jpg	1200-lilith-interiors	interiors	1203	person-in-room	belltown-seattle-washington	4000	3000	jpg	5304877	20230727_165257.jpg	lilith	PD-own
1200-lilith-interiors/1204_interiors_rustic-outdoor-dining-area_s23u_iso125-f2p2_20230915-124518_4000x3000.jpg	1200-lilith-interiors	interiors	1204	rustic-outdoor-dining-area		4000	3000	jpg	4864699	20230915_124518.jpg	lilith	PD-own
1200-lilith-interiors/1205_interiors_modern-living-room_tulum-mexico_s23u_iso160-f1p7_20230917-114545_4000x3000.jpg	1200-lilith-interiors	interiors	1205	modern-living-room	tulum-mexico	4000	3000	jpg	4720335	20230917_114545.jpg	lilith	PD-own
1200-lilith-interiors/1206_interiors_tree-like-sculpture-ceiling_azulik-city-arts-francisco-uh-may_s23u_iso80-f2p2_20230917-143302_4000x3000.jpg	1200-lilith-interiors	interiors	1206	tree-like-sculpture-ceiling	azulik-city-arts-francisco-uh-may	4000	3000	jpg	4959090	20230917_143302.jpg	lilith	PD-own
1200-lilith-interiors/1207_interiors_bedroom-with-bed_hotel-zentik-project-valladolid_s23u_iso1600-f1p7_20230917-183439_4000x3000.jpg	1200-lilith-interiors	interiors	1207	bedroom-with-bed	hotel-zentik-project-valladolid	4000	3000	jpg	3475998	20230917_183439.jpg	lilith	PD-own
1200-lilith-interiors/1208_interiors_woven-hammock-by-beach_hotel-zentik-project-valladolid_s23u_iso20-f1p7_20230918-110558_4000x3000.jpg	1200-lilith-interiors	interiors	1208	woven-hammock-by-beach	hotel-zentik-project-valladolid	4000	3000	jpg	4362148	20230918_110558.jpg	lilith	PD-own
1200-lilith-interiors/1209_interiors_traditional-tiled-roof-building_himeji-castle-himeji_s23u_iso64-f2p2_20231105-153905_4000x3000.heic	1200-lilith-interiors	interiors	1209	traditional-tiled-roof-building	himeji-castle-himeji	4000	3000	heic	2771348	20231105_153905.heic	lilith	PD-own
1200-lilith-interiors/1210_interiors_sunlit-living-room_square-du-temple-elie-wiesel-paris_s23u_iso100-f1p7_20240421-153756_4000x3000.jpg	1200-lilith-interiors	interiors	1210	sunlit-living-room	square-du-temple-elie-wiesel-paris	4000	3000	jpg	4567185	20240421_153756.jpg	lilith	PD-own
1200-lilith-interiors/1211_interiors_ornate-chandelier-ceiling_s23u_iso160-f2p4_20240423-192716_4000x3000.jpg	1200-lilith-interiors	interiors	1211	ornate-chandelier-ceiling		4000	3000	jpg	4801961	20240423_192716.jpg	lilith	PD-own
1200-lilith-interiors/1212_interiors_ornate-ceiling-mural_opera-garnier-paris_s23u_iso800-f1p7_20240423-220507_4000x3000.jpg	1200-lilith-interiors	interiors	1212	ornate-ceiling-mural	opera-garnier-paris	4000	3000	jpg	5197354	20240423_220507.jpg	lilith	PD-own
1200-lilith-interiors/1213_interiors_ornate-painted-ceiling_opera-garnier-paris_s23u_iso800-f2p4_20240423-220536_4000x3000.jpg	1200-lilith-interiors	interiors	1213	ornate-painted-ceiling	opera-garnier-paris	4000	3000	jpg	5277845	20240423_220536.jpg	lilith	PD-own
1200-lilith-interiors/1214_interiors_ornate-painted-ceiling_queen-s-grand-apartment-versailles_s23u_iso80-f2p2_20240424-123020_3000x3556.jpg	1200-lilith-interiors	interiors	1214	ornate-painted-ceiling	queen-s-grand-apartment-versailles	3000	3556	jpg	3926196	20240424_123020.jpg	lilith	PD-own
1200-lilith-interiors/1215_interiors_living-room-interior_square-du-temple-elie-wiesel-paris_s23u_iso25-f1p7_20240429-114925_4000x3000.jpg	1200-lilith-interiors	interiors	1215	living-room-interior	square-du-temple-elie-wiesel-paris	4000	3000	jpg	3709840	20240429_114925.jpg	lilith	PD-own
1200-lilith-interiors/1216_interiors_ornate-standing-mirror_square-du-temple-elie-wiesel-paris_s23u_iso200-f1p7_20240429-114934-1_4000x3000.jpg	1200-lilith-interiors	interiors	1216	ornate-standing-mirror	square-du-temple-elie-wiesel-paris	4000	3000	jpg	5523324	20240429_114934(1).jpg	lilith	PD-own
1200-lilith-interiors/1217_interiors_modern-lounge-seating-area_s23u_iso640-f1p7_20240429-231830_4000x3000.jpg	1200-lilith-interiors	interiors	1217	modern-lounge-seating-area		4000	3000	jpg	4739359	20240429_231830.jpg	lilith	PD-own
1200-lilith-interiors/1218_interiors_bathroom-sinks-mirror_las-5-calles-valladolid_s23u_iso320-f1p7_20240529-081045_3000x4000.jpg	1200-lilith-interiors	interiors	1218	bathroom-sinks-mirror	las-5-calles-valladolid	3000	4000	jpg	2371949	20240529_081045.jpg	lilith	PD-own
1200-lilith-interiors/1219_interiors_kitchen-dining-area_las-5-calles-valladolid_s23u_iso160-f1p7_20240529-081209_4000x3000.jpg	1200-lilith-interiors	interiors	1219	kitchen-dining-area	las-5-calles-valladolid	4000	3000	jpg	3219564	20240529_081209.jpg	lilith	PD-own
1200-lilith-interiors/1220_interiors_tree-covered-walkway_azulik-city-arts-francisco-uh-may_s23u_iso400-f2p2_20240601-153248_4000x3000.jpg	1200-lilith-interiors	interiors	1220	tree-covered-walkway	azulik-city-arts-francisco-uh-may	4000	3000	jpg	6269253	20240601_153248.jpg	lilith	PD-own
1200-lilith-interiors/1221_interiors_hotel-room-bed_hilton-waikiki-beach-east-honolulu_s23u_iso100-f1p7_20241107-134702_4000x3000.jpg	1200-lilith-interiors	interiors	1221	hotel-room-bed	hilton-waikiki-beach-east-honolulu	4000	3000	jpg	8596150	20241107_134702.jpg	lilith	PD-own
1200-lilith-interiors/1222_interiors_japanese-style-room_tatsuta-izu_s23u_iso320-f2p2_20250304-160906_4000x3000.jpg	1200-lilith-interiors	interiors	1222	japanese-style-room	tatsuta-izu	4000	3000	jpg	3628743	20250304_160906.jpg	lilith	PD-own
1200-lilith-interiors/1223_interiors_ocean-view-dining-room_monument-wakayama-bokusui-s-poem-shimoda_s23u_iso20-f1p7_20250306-090336_4000x3000.jpg	1200-lilith-interiors	interiors	1223	ocean-view-dining-room	monument-wakayama-bokusui-s-poem-shimoda	4000	3000	jpg	3447245	20250306_090336.jpg	lilith	PD-own
1200-lilith-interiors/1224_interiors_screened-porch-ocean-view_minamiizu-japan_s23u_iso16-f1p7_20250306-162953_4000x3000.jpg	1200-lilith-interiors	interiors	1224	screened-porch-ocean-view	minamiizu-japan	4000	3000	jpg	4449634	20250306_162953.jpg	lilith	PD-own
1200-lilith-interiors/1225_interiors_kitchen-appliances-overhead_minamiizu-japan_s23u_iso200-f1p7_20250307-112014_4000x3000.jpg	1200-lilith-interiors	interiors	1225	kitchen-appliances-overhead	minamiizu-japan	4000	3000	jpg	3862257	20250307_112014.jpg	lilith	PD-own
1200-lilith-interiors/1226_interiors_hotel-lobby-interior_mt-awashima-numazu_s23u_iso250-f2p2_20250307-195449_4000x3000.jpg	1200-lilith-interiors	interiors	1226	hotel-lobby-interior	mt-awashima-numazu	4000	3000	jpg	2254140	20250307_195449.jpg	lilith	PD-own
1200-lilith-interiors/1227_interiors_stained-glass-window_casa-batllo-barcelona_zfold7_iso1600-f1p7_20260315-205230_4000x3000.jpg	1200-lilith-interiors	interiors	1227	stained-glass-window	casa-batllo-barcelona	4000	3000	jpg	2901614	20260315_205230.jpg	lilith	PD-own
1200-lilith-interiors/1228_interiors_stained-glass-windows_casa-batllo-barcelona_zfold7_iso2500-f1p7_20260315-205328_4000x3000.jpg	1200-lilith-interiors	interiors	1228	stained-glass-windows	casa-batllo-barcelona	4000	3000	jpg	3809222	20260315_205328.jpg	lilith	PD-own
1200-lilith-interiors/1229_interiors_lighted-archway-ceiling_casa-batllo-barcelona_zfold7_iso1250-f1p7_20260315-210321_4000x3000.jpg	1200-lilith-interiors	interiors	1229	lighted-archway-ceiling	casa-batllo-barcelona	4000	3000	jpg	4656418	20260315_210321.jpg	lilith	PD-own
1200-lilith-interiors/1230_interiors_empty-tiled-pool_casa-batllo-barcelona_zfold7_iso640-f1p7_20260315-210432_4000x3000.jpg	1200-lilith-interiors	interiors	1230	empty-tiled-pool	casa-batllo-barcelona	4000	3000	jpg	2670281	20260315_210432.jpg	lilith	PD-own
1200-lilith-interiors/1231_interiors_tiled-arched-interior_casa-batllo-barcelona_zfold7_iso640-f2p2_20260315-211323_4000x2252.jpg	1200-lilith-interiors	interiors	1231	tiled-arched-interior	casa-batllo-barcelona	4000	2252	jpg	3660339	20260315_211323.jpg	lilith	PD-own
1200-lilith-interiors/1232_interiors_stained-glass-windows_sagrada-familia-barcelona_zfold7_iso400-f1p7_20260317-144409_4000x3000.jpg	1200-lilith-interiors	interiors	1232	stained-glass-windows	sagrada-familia-barcelona	4000	3000	jpg	3350289	20260317_144409.jpg	lilith	PD-own
1200-lilith-interiors/1233_interiors_cathedral-ceiling-interior_sagrada-familia-barcelona_zfold7_iso250-f2p2_20260317-151912_4000x3000.jpg	1200-lilith-interiors	interiors	1233	cathedral-ceiling-interior	sagrada-familia-barcelona	4000	3000	jpg	3870691	20260317_151912.jpg	lilith	PD-own
1200-lilith-interiors/1234_interiors_cathedral-ceiling-columns_sagrada-familia-barcelona_zfold7_iso400-f1p7_20260317-154023_4000x3000.jpg	1200-lilith-interiors	interiors	1234	cathedral-ceiling-columns	sagrada-familia-barcelona	4000	3000	jpg	2925004	20260317_154023.jpg	lilith	PD-own
1200-lilith-interiors/1235_interiors_floral-wall-mural_casa-vicens-barcelona_zfold7_iso1600-f1p7_20260319-165522_4000x3000.jpg	1200-lilith-interiors	interiors	1235	floral-wall-mural	casa-vicens-barcelona	4000	3000	jpg	4055812	20260319_165522.jpg	lilith	PD-own
1200-lilith-interiors/1236_interiors_ornate-arched-interior_casa-vicens-barcelona_zfold7_iso400-f2p2_20260319-165702_4000x3000.jpg	1200-lilith-interiors	interiors	1236	ornate-arched-interior	casa-vicens-barcelona	4000	3000	jpg	4520476	20260319_165702.jpg	lilith	PD-own
1200-lilith-interiors/1237_interiors_person-standing-by-window_casa-vicens-barcelona_zfold7_iso800-f2p2_20260319-170017_4000x3000.jpg	1200-lilith-interiors	interiors	1237	person-standing-by-window	casa-vicens-barcelona	4000	3000	jpg	4149957	20260319_170017.jpg	lilith	PD-own
1200-lilith-interiors/1238_interiors_open-doorway-interior_casa-vicens-barcelona_zfold7_iso250-f2p2_20260319-170237_4000x3000.jpg	1200-lilith-interiors	interiors	1238	open-doorway-interior	casa-vicens-barcelona	4000	3000	jpg	3459373	20260319_170237.jpg	lilith	PD-own
1200-lilith-interiors/1239_interiors_decorative-coffered-ceiling_casa-vicens-barcelona_zfold7_iso800-f2p2_20260319-170252_4000x3000.jpg	1200-lilith-interiors	interiors	1239	decorative-coffered-ceiling	casa-vicens-barcelona	4000	3000	jpg	4464688	20260319_170252.jpg	lilith	PD-own
1200-lilith-interiors/1240_interiors_bathroom-with-bathtub_casa-vicens-barcelona_zfold7_iso1000-f2p2_20260319-170336_4000x3000.jpg	1200-lilith-interiors	interiors	1240	bathroom-with-bathtub	casa-vicens-barcelona	4000	3000	jpg	2997534	20260319_170336.jpg	lilith	PD-own
1200-lilith-interiors/1241_interiors_living-room-sofa_la-pedrera-barcelona_zfold7_iso1000-f1p7_20260319-183640_4000x3000.jpg	1200-lilith-interiors	interiors	1241	living-room-sofa	la-pedrera-barcelona	4000	3000	jpg	2701382	20260319_183640.jpg	lilith	PD-own
1200-lilith-interiors/1242_interiors_storage-room-clutter_la-pedrera-barcelona_zfold7_iso640-f2p2_20260319-183704_4000x3000.jpg	1200-lilith-interiors	interiors	1242	storage-room-clutter	la-pedrera-barcelona	4000	3000	jpg	3306481	20260319_183704.jpg	lilith	PD-own
1200-lilith-interiors/1243_interiors_vintage-living-room_la-pedrera-barcelona_zfold7_iso400-f2p2_20260319-183921_4000x3000.jpg	1200-lilith-interiors	interiors	1243	vintage-living-room	la-pedrera-barcelona	4000	3000	jpg	2713277	20260319_183921.jpg	lilith	PD-own
1200-lilith-interiors/1244_interiors_painted-ceiling-columns_la-pedrera-barcelona_zfold7_iso800-f1p7_20260319-194130_4000x3000.jpg	1200-lilith-interiors	interiors	1244	painted-ceiling-columns	la-pedrera-barcelona	4000	3000	jpg	3217174	20260319_194130.jpg	lilith	PD-own
1200-lilith-interiors/1245_interiors_circular-building-interior_la-pedrera-barcelona_zfold7_iso1000-f2p2_20260319-194139_4000x3000.jpg	1200-lilith-interiors	interiors	1245	circular-building-interior	la-pedrera-barcelona	4000	3000	jpg	3477025	20260319_194139.jpg	lilith	PD-own
1200-lilith-interiors/1246_interiors_woven-roof-structure_azulik-city-arts-francisco-uh-may_ip13pro_iso32-f1p8_img-8944_4032x3024.heic	1200-lilith-interiors	interiors	1246	woven-roof-structure	azulik-city-arts-francisco-uh-may	4032	3024	heic	3108734	IMG_8944.HEIC	lilith	PD-own
1200-lilith-interiors/1247_interiors_hotel-lobby-interior_screenshot-20260526-073738-photos_1966x1527.png	1200-lilith-interiors	interiors	1247	hotel-lobby-interior		1966	1527	png	4109721	Screenshot_20260526_073738_Photos.png	lilith	PD-own
1200-lilith-interiors/1248_interiors_stone-staircase-tunnel_screenshot-20260526-075919-gallery_1638x2116.png	1200-lilith-interiors	interiors	1248	stone-staircase-tunnel		1638	2116	png	5472442	Screenshot_20260526_075919_Gallery.png	lilith	PD-own
1400-lilith-nature/1400_nature_snowy-mountain-landscape_colorado_s10_iso50-f2p2_20200226-105616_4608x3456.jpg	1400-lilith-nature	nature	1400	snowy-mountain-landscape	colorado	4608	3456	jpg	1758514	20200226_105616.jpg	lilith	PD-own
1400-lilith-nature/1401_nature_dolphin-in-ocean_ala-moana-east-honolulu-hawaii_s21u_iso50-f2p4_20210605-072339_4000x3000.jpg	1400-lilith-nature	nature	1401	dolphin-in-ocean	ala-moana-east-honolulu-hawaii	4000	3000	jpg	4020799	20210605_072339.jpg	lilith	PD-own
1400-lilith-nature/1402_nature_rocky-ocean-coast_spitting-caves-east-honolulu_s21u_iso16-f1p8_20210605-110609_4000x3000.jpg	1400-lilith-nature	nature	1402	rocky-ocean-coast	spitting-caves-east-honolulu	4000	3000	jpg	4560021	20210605_110609.jpg	lilith	PD-own
1400-lilith-nature/1403_nature_large-tree-canopy_honolulu-zoo-east-honolulu_s21u_iso50-f2p2_20210605-154933-3_4000x3000.jpg	1400-lilith-nature	nature	1403	large-tree-canopy	honolulu-zoo-east-honolulu	4000	3000	jpg	4260991	20210605_154933~3.jpg	lilith	PD-own
1400-lilith-nature/1404_nature_palm-trees-sunset_ka-anapali-beach-kaanapali_s21u_iso16-f1p8_20210607-180007_4000x3000.jpg	1400-lilith-nature	nature	1404	palm-trees-sunset	ka-anapali-beach-kaanapali	4000	3000	jpg	3655292	20210607_180007.jpg	lilith	PD-own
1400-lilith-nature/1405_nature_sea-cave-waves_keawaiki-bay-hana_s21u_iso16-f1p8_20210608-123424_4000x3000.jpg	1400-lilith-nature	nature	1405	sea-cave-waves	keawaiki-bay-hana	4000	3000	jpg	5979031	20210608_123424.jpg	lilith	PD-own
1400-lilith-nature/1406_nature_tropical-coastline-bay_waianapanapa-state-park-hana_s21u_iso50-f2p2_20210608-132330_4000x2252.jpg	1400-lilith-nature	nature	1406	tropical-coastline-bay	waianapanapa-state-park-hana	4000	2252	jpg	2951106	20210608_132330.jpg	lilith	PD-own
1400-lilith-nature/1407_nature_rocky-coastline-ocean_20210608-132404-2_8160x6120.jpg	1400-lilith-nature	nature	1407	rocky-coastline-ocean		8160	6120	jpg	10246643	20210608_132404~2.jpg	lilith	PD-own
1400-lilith-nature/1408_nature_coastal-cliff-road_maui-hawaii_s21u_iso16-f1p8_20210608-162813_4000x3000.jpg	1400-lilith-nature	nature	1408	coastal-cliff-road	maui-hawaii	4000	3000	jpg	4593010	20210608_162813.jpg	lilith	PD-own
1400-lilith-nature/1409_nature_rainbow-over-landscape_maui-hawaii_s21u_iso16-f1p8_20210608-165509_4000x3000.jpg	1400-lilith-nature	nature	1409	rainbow-over-landscape	maui-hawaii	4000	3000	jpg	4071241	20210608_165509.jpg	lilith	PD-own
1400-lilith-nature/1410_nature_coastal-road-view_maui-hawaii_s21u_iso50-f2p4_20210608-170946_4000x3000.jpg	1400-lilith-nature	nature	1410	coastal-road-view	maui-hawaii	4000	3000	jpg	3225933	20210608_170946.jpg	lilith	PD-own
1400-lilith-nature/1411_nature_cow-on-coastal-hill_pakowai-maui_s21u_iso50-f2p4_20210608-171206_4000x3000.jpg	1400-lilith-nature	nature	1411	cow-on-coastal-hill	pakowai-maui	4000	3000	jpg	3120345	20210608_171206.jpg	lilith	PD-own
1400-lilith-nature/1412_nature_mountain-stream-forest_s21u_iso50-f2p4_20210707-140102_4000x3000.jpg	1400-lilith-nature	nature	1412	mountain-stream-forest		4000	3000	jpg	3943627	20210707_140102.jpg	lilith	PD-own
1400-lilith-nature/1413_nature_mountain-landscape-clouds_colorado_s21u_iso50-f2p2_20210707-143408_4000x3000.jpg	1400-lilith-nature	nature	1413	mountain-landscape-clouds	colorado	4000	3000	jpg	4551162	20210707_143408.jpg	lilith	PD-own
1400-lilith-nature/1414_nature_forest-lake-landscape_mason-washington_s21u_iso50-f2p2_20220616-102219_4000x3000.jpg	1400-lilith-nature	nature	1414	forest-lake-landscape	mason-washington	4000	3000	jpg	4542294	20220616_102219.jpg	lilith	PD-own
1400-lilith-nature/1415_nature_tropical-coastline-view_kee-beach-kauai_s21u_iso16-f1p8_20221001-133315-1_12000x9000.jpg	1400-lilith-nature	nature	1415	tropical-coastline-view	kee-beach-kauai	12000	9000	jpg	27033147	20221001_133315 (1).jpg	lilith	PD-own
1400-lilith-nature/1416_nature_ocean-sunset-silhouette_keauhou-kahaluu-heritage-center-kahaluu-keauhou_s21u_iso50-f4p9_20221031-174022_4000x3000.jpg	1400-lilith-nature	nature	1416	ocean-sunset-silhouette	keauhou-kahaluu-heritage-center-kahaluu-keauhou	4000	3000	jpg	3229323	20221031_174022.jpg	lilith	PD-own
1400-lilith-nature/1417_nature_person-snowboarding-downhill_colorado_s21u_iso50-f2p2_20230129-121215_4000x3000.jpg	1400-lilith-nature	nature	1417	person-snowboarding-downhill	colorado	4000	3000	jpg	2293426	20230129_121215.jpg	lilith	PD-own
1400-lilith-nature/1418_nature_pink-flower-bush_colorado_s23u_iso50-f2p4_20230627-154802_4000x3000.jpg	1400-lilith-nature	nature	1418	pink-flower-bush	colorado	4000	3000	jpg	4360771	20230627_154802.jpg	lilith	PD-own
1400-lilith-nature/1419_nature_red-flower-leaves_shinjuku-gyoen-national-garden-shinjuku_s23u_iso50-f4p9_20230702-113738_4000x3000.jpg	1400-lilith-nature	nature	1419	red-flower-leaves	shinjuku-gyoen-national-garden-shinjuku	4000	3000	jpg	3345943	20230702_113738.jpg	lilith	PD-own
1400-lilith-nature/1420_nature_red-flower-plant_shinjuku-gyoen-national-garden-shinjuku_s23u_iso200-f4p9_20230702-113825_4000x3000.jpg	1400-lilith-nature	nature	1420	red-flower-plant	shinjuku-gyoen-national-garden-shinjuku	4000	3000	jpg	3258848	20230702_113825.jpg	lilith	PD-own
1400-lilith-nature/1421_nature_potted-orchids-table_shinjuku-gyoen-national-garden-shinjuku_s23u_iso16-f1p7_20230702-114223_4000x3000.jpg	1400-lilith-nature	nature	1421	potted-orchids-table	shinjuku-gyoen-national-garden-shinjuku	4000	3000	jpg	4235866	20230702_114223.jpg	lilith	PD-own
1400-lilith-nature/1422_nature_pink-orchid-flowers_s23u_iso125-f4p9_20230704-122020_4000x3000.jpg	1400-lilith-nature	nature	1422	pink-orchid-flowers		4000	3000	jpg	3748468	20230704_122020.jpg	lilith	PD-own
1400-lilith-nature/1423_nature_stone-steps-garden_ninna-temple-kyoto_s23u_iso50-f1p7_20230710-141257_4000x3000.jpg	1400-lilith-nature	nature	1423	stone-steps-garden	ninna-temple-kyoto	4000	3000	jpg	8094208	20230710_141257.jpg	lilith	PD-own
1400-lilith-nature/1424_nature_orchid-on-tree-bark_fraccionamiento-jardines-de-oriente-valladolid-m_s23u_iso125-f2p4_20230918-110655_4000x3000.jpg	1400-lilith-nature	nature	1424	orchid-on-tree-bark	fraccionamiento-jardines-de-oriente-valladolid-m	4000	3000	jpg	3774098	20230918_110655.jpg	lilith	PD-own
1400-lilith-nature/1425_nature_cloudy-sky_fujikawaguchiko-japan_s23u_iso50-f4p9_20231101-072553_4000x3000.jpg	1400-lilith-nature	nature	1425	cloudy-sky	fujikawaguchiko-japan	4000	3000	jpg	1882241	20231101_072553.jpg	lilith	PD-own
1400-lilith-nature/1426_nature_mountain-over-lake_kawaguchiko-music-forest-fujikawaguchiko_s23u_iso50-f2p4_20231101-103646_4000x3000.jpg	1400-lilith-nature	nature	1426	mountain-over-lake	kawaguchiko-music-forest-fujikawaguchiko	4000	3000	jpg	3338434	20231101_103646.jpg	lilith	PD-own
1400-lilith-nature/1427_nature_bee-on-pink-flower_monument-inochi-kyoto_s23u_iso64-f4p9_20231107-111746_4000x3000.heic	1400-lilith-nature	nature	1427	bee-on-pink-flower	monument-inochi-kyoto	4000	3000	heic	2869215	20231107_111746.heic	lilith	PD-own
1400-lilith-nature/1428_nature_red-flower-cluster_shimogamo-hangicho-kyoto-japan_s23u_iso50-f4p9_20231107-135711_4000x3000.heic	1400-lilith-nature	nature	1428	red-flower-cluster	shimogamo-hangicho-kyoto-japan	4000	3000	heic	1854750	20231107_135711.heic	lilith	PD-own
1400-lilith-nature/1429_nature_red-rose-flower_kyoto-botanical-garden-kyoto_s23u_iso50-f2p4_20231107-140027_4000x3000.heic	1400-lilith-nature	nature	1429	red-rose-flower	kyoto-botanical-garden-kyoto	4000	3000	heic	2742951	20231107_140027.heic	lilith	PD-own
1400-lilith-nature/1430_nature_pink-rose-flower_kyoto-botanical-garden-kyoto_s23u_iso10-f1p7_20231107-140117_4000x3000.heic	1400-lilith-nature	nature	1430	pink-rose-flower	kyoto-botanical-garden-kyoto	4000	3000	heic	1687564	20231107_140117.heic	lilith	PD-own
1400-lilith-nature/1431_nature_pink-rose-flower_kyoto-botanical-garden-kyoto_s23u_iso50-f4p9_20231107-140207_4000x3000.heic	1400-lilith-nature	nature	1431	pink-rose-flower	kyoto-botanical-garden-kyoto	4000	3000	heic	1530942	20231107_140207.heic	lilith	PD-own
1400-lilith-nature/1432_nature_pink-rose-flower_kyoto-botanical-garden-kyoto_s23u_iso50-f2p4_20231107-140705_4000x3000.jpg	1400-lilith-nature	nature	1432	pink-rose-flower	kyoto-botanical-garden-kyoto	4000	3000	jpg	8022557	20231107_140705.jpg	lilith	PD-own
1400-lilith-nature/1433_nature_purple-water-lily_kyoto-botanical-garden-kyoto_s23u_iso80-f4p9_20231107-142537_4000x3000.heic	1400-lilith-nature	nature	1433	purple-water-lily	kyoto-botanical-garden-kyoto	4000	3000	heic	1640043	20231107_142537.heic	lilith	PD-own
1400-lilith-nature/1434_nature_purple-water-lily_kyoto-botanical-garden-kyoto_s23u_iso80-f2p4_20231107-142619_4000x3000.heic	1400-lilith-nature	nature	1434	purple-water-lily	kyoto-botanical-garden-kyoto	4000	3000	heic	1082812	20231107_142619.heic	lilith	PD-own
1400-lilith-nature/1435_nature_pandanus-fruit-closeup_kyoto-botanical-garden-kyoto_s23u_iso250-f2p4_20231107-142912_4000x3000.heic	1400-lilith-nature	nature	1435	pandanus-fruit-closeup	kyoto-botanical-garden-kyoto	4000	3000	heic	2590091	20231107_142912.heic	lilith	PD-own
1400-lilith-nature/1436_nature_red-flower-cluster_kyoto-botanical-garden-kyoto_s23u_iso160-f2p4_20231107-143500_4000x3000.heic	1400-lilith-nature	nature	1436	red-flower-cluster	kyoto-botanical-garden-kyoto	4000	3000	heic	1928414	20231107_143500.heic	lilith	PD-own
1400-lilith-nature/1437_nature_potted-orchid-closeup_kyoto-botanical-garden-kyoto_s23u_iso100-f4p9_20231107-143832_4000x3000.heic	1400-lilith-nature	nature	1437	potted-orchid-closeup	kyoto-botanical-garden-kyoto	4000	3000	heic	2088382	20231107_143832.heic	lilith	PD-own
1400-lilith-nature/1438_nature_orange-flowers-closeup_kyoto-botanical-garden-kyoto_s23u_iso200-f4p9_20231107-143950_4000x3000.heic	1400-lilith-nature	nature	1438	orange-flowers-closeup	kyoto-botanical-garden-kyoto	4000	3000	heic	1851950	20231107_143950.heic	lilith	PD-own
1400-lilith-nature/1439_nature_potted-purple-orchid_kyoto-botanical-garden-kyoto_s23u_iso200-f2p4_20231107-145307_4000x3000.heic	1400-lilith-nature	nature	1439	potted-purple-orchid	kyoto-botanical-garden-kyoto	4000	3000	heic	2286604	20231107_145307.heic	lilith	PD-own
1400-lilith-nature/1440_nature_monkeys-on-tree-branch_monkey-park-iwatayama-kyoto_s23u_iso50-f4p9_20231108-134707_4000x3000.heic	1400-lilith-nature	nature	1440	monkeys-on-tree-branch	monkey-park-iwatayama-kyoto	4000	3000	heic	2699024	20231108_134707.heic	lilith	PD-own
1400-lilith-nature/1441_nature_monkey-on-roof_monkey-park-iwatayama-kyoto_s23u_iso50-f4p9_20231108-135953-001_4000x3000.jpg	1400-lilith-nature	nature	1441	monkey-on-roof	monkey-park-iwatayama-kyoto	4000	3000	jpg	3817335	20231108_135953_001.jpg	lilith	PD-own
1400-lilith-nature/1442_nature_airplane-wing-aurora_s23u_iso800-f1p7_20231204-222129_4000x3000.jpg	1400-lilith-nature	nature	1442	airplane-wing-aurora		4000	3000	jpg	837135	20231204_222129.jpg	lilith	PD-own
1400-lilith-nature/1443_nature_northern-lights-over-mountains_oskjuhlid-reykjavik_s23u_iso800-f1p7_20231205-111212_4000x3000.heic	1400-lilith-nature	nature	1443	northern-lights-over-mountains	oskjuhlid-reykjavik	4000	3000	heic	1548947	20231205_111212.heic	lilith	PD-own
1400-lilith-nature/1444_nature_aurora-night-sky_landhotel-rangarthing-ytra_s23u_iso800-f1p7_20231205-231136_4000x3000.dng	1400-lilith-nature	nature	1444	aurora-night-sky	landhotel-rangarthing-ytra	4000	3000	dng	18776209	20231205_231136.dng	lilith	PD-own
1400-lilith-nature/1445_nature_waterfall-on-cliff_rangarthing-eystra-iceland_s23u_iso320-f1p7_20231206-154234_4000x3000.jpg	1400-lilith-nature	nature	1445	waterfall-on-cliff	rangarthing-eystra-iceland	4000	3000	jpg	6080888	20231206_154234.jpg	lilith	PD-own
1400-lilith-nature/1446_nature_icy-coastal-landscape_hornafjordur-iceland_s23u_iso20-f1p7_20231207-114310_4000x1868.heic	1400-lilith-nature	nature	1446	icy-coastal-landscape	hornafjordur-iceland	4000	1868	heic	1409665	20231207_114310.heic	lilith	PD-own
1400-lilith-nature/1447_nature_glacier-ice-formations_hornafjordur-iceland_s23u_iso50-f1p7_20231207-114532_4000x1868.heic	1400-lilith-nature	nature	1447	glacier-ice-formations	hornafjordur-iceland	4000	1868	heic	2101274	20231207_114532.heic	lilith	PD-own
1400-lilith-nature/1448_nature_snow-on-ice_hornafjordur-iceland_s23u_iso200-f1p7_20231207-115005_4000x1868.heic	1400-lilith-nature	nature	1448	snow-on-ice	hornafjordur-iceland	4000	1868	heic	2007751	20231207_115005.heic	lilith	PD-own
1400-lilith-nature/1449_nature_glacier-mountain-landscape_hornafjordur-iceland_s23u_iso12-f1p7_20231207-130740_16320x7612.heic	1400-lilith-nature	nature	1449	glacier-mountain-landscape	hornafjordur-iceland	16320	7612	heic	11476784	20231207_130740.heic	lilith	PD-own
1400-lilith-nature/1450_nature_icebergs-in-lagoon_hornafjordur-iceland_s23u_iso500-f1p7_20231207-153457_4000x1868.heic	1400-lilith-nature	nature	1450	icebergs-in-lagoon	hornafjordur-iceland	4000	1868	heic	1368810	20231207_153457.heic	lilith	PD-own
1400-lilith-nature/1451_nature_icebergs-on-lake_hornafjordur-iceland_s23u_20231207-154044-pano_3609x3394.jpg	1400-lilith-nature	nature	1451	icebergs-on-lake	hornafjordur-iceland	3609	3394	jpg	1739142	20231207_154044-PANO.jpg	lilith	PD-own
1400-lilith-nature/1452_nature_ice-strewn-beach_diamond-beach-hornafjordur_s23u_iso1600-f1p7_20231207-161801_4000x1868.heic	1400-lilith-nature	nature	1452	ice-strewn-beach	diamond-beach-hornafjordur	4000	1868	heic	719903	20231207_161801.heic	lilith	PD-own
1400-lilith-nature/1453_nature_basalt-column-cliff_reynisfjara-beach-myrdalshreppur_s23u_iso64-f1p7_20231209-113914_4000x3000.heic	1400-lilith-nature	nature	1453	basalt-column-cliff	reynisfjara-beach-myrdalshreppur	4000	3000	heic	2894463	20231209_113914.heic	lilith	PD-own
1400-lilith-nature/1454_nature_coastal-sunset-reflection_myrdalshreppur-iceland_s23u_iso10-f1p7_20231209-121716_8160x6120.heic	1400-lilith-nature	nature	1454	coastal-sunset-reflection	myrdalshreppur-iceland	8160	6120	heic	1972050	20231209_121716.heic	lilith	PD-own
1400-lilith-nature/1455_nature_lighthouse-on-hillside_dyrholaey-lighthouse-myrdalshreppur_s23u_iso10-f1p7_20231209-123918_8160x6120.dng	1400-lilith-nature	nature	1455	lighthouse-on-hillside	dyrholaey-lighthouse-myrdalshreppur	8160	6120	dng	124618597	20231209_123918.dng	lilith	PD-own
1400-lilith-nature/1456_nature_frozen-waterfall-landscape_gullfoss-falls-blaskogabyggd_s23u_iso125-f2p4_20231209-152815_4000x3000.heic	1400-lilith-nature	nature	1456	frozen-waterfall-landscape	gullfoss-falls-blaskogabyggd	4000	3000	heic	2151197	20231209_152815.heic	lilith	PD-own
1400-lilith-nature/1457_nature_rocky-coastal-landscape_thingvellir-exhibition-heart-iceland-blaskogabyggd_s23u_iso32-f1p7_20231210-113549_4000x3000.heic	1400-lilith-nature	nature	1457	rocky-coastal-landscape	thingvellir-exhibition-heart-iceland-blaskogabyggd	4000	3000	heic	3863764	20231210_113549.heic	lilith	PD-own
1400-lilith-nature/1458_nature_rocky-coastline-sunset_blaskogabyggd-iceland_s23u_iso12-f1p7_20231210-113947_8160x6120.dng	1400-lilith-nature	nature	1458	rocky-coastline-sunset	blaskogabyggd-iceland	8160	6120	dng	132936297	20231210_113947.dng	lilith	PD-own
1400-lilith-nature/1459_nature_person-on-snowy-slope_colorado_s23u_iso10-f1p7_20240103-131940-0_4000x3000.jpg	1400-lilith-nature	nature	1459	person-on-snowy-slope	colorado	4000	3000	jpg	4700323	20240103_131940(0).jpg	lilith	PD-own
1400-lilith-nature/1460_nature_tropical-flower-cluster_cahuita-costa-rica_s23u_iso1000-f1p7_20240211-170302_4000x3000.jpg	1400-lilith-nature	nature	1460	tropical-flower-cluster	cahuita-costa-rica	4000	3000	jpg	4863303	20240211_170302.jpg	lilith	PD-own
1400-lilith-nature/1461_nature_aerial-coastline-clouds_iceland_s23u_iso10-f1p7_20240421-074547_4000x3000.jpg	1400-lilith-nature	nature	1461	aerial-coastline-clouds	iceland	4000	3000	jpg	2959463	20240421_074547.jpg	lilith	PD-own
1400-lilith-nature/1462_nature_clouds-from-above_iceland_s23u_iso10-f1p7_20240421-074801_4000x3000.jpg	1400-lilith-nature	nature	1462	clouds-from-above	iceland	4000	3000	jpg	3555707	20240421_074801.jpg	lilith	PD-own
1400-lilith-nature/1463_nature_wooden-bridge-over-river_temple-de-l-amour-versailles_s23u_iso10-f1p7_20240424-164457_4000x3000.jpg	1400-lilith-nature	nature	1463	wooden-bridge-over-river	temple-de-l-amour-versailles	4000	3000	jpg	4805843	20240424_164457.jpg	lilith	PD-own
1400-lilith-nature/1464_nature_flower-bed-by-pond_grotte-versailles_s23u_iso200-f4p9_20240424-182412_4000x3000.jpg	1400-lilith-nature	nature	1464	flower-bed-by-pond	grotte-versailles	4000	3000	jpg	4123780	20240424_182412.jpg	lilith	PD-own
1400-lilith-nature/1465_nature_formal-garden-pathway_notre-dame-versailles-france_s23u_iso50-f2p4_20240424-183031_4000x3000.jpg	1400-lilith-nature	nature	1465	formal-garden-pathway	notre-dame-versailles-france	4000	3000	jpg	4840241	20240424_183031.jpg	lilith	PD-own
1400-lilith-nature/1466_nature_sun-glare-on-water_blue-lagoon-grindavik_s23u_iso10-f1p7_20240429-202505_4000x3000.jpg	1400-lilith-nature	nature	1466	sun-glare-on-water	blue-lagoon-grindavik	4000	3000	jpg	2674271	20240429_202505.jpg	lilith	PD-own
1400-lilith-nature/1467_nature_riverside-walkway-cliff_cenote-x-canche-ek-balam_s23u_iso10-f1p7_20240529-130630_4000x3000.jpg	1400-lilith-nature	nature	1467	riverside-walkway-cliff	cenote-x-canche-ek-balam	4000	3000	jpg	4807531	20240529_130630.jpg	lilith	PD-own
1400-lilith-nature/1468_nature_sun-behind-clouds_phippsburg-maine_s23u_iso10-f1p7_20240913-140504_4000x3000.jpg	1400-lilith-nature	nature	1468	sun-behind-clouds	phippsburg-maine	4000	3000	jpg	3551698	20240913_140504.jpg	lilith	PD-own
1400-lilith-nature/1469_nature_beach-sunset-sailboats_waikiki-east-honolulu-hawaii_s23u_iso10-f1p7_20241106-173958_4000x3000.jpg	1400-lilith-nature	nature	1469	beach-sunset-sailboats	waikiki-east-honolulu-hawaii	4000	3000	jpg	3664230	20241106_173958.jpg	lilith	PD-own
1400-lilith-nature/1470_nature_sunset-over-water_waikiki-east-honolulu-hawaii_s23u_iso50-f4p9_20241106-175105_4000x3000.jpg	1400-lilith-nature	nature	1470	sunset-over-water	waikiki-east-honolulu-hawaii	4000	3000	jpg	6330931	20241106_175105.jpg	lilith	PD-own
1400-lilith-nature/1471_nature_ocean-sunset-coastline_haleiwa-waialua-hawaii_s23u_iso50-f2p4_20241110-174752_4000x3000.jpg	1400-lilith-nature	nature	1471	ocean-sunset-coastline	haleiwa-waialua-hawaii	4000	3000	jpg	3997794	20241110_174752.jpg	lilith	PD-own
1400-lilith-nature/1472_nature_sunset-over-parking-lot_colorado_s23u_iso25-f1p7_20241220-165246_4000x3000.jpg	1400-lilith-nature	nature	1472	sunset-over-parking-lot	colorado	4000	3000	jpg	2928693	20241220_165246.jpg	lilith	PD-own
1400-lilith-nature/1473_nature_orange-tree-branches_kawazu-japan_s23u_iso16-f1p7_20250305-153750_4000x3000.jpg	1400-lilith-nature	nature	1473	orange-tree-branches	kawazu-japan	4000	3000	jpg	5055041	20250305_153750.jpg	lilith	PD-own
1400-lilith-nature/1474_nature_sunset-over-water_minamiizu-japan_s23u_iso50-f2p4_20250306-174348_4000x3000.jpg	1400-lilith-nature	nature	1474	sunset-over-water	minamiizu-japan	4000	3000	jpg	4501548	20250306_174348.jpg	lilith	PD-own
1400-lilith-nature/1475_nature_tree-silhouette-sunset-coast_minamiizu-japan_s23u_iso50-f2p2_20250306-174456_4000x3000.jpg	1400-lilith-nature	nature	1475	tree-silhouette-sunset-coast	minamiizu-japan	4000	3000	jpg	4572249	20250306_174456.jpg	lilith	PD-own
1400-lilith-nature/1476_nature_ocean-sunset-horizon_minamiizu-japan_s23u_iso125-f4p9_20250306-174535_4000x3000.jpg	1400-lilith-nature	nature	1476	ocean-sunset-horizon	minamiizu-japan	4000	3000	jpg	2819957	20250306_174535.jpg	lilith	PD-own
1400-lilith-nature/1477_nature_ocean-sunset-sky_minamiizu-japan_s23u_iso125-f4p9_20250306-174712_4000x3000.jpg	1400-lilith-nature	nature	1477	ocean-sunset-sky	minamiizu-japan	4000	3000	jpg	3850775	20250306_174712.jpg	lilith	PD-own
1400-lilith-nature/1478_nature_tree-branches-ocean-horizon_minamiizu-japan_s23u_iso80-f2p2_20250306-174732_4000x3000.jpg	1400-lilith-nature	nature	1478	tree-branches-ocean-horizon	minamiizu-japan	4000	3000	jpg	3879412	20250306_174732.jpg	lilith	PD-own
1400-lilith-nature/1479_nature_blossoming-tree-overlook_minamiizu-japan_s23u_iso10-f1p7_20250307-113455_4000x3000.jpg	1400-lilith-nature	nature	1479	blossoming-tree-overlook	minamiizu-japan	4000	3000	jpg	5836798	20250307_113455.jpg	lilith	PD-own
1400-lilith-nature/1480_nature_snowcapped-mountain-seascape_kumomi-matsuzaki-japan_s23u_iso50-f4p9_20250307-122938_4000x3000.jpg	1400-lilith-nature	nature	1480	snowcapped-mountain-seascape	kumomi-matsuzaki-japan	4000	3000	jpg	2254233	20250307_122938.jpg	lilith	PD-own
1400-lilith-nature/1481_nature_rock-arch-seascape_kumomi-matsuzaki-japan_s23u_iso50-f4p9_20250307-124034_4000x3000.jpg	1400-lilith-nature	nature	1481	rock-arch-seascape	kumomi-matsuzaki-japan	4000	3000	jpg	3760011	20250307_124034.jpg	lilith	PD-own
1400-lilith-nature/1482_nature_snowcapped-mountain-landscape_iwachi-matsuzaki-japan_s23u_iso50-f4p9_20250307-131518_4000x3000.jpg	1400-lilith-nature	nature	1482	snowcapped-mountain-landscape	iwachi-matsuzaki-japan	4000	3000	jpg	4229793	20250307_131518.jpg	lilith	PD-own
1400-lilith-nature/1483_nature_snow-capped-mountain-clouds_numazu-japan_s23u_iso50-f4p9_20250307-163902_4000x3000.jpg	1400-lilith-nature	nature	1483	snow-capped-mountain-clouds	numazu-japan	4000	3000	jpg	2537200	20250307_163902.jpg	lilith	PD-own
1400-lilith-nature/1484_nature_snowy-mountain-over-water_uchiura-koumi-numazu-japan_s23u_iso80-f4p9_20250307-173056_4000x3000.jpg	1400-lilith-nature	nature	1484	snowy-mountain-over-water	uchiura-koumi-numazu-japan	4000	3000	jpg	2963768	20250307_173056.jpg	lilith	PD-own
1400-lilith-nature/1485_nature_sea-urchin-underwater_uchiura-koumi-numazu-japan_s23u_iso400-f1p7_20250308-121144_4000x3000.jpg	1400-lilith-nature	nature	1485	sea-urchin-underwater	uchiura-koumi-numazu-japan	4000	3000	jpg	3221183	20250308_121144.jpg	lilith	PD-own
1400-lilith-nature/1486_nature_steaming-red-hot-spring_miyuki-beppu-japan_s23u_iso10-f1p7_20250311-151632_4000x3000.jpg	1400-lilith-nature	nature	1486	steaming-red-hot-spring	miyuki-beppu-japan	4000	3000	jpg	4064947	20250311_151632.jpg	lilith	PD-own
1400-lilith-nature/1487_nature_glacier-over-water_kenai-peninsula-borough-alaska_s25u_iso40-f1p7_20250801-135016_4000x3000.jpg	1400-lilith-nature	nature	1487	glacier-over-water	kenai-peninsula-borough-alaska	4000	3000	jpg	3530758	20250801_135016.jpg	lilith	PD-own
1400-lilith-nature/1488_nature_iceberg-ocean-landscape_yakutat-alaska_s25u_iso80-f1p7_20250803-185104_4000x3000.jpg	1400-lilith-nature	nature	1488	iceberg-ocean-landscape	yakutat-alaska	4000	3000	jpg	2866504	20250803_185104.jpg	lilith	PD-own
1400-lilith-nature/1489_nature_cruise-ship-deck_unorganized-borough-alaska_s25u_iso125-f1p7_20250804-210918_4000x3000.jpg	1400-lilith-nature	nature	1489	cruise-ship-deck	unorganized-borough-alaska	4000	3000	jpg	2781334	20250804_210918.jpg	lilith	PD-own
1400-lilith-nature/1490_nature_boat-wake-at-sunset_unorganized-borough-alaska_s25u_iso200-f1p7_20250804-211018_4000x3000.jpg	1400-lilith-nature	nature	1490	boat-wake-at-sunset	unorganized-borough-alaska	4000	3000	jpg	3507500	20250804_211018.jpg	lilith	PD-own
1400-lilith-nature/1491_nature_ocean-sunset-clouds_unorganized-borough-alaska_s25u_iso100-f3p4_20250804-211059_4000x3000.jpg	1400-lilith-nature	nature	1491	ocean-sunset-clouds	unorganized-borough-alaska	4000	3000	jpg	2958397	20250804_211059.jpg	lilith	PD-own
1400-lilith-nature/1492_nature_mountain-lake-landscape_whitehorse-canada_s25u_iso64-f1p7_20250805-162506_4000x3000.jpg	1400-lilith-nature	nature	1492	mountain-lake-landscape	whitehorse-canada	4000	3000	jpg	4473412	20250805_162506.jpg	lilith	PD-own
1400-lilith-nature/1493_nature_sunset-over-sea_lower-davie-vancouver-canada_s25u_iso64-f3p4_20250809-203408_4000x3000.jpg	1400-lilith-nature	nature	1493	sunset-over-sea	lower-davie-vancouver-canada	4000	3000	jpg	2367318	20250809_203408.jpg	lilith	PD-own
1400-lilith-nature/1494_nature_sunset-over-forest_colorado_zfold7_iso250-f1p7_20251110-170409_4000x3000.jpg	1400-lilith-nature	nature	1494	sunset-over-forest	colorado	4000	3000	jpg	3235628	20251110_170409.jpg	lilith	PD-own
1400-lilith-nature/1495_nature_lighthouse-on-island_york-maine_ip13pro_iso50-f1p5_fullsizerender-1_3855x2891.heic	1400-lilith-nature	nature	1495	lighthouse-on-island	york-maine	3855	2891	heic	1666132	FullSizeRender-1.heic	lilith	PD-own
1400-lilith-nature/1496_nature_lake-with-boats_winthrop-maine_ip13pro_iso50-f1p5_fullsizerender-2_3411x2765.heic	1400-lilith-nature	nature	1496	lake-with-boats	winthrop-maine	3411	2765	heic	1753600	FullSizeRender-2.heic	lilith	PD-own
1400-lilith-nature/1497_nature_pink-flower-on-vine_belltown-seattle-washington_ip16pro_iso80-f1p8_fullsizerender-3_3745x5333.heic	1400-lilith-nature	nature	1497	pink-flower-on-vine	belltown-seattle-washington	3745	5333	heic	1613280	FullSizeRender-3.heic	lilith	PD-own
1400-lilith-nature/1498_nature_yellow-flowers-garden-bed_colorado_ip13pro_iso50-f1p5_fullsizerender_2773x3709.heic	1400-lilith-nature	nature	1498	yellow-flowers-garden-bed	colorado	2773	3709	heic	1079016	FullSizeRender.heic	lilith	PD-own
1400-lilith-nature/1499_nature_snowy-forest-trail_colorado_hero7_iso100-f2p8_g0048992_4000x3000.jpg	1400-lilith-nature	nature	1499	snowy-forest-trail	colorado	4000	3000	jpg	2458202	G0048992.JPG	lilith	PD-own
1400-lilith-nature/1500_nature_snowy-trail-tracks_colorado_hero7_iso100-f2p8_g0049019_4000x3000.jpg	1400-lilith-nature	nature	1500	snowy-trail-tracks	colorado	4000	3000	jpg	2473255	G0049019.JPG	lilith	PD-own
1400-lilith-nature/1501_nature_snowy-ski-slope_colorado_hero7_iso100-f2p8_g0051091_4000x3000.jpg	1400-lilith-nature	nature	1501	snowy-ski-slope	colorado	4000	3000	jpg	2493092	G0051091.JPG	lilith	PD-own
1400-lilith-nature/1502_nature_ice-cave-opening_hornafjordur-iceland_ip13pro_iso32-f1p8_img-0341_4032x3024.heic	1400-lilith-nature	nature	1502	ice-cave-opening	hornafjordur-iceland	4032	3024	heic	2143483	IMG_0341.HEIC	lilith	PD-own
1400-lilith-nature/1503_nature_passionflower-on-vine_centrum-amsterdam-netherlands_ip16pro_iso50-f1p8_img-0354_4032x3024.heic	1400-lilith-nature	nature	1503	passionflower-on-vine	centrum-amsterdam-netherlands	4032	3024	heic	1398940	IMG_0354.HEIC	lilith	PD-own
1400-lilith-nature/1504_nature_cloudy-sky-over-field_colorado_ip13pro_iso50-f1p5_img-0374_4032x3024.heic	1400-lilith-nature	nature	1504	cloudy-sky-over-field	colorado	4032	3024	heic	2557099	IMG_0374.HEIC	lilith	PD-own
1400-lilith-nature/1505_nature_ice-canyon-sky-view_hornafjordur-iceland_ip13pro_iso32-f1p8_img-0393_4032x3024.heic	1400-lilith-nature	nature	1505	ice-canyon-sky-view	hornafjordur-iceland	4032	3024	heic	1504892	IMG_0393.HEIC	lilith	PD-own
1400-lilith-nature/1506_nature_glacier-ice-landscape_hornafjordur-iceland_ip13pro_iso50-f1p5_img-0423_4032x3024.heic	1400-lilith-nature	nature	1506	glacier-ice-landscape	hornafjordur-iceland	4032	3024	heic	1418055	IMG_0423.HEIC	lilith	PD-own
1400-lilith-nature/1507_nature_ice-cave-waterfall_hornafjordur-iceland_ip13pro_iso200-f1p5_img-0468_4032x3024.heic	1400-lilith-nature	nature	1507	ice-cave-waterfall	hornafjordur-iceland	4032	3024	heic	2202704	IMG_0468.HEIC	lilith	PD-own
1400-lilith-nature/1508_nature_ice-cave-interior_hornafjordur-iceland_ip13pro_iso1000-f1p8_img-0474_4032x3024.heic	1400-lilith-nature	nature	1508	ice-cave-interior	hornafjordur-iceland	4032	3024	heic	1446600	IMG_0474.HEIC	lilith	PD-own
1400-lilith-nature/1509_nature_ice-cave-opening_hornafjordur-iceland_ip13pro_iso1000-f1p8_img-0480_4032x3024.heic	1400-lilith-nature	nature	1509	ice-cave-opening	hornafjordur-iceland	4032	3024	heic	1146032	IMG_0480.HEIC	lilith	PD-own
1400-lilith-nature/1510_nature_purple-iris-flowers_colorado_ip8plus_iso40-f2p8_img-0803_4032x3024.heic	1400-lilith-nature	nature	1510	purple-iris-flowers	colorado	4032	3024	heic	1367072	IMG_0803.HEIC	lilith	PD-own
1400-lilith-nature/1511_nature_purple-iris-flowers_colorado_ip8plus_iso125-f2p8_img-0945_4032x3024.heic	1400-lilith-nature	nature	1511	purple-iris-flowers	colorado	4032	3024	heic	1683299	IMG_0945.HEIC	lilith	PD-own
1400-lilith-nature/1512_nature_purple-white-flowers_colorado_ip8plus_iso20-f2p8_img-1029_4032x3024.heic	1400-lilith-nature	nature	1512	purple-white-flowers	colorado	4032	3024	heic	1616622	IMG_1029.HEIC	lilith	PD-own
1400-lilith-nature/1513_nature_orange-flowers-field_colorado_ip8plus_iso20-f2p8_img-1129_4032x3024.heic	1400-lilith-nature	nature	1513	orange-flowers-field	colorado	4032	3024	heic	1968529	IMG_1129.HEIC	lilith	PD-own
1400-lilith-nature/1514_nature_purple-allium-flowers_colorado_ip8plus_iso20-f2p8_img-1310_4032x3024.heic	1400-lilith-nature	nature	1514	purple-allium-flowers	colorado	4032	3024	heic	1216432	IMG_1310.HEIC	lilith	PD-own
1400-lilith-nature/1515_nature_orange-flower-closeup_colorado_ip17pro_iso320-f1p8_img-1420_4032x3024.heic	1400-lilith-nature	nature	1515	orange-flower-closeup	colorado	4032	3024	heic	1169044	IMG_1420.HEIC	lilith	PD-own
1400-lilith-nature/1516_nature_pink-flower-in-bottle_colorado_ip17pro_iso50-f1p8_img-1509_2355x3308.heic	1400-lilith-nature	nature	1516	pink-flower-in-bottle	colorado	2355	3308	heic	635813	IMG_1509.HEIC	lilith	PD-own
1400-lilith-nature/1517_nature_bee-on-pink-flowers_colorado_ip8plus_iso20-f2p8_img-2463_4032x3024.heic	1400-lilith-nature	nature	1517	bee-on-pink-flowers	colorado	4032	3024	heic	1518814	IMG_2463.HEIC	lilith	PD-own
1400-lilith-nature/1518_nature_pink-flowers-and-bee_colorado_ip8plus_iso40-f2p8_img-2464_4032x3024.heic	1400-lilith-nature	nature	1518	pink-flowers-and-bee	colorado	4032	3024	heic	1260806	IMG_2464.HEIC	lilith	PD-own
1400-lilith-nature/1519_nature_orange-rose-vase_colorado_ip17pro_iso200-f1p8_img-2700_3961x4825.heic	1400-lilith-nature	nature	1519	orange-rose-vase	colorado	3961	4825	heic	884937	IMG_2700.HEIC	lilith	PD-own
1400-lilith-nature/1520_nature_tulips-in-garden_notre-dame-versailles-france_ip15pro_iso80-f1p8_img-3545_5712x4284.heic	1400-lilith-nature	nature	1520	tulips-in-garden	notre-dame-versailles-france	5712	4284	heic	2432798	IMG_3545.HEIC	lilith	PD-own
1400-lilith-nature/1521_nature_potted-tulips-garden_notre-dame-versailles-france_ip15pro_iso80-f1p8_img-3547_5712x4284.heic	1400-lilith-nature	nature	1521	potted-tulips-garden	notre-dame-versailles-france	5712	4284	heic	3822527	IMG_3547.HEIC	lilith	PD-own
1400-lilith-nature/1522_nature_water-lilies-pond_colorado_ip13pro_iso50-f1p5_img-3764_4032x3024.heic	1400-lilith-nature	nature	1522	water-lilies-pond	colorado	4032	3024	heic	3189387	IMG_3764.HEIC	lilith	PD-own
1400-lilith-nature/1523_nature_yellow-flowers-garden_colorado_ip13pro_iso50-f1p5_img-3767_4032x3024.heic	1400-lilith-nature	nature	1523	yellow-flowers-garden	colorado	4032	3024	heic	2070698	IMG_3767.HEIC	lilith	PD-own
1400-lilith-nature/1524_nature_yellow-flowers-garden_colorado_ip13pro_iso50-f1p5_img-3841_4032x3024.heic	1400-lilith-nature	nature	1524	yellow-flowers-garden	colorado	4032	3024	heic	2728441	IMG_3841.HEIC	lilith	PD-own
1400-lilith-nature/1525_nature_wildflowers-in-garden_colorado_ip13pro_iso50-f1p5_img-3861_4032x3024.heic	1400-lilith-nature	nature	1525	wildflowers-in-garden	colorado	4032	3024	heic	3637101	IMG_3861.HEIC	lilith	PD-own
1400-lilith-nature/1526_nature_pink-flowers-garden_colorado_ip13pro_iso50-f1p5_img-4543_4032x3024.heic	1400-lilith-nature	nature	1526	pink-flowers-garden	colorado	4032	3024	heic	2142648	IMG_4543.HEIC	lilith	PD-own
1400-lilith-nature/1527_nature_mountain-wildflowers-landscape_stikine-region-canada_ip16pro_iso100-f1p8_img-4768_5712x4284.heic	1400-lilith-nature	nature	1527	mountain-wildflowers-landscape	stikine-region-canada	5712	4284	heic	3345548	IMG_4768.HEIC	lilith	PD-own
1400-lilith-nature/1528_nature_pink-blossom-branch_kawazu-japan_ip16pro_iso80-f1p8_img-4931_5712x4284.heic	1400-lilith-nature	nature	1528	pink-blossom-branch	kawazu-japan	5712	4284	heic	2060886	IMG_4931.HEIC	lilith	PD-own
1400-lilith-nature/1529_nature_whale-tail-ocean_ip13pro_iso32-f2p8_img-5573_4032x3024.heic	1400-lilith-nature	nature	1529	whale-tail-ocean		4032	3024	heic	1453656	IMG_5573.HEIC	lilith	PD-own
1400-lilith-nature/1530_nature_whale-tail-ocean_ip13pro_iso32-f2p8_img-5574_4032x3024.heic	1400-lilith-nature	nature	1530	whale-tail-ocean		4032	3024	heic	1376354	IMG_5574.HEIC	lilith	PD-own
1400-lilith-nature/1531_nature_red-poppy-flowers_taos-new-mexico_ip17pro_iso80-f1p8_img-6189_5712x4284.heic	1400-lilith-nature	nature	1531	red-poppy-flowers	taos-new-mexico	5712	4284	heic	3504704	IMG_6189.HEIC	lilith	PD-own
1400-lilith-nature/1532_nature_red-poppy-flowers_taos-new-mexico_ip17pro_iso80-f1p8_img-6194_5712x4284.heic	1400-lilith-nature	nature	1532	red-poppy-flowers	taos-new-mexico	5712	4284	heic	2478895	IMG_6194.HEIC	lilith	PD-own
1400-lilith-nature/1533_nature_purple-water-lily_koyama-kamiuchikawaracho-kyoto-japan_ip13pro_iso125-f2p8_img-6205_4032x3024.heic	1400-lilith-nature	nature	1533	purple-water-lily	koyama-kamiuchikawaracho-kyoto-japan	4032	3024	heic	1485205	IMG_6205.HEIC	lilith	PD-own
1400-lilith-nature/1534_nature_red-flowers-closeup_ketchikan-alaska_ip16pro_iso125-f1p8_img-6286_4032x3024.heic	1400-lilith-nature	nature	1534	red-flowers-closeup	ketchikan-alaska	4032	3024	heic	1220146	IMG_6286.HEIC	lilith	PD-own
1400-lilith-nature/1535_nature_sea-turtle-underwater_ip13pro_iso32-f1p8_img-8579_4032x3024.heic	1400-lilith-nature	nature	1535	sea-turtle-underwater		4032	3024	heic	1622841	IMG_8579.HEIC	lilith	PD-own
1400-lilith-nature/1536_nature_purple-flowers-walkway_seward-alaska_ip16pro_iso80-f1p8_img-8763_5712x4284.heic	1400-lilith-nature	nature	1536	purple-flowers-walkway	seward-alaska	5712	4284	heic	2729026	IMG_8763.HEIC	lilith	PD-own
1400-lilith-nature/1537_nature_purple-flowers-closeup_seward-alaska_ip16pro_iso100-f1p8_img-8764_5712x4284.heic	1400-lilith-nature	nature	1537	purple-flowers-closeup	seward-alaska	5712	4284	heic	2077951	IMG_8764.HEIC	lilith	PD-own
1400-lilith-nature/1538_nature_boat-on-narrow-channel_muyil-chunyaxche-mexico_ip13pro_iso50-f1p5_img-8787_4032x3024.heic	1400-lilith-nature	nature	1538	boat-on-narrow-channel	muyil-chunyaxche-mexico	4032	3024	heic	2098319	IMG_8787.HEIC	lilith	PD-own
1400-lilith-nature/1539_nature_legs-in-water_felipe-carrillo-puerto-mexico_ip13pro_iso32-f1p8_img-8809_4032x3024.heic	1400-lilith-nature	nature	1539	legs-in-water	felipe-carrillo-puerto-mexico	4032	3024	heic	3010165	IMG_8809.HEIC	lilith	PD-own
1400-lilith-nature/1540_nature_purple-flowers-garden_belltown-seattle-washington_ip16pro_iso100-f1p8_img-9109_5712x4284.heic	1400-lilith-nature	nature	1540	purple-flowers-garden	belltown-seattle-washington	5712	4284	heic	2846611	IMG_9109.HEIC	lilith	PD-own
1400-lilith-nature/1541_nature_blue-wildflower-grass_snaefellsbaer-iceland_ip16pro_iso64-f1p8_img-9110_4032x3024.heic	1400-lilith-nature	nature	1541	blue-wildflower-grass	snaefellsbaer-iceland	4032	3024	heic	1291180	IMG_9110.HEIC	lilith	PD-own
1400-lilith-nature/1542_nature_orange-lily-flower_belltown-seattle-washington_ip16pro_iso80-f1p8_img-9149_5712x4284.heic	1400-lilith-nature	nature	1542	orange-lily-flower	belltown-seattle-washington	5712	4284	heic	2196358	IMG_9149.HEIC	lilith	PD-own
1400-lilith-nature/1543_nature_water-lilies-pond_miyuki-beppu-japan_ip16pro_iso80-f1p8_img-9522_5712x4284.heic	1400-lilith-nature	nature	1543	water-lilies-pond	miyuki-beppu-japan	5712	4284	heic	2284435	IMG_9522.HEIC	lilith	PD-own
1400-lilith-nature/1544_nature_purple-water-lily-flower_miyuki-beppu-japan_ip16pro_iso64-f1p8_img-9550_4032x3024.heic	1400-lilith-nature	nature	1544	purple-water-lily-flower	miyuki-beppu-japan	4032	3024	heic	1229115	IMG_9550.HEIC	lilith	PD-own
1400-lilith-nature/1545_nature_stalactite-cave-lake_playa-del-carmen-mexico_ip13pro_iso1600-f1p5_img-9591_4032x3024.heic	1400-lilith-nature	nature	1545	stalactite-cave-lake	playa-del-carmen-mexico	4032	3024	heic	1161632	IMG_9591.HEIC	lilith	PD-own
1400-lilith-nature/1546_nature_underground-cave-lake_playa-del-carmen-mexico_ip13pro_iso2000-f1p5_img-9608_4032x3024.heic	1400-lilith-nature	nature	1546	underground-cave-lake	playa-del-carmen-mexico	4032	3024	heic	1309425	IMG_9608.HEIC	lilith	PD-own
1400-lilith-nature/1547_nature_orange-flowers-garden_colorado_ip16pro_iso80-f1p8_img-9652_5712x4284.heic	1400-lilith-nature	nature	1547	orange-flowers-garden	colorado	5712	4284	heic	1684176	IMG_9652.HEIC	lilith	PD-own
1400-lilith-nature/1548_nature_purple-blossom-branches_colorado_ip8plus_iso32-f2p8_img-9831_4032x3024.heic	1400-lilith-nature	nature	1548	purple-blossom-branches	colorado	4032	3024	heic	2357421	IMG_9831.HEIC	lilith	PD-own
1400-lilith-nature/1549_nature_ocean-sunset-sailboat_screenshot-20260526-073037-photos_1079x1440.png	1400-lilith-nature	nature	1549	ocean-sunset-sailboat		1079	1440	png	1944306	Screenshot_20260526_073037_Photos.png	lilith	PD-own
1400-lilith-nature/1550_nature_sunset-clouds-over-parkinglot_screenshot-20260526-073143-photos_1079x1439.png	1400-lilith-nature	nature	1550	sunset-clouds-over-parkinglot		1079	1439	png	1758783	Screenshot_20260526_073143_Photos.png	lilith	PD-own
1400-lilith-nature/1551_nature_snowy-mountain-above-clouds_screenshot-20260526-073506-photos_1966x1476.png	1400-lilith-nature	nature	1551	snowy-mountain-above-clouds		1966	1476	png	2439253	Screenshot_20260526_073506_Photos.png	lilith	PD-own
1400-lilith-nature/1552_nature_sunset-skyline-silhouette_screenshot-20260526-074733-gallery_1924x1400.png	1400-lilith-nature	nature	1552	sunset-skyline-silhouette		1924	1400	png	1848044	Screenshot_20260526_074733_Gallery.png	lilith	PD-own
1400-lilith-nature/1553_nature_airplane-wing-northern-lights_screenshot-20260526-074909-gallery_1966x1424.png	1400-lilith-nature	nature	1553	airplane-wing-northern-lights		1966	1424	png	1289760	Screenshot_20260526_074909_Gallery.png	lilith	PD-own
1400-lilith-nature/1554_nature_person-on-driftwood_screenshot-20260526-075607-gallery_1561x2131.png	1400-lilith-nature	nature	1554	person-on-driftwood		1561	2131	png	1988276	Screenshot_20260526_075607_Gallery.png	lilith	PD-own
1400-lilith-nature/1555_nature_purple-water-lily_screenshot-20260526-080203-gallery_1617x2004.png	1400-lilith-nature	nature	1555	purple-water-lily		1617	2004	png	4188303	Screenshot_20260526_080203_Gallery.png	lilith	PD-own
1400-lilith-nature/1556_nature_abstract-ice-texture_screenshot-20260526-080327-gallery_1020x2183.png	1400-lilith-nature	nature	1556	abstract-ice-texture		1020	2183	png	3161259	Screenshot_20260526_080327_Gallery.png	lilith	PD-own
1600-lilith-food/1600_food_steamed-dumplings-basket_university-city-san-diego-california_note9_iso64-f2p4_20190516-185153_4032x3024.jpg	1600-lilith-food	food	1600	steamed-dumplings-basket	university-city-san-diego-california	4032	3024	jpg	525959	20190516_185153.jpg	lilith	PD-own
1600-lilith-food/1601_food_sushi-roll-platter_colorado_s10_iso320-f2p4_20200212-181250_4032x3024.jpg	1600-lilith-food	food	1601	sushi-roll-platter	colorado	4032	3024	jpg	1098812	20200212_181250.jpg	lilith	PD-own
1600-lilith-food/1602_food_caprese-salad-plate_s21u_iso250-f2p4_20210709-193445_4000x3000.jpg	1600-lilith-food	food	1602	caprese-salad-plate		4000	3000	jpg	3227320	20210709_193445.jpg	lilith	PD-own
1600-lilith-food/1603_food_salad-plate-fork_colorado_s21u_iso40-f1p8_20210801-190732_4000x3000.jpg	1600-lilith-food	food	1603	salad-plate-fork	colorado	4000	3000	jpg	4158373	20210801_190732.jpg	lilith	PD-own
1600-lilith-food/1604_food_meat-and-fried-vegetables_l-eixample-barcelona-spain_s21u_iso640-f1p8_20220304-124452_4000x3000.jpg	1600-lilith-food	food	1604	meat-and-fried-vegetables	l-eixample-barcelona-spain	4000	3000	jpg	3575733	20220304_124452.jpg	lilith	PD-own
1600-lilith-food/1605_food_sushi-roll-platter_s21u_iso1250-f1p8_20220817-200800_4000x3000.jpg	1600-lilith-food	food	1605	sushi-roll-platter		4000	3000	jpg	3052960	20220817_200800.jpg	lilith	PD-own
1600-lilith-food/1606_food_fried-calamari-salad_hanalei-hawaii_s21u_iso32-f1p8_20221001-155420_3462x2150.jpg	1600-lilith-food	food	1606	fried-calamari-salad	hanalei-hawaii	3462	2150	jpg	1049196	20221001_155420.jpg	lilith	PD-own
1600-lilith-food/1607_food_grilled-seafood-plate_s21u_iso1250-f1p8_20221210-191616_4000x3000.jpg	1600-lilith-food	food	1607	grilled-seafood-plate		4000	3000	jpg	2796138	20221210_191616.jpg	lilith	PD-own
1600-lilith-food/1608_food_single-cake-slice-plate_anedaitocho-kyoto-japan_s23u_iso320-f2p2_20230709-194142_4000x3000.jpg	1600-lilith-food	food	1608	single-cake-slice-plate	anedaitocho-kyoto-japan	4000	3000	jpg	3215133	20230709_194142.jpg	lilith	PD-own
1600-lilith-food/1609_food_tray-of-food_kurama-kibune-cho-kyoto-japan_s23u_iso100-f2p2_20230711-123756_4000x3000.jpg	1600-lilith-food	food	1609	tray-of-food	kurama-kibune-cho-kyoto-japan	4000	3000	jpg	2359520	20230711_123756.jpg	lilith	PD-own
1600-lilith-food/1610_food_rice-bowl-vegetables_mapunapuna-honolulu-hawaii_s23u_iso50-f2p2_20230712-183013_4000x3000.jpg	1600-lilith-food	food	1610	rice-bowl-vegetables	mapunapuna-honolulu-hawaii	4000	3000	jpg	2930173	20230712_183013.jpg	lilith	PD-own
1600-lilith-food/1611_food_blue-geode-cake_s20_iso64-f1p8_20230715-143732_4032x3024.jpg	1600-lilith-food	food	1611	blue-geode-cake		4032	3024	jpg	1119338	20230715_143732.jpg	lilith	PD-own
1600-lilith-food/1612_food_fried-fish-and-fries_s23u_iso25-f1p7_20230730-142545-0_4000x3000.jpg	1600-lilith-food	food	1612	fried-fish-and-fries		4000	3000	jpg	3022300	20230730_142545(0).jpg	lilith	PD-own
1600-lilith-food/1613_food_peaches-in-box_colorado_s23u_iso250-f1p7_20230821-073156_4000x3000.jpg	1600-lilith-food	food	1613	peaches-in-box	colorado	4000	3000	jpg	3989464	20230821_073156.jpg	lilith	PD-own
1600-lilith-food/1614_food_dessert-plate-upside-down_valladolid-mexico_s23u_iso640-f1p7_20230917-213342_4000x3000.jpg	1600-lilith-food	food	1614	dessert-plate-upside-down	valladolid-mexico	4000	3000	jpg	3321590	20230917_213342.jpg	lilith	PD-own
1600-lilith-food/1615_food_savory-plated-dish_valladolid-mexico_s23u_iso250-f2p2_20230918-103053_4000x3000.jpg	1600-lilith-food	food	1615	savory-plated-dish	valladolid-mexico	4000	3000	jpg	2792414	20230918_103053.jpg	lilith	PD-own
1600-lilith-food/1616_food_plated-dessert-closeup_minami-kugahara-2-ota-japan_s23u_iso500-f2p2_20231028-120453-001_4000x3000.jpg	1600-lilith-food	food	1616	plated-dessert-closeup	minami-kugahara-2-ota-japan	4000	3000	jpg	3558022	20231028_120453_001.jpg	lilith	PD-own
1600-lilith-food/1617_food_ice-cream_s23u_iso64-f1p7_20231104-123933_4000x3000.jpg	1600-lilith-food	food	1617	ice-cream		4000	3000	jpg	3504826	20231104_123933.jpg	lilith	PD-own
1600-lilith-food/1618_food_fruit-platter-with-dip_colorado_s23u_iso250-f2p4_20231126-035155_4000x3000.heic	1600-lilith-food	food	1618	fruit-platter-with-dip	colorado	4000	3000	heic	2783566	20231126_035155.heic	lilith	PD-own
1600-lilith-food/1619_food_strawberries-and-blackberries_3rd-arrondissement-paris-france_s23u_iso500-f2p4_20240421-153750_4000x3000.jpg	1600-lilith-food	food	1619	strawberries-and-blackberries	3rd-arrondissement-paris-france	4000	3000	jpg	3742347	20240421_153750.jpg	lilith	PD-own
1600-lilith-food/1620_food_plated-dessert-closeup_1st-arrondissement-paris-france_s23u_iso160-f2p2_20240426-140041_4000x3000.jpg	1600-lilith-food	food	1620	plated-dessert-closeup	1st-arrondissement-paris-france	4000	3000	jpg	2187059	20240426_140041.jpg	lilith	PD-own
1600-lilith-food/1621_food_dessert-on-plate_grindavik-iceland_s23u_iso40-f1p7_20240429-184401_4000x3000.jpg	1600-lilith-food	food	1621	dessert-on-plate	grindavik-iceland	4000	3000	jpg	2778497	20240429_184401.jpg	lilith	PD-own
1600-lilith-food/1622_food_strawberry-layer-cake_colorado_s23u_iso80-f2p4_20240505-164658_4000x3000.jpg	1600-lilith-food	food	1622	strawberry-layer-cake	colorado	4000	3000	jpg	3832845	20240505_164658.jpg	lilith	PD-own
1600-lilith-food/1623_food_breakfast_colorado_s23u_iso12-f1p7_20240507-145123_4000x3000.jpg	1600-lilith-food	food	1623	breakfast	colorado	4000	3000	jpg	3760398	20240507_145123.jpg	lilith	PD-own
1600-lilith-food/1624_food_french-toast_colorado_s23u_iso50-f2p2_20240507-145130_4000x3000.jpg	1600-lilith-food	food	1624	french-toast	colorado	4000	3000	jpg	3330312	20240507_145130.jpg	lilith	PD-own
1600-lilith-food/1625_food_bowl_colorado_s23u_iso500-f1p7_20240510-210653_4000x3000.jpg	1600-lilith-food	food	1625	bowl	colorado	4000	3000	jpg	2802087	20240510_210653.jpg	lilith	PD-own
1600-lilith-food/1626_food_chocolate-cake-dessert-plate_colorado_s23u_iso800-f2p4_20240510-221014_4000x3000.jpg	1600-lilith-food	food	1626	chocolate-cake-dessert-plate	colorado	4000	3000	jpg	3178389	20240510_221014.jpg	lilith	PD-own
1600-lilith-food/1627_food_assorted-mochi-platter_colorado_s23u_iso500-f1p7_20240522-202407_4000x3000.jpg	1600-lilith-food	food	1627	assorted-mochi-platter	colorado	4000	3000	jpg	2336239	20240522_202407.jpg	lilith	PD-own
1600-lilith-food/1628_food_french-toast_s23u_iso250-f1p7_20240907-133934_4000x3000.jpg	1600-lilith-food	food	1628	french-toast		4000	3000	jpg	7695964	20240907_133934.jpg	lilith	PD-own
1600-lilith-food/1629_food_floral-tiered-cake_colorado_s23u_iso320-f1p7_20250202-141904_4000x3000.jpg	1600-lilith-food	food	1629	floral-tiered-cake	colorado	4000	3000	jpg	3835349	20250202_141904.jpg	lilith	PD-own
1600-lilith-food/1630_food_tea-and-dessert-table_wadahamaminamicho-atami-japan_s23u_iso320-f1p7_20250303-154752_4000x3000.jpg	1600-lilith-food	food	1630	tea-and-dessert-table	wadahamaminamicho-atami-japan	4000	3000	jpg	4212979	20250303_154752.jpg	lilith	PD-own
1600-lilith-food/1631_food_fried-food-meal-table_3-chome-shimoda-japan_s23u_iso40-f1p7_20250306-130255_4000x3000.jpg	1600-lilith-food	food	1631	fried-food-meal-table	3-chome-shimoda-japan	4000	3000	jpg	3538492	20250306_130255.jpg	lilith	PD-own
1600-lilith-food/1632_food_orange-juice-glass_uchiura-shigedera-numazu-japan_s23u_iso125-f2p4_20250307-182432_4000x3000.jpg	1600-lilith-food	food	1632	orange-juice-glass	uchiura-shigedera-numazu-japan	4000	3000	jpg	2860097	20250307_182432.jpg	lilith	PD-own
1600-lilith-food/1633_food_gourmet-plated-dish_uchiura-shigedera-numazu-japan_s23u_iso125-f1p7_20250307-182828-0_4000x3000.jpg	1600-lilith-food	food	1633	gourmet-plated-dish	uchiura-shigedera-numazu-japan	4000	3000	jpg	3180886	20250307_182828(0).jpg	lilith	PD-own
1600-lilith-food/1634_food_breakfast-table-setting_uchiura-shigedera-numazu-japan_s23u_iso16-f1p7_20250308-091451_4000x3000.jpg	1600-lilith-food	food	1634	breakfast-table-setting	uchiura-shigedera-numazu-japan	4000	3000	jpg	3025792	20250308_091451.jpg	lilith	PD-own
1600-lilith-food/1635_food_breakfast-tray-table_uchiura-shigedera-numazu-japan_s23u_iso100-f1p7_20250308-091457_4000x3000.jpg	1600-lilith-food	food	1635	breakfast-tray-table	uchiura-shigedera-numazu-japan	4000	3000	jpg	3763050	20250308_091457.jpg	lilith	PD-own
1600-lilith-food/1636_food_breakfast-table-spread_ogura-beppu-japan_s23u_iso200-f1p7_20250311-100529_4000x3000.jpg	1600-lilith-food	food	1636	breakfast-table-spread	ogura-beppu-japan	4000	3000	jpg	4279331	20250311_100529.jpg	lilith	PD-own
1600-lilith-food/1637_food_plated-food-dish_colorado_s23u_iso400-f1p7_20250411-204431_4000x3000.jpg	1600-lilith-food	food	1637	plated-food-dish	colorado	4000	3000	jpg	4116934	20250411_204431.jpg	lilith	PD-own
1600-lilith-food/1638_food_sliced-fish-dish_colorado_s25u_iso800-f1p7_20250425-213810_4000x3000.jpg	1600-lilith-food	food	1638	sliced-fish-dish	colorado	4000	3000	jpg	3011060	20250425_213810.jpg	lilith	PD-own
1600-lilith-food/1639_food_sashimi-on-plate_colorado_s25u_iso200-f1p7_20250425-214145_4000x3000.jpg	1600-lilith-food	food	1639	sashimi-on-plate	colorado	4000	3000	jpg	2511475	20250425_214145.jpg	lilith	PD-own
1600-lilith-food/1640_food_birthday-cake-table_colorado_ip16pro_iso125-f1p8_img-2666_5712x4284.heic	1600-lilith-food	food	1640	birthday-cake-table	colorado	5712	4284	heic	2894895	IMG_2666.HEIC	lilith	PD-own
2000-unsplash-people/2000_people_by-alexander-aguero-enppvuxbcce-unsplash_4400x6600.jpg	2000-unsplash-people	people	2000			4400	6600	jpg	4030286	alexander-aguero-EnppVuXbcCE-unsplash.jpg	unsplash	Unsplash-License
2000-unsplash-people/2001_people_by-anastasia-pivnenko-prng6r1nspq-unsplash_2272x3072.jpg	2000-unsplash-people	people	2001			2272	3072	jpg	2440546	anastasia-pivnenko-PRNG6R1nSpQ-unsplash.jpg	unsplash	Unsplash-License
2000-unsplash-people/2002_people_by-ashford-marx-5nemkak1wqs-unsplash_3915x5872.jpg	2000-unsplash-people	people	2002			3915	5872	jpg	4005978	ashford-marx-5nEMKAK1WQs-unsplash.jpg	unsplash	Unsplash-License
2000-unsplash-people/2003_people_by-bjorn-pierre-ureo1xiikao-unsplash_3336x4170.jpg	2000-unsplash-people	people	2003			3336	4170	jpg	1265621	bjorn-pierre-ureo1XIikao-unsplash.jpg	unsplash	Unsplash-License
2000-unsplash-people/2004_people_by-christian-agbede-a1gwjze3il4-unsplash_2945x4417.jpg	2000-unsplash-people	people	2004			2945	4417	jpg	4194074	christian-agbede-A1gWJze3il4-unsplash.jpg	unsplash	Unsplash-License
2000-unsplash-people/2005_people_by-david-utt-9p-v5mudkly-unsplash_4471x6700.jpg	2000-unsplash-people	people	2005			4471	6700	jpg	5501215	david-utt-9p-V5MUdkLY-unsplash.jpg	unsplash	Unsplash-License
2000-unsplash-people/2006_people_by-dwayne-joe-1qjf4jk8bh0-unsplash_2624x3936.jpg	2000-unsplash-people	people	2006			2624	3936	jpg	1283366	dwayne-joe-1qJf4Jk8BH0-unsplash.jpg	unsplash	Unsplash-License
2000-unsplash-people/2007_people_by-dwayne-joe-6-rwiq8vbks-unsplash_2624x3936.jpg	2000-unsplash-people	people	2007			2624	3936	jpg	1064484	dwayne-joe-6-Rwiq8VbKs-unsplash.jpg	unsplash	Unsplash-License
2000-unsplash-people/2008_people_by-ehsan-ahmadi-vswy6nchcos-unsplash_3304x4129.jpg	2000-unsplash-people	people	2008			3304	4129	jpg	1840627	ehsan-ahmadi-vsWy6nchcOs-unsplash.jpg	unsplash	Unsplash-License
2000-unsplash-people/2009_people_by-ellen-qin-l0wmb86ymi8-unsplash_2304x4096.jpg	2000-unsplash-people	people	2009			2304	4096	jpg	1091432	ellen-qin-l0WMb86yMI8-unsplash.jpg	unsplash	Unsplash-License
2000-unsplash-people/2010_people_by-emmanuel-black-j7lc6bzguzs-unsplash_3944x4930.jpg	2000-unsplash-people	people	2010			3944	4930	jpg	5560298	emmanuel-black-J7lC6BzGuZs-unsplash.jpg	unsplash	Unsplash-License
2000-unsplash-people/2011_people_by-filipp-romanovski-tpjt04-gxvk-unsplash_4499x6745.jpg	2000-unsplash-people	people	2011			4499	6745	jpg	5343191	filipp-romanovski-TPjt04_gXvk-unsplash.jpg	unsplash	Unsplash-License
2000-unsplash-people/2012_people_by-ian-taylor-blopn4jci7s-unsplash_4000x3000.jpg	2000-unsplash-people	people	2012			4000	3000	jpg	1070710	ian-taylor-BloPN4jcI7s-unsplash.jpg	unsplash	Unsplash-License
2000-unsplash-people/2013_people_by-jadon-johnson-25z-vyspuna-unsplash_4000x6000.jpg	2000-unsplash-people	people	2013			4000	6000	jpg	2929211	jadon-johnson-25Z-vYSPUNA-unsplash.jpg	unsplash	Unsplash-License
2000-unsplash-people/2014_people_by-jing-chen-sld5c8su-ue-unsplash_6240x4160.jpg	2000-unsplash-people	people	2014			6240	4160	jpg	4574752	jing-chen-sld5c8SU-uE-unsplash.jpg	unsplash	Unsplash-License
2000-unsplash-people/2015_people_by-jr-clavant-andn4su2f0a-unsplash_3255x4883.jpg	2000-unsplash-people	people	2015			3255	4883	jpg	1882939	jr-clavant-AndN4SU2f0A-unsplash.jpg	unsplash	Unsplash-License
2000-unsplash-people/2016_people_by-jr-clavant-gk26zebuw48-unsplash_2208x3314.jpg	2000-unsplash-people	people	2016			2208	3314	jpg	1466292	jr-clavant-gK26zeBuW48-unsplash.jpg	unsplash	Unsplash-License
2000-unsplash-people/2017_people_by-kateryna-hliznitsova-ttpz0t24e0c-unsplash_3157x4712.jpg	2000-unsplash-people	people	2017			3157	4712	jpg	1554261	kateryna-hliznitsova-tTPZ0t24E0c-unsplash.jpg	unsplash	Unsplash-License
2000-unsplash-people/2018_people_by-luigi-ritchie-eljmmcgmega-unsplash_4774x4774.jpg	2000-unsplash-people	people	2018			4774	4774	jpg	2404601	luigi-ritchie-EljMmcGmeGA-unsplash.jpg	unsplash	Unsplash-License
2000-unsplash-people/2019_people_by-michael-kyule-a0y-e10h8e8-unsplash_4160x5536.jpg	2000-unsplash-people	people	2019			4160	5536	jpg	3816031	michael-kyule-A0y-e10h8e8-unsplash.jpg	unsplash	Unsplash-License
2000-unsplash-people/2020_people_by-mrtiger-xime2yd4gdw-unsplash_4672x7008.jpg	2000-unsplash-people	people	2020			4672	7008	jpg	4357347	mrtiger-XiME2yd4GDw-unsplash.jpg	unsplash	Unsplash-License
2000-unsplash-people/2021_people_by-pete-walls-rac2iyyyy4a-unsplash_2000x3000.jpg	2000-unsplash-people	people	2021			2000	3000	jpg	602634	pete-walls-RaC2IyYYY4A-unsplash.jpg	unsplash	Unsplash-License
2000-unsplash-people/2022_people_by-ravi-sharma-ko7-phdhbo-unsplash_4160x6240.jpg	2000-unsplash-people	people	2022			4160	6240	jpg	2753486	ravi-sharma-Ko7_-phDhbo-unsplash.jpg	unsplash	Unsplash-License
2000-unsplash-people/2023_people_by-richard-stachmann-es-yoqocsm-unsplash_2207x3130.jpg	2000-unsplash-people	people	2023			2207	3130	jpg	1358269	richard-stachmann-Es--yoQocSM-unsplash.jpg	unsplash	Unsplash-License
2000-unsplash-people/2024_people_by-sammy-swae-jaip1hvdvbg-unsplash_4672x7008.jpg	2000-unsplash-people	people	2024			4672	7008	jpg	6025292	sammy-swae-jAiP1hvdvbg-unsplash.jpg	unsplash	Unsplash-License
2000-unsplash-people/2025_people_by-spenser-sembrat-jrjzsmtgvlm-unsplash_2880x3600.jpg	2000-unsplash-people	people	2025			2880	3600	jpg	1723321	spenser-sembrat-jrJZSMTgvLM-unsplash.jpg	unsplash	Unsplash-License
2000-unsplash-people/2026_people_by-willian-justen-de-vasconcellos-3f1eju2ib4u-unsplash_5637x3758.jpg	2000-unsplash-people	people	2026			5637	3758	jpg	3705624	willian-justen-de-vasconcellos-3f1eju2iB4U-unsplash.jpg	unsplash	Unsplash-License
2000-unsplash-people/2027_people_by-yash-rai-yl6qi4fn66m-unsplash_3072x4608.jpg	2000-unsplash-people	people	2027			3072	4608	jpg	3887211	yash-rai-Yl6qI4Fn66M-unsplash.jpg	unsplash	Unsplash-License
2200-unsplash-renders/2200_renders_abstract-folded-ribbons_by-a-chosen-soul-moigsaj8te0-unsplash_7680x4320.jpg	2200-unsplash-renders	renders	2200	abstract-folded-ribbons		7680	4320	jpg	2090832	a-chosen-soul-MOIGsaj8te0-unsplash.jpg	unsplash	Unsplash-License
2200-unsplash-renders/2201_renders_abstract-dark-curves_by-anton-sobotyak-g7ayfxxntva-unsplash_3840x2160.jpg	2200-unsplash-renders	renders	2201	abstract-dark-curves		3840	2160	jpg	183970	anton-sobotyak-g7aYFxxNTVA-unsplash.jpg	unsplash	Unsplash-License
2200-unsplash-renders/2202_renders_planet-with-city-lights_by-itsiken-pmyoy3wafpu-unsplash_3000x3000.jpg	2200-unsplash-renders	renders	2202	planet-with-city-lights		3000	3000	jpg	1598053	itsiken-pmYoy3WaFPU-unsplash.jpg	unsplash	Unsplash-License
2200-unsplash-renders/2203_renders_abstract-radial-pattern_by-logan-voss-ym9b8fkeo3w-unsplash_4320x7680.jpg	2200-unsplash-renders	renders	2203	abstract-radial-pattern		4320	7680	jpg	6658847	logan-voss-YM9B8FkeO3w-unsplash.jpg	unsplash	Unsplash-License
2200-unsplash-renders/2204_renders_abstract-line-pattern_by-logan-voss-z-e-zrfty00-unsplash_4320x7680.jpg	2200-unsplash-renders	renders	2204	abstract-line-pattern		4320	7680	jpg	3692854	logan-voss-z_e_ZrFty00-unsplash.jpg	unsplash	Unsplash-License
2200-unsplash-renders/2205_renders_abstract-flower-render_by-luthfi-alfarizi-worzbphy654-unsplash_3000x4000.jpg	2200-unsplash-renders	renders	2205	abstract-flower-render		3000	4000	jpg	1245608	luthfi-alfarizi-wOrzBPhY654-unsplash.jpg	unsplash	Unsplash-License
2200-unsplash-renders/2206_renders_abstract-color-pattern_by-marek-pavlik-fozwxagka1o-unsplash_3840x2160.jpg	2200-unsplash-renders	renders	2206	abstract-color-pattern		3840	2160	jpg	2272293	marek-pavlik-FOzwxaGkA1o-unsplash.jpg	unsplash	Unsplash-License
2200-unsplash-renders/2207_renders_abstract-contour-pattern_by-matt-str-l5btvo8eeyq-unsplash_11514x8635.jpg	2200-unsplash-renders	renders	2207	abstract-contour-pattern		11514	8635	jpg	11739594	matt-str-L5BTvO8eEyQ-unsplash.jpg	unsplash	Unsplash-License
2200-unsplash-renders/2208_renders_arched-room-round-window_by-mehrab-sium-wfxnp8g8-7q-unsplash_3240x4860.jpg	2200-unsplash-renders	renders	2208	arched-room-round-window		3240	4860	jpg	2651003	mehrab-sium-WFXNp8G8-7Q-unsplash.jpg	unsplash	Unsplash-License
2200-unsplash-renders/2209_renders_human-figure-render_by-nick-andreka-ynebo2q91oq-unsplash_2160x2700.jpg	2200-unsplash-renders	renders	2209	human-figure-render		2160	2700	jpg	520001	nick-andreka-YnebO2q91OQ-unsplash.jpg	unsplash	Unsplash-License
2200-unsplash-renders/2210_renders_abstract-line-pattern_by-resource-database-xp6ngsgxck0-unsplash_4000x5000.jpg	2200-unsplash-renders	renders	2210	abstract-line-pattern		4000	5000	jpg	4024789	resource-database-xP6ngsgxck0-unsplash.jpg	unsplash	Unsplash-License
2200-unsplash-renders/2211_renders_dropper-bottle-on-flowers_by-route4design-wkmy-s2wmdk-unsplash_2400x3840.jpg	2200-unsplash-renders	renders	2211	dropper-bottle-on-flowers		2400	3840	jpg	897500	route4design-Wkmy_s2WMdk-unsplash.jpg	unsplash	Unsplash-License
2200-unsplash-renders/2212_renders_bear_by-zoha-gohar-ekvbymo0qzg-unsplash_6144x4608.jpg	2200-unsplash-renders	renders	2212	bear		6144	4608	jpg	2787503	zoha-gohar-EKvbYMO0QZg-unsplash.jpg	unsplash	Unsplash-License
2400-unsplash-textures/2400_textures_flower-stem-blob_by-anca-gabriela-zosin-bmonybmqxha-unsplash_4000x5350.jpg	2400-unsplash-textures	textures	2400	flower-stem-blob_anca-gabriela-zosin-bmonybmqxha-unsplash		4000	5350	jpg	1601742	anca-gabriela-zosin-bMOnYbmQxHA-unsplash.jpg	unsplash	Unsplash-License
2400-unsplash-textures/2401_textures_aerial-golf-course_by-bernd-dittrich-3mdshe3iiok-unsplash_4608x8192.jpg	2400-unsplash-textures	textures	2401	aerial-golf-course_bernd-dittrich-3mdshe3iiok-unsplash		4608	8192	jpg	15690852	bernd-dittrich-3MdsHe3IIOk-unsplash.jpg	unsplash	Unsplash-License
2400-unsplash-textures/2402_textures_glow-in-dark_by-haberdoedas-5bsnvq1qtis-unsplash_8736x11648.jpg	2400-unsplash-textures	textures	2402	glow-in-dark_haberdoedas-5bsnvq1qtis-unsplash		8736	11648	jpg	20923635	haberdoedas-5BsnVq1qTis-unsplash.jpg	unsplash	Unsplash-License
2400-unsplash-textures/2403_textures_building-balconies-pattern_by-han-hyunjun-zd1u-c1bf8a-unsplash_3750x5000.jpg	2400-unsplash-textures	textures	2403	building-balconies-pattern_han-hyunjun-zd1u-c1bf8a-unsplash		3750	5000	jpg	1739622	han-hyunjun-Zd1u_C1BF8A-unsplash.jpg	unsplash	Unsplash-License
2400-unsplash-textures/2404_textures_tree-bark-texture_by-hwang-sanguk-k0tljwrabxg-unsplash_3024x3024.jpg	2400-unsplash-textures	textures	2404	tree-bark-texture_hwang-sanguk-k0tljwrabxg-unsplash		3024	3024	jpg	3508177	hwang-sanguk-k0TLJWRabXg-unsplash.jpg	unsplash	Unsplash-License
2400-unsplash-textures/2405_textures_green-galaxy-speckle_by-logan-voss-bsfdgf4xtac-unsplash_4320x7680.jpg	2400-unsplash-textures	textures	2405	green-galaxy-speckle_logan-voss-bsfdgf4xtac-unsplash		4320	7680	jpg	20883262	logan-voss-BsFDgF4XTac-unsplash.jpg	unsplash	Unsplash-License
2400-unsplash-textures/2406_textures_purple-flower-clusters_by-nastia-petruk-fkm3bds8f3e-unsplash_6190x8253.jpg	2400-unsplash-textures	textures	2406	purple-flower-clusters_nastia-petruk-fkm3bds8f3e-unsplash		6190	8253	jpg	7917370	nastia-petruk-FkM3BDS8F3E-unsplash.jpg	unsplash	Unsplash-License
2400-unsplash-textures/2407_textures_blue-wabring-threads_by-pawel-czerwinski-kra9zndplra-unsplash_4000x6000.jpg	2400-unsplash-textures	textures	2407	blue-wabring-threads_pawel-czerwinski-kra9zndplra-unsplash		4000	6000	jpg	4447909	pawel-czerwinski-krA9zndPlrA-unsplash.jpg	unsplash	Unsplash-License
2400-unsplash-textures/2408_textures_marble-slab-artillery_by-teresa-xchefhoppxe-unsplash_2048x2732.jpg	2400-unsplash-textures	textures	2408	marble-slab-artillery_teresa-xchefhoppxe-unsplash		2048	2732	jpg	1186141	teresa-xcheFHoppXE-unsplash.jpg	unsplash	Unsplash-License
2400-unsplash-textures/2409_textures_blue-abstract-texture_by-tim-mossholder-shmrlyrv-s0-unsplash_5504x8256.jpg	2400-unsplash-textures	textures	2409	blue-abstract-texture_tim-mossholder-shmrlyrv-s0-unsplash		5504	8256	jpg	12376051	tim-mossholder-ShmRLyRv-S0-unsplash.jpg	unsplash	Unsplash-License
3000-art-institute-of-chicago-photos/3000_aic_for-sunday-s-dinner_111377_1269x2250.jpg	3000-art-institute-of-chicago-photos	aic	3000	for-sunday-s-dinner_111377		1269	2250	jpg	411437	111377_for-sunday-s-dinner.jpg	art-institute-chicago	CC0
3000-art-institute-of-chicago-photos/3001_aic_self-portrait_11_4000x5226.jpg	3000-art-institute-of-chicago-photos	aic	3001	self-portrait_11		4000	5226	jpg	5995869	11_self-portrait.jpg	art-institute-chicago	CC0
3000-art-institute-of-chicago-photos/3002_aic_the-irish-question_181777_4000x4860.jpg	3000-art-institute-of-chicago-photos	aic	3002	the-irish-question_181777		4000	4860	jpg	6239696	181777_the-irish-question.jpg	art-institute-chicago	CC0
3000-art-institute-of-chicago-photos/3003_aic_village-among-the-trees_23119_4000x2832.jpg	3000-art-institute-of-chicago-photos	aic	3003	village-among-the-trees_23119		4000	2832	jpg	3387360	23119_village-among-the-trees.jpg	art-institute-chicago	CC0
3000-art-institute-of-chicago-photos/3004_aic_hydria-water-jar_253_1169x1559.jpg	3000-art-institute-of-chicago-photos	aic	3004	hydria-water-jar_253		1169	1559	jpg	427747	253_hydria-water-jar.jpg	art-institute-chicago	CC0
3000-art-institute-of-chicago-photos/3005_aic_mitsuke-ferries-crossing-the-tenryu-river-mitsuk_4368_3000x2240.jpg	3000-art-institute-of-chicago-photos	aic	3005	mitsuke-ferries-crossing-the-tenryu-river-mitsuk_4368		3000	2240	jpg	2039158	4368_mitsuke-ferries-crossing-the-tenryu-river-mitsuk.jpg	art-institute-chicago	CC0
3000-art-institute-of-chicago-photos/3006_aic_hamamatsu-from-the-series-fifty-three-stations-o_4371_3000x2235.jpg	3000-art-institute-of-chicago-photos	aic	3006	hamamatsu-from-the-series-fifty-three-stations-o_4371		3000	2235	jpg	2292612	4371_hamamatsu-from-the-series-fifty-three-stations-o.jpg	art-institute-chicago	CC0
3000-art-institute-of-chicago-photos/3007_aic_rounded-jar-depicting-abstract-fish-or-sharks_4715_2848x2250.jpg	3000-art-institute-of-chicago-photos	aic	3007	rounded-jar-depicting-abstract-fish-or-sharks_4715		2848	2250	jpg	961764	4715_rounded-jar-depicting-abstract-fish-or-sharks.jpg	art-institute-chicago	CC0
3000-art-institute-of-chicago-photos/3008_aic_trompe-l-oeil-still-life-with-a-flower-garland-a_66042_4000x2883.jpg	3000-art-institute-of-chicago-photos	aic	3008	trompe-l-oeil-still-life-with-a-flower-garland-a_66042		4000	2883	jpg	2964239	66042_trompe-l-oeil-still-life-with-a-flower-garland-a.jpg	art-institute-chicago	CC0
3000-art-institute-of-chicago-photos/3009_aic_komurasaki-of-the-miuraya-and-shirai-gompachi-mi_7624_676x3000.jpg	3000-art-institute-of-chicago-photos	aic	3009	komurasaki-of-the-miuraya-and-shirai-gompachi-mi_7624		676	3000	jpg	684680	7624_komurasaki-of-the-miuraya-and-shirai-gompachi-mi.jpg	art-institute-chicago	CC0
3000-art-institute-of-chicago-photos/3010_aic_self-portrait_80607_4000x5097.jpg	3000-art-institute-of-chicago-photos	aic	3010	self-portrait_80607		4000	5097	jpg	8117597	80607_self-portrait.jpg	art-institute-chicago	CC0
3000-art-institute-of-chicago-photos/3011_aic_portrait-of-an-artist_862_1783x2250.jpg	3000-art-institute-of-chicago-photos	aic	3011	portrait-of-an-artist_862		1783	2250	jpg	759925	862_portrait-of-an-artist.jpg	art-institute-chicago	CC0
3000-art-institute-of-chicago-photos/3012_aic_landscape_874_2829x2250.jpg	3000-art-institute-of-chicago-photos	aic	3012	landscape_874		2829	2250	jpg	1471617	874_landscape.jpg	art-institute-chicago	CC0
3000-art-institute-of-chicago-photos/3013_aic_distant-view-of-niagara-falls_90048_4000x3099.jpg	3000-art-institute-of-chicago-photos	aic	3013	distant-view-of-niagara-falls_90048		4000	3099	jpg	4122757	90048_distant-view-of-niagara-falls.jpg	art-institute-chicago	CC0
3000-art-institute-of-chicago-photos/3014_aic_single-spout-vessel-with-molded-abstract-figure_9119_2719x2250.jpg	3000-art-institute-of-chicago-photos	aic	3014	single-spout-vessel-with-molded-abstract-figure_9119		2719	2250	jpg	849515	9119_single-spout-vessel-with-molded-abstract-figure.jpg	art-institute-chicago	CC0
3300-met-museum-photos/3300_met_still-life-violin-and-music_10997_2832x3722.jpg	3300-met-museum-photos	met	3300	still-life-violin-and-music_10997		2832	3722	jpg	2192792	10997_still-life-violin-and-music.jpg	met-museum	CC0
3300-met-museum-photos/3301_met_marine_11597_1801x2140.jpg	3300-met-museum-photos	met	3301	marine_11597		1801	2140	jpg	1345727	11597_marine.jpg	met-museum	CC0
3300-met-museum-photos/3302_met_landscape_11774_2362x1585.jpg	3300-met-museum-photos	met	3302	landscape_11774		2362	1585	jpg	1464204	11774_landscape.jpg	met-museum	CC0
3300-met-museum-photos/3303_met_wall-light-one-of-a-pair_206979_3811x3049.jpg	3300-met-museum-photos	met	3303	wall-light-one-of-a-pair_206979		3811	3049	jpg	2547205	206979_wall-light-one-of-a-pair.jpg	met-museum	CC0
3300-met-museum-photos/3304_met_chinese-figure-with-bird_207138_2978x3722.jpg	3300-met-museum-photos	met	3304	chinese-figure-with-bird_207138		2978	3722	jpg	1384689	207138_chinese-figure-with-bird.jpg	met-museum	CC0
3300-met-museum-photos/3305_met_portrait_226943_2257x2665.jpg	3300-met-museum-photos	met	3305	portrait_226943		2257	2665	jpg	2562072	226943_portrait.jpg	met-museum	CC0
3300-met-museum-photos/3306_met_shield_24693_4000x4000.jpg	3300-met-museum-photos	met	3306	shield_24693		4000	4000	jpg	6403799	24693_shield.jpg	met-museum	CC0
3300-met-museum-photos/3307_met_marine_337532_3795x2667.jpg	3300-met-museum-photos	met	3307	marine_337532		3795	2667	jpg	2956624	337532_marine.jpg	met-museum	CC0
3300-met-museum-photos/3308_met_marine_337533_3790x2664.jpg	3300-met-museum-photos	met	3308	marine_337533		3790	2664	jpg	3199443	337533_marine.jpg	met-museum	CC0
3300-met-museum-photos/3309_met_portrait_340070_2872x3623.jpg	3300-met-museum-photos	met	3309	portrait_340070		2872	3623	jpg	2211471	340070_portrait.jpg	met-museum	CC0
3300-met-museum-photos/3310_met_landscape_359362_3869x2896.jpg	3300-met-museum-photos	met	3310	landscape_359362		3869	2896	jpg	2664506	359362_landscape.jpg	met-museum	CC0
3300-met-museum-photos/3311_met_jamb-stove_3689_2002x1717.jpg	3300-met-museum-photos	met	3311	jamb-stove_3689		2002	1717	jpg	861908	3689_jamb-stove.jpg	met-museum	CC0
3300-met-museum-photos/3312_met_portrait_374222_3150x4000.jpg	3300-met-museum-photos	met	3312	portrait_374222		3150	4000	jpg	1934016	374222_portrait.jpg	met-museum	CC0
3300-met-museum-photos/3313_met_manuscript_38059_900x239.jpg	3300-met-museum-photos	met	3313	manuscript_38059		900	239	jpg	44482	38059_manuscript.jpg	met-museum	CC0
3300-met-museum-photos/3314_met_shiraito-waterfall-at-hakone_40336_4000x2826.jpg	3300-met-museum-photos	met	3314	shiraito-waterfall-at-hakone_40336		4000	2826	jpg	2835920	40336_shiraito-waterfall-at-hakone.jpg	met-museum	CC0
3300-met-museum-photos/3315_met_still-life-with-a-skull-and-a-writing-quill_435904_3811x2569.jpg	3300-met-museum-photos	met	3315	still-life-with-a-skull-and-a-writing-quill_435904		3811	2569	jpg	1867831	435904_still-life-with-a-skull-and-a-writing-quill.jpg	met-museum	CC0
3300-met-museum-photos/3316_met_a-brazilian-landscape_437323_3811x2513.jpg	3300-met-museum-photos	met	3316	a-brazilian-landscape_437323		3811	2513	jpg	2073606	437323_a-brazilian-landscape.jpg	met-museum	CC0
3300-met-museum-photos/3317_met_manuscript_447107_1200x912.jpg	3300-met-museum-photos	met	3317	manuscript_447107		1200	912	jpg	235432	447107_manuscript.jpg	met-museum	CC0
3300-met-museum-photos/3318_met_vessel_479496_2505x2596.jpg	3300-met-museum-photos	met	3318	vessel_479496		2505	2596	jpg	1295784	479496_vessel.jpg	met-museum	CC0
3300-met-museum-photos/3319_met_manuscript_4938_1925x2366.jpg	3300-met-museum-photos	met	3319	manuscript_4938		1925	2366	jpg	697787	4938_manuscript.jpg	met-museum	CC0
3300-met-museum-photos/3320_met_six-jewel-rivers_53427_3841x2149.jpg	3300-met-museum-photos	met	3320	six-jewel-rivers_53427		3841	2149	jpg	3555014	53427_six-jewel-rivers.jpg	met-museum	CC0
3300-met-museum-photos/3321_met_interior_632414_2632x3607.jpg	3300-met-museum-photos	met	3321	interior_632414		2632	3607	jpg	3669979	632414_interior.jpg	met-museum	CC0
3300-met-museum-photos/3322_met_a-molted-cicada-shell-utsusemi-soga-gor-tokimune_789145_3000x4000.jpg	3300-met-museum-photos	met	3322	a-molted-cicada-shell-utsusemi-soga-gor-tokimune_789145		3000	4000	jpg	4767849	789145_a-molted-cicada-shell-utsusemi-soga-gor-tokimune.jpg	met-museum	CC0
3300-met-museum-photos/3323_met_still-life_898372_3743x4000.jpg	3300-met-museum-photos	met	3323	still-life_898372		3743	4000	jpg	5733838	898372_still-life.jpg	met-museum	CC0
5000-national-park-service-brochures/color/5000_nps_bibe-2023-wild-and-scenic-rivers_color_p01_4961x7016.png	5000-national-park-service-brochures	nps	5000	bibe-2023-wild-and-scenic-rivers_color_p01		4961	7016	png	33550254	nps_nps-bibe-2023-Wild-and-Scenic-Rivers-Brochure_p01.png	nps	PD-USGov
5000-national-park-service-brochures/color/5001_nps_bibe-2023-wild-and-scenic-rivers_color_p02_7016x4961.png	5000-national-park-service-brochures	nps	5001	bibe-2023-wild-and-scenic-rivers_color_p02		7016	4961	png	10628462	nps_nps-bibe-2023-Wild-and-Scenic-Rivers-Brochure_p02.png	nps	PD-USGov
5000-national-park-service-brochures/color/5002_nps_biho-biho-side-1-6_color_p01_5561x7616.png	5000-national-park-service-brochures	nps	5002	biho-biho-side-1-6_color_p01		5561	7616	png	17371700	nps_nps-biho-FINAL-VERSION_BIHO-unigrid_Side-1_X3_compressed-for-web-6_p01.png	nps	PD-USGov
5000-national-park-service-brochures/color/5003_nps_blca-black-canyon-2023_color_p01_7016x4961.png	5000-national-park-service-brochures	nps	5003	blca-black-canyon-2023_color_p01		7016	4961	png	44601406	nps_nps-blca-Black_Canyon_unigrid_2023_508_web_p01.png	nps	PD-USGov
5000-national-park-service-brochures/color/5004_nps_blca-black-canyon-2023_color_p02_7016x4961.png	5000-national-park-service-brochures	nps	5004	blca-black-canyon-2023_color_p02		7016	4961	png	19798971	nps_nps-blca-Black_Canyon_unigrid_2023_508_web_p02.png	nps	PD-USGov
5000-national-park-service-brochures/color/5005_nps_cany-isky-backcountry-zone-map_color_p01_2550x3300.png	5000-national-park-service-brochures	nps	5005	cany-isky-backcountry-zone-map_color_p01		2550	3300	png	12355850	nps_nps-cany-ISKY-Backcountry-Zone-Map-Final-508_p01.png	nps	PD-USGov
5000-national-park-service-brochures/color/5006_nps_care-care-map-2021_color_p01_4961x7016.png	5000-national-park-service-brochures	nps	5006	care-care-map-2021_color_p01		4961	7016	png	10458395	nps_nps-care-CARE_Unigrid-map-2021_p01.png	nps	PD-USGov
5000-national-park-service-brochures/color/5007_nps_choh-great-falls-hiking-map_color_p01_3300x2550.png	5000-national-park-service-brochures	nps	5007	choh-great-falls-hiking-map_color_p01		3300	2550	png	795219	nps_nps-choh-Great-Falls-Hiking-Map_p01.png	nps	PD-USGov
5000-national-park-service-brochures/color/5008_nps_dena-trail-map-letter-size_color_p01_2550x3300.png	5000-national-park-service-brochures	nps	5008	dena-trail-map-letter-size_color_p01		2550	3300	png	1229220	nps_nps-dena-trail-map-letter-size_p01.png	nps	PD-USGov
5000-national-park-service-brochures/color/5009_nps_deva-backcountry-and-wilderness-access-map_color_p01_4800x6900.png	5000-national-park-service-brochures	nps	5009	deva-backcountry-and-wilderness-access-map_color_p01		4800	6900	png	18186366	nps_nps-deva-508-Backcountry-and-Wilderness-Access-map__p01.png	nps	PD-USGov
5000-national-park-service-brochures/color/5010_nps_deva-backcountry-and-wilderness-access-map_color_p02_4800x6900.png	5000-national-park-service-brochures	nps	5010	deva-backcountry-and-wilderness-access-map_color_p02		4800	6900	png	25525857	nps_nps-deva-508-Backcountry-and-Wilderness-Access-map__p02.png	nps	PD-USGov
5000-national-park-service-brochures/color/5011_nps_dewa-dingmanscampgroundmap-1_color_p01_2550x3300.png	5000-national-park-service-brochures	nps	5011	dewa-dingmanscampgroundmap-1_color_p01		2550	3300	png	2901927	nps_nps-dewa-DingmansCampgroundMap-1-508-Compliant_p01.png	nps	PD-USGov
5000-national-park-service-brochures/color/5012_nps_fova-mcho-map_color_p01_716x714.png	5000-national-park-service-brochures	nps	5012	fova-mcho-map_color_p01		716	714	png	224193	nps_nps-fova-MCHO-Map-Accessible-PDF_p01.png	nps	PD-USGov
5000-national-park-service-brochures/color/5013_nps_grca-grcamap2_color_p01_3000x2250.png	5000-national-park-service-brochures	nps	5013	grca-grcamap2_color_p01		3000	2250	png	4788499	nps_nps-grca-GRCAmap2_p01.png	nps	PD-USGov
5000-national-park-service-brochures/color/5014_nps_grca-sr-pocket-map_color_p01_9355x2481.png	5000-national-park-service-brochures	nps	5014	grca-sr-pocket-map_color_p01		9355	2481	png	12341482	nps_nps-grca-sr-pocket-map_p01.png	nps	PD-USGov
5000-national-park-service-brochures/color/5015_nps_grca-sr-pocket-map_color_p02_9355x2481.png	5000-national-park-service-brochures	nps	5015	grca-sr-pocket-map_color_p02		9355	2481	png	33036965	nps_nps-grca-sr-pocket-map_p02.png	nps	PD-USGov
5000-national-park-service-brochures/color/5016_nps_grsm-grsm-area-map_color_p01_10182x5460.png	5000-national-park-service-brochures	nps	5016	grsm-grsm-area-map_color_p01		10182	5460	png	29327435	nps_nps-grsm-GRSM_Area_Map_p01.png	nps	PD-USGov
5000-national-park-service-brochures/color/5017_nps_grsm-grsm-trail-map_color_p01_9146x5272.png	5000-national-park-service-brochures	nps	5017	grsm-grsm-trail-map_color_p01		9146	5272	png	36009637	nps_nps-grsm-GRSM_Trail_Map_p01.png	nps	PD-USGov
5000-national-park-service-brochures/color/5018_nps_katm-katm-park-map_color_p01_5650x5200.png	5000-national-park-service-brochures	nps	5018	katm-katm-park-map_color_p01		5650	5200	png	23392630	nps_nps-katm-KATM_Park-Map_for_web_p01.png	nps	PD-USGov
5000-national-park-service-brochures/color/5019_nps_npsa-area-map_color_p01_6300x2475.png	5000-national-park-service-brochures	nps	5019	npsa-area-map_color_p01		6300	2475	png	13670167	nps_nps-npsa-Area_Map_p01.png	nps	PD-USGov
5000-national-park-service-brochures/color/5020_nps_npsa-area-map_color_p02_6300x2475.png	5000-national-park-service-brochures	nps	5020	npsa-area-map_color_p02		6300	2475	png	10651875	nps_nps-npsa-Area_Map_p02.png	nps	PD-USGov
5000-national-park-service-brochures/color/5021_nps_pinn-2019-map-update-draft-2_color_p01_4800x7200.png	5000-national-park-service-brochures	nps	5021	pinn-2019-map-update-draft-2_color_p01		4800	7200	png	5813600	nps_nps-pinn-2019-map-update-DRAFT-2_p01.png	nps	PD-USGov
5000-national-park-service-brochures/color/5022_nps_pinn-2019-map-update-draft-cropped2_color_p01_1685x1305.png	5000-national-park-service-brochures	nps	5022	pinn-2019-map-update-draft-cropped2_color_p01		1685	1305	png	707408	nps_nps-pinn-2019-map-update-DRAFT-CROPPED2_p01.png	nps	PD-USGov
5000-national-park-service-brochures/color/5023_nps_redw-horsetrails-sb-2021-2_color_p03_2550x4200.png	5000-national-park-service-brochures	nps	5023	redw-horsetrails-sb-2021-2_color_p03		2550	4200	png	15537995	nps_nps-redw-HorseTrails_SB_2021-508-2_p03.png	nps	PD-USGov
5000-national-park-service-brochures/color/5024_nps_samo-backbonetrail-2023_color_p01_2550x4200.png	5000-national-park-service-brochures	nps	5024	samo-backbonetrail-2023_color_p01		2550	4200	png	5805523	nps_nps-samo-BackboneTrail_2023_p01.png	nps	PD-USGov
5000-national-park-service-brochures/color/5025_nps_samo-backbonetrail-2023_color_p02_2550x4200.png	5000-national-park-service-brochures	nps	5025	samo-backbonetrail-2023_color_p02		2550	4200	png	7658085	nps_nps-samo-BackboneTrail_2023_p02.png	nps	PD-USGov
5000-national-park-service-brochures/color/5026_nps_whsa-whsa-2022_color_p01_4961x5847.png	5000-national-park-service-brochures	nps	5026	whsa-whsa-2022_color_p01		4961	5847	png	3912779	nps_nps-whsa-WHSA_Unigrid_2022_p01.png	nps	PD-USGov
5000-national-park-service-brochures/color/5027_nps_whsa-whsa-2022_color_p02_4961x5847.png	5000-national-park-service-brochures	nps	5027	whsa-whsa-2022_color_p02		4961	5847	png	6248042	nps_nps-whsa-WHSA_Unigrid_2022_p02.png	nps	PD-USGov
5000-national-park-service-brochures/color/5028_nps_wrst-wrst-chinese-reduced_color_p01_4961x7016.png	5000-national-park-service-brochures	nps	5028	wrst-wrst-chinese-reduced_color_p01		4961	7016	png	44055208	nps_nps-wrst-WRST_Unigrid_Chinese-508-reduced_p01.png	nps	PD-USGov
5000-national-park-service-brochures/color/5029_nps_wrst-wrst-chinese-reduced_color_p02_4961x7016.png	5000-national-park-service-brochures	nps	5029	wrst-wrst-chinese-reduced_color_p02		4961	7016	png	46390781	nps_nps-wrst-WRST_Unigrid_Chinese-508-reduced_p02.png	nps	PD-USGov
5000-national-park-service-brochures/color/5030_nps_yell-2025-yellowstone_color_p01_4961x7016.png	5000-national-park-service-brochures	nps	5030	yell-2025-yellowstone_color_p01		4961	7016	png	6987686	nps_nps-yell-2025_Yellowstone-Unigrid_Web-508_p01.png	nps	PD-USGov
5000-national-park-service-brochures/color/5031_nps_yell-2025-yellowstone_color_p02_4961x7016.png	5000-national-park-service-brochures	nps	5031	yell-2025-yellowstone_color_p02		4961	7016	png	11246487	nps_nps-yell-2025_Yellowstone-Unigrid_Web-508_p02.png	nps	PD-USGov
5000-national-park-service-brochures/color/5032_nps_yose-yosemitecampgroundmap2013_color_p01_2590x3209.png	5000-national-park-service-brochures	nps	5032	yose-yosemitecampgroundmap2013_color_p01		2590	3209	png	741785	nps_nps-yose-yosemitecampgroundmap2013_p01.png	nps	PD-USGov
5000-national-park-service-brochures/grayscale/5033_nps_cany-islandroadsandtrailsupdated24-508forweb_gray_p01_2550x4200.png	5000-national-park-service-brochures	nps	5033	cany-islandroadsandtrailsupdated24-508forweb_gray_p01		2550	4200	png	1298351	nps_nps-cany-IslandRoadsandTrailsUpdated24-508forweb_p01.png	nps	PD-USGov
5000-national-park-service-brochures/grayscale/5034_nps_cany-islandroadsandtrailsupdated24-508forweb_gray_p02_2550x4200.png	5000-national-park-service-brochures	nps	5034	cany-islandroadsandtrailsupdated24-508forweb_gray_p02		2550	4200	png	1004925	nps_nps-cany-IslandRoadsandTrailsUpdated24-508forweb_p02.png	nps	PD-USGov
5000-national-park-service-brochures/grayscale/5035_nps_care-fruita-area-map-and-guide_gray_p01_3300x5100.png	5000-national-park-service-brochures	nps	5035	care-fruita-area-map-and-guide_gray_p01		3300	5100	png	1749648	nps_nps-care-Fruita-Area-Map-and-Guide_p01.png	nps	PD-USGov
5000-national-park-service-brochures/grayscale/5036_nps_care-fruita-area-map-and-guide_gray_p02_3300x5100.png	5000-national-park-service-brochures	nps	5036	care-fruita-area-map-and-guide_gray_p02		3300	5100	png	5127467	nps_nps-care-Fruita-Area-Map-and-Guide_p02.png	nps	PD-USGov
5000-national-park-service-brochures/grayscale/5037_nps_chis-santa-rosa-hiking-map-and_gray_p01_2550x4200.png	5000-national-park-service-brochures	nps	5037	chis-santa-rosa-hiking-map-and_gray_p01		2550	4200	png	2013707	nps_nps-chis-Santa-Rosa-Hiking-Map-and-Guide-October-2023v2-ADA_p01.png	nps	PD-USGov
5000-national-park-service-brochures/grayscale/5038_nps_chis-santa-rosa-hiking-map-and_gray_p02_2550x4200.png	5000-national-park-service-brochures	nps	5038	chis-santa-rosa-hiking-map-and_gray_p02		2550	4200	png	4109396	nps_nps-chis-Santa-Rosa-Hiking-Map-and-Guide-October-2023v2-ADA_p02.png	nps	PD-USGov
5000-national-park-service-brochures/grayscale/5039_nps_chis-ai-hiking-2022-ada_gray_p01_2550x3300.png	5000-national-park-service-brochures	nps	5039	chis-ai-hiking-2022-ada_gray_p01		2550	3300	png	876058	nps_nps-chis-ai-hiking-2022-ADA_p01.png	nps	PD-USGov
5000-national-park-service-brochures/grayscale/5040_nps_chis-ai-hiking-2022-ada_gray_p02_2550x3300.png	5000-national-park-service-brochures	nps	5040	chis-ai-hiking-2022-ada_gray_p02		2550	3300	png	1946204	nps_nps-chis-ai-hiking-2022-ADA_p02.png	nps	PD-USGov
5000-national-park-service-brochures/grayscale/5041_nps_deva-routes-from-las-vegas_gray_p01_2550x3300.png	5000-national-park-service-brochures	nps	5041	deva-routes-from-las-vegas_gray_p01		2550	3300	png	1170810	nps_nps-deva-Routes-from-Las-Vegas_p01.png	nps	PD-USGov
5000-national-park-service-brochures/grayscale/5042_nps_lake-approved-backcountry-roads-hoover-dam_gray_p01_2550x3300.png	5000-national-park-service-brochures	nps	5042	lake-approved-backcountry-roads-hoover-dam_gray_p01		2550	3300	png	6383314	nps_nps-lake-Approved-Backcountry-Roads-Hoover-Dam-Area-2018_p01.png	nps	PD-USGov
5000-national-park-service-brochures/grayscale/5043_nps_mora-cougarrock2006_gray_p01_3300x2550.png	5000-national-park-service-brochures	nps	5043	mora-cougarrock2006_gray_p01		3300	2550	png	830579	nps_nps-mora-CougarRock2006_p01.png	nps	PD-USGov
5000-national-park-service-brochures/grayscale/5044_nps_mora-ohanapecosh7-2019_gray_p01_2550x3300.png	5000-national-park-service-brochures	nps	5044	mora-ohanapecosh7-2019_gray_p01		2550	3300	png	907432	nps_nps-mora-Ohanapecosh7-2019__p01.png	nps	PD-USGov
5000-national-park-service-brochures/grayscale/5045_nps_muwo-map-muwo-trail-2019-small_gray_p01_3300x2550.png	5000-national-park-service-brochures	nps	5045	muwo-map-muwo-trail-2019-small_gray_p01		3300	2550	png	895542	nps_nps-muwo-map-muwo-trail-2019-small_p01.png	nps	PD-USGov
5000-national-park-service-brochures/grayscale/5046_nps_muwo-map-muwo-trail-2019-small_gray_p02_3300x2550.png	5000-national-park-service-brochures	nps	5046	muwo-map-muwo-trail-2019-small_gray_p02		3300	2550	png	570632	nps_nps-muwo-map-muwo-trail-2019-small_p02.png	nps	PD-USGov
5000-national-park-service-brochures/grayscale/5047_nps_redw-horsetrails-sb-2021-2_gray_p01_2550x4200.png	5000-national-park-service-brochures	nps	5047	redw-horsetrails-sb-2021-2_gray_p01		2550	4200	png	2158781	nps_nps-redw-HorseTrails_SB_2021-508-2_p01.png	nps	PD-USGov
5000-national-park-service-brochures/grayscale/5048_nps_romo-2018-longs-peak-keyhole-route_gray_p01_2550x4200.png	5000-national-park-service-brochures	nps	5048	romo-2018-longs-peak-keyhole-route_gray_p01		2550	4200	png	1644823	nps_nps-romo-2018_Longs-Peak-Keyhole-Route-Site-Bulletin-print_PDF-Remediated-July-2025_p01.png	nps	PD-USGov
5000-national-park-service-brochures/grayscale/5049_nps_romo-2018-longs-peak-keyhole-route_gray_p02_2550x4200.png	5000-national-park-service-brochures	nps	5049	romo-2018-longs-peak-keyhole-route_gray_p02		2550	4200	png	4565313	nps_nps-romo-2018_Longs-Peak-Keyhole-Route-Site-Bulletin-print_PDF-Remediated-July-2025_p02.png	nps	PD-USGov
5000-national-park-service-brochures/grayscale/5050_nps_romo-moraine-park-campground-map-2025_gray_p01_4200x2550.png	5000-national-park-service-brochures	nps	5050	romo-moraine-park-campground-map-2025_gray_p01		4200	2550	png	1476468	nps_nps-romo-Moraine-Park-Campground-Map-2025_p01.png	nps	PD-USGov
5000-national-park-service-brochures/grayscale/5051_nps_seki-20210826-french_gray_p01_2550x4200.png	5000-national-park-service-brochures	nps	5051	seki-20210826-french_gray_p01		2550	4200	png	1098782	nps_nps-seki-20210826-Unigrid-French-508_p01.png	nps	PD-USGov
5000-national-park-service-brochures/grayscale/5052_nps_seki-20210826-french_gray_p02_2550x4200.png	5000-national-park-service-brochures	nps	5052	seki-20210826-french_gray_p02		2550	4200	png	910122	nps_nps-seki-20210826-Unigrid-French-508_p02.png	nps	PD-USGov
5000-national-park-service-brochures/grayscale/5053_nps_seki-20210826-german_gray_p01_2550x4200.png	5000-national-park-service-brochures	nps	5053	seki-20210826-german_gray_p01		2550	4200	png	1126710	nps_nps-seki-20210826-Unigrid-German-508_p01.png	nps	PD-USGov
5000-national-park-service-brochures/grayscale/5054_nps_seki-20210826-german_gray_p02_2550x4200.png	5000-national-park-service-brochures	nps	5054	seki-20210826-german_gray_p02		2550	4200	png	914480	nps_nps-seki-20210826-Unigrid-German-508_p02.png	nps	PD-USGov
5000-national-park-service-brochures/grayscale/5055_nps_shen-bearfence-roadtrail_gray_p01_2550x3300.png	5000-national-park-service-brochures	nps	5055	shen-bearfence-roadtrail_gray_p01		2550	3300	png	537771	nps_nps-shen-Bearfence_RoadTrail_p01.png	nps	PD-USGov
5000-national-park-service-brochures/grayscale/5056_nps_shen-bearfence-roadtrail_gray_p02_2550x3300.png	5000-national-park-service-brochures	nps	5056	shen-bearfence-roadtrail_gray_p02		2550	3300	png	840944	nps_nps-shen-Bearfence_RoadTrail_p02.png	nps	PD-USGov
5000-national-park-service-brochures/grayscale/5057_nps_shen-bigmeadows-roadtrail_gray_p01_2550x3300.png	5000-national-park-service-brochures	nps	5057	shen-bigmeadows-roadtrail_gray_p01		2550	3300	png	849852	nps_nps-shen-BigMeadows_RoadTrail_p01.png	nps	PD-USGov
5000-national-park-service-brochures/grayscale/5058_nps_shen-bigmeadows-roadtrail_gray_p02_2550x3300.png	5000-national-park-service-brochures	nps	5058	shen-bigmeadows-roadtrail_gray_p02		2550	3300	png	927606	nps_nps-shen-BigMeadows_RoadTrail_p02.png	nps	PD-USGov
5200-epa-climate-impact-2021-report/5200_epa_climate-impact-2021_cover_p001_2968x3841.png	5200-epa-climate-impact-2021-report	epa	5200	climate-impact-2021_cover_p001		2968	3841	png	1801239	01_p001_cover.png	epa	PD-USGov
5200-epa-climate-impact-2021-report/5201_epa_climate-impact-2021_exec-summary-vulnerable-groups-table_p004_2968x3841.png	5200-epa-climate-impact-2021-report	epa	5201	climate-impact-2021_exec-summary-vulnerable-groups-table_p004		2968	3841	png	1929188	02_p004_exec-summary-vulnerable-groups-table.png	epa	PD-USGov
5200-epa-climate-impact-2021-report/5202_epa_climate-impact-2021_fig-es1-six-impacts_p005_2968x3841.png	5200-epa-climate-impact-2021-report	epa	5202	climate-impact-2021_fig-es1-six-impacts_p005		2968	3841	png	1686279	03_p005_fig-ES1-six-impacts.png	epa	PD-USGov
5200-epa-climate-impact-2021-report/5203_epa_climate-impact-2021_key-findings-by-race-ethnicity_p006_2968x3841.png	5200-epa-climate-impact-2021-report	epa	5203	climate-impact-2021_key-findings-by-race-ethnicity_p006		2968	3841	png	1847931	04_p006_key-findings-by-race-ethnicity.png	epa	PD-USGov
5200-epa-climate-impact-2021-report/5204_epa_climate-impact-2021_key-findings-income-education-age_p007_2968x3841.png	5200-epa-climate-impact-2021-report	epa	5204	climate-impact-2021_key-findings-income-education-age_p007		2968	3841	png	2342882	05_p007_key-findings-income-education-age.png	epa	PD-USGov
5200-epa-climate-impact-2021-report/5205_epa_climate-impact-2021_fig-es2-disproportionate-risk-chart_p008_2968x3841.png	5200-epa-climate-impact-2021-report	epa	5205	climate-impact-2021_fig-es2-disproportionate-risk-chart_p008		2968	3841	png	739717	06_p008_fig-ES2-disproportionate-risk-chart.png	epa	PD-USGov
5200-epa-climate-impact-2021-report/5206_epa_climate-impact-2021_introduction-who-is-vulnerable_p009_2968x3841.png	5200-epa-climate-impact-2021-report	epa	5206	climate-impact-2021_introduction-who-is-vulnerable_p009		2968	3841	png	1381584	07_p009_introduction-who-is-vulnerable.png	epa	PD-USGov
5200-epa-climate-impact-2021-report/5207_epa_climate-impact-2021_approach-4-step-methodology_p011_2968x3841.png	5200-epa-climate-impact-2021-report	epa	5207	climate-impact-2021_approach-4-step-methodology_p011		2968	3841	png	844722	08_p011_approach-4-step-methodology.png	epa	PD-USGov
5200-epa-climate-impact-2021-report/5208_epa_climate-impact-2021_airquality-results-maps_p022_2968x3841.png	5200-epa-climate-impact-2021-report	epa	5208	climate-impact-2021_airquality-results-maps_p022		2968	3841	png	1573114	09_p022_airquality-results-maps.png	epa	PD-USGov
5200-epa-climate-impact-2021-report/5209_epa_climate-impact-2021_airquality-key-findings-childhood-asthma_p030_2968x3841.png	5200-epa-climate-impact-2021-report	epa	5209	climate-impact-2021_airquality-key-findings-childhood-asthma_p030		2968	3841	png	885921	10_p030_airquality-key-findings-childhood-asthma.png	epa	PD-USGov
5200-epa-climate-impact-2021-report/5210_epa_climate-impact-2021_extreme-temp-health-mortality-map_p034_2968x3841.png	5200-epa-climate-impact-2021-report	epa	5210	climate-impact-2021_extreme-temp-health-mortality-map_p034		2968	3841	png	1406298	11_p034_extreme-temp-health-mortality-map.png	epa	PD-USGov
5200-epa-climate-impact-2021-report/5211_epa_climate-impact-2021_extreme-temp-labor-heatloss-maps_p039_2968x3841.png	5200-epa-climate-impact-2021-report	epa	5211	climate-impact-2021_extreme-temp-labor-heatloss-maps_p039		2968	3841	png	1547712	12_p039_extreme-temp-labor-heatloss-maps.png	epa	PD-USGov
5200-epa-climate-impact-2021-report/5212_epa_climate-impact-2021_extreme-temp-labor-key-findings_p043_2968x3841.png	5200-epa-climate-impact-2021-report	epa	5212	climate-impact-2021_extreme-temp-labor-key-findings_p043		2968	3841	png	889436	13_p043_extreme-temp-labor-key-findings.png	epa	PD-USGov
5200-epa-climate-impact-2021-report/5213_epa_climate-impact-2021_coastal-flooding-traffic-findings_p048_2968x3841.png	5200-epa-climate-impact-2021-report	epa	5213	climate-impact-2021_coastal-flooding-traffic-findings_p048		2968	3841	png	1859750	14_p048_coastal-flooding-traffic-findings.png	epa	PD-USGov
5200-epa-climate-impact-2021-report/5214_epa_climate-impact-2021_coastal-flooding-property-inundation-maps_p057_2968x3841.png	5200-epa-climate-impact-2021-report	epa	5214	climate-impact-2021_coastal-flooding-property-inundation-maps_p057		2968	3841	png	1136748	15_p057_coastal-flooding-property-inundation-maps.png	epa	PD-USGov
5200-epa-climate-impact-2021-report/5215_epa_climate-impact-2021_coastal-flooding-property-key-findings_p058_2968x3841.png	5200-epa-climate-impact-2021-report	epa	5215	climate-impact-2021_coastal-flooding-property-key-findings_p058		2968	3841	png	1547795	16_p058_coastal-flooding-property-key-findings.png	epa	PD-USGov
5200-epa-climate-impact-2021-report/5216_epa_climate-impact-2021_inland-flooding-opener_p068_2968x3841.png	5200-epa-climate-impact-2021-report	epa	5216	climate-impact-2021_inland-flooding-opener_p068		2968	3841	png	2571850	17_p068_inland-flooding-opener.png	epa	PD-USGov
5200-epa-climate-impact-2021-report/5217_epa_climate-impact-2021_inland-flooding-national-risk-map_p069_2968x3841.png	5200-epa-climate-impact-2021-report	epa	5217	climate-impact-2021_inland-flooding-national-risk-map_p069		2968	3841	png	1680476	18_p069_inland-flooding-national-risk-map.png	epa	PD-USGov
5200-epa-climate-impact-2021-report/5218_epa_climate-impact-2021_national-results-narrative_p076_2968x3841.png	5200-epa-climate-impact-2021-report	epa	5218	climate-impact-2021_national-results-narrative_p076		2968	3841	png	1688332	19_p076_national-results-narrative.png	epa	PD-USGov
5200-epa-climate-impact-2021-report/5219_epa_climate-impact-2021_fig-9-1-master-chart-4groups-6impacts_p077_2968x3841.png	5200-epa-climate-impact-2021-report	epa	5219	climate-impact-2021_fig-9-1-master-chart-4groups-6impacts_p077		2968	3841	png	933831	20_p077_fig-9.1-master-chart-4groups-6impacts.png	epa	PD-USGov
5200-epa-climate-impact-2021-report/5220_epa_climate-impact-2021_fig-9-2-amerindian-alaskanative-asian_p078_2968x3841.png	5200-epa-climate-impact-2021-report	epa	5220	climate-impact-2021_fig-9-2-amerindian-alaskanative-asian_p078		2968	3841	png	643173	21_p078_fig-9.2-amerindian-alaskanative-asian.png	epa	PD-USGov
5200-epa-climate-impact-2021-report/5221_epa_climate-impact-2021_fig-9-2-black-aa-hispanic-latino_p079_2968x3841.png	5200-epa-climate-impact-2021-report	epa	5221	climate-impact-2021_fig-9-2-black-aa-hispanic-latino_p079		2968	3841	png	462080	22_p079_fig-9.2-black-aa-hispanic-latino.png	epa	PD-USGov
5200-epa-climate-impact-2021-report/5222_epa_climate-impact-2021_fig-9-2-pacificislander-white_p080_2968x3841.png	5200-epa-climate-impact-2021-report	epa	5222	climate-impact-2021_fig-9-2-pacificislander-white_p080		2968	3841	png	455217	23_p080_fig-9.2-pacificislander-white.png	epa	PD-USGov
5200-epa-climate-impact-2021-report/5223_epa_climate-impact-2021_regional-results-map_p081_2968x3841.png	5200-epa-climate-impact-2021-report	epa	5223	climate-impact-2021_regional-results-map_p081		2968	3841	png	1164497	24_p081_regional-results-map.png	epa	PD-USGov
5200-epa-climate-impact-2021-report/5224_epa_climate-impact-2021_southern-great-plains-77pct-asthma_p085_2968x3841.png	5200-epa-climate-impact-2021-report	epa	5224	climate-impact-2021_southern-great-plains-77pct-asthma_p085		2968	3841	png	735420	25_p085_southern-great-plains-77pct-asthma.png	epa	PD-USGov
5300-noaa-hurricane-documents/5300_noaa_nhc-verification-report-2024_page1_p01_2550x3300.png	5300-noaa-hurricane-documents	noaa	5300	nhc-verification-report-2024_page1_p01		2550	3300	png	1490493	noaa-nhc-2024_verification-report_p01_page1.png	noaa	PD-USGov
5300-noaa-hurricane-documents/5301_noaa_nhc-verification-report-2024_charts_p05_2550x3300.png	5300-noaa-hurricane-documents	noaa	5301	nhc-verification-report-2024_charts_p05		2550	3300	png	960121	noaa-nhc-2024_verification-report_p05_charts.png	noaa	PD-USGov
5300-noaa-hurricane-documents/5302_noaa_nhc-helene-al092024_cover_p01_2550x3300.png	5300-noaa-hurricane-documents	noaa	5302	nhc-helene-al092024_cover_p01		2550	3300	png	1885818	noaa-nhc-AL092024_Helene_p01_cover.png	noaa	PD-USGov
5300-noaa-hurricane-documents/5303_noaa_nhc-helene-al092024_map_p09_2550x3300.png	5300-noaa-hurricane-documents	noaa	5303	nhc-helene-al092024_map_p09		2550	3300	png	554295	noaa-nhc-AL092024_Helene_p09_map.png	noaa	PD-USGov
5300-noaa-hurricane-documents/5304_noaa_nhc-helene-al092024_text-body_p25_2550x3300.png	5300-noaa-hurricane-documents	noaa	5304	nhc-helene-al092024_text-body_p25		2550	3300	png	770313	noaa-nhc-AL092024_Helene_p25_text-body.png	noaa	PD-USGov
5300-noaa-hurricane-documents/5305_noaa_nhc-milton-al142024_cover_p01_2550x3300.png	5300-noaa-hurricane-documents	noaa	5305	nhc-milton-al142024_cover_p01		2550	3300	png	3867364	noaa-nhc-AL142024_Milton_p01_cover.png	noaa	PD-USGov
5300-noaa-hurricane-documents/5306_noaa_nhc-milton-al142024_map_p07_2550x3300.png	5300-noaa-hurricane-documents	noaa	5306	nhc-milton-al142024_map_p07		2550	3300	png	841132	noaa-nhc-AL142024_Milton_p07_map.png	noaa	PD-USGov
5300-noaa-hurricane-documents/5307_noaa_nhc-milton-al142024_text-body_p19_2550x3300.png	5300-noaa-hurricane-documents	noaa	5307	nhc-milton-al142024_text-body_p19		2550	3300	png	527023	noaa-nhc-AL142024_Milton_p19_text-body.png	noaa	PD-USGov
5300-noaa-hurricane-documents/5308_noaa_nhc-al022024-beryl_p01_2550x3300.png	5300-noaa-hurricane-documents	noaa	5308	nhc-al022024-beryl_p01		2550	3300	png	2180774	noaa_noaa-nhc-AL022024_Beryl_p01.png	noaa	PD-USGov
5300-noaa-hurricane-documents/5309_noaa_nhc-al022024-beryl_p26_2550x3300.png	5300-noaa-hurricane-documents	noaa	5309	nhc-al022024-beryl_p26		2550	3300	png	545710	noaa_noaa-nhc-AL022024_Beryl_p26.png	noaa	PD-USGov
5300-noaa-hurricane-documents/5310_noaa_nhc-al022024-beryl_p51_2550x3300.png	5300-noaa-hurricane-documents	noaa	5310	nhc-al022024-beryl_p51		2550	3300	png	226778	noaa_noaa-nhc-AL022024_Beryl_p51.png	noaa	PD-USGov
5300-noaa-hurricane-documents/5311_noaa_nhc-al042024-debby_p01_2550x3300.png	5300-noaa-hurricane-documents	noaa	5311	nhc-al042024-debby_p01		2550	3300	png	2386420	noaa_noaa-nhc-AL042024_Debby_p01.png	noaa	PD-USGov
5300-noaa-hurricane-documents/5312_noaa_nhc-al042024-debby_p19_2550x3300.png	5300-noaa-hurricane-documents	noaa	5312	nhc-al042024-debby_p19		2550	3300	png	528193	noaa_noaa-nhc-AL042024_Debby_p19.png	noaa	PD-USGov
5300-noaa-hurricane-documents/5313_noaa_nhc-al042024-debby_p37_3300x2550.png	5300-noaa-hurricane-documents	noaa	5313	nhc-al042024-debby_p37		3300	2550	png	544401	noaa_noaa-nhc-AL042024_Debby_p37.png	noaa	PD-USGov
5300-noaa-hurricane-documents/5314_noaa_nhc-al062024-francine_p01_2550x3300.png	5300-noaa-hurricane-documents	noaa	5314	nhc-al062024-francine_p01		2550	3300	png	1937400	noaa_noaa-nhc-AL062024_Francine_p01.png	noaa	PD-USGov
5300-noaa-hurricane-documents/5315_noaa_nhc-al062024-francine_p12_2550x3300.png	5300-noaa-hurricane-documents	noaa	5315	nhc-al062024-francine_p12		2550	3300	png	377542	noaa_noaa-nhc-AL062024_Francine_p12.png	noaa	PD-USGov
5300-noaa-hurricane-documents/5316_noaa_nhc-al062024-francine_p24_3300x2550.png	5300-noaa-hurricane-documents	noaa	5316	nhc-al062024-francine_p24		3300	2550	png	582977	noaa_noaa-nhc-AL062024_Francine_p24.png	noaa	PD-USGov
5300-noaa-hurricane-documents/5317_noaa_nhc-al072022-fiona_p01_2550x3300.png	5300-noaa-hurricane-documents	noaa	5317	nhc-al072022-fiona_p01		2550	3300	png	3761413	noaa_noaa-nhc-AL072022_Fiona_p01.png	noaa	PD-USGov
5300-noaa-hurricane-documents/5318_noaa_nhc-al072022-fiona_p21_2550x3300.png	5300-noaa-hurricane-documents	noaa	5318	nhc-al072022-fiona_p21		2550	3300	png	532611	noaa_noaa-nhc-AL072022_Fiona_p21.png	noaa	PD-USGov
5300-noaa-hurricane-documents/5319_noaa_nhc-al072022-fiona_p41_2550x3300.png	5300-noaa-hurricane-documents	noaa	5319	nhc-al072022-fiona_p41		2550	3300	png	512078	noaa_noaa-nhc-AL072022_Fiona_p41.png	noaa	PD-USGov
5300-noaa-hurricane-documents/5320_noaa_nhc-al082023-franklin_p01_2550x3300.png	5300-noaa-hurricane-documents	noaa	5320	nhc-al082023-franklin_p01		2550	3300	png	2581434	noaa_noaa-nhc-AL082023_Franklin_p01.png	noaa	PD-USGov
5300-noaa-hurricane-documents/5321_noaa_nhc-al082023-franklin_p10_2550x3300.png	5300-noaa-hurricane-documents	noaa	5321	nhc-al082023-franklin_p10		2550	3300	png	411984	noaa_noaa-nhc-AL082023_Franklin_p10.png	noaa	PD-USGov
5300-noaa-hurricane-documents/5322_noaa_nhc-al082023-franklin_p20_2550x3300.png	5300-noaa-hurricane-documents	noaa	5322	nhc-al082023-franklin_p20		2550	3300	png	519456	noaa_noaa-nhc-AL082023_Franklin_p20.png	noaa	PD-USGov
5300-noaa-hurricane-documents/5323_noaa_nhc-al092022-ian_p01_2550x3300.png	5300-noaa-hurricane-documents	noaa	5323	nhc-al092022-ian_p01		2550	3300	png	2111972	noaa_noaa-nhc-AL092022_Ian_p01.png	noaa	PD-USGov
5300-noaa-hurricane-documents/5324_noaa_nhc-al092022-ian_p25_2550x3300.png	5300-noaa-hurricane-documents	noaa	5324	nhc-al092022-ian_p25		2550	3300	png	358671	noaa_noaa-nhc-AL092022_Ian_p25.png	noaa	PD-USGov
5300-noaa-hurricane-documents/5325_noaa_nhc-al092022-ian_p49_3300x2550.png	5300-noaa-hurricane-documents	noaa	5325	nhc-al092022-ian_p49		3300	2550	png	636183	noaa_noaa-nhc-AL092022_Ian_p49.png	noaa	PD-USGov
5300-noaa-hurricane-documents/5326_noaa_nhc-al102023-idalia_p01_2550x3300.png	5300-noaa-hurricane-documents	noaa	5326	nhc-al102023-idalia_p01		2550	3300	png	3304300	noaa_noaa-nhc-AL102023_Idalia_p01.png	noaa	PD-USGov
5300-noaa-hurricane-documents/5327_noaa_nhc-al102023-idalia_p16_2550x3300.png	5300-noaa-hurricane-documents	noaa	5327	nhc-al102023-idalia_p16		2550	3300	png	388365	noaa_noaa-nhc-AL102023_Idalia_p16.png	noaa	PD-USGov
5300-noaa-hurricane-documents/5328_noaa_nhc-al102023-idalia_p32_3300x2550.png	5300-noaa-hurricane-documents	noaa	5328	nhc-al102023-idalia_p32		3300	2550	png	5262788	noaa_noaa-nhc-AL102023_Idalia_p32.png	noaa	PD-USGov
5300-noaa-hurricane-documents/5329_noaa_nhc-al122024-kirk_p01_2550x3300.png	5300-noaa-hurricane-documents	noaa	5329	nhc-al122024-kirk_p01		2550	3300	png	2291879	noaa_noaa-nhc-AL122024_Kirk_p01.png	noaa	PD-USGov
5300-noaa-hurricane-documents/5330_noaa_nhc-al122024-kirk_p05_2550x3300.png	5300-noaa-hurricane-documents	noaa	5330	nhc-al122024-kirk_p05		2550	3300	png	361255	noaa_noaa-nhc-AL122024_Kirk_p05.png	noaa	PD-USGov
5300-noaa-hurricane-documents/5331_noaa_nhc-al122024-kirk_p10_2550x3300.png	5300-noaa-hurricane-documents	noaa	5331	nhc-al122024-kirk_p10		2550	3300	png	337596	noaa_noaa-nhc-AL122024_Kirk_p10.png	noaa	PD-USGov
5300-noaa-hurricane-documents/5332_noaa_nhc-al132023-lee_p01_2550x3300.png	5300-noaa-hurricane-documents	noaa	5332	nhc-al132023-lee_p01		2550	3300	png	2084958	noaa_noaa-nhc-AL132023_Lee_p01.png	noaa	PD-USGov
5300-noaa-hurricane-documents/5333_noaa_nhc-al132023-lee_p11_2550x3300.png	5300-noaa-hurricane-documents	noaa	5333	nhc-al132023-lee_p11		2550	3300	png	208223	noaa_noaa-nhc-AL132023_Lee_p11.png	noaa	PD-USGov
5300-noaa-hurricane-documents/5334_noaa_nhc-al132023-lee_p21_2550x3300.png	5300-noaa-hurricane-documents	noaa	5334	nhc-al132023-lee_p21		2550	3300	png	460973	noaa_noaa-nhc-AL132023_Lee_p21.png	noaa	PD-USGov
5300-noaa-hurricane-documents/5335_noaa_nhc-al132024-leslie_p01_2550x3300.png	5300-noaa-hurricane-documents	noaa	5335	nhc-al132024-leslie_p01		2550	3300	png	1701372	noaa_noaa-nhc-AL132024_Leslie_p01.png	noaa	PD-USGov
5300-noaa-hurricane-documents/5336_noaa_nhc-al132024-leslie_p05_2550x3300.png	5300-noaa-hurricane-documents	noaa	5336	nhc-al132024-leslie_p05		2550	3300	png	341768	noaa_noaa-nhc-AL132024_Leslie_p05.png	noaa	PD-USGov
5300-noaa-hurricane-documents/5337_noaa_nhc-al132024-leslie_p09_2550x3300.png	5300-noaa-hurricane-documents	noaa	5337	nhc-al132024-leslie_p09		2550	3300	png	373874	noaa_noaa-nhc-AL132024_Leslie_p09.png	noaa	PD-USGov
5300-noaa-hurricane-documents/5338_noaa_nhc-al172022-nicole_p01_2550x3300.png	5300-noaa-hurricane-documents	noaa	5338	nhc-al172022-nicole_p01		2550	3300	png	2281076	noaa_noaa-nhc-AL172022_Nicole_p01.png	noaa	PD-USGov
5300-noaa-hurricane-documents/5339_noaa_nhc-al172022-nicole_p20_2550x3300.png	5300-noaa-hurricane-documents	noaa	5339	nhc-al172022-nicole_p20		2550	3300	png	548240	noaa_noaa-nhc-AL172022_Nicole_p20.png	noaa	PD-USGov
5300-noaa-hurricane-documents/5340_noaa_nhc-al172022-nicole_p40_2550x3300.png	5300-noaa-hurricane-documents	noaa	5340	nhc-al172022-nicole_p40		2550	3300	png	164468	noaa_noaa-nhc-AL172022_Nicole_p40.png	noaa	PD-USGov
5300-noaa-hurricane-documents/5341_noaa_nhc-al182024-rafael_p01_2550x3300.png	5300-noaa-hurricane-documents	noaa	5341	nhc-al182024-rafael_p01		2550	3300	png	3417165	noaa_noaa-nhc-AL182024_Rafael_p01.png	noaa	PD-USGov
5300-noaa-hurricane-documents/5342_noaa_nhc-al182024-rafael_p10_2550x3300.png	5300-noaa-hurricane-documents	noaa	5342	nhc-al182024-rafael_p10		2550	3300	png	242275	noaa_noaa-nhc-AL182024_Rafael_p10.png	noaa	PD-USGov
5300-noaa-hurricane-documents/5343_noaa_nhc-al182024-rafael_p19_2550x3300.png	5300-noaa-hurricane-documents	noaa	5343	nhc-al182024-rafael_p19		2550	3300	png	148651	noaa_noaa-nhc-AL182024_Rafael_p19.png	noaa	PD-USGov
6000-lilith-scans-public-patents/lynn_conway_us5046022_1bitoriginal/6000_scans-patents_lynn-conway-us5046022-1bit_p001_2320x3408.png	6000-lilith-scans-public-patents	scans-patents	6000	lynn-conway-us5046022-1bit_p001		2320	3408	png	129218	page_001.png	uspto	PD
6000-lilith-scans-public-patents/lynn_conway_us5046022_1bitoriginal/6001_scans-patents_lynn-conway-us5046022-1bit_p002_2320x3408.png	6000-lilith-scans-public-patents	scans-patents	6001	lynn-conway-us5046022-1bit_p002		2320	3408	png	62637	page_002.png	uspto	PD
6000-lilith-scans-public-patents/lynn_conway_us5046022_1bitoriginal/6002_scans-patents_lynn-conway-us5046022-1bit_p003_2320x3408.png	6000-lilith-scans-public-patents	scans-patents	6002	lynn-conway-us5046022-1bit_p003		2320	3408	png	66468	page_003.png	uspto	PD
6000-lilith-scans-public-patents/lynn_conway_us5046022_1bitoriginal/6003_scans-patents_lynn-conway-us5046022-1bit_p004_2320x3408.png	6000-lilith-scans-public-patents	scans-patents	6003	lynn-conway-us5046022-1bit_p004		2320	3408	png	62699	page_004.png	uspto	PD
6000-lilith-scans-public-patents/lynn_conway_us5046022_1bitoriginal/6004_scans-patents_lynn-conway-us5046022-1bit_p005_2320x3408.png	6000-lilith-scans-public-patents	scans-patents	6004	lynn-conway-us5046022-1bit_p005		2320	3408	png	80573	page_005.png	uspto	PD
6000-lilith-scans-public-patents/lynn_conway_us5046022_1bitoriginal/6005_scans-patents_lynn-conway-us5046022-1bit_p006_2320x3408.png	6000-lilith-scans-public-patents	scans-patents	6005	lynn-conway-us5046022-1bit_p006		2320	3408	png	51068	page_006.png	uspto	PD
6000-lilith-scans-public-patents/lynn_conway_us5046022_1bitoriginal/6006_scans-patents_lynn-conway-us5046022-1bit_p007_2320x3408.png	6000-lilith-scans-public-patents	scans-patents	6006	lynn-conway-us5046022-1bit_p007		2320	3408	png	68578	page_007.png	uspto	PD
6000-lilith-scans-public-patents/lynn_conway_us5046022_1bitoriginal/6007_scans-patents_lynn-conway-us5046022-1bit_p008_2320x3408.png	6000-lilith-scans-public-patents	scans-patents	6007	lynn-conway-us5046022-1bit_p008		2320	3408	png	57864	page_008.png	uspto	PD
6000-lilith-scans-public-patents/lynn_conway_us5046022_1bitoriginal/6008_scans-patents_lynn-conway-us5046022-1bit_p009_2320x3408.png	6000-lilith-scans-public-patents	scans-patents	6008	lynn-conway-us5046022-1bit_p009		2320	3408	png	185627	page_009.png	uspto	PD
6000-lilith-scans-public-patents/lynn_conway_us5046022_1bitoriginal/6009_scans-patents_lynn-conway-us5046022-1bit_p010_2320x3408.png	6000-lilith-scans-public-patents	scans-patents	6009	lynn-conway-us5046022-1bit_p010		2320	3408	png	181075	page_010.png	uspto	PD
6000-lilith-scans-public-patents/lynn_conway_us5046022_1bitoriginal/6010_scans-patents_lynn-conway-us5046022-1bit_p011_2320x3408.png	6000-lilith-scans-public-patents	scans-patents	6010	lynn-conway-us5046022-1bit_p011		2320	3408	png	188422	page_011.png	uspto	PD
6000-lilith-scans-public-patents/lynn_conway_us5046022_1bitoriginal/6011_scans-patents_lynn-conway-us5046022-1bit_p012_2320x3408.png	6000-lilith-scans-public-patents	scans-patents	6011	lynn-conway-us5046022-1bit_p012		2320	3408	png	188070	page_012.png	uspto	PD
6000-lilith-scans-public-patents/lynn_conway_us5046022_1bitoriginal/6012_scans-patents_lynn-conway-us5046022-1bit_p013_2320x3408.png	6000-lilith-scans-public-patents	scans-patents	6012	lynn-conway-us5046022-1bit_p013		2320	3408	png	180097	page_013.png	uspto	PD
6000-lilith-scans-public-patents/lynn_conway_us5046022_1bitoriginal/6013_scans-patents_lynn-conway-us5046022-1bit_p014_2320x3408.png	6000-lilith-scans-public-patents	scans-patents	6013	lynn-conway-us5046022-1bit_p014		2320	3408	png	184538	page_014.png	uspto	PD
6000-lilith-scans-public-patents/lynn_conway_us5046022_1bitoriginal/6014_scans-patents_lynn-conway-us5046022-1bit_p015_2320x3408.png	6000-lilith-scans-public-patents	scans-patents	6014	lynn-conway-us5046022-1bit_p015		2320	3408	png	186953	page_015.png	uspto	PD
6000-lilith-scans-public-patents/lynn_conway_us5046022_1bitoriginal/6015_scans-patents_lynn-conway-us5046022-1bit_p016_2320x3408.png	6000-lilith-scans-public-patents	scans-patents	6015	lynn-conway-us5046022-1bit_p016		2320	3408	png	184965	page_016.png	uspto	PD
6000-lilith-scans-public-patents/lynn_conway_us5046022_1bitoriginal/6016_scans-patents_lynn-conway-us5046022-1bit_p017_2320x3408.png	6000-lilith-scans-public-patents	scans-patents	6016	lynn-conway-us5046022-1bit_p017		2320	3408	png	184326	page_017.png	uspto	PD
6000-lilith-scans-public-patents/lynn_conway_us5046022_1bitoriginal/6017_scans-patents_lynn-conway-us5046022-1bit_p018_2320x3408.png	6000-lilith-scans-public-patents	scans-patents	6017	lynn-conway-us5046022-1bit_p018		2320	3408	png	172521	page_018.png	uspto	PD
6000-lilith-scans-public-patents/lynn_conway_us5046022_1bitoriginal/6018_scans-patents_lynn-conway-us5046022-1bit_p019_2320x3408.png	6000-lilith-scans-public-patents	scans-patents	6018	lynn-conway-us5046022-1bit_p019		2320	3408	png	189244	page_019.png	uspto	PD
6000-lilith-scans-public-patents/lynn_conway_us5046022_1bitoriginal/6019_scans-patents_lynn-conway-us5046022-1bit_p020_2320x3408.png	6000-lilith-scans-public-patents	scans-patents	6019	lynn-conway-us5046022-1bit_p020		2320	3408	png	188638	page_020.png	uspto	PD
6000-lilith-scans-public-patents/lynn_conway_us5046022_1bitoriginal/6020_scans-patents_lynn-conway-us5046022-1bit_p021_2320x3408.png	6000-lilith-scans-public-patents	scans-patents	6020	lynn-conway-us5046022-1bit_p021		2320	3408	png	188577	page_021.png	uspto	PD
6000-lilith-scans-public-patents/lynn_conway_us5046022_1bitoriginal/6021_scans-patents_lynn-conway-us5046022-1bit_p022_2320x3408.png	6000-lilith-scans-public-patents	scans-patents	6021	lynn-conway-us5046022-1bit_p022		2320	3408	png	176595	page_022.png	uspto	PD
6000-lilith-scans-public-patents/lynn_conway_us5046022_1bitoriginal/6022_scans-patents_lynn-conway-us5046022-1bit_p023_2320x3408.png	6000-lilith-scans-public-patents	scans-patents	6022	lynn-conway-us5046022-1bit_p023		2320	3408	png	176736	page_023.png	uspto	PD
6000-lilith-scans-public-patents/lynn_conway_us5046022_1bitoriginal/6023_scans-patents_lynn-conway-us5046022-1bit_p024_2320x3408.png	6000-lilith-scans-public-patents	scans-patents	6023	lynn-conway-us5046022-1bit_p024		2320	3408	png	166191	page_024.png	uspto	PD
6000-lilith-scans-public-patents/lynn_conway_us5046022_1bitoriginal/6024_scans-patents_lynn-conway-us5046022-1bit_p025_2320x3408.png	6000-lilith-scans-public-patents	scans-patents	6024	lynn-conway-us5046022-1bit_p025		2320	3408	png	168139	page_025.png	uspto	PD
6000-lilith-scans-public-patents/lynn_conway_us5046022_1bitoriginal/6025_scans-patents_lynn-conway-us5046022-1bit_p026_2320x3408.png	6000-lilith-scans-public-patents	scans-patents	6025	lynn-conway-us5046022-1bit_p026		2320	3408	png	165224	page_026.png	uspto	PD
6000-lilith-scans-public-patents/lynn_conway_us5046022_1bitoriginal/6026_scans-patents_lynn-conway-us5046022-1bit_p027_2320x3408.png	6000-lilith-scans-public-patents	scans-patents	6026	lynn-conway-us5046022-1bit_p027		2320	3408	png	80839	page_027.png	uspto	PD
6000-lilith-scans-public-patents/lynn_conway_us5046022_1bitoriginal/6027_scans-patents_lynn-conway-us5046022-1bit_p028_2320x3408.png	6000-lilith-scans-public-patents	scans-patents	6027	lynn-conway-us5046022-1bit_p028		2320	3408	png	60210	page_028.png	uspto	PD
6000-lilith-scans-public-patents/lynn_conway_us5046022_1bitoriginal/6028_scans-patents_lynn-conway-us5046022-1bit_p029_2320x3408.png	6000-lilith-scans-public-patents	scans-patents	6028	lynn-conway-us5046022-1bit_p029		2320	3408	png	37018	page_029.png	uspto	PD
6000-lilith-scans-public-patents/lynn_conway_us5046022_printrescancolor300/6029_scans-patents_lynn-conway-us5046022-rescan-color_p001_2479x3230.jpg	6000-lilith-scans-public-patents	scans-patents	6029	lynn-conway-us5046022-rescan-color_p001		2479	3230	jpg	1057021	page_001.jpg	uspto	PD
6000-lilith-scans-public-patents/lynn_conway_us5046022_printrescancolor300/6030_scans-patents_lynn-conway-us5046022-rescan-color_p002_2479x3230.jpg	6000-lilith-scans-public-patents	scans-patents	6030	lynn-conway-us5046022-rescan-color_p002		2479	3230	jpg	715352	page_002.jpg	uspto	PD
6000-lilith-scans-public-patents/lynn_conway_us5046022_printrescancolor300/6031_scans-patents_lynn-conway-us5046022-rescan-color_p003_2479x3230.jpg	6000-lilith-scans-public-patents	scans-patents	6031	lynn-conway-us5046022-rescan-color_p003		2479	3230	jpg	556020	page_003.jpg	uspto	PD
6000-lilith-scans-public-patents/lynn_conway_us5046022_printrescancolor300/6032_scans-patents_lynn-conway-us5046022-rescan-color_p004_2479x3230.jpg	6000-lilith-scans-public-patents	scans-patents	6032	lynn-conway-us5046022-rescan-color_p004		2479	3230	jpg	768080	page_004.jpg	uspto	PD
6000-lilith-scans-public-patents/lynn_conway_us5046022_printrescancolor300/6033_scans-patents_lynn-conway-us5046022-rescan-color_p005_2479x3230.jpg	6000-lilith-scans-public-patents	scans-patents	6033	lynn-conway-us5046022-rescan-color_p005		2479	3230	jpg	656805	page_005.jpg	uspto	PD
6000-lilith-scans-public-patents/lynn_conway_us5046022_printrescancolor300/6034_scans-patents_lynn-conway-us5046022-rescan-color_p006_2479x3230.jpg	6000-lilith-scans-public-patents	scans-patents	6034	lynn-conway-us5046022-rescan-color_p006		2479	3230	jpg	726678	page_006.jpg	uspto	PD
6000-lilith-scans-public-patents/lynn_conway_us5046022_printrescancolor300/6035_scans-patents_lynn-conway-us5046022-rescan-color_p007_2479x3230.jpg	6000-lilith-scans-public-patents	scans-patents	6035	lynn-conway-us5046022-rescan-color_p007		2479	3230	jpg	577680	page_007.jpg	uspto	PD
6000-lilith-scans-public-patents/lynn_conway_us5046022_printrescancolor300/6036_scans-patents_lynn-conway-us5046022-rescan-color_p008_2479x3230.jpg	6000-lilith-scans-public-patents	scans-patents	6036	lynn-conway-us5046022-rescan-color_p008		2479	3230	jpg	798514	page_008.jpg	uspto	PD
6000-lilith-scans-public-patents/lynn_conway_us5046022_printrescancolor300/6037_scans-patents_lynn-conway-us5046022-rescan-color_p009_2479x3230.jpg	6000-lilith-scans-public-patents	scans-patents	6037	lynn-conway-us5046022-rescan-color_p009		2479	3230	jpg	1511597	page_009.jpg	uspto	PD
6000-lilith-scans-public-patents/lynn_conway_us5046022_printrescancolor300/6038_scans-patents_lynn-conway-us5046022-rescan-color_p010_2479x3230.jpg	6000-lilith-scans-public-patents	scans-patents	6038	lynn-conway-us5046022-rescan-color_p010		2479	3230	jpg	1648801	page_010.jpg	uspto	PD
6000-lilith-scans-public-patents/lynn_conway_us5046022_printrescancolor300/6039_scans-patents_lynn-conway-us5046022-rescan-color_p011_2479x3230.jpg	6000-lilith-scans-public-patents	scans-patents	6039	lynn-conway-us5046022-rescan-color_p011		2479	3230	jpg	1542764	page_011.jpg	uspto	PD
6000-lilith-scans-public-patents/lynn_conway_us5046022_printrescancolor300/6040_scans-patents_lynn-conway-us5046022-rescan-color_p012_2479x3230.jpg	6000-lilith-scans-public-patents	scans-patents	6040	lynn-conway-us5046022-rescan-color_p012		2479	3230	jpg	1708468	page_012.jpg	uspto	PD
6000-lilith-scans-public-patents/lynn_conway_us5046022_printrescancolor300/6041_scans-patents_lynn-conway-us5046022-rescan-color_p013_2479x3230.jpg	6000-lilith-scans-public-patents	scans-patents	6041	lynn-conway-us5046022-rescan-color_p013		2479	3230	jpg	1452212	page_013.jpg	uspto	PD
6000-lilith-scans-public-patents/lynn_conway_us5046022_printrescancolor300/6042_scans-patents_lynn-conway-us5046022-rescan-color_p014_2479x3230.jpg	6000-lilith-scans-public-patents	scans-patents	6042	lynn-conway-us5046022-rescan-color_p014		2479	3230	jpg	1729204	page_014.jpg	uspto	PD
6000-lilith-scans-public-patents/lynn_conway_us5046022_printrescancolor300/6043_scans-patents_lynn-conway-us5046022-rescan-color_p015_2479x3230.jpg	6000-lilith-scans-public-patents	scans-patents	6043	lynn-conway-us5046022-rescan-color_p015		2479	3230	jpg	1543676	page_015.jpg	uspto	PD
6000-lilith-scans-public-patents/lynn_conway_us5046022_printrescancolor300/6044_scans-patents_lynn-conway-us5046022-rescan-color_p016_2479x3230.jpg	6000-lilith-scans-public-patents	scans-patents	6044	lynn-conway-us5046022-rescan-color_p016		2479	3230	jpg	1716786	page_016.jpg	uspto	PD
6000-lilith-scans-public-patents/lynn_conway_us5046022_printrescancolor300/6045_scans-patents_lynn-conway-us5046022-rescan-color_p017_2479x3230.jpg	6000-lilith-scans-public-patents	scans-patents	6045	lynn-conway-us5046022-rescan-color_p017		2479	3230	jpg	1504001	page_017.jpg	uspto	PD
6000-lilith-scans-public-patents/lynn_conway_us5046022_printrescancolor300/6046_scans-patents_lynn-conway-us5046022-rescan-color_p018_2479x3230.jpg	6000-lilith-scans-public-patents	scans-patents	6046	lynn-conway-us5046022-rescan-color_p018		2479	3230	jpg	1629916	page_018.jpg	uspto	PD
6000-lilith-scans-public-patents/lynn_conway_us5046022_printrescancolor300/6047_scans-patents_lynn-conway-us5046022-rescan-color_p019_2479x3230.jpg	6000-lilith-scans-public-patents	scans-patents	6047	lynn-conway-us5046022-rescan-color_p019		2479	3230	jpg	1555037	page_019.jpg	uspto	PD
6000-lilith-scans-public-patents/lynn_conway_us5046022_printrescancolor300/6048_scans-patents_lynn-conway-us5046022-rescan-color_p020_2479x3230.jpg	6000-lilith-scans-public-patents	scans-patents	6048	lynn-conway-us5046022-rescan-color_p020		2479	3230	jpg	1692638	page_020.jpg	uspto	PD
6000-lilith-scans-public-patents/lynn_conway_us5046022_printrescancolor300/6049_scans-patents_lynn-conway-us5046022-rescan-color_p021_2479x3230.jpg	6000-lilith-scans-public-patents	scans-patents	6049	lynn-conway-us5046022-rescan-color_p021		2479	3230	jpg	1548011	page_021.jpg	uspto	PD
6000-lilith-scans-public-patents/lynn_conway_us5046022_printrescancolor300/6050_scans-patents_lynn-conway-us5046022-rescan-color_p022_2479x3230.jpg	6000-lilith-scans-public-patents	scans-patents	6050	lynn-conway-us5046022-rescan-color_p022		2479	3230	jpg	1603388	page_022.jpg	uspto	PD
6000-lilith-scans-public-patents/lynn_conway_us5046022_printrescancolor300/6051_scans-patents_lynn-conway-us5046022-rescan-color_p023_2479x3230.jpg	6000-lilith-scans-public-patents	scans-patents	6051	lynn-conway-us5046022-rescan-color_p023		2479	3230	jpg	1445483	page_023.jpg	uspto	PD
6000-lilith-scans-public-patents/lynn_conway_us5046022_printrescancolor300/6052_scans-patents_lynn-conway-us5046022-rescan-color_p024_2479x3230.jpg	6000-lilith-scans-public-patents	scans-patents	6052	lynn-conway-us5046022-rescan-color_p024		2479	3230	jpg	1546580	page_024.jpg	uspto	PD
6000-lilith-scans-public-patents/lynn_conway_us5046022_printrescancolor300/6053_scans-patents_lynn-conway-us5046022-rescan-color_p025_2479x3230.jpg	6000-lilith-scans-public-patents	scans-patents	6053	lynn-conway-us5046022-rescan-color_p025		2479	3230	jpg	1335212	page_025.jpg	uspto	PD
6000-lilith-scans-public-patents/lynn_conway_us5046022_printrescancolor300/6054_scans-patents_lynn-conway-us5046022-rescan-color_p026_2479x3230.jpg	6000-lilith-scans-public-patents	scans-patents	6054	lynn-conway-us5046022-rescan-color_p026		2479	3230	jpg	1573043	page_026.jpg	uspto	PD
6000-lilith-scans-public-patents/lynn_conway_us5046022_printrescancolor300/6055_scans-patents_lynn-conway-us5046022-rescan-color_p027_2479x3230.jpg	6000-lilith-scans-public-patents	scans-patents	6055	lynn-conway-us5046022-rescan-color_p027		2479	3230	jpg	698567	page_027.jpg	uspto	PD
6000-lilith-scans-public-patents/lynn_conway_us5046022_printrescancolor300/6056_scans-patents_lynn-conway-us5046022-rescan-color_p028_2479x3230.jpg	6000-lilith-scans-public-patents	scans-patents	6056	lynn-conway-us5046022-rescan-color_p028		2479	3230	jpg	868914	page_028.jpg	uspto	PD
6000-lilith-scans-public-patents/lynn_conway_us5046022_printrescancolor300/6057_scans-patents_lynn-conway-us5046022-rescan-color_p029_2479x3230.jpg	6000-lilith-scans-public-patents	scans-patents	6057	lynn-conway-us5046022-rescan-color_p029		2479	3230	jpg	443403	page_029.jpg	uspto	PD
6000-lilith-scans-public-patents/lynn_conway_us5046022_printrescancolor300/6058_scans-patents_lynn-conway-us5046022-rescan-color_p030_2479x3230.jpg	6000-lilith-scans-public-patents	scans-patents	6058	lynn-conway-us5046022-rescan-color_p030		2479	3230	jpg	422835	page_030.jpg	uspto	PD
6000-lilith-scans-public-patents/lynn_conway_us5046022_printrescangray300/6059_scans-patents_lynn-conway-us5046022-rescan-gray_p001_2479x3230.jpg	6000-lilith-scans-public-patents	scans-patents	6059	lynn-conway-us5046022-rescan-gray_p001		2479	3230	jpg	962726	page_001.jpg	uspto	PD
6000-lilith-scans-public-patents/lynn_conway_us5046022_printrescangray300/6060_scans-patents_lynn-conway-us5046022-rescan-gray_p002_2479x3230.jpg	6000-lilith-scans-public-patents	scans-patents	6060	lynn-conway-us5046022-rescan-gray_p002		2479	3230	jpg	615817	page_002.jpg	uspto	PD
6000-lilith-scans-public-patents/lynn_conway_us5046022_printrescangray300/6061_scans-patents_lynn-conway-us5046022-rescan-gray_p003_2479x3230.jpg	6000-lilith-scans-public-patents	scans-patents	6061	lynn-conway-us5046022-rescan-gray_p003		2479	3230	jpg	506755	page_003.jpg	uspto	PD
6000-lilith-scans-public-patents/lynn_conway_us5046022_printrescangray300/6062_scans-patents_lynn-conway-us5046022-rescan-gray_p004_2479x3230.jpg	6000-lilith-scans-public-patents	scans-patents	6062	lynn-conway-us5046022-rescan-gray_p004		2479	3230	jpg	614907	page_004.jpg	uspto	PD
6000-lilith-scans-public-patents/lynn_conway_us5046022_printrescangray300/6063_scans-patents_lynn-conway-us5046022-rescan-gray_p005_2479x3230.jpg	6000-lilith-scans-public-patents	scans-patents	6063	lynn-conway-us5046022-rescan-gray_p005		2479	3230	jpg	598419	page_005.jpg	uspto	PD
6000-lilith-scans-public-patents/lynn_conway_us5046022_printrescangray300/6064_scans-patents_lynn-conway-us5046022-rescan-gray_p006_2479x3230.jpg	6000-lilith-scans-public-patents	scans-patents	6064	lynn-conway-us5046022-rescan-gray_p006		2479	3230	jpg	570642	page_006.jpg	uspto	PD
6000-lilith-scans-public-patents/lynn_conway_us5046022_printrescangray300/6065_scans-patents_lynn-conway-us5046022-rescan-gray_p007_2479x3230.jpg	6000-lilith-scans-public-patents	scans-patents	6065	lynn-conway-us5046022-rescan-gray_p007		2479	3230	jpg	520664	page_007.jpg	uspto	PD
6000-lilith-scans-public-patents/lynn_conway_us5046022_printrescangray300/6066_scans-patents_lynn-conway-us5046022-rescan-gray_p008_2479x3230.jpg	6000-lilith-scans-public-patents	scans-patents	6066	lynn-conway-us5046022-rescan-gray_p008		2479	3230	jpg	623082	page_008.jpg	uspto	PD
6000-lilith-scans-public-patents/lynn_conway_us5046022_printrescangray300/6067_scans-patents_lynn-conway-us5046022-rescan-gray_p009_2479x3230.jpg	6000-lilith-scans-public-patents	scans-patents	6067	lynn-conway-us5046022-rescan-gray_p009		2479	3230	jpg	1386576	page_009.jpg	uspto	PD
6000-lilith-scans-public-patents/lynn_conway_us5046022_printrescangray300/6068_scans-patents_lynn-conway-us5046022-rescan-gray_p010_2479x3230.jpg	6000-lilith-scans-public-patents	scans-patents	6068	lynn-conway-us5046022-rescan-gray_p010		2479	3230	jpg	1495245	page_010.jpg	uspto	PD
6000-lilith-scans-public-patents/lynn_conway_us5046022_printrescangray300/6069_scans-patents_lynn-conway-us5046022-rescan-gray_p011_2479x3230.jpg	6000-lilith-scans-public-patents	scans-patents	6069	lynn-conway-us5046022-rescan-gray_p011		2479	3230	jpg	1439265	page_011.jpg	uspto	PD
6000-lilith-scans-public-patents/lynn_conway_us5046022_printrescangray300/6070_scans-patents_lynn-conway-us5046022-rescan-gray_p012_2479x3230.jpg	6000-lilith-scans-public-patents	scans-patents	6070	lynn-conway-us5046022-rescan-gray_p012		2479	3230	jpg	1571153	page_012.jpg	uspto	PD
6000-lilith-scans-public-patents/lynn_conway_us5046022_printrescangray300/6071_scans-patents_lynn-conway-us5046022-rescan-gray_p013_2479x3230.jpg	6000-lilith-scans-public-patents	scans-patents	6071	lynn-conway-us5046022-rescan-gray_p013		2479	3230	jpg	1369042	page_013.jpg	uspto	PD
6000-lilith-scans-public-patents/lynn_conway_us5046022_printrescangray300/6072_scans-patents_lynn-conway-us5046022-rescan-gray_p014_2479x3230.jpg	6000-lilith-scans-public-patents	scans-patents	6072	lynn-conway-us5046022-rescan-gray_p014		2479	3230	jpg	1600963	page_014.jpg	uspto	PD
6000-lilith-scans-public-patents/lynn_conway_us5046022_printrescangray300/6073_scans-patents_lynn-conway-us5046022-rescan-gray_p015_2479x3230.jpg	6000-lilith-scans-public-patents	scans-patents	6073	lynn-conway-us5046022-rescan-gray_p015		2479	3230	jpg	1433386	page_015.jpg	uspto	PD
6000-lilith-scans-public-patents/lynn_conway_us5046022_printrescangray300/6074_scans-patents_lynn-conway-us5046022-rescan-gray_p016_2479x3230.jpg	6000-lilith-scans-public-patents	scans-patents	6074	lynn-conway-us5046022-rescan-gray_p016		2479	3230	jpg	1564289	page_016.jpg	uspto	PD
6000-lilith-scans-public-patents/lynn_conway_us5046022_printrescangray300/6075_scans-patents_lynn-conway-us5046022-rescan-gray_p017_2479x3230.jpg	6000-lilith-scans-public-patents	scans-patents	6075	lynn-conway-us5046022-rescan-gray_p017		2479	3230	jpg	1409134	page_017.jpg	uspto	PD
6000-lilith-scans-public-patents/lynn_conway_us5046022_printrescangray300/6076_scans-patents_lynn-conway-us5046022-rescan-gray_p018_2479x3230.jpg	6000-lilith-scans-public-patents	scans-patents	6076	lynn-conway-us5046022-rescan-gray_p018		2479	3230	jpg	1494628	page_018.jpg	uspto	PD
6000-lilith-scans-public-patents/lynn_conway_us5046022_printrescangray300/6077_scans-patents_lynn-conway-us5046022-rescan-gray_p019_2479x3230.jpg	6000-lilith-scans-public-patents	scans-patents	6077	lynn-conway-us5046022-rescan-gray_p019		2479	3230	jpg	1439294	page_019.jpg	uspto	PD
6000-lilith-scans-public-patents/lynn_conway_us5046022_printrescangray300/6078_scans-patents_lynn-conway-us5046022-rescan-gray_p020_2479x3230.jpg	6000-lilith-scans-public-patents	scans-patents	6078	lynn-conway-us5046022-rescan-gray_p020		2479	3230	jpg	1558656	page_020.jpg	uspto	PD
6000-lilith-scans-public-patents/lynn_conway_us5046022_printrescangray300/6079_scans-patents_lynn-conway-us5046022-rescan-gray_p021_2479x3230.jpg	6000-lilith-scans-public-patents	scans-patents	6079	lynn-conway-us5046022-rescan-gray_p021		2479	3230	jpg	1426905	page_021.jpg	uspto	PD
6000-lilith-scans-public-patents/lynn_conway_us5046022_printrescangray300/6080_scans-patents_lynn-conway-us5046022-rescan-gray_p022_2479x3230.jpg	6000-lilith-scans-public-patents	scans-patents	6080	lynn-conway-us5046022-rescan-gray_p022		2479	3230	jpg	1458624	page_022.jpg	uspto	PD
6000-lilith-scans-public-patents/lynn_conway_us5046022_printrescangray300/6081_scans-patents_lynn-conway-us5046022-rescan-gray_p023_2479x3230.jpg	6000-lilith-scans-public-patents	scans-patents	6081	lynn-conway-us5046022-rescan-gray_p023		2479	3230	jpg	1333103	page_023.jpg	uspto	PD
6000-lilith-scans-public-patents/lynn_conway_us5046022_printrescangray300/6082_scans-patents_lynn-conway-us5046022-rescan-gray_p024_2479x3230.jpg	6000-lilith-scans-public-patents	scans-patents	6082	lynn-conway-us5046022-rescan-gray_p024		2479	3230	jpg	1402194	page_024.jpg	uspto	PD
6000-lilith-scans-public-patents/lynn_conway_us5046022_printrescangray300/6083_scans-patents_lynn-conway-us5046022-rescan-gray_p025_2479x3230.jpg	6000-lilith-scans-public-patents	scans-patents	6083	lynn-conway-us5046022-rescan-gray_p025		2479	3230	jpg	1241701	page_025.jpg	uspto	PD
6000-lilith-scans-public-patents/lynn_conway_us5046022_printrescangray300/6084_scans-patents_lynn-conway-us5046022-rescan-gray_p026_2479x3230.jpg	6000-lilith-scans-public-patents	scans-patents	6084	lynn-conway-us5046022-rescan-gray_p026		2479	3230	jpg	1430545	page_026.jpg	uspto	PD
6000-lilith-scans-public-patents/lynn_conway_us5046022_printrescangray300/6085_scans-patents_lynn-conway-us5046022-rescan-gray_p027_2479x3230.jpg	6000-lilith-scans-public-patents	scans-patents	6085	lynn-conway-us5046022-rescan-gray_p027		2479	3230	jpg	650174	page_027.jpg	uspto	PD
6000-lilith-scans-public-patents/lynn_conway_us5046022_printrescangray300/6086_scans-patents_lynn-conway-us5046022-rescan-gray_p028_2479x3230.jpg	6000-lilith-scans-public-patents	scans-patents	6086	lynn-conway-us5046022-rescan-gray_p028		2479	3230	jpg	693847	page_028.jpg	uspto	PD
6000-lilith-scans-public-patents/lynn_conway_us5046022_printrescangray300/6087_scans-patents_lynn-conway-us5046022-rescan-gray_p029_2479x3230.jpg	6000-lilith-scans-public-patents	scans-patents	6087	lynn-conway-us5046022-rescan-gray_p029		2479	3230	jpg	392013	page_029.jpg	uspto	PD
6000-lilith-scans-public-patents/lynn_conway_us5046022_printrescangray300/6088_scans-patents_lynn-conway-us5046022-rescan-gray_p030_2479x3230.jpg	6000-lilith-scans-public-patents	scans-patents	6088	lynn-conway-us5046022-rescan-gray_p030		2479	3230	jpg	236165	page_030.jpg	uspto	PD
6000-lilith-scans-public-patents/martha_jones_us77494_1bitoriginal/6089_scans-patents_martha-jones-us77494-1bit_p001_2320x3408.png	6000-lilith-scans-public-patents	scans-patents	6089	martha-jones-us77494-1bit_p001		2320	3408	png	58270	page_001.png	uspto	PD
6000-lilith-scans-public-patents/martha_jones_us77494_1bitoriginal/6090_scans-patents_martha-jones-us77494-1bit_p002_2320x3408.png	6000-lilith-scans-public-patents	scans-patents	6090	martha-jones-us77494-1bit_p002		2320	3408	png	119901	page_002.png	uspto	PD
6000-lilith-scans-public-patents/martha_jones_us77494_1bitoriginal/6091_scans-patents_martha-jones-us77494-1bit_p003_2320x3408.png	6000-lilith-scans-public-patents	scans-patents	6091	martha-jones-us77494-1bit_p003		2320	3408	png	47259	page_003.png	uspto	PD
6000-lilith-scans-public-patents/martha_jones_us77494_printrescancolor300/6092_scans-patents_martha-jones-us77494-rescan-color_p001_2479x3230.jpg	6000-lilith-scans-public-patents	scans-patents	6092	martha-jones-us77494-rescan-color_p001		2479	3230	jpg	550726	page_001.jpg	uspto	PD
6000-lilith-scans-public-patents/martha_jones_us77494_printrescancolor300/6093_scans-patents_martha-jones-us77494-rescan-color_p002_2479x3230.jpg	6000-lilith-scans-public-patents	scans-patents	6093	martha-jones-us77494-rescan-color_p002		2479	3230	jpg	1095764	page_002.jpg	uspto	PD
6000-lilith-scans-public-patents/martha_jones_us77494_printrescancolor300/6094_scans-patents_martha-jones-us77494-rescan-color_p003_2479x3230.jpg	6000-lilith-scans-public-patents	scans-patents	6094	martha-jones-us77494-rescan-color_p003		2479	3230	jpg	523661	page_003.jpg	uspto	PD
6000-lilith-scans-public-patents/martha_jones_us77494_printrescangrayscale300/6095_scans-patents_martha-jones-us77494-rescan-gray_p001_2479x3230.jpg	6000-lilith-scans-public-patents	scans-patents	6095	martha-jones-us77494-rescan-gray_p001		2479	3230	jpg	418828	page_001.jpg	uspto	PD
6000-lilith-scans-public-patents/martha_jones_us77494_printrescangrayscale300/6096_scans-patents_martha-jones-us77494-rescan-gray_p002_2479x3230.jpg	6000-lilith-scans-public-patents	scans-patents	6096	martha-jones-us77494-rescan-gray_p002		2479	3230	jpg	939933	page_002.jpg	uspto	PD
6000-lilith-scans-public-patents/martha_jones_us77494_printrescangrayscale300/6097_scans-patents_martha-jones-us77494-rescan-gray_p003_2479x3230.jpg	6000-lilith-scans-public-patents	scans-patents	6097	martha-jones-us77494-rescan-gray_p003		2479	3230	jpg	400837	page_003.jpg	uspto	PD
6000-lilith-scans-public-patents/yvonne_brill_us3807657_1bitoriginal/6098_scans-patents_yvonne-brill-us3807657-1bit_p001_2320x3408.png	6000-lilith-scans-public-patents	scans-patents	6098	yvonne-brill-us3807657-1bit_p001		2320	3408	png	99115	page_001.png	uspto	PD
6000-lilith-scans-public-patents/yvonne_brill_us3807657_1bitoriginal/6099_scans-patents_yvonne-brill-us3807657-1bit_p002_2320x3408.png	6000-lilith-scans-public-patents	scans-patents	6099	yvonne-brill-us3807657-1bit_p002		2320	3408	png	52812	page_002.png	uspto	PD
6000-lilith-scans-public-patents/yvonne_brill_us3807657_1bitoriginal/6100_scans-patents_yvonne-brill-us3807657-1bit_p003_2320x3408.png	6000-lilith-scans-public-patents	scans-patents	6100	yvonne-brill-us3807657-1bit_p003		2320	3408	png	91135	page_003.png	uspto	PD
6000-lilith-scans-public-patents/yvonne_brill_us3807657_1bitoriginal/6101_scans-patents_yvonne-brill-us3807657-1bit_p004_2320x3408.png	6000-lilith-scans-public-patents	scans-patents	6101	yvonne-brill-us3807657-1bit_p004		2320	3408	png	182961	page_004.png	uspto	PD
6000-lilith-scans-public-patents/yvonne_brill_us3807657_1bitoriginal/6102_scans-patents_yvonne-brill-us3807657-1bit_p005_2320x3408.png	6000-lilith-scans-public-patents	scans-patents	6102	yvonne-brill-us3807657-1bit_p005		2320	3408	png	176990	page_005.png	uspto	PD
6000-lilith-scans-public-patents/yvonne_brill_us3807657_1bitoriginal/6103_scans-patents_yvonne-brill-us3807657-1bit_p006_2320x3408.png	6000-lilith-scans-public-patents	scans-patents	6103	yvonne-brill-us3807657-1bit_p006		2320	3408	png	185643	page_006.png	uspto	PD
6000-lilith-scans-public-patents/yvonne_brill_us3807657_1bitoriginal/6104_scans-patents_yvonne-brill-us3807657-1bit_p007_2320x3408.png	6000-lilith-scans-public-patents	scans-patents	6104	yvonne-brill-us3807657-1bit_p007		2320	3408	png	111707	page_007.png	uspto	PD
6000-lilith-scans-public-patents/yvonne_brill_us3807657_printrescancolor300/6105_scans-patents_yvonne-brill-us3807657-rescan-color_p001_2479x3230.jpg	6000-lilith-scans-public-patents	scans-patents	6105	yvonne-brill-us3807657-rescan-color_p001		2479	3230	jpg	793716	page_001.jpg	uspto	PD
6000-lilith-scans-public-patents/yvonne_brill_us3807657_printrescancolor300/6106_scans-patents_yvonne-brill-us3807657-rescan-color_p002_2479x3230.jpg	6000-lilith-scans-public-patents	scans-patents	6106	yvonne-brill-us3807657-rescan-color_p002		2479	3230	jpg	730338	page_002.jpg	uspto	PD
6000-lilith-scans-public-patents/yvonne_brill_us3807657_printrescancolor300/6107_scans-patents_yvonne-brill-us3807657-rescan-color_p003_2479x3230.jpg	6000-lilith-scans-public-patents	scans-patents	6107	yvonne-brill-us3807657-rescan-color_p003		2479	3230	jpg	1428143	page_003.jpg	uspto	PD
6000-lilith-scans-public-patents/yvonne_brill_us3807657_printrescancolor300/6108_scans-patents_yvonne-brill-us3807657-rescan-color_p004_2479x3230.jpg	6000-lilith-scans-public-patents	scans-patents	6108	yvonne-brill-us3807657-rescan-color_p004		2479	3230	jpg	916020	page_004.jpg	uspto	PD
6000-lilith-scans-public-patents/yvonne_brill_us3807657_printrescangray300/6109_scans-patents_yvonne-brill-us3807657-rescan-gray_p001_2479x3230.jpg	6000-lilith-scans-public-patents	scans-patents	6109	yvonne-brill-us3807657-rescan-gray_p001		2479	3230	jpg	715343	page_001.jpg	uspto	PD
6000-lilith-scans-public-patents/yvonne_brill_us3807657_printrescangray300/6110_scans-patents_yvonne-brill-us3807657-rescan-gray_p002_2479x3230.jpg	6000-lilith-scans-public-patents	scans-patents	6110	yvonne-brill-us3807657-rescan-gray_p002		2479	3230	jpg	657952	page_002.jpg	uspto	PD
6000-lilith-scans-public-patents/yvonne_brill_us3807657_printrescangray300/6111_scans-patents_yvonne-brill-us3807657-rescan-gray_p003_2479x3230.jpg	6000-lilith-scans-public-patents	scans-patents	6111	yvonne-brill-us3807657-rescan-gray_p003		2479	3230	jpg	1333914	page_003.jpg	uspto	PD
6000-lilith-scans-public-patents/yvonne_brill_us3807657_printrescangray300/6112_scans-patents_yvonne-brill-us3807657-rescan-gray_p004_2479x3230.jpg	6000-lilith-scans-public-patents	scans-patents	6112	yvonne-brill-us3807657-rescan-gray_p004		2479	3230	jpg	844153	page_004.jpg	uspto	PD
6600-ia-scans-manuscript-illustrations/6600_scans-illustrations_haeckel-cephalopods_plate0007_4988x7151.png	6600-ia-scans-manuscript-illustrations	scans-illustrations	6600	haeckel-cephalopods_plate0007		4988	7151	png	48130375	haeckel_0007_cephalopods.png	internet-archive	PD
6600-ia-scans-manuscript-illustrations/6601_scans-illustrations_haeckel-radiolaria-green_plate0034_4892x7178.png	6600-ia-scans-manuscript-illustrations	scans-illustrations	6601	haeckel-radiolaria-green_plate0034		4892	7178	png	48025751	haeckel_0034_radiolaria-green.png	internet-archive	PD
6600-ia-scans-manuscript-illustrations/6602_scans-illustrations_haeckel-starfish_plate0040_4961x7277.png	6600-ia-scans-manuscript-illustrations	scans-illustrations	6602	haeckel-starfish_plate0040		4961	7277	png	49465038	haeckel_0040_starfish.png	internet-archive	PD
6600-ia-scans-manuscript-illustrations/6603_scans-illustrations_haeckel-trilobites_plate0047_4808x7108.png	6600-ia-scans-manuscript-illustrations	scans-illustrations	6603	haeckel-trilobites_plate0047		4808	7108	png	55638874	haeckel_0047_trilobites.png	internet-archive	PD
6600-ia-scans-manuscript-illustrations/6604_scans-illustrations_haeckel-moths_plate0058_4865x7207.png	6600-ia-scans-manuscript-illustrations	scans-illustrations	6604	haeckel-moths_plate0058		4865	7207	png	84041034	haeckel_0058_moths.png	internet-archive	PD
6600-ia-scans-manuscript-illustrations/6605_scans-illustrations_haeckel-pitcher-plants_plate0062_4988x7412.png	6600-ia-scans-manuscript-illustrations	scans-illustrations	6605	haeckel-pitcher-plants_plate0062		4988	7412	png	52651644	haeckel_0062_pitcher-plants.png	internet-archive	PD
6600-ia-scans-manuscript-illustrations/6606_scans-illustrations_haeckel-red-algae_plate0065_5015x7275.png	6600-ia-scans-manuscript-illustrations	scans-illustrations	6606	haeckel-red-algae_plate0065		5015	7275	png	60389391	haeckel_0065_red-algae.png	internet-archive	PD
6600-ia-scans-manuscript-illustrations/6607_scans-illustrations_haeckel-radiolaria-spheres_plate0090_4918x7246.png	6600-ia-scans-manuscript-illustrations	scans-illustrations	6607	haeckel-radiolaria-spheres_plate0090		4918	7246	png	62680544	haeckel_0090_radiolaria-spheres.png	internet-archive	PD
6600-ia-scans-manuscript-illustrations/6608_scans-illustrations_hokusai-figure-studies_plate0006_6030x4806.png	6600-ia-scans-manuscript-illustrations	scans-illustrations	6608	hokusai-figure-studies_plate0006		6030	4806	png	31299886	hokusai_0006_figure-studies.png	internet-archive	PD
6600-ia-scans-manuscript-illustrations/6609_scans-illustrations_hokusai-insects-creatures_plate0019_6234x4925.png	6600-ia-scans-manuscript-illustrations	scans-illustrations	6609	hokusai-insects-creatures_plate0019		6234	4925	png	31924484	hokusai_0019_insects-creatures.png	internet-archive	PD
6600-ia-scans-manuscript-illustrations/6610_scans-illustrations_hokusai-boats-waves_plate0024_6147x4840.png	6600-ia-scans-manuscript-illustrations	scans-illustrations	6610	hokusai-boats-waves_plate0024		6147	4840	png	33054879	hokusai_0024_boats-waves.png	internet-archive	PD
6600-ia-scans-manuscript-illustrations/6611_scans-illustrations_hokusai-landscape-bridges_plate0027_6166x4823.png	6600-ia-scans-manuscript-illustrations	scans-illustrations	6611	hokusai-landscape-bridges_plate0027		6166	4823	png	35599139	hokusai_0027_landscape-bridges.png	internet-archive	PD
6600-ia-scans-manuscript-illustrations/6612_scans-illustrations_owenjones-egyptian-columns_plate0050_2071x3000.png	6600-ia-scans-manuscript-illustrations	scans-illustrations	6612	owenjones-egyptian-columns_plate0050		2071	3000	png	7023703	owenjones_0050_egyptian-columns.png	internet-archive	PD
6600-ia-scans-manuscript-illustrations/6613_scans-illustrations_owenjones-colour-bands_plate0070_1996x3000.png	6600-ia-scans-manuscript-illustrations	scans-illustrations	6613	owenjones-colour-bands_plate0070		1996	3000	png	7553413	owenjones_0070_colour-bands.png	internet-archive	PD
6600-ia-scans-manuscript-illustrations/6614_scans-illustrations_owenjones-moorish-arches_plate0248_2016x3000.png	6600-ia-scans-manuscript-illustrations	scans-illustrations	6614	owenjones-moorish-arches_plate0248		2016	3000	png	8798903	owenjones_0248_moorish-arches.png	internet-archive	PD
6600-ia-scans-manuscript-illustrations/6615_scans-illustrations_owenjones-moorish-tiles_plate0418_2075x3000.png	6600-ia-scans-manuscript-illustrations	scans-illustrations	6615	owenjones-moorish-tiles_plate0418		2075	3000	png	8346663	owenjones_0418_moorish-tiles.png	internet-archive	PD
6600-ia-scans-manuscript-illustrations/6616_scans-illustrations_owenjones-renaissance-panels_plate0540_2055x3000.png	6600-ia-scans-manuscript-illustrations	scans-illustrations	6616	owenjones-renaissance-panels_plate0540		2055	3000	png	7393743	owenjones_0540_renaissance-panels.png	internet-archive	PD
6600-ia-scans-manuscript-illustrations/6617_scans-illustrations_owenjones-persian-medallion_plate0556_2055x3000.png	6600-ia-scans-manuscript-illustrations	scans-illustrations	6617	owenjones-persian-medallion_plate0556		2055	3000	png	6743524	owenjones_0556_persian-medallion.png	internet-archive	PD
6600-ia-scans-manuscript-illustrations/6618_scans-illustrations_redoute-rose-magenta_plate0047_2912x4368.png	6600-ia-scans-manuscript-illustrations	scans-illustrations	6618	redoute-rose-magenta_plate0047		2912	4368	png	12413728	redoute_0047_rose-magenta.png	internet-archive	PD
6600-ia-scans-manuscript-illustrations/6619_scans-illustrations_redoute-rose-pale-pink_plate0057_2912x4368.png	6600-ia-scans-manuscript-illustrations	scans-illustrations	6619	redoute-rose-pale-pink_plate0057		2912	4368	png	12125801	redoute_0057_rose-pale-pink.png	internet-archive	PD
6600-ia-scans-manuscript-illustrations/6620_scans-illustrations_redoute-rose-red-cluster_plate0173_2912x4368.png	6600-ia-scans-manuscript-illustrations	scans-illustrations	6620	redoute-rose-red-cluster_plate0173		2912	4368	png	12447515	redoute_0173_rose-red-cluster.png	internet-archive	PD
6600-ia-scans-manuscript-illustrations/6621_scans-illustrations_redoute-rose-pink-cluster_plate0243_2912x4368.png	6600-ia-scans-manuscript-illustrations	scans-illustrations	6621	redoute-rose-pink-cluster_plate0243		2912	4368	png	13697340	redoute_0243_rose-pink-cluster.png	internet-archive	PD
6600-ia-scans-manuscript-illustrations/6622_scans-illustrations_redoute-rose-deep-pink_plate0255_2912x4368.png	6600-ia-scans-manuscript-illustrations	scans-illustrations	6622	redoute-rose-deep-pink_plate0255		2912	4368	png	13008992	redoute_0255_rose-deep-pink.png	internet-archive	PD
6600-ia-scans-manuscript-illustrations/6623_scans-illustrations_shinbijutsukai-chrysanthemum_plate0003_2844x4410.png	6600-ia-scans-manuscript-illustrations	scans-illustrations	6623	shinbijutsukai-chrysanthemum_plate0003		2844	4410	png	13701366	shinbijutsukai_0003_chrysanthemum.png	internet-archive	PD
6600-ia-scans-manuscript-illustrations/6624_scans-illustrations_shinbijutsukai-flame-flower_plate0005_2844x4410.png	6600-ia-scans-manuscript-illustrations	scans-illustrations	6624	shinbijutsukai-flame-flower_plate0005		2844	4410	png	12433744	shinbijutsukai_0005_flame-flower.png	internet-archive	PD
6600-ia-scans-manuscript-illustrations/6625_scans-illustrations_shinbijutsukai-geometric-lattice_plate0010_2844x4410.png	6600-ia-scans-manuscript-illustrations	scans-illustrations	6625	shinbijutsukai-geometric-lattice_plate0010		2844	4410	png	15209078	shinbijutsukai_0010_geometric-lattice.png	internet-archive	PD
6600-ia-scans-manuscript-illustrations/6626_scans-illustrations_shinbijutsukai-flowing-lines_plate0016_2844x4410.png	6600-ia-scans-manuscript-illustrations	scans-illustrations	6626	shinbijutsukai-flowing-lines_plate0016		2844	4410	png	15122062	shinbijutsukai_0016_flowing-lines.png	internet-archive	PD
6600-ia-scans-manuscript-illustrations/6627_scans-illustrations_shinbijutsukai-cherry-blossoms_plate0020_2844x4410.png	6600-ia-scans-manuscript-illustrations	scans-illustrations	6627	shinbijutsukai-cherry-blossoms_plate0020		2844	4410	png	15135180	shinbijutsukai_0020_cherry-blossoms.png	internet-archive	PD
6600-ia-scans-manuscript-illustrations/6628_scans-illustrations_trouvelot-sunspots_plate01_5133x4944.png	6600-ia-scans-manuscript-illustrations	scans-illustrations	6628	trouvelot-sunspots_plate01		5133	4944	png	39228350	trouvelot_01_sunspots.png	internet-archive	PD
6600-ia-scans-manuscript-illustrations/6629_scans-illustrations_trouvelot-solar-eclipse_plate03_4943x4583.png	6600-ia-scans-manuscript-illustrations	scans-illustrations	6629	trouvelot-solar-eclipse_plate03		4943	4583	png	33347783	trouvelot_03_solar-eclipse.png	internet-archive	PD
6600-ia-scans-manuscript-illustrations/6630_scans-illustrations_trouvelot-aurora_plate04_5133x4773.png	6600-ia-scans-manuscript-illustrations	scans-illustrations	6630	trouvelot-aurora_plate04		5133	4773	png	35237621	trouvelot_04_aurora.png	internet-archive	PD
6600-ia-scans-manuscript-illustrations/6631_scans-illustrations_trouvelot-mars_plate08_5140x4467.png	6600-ia-scans-manuscript-illustrations	scans-illustrations	6631	trouvelot-mars_plate08		5140	4467	png	27918636	trouvelot_08_mars.png	internet-archive	PD
6600-ia-scans-manuscript-illustrations/6632_scans-illustrations_trouvelot-jupiter_plate09_5133x4709.png	6600-ia-scans-manuscript-illustrations	scans-illustrations	6632	trouvelot-jupiter_plate09		5133	4709	png	34420997	trouvelot_09_jupiter.png	internet-archive	PD
6600-ia-scans-manuscript-illustrations/6633_scans-illustrations_trouvelot-saturn_plate10_5140x4467.png	6600-ia-scans-manuscript-illustrations	scans-illustrations	6633	trouvelot-saturn_plate10		5140	4467	png	29648314	trouvelot_10_saturn.png	internet-archive	PD
6600-ia-scans-manuscript-illustrations/6634_scans-illustrations_trouvelot-comet_plate11_4427x5133.png	6600-ia-scans-manuscript-illustrations	scans-illustrations	6634	trouvelot-comet_plate11		4427	5133	png	34428548	trouvelot_11_comet.png	internet-archive	PD
6600-ia-scans-manuscript-illustrations/6635_scans-illustrations_trouvelot-orion-nebula_plate15_5133x4712.png	6600-ia-scans-manuscript-illustrations	scans-illustrations	6635	trouvelot-orion-nebula_plate15		5133	4712	png	33859615	trouvelot_15_orion-nebula.png	internet-archive	PD
6800-ia-scans-manuscript-text/6800_scans-text_haeckel-de-title_p0007_2548x3909.png	6800-ia-scans-manuscript-text	scans-text	6800	haeckel-de-title_p0007		2548	3909	png	2643051	text_haeckel-de_0007_title.png	internet-archive	PD
6800-ia-scans-manuscript-text/6801_scans-text_haeckel-de-preface_p0009_2581x3909.png	6800-ia-scans-manuscript-text	scans-text	6801	haeckel-de-preface_p0009		2581	3909	png	6205865	text_haeckel-de_0009_preface.png	internet-archive	PD
6800-ia-scans-manuscript-text/6802_scans-text_haeckel-de-systematic_p0011_2581x3909.png	6800-ia-scans-manuscript-text	scans-text	6802	haeckel-de-systematic_p0011		2581	3909	png	2812381	text_haeckel-de_0011_systematic.png	internet-archive	PD
6800-ia-scans-manuscript-text/6803_scans-text_haeckel-de-description_p0013_2581x3909.png	6800-ia-scans-manuscript-text	scans-text	6803	haeckel-de-description_p0013		2581	3909	png	6410484	text_haeckel-de_0013_description.png	internet-archive	PD
6800-ia-scans-manuscript-text/6804_scans-text_haeckel-de-description_p0017_2581x3909.png	6800-ia-scans-manuscript-text	scans-text	6804	haeckel-de-description_p0017		2581	3909	png	6364408	text_haeckel-de_0017_description.png	internet-archive	PD
6800-ia-scans-manuscript-text/6805_scans-text_haeckel-de-description_p0023_2581x3909.png	6800-ia-scans-manuscript-text	scans-text	6805	haeckel-de-description_p0023		2581	3909	png	5489920	text_haeckel-de_0023_description.png	internet-archive	PD
6800-ia-scans-manuscript-text/6806_scans-text_hokusai-ja-woodblock_p0002_6081x4806.png	6800-ia-scans-manuscript-text	scans-text	6806	hokusai-ja-woodblock_p0002		6081	4806	png	30933661	text_hokusai-ja_0002_woodblock.png	internet-archive	PD
6800-ia-scans-manuscript-text/6807_scans-text_hokusai-ja-woodblock_p0029_6166x4857.png	6800-ia-scans-manuscript-text	scans-text	6807	hokusai-ja-woodblock_p0029		6166	4857	png	36768361	text_hokusai-ja_0029_woodblock.png	internet-archive	PD
6800-ia-scans-manuscript-text/6808_scans-text_hokusai-ja-woodblock_p0030_6196x4845.png	6800-ia-scans-manuscript-text	scans-text	6808	hokusai-ja-woodblock_p0030		6196	4845	png	34441202	text_hokusai-ja_0030_woodblock.png	internet-archive	PD
6800-ia-scans-manuscript-text/6809_scans-text_owenjones-en-title_p0008_2002x3000.png	6800-ia-scans-manuscript-text	scans-text	6809	owenjones-en-title_p0008		2002	3000	png	4537345	text_owenjones-en_0008_title.png	internet-archive	PD
6800-ia-scans-manuscript-text/6810_scans-text_owenjones-en-preface_p0010_2002x3000.png	6800-ia-scans-manuscript-text	scans-text	6810	owenjones-en-preface_p0010		2002	3000	png	4859020	text_owenjones-en_0010_preface.png	internet-archive	PD
6800-ia-scans-manuscript-text/6811_scans-text_owenjones-en-preface_p0011_2046x3000.png	6800-ia-scans-manuscript-text	scans-text	6811	owenjones-en-preface_p0011		2046	3000	png	6088834	text_owenjones-en_0011_preface.png	internet-archive	PD
6800-ia-scans-manuscript-text/6812_scans-text_owenjones-en-preface_p0012_2003x3000.png	6800-ia-scans-manuscript-text	scans-text	6812	owenjones-en-preface_p0012		2003	3000	png	5102923	text_owenjones-en_0012_preface.png	internet-archive	PD
6800-ia-scans-manuscript-text/6813_scans-text_owenjones-en-preface_p0018_1999x3000.png	6800-ia-scans-manuscript-text	scans-text	6813	owenjones-en-preface_p0018		1999	3000	png	4410355	text_owenjones-en_0018_preface.png	internet-archive	PD
6800-ia-scans-manuscript-text/6814_scans-text_owenjones-en-plate-list_p0020_2002x3000.png	6800-ia-scans-manuscript-text	scans-text	6814	owenjones-en-plate-list_p0020		2002	3000	png	4460084	text_owenjones-en_0020_plate-list.png	internet-archive	PD
6800-ia-scans-manuscript-text/6815_scans-text_owenjones-en-plate-list_p0021_2046x3000.png	6800-ia-scans-manuscript-text	scans-text	6815	owenjones-en-plate-list_p0021		2046	3000	png	5412813	text_owenjones-en_0021_plate-list.png	internet-archive	PD
6800-ia-scans-manuscript-text/6816_scans-text_owenjones-en-essay_p0041_2027x3000.png	6800-ia-scans-manuscript-text	scans-text	6816	owenjones-en-essay_p0041		2027	3000	png	6819759	text_owenjones-en_0041_essay.png	internet-archive	PD
6800-ia-scans-manuscript-text/6817_scans-text_owenjones-en-essay_p0043_2027x3000.png	6800-ia-scans-manuscript-text	scans-text	6817	owenjones-en-essay_p0043		2027	3000	png	6488392	text_owenjones-en_0043_essay.png	internet-archive	PD
6800-ia-scans-manuscript-text/6818_scans-text_owenjones-en-essay_p0045_2040x3000.png	6800-ia-scans-manuscript-text	scans-text	6818	owenjones-en-essay_p0045		2040	3000	png	6973444	text_owenjones-en_0045_essay.png	internet-archive	PD
6800-ia-scans-manuscript-text/6819_scans-text_owenjones-en-essay_p0047_2040x3000.png	6800-ia-scans-manuscript-text	scans-text	6819	owenjones-en-essay_p0047		2040	3000	png	4725624	text_owenjones-en_0047_essay.png	internet-archive	PD
6800-ia-scans-manuscript-text/6820_scans-text_redoute-fr-description_p0040_2415x3528.png	6800-ia-scans-manuscript-text	scans-text	6820	redoute-fr-description_p0040		2415	3528	png	8043744	text_redoute-fr_0040_description.png	internet-archive	PD
6800-ia-scans-manuscript-text/6821_scans-text_redoute-fr-description_p0045_2387x3519.png	6800-ia-scans-manuscript-text	scans-text	6821	redoute-fr-description_p0045		2387	3519	png	7383360	text_redoute-fr_0045_description.png	internet-archive	PD
6800-ia-scans-manuscript-text/6822_scans-text_redoute-fr-description_p0046_2415x3528.png	6800-ia-scans-manuscript-text	scans-text	6822	redoute-fr-description_p0046		2415	3528	png	8368887	text_redoute-fr_0046_description.png	internet-archive	PD
6800-ia-scans-manuscript-text/6823_scans-text_redoute-fr-description_p0051_2387x3519.png	6800-ia-scans-manuscript-text	scans-text	6823	redoute-fr-description_p0051		2387	3519	png	7184384	text_redoute-fr_0051_description.png	internet-archive	PD
6800-ia-scans-manuscript-text/6824_scans-text_redoute-fr-description_p0052_2415x3528.png	6800-ia-scans-manuscript-text	scans-text	6824	redoute-fr-description_p0052		2415	3528	png	7580169	text_redoute-fr_0052_description.png	internet-archive	PD
6800-ia-scans-manuscript-text/6825_scans-text_redoute-fr-description_p0060_2415x3528.png	6800-ia-scans-manuscript-text	scans-text	6825	redoute-fr-description_p0060		2415	3528	png	7788212	text_redoute-fr_0060_description.png	internet-archive	PD
6800-ia-scans-manuscript-text/6826_scans-text_redoute-fr-description_p0066_2415x3528.png	6800-ia-scans-manuscript-text	scans-text	6826	redoute-fr-description_p0066		2415	3528	png	7844147	text_redoute-fr_0066_description.png	internet-archive	PD
6800-ia-scans-manuscript-text/6827_scans-text_redoute-fr-description_p0079_2445x3519.png	6800-ia-scans-manuscript-text	scans-text	6827	redoute-fr-description_p0079		2445	3519	png	8279817	text_redoute-fr_0079_description.png	internet-archive	PD
6800-ia-scans-manuscript-text/6828_scans-text_redoute-fr-description_p0095_2445x3519.png	6800-ia-scans-manuscript-text	scans-text	6828	redoute-fr-description_p0095		2445	3519	png	7697397	text_redoute-fr_0095_description.png	internet-archive	PD
6800-ia-scans-manuscript-text/6829_scans-text_redoute-fr-description_p0121_2445x3519.png	6800-ia-scans-manuscript-text	scans-text	6829	redoute-fr-description_p0121		2445	3519	png	7636952	text_redoute-fr_0121_description.png	internet-archive	PD
6800-ia-scans-manuscript-text/6830_scans-text_redoute-fr-description_p0122_2415x3528.png	6800-ia-scans-manuscript-text	scans-text	6830	redoute-fr-description_p0122		2415	3528	png	8052874	text_redoute-fr_0122_description.png	internet-archive	PD
6800-ia-scans-manuscript-text/6831_scans-text_redoute-fr-description_p0133_2445x3519.png	6800-ia-scans-manuscript-text	scans-text	6831	redoute-fr-description_p0133		2445	3519	png	7669760	text_redoute-fr_0133_description.png	internet-archive	PD
6800-ia-scans-manuscript-text/6832_scans-text_redoute-fr-description_p0139_2445x3519.png	6800-ia-scans-manuscript-text	scans-text	6832	redoute-fr-description_p0139		2445	3519	png	7990148	text_redoute-fr_0139_description.png	internet-archive	PD
6800-ia-scans-manuscript-text/6833_scans-text_redoute-fr-description_p0146_2415x3528.png	6800-ia-scans-manuscript-text	scans-text	6833	redoute-fr-description_p0146		2415	3528	png	6654523	text_redoute-fr_0146_description.png	internet-archive	PD
6800-ia-scans-manuscript-text/6834_scans-text_redoute-fr-description_p0156_2415x3528.png	6800-ia-scans-manuscript-text	scans-text	6834	redoute-fr-description_p0156		2415	3528	png	8351461	text_redoute-fr_0156_description.png	internet-archive	PD
6800-ia-scans-manuscript-text/6835_scans-text_shinbijutsukai-ja-letterpress_p0023_2844x4410.png	6800-ia-scans-manuscript-text	scans-text	6835	shinbijutsukai-ja-letterpress_p0023		2844	4410	png	9790756	text_shinbijutsukai-ja_0023_letterpress.png	internet-archive	PD
7000-lilith-plots/aliased-line-patterns/7000_plots_line-00056-s6bcec02a_1024x1024.png	7000-lilith-plots	plots	7000	line-00056-s6bcec02a		1024	1024	png	107464	gen-line__00056_s6bcec02a_1024sq.png	lilith-generated	PD-own
7000-lilith-plots/aliased-line-patterns/7001_plots_line-00099-s07ea3f1a_1024x1024.png	7000-lilith-plots	plots	7001	line-00099-s07ea3f1a		1024	1024	png	44068	gen-line__00099_s07ea3f1a_1024sq.png	lilith-generated	PD-own
7000-lilith-plots/aliased-line-patterns/7002_plots_line-00118-s306ca2bd_1024x1024.png	7000-lilith-plots	plots	7002	line-00118-s306ca2bd		1024	1024	png	118298	gen-line__00118_s306ca2bd_1024sq.png	lilith-generated	PD-own
7000-lilith-plots/aliased-line-patterns/7003_plots_line-00208-s6c4f8551_1024x1024.png	7000-lilith-plots	plots	7003	line-00208-s6c4f8551		1024	1024	png	131454	gen-line__00208_s6c4f8551_1024sq.png	lilith-generated	PD-own
7000-lilith-plots/aliased-line-patterns/7004_plots_line-00248-s7c5ddcfb_1024x1024.png	7000-lilith-plots	plots	7004	line-00248-s7c5ddcfb		1024	1024	png	95898	gen-line__00248_s7c5ddcfb_1024sq.png	lilith-generated	PD-own
7000-lilith-plots/aliased-line-patterns/7005_plots_line-00260-s5da77574_1024x1024.png	7000-lilith-plots	plots	7005	line-00260-s5da77574		1024	1024	png	83339	gen-line__00260_s5da77574_1024sq.png	lilith-generated	PD-own
7000-lilith-plots/aliased-lines/7006_plots_line-00012-s2be0c08d_1024x1024.png	7000-lilith-plots	plots	7006	line-00012-s2be0c08d		1024	1024	png	64457	gen-line__00012_s2be0c08d_1024sq.png	lilith-generated	PD-own
7000-lilith-plots/aliased-lines/7007_plots_line-00020-s1aac7045_1024x1024.png	7000-lilith-plots	plots	7007	line-00020-s1aac7045		1024	1024	png	95666	gen-line__00020_s1aac7045_1024sq.png	lilith-generated	PD-own
7000-lilith-plots/aliased-lines/7008_plots_line-00027-s195cfe6a_1024x1024.png	7000-lilith-plots	plots	7008	line-00027-s195cfe6a		1024	1024	png	32294	gen-line__00027_s195cfe6a_1024sq.png	lilith-generated	PD-own
7000-lilith-plots/aliased-lines/7009_plots_line-00057-s0433bb30_1024x1024.png	7000-lilith-plots	plots	7009	line-00057-s0433bb30		1024	1024	png	68591	gen-line__00057_s0433bb30_1024sq.png	lilith-generated	PD-own
7000-lilith-plots/aliased-lines/7010_plots_line-00069-s46326869_1024x1024.png	7000-lilith-plots	plots	7010	line-00069-s46326869		1024	1024	png	65759	gen-line__00069_s46326869_1024sq.png	lilith-generated	PD-own
7000-lilith-plots/aliased-lines/7011_plots_line-00121-s3491d29b_1024x1024.png	7000-lilith-plots	plots	7011	line-00121-s3491d29b		1024	1024	png	58087	gen-line__00121_s3491d29b_1024sq.png	lilith-generated	PD-own
7000-lilith-plots/aliased-lines/7012_plots_line-00127-s7957de6d_1024x1024.png	7000-lilith-plots	plots	7012	line-00127-s7957de6d		1024	1024	png	23304	gen-line__00127_s7957de6d_1024sq.png	lilith-generated	PD-own
7000-lilith-plots/aliased-lines/7013_plots_line-00146-s6f881573_1024x1024.png	7000-lilith-plots	plots	7013	line-00146-s6f881573		1024	1024	png	114507	gen-line__00146_s6f881573_1024sq.png	lilith-generated	PD-own
7000-lilith-plots/aliased-lines/7014_plots_line-00147-s01eaff1e_1024x1024.png	7000-lilith-plots	plots	7014	line-00147-s01eaff1e		1024	1024	png	32056	gen-line__00147_s01eaff1e_1024sq.png	lilith-generated	PD-own
7000-lilith-plots/aliased-lines/7015_plots_line-00151-s49cff644_1024x1024.png	7000-lilith-plots	plots	7015	line-00151-s49cff644		1024	1024	png	76992	gen-line__00151_s49cff644_1024sq.png	lilith-generated	PD-own
7000-lilith-plots/aliased-lines/7016_plots_line-00169-s646cb006_1024x1024.png	7000-lilith-plots	plots	7016	line-00169-s646cb006		1024	1024	png	32973	gen-line__00169_s646cb006_1024sq.png	lilith-generated	PD-own
7000-lilith-plots/aliased-lines/7017_plots_line-00230-s6a3b9505_1024x1024.png	7000-lilith-plots	plots	7017	line-00230-s6a3b9505		1024	1024	png	71789	gen-line__00230_s6a3b9505_1024sq.png	lilith-generated	PD-own
7000-lilith-plots/aliased-lines/7018_plots_line-00266-s0bc1d2a4_1024x1024.png	7000-lilith-plots	plots	7018	line-00266-s0bc1d2a4		1024	1024	png	97647	gen-line__00266_s0bc1d2a4_1024sq.png	lilith-generated	PD-own
7000-lilith-plots/aliased-lines/7019_plots_line-00267-s683152f3_1024x1024.png	7000-lilith-plots	plots	7019	line-00267-s683152f3		1024	1024	png	65126	gen-line__00267_s683152f3_1024sq.png	lilith-generated	PD-own
7000-lilith-plots/aliased-lines/7020_plots_line-00268-s2f977bbb_1024x1024.png	7000-lilith-plots	plots	7020	line-00268-s2f977bbb		1024	1024	png	83618	gen-line__00268_s2f977bbb_1024sq.png	lilith-generated	PD-own
7000-lilith-plots/aliased-lines/7021_plots_line-00269-s0382639b_1024x1024.png	7000-lilith-plots	plots	7021	line-00269-s0382639b		1024	1024	png	93246	gen-line__00269_s0382639b_1024sq.png	lilith-generated	PD-own
7000-lilith-plots/aliased-polygons/7022_plots_line-00001-s4fc8f443_1024x1024.png	7000-lilith-plots	plots	7022	line-00001-s4fc8f443		1024	1024	png	22872	gen-line__00001_s4fc8f443_1024sq.png	lilith-generated	PD-own
7000-lilith-plots/aliased-polygons/7023_plots_line-00032-s620ec516_1024x1024.png	7000-lilith-plots	plots	7023	line-00032-s620ec516		1024	1024	png	19695	gen-line__00032_s620ec516_1024sq.png	lilith-generated	PD-own
7000-lilith-plots/aliased-polygons/7024_plots_line-00038-s335b5033_1024x1024.png	7000-lilith-plots	plots	7024	line-00038-s335b5033		1024	1024	png	25347	gen-line__00038_s335b5033_1024sq.png	lilith-generated	PD-own
7000-lilith-plots/aliased-polygons/7025_plots_line-00070-s6eb82597_1024x1024.png	7000-lilith-plots	plots	7025	line-00070-s6eb82597		1024	1024	png	26469	gen-line__00070_s6eb82597_1024sq.png	lilith-generated	PD-own
7000-lilith-plots/aliased-polygons/7026_plots_line-00081-s68404bb1_1024x1024.png	7000-lilith-plots	plots	7026	line-00081-s68404bb1		1024	1024	png	21832	gen-line__00081_s68404bb1_1024sq.png	lilith-generated	PD-own
7000-lilith-plots/aliased-polygons/7027_plots_line-00105-s5b0fe6d1_1024x1024.png	7000-lilith-plots	plots	7027	line-00105-s5b0fe6d1		1024	1024	png	27108	gen-line__00105_s5b0fe6d1_1024sq.png	lilith-generated	PD-own
7000-lilith-plots/aliased-polygons/7028_plots_line-00119-s142edf29_1024x1024.png	7000-lilith-plots	plots	7028	line-00119-s142edf29		1024	1024	png	26713	gen-line__00119_s142edf29_1024sq.png	lilith-generated	PD-own
7000-lilith-plots/aliased-polygons/7029_plots_line-00120-s410edf16_1024x1024.png	7000-lilith-plots	plots	7029	line-00120-s410edf16		1024	1024	png	22961	gen-line__00120_s410edf16_1024sq.png	lilith-generated	PD-own
7000-lilith-plots/aliased-polygons/7030_plots_line-00168-s4e34287f_1024x1024.png	7000-lilith-plots	plots	7030	line-00168-s4e34287f		1024	1024	png	25227	gen-line__00168_s4e34287f_1024sq.png	lilith-generated	PD-own
7000-lilith-plots/aliased-polygons/7031_plots_line-00184-s02a80f0a_1024x1024.png	7000-lilith-plots	plots	7031	line-00184-s02a80f0a		1024	1024	png	23741	gen-line__00184_s02a80f0a_1024sq.png	lilith-generated	PD-own
7000-lilith-plots/aliased-polygons/7032_plots_line-00210-s2771b783_1024x1024.png	7000-lilith-plots	plots	7032	line-00210-s2771b783		1024	1024	png	30393	gen-line__00210_s2771b783_1024sq.png	lilith-generated	PD-own
7000-lilith-plots/aliased-polygons/7033_plots_line-00227-s7fca561d_1024x1024.png	7000-lilith-plots	plots	7033	line-00227-s7fca561d		1024	1024	png	20235	gen-line__00227_s7fca561d_1024sq.png	lilith-generated	PD-own
7000-lilith-plots/aliased-polygons/7034_plots_line-00232-s0b160660_1024x1024.png	7000-lilith-plots	plots	7034	line-00232-s0b160660		1024	1024	png	20885	gen-line__00232_s0b160660_1024sq.png	lilith-generated	PD-own
7000-lilith-plots/aliased-polygons/7035_plots_line-00240-s51df1e6b_1024x1024.png	7000-lilith-plots	plots	7035	line-00240-s51df1e6b		1024	1024	png	13798	gen-line__00240_s51df1e6b_1024sq.png	lilith-generated	PD-own
7000-lilith-plots/aliased-polygons/7036_plots_line-00291-s625cdbd7_1024x1024.png	7000-lilith-plots	plots	7036	line-00291-s625cdbd7		1024	1024	png	19438	gen-line__00291_s625cdbd7_1024sq.png	lilith-generated	PD-own
7000-lilith-plots/grids/7037_plots_chart-heatmap-01-corporate-1024sq-mpl_1024x1024.png	7000-lilith-plots	plots	7037	chart-heatmap-01-corporate-1024sq-mpl		1024	1024	png	78097	gen-chart-heatmap__01_corporate_1024sq.mpl.png	lilith-generated	PD-own
7000-lilith-plots/grids/7038_plots_chart-00144-s2f4e8e1b_1024x1024.png	7000-lilith-plots	plots	7038	chart-00144-s2f4e8e1b		1024	1024	png	36034	gen-chart__00144_s2f4e8e1b_1024sq.png	lilith-generated	PD-own
7000-lilith-plots/grids/7039_plots_chart-00220-s782a7764_1024x1024.png	7000-lilith-plots	plots	7039	chart-00220-s782a7764		1024	1024	png	35515	gen-chart__00220_s782a7764_1024sq.png	lilith-generated	PD-own
7000-lilith-plots/grids/7040_plots_chart-00265-s5af4c1ef_1024x1024.png	7000-lilith-plots	plots	7040	chart-00265-s5af4c1ef		1024	1024	png	17023	gen-chart__00265_s5af4c1ef_1024sq.png	lilith-generated	PD-own
7000-lilith-plots/grids/7041_plots_chart-00283-s5b0fe6d1_1024x1024.png	7000-lilith-plots	plots	7041	chart-00283-s5b0fe6d1		1024	1024	png	18263	gen-chart__00283_s5b0fe6d1_1024sq.png	lilith-generated	PD-own
7000-lilith-plots/grids/7042_plots_chart-00290-s4b1661bd_1024x1024.png	7000-lilith-plots	plots	7042	chart-00290-s4b1661bd		1024	1024	png	26251	gen-chart__00290_s4b1661bd_1024sq.png	lilith-generated	PD-own
7000-lilith-plots/grids/7043_plots_chart-00304-s1ea912ef_1024x1024.png	7000-lilith-plots	plots	7043	chart-00304-s1ea912ef		1024	1024	png	36618	gen-chart__00304_s1ea912ef_1024sq.png	lilith-generated	PD-own
7000-lilith-plots/grids/7044_plots_chart-00338-s6215c94e_1024x1024.png	7000-lilith-plots	plots	7044	chart-00338-s6215c94e		1024	1024	png	34514	gen-chart__00338_s6215c94e_1024sq.png	lilith-generated	PD-own
7000-lilith-plots/grids/7045_plots_chart-00418-s51df1e6b_1024x1024.png	7000-lilith-plots	plots	7045	chart-00418-s51df1e6b		1024	1024	png	18940	gen-chart__00418_s51df1e6b_1024sq.png	lilith-generated	PD-own
7000-lilith-plots/grids/7046_plots_line-00050-s221fd453_1024x1024.png	7000-lilith-plots	plots	7046	line-00050-s221fd453		1024	1024	png	7893	gen-line__00050_s221fd453_1024sq.png	lilith-generated	PD-own
7000-lilith-plots/grids/7047_plots_line-00065-s0b64cf58_1024x1024.png	7000-lilith-plots	plots	7047	line-00065-s0b64cf58		1024	1024	png	7420	gen-line__00065_s0b64cf58_1024sq.png	lilith-generated	PD-own
7000-lilith-plots/grids/7048_plots_line-00136-s3e377a73_1024x1024.png	7000-lilith-plots	plots	7048	line-00136-s3e377a73		1024	1024	png	6639	gen-line__00136_s3e377a73_1024sq.png	lilith-generated	PD-own
7000-lilith-plots/grids/7049_plots_line-00160-s6215c94e_1024x1024.png	7000-lilith-plots	plots	7049	line-00160-s6215c94e		1024	1024	png	8868	gen-line__00160_s6215c94e_1024sq.png	lilith-generated	PD-own
7000-lilith-plots/grids/7050_plots_line-00166-s010fb6d2_1024x1024.png	7000-lilith-plots	plots	7050	line-00166-s010fb6d2		1024	1024	png	7398	gen-line__00166_s010fb6d2_1024sq.png	lilith-generated	PD-own
7000-lilith-plots/grids/7051_plots_line-00196-s211c1f1f_1024x1024.png	7000-lilith-plots	plots	7051	line-00196-s211c1f1f		1024	1024	png	8316	gen-line__00196_s211c1f1f_1024sq.png	lilith-generated	PD-own
7000-lilith-plots/grids/7052_plots_line-00222-s2f495179_1024x1024.png	7000-lilith-plots	plots	7052	line-00222-s2f495179		1024	1024	png	7195	gen-line__00222_s2f495179_1024sq.png	lilith-generated	PD-own
7000-lilith-plots/grids/7053_plots_line-00252-s1b3f1017_1024x1024.png	7000-lilith-plots	plots	7053	line-00252-s1b3f1017		1024	1024	png	6579	gen-line__00252_s1b3f1017_1024sq.png	lilith-generated	PD-own
7000-lilith-plots/line-patterns/7054_plots_line-tiling-00056-s6bcec02a_1024x1024.png	7000-lilith-plots	plots	7054	line-tiling-00056-s6bcec02a		1024	1024	png	574823	gen-line-tiling__00056_s6bcec02a_1024sq.png	lilith-generated	PD-own
7000-lilith-plots/line-patterns/7055_plots_line-tiling-00099-s07ea3f1a_1024x1024.png	7000-lilith-plots	plots	7055	line-tiling-00099-s07ea3f1a		1024	1024	png	181850	gen-line-tiling__00099_s07ea3f1a_1024sq.png	lilith-generated	PD-own
7000-lilith-plots/line-patterns/7056_plots_line-tiling-00118-s306ca2bd_1024x1024.png	7000-lilith-plots	plots	7056	line-tiling-00118-s306ca2bd		1024	1024	png	651849	gen-line-tiling__00118_s306ca2bd_1024sq.png	lilith-generated	PD-own
7000-lilith-plots/line-patterns/7057_plots_line-tiling-00208-s6c4f8551_1024x1024.png	7000-lilith-plots	plots	7057	line-tiling-00208-s6c4f8551		1024	1024	png	731024	gen-line-tiling__00208_s6c4f8551_1024sq.png	lilith-generated	PD-own
7000-lilith-plots/line-patterns/7058_plots_line-tiling-00248-s7c5ddcfb_1024x1024.png	7000-lilith-plots	plots	7058	line-tiling-00248-s7c5ddcfb		1024	1024	png	514718	gen-line-tiling__00248_s7c5ddcfb_1024sq.png	lilith-generated	PD-own
7000-lilith-plots/line-patterns/7059_plots_line-tiling-00260-s5da77574_1024x1024.png	7000-lilith-plots	plots	7059	line-tiling-00260-s5da77574		1024	1024	png	380419	gen-line-tiling__00260_s5da77574_1024sq.png	lilith-generated	PD-own
7000-lilith-plots/lines/7060_plots_line-concentric-00020-s1aac7045_1024x1024.png	7000-lilith-plots	plots	7060	line-concentric-00020-s1aac7045		1024	1024	png	1026549	gen-line-concentric__00020_s1aac7045_1024sq.png	lilith-generated	PD-own
7000-lilith-plots/lines/7061_plots_line-concentric-00146-s6f881573_1024x1024.png	7000-lilith-plots	plots	7061	line-concentric-00146-s6f881573		1024	1024	png	1078795	gen-line-concentric__00146_s6f881573_1024sq.png	lilith-generated	PD-own
7000-lilith-plots/lines/7062_plots_line-concentric-00151-s49cff644_1024x1024.png	7000-lilith-plots	plots	7062	line-concentric-00151-s49cff644		1024	1024	png	803755	gen-line-concentric__00151_s49cff644_1024sq.png	lilith-generated	PD-own
7000-lilith-plots/lines/7063_plots_line-concentric-00169-s646cb006_1024x1024.png	7000-lilith-plots	plots	7063	line-concentric-00169-s646cb006		1024	1024	png	311634	gen-line-concentric__00169_s646cb006_1024sq.png	lilith-generated	PD-own
7000-lilith-plots/lines/7064_plots_line-concentric-00230-s6a3b9505_1024x1024.png	7000-lilith-plots	plots	7064	line-concentric-00230-s6a3b9505		1024	1024	png	640931	gen-line-concentric__00230_s6a3b9505_1024sq.png	lilith-generated	PD-own
7000-lilith-plots/lines/7065_plots_line-concentric-00266-s0bc1d2a4_1024x1024.png	7000-lilith-plots	plots	7065	line-concentric-00266-s0bc1d2a4		1024	1024	png	1011307	gen-line-concentric__00266_s0bc1d2a4_1024sq.png	lilith-generated	PD-own
7000-lilith-plots/lines/7066_plots_line-concentric-00268-s2f977bbb_1024x1024.png	7000-lilith-plots	plots	7066	line-concentric-00268-s2f977bbb		1024	1024	png	803874	gen-line-concentric__00268_s2f977bbb_1024sq.png	lilith-generated	PD-own
7000-lilith-plots/lines/7067_plots_line-concentric-00269-s0382639b_1024x1024.png	7000-lilith-plots	plots	7067	line-concentric-00269-s0382639b		1024	1024	png	996689	gen-line-concentric__00269_s0382639b_1024sq.png	lilith-generated	PD-own
7000-lilith-plots/lines/7068_plots_line-starburst-00027-s195cfe6a_1024x1024.png	7000-lilith-plots	plots	7068	line-starburst-00027-s195cfe6a		1024	1024	png	400010	gen-line-starburst__00027_s195cfe6a_1024sq.png	lilith-generated	PD-own
7000-lilith-plots/lines/7069_plots_line-starburst-00147-s01eaff1e_1024x1024.png	7000-lilith-plots	plots	7069	line-starburst-00147-s01eaff1e		1024	1024	png	387776	gen-line-starburst__00147_s01eaff1e_1024sq.png	lilith-generated	PD-own
7000-lilith-plots/lines/7070_plots_line-voronoi-00012-s2be0c08d_1024x1024.png	7000-lilith-plots	plots	7070	line-voronoi-00012-s2be0c08d		1024	1024	png	670784	gen-line-voronoi__00012_s2be0c08d_1024sq.png	lilith-generated	PD-own
7000-lilith-plots/lines/7071_plots_line-voronoi-00057-s0433bb30_1024x1024.png	7000-lilith-plots	plots	7071	line-voronoi-00057-s0433bb30		1024	1024	png	729788	gen-line-voronoi__00057_s0433bb30_1024sq.png	lilith-generated	PD-own
7000-lilith-plots/lines/7072_plots_line-voronoi-00069-s46326869_1024x1024.png	7000-lilith-plots	plots	7072	line-voronoi-00069-s46326869		1024	1024	png	768589	gen-line-voronoi__00069_s46326869_1024sq.png	lilith-generated	PD-own
7000-lilith-plots/lines/7073_plots_line-voronoi-00121-s3491d29b_1024x1024.png	7000-lilith-plots	plots	7073	line-voronoi-00121-s3491d29b		1024	1024	png	686664	gen-line-voronoi__00121_s3491d29b_1024sq.png	lilith-generated	PD-own
7000-lilith-plots/lines/7074_plots_line-voronoi-00127-s7957de6d_1024x1024.png	7000-lilith-plots	plots	7074	line-voronoi-00127-s7957de6d		1024	1024	png	152653	gen-line-voronoi__00127_s7957de6d_1024sq.png	lilith-generated	PD-own
7000-lilith-plots/lines/7075_plots_line-voronoi-00267-s683152f3_1024x1024.png	7000-lilith-plots	plots	7075	line-voronoi-00267-s683152f3		1024	1024	png	740544	gen-line-voronoi__00267_s683152f3_1024sq.png	lilith-generated	PD-own
7000-lilith-plots/polygons/7076_plots_line-polygons-00001-s4fc8f443_1024x1024.png	7000-lilith-plots	plots	7076	line-polygons-00001-s4fc8f443		1024	1024	png	163061	gen-line-polygons__00001_s4fc8f443_1024sq.png	lilith-generated	PD-own
7000-lilith-plots/polygons/7077_plots_line-polygons-00032-s620ec516_1024x1024.png	7000-lilith-plots	plots	7077	line-polygons-00032-s620ec516		1024	1024	png	134002	gen-line-polygons__00032_s620ec516_1024sq.png	lilith-generated	PD-own
7000-lilith-plots/polygons/7078_plots_line-polygons-00038-s335b5033_1024x1024.png	7000-lilith-plots	plots	7078	line-polygons-00038-s335b5033		1024	1024	png	169456	gen-line-polygons__00038_s335b5033_1024sq.png	lilith-generated	PD-own
7000-lilith-plots/polygons/7079_plots_line-polygons-00070-s6eb82597_1024x1024.png	7000-lilith-plots	plots	7079	line-polygons-00070-s6eb82597		1024	1024	png	205313	gen-line-polygons__00070_s6eb82597_1024sq.png	lilith-generated	PD-own
7000-lilith-plots/polygons/7080_plots_line-polygons-00081-s68404bb1_1024x1024.png	7000-lilith-plots	plots	7080	line-polygons-00081-s68404bb1		1024	1024	png	153126	gen-line-polygons__00081_s68404bb1_1024sq.png	lilith-generated	PD-own
7000-lilith-plots/polygons/7081_plots_line-polygons-00105-s5b0fe6d1_1024x1024.png	7000-lilith-plots	plots	7081	line-polygons-00105-s5b0fe6d1		1024	1024	png	204211	gen-line-polygons__00105_s5b0fe6d1_1024sq.png	lilith-generated	PD-own
7000-lilith-plots/polygons/7082_plots_line-polygons-00119-s142edf29_1024x1024.png	7000-lilith-plots	plots	7082	line-polygons-00119-s142edf29		1024	1024	png	198439	gen-line-polygons__00119_s142edf29_1024sq.png	lilith-generated	PD-own
7000-lilith-plots/polygons/7083_plots_line-polygons-00120-s410edf16_1024x1024.png	7000-lilith-plots	plots	7083	line-polygons-00120-s410edf16		1024	1024	png	158446	gen-line-polygons__00120_s410edf16_1024sq.png	lilith-generated	PD-own
7000-lilith-plots/polygons/7084_plots_line-polygons-00168-s4e34287f_1024x1024.png	7000-lilith-plots	plots	7084	line-polygons-00168-s4e34287f		1024	1024	png	173648	gen-line-polygons__00168_s4e34287f_1024sq.png	lilith-generated	PD-own
7000-lilith-plots/polygons/7085_plots_line-polygons-00184-s02a80f0a_1024x1024.png	7000-lilith-plots	plots	7085	line-polygons-00184-s02a80f0a		1024	1024	png	165783	gen-line-polygons__00184_s02a80f0a_1024sq.png	lilith-generated	PD-own
7000-lilith-plots/polygons/7086_plots_line-polygons-00210-s2771b783_1024x1024.png	7000-lilith-plots	plots	7086	line-polygons-00210-s2771b783		1024	1024	png	236118	gen-line-polygons__00210_s2771b783_1024sq.png	lilith-generated	PD-own
7000-lilith-plots/polygons/7087_plots_line-polygons-00227-s7fca561d_1024x1024.png	7000-lilith-plots	plots	7087	line-polygons-00227-s7fca561d		1024	1024	png	137728	gen-line-polygons__00227_s7fca561d_1024sq.png	lilith-generated	PD-own
7000-lilith-plots/polygons/7088_plots_line-polygons-00232-s0b160660_1024x1024.png	7000-lilith-plots	plots	7088	line-polygons-00232-s0b160660		1024	1024	png	138167	gen-line-polygons__00232_s0b160660_1024sq.png	lilith-generated	PD-own
7000-lilith-plots/polygons/7089_plots_line-polygons-00240-s51df1e6b_1024x1024.png	7000-lilith-plots	plots	7089	line-polygons-00240-s51df1e6b		1024	1024	png	95871	gen-line-polygons__00240_s51df1e6b_1024sq.png	lilith-generated	PD-own
7000-lilith-plots/polygons/7090_plots_line-polygons-00291-s625cdbd7_1024x1024.png	7000-lilith-plots	plots	7090	line-polygons-00291-s625cdbd7		1024	1024	png	133622	gen-line-polygons__00291_s625cdbd7_1024sq.png	lilith-generated	PD-own
7000-lilith-plots/random-charts/7091_plots_chart-00062-s17ba7d45_1024x1024.png	7000-lilith-plots	plots	7091	chart-00062-s17ba7d45		1024	1024	png	133049	gen-chart__00062_s17ba7d45_1024sq.png	lilith-generated	PD-own
7000-lilith-plots/random-charts/7092_plots_chart-00118-s37436075_1024x1024.png	7000-lilith-plots	plots	7092	chart-00118-s37436075		1024	1024	png	136826	gen-chart__00118_s37436075_1024sq.png	lilith-generated	PD-own
7000-lilith-plots/random-charts/7093_plots_chart-00119-s0610e7ff_1024x1024.png	7000-lilith-plots	plots	7093	chart-00119-s0610e7ff		1024	1024	png	130536	gen-chart__00119_s0610e7ff_1024sq.png	lilith-generated	PD-own
7000-lilith-plots/random-charts/7094_plots_chart-00132-s681da868_1024x1024.png	7000-lilith-plots	plots	7094	chart-00132-s681da868		1024	1024	png	19378	gen-chart__00132_s681da868_1024sq.png	lilith-generated	PD-own
7000-lilith-plots/random-charts/7095_plots_chart-00152-s5a1f19a0_1024x1024.png	7000-lilith-plots	plots	7095	chart-00152-s5a1f19a0		1024	1024	png	17170	gen-chart__00152_s5a1f19a0_1024sq.png	lilith-generated	PD-own
7000-lilith-plots/random-charts/7096_plots_chart-00202-s0ec4ccf0_1024x1024.png	7000-lilith-plots	plots	7096	chart-00202-s0ec4ccf0		1024	1024	png	19131	gen-chart__00202_s0ec4ccf0_1024sq.png	lilith-generated	PD-own
7000-lilith-plots/random-charts/7097_plots_chart-00237-s77afa41b_1024x1024.png	7000-lilith-plots	plots	7097	chart-00237-s77afa41b		1024	1024	png	70561	gen-chart__00237_s77afa41b_1024sq.png	lilith-generated	PD-own
7000-lilith-plots/random-charts/7098_plots_chart-00268-s32c66252_1024x1024.png	7000-lilith-plots	plots	7098	chart-00268-s32c66252		1024	1024	png	123202	gen-chart__00268_s32c66252_1024sq.png	lilith-generated	PD-own
7000-lilith-plots/random-charts/7099_plots_chart-00311-s6e92c9b6_1024x1024.png	7000-lilith-plots	plots	7099	chart-00311-s6e92c9b6		1024	1024	png	114100	gen-chart__00311_s6e92c9b6_1024sq.png	lilith-generated	PD-own
7000-lilith-plots/random-charts/7100_plots_chart-00329-s49cff644_1024x1024.png	7000-lilith-plots	plots	7100	chart-00329-s49cff644		1024	1024	png	50411	gen-chart__00329_s49cff644_1024sq.png	lilith-generated	PD-own
7000-lilith-plots/random-charts/7101_plots_chart-00363-s4e589110_1024x1024.png	7000-lilith-plots	plots	7101	chart-00363-s4e589110		1024	1024	png	126153	gen-chart__00363_s4e589110_1024sq.png	lilith-generated	PD-own
7000-lilith-plots/random-charts/7102_plots_chart-00417-s2b748aba_1024x1024.png	7000-lilith-plots	plots	7102	chart-00417-s2b748aba		1024	1024	png	136540	gen-chart__00417_s2b748aba_1024sq.png	lilith-generated	PD-own
7000-lilith-plots/random-charts/7103_plots_chart-00433-s6c53a027_1024x1024.png	7000-lilith-plots	plots	7103	chart-00433-s6c53a027		1024	1024	png	20067	gen-chart__00433_s6c53a027_1024sq.png	lilith-generated	PD-own
7000-lilith-plots/random-charts/7104_plots_chart-00462-s33459e94_1024x1024.png	7000-lilith-plots	plots	7104	chart-00462-s33459e94		1024	1024	png	145888	gen-chart__00462_s33459e94_1024sq.png	lilith-generated	PD-own
7000-lilith-plots/random-charts/7105_plots_chart-00486-s53f6eb34_1024x1024.png	7000-lilith-plots	plots	7105	chart-00486-s53f6eb34		1024	1024	png	111323	gen-chart__00486_s53f6eb34_1024sq.png	lilith-generated	PD-own
7000-lilith-plots/real-charts/7106_plots_chart-bar-01-light_1024x1024.png	7000-lilith-plots	plots	7106	chart-bar-01-light		1024	1024	png	32568	gen-chart-bar__01_light_1024sq.qc.png	lilith-generated	PD-own
7000-lilith-plots/real-charts/7107_plots_chart-boxplot-15-sunset_1024x1024.png	7000-lilith-plots	plots	7107	chart-boxplot-15-sunset		1024	1024	png	39485	gen-chart-boxplot__15_sunset_1024sq.qc.png	lilith-generated	PD-own
7000-lilith-plots/real-charts/7108_plots_chart-bubble-10-slate_1024x1024.png	7000-lilith-plots	plots	7108	chart-bubble-10-slate		1024	1024	png	76224	gen-chart-bubble__10_slate_1024sq.qc.png	lilith-generated	PD-own
7000-lilith-plots/real-charts/7109_plots_chart-candlestick-17-light_1024x1024.png	7000-lilith-plots	plots	7109	chart-candlestick-17-light		1024	1024	png	26203	gen-chart-candlestick__17_light_1024sq.qc.png	lilith-generated	PD-own
7000-lilith-plots/real-charts/7110_plots_chart-doughnut-06-contrast_1024x1024.png	7000-lilith-plots	plots	7110	chart-doughnut-06-contrast		1024	1024	png	94179	gen-chart-doughnut__06_contrast_1024sq.qc.png	lilith-generated	PD-own
7000-lilith-plots/real-charts/7111_plots_chart-gauge-12-pastel_1024x1024.png	7000-lilith-plots	plots	7111	chart-gauge-12-pastel		1024	1024	png	59092	gen-chart-gauge__12_pastel_1024sq.qc.png	lilith-generated	PD-own
7000-lilith-plots/real-charts/7112_plots_chart-horizontalbar-02-slate_1024x1024.png	7000-lilith-plots	plots	7112	chart-horizontalbar-02-slate		1024	1024	png	38802	gen-chart-horizontalbar__02_slate_1024sq.qc.png	lilith-generated	PD-own
7000-lilith-plots/real-charts/7113_plots_chart-line-03-solarized_1024x1024.png	7000-lilith-plots	plots	7113	chart-line-03-solarized		1024	1024	png	50648	gen-chart-line__03_solarized_1024sq.qc.png	lilith-generated	PD-own
7000-lilith-plots/real-charts/7114_plots_chart-ohlc-18-slate_1024x1024.png	7000-lilith-plots	plots	7114	chart-ohlc-18-slate		1024	1024	png	29071	gen-chart-ohlc__18_slate_1024sq.qc.png	lilith-generated	PD-own
7000-lilith-plots/real-charts/7115_plots_chart-pie-01-light_1024x1024.png	7000-lilith-plots	plots	7115	chart-pie-01-light		1024	1024	png	67764	gen-chart-pie__01_light_1024sq.qc.png	lilith-generated	PD-own
7000-lilith-plots/real-charts/7116_plots_chart-pie-02-slate_1024x1024.png	7000-lilith-plots	plots	7116	chart-pie-02-slate		1024	1024	png	72979	gen-chart-pie__02_slate_1024sq.qc.png	lilith-generated	PD-own
7000-lilith-plots/real-charts/7117_plots_chart-pie-03-solarized_1024x1024.png	7000-lilith-plots	plots	7117	chart-pie-03-solarized		1024	1024	png	68914	gen-chart-pie__03_solarized_1024sq.qc.png	lilith-generated	PD-own
7000-lilith-plots/real-charts/7118_plots_chart-pie-07-sunset_1024x1024.png	7000-lilith-plots	plots	7118	chart-pie-07-sunset		1024	1024	png	72699	gen-chart-pie__07_sunset_1024sq.qc.png	lilith-generated	PD-own
7000-lilith-plots/real-charts/7119_plots_chart-pie-08-forest_1024x1024.png	7000-lilith-plots	plots	7119	chart-pie-08-forest		1024	1024	png	74650	gen-chart-pie__08_forest_1024sq.qc.png	lilith-generated	PD-own
7000-lilith-plots/real-charts/7120_plots_chart-polararea-07-sunset_1024x1024.png	7000-lilith-plots	plots	7120	chart-polararea-07-sunset		1024	1024	png	132670	gen-chart-polararea__07_sunset_1024sq.qc.png	lilith-generated	PD-own
7000-lilith-plots/real-charts/7121_plots_chart-radar-08-forest_1024x1024.png	7000-lilith-plots	plots	7121	chart-radar-08-forest		1024	1024	png	124611	gen-chart-radar__08_forest_1024sq.qc.png	lilith-generated	PD-own
7000-lilith-plots/real-charts/7122_plots_chart-sankey-19-solarized_1024x1024.png	7000-lilith-plots	plots	7122	chart-sankey-19-solarized		1024	1024	png	38193	gen-chart-sankey__19_solarized_1024sq.qc.png	lilith-generated	PD-own
7000-lilith-plots/real-charts/7123_plots_chart-scatter-09-light_1024x1024.png	7000-lilith-plots	plots	7123	chart-scatter-09-light		1024	1024	png	43934	gen-chart-scatter__09_light_1024sq.qc.png	lilith-generated	PD-own
7000-lilith-plots/real-charts/7124_plots_chart-stackedbar-05-corporate_1024x1024.png	7000-lilith-plots	plots	7124	chart-stackedbar-05-corporate		1024	1024	png	32112	gen-chart-stackedbar__05_corporate_1024sq.qc.png	lilith-generated	PD-own
7000-lilith-plots/real-charts/7125_plots_chart-violin-16-forest_1024x1024.png	7000-lilith-plots	plots	7125	chart-violin-16-forest		1024	1024	png	73149	gen-chart-violin__16_forest_1024sq.qc.png	lilith-generated	PD-own
8000-lilith-mobile-screenshots/8000_mobile-screenshots_imageflow-server_screenshot-20260526-065435-brave_1968x2184.png	8000-lilith-mobile-screenshots	mobile-screenshots	8000	imageflow-server_screenshot-20260526-065435-brave		1968	2184	png	422681	Screenshot_20260526_065435_Brave.png	various-web	screenshot-unverified
8000-lilith-mobile-screenshots/8001_mobile-screenshots_imageflow-server_screenshot-20260526-065450-brave_1968x2184.png	8000-lilith-mobile-screenshots	mobile-screenshots	8001	imageflow-server_screenshot-20260526-065450-brave		1968	2184	png	277429	Screenshot_20260526_065450_Brave.png	various-web	screenshot-unverified
8000-lilith-mobile-screenshots/8002_mobile-screenshots_imageflow-server_screenshot-20260526-065522-brave_1080x2520.png	8000-lilith-mobile-screenshots	mobile-screenshots	8002	imageflow-server_screenshot-20260526-065522-brave		1080	2520	png	192533	Screenshot_20260526_065522_Brave.png	various-web	screenshot-unverified
8000-lilith-mobile-screenshots/8003_mobile-screenshots_park-guell_screenshot-20260526-065653-tripadvisor_1080x2520.png	8000-lilith-mobile-screenshots	mobile-screenshots	8003	park-guell_screenshot-20260526-065653-tripadvisor		1080	2520	png	1847440	Screenshot_20260526_065653_Tripadvisor.png	various-web	screenshot-unverified
8000-lilith-mobile-screenshots/8004_mobile-screenshots_mobile-app-dashboard_screenshot-20260526-065758-github_1080x2520.png	8000-lilith-mobile-screenshots	mobile-screenshots	8004	mobile-app-dashboard_screenshot-20260526-065758-github		1080	2520	png	139819	Screenshot_20260526_065758_GitHub.png	various-web	screenshot-unverified
8000-lilith-mobile-screenshots/8005_mobile-screenshots_archmage-intrinsics-search_screenshot-20260526-065904-brave_1080x2520.png	8000-lilith-mobile-screenshots	mobile-screenshots	8005	archmage-intrinsics-search_screenshot-20260526-065904-brave		1080	2520	png	300526	Screenshot_20260526_065904_Brave.png	various-web	screenshot-unverified
8000-lilith-mobile-screenshots/8006_mobile-screenshots_zenquant-quantizer-comparison_screenshot-20260526-070305-brave_1968x2184.png	8000-lilith-mobile-screenshots	mobile-screenshots	8006	zenquant-quantizer-comparison_screenshot-20260526-070305-brave		1968	2184	png	3263573	Screenshot_20260526_070305_Brave.png	various-web	screenshot-unverified
8000-lilith-mobile-screenshots/8007_mobile-screenshots_imageflow-site-layout_screenshot-20260526-070339-brave_1080x2520.png	8000-lilith-mobile-screenshots	mobile-screenshots	8007	imageflow-site-layout_screenshot-20260526-070339-brave		1080	2520	png	187989	Screenshot_20260526_070339_Brave.png	various-web	screenshot-unverified
8000-lilith-mobile-screenshots/8008_mobile-screenshots_yellowstone-national-park_screenshot-20260526-070435-maps_1968x2184.png	8000-lilith-mobile-screenshots	mobile-screenshots	8008	yellowstone-national-park_screenshot-20260526-070435-maps		1968	2184	png	774981	Screenshot_20260526_070435_Maps.png	various-web	screenshot-unverified
8000-lilith-mobile-screenshots/8009_mobile-screenshots_yellowstone-national-park_screenshot-20260526-070456-maps_1080x2520.png	8000-lilith-mobile-screenshots	mobile-screenshots	8009	yellowstone-national-park_screenshot-20260526-070456-maps		1080	2520	png	1316611	Screenshot_20260526_070456_Maps.png	various-web	screenshot-unverified
8000-lilith-mobile-screenshots/8010_mobile-screenshots_yellowstone-national-park_screenshot-20260526-070520-maps_1080x2520.png	8000-lilith-mobile-screenshots	mobile-screenshots	8010	yellowstone-national-park_screenshot-20260526-070520-maps		1080	2520	png	2457577	Screenshot_20260526_070520_Maps.png	various-web	screenshot-unverified
8000-lilith-mobile-screenshots/8011_mobile-screenshots_beach-clear-sky_screenshot-20260526-070835-photos_1080x2520.png	8000-lilith-mobile-screenshots	mobile-screenshots	8011	beach-clear-sky_screenshot-20260526-070835-photos		1080	2520	png	1249946	Screenshot_20260526_070835_Photos.png	various-web	screenshot-unverified
8000-lilith-mobile-screenshots/8012_mobile-screenshots_on-screen-keyboard_screenshot-20260526-070935-calculator_1080x2520.png	8000-lilith-mobile-screenshots	mobile-screenshots	8012	on-screen-keyboard_screenshot-20260526-070935-calculator		1080	2520	png	118945	Screenshot_20260526_070935_Calculator.png	various-web	screenshot-unverified
8000-lilith-mobile-screenshots/8013_mobile-screenshots_northern-lights-display_screenshot-20260526-071011-brave_1080x2520.png	8000-lilith-mobile-screenshots	mobile-screenshots	8013	northern-lights-display_screenshot-20260526-071011-brave		1080	2520	png	676897	Screenshot_20260526_071011_Brave.png	various-web	screenshot-unverified
8000-lilith-mobile-screenshots/8014_mobile-screenshots_summer-vacation-must_screenshot-20260526-071037-brave_1080x2520.png	8000-lilith-mobile-screenshots	mobile-screenshots	8014	summer-vacation-must_screenshot-20260526-071037-brave		1080	2520	png	930452	Screenshot_20260526_071037_Brave.png	various-web	screenshot-unverified
8000-lilith-mobile-screenshots/8015_mobile-screenshots_zenbench-microbenchmarking_screenshot-20260526-071215-brave_1968x2184.png	8000-lilith-mobile-screenshots	mobile-screenshots	8015	zenbench-microbenchmarking_screenshot-20260526-071215-brave		1968	2184	png	360772	Screenshot_20260526_071215_Brave.png	various-web	screenshot-unverified
8000-lilith-mobile-screenshots/8016_mobile-screenshots_black-and-white_screenshot-20260526-071251-brave_1968x2184.png	8000-lilith-mobile-screenshots	mobile-screenshots	8016	black-and-white_screenshot-20260526-071251-brave		1968	2184	png	1047440	Screenshot_20260526_071251_Brave.png	various-web	screenshot-unverified
8000-lilith-mobile-screenshots/8017_mobile-screenshots_zenbench-benchmark-results_screenshot-20260526-071330-brave_1968x2184.png	8000-lilith-mobile-screenshots	mobile-screenshots	8017	zenbench-benchmark-results_screenshot-20260526-071330-brave		1968	2184	png	319853	Screenshot_20260526_071330_Brave.png	various-web	screenshot-unverified
8000-lilith-mobile-screenshots/8018_mobile-screenshots_zenpng-readme-page_screenshot-20260526-071349-brave_1968x2184.png	8000-lilith-mobile-screenshots	mobile-screenshots	8018	zenpng-readme-page_screenshot-20260526-071349-brave		1968	2184	png	338867	Screenshot_20260526_071349_Brave.png	various-web	screenshot-unverified
8000-lilith-mobile-screenshots/8019_mobile-screenshots_chart-gallery-illustration_screenshot-20260526-071432-brave_1968x2184.png	8000-lilith-mobile-screenshots	mobile-screenshots	8019	chart-gallery-illustration_screenshot-20260526-071432-brave		1968	2184	png	403904	Screenshot_20260526_071432_Brave.png	various-web	screenshot-unverified
8000-lilith-mobile-screenshots/8020_mobile-screenshots_dashboard-analytics_screenshot-20260526-071748-brave_1968x2184.png	8000-lilith-mobile-screenshots	mobile-screenshots	8020	dashboard-analytics_screenshot-20260526-071748-brave		1968	2184	png	620474	Screenshot_20260526_071748_Brave.png	various-web	screenshot-unverified
8000-lilith-mobile-screenshots/8021_mobile-screenshots_trump-pac-donation_screenshot-20260526-072032-substack_1080x2520.png	8000-lilith-mobile-screenshots	mobile-screenshots	8021	trump-pac-donation_screenshot-20260526-072032-substack		1080	2520	png	900751	Screenshot_20260526_072032_Substack.png	various-web	screenshot-unverified
8000-lilith-mobile-screenshots/8022_mobile-screenshots_kansas-judge-writes_screenshot-20260526-072125-substack_1080x2520.png	8000-lilith-mobile-screenshots	mobile-screenshots	8022	kansas-judge-writes		1080	2520	png	344170	Screenshot_20260526_072125_Substack.png	various-web	screenshot-unverified
8000-lilith-mobile-screenshots/8023_mobile-screenshots_judge_screenshot-20260526-072139-substack_1080x5192.jpg	8000-lilith-mobile-screenshots	mobile-screenshots	8023	judge		1080	5192	jpg	1661853	Screenshot_20260526_072139_Substack.jpg	various-web	screenshot-unverified
8000-lilith-mobile-screenshots/8024_mobile-screenshots_rhode-island-hospital_screenshot-20260526-072206-substack_1080x2520.png	8000-lilith-mobile-screenshots	mobile-screenshots	8024	rhode-island-hospital_screenshot-20260526-072206-substack		1080	2520	png	1383656	Screenshot_20260526_072206_Substack.png	various-web	screenshot-unverified
8000-lilith-mobile-screenshots/8025_mobile-screenshots_federal-judge-trans_screenshot-20260526-072218-substack_1080x2520.png	8000-lilith-mobile-screenshots	mobile-screenshots	8025	federal-judge-trans_screenshot-20260526-072218-substack		1080	2520	png	1087017	Screenshot_20260526_072218_Substack.png	various-web	screenshot-unverified
8000-lilith-mobile-screenshots/8026_mobile-screenshots_news-channel-anchor_screenshot-20260526-072252-substack_1080x2520.png	8000-lilith-mobile-screenshots	mobile-screenshots	8026	news-channel-anchor_screenshot-20260526-072252-substack		1080	2520	png	1362341	Screenshot_20260526_072252_Substack.png	various-web	screenshot-unverified
8000-lilith-mobile-screenshots/8027_mobile-screenshots_sandals-shoes-bags_screenshot-20260526-072934-brave_1080x2520.png	8000-lilith-mobile-screenshots	mobile-screenshots	8027	sandals-shoes-bags_screenshot-20260526-072934-brave		1080	2520	png	2716984	Screenshot_20260526_072934_Brave.png	various-web	screenshot-unverified
8000-lilith-mobile-screenshots/8028_mobile-screenshots_flats-loafers-product_screenshot-20260526-072956-brave_1080x2152.png	8000-lilith-mobile-screenshots	mobile-screenshots	8028	flats-loafers-product_screenshot-20260526-072956-brave		1080	2152	png	383901	Screenshot_20260526_072956_Brave.png	various-web	screenshot-unverified
8000-lilith-mobile-screenshots/8029_mobile-screenshots_sunset-over-water_screenshot-20260526-073120-photos_1080x2520.png	8000-lilith-mobile-screenshots	mobile-screenshots	8029	sunset-over-water_screenshot-20260526-073120-photos		1080	2520	png	1137523	Screenshot_20260526_073120_Photos.png	various-web	screenshot-unverified
8000-lilith-mobile-screenshots/8030_mobile-screenshots_seaside-viewpoint-pic_screenshot-20260526-073431-photos_1968x2184.png	8000-lilith-mobile-screenshots	mobile-screenshots	8030	seaside-viewpoint-pic_screenshot-20260526-073431-photos		1968	2184	png	5652496	Screenshot_20260526_073431_Photos.png	various-web	screenshot-unverified
8000-lilith-mobile-screenshots/8031_mobile-screenshots_pom-businessman_screenshot-20260526-074244-photos_1968x2184.png	8000-lilith-mobile-screenshots	mobile-screenshots	8031	pom-businessman		1968	2184	png	2670615	Screenshot_20260526_074244_Photos.png	various-web	screenshot-unverified
8100-lilith-web-screenshots/1440x900/8100_web-screenshots_archive-wayback-search_dpr1_page1_1440x900.png	8100-lilith-web-screenshots	web-screenshots	8100	archive-wayback-search_dpr1_page1		1440	900	png	180294	archive__wayback-search__1440x900__dpr1_page1.png	various-web	PD-tool
8100-lilith-web-screenshots/1440x900/8101_web-screenshots_archives-exhibits_dpr1_page1_1440x900.png	8100-lilith-web-screenshots	web-screenshots	8101	archives-exhibits_dpr1_page1		1440	900	png	596068	archives__exhibits__1440x900__dpr1_page1.png	various-web	PD
8100-lilith-web-screenshots/1440x900/8102_web-screenshots_archives-exhibits_dpr1_page2_1440x900.png	8100-lilith-web-screenshots	web-screenshots	8102	archives-exhibits_dpr1_page2		1440	900	png	375012	archives__exhibits__1440x900__dpr1_page2.png	various-web	PD
8100-lilith-web-screenshots/1440x900/8103_web-screenshots_bls-employment-situation_dpr1_page1_1440x900.png	8100-lilith-web-screenshots	web-screenshots	8103	bls-employment-situation_dpr1_page1		1440	900	png	33400	bls__employment-situation__1440x900__dpr1_page1.png	various-web	PD
8100-lilith-web-screenshots/1440x900/8104_web-screenshots_climate-gov-home_dpr1_page1_1440x900.png	8100-lilith-web-screenshots	web-screenshots	8104	climate-gov-home_dpr1_page1		1440	900	png	764339	climate-gov__home__1440x900__dpr1_page1.png	various-web	PD
8100-lilith-web-screenshots/1440x900/8105_web-screenshots_climate-gov-home_dpr1_page2_1440x900.png	8100-lilith-web-screenshots	web-screenshots	8105	climate-gov-home_dpr1_page2		1440	900	png	624421	climate-gov__home__1440x900__dpr1_page2.png	various-web	PD
8100-lilith-web-screenshots/1440x900/8106_web-screenshots_climate-news_dpr1_page1_1440x900.png	8100-lilith-web-screenshots	web-screenshots	8106	climate-news_dpr1_page1		1440	900	png	335619	climate__news__1440x900__dpr1_page1.png	various-web	PD
8100-lilith-web-screenshots/1440x900/8107_web-screenshots_climate-news_dpr1_page2_1440x900.png	8100-lilith-web-screenshots	web-screenshots	8107	climate-news_dpr1_page2		1440	900	png	329486	climate__news__1440x900__dpr1_page2.png	various-web	PD
8100-lilith-web-screenshots/1440x900/8108_web-screenshots_datagov-catalog_dpr1_page1_1440x900.png	8100-lilith-web-screenshots	web-screenshots	8108	datagov-catalog_dpr1_page1		1440	900	png	139193	datagov__catalog__1440x900__dpr1_page1.png	various-web	PD
8100-lilith-web-screenshots/1440x900/8109_web-screenshots_datagov-catalog_dpr1_page2_1440x900.png	8100-lilith-web-screenshots	web-screenshots	8109	datagov-catalog_dpr1_page2		1440	900	png	167830	datagov__catalog__1440x900__dpr1_page2.png	various-web	PD
8100-lilith-web-screenshots/1440x900/8110_web-screenshots_federalreserve-data_dpr1_page1_1440x900.png	8100-lilith-web-screenshots	web-screenshots	8110	federalreserve-data_dpr1_page1		1440	900	png	285171	federalreserve__data__1440x900__dpr1_page1.png	various-web	PD
8100-lilith-web-screenshots/1440x900/8111_web-screenshots_gutenberg-top_dpr1_page1_1440x900.png	8100-lilith-web-screenshots	web-screenshots	8111	gutenberg-top_dpr1_page1		1440	900	png	219909	gutenberg__top__1440x900__dpr1_page1.png	various-web	PD
8100-lilith-web-screenshots/1440x900/8112_web-screenshots_gutenberg-top_dpr1_page2_1440x900.png	8100-lilith-web-screenshots	web-screenshots	8112	gutenberg-top_dpr1_page2		1440	900	png	259291	gutenberg__top__1440x900__dpr1_page2.png	various-web	PD
8100-lilith-web-screenshots/1440x900/8113_web-screenshots_lkml-lists-index_dpr1_page1_1440x900.png	8100-lilith-web-screenshots	web-screenshots	8113	lkml-lists-index_dpr1_page1		1440	900	png	199604	lkml__lists-index__1440x900__dpr1_page1.png	various-web	Mailing-list-PD
8100-lilith-web-screenshots/1440x900/8114_web-screenshots_lkml-lists-index_dpr1_page2_1440x900.png	8100-lilith-web-screenshots	web-screenshots	8114	lkml-lists-index_dpr1_page2		1440	900	png	239557	lkml__lists-index__1440x900__dpr1_page2.png	various-web	Mailing-list-PD
8100-lilith-web-screenshots/1440x900/8115_web-screenshots_loc-exhibits_dpr1_page1_1440x900.png	8100-lilith-web-screenshots	web-screenshots	8115	loc-exhibits_dpr1_page1		1440	900	png	496909	loc__exhibits__1440x900__dpr1_page1.png	various-web	PD
8100-lilith-web-screenshots/1440x900/8116_web-screenshots_loc-free-to-use_dpr1_page1_1440x900.png	8100-lilith-web-screenshots	web-screenshots	8116	loc-free-to-use_dpr1_page1		1440	900	png	680104	loc__free-to-use__1440x900__dpr1_page1.png	various-web	PD
8100-lilith-web-screenshots/1440x900/8117_web-screenshots_loc-free-to-use_dpr1_page2_1440x900.png	8100-lilith-web-screenshots	web-screenshots	8117	loc-free-to-use_dpr1_page2		1440	900	png	1396938	loc__free-to-use__1440x900__dpr1_page2.png	various-web	PD
8100-lilith-web-screenshots/1440x900/8118_web-screenshots_loc-pictures_dpr1_page1_1440x900.png	8100-lilith-web-screenshots	web-screenshots	8118	loc-pictures_dpr1_page1		1440	900	png	320314	loc__pictures__1440x900__dpr1_page1.png	various-web	PD
8100-lilith-web-screenshots/1440x900/8119_web-screenshots_loc-pictures_dpr1_page2_1440x900.png	8100-lilith-web-screenshots	web-screenshots	8119	loc-pictures_dpr1_page2		1440	900	png	302429	loc__pictures__1440x900__dpr1_page2.png	various-web	PD
8100-lilith-web-screenshots/1440x900/8120_web-screenshots_nasa-artemis_dpr1_page1_1440x900.png	8100-lilith-web-screenshots	web-screenshots	8120	nasa-artemis_dpr1_page1		1440	900	png	510581	nasa__artemis__1440x900__dpr1_page1.png	various-web	PD
8100-lilith-web-screenshots/1440x900/8121_web-screenshots_nasa-artemis_dpr1_page2_1440x900.png	8100-lilith-web-screenshots	web-screenshots	8121	nasa-artemis_dpr1_page2		1440	900	png	1069973	nasa__artemis__1440x900__dpr1_page2.png	various-web	PD
8100-lilith-web-screenshots/1440x900/8122_web-screenshots_nasa-home_dpr1_page1_1440x900.png	8100-lilith-web-screenshots	web-screenshots	8122	nasa-home_dpr1_page1		1440	900	png	693198	nasa__home__1440x900__dpr1_page1.png	various-web	PD
8100-lilith-web-screenshots/1440x900/8123_web-screenshots_nasa-home_dpr1_page2_1440x900.png	8100-lilith-web-screenshots	web-screenshots	8123	nasa-home_dpr1_page2		1440	900	png	974427	nasa__home__1440x900__dpr1_page2.png	various-web	PD
8100-lilith-web-screenshots/1440x900/8124_web-screenshots_nasa-image-of-day_dpr1_page1_1440x900.png	8100-lilith-web-screenshots	web-screenshots	8124	nasa-image-of-day_dpr1_page1		1440	900	png	1330342	nasa__image-of-day__1440x900__dpr1_page1.png	various-web	PD
8100-lilith-web-screenshots/1440x900/8125_web-screenshots_nasa-image-of-day_dpr1_page2_1440x900.png	8100-lilith-web-screenshots	web-screenshots	8125	nasa-image-of-day_dpr1_page2		1440	900	png	1725114	nasa__image-of-day__1440x900__dpr1_page2.png	various-web	PD
8100-lilith-web-screenshots/1440x900/8126_web-screenshots_nasa-missions_dpr1_page1_1440x900.png	8100-lilith-web-screenshots	web-screenshots	8126	nasa-missions_dpr1_page1		1440	900	png	536590	nasa__missions__1440x900__dpr1_page1.png	various-web	PD
8100-lilith-web-screenshots/1440x900/8127_web-screenshots_nasa-missions_dpr1_page2_1440x900.png	8100-lilith-web-screenshots	web-screenshots	8127	nasa-missions_dpr1_page2		1440	900	png	422301	nasa__missions__1440x900__dpr1_page2.png	various-web	PD
8100-lilith-web-screenshots/1440x900/8128_web-screenshots_nasa-news_dpr1_page1_1440x900.png	8100-lilith-web-screenshots	web-screenshots	8128	nasa-news_dpr1_page1		1440	900	png	1158074	nasa__news__1440x900__dpr1_page1.png	various-web	PD
8100-lilith-web-screenshots/1440x900/8129_web-screenshots_nasa-news_dpr1_page2_1440x900.png	8100-lilith-web-screenshots	web-screenshots	8129	nasa-news_dpr1_page2		1440	900	png	764765	nasa__news__1440x900__dpr1_page2.png	various-web	PD
8100-lilith-web-screenshots/1440x900/8130_web-screenshots_nih-recipes-keep-the-beat_dpr1_page1_1440x900.png	8100-lilith-web-screenshots	web-screenshots	8130	nih-recipes-keep-the-beat_dpr1_page1		1440	900	png	107656	nih-recipes__keep-the-beat__1440x900__dpr1_page1.png	various-web	PD
8100-lilith-web-screenshots/1440x900/8131_web-screenshots_nih-home_dpr1_page1_1440x900.png	8100-lilith-web-screenshots	web-screenshots	8131	nih-home_dpr1_page1		1440	900	png	867604	nih__home__1440x900__dpr1_page1.png	various-web	PD
8100-lilith-web-screenshots/1440x900/8132_web-screenshots_nih-home_dpr1_page2_1440x900.png	8100-lilith-web-screenshots	web-screenshots	8132	nih-home_dpr1_page2		1440	900	png	907934	nih__home__1440x900__dpr1_page2.png	various-web	PD
8100-lilith-web-screenshots/1440x900/8133_web-screenshots_noaa-home_dpr1_page1_1440x900.png	8100-lilith-web-screenshots	web-screenshots	8133	noaa-home_dpr1_page1		1440	900	png	1555344	noaa__home__1440x900__dpr1_page1.png	various-web	PD
8100-lilith-web-screenshots/1440x900/8134_web-screenshots_nps-grand-canyon_dpr1_page1_1440x900.png	8100-lilith-web-screenshots	web-screenshots	8134	nps-grand-canyon_dpr1_page1		1440	900	png	1228188	nps__grand-canyon__1440x900__dpr1_page1.png	various-web	PD
8100-lilith-web-screenshots/1440x900/8135_web-screenshots_nps-grand-canyon_dpr1_page2_1440x900.png	8100-lilith-web-screenshots	web-screenshots	8135	nps-grand-canyon_dpr1_page2		1440	900	png	1237667	nps__grand-canyon__1440x900__dpr1_page2.png	various-web	PD
8100-lilith-web-screenshots/1440x900/8136_web-screenshots_nps-grca_dpr1_page1_1440x900.png	8100-lilith-web-screenshots	web-screenshots	8136	nps-grca_dpr1_page1		1440	900	png	1228188	nps__grca__1440x900__dpr1_page1.png	various-web	PD
8100-lilith-web-screenshots/1440x900/8137_web-screenshots_nps-grca_dpr1_page2_1440x900.png	8100-lilith-web-screenshots	web-screenshots	8137	nps-grca_dpr1_page2		1440	900	png	1237667	nps__grca__1440x900__dpr1_page2.png	various-web	PD
8100-lilith-web-screenshots/1440x900/8138_web-screenshots_nps-yellowstone_dpr1_page1_1440x900.png	8100-lilith-web-screenshots	web-screenshots	8138	nps-yellowstone_dpr1_page1		1440	900	png	844755	nps__yellowstone__1440x900__dpr1_page1.png	various-web	PD
8100-lilith-web-screenshots/1440x900/8139_web-screenshots_nps-yellowstone_dpr1_page2_1440x900.png	8100-lilith-web-screenshots	web-screenshots	8139	nps-yellowstone_dpr1_page2		1440	900	png	1869774	nps__yellowstone__1440x900__dpr1_page2.png	various-web	PD
8100-lilith-web-screenshots/1440x900/8140_web-screenshots_nps-yosemite_dpr1_page1_1440x900.png	8100-lilith-web-screenshots	web-screenshots	8140	nps-yosemite_dpr1_page1		1440	900	png	909527	nps__yosemite__1440x900__dpr1_page1.png	various-web	PD
8100-lilith-web-screenshots/1440x900/8141_web-screenshots_nps-yosemite_dpr1_page2_1440x900.png	8100-lilith-web-screenshots	web-screenshots	8141	nps-yosemite_dpr1_page2		1440	900	png	1762219	nps__yosemite__1440x900__dpr1_page2.png	various-web	PD
8100-lilith-web-screenshots/1440x900/8142_web-screenshots_nps-zion_dpr1_page1_1440x900.png	8100-lilith-web-screenshots	web-screenshots	8142	nps-zion_dpr1_page1		1440	900	png	1259892	nps__zion__1440x900__dpr1_page1.png	various-web	PD
8100-lilith-web-screenshots/1440x900/8143_web-screenshots_nps-zion_dpr1_page2_1440x900.png	8100-lilith-web-screenshots	web-screenshots	8143	nps-zion_dpr1_page2		1440	900	png	1581946	nps__zion__1440x900__dpr1_page2.png	various-web	PD
8100-lilith-web-screenshots/1440x900/8144_web-screenshots_si-edu-exhibitions_dpr1_page1_1440x900.png	8100-lilith-web-screenshots	web-screenshots	8144	si-edu-exhibitions_dpr1_page1		1440	900	png	57392	si-edu__exhibitions__1440x900__dpr1_page1.png	various-web	PD
8100-lilith-web-screenshots/1440x900/8145_web-screenshots_si-edu-exhibitions_dpr1_page2_1440x900.png	8100-lilith-web-screenshots	web-screenshots	8145	si-edu-exhibitions_dpr1_page2		1440	900	png	899584	si-edu__exhibitions__1440x900__dpr1_page2.png	various-web	PD
8100-lilith-web-screenshots/1440x900/8146_web-screenshots_terminal-python-repl_dpr1_page1_1440x900.png	8100-lilith-web-screenshots	web-screenshots	8146	terminal-python-repl_dpr1_page1		1440	900	png	77699	terminal__python-repl__1440x900__dpr1_page1.png	various-web	PD-own
8100-lilith-web-screenshots/1440x900/8147_web-screenshots_usaspending-explorer_dpr1_page1_1440x900.png	8100-lilith-web-screenshots	web-screenshots	8147	usaspending-explorer_dpr1_page1		1440	900	png	65976	usaspending__explorer__1440x900__dpr1_page1.png	various-web	PD
8100-lilith-web-screenshots/1440x900/8148_web-screenshots_usgs-main-home_dpr1_page1_1440x900.png	8100-lilith-web-screenshots	web-screenshots	8148	usgs-main-home_dpr1_page1		1440	900	png	975165	usgs-main__home__1440x900__dpr1_page1.png	various-web	PD
8100-lilith-web-screenshots/1440x900/8149_web-screenshots_usgs-main-home_dpr1_page2_1440x900.png	8100-lilith-web-screenshots	web-screenshots	8149	usgs-main-home_dpr1_page2		1440	900	png	305886	usgs-main__home__1440x900__dpr1_page2.png	various-web	PD
8100-lilith-web-screenshots/1440x900/8150_web-screenshots_usgs-news_dpr1_page1_1440x900.png	8100-lilith-web-screenshots	web-screenshots	8150	usgs-news_dpr1_page1		1440	900	png	967531	usgs__news__1440x900__dpr1_page1.png	various-web	PD
8100-lilith-web-screenshots/1440x900/8151_web-screenshots_usgs-news_dpr1_page2_1440x900.png	8100-lilith-web-screenshots	web-screenshots	8151	usgs-news_dpr1_page2		1440	900	png	206639	usgs__news__1440x900__dpr1_page2.png	various-web	PD
8100-lilith-web-screenshots/1440x900/8152_web-screenshots_usgs-topoview_dpr1_page1_1440x900.png	8100-lilith-web-screenshots	web-screenshots	8152	usgs-topoview_dpr1_page1		1440	900	png	620876	usgs__topoview__1440x900__dpr1_page1.png	various-web	PD
8100-lilith-web-screenshots/1440x900/8153_web-screenshots_weather-forecast-nyc_dpr1_page1_1440x900.png	8100-lilith-web-screenshots	web-screenshots	8153	weather-forecast-nyc_dpr1_page1		1440	900	png	252066	weather__forecast-nyc__1440x900__dpr1_page1.png	various-web	PD
8100-lilith-web-screenshots/1440x900/8154_web-screenshots_weather-forecast-nyc_dpr1_page2_1440x900.png	8100-lilith-web-screenshots	web-screenshots	8154	weather-forecast-nyc_dpr1_page2		1440	900	png	369642	weather__forecast-nyc__1440x900__dpr1_page2.png	various-web	PD
8100-lilith-web-screenshots/1440x900/8155_web-screenshots_weather-satellites_dpr1_page1_1440x900.png	8100-lilith-web-screenshots	web-screenshots	8155	weather-satellites_dpr1_page1		1440	900	png	789400	weather__satellites__1440x900__dpr1_page1.png	various-web	PD
8100-lilith-web-screenshots/1440x900/8156_web-screenshots_weatherportal-home_dpr1_page1_1440x900.png	8100-lilith-web-screenshots	web-screenshots	8156	weatherportal-home_dpr1_page1		1440	900	png	490883	weatherportal__home__1440x900__dpr1_page1.png	various-web	PD
8100-lilith-web-screenshots/1440x900/8157_web-screenshots_whitehouse-briefing_dpr1_page1_1440x900.png	8100-lilith-web-screenshots	web-screenshots	8157	whitehouse-briefing_dpr1_page1		1440	900	png	74781	whitehouse__briefing__1440x900__dpr1_page1.png	various-web	PD
8100-lilith-web-screenshots/1440x900/8158_web-screenshots_whitehouse-briefing_dpr1_page2_1440x900.png	8100-lilith-web-screenshots	web-screenshots	8158	whitehouse-briefing_dpr1_page2		1440	900	png	109421	whitehouse__briefing__1440x900__dpr1_page2.png	various-web	PD
8100-lilith-web-screenshots/1920x1080/8159_web-screenshots_archive-wayback-search_dpr1_page1_1920x1080.png	8100-lilith-web-screenshots	web-screenshots	8159	archive-wayback-search_dpr1_page1		1920	1080	png	283549	archive__wayback-search__1920x1080__dpr1_page1.png	various-web	PD-tool
8100-lilith-web-screenshots/1920x1080/8160_web-screenshots_archives-exhibits_dpr1_page1_1920x1080.png	8100-lilith-web-screenshots	web-screenshots	8160	archives-exhibits_dpr1_page1		1920	1080	png	672063	archives__exhibits__1920x1080__dpr1_page1.png	various-web	PD
8100-lilith-web-screenshots/1920x1080/8161_web-screenshots_archives-exhibits_dpr1_page2_1920x1080.png	8100-lilith-web-screenshots	web-screenshots	8161	archives-exhibits_dpr1_page2		1920	1080	png	409845	archives__exhibits__1920x1080__dpr1_page2.png	various-web	PD
8100-lilith-web-screenshots/1920x1080/8162_web-screenshots_bls-employment-situation_dpr1_page1_1920x1080.png	8100-lilith-web-screenshots	web-screenshots	8162	bls-employment-situation_dpr1_page1		1920	1080	png	38059	bls__employment-situation__1920x1080__dpr1_page1.png	various-web	PD
8100-lilith-web-screenshots/1920x1080/8163_web-screenshots_climate-gov-home_dpr1_page1_1920x1080.png	8100-lilith-web-screenshots	web-screenshots	8163	climate-gov-home_dpr1_page1		1920	1080	png	995273	climate-gov__home__1920x1080__dpr1_page1.png	various-web	PD
8100-lilith-web-screenshots/1920x1080/8164_web-screenshots_climate-gov-home_dpr1_page2_1920x1080.png	8100-lilith-web-screenshots	web-screenshots	8164	climate-gov-home_dpr1_page2		1920	1080	png	671867	climate-gov__home__1920x1080__dpr1_page2.png	various-web	PD
8100-lilith-web-screenshots/1920x1080/8165_web-screenshots_datagov-catalog_dpr1_page1_1920x1080.png	8100-lilith-web-screenshots	web-screenshots	8165	datagov-catalog_dpr1_page1		1920	1080	png	176815	datagov__catalog__1920x1080__dpr1_page1.png	various-web	PD
8100-lilith-web-screenshots/1920x1080/8166_web-screenshots_datagov-catalog_dpr1_page2_1920x1080.png	8100-lilith-web-screenshots	web-screenshots	8166	datagov-catalog_dpr1_page2		1920	1080	png	217160	datagov__catalog__1920x1080__dpr1_page2.png	various-web	PD
8100-lilith-web-screenshots/1920x1080/8167_web-screenshots_federalreserve-data_dpr1_page1_1920x1080.png	8100-lilith-web-screenshots	web-screenshots	8167	federalreserve-data_dpr1_page1		1920	1080	png	340544	federalreserve__data__1920x1080__dpr1_page1.png	various-web	PD
8100-lilith-web-screenshots/1920x1080/8168_web-screenshots_federalreserve-data_dpr1_page2_1920x1080.png	8100-lilith-web-screenshots	web-screenshots	8168	federalreserve-data_dpr1_page2		1920	1080	png	250918	federalreserve__data__1920x1080__dpr1_page2.png	various-web	PD
8100-lilith-web-screenshots/1920x1080/8169_web-screenshots_gutenberg-top_dpr1_page1_1920x1080.png	8100-lilith-web-screenshots	web-screenshots	8169	gutenberg-top_dpr1_page1		1920	1080	png	276441	gutenberg__top__1920x1080__dpr1_page1.png	various-web	PD
8100-lilith-web-screenshots/1920x1080/8170_web-screenshots_gutenberg-top_dpr1_page2_1920x1080.png	8100-lilith-web-screenshots	web-screenshots	8170	gutenberg-top_dpr1_page2		1920	1080	png	316586	gutenberg__top__1920x1080__dpr1_page2.png	various-web	PD
8100-lilith-web-screenshots/1920x1080/8171_web-screenshots_lkml-lists-index_dpr1_page1_1920x1080.png	8100-lilith-web-screenshots	web-screenshots	8171	lkml-lists-index_dpr1_page1		1920	1080	png	253589	lkml__lists-index__1920x1080__dpr1_page1.png	various-web	Mailing-list-PD
8100-lilith-web-screenshots/1920x1080/8172_web-screenshots_lkml-lists-index_dpr1_page2_1920x1080.png	8100-lilith-web-screenshots	web-screenshots	8172	lkml-lists-index_dpr1_page2		1920	1080	png	289236	lkml__lists-index__1920x1080__dpr1_page2.png	various-web	Mailing-list-PD
8100-lilith-web-screenshots/1920x1080/8173_web-screenshots_loc-exhibits_dpr1_page1_1920x1080.png	8100-lilith-web-screenshots	web-screenshots	8173	loc-exhibits_dpr1_page1		1920	1080	png	538508	loc__exhibits__1920x1080__dpr1_page1.png	various-web	PD
8100-lilith-web-screenshots/1920x1080/8174_web-screenshots_loc-free-to-use_dpr1_page1_1920x1080.png	8100-lilith-web-screenshots	web-screenshots	8174	loc-free-to-use_dpr1_page1		1920	1080	png	1166153	loc__free-to-use__1920x1080__dpr1_page1.png	various-web	PD
8100-lilith-web-screenshots/1920x1080/8175_web-screenshots_loc-free-to-use_dpr1_page2_1920x1080.png	8100-lilith-web-screenshots	web-screenshots	8175	loc-free-to-use_dpr1_page2		1920	1080	png	1478382	loc__free-to-use__1920x1080__dpr1_page2.png	various-web	PD
8100-lilith-web-screenshots/1920x1080/8176_web-screenshots_loc-pictures_dpr1_page1_1920x1080.png	8100-lilith-web-screenshots	web-screenshots	8176	loc-pictures_dpr1_page1		1920	1080	png	375969	loc__pictures__1920x1080__dpr1_page1.png	various-web	PD
8100-lilith-web-screenshots/1920x1080/8177_web-screenshots_loc-pictures_dpr1_page2_1920x1080.png	8100-lilith-web-screenshots	web-screenshots	8177	loc-pictures_dpr1_page2		1920	1080	png	357937	loc__pictures__1920x1080__dpr1_page2.png	various-web	PD
8100-lilith-web-screenshots/1920x1080/8178_web-screenshots_nasa-artemis_dpr1_page1_1920x1080.png	8100-lilith-web-screenshots	web-screenshots	8178	nasa-artemis_dpr1_page1		1920	1080	png	150366	nasa__artemis__1920x1080__dpr1_page1.png	various-web	PD
8100-lilith-web-screenshots/1920x1080/8179_web-screenshots_nasa-artemis_dpr1_page2_1920x1080.png	8100-lilith-web-screenshots	web-screenshots	8179	nasa-artemis_dpr1_page2		1920	1080	png	591071	nasa__artemis__1920x1080__dpr1_page2.png	various-web	PD
8100-lilith-web-screenshots/1920x1080/8180_web-screenshots_nasa-home_dpr1_page1_1920x1080.png	8100-lilith-web-screenshots	web-screenshots	8180	nasa-home_dpr1_page1		1920	1080	png	1269707	nasa__home__1920x1080__dpr1_page1.png	various-web	PD
8100-lilith-web-screenshots/1920x1080/8181_web-screenshots_nasa-home_dpr1_page2_1920x1080.png	8100-lilith-web-screenshots	web-screenshots	8181	nasa-home_dpr1_page2		1920	1080	png	1332598	nasa__home__1920x1080__dpr1_page2.png	various-web	PD
8100-lilith-web-screenshots/1920x1080/8182_web-screenshots_nasa-image-of-day_dpr1_page1_1920x1080.png	8100-lilith-web-screenshots	web-screenshots	8182	nasa-image-of-day_dpr1_page1		1920	1080	png	2359365	nasa__image-of-day__1920x1080__dpr1_page1.png	various-web	PD
8100-lilith-web-screenshots/1920x1080/8183_web-screenshots_nasa-image-of-day_dpr1_page2_1920x1080.png	8100-lilith-web-screenshots	web-screenshots	8183	nasa-image-of-day_dpr1_page2		1920	1080	png	2463223	nasa__image-of-day__1920x1080__dpr1_page2.png	various-web	PD
8100-lilith-web-screenshots/1920x1080/8184_web-screenshots_nasa-missions_dpr1_page1_1920x1080.png	8100-lilith-web-screenshots	web-screenshots	8184	nasa-missions_dpr1_page1		1920	1080	png	652129	nasa__missions__1920x1080__dpr1_page1.png	various-web	PD
8100-lilith-web-screenshots/1920x1080/8185_web-screenshots_nasa-missions_dpr1_page2_1920x1080.png	8100-lilith-web-screenshots	web-screenshots	8185	nasa-missions_dpr1_page2		1920	1080	png	344587	nasa__missions__1920x1080__dpr1_page2.png	various-web	PD
8100-lilith-web-screenshots/1920x1080/8186_web-screenshots_nasa-news_dpr1_page1_1920x1080.png	8100-lilith-web-screenshots	web-screenshots	8186	nasa-news_dpr1_page1		1920	1080	png	1597610	nasa__news__1920x1080__dpr1_page1.png	various-web	PD
8100-lilith-web-screenshots/1920x1080/8187_web-screenshots_nasa-news_dpr1_page2_1920x1080.png	8100-lilith-web-screenshots	web-screenshots	8187	nasa-news_dpr1_page2		1920	1080	png	611657	nasa__news__1920x1080__dpr1_page2.png	various-web	PD
8100-lilith-web-screenshots/1920x1080/8188_web-screenshots_nasa-perseverance_dpr1_page1_1920x1080.png	8100-lilith-web-screenshots	web-screenshots	8188	nasa-perseverance_dpr1_page1		1920	1080	png	1849478	nasa__perseverance__1920x1080__dpr1_page1.png	various-web	PD
8100-lilith-web-screenshots/1920x1080/8189_web-screenshots_nasa-perseverance_dpr1_page2_1920x1080.png	8100-lilith-web-screenshots	web-screenshots	8189	nasa-perseverance_dpr1_page2		1920	1080	png	572336	nasa__perseverance__1920x1080__dpr1_page2.png	various-web	PD
8100-lilith-web-screenshots/1920x1080/8190_web-screenshots_nih-recipes-keep-the-beat_dpr1_page1_1920x1080.png	8100-lilith-web-screenshots	web-screenshots	8190	nih-recipes-keep-the-beat_dpr1_page1		1920	1080	png	127828	nih-recipes__keep-the-beat__1920x1080__dpr1_page1.png	various-web	PD
8100-lilith-web-screenshots/1920x1080/8191_web-screenshots_nih-home_dpr1_page1_1920x1080.png	8100-lilith-web-screenshots	web-screenshots	8191	nih-home_dpr1_page1		1920	1080	png	1210193	nih__home__1920x1080__dpr1_page1.png	various-web	PD
8100-lilith-web-screenshots/1920x1080/8192_web-screenshots_nih-home_dpr1_page2_1920x1080.png	8100-lilith-web-screenshots	web-screenshots	8192	nih-home_dpr1_page2		1920	1080	png	954332	nih__home__1920x1080__dpr1_page2.png	various-web	PD
8100-lilith-web-screenshots/1920x1080/8193_web-screenshots_noaa-home_dpr1_page1_1920x1080.png	8100-lilith-web-screenshots	web-screenshots	8193	noaa-home_dpr1_page1		1920	1080	png	1924787	noaa__home__1920x1080__dpr1_page1.png	various-web	PD
8100-lilith-web-screenshots/1920x1080/8194_web-screenshots_noaa-ocean_dpr1_page1_1920x1080.png	8100-lilith-web-screenshots	web-screenshots	8194	noaa-ocean_dpr1_page1		1920	1080	png	1506322	noaa__ocean__1920x1080__dpr1_page1.png	various-web	PD
8100-lilith-web-screenshots/1920x1080/8195_web-screenshots_noaa-ocean_dpr1_page2_1920x1080.png	8100-lilith-web-screenshots	web-screenshots	8195	noaa-ocean_dpr1_page2		1920	1080	png	700830	noaa__ocean__1920x1080__dpr1_page2.png	various-web	PD
8100-lilith-web-screenshots/1920x1080/8196_web-screenshots_nps-grand-canyon_dpr1_page1_1920x1080.png	8100-lilith-web-screenshots	web-screenshots	8196	nps-grand-canyon_dpr1_page1		1920	1080	png	1686186	nps__grand-canyon__1920x1080__dpr1_page1.png	various-web	PD
8100-lilith-web-screenshots/1920x1080/8197_web-screenshots_nps-grand-canyon_dpr1_page2_1920x1080.png	8100-lilith-web-screenshots	web-screenshots	8197	nps-grand-canyon_dpr1_page2		1920	1080	png	1369744	nps__grand-canyon__1920x1080__dpr1_page2.png	various-web	PD
8100-lilith-web-screenshots/1920x1080/8198_web-screenshots_nps-grca_dpr1_page1_1920x1080.png	8100-lilith-web-screenshots	web-screenshots	8198	nps-grca_dpr1_page1		1920	1080	png	1696472	nps__grca__1920x1080__dpr1_page1.png	various-web	PD
8100-lilith-web-screenshots/1920x1080/8199_web-screenshots_nps-grca_dpr1_page2_1920x1080.png	8100-lilith-web-screenshots	web-screenshots	8199	nps-grca_dpr1_page2		1920	1080	png	1360859	nps__grca__1920x1080__dpr1_page2.png	various-web	PD
8100-lilith-web-screenshots/1920x1080/8200_web-screenshots_nps-yellowstone_dpr1_page1_1920x1080.png	8100-lilith-web-screenshots	web-screenshots	8200	nps-yellowstone_dpr1_page1		1920	1080	png	1449771	nps__yellowstone__1920x1080__dpr1_page1.png	various-web	PD
8100-lilith-web-screenshots/1920x1080/8201_web-screenshots_nps-yellowstone_dpr1_page2_1920x1080.png	8100-lilith-web-screenshots	web-screenshots	8201	nps-yellowstone_dpr1_page2		1920	1080	png	1909340	nps__yellowstone__1920x1080__dpr1_page2.png	various-web	PD
8100-lilith-web-screenshots/1920x1080/8202_web-screenshots_nps-yosemite_dpr1_page1_1920x1080.png	8100-lilith-web-screenshots	web-screenshots	8202	nps-yosemite_dpr1_page1		1920	1080	png	1502427	nps__yosemite__1920x1080__dpr1_page1.png	various-web	PD
8100-lilith-web-screenshots/1920x1080/8203_web-screenshots_nps-yosemite_dpr1_page2_1920x1080.png	8100-lilith-web-screenshots	web-screenshots	8203	nps-yosemite_dpr1_page2		1920	1080	png	1921251	nps__yosemite__1920x1080__dpr1_page2.png	various-web	PD
8100-lilith-web-screenshots/1920x1080/8204_web-screenshots_nps-zion_dpr1_page1_1920x1080.png	8100-lilith-web-screenshots	web-screenshots	8204	nps-zion_dpr1_page1		1920	1080	png	1900321	nps__zion__1920x1080__dpr1_page1.png	various-web	PD
8100-lilith-web-screenshots/1920x1080/8205_web-screenshots_nps-zion_dpr1_page2_1920x1080.png	8100-lilith-web-screenshots	web-screenshots	8205	nps-zion_dpr1_page2		1920	1080	png	1689866	nps__zion__1920x1080__dpr1_page2.png	various-web	PD
8100-lilith-web-screenshots/1920x1080/8206_web-screenshots_si-edu-exhibitions_dpr1_page1_1920x1080.png	8100-lilith-web-screenshots	web-screenshots	8206	si-edu-exhibitions_dpr1_page1		1920	1080	png	150768	si-edu__exhibitions__1920x1080__dpr1_page1.png	various-web	PD
8100-lilith-web-screenshots/1920x1080/8207_web-screenshots_si-edu-exhibitions_dpr1_page2_1920x1080.png	8100-lilith-web-screenshots	web-screenshots	8207	si-edu-exhibitions_dpr1_page2		1920	1080	png	396771	si-edu__exhibitions__1920x1080__dpr1_page2.png	various-web	PD
8100-lilith-web-screenshots/1920x1080/8208_web-screenshots_usaspending-explorer_dpr1_page1_1920x1080.png	8100-lilith-web-screenshots	web-screenshots	8208	usaspending-explorer_dpr1_page1		1920	1080	png	77262	usaspending__explorer__1920x1080__dpr1_page1.png	various-web	PD
8100-lilith-web-screenshots/1920x1080/8209_web-screenshots_usgs-main-home_dpr1_page1_1920x1080.png	8100-lilith-web-screenshots	web-screenshots	8209	usgs-main-home_dpr1_page1		1920	1080	png	1210311	usgs-main__home__1920x1080__dpr1_page1.png	various-web	PD
8100-lilith-web-screenshots/1920x1080/8210_web-screenshots_usgs-main-home_dpr1_page2_1920x1080.png	8100-lilith-web-screenshots	web-screenshots	8210	usgs-main-home_dpr1_page2		1920	1080	png	988549	usgs-main__home__1920x1080__dpr1_page2.png	various-web	PD
8100-lilith-web-screenshots/1920x1080/8211_web-screenshots_usgs-home_dpr1_page1_1920x1080.png	8100-lilith-web-screenshots	web-screenshots	8211	usgs-home_dpr1_page1		1920	1080	png	1210311	usgs__home__1920x1080__dpr1_page1.png	various-web	PD
8100-lilith-web-screenshots/1920x1080/8212_web-screenshots_usgs-home_dpr1_page2_1920x1080.png	8100-lilith-web-screenshots	web-screenshots	8212	usgs-home_dpr1_page2		1920	1080	png	988549	usgs__home__1920x1080__dpr1_page2.png	various-web	PD
8100-lilith-web-screenshots/1920x1080/8213_web-screenshots_usgs-topoview_dpr1_page1_1920x1080.png	8100-lilith-web-screenshots	web-screenshots	8213	usgs-topoview_dpr1_page1		1920	1080	png	816248	usgs__topoview__1920x1080__dpr1_page1.png	various-web	PD
8100-lilith-web-screenshots/1920x1080/8214_web-screenshots_weather-forecast-nyc_dpr1_page1_1920x1080.png	8100-lilith-web-screenshots	web-screenshots	8214	weather-forecast-nyc_dpr1_page1		1920	1080	png	397565	weather__forecast-nyc__1920x1080__dpr1_page1.png	various-web	PD
8100-lilith-web-screenshots/1920x1080/8215_web-screenshots_weather-forecast-nyc_dpr1_page2_1920x1080.png	8100-lilith-web-screenshots	web-screenshots	8215	weather-forecast-nyc_dpr1_page2		1920	1080	png	303762	weather__forecast-nyc__1920x1080__dpr1_page2.png	various-web	PD
8100-lilith-web-screenshots/1920x1080/8216_web-screenshots_weatherportal-home_dpr1_page1_1920x1080.png	8100-lilith-web-screenshots	web-screenshots	8216	weatherportal-home_dpr1_page1		1920	1080	png	566337	weatherportal__home__1920x1080__dpr1_page1.png	various-web	PD
8100-lilith-web-screenshots/1920x1080/8217_web-screenshots_whitehouse-briefing_dpr1_page1_1920x1080.png	8100-lilith-web-screenshots	web-screenshots	8217	whitehouse-briefing_dpr1_page1		1920	1080	png	102122	whitehouse__briefing__1920x1080__dpr1_page1.png	various-web	PD
8100-lilith-web-screenshots/1920x1080/8218_web-screenshots_whitehouse-briefing_dpr1_page2_1920x1080.png	8100-lilith-web-screenshots	web-screenshots	8218	whitehouse-briefing_dpr1_page2		1920	1080	png	123494	whitehouse__briefing__1920x1080__dpr1_page2.png	various-web	PD
8100-lilith-web-screenshots/2880x1800/8219_web-screenshots_archive-wayback-search_dpr2_page1_2880x1800.png	8100-lilith-web-screenshots	web-screenshots	8219	archive-wayback-search_dpr2_page1		2880	1800	png	410078	archive__wayback-search__1440x900__dpr2_page1.png	various-web	PD-tool
8100-lilith-web-screenshots/2880x1800/8220_web-screenshots_archives-exhibits_dpr2_page1_2880x1800.png	8100-lilith-web-screenshots	web-screenshots	8220	archives-exhibits_dpr2_page1		2880	1800	png	1769586	archives__exhibits__1440x900__dpr2_page1.png	various-web	PD
8100-lilith-web-screenshots/2880x1800/8221_web-screenshots_archives-exhibits_dpr2_page2_2880x1800.png	8100-lilith-web-screenshots	web-screenshots	8221	archives-exhibits_dpr2_page2		2880	1800	png	1045828	archives__exhibits__1440x900__dpr2_page2.png	various-web	PD
8100-lilith-web-screenshots/2880x1800/8222_web-screenshots_bls-employment-situation_dpr2_page1_2880x1800.png	8100-lilith-web-screenshots	web-screenshots	8222	bls-employment-situation_dpr2_page1		2880	1800	png	76096	bls__employment-situation__1440x900__dpr2_page1.png	various-web	PD
8100-lilith-web-screenshots/2880x1800/8223_web-screenshots_climate-gov-home_dpr2_page1_2880x1800.png	8100-lilith-web-screenshots	web-screenshots	8223	climate-gov-home_dpr2_page1		2880	1800	png	1967108	climate-gov__home__1440x900__dpr2_page1.png	various-web	PD
8100-lilith-web-screenshots/2880x1800/8224_web-screenshots_climate-gov-home_dpr2_page2_2880x1800.png	8100-lilith-web-screenshots	web-screenshots	8224	climate-gov-home_dpr2_page2		2880	1800	png	2063751	climate-gov__home__1440x900__dpr2_page2.png	various-web	PD
8100-lilith-web-screenshots/2880x1800/8225_web-screenshots_datagov-catalog_dpr2_page1_2880x1800.png	8100-lilith-web-screenshots	web-screenshots	8225	datagov-catalog_dpr2_page1		2880	1800	png	341316	datagov__catalog__1440x900__dpr2_page1.png	various-web	PD
8100-lilith-web-screenshots/2880x1800/8226_web-screenshots_datagov-catalog_dpr2_page2_2880x1800.png	8100-lilith-web-screenshots	web-screenshots	8226	datagov-catalog_dpr2_page2		2880	1800	png	387712	datagov__catalog__1440x900__dpr2_page2.png	various-web	PD
8100-lilith-web-screenshots/2880x1800/8227_web-screenshots_federalreserve-data_dpr2_page1_2880x1800.png	8100-lilith-web-screenshots	web-screenshots	8227	federalreserve-data_dpr2_page1		2880	1800	png	727277	federalreserve__data__1440x900__dpr2_page1.png	various-web	PD
8100-lilith-web-screenshots/2880x1800/8228_web-screenshots_gutenberg-top_dpr2_page1_2880x1800.png	8100-lilith-web-screenshots	web-screenshots	8228	gutenberg-top_dpr2_page1		2880	1800	png	556796	gutenberg__top__1440x900__dpr2_page1.png	various-web	PD
8100-lilith-web-screenshots/2880x1800/8229_web-screenshots_gutenberg-top_dpr2_page2_2880x1800.png	8100-lilith-web-screenshots	web-screenshots	8229	gutenberg-top_dpr2_page2		2880	1800	png	638620	gutenberg__top__1440x900__dpr2_page2.png	various-web	PD
8100-lilith-web-screenshots/2880x1800/8230_web-screenshots_lkml-lists-index_dpr2_page1_2880x1800.png	8100-lilith-web-screenshots	web-screenshots	8230	lkml-lists-index_dpr2_page1		2880	1800	png	478931	lkml__lists-index__1440x900__dpr2_page1.png	various-web	Mailing-list-PD
8100-lilith-web-screenshots/2880x1800/8231_web-screenshots_lkml-lists-index_dpr2_page2_2880x1800.png	8100-lilith-web-screenshots	web-screenshots	8231	lkml-lists-index_dpr2_page2		2880	1800	png	559578	lkml__lists-index__1440x900__dpr2_page2.png	various-web	Mailing-list-PD
8100-lilith-web-screenshots/2880x1800/8232_web-screenshots_loc-exhibitions_dpr2_page1_2880x1800.png	8100-lilith-web-screenshots	web-screenshots	8232	loc-exhibitions_dpr2_page1		2880	1800	png	1333621	loc__exhibitions__1440x900__dpr2_page1.png	various-web	PD
8100-lilith-web-screenshots/2880x1800/8233_web-screenshots_loc-exhibits_dpr2_page1_2880x1800.png	8100-lilith-web-screenshots	web-screenshots	8233	loc-exhibits_dpr2_page1		2880	1800	png	1333621	loc__exhibits__1440x900__dpr2_page1.png	various-web	PD
8100-lilith-web-screenshots/2880x1800/8234_web-screenshots_loc-pictures_dpr2_page1_2880x1800.png	8100-lilith-web-screenshots	web-screenshots	8234	loc-pictures_dpr2_page1		2880	1800	png	901466	loc__pictures__1440x900__dpr2_page1.png	various-web	PD
8100-lilith-web-screenshots/2880x1800/8235_web-screenshots_loc-pictures_dpr2_page2_2880x1800.png	8100-lilith-web-screenshots	web-screenshots	8235	loc-pictures_dpr2_page2		2880	1800	png	839903	loc__pictures__1440x900__dpr2_page2.png	various-web	PD
8100-lilith-web-screenshots/2880x1800/8236_web-screenshots_nasa-artemis_dpr2_page1_2880x1800.png	8100-lilith-web-screenshots	web-screenshots	8236	nasa-artemis_dpr2_page1		2880	1800	png	2032360	nasa__artemis__1440x900__dpr2_page1.png	various-web	PD
8100-lilith-web-screenshots/2880x1800/8237_web-screenshots_nasa-artemis_dpr2_page2_2880x1800.png	8100-lilith-web-screenshots	web-screenshots	8237	nasa-artemis_dpr2_page2		2880	1800	png	4247540	nasa__artemis__1440x900__dpr2_page2.png	various-web	PD
8100-lilith-web-screenshots/2880x1800/8238_web-screenshots_nasa-home_dpr2_page1_2880x1800.png	8100-lilith-web-screenshots	web-screenshots	8238	nasa-home_dpr2_page1		2880	1800	png	2525372	nasa__home__1440x900__dpr2_page1.png	various-web	PD
8100-lilith-web-screenshots/2880x1800/8239_web-screenshots_nasa-home_dpr2_page2_2880x1800.png	8100-lilith-web-screenshots	web-screenshots	8239	nasa-home_dpr2_page2		2880	1800	png	2818908	nasa__home__1440x900__dpr2_page2.png	various-web	PD
8100-lilith-web-screenshots/2880x1800/8240_web-screenshots_nasa-image-of-day_dpr2_page1_2880x1800.png	8100-lilith-web-screenshots	web-screenshots	8240	nasa-image-of-day_dpr2_page1		2880	1800	png	5013142	nasa__image-of-day__1440x900__dpr2_page1.png	various-web	PD
8100-lilith-web-screenshots/2880x1800/8241_web-screenshots_nasa-image-of-day_dpr2_page2_2880x1800.png	8100-lilith-web-screenshots	web-screenshots	8241	nasa-image-of-day_dpr2_page2		2880	1800	png	6723426	nasa__image-of-day__1440x900__dpr2_page2.png	various-web	PD
8100-lilith-web-screenshots/2880x1800/8242_web-screenshots_nasa-missions_dpr2_page1_2880x1800.png	8100-lilith-web-screenshots	web-screenshots	8242	nasa-missions_dpr2_page1		2880	1800	png	1699935	nasa__missions__1440x900__dpr2_page1.png	various-web	PD
8100-lilith-web-screenshots/2880x1800/8243_web-screenshots_nasa-missions_dpr2_page2_2880x1800.png	8100-lilith-web-screenshots	web-screenshots	8243	nasa-missions_dpr2_page2		2880	1800	png	1308424	nasa__missions__1440x900__dpr2_page2.png	various-web	PD
8100-lilith-web-screenshots/2880x1800/8244_web-screenshots_nasa-news_dpr2_page1_2880x1800.png	8100-lilith-web-screenshots	web-screenshots	8244	nasa-news_dpr2_page1		2880	1800	png	3588496	nasa__news__1440x900__dpr2_page1.png	various-web	PD
8100-lilith-web-screenshots/2880x1800/8245_web-screenshots_nasa-news_dpr2_page2_2880x1800.png	8100-lilith-web-screenshots	web-screenshots	8245	nasa-news_dpr2_page2		2880	1800	png	2497361	nasa__news__1440x900__dpr2_page2.png	various-web	PD
8100-lilith-web-screenshots/2880x1800/8246_web-screenshots_nasa-webb_dpr2_page1_2880x1800.png	8100-lilith-web-screenshots	web-screenshots	8246	nasa-webb_dpr2_page1		2880	1800	png	2940632	nasa__webb__1440x900__dpr2_page1.png	various-web	PD
8100-lilith-web-screenshots/2880x1800/8247_web-screenshots_nasa-webb_dpr2_page2_2880x1800.png	8100-lilith-web-screenshots	web-screenshots	8247	nasa-webb_dpr2_page2		2880	1800	png	960839	nasa__webb__1440x900__dpr2_page2.png	various-web	PD
8100-lilith-web-screenshots/2880x1800/8248_web-screenshots_nih-recipes-keep-the-beat_dpr2_page1_2880x1800.png	8100-lilith-web-screenshots	web-screenshots	8248	nih-recipes-keep-the-beat_dpr2_page1		2880	1800	png	256231	nih-recipes__keep-the-beat__1440x900__dpr2_page1.png	various-web	PD
8100-lilith-web-screenshots/2880x1800/8249_web-screenshots_nih-home_dpr2_page1_2880x1800.png	8100-lilith-web-screenshots	web-screenshots	8249	nih-home_dpr2_page1		2880	1800	png	2440286	nih__home__1440x900__dpr2_page1.png	various-web	PD
8100-lilith-web-screenshots/2880x1800/8250_web-screenshots_nih-home_dpr2_page2_2880x1800.png	8100-lilith-web-screenshots	web-screenshots	8250	nih-home_dpr2_page2		2880	1800	png	2801478	nih__home__1440x900__dpr2_page2.png	various-web	PD
8100-lilith-web-screenshots/2880x1800/8251_web-screenshots_noaa-home_dpr2_page1_2880x1800.png	8100-lilith-web-screenshots	web-screenshots	8251	noaa-home_dpr2_page1		2880	1800	png	4007286	noaa__home__1440x900__dpr2_page1.png	various-web	PD
8100-lilith-web-screenshots/2880x1800/8252_web-screenshots_nps-grand-canyon_dpr2_page1_2880x1800.png	8100-lilith-web-screenshots	web-screenshots	8252	nps-grand-canyon_dpr2_page1		2880	1800	png	3845979	nps__grand-canyon__1440x900__dpr2_page1.png	various-web	PD
8100-lilith-web-screenshots/2880x1800/8253_web-screenshots_nps-grand-canyon_dpr2_page2_2880x1800.png	8100-lilith-web-screenshots	web-screenshots	8253	nps-grand-canyon_dpr2_page2		2880	1800	png	3878821	nps__grand-canyon__1440x900__dpr2_page2.png	various-web	PD
8100-lilith-web-screenshots/2880x1800/8254_web-screenshots_nps-yellowstone_dpr2_page1_2880x1800.png	8100-lilith-web-screenshots	web-screenshots	8254	nps-yellowstone_dpr2_page1		2880	1800	png	2457600	nps__yellowstone__1440x900__dpr2_page1.png	various-web	PD
8100-lilith-web-screenshots/2880x1800/8255_web-screenshots_nps-yellowstone_dpr2_page2_2880x1800.png	8100-lilith-web-screenshots	web-screenshots	8255	nps-yellowstone_dpr2_page2		2880	1800	png	5701082	nps__yellowstone__1440x900__dpr2_page2.png	various-web	PD
8100-lilith-web-screenshots/2880x1800/8256_web-screenshots_nps-yose_dpr2_page1_2880x1800.png	8100-lilith-web-screenshots	web-screenshots	8256	nps-yose_dpr2_page1		2880	1800	png	2608390	nps__yose__1440x900__dpr2_page1.png	various-web	PD
8100-lilith-web-screenshots/2880x1800/8257_web-screenshots_nps-yose_dpr2_page2_2880x1800.png	8100-lilith-web-screenshots	web-screenshots	8257	nps-yose_dpr2_page2		2880	1800	png	5118121	nps__yose__1440x900__dpr2_page2.png	various-web	PD
8100-lilith-web-screenshots/2880x1800/8258_web-screenshots_nps-yosemite_dpr2_page1_2880x1800.png	8100-lilith-web-screenshots	web-screenshots	8258	nps-yosemite_dpr2_page1		2880	1800	png	2603374	nps__yosemite__1440x900__dpr2_page1.png	various-web	PD
8100-lilith-web-screenshots/2880x1800/8259_web-screenshots_nps-yosemite_dpr2_page2_2880x1800.png	8100-lilith-web-screenshots	web-screenshots	8259	nps-yosemite_dpr2_page2		2880	1800	png	5118242	nps__yosemite__1440x900__dpr2_page2.png	various-web	PD
8100-lilith-web-screenshots/2880x1800/8260_web-screenshots_nps-zion_dpr2_page1_2880x1800.png	8100-lilith-web-screenshots	web-screenshots	8260	nps-zion_dpr2_page1		2880	1800	png	3818627	nps__zion__1440x900__dpr2_page1.png	various-web	PD
8100-lilith-web-screenshots/2880x1800/8261_web-screenshots_nps-zion_dpr2_page2_2880x1800.png	8100-lilith-web-screenshots	web-screenshots	8261	nps-zion_dpr2_page2		2880	1800	png	4917639	nps__zion__1440x900__dpr2_page2.png	various-web	PD
8100-lilith-web-screenshots/2880x1800/8262_web-screenshots_si-edu-exhibitions_dpr2_page1_2880x1800.png	8100-lilith-web-screenshots	web-screenshots	8262	si-edu-exhibitions_dpr2_page1		2880	1800	png	129587	si-edu__exhibitions__1440x900__dpr2_page1.png	various-web	PD
8100-lilith-web-screenshots/2880x1800/8263_web-screenshots_si-edu-exhibitions_dpr2_page2_2880x1800.png	8100-lilith-web-screenshots	web-screenshots	8263	si-edu-exhibitions_dpr2_page2		2880	1800	png	2863399	si-edu__exhibitions__1440x900__dpr2_page2.png	various-web	PD
8100-lilith-web-screenshots/2880x1800/8264_web-screenshots_usaspending-explorer_dpr2_page1_2880x1800.png	8100-lilith-web-screenshots	web-screenshots	8264	usaspending-explorer_dpr2_page1		2880	1800	png	150289	usaspending__explorer__1440x900__dpr2_page1.png	various-web	PD
8100-lilith-web-screenshots/2880x1800/8265_web-screenshots_usgs-main-home_dpr2_page1_2880x1800.png	8100-lilith-web-screenshots	web-screenshots	8265	usgs-main-home_dpr2_page1		2880	1800	png	2832824	usgs-main__home__1440x900__dpr2_page1.png	various-web	PD
8100-lilith-web-screenshots/2880x1800/8266_web-screenshots_usgs-main-home_dpr2_page2_2880x1800.png	8100-lilith-web-screenshots	web-screenshots	8266	usgs-main-home_dpr2_page2		2880	1800	png	915728	usgs-main__home__1440x900__dpr2_page2.png	various-web	PD
8100-lilith-web-screenshots/2880x1800/8267_web-screenshots_usgs-topoview_dpr2_page1_2880x1800.png	8100-lilith-web-screenshots	web-screenshots	8267	usgs-topoview_dpr2_page1		2880	1800	png	1578295	usgs__topoview__1440x900__dpr2_page1.png	various-web	PD
8100-lilith-web-screenshots/2880x1800/8268_web-screenshots_weather-forecast-nyc_dpr2_page1_2880x1800.png	8100-lilith-web-screenshots	web-screenshots	8268	weather-forecast-nyc_dpr2_page1		2880	1800	png	691926	weather__forecast-nyc__1440x900__dpr2_page1.png	various-web	PD
8100-lilith-web-screenshots/2880x1800/8269_web-screenshots_weather-forecast-nyc_dpr2_page2_2880x1800.png	8100-lilith-web-screenshots	web-screenshots	8269	weather-forecast-nyc_dpr2_page2		2880	1800	png	1040462	weather__forecast-nyc__1440x900__dpr2_page2.png	various-web	PD
8100-lilith-web-screenshots/2880x1800/8270_web-screenshots_weatherportal-home_dpr2_page1_2880x1800.png	8100-lilith-web-screenshots	web-screenshots	8270	weatherportal-home_dpr2_page1		2880	1800	png	1364896	weatherportal__home__1440x900__dpr2_page1.png	various-web	PD
8100-lilith-web-screenshots/375x667/8271_web-screenshots_archive-wayback-search_dpr1_page1_375x667.png	8100-lilith-web-screenshots	web-screenshots	8271	archive-wayback-search_dpr1_page1		375	667	png	43761	archive__wayback-search__375x667__dpr1_page1.png	various-web	PD-tool
8100-lilith-web-screenshots/375x667/8272_web-screenshots_archives-exhibits_dpr1_page1_375x667.png	8100-lilith-web-screenshots	web-screenshots	8272	archives-exhibits_dpr1_page1		375	667	png	136188	archives__exhibits__375x667__dpr1_page1.png	various-web	PD
8100-lilith-web-screenshots/375x667/8273_web-screenshots_archives-exhibits_dpr1_page2_375x667.png	8100-lilith-web-screenshots	web-screenshots	8273	archives-exhibits_dpr1_page2		375	667	png	150829	archives__exhibits__375x667__dpr1_page2.png	various-web	PD
8100-lilith-web-screenshots/375x667/8274_web-screenshots_bls-employment-situation_dpr1_page1_375x667.png	8100-lilith-web-screenshots	web-screenshots	8274	bls-employment-situation_dpr1_page1		375	667	png	15077	bls__employment-situation__375x667__dpr1_page1.png	various-web	PD
8100-lilith-web-screenshots/375x667/8275_web-screenshots_climate-gov-home_dpr1_page1_375x667.png	8100-lilith-web-screenshots	web-screenshots	8275	climate-gov-home_dpr1_page1		375	667	png	132434	climate-gov__home__375x667__dpr1_page1.png	various-web	PD
8100-lilith-web-screenshots/375x667/8276_web-screenshots_climate-gov-home_dpr1_page2_375x667.png	8100-lilith-web-screenshots	web-screenshots	8276	climate-gov-home_dpr1_page2		375	667	png	65817	climate-gov__home__375x667__dpr1_page2.png	various-web	PD
8100-lilith-web-screenshots/375x667/8277_web-screenshots_datagov-catalog_dpr1_page1_375x667.png	8100-lilith-web-screenshots	web-screenshots	8277	datagov-catalog_dpr1_page1		375	667	png	47559	datagov__catalog__375x667__dpr1_page1.png	various-web	PD
8100-lilith-web-screenshots/375x667/8278_web-screenshots_datagov-catalog_dpr1_page2_375x667.png	8100-lilith-web-screenshots	web-screenshots	8278	datagov-catalog_dpr1_page2		375	667	png	53202	datagov__catalog__375x667__dpr1_page2.png	various-web	PD
8100-lilith-web-screenshots/375x667/8279_web-screenshots_federalreserve-data_dpr1_page1_375x667.png	8100-lilith-web-screenshots	web-screenshots	8279	federalreserve-data_dpr1_page1		375	667	png	60605	federalreserve__data__375x667__dpr1_page1.png	various-web	PD
8100-lilith-web-screenshots/375x667/8280_web-screenshots_gutenberg-top_dpr1_page1_375x667.png	8100-lilith-web-screenshots	web-screenshots	8280	gutenberg-top_dpr1_page1		375	667	png	59160	gutenberg__top__375x667__dpr1_page1.png	various-web	PD
8100-lilith-web-screenshots/375x667/8281_web-screenshots_gutenberg-top_dpr1_page2_375x667.png	8100-lilith-web-screenshots	web-screenshots	8281	gutenberg-top_dpr1_page2		375	667	png	73777	gutenberg__top__375x667__dpr1_page2.png	various-web	PD
8100-lilith-web-screenshots/375x667/8282_web-screenshots_lkml-lists-index_dpr1_page1_375x667.png	8100-lilith-web-screenshots	web-screenshots	8282	lkml-lists-index_dpr1_page1		375	667	png	39603	lkml__lists-index__375x667__dpr1_page1.png	various-web	Mailing-list-PD
8100-lilith-web-screenshots/375x667/8283_web-screenshots_lkml-lists-index_dpr1_page2_375x667.png	8100-lilith-web-screenshots	web-screenshots	8283	lkml-lists-index_dpr1_page2		375	667	png	54805	lkml__lists-index__375x667__dpr1_page2.png	various-web	Mailing-list-PD
8100-lilith-web-screenshots/375x667/8284_web-screenshots_loc-exhibits_dpr1_page1_375x667.png	8100-lilith-web-screenshots	web-screenshots	8284	loc-exhibits_dpr1_page1		375	667	png	113570	loc__exhibits__375x667__dpr1_page1.png	various-web	PD
8100-lilith-web-screenshots/375x667/8285_web-screenshots_loc-exhibits_dpr1_page2_375x667.png	8100-lilith-web-screenshots	web-screenshots	8285	loc-exhibits_dpr1_page2		375	667	png	49107	loc__exhibits__375x667__dpr1_page2.png	various-web	PD
8100-lilith-web-screenshots/375x667/8286_web-screenshots_loc-free-to-use_dpr1_page1_375x667.png	8100-lilith-web-screenshots	web-screenshots	8286	loc-free-to-use_dpr1_page1		375	667	png	73248	loc__free-to-use__375x667__dpr1_page1.png	various-web	PD
8100-lilith-web-screenshots/375x667/8287_web-screenshots_loc-free-to-use_dpr1_page2_375x667.png	8100-lilith-web-screenshots	web-screenshots	8287	loc-free-to-use_dpr1_page2		375	667	png	337386	loc__free-to-use__375x667__dpr1_page2.png	various-web	PD
8100-lilith-web-screenshots/375x667/8288_web-screenshots_loc-pictures_dpr1_page1_375x667.png	8100-lilith-web-screenshots	web-screenshots	8288	loc-pictures_dpr1_page1		375	667	png	109317	loc__pictures__375x667__dpr1_page1.png	various-web	PD
8100-lilith-web-screenshots/375x667/8289_web-screenshots_loc-pictures_dpr1_page2_375x667.png	8100-lilith-web-screenshots	web-screenshots	8289	loc-pictures_dpr1_page2		375	667	png	92729	loc__pictures__375x667__dpr1_page2.png	various-web	PD
8100-lilith-web-screenshots/375x667/8290_web-screenshots_nasa-artemis_dpr1_page1_375x667.png	8100-lilith-web-screenshots	web-screenshots	8290	nasa-artemis_dpr1_page1		375	667	png	34721	nasa__artemis__375x667__dpr1_page1.png	various-web	PD
8100-lilith-web-screenshots/375x667/8291_web-screenshots_nasa-artemis_dpr1_page2_375x667.png	8100-lilith-web-screenshots	web-screenshots	8291	nasa-artemis_dpr1_page2		375	667	png	181506	nasa__artemis__375x667__dpr1_page2.png	various-web	PD
8100-lilith-web-screenshots/375x667/8292_web-screenshots_nasa-home_dpr1_page1_375x667.png	8100-lilith-web-screenshots	web-screenshots	8292	nasa-home_dpr1_page1		375	667	png	123733	nasa__home__375x667__dpr1_page1.png	various-web	PD
8100-lilith-web-screenshots/375x667/8293_web-screenshots_nasa-home_dpr1_page2_375x667.png	8100-lilith-web-screenshots	web-screenshots	8293	nasa-home_dpr1_page2		375	667	png	154376	nasa__home__375x667__dpr1_page2.png	various-web	PD
8100-lilith-web-screenshots/375x667/8294_web-screenshots_nasa-image-of-day_dpr1_page1_375x667.png	8100-lilith-web-screenshots	web-screenshots	8294	nasa-image-of-day_dpr1_page1		375	667	png	228501	nasa__image-of-day__375x667__dpr1_page1.png	various-web	PD
8100-lilith-web-screenshots/375x667/8295_web-screenshots_nasa-image-of-day_dpr1_page2_375x667.png	8100-lilith-web-screenshots	web-screenshots	8295	nasa-image-of-day_dpr1_page2		375	667	png	269932	nasa__image-of-day__375x667__dpr1_page2.png	various-web	PD
8100-lilith-web-screenshots/375x667/8296_web-screenshots_nasa-missions_dpr1_page1_375x667.png	8100-lilith-web-screenshots	web-screenshots	8296	nasa-missions_dpr1_page1		375	667	png	118474	nasa__missions__375x667__dpr1_page1.png	various-web	PD
8100-lilith-web-screenshots/375x667/8297_web-screenshots_nasa-missions_dpr1_page2_375x667.png	8100-lilith-web-screenshots	web-screenshots	8297	nasa-missions_dpr1_page2		375	667	png	171135	nasa__missions__375x667__dpr1_page2.png	various-web	PD
8100-lilith-web-screenshots/375x667/8298_web-screenshots_nasa-news_dpr1_page1_375x667.png	8100-lilith-web-screenshots	web-screenshots	8298	nasa-news_dpr1_page1		375	667	png	286037	nasa__news__375x667__dpr1_page1.png	various-web	PD
8100-lilith-web-screenshots/375x667/8299_web-screenshots_nasa-news_dpr1_page2_375x667.png	8100-lilith-web-screenshots	web-screenshots	8299	nasa-news_dpr1_page2		375	667	png	172131	nasa__news__375x667__dpr1_page2.png	various-web	PD
8100-lilith-web-screenshots/375x667/8300_web-screenshots_nasa-webb_dpr1_page1_375x667.png	8100-lilith-web-screenshots	web-screenshots	8300	nasa-webb_dpr1_page1		375	667	png	147774	nasa__webb__375x667__dpr1_page1.png	various-web	PD
8100-lilith-web-screenshots/375x667/8301_web-screenshots_nasa-webb_dpr1_page2_375x667.png	8100-lilith-web-screenshots	web-screenshots	8301	nasa-webb_dpr1_page2		375	667	png	28445	nasa__webb__375x667__dpr1_page2.png	various-web	PD
8100-lilith-web-screenshots/375x667/8302_web-screenshots_nih-recipes-keep-the-beat_dpr1_page1_375x667.png	8100-lilith-web-screenshots	web-screenshots	8302	nih-recipes-keep-the-beat_dpr1_page1		375	667	png	44746	nih-recipes__keep-the-beat__375x667__dpr1_page1.png	various-web	PD
8100-lilith-web-screenshots/375x667/8303_web-screenshots_nih-home_dpr1_page1_375x667.png	8100-lilith-web-screenshots	web-screenshots	8303	nih-home_dpr1_page1		375	667	png	104516	nih__home__375x667__dpr1_page1.png	various-web	PD
8100-lilith-web-screenshots/375x667/8304_web-screenshots_nih-home_dpr1_page2_375x667.png	8100-lilith-web-screenshots	web-screenshots	8304	nih-home_dpr1_page2		375	667	png	39690	nih__home__375x667__dpr1_page2.png	various-web	PD
8100-lilith-web-screenshots/375x667/8305_web-screenshots_noaa-home_dpr1_page1_375x667.png	8100-lilith-web-screenshots	web-screenshots	8305	noaa-home_dpr1_page1		375	667	png	191569	noaa__home__375x667__dpr1_page1.png	various-web	PD
8100-lilith-web-screenshots/375x667/8306_web-screenshots_noaa-home_dpr1_page2_375x667.png	8100-lilith-web-screenshots	web-screenshots	8306	noaa-home_dpr1_page2		375	667	png	192576	noaa__home__375x667__dpr1_page2.png	various-web	PD
8100-lilith-web-screenshots/375x667/8307_web-screenshots_nps-grand-canyon_dpr1_page1_375x667.png	8100-lilith-web-screenshots	web-screenshots	8307	nps-grand-canyon_dpr1_page1		375	667	png	220593	nps__grand-canyon__375x667__dpr1_page1.png	various-web	PD
8100-lilith-web-screenshots/375x667/8308_web-screenshots_nps-grand-canyon_dpr1_page2_375x667.png	8100-lilith-web-screenshots	web-screenshots	8308	nps-grand-canyon_dpr1_page2		375	667	png	137710	nps__grand-canyon__375x667__dpr1_page2.png	various-web	PD
8100-lilith-web-screenshots/375x667/8309_web-screenshots_nps-yellowstone_dpr1_page1_375x667.png	8100-lilith-web-screenshots	web-screenshots	8309	nps-yellowstone_dpr1_page1		375	667	png	149359	nps__yellowstone__375x667__dpr1_page1.png	various-web	PD
8100-lilith-web-screenshots/375x667/8310_web-screenshots_nps-yellowstone_dpr1_page2_375x667.png	8100-lilith-web-screenshots	web-screenshots	8310	nps-yellowstone_dpr1_page2		375	667	png	284926	nps__yellowstone__375x667__dpr1_page2.png	various-web	PD
8100-lilith-web-screenshots/375x667/8311_web-screenshots_nps-yose_dpr1_page1_375x667.png	8100-lilith-web-screenshots	web-screenshots	8311	nps-yose_dpr1_page1		375	667	png	155940	nps__yose__375x667__dpr1_page1.png	various-web	PD
8100-lilith-web-screenshots/375x667/8312_web-screenshots_nps-yose_dpr1_page2_375x667.png	8100-lilith-web-screenshots	web-screenshots	8312	nps-yose_dpr1_page2		375	667	png	239367	nps__yose__375x667__dpr1_page2.png	various-web	PD
8100-lilith-web-screenshots/375x667/8313_web-screenshots_nps-yosemite_dpr1_page1_375x667.png	8100-lilith-web-screenshots	web-screenshots	8313	nps-yosemite_dpr1_page1		375	667	png	155940	nps__yosemite__375x667__dpr1_page1.png	various-web	PD
8100-lilith-web-screenshots/375x667/8314_web-screenshots_nps-yosemite_dpr1_page2_375x667.png	8100-lilith-web-screenshots	web-screenshots	8314	nps-yosemite_dpr1_page2		375	667	png	239367	nps__yosemite__375x667__dpr1_page2.png	various-web	PD
8100-lilith-web-screenshots/375x667/8315_web-screenshots_nps-zion_dpr1_page1_375x667.png	8100-lilith-web-screenshots	web-screenshots	8315	nps-zion_dpr1_page1		375	667	png	237340	nps__zion__375x667__dpr1_page1.png	various-web	PD
8100-lilith-web-screenshots/375x667/8316_web-screenshots_nps-zion_dpr1_page2_375x667.png	8100-lilith-web-screenshots	web-screenshots	8316	nps-zion_dpr1_page2		375	667	png	171656	nps__zion__375x667__dpr1_page2.png	various-web	PD
8100-lilith-web-screenshots/375x667/8317_web-screenshots_si-edu-exhibitions_dpr1_page1_375x667.png	8100-lilith-web-screenshots	web-screenshots	8317	si-edu-exhibitions_dpr1_page1		375	667	png	27940	si-edu__exhibitions__375x667__dpr1_page1.png	various-web	PD
8100-lilith-web-screenshots/375x667/8318_web-screenshots_si-edu-exhibitions_dpr1_page2_375x667.png	8100-lilith-web-screenshots	web-screenshots	8318	si-edu-exhibitions_dpr1_page2		375	667	png	268946	si-edu__exhibitions__375x667__dpr1_page2.png	various-web	PD
8100-lilith-web-screenshots/375x667/8319_web-screenshots_usaspending-explorer_dpr1_page1_375x667.png	8100-lilith-web-screenshots	web-screenshots	8319	usaspending-explorer_dpr1_page1		375	667	png	40104	usaspending__explorer__375x667__dpr1_page1.png	various-web	PD
8100-lilith-web-screenshots/375x667/8320_web-screenshots_usaspending-explorer_dpr1_page2_375x667.png	8100-lilith-web-screenshots	web-screenshots	8320	usaspending-explorer_dpr1_page2		375	667	png	19931	usaspending__explorer__375x667__dpr1_page2.png	various-web	PD
8100-lilith-web-screenshots/375x667/8321_web-screenshots_usgs-main-home_dpr1_page1_375x667.png	8100-lilith-web-screenshots	web-screenshots	8321	usgs-main-home_dpr1_page1		375	667	png	264917	usgs-main__home__375x667__dpr1_page1.png	various-web	PD
8100-lilith-web-screenshots/375x667/8322_web-screenshots_usgs-main-home_dpr1_page2_375x667.png	8100-lilith-web-screenshots	web-screenshots	8322	usgs-main-home_dpr1_page2		375	667	png	69981	usgs-main__home__375x667__dpr1_page2.png	various-web	PD
8100-lilith-web-screenshots/375x667/8323_web-screenshots_usgs-topoview_dpr1_page1_375x667.png	8100-lilith-web-screenshots	web-screenshots	8323	usgs-topoview_dpr1_page1		375	667	png	53361	usgs__topoview__375x667__dpr1_page1.png	various-web	PD
8100-lilith-web-screenshots/375x667/8324_web-screenshots_weather-forecast-nyc_dpr1_page1_375x667.png	8100-lilith-web-screenshots	web-screenshots	8324	weather-forecast-nyc_dpr1_page1		375	667	png	75886	weather__forecast-nyc__375x667__dpr1_page1.png	various-web	PD
8100-lilith-web-screenshots/375x667/8325_web-screenshots_weather-forecast-nyc_dpr1_page2_375x667.png	8100-lilith-web-screenshots	web-screenshots	8325	weather-forecast-nyc_dpr1_page2		375	667	png	75645	weather__forecast-nyc__375x667__dpr1_page2.png	various-web	PD
8100-lilith-web-screenshots/375x667/8326_web-screenshots_weatherportal-home_dpr1_page1_375x667.png	8100-lilith-web-screenshots	web-screenshots	8326	weatherportal-home_dpr1_page1		375	667	png	133591	weatherportal__home__375x667__dpr1_page1.png	various-web	PD
8100-lilith-web-screenshots/375x667/8327_web-screenshots_weatherportal-home_dpr1_page2_375x667.png	8100-lilith-web-screenshots	web-screenshots	8327	weatherportal-home_dpr1_page2		375	667	png	130565	weatherportal__home__375x667__dpr1_page2.png	various-web	PD
8100-lilith-web-screenshots/375x667/8328_web-screenshots_whitehouse-briefing_dpr1_page1_375x667.png	8100-lilith-web-screenshots	web-screenshots	8328	whitehouse-briefing_dpr1_page1		375	667	png	54232	whitehouse__briefing__375x667__dpr1_page1.png	various-web	PD
8100-lilith-web-screenshots/375x667/8329_web-screenshots_whitehouse-briefing_dpr1_page2_375x667.png	8100-lilith-web-screenshots	web-screenshots	8329	whitehouse-briefing_dpr1_page2		375	667	png	56883	whitehouse__briefing__375x667__dpr1_page2.png	various-web	PD
8100-lilith-web-screenshots/768x1024/8330_web-screenshots_archive-wayback-search_dpr1_page1_768x1024.png	8100-lilith-web-screenshots	web-screenshots	8330	archive-wayback-search_dpr1_page1		768	1024	png	149300	archive__wayback-search__768x1024__dpr1_page1.png	various-web	PD-tool
8100-lilith-web-screenshots/768x1024/8331_web-screenshots_archives-exhibits_dpr1_page1_768x1024.png	8100-lilith-web-screenshots	web-screenshots	8331	archives-exhibits_dpr1_page1		768	1024	png	318334	archives__exhibits__768x1024__dpr1_page1.png	various-web	PD
8100-lilith-web-screenshots/768x1024/8332_web-screenshots_archives-exhibits_dpr1_page2_768x1024.png	8100-lilith-web-screenshots	web-screenshots	8332	archives-exhibits_dpr1_page2		768	1024	png	307313	archives__exhibits__768x1024__dpr1_page2.png	various-web	PD
8100-lilith-web-screenshots/768x1024/8333_web-screenshots_bls-employment-situation_dpr1_page1_768x1024.png	8100-lilith-web-screenshots	web-screenshots	8333	bls-employment-situation_dpr1_page1		768	1024	png	24173	bls__employment-situation__768x1024__dpr1_page1.png	various-web	PD
8100-lilith-web-screenshots/768x1024/8334_web-screenshots_climate-gov-home_dpr1_page1_768x1024.png	8100-lilith-web-screenshots	web-screenshots	8334	climate-gov-home_dpr1_page1		768	1024	png	328774	climate-gov__home__768x1024__dpr1_page1.png	various-web	PD
8100-lilith-web-screenshots/768x1024/8335_web-screenshots_climate-gov-home_dpr1_page2_768x1024.png	8100-lilith-web-screenshots	web-screenshots	8335	climate-gov-home_dpr1_page2		768	1024	png	331437	climate-gov__home__768x1024__dpr1_page2.png	various-web	PD
8100-lilith-web-screenshots/768x1024/8336_web-screenshots_datagov-catalog_dpr1_page1_768x1024.png	8100-lilith-web-screenshots	web-screenshots	8336	datagov-catalog_dpr1_page1		768	1024	png	112332	datagov__catalog__768x1024__dpr1_page1.png	various-web	PD
8100-lilith-web-screenshots/768x1024/8337_web-screenshots_datagov-catalog_dpr1_page2_768x1024.png	8100-lilith-web-screenshots	web-screenshots	8337	datagov-catalog_dpr1_page2		768	1024	png	116038	datagov__catalog__768x1024__dpr1_page2.png	various-web	PD
8100-lilith-web-screenshots/768x1024/8338_web-screenshots_federalreserve-data_dpr1_page1_768x1024.png	8100-lilith-web-screenshots	web-screenshots	8338	federalreserve-data_dpr1_page1		768	1024	png	241216	federalreserve__data__768x1024__dpr1_page1.png	various-web	PD
8100-lilith-web-screenshots/768x1024/8339_web-screenshots_gutenberg-top_dpr1_page1_768x1024.png	8100-lilith-web-screenshots	web-screenshots	8339	gutenberg-top_dpr1_page1		768	1024	png	186654	gutenberg__top__768x1024__dpr1_page1.png	various-web	PD
8100-lilith-web-screenshots/768x1024/8340_web-screenshots_gutenberg-top_dpr1_page2_768x1024.png	8100-lilith-web-screenshots	web-screenshots	8340	gutenberg-top_dpr1_page2		768	1024	png	249672	gutenberg__top__768x1024__dpr1_page2.png	various-web	PD
8100-lilith-web-screenshots/768x1024/8341_web-screenshots_lkml-lists-index_dpr1_page1_768x1024.png	8100-lilith-web-screenshots	web-screenshots	8341	lkml-lists-index_dpr1_page1		768	1024	png	132668	lkml__lists-index__768x1024__dpr1_page1.png	various-web	Mailing-list-PD
8100-lilith-web-screenshots/768x1024/8342_web-screenshots_lkml-lists-index_dpr1_page2_768x1024.png	8100-lilith-web-screenshots	web-screenshots	8342	lkml-lists-index_dpr1_page2		768	1024	png	140461	lkml__lists-index__768x1024__dpr1_page2.png	various-web	Mailing-list-PD
8100-lilith-web-screenshots/768x1024/8343_web-screenshots_loc-exhibitions_dpr1_page1_768x1024.png	8100-lilith-web-screenshots	web-screenshots	8343	loc-exhibitions_dpr1_page1		768	1024	png	397861	loc__exhibitions__768x1024__dpr1_page1.png	various-web	PD
8100-lilith-web-screenshots/768x1024/8344_web-screenshots_loc-exhibits_dpr1_page1_768x1024.png	8100-lilith-web-screenshots	web-screenshots	8344	loc-exhibits_dpr1_page1		768	1024	png	397861	loc__exhibits__768x1024__dpr1_page1.png	various-web	PD
8100-lilith-web-screenshots/768x1024/8345_web-screenshots_loc-pictures_dpr1_page1_768x1024.png	8100-lilith-web-screenshots	web-screenshots	8345	loc-pictures_dpr1_page1		768	1024	png	316889	loc__pictures__768x1024__dpr1_page1.png	various-web	PD
8100-lilith-web-screenshots/768x1024/8346_web-screenshots_loc-pictures_dpr1_page2_768x1024.png	8100-lilith-web-screenshots	web-screenshots	8346	loc-pictures_dpr1_page2		768	1024	png	300742	loc__pictures__768x1024__dpr1_page2.png	various-web	PD
8100-lilith-web-screenshots/768x1024/8347_web-screenshots_nasa-artemis_dpr1_page1_768x1024.png	8100-lilith-web-screenshots	web-screenshots	8347	nasa-artemis_dpr1_page1		768	1024	png	233616	nasa__artemis__768x1024__dpr1_page1.png	various-web	PD
8100-lilith-web-screenshots/768x1024/8348_web-screenshots_nasa-artemis_dpr1_page2_768x1024.png	8100-lilith-web-screenshots	web-screenshots	8348	nasa-artemis_dpr1_page2		768	1024	png	602239	nasa__artemis__768x1024__dpr1_page2.png	various-web	PD
8100-lilith-web-screenshots/768x1024/8349_web-screenshots_nasa-home_dpr1_page1_768x1024.png	8100-lilith-web-screenshots	web-screenshots	8349	nasa-home_dpr1_page1		768	1024	png	425001	nasa__home__768x1024__dpr1_page1.png	various-web	PD
8100-lilith-web-screenshots/768x1024/8350_web-screenshots_nasa-home_dpr1_page2_768x1024.png	8100-lilith-web-screenshots	web-screenshots	8350	nasa-home_dpr1_page2		768	1024	png	603454	nasa__home__768x1024__dpr1_page2.png	various-web	PD
8100-lilith-web-screenshots/768x1024/8351_web-screenshots_nasa-image-of-day_dpr1_page1_768x1024.png	8100-lilith-web-screenshots	web-screenshots	8351	nasa-image-of-day_dpr1_page1		768	1024	png	817488	nasa__image-of-day__768x1024__dpr1_page1.png	various-web	PD
8100-lilith-web-screenshots/768x1024/8352_web-screenshots_nasa-image-of-day_dpr1_page2_768x1024.png	8100-lilith-web-screenshots	web-screenshots	8352	nasa-image-of-day_dpr1_page2		768	1024	png	944510	nasa__image-of-day__768x1024__dpr1_page2.png	various-web	PD
8100-lilith-web-screenshots/768x1024/8353_web-screenshots_nasa-missions_dpr1_page1_768x1024.png	8100-lilith-web-screenshots	web-screenshots	8353	nasa-missions_dpr1_page1		768	1024	png	51443	nasa__missions__768x1024__dpr1_page1.png	various-web	PD
8100-lilith-web-screenshots/768x1024/8354_web-screenshots_nasa-missions_dpr1_page2_768x1024.png	8100-lilith-web-screenshots	web-screenshots	8354	nasa-missions_dpr1_page2		768	1024	png	62968	nasa__missions__768x1024__dpr1_page2.png	various-web	PD
8100-lilith-web-screenshots/768x1024/8355_web-screenshots_nasa-news_dpr1_page1_768x1024.png	8100-lilith-web-screenshots	web-screenshots	8355	nasa-news_dpr1_page1		768	1024	png	688803	nasa__news__768x1024__dpr1_page1.png	various-web	PD
8100-lilith-web-screenshots/768x1024/8356_web-screenshots_nasa-news_dpr1_page2_768x1024.png	8100-lilith-web-screenshots	web-screenshots	8356	nasa-news_dpr1_page2		768	1024	png	727541	nasa__news__768x1024__dpr1_page2.png	various-web	PD
8100-lilith-web-screenshots/768x1024/8357_web-screenshots_nasa-perseverance_dpr1_page1_768x1024.png	8100-lilith-web-screenshots	web-screenshots	8357	nasa-perseverance_dpr1_page1		768	1024	png	326741	nasa__perseverance__768x1024__dpr1_page1.png	various-web	PD
8100-lilith-web-screenshots/768x1024/8358_web-screenshots_nasa-perseverance_dpr1_page2_768x1024.png	8100-lilith-web-screenshots	web-screenshots	8358	nasa-perseverance_dpr1_page2		768	1024	png	92486	nasa__perseverance__768x1024__dpr1_page2.png	various-web	PD
8100-lilith-web-screenshots/768x1024/8359_web-screenshots_nih-recipes-keep-the-beat_dpr1_page1_768x1024.png	8100-lilith-web-screenshots	web-screenshots	8359	nih-recipes-keep-the-beat_dpr1_page1		768	1024	png	73226	nih-recipes__keep-the-beat__768x1024__dpr1_page1.png	various-web	PD
8100-lilith-web-screenshots/768x1024/8360_web-screenshots_nih-home_dpr1_page1_768x1024.png	8100-lilith-web-screenshots	web-screenshots	8360	nih-home_dpr1_page1		768	1024	png	660300	nih__home__768x1024__dpr1_page1.png	various-web	PD
8100-lilith-web-screenshots/768x1024/8361_web-screenshots_nih-home_dpr1_page2_768x1024.png	8100-lilith-web-screenshots	web-screenshots	8361	nih-home_dpr1_page2		768	1024	png	328398	nih__home__768x1024__dpr1_page2.png	various-web	PD
8100-lilith-web-screenshots/768x1024/8362_web-screenshots_noaa-home_dpr1_page1_768x1024.png	8100-lilith-web-screenshots	web-screenshots	8362	noaa-home_dpr1_page1		768	1024	png	660425	noaa__home__768x1024__dpr1_page1.png	various-web	PD
8100-lilith-web-screenshots/768x1024/8363_web-screenshots_noaa-ocean_dpr1_page1_768x1024.png	8100-lilith-web-screenshots	web-screenshots	8363	noaa-ocean_dpr1_page1		768	1024	png	635061	noaa__ocean__768x1024__dpr1_page1.png	various-web	PD
8100-lilith-web-screenshots/768x1024/8364_web-screenshots_noaa-ocean_dpr1_page2_768x1024.png	8100-lilith-web-screenshots	web-screenshots	8364	noaa-ocean_dpr1_page2		768	1024	png	300603	noaa__ocean__768x1024__dpr1_page2.png	various-web	PD
8100-lilith-web-screenshots/768x1024/8365_web-screenshots_nps-grand-canyon_dpr1_page1_768x1024.png	8100-lilith-web-screenshots	web-screenshots	8365	nps-grand-canyon_dpr1_page1		768	1024	png	749305	nps__grand-canyon__768x1024__dpr1_page1.png	various-web	PD
8100-lilith-web-screenshots/768x1024/8366_web-screenshots_nps-grand-canyon_dpr1_page2_768x1024.png	8100-lilith-web-screenshots	web-screenshots	8366	nps-grand-canyon_dpr1_page2		768	1024	png	679168	nps__grand-canyon__768x1024__dpr1_page2.png	various-web	PD
8100-lilith-web-screenshots/768x1024/8367_web-screenshots_nps-yellowstone_dpr1_page1_768x1024.png	8100-lilith-web-screenshots	web-screenshots	8367	nps-yellowstone_dpr1_page1		768	1024	png	678637	nps__yellowstone__768x1024__dpr1_page1.png	various-web	PD
8100-lilith-web-screenshots/768x1024/8368_web-screenshots_nps-yellowstone_dpr1_page2_768x1024.png	8100-lilith-web-screenshots	web-screenshots	8368	nps-yellowstone_dpr1_page2		768	1024	png	834484	nps__yellowstone__768x1024__dpr1_page2.png	various-web	PD
8100-lilith-web-screenshots/768x1024/8369_web-screenshots_nps-yose_dpr1_page1_768x1024.png	8100-lilith-web-screenshots	web-screenshots	8369	nps-yose_dpr1_page1		768	1024	png	621611	nps__yose__768x1024__dpr1_page1.png	various-web	PD
8100-lilith-web-screenshots/768x1024/8370_web-screenshots_nps-yose_dpr1_page2_768x1024.png	8100-lilith-web-screenshots	web-screenshots	8370	nps-yose_dpr1_page2		768	1024	png	892806	nps__yose__768x1024__dpr1_page2.png	various-web	PD
8100-lilith-web-screenshots/768x1024/8371_web-screenshots_nps-yosemite_dpr1_page1_768x1024.png	8100-lilith-web-screenshots	web-screenshots	8371	nps-yosemite_dpr1_page1		768	1024	png	686396	nps__yosemite__768x1024__dpr1_page1.png	various-web	PD
8100-lilith-web-screenshots/768x1024/8372_web-screenshots_nps-yosemite_dpr1_page2_768x1024.png	8100-lilith-web-screenshots	web-screenshots	8372	nps-yosemite_dpr1_page2		768	1024	png	838243	nps__yosemite__768x1024__dpr1_page2.png	various-web	PD
8100-lilith-web-screenshots/768x1024/8373_web-screenshots_nps-zion_dpr1_page1_768x1024.png	8100-lilith-web-screenshots	web-screenshots	8373	nps-zion_dpr1_page1		768	1024	png	806717	nps__zion__768x1024__dpr1_page1.png	various-web	PD
8100-lilith-web-screenshots/768x1024/8374_web-screenshots_nps-zion_dpr1_page2_768x1024.png	8100-lilith-web-screenshots	web-screenshots	8374	nps-zion_dpr1_page2		768	1024	png	715094	nps__zion__768x1024__dpr1_page2.png	various-web	PD
8100-lilith-web-screenshots/768x1024/8375_web-screenshots_si-edu-exhibitions_dpr1_page1_768x1024.png	8100-lilith-web-screenshots	web-screenshots	8375	si-edu-exhibitions_dpr1_page1		768	1024	png	265799	si-edu__exhibitions__768x1024__dpr1_page1.png	various-web	PD
8100-lilith-web-screenshots/768x1024/8376_web-screenshots_si-edu-exhibitions_dpr1_page2_768x1024.png	8100-lilith-web-screenshots	web-screenshots	8376	si-edu-exhibitions_dpr1_page2		768	1024	png	691557	si-edu__exhibitions__768x1024__dpr1_page2.png	various-web	PD
8100-lilith-web-screenshots/768x1024/8377_web-screenshots_usaspending-explorer_dpr1_page1_768x1024.png	8100-lilith-web-screenshots	web-screenshots	8377	usaspending-explorer_dpr1_page1		768	1024	png	53581	usaspending__explorer__768x1024__dpr1_page1.png	various-web	PD
8100-lilith-web-screenshots/768x1024/8378_web-screenshots_usaspending-explorer_dpr1_page2_768x1024.png	8100-lilith-web-screenshots	web-screenshots	8378	usaspending-explorer_dpr1_page2		768	1024	png	37061	usaspending__explorer__768x1024__dpr1_page2.png	various-web	PD
8100-lilith-web-screenshots/768x1024/8379_web-screenshots_usgs-main-home_dpr1_page1_768x1024.png	8100-lilith-web-screenshots	web-screenshots	8379	usgs-main-home_dpr1_page1		768	1024	png	565255	usgs-main__home__768x1024__dpr1_page1.png	various-web	PD
8100-lilith-web-screenshots/768x1024/8380_web-screenshots_usgs-main-home_dpr1_page2_768x1024.png	8100-lilith-web-screenshots	web-screenshots	8380	usgs-main-home_dpr1_page2		768	1024	png	128790	usgs-main__home__768x1024__dpr1_page2.png	various-web	PD
8100-lilith-web-screenshots/768x1024/8381_web-screenshots_usgs-home_dpr1_page1_768x1024.png	8100-lilith-web-screenshots	web-screenshots	8381	usgs-home_dpr1_page1		768	1024	png	565255	usgs__home__768x1024__dpr1_page1.png	various-web	PD
8100-lilith-web-screenshots/768x1024/8382_web-screenshots_usgs-home_dpr1_page2_768x1024.png	8100-lilith-web-screenshots	web-screenshots	8382	usgs-home_dpr1_page2		768	1024	png	128790	usgs__home__768x1024__dpr1_page2.png	various-web	PD
8100-lilith-web-screenshots/768x1024/8383_web-screenshots_usgs-topoview_dpr1_page1_768x1024.png	8100-lilith-web-screenshots	web-screenshots	8383	usgs-topoview_dpr1_page1		768	1024	png	157743	usgs__topoview__768x1024__dpr1_page1.png	various-web	PD
8100-lilith-web-screenshots/768x1024/8384_web-screenshots_usgs-topoview_dpr1_page2_768x1024.png	8100-lilith-web-screenshots	web-screenshots	8384	usgs-topoview_dpr1_page2		768	1024	png	113069	usgs__topoview__768x1024__dpr1_page2.png	various-web	PD
8100-lilith-web-screenshots/768x1024/8385_web-screenshots_weather-forecast-nyc_dpr1_page1_768x1024.png	8100-lilith-web-screenshots	web-screenshots	8385	weather-forecast-nyc_dpr1_page1		768	1024	png	205084	weather__forecast-nyc__768x1024__dpr1_page1.png	various-web	PD
8100-lilith-web-screenshots/768x1024/8386_web-screenshots_weather-forecast-nyc_dpr1_page2_768x1024.png	8100-lilith-web-screenshots	web-screenshots	8386	weather-forecast-nyc_dpr1_page2		768	1024	png	413978	weather__forecast-nyc__768x1024__dpr1_page2.png	various-web	PD
8100-lilith-web-screenshots/768x1024/8387_web-screenshots_weather-home_dpr1_page1_768x1024.png	8100-lilith-web-screenshots	web-screenshots	8387	weather-home_dpr1_page1		768	1024	png	387296	weather__home__768x1024__dpr1_page1.png	various-web	PD
8100-lilith-web-screenshots/768x1024/8388_web-screenshots_weatherportal-home_dpr1_page1_768x1024.png	8100-lilith-web-screenshots	web-screenshots	8388	weatherportal-home_dpr1_page1		768	1024	png	382232	weatherportal__home__768x1024__dpr1_page1.png	various-web	PD
8100-lilith-web-screenshots/other/8389_web-screenshots_archives-exhibits_dpr1_page1_1280x800.png	8100-lilith-web-screenshots	web-screenshots	8389	archives-exhibits_dpr1_page1		1280	800	png	470156	archives__exhibits__1280x800__dpr1_page1.png	various-web	PD
8100-lilith-web-screenshots/other/8390_web-screenshots_archives-exhibits_dpr1_page2_1280x800.png	8100-lilith-web-screenshots	web-screenshots	8390	archives-exhibits_dpr1_page2		1280	800	png	336297	archives__exhibits__1280x800__dpr1_page2.png	various-web	PD
8100-lilith-web-screenshots/other/8391_web-screenshots_archives-exhibits_dpr1_page1_667x375.png	8100-lilith-web-screenshots	web-screenshots	8391	archives-exhibits_dpr1_page1		667	375	png	37044	archives__exhibits__667x375__dpr1_page1.png	various-web	PD
8100-lilith-web-screenshots/other/8392_web-screenshots_archives-exhibits_dpr1_page2_667x375.png	8100-lilith-web-screenshots	web-screenshots	8392	archives-exhibits_dpr1_page2		667	375	png	258320	archives__exhibits__667x375__dpr1_page2.png	various-web	PD
8100-lilith-web-screenshots/other/8393_web-screenshots_archives-home_dpr1_page1_1280x800.png	8100-lilith-web-screenshots	web-screenshots	8393	archives-home_dpr1_page1		1280	800	png	808330	archives__home__1280x800__dpr1_page1.png	various-web	PD
8100-lilith-web-screenshots/other/8394_web-screenshots_archives-home_dpr1_page1_414x896.png	8100-lilith-web-screenshots	web-screenshots	8394	archives-home_dpr1_page1		414	896	png	128099	archives__home__414x896__dpr1_page1.png	various-web	PD
8100-lilith-web-screenshots/other/8395_web-screenshots_archives-home_dpr1_page2_414x896.png	8100-lilith-web-screenshots	web-screenshots	8395	archives-home_dpr1_page2		414	896	png	76546	archives__home__414x896__dpr1_page2.png	various-web	PD
8100-lilith-web-screenshots/other/8396_web-screenshots_bls-employment-situation_dpr1_page1_1280x800.png	8100-lilith-web-screenshots	web-screenshots	8396	bls-employment-situation_dpr1_page1		1280	800	png	41901	bls__employment-situation__1280x800__dpr1_page1.png	various-web	PD
8100-lilith-web-screenshots/other/8397_web-screenshots_bls-employment-situation_dpr1_page1_414x896.png	8100-lilith-web-screenshots	web-screenshots	8397	bls-employment-situation_dpr1_page1		414	896	png	42732	bls__employment-situation__414x896__dpr1_page1.png	various-web	PD
8100-lilith-web-screenshots/other/8398_web-screenshots_cdc-home_dpr1_page1_1280x800.png	8100-lilith-web-screenshots	web-screenshots	8398	cdc-home_dpr1_page1		1280	800	png	915684	cdc__home__1280x800__dpr1_page1.png	various-web	PD
8100-lilith-web-screenshots/other/8399_web-screenshots_cdc-home_dpr1_page2_1280x800.png	8100-lilith-web-screenshots	web-screenshots	8399	cdc-home_dpr1_page2		1280	800	png	228424	cdc__home__1280x800__dpr1_page2.png	various-web	PD
8100-lilith-web-screenshots/other/8400_web-screenshots_cdc-home_dpr1_page1_2560x1440.png	8100-lilith-web-screenshots	web-screenshots	8400	cdc-home_dpr1_page1		2560	1440	png	2725155	cdc__home__2560x1440__dpr1_page1.png	various-web	PD
8100-lilith-web-screenshots/other/8401_web-screenshots_cdc-home_dpr1_page2_2560x1440.png	8100-lilith-web-screenshots	web-screenshots	8401	cdc-home_dpr1_page2		2560	1440	png	295085	cdc__home__2560x1440__dpr1_page2.png	various-web	PD
8100-lilith-web-screenshots/other/8402_web-screenshots_cdc-home_dpr1_page1_414x896.png	8100-lilith-web-screenshots	web-screenshots	8402	cdc-home_dpr1_page1		414	896	png	349047	cdc__home__414x896__dpr1_page1.png	various-web	PD
8100-lilith-web-screenshots/other/8403_web-screenshots_cdc-home_dpr1_page2_414x896.png	8100-lilith-web-screenshots	web-screenshots	8403	cdc-home_dpr1_page2		414	896	png	36305	cdc__home__414x896__dpr1_page2.png	various-web	PD
8100-lilith-web-screenshots/other/8404_web-screenshots_climate-gov-home_dpr1_page1_1280x800.png	8100-lilith-web-screenshots	web-screenshots	8404	climate-gov-home_dpr1_page1		1280	800	png	701265	climate-gov__home__1280x800__dpr1_page1.png	various-web	PD
8100-lilith-web-screenshots/other/8405_web-screenshots_climate-gov-home_dpr1_page2_1280x800.png	8100-lilith-web-screenshots	web-screenshots	8405	climate-gov-home_dpr1_page2		1280	800	png	342812	climate-gov__home__1280x800__dpr1_page2.png	various-web	PD
8100-lilith-web-screenshots/other/8406_web-screenshots_climate-news_dpr1_page1_667x375.png	8100-lilith-web-screenshots	web-screenshots	8406	climate-news_dpr1_page1		667	375	png	143217	climate__news__667x375__dpr1_page1.png	various-web	PD
8100-lilith-web-screenshots/other/8407_web-screenshots_climate-news_dpr1_page2_667x375.png	8100-lilith-web-screenshots	web-screenshots	8407	climate-news_dpr1_page2		667	375	png	48231	climate__news__667x375__dpr1_page2.png	various-web	PD
8100-lilith-web-screenshots/other/8408_web-screenshots_datagov-catalog_dpr1_page1_1280x800.png	8100-lilith-web-screenshots	web-screenshots	8408	datagov-catalog_dpr1_page1		1280	800	png	124611	datagov__catalog__1280x800__dpr1_page1.png	various-web	PD
8100-lilith-web-screenshots/other/8409_web-screenshots_datagov-catalog_dpr1_page2_1280x800.png	8100-lilith-web-screenshots	web-screenshots	8409	datagov-catalog_dpr1_page2		1280	800	png	146668	datagov__catalog__1280x800__dpr1_page2.png	various-web	PD
8100-lilith-web-screenshots/other/8410_web-screenshots_gutenberg-top_dpr1_page1_1280x800.png	8100-lilith-web-screenshots	web-screenshots	8410	gutenberg-top_dpr1_page1		1280	800	png	185171	gutenberg__top__1280x800__dpr1_page1.png	various-web	PD
8100-lilith-web-screenshots/other/8411_web-screenshots_gutenberg-top_dpr1_page2_1280x800.png	8100-lilith-web-screenshots	web-screenshots	8411	gutenberg-top_dpr1_page2		1280	800	png	228820	gutenberg__top__1280x800__dpr1_page2.png	various-web	PD
8100-lilith-web-screenshots/other/8412_web-screenshots_gutenberg-top_dpr2_page1_750x1334.png	8100-lilith-web-screenshots	web-screenshots	8412	gutenberg-top_dpr2_page1		750	1334	png	143850	gutenberg__top__375x667__dpr2_page1.png	various-web	PD
8100-lilith-web-screenshots/other/8413_web-screenshots_gutenberg-top_dpr2_page2_750x1334.png	8100-lilith-web-screenshots	web-screenshots	8413	gutenberg-top_dpr2_page2		750	1334	png	195530	gutenberg__top__375x667__dpr2_page2.png	various-web	PD
8100-lilith-web-screenshots/other/8414_web-screenshots_lkml-lists-index_dpr1_page1_1280x800.png	8100-lilith-web-screenshots	web-screenshots	8414	lkml-lists-index_dpr1_page1		1280	800	png	171848	lkml__lists-index__1280x800__dpr1_page1.png	various-web	Mailing-list-PD
8100-lilith-web-screenshots/other/8415_web-screenshots_lkml-lists-index_dpr1_page2_1280x800.png	8100-lilith-web-screenshots	web-screenshots	8415	lkml-lists-index_dpr1_page2		1280	800	png	208681	lkml__lists-index__1280x800__dpr1_page2.png	various-web	Mailing-list-PD
8100-lilith-web-screenshots/other/8416_web-screenshots_loc-pictures_dpr1_page1_360x640.png	8100-lilith-web-screenshots	web-screenshots	8416	loc-pictures_dpr1_page1		360	640	png	101364	loc__pictures__360x640__dpr1_page1.png	various-web	PD
8100-lilith-web-screenshots/other/8417_web-screenshots_loc-pictures_dpr1_page2_360x640.png	8100-lilith-web-screenshots	web-screenshots	8417	loc-pictures_dpr1_page2		360	640	png	84505	loc__pictures__360x640__dpr1_page2.png	various-web	PD
8100-lilith-web-screenshots/other/8418_web-screenshots_nasa-artemis_dpr1_page1_1280x800.png	8100-lilith-web-screenshots	web-screenshots	8418	nasa-artemis_dpr1_page1		1280	800	png	356326	nasa__artemis__1280x800__dpr1_page1.png	various-web	PD
8100-lilith-web-screenshots/other/8419_web-screenshots_nasa-artemis_dpr1_page2_1280x800.png	8100-lilith-web-screenshots	web-screenshots	8419	nasa-artemis_dpr1_page2		1280	800	png	967971	nasa__artemis__1280x800__dpr1_page2.png	various-web	PD
8100-lilith-web-screenshots/other/8420_web-screenshots_nasa-missions_dpr1_page1_1024x768.png	8100-lilith-web-screenshots	web-screenshots	8420	nasa-missions_dpr1_page1		1024	768	png	307961	nasa__missions__1024x768__dpr1_page1.png	various-web	PD
8100-lilith-web-screenshots/other/8421_web-screenshots_nasa-missions_dpr1_page2_1024x768.png	8100-lilith-web-screenshots	web-screenshots	8421	nasa-missions_dpr1_page2		1024	768	png	506209	nasa__missions__1024x768__dpr1_page2.png	various-web	PD
8100-lilith-web-screenshots/other/8422_web-screenshots_nasa-missions_dpr1_page1_2560x1440.png	8100-lilith-web-screenshots	web-screenshots	8422	nasa-missions_dpr1_page1		2560	1440	png	901894	nasa__missions__2560x1440__dpr1_page1.png	various-web	PD
8100-lilith-web-screenshots/other/8423_web-screenshots_nasa-missions_dpr1_page2_2560x1440.png	8100-lilith-web-screenshots	web-screenshots	8423	nasa-missions_dpr1_page2		2560	1440	png	160521	nasa__missions__2560x1440__dpr1_page2.png	various-web	PD
8100-lilith-web-screenshots/other/8424_web-screenshots_nasa-missions_dpr1_page1_667x375.png	8100-lilith-web-screenshots	web-screenshots	8424	nasa-missions_dpr1_page1		667	375	png	11699	nasa__missions__667x375__dpr1_page1.png	various-web	PD
8100-lilith-web-screenshots/other/8425_web-screenshots_nasa-missions_dpr1_page2_667x375.png	8100-lilith-web-screenshots	web-screenshots	8425	nasa-missions_dpr1_page2		667	375	png	22353	nasa__missions__667x375__dpr1_page2.png	various-web	PD
8100-lilith-web-screenshots/other/8426_web-screenshots_nasa-news_dpr1_page1_414x896.png	8100-lilith-web-screenshots	web-screenshots	8426	nasa-news_dpr1_page1		414	896	png	370269	nasa__news__414x896__dpr1_page1.png	various-web	PD
8100-lilith-web-screenshots/other/8427_web-screenshots_nasa-news_dpr1_page2_414x896.png	8100-lilith-web-screenshots	web-screenshots	8427	nasa-news_dpr1_page2		414	896	png	370684	nasa__news__414x896__dpr1_page2.png	various-web	PD
8100-lilith-web-screenshots/other/8428_web-screenshots_nasa-voyager_dpr1_page1_1280x800.png	8100-lilith-web-screenshots	web-screenshots	8428	nasa-voyager_dpr1_page1		1280	800	png	304831	nasa__voyager__1280x800__dpr1_page1.png	various-web	PD
8100-lilith-web-screenshots/other/8429_web-screenshots_nasa-voyager_dpr1_page2_1280x800.png	8100-lilith-web-screenshots	web-screenshots	8429	nasa-voyager_dpr1_page2		1280	800	png	403265	nasa__voyager__1280x800__dpr1_page2.png	various-web	PD
8100-lilith-web-screenshots/other/8430_web-screenshots_nasa-voyager_dpr1_page1_667x375.png	8100-lilith-web-screenshots	web-screenshots	8430	nasa-voyager_dpr1_page1		667	375	png	74565	nasa__voyager__667x375__dpr1_page1.png	various-web	PD
8100-lilith-web-screenshots/other/8431_web-screenshots_nasa-voyager_dpr1_page2_667x375.png	8100-lilith-web-screenshots	web-screenshots	8431	nasa-voyager_dpr1_page2		667	375	png	29327	nasa__voyager__667x375__dpr1_page2.png	various-web	PD
8100-lilith-web-screenshots/other/8432_web-screenshots_nih-recipes-keep-the-beat_dpr1_page1_1280x800.png	8100-lilith-web-screenshots	web-screenshots	8432	nih-recipes-keep-the-beat_dpr1_page1		1280	800	png	91451	nih-recipes__keep-the-beat__1280x800__dpr1_page1.png	various-web	PD
8100-lilith-web-screenshots/other/8433_web-screenshots_nih-recipes-keep-the-beat_dpr1_page2_1280x800.png	8100-lilith-web-screenshots	web-screenshots	8433	nih-recipes-keep-the-beat_dpr1_page2		1280	800	png	53761	nih-recipes__keep-the-beat__1280x800__dpr1_page2.png	various-web	PD
8100-lilith-web-screenshots/other/8434_web-screenshots_nih-home_dpr1_page1_414x896.png	8100-lilith-web-screenshots	web-screenshots	8434	nih-home_dpr1_page1		414	896	png	135027	nih__home__414x896__dpr1_page1.png	various-web	PD
8100-lilith-web-screenshots/other/8435_web-screenshots_nih-home_dpr1_page2_414x896.png	8100-lilith-web-screenshots	web-screenshots	8435	nih-home_dpr1_page2		414	896	png	50365	nih__home__414x896__dpr1_page2.png	various-web	PD
8100-lilith-web-screenshots/other/8436_web-screenshots_noaa-home_dpr2_page1_750x1334.png	8100-lilith-web-screenshots	web-screenshots	8436	noaa-home_dpr2_page1		750	1334	png	644244	noaa__home__375x667__dpr2_page1.png	various-web	PD
8100-lilith-web-screenshots/other/8437_web-screenshots_noaa-home_dpr2_page2_750x1334.png	8100-lilith-web-screenshots	web-screenshots	8437	noaa-home_dpr2_page2		750	1334	png	638258	noaa__home__375x667__dpr2_page2.png	various-web	PD
8100-lilith-web-screenshots/other/8438_web-screenshots_nps-acad_dpr1_page1_1280x800.png	8100-lilith-web-screenshots	web-screenshots	8438	nps-acad_dpr1_page1		1280	800	png	729066	nps__acad__1280x800__dpr1_page1.png	various-web	PD
8100-lilith-web-screenshots/other/8439_web-screenshots_nps-acad_dpr1_page2_1280x800.png	8100-lilith-web-screenshots	web-screenshots	8439	nps-acad_dpr1_page2		1280	800	png	1313066	nps__acad__1280x800__dpr1_page2.png	various-web	PD
8100-lilith-web-screenshots/other/8440_web-screenshots_nps-acad_dpr1_page1_667x375.png	8100-lilith-web-screenshots	web-screenshots	8440	nps-acad_dpr1_page1		667	375	png	239815	nps__acad__667x375__dpr1_page1.png	various-web	PD
8100-lilith-web-screenshots/other/8441_web-screenshots_nps-acad_dpr1_page2_667x375.png	8100-lilith-web-screenshots	web-screenshots	8441	nps-acad_dpr1_page2		667	375	png	86102	nps__acad__667x375__dpr1_page2.png	various-web	PD
8100-lilith-web-screenshots/other/8442_web-screenshots_nps-grca_dpr1_page1_414x896.png	8100-lilith-web-screenshots	web-screenshots	8442	nps-grca_dpr1_page1		414	896	png	269938	nps__grca__414x896__dpr1_page1.png	various-web	PD
8100-lilith-web-screenshots/other/8443_web-screenshots_nps-grca_dpr1_page2_414x896.png	8100-lilith-web-screenshots	web-screenshots	8443	nps-grca_dpr1_page2		414	896	png	456424	nps__grca__414x896__dpr1_page2.png	various-web	PD
8100-lilith-web-screenshots/other/8444_web-screenshots_nps-yell_dpr1_page1_1024x768.png	8100-lilith-web-screenshots	web-screenshots	8444	nps-yell_dpr1_page1		1024	768	png	407496	nps__yell__1024x768__dpr1_page1.png	various-web	PD
8100-lilith-web-screenshots/other/8445_web-screenshots_nps-yell_dpr1_page2_1024x768.png	8100-lilith-web-screenshots	web-screenshots	8445	nps-yell_dpr1_page2		1024	768	png	1329838	nps__yell__1024x768__dpr1_page2.png	various-web	PD
8100-lilith-web-screenshots/other/8446_web-screenshots_nps-yell_dpr1_page1_2560x1440.png	8100-lilith-web-screenshots	web-screenshots	8446	nps-yell_dpr1_page1		2560	1440	png	2412255	nps__yell__2560x1440__dpr1_page1.png	various-web	PD
8100-lilith-web-screenshots/other/8447_web-screenshots_nps-yell_dpr1_page2_2560x1440.png	8100-lilith-web-screenshots	web-screenshots	8447	nps-yell_dpr1_page2		2560	1440	png	2168729	nps__yell__2560x1440__dpr1_page2.png	various-web	PD
8100-lilith-web-screenshots/other/8448_web-screenshots_nps-yellowstone_dpr1_page1_1280x800.png	8100-lilith-web-screenshots	web-screenshots	8448	nps-yellowstone_dpr1_page1		1280	800	png	513360	nps__yellowstone__1280x800__dpr1_page1.png	various-web	PD
8100-lilith-web-screenshots/other/8449_web-screenshots_nps-yellowstone_dpr1_page2_1280x800.png	8100-lilith-web-screenshots	web-screenshots	8449	nps-yellowstone_dpr1_page2		1280	800	png	1526611	nps__yellowstone__1280x800__dpr1_page2.png	various-web	PD
8100-lilith-web-screenshots/other/8450_web-screenshots_nps-yellowstone_dpr1_page1_414x896.png	8100-lilith-web-screenshots	web-screenshots	8450	nps-yellowstone_dpr1_page1		414	896	png	209566	nps__yellowstone__414x896__dpr1_page1.png	various-web	PD
8100-lilith-web-screenshots/other/8451_web-screenshots_nps-yellowstone_dpr1_page2_414x896.png	8100-lilith-web-screenshots	web-screenshots	8451	nps-yellowstone_dpr1_page2		414	896	png	414447	nps__yellowstone__414x896__dpr1_page2.png	various-web	PD
8100-lilith-web-screenshots/other/8452_web-screenshots_si-edu-exhibitions_dpr1_page1_1280x800.png	8100-lilith-web-screenshots	web-screenshots	8452	si-edu-exhibitions_dpr1_page1		1280	800	png	54602	si-edu__exhibitions__1280x800__dpr1_page1.png	various-web	PD
8100-lilith-web-screenshots/other/8453_web-screenshots_si-edu-exhibitions_dpr1_page2_1280x800.png	8100-lilith-web-screenshots	web-screenshots	8453	si-edu-exhibitions_dpr1_page2		1280	800	png	743027	si-edu__exhibitions__1280x800__dpr1_page2.png	various-web	PD
8100-lilith-web-screenshots/other/8454_web-screenshots_terminal-cargo-build_dpr1_page1_1280x1100.png	8100-lilith-web-screenshots	web-screenshots	8454	terminal-cargo-build_dpr1_page1		1280	1100	png	109236	terminal__cargo-build__1280x1100__dpr1_page1.png	various-web	PD-own
8100-lilith-web-screenshots/other/8455_web-screenshots_terminal-htop_dpr1_page1_1280x800.png	8100-lilith-web-screenshots	web-screenshots	8455	terminal-htop_dpr1_page1		1280	800	png	70378	terminal__htop__1280x800__dpr1_page1.png	various-web	PD-own
8100-lilith-web-screenshots/other/8456_web-screenshots_terminal-ls-git-log_dpr1_page1_1280x900.png	8100-lilith-web-screenshots	web-screenshots	8456	terminal-ls-git-log_dpr1_page1		1280	900	png	115235	terminal__ls-git-log__1280x900__dpr1_page1.png	various-web	PD-own
8100-lilith-web-screenshots/other/8457_web-screenshots_terminal-nvim-edit_dpr1_page1_1440x800.png	8100-lilith-web-screenshots	web-screenshots	8457	terminal-nvim-edit_dpr1_page1		1440	800	png	86189	terminal__nvim-edit__1440x800__dpr1_page1.png	various-web	PD-own
8100-lilith-web-screenshots/other/8458_web-screenshots_usgs-home_dpr1_page1_667x375.png	8100-lilith-web-screenshots	web-screenshots	8458	usgs-home_dpr1_page1		667	375	png	286236	usgs__home__667x375__dpr1_page1.png	various-web	PD
8100-lilith-web-screenshots/other/8459_web-screenshots_usgs-home_dpr1_page2_667x375.png	8100-lilith-web-screenshots	web-screenshots	8459	usgs-home_dpr1_page2		667	375	png	263910	usgs__home__667x375__dpr1_page2.png	various-web	PD
8100-lilith-web-screenshots/other/8460_web-screenshots_usgs-news_dpr2_page1_750x1334.png	8100-lilith-web-screenshots	web-screenshots	8460	usgs-news_dpr2_page1		750	1334	png	752561	usgs__news__375x667__dpr2_page1.png	various-web	PD
8100-lilith-web-screenshots/other/8461_web-screenshots_usgs-news_dpr2_page2_750x1334.png	8100-lilith-web-screenshots	web-screenshots	8461	usgs-news_dpr2_page2		750	1334	png	148937	usgs__news__375x667__dpr2_page2.png	various-web	PD
8100-lilith-web-screenshots/other/8462_web-screenshots_usgs-topoview_dpr1_page1_1280x800.png	8100-lilith-web-screenshots	web-screenshots	8462	usgs-topoview_dpr1_page1		1280	800	png	542194	usgs__topoview__1280x800__dpr1_page1.png	various-web	PD
8100-lilith-web-screenshots/other/8463_web-screenshots_usgs-topoview_dpr1_page2_1280x800.png	8100-lilith-web-screenshots	web-screenshots	8463	usgs-topoview_dpr1_page2		1280	800	png	140569	usgs__topoview__1280x800__dpr1_page2.png	various-web	PD
8100-lilith-web-screenshots/other/8464_web-screenshots_weather-forecast-nyc_dpr1_page1_667x375.png	8100-lilith-web-screenshots	web-screenshots	8464	weather-forecast-nyc_dpr1_page1		667	375	png	62401	weather__forecast-nyc__667x375__dpr1_page1.png	various-web	PD
8100-lilith-web-screenshots/other/8465_web-screenshots_weather-forecast-nyc_dpr1_page2_667x375.png	8100-lilith-web-screenshots	web-screenshots	8465	weather-forecast-nyc_dpr1_page2		667	375	png	92760	weather__forecast-nyc__667x375__dpr1_page2.png	various-web	PD
8100-lilith-web-screenshots/other/8466_web-screenshots_weather-home_dpr1_page1_1280x800.png	8100-lilith-web-screenshots	web-screenshots	8466	weather-home_dpr1_page1		1280	800	png	459624	weather__home__1280x800__dpr1_page1.png	various-web	PD
8100-lilith-web-screenshots/other/8467_web-screenshots_weather-home_dpr1_page1_414x896.png	8100-lilith-web-screenshots	web-screenshots	8467	weather-home_dpr1_page1		414	896	png	177075	weather__home__414x896__dpr1_page1.png	various-web	PD
8100-lilith-web-screenshots/other/8468_web-screenshots_weather-satellites_dpr1_page1_414x896.png	8100-lilith-web-screenshots	web-screenshots	8468	weather-satellites_dpr1_page1		414	896	png	89320	weather__satellites__414x896__dpr1_page1.png	various-web	PD
8100-lilith-web-screenshots/other/8469_web-screenshots_weather-satellites_dpr1_page2_414x896.png	8100-lilith-web-screenshots	web-screenshots	8469	weather-satellites_dpr1_page2		414	896	png	132729	weather__satellites__414x896__dpr1_page2.png	various-web	PD
9000-lilith-ai-clipart/9000_gen_clipart_avocado-half_1024x1536.png	9000-lilith-ai-clipart	clipart	9000	gen_clipart_avocado-half		1024	1536	png	277175	9000_gen_clipart_avocado-half_1024x1536.png	lilith-ai	PD-own
9000-lilith-ai-clipart/9001_gen_clipart_axolotl-friend_1024x1024.png	9000-lilith-ai-clipart	clipart	9001	gen_clipart_axolotl-friend		1024	1024	png	416956	9001_gen_clipart_axolotl-friend_1024x1024.png	lilith-ai	PD-own
9000-lilith-ai-clipart/9002_gen_clipart_baguette-loaf_1024x1536.png	9000-lilith-ai-clipart	clipart	9002	gen_clipart_baguette-loaf		1024	1536	png	364236	9002_gen_clipart_baguette-loaf_1024x1536.png	lilith-ai	PD-own
9000-lilith-ai-clipart/9003_gen_clipart_balloons-bunch_1024x1536.png	9000-lilith-ai-clipart	clipart	9003	gen_clipart_balloons-bunch		1024	1536	png	361851	9003_gen_clipart_balloons-bunch_1024x1536.png	lilith-ai	PD-own
9000-lilith-ai-clipart/9004_gen_clipart_bathtub-bubbles_1024x1536.png	9000-lilith-ai-clipart	clipart	9004	gen_clipart_bathtub-bubbles		1024	1536	png	596006	9004_gen_clipart_bathtub-bubbles_1024x1536.png	lilith-ai	PD-own
9000-lilith-ai-clipart/9005_gen_clipart_bee-honey_1024x1536.png	9000-lilith-ai-clipart	clipart	9005	gen_clipart_bee-honey		1024	1536	png	541054	9005_gen_clipart_bee-honey_1024x1536.png	lilith-ai	PD-own
9000-lilith-ai-clipart/9006_gen_clipart_bicycle-side_1024x1536.png	9000-lilith-ai-clipart	clipart	9006	gen_clipart_bicycle-side		1024	1536	png	472464	9006_gen_clipart_bicycle-side_1024x1536.png	lilith-ai	PD-own
9000-lilith-ai-clipart/9007_gen_clipart_boba-tea-cup_1024x1024.png	9000-lilith-ai-clipart	clipart	9007	gen_clipart_boba-tea-cup		1024	1024	png	422158	9007_gen_clipart_boba-tea-cup_1024x1024.png	lilith-ai	PD-own
9000-lilith-ai-clipart/9008_gen_clipart_bonsai-tree_1024x1536.png	9000-lilith-ai-clipart	clipart	9008	gen_clipart_bonsai-tree		1024	1536	png	642125	9008_gen_clipart_bonsai-tree_1024x1536.png	lilith-ai	PD-own
9000-lilith-ai-clipart/9009_gen_clipart_book-stack_1024x1536.png	9000-lilith-ai-clipart	clipart	9009	gen_clipart_book-stack		1024	1536	png	594291	9009_gen_clipart_book-stack_1024x1536.png	lilith-ai	PD-own
9000-lilith-ai-clipart/9010_gen_clipart_bunny-with-carrot_1024x1536.png	9000-lilith-ai-clipart	clipart	9010	gen_clipart_bunny-with-carrot		1024	1536	png	513460	9010_gen_clipart_bunny-with-carrot_1024x1536.png	lilith-ai	PD-own
9000-lilith-ai-clipart/9011_gen_clipart_butterfly-symmetric_1024x1536.png	9000-lilith-ai-clipart	clipart	9011	gen_clipart_butterfly-symmetric		1024	1536	png	439679	9011_gen_clipart_butterfly-symmetric_1024x1536.png	lilith-ai	PD-own
9000-lilith-ai-clipart/9012_gen_clipart_cactus-in-pot_1024x1024.png	9000-lilith-ai-clipart	clipart	9012	gen_clipart_cactus-in-pot		1024	1024	png	315149	9012_gen_clipart_cactus-in-pot_1024x1024.png	lilith-ai	PD-own
9000-lilith-ai-clipart/9013_gen_clipart_campfire-single-color_1024x1024.png	9000-lilith-ai-clipart	clipart	9013	gen_clipart_campfire-single-color		1024	1024	png	389433	9013_gen_clipart_campfire-single-color_1024x1024.png	lilith-ai	PD-own
9000-lilith-ai-clipart/9014_gen_clipart_candle-flame_1024x1536.png	9000-lilith-ai-clipart	clipart	9014	gen_clipart_candle-flame		1024	1536	png	151941	9014_gen_clipart_candle-flame_1024x1536.png	lilith-ai	PD-own
9000-lilith-ai-clipart/9015_gen_clipart_cherry-blossom-branch_1024x1536.png	9000-lilith-ai-clipart	clipart	9015	gen_clipart_cherry-blossom-branch		1024	1536	png	348870	9015_gen_clipart_cherry-blossom-branch_1024x1536.png	lilith-ai	PD-own
9000-lilith-ai-clipart/9016_gen_clipart_cupcake-pastel_1024x1024.png	9000-lilith-ai-clipart	clipart	9016	gen_clipart_cupcake-pastel		1024	1024	png	482689	9016_gen_clipart_cupcake-pastel_1024x1024.png	lilith-ai	PD-own
9000-lilith-ai-clipart/9017_gen_clipart_dandelion-puff_1024x1536.png	9000-lilith-ai-clipart	clipart	9017	gen_clipart_dandelion-puff		1024	1536	png	486016	9017_gen_clipart_dandelion-puff_1024x1536.png	lilith-ai	PD-own
9000-lilith-ai-clipart/9018_gen_clipart_dolphin-leap_1024x1536.png	9000-lilith-ai-clipart	clipart	9018	gen_clipart_dolphin-leap		1024	1536	png	276626	9018_gen_clipart_dolphin-leap_1024x1536.png	lilith-ai	PD-own
9000-lilith-ai-clipart/9019_gen_clipart_donut-sprinkles_1024x1536.png	9000-lilith-ai-clipart	clipart	9019	gen_clipart_donut-sprinkles		1024	1536	png	440155	9019_gen_clipart_donut-sprinkles_1024x1536.png	lilith-ai	PD-own
9000-lilith-ai-clipart/9020_gen_clipart_egg-with-face_1024x1536.png	9000-lilith-ai-clipart	clipart	9020	gen_clipart_egg-with-face		1024	1536	png	189170	9020_gen_clipart_egg-with-face_1024x1536.png	lilith-ai	PD-own
9000-lilith-ai-clipart/9021_gen_clipart_fairy-lights-string_1024x1024.png	9000-lilith-ai-clipart	clipart	9021	gen_clipart_fairy-lights-string		1024	1024	png	135895	9021_gen_clipart_fairy-lights-string_1024x1024.png	lilith-ai	PD-own
9000-lilith-ai-clipart/9022_gen_clipart_fern-frond_1024x1536.png	9000-lilith-ai-clipart	clipart	9022	gen_clipart_fern-frond		1024	1536	png	540158	9022_gen_clipart_fern-frond_1024x1536.png	lilith-ai	PD-own
9000-lilith-ai-clipart/9023_gen_clipart_foggy-hill_1024x1536.png	9000-lilith-ai-clipart	clipart	9023	gen_clipart_foggy-hill		1024	1536	png	427856	9023_gen_clipart_foggy-hill_1024x1536.png	lilith-ai	PD-own
9000-lilith-ai-clipart/9024_gen_clipart_foliage-cluster_1024x1024.png	9000-lilith-ai-clipart	clipart	9024	gen_clipart_foliage-cluster		1024	1024	png	692887	9024_gen_clipart_foliage-cluster_1024x1024.png	lilith-ai	PD-own
9000-lilith-ai-clipart/9025_gen_clipart_frog-on-lilypad_1024x1536.png	9000-lilith-ai-clipart	clipart	9025	gen_clipart_frog-on-lilypad		1024	1536	png	527121	9025_gen_clipart_frog-on-lilypad_1024x1536.png	lilith-ai	PD-own
9000-lilith-ai-clipart/9026_gen_clipart_gift-box-bow_1024x1536.png	9000-lilith-ai-clipart	clipart	9026	gen_clipart_gift-box-bow		1024	1536	png	453375	9026_gen_clipart_gift-box-bow_1024x1536.png	lilith-ai	PD-own
9000-lilith-ai-clipart/9027_gen_clipart_guitar-acoustic_1024x1536.png	9000-lilith-ai-clipart	clipart	9027	gen_clipart_guitar-acoustic		1024	1536	png	367215	9027_gen_clipart_guitar-acoustic_1024x1536.png	lilith-ai	PD-own
9000-lilith-ai-clipart/9028_gen_clipart_headphones_1024x1024.png	9000-lilith-ai-clipart	clipart	9028	gen_clipart_headphones		1024	1024	png	331780	9028_gen_clipart_headphones_1024x1024.png	lilith-ai	PD-own
9000-lilith-ai-clipart/9029_gen_clipart_heart-sparkle_1024x1536.png	9000-lilith-ai-clipart	clipart	9029	gen_clipart_heart-sparkle		1024	1536	png	237423	9029_gen_clipart_heart-sparkle_1024x1536.png	lilith-ai	PD-own
9000-lilith-ai-clipart/9030_gen_clipart_hibiscus-bloom_1024x1536.png	9000-lilith-ai-clipart	clipart	9030	gen_clipart_hibiscus-bloom		1024	1536	png	630077	9030_gen_clipart_hibiscus-bloom_1024x1536.png	lilith-ai	PD-own
9000-lilith-ai-clipart/9031_gen_clipart_hot-air-balloon_1024x1024.png	9000-lilith-ai-clipart	clipart	9031	gen_clipart_hot-air-balloon		1024	1024	png	310661	9031_gen_clipart_hot-air-balloon_1024x1024.png	lilith-ai	PD-own
9000-lilith-ai-clipart/9032_gen_clipart_ice-cream-sundae_1024x1536.png	9000-lilith-ai-clipart	clipart	9032	gen_clipart_ice-cream-sundae		1024	1536	png	590952	9032_gen_clipart_ice-cream-sundae_1024x1536.png	lilith-ai	PD-own
9000-lilith-ai-clipart/9033_gen_clipart_juice-box_1024x1536.png	9000-lilith-ai-clipart	clipart	9033	gen_clipart_juice-box		1024	1536	png	371261	9033_gen_clipart_juice-box_1024x1536.png	lilith-ai	PD-own
9000-lilith-ai-clipart/9034_gen_clipart_key-tassel_1024x1536.png	9000-lilith-ai-clipart	clipart	9034	gen_clipart_key-tassel		1024	1536	png	415473	9034_gen_clipart_key-tassel_1024x1536.png	lilith-ai	PD-own
9000-lilith-ai-clipart/9035_gen_clipart_ladybug_1024x1536.png	9000-lilith-ai-clipart	clipart	9035	gen_clipart_ladybug		1024	1536	png	233721	9035_gen_clipart_ladybug_1024x1536.png	lilith-ai	PD-own
9000-lilith-ai-clipart/9036_gen_clipart_laptop-coffee_1024x1024.png	9000-lilith-ai-clipart	clipart	9036	gen_clipart_laptop-coffee		1024	1024	png	378735	9036_gen_clipart_laptop-coffee_1024x1024.png	lilith-ai	PD-own
9000-lilith-ai-clipart/9037_gen_clipart_latte-art_1024x1536.png	9000-lilith-ai-clipart	clipart	9037	gen_clipart_latte-art		1024	1536	png	440060	9037_gen_clipart_latte-art_1024x1536.png	lilith-ai	PD-own
9000-lilith-ai-clipart/9038_gen_clipart_lavender-stem_1024x1536.png	9000-lilith-ai-clipart	clipart	9038	gen_clipart_lavender-stem		1024	1536	png	239054	9038_gen_clipart_lavender-stem_1024x1536.png	lilith-ai	PD-own
9000-lilith-ai-clipart/9039_gen_clipart_lighthouse-cliff_1024x1536.png	9000-lilith-ai-clipart	clipart	9039	gen_clipart_lighthouse-cliff		1024	1536	png	469636	9039_gen_clipart_lighthouse-cliff_1024x1536.png	lilith-ai	PD-own
9000-lilith-ai-clipart/9040_gen_clipart_lightning-bolt_1024x1536.png	9000-lilith-ai-clipart	clipart	9040	gen_clipart_lightning-bolt		1024	1536	png	281320	9040_gen_clipart_lightning-bolt_1024x1536.png	lilith-ai	PD-own
9000-lilith-ai-clipart/9041_gen_clipart_magnifying-glass-eye_1024x1536.png	9000-lilith-ai-clipart	clipart	9041	gen_clipart_magnifying-glass-eye		1024	1536	png	388088	9041_gen_clipart_magnifying-glass-eye_1024x1536.png	lilith-ai	PD-own
9000-lilith-ai-clipart/9042_gen_clipart_monstera-leaf_1024x1024.png	9000-lilith-ai-clipart	clipart	9042	gen_clipart_monstera-leaf		1024	1024	png	468850	9042_gen_clipart_monstera-leaf_1024x1024.png	lilith-ai	PD-own
9000-lilith-ai-clipart/9043_gen_clipart_moon-phases_1024x1536.png	9000-lilith-ai-clipart	clipart	9043	gen_clipart_moon-phases		1024	1536	png	199447	9043_gen_clipart_moon-phases_1024x1536.png	lilith-ai	PD-own
9000-lilith-ai-clipart/9044_gen_clipart_mountain-set_1536x1024.png	9000-lilith-ai-clipart	clipart	9044	gen_clipart_mountain-set		1536	1024	png	259392	9044_gen_clipart_mountain-set_1536x1024.png	lilith-ai	PD-own
9000-lilith-ai-clipart/9045_gen_clipart_mushroom-cluster_1024x1024.png	9000-lilith-ai-clipart	clipart	9045	gen_clipart_mushroom-cluster		1024	1024	png	676758	9045_gen_clipart_mushroom-cluster_1024x1024.png	lilith-ai	PD-own
9000-lilith-ai-clipart/9046_gen_clipart_octopus-friend_1024x1024.png	9000-lilith-ai-clipart	clipart	9046	gen_clipart_octopus-friend		1024	1024	png	478081	9046_gen_clipart_octopus-friend_1024x1024.png	lilith-ai	PD-own
9000-lilith-ai-clipart/9047_gen_clipart_owl-night_1024x1536.png	9000-lilith-ai-clipart	clipart	9047	gen_clipart_owl-night		1024	1536	png	789020	9047_gen_clipart_owl-night_1024x1536.png	lilith-ai	PD-own
9000-lilith-ai-clipart/9048_gen_clipart_paint-palette-brush_1024x1024.png	9000-lilith-ai-clipart	clipart	9048	gen_clipart_paint-palette-brush		1024	1024	png	518990	9048_gen_clipart_paint-palette-brush_1024x1024.png	lilith-ai	PD-own
9000-lilith-ai-clipart/9049_gen_clipart_panda-bamboo_1024x1536.png	9000-lilith-ai-clipart	clipart	9049	gen_clipart_panda-bamboo		1024	1536	png	400669	9049_gen_clipart_panda-bamboo_1024x1536.png	lilith-ai	PD-own
9000-lilith-ai-clipart/9050_gen_clipart_parrot-tropical_1024x1536.png	9000-lilith-ai-clipart	clipart	9050	gen_clipart_parrot-tropical		1024	1536	png	460014	9050_gen_clipart_parrot-tropical_1024x1536.png	lilith-ai	PD-own
9000-lilith-ai-clipart/9051_gen_clipart_peace-sign-hand_1024x1024.png	9000-lilith-ai-clipart	clipart	9051	gen_clipart_peace-sign-hand		1024	1024	png	214067	9051_gen_clipart_peace-sign-hand_1024x1024.png	lilith-ai	PD-own
9000-lilith-ai-clipart/9052_gen_clipart_pencil-tilted_1024x1536.png	9000-lilith-ai-clipart	clipart	9052	gen_clipart_pencil-tilted		1024	1536	png	273589	9052_gen_clipart_pencil-tilted_1024x1536.png	lilith-ai	PD-own
9000-lilith-ai-clipart/9053_gen_clipart_penguin-waddle_1024x1536.png	9000-lilith-ai-clipart	clipart	9053	gen_clipart_penguin-waddle		1024	1536	png	334389	9053_gen_clipart_penguin-waddle_1024x1536.png	lilith-ai	PD-own
9000-lilith-ai-clipart/9054_gen_clipart_pizza-slice_1024x1024.png	9000-lilith-ai-clipart	clipart	9054	gen_clipart_pizza-slice		1024	1024	png	569271	9054_gen_clipart_pizza-slice_1024x1024.png	lilith-ai	PD-own
9000-lilith-ai-clipart/9055_gen_clipart_rainbow-cloud_1024x1024.png	9000-lilith-ai-clipart	clipart	9055	gen_clipart_rainbow-cloud		1024	1024	png	241231	9055_gen_clipart_rainbow-cloud_1024x1024.png	lilith-ai	PD-own
9000-lilith-ai-clipart/9056_gen_clipart_rose-bloom_1024x1536.png	9000-lilith-ai-clipart	clipart	9056	gen_clipart_rose-bloom		1024	1536	png	409752	9056_gen_clipart_rose-bloom_1024x1536.png	lilith-ai	PD-own
9000-lilith-ai-clipart/9057_gen_clipart_running-shoe_1024x1536.png	9000-lilith-ai-clipart	clipart	9057	gen_clipart_running-shoe		1024	1536	png	338503	9057_gen_clipart_running-shoe_1024x1536.png	lilith-ai	PD-own
9000-lilith-ai-clipart/9058_gen_clipart_sandcastle_1024x1536.png	9000-lilith-ai-clipart	clipart	9058	gen_clipart_sandcastle		1024	1536	png	578770	9058_gen_clipart_sandcastle_1024x1536.png	lilith-ai	PD-own
9000-lilith-ai-clipart/9059_gen_clipart_scissors-craft_1024x1536.png	9000-lilith-ai-clipart	clipart	9059	gen_clipart_scissors-craft		1024	1536	png	347885	9059_gen_clipart_scissors-craft_1024x1536.png	lilith-ai	PD-own
9000-lilith-ai-clipart/9060_gen_clipart_shooting-star_1024x1536.png	9000-lilith-ai-clipart	clipart	9060	gen_clipart_shooting-star		1024	1536	png	278578	9060_gen_clipart_shooting-star_1024x1536.png	lilith-ai	PD-own
9000-lilith-ai-clipart/9061_gen_clipart_sleeping-fox-curl_1024x1024.png	9000-lilith-ai-clipart	clipart	9061	gen_clipart_sleeping-fox-curl		1024	1024	png	340580	9061_gen_clipart_sleeping-fox-curl_1024x1024.png	lilith-ai	PD-own
9000-lilith-ai-clipart/9062_gen_clipart_smiling-sun_1024x1024.png	9000-lilith-ai-clipart	clipart	9062	gen_clipart_smiling-sun		1024	1024	png	344099	9062_gen_clipart_smiling-sun_1024x1024.png	lilith-ai	PD-own
9000-lilith-ai-clipart/9063_gen_clipart_smoothie-cup_1024x1536.png	9000-lilith-ai-clipart	clipart	9063	gen_clipart_smoothie-cup		1024	1536	png	546691	9063_gen_clipart_smoothie-cup_1024x1536.png	lilith-ai	PD-own
9000-lilith-ai-clipart/9064_gen_clipart_snow-globe_1024x1536.png	9000-lilith-ai-clipart	clipart	9064	gen_clipart_snow-globe		1024	1536	png	426076	9064_gen_clipart_snow-globe_1024x1536.png	lilith-ai	PD-own
9000-lilith-ai-clipart/9065_gen_clipart_snowflake-cluster_1024x1536.png	9000-lilith-ai-clipart	clipart	9065	gen_clipart_snowflake-cluster		1024	1536	png	634429	9065_gen_clipart_snowflake-cluster_1024x1536.png	lilith-ai	PD-own
9000-lilith-ai-clipart/9066_gen_clipart_speech-bubble-hi_1024x1536.png	9000-lilith-ai-clipart	clipart	9066	gen_clipart_speech-bubble-hi		1024	1536	png	297469	9066_gen_clipart_speech-bubble-hi_1024x1536.png	lilith-ai	PD-own
9000-lilith-ai-clipart/9067_gen_clipart_steaming-ramen-bowl_1024x1024.png	9000-lilith-ai-clipart	clipart	9067	gen_clipart_steaming-ramen-bowl		1024	1024	png	876077	9067_gen_clipart_steaming-ramen-bowl_1024x1024.png	lilith-ai	PD-own
9000-lilith-ai-clipart/9068_gen_clipart_succulent-trio_1024x1536.png	9000-lilith-ai-clipart	clipart	9068	gen_clipart_succulent-trio		1024	1536	png	858554	9068_gen_clipart_succulent-trio_1024x1536.png	lilith-ai	PD-own
9000-lilith-ai-clipart/9069_gen_clipart_suitcase-travel_1024x1024.png	9000-lilith-ai-clipart	clipart	9069	gen_clipart_suitcase-travel		1024	1024	png	217309	9069_gen_clipart_suitcase-travel_1024x1024.png	lilith-ai	PD-own
9000-lilith-ai-clipart/9070_gen_clipart_sunflower-cheerful_1024x1536.png	9000-lilith-ai-clipart	clipart	9070	gen_clipart_sunflower-cheerful		1024	1536	png	412527	9070_gen_clipart_sunflower-cheerful_1024x1536.png	lilith-ai	PD-own
9000-lilith-ai-clipart/9071_gen_clipart_surfboard-wave_1024x1536.png	9000-lilith-ai-clipart	clipart	9071	gen_clipart_surfboard-wave		1024	1536	png	374194	9071_gen_clipart_surfboard-wave_1024x1536.png	lilith-ai	PD-own
9000-lilith-ai-clipart/9072_gen_clipart_sushi-roll-trio_1024x1536.png	9000-lilith-ai-clipart	clipart	9072	gen_clipart_sushi-roll-trio		1024	1536	png	691290	9072_gen_clipart_sushi-roll-trio_1024x1536.png	lilith-ai	PD-own
9000-lilith-ai-clipart/9073_gen_clipart_taco-fiesta_1024x1536.png	9000-lilith-ai-clipart	clipart	9073	gen_clipart_taco-fiesta		1024	1536	png	654614	9073_gen_clipart_taco-fiesta_1024x1536.png	lilith-ai	PD-own
9000-lilith-ai-clipart/9074_gen_clipart_teapot-classic_1024x1536.png	9000-lilith-ai-clipart	clipart	9074	gen_clipart_teapot-classic		1024	1536	png	331150	9074_gen_clipart_teapot-classic_1024x1536.png	lilith-ai	PD-own
9000-lilith-ai-clipart/9075_gen_clipart_telescope-stars_1024x1536.png	9000-lilith-ai-clipart	clipart	9075	gen_clipart_telescope-stars		1024	1536	png	323800	9075_gen_clipart_telescope-stars_1024x1536.png	lilith-ai	PD-own
9000-lilith-ai-clipart/9076_gen_clipart_thumbs-up-hand_1024x1536.png	9000-lilith-ai-clipart	clipart	9076	gen_clipart_thumbs-up-hand		1024	1536	png	226014	9076_gen_clipart_thumbs-up-hand_1024x1536.png	lilith-ai	PD-own
9000-lilith-ai-clipart/9077_gen_clipart_tiny-shiba-sticker_1024x1024.png	9000-lilith-ai-clipart	clipart	9077	gen_clipart_tiny-shiba-sticker		1024	1024	png	418920	9077_gen_clipart_tiny-shiba-sticker_1024x1024.png	lilith-ai	PD-own
9000-lilith-ai-clipart/9078_gen_clipart_tulip-trio_1024x1536.png	9000-lilith-ai-clipart	clipart	9078	gen_clipart_tulip-trio		1024	1536	png	480890	9078_gen_clipart_tulip-trio_1024x1536.png	lilith-ai	PD-own
9000-lilith-ai-clipart/9079_gen_clipart_turtle-shell-pattern_1024x1536.png	9000-lilith-ai-clipart	clipart	9079	gen_clipart_turtle-shell-pattern		1024	1536	png	374845	9079_gen_clipart_turtle-shell-pattern_1024x1536.png	lilith-ai	PD-own
9000-lilith-ai-clipart/9080_gen_clipart_vintage-camera_1024x1024.png	9000-lilith-ai-clipart	clipart	9080	gen_clipart_vintage-camera		1024	1024	png	578304	9080_gen_clipart_vintage-camera_1024x1024.png	lilith-ai	PD-own
9000-lilith-ai-clipart/9081_gen_clipart_vinyl-record_1024x1536.png	9000-lilith-ai-clipart	clipart	9081	gen_clipart_vinyl-record		1024	1536	png	652991	9081_gen_clipart_vinyl-record_1024x1536.png	lilith-ai	PD-own
9000-lilith-ai-clipart/9082_gen_clipart_watermelon-slice-face_1024x1024.png	9000-lilith-ai-clipart	clipart	9082	gen_clipart_watermelon-slice-face		1024	1024	png	459113	9082_gen_clipart_watermelon-slice-face_1024x1024.png	lilith-ai	PD-own
9000-lilith-ai-clipart/9083_gen_clipart_whale-spout_1024x1536.png	9000-lilith-ai-clipart	clipart	9083	gen_clipart_whale-spout		1024	1536	png	285481	9083_gen_clipart_whale-spout_1024x1536.png	lilith-ai	PD-own
9000-lilith-ai-clipart/9084_gen_clipart_yoga-mat-roll_1024x1536.png	9000-lilith-ai-clipart	clipart	9084	gen_clipart_yoga-mat-roll		1024	1536	png	294217	9084_gen_clipart_yoga-mat-roll_1024x1536.png	lilith-ai	PD-own
9000-lilith-ai-clipart/9085_gen_clipart_manga-chibi-mascot-wave_1024x1024.png	9000-lilith-ai-clipart	clipart	9085	gen_clipart_manga-chibi-mascot-wave		1024	1024	png	585738	9085_gen_clipart_manga-chibi-mascot-wave_1024x1024.png	lilith-ai	PD-own
9094-lilith-ai-illustrations/9094_gen_illustrations_abstract-floral-gouache_1024x1536.png	9094-lilith-ai-illustrations	illustrations	9094	gen_illustrations_abstract-floral-gouache		1024	1536	png	3503940	9094_gen_illustrations_abstract-floral-gouache_1024x1536.png	lilith-ai	PD-own
9094-lilith-ai-illustrations/9095_gen_illustrations_after-rain-street_1024x1536.png	9094-lilith-ai-illustrations	illustrations	9095	gen_illustrations_after-rain-street		1024	1536	png	3787985	9095_gen_illustrations_after-rain-street_1024x1536.png	lilith-ai	PD-own
9094-lilith-ai-illustrations/9096_gen_illustrations_alpine-meadow-summer_1024x1536.png	9094-lilith-ai-illustrations	illustrations	9096	gen_illustrations_alpine-meadow-summer		1024	1536	png	3965239	9096_gen_illustrations_alpine-meadow-summer_1024x1536.png	lilith-ai	PD-own
9094-lilith-ai-illustrations/9097_gen_illustrations_autumn-deciduous-path_1024x1536.png	9094-lilith-ai-illustrations	illustrations	9097	gen_illustrations_autumn-deciduous-path		1024	1536	png	3820236	9097_gen_illustrations_autumn-deciduous-path_1024x1536.png	lilith-ai	PD-own
9094-lilith-ai-illustrations/9098_gen_illustrations_baker-flour-dust-light_1024x1536.png	9094-lilith-ai-illustrations	illustrations	9098	gen_illustrations_baker-flour-dust-light		1024	1536	png	3562192	9098_gen_illustrations_baker-flour-dust-light_1024x1536.png	lilith-ai	PD-own
9094-lilith-ai-illustrations/9099_gen_illustrations_ballet-shoes-ribbon-flat-lay_1024x1536.png	9094-lilith-ai-illustrations	illustrations	9099	gen_illustrations_ballet-shoes-ribbon-flat-lay		1024	1536	png	3708874	9099_gen_illustrations_ballet-shoes-ribbon-flat-lay_1024x1536.png	lilith-ai	PD-own
9094-lilith-ai-illustrations/9100_gen_illustrations_bath-candles-evening_1024x1536.png	9094-lilith-ai-illustrations	illustrations	9100	gen_illustrations_bath-candles-evening		1024	1536	png	3288284	9100_gen_illustrations_bath-candles-evening_1024x1536.png	lilith-ai	PD-own
9094-lilith-ai-illustrations/9101_gen_illustrations_bear-walking-through-ferns_1024x1536.png	9094-lilith-ai-illustrations	illustrations	9101	gen_illustrations_bear-walking-through-ferns		1024	1536	png	3508191	9101_gen_illustrations_bear-walking-through-ferns_1024x1536.png	lilith-ai	PD-own
9094-lilith-ai-illustrations/9102_gen_illustrations_bicycle-fruit-crates-wall_1024x1536.png	9094-lilith-ai-illustrations	illustrations	9102	gen_illustrations_bicycle-fruit-crates-wall		1024	1536	png	3681781	9102_gen_illustrations_bicycle-fruit-crates-wall_1024x1536.png	lilith-ai	PD-own
9094-lilith-ai-illustrations/9103_gen_illustrations_breakfast-in-bed_1024x1536.png	9094-lilith-ai-illustrations	illustrations	9103	gen_illustrations_breakfast-in-bed		1024	1536	png	3739792	9103_gen_illustrations_breakfast-in-bed_1024x1536.png	lilith-ai	PD-own
9094-lilith-ai-illustrations/9104_gen_illustrations_cellist-rehearsing-attic_1024x1536.png	9094-lilith-ai-illustrations	illustrations	9104	gen_illustrations_cellist-rehearsing-attic		1024	1536	png	3507292	9104_gen_illustrations_cellist-rehearsing-attic_1024x1536.png	lilith-ai	PD-own
9094-lilith-ai-illustrations/9105_gen_illustrations_cheese-board-pears_1024x1536.png	9094-lilith-ai-illustrations	illustrations	9105	gen_illustrations_cheese-board-pears		1024	1536	png	4040926	9105_gen_illustrations_cheese-board-pears_1024x1536.png	lilith-ai	PD-own
9094-lilith-ai-illustrations/9106_gen_illustrations_child-fox-snowy-forest_1024x1536.png	9094-lilith-ai-illustrations	illustrations	9106	gen_illustrations_child-fox-snowy-forest		1024	1536	png	3779791	9106_gen_illustrations_child-fox-snowy-forest_1024x1536.png	lilith-ai	PD-own
9094-lilith-ai-illustrations/9107_gen_illustrations_choir-scene-cathedral_1024x1536.png	9094-lilith-ai-illustrations	illustrations	9107	gen_illustrations_choir-scene-cathedral		1024	1536	png	3479605	9107_gen_illustrations_choir-scene-cathedral_1024x1536.png	lilith-ai	PD-own
9094-lilith-ai-illustrations/9108_gen_illustrations_citrus-harvest-table_1024x1536.png	9094-lilith-ai-illustrations	illustrations	9108	gen_illustrations_citrus-harvest-table		1024	1536	png	3579672	9108_gen_illustrations_citrus-harvest-table_1024x1536.png	lilith-ai	PD-own
9094-lilith-ai-illustrations/9109_gen_illustrations_coastal-cliff-seabirds_1024x1536.png	9094-lilith-ai-illustrations	illustrations	9109	gen_illustrations_coastal-cliff-seabirds		1024	1536	png	3645645	9109_gen_illustrations_coastal-cliff-seabirds_1024x1536.png	lilith-ai	PD-own
9094-lilith-ai-illustrations/9110_gen_illustrations_coffee-shop-dusk_1536x1024.png	9094-lilith-ai-illustrations	illustrations	9110	gen_illustrations_coffee-shop-dusk		1536	1024	png	3453249	9110_gen_illustrations_coffee-shop-dusk_1536x1024.png	lilith-ai	PD-own
9094-lilith-ai-illustrations/9111_gen_illustrations_constellation-myth-map_1024x1536.png	9094-lilith-ai-illustrations	illustrations	9111	gen_illustrations_constellation-myth-map		1024	1536	png	3502279	9111_gen_illustrations_constellation-myth-map_1024x1536.png	lilith-ai	PD-own
9094-lilith-ai-illustrations/9112_gen_illustrations_croissants-morning-coffee_1024x1536.png	9094-lilith-ai-illustrations	illustrations	9112	gen_illustrations_croissants-morning-coffee		1024	1536	png	3272700	9112_gen_illustrations_croissants-morning-coffee_1024x1536.png	lilith-ai	PD-own
9094-lilith-ai-illustrations/9113_gen_illustrations_cyclist-bridge-golden-hour_1536x1024.png	9094-lilith-ai-illustrations	illustrations	9113	gen_illustrations_cyclist-bridge-golden-hour		1536	1024	png	3735675	9113_gen_illustrations_cyclist-bridge-golden-hour_1536x1024.png	lilith-ai	PD-own
9094-lilith-ai-illustrations/9114_gen_illustrations_cyclist-mountain-pass_1024x1536.png	9094-lilith-ai-illustrations	illustrations	9114	gen_illustrations_cyclist-mountain-pass		1024	1536	png	3142854	9114_gen_illustrations_cyclist-mountain-pass_1024x1536.png	lilith-ai	PD-own
9094-lilith-ai-illustrations/9115_gen_illustrations_dancer-mid-pose-studio_1024x1536.png	9094-lilith-ai-illustrations	illustrations	9115	gen_illustrations_dancer-mid-pose-studio		1024	1536	png	2444126	9115_gen_illustrations_dancer-mid-pose-studio_1024x1536.png	lilith-ai	PD-own
9094-lilith-ai-illustrations/9116_gen_illustrations_desert-twilight-saguaro_1024x1536.png	9094-lilith-ai-illustrations	illustrations	9116	gen_illustrations_desert-twilight-saguaro		1024	1536	png	3406966	9116_gen_illustrations_desert-twilight-saguaro_1024x1536.png	lilith-ai	PD-own
9094-lilith-ai-illustrations/9117_gen_illustrations_evening-writing-desk_1024x1536.png	9094-lilith-ai-illustrations	illustrations	9117	gen_illustrations_evening-writing-desk		1024	1536	png	3329070	9117_gen_illustrations_evening-writing-desk_1024x1536.png	lilith-ai	PD-own
9094-lilith-ai-illustrations/9118_gen_illustrations_farmers-market-stall_1536x1024.png	9094-lilith-ai-illustrations	illustrations	9118	gen_illustrations_farmers-market-stall		1536	1024	png	3987561	9118_gen_illustrations_farmers-market-stall_1536x1024.png	lilith-ai	PD-own
9094-lilith-ai-illustrations/9119_gen_illustrations_figure-with-stars-shoulders_1024x1536.png	9094-lilith-ai-illustrations	illustrations	9119	gen_illustrations_figure-with-stars-shoulders		1024	1536	png	3180160	9119_gen_illustrations_figure-with-stars-shoulders_1024x1536.png	lilith-ai	PD-own
9094-lilith-ai-illustrations/9120_gen_illustrations_fog-bound-lake_1024x1536.png	9094-lilith-ai-illustrations	illustrations	9120	gen_illustrations_fog-bound-lake		1024	1536	png	2842081	9120_gen_illustrations_fog-bound-lake_1024x1536.png	lilith-ai	PD-own
9094-lilith-ai-illustrations/9121_gen_illustrations_fox-in-autumn-leaves_1024x1536.png	9094-lilith-ai-illustrations	illustrations	9121	gen_illustrations_fox-in-autumn-leaves		1024	1536	png	4245655	9121_gen_illustrations_fox-in-autumn-leaves_1024x1536.png	lilith-ai	PD-own
9094-lilith-ai-illustrations/9122_gen_illustrations_fox-resting-winter_1024x1536.png	9094-lilith-ai-illustrations	illustrations	9122	gen_illustrations_fox-resting-winter		1024	1536	png	3747154	9122_gen_illustrations_fox-resting-winter_1024x1536.png	lilith-ai	PD-own
9094-lilith-ai-illustrations/9123_gen_illustrations_gardener-pulling-carrots_1024x1536.png	9094-lilith-ai-illustrations	illustrations	9123	gen_illustrations_gardener-pulling-carrots		1024	1536	png	3870009	9123_gen_illustrations_gardener-pulling-carrots_1024x1536.png	lilith-ai	PD-own
9094-lilith-ai-illustrations/9124_gen_illustrations_greenhouse-botanist_1024x1536.png	9094-lilith-ai-illustrations	illustrations	9124	gen_illustrations_greenhouse-botanist		1024	1536	png	3969396	9124_gen_illustrations_greenhouse-botanist_1024x1536.png	lilith-ai	PD-own
9094-lilith-ai-illustrations/9125_gen_illustrations_herb-garden-windowsill_1024x1536.png	9094-lilith-ai-illustrations	illustrations	9125	gen_illustrations_herb-garden-windowsill		1024	1536	png	3866523	9125_gen_illustrations_herb-garden-windowsill_1024x1536.png	lilith-ai	PD-own
9094-lilith-ai-illustrations/9126_gen_illustrations_horse-in-storm_1024x1536.png	9094-lilith-ai-illustrations	illustrations	9126	gen_illustrations_horse-in-storm		1024	1536	png	3121074	9126_gen_illustrations_horse-in-storm_1024x1536.png	lilith-ai	PD-own
9094-lilith-ai-illustrations/9127_gen_illustrations_hummingbird-at-flower_1024x1536.png	9094-lilith-ai-illustrations	illustrations	9127	gen_illustrations_hummingbird-at-flower		1024	1536	png	3674984	9127_gen_illustrations_hummingbird-at-flower_1024x1536.png	lilith-ai	PD-own
9094-lilith-ai-illustrations/9128_gen_illustrations_invented-tarot-card_1024x1536.png	9094-lilith-ai-illustrations	illustrations	9128	gen_illustrations_invented-tarot-card		1024	1536	png	3450833	9128_gen_illustrations_invented-tarot-card_1024x1536.png	lilith-ai	PD-own
9094-lilith-ai-illustrations/9129_gen_illustrations_jazz-bar-trio_1536x1024.png	9094-lilith-ai-illustrations	illustrations	9129	gen_illustrations_jazz-bar-trio		1536	1024	png	2655678	9129_gen_illustrations_jazz-bar-trio_1536x1024.png	lilith-ai	PD-own
9094-lilith-ai-illustrations/9130_gen_illustrations_kitchen-dawn-kettle-steam_1024x1536.png	9094-lilith-ai-illustrations	illustrations	9130	gen_illustrations_kitchen-dawn-kettle-steam		1024	1536	png	3248046	9130_gen_illustrations_kitchen-dawn-kettle-steam_1024x1536.png	lilith-ai	PD-own
9094-lilith-ai-illustrations/9131_gen_illustrations_knitting-basket-cat_1024x1536.png	9094-lilith-ai-illustrations	illustrations	9131	gen_illustrations_knitting-basket-cat		1024	1536	png	3637825	9131_gen_illustrations_knitting-basket-cat_1024x1536.png	lilith-ai	PD-own
9094-lilith-ai-illustrations/9132_gen_illustrations_market-vegetable-basket_1024x1536.png	9094-lilith-ai-illustrations	illustrations	9132	gen_illustrations_market-vegetable-basket		1024	1536	png	4333595	9132_gen_illustrations_market-vegetable-basket_1024x1536.png	lilith-ai	PD-own
9094-lilith-ai-illustrations/9133_gen_illustrations_mother-braiding-daughter-hair_1024x1536.png	9094-lilith-ai-illustrations	illustrations	9133	gen_illustrations_mother-braiding-daughter-hair		1024	1536	png	3620545	9133_gen_illustrations_mother-braiding-daughter-hair_1024x1536.png	lilith-ai	PD-own
9094-lilith-ai-illustrations/9134_gen_illustrations_night-market-lanterns_1024x1536.png	9094-lilith-ai-illustrations	illustrations	9134	gen_illustrations_night-market-lanterns		1024	1536	png	3659548	9134_gen_illustrations_night-market-lanterns_1024x1536.png	lilith-ai	PD-own
9094-lilith-ai-illustrations/9135_gen_illustrations_old-fisherman-river_1024x1536.png	9094-lilith-ai-illustrations	illustrations	9135	gen_illustrations_old-fisherman-river		1024	1536	png	3291626	9135_gen_illustrations_old-fisherman-river_1024x1536.png	lilith-ai	PD-own
9094-lilith-ai-illustrations/9136_gen_illustrations_paper-lantern-festival_1024x1536.png	9094-lilith-ai-illustrations	illustrations	9136	gen_illustrations_paper-lantern-festival		1024	1536	png	3477733	9136_gen_illustrations_paper-lantern-festival_1024x1536.png	lilith-ai	PD-own
9094-lilith-ai-illustrations/9137_gen_illustrations_perched-owl-portrait_1024x1536.png	9094-lilith-ai-illustrations	illustrations	9137	gen_illustrations_perched-owl-portrait		1024	1536	png	3778448	9137_gen_illustrations_perched-owl-portrait_1024x1536.png	lilith-ai	PD-own
9094-lilith-ai-illustrations/9138_gen_illustrations_plant-watering-ritual_1024x1536.png	9094-lilith-ai-illustrations	illustrations	9138	gen_illustrations_plant-watering-ritual		1024	1536	png	3126578	9138_gen_illustrations_plant-watering-ritual_1024x1536.png	lilith-ai	PD-own
9094-lilith-ai-illustrations/9139_gen_illustrations_rainy-cafe-from-outside_1024x1536.png	9094-lilith-ai-illustrations	illustrations	9139	gen_illustrations_rainy-cafe-from-outside		1024	1536	png	3138237	9139_gen_illustrations_rainy-cafe-from-outside_1024x1536.png	lilith-ai	PD-own
9094-lilith-ai-illustrations/9140_gen_illustrations_reading-nook-hot-chocolate_1024x1536.png	9094-lilith-ai-illustrations	illustrations	9140	gen_illustrations_reading-nook-hot-chocolate		1024	1536	png	4373605	9140_gen_illustrations_reading-nook-hot-chocolate_1024x1536.png	lilith-ai	PD-own
9094-lilith-ai-illustrations/9141_gen_illustrations_river-fishing-bend_1024x1536.png	9094-lilith-ai-illustrations	illustrations	9141	gen_illustrations_river-fishing-bend		1024	1536	png	3475750	9141_gen_illustrations_river-fishing-bend_1024x1536.png	lilith-ai	PD-own
9094-lilith-ai-illustrations/9142_gen_illustrations_rooftop-sunset-gathering_1024x1536.png	9094-lilith-ai-illustrations	illustrations	9142	gen_illustrations_rooftop-sunset-gathering		1024	1536	png	2949702	9142_gen_illustrations_rooftop-sunset-gathering_1024x1536.png	lilith-ai	PD-own
9094-lilith-ai-illustrations/9143_gen_illustrations_runner-golden-field_1024x1536.png	9094-lilith-ai-illustrations	illustrations	9143	gen_illustrations_runner-golden-field		1024	1536	png	3143586	9143_gen_illustrations_runner-golden-field_1024x1536.png	lilith-ai	PD-own
9094-lilith-ai-illustrations/9144_gen_illustrations_runway-coat-figure_1024x1536.png	9094-lilith-ai-illustrations	illustrations	9144	gen_illustrations_runway-coat-figure		1024	1536	png	2248749	9144_gen_illustrations_runway-coat-figure_1024x1536.png	lilith-ai	PD-own
9094-lilith-ai-illustrations/9145_gen_illustrations_scientist-microscope-lab_1024x1536.png	9094-lilith-ai-illustrations	illustrations	9145	gen_illustrations_scientist-microscope-lab		1024	1536	png	3678599	9145_gen_illustrations_scientist-microscope-lab_1024x1536.png	lilith-ai	PD-own
9094-lilith-ai-illustrations/9146_gen_illustrations_snowy-village-overhead_1024x1536.png	9094-lilith-ai-illustrations	illustrations	9146	gen_illustrations_snowy-village-overhead		1024	1536	png	3745425	9146_gen_illustrations_snowy-village-overhead_1024x1536.png	lilith-ai	PD-own
9094-lilith-ai-illustrations/9147_gen_illustrations_street-style-modern-sketch_1024x1536.png	9094-lilith-ai-illustrations	illustrations	9147	gen_illustrations_street-style-modern-sketch		1024	1536	png	2493188	9147_gen_illustrations_street-style-modern-sketch_1024x1536.png	lilith-ai	PD-own
9094-lilith-ai-illustrations/9148_gen_illustrations_subway-commuter-sketch_1024x1536.png	9094-lilith-ai-illustrations	illustrations	9148	gen_illustrations_subway-commuter-sketch		1024	1536	png	3141006	9148_gen_illustrations_subway-commuter-sketch_1024x1536.png	lilith-ai	PD-own
9094-lilith-ai-illustrations/9149_gen_illustrations_summer-wheat-field_1024x1536.png	9094-lilith-ai-illustrations	illustrations	9149	gen_illustrations_summer-wheat-field		1024	1536	png	3906087	9149_gen_illustrations_summer-wheat-field_1024x1536.png	lilith-ai	PD-own
9094-lilith-ai-illustrations/9150_gen_illustrations_swimmer-poolside-climbing-out_1024x1536.png	9094-lilith-ai-illustrations	illustrations	9150	gen_illustrations_swimmer-poolside-climbing-out		1024	1536	png	3808860	9150_gen_illustrations_swimmer-poolside-climbing-out_1024x1536.png	lilith-ai	PD-own
9094-lilith-ai-illustrations/9151_gen_illustrations_swimming-otter_1024x1536.png	9094-lilith-ai-illustrations	illustrations	9151	gen_illustrations_swimming-otter		1024	1536	png	3408801	9151_gen_illustrations_swimming-otter_1024x1536.png	lilith-ai	PD-own
9094-lilith-ai-illustrations/9152_gen_illustrations_taxi-rainy-evening_1024x1536.png	9094-lilith-ai-illustrations	illustrations	9152	gen_illustrations_taxi-rainy-evening		1024	1536	png	3402379	9152_gen_illustrations_taxi-rainy-evening_1024x1536.png	lilith-ai	PD-own
9094-lilith-ai-illustrations/9153_gen_illustrations_tea-ceremony-quiet_1024x1536.png	9094-lilith-ai-illustrations	illustrations	9153	gen_illustrations_tea-ceremony-quiet		1024	1536	png	3052120	9153_gen_illustrations_tea-ceremony-quiet_1024x1536.png	lilith-ai	PD-own
9094-lilith-ai-illustrations/9154_gen_illustrations_tiny-mossy-friend_1024x1536.png	9094-lilith-ai-illustrations	illustrations	9154	gen_illustrations_tiny-mossy-friend		1024	1536	png	3918272	9154_gen_illustrations_tiny-mossy-friend_1024x1536.png	lilith-ai	PD-own
9094-lilith-ai-illustrations/9155_gen_illustrations_urban-garden-patio_1024x1536.png	9094-lilith-ai-illustrations	illustrations	9155	gen_illustrations_urban-garden-patio		1024	1536	png	3737858	9155_gen_illustrations_urban-garden-patio_1024x1536.png	lilith-ai	PD-own
9094-lilith-ai-illustrations/9156_gen_illustrations_vintage-couture-pose_1024x1536.png	9094-lilith-ai-illustrations	illustrations	9156	gen_illustrations_vintage-couture-pose		1024	1536	png	2664212	9156_gen_illustrations_vintage-couture-pose_1024x1536.png	lilith-ai	PD-own
9094-lilith-ai-illustrations/9157_gen_illustrations_vintage-travel-poster-mountain_1024x1536.png	9094-lilith-ai-illustrations	illustrations	9157	gen_illustrations_vintage-travel-poster-mountain		1024	1536	png	3560832	9157_gen_illustrations_vintage-travel-poster-mountain_1024x1536.png	lilith-ai	PD-own
9094-lilith-ai-illustrations/9158_gen_illustrations_vinyl-listening-room_1024x1536.png	9094-lilith-ai-illustrations	illustrations	9158	gen_illustrations_vinyl-listening-room		1024	1536	png	2608714	9158_gen_illustrations_vinyl-listening-room_1024x1536.png	lilith-ai	PD-own
9094-lilith-ai-illustrations/9159_gen_illustrations_watercolor-fashion-summer-dress_1024x1536.png	9094-lilith-ai-illustrations	illustrations	9159	gen_illustrations_watercolor-fashion-summer-dress		1024	1536	png	2510127	9159_gen_illustrations_watercolor-fashion-summer-dress_1024x1536.png	lilith-ai	PD-own
9094-lilith-ai-illustrations/9160_gen_illustrations_window-watching-cat_1024x1536.png	9094-lilith-ai-illustrations	illustrations	9160	gen_illustrations_window-watching-cat		1024	1536	png	2285924	9160_gen_illustrations_window-watching-cat_1024x1536.png	lilith-ai	PD-own
9094-lilith-ai-illustrations/9161_gen_illustrations_woman-cat-lap-reading_1024x1536.png	9094-lilith-ai-illustrations	illustrations	9161	gen_illustrations_woman-cat-lap-reading		1024	1536	png	3153478	9161_gen_illustrations_woman-cat-lap-reading_1024x1536.png	lilith-ai	PD-own
9094-lilith-ai-illustrations/9162_gen_illustrations_young-woman-tea-portrait_1024x1536.png	9094-lilith-ai-illustrations	illustrations	9162	gen_illustrations_young-woman-tea-portrait		1024	1536	png	3293998	9162_gen_illustrations_young-woman-tea-portrait_1024x1536.png	lilith-ai	PD-own
9094-lilith-ai-illustrations/9163_gen_illustrations_manga-after-battle-rest_1536x1024.png	9094-lilith-ai-illustrations	illustrations	9163	gen_illustrations_manga-after-battle-rest		1536	1024	png	4261152	9163_gen_illustrations_manga-after-battle-rest_1536x1024.png	lilith-ai	PD-own
9094-lilith-ai-illustrations/9164_gen_illustrations_manga-battle-shonen-whoosh_1024x1536.png	9094-lilith-ai-illustrations	illustrations	9164	gen_illustrations_manga-battle-shonen-whoosh		1024	1536	png	4279474	9164_gen_illustrations_manga-battle-shonen-whoosh_1024x1536.png	lilith-ai	PD-own
9094-lilith-ai-illustrations/9165_gen_illustrations_manga-heroine-catching-key_1024x1536.png	9094-lilith-ai-illustrations	illustrations	9165	gen_illustrations_manga-heroine-catching-key		1024	1536	png	3465055	9165_gen_illustrations_manga-heroine-catching-key_1024x1536.png	lilith-ai	PD-own
9094-lilith-ai-illustrations/9166_gen_illustrations_manga-magical-girl-transformation_1024x1536.png	9094-lilith-ai-illustrations	illustrations	9166	gen_illustrations_manga-magical-girl-transformation		1024	1536	png	4640648	9166_gen_illustrations_manga-magical-girl-transformation_1024x1536.png	lilith-ai	PD-own
9094-lilith-ai-illustrations/9167_gen_illustrations_manga-rooftop-rain-cape_1024x1536.png	9094-lilith-ai-illustrations	illustrations	9167	gen_illustrations_manga-rooftop-rain-cape		1024	1536	png	3787674	9167_gen_illustrations_manga-rooftop-rain-cape_1024x1536.png	lilith-ai	PD-own
9094-lilith-ai-illustrations/9168_gen_illustrations_manga-yatai-noodles-slice-of-life_1536x1024.png	9094-lilith-ai-illustrations	illustrations	9168	gen_illustrations_manga-yatai-noodles-slice-of-life		1536	1024	png	3947406	9168_gen_illustrations_manga-yatai-noodles-slice-of-life_1536x1024.png	lilith-ai	PD-own
9226-lilith-ai-products/accessories/9226_gen_products-accessories_amethyst-slouchy-shoulder-bag_p0001_2160x3840.png	9226-lilith-ai-products	products	9226	gen_products-accessories_amethyst-slouchy-shoulder-bag_p0001		2160	3840	png	6818970	9226_gen_products-accessories_amethyst-slouchy-shoulder-bag_p0001_2160x3840.png	lilith-ai	PD-own
9226-lilith-ai-products/accessories/9227_gen_products-accessories_bucket-hat-checkerboard_p0002_1024x1536.png	9226-lilith-ai-products	products	9227	gen_products-accessories_bucket-hat-checkerboard_p0002		1024	1536	png	1207009	9227_gen_products-accessories_bucket-hat-checkerboard_p0002_1024x1536.png	lilith-ai	PD-own
9226-lilith-ai-products/accessories/9228_gen_products-accessories_cateye-sunglasses_p0003_3840x2160.png	9226-lilith-ai-products	products	9228	gen_products-accessories_cateye-sunglasses_p0003		3840	2160	png	3476793	9228_gen_products-accessories_cateye-sunglasses_p0003_3840x2160.png	lilith-ai	PD-own
9226-lilith-ai-products/accessories/9229_gen_products-accessories_chunky-gold-statement-necklace_p0004_2880x2880.png	9226-lilith-ai-products	products	9229	gen_products-accessories_chunky-gold-statement-necklace_p0004		2880	2880	png	7013061	9229_gen_products-accessories_chunky-gold-statement-necklace_p0004_2880x2880.png	lilith-ai	PD-own
9226-lilith-ai-products/accessories/9230_gen_products-accessories_chunky-resin-bangle-stack_p0005_1024x1024.png	9226-lilith-ai-products	products	9230	gen_products-accessories_chunky-resin-bangle-stack_p0005		1024	1024	png	982493	9230_gen_products-accessories_chunky-resin-bangle-stack_p0005_1024x1024.png	lilith-ai	PD-own
9226-lilith-ai-products/accessories/9231_gen_products-accessories_cognac-crossbody_p0006_1024x1536.png	9226-lilith-ai-products	products	9231	gen_products-accessories_cognac-crossbody_p0006		1024	1536	png	1826645	9231_gen_products-accessories_cognac-crossbody_p0006_1024x1536.png	lilith-ai	PD-own
9226-lilith-ai-products/accessories/9232_gen_products-accessories_cognac-crossbody_detail_p0006_3840x2160.png	9226-lilith-ai-products	products	9232	gen_products-accessories_cognac-crossbody_detail_p0006		3840	2160	png	12539167	9232_gen_products-accessories_cognac-crossbody_detail_p0006_3840x2160.png	lilith-ai	PD-own
9226-lilith-ai-products/accessories/9233_gen_products-accessories_enamel-pin-set-product_p0007_1024x1024.png	9226-lilith-ai-products	products	9233	gen_products-accessories_enamel-pin-set-product_p0007		1024	1024	png	746232	9233_gen_products-accessories_enamel-pin-set-product_p0007_1024x1024.png	lilith-ai	PD-own
9226-lilith-ai-products/accessories/9234_gen_products-accessories_fuchsia-shoulder-bag_p0008_2160x3840.png	9226-lilith-ai-products	products	9234	gen_products-accessories_fuchsia-shoulder-bag_p0008		2160	3840	png	5861714	9234_gen_products-accessories_fuchsia-shoulder-bag_p0008_2160x3840.png	lilith-ai	PD-own
9226-lilith-ai-products/accessories/9235_gen_products-accessories_kelly-green-mini-tote_p0009_1024x1536.png	9226-lilith-ai-products	products	9235	gen_products-accessories_kelly-green-mini-tote_p0009		1024	1536	png	2090831	9235_gen_products-accessories_kelly-green-mini-tote_p0009_1024x1536.png	lilith-ai	PD-own
9226-lilith-ai-products/accessories/9236_gen_products-accessories_knit-beanie-strawberry_p0010_1024x1536.png	9226-lilith-ai-products	products	9236	gen_products-accessories_knit-beanie-strawberry_p0010		1024	1536	png	1408178	9236_gen_products-accessories_knit-beanie-strawberry_p0010_1024x1536.png	lilith-ai	PD-own
9226-lilith-ai-products/accessories/9237_gen_products-accessories_marigold-statement-belt_p0011_3840x2160.png	9226-lilith-ai-products	products	9237	gen_products-accessories_marigold-statement-belt_p0011		3840	2160	png	3789405	9237_gen_products-accessories_marigold-statement-belt_p0011_3840x2160.png	lilith-ai	PD-own
9226-lilith-ai-products/accessories/9238_gen_products-accessories_merch-canvas-tote_p0012_1152x2048.png	9226-lilith-ai-products	products	9238	gen_products-accessories_merch-canvas-tote_p0012		1152	2048	png	2226196	9238_gen_products-accessories_merch-canvas-tote_p0012_1152x2048.png	lilith-ai	PD-own
9226-lilith-ai-products/accessories/9239_gen_products-accessories_merch-enamel-pins_flat_p0013_2048x1152.png	9226-lilith-ai-products	products	9239	gen_products-accessories_merch-enamel-pins_flat_p0013		2048	1152	png	809995	9239_gen_products-accessories_merch-enamel-pins_flat_p0013_2048x1152.png	lilith-ai	PD-own
9226-lilith-ai-products/accessories/9240_gen_products-accessories_merch-sticker-sheet_flat_p0014_2048x2048.png	9226-lilith-ai-products	products	9240	gen_products-accessories_merch-sticker-sheet_flat_p0014		2048	2048	png	3359469	9240_gen_products-accessories_merch-sticker-sheet_flat_p0014_2048x2048.png	lilith-ai	PD-own
9226-lilith-ai-products/accessories/9241_gen_products-accessories_merch-tote-mug-set_flat_p0015_2048x1152.png	9226-lilith-ai-products	products	9241	gen_products-accessories_merch-tote-mug-set_flat_p0015		2048	1152	png	1694365	9241_gen_products-accessories_merch-tote-mug-set_flat_p0015_2048x1152.png	lilith-ai	PD-own
9226-lilith-ai-products/accessories/9242_gen_products-accessories_merch-tote-tomato-print_p0016_1024x1536.png	9226-lilith-ai-products	products	9242	gen_products-accessories_merch-tote-tomato-print_p0016		1024	1536	png	2443238	9242_gen_products-accessories_merch-tote-tomato-print_p0016_1024x1536.png	lilith-ai	PD-own
9226-lilith-ai-products/accessories/9243_gen_products-accessories_pearl-pendant-asymmetric_p0017_1024x1024.png	9226-lilith-ai-products	products	9243	gen_products-accessories_pearl-pendant-asymmetric_p0017		1024	1024	png	535357	9243_gen_products-accessories_pearl-pendant-asymmetric_p0017_1024x1024.png	lilith-ai	PD-own
9226-lilith-ai-products/accessories/9244_gen_products-accessories_red-butterfly-shield-sunglasses_p0018_3840x2160.png	9226-lilith-ai-products	products	9244	gen_products-accessories_red-butterfly-shield-sunglasses_p0018		3840	2160	png	2972365	9244_gen_products-accessories_red-butterfly-shield-sunglasses_p0018_3840x2160.png	lilith-ai	PD-own
9226-lilith-ai-products/accessories/9245_gen_products-accessories_ruby-croc-bowler-bag_p0019_2160x3840.png	9226-lilith-ai-products	products	9245	gen_products-accessories_ruby-croc-bowler-bag_p0019		2160	3840	png	4851028	9245_gen_products-accessories_ruby-croc-bowler-bag_p0019_2160x3840.png	lilith-ai	PD-own
9226-lilith-ai-products/accessories/9246_gen_products-accessories_ruby-croc-bowler-bag_detail_p0019_3840x2160.png	9226-lilith-ai-products	products	9246	gen_products-accessories_ruby-croc-bowler-bag_detail_p0019		3840	2160	png	10609010	9246_gen_products-accessories_ruby-croc-bowler-bag_detail_p0019_3840x2160.png	lilith-ai	PD-own
9226-lilith-ai-products/accessories/9247_gen_products-accessories_sculptural-gold-hoops_p0020_2880x2880.png	9226-lilith-ai-products	products	9247	gen_products-accessories_sculptural-gold-hoops_p0020		2880	2880	png	3307873	9247_gen_products-accessories_sculptural-gold-hoops_p0020_2880x2880.png	lilith-ai	PD-own
9226-lilith-ai-products/accessories/9248_gen_products-accessories_sticker-pack-flatlay_p0021_1024x1024.png	9226-lilith-ai-products	products	9248	gen_products-accessories_sticker-pack-flatlay_p0021		1024	1024	png	719506	9248_gen_products-accessories_sticker-pack-flatlay_p0021_1024x1024.png	lilith-ai	PD-own
9226-lilith-ai-products/accessories/9249_gen_products-accessories_straw-sun-hat_p0022_2048x2048.png	9226-lilith-ai-products	products	9249	gen_products-accessories_straw-sun-hat_p0022		2048	2048	png	5204073	9249_gen_products-accessories_straw-sun-hat_p0022_2048x2048.png	lilith-ai	PD-own
9226-lilith-ai-products/accessories/9250_gen_products-accessories_straw-sun-hat_p0022_2048x2048.png	9226-lilith-ai-products	products	9250	gen_products-accessories_straw-sun-hat_p0022		2048	2048	png	5351635	9250_gen_products-accessories_straw-sun-hat_p0022_2048x2048.png	lilith-ai	PD-own
9226-lilith-ai-products/accessories/9251_gen_products-accessories_straw-tote-bag-natural_p0023_4096x4096.jpg	9226-lilith-ai-products	products	9251	gen_products-accessories_straw-tote-bag-natural_p0023		4096	4096	jpg	1696112	9251_gen_products-accessories_straw-tote-bag-natural_p0023_4096x4096.jpg	lilith-ai	PD-own
9226-lilith-ai-products/accessories/9252_gen_products-accessories_tomato-statement-earrings_p0024_1024x1024.png	9226-lilith-ai-products	products	9252	gen_products-accessories_tomato-statement-earrings_p0024		1024	1024	png	653244	9252_gen_products-accessories_tomato-statement-earrings_p0024_1024x1024.png	lilith-ai	PD-own
9226-lilith-ai-products/accessories/9253_gen_products-accessories_tortoiseshell-cat-eye-sunglasses_p0025_1536x1024.png	9226-lilith-ai-products	products	9253	gen_products-accessories_tortoiseshell-cat-eye-sunglasses_p0025		1536	1024	png	829748	9253_gen_products-accessories_tortoiseshell-cat-eye-sunglasses_p0025_1536x1024.png	lilith-ai	PD-own
9226-lilith-ai-products/accessories/9254_gen_products-accessories_tote-bag-bookish-merch_p0026_1024x1536.png	9226-lilith-ai-products	products	9254	gen_products-accessories_tote-bag-bookish-merch_p0026		1024	1536	png	2151003	9254_gen_products-accessories_tote-bag-bookish-merch_p0026_1024x1536.png	lilith-ai	PD-own
9226-lilith-ai-products/accessories/9255_gen_products-accessories_weekender-bag-canvas-product_p0027_1536x1024.png	9226-lilith-ai-products	products	9255	gen_products-accessories_weekender-bag-canvas-product_p0027		1536	1024	png	1832115	9255_gen_products-accessories_weekender-bag-canvas-product_p0027_1536x1024.png	lilith-ai	PD-own
9226-lilith-ai-products/accessories/9256_gen_products-accessories_wide-brim-coral-felt-hat_p0028_1024x1536.png	9226-lilith-ai-products	products	9256	gen_products-accessories_wide-brim-coral-felt-hat_p0028		1024	1536	png	1097443	9256_gen_products-accessories_wide-brim-coral-felt-hat_p0028_1024x1536.png	lilith-ai	PD-own
9226-lilith-ai-products/accessories/9257_gen_products-accessories_woven-beach-tote_p0029_1536x2816.png	9226-lilith-ai-products	products	9257	gen_products-accessories_woven-beach-tote_p0029		1536	2816	png	3499847	9257_gen_products-accessories_woven-beach-tote_p0029_1536x2816.png	lilith-ai	PD-own
9226-lilith-ai-products/baby/9258_gen_products-baby_animal-bodysuit-3pack_flat_p0030_4096x4096.jpg	9226-lilith-ai-products	products	9258	gen_products-baby_animal-bodysuit-3pack_flat_p0030		4096	4096	jpg	899059	9258_gen_products-baby_animal-bodysuit-3pack_flat_p0030_4096x4096.jpg	lilith-ai	PD-own
9226-lilith-ai-products/baby/9259_gen_products-baby_bib-multipack-six-prints_flat_p0031_1536x1024.png	9226-lilith-ai-products	products	9259	gen_products-baby_bib-multipack-six-prints_flat_p0031		1536	1024	png	2290093	9259_gen_products-baby_bib-multipack-six-prints_flat_p0031_1536x1024.png	lilith-ai	PD-own
9226-lilith-ai-products/baby/9260_gen_products-baby_blanket-receiving-sun-print_flat_p0032_1024x1024.png	9226-lilith-ai-products	products	9260	gen_products-baby_blanket-receiving-sun-print_flat_p0032		1024	1024	png	1181567	9260_gen_products-baby_blanket-receiving-sun-print_flat_p0032_1024x1024.png	lilith-ai	PD-own
9226-lilith-ai-products/baby/9261_gen_products-baby_burp-cloth-set-four_flat_p0033_1536x1024.png	9226-lilith-ai-products	products	9261	gen_products-baby_burp-cloth-set-four_flat_p0033		1536	1024	png	1550549	9261_gen_products-baby_burp-cloth-set-four_flat_p0033_1536x1024.png	lilith-ai	PD-own
9226-lilith-ai-products/baby/9262_gen_products-baby_cardigan-cream-cable_flat_p0034_1024x1536.png	9226-lilith-ai-products	products	9262	gen_products-baby_cardigan-cream-cable_flat_p0034		1024	1536	png	1593044	9262_gen_products-baby_cardigan-cream-cable_flat_p0034_1024x1536.png	lilith-ai	PD-own
9226-lilith-ai-products/baby/9263_gen_products-baby_coverall-stripe-mustard_flat_p0035_1024x1536.png	9226-lilith-ai-products	products	9263	gen_products-baby_coverall-stripe-mustard_flat_p0035		1024	1536	png	1550901	9263_gen_products-baby_coverall-stripe-mustard_flat_p0035_1024x1536.png	lilith-ai	PD-own
9226-lilith-ai-products/baby/9264_gen_products-baby_footed-sleeper-sky-blue_flat_p0036_3072x5504.jpg	9226-lilith-ai-products	products	9264	gen_products-baby_footed-sleeper-sky-blue_flat_p0036		3072	5504	jpg	1269711	9264_gen_products-baby_footed-sleeper-sky-blue_flat_p0036_3072x5504.jpg	lilith-ai	PD-own
9226-lilith-ai-products/baby/9265_gen_products-baby_footed-sleeper-terracotta-fox_flat_p0037_1024x1536.png	9226-lilith-ai-products	products	9265	gen_products-baby_footed-sleeper-terracotta-fox_flat_p0037		1024	1536	png	1464623	9265_gen_products-baby_footed-sleeper-terracotta-fox_flat_p0037_1024x1536.png	lilith-ai	PD-own
9226-lilith-ai-products/baby/9267_gen_products-baby_kimono-wrap-top-blush_flat_p0039_1024x1536.png	9226-lilith-ai-products	products	9267	gen_products-baby_kimono-wrap-top-blush_flat_p0039		1024	1536	png	1170538	9267_gen_products-baby_kimono-wrap-top-blush_flat_p0039_1024x1536.png	lilith-ai	PD-own
9226-lilith-ai-products/baby/9268_gen_products-baby_knit-hat-mitten-set-blush_flat_p0040_1024x1024.png	9226-lilith-ai-products	products	9268	gen_products-baby_knit-hat-mitten-set-blush_flat_p0040		1024	1024	png	871565	9268_gen_products-baby_knit-hat-mitten-set-blush_flat_p0040_1024x1024.png	lilith-ai	PD-own
9226-lilith-ai-products/baby/9269_gen_products-baby_knit-romper-overalls-sage_flat_p0041_1024x1536.png	9226-lilith-ai-products	products	9269	gen_products-baby_knit-romper-overalls-sage_flat_p0041		1024	1536	png	2114189	9269_gen_products-baby_knit-romper-overalls-sage_flat_p0041_1024x1536.png	lilith-ai	PD-own
9226-lilith-ai-products/baby/9270_gen_products-baby_leggings-fivepack-prints_flat_p0042_1536x1024.png	9226-lilith-ai-products	products	9270	gen_products-baby_leggings-fivepack-prints_flat_p0042		1536	1024	png	1850823	9270_gen_products-baby_leggings-fivepack-prints_flat_p0042_1536x1024.png	lilith-ai	PD-own
9226-lilith-ai-products/baby/9271_gen_products-baby_mustard-fleece-onesie_flat_p0043_1024x1536.png	9226-lilith-ai-products	products	9271	gen_products-baby_mustard-fleece-onesie_flat_p0043		1024	1536	png	2046708	9271_gen_products-baby_mustard-fleece-onesie_flat_p0043_1024x1536.png	lilith-ai	PD-own
9226-lilith-ai-products/baby/9272_gen_products-baby_onesie-multipack-coral-sage-cream_flat_p0044_1024x1024.png	9226-lilith-ai-products	products	9272	gen_products-baby_onesie-multipack-coral-sage-cream_flat_p0044		1024	1024	png	1044070	9272_gen_products-baby_onesie-multipack-coral-sage-cream_flat_p0044_1024x1024.png	lilith-ai	PD-own
9226-lilith-ai-products/baby/9273_gen_products-baby_sleeper-zip-giggle_onmodel_p0045_1024x1536.png	9226-lilith-ai-products	products	9273	gen_products-baby_sleeper-zip-giggle_onmodel_p0045		1024	1536	png	1284824	9273_gen_products-baby_sleeper-zip-giggle_onmodel_p0045_1024x1536.png	lilith-ai	PD-own
9226-lilith-ai-products/baby/9274_gen_products-baby_tutu-dress-twirl_onmodel_p0046_1024x1536.png	9226-lilith-ai-products	products	9274	gen_products-baby_tutu-dress-twirl_onmodel_p0046		1024	1536	png	1070176	9274_gen_products-baby_tutu-dress-twirl_onmodel_p0046_1024x1536.png	lilith-ai	PD-own
9226-lilith-ai-products/baby/9275_gen_products-baby_romper-yellow-gingham_flat_p0047_1024x1536.png	9226-lilith-ai-products	products	9275	gen_products-baby_romper-yellow-gingham_flat_p0047		1024	1536	png	1628847	9275_gen_products-baby_romper-yellow-gingham_flat_p0047_1024x1536.png	lilith-ai	PD-own
9226-lilith-ai-products/baby/9276_gen_products-baby_sleep-sack-sage-bunny_flat_p0048_1024x1536.png	9226-lilith-ai-products	products	9276	gen_products-baby_sleep-sack-sage-bunny_flat_p0048		1024	1536	png	1627893	9276_gen_products-baby_sleep-sack-sage-bunny_flat_p0048_1024x1536.png	lilith-ai	PD-own
9226-lilith-ai-products/baby/9277_gen_products-baby_sun-hat-bucket-floral_flat_p0049_1024x1024.png	9226-lilith-ai-products	products	9277	gen_products-baby_sun-hat-bucket-floral_flat_p0049		1024	1024	png	862773	9277_gen_products-baby_sun-hat-bucket-floral_flat_p0049_1024x1024.png	lilith-ai	PD-own
9226-lilith-ai-products/baby/9278_gen_products-baby_swaddle-set-dusty-blue-stars_flat_p0050_1024x1024.png	9226-lilith-ai-products	products	9278	gen_products-baby_swaddle-set-dusty-blue-stars_flat_p0050		1024	1024	png	1203665	9278_gen_products-baby_swaddle-set-dusty-blue-stars_flat_p0050_1024x1024.png	lilith-ai	PD-own
9226-lilith-ai-products/baby/9279_gen_products-baby_tee-stripe-three-pack_flat_p0051_1536x1024.png	9226-lilith-ai-products	products	9279	gen_products-baby_tee-stripe-three-pack_flat_p0051		1536	1024	png	1317781	9279_gen_products-baby_tee-stripe-three-pack_flat_p0051_1536x1024.png	lilith-ai	PD-own
9226-lilith-ai-products/baby/9280_gen_products-baby_tutu-dress-coral-tulle_flat_p0052_1024x1536.png	9226-lilith-ai-products	products	9280	gen_products-baby_tutu-dress-coral-tulle_flat_p0052		1024	1536	png	1393245	9280_gen_products-baby_tutu-dress-coral-tulle_flat_p0052_1024x1536.png	lilith-ai	PD-own
9226-lilith-ai-products/baby/9281_gen_products-baby_kids-rainbow-stripe-romper_flat_p0053_1024x1536.png	9226-lilith-ai-products	products	9281	gen_products-baby_kids-rainbow-stripe-romper_flat_p0053		1024	1536	png	2043118	9281_gen_products-baby_kids-rainbow-stripe-romper_flat_p0053_1024x1536.png	lilith-ai	PD-own
9226-lilith-ai-products/baby/9282_gen_products-baby_kids-ruffle-floral-dress-teal_flat_p0054_2880x2880.png	9226-lilith-ai-products	products	9282	gen_products-baby_kids-ruffle-floral-dress-teal_flat_p0054		2880	2880	png	6030220	9282_gen_products-baby_kids-ruffle-floral-dress-teal_flat_p0054_2880x2880.png	lilith-ai	PD-own
9226-lilith-ai-products/beauty/9283_gen_products-beauty_auremor_feature_p0055_1024x1536.png	9226-lilith-ai-products	products	9283	gen_products-beauty_auremor_feature_p0055		1024	1536	png	582655	9283_gen_products-beauty_auremor_feature_p0055_1024x1536.png	lilith-ai	PD-own
9226-lilith-ai-products/beauty/9284_gen_products-beauty_auremor-brand-set_flat_p0056_1536x1024.png	9226-lilith-ai-products	products	9284	gen_products-beauty_auremor-brand-set_flat_p0056		1536	1024	png	975900	9284_gen_products-beauty_auremor-brand-set_flat_p0056_1536x1024.png	lilith-ai	PD-own
9226-lilith-ai-products/beauty/9285_gen_products-beauty_auremor-lip-oil_p0057_1024x1024.png	9226-lilith-ai-products	products	9285	gen_products-beauty_auremor-lip-oil_p0057		1024	1024	png	404539	9285_gen_products-beauty_auremor-lip-oil_p0057_1024x1024.png	lilith-ai	PD-own
9226-lilith-ai-products/beauty/9286_gen_products-beauty_auremor-retinol-back_ingredients_p0058_1024x1536.png	9226-lilith-ai-products	products	9286	gen_products-beauty_auremor-retinol-back_ingredients_p0058		1024	1536	png	1025850	9286_gen_products-beauty_auremor-retinol-back_ingredients_p0058_1024x1536.png	lilith-ai	PD-own
9226-lilith-ai-products/beauty/9287_gen_products-beauty_auremor-retinol-night-serum_p0059_1024x1536.png	9226-lilith-ai-products	products	9287	gen_products-beauty_auremor-retinol-night-serum_p0059		1024	1536	png	767491	9287_gen_products-beauty_auremor-retinol-night-serum_p0059_1024x1536.png	lilith-ai	PD-own
9226-lilith-ai-products/beauty/9288_gen_products-beauty_auremor-solid-perfume-compact_p0060_1024x1024.png	9226-lilith-ai-products	products	9288	gen_products-beauty_auremor-solid-perfume-compact_p0060		1024	1024	png	533607	9288_gen_products-beauty_auremor-solid-perfume-compact_p0060_1024x1024.png	lilith-ai	PD-own
9226-lilith-ai-products/beauty/9289_gen_products-beauty_bryn-birch_feature_p0061_1024x1536.png	9226-lilith-ai-products	products	9289	gen_products-beauty_bryn-birch_feature_p0061		1024	1536	png	774009	9289_gen_products-beauty_bryn-birch_feature_p0061_1024x1536.png	lilith-ai	PD-own
9226-lilith-ai-products/beauty/9290_gen_products-beauty_bryn-birch-beard-oil_p0062_1024x1536.png	9226-lilith-ai-products	products	9290	gen_products-beauty_bryn-birch-beard-oil_p0062		1024	1536	png	916076	9290_gen_products-beauty_bryn-birch-beard-oil_p0062_1024x1536.png	lilith-ai	PD-own
9226-lilith-ai-products/beauty/9291_gen_products-beauty_bryn-birch-beard-oil-back_ingredients_p0062_1024x1536.png	9226-lilith-ai-products	products	9291	gen_products-beauty_bryn-birch-beard-oil-back_ingredients_p0062		1024	1536	png	882350	9291_gen_products-beauty_bryn-birch-beard-oil-back_ingredients_p0062_1024x1536.png	lilith-ai	PD-own
9226-lilith-ai-products/beauty/9292_gen_products-beauty_bryn-birch-brand-set_flat_p0063_1536x1024.png	9226-lilith-ai-products	products	9292	gen_products-beauty_bryn-birch-brand-set_flat_p0063		1536	1024	png	1217451	9292_gen_products-beauty_bryn-birch-brand-set_flat_p0063_1536x1024.png	lilith-ai	PD-own
9226-lilith-ai-products/beauty/9293_gen_products-beauty_bryn-birch-charcoal-clay-mask_p0064_1024x1024.png	9226-lilith-ai-products	products	9293	gen_products-beauty_bryn-birch-charcoal-clay-mask_p0064		1024	1024	png	743147	9293_gen_products-beauty_bryn-birch-charcoal-clay-mask_p0064_1024x1024.png	lilith-ai	PD-own
9226-lilith-ai-products/beauty/9294_gen_products-beauty_bryn-birch-scalp-hair-oil_p0065_1024x1536.png	9226-lilith-ai-products	products	9294	gen_products-beauty_bryn-birch-scalp-hair-oil_p0065		1024	1536	png	800113	9294_gen_products-beauty_bryn-birch-scalp-hair-oil_p0065_1024x1536.png	lilith-ai	PD-own
9226-lilith-ai-products/beauty/9295_gen_products-beauty_ceramic-cream-jar_spec_p0066_1024x1536.png	9226-lilith-ai-products	products	9295	gen_products-beauty_ceramic-cream-jar_spec_p0066		1024	1536	png	527709	9295_gen_products-beauty_ceramic-cream-jar_spec_p0066_1024x1536.png	lilith-ai	PD-own
9226-lilith-ai-products/beauty/9296_gen_products-beauty_dewmark_feature_p0067_1024x1536.png	9226-lilith-ai-products	products	9296	gen_products-beauty_dewmark_feature_p0067		1024	1536	png	598388	9296_gen_products-beauty_dewmark_feature_p0067_1024x1536.png	lilith-ai	PD-own
9226-lilith-ai-products/beauty/9297_gen_products-beauty_dewmark-aqua-peptide-back_ingredients_p0068_1024x1536.png	9226-lilith-ai-products	products	9297	gen_products-beauty_dewmark-aqua-peptide-back_ingredients_p0068		1024	1536	png	1210330	9297_gen_products-beauty_dewmark-aqua-peptide-back_ingredients_p0068_1024x1536.png	lilith-ai	PD-own
9226-lilith-ai-products/beauty/9298_gen_products-beauty_dewmark-aqua-peptide-gel-cream_p0069_1024x1024.png	9226-lilith-ai-products	products	9298	gen_products-beauty_dewmark-aqua-peptide-gel-cream_p0069		1024	1024	png	645518	9298_gen_products-beauty_dewmark-aqua-peptide-gel-cream_p0069_1024x1024.png	lilith-ai	PD-own
9226-lilith-ai-products/beauty/9299_gen_products-beauty_dewmark-brand-set_flat_p0070_1536x1024.png	9226-lilith-ai-products	products	9299	gen_products-beauty_dewmark-brand-set_flat_p0070		1536	1024	png	873606	9299_gen_products-beauty_dewmark-brand-set_flat_p0070_1536x1024.png	lilith-ai	PD-own
9226-lilith-ai-products/beauty/9300_gen_products-beauty_dewmark-glass-mist-setting-spray_p0071_1024x1536.png	9226-lilith-ai-products	products	9300	gen_products-beauty_dewmark-glass-mist-setting-spray_p0071		1024	1536	png	543921	9300_gen_products-beauty_dewmark-glass-mist-setting-spray_p0071_1024x1536.png	lilith-ai	PD-own
9226-lilith-ai-products/beauty/9301_gen_products-beauty_dewmark-micellar-cleansing-water_p0072_1024x1536.png	9226-lilith-ai-products	products	9301	gen_products-beauty_dewmark-micellar-cleansing-water_p0072		1024	1536	png	654715	9301_gen_products-beauty_dewmark-micellar-cleansing-water_p0072_1024x1536.png	lilith-ai	PD-own
9226-lilith-ai-products/beauty/9302_gen_products-beauty_florwell_feature_p0073_1536x1024.png	9226-lilith-ai-products	products	9302	gen_products-beauty_florwell_feature_p0073		1536	1024	png	946504	9302_gen_products-beauty_florwell_feature_p0073_1536x1024.png	lilith-ai	PD-own
9226-lilith-ai-products/beauty/9303_gen_products-beauty_florwell-bath-soak-back_ingredients_p0074_1024x1536.png	9226-lilith-ai-products	products	9303	gen_products-beauty_florwell-bath-soak-back_ingredients_p0074		1024	1536	png	1565062	9303_gen_products-beauty_florwell-bath-soak-back_ingredients_p0074_1024x1536.png	lilith-ai	PD-own
9226-lilith-ai-products/beauty/9304_gen_products-beauty_florwell-botanical-body-wash_p0075_1024x1536.png	9226-lilith-ai-products	products	9304	gen_products-beauty_florwell-botanical-body-wash_p0075		1024	1536	png	896154	9304_gen_products-beauty_florwell-botanical-body-wash_p0075_1024x1536.png	lilith-ai	PD-own
9226-lilith-ai-products/beauty/9305_gen_products-beauty_florwell-brand-set_flat_p0076_1536x1024.png	9226-lilith-ai-products	products	9305	gen_products-beauty_florwell-brand-set_flat_p0076		1536	1024	png	1305480	9305_gen_products-beauty_florwell-brand-set_flat_p0076_1536x1024.png	lilith-ai	PD-own
9226-lilith-ai-products/beauty/9306_gen_products-beauty_florwell-mineral-bath-soak_p0077_1024x1024.png	9226-lilith-ai-products	products	9306	gen_products-beauty_florwell-mineral-bath-soak_p0077		1024	1024	png	760126	9306_gen_products-beauty_florwell-mineral-bath-soak_p0077_1024x1024.png	lilith-ai	PD-own
9226-lilith-ai-products/beauty/9307_gen_products-beauty_florwell-rose-oat-bar-soap_p0078_1024x1024.png	9226-lilith-ai-products	products	9307	gen_products-beauty_florwell-rose-oat-bar-soap_p0078		1024	1024	png	980531	9307_gen_products-beauty_florwell-rose-oat-bar-soap_p0078_1024x1024.png	lilith-ai	PD-own
9226-lilith-ai-products/beauty/9308_gen_products-beauty_ingredients-back-rosehip-oil_ingredients_p0079_1024x1536.png	9226-lilith-ai-products	products	9308	gen_products-beauty_ingredients-back-rosehip-oil_ingredients_p0079		1024	1536	png	2064401	9308_gen_products-beauty_ingredients-back-rosehip-oil_ingredients_p0079_1024x1536.png	lilith-ai	PD-own
9226-lilith-ai-products/beauty/9309_gen_products-beauty_lip-balm-trio-product_p0080_1536x1024.png	9226-lilith-ai-products	products	9309	gen_products-beauty_lip-balm-trio-product_p0080		1536	1024	png	1257080	9309_gen_products-beauty_lip-balm-trio-product_p0080_1536x1024.png	lilith-ai	PD-own
9226-lilith-ai-products/beauty/9310_gen_products-beauty_lip-mask-pot-overnight_p0081_1024x1024.png	9226-lilith-ai-products	products	9310	gen_products-beauty_lip-mask-pot-overnight_p0081		1024	1024	png	619827	9310_gen_products-beauty_lip-mask-pot-overnight_p0081_1024x1024.png	lilith-ai	PD-own
9226-lilith-ai-products/beauty/9311_gen_products-beauty_makeup-brush-set_flat_p0082_1536x1024.png	9226-lilith-ai-products	products	9311	gen_products-beauty_makeup-brush-set_flat_p0082		1536	1024	png	763342	9311_gen_products-beauty_makeup-brush-set_flat_p0082_1536x1024.png	lilith-ai	PD-own
9226-lilith-ai-products/beauty/9312_gen_products-beauty_makeup-sponge-pair_p0083_1536x1024.png	9226-lilith-ai-products	products	9312	gen_products-beauty_makeup-sponge-pair_p0083		1536	1024	png	946800	9312_gen_products-beauty_makeup-sponge-pair_p0083_1536x1024.png	lilith-ai	PD-own
9226-lilith-ai-products/beauty/9313_gen_products-beauty_moisturizer-back-sage_ingredients_p0084_2048x2048.png	9226-lilith-ai-products	products	9313	gen_products-beauty_moisturizer-back-sage_ingredients_p0084		2048	2048	png	2990592	9313_gen_products-beauty_moisturizer-back-sage_ingredients_p0084_2048x2048.png	lilith-ai	PD-own
9226-lilith-ai-products/beauty/9314_gen_products-beauty_skin-cleanser_p0085_2048x2048.jpg	9226-lilith-ai-products	products	9314	gen_products-beauty_skin-cleanser_p0085		2048	2048	jpg	161720	9314_gen_products-beauty_skin-cleanser_p0085_2048x2048.jpg	lilith-ai	PD-own
9226-lilith-ai-products/beauty/9315_gen_products-beauty_tintwell_feature_p0086_1024x1536.png	9226-lilith-ai-products	products	9315	gen_products-beauty_tintwell_feature_p0086		1024	1536	png	631357	9315_gen_products-beauty_tintwell_feature_p0086_1024x1536.png	lilith-ai	PD-own
9226-lilith-ai-products/beauty/9316_gen_products-beauty_tintwell-brand-set_flat_p0087_1536x1024.png	9226-lilith-ai-products	products	9316	gen_products-beauty_tintwell-brand-set_flat_p0087		1536	1024	png	1111157	9316_gen_products-beauty_tintwell-brand-set_flat_p0087_1536x1024.png	lilith-ai	PD-own
9226-lilith-ai-products/beauty/9317_gen_products-beauty_tintwell-cheek-lip-tint-back_ingredients_p0088_1024x1536.png	9226-lilith-ai-products	products	9317	gen_products-beauty_tintwell-cheek-lip-tint-back_ingredients_p0088		1024	1536	png	841715	9317_gen_products-beauty_tintwell-cheek-lip-tint-back_ingredients_p0088_1024x1536.png	lilith-ai	PD-own
9226-lilith-ai-products/beauty/9318_gen_products-beauty_tintwell-cheek-lip-tint-stick_p0089_1024x1024.png	9226-lilith-ai-products	products	9318	gen_products-beauty_tintwell-cheek-lip-tint-stick_p0089		1024	1024	png	401575	9318_gen_products-beauty_tintwell-cheek-lip-tint-stick_p0089_1024x1024.png	lilith-ai	PD-own
9226-lilith-ai-products/beauty/9319_gen_products-beauty_tintwell-nail-polish-duo_p0090_1536x1024.png	9226-lilith-ai-products	products	9319	gen_products-beauty_tintwell-nail-polish-duo_p0090		1536	1024	png	692967	9319_gen_products-beauty_tintwell-nail-polish-duo_p0090_1536x1024.png	lilith-ai	PD-own
9226-lilith-ai-products/beauty/9320_gen_products-beauty_tintwell-tinted-brow-gel_p0091_1024x1024.png	9226-lilith-ai-products	products	9320	gen_products-beauty_tintwell-tinted-brow-gel_p0091		1024	1024	png	446025	9320_gen_products-beauty_tintwell-tinted-brow-gel_p0091_1024x1024.png	lilith-ai	PD-own
9226-lilith-ai-products/beauty/9321_gen_products-beauty_veraloe_feature_p0092_1024x1536.png	9226-lilith-ai-products	products	9321	gen_products-beauty_veraloe_feature_p0092		1024	1536	png	833300	9321_gen_products-beauty_veraloe_feature_p0092_1024x1536.png	lilith-ai	PD-own
9226-lilith-ai-products/beauty/9322_gen_products-beauty_veraloe-after-sun-back_ingredients_p0093_1024x1536.png	9226-lilith-ai-products	products	9322	gen_products-beauty_veraloe-after-sun-back_ingredients_p0093		1024	1536	png	984151	9322_gen_products-beauty_veraloe-after-sun-back_ingredients_p0093_1024x1536.png	lilith-ai	PD-own
9226-lilith-ai-products/beauty/9323_gen_products-beauty_veraloe-after-sun-aloe-gel_p0094_1024x1536.png	9226-lilith-ai-products	products	9323	gen_products-beauty_veraloe-after-sun-aloe-gel_p0094		1024	1536	png	814414	9323_gen_products-beauty_veraloe-after-sun-aloe-gel_p0094_1024x1536.png	lilith-ai	PD-own
9226-lilith-ai-products/beauty/9324_gen_products-beauty_veraloe-brand-set_flat_p0095_1536x1024.png	9226-lilith-ai-products	products	9324	gen_products-beauty_veraloe-brand-set_flat_p0095		1536	1024	png	1058680	9324_gen_products-beauty_veraloe-brand-set_flat_p0095_1536x1024.png	lilith-ai	PD-own
9226-lilith-ai-products/beauty/9325_gen_products-beauty_veraloe-nourishing-hand-cream_p0096_1024x1024.png	9226-lilith-ai-products	products	9325	gen_products-beauty_veraloe-nourishing-hand-cream_p0096		1024	1024	png	555557	9325_gen_products-beauty_veraloe-nourishing-hand-cream_p0096_1024x1024.png	lilith-ai	PD-own
9226-lilith-ai-products/beauty/9326_gen_products-beauty_veraloe-whipped-body-butter_p0097_1024x1024.png	9226-lilith-ai-products	products	9326	gen_products-beauty_veraloe-whipped-body-butter_p0097		1024	1024	png	637763	9326_gen_products-beauty_veraloe-whipped-body-butter_p0097_1024x1024.png	lilith-ai	PD-own
9226-lilith-ai-products/beverages/9327_gen_products-beverages_blackpine-cold-brew-can_p0098_1024x1536.png	9226-lilith-ai-products	products	9327	gen_products-beverages_blackpine-cold-brew-can_p0098		1024	1536	png	1296817	9327_gen_products-beverages_blackpine-cold-brew-can_p0098_1024x1536.png	lilith-ai	PD-own
9226-lilith-ai-products/beverages/9328_gen_products-beverages_blackpine-vanilla-latte-canned-coffee_p0099_1024x1536.png	9226-lilith-ai-products	products	9328	gen_products-beverages_blackpine-vanilla-latte-canned-coffee_p0099		1024	1536	png	1247772	9328_gen_products-beverages_blackpine-vanilla-latte-canned-coffee_p0099_1024x1536.png	lilith-ai	PD-own
9226-lilith-ai-products/beverages/9329_gen_products-beverages_citrine-grapefruit-sparkling-water-can_p0100_1024x1536.png	9226-lilith-ai-products	products	9329	gen_products-beverages_citrine-grapefruit-sparkling-water-can_p0100		1024	1536	png	1212065	9329_gen_products-beverages_citrine-grapefruit-sparkling-water-can_p0100_1024x1536.png	lilith-ai	PD-own
9226-lilith-ai-products/beverages/9330_gen_products-beverages_citrine-spring-water-bottle_p0101_1024x1536.png	9226-lilith-ai-products	products	9330	gen_products-beverages_citrine-spring-water-bottle_p0101		1024	1536	png	695426	9330_gen_products-beverages_citrine-spring-water-bottle_p0101_1024x1536.png	lilith-ai	PD-own
9226-lilith-ai-products/beverages/9331_gen_products-beverages_drypine-classic-tonic-water-bottle_p0102_1024x1536.png	9226-lilith-ai-products	products	9331	gen_products-beverages_drypine-classic-tonic-water-bottle_p0102		1024	1536	png	948610	9331_gen_products-beverages_drypine-classic-tonic-water-bottle_p0102_1024x1536.png	lilith-ai	PD-own
9226-lilith-ai-products/beverages/9332_gen_products-beverages_drypine-club-soda-mixer-can_p0103_1024x1536.png	9226-lilith-ai-products	products	9332	gen_products-beverages_drypine-club-soda-mixer-can_p0103		1024	1536	png	988362	9332_gen_products-beverages_drypine-club-soda-mixer-can_p0103_1024x1536.png	lilith-ai	PD-own
9226-lilith-ai-products/beverages/9333_gen_products-beverages_fieldfuel-blue-raspberry-sports-drink-bottle_p0104_1024x1536.png	9226-lilith-ai-products	products	9333	gen_products-beverages_fieldfuel-blue-raspberry-sports-drink-bottle_p0104		1024	1536	png	1064839	9333_gen_products-beverages_fieldfuel-blue-raspberry-sports-drink-bottle_p0104_1024x1536.png	lilith-ai	PD-own
9226-lilith-ai-products/beverages/9334_gen_products-beverages_fizzwell-cola-soda-can_p0105_1024x1536.png	9226-lilith-ai-products	products	9334	gen_products-beverages_fizzwell-cola-soda-can_p0105		1024	1536	png	1348293	9334_gen_products-beverages_fizzwell-cola-soda-can_p0105_1024x1536.png	lilith-ai	PD-own
9226-lilith-ai-products/beverages/9335_gen_products-beverages_greenmeadow-mango-smoothie-bottle_p0106_1024x1536.png	9226-lilith-ai-products	products	9335	gen_products-beverages_greenmeadow-mango-smoothie-bottle_p0106		1024	1536	png	1025580	9335_gen_products-beverages_greenmeadow-mango-smoothie-bottle_p0106_1024x1536.png	lilith-ai	PD-own
9226-lilith-ai-products/beverages/9336_gen_products-beverages_harvest-lane-black-cherry-hard-seltzer-can_p0107_1024x1536.png	9226-lilith-ai-products	products	9336	gen_products-beverages_harvest-lane-black-cherry-hard-seltzer-can_p0107		1024	1536	png	1080352	9336_gen_products-beverages_harvest-lane-black-cherry-hard-seltzer-can_p0107_1024x1536.png	lilith-ai	PD-own
9226-lilith-ai-products/beverages/9337_gen_products-beverages_ironhart-amber-lager-bottle_p0108_1024x1536.png	9226-lilith-ai-products	products	9337	gen_products-beverages_ironhart-amber-lager-bottle_p0108		1024	1536	png	1028176	9337_gen_products-beverages_ironhart-amber-lager-bottle_p0108_1024x1536.png	lilith-ai	PD-own
9226-lilith-ai-products/beverages/9338_gen_products-beverages_ironhart-citra-ipa-craft-beer-can_p0109_1024x1536.png	9226-lilith-ai-products	products	9338	gen_products-beverages_ironhart-citra-ipa-craft-beer-can_p0109		1024	1536	png	1208130	9338_gen_products-beverages_ironhart-citra-ipa-craft-beer-can_p0109_1024x1536.png	lilith-ai	PD-own
9226-lilith-ai-products/beverages/9339_gen_products-beverages_lumiera-prosecco-bottle_p0110_1024x1536.png	9226-lilith-ai-products	products	9339	gen_products-beverages_lumiera-prosecco-bottle_p0110		1024	1536	png	840635	9339_gen_products-beverages_lumiera-prosecco-bottle_p0110_1024x1536.png	lilith-ai	PD-own
9226-lilith-ai-products/beverages/9340_gen_products-beverages_meadowmilk-almond-milk-bottle_p0111_1024x1536.png	9226-lilith-ai-products	products	9340	gen_products-beverages_meadowmilk-almond-milk-bottle_p0111		1024	1536	png	931207	9340_gen_products-beverages_meadowmilk-almond-milk-bottle_p0111_1024x1536.png	lilith-ai	PD-own
9226-lilith-ai-products/beverages/9341_gen_products-beverages_meadowmilk-oat-milk-carton_p0112_1024x1536.png	9226-lilith-ai-products	products	9341	gen_products-beverages_meadowmilk-oat-milk-carton_p0112		1024	1536	png	1037154	9341_gen_products-beverages_meadowmilk-oat-milk-carton_p0112_1024x1536.png	lilith-ai	PD-own
9226-lilith-ai-products/beverages/9342_gen_products-beverages_meadowmilk-vanilla-oat-milk-carton_p0113_1024x1536.png	9226-lilith-ai-products	products	9342	gen_products-beverages_meadowmilk-vanilla-oat-milk-carton_p0113		1024	1536	png	856799	9342_gen_products-beverages_meadowmilk-vanilla-oat-milk-carton_p0113_1024x1536.png	lilith-ai	PD-own
9226-lilith-ai-products/beverages/9343_gen_products-beverages_mossfield-peach-iced-tea-bottle_p0114_1024x1536.png	9226-lilith-ai-products	products	9343	gen_products-beverages_mossfield-peach-iced-tea-bottle_p0114		1024	1536	png	1039723	9343_gen_products-beverages_mossfield-peach-iced-tea-bottle_p0114_1024x1536.png	lilith-ai	PD-own
9226-lilith-ai-products/beverages/9344_gen_products-beverages_orchardmark-cloudy-apple-juice-bottle_p0115_1024x1536.png	9226-lilith-ai-products	products	9344	gen_products-beverages_orchardmark-cloudy-apple-juice-bottle_p0115		1024	1536	png	847462	9344_gen_products-beverages_orchardmark-cloudy-apple-juice-bottle_p0115_1024x1536.png	lilith-ai	PD-own
9226-lilith-ai-products/beverages/9345_gen_products-beverages_pulsewater-watermelon-electrolyte-bottle_p0116_1024x1536.png	9226-lilith-ai-products	products	9345	gen_products-beverages_pulsewater-watermelon-electrolyte-bottle_p0116		1024	1536	png	1122570	9345_gen_products-beverages_pulsewater-watermelon-electrolyte-bottle_p0116_1024x1536.png	lilith-ai	PD-own
9226-lilith-ai-products/beverages/9346_gen_products-beverages_sunpitcher-classic-lemonade-carton_p0117_1024x1536.png	9226-lilith-ai-products	products	9346	gen_products-beverages_sunpitcher-classic-lemonade-carton_p0117		1024	1536	png	1042770	9346_gen_products-beverages_sunpitcher-classic-lemonade-carton_p0117_1024x1536.png	lilith-ai	PD-own
9226-lilith-ai-products/beverages/9347_gen_products-beverages_valdimora-cabernet-red-wine-bottle_p0118_1024x1536.png	9226-lilith-ai-products	products	9347	gen_products-beverages_valdimora-cabernet-red-wine-bottle_p0118		1024	1536	png	647831	9347_gen_products-beverages_valdimora-cabernet-red-wine-bottle_p0118_1024x1536.png	lilith-ai	PD-own
9226-lilith-ai-products/beverages/9348_gen_products-beverages_valdimora-sauvignon-blanc-white-wine-bottle_p0119_1024x1536.png	9226-lilith-ai-products	products	9348	gen_products-beverages_valdimora-sauvignon-blanc-white-wine-bottle_p0119		1024	1536	png	843253	9348_gen_products-beverages_valdimora-sauvignon-blanc-white-wine-bottle_p0119_1024x1536.png	lilith-ai	PD-own
9226-lilith-ai-products/beverages/9349_gen_products-beverages_voltbeam-tropical-energy-drink-can_p0120_1024x1536.png	9226-lilith-ai-products	products	9349	gen_products-beverages_voltbeam-tropical-energy-drink-can_p0120		1024	1536	png	1231847	9349_gen_products-beverages_voltbeam-tropical-energy-drink-can_p0120_1024x1536.png	lilith-ai	PD-own
9226-lilith-ai-products/beverages/9350_gen_products-beverages_wildferment-ginger-beer-bottle_p0121_1024x1536.png	9226-lilith-ai-products	products	9350	gen_products-beverages_wildferment-ginger-beer-bottle_p0121		1024	1536	png	1216361	9350_gen_products-beverages_wildferment-ginger-beer-bottle_p0121_1024x1536.png	lilith-ai	PD-own
9226-lilith-ai-products/beverages/9351_gen_products-beverages_wildferment-ginger-kombucha-bottle_p0122_1024x1536.png	9226-lilith-ai-products	products	9351	gen_products-beverages_wildferment-ginger-kombucha-bottle_p0122		1024	1536	png	1018150	9351_gen_products-beverages_wildferment-ginger-kombucha-bottle_p0122_1024x1536.png	lilith-ai	PD-own
9226-lilith-ai-products/clothing/fabric-textures/9352_gen_products-clothing-fabric-textures_swatch-buffalo-check-flannel_p0123_2048x2048.png	9226-lilith-ai-products	products	9352	gen_products-clothing-fabric-textures_swatch-buffalo-check-flannel_p0123		2048	2048	png	8820596	9352_gen_products-clothing-fabric-textures_swatch-buffalo-check-flannel_p0123_2048x2048.png	lilith-ai	PD-own
9226-lilith-ai-products/clothing/fabric-textures/9353_gen_products-clothing-fabric-textures_swatch-rust-ripstop-nylon_p0124_4096x4096.jpg	9226-lilith-ai-products	products	9353	gen_products-clothing-fabric-textures_swatch-rust-ripstop-nylon_p0124		4096	4096	jpg	15562015	9353_gen_products-clothing-fabric-textures_swatch-rust-ripstop-nylon_p0124_4096x4096.jpg	lilith-ai	PD-own
9226-lilith-ai-products/clothing/fabric-textures/9354_gen_products-clothing-fabric-textures_swatch-tan-full-grain-leather_p0125_4096x4096.jpg	9226-lilith-ai-products	products	9354	gen_products-clothing-fabric-textures_swatch-tan-full-grain-leather_p0125		4096	4096	jpg	15876630	9354_gen_products-clothing-fabric-textures_swatch-tan-full-grain-leather_p0125_4096x4096.jpg	lilith-ai	PD-own
9226-lilith-ai-products/clothing/fabric-textures/9355_gen_products-clothing-fabric-textures_swatch-teal-merino-ribbed_p0126_4096x4096.jpg	9226-lilith-ai-products	products	9355	gen_products-clothing-fabric-textures_swatch-teal-merino-ribbed_p0126		4096	4096	jpg	14835560	9355_gen_products-clothing-fabric-textures_swatch-teal-merino-ribbed_p0126_4096x4096.jpg	lilith-ai	PD-own
9226-lilith-ai-products/clothing/fabric-textures/9356_gen_products-clothing-fabric-textures_texture-emerald-velvet_detail_p0127_3840x2160.png	9226-lilith-ai-products	products	9356	gen_products-clothing-fabric-textures_texture-emerald-velvet_detail_p0127		3840	2160	png	12916221	9356_gen_products-clothing-fabric-textures_texture-emerald-velvet_detail_p0127_3840x2160.png	lilith-ai	PD-own
9226-lilith-ai-products/clothing/fabric-textures/9357_gen_products-clothing-fabric-textures_texture-magenta-leopard-sequin_detail_p0128_3840x2160.png	9226-lilith-ai-products	products	9357	gen_products-clothing-fabric-textures_texture-magenta-leopard-sequin_detail_p0128		3840	2160	png	13422335	9357_gen_products-clothing-fabric-textures_texture-magenta-leopard-sequin_detail_p0128_3840x2160.png	lilith-ai	PD-own
9226-lilith-ai-products/clothing/fabric-textures/9358_gen_products-clothing-fabric-textures_texture-white-faux-fur_detail_p0129_3840x2160.png	9226-lilith-ai-products	products	9358	gen_products-clothing-fabric-textures_texture-white-faux-fur_detail_p0129		3840	2160	png	10527109	9358_gen_products-clothing-fabric-textures_texture-white-faux-fur_detail_p0129_3840x2160.png	lilith-ai	PD-own
9226-lilith-ai-products/clothing/kids/9359_gen_products-clothing-kids_baby-onmodel-overalls-walking-smile_onmodel_p0130_1024x1536.png	9226-lilith-ai-products	products	9359	gen_products-clothing-kids_baby-onmodel-overalls-walking-smile_onmodel_p0130		1024	1536	png	1859690	9359_gen_products-clothing-kids_baby-onmodel-overalls-walking-smile_onmodel_p0130_1024x1536.png	lilith-ai	PD-own
9226-lilith-ai-products/clothing/kids/9360_gen_products-clothing-kids_baby-overalls-denim-light-wash_flat_p0131_1024x1536.png	9226-lilith-ai-products	products	9360	gen_products-clothing-kids_baby-overalls-denim-light-wash_flat_p0131		1024	1536	png	2474062	9360_gen_products-clothing-kids_baby-overalls-denim-light-wash_flat_p0131_1024x1536.png	lilith-ai	PD-own
9226-lilith-ai-products/clothing/kids/9361_gen_products-clothing-kids_footwear-kids-velcro-sneaker-coral_p0132_1536x1024.png	9226-lilith-ai-products	products	9361	gen_products-clothing-kids_footwear-kids-velcro-sneaker-coral_p0132		1536	1024	png	1640309	9361_gen_products-clothing-kids_footwear-kids-velcro-sneaker-coral_p0132_1536x1024.png	lilith-ai	PD-own
9226-lilith-ai-products/clothing/kids/9362_gen_products-clothing-kids_footwear-womens-ballet-flat-blush_p0133_1536x1024.png	9226-lilith-ai-products	products	9362	gen_products-clothing-kids_footwear-womens-ballet-flat-blush_p0133		1536	1024	png	957795	9362_gen_products-clothing-kids_footwear-womens-ballet-flat-blush_p0133_1536x1024.png	lilith-ai	PD-own
9226-lilith-ai-products/clothing/kids/9363_gen_products-clothing-kids_baby-romper_flat_p0134_1024x1024.png	9226-lilith-ai-products	products	9363	gen_products-clothing-kids_baby-romper_flat_p0134		1024	1024	png	1100118	9363_gen_products-clothing-kids_baby-romper_flat_p0134_1024x1024.png	lilith-ai	PD-own
9226-lilith-ai-products/clothing/kids/9364_gen_products-clothing-kids_bomber-jacket-teal_ghost_p0135_1024x1536.png	9226-lilith-ai-products	products	9364	gen_products-clothing-kids_bomber-jacket-teal_ghost_p0135		1024	1536	png	1255163	9364_gen_products-clothing-kids_bomber-jacket-teal_ghost_p0135_1024x1536.png	lilith-ai	PD-own
9226-lilith-ai-products/clothing/kids/9365_gen_products-clothing-kids_cardigan-blush_onmodel_p0136_1024x1536.png	9226-lilith-ai-products	products	9365	gen_products-clothing-kids_cardigan-blush_onmodel_p0136		1024	1536	png	1679475	9365_gen_products-clothing-kids_cardigan-blush_onmodel_p0136_1024x1536.png	lilith-ai	PD-own
9226-lilith-ai-products/clothing/kids/9366_gen_products-clothing-kids_cherry-print-overalls_onmodel_p0137_1024x1536.png	9226-lilith-ai-products	products	9366	gen_products-clothing-kids_cherry-print-overalls_onmodel_p0137		1024	1536	png	1394123	9366_gen_products-clothing-kids_cherry-print-overalls_onmodel_p0137_1024x1536.png	lilith-ai	PD-own
9226-lilith-ai-products/clothing/kids/9367_gen_products-clothing-kids_citrus-rain-jacket_ghost_p0138_1024x1536.png	9226-lilith-ai-products	products	9367	gen_products-clothing-kids_citrus-rain-jacket_ghost_p0138		1024	1536	png	975053	9367_gen_products-clothing-kids_citrus-rain-jacket_ghost_p0138_1024x1536.png	lilith-ai	PD-own
9226-lilith-ai-products/clothing/kids/9368_gen_products-clothing-kids_denim-overalls-mid-wash_onmodel_p0139_3072x5504.jpg	9226-lilith-ai-products	products	9368	gen_products-clothing-kids_denim-overalls-mid-wash_onmodel_p0139		3072	5504	jpg	8405889	9368_gen_products-clothing-kids_denim-overalls-mid-wash_onmodel_p0139_3072x5504.jpg	lilith-ai	PD-own
9226-lilith-ai-products/clothing/kids/9369_gen_products-clothing-kids_dino-pajama-set_flat_p0140_1536x1024.png	9226-lilith-ai-products	products	9369	gen_products-clothing-kids_dino-pajama-set_flat_p0140		1536	1024	png	791731	9369_gen_products-clothing-kids_dino-pajama-set_flat_p0140_1536x1024.png	lilith-ai	PD-own
9226-lilith-ai-products/clothing/kids/9370_gen_products-clothing-kids_dress-corduroy_onmodel_p0141_1024x1536.png	9226-lilith-ai-products	products	9370	gen_products-clothing-kids_dress-corduroy_onmodel_p0141		1024	1536	png	1010269	9370_gen_products-clothing-kids_dress-corduroy_onmodel_p0141_1024x1536.png	lilith-ai	PD-own
9226-lilith-ai-products/clothing/kids/9371_gen_products-clothing-kids_flannel-shirt_ghost_p0142_1024x1536.png	9226-lilith-ai-products	products	9371	gen_products-clothing-kids_flannel-shirt_ghost_p0142		1024	1536	png	2429939	9371_gen_products-clothing-kids_flannel-shirt_ghost_p0142_1024x1536.png	lilith-ai	PD-own
9226-lilith-ai-products/clothing/kids/9372_gen_products-clothing-kids_floral-dress_onmodel_p0143_1024x1536.png	9226-lilith-ai-products	products	9372	gen_products-clothing-kids_floral-dress_onmodel_p0143		1024	1536	png	1164116	9372_gen_products-clothing-kids_floral-dress_onmodel_p0143_1024x1536.png	lilith-ai	PD-own
9226-lilith-ai-products/clothing/kids/9373_gen_products-clothing-kids_graphic-tee-space_p0144_1024x1024.png	9226-lilith-ai-products	products	9373	gen_products-clothing-kids_graphic-tee-space_p0144		1024	1024	png	1082457	9373_gen_products-clothing-kids_graphic-tee-space_p0144_1024x1024.png	lilith-ai	PD-own
9226-lilith-ai-products/clothing/kids/9374_gen_products-clothing-kids_hoodie-zip-yellow_onmodel_p0145_1024x1536.png	9226-lilith-ai-products	products	9374	gen_products-clothing-kids_hoodie-zip-yellow_onmodel_p0145		1024	1536	png	1623771	9374_gen_products-clothing-kids_hoodie-zip-yellow_onmodel_p0145_1024x1536.png	lilith-ai	PD-own
9226-lilith-ai-products/clothing/kids/9375_gen_products-clothing-kids_jeans_flat_p0146_1024x1536.png	9226-lilith-ai-products	products	9375	gen_products-clothing-kids_jeans_flat_p0146		1024	1536	png	2632236	9375_gen_products-clothing-kids_jeans_flat_p0146_1024x1536.png	lilith-ai	PD-own
9226-lilith-ai-products/clothing/kids/9376_gen_products-clothing-kids_joggers-gray_flat_p0147_1024x1024.png	9226-lilith-ai-products	products	9376	gen_products-clothing-kids_joggers-gray_flat_p0147		1024	1024	png	1198354	9376_gen_products-clothing-kids_joggers-gray_flat_p0147_1024x1024.png	lilith-ai	PD-own
9226-lilith-ai-products/clothing/kids/9377_gen_products-clothing-kids_leggings-coral_flat_p0148_1024x1024.png	9226-lilith-ai-products	products	9377	gen_products-clothing-kids_leggings-coral_flat_p0148		1024	1024	png	546817	9377_gen_products-clothing-kids_leggings-coral_flat_p0148_1024x1024.png	lilith-ai	PD-own
9226-lilith-ai-products/clothing/kids/9378_gen_products-clothing-kids_magenta-tutu-dress_onmodel_p0149_1024x1536.png	9226-lilith-ai-products	products	9378	gen_products-clothing-kids_magenta-tutu-dress_onmodel_p0149		1024	1536	png	1931971	9378_gen_products-clothing-kids_magenta-tutu-dress_onmodel_p0149_1024x1536.png	lilith-ai	PD-own
9226-lilith-ai-products/clothing/kids/9379_gen_products-clothing-kids_onesie-baby_flat_p0150_1024x1024.png	9226-lilith-ai-products	products	9379	gen_products-clothing-kids_onesie-baby_flat_p0150		1024	1024	png	748495	9379_gen_products-clothing-kids_onesie-baby_flat_p0150_1024x1024.png	lilith-ai	PD-own
9226-lilith-ai-products/clothing/kids/9380_gen_products-clothing-kids_overall-toddler_ghost_p0151_1024x1536.png	9226-lilith-ai-products	products	9380	gen_products-clothing-kids_overall-toddler_ghost_p0151		1024	1536	png	1745292	9380_gen_products-clothing-kids_overall-toddler_ghost_p0151_1024x1536.png	lilith-ai	PD-own
9226-lilith-ai-products/clothing/kids/9381_gen_products-clothing-kids_pajama-cloud_flat_p0152_1536x1024.png	9226-lilith-ai-products	products	9381	gen_products-clothing-kids_pajama-cloud_flat_p0152		1536	1024	png	717337	9381_gen_products-clothing-kids_pajama-cloud_flat_p0152_1536x1024.png	lilith-ai	PD-own
9226-lilith-ai-products/clothing/kids/9382_gen_products-clothing-kids_puffer-vest_ghost_p0153_1024x1536.png	9226-lilith-ai-products	products	9382	gen_products-clothing-kids_puffer-vest_ghost_p0153		1024	1536	png	1203181	9382_gen_products-clothing-kids_puffer-vest_ghost_p0153_1024x1536.png	lilith-ai	PD-own
9226-lilith-ai-products/clothing/kids/9383_gen_products-clothing-kids_rainbow-graphic-tee-set_flat_p0154_4096x4096.jpg	9226-lilith-ai-products	products	9383	gen_products-clothing-kids_rainbow-graphic-tee-set_flat_p0154		4096	4096	jpg	1513014	9383_gen_products-clothing-kids_rainbow-graphic-tee-set_flat_p0154_4096x4096.jpg	lilith-ai	PD-own
9226-lilith-ai-products/clothing/kids/9384_gen_products-clothing-kids_rainbow-tee_p0155_2160x3840.png	9226-lilith-ai-products	products	9384	gen_products-clothing-kids_rainbow-tee_p0155		2160	3840	png	6749368	9384_gen_products-clothing-kids_rainbow-tee_p0155_2160x3840.png	lilith-ai	PD-own
9226-lilith-ai-products/clothing/kids/9385_gen_products-clothing-kids_rainbow-tee-set_flat_p0156_1536x1024.png	9226-lilith-ai-products	products	9385	gen_products-clothing-kids_rainbow-tee-set_flat_p0156		1536	1024	png	787679	9385_gen_products-clothing-kids_rainbow-tee-set_flat_p0156_1536x1024.png	lilith-ai	PD-own
9226-lilith-ai-products/clothing/kids/9386_gen_products-clothing-kids_romper-summer_ghost_p0157_1024x1536.png	9226-lilith-ai-products	products	9386	gen_products-clothing-kids_romper-summer_ghost_p0157		1024	1536	png	1196360	9386_gen_products-clothing-kids_romper-summer_ghost_p0157_1024x1536.png	lilith-ai	PD-own
9226-lilith-ai-products/clothing/kids/9387_gen_products-clothing-kids_shorts-cargo_flat_p0158_1024x1024.png	9226-lilith-ai-products	products	9387	gen_products-clothing-kids_shorts-cargo_flat_p0158		1024	1024	png	1446577	9387_gen_products-clothing-kids_shorts-cargo_flat_p0158_1024x1024.png	lilith-ai	PD-own
9226-lilith-ai-products/clothing/kids/9388_gen_products-clothing-kids_skirt-tulle_onmodel_p0159_1024x1536.png	9226-lilith-ai-products	products	9388	gen_products-clothing-kids_skirt-tulle_onmodel_p0159		1024	1536	png	939319	9388_gen_products-clothing-kids_skirt-tulle_onmodel_p0159_1024x1536.png	lilith-ai	PD-own
9226-lilith-ai-products/clothing/kids/9389_gen_products-clothing-kids_sneaker-canvas_flat_p0160_1024x1024.png	9226-lilith-ai-products	products	9389	gen_products-clothing-kids_sneaker-canvas_flat_p0160		1024	1024	png	1004727	9389_gen_products-clothing-kids_sneaker-canvas_flat_p0160_1024x1024.png	lilith-ai	PD-own
9226-lilith-ai-products/clothing/kids/9390_gen_products-clothing-kids_tee-graphic-truck_p0161_1024x1024.png	9226-lilith-ai-products	products	9390	gen_products-clothing-kids_tee-graphic-truck_p0161		1024	1024	png	993807	9390_gen_products-clothing-kids_tee-graphic-truck_p0161_1024x1024.png	lilith-ai	PD-own
9226-lilith-ai-products/clothing/kids/9391_gen_products-clothing-kids_tshirt-stripe_onmodel_p0162_1024x1536.png	9226-lilith-ai-products	products	9391	gen_products-clothing-kids_tshirt-stripe_onmodel_p0162		1024	1536	png	1337249	9391_gen_products-clothing-kids_tshirt-stripe_onmodel_p0162_1024x1536.png	lilith-ai	PD-own
9226-lilith-ai-products/clothing/kids/9392_gen_products-clothing-kids_tutu_onmodel_p0163_1024x1536.png	9226-lilith-ai-products	products	9392	gen_products-clothing-kids_tutu_onmodel_p0163		1024	1536	png	947944	9392_gen_products-clothing-kids_tutu_onmodel_p0163_1024x1536.png	lilith-ai	PD-own
9226-lilith-ai-products/clothing/kids/9393_gen_products-clothing-kids_twopiece-set-stripe_flat_p0164_1536x1024.png	9226-lilith-ai-products	products	9393	gen_products-clothing-kids_twopiece-set-stripe_flat_p0164		1536	1024	png	834035	9393_gen_products-clothing-kids_twopiece-set-stripe_flat_p0164_1536x1024.png	lilith-ai	PD-own
9226-lilith-ai-products/clothing/mens/9394_gen_products-clothing-mens_cobalt-satin-bomber_p0165_2160x3840.png	9226-lilith-ai-products	products	9394	gen_products-clothing-mens_cobalt-satin-bomber_p0165		2160	3840	png	8722680	9394_gen_products-clothing-mens_cobalt-satin-bomber_p0165_2160x3840.png	lilith-ai	PD-own
9226-lilith-ai-products/clothing/mens/9395_gen_products-clothing-mens_electric-purple-cargo-co-ord_onmodel_p0166_2160x3840.png	9226-lilith-ai-products	products	9395	gen_products-clothing-mens_electric-purple-cargo-co-ord_onmodel_p0166		2160	3840	png	8636120	9395_gen_products-clothing-mens_electric-purple-cargo-co-ord_onmodel_p0166_2160x3840.png	lilith-ai	PD-own
9226-lilith-ai-products/clothing/mens/9396_gen_products-clothing-mens_grid-fleece-quarter-zip_p0167_2160x3840.png	9226-lilith-ai-products	products	9396	gen_products-clothing-mens_grid-fleece-quarter-zip_p0167		2160	3840	png	10892858	9396_gen_products-clothing-mens_grid-fleece-quarter-zip_p0167_2160x3840.png	lilith-ai	PD-own
9226-lilith-ai-products/clothing/mens/9397_gen_products-clothing-mens_lime-satin-bomber-jacket_ghost_p0168_1024x1536.png	9226-lilith-ai-products	products	9397	gen_products-clothing-mens_lime-satin-bomber-jacket_ghost_p0168		1024	1536	png	1689303	9397_gen_products-clothing-mens_lime-satin-bomber-jacket_ghost_p0168_1024x1536.png	lilith-ai	PD-own
9226-lilith-ai-products/clothing/mens/9398_gen_products-clothing-mens_bomber-jacket_ghost_p0169_1024x1536.png	9226-lilith-ai-products	products	9398	gen_products-clothing-mens_bomber-jacket_ghost_p0169		1024	1536	png	1226062	9398_gen_products-clothing-mens_bomber-jacket_ghost_p0169_1024x1536.png	lilith-ai	PD-own
9226-lilith-ai-products/clothing/mens/9399_gen_products-clothing-mens_canvas-belt_flat_p0170_1536x1024.png	9226-lilith-ai-products	products	9399	gen_products-clothing-mens_canvas-belt_flat_p0170		1536	1024	png	989502	9399_gen_products-clothing-mens_canvas-belt_flat_p0170_1536x1024.png	lilith-ai	PD-own
9226-lilith-ai-products/clothing/mens/9400_gen_products-clothing-mens_cap-five-panel_flat_p0171_1024x1024.png	9226-lilith-ai-products	products	9400	gen_products-clothing-mens_cap-five-panel_flat_p0171		1024	1024	png	1483906	9400_gen_products-clothing-mens_cap-five-panel_flat_p0171_1024x1024.png	lilith-ai	PD-own
9226-lilith-ai-products/clothing/mens/9401_gen_products-clothing-mens_chambray-shirt_flat_p0172_1024x1024.png	9226-lilith-ai-products	products	9401	gen_products-clothing-mens_chambray-shirt_flat_p0172		1024	1024	png	1323903	9401_gen_products-clothing-mens_chambray-shirt_flat_p0172_1024x1024.png	lilith-ai	PD-own
9226-lilith-ai-products/clothing/mens/9402_gen_products-clothing-mens_charcoal-pleated-trouser_ghost_p0173_1024x1536.png	9226-lilith-ai-products	products	9402	gen_products-clothing-mens_charcoal-pleated-trouser_ghost_p0173		1024	1536	png	1105520	9402_gen_products-clothing-mens_charcoal-pleated-trouser_ghost_p0173_1024x1536.png	lilith-ai	PD-own
9226-lilith-ai-products/clothing/mens/9403_gen_products-clothing-mens_chino-pant_ghost_p0174_1024x1536.png	9226-lilith-ai-products	products	9403	gen_products-clothing-mens_chino-pant_ghost_p0174		1024	1536	png	953046	9403_gen_products-clothing-mens_chino-pant_ghost_p0174_1024x1536.png	lilith-ai	PD-own
9226-lilith-ai-products/clothing/mens/9404_gen_products-clothing-mens_denim-jacket_ghost_p0175_1024x1536.png	9226-lilith-ai-products	products	9404	gen_products-clothing-mens_denim-jacket_ghost_p0175		1024	1536	png	2320139	9404_gen_products-clothing-mens_denim-jacket_ghost_p0175_1024x1536.png	lilith-ai	PD-own
9226-lilith-ai-products/clothing/mens/9405_gen_products-clothing-mens_flannel-shirt_onmodel_p0176_1024x1536.png	9226-lilith-ai-products	products	9405	gen_products-clothing-mens_flannel-shirt_onmodel_p0176		1024	1536	png	1689904	9405_gen_products-clothing-mens_flannel-shirt_onmodel_p0176_1024x1536.png	lilith-ai	PD-own
9226-lilith-ai-products/clothing/mens/9406_gen_products-clothing-mens_graphic-tee-mountain_p0177_1024x1536.png	9226-lilith-ai-products	products	9406	gen_products-clothing-mens_graphic-tee-mountain_p0177		1024	1536	png	1682696	9406_gen_products-clothing-mens_graphic-tee-mountain_p0177_1024x1536.png	lilith-ai	PD-own
9226-lilith-ai-products/clothing/mens/9407_gen_products-clothing-mens_graphic-tee-zine_p0178_1024x1536.png	9226-lilith-ai-products	products	9407	gen_products-clothing-mens_graphic-tee-zine_p0178		1024	1536	png	2059276	9407_gen_products-clothing-mens_graphic-tee-zine_p0178_1024x1536.png	lilith-ai	PD-own
9226-lilith-ai-products/clothing/mens/9408_gen_products-clothing-mens_heather-gray-tee_onmodel_p0179_1024x1536.png	9226-lilith-ai-products	products	9408	gen_products-clothing-mens_heather-gray-tee_onmodel_p0179		1024	1536	png	1419863	9408_gen_products-clothing-mens_heather-gray-tee_onmodel_p0179_1024x1536.png	lilith-ai	PD-own
9226-lilith-ai-products/clothing/mens/9409_gen_products-clothing-mens_henley-shirt_flat_p0180_1024x1024.png	9226-lilith-ai-products	products	9409	gen_products-clothing-mens_henley-shirt_flat_p0180		1024	1024	png	1868120	9409_gen_products-clothing-mens_henley-shirt_flat_p0180_1024x1024.png	lilith-ai	PD-own
9226-lilith-ai-products/clothing/mens/9410_gen_products-clothing-mens_hoodie-sage_onmodel_p0181_1024x1536.png	9226-lilith-ai-products	products	9410	gen_products-clothing-mens_hoodie-sage_onmodel_p0181		1024	1536	png	1835630	9410_gen_products-clothing-mens_hoodie-sage_onmodel_p0181_1024x1536.png	lilith-ai	PD-own
9226-lilith-ai-products/clothing/mens/9411_gen_products-clothing-mens_jogger-pant_flat_p0182_1536x1024.png	9226-lilith-ai-products	products	9411	gen_products-clothing-mens_jogger-pant_flat_p0182		1536	1024	png	997716	9411_gen_products-clothing-mens_jogger-pant_flat_p0182_1536x1024.png	lilith-ai	PD-own
9226-lilith-ai-products/clothing/mens/9412_gen_products-clothing-mens_marled-merino-crewneck_ghost_p0183_1024x1536.png	9226-lilith-ai-products	products	9412	gen_products-clothing-mens_marled-merino-crewneck_ghost_p0183		1024	1536	png	3063927	9412_gen_products-clothing-mens_marled-merino-crewneck_ghost_p0183_1024x1536.png	lilith-ai	PD-own
9226-lilith-ai-products/clothing/mens/9413_gen_products-clothing-mens_navy-pique-polo_flat_p0184_1024x1024.png	9226-lilith-ai-products	products	9413	gen_products-clothing-mens_navy-pique-polo_flat_p0184		1024	1024	png	1429223	9413_gen_products-clothing-mens_navy-pique-polo_flat_p0184_1024x1024.png	lilith-ai	PD-own
9226-lilith-ai-products/clothing/mens/9414_gen_products-clothing-mens_olive-cargo-shorts_flat_p0185_1024x1536.png	9226-lilith-ai-products	products	9414	gen_products-clothing-mens_olive-cargo-shorts_flat_p0185		1024	1536	png	2103995	9414_gen_products-clothing-mens_olive-cargo-shorts_flat_p0185_1024x1536.png	lilith-ai	PD-own
9226-lilith-ai-products/clothing/mens/9415_gen_products-clothing-mens_overshirt-olive_ghost_p0186_1024x1536.png	9226-lilith-ai-products	products	9415	gen_products-clothing-mens_overshirt-olive_ghost_p0186		1024	1536	png	2172424	9415_gen_products-clothing-mens_overshirt-olive_ghost_p0186_1024x1536.png	lilith-ai	PD-own
9226-lilith-ai-products/clothing/mens/9416_gen_products-clothing-mens_oxford-shirt_flat_p0187_1024x1024.png	9226-lilith-ai-products	products	9416	gen_products-clothing-mens_oxford-shirt_flat_p0187		1024	1024	png	1201744	9416_gen_products-clothing-mens_oxford-shirt_flat_p0187_1024x1024.png	lilith-ai	PD-own
9226-lilith-ai-products/clothing/mens/9417_gen_products-clothing-mens_poppy-swim-trunks_flat_p0188_1024x1536.png	9226-lilith-ai-products	products	9417	gen_products-clothing-mens_poppy-swim-trunks_flat_p0188		1024	1536	png	1161891	9417_gen_products-clothing-mens_poppy-swim-trunks_flat_p0188_1024x1536.png	lilith-ai	PD-own
9226-lilith-ai-products/clothing/mens/9418_gen_products-clothing-mens_quarter-zip-pullover_onmodel_p0189_1024x1536.png	9226-lilith-ai-products	products	9418	gen_products-clothing-mens_quarter-zip-pullover_onmodel_p0189		1024	1536	png	2206618	9418_gen_products-clothing-mens_quarter-zip-pullover_onmodel_p0189_1024x1536.png	lilith-ai	PD-own
9226-lilith-ai-products/clothing/mens/9419_gen_products-clothing-mens_saffron-camp-shirt_onmodel_p0190_1024x1536.png	9226-lilith-ai-products	products	9419	gen_products-clothing-mens_saffron-camp-shirt_onmodel_p0190		1024	1536	png	2327573	9419_gen_products-clothing-mens_saffron-camp-shirt_onmodel_p0190_1024x1536.png	lilith-ai	PD-own
9226-lilith-ai-products/clothing/mens/9420_gen_products-clothing-mens_shorts-stripe_flat_p0191_1024x1024.png	9226-lilith-ai-products	products	9420	gen_products-clothing-mens_shorts-stripe_flat_p0191		1024	1024	png	1076746	9420_gen_products-clothing-mens_shorts-stripe_flat_p0191_1024x1024.png	lilith-ai	PD-own
9226-lilith-ai-products/clothing/mens/9421_gen_products-clothing-mens_socks-stripe_flat_p0192_1024x1024.png	9226-lilith-ai-products	products	9421	gen_products-clothing-mens_socks-stripe_flat_p0192		1024	1024	png	784252	9421_gen_products-clothing-mens_socks-stripe_flat_p0192_1024x1024.png	lilith-ai	PD-own
9226-lilith-ai-products/clothing/mens/9422_gen_products-clothing-mens_sweatshirt-crew_onmodel_p0193_1024x1536.png	9226-lilith-ai-products	products	9422	gen_products-clothing-mens_sweatshirt-crew_onmodel_p0193		1024	1536	png	1478355	9422_gen_products-clothing-mens_sweatshirt-crew_onmodel_p0193_1024x1536.png	lilith-ai	PD-own
9226-lilith-ai-products/clothing/mens/9423_gen_products-clothing-mens_swim-trunk_flat_p0194_1536x1024.png	9226-lilith-ai-products	products	9423	gen_products-clothing-mens_swim-trunk_flat_p0194		1536	1024	png	2171724	9423_gen_products-clothing-mens_swim-trunk_flat_p0194_1536x1024.png	lilith-ai	PD-own
9226-lilith-ai-products/clothing/mens/9424_gen_products-clothing-mens_tee-baseball-raglan_flat_p0195_1024x1024.png	9226-lilith-ai-products	products	9424	gen_products-clothing-mens_tee-baseball-raglan_flat_p0195		1024	1024	png	1246621	9424_gen_products-clothing-mens_tee-baseball-raglan_flat_p0195_1024x1024.png	lilith-ai	PD-own
9226-lilith-ai-products/clothing/mens/9425_gen_products-clothing-mens_tee-pocket-cream_flat_p0196_1024x1024.png	9226-lilith-ai-products	products	9425	gen_products-clothing-mens_tee-pocket-cream_flat_p0196		1024	1024	png	921458	9425_gen_products-clothing-mens_tee-pocket-cream_flat_p0196_1024x1024.png	lilith-ai	PD-own
9226-lilith-ai-products/clothing/mens/9426_gen_products-clothing-mens_tee-summer-blue_onmodel_p0197_1024x1536.png	9226-lilith-ai-products	products	9426	gen_products-clothing-mens_tee-summer-blue_onmodel_p0197		1024	1536	png	1792240	9426_gen_products-clothing-mens_tee-summer-blue_onmodel_p0197_1024x1536.png	lilith-ai	PD-own
9226-lilith-ai-products/clothing/mens/9427_gen_products-clothing-mens_tobacco-leather-jacket_onmodel_p0198_1024x1536.png	9226-lilith-ai-products	products	9427	gen_products-clothing-mens_tobacco-leather-jacket_onmodel_p0198		1024	1536	png	2024158	9427_gen_products-clothing-mens_tobacco-leather-jacket_onmodel_p0198_1024x1536.png	lilith-ai	PD-own
9226-lilith-ai-products/clothing/mens/9428_gen_products-clothing-mens_merino-wool-crew-socks-charcoal-teal_flat_p0199_2048x2048.png	9226-lilith-ai-products	products	9428	gen_products-clothing-mens_merino-wool-crew-socks-charcoal-teal_flat_p0199		2048	2048	png	3591216	9428_gen_products-clothing-mens_merino-wool-crew-socks-charcoal-teal_flat_p0199_2048x2048.png	lilith-ai	PD-own
9226-lilith-ai-products/clothing/mens/9429_gen_products-clothing-mens_scarlet-mens-overshirt_onmodel_p0200_1024x1536.png	9226-lilith-ai-products	products	9429	gen_products-clothing-mens_scarlet-mens-overshirt_onmodel_p0200		1024	1536	png	2410329	9429_gen_products-clothing-mens_scarlet-mens-overshirt_onmodel_p0200_1024x1536.png	lilith-ai	PD-own
9226-lilith-ai-products/clothing/mens/9430_gen_products-clothing-mens_waxed-shacket_p0201_2160x3840.png	9226-lilith-ai-products	products	9430	gen_products-clothing-mens_waxed-shacket_p0201		2160	3840	png	8199004	9430_gen_products-clothing-mens_waxed-shacket_p0201_2160x3840.png	lilith-ai	PD-own
9226-lilith-ai-products/clothing/womens/activewear/9431_gen_products-clothing-womens-activewear_bike-short-bra-yellow_flat_p0202_1536x1024.png	9226-lilith-ai-products	products	9431	gen_products-clothing-womens-activewear_bike-short-bra-yellow_flat_p0202		1536	1024	png	620202	9431_gen_products-clothing-womens-activewear_bike-short-bra-yellow_flat_p0202_1536x1024.png	lilith-ai	PD-own
9226-lilith-ai-products/clothing/womens/activewear/9432_gen_products-clothing-womens-activewear_flare-leggings-crop-terracotta_flat_p0203_1024x1536.png	9226-lilith-ai-products	products	9432	gen_products-clothing-womens-activewear_flare-leggings-crop-terracotta_flat_p0203		1024	1536	png	1201352	9432_gen_products-clothing-womens-activewear_flare-leggings-crop-terracotta_flat_p0203_1024x1536.png	lilith-ai	PD-own
9226-lilith-ai-products/clothing/womens/activewear/9433_gen_products-clothing-womens-activewear_hoodie-jogger-set-dustyblue_flat_p0204_1536x1024.png	9226-lilith-ai-products	products	9433	gen_products-clothing-womens-activewear_hoodie-jogger-set-dustyblue_flat_p0204		1536	1024	png	1249084	9433_gen_products-clothing-womens-activewear_hoodie-jogger-set-dustyblue_flat_p0204_1536x1024.png	lilith-ai	PD-own
9226-lilith-ai-products/clothing/womens/activewear/9434_gen_products-clothing-womens-activewear_longsleeve-leggings-mustard_flat_p0205_1536x1024.png	9226-lilith-ai-products	products	9434	gen_products-clothing-womens-activewear_longsleeve-leggings-mustard_flat_p0205		1536	1024	png	582343	9434_gen_products-clothing-womens-activewear_longsleeve-leggings-mustard_flat_p0205_1536x1024.png	lilith-ai	PD-own
9226-lilith-ai-products/clothing/womens/activewear/9435_gen_products-clothing-womens-activewear_quarter-zip-leggings-teal_flat_p0206_1536x1024.png	9226-lilith-ai-products	products	9435	gen_products-clothing-womens-activewear_quarter-zip-leggings-teal_flat_p0206		1536	1024	png	956885	9435_gen_products-clothing-womens-activewear_quarter-zip-leggings-teal_flat_p0206_1536x1024.png	lilith-ai	PD-own
9226-lilith-ai-products/clothing/womens/activewear/9436_gen_products-clothing-womens-activewear_romper-active-sage_flat_p0207_1024x1536.png	9226-lilith-ai-products	products	9436	gen_products-clothing-womens-activewear_romper-active-sage_flat_p0207		1024	1536	png	1280855	9436_gen_products-clothing-womens-activewear_romper-active-sage_flat_p0207_1024x1536.png	lilith-ai	PD-own
9226-lilith-ai-products/clothing/womens/activewear/9437_gen_products-clothing-womens-activewear_sportsbra-leggings-set-coral_flat_p0208_1536x1024.png	9226-lilith-ai-products	products	9437	gen_products-clothing-womens-activewear_sportsbra-leggings-set-coral_flat_p0208		1536	1024	png	389266	9437_gen_products-clothing-womens-activewear_sportsbra-leggings-set-coral_flat_p0208_1536x1024.png	lilith-ai	PD-own
9226-lilith-ai-products/clothing/womens/activewear/9438_gen_products-clothing-womens-activewear_tennis-dress-cream_flat_p0209_1024x1536.png	9226-lilith-ai-products	products	9438	gen_products-clothing-womens-activewear_tennis-dress-cream_flat_p0209		1024	1536	png	1384734	9438_gen_products-clothing-womens-activewear_tennis-dress-cream_flat_p0209_1024x1536.png	lilith-ai	PD-own
9226-lilith-ai-products/clothing/womens/activewear/9439_gen_products-clothing-womens-activewear_windbreaker-shorts-coral_flat_p0210_1536x1024.png	9226-lilith-ai-products	products	9439	gen_products-clothing-womens-activewear_windbreaker-shorts-coral_flat_p0210		1536	1024	png	1161687	9439_gen_products-clothing-womens-activewear_windbreaker-shorts-coral_flat_p0210_1536x1024.png	lilith-ai	PD-own
9226-lilith-ai-products/clothing/womens/activewear/9440_gen_products-clothing-womens-activewear_bike-shorts-bra-yellow_onmodel_p0202_1024x1536.png	9226-lilith-ai-products	products	9440	gen_products-clothing-womens-activewear_bike-shorts-bra-yellow_onmodel_p0202		1024	1536	png	948134	9440_gen_products-clothing-womens-activewear_bike-shorts-bra-yellow_onmodel_p0202_1024x1536.png	lilith-ai	PD-own
9226-lilith-ai-products/clothing/womens/activewear/9441_gen_products-clothing-womens-activewear_crop-hoodie-flare-cream_onmodel_p0212_1024x1536.png	9226-lilith-ai-products	products	9441	gen_products-clothing-womens-activewear_crop-hoodie-flare-cream_onmodel_p0212		1024	1536	png	1685884	9441_gen_products-clothing-womens-activewear_crop-hoodie-flare-cream_onmodel_p0212_1024x1536.png	lilith-ai	PD-own
9226-lilith-ai-products/clothing/womens/activewear/9442_gen_products-clothing-womens-activewear_flare-leggings-terracotta_onmodel_p0203_1024x1536.png	9226-lilith-ai-products	products	9442	gen_products-clothing-womens-activewear_flare-leggings-terracotta_onmodel_p0203		1024	1536	png	1005371	9442_gen_products-clothing-womens-activewear_flare-leggings-terracotta_onmodel_p0203_1024x1536.png	lilith-ai	PD-own
9226-lilith-ai-products/clothing/womens/activewear/9443_gen_products-clothing-womens-activewear_hoodie-jogger-dustyblue_onmodel_p0204_1024x1536.png	9226-lilith-ai-products	products	9443	gen_products-clothing-womens-activewear_hoodie-jogger-dustyblue_onmodel_p0204		1024	1536	png	1282009	9443_gen_products-clothing-womens-activewear_hoodie-jogger-dustyblue_onmodel_p0204_1024x1536.png	lilith-ai	PD-own
9226-lilith-ai-products/clothing/womens/activewear/9444_gen_products-clothing-womens-activewear_longsleeve-tee-leggings-mustard_onmodel_p0205_1024x1536.png	9226-lilith-ai-products	products	9444	gen_products-clothing-womens-activewear_longsleeve-tee-leggings-mustard_onmodel_p0205		1024	1536	png	1067096	9444_gen_products-clothing-womens-activewear_longsleeve-tee-leggings-mustard_onmodel_p0205_1024x1536.png	lilith-ai	PD-own
9226-lilith-ai-products/clothing/womens/activewear/9445_gen_products-clothing-womens-activewear_quarter-zip-leggings-teal_onmodel_p0206_1024x1536.png	9226-lilith-ai-products	products	9445	gen_products-clothing-womens-activewear_quarter-zip-leggings-teal_onmodel_p0206		1024	1536	png	1409461	9445_gen_products-clothing-womens-activewear_quarter-zip-leggings-teal_onmodel_p0206_1024x1536.png	lilith-ai	PD-own
9226-lilith-ai-products/clothing/womens/activewear/9446_gen_products-clothing-womens-activewear_romper-active-sage_onmodel_p0207_1024x1536.png	9226-lilith-ai-products	products	9446	gen_products-clothing-womens-activewear_romper-active-sage_onmodel_p0207		1024	1536	png	1324119	9446_gen_products-clothing-womens-activewear_romper-active-sage_onmodel_p0207_1024x1536.png	lilith-ai	PD-own
9226-lilith-ai-products/clothing/womens/activewear/9447_gen_products-clothing-womens-activewear_sportsbra-leggings-coral_onmodel_p0208_1024x1536.png	9226-lilith-ai-products	products	9447	gen_products-clothing-womens-activewear_sportsbra-leggings-coral_onmodel_p0208		1024	1536	png	1755911	9447_gen_products-clothing-womens-activewear_sportsbra-leggings-coral_onmodel_p0208_1024x1536.png	lilith-ai	PD-own
9226-lilith-ai-products/clothing/womens/activewear/9448_gen_products-clothing-womens-activewear_tank-shorts-sage_onmodel_p0219_1024x1536.png	9226-lilith-ai-products	products	9448	gen_products-clothing-womens-activewear_tank-shorts-sage_onmodel_p0219		1024	1536	png	1848524	9448_gen_products-clothing-womens-activewear_tank-shorts-sage_onmodel_p0219_1024x1536.png	lilith-ai	PD-own
9226-lilith-ai-products/clothing/womens/activewear/9449_gen_products-clothing-womens-activewear_tennis-dress-cream_onmodel_p0209_1024x1536.png	9226-lilith-ai-products	products	9449	gen_products-clothing-womens-activewear_tennis-dress-cream_onmodel_p0209		1024	1536	png	1288132	9449_gen_products-clothing-womens-activewear_tennis-dress-cream_onmodel_p0209_1024x1536.png	lilith-ai	PD-own
9226-lilith-ai-products/clothing/womens/activewear/9450_gen_products-clothing-womens-activewear_windbreaker-shorts-coral_onmodel_p0210_1024x1536.png	9226-lilith-ai-products	products	9450	gen_products-clothing-womens-activewear_windbreaker-shorts-coral_onmodel_p0210		1024	1536	png	1290168	9450_gen_products-clothing-womens-activewear_windbreaker-shorts-coral_onmodel_p0210_1024x1536.png	lilith-ai	PD-own
9226-lilith-ai-products/clothing/womens/activewear/9451_gen_products-clothing-womens-activewear_leggings-pack-two_p0222_1536x1024.png	9226-lilith-ai-products	products	9451	gen_products-clothing-womens-activewear_leggings-pack-two_p0222		1536	1024	png	1295671	9451_gen_products-clothing-womens-activewear_leggings-pack-two_p0222_1536x1024.png	lilith-ai	PD-own
9226-lilith-ai-products/clothing/womens/activewear/9452_gen_products-clothing-womens-activewear_oversized-tee-trio_p0223_1536x1024.png	9226-lilith-ai-products	products	9452	gen_products-clothing-womens-activewear_oversized-tee-trio_p0223		1536	1024	png	936345	9452_gen_products-clothing-womens-activewear_oversized-tee-trio_p0223_1536x1024.png	lilith-ai	PD-own
9226-lilith-ai-products/clothing/womens/activewear/9453_gen_products-clothing-womens-activewear_seamless-bra-pack-three_p0224_1536x1024.png	9226-lilith-ai-products	products	9453	gen_products-clothing-womens-activewear_seamless-bra-pack-three_p0224		1536	1024	png	1114818	9453_gen_products-clothing-womens-activewear_seamless-bra-pack-three_p0224_1536x1024.png	lilith-ai	PD-own
9226-lilith-ai-products/clothing/womens/activewear/9454_gen_products-clothing-womens-activewear_cherry-red-short-set_onmodel_p0225_2160x3840.png	9226-lilith-ai-products	products	9454	gen_products-clothing-womens-activewear_cherry-red-short-set_onmodel_p0225		2160	3840	png	9445397	9454_gen_products-clothing-womens-activewear_cherry-red-short-set_onmodel_p0225_2160x3840.png	lilith-ai	PD-own
9226-lilith-ai-products/clothing/womens/activewear/9455_gen_products-clothing-womens-activewear_cherry-red-short-set_onmodel_p0225_1536x2752.jpg	9226-lilith-ai-products	products	9455	gen_products-clothing-womens-activewear_cherry-red-short-set_onmodel_p0225		1536	2752	jpg	234784	9455_gen_products-clothing-womens-activewear_cherry-red-short-set_onmodel_p0225_1536x2752.jpg	lilith-ai	PD-own
9226-lilith-ai-products/clothing/womens/activewear/9456_gen_products-clothing-womens-activewear_electric-bike-shorts_p0226_2160x3840.png	9226-lilith-ai-products	products	9456	gen_products-clothing-womens-activewear_electric-bike-shorts_p0226		2160	3840	png	6869054	9456_gen_products-clothing-womens-activewear_electric-bike-shorts_p0226_2160x3840.png	lilith-ai	PD-own
9226-lilith-ai-products/clothing/womens/activewear/9457_gen_products-clothing-womens-activewear_sculpt-leggings_p0227_2160x3840.png	9226-lilith-ai-products	products	9457	gen_products-clothing-womens-activewear_sculpt-leggings_p0227		2160	3840	png	4198086	9457_gen_products-clothing-womens-activewear_sculpt-leggings_p0227_2160x3840.png	lilith-ai	PD-own
9226-lilith-ai-products/clothing/womens/activewear/9458_gen_products-clothing-womens-activewear_tennis-skirt-jewel_onmodel_p0228_1024x1536.png	9226-lilith-ai-products	products	9458	gen_products-clothing-womens-activewear_tennis-skirt-jewel_onmodel_p0228		1024	1536	png	1483213	9458_gen_products-clothing-womens-activewear_tennis-skirt-jewel_onmodel_p0228_1024x1536.png	lilith-ai	PD-own
9226-lilith-ai-products/clothing/womens/activewear/9459_gen_products-clothing-womens-activewear_high-waist-pocket-leggings-cobalt_onmodel_p0229_3072x5504.jpg	9226-lilith-ai-products	products	9459	gen_products-clothing-womens-activewear_high-waist-pocket-leggings-cobalt_onmodel_p0229		3072	5504	jpg	981386	9459_gen_products-clothing-womens-activewear_high-waist-pocket-leggings-cobalt_onmodel_p0229_3072x5504.jpg	lilith-ai	PD-own
9226-lilith-ai-products/clothing/womens/activewear/9460_gen_products-clothing-womens-activewear_highwaist-leggings-sage_onmodel_p0230_3072x5504.jpg	9226-lilith-ai-products	products	9460	gen_products-clothing-womens-activewear_highwaist-leggings-sage_onmodel_p0230		3072	5504	jpg	965853	9460_gen_products-clothing-womens-activewear_highwaist-leggings-sage_onmodel_p0230_3072x5504.jpg	lilith-ai	PD-own
9226-lilith-ai-products/clothing/womens/activewear/9461_gen_products-clothing-womens-activewear_packable-down-jacket-teal_onmodel_p0231_3072x5504.jpg	9226-lilith-ai-products	products	9461	gen_products-clothing-womens-activewear_packable-down-jacket-teal_onmodel_p0231		3072	5504	jpg	1631052	9461_gen_products-clothing-womens-activewear_packable-down-jacket-teal_onmodel_p0231_3072x5504.jpg	lilith-ai	PD-own
9226-lilith-ai-products/clothing/womens/activewear/9462_gen_products-clothing-womens-activewear_softshell-jacket-slate_onmodel_p0232_3072x5504.jpg	9226-lilith-ai-products	products	9462	gen_products-clothing-womens-activewear_softshell-jacket-slate_onmodel_p0232		3072	5504	jpg	1520034	9462_gen_products-clothing-womens-activewear_softshell-jacket-slate_onmodel_p0232_3072x5504.jpg	lilith-ai	PD-own
9226-lilith-ai-products/clothing/womens/activewear/9463_gen_products-clothing-womens-activewear_swim-onepiece_flat_p0233_1024x1024.png	9226-lilith-ai-products	products	9463	gen_products-clothing-womens-activewear_swim-onepiece_flat_p0233		1024	1024	png	572305	9463_gen_products-clothing-womens-activewear_swim-onepiece_flat_p0233_1024x1024.png	lilith-ai	PD-own
9226-lilith-ai-products/clothing/womens/activewear/9464_gen_products-clothing-womens-activewear_trail-leggings-set-teal-charcoal_flat_p0234_2048x2048.png	9226-lilith-ai-products	products	9464	gen_products-clothing-womens-activewear_trail-leggings-set-teal-charcoal_flat_p0234		2048	2048	png	4505368	9464_gen_products-clothing-womens-activewear_trail-leggings-set-teal-charcoal_flat_p0234_2048x2048.png	lilith-ai	PD-own
9226-lilith-ai-products/clothing/womens/dark-bg/9465_gen_products-clothing-womens-dark-bg_acid-lime-trench_p0235_2160x3840.png	9226-lilith-ai-products	products	9465	gen_products-clothing-womens-dark-bg_acid-lime-trench_p0235		2160	3840	png	8569724	9465_gen_products-clothing-womens-dark-bg_acid-lime-trench_p0235_2160x3840.png	lilith-ai	PD-own
9226-lilith-ai-products/clothing/womens/dark-bg/9466_gen_products-clothing-womens-dark-bg_chartreuse-fringe-mini-dress_onmodel_p0236_2160x3840.png	9226-lilith-ai-products	products	9466	gen_products-clothing-womens-dark-bg_chartreuse-fringe-mini-dress_onmodel_p0236		2160	3840	png	9826393	9466_gen_products-clothing-womens-dark-bg_chartreuse-fringe-mini-dress_onmodel_p0236_2160x3840.png	lilith-ai	PD-own
9226-lilith-ai-products/clothing/womens/dark-bg/9467_gen_products-clothing-womens-dark-bg_chartreuse-pleated-midi-skirt_onmodel_p0237_1024x1536.png	9226-lilith-ai-products	products	9467	gen_products-clothing-womens-dark-bg_chartreuse-pleated-midi-skirt_onmodel_p0237		1024	1536	png	2298157	9467_gen_products-clothing-womens-dark-bg_chartreuse-pleated-midi-skirt_onmodel_p0237_1024x1536.png	lilith-ai	PD-own
9226-lilith-ai-products/clothing/womens/dark-bg/9468_gen_products-clothing-womens-dark-bg_cobalt-one-shoulder-dress_p0238_2160x3840.png	9226-lilith-ai-products	products	9468	gen_products-clothing-womens-dark-bg_cobalt-one-shoulder-dress_p0238		2160	3840	png	8376083	9468_gen_products-clothing-womens-dark-bg_cobalt-one-shoulder-dress_p0238_2160x3840.png	lilith-ai	PD-own
9226-lilith-ai-products/clothing/womens/dark-bg/9469_gen_products-clothing-womens-dark-bg_cobalt-trailing-hem-slip-dress_onmodel_p0239_2160x3840.png	9226-lilith-ai-products	products	9469	gen_products-clothing-womens-dark-bg_cobalt-trailing-hem-slip-dress_onmodel_p0239		2160	3840	png	8273059	9469_gen_products-clothing-womens-dark-bg_cobalt-trailing-hem-slip-dress_onmodel_p0239_2160x3840.png	lilith-ai	PD-own
9226-lilith-ai-products/clothing/womens/dark-bg/9470_gen_products-clothing-womens-dark-bg_emerald-cutout-knit-dress_p0240_2160x3840.png	9226-lilith-ai-products	products	9470	gen_products-clothing-womens-dark-bg_emerald-cutout-knit-dress_p0240		2160	3840	png	7650938	9470_gen_products-clothing-womens-dark-bg_emerald-cutout-knit-dress_p0240_2160x3840.png	lilith-ai	PD-own
9226-lilith-ai-products/clothing/womens/dark-bg/9471_gen_products-clothing-womens-dark-bg_emerald-velvet-bow-mini_onmodel_p0241_1536x2752.jpg	9226-lilith-ai-products	products	9471	gen_products-clothing-womens-dark-bg_emerald-velvet-bow-mini_onmodel_p0241		1536	2752	jpg	2318652	9471_gen_products-clothing-womens-dark-bg_emerald-velvet-bow-mini_onmodel_p0241_1536x2752.jpg	lilith-ai	PD-own
9226-lilith-ai-products/clothing/womens/dark-bg/9472_gen_products-clothing-womens-dark-bg_emerald-velvet-bow-mini_onmodel_p0241_2160x3840.png	9226-lilith-ai-products	products	9472	gen_products-clothing-womens-dark-bg_emerald-velvet-bow-mini_onmodel_p0241		2160	3840	png	8266790	9472_gen_products-clothing-womens-dark-bg_emerald-velvet-bow-mini_onmodel_p0241_2160x3840.png	lilith-ai	PD-own
9226-lilith-ai-products/clothing/womens/dark-bg/9473_gen_products-clothing-womens-dark-bg_fuchsia-faux-fur-cropped-coat_onmodel_p0242_2160x3840.png	9226-lilith-ai-products	products	9473	gen_products-clothing-womens-dark-bg_fuchsia-faux-fur-cropped-coat_onmodel_p0242		2160	3840	png	8431633	9473_gen_products-clothing-womens-dark-bg_fuchsia-faux-fur-cropped-coat_onmodel_p0242_2160x3840.png	lilith-ai	PD-own
9226-lilith-ai-products/clothing/womens/dark-bg/9474_gen_products-clothing-womens-dark-bg_magenta-leopard-sequin-gown_onmodel_p0243_2160x3840.png	9226-lilith-ai-products	products	9474	gen_products-clothing-womens-dark-bg_magenta-leopard-sequin-gown_onmodel_p0243		2160	3840	png	11929890	9474_gen_products-clothing-womens-dark-bg_magenta-leopard-sequin-gown_onmodel_p0243_2160x3840.png	lilith-ai	PD-own
9226-lilith-ai-products/clothing/womens/dark-bg/9475_gen_products-clothing-womens-dark-bg_magenta-sequin-mini_p0244_2160x3840.png	9226-lilith-ai-products	products	9475	gen_products-clothing-womens-dark-bg_magenta-sequin-mini_p0244		2160	3840	png	8585040	9475_gen_products-clothing-womens-dark-bg_magenta-sequin-mini_p0244_2160x3840.png	lilith-ai	PD-own
9226-lilith-ai-products/clothing/womens/dark-bg/9476_gen_products-clothing-womens-dark-bg_neon-colorblock-sports-set_p0245_2160x3840.png	9226-lilith-ai-products	products	9476	gen_products-clothing-womens-dark-bg_neon-colorblock-sports-set_p0245		2160	3840	png	7829827	9476_gen_products-clothing-womens-dark-bg_neon-colorblock-sports-set_p0245_2160x3840.png	lilith-ai	PD-own
9226-lilith-ai-products/clothing/womens/dark-bg/9477_gen_products-clothing-womens-dark-bg_silver-sequin-fringe-flapper-dress_onmodel_p0246_2160x3840.png	9226-lilith-ai-products	products	9477	gen_products-clothing-womens-dark-bg_silver-sequin-fringe-flapper-dress_onmodel_p0246		2160	3840	png	11016044	9477_gen_products-clothing-womens-dark-bg_silver-sequin-fringe-flapper-dress_onmodel_p0246_2160x3840.png	lilith-ai	PD-own
9226-lilith-ai-products/clothing/womens/dark-bg/9478_gen_products-clothing-womens-dark-bg_silver-sequin-suit_p0247_2160x3840.png	9226-lilith-ai-products	products	9478	gen_products-clothing-womens-dark-bg_silver-sequin-suit_p0247		2160	3840	png	12533673	9478_gen_products-clothing-womens-dark-bg_silver-sequin-suit_p0247_2160x3840.png	lilith-ai	PD-own
9226-lilith-ai-products/clothing/womens/dark-bg/9479_gen_products-clothing-womens-dark-bg_swim-onepiece-onmodel-pool_onmodel_p0248_1024x1536.png	9226-lilith-ai-products	products	9479	gen_products-clothing-womens-dark-bg_swim-onepiece-onmodel-pool_onmodel_p0248		1024	1536	png	2080312	9479_gen_products-clothing-womens-dark-bg_swim-onepiece-onmodel-pool_onmodel_p0248_1024x1536.png	lilith-ai	PD-own
9226-lilith-ai-products/clothing/womens/dark-bg/9480_gen_products-clothing-womens-dark-bg_tropical-floral-maxi_p0249_2160x3840.png	9226-lilith-ai-products	products	9480	gen_products-clothing-womens-dark-bg_tropical-floral-maxi_p0249		2160	3840	png	10821485	9480_gen_products-clothing-womens-dark-bg_tropical-floral-maxi_p0249_2160x3840.png	lilith-ai	PD-own
9226-lilith-ai-products/clothing/womens/dark-bg/9481_gen_products-clothing-womens-dark-bg_ultraviolet-knit-coord_p0250_2160x3840.png	9226-lilith-ai-products	products	9481	gen_products-clothing-womens-dark-bg_ultraviolet-knit-coord_p0250		2160	3840	png	9147772	9481_gen_products-clothing-womens-dark-bg_ultraviolet-knit-coord_p0250_2160x3840.png	lilith-ai	PD-own
9226-lilith-ai-products/clothing/womens/dark-bg/9482_gen_products-clothing-womens-dark-bg_wedding-guest-onmodel-editorial_onmodel_p0251_1024x1536.png	9226-lilith-ai-products	products	9482	gen_products-clothing-womens-dark-bg_wedding-guest-onmodel-editorial_onmodel_p0251		1024	1536	png	1858079	9482_gen_products-clothing-womens-dark-bg_wedding-guest-onmodel-editorial_onmodel_p0251_1024x1536.png	lilith-ai	PD-own
9226-lilith-ai-products/clothing/womens/general/9483_gen_products-clothing-womens-general_abstract-print-silk-shirt_p0252_2160x3840.png	9226-lilith-ai-products	products	9483	gen_products-clothing-womens-general_abstract-print-silk-shirt_p0252		2160	3840	png	7881837	9483_gen_products-clothing-womens-general_abstract-print-silk-shirt_p0252_2160x3840.png	lilith-ai	PD-own
9226-lilith-ai-products/clothing/womens/general/9484_gen_products-clothing-womens-general_acid-green-oversized-graphic-tee_onmodel_p0253_2160x3840.png	9226-lilith-ai-products	products	9484	gen_products-clothing-womens-general_acid-green-oversized-graphic-tee_onmodel_p0253		2160	3840	png	14012266	9484_gen_products-clothing-womens-general_acid-green-oversized-graphic-tee_onmodel_p0253_2160x3840.png	lilith-ai	PD-own
9226-lilith-ai-products/clothing/womens/general/9485_gen_products-clothing-womens-general_blush-trench-coat_onmodel_p0254_1024x1536.png	9226-lilith-ai-products	products	9485	gen_products-clothing-womens-general_blush-trench-coat_onmodel_p0254		1024	1536	png	915581	9485_gen_products-clothing-womens-general_blush-trench-coat_onmodel_p0254_1024x1536.png	lilith-ai	PD-own
9226-lilith-ai-products/clothing/womens/general/9486_gen_products-clothing-womens-general_burgundy-tee-pomegranate_p0255_1024x1536.png	9226-lilith-ai-products	products	9486	gen_products-clothing-womens-general_burgundy-tee-pomegranate_p0255		1024	1536	png	969800	9486_gen_products-clothing-womens-general_burgundy-tee-pomegranate_p0255_1024x1536.png	lilith-ai	PD-own
9226-lilith-ai-products/clothing/womens/general/9487_gen_products-clothing-womens-general_cherry-retro-ski-intarsia-sweater_onmodel_p0256_2160x3840.png	9226-lilith-ai-products	products	9487	gen_products-clothing-womens-general_cherry-retro-ski-intarsia-sweater_onmodel_p0256		2160	3840	png	13488564	9487_gen_products-clothing-womens-general_cherry-retro-ski-intarsia-sweater_onmodel_p0256_2160x3840.png	lilith-ai	PD-own
9226-lilith-ai-products/clothing/womens/general/9488_gen_products-clothing-womens-general_cobalt-embroidered-baggy-jeans_onmodel_p0257_2160x3840.png	9226-lilith-ai-products	products	9488	gen_products-clothing-womens-general_cobalt-embroidered-baggy-jeans_onmodel_p0257		2160	3840	png	13186922	9488_gen_products-clothing-womens-general_cobalt-embroidered-baggy-jeans_onmodel_p0257_2160x3840.png	lilith-ai	PD-own
9226-lilith-ai-products/clothing/womens/general/9489_gen_products-clothing-womens-general_cobalt-faux-leather-pants_p0258_2160x3840.png	9226-lilith-ai-products	products	9489	gen_products-clothing-womens-general_cobalt-faux-leather-pants_p0258		2160	3840	png	3195897	9489_gen_products-clothing-womens-general_cobalt-faux-leather-pants_p0258_2160x3840.png	lilith-ai	PD-own
9226-lilith-ai-products/clothing/womens/general/9490_gen_products-clothing-womens-general_cobalt-puff-sleeve-mini_onmodel_p0259_1024x1536.png	9226-lilith-ai-products	products	9490	gen_products-clothing-womens-general_cobalt-puff-sleeve-mini_onmodel_p0259		1024	1536	png	1014768	9490_gen_products-clothing-womens-general_cobalt-puff-sleeve-mini_onmodel_p0259_1024x1536.png	lilith-ai	PD-own
9226-lilith-ai-products/clothing/womens/general/9491_gen_products-clothing-womens-general_colorblock-fleece-half-zip_onmodel_p0260_2160x3840.png	9226-lilith-ai-products	products	9491	gen_products-clothing-womens-general_colorblock-fleece-half-zip_onmodel_p0260		2160	3840	png	17070012	9491_gen_products-clothing-womens-general_colorblock-fleece-half-zip_onmodel_p0260_2160x3840.png	lilith-ai	PD-own
9226-lilith-ai-products/clothing/womens/general/9492_gen_products-clothing-womens-general_colorblock-mohair-sweater_p0261_2160x3840.png	9226-lilith-ai-products	products	9492	gen_products-clothing-womens-general_colorblock-mohair-sweater_p0261		2160	3840	png	8150801	9492_gen_products-clothing-womens-general_colorblock-mohair-sweater_p0261_2160x3840.png	lilith-ai	PD-own
9226-lilith-ai-products/clothing/womens/general/9493_gen_products-clothing-womens-general_cream-mohair-cardigan_onmodel_p0262_1024x1536.png	9226-lilith-ai-products	products	9493	gen_products-clothing-womens-general_cream-mohair-cardigan_onmodel_p0262		1024	1536	png	2379696	9493_gen_products-clothing-womens-general_cream-mohair-cardigan_onmodel_p0262_1024x1536.png	lilith-ai	PD-own
9226-lilith-ai-products/clothing/womens/general/9494_gen_products-clothing-womens-general_denim-jacket-women-flat_detail_p0263_1024x1024.png	9226-lilith-ai-products	products	9494	gen_products-clothing-womens-general_denim-jacket-women-flat_detail_p0263		1024	1024	png	2466251	9494_gen_products-clothing-womens-general_denim-jacket-women-flat_detail_p0263_1024x1024.png	lilith-ai	PD-own
9226-lilith-ai-products/clothing/womens/general/9495_gen_products-clothing-womens-general_denim-jumpsuit-flat-lifestyle_flat_p0264_1024x1536.png	9226-lilith-ai-products	products	9495	gen_products-clothing-womens-general_denim-jumpsuit-flat-lifestyle_flat_p0264		1024	1536	png	1700423	9495_gen_products-clothing-womens-general_denim-jumpsuit-flat-lifestyle_flat_p0264_1024x1536.png	lilith-ai	PD-own
9226-lilith-ai-products/clothing/womens/general/9496_gen_products-clothing-womens-general_emerald-cutout-knit-dress_onmodel_p0240_2160x3840.png	9226-lilith-ai-products	products	9496	gen_products-clothing-womens-general_emerald-cutout-knit-dress_onmodel_p0240		2160	3840	png	5684505	9496_gen_products-clothing-womens-general_emerald-cutout-knit-dress_onmodel_p0240_2160x3840.png	lilith-ai	PD-own
9226-lilith-ai-products/clothing/womens/general/9497_gen_products-clothing-womens-general_emerald-velvet-tuxedo-trouser_flat_p0265_1024x1536.png	9226-lilith-ai-products	products	9497	gen_products-clothing-womens-general_emerald-velvet-tuxedo-trouser_flat_p0265		1024	1536	png	1154540	9497_gen_products-clothing-womens-general_emerald-velvet-tuxedo-trouser_flat_p0265_1024x1536.png	lilith-ai	PD-own
9226-lilith-ai-products/clothing/womens/general/9498_gen_products-clothing-womens-general_fuchsia-blazer_onmodel_p0266_1024x1536.png	9226-lilith-ai-products	products	9498	gen_products-clothing-womens-general_fuchsia-blazer_onmodel_p0266		1024	1536	png	1459547	9498_gen_products-clothing-womens-general_fuchsia-blazer_onmodel_p0266_1024x1536.png	lilith-ai	PD-own
9226-lilith-ai-products/clothing/womens/general/9499_gen_products-clothing-womens-general_fuchsia-blazer-dress_p0267_2160x3840.png	9226-lilith-ai-products	products	9499	gen_products-clothing-womens-general_fuchsia-blazer-dress_p0267		2160	3840	png	8518823	9499_gen_products-clothing-womens-general_fuchsia-blazer-dress_p0267_2160x3840.png	lilith-ai	PD-own
9226-lilith-ai-products/clothing/womens/general/9500_gen_products-clothing-womens-general_garnet-navy-tartan-tea-dress_onmodel_p0268_2160x3840.png	9226-lilith-ai-products	products	9500	gen_products-clothing-womens-general_garnet-navy-tartan-tea-dress_onmodel_p0268		2160	3840	png	9714526	9500_gen_products-clothing-womens-general_garnet-navy-tartan-tea-dress_onmodel_p0268_2160x3840.png	lilith-ai	PD-own
9226-lilith-ai-products/clothing/womens/general/9501_gen_products-clothing-womens-general_graphic-tee-girls-band-flat_p0269_1024x1536.png	9226-lilith-ai-products	products	9501	gen_products-clothing-womens-general_graphic-tee-girls-band-flat_p0269		1024	1536	png	1646389	9501_gen_products-clothing-womens-general_graphic-tee-girls-band-flat_p0269_1024x1536.png	lilith-ai	PD-own
9226-lilith-ai-products/clothing/womens/general/9502_gen_products-clothing-womens-general_indigo-utility-jumpsuit_onmodel_p0270_1024x1536.png	9226-lilith-ai-products	products	9502	gen_products-clothing-womens-general_indigo-utility-jumpsuit_onmodel_p0270		1024	1536	png	686470	9502_gen_products-clothing-womens-general_indigo-utility-jumpsuit_onmodel_p0270_1024x1536.png	lilith-ai	PD-own
9226-lilith-ai-products/clothing/womens/general/9503_gen_products-clothing-womens-general_ivory-cable-knit-cardigan_ghost_p0271_1024x1536.png	9226-lilith-ai-products	products	9503	gen_products-clothing-womens-general_ivory-cable-knit-cardigan_ghost_p0271		1024	1536	png	2232820	9503_gen_products-clothing-womens-general_ivory-cable-knit-cardigan_ghost_p0271_1024x1536.png	lilith-ai	PD-own
9226-lilith-ai-products/clothing/womens/general/9504_gen_products-clothing-womens-general_lemon-tank-shirt-set_onmodel_p0272_1024x1536.png	9226-lilith-ai-products	products	9504	gen_products-clothing-womens-general_lemon-tank-shirt-set_onmodel_p0272		1024	1536	png	1613174	9504_gen_products-clothing-womens-general_lemon-tank-shirt-set_onmodel_p0272_1024x1536.png	lilith-ai	PD-own
9226-lilith-ai-products/clothing/womens/general/9505_gen_products-clothing-womens-general_marigold-corduroy-overalls_onmodel_p0273_1024x1536.png	9226-lilith-ai-products	products	9505	gen_products-clothing-womens-general_marigold-corduroy-overalls_onmodel_p0273		1024	1536	png	1854432	9505_gen_products-clothing-womens-general_marigold-corduroy-overalls_onmodel_p0273_1024x1536.png	lilith-ai	PD-own
9226-lilith-ai-products/clothing/womens/general/9506_gen_products-clothing-womens-general_marigold-funnel-neck-volume-top_onmodel_p0274_2160x3840.png	9226-lilith-ai-products	products	9506	gen_products-clothing-womens-general_marigold-funnel-neck-volume-top_onmodel_p0274		2160	3840	png	12097314	9506_gen_products-clothing-womens-general_marigold-funnel-neck-volume-top_onmodel_p0274_2160x3840.png	lilith-ai	PD-own
9226-lilith-ai-products/clothing/womens/general/9507_gen_products-clothing-womens-general_marigold-palazzo-trousers_p0275_2160x3840.png	9226-lilith-ai-products	products	9507	gen_products-clothing-womens-general_marigold-palazzo-trousers_p0275		2160	3840	png	4061439	9507_gen_products-clothing-womens-general_marigold-palazzo-trousers_p0275_2160x3840.png	lilith-ai	PD-own
9226-lilith-ai-products/clothing/womens/general/9508_gen_products-clothing-womens-general_marigold-palazzo-trousers_onmodel_p0275_2160x3840.png	9226-lilith-ai-products	products	9508	gen_products-clothing-womens-general_marigold-palazzo-trousers_onmodel_p0275		2160	3840	png	9319194	9508_gen_products-clothing-womens-general_marigold-palazzo-trousers_onmodel_p0275_2160x3840.png	lilith-ai	PD-own
9226-lilith-ai-products/clothing/womens/general/9509_gen_products-clothing-womens-general_mens-buffalo-check-flannel-shirt_onmodel_p0276_3072x5504.jpg	9226-lilith-ai-products	products	9509	gen_products-clothing-womens-general_mens-buffalo-check-flannel-shirt_onmodel_p0276		3072	5504	jpg	2298994	9509_gen_products-clothing-womens-general_mens-buffalo-check-flannel-shirt_onmodel_p0276_3072x5504.jpg	lilith-ai	PD-own
9226-lilith-ai-products/clothing/womens/general/9510_gen_products-clothing-womens-general_mens-oxford-button-down-dusty-blue_onmodel_p0277_3072x5504.jpg	9226-lilith-ai-products	products	9510	gen_products-clothing-womens-general_mens-oxford-button-down-dusty-blue_onmodel_p0277		3072	5504	jpg	977711	9510_gen_products-clothing-womens-general_mens-oxford-button-down-dusty-blue_onmodel_p0277_3072x5504.jpg	lilith-ai	PD-own
9226-lilith-ai-products/clothing/womens/general/9511_gen_products-clothing-womens-general_ochre-wide-leg-jeans_flat_p0278_1024x1536.png	9226-lilith-ai-products	products	9511	gen_products-clothing-womens-general_ochre-wide-leg-jeans_flat_p0278		1024	1536	png	1976215	9511_gen_products-clothing-womens-general_ochre-wide-leg-jeans_flat_p0278_1024x1536.png	lilith-ai	PD-own
9226-lilith-ai-products/clothing/womens/general/9512_gen_products-clothing-womens-general_plisse-metallic-skirt_p0279_2160x3840.png	9226-lilith-ai-products	products	9512	gen_products-clothing-womens-general_plisse-metallic-skirt_p0279		2160	3840	png	7800977	9512_gen_products-clothing-womens-general_plisse-metallic-skirt_p0279_2160x3840.png	lilith-ai	PD-own
9226-lilith-ai-products/clothing/womens/general/9513_gen_products-clothing-womens-general_purple-deconstructed-skirt-suit_onmodel_p0280_2160x3840.png	9226-lilith-ai-products	products	9513	gen_products-clothing-womens-general_purple-deconstructed-skirt-suit_onmodel_p0280		2160	3840	png	10013415	9513_gen_products-clothing-womens-general_purple-deconstructed-skirt-suit_onmodel_p0280_2160x3840.png	lilith-ai	PD-own
9226-lilith-ai-products/clothing/womens/general/9514_gen_products-clothing-womens-general_red-skyblue-colorblock-shirtdress_onmodel_p0281_2160x3840.png	9226-lilith-ai-products	products	9514	gen_products-clothing-womens-general_red-skyblue-colorblock-shirtdress_onmodel_p0281		2160	3840	png	5206848	9514_gen_products-clothing-womens-general_red-skyblue-colorblock-shirtdress_onmodel_p0281_2160x3840.png	lilith-ai	PD-own
9226-lilith-ai-products/clothing/womens/general/9515_gen_products-clothing-womens-general_royal-purple-slip-dress-flatlay_flat_p0282_1024x1536.png	9226-lilith-ai-products	products	9515	gen_products-clothing-womens-general_royal-purple-slip-dress-flatlay_flat_p0282		1024	1536	png	1195977	9515_gen_products-clothing-womens-general_royal-purple-slip-dress-flatlay_flat_p0282_1024x1536.png	lilith-ai	PD-own
9226-lilith-ai-products/clothing/womens/general/9516_gen_products-clothing-womens-general_scarlet-puff-blouse_p0283_2160x3840.png	9226-lilith-ai-products	products	9516	gen_products-clothing-womens-general_scarlet-puff-blouse_p0283		2160	3840	png	5905399	9516_gen_products-clothing-womens-general_scarlet-puff-blouse_p0283_2160x3840.png	lilith-ai	PD-own
9226-lilith-ai-products/clothing/womens/general/9517_gen_products-clothing-womens-general_scarlet-puff-blouse_onmodel_p0283_2160x3840.png	9226-lilith-ai-products	products	9517	gen_products-clothing-womens-general_scarlet-puff-blouse_onmodel_p0283		2160	3840	png	10479208	9517_gen_products-clothing-womens-general_scarlet-puff-blouse_onmodel_p0283_2160x3840.png	lilith-ai	PD-own
9226-lilith-ai-products/clothing/womens/general/9518_gen_products-clothing-womens-general_silver-metallic-statement-puffer_ghost_p0284_2160x3840.png	9226-lilith-ai-products	products	9518	gen_products-clothing-womens-general_silver-metallic-statement-puffer_ghost_p0284		2160	3840	png	7248508	9518_gen_products-clothing-womens-general_silver-metallic-statement-puffer_ghost_p0284_2160x3840.png	lilith-ai	PD-own
9226-lilith-ai-products/clothing/womens/general/9519_gen_products-clothing-womens-general_silver-metallic-statement-puffer_onmodel_p0284_2160x3840.png	9226-lilith-ai-products	products	9519	gen_products-clothing-womens-general_silver-metallic-statement-puffer_onmodel_p0284		2160	3840	png	6682390	9519_gen_products-clothing-womens-general_silver-metallic-statement-puffer_onmodel_p0284_2160x3840.png	lilith-ai	PD-own
9226-lilith-ai-products/clothing/womens/general/9520_gen_products-clothing-womens-general_slogan-out-of-office-tee_p0285_2880x2880.png	9226-lilith-ai-products	products	9520	gen_products-clothing-womens-general_slogan-out-of-office-tee_p0285		2880	2880	png	6118038	9520_gen_products-clothing-womens-general_slogan-out-of-office-tee_p0285_2880x2880.png	lilith-ai	PD-own
9226-lilith-ai-products/clothing/womens/general/9521_gen_products-clothing-womens-general_tangerine-power-blazer_p0286_2160x3840.png	9226-lilith-ai-products	products	9521	gen_products-clothing-womens-general_tangerine-power-blazer_p0286		2160	3840	png	7551215	9521_gen_products-clothing-womens-general_tangerine-power-blazer_p0286_2160x3840.png	lilith-ai	PD-own
9226-lilith-ai-products/clothing/womens/general/9522_gen_products-clothing-womens-general_tomato-mock-neck-knit_onmodel_p0287_1024x1536.png	9226-lilith-ai-products	products	9522	gen_products-clothing-womens-general_tomato-mock-neck-knit_onmodel_p0287		1024	1536	png	1920914	9522_gen_products-clothing-womens-general_tomato-mock-neck-knit_onmodel_p0287_1024x1536.png	lilith-ai	PD-own
9226-lilith-ai-products/clothing/womens/general/9523_gen_products-clothing-womens-general_turquoise-ruffle-bralette-slip_onmodel_p0288_2160x3840.png	9226-lilith-ai-products	products	9523	gen_products-clothing-womens-general_turquoise-ruffle-bralette-slip_onmodel_p0288		2160	3840	png	7513978	9523_gen_products-clothing-womens-general_turquoise-ruffle-bralette-slip_onmodel_p0288_2160x3840.png	lilith-ai	PD-own
9226-lilith-ai-products/clothing/womens/general/9524_gen_products-clothing-womens-general_coral-relaxed-tee_onmodel_p0289_1024x1536.png	9226-lilith-ai-products	products	9524	gen_products-clothing-womens-general_coral-relaxed-tee_onmodel_p0289		1024	1536	png	1541454	9524_gen_products-clothing-womens-general_coral-relaxed-tee_onmodel_p0289_1024x1536.png	lilith-ai	PD-own
9226-lilith-ai-products/clothing/womens/general/9525_gen_products-clothing-womens-general_cream-knit-cardigan_onmodel_p0290_1024x1536.png	9226-lilith-ai-products	products	9525	gen_products-clothing-womens-general_cream-knit-cardigan_onmodel_p0290		1024	1536	png	1683400	9525_gen_products-clothing-womens-general_cream-knit-cardigan_onmodel_p0290_1024x1536.png	lilith-ai	PD-own
9226-lilith-ai-products/clothing/womens/general/9526_gen_products-clothing-womens-general_denim-jacket_flat_p0291_1024x1024.png	9226-lilith-ai-products	products	9526	gen_products-clothing-womens-general_denim-jacket_flat_p0291		1024	1024	png	1626979	9526_gen_products-clothing-womens-general_denim-jacket_flat_p0291_1024x1024.png	lilith-ai	PD-own
9226-lilith-ai-products/clothing/womens/general/9527_gen_products-clothing-womens-general_ditsy-floral-sundress_onmodel_p0292_1024x1536.png	9226-lilith-ai-products	products	9527	gen_products-clothing-womens-general_ditsy-floral-sundress_onmodel_p0292		1024	1536	png	1751210	9527_gen_products-clothing-womens-general_ditsy-floral-sundress_onmodel_p0292_1024x1536.png	lilith-ai	PD-own
9226-lilith-ai-products/clothing/womens/general/9528_gen_products-clothing-womens-general_dusty-blue-blouse_onmodel_p0293_1024x1536.png	9226-lilith-ai-products	products	9528	gen_products-clothing-womens-general_dusty-blue-blouse_onmodel_p0293		1024	1536	png	1634887	9528_gen_products-clothing-womens-general_dusty-blue-blouse_onmodel_p0293_1024x1536.png	lilith-ai	PD-own
9226-lilith-ai-products/clothing/womens/general/9529_gen_products-clothing-womens-general_everyday-tshirt-dress-dusty-teal_onmodel_p0294_3072x5504.jpg	9226-lilith-ai-products	products	9529	gen_products-clothing-womens-general_everyday-tshirt-dress-dusty-teal_onmodel_p0294		3072	5504	jpg	930055	9529_gen_products-clothing-womens-general_everyday-tshirt-dress-dusty-teal_onmodel_p0294_3072x5504.jpg	lilith-ai	PD-own
9226-lilith-ai-products/clothing/womens/general/9530_gen_products-clothing-womens-general_floral-midi-sundress-blush_onmodel_p0295_3072x5504.jpg	9226-lilith-ai-products	products	9530	gen_products-clothing-womens-general_floral-midi-sundress-blush_onmodel_p0295		3072	5504	jpg	1485915	9530_gen_products-clothing-womens-general_floral-midi-sundress-blush_onmodel_p0295_3072x5504.jpg	lilith-ai	PD-own
9226-lilith-ai-products/clothing/womens/general/9531_gen_products-clothing-womens-general_floral-wrap-dress_onmodel_p0296_1024x1536.png	9226-lilith-ai-products	products	9531	gen_products-clothing-womens-general_floral-wrap-dress_onmodel_p0296		1024	1536	png	2189506	9531_gen_products-clothing-womens-general_floral-wrap-dress_onmodel_p0296_1024x1536.png	lilith-ai	PD-own
9226-lilith-ai-products/clothing/womens/general/9532_gen_products-clothing-womens-general_gingham-shirt-dress_ghost_p0297_1024x1536.png	9226-lilith-ai-products	products	9532	gen_products-clothing-womens-general_gingham-shirt-dress_ghost_p0297		1024	1536	png	2069810	9532_gen_products-clothing-womens-general_gingham-shirt-dress_ghost_p0297_1024x1536.png	lilith-ai	PD-own
9226-lilith-ai-products/clothing/womens/general/9533_gen_products-clothing-womens-general_graphic-sweatshirt_p0298_1024x1536.png	9226-lilith-ai-products	products	9533	gen_products-clothing-womens-general_graphic-sweatshirt_p0298		1024	1536	png	1750941	9533_gen_products-clothing-womens-general_graphic-sweatshirt_p0298_1024x1536.png	lilith-ai	PD-own
9226-lilith-ai-products/clothing/womens/general/9534_gen_products-clothing-womens-general_lilac-blazer_ghost_p0299_1024x1536.png	9226-lilith-ai-products	products	9534	gen_products-clothing-womens-general_lilac-blazer_ghost_p0299		1024	1536	png	1729908	9534_gen_products-clothing-womens-general_lilac-blazer_ghost_p0299_1024x1536.png	lilith-ai	PD-own
9226-lilith-ai-products/clothing/womens/general/9535_gen_products-clothing-womens-general_linen-button-shirt_flat_p0300_1024x1024.png	9226-lilith-ai-products	products	9535	gen_products-clothing-womens-general_linen-button-shirt_flat_p0300		1024	1024	png	1046452	9535_gen_products-clothing-womens-general_linen-button-shirt_flat_p0300_1024x1024.png	lilith-ai	PD-own
9226-lilith-ai-products/clothing/womens/general/9536_gen_products-clothing-womens-general_olive-cargo-pant_ghost_p0301_1024x1536.png	9226-lilith-ai-products	products	9536	gen_products-clothing-womens-general_olive-cargo-pant_ghost_p0301		1024	1536	png	1078525	9536_gen_products-clothing-womens-general_olive-cargo-pant_ghost_p0301_1024x1536.png	lilith-ai	PD-own
9226-lilith-ai-products/clothing/womens/general/9537_gen_products-clothing-womens-general_plus-jumpsuit_onmodel_p0302_1024x1536.png	9226-lilith-ai-products	products	9537	gen_products-clothing-womens-general_plus-jumpsuit_onmodel_p0302		1024	1536	png	1018189	9537_gen_products-clothing-womens-general_plus-jumpsuit_onmodel_p0302_1024x1536.png	lilith-ai	PD-own
9226-lilith-ai-products/clothing/womens/general/9538_gen_products-clothing-womens-general_puff-sleeve-blouse_flat_p0303_1024x1024.png	9226-lilith-ai-products	products	9538	gen_products-clothing-womens-general_puff-sleeve-blouse_flat_p0303		1024	1024	png	897544	9538_gen_products-clothing-womens-general_puff-sleeve-blouse_flat_p0303_1024x1024.png	lilith-ai	PD-own
9226-lilith-ai-products/clothing/womens/general/9539_gen_products-clothing-womens-general_ribbed-tank_flat_p0304_1024x1024.png	9226-lilith-ai-products	products	9539	gen_products-clothing-womens-general_ribbed-tank_flat_p0304		1024	1024	png	974395	9539_gen_products-clothing-womens-general_ribbed-tank_flat_p0304_1024x1024.png	lilith-ai	PD-own
9226-lilith-ai-products/clothing/womens/general/9540_gen_products-clothing-womens-general_rust-corduroy-skirt_ghost_p0305_1024x1536.png	9226-lilith-ai-products	products	9540	gen_products-clothing-womens-general_rust-corduroy-skirt_ghost_p0305		1024	1536	png	1776840	9540_gen_products-clothing-womens-general_rust-corduroy-skirt_ghost_p0305_1024x1536.png	lilith-ai	PD-own
9226-lilith-ai-products/clothing/womens/general/9541_gen_products-clothing-womens-general_sage-cardigan_flat_p0306_1024x1024.png	9226-lilith-ai-products	products	9541	gen_products-clothing-womens-general_sage-cardigan_flat_p0306		1024	1024	png	1926898	9541_gen_products-clothing-womens-general_sage-cardigan_flat_p0306_1024x1024.png	lilith-ai	PD-own
9226-lilith-ai-products/clothing/womens/general/9542_gen_products-clothing-womens-general_stripe-tee-dress_onmodel_p0307_1024x1536.png	9226-lilith-ai-products	products	9542	gen_products-clothing-womens-general_stripe-tee-dress_onmodel_p0307		1024	1536	png	850617	9542_gen_products-clothing-womens-general_stripe-tee-dress_onmodel_p0307_1024x1536.png	lilith-ai	PD-own
9226-lilith-ai-products/clothing/womens/general/9543_gen_products-clothing-womens-general_teal-graphic-tee_p0308_1024x1536.png	9226-lilith-ai-products	products	9543	gen_products-clothing-womens-general_teal-graphic-tee_p0308		1024	1536	png	1390020	9543_gen_products-clothing-womens-general_teal-graphic-tee_p0308_1024x1536.png	lilith-ai	PD-own
9226-lilith-ai-products/clothing/womens/general/9544_gen_products-clothing-womens-general_terracotta-knit-dress_onmodel_p0309_1024x1536.png	9226-lilith-ai-products	products	9544	gen_products-clothing-womens-general_terracotta-knit-dress_onmodel_p0309		1024	1536	png	1179571	9544_gen_products-clothing-womens-general_terracotta-knit-dress_onmodel_p0309_1024x1536.png	lilith-ai	PD-own
9226-lilith-ai-products/clothing/womens/general/9545_gen_products-clothing-womens-general_wide-leg-jean_ghost_p0310_1024x1536.png	9226-lilith-ai-products	products	9545	gen_products-clothing-womens-general_wide-leg-jean_ghost_p0310		1024	1536	png	1907153	9545_gen_products-clothing-womens-general_wide-leg-jean_ghost_p0310_1024x1536.png	lilith-ai	PD-own
9226-lilith-ai-products/clothing/womens/general/9546_gen_products-clothing-womens-general_yellow-cropped-cardigan_onmodel_p0311_1024x1536.png	9226-lilith-ai-products	products	9546	gen_products-clothing-womens-general_yellow-cropped-cardigan_onmodel_p0311		1024	1536	png	2288746	9546_gen_products-clothing-womens-general_yellow-cropped-cardigan_onmodel_p0311_1024x1536.png	lilith-ai	PD-own
9226-lilith-ai-products/clothing/womens/general/9547_gen_products-clothing-womens-general_wordmark-bloom-minimal-tee_p0312_2048x2048.jpg	9226-lilith-ai-products	products	9547	gen_products-clothing-womens-general_wordmark-bloom-minimal-tee_p0312		2048	2048	jpg	239573	9547_gen_products-clothing-womens-general_wordmark-bloom-minimal-tee_p0312_2048x2048.jpg	lilith-ai	PD-own
9226-lilith-ai-products/clothing/womens/general/9548_gen_products-clothing-womens-general_wordmark-sundaze-tee_p0313_2880x2880.png	9226-lilith-ai-products	products	9548	gen_products-clothing-womens-general_wordmark-sundaze-tee_p0313		2880	2880	png	7000571	9548_gen_products-clothing-womens-general_wordmark-sundaze-tee_p0313_2880x2880.png	lilith-ai	PD-own
9226-lilith-ai-products/clothing/womens/loungewear/9549_gen_products-clothing-womens-loungewear_blush-floral-pajama-set_flat_p0314_1024x1536.png	9226-lilith-ai-products	products	9549	gen_products-clothing-womens-loungewear_blush-floral-pajama-set_flat_p0314		1024	1536	png	1639768	9549_gen_products-clothing-womens-loungewear_blush-floral-pajama-set_flat_p0314_1024x1536.png	lilith-ai	PD-own
9226-lilith-ai-products/clothing/womens/loungewear/9550_gen_products-clothing-womens-loungewear_blush-fuzzy-slippers_flat_p0315_1536x1024.png	9226-lilith-ai-products	products	9550	gen_products-clothing-womens-loungewear_blush-fuzzy-slippers_flat_p0315		1536	1024	png	1421697	9550_gen_products-clothing-womens-loungewear_blush-fuzzy-slippers_flat_p0315_1536x1024.png	lilith-ai	PD-own
9226-lilith-ai-products/clothing/womens/loungewear/9551_gen_products-clothing-womens-loungewear_blush-robe_onmodel_p0316_1024x1536.png	9226-lilith-ai-products	products	9551	gen_products-clothing-womens-loungewear_blush-robe_onmodel_p0316		1024	1536	png	1064244	9551_gen_products-clothing-womens-loungewear_blush-robe_onmodel_p0316_1024x1536.png	lilith-ai	PD-own
9226-lilith-ai-products/clothing/womens/loungewear/9552_gen_products-clothing-womens-loungewear_blush-satin-robe_flat_p0317_1024x1536.png	9226-lilith-ai-products	products	9552	gen_products-clothing-womens-loungewear_blush-satin-robe_flat_p0317		1024	1536	png	1109900	9552_gen_products-clothing-womens-loungewear_blush-satin-robe_flat_p0317_1024x1536.png	lilith-ai	PD-own
9226-lilith-ai-products/clothing/womens/loungewear/9553_gen_products-clothing-womens-loungewear_buttery-yellow-tank-short-set_flat_p0318_1024x1024.png	9226-lilith-ai-products	products	9553	gen_products-clothing-womens-loungewear_buttery-yellow-tank-short-set_flat_p0318		1024	1024	png	607675	9553_gen_products-clothing-womens-loungewear_buttery-yellow-tank-short-set_flat_p0318_1024x1024.png	lilith-ai	PD-own
9226-lilith-ai-products/clothing/womens/loungewear/9554_gen_products-clothing-womens-loungewear_coral-lounge-shorts_flat_p0319_1536x1024.png	9226-lilith-ai-products	products	9554	gen_products-clothing-womens-loungewear_coral-lounge-shorts_flat_p0319		1536	1024	png	1250065	9554_gen_products-clothing-womens-loungewear_coral-lounge-shorts_flat_p0319_1536x1024.png	lilith-ai	PD-own
9226-lilith-ai-products/clothing/womens/loungewear/9555_gen_products-clothing-womens-loungewear_coral-pajama-set_onmodel_p0320_1024x1536.png	9226-lilith-ai-products	products	9555	gen_products-clothing-womens-loungewear_coral-pajama-set_onmodel_p0320		1024	1536	png	1472304	9555_gen_products-clothing-womens-loungewear_coral-pajama-set_onmodel_p0320_1024x1536.png	lilith-ai	PD-own
9226-lilith-ai-products/clothing/womens/loungewear/9556_gen_products-clothing-womens-loungewear_coral-ribbed-bralette_flat_p0321_1024x1024.png	9226-lilith-ai-products	products	9556	gen_products-clothing-womens-loungewear_coral-ribbed-bralette_flat_p0321		1024	1024	png	1018874	9556_gen_products-clothing-womens-loungewear_coral-ribbed-bralette_flat_p0321_1024x1024.png	lilith-ai	PD-own
9226-lilith-ai-products/clothing/womens/loungewear/9557_gen_products-clothing-womens-loungewear_cream-thermal-henley-pants_flat_p0322_1024x1536.png	9226-lilith-ai-products	products	9557	gen_products-clothing-womens-loungewear_cream-thermal-henley-pants_flat_p0322		1024	1536	png	1805901	9557_gen_products-clothing-womens-loungewear_cream-thermal-henley-pants_flat_p0322_1024x1536.png	lilith-ai	PD-own
9226-lilith-ai-products/clothing/womens/loungewear/9558_gen_products-clothing-womens-loungewear_cream-thermal-set_onmodel_p0323_1024x1536.png	9226-lilith-ai-products	products	9558	gen_products-clothing-womens-loungewear_cream-thermal-set_onmodel_p0323		1024	1536	png	1792880	9558_gen_products-clothing-womens-loungewear_cream-thermal-set_onmodel_p0323_1024x1536.png	lilith-ai	PD-own
9226-lilith-ai-products/clothing/womens/loungewear/9559_gen_products-clothing-womens-loungewear_dusty-blue-floral-pajamas_onmodel_p0324_1024x1536.png	9226-lilith-ai-products	products	9559	gen_products-clothing-womens-loungewear_dusty-blue-floral-pajamas_onmodel_p0324		1024	1536	png	1651287	9559_gen_products-clothing-womens-loungewear_dusty-blue-floral-pajamas_onmodel_p0324_1024x1536.png	lilith-ai	PD-own
9226-lilith-ai-products/clothing/womens/loungewear/9560_gen_products-clothing-womens-loungewear_dusty-blue-modal-robe_flat_p0325_1024x1536.png	9226-lilith-ai-products	products	9560	gen_products-clothing-womens-loungewear_dusty-blue-modal-robe_flat_p0325		1024	1536	png	1870314	9560_gen_products-clothing-womens-loungewear_dusty-blue-modal-robe_flat_p0325_1024x1536.png	lilith-ai	PD-own
9226-lilith-ai-products/clothing/womens/loungewear/9561_gen_products-clothing-womens-loungewear_dusty-blue-pajama-set_flat_p0326_1024x1536.png	9226-lilith-ai-products	products	9561	gen_products-clothing-womens-loungewear_dusty-blue-pajama-set_flat_p0326		1024	1536	png	1616865	9561_gen_products-clothing-womens-loungewear_dusty-blue-pajama-set_flat_p0326_1024x1536.png	lilith-ai	PD-own
9226-lilith-ai-products/clothing/womens/loungewear/9562_gen_products-clothing-womens-loungewear_ivory-cable-knit-slippers_flat_p0327_1536x1024.png	9226-lilith-ai-products	products	9562	gen_products-clothing-womens-loungewear_ivory-cable-knit-slippers_flat_p0327		1536	1024	png	1039658	9562_gen_products-clothing-womens-loungewear_ivory-cable-knit-slippers_flat_p0327_1536x1024.png	lilith-ai	PD-own
9226-lilith-ai-products/clothing/womens/loungewear/9563_gen_products-clothing-womens-loungewear_ivory-lounge-set_onmodel_p0328_1024x1536.png	9226-lilith-ai-products	products	9563	gen_products-clothing-womens-loungewear_ivory-lounge-set_onmodel_p0328		1024	1536	png	1023519	9563_gen_products-clothing-womens-loungewear_ivory-lounge-set_onmodel_p0328_1024x1536.png	lilith-ai	PD-own
9226-lilith-ai-products/clothing/womens/loungewear/9564_gen_products-clothing-womens-loungewear_ivory-wireless-bralette_flat_p0329_1024x1024.png	9226-lilith-ai-products	products	9564	gen_products-clothing-womens-loungewear_ivory-wireless-bralette_flat_p0329		1024	1024	png	941713	9564_gen_products-clothing-womens-loungewear_ivory-wireless-bralette_flat_p0329_1024x1024.png	lilith-ai	PD-own
9226-lilith-ai-products/clothing/womens/loungewear/9565_gen_products-clothing-womens-loungewear_lavender-modal-cami-set_flat_p0330_1024x1024.png	9226-lilith-ai-products	products	9565	gen_products-clothing-womens-loungewear_lavender-modal-cami-set_flat_p0330		1024	1024	png	680198	9565_gen_products-clothing-womens-loungewear_lavender-modal-cami-set_flat_p0330_1024x1024.png	lilith-ai	PD-own
9226-lilith-ai-products/clothing/womens/loungewear/9566_gen_products-clothing-womens-loungewear_set-tonal-flatlay_flat_p0331_1024x1024.png	9226-lilith-ai-products	products	9566	gen_products-clothing-womens-loungewear_set-tonal-flatlay_flat_p0331		1024	1024	png	1208572	9566_gen_products-clothing-womens-loungewear_set-tonal-flatlay_flat_p0331_1024x1024.png	lilith-ai	PD-own
9226-lilith-ai-products/clothing/womens/loungewear/9567_gen_products-clothing-womens-loungewear_navy-stripe-pajama-set_flat_p0332_1024x1536.png	9226-lilith-ai-products	products	9567	gen_products-clothing-womens-loungewear_navy-stripe-pajama-set_flat_p0332		1024	1536	png	774271	9567_gen_products-clothing-womens-loungewear_navy-stripe-pajama-set_flat_p0332_1024x1536.png	lilith-ai	PD-own
9226-lilith-ai-products/clothing/womens/loungewear/9568_gen_products-clothing-womens-loungewear_sage-bralette-brief-set_flat_p0333_1024x1024.png	9226-lilith-ai-products	products	9568	gen_products-clothing-womens-loungewear_sage-bralette-brief-set_flat_p0333		1024	1024	png	773694	9568_gen_products-clothing-womens-loungewear_sage-bralette-brief-set_flat_p0333_1024x1024.png	lilith-ai	PD-own
9226-lilith-ai-products/clothing/womens/loungewear/9569_gen_products-clothing-womens-loungewear_sage-ribbed-lounge-set_flat_p0334_1024x1024.png	9226-lilith-ai-products	products	9569	gen_products-clothing-womens-loungewear_sage-ribbed-lounge-set_flat_p0334		1024	1024	png	736775	9569_gen_products-clothing-womens-loungewear_sage-ribbed-lounge-set_flat_p0334_1024x1024.png	lilith-ai	PD-own
9226-lilith-ai-products/clothing/womens/loungewear/9570_gen_products-clothing-womens-loungewear_sage-ribbed-set_onmodel_p0335_1024x1536.png	9226-lilith-ai-products	products	9570	gen_products-clothing-womens-loungewear_sage-ribbed-set_onmodel_p0335		1024	1536	png	2284569	9570_gen_products-clothing-womens-loungewear_sage-ribbed-set_onmodel_p0335_1024x1536.png	lilith-ai	PD-own
9226-lilith-ai-products/clothing/womens/loungewear/9571_gen_products-clothing-womens-loungewear_teal-waffle-robe_flat_p0336_1024x1536.png	9226-lilith-ai-products	products	9571	gen_products-clothing-womens-loungewear_teal-waffle-robe_flat_p0336		1024	1536	png	2687215	9571_gen_products-clothing-womens-loungewear_teal-waffle-robe_flat_p0336_1024x1536.png	lilith-ai	PD-own
9226-lilith-ai-products/clothing/womens/loungewear/9572_gen_products-clothing-womens-loungewear_terracotta-french-terry_onmodel_p0337_1024x1536.png	9226-lilith-ai-products	products	9572	gen_products-clothing-womens-loungewear_terracotta-french-terry_onmodel_p0337		1024	1536	png	1064094	9572_gen_products-clothing-womens-loungewear_terracotta-french-terry_onmodel_p0337_1024x1536.png	lilith-ai	PD-own
9226-lilith-ai-products/clothing/womens/loungewear/9573_gen_products-clothing-womens-loungewear_terracotta-lounge-set_flat_p0338_1024x1024.png	9226-lilith-ai-products	products	9573	gen_products-clothing-womens-loungewear_terracotta-lounge-set_flat_p0338		1024	1024	png	578932	9573_gen_products-clothing-womens-loungewear_terracotta-lounge-set_flat_p0338_1024x1024.png	lilith-ai	PD-own
9226-lilith-ai-products/clothing/womens/loungewear/9574_gen_products-clothing-womens-loungewear_white-faux-fur-apres-coat_onmodel_p0339_2160x3840.png	9226-lilith-ai-products	products	9574	gen_products-clothing-womens-loungewear_white-faux-fur-apres-coat_onmodel_p0339		2160	3840	png	7765637	9574_gen_products-clothing-womens-loungewear_white-faux-fur-apres-coat_onmodel_p0339_2160x3840.png	lilith-ai	PD-own
9226-lilith-ai-products/clothing/womens/loungewear/9575_gen_products-clothing-womens-loungewear_blush-pajama-set_flat_p0340_1536x1024.png	9226-lilith-ai-products	products	9575	gen_products-clothing-womens-loungewear_blush-pajama-set_flat_p0340		1536	1024	png	1337278	9575_gen_products-clothing-womens-loungewear_blush-pajama-set_flat_p0340_1536x1024.png	lilith-ai	PD-own
9226-lilith-ai-products/clothing/womens/loungewear/9576_gen_products-clothing-womens-loungewear_bralette_flat_p0341_1024x1024.png	9226-lilith-ai-products	products	9576	gen_products-clothing-womens-loungewear_bralette_flat_p0341		1024	1024	png	1252518	9576_gen_products-clothing-womens-loungewear_bralette_flat_p0341_1024x1024.png	lilith-ai	PD-own
9226-lilith-ai-products/clothing/womens/loungewear/9577_gen_products-clothing-womens-loungewear_knit-tank-set_flat_p0342_1536x1024.png	9226-lilith-ai-products	products	9577	gen_products-clothing-womens-loungewear_knit-tank-set_flat_p0342		1536	1024	png	768335	9577_gen_products-clothing-womens-loungewear_knit-tank-set_flat_p0342_1536x1024.png	lilith-ai	PD-own
9226-lilith-ai-products/clothing/womens/loungewear/9578_gen_products-clothing-womens-loungewear_lounge-set-blush_onmodel_p0343_3072x5504.jpg	9226-lilith-ai-products	products	9578	gen_products-clothing-womens-loungewear_lounge-set-blush_onmodel_p0343		3072	5504	jpg	841956	9578_gen_products-clothing-womens-loungewear_lounge-set-blush_onmodel_p0343_3072x5504.jpg	lilith-ai	PD-own
9226-lilith-ai-products/clothing/womens/loungewear/9579_gen_products-clothing-womens-loungewear_yellow-tank-short_onmodel_p0344_1024x1536.png	9226-lilith-ai-products	products	9579	gen_products-clothing-womens-loungewear_yellow-tank-short_onmodel_p0344		1024	1536	png	2050723	9579_gen_products-clothing-womens-loungewear_yellow-tank-short_onmodel_p0344_1024x1536.png	lilith-ai	PD-own
9226-lilith-ai-products/electronics/9580_gen_products-electronics_axion-laptop-closed_p0345_1536x1024.png	9226-lilith-ai-products	products	9580	gen_products-electronics_axion-laptop-closed_p0345		1536	1024	png	1668768	9580_gen_products-electronics_axion-laptop-closed_p0345_1536x1024.png	lilith-ai	PD-own
9226-lilith-ai-products/electronics/9581_gen_products-electronics_axion-laptop-open_p0345_1536x1024.png	9226-lilith-ai-products	products	9581	gen_products-electronics_axion-laptop-open_p0345		1536	1024	png	1171923	9581_gen_products-electronics_axion-laptop-open_p0345_1536x1024.png	lilith-ai	PD-own
9226-lilith-ai-products/electronics/9582_gen_products-electronics_axion-monitor_p0346_1536x1024.png	9226-lilith-ai-products	products	9582	gen_products-electronics_axion-monitor_p0346		1536	1024	png	1072929	9582_gen_products-electronics_axion-monitor_p0346_1536x1024.png	lilith-ai	PD-own
9226-lilith-ai-products/electronics/9583_gen_products-electronics_axion-mouse-pad_p0347_1536x1024.png	9226-lilith-ai-products	products	9583	gen_products-electronics_axion-mouse-pad_p0347		1536	1024	png	2389256	9583_gen_products-electronics_axion-mouse-pad_p0347_1536x1024.png	lilith-ai	PD-own
9226-lilith-ai-products/electronics/9584_gen_products-electronics_axion-smart-speaker_p0348_1024x1536.png	9226-lilith-ai-products	products	9584	gen_products-electronics_axion-smart-speaker_p0348		1024	1536	png	1922711	9584_gen_products-electronics_axion-smart-speaker_p0348_1024x1536.png	lilith-ai	PD-own
9226-lilith-ai-products/electronics/9585_gen_products-electronics_axion-usbc-dock_p0349_1536x1024.png	9226-lilith-ai-products	products	9585	gen_products-electronics_axion-usbc-dock_p0349		1536	1024	png	1955938	9585_gen_products-electronics_axion-usbc-dock_p0349_1536x1024.png	lilith-ai	PD-own
9226-lilith-ai-products/electronics/9586_gen_products-electronics_axion-webcam_p0350_1536x1024.png	9226-lilith-ai-products	products	9586	gen_products-electronics_axion-webcam_p0350		1536	1024	png	952826	9586_gen_products-electronics_axion-webcam_p0350_1536x1024.png	lilith-ai	PD-own
9226-lilith-ai-products/electronics/9587_gen_products-electronics_axion-wireless-mouse_p0351_1024x1024.png	9226-lilith-ai-products	products	9587	gen_products-electronics_axion-wireless-mouse_p0351		1024	1024	png	994833	9587_gen_products-electronics_axion-wireless-mouse_p0351_1024x1024.png	lilith-ai	PD-own
9226-lilith-ai-products/electronics/9588_gen_products-electronics_halcyon-phone-case_p0352_1024x1536.png	9226-lilith-ai-products	products	9588	gen_products-electronics_halcyon-phone-case_p0352		1024	1536	png	1210898	9588_gen_products-electronics_halcyon-phone-case_p0352_1024x1536.png	lilith-ai	PD-own
9226-lilith-ai-products/electronics/9589_gen_products-electronics_halcyon-phone-holder_p0353_1024x1024.png	9226-lilith-ai-products	products	9589	gen_products-electronics_halcyon-phone-holder_p0353		1024	1024	png	624796	9589_gen_products-electronics_halcyon-phone-holder_p0353_1024x1024.png	lilith-ai	PD-own
9226-lilith-ai-products/electronics/9590_gen_products-electronics_halcyon-screen-protector-pack_p0354_1024x1536.png	9226-lilith-ai-products	products	9590	gen_products-electronics_halcyon-screen-protector-pack_p0354		1024	1536	png	1258617	9590_gen_products-electronics_halcyon-screen-protector-pack_p0354_1024x1536.png	lilith-ai	PD-own
9226-lilith-ai-products/electronics/9591_gen_products-electronics_harmonix-av-receiver_p0355_1536x1024.png	9226-lilith-ai-products	products	9591	gen_products-electronics_harmonix-av-receiver_p0355		1536	1024	png	1764030	9591_gen_products-electronics_harmonix-av-receiver_p0355_1536x1024.png	lilith-ai	PD-own
9226-lilith-ai-products/electronics/9592_gen_products-electronics_harmonix-bluetooth-speaker_p0356_1024x1024.png	9226-lilith-ai-products	products	9592	gen_products-electronics_harmonix-bluetooth-speaker_p0356		1024	1024	png	1405049	9592_gen_products-electronics_harmonix-bluetooth-speaker_p0356_1024x1024.png	lilith-ai	PD-own
9226-lilith-ai-products/electronics/9593_gen_products-electronics_harmonix-bookshelf-speakers_p0357_1536x1024.png	9226-lilith-ai-products	products	9593	gen_products-electronics_harmonix-bookshelf-speakers_p0357		1536	1024	png	2112706	9593_gen_products-electronics_harmonix-bookshelf-speakers_p0357_1536x1024.png	lilith-ai	PD-own
9226-lilith-ai-products/electronics/9594_gen_products-electronics_harmonix-gaming-headset_p0358_1024x1536.png	9226-lilith-ai-products	products	9594	gen_products-electronics_harmonix-gaming-headset_p0358		1024	1536	png	1312705	9594_gen_products-electronics_harmonix-gaming-headset_p0358_1024x1536.png	lilith-ai	PD-own
9226-lilith-ai-products/electronics/9595_gen_products-electronics_harmonix-over-ear-headphones_p0359_1024x1536.png	9226-lilith-ai-products	products	9595	gen_products-electronics_harmonix-over-ear-headphones_p0359		1024	1536	png	1622944	9595_gen_products-electronics_harmonix-over-ear-headphones_p0359_1024x1536.png	lilith-ai	PD-own
9226-lilith-ai-products/electronics/9596_gen_products-electronics_harmonix-soundbar_p0360_1536x1024.png	9226-lilith-ai-products	products	9596	gen_products-electronics_harmonix-soundbar_p0360		1536	1024	png	1788523	9596_gen_products-electronics_harmonix-soundbar_p0360_1536x1024.png	lilith-ai	PD-own
9226-lilith-ai-products/electronics/9597_gen_products-electronics_harmonix-studio-monitors_p0361_1536x1024.png	9226-lilith-ai-products	products	9597	gen_products-electronics_harmonix-studio-monitors_p0361		1536	1024	png	1821191	9597_gen_products-electronics_harmonix-studio-monitors_p0361_1536x1024.png	lilith-ai	PD-own
9226-lilith-ai-products/electronics/9598_gen_products-electronics_harmonix-turntable_p0362_1024x1024.png	9226-lilith-ai-products	products	9598	gen_products-electronics_harmonix-turntable_p0362		1024	1024	png	942040	9598_gen_products-electronics_harmonix-turntable_p0362_1024x1024.png	lilith-ai	PD-own
9226-lilith-ai-products/electronics/9599_gen_products-electronics_harmonix-usb-microphone_p0363_1024x1536.png	9226-lilith-ai-products	products	9599	gen_products-electronics_harmonix-usb-microphone_p0363		1024	1536	png	1156560	9599_gen_products-electronics_harmonix-usb-microphone_p0363_1024x1536.png	lilith-ai	PD-own
9226-lilith-ai-products/electronics/9600_gen_products-electronics_kestrel-gps-sport-watch_p0364_1024x1024.png	9226-lilith-ai-products	products	9600	gen_products-electronics_kestrel-gps-sport-watch_p0364		1024	1024	png	974066	9600_gen_products-electronics_kestrel-gps-sport-watch_p0364_1024x1024.png	lilith-ai	PD-own
9226-lilith-ai-products/electronics/9601_gen_products-electronics_kestrel-phone-tripod_p0365_1024x1536.png	9226-lilith-ai-products	products	9601	gen_products-electronics_kestrel-phone-tripod_p0365		1024	1536	png	799303	9601_gen_products-electronics_kestrel-phone-tripod_p0365_1024x1536.png	lilith-ai	PD-own
9226-lilith-ai-products/electronics/9602_gen_products-electronics_lumen-ereader_p0366_1024x1536.png	9226-lilith-ai-products	products	9602	gen_products-electronics_lumen-ereader_p0366		1024	1536	png	1965453	9602_gen_products-electronics_lumen-ereader_p0366_1024x1536.png	lilith-ai	PD-own
9226-lilith-ai-products/electronics/9603_gen_products-electronics_lumen-led-desk-lamp_p0367_1024x1536.png	9226-lilith-ai-products	products	9603	gen_products-electronics_lumen-led-desk-lamp_p0367		1024	1536	png	484420	9603_gen_products-electronics_lumen-led-desk-lamp_p0367_1024x1536.png	lilith-ai	PD-own
9226-lilith-ai-products/electronics/9604_gen_products-electronics_lumen-mini-projector_p0368_1536x1024.png	9226-lilith-ai-products	products	9604	gen_products-electronics_lumen-mini-projector_p0368		1536	1024	png	1074649	9604_gen_products-electronics_lumen-mini-projector_p0368_1536x1024.png	lilith-ai	PD-own
9226-lilith-ai-products/electronics/9605_gen_products-electronics_lumen-ring-light_p0369_1024x1024.png	9226-lilith-ai-products	products	9605	gen_products-electronics_lumen-ring-light_p0369		1024	1024	png	518475	9605_gen_products-electronics_lumen-ring-light_p0369_1024x1024.png	lilith-ai	PD-own
9226-lilith-ai-products/electronics/9606_gen_products-electronics_lumen-stylus_p0370_1536x1024.png	9226-lilith-ai-products	products	9606	gen_products-electronics_lumen-stylus_p0370		1536	1024	png	1017410	9606_gen_products-electronics_lumen-stylus_p0370_1536x1024.png	lilith-ai	PD-own
9226-lilith-ai-products/electronics/9607_gen_products-electronics_meridian-earbuds-case-open_p0371_1536x1024.png	9226-lilith-ai-products	products	9607	gen_products-electronics_meridian-earbuds-case-open_p0371		1536	1024	png	754537	9607_gen_products-electronics_meridian-earbuds-case-open_p0371_1536x1024.png	lilith-ai	PD-own
9226-lilith-ai-products/electronics/9608_gen_products-electronics_meridian-single-earbud_p0372_1024x1024.png	9226-lilith-ai-products	products	9608	gen_products-electronics_meridian-single-earbud_p0372		1024	1024	png	293168	9608_gen_products-electronics_meridian-single-earbud_p0372_1024x1024.png	lilith-ai	PD-own
9226-lilith-ai-products/electronics/9609_gen_products-electronics_meridian-smartphone-back_p0373_1024x1536.png	9226-lilith-ai-products	products	9609	gen_products-electronics_meridian-smartphone-back_p0373		1024	1536	png	1193735	9609_gen_products-electronics_meridian-smartphone-back_p0373_1024x1536.png	lilith-ai	PD-own
9226-lilith-ai-products/electronics/9610_gen_products-electronics_meridian-smartphone-front_p0373_1024x1536.png	9226-lilith-ai-products	products	9610	gen_products-electronics_meridian-smartphone-front_p0373		1024	1536	png	751017	9610_gen_products-electronics_meridian-smartphone-front_p0373_1024x1536.png	lilith-ai	PD-own
9226-lilith-ai-products/electronics/9611_gen_products-electronics_meridian-tablet-front_p0374_1536x1024.png	9226-lilith-ai-products	products	9611	gen_products-electronics_meridian-tablet-front_p0374		1536	1024	png	1072355	9611_gen_products-electronics_meridian-tablet-front_p0374_1536x1024.png	lilith-ai	PD-own
9226-lilith-ai-products/electronics/9612_gen_products-electronics_meridian-tablet-side_p0374_1536x1024.png	9226-lilith-ai-products	products	9612	gen_products-electronics_meridian-tablet-side_p0374		1536	1024	png	841147	9612_gen_products-electronics_meridian-tablet-side_p0374_1536x1024.png	lilith-ai	PD-own
9226-lilith-ai-products/electronics/9613_gen_products-electronics_meridian-wireless-charger_p0375_1024x1024.png	9226-lilith-ai-products	products	9613	gen_products-electronics_meridian-wireless-charger_p0375		1024	1024	png	1266649	9613_gen_products-electronics_meridian-wireless-charger_p0375_1024x1024.png	lilith-ai	PD-own
9226-lilith-ai-products/electronics/9614_gen_products-electronics_northkey-mechanical-keyboard_p0376_1536x1024.png	9226-lilith-ai-products	products	9614	gen_products-electronics_northkey-mechanical-keyboard_p0376		1536	1024	png	2006245	9614_gen_products-electronics_northkey-mechanical-keyboard_p0376_1536x1024.png	lilith-ai	PD-own
9226-lilith-ai-products/electronics/9615_gen_products-electronics_orbit-smart-ring_p0377_1024x1024.png	9226-lilith-ai-products	products	9615	gen_products-electronics_orbit-smart-ring_p0377		1024	1024	png	592595	9615_gen_products-electronics_orbit-smart-ring_p0377_1024x1024.png	lilith-ai	PD-own
9226-lilith-ai-products/electronics/9616_gen_products-electronics_orbit-smartwatch_p0378_1024x1024.png	9226-lilith-ai-products	products	9616	gen_products-electronics_orbit-smartwatch_p0378		1024	1024	png	499649	9616_gen_products-electronics_orbit-smartwatch_p0378_1024x1024.png	lilith-ai	PD-own
9226-lilith-ai-products/electronics/9617_gen_products-electronics_pixelforge-gaming-controller_p0379_1536x1024.png	9226-lilith-ai-products	products	9617	gen_products-electronics_pixelforge-gaming-controller_p0379		1536	1024	png	1586695	9617_gen_products-electronics_pixelforge-gaming-controller_p0379_1536x1024.png	lilith-ai	PD-own
9226-lilith-ai-products/electronics/9618_gen_products-electronics_pixelforge-handheld-console_p0380_1536x1024.png	9226-lilith-ai-products	products	9618	gen_products-electronics_pixelforge-handheld-console_p0380		1536	1024	png	1483932	9618_gen_products-electronics_pixelforge-handheld-console_p0380_1536x1024.png	lilith-ai	PD-own
9226-lilith-ai-products/electronics/9619_gen_products-electronics_pixelforge-retro-mini-console_p0381_1536x1024.png	9226-lilith-ai-products	products	9619	gen_products-electronics_pixelforge-retro-mini-console_p0381		1536	1024	png	1319041	9619_gen_products-electronics_pixelforge-retro-mini-console_p0381_1536x1024.png	lilith-ai	PD-own
9226-lilith-ai-products/electronics/9620_gen_products-electronics_pulse-fitness-band_p0382_1536x1024.png	9226-lilith-ai-products	products	9620	gen_products-electronics_pulse-fitness-band_p0382		1536	1024	png	1371559	9620_gen_products-electronics_pulse-fitness-band_p0382_1536x1024.png	lilith-ai	PD-own
9226-lilith-ai-products/electronics/9621_gen_products-electronics_skylark-compact-drone_p0383_1536x1024.png	9226-lilith-ai-products	products	9621	gen_products-electronics_skylark-compact-drone_p0383		1536	1024	png	1755320	9621_gen_products-electronics_skylark-compact-drone_p0383_1536x1024.png	lilith-ai	PD-own
9226-lilith-ai-products/electronics/9622_gen_products-electronics_voltflux-action-camera_p0384_1024x1024.png	9226-lilith-ai-products	products	9622	gen_products-electronics_voltflux-action-camera_p0384		1024	1024	png	1061391	9622_gen_products-electronics_voltflux-action-camera_p0384_1024x1024.png	lilith-ai	PD-own
9226-lilith-ai-products/electronics/9623_gen_products-electronics_voltflux-dashcam_p0385_1536x1024.png	9226-lilith-ai-products	products	9623	gen_products-electronics_voltflux-dashcam_p0385		1536	1024	png	1044620	9623_gen_products-electronics_voltflux-dashcam_p0385_1536x1024.png	lilith-ai	PD-own
9226-lilith-ai-products/electronics/9624_gen_products-electronics_voltflux-external-hdd_p0386_1536x1024.png	9226-lilith-ai-products	products	9624	gen_products-electronics_voltflux-external-hdd_p0386		1536	1024	png	1634440	9624_gen_products-electronics_voltflux-external-hdd_p0386_1536x1024.png	lilith-ai	PD-own
9226-lilith-ai-products/electronics/9625_gen_products-electronics_voltflux-external-ssd_p0387_1024x1024.png	9226-lilith-ai-products	products	9625	gen_products-electronics_voltflux-external-ssd_p0387		1024	1024	png	734559	9625_gen_products-electronics_voltflux-external-ssd_p0387_1024x1024.png	lilith-ai	PD-own
9226-lilith-ai-products/electronics/9626_gen_products-electronics_voltflux-mobile-hotspot_p0388_1024x1536.png	9226-lilith-ai-products	products	9626	gen_products-electronics_voltflux-mobile-hotspot_p0388		1024	1536	png	946937	9626_gen_products-electronics_voltflux-mobile-hotspot_p0388_1024x1536.png	lilith-ai	PD-own
9226-lilith-ai-products/electronics/9627_gen_products-electronics_voltflux-mobile-printer_p0389_1536x1024.png	9226-lilith-ai-products	products	9627	gen_products-electronics_voltflux-mobile-printer_p0389		1536	1024	png	1346197	9627_gen_products-electronics_voltflux-mobile-printer_p0389_1536x1024.png	lilith-ai	PD-own
9226-lilith-ai-products/electronics/9628_gen_products-electronics_voltflux-power-bank_p0390_1536x1024.png	9226-lilith-ai-products	products	9628	gen_products-electronics_voltflux-power-bank_p0390		1536	1024	png	1056763	9628_gen_products-electronics_voltflux-power-bank_p0390_1536x1024.png	lilith-ai	PD-own
9226-lilith-ai-products/electronics/9629_gen_products-electronics_voltflux-streaming-stick_p0391_1536x1024.png	9226-lilith-ai-products	products	9629	gen_products-electronics_voltflux-streaming-stick_p0391		1536	1024	png	883728	9629_gen_products-electronics_voltflux-streaming-stick_p0391_1536x1024.png	lilith-ai	PD-own
9226-lilith-ai-products/footwear/9630_gen_products-footwear_amber-canvas-skate-sneaker_p0392_1536x1024.png	9226-lilith-ai-products	products	9630	gen_products-footwear_amber-canvas-skate-sneaker_p0392		1536	1024	png	1770450	9630_gen_products-footwear_amber-canvas-skate-sneaker_p0392_1536x1024.png	lilith-ai	PD-own
9226-lilith-ai-products/footwear/9631_gen_products-footwear_buttercup-jelly-sandal_p0393_1024x1536.png	9226-lilith-ai-products	products	9631	gen_products-footwear_buttercup-jelly-sandal_p0393		1024	1536	png	381031	9631_gen_products-footwear_buttercup-jelly-sandal_p0393_1024x1536.png	lilith-ai	PD-own
9226-lilith-ai-products/footwear/9632_gen_products-footwear_chartreuse-strappy-stilettos_p0394_3840x2160.png	9226-lilith-ai-products	products	9632	gen_products-footwear_chartreuse-strappy-stilettos_p0394		3840	2160	png	3880130	9632_gen_products-footwear_chartreuse-strappy-stilettos_p0394_3840x2160.png	lilith-ai	PD-own
9226-lilith-ai-products/footwear/9633_gen_products-footwear_chartreuse-trail-runner_p0395_1536x1024.png	9226-lilith-ai-products	products	9633	gen_products-footwear_chartreuse-trail-runner_p0395		1536	1024	png	1028252	9633_gen_products-footwear_chartreuse-trail-runner_p0395_1536x1024.png	lilith-ai	PD-own
9226-lilith-ai-products/footwear/9634_gen_products-footwear_chunky-dad-sneakers_p0396_3840x2160.png	9226-lilith-ai-products	products	9634	gen_products-footwear_chunky-dad-sneakers_p0396		3840	2160	png	6737102	9634_gen_products-footwear_chunky-dad-sneakers_p0396_3840x2160.png	lilith-ai	PD-own
9226-lilith-ai-products/footwear/9635_gen_products-footwear_chunky-dad-sneakers_detail_p0396_3840x2160.png	9226-lilith-ai-products	products	9635	gen_products-footwear_chunky-dad-sneakers_detail_p0396		3840	2160	png	6880416	9635_gen_products-footwear_chunky-dad-sneakers_detail_p0396_3840x2160.png	lilith-ai	PD-own
9226-lilith-ai-products/footwear/9636_gen_products-footwear_cobalt-lime-knit-racer_p0397_2816x1536.png	9226-lilith-ai-products	products	9636	gen_products-footwear_cobalt-lime-knit-racer_p0397		2816	1536	png	3708399	9636_gen_products-footwear_cobalt-lime-knit-racer_p0397_2816x1536.png	lilith-ai	PD-own
9226-lilith-ai-products/footwear/9637_gen_products-footwear_cobalt-star-western-boots_p0398_3840x2160.png	9226-lilith-ai-products	products	9637	gen_products-footwear_cobalt-star-western-boots_p0398		3840	2160	png	5085112	9637_gen_products-footwear_cobalt-star-western-boots_p0398_3840x2160.png	lilith-ai	PD-own
9226-lilith-ai-products/footwear/9638_gen_products-footwear_cobalt-suede-cowboy-boot_p0399_1024x1536.png	9226-lilith-ai-products	products	9638	gen_products-footwear_cobalt-suede-cowboy-boot_p0399		1024	1536	png	1048051	9638_gen_products-footwear_cobalt-suede-cowboy-boot_p0399_1024x1536.png	lilith-ai	PD-own
9226-lilith-ai-products/footwear/9639_gen_products-footwear_cobalt-western-boots_p0400_3840x2160.png	9226-lilith-ai-products	products	9639	gen_products-footwear_cobalt-western-boots_p0400		3840	2160	png	3006930	9639_gen_products-footwear_cobalt-western-boots_p0400_3840x2160.png	lilith-ai	PD-own
9226-lilith-ai-products/footwear/9640_gen_products-footwear_coral-black-daily-trainer_p0401_2816x1536.png	9226-lilith-ai-products	products	9640	gen_products-footwear_coral-black-daily-trainer_p0401		2816	1536	png	4618190	9640_gen_products-footwear_coral-black-daily-trainer_p0401_2816x1536.png	lilith-ai	PD-own
9226-lilith-ai-products/footwear/9641_gen_products-footwear_kids-rain-boot-rainbow_p0402_1536x1024.png	9226-lilith-ai-products	products	9641	gen_products-footwear_kids-rain-boot-rainbow_p0402		1536	1024	png	907145	9641_gen_products-footwear_kids-rain-boot-rainbow_p0402_1536x1024.png	lilith-ai	PD-own
9226-lilith-ai-products/footwear/9642_gen_products-footwear_kids-sandal-closed-toe-sage_p0403_1536x1024.png	9226-lilith-ai-products	products	9642	gen_products-footwear_kids-sandal-closed-toe-sage_p0403		1536	1024	png	1776639	9642_gen_products-footwear_kids-sandal-closed-toe-sage_p0403_1536x1024.png	lilith-ai	PD-own
9226-lilith-ai-products/footwear/9643_gen_products-footwear_mens-chukka-boot-camel_p0404_1536x1024.png	9226-lilith-ai-products	products	9643	gen_products-footwear_mens-chukka-boot-camel_p0404		1536	1024	png	1431528	9643_gen_products-footwear_mens-chukka-boot-camel_p0404_1536x1024.png	lilith-ai	PD-own
9226-lilith-ai-products/footwear/9644_gen_products-footwear_mens-flip-flop-olive_p0405_1536x1024.png	9226-lilith-ai-products	products	9644	gen_products-footwear_mens-flip-flop-olive_p0405		1536	1024	png	1110825	9644_gen_products-footwear_mens-flip-flop-olive_p0405_1536x1024.png	lilith-ai	PD-own
9226-lilith-ai-products/footwear/9645_gen_products-footwear_mens-loafer-penny-brown_p0406_1536x1024.png	9226-lilith-ai-products	products	9645	gen_products-footwear_mens-loafer-penny-brown_p0406		1536	1024	png	1574499	9645_gen_products-footwear_mens-loafer-penny-brown_p0406_1536x1024.png	lilith-ai	PD-own
9226-lilith-ai-products/footwear/9646_gen_products-footwear_mens-slide-sport-charcoal_p0407_1536x1024.png	9226-lilith-ai-products	products	9646	gen_products-footwear_mens-slide-sport-charcoal_p0407		1536	1024	png	1148504	9646_gen_products-footwear_mens-slide-sport-charcoal_p0407_1536x1024.png	lilith-ai	PD-own
9226-lilith-ai-products/footwear/9647_gen_products-footwear_womens-ankle-boot-tan_p0408_1536x1024.png	9226-lilith-ai-products	products	9647	gen_products-footwear_womens-ankle-boot-tan_p0408		1536	1024	png	1953861	9647_gen_products-footwear_womens-ankle-boot-tan_p0408_1536x1024.png	lilith-ai	PD-own
9226-lilith-ai-products/footwear/9648_gen_products-footwear_womens-espadrille-terracotta_p0409_1536x1024.png	9226-lilith-ai-products	products	9648	gen_products-footwear_womens-espadrille-terracotta_p0409		1536	1024	png	1510617	9648_gen_products-footwear_womens-espadrille-terracotta_p0409_1536x1024.png	lilith-ai	PD-own
9226-lilith-ai-products/footwear/9649_gen_products-footwear_womens-mary-jane-flat-black_p0410_1536x1024.png	9226-lilith-ai-products	products	9649	gen_products-footwear_womens-mary-jane-flat-black_p0410		1536	1024	png	1182822	9649_gen_products-footwear_womens-mary-jane-flat-black_p0410_1536x1024.png	lilith-ai	PD-own
9226-lilith-ai-products/footwear/9650_gen_products-footwear_womens-mule-loafer-sage_p0411_1536x1024.png	9226-lilith-ai-products	products	9650	gen_products-footwear_womens-mule-loafer-sage_p0411		1536	1024	png	1291109	9650_gen_products-footwear_womens-mule-loafer-sage_p0411_1536x1024.png	lilith-ai	PD-own
9226-lilith-ai-products/footwear/9651_gen_products-footwear_womens-rain-boot-short-yellow_p0412_1536x1024.png	9226-lilith-ai-products	products	9651	gen_products-footwear_womens-rain-boot-short-yellow_p0412		1536	1024	png	958533	9651_gen_products-footwear_womens-rain-boot-short-yellow_p0412_1536x1024.png	lilith-ai	PD-own
9226-lilith-ai-products/footwear/9652_gen_products-footwear_womens-slide-sandal-coral_p0413_1536x1024.png	9226-lilith-ai-products	products	9652	gen_products-footwear_womens-slide-sandal-coral_p0413		1536	1024	png	890977	9652_gen_products-footwear_womens-slide-sandal-coral_p0413_1536x1024.png	lilith-ai	PD-own
9226-lilith-ai-products/footwear/9653_gen_products-footwear_womens-strappy-sandal-teal_p0414_1536x1024.png	9226-lilith-ai-products	products	9653	gen_products-footwear_womens-strappy-sandal-teal_p0414		1536	1024	png	851314	9653_gen_products-footwear_womens-strappy-sandal-teal_p0414_1536x1024.png	lilith-ai	PD-own
9226-lilith-ai-products/footwear/9654_gen_products-footwear_womens-wedge-sandal-cream_p0415_1536x1024.png	9226-lilith-ai-products	products	9654	gen_products-footwear_womens-wedge-sandal-cream_p0415		1536	1024	png	1229843	9654_gen_products-footwear_womens-wedge-sandal-cream_p0415_1536x1024.png	lilith-ai	PD-own
9226-lilith-ai-products/footwear/9655_gen_products-footwear_green-retro-low-trainers_p0416_3840x2160.png	9226-lilith-ai-products	products	9655	gen_products-footwear_green-retro-low-trainers_p0416		3840	2160	png	6699653	9655_gen_products-footwear_green-retro-low-trainers_p0416_3840x2160.png	lilith-ai	PD-own
9226-lilith-ai-products/footwear/9656_gen_products-footwear_ivory-snow-puffer-boot_p0417_1024x1536.png	9226-lilith-ai-products	products	9656	gen_products-footwear_ivory-snow-puffer-boot_p0417		1024	1536	png	807921	9656_gen_products-footwear_ivory-snow-puffer-boot_p0417_1024x1536.png	lilith-ai	PD-own
9226-lilith-ai-products/footwear/9657_gen_products-footwear_kids-hiking-shoes-navy-orange_p0418_2816x1536.png	9226-lilith-ai-products	products	9657	gen_products-footwear_kids-hiking-shoes-navy-orange_p0418		2816	1536	png	2771733	9657_gen_products-footwear_kids-hiking-shoes-navy-orange_p0418_2816x1536.png	lilith-ai	PD-own
9226-lilith-ai-products/footwear/9658_gen_products-footwear_kids-hook-loop-sneakers-coral-teal_p0419_5504x3072.jpg	9226-lilith-ai-products	products	9658	gen_products-footwear_kids-hook-loop-sneakers-coral-teal_p0419		5504	3072	jpg	934959	9658_gen_products-footwear_kids-hook-loop-sneakers-coral-teal_p0419_5504x3072.jpg	lilith-ai	PD-own
9226-lilith-ai-products/footwear/9659_gen_products-footwear_mens-casual-canvas-sneakers-tan_p0420_2816x1536.png	9226-lilith-ai-products	products	9659	gen_products-footwear_mens-casual-canvas-sneakers-tan_p0420		2816	1536	png	3436020	9659_gen_products-footwear_mens-casual-canvas-sneakers-tan_p0420_2816x1536.png	lilith-ai	PD-own
9226-lilith-ai-products/footwear/9660_gen_products-footwear_mens-sport-sandals-olive_p0421_2816x1536.png	9226-lilith-ai-products	products	9660	gen_products-footwear_mens-sport-sandals-olive_p0421		2816	1536	png	2622068	9660_gen_products-footwear_mens-sport-sandals-olive_p0421_2816x1536.png	lilith-ai	PD-own
9226-lilith-ai-products/footwear/9661_gen_products-footwear_mens-waterproof-hiking-boots-brown_p0422_2816x1536.png	9226-lilith-ai-products	products	9661	gen_products-footwear_mens-waterproof-hiking-boots-brown_p0422		2816	1536	png	4720211	9661_gen_products-footwear_mens-waterproof-hiking-boots-brown_p0422_2816x1536.png	lilith-ai	PD-own
9226-lilith-ai-products/footwear/9662_gen_products-footwear_metallic-block-sandals_p0423_3840x2160.png	9226-lilith-ai-products	products	9662	gen_products-footwear_metallic-block-sandals_p0423		3840	2160	png	4571643	9662_gen_products-footwear_metallic-block-sandals_p0423_3840x2160.png	lilith-ai	PD-own
9226-lilith-ai-products/footwear/9663_gen_products-footwear_midnight-glitter-pump_p0424_1024x1536.png	9226-lilith-ai-products	products	9663	gen_products-footwear_midnight-glitter-pump_p0424		1024	1536	png	709706	9663_gen_products-footwear_midnight-glitter-pump_p0424_1024x1536.png	lilith-ai	PD-own
9226-lilith-ai-products/footwear/9664_gen_products-footwear_neon-coral-clog-mule_p0425_1024x1536.png	9226-lilith-ai-products	products	9664	gen_products-footwear_neon-coral-clog-mule_p0425		1024	1536	png	385465	9664_gen_products-footwear_neon-coral-clog-mule_p0425_1024x1536.png	lilith-ai	PD-own
9226-lilith-ai-products/footwear/9665_gen_products-footwear_olive-suede-chelsea-boot_p0426_1024x1536.png	9226-lilith-ai-products	products	9665	gen_products-footwear_olive-suede-chelsea-boot_p0426		1024	1536	png	1092979	9665_gen_products-footwear_olive-suede-chelsea-boot_p0426_1024x1536.png	lilith-ai	PD-own
9226-lilith-ai-products/footwear/9666_gen_products-footwear_red-mary-jane-ballet-sneakers_p0427_3840x2160.png	9226-lilith-ai-products	products	9666	gen_products-footwear_red-mary-jane-ballet-sneakers_p0427		3840	2160	png	5471794	9666_gen_products-footwear_red-mary-jane-ballet-sneakers_p0427_3840x2160.png	lilith-ai	PD-own
9226-lilith-ai-products/footwear/9667_gen_products-footwear_rose-quartz-strappy-sandal_p0428_1024x1536.png	9226-lilith-ai-products	products	9667	gen_products-footwear_rose-quartz-strappy-sandal_p0428		1024	1536	png	536880	9667_gen_products-footwear_rose-quartz-strappy-sandal_p0428_1024x1536.png	lilith-ai	PD-own
9226-lilith-ai-products/footwear/9668_gen_products-footwear_scarlet-patent-pumps_p0429_3840x2160.png	9226-lilith-ai-products	products	9668	gen_products-footwear_scarlet-patent-pumps_p0429		3840	2160	png	3876866	9668_gen_products-footwear_scarlet-patent-pumps_p0429_3840x2160.png	lilith-ai	PD-own
9226-lilith-ai-products/footwear/9669_gen_products-footwear_silver-fringe-party-flats_p0430_3840x2160.png	9226-lilith-ai-products	products	9669	gen_products-footwear_silver-fringe-party-flats_p0430		3840	2160	png	6061221	9669_gen_products-footwear_silver-fringe-party-flats_p0430_3840x2160.png	lilith-ai	PD-own
9226-lilith-ai-products/footwear/9670_gen_products-footwear_tomato-leather-platform-loafer_p0431_1024x1536.png	9226-lilith-ai-products	products	9670	gen_products-footwear_tomato-leather-platform-loafer_p0431		1024	1536	png	526346	9670_gen_products-footwear_tomato-leather-platform-loafer_p0431_1024x1536.png	lilith-ai	PD-own
9226-lilith-ai-products/footwear/9671_gen_products-footwear_womens-canvas-sneakers-white_p0432_5504x3072.jpg	9226-lilith-ai-products	products	9671	gen_products-footwear_womens-canvas-sneakers-white_p0432		5504	3072	jpg	902472	9671_gen_products-footwear_womens-canvas-sneakers-white_p0432_5504x3072.jpg	lilith-ai	PD-own
9226-lilith-ai-products/footwear/9672_gen_products-footwear_womens-insulated-snow-boots-charcoal_p0433_2816x1536.png	9226-lilith-ai-products	products	9672	gen_products-footwear_womens-insulated-snow-boots-charcoal_p0433		2816	1536	png	5063901	9672_gen_products-footwear_womens-insulated-snow-boots-charcoal_p0433_2816x1536.png	lilith-ai	PD-own
9226-lilith-ai-products/footwear/9673_gen_products-footwear_womens-slide-sandals-tan_p0434_5504x3072.jpg	9226-lilith-ai-products	products	9673	gen_products-footwear_womens-slide-sandals-tan_p0434		5504	3072	jpg	944927	9673_gen_products-footwear_womens-slide-sandals-tan_p0434_5504x3072.jpg	lilith-ai	PD-own
9226-lilith-ai-products/footwear/9674_gen_products-footwear_womens-trail-running-shoes-teal_p0435_2816x1536.png	9226-lilith-ai-products	products	9674	gen_products-footwear_womens-trail-running-shoes-teal_p0435		2816	1536	png	3827605	9674_gen_products-footwear_womens-trail-running-shoes-teal_p0435_2816x1536.png	lilith-ai	PD-own
9226-lilith-ai-products/grocery/9675_gen_products-grocery_blackpine-french-roast-whole-bean-coffee-bag_p0436_1024x1536.png	9226-lilith-ai-products	products	9675	gen_products-grocery_blackpine-french-roast-whole-bean-coffee-bag_p0436		1024	1536	png	1287472	9675_gen_products-grocery_blackpine-french-roast-whole-bean-coffee-bag_p0436_1024x1536.png	lilith-ai	PD-own
9226-lilith-ai-products/grocery/9676_gen_products-grocery_cocoavera-72-dark-chocolate-bar_p0437_1024x1536.png	9226-lilith-ai-products	products	9676	gen_products-grocery_cocoavera-72-dark-chocolate-bar_p0437		1024	1536	png	1312580	9676_gen_products-grocery_cocoavera-72-dark-chocolate-bar_p0437_1024x1536.png	lilith-ai	PD-own
9226-lilith-ai-products/grocery/9677_gen_products-grocery_emberlane-chipotle-hot-sauce-bottle_p0438_1024x1536.png	9226-lilith-ai-products	products	9677	gen_products-grocery_emberlane-chipotle-hot-sauce-bottle_p0438		1024	1536	png	764363	9677_gen_products-grocery_emberlane-chipotle-hot-sauce-bottle_p0438_1024x1536.png	lilith-ai	PD-own
9226-lilith-ai-products/grocery/9678_gen_products-grocery_cereal-box-coral_p0439_1024x1536.png	9226-lilith-ai-products	products	9678	gen_products-grocery_cereal-box-coral_p0439		1024	1536	png	1628863	9678_gen_products-grocery_cereal-box-coral_p0439_1024x1536.png	lilith-ai	PD-own
9226-lilith-ai-products/grocery/9679_gen_products-grocery_harborhouse-chicken-rice-frozen-meal-box_p0440_1536x1024.png	9226-lilith-ai-products	products	9679	gen_products-grocery_harborhouse-chicken-rice-frozen-meal-box_p0440		1536	1024	png	1810477	9679_gen_products-grocery_harborhouse-chicken-rice-frozen-meal-box_p0440_1536x1024.png	lilith-ai	PD-own
9226-lilith-ai-products/grocery/9680_gen_products-grocery_harborhouse-creamy-tomato-soup-can_p0441_1024x1536.png	9226-lilith-ai-products	products	9680	gen_products-grocery_harborhouse-creamy-tomato-soup-can_p0441		1024	1536	png	1374453	9680_gen_products-grocery_harborhouse-creamy-tomato-soup-can_p0441_1024x1536.png	lilith-ai	PD-own
9226-lilith-ai-products/grocery/9681_gen_products-grocery_hearthrow-sea-salt-crackers-box_p0442_1536x1024.png	9226-lilith-ai-products	products	9681	gen_products-grocery_hearthrow-sea-salt-crackers-box_p0442		1536	1024	png	1146902	9681_gen_products-grocery_hearthrow-sea-salt-crackers-box_p0442_1536x1024.png	lilith-ai	PD-own
9226-lilith-ai-products/grocery/9682_gen_products-grocery_honeyrun-creamy-peanut-butter-jar_p0443_1024x1536.png	9226-lilith-ai-products	products	9682	gen_products-grocery_honeyrun-creamy-peanut-butter-jar_p0443		1024	1536	png	1513385	9682_gen_products-grocery_honeyrun-creamy-peanut-butter-jar_p0443_1024x1536.png	lilith-ai	PD-own
9226-lilith-ai-products/grocery/9683_gen_products-grocery_honeyrun-wildflower-honey-jar_p0444_1024x1536.png	9226-lilith-ai-products	products	9683	gen_products-grocery_honeyrun-wildflower-honey-jar_p0444		1024	1536	png	1304778	9683_gen_products-grocery_honeyrun-wildflower-honey-jar_p0444_1024x1536.png	lilith-ai	PD-own
9226-lilith-ai-products/grocery/9684_gen_products-grocery_kettlebloom-white-cheddar-popcorn-bag_p0445_1024x1536.png	9226-lilith-ai-products	products	9684	gen_products-grocery_kettlebloom-white-cheddar-popcorn-bag_p0445		1024	1536	png	1270758	9684_gen_products-grocery_kettlebloom-white-cheddar-popcorn-bag_p0445_1024x1536.png	lilith-ai	PD-own
9226-lilith-ai-products/grocery/9685_gen_products-grocery_mesa-azul-blue-corn-tortilla-chips-bag_p0446_1024x1536.png	9226-lilith-ai-products	products	9685	gen_products-grocery_mesa-azul-blue-corn-tortilla-chips-bag_p0446		1024	1536	png	1613361	9685_gen_products-grocery_mesa-azul-blue-corn-tortilla-chips-bag_p0446_1024x1536.png	lilith-ai	PD-own
9226-lilith-ai-products/grocery/9686_gen_products-grocery_mossfield-earl-grey-tea-box_p0447_1024x1536.png	9226-lilith-ai-products	products	9686	gen_products-grocery_mossfield-earl-grey-tea-box_p0447		1024	1536	png	1362612	9686_gen_products-grocery_mossfield-earl-grey-tea-box_p0447_1024x1536.png	lilith-ai	PD-own
9226-lilith-ai-products/grocery/9687_gen_products-grocery_northvale-almond-honey-snack-bars-multipack_p0448_1536x1024.png	9226-lilith-ai-products	products	9687	gen_products-grocery_northvale-almond-honey-snack-bars-multipack_p0448		1536	1024	png	1143574	9687_gen_products-grocery_northvale-almond-honey-snack-bars-multipack_p0448_1536x1024.png	lilith-ai	PD-own
9226-lilith-ai-products/grocery/9688_gen_products-grocery_olivetto-extra-virgin-olive-oil-bottle_p0449_1024x1536.png	9226-lilith-ai-products	products	9688	gen_products-grocery_olivetto-extra-virgin-olive-oil-bottle_p0449		1024	1536	png	674176	9688_gen_products-grocery_olivetto-extra-virgin-olive-oil-bottle_p0449_1024x1536.png	lilith-ai	PD-own
9226-lilith-ai-products/grocery/9689_gen_products-grocery_orchardmark-strawberry-rhubarb-jam-jar_p0450_1024x1536.png	9226-lilith-ai-products	products	9689	gen_products-grocery_orchardmark-strawberry-rhubarb-jam-jar_p0450		1024	1536	png	1497186	9689_gen_products-grocery_orchardmark-strawberry-rhubarb-jam-jar_p0450_1024x1536.png	lilith-ai	PD-own
9226-lilith-ai-products/grocery/9690_gen_products-grocery_porto-fino-bronze-cut-penne-box_p0451_1024x1536.png	9226-lilith-ai-products	products	9690	gen_products-grocery_porto-fino-bronze-cut-penne-box_p0451		1024	1536	png	1473988	9690_gen_products-grocery_porto-fino-bronze-cut-penne-box_p0451_1024x1536.png	lilith-ai	PD-own
9226-lilith-ai-products/grocery/9691_gen_products-grocery_portofino-spaghetti-dried-pasta-box_p0452_1024x1536.png	9226-lilith-ai-products	products	9691	gen_products-grocery_portofino-spaghetti-dried-pasta-box_p0452		1024	1536	png	1130368	9691_gen_products-grocery_portofino-spaghetti-dried-pasta-box_p0452_1024x1536.png	lilith-ai	PD-own
9226-lilith-ai-products/grocery/9692_gen_products-grocery_saltcellar-himalayan-pink-salt-grinder_p0453_1024x1536.png	9226-lilith-ai-products	products	9692	gen_products-grocery_saltcellar-himalayan-pink-salt-grinder_p0453		1024	1536	png	986190	9692_gen_products-grocery_saltcellar-himalayan-pink-salt-grinder_p0453_1024x1536.png	lilith-ai	PD-own
9226-lilith-ai-products/grocery/9693_gen_products-grocery_saltcellar-tellicherry-pepper-grinder_p0454_1024x1536.png	9226-lilith-ai-products	products	9693	gen_products-grocery_saltcellar-tellicherry-pepper-grinder_p0454		1024	1536	png	1016757	9693_gen_products-grocery_saltcellar-tellicherry-pepper-grinder_p0454_1024x1536.png	lilith-ai	PD-own
9226-lilith-ai-products/grocery/9694_gen_products-grocery_shoyumaru-naturally-brewed-soy-sauce-bottle_p0455_1024x1536.png	9226-lilith-ai-products	products	9694	gen_products-grocery_shoyumaru-naturally-brewed-soy-sauce-bottle_p0455		1024	1536	png	1053078	9694_gen_products-grocery_shoyumaru-naturally-brewed-soy-sauce-bottle_p0455_1024x1536.png	lilith-ai	PD-own
9226-lilith-ai-products/grocery/9695_gen_products-grocery_smokybluff-avocado-cooking-spray-can_p0456_1024x1536.png	9226-lilith-ai-products	products	9695	gen_products-grocery_smokybluff-avocado-cooking-spray-can_p0456		1024	1536	png	648056	9695_gen_products-grocery_smokybluff-avocado-cooking-spray-can_p0456_1024x1536.png	lilith-ai	PD-own
9226-lilith-ai-products/grocery/9696_gen_products-grocery_smokybluff-classic-yellow-mustard-squeeze-bottle_p0457_1024x1536.png	9226-lilith-ai-products	products	9696	gen_products-grocery_smokybluff-classic-yellow-mustard-squeeze-bottle_p0457		1024	1536	png	1031553	9696_gen_products-grocery_smokybluff-classic-yellow-mustard-squeeze-bottle_p0457_1024x1536.png	lilith-ai	PD-own
9226-lilith-ai-products/grocery/9697_gen_products-grocery_verdecasa-roasted-tomato-salsa-jar_p0458_1024x1536.png	9226-lilith-ai-products	products	9697	gen_products-grocery_verdecasa-roasted-tomato-salsa-jar_p0458		1024	1536	png	1811168	9697_gen_products-grocery_verdecasa-roasted-tomato-salsa-jar_p0458_1024x1536.png	lilith-ai	PD-own
9226-lilith-ai-products/grocery/9698_gen_products-grocery_wildoak-honey-oat-cereal-box_p0459_1024x1536.png	9226-lilith-ai-products	products	9698	gen_products-grocery_wildoak-honey-oat-cereal-box_p0459		1024	1536	png	1867638	9698_gen_products-grocery_wildoak-honey-oat-cereal-box_p0459_1024x1536.png	lilith-ai	PD-own
9226-lilith-ai-products/grocery/9699_gen_products-grocery_wildoak-maple-pecan-granola-bag_p0460_1024x1536.png	9226-lilith-ai-products	products	9699	gen_products-grocery_wildoak-maple-pecan-granola-bag_p0460		1024	1536	png	1428532	9699_gen_products-grocery_wildoak-maple-pecan-granola-bag_p0460_1024x1536.png	lilith-ai	PD-own
9226-lilith-ai-products/grocery/9700_gen_products-grocery_wildoak-old-fashioned-oats-canister_p0461_1024x1536.png	9226-lilith-ai-products	products	9700	gen_products-grocery_wildoak-old-fashioned-oats-canister_p0461		1024	1536	png	1481507	9700_gen_products-grocery_wildoak-old-fashioned-oats-canister_p0461_1024x1536.png	lilith-ai	PD-own
9226-lilith-ai-products/grocery/whitelabel/9701_gen_products-grocery-whitelabel_coffee-bag-whole-bean_p0462_1024x1536.png	9226-lilith-ai-products	products	9701	gen_products-grocery-whitelabel_coffee-bag-whole-bean_p0462		1024	1536	png	927013	9701_gen_products-grocery-whitelabel_coffee-bag-whole-bean_p0462_1024x1536.png	lilith-ai	PD-own
9226-lilith-ai-products/grocery/whitelabel/9702_gen_products-grocery-whitelabel_condiment-squeeze-bottle_p0463_1024x1536.png	9226-lilith-ai-products	products	9702	gen_products-grocery-whitelabel_condiment-squeeze-bottle_p0463		1024	1536	png	691435	9702_gen_products-grocery-whitelabel_condiment-squeeze-bottle_p0463_1024x1536.png	lilith-ai	PD-own
9226-lilith-ai-products/grocery/whitelabel/9703_gen_products-grocery-whitelabel_cooking-spray-can_p0464_1024x1536.png	9226-lilith-ai-products	products	9703	gen_products-grocery-whitelabel_cooking-spray-can_p0464		1024	1536	png	565728	9703_gen_products-grocery-whitelabel_cooking-spray-can_p0464_1024x1536.png	lilith-ai	PD-own
9226-lilith-ai-products/grocery/whitelabel/9704_gen_products-grocery-whitelabel_crackers-box-sage_p0465_1536x1024.png	9226-lilith-ai-products	products	9704	gen_products-grocery-whitelabel_crackers-box-sage_p0465		1536	1024	png	1030310	9704_gen_products-grocery-whitelabel_crackers-box-sage_p0465_1536x1024.png	lilith-ai	PD-own
9226-lilith-ai-products/grocery/whitelabel/9705_gen_products-grocery-whitelabel_dark-chocolate-bar_p0466_1024x1536.png	9226-lilith-ai-products	products	9705	gen_products-grocery-whitelabel_dark-chocolate-bar_p0466		1024	1536	png	1158268	9705_gen_products-grocery-whitelabel_dark-chocolate-bar_p0466_1024x1536.png	lilith-ai	PD-own
9226-lilith-ai-products/grocery/whitelabel/9706_gen_products-grocery-whitelabel_dried-pasta-spaghetti_p0467_1024x1536.png	9226-lilith-ai-products	products	9706	gen_products-grocery-whitelabel_dried-pasta-spaghetti_p0467		1024	1536	png	788415	9706_gen_products-grocery-whitelabel_dried-pasta-spaghetti_p0467_1024x1536.png	lilith-ai	PD-own
9226-lilith-ai-products/grocery/whitelabel/9707_gen_products-grocery-whitelabel_frozen-meal-box_p0468_1536x1024.png	9226-lilith-ai-products	products	9707	gen_products-grocery-whitelabel_frozen-meal-box_p0468		1536	1024	png	1283333	9707_gen_products-grocery-whitelabel_frozen-meal-box_p0468_1536x1024.png	lilith-ai	PD-own
9226-lilith-ai-products/grocery/whitelabel/9708_gen_products-grocery-whitelabel_granola-bag-kraft_p0469_1024x1536.png	9226-lilith-ai-products	products	9708	gen_products-grocery-whitelabel_granola-bag-kraft_p0469		1024	1536	png	1424953	9708_gen_products-grocery-whitelabel_granola-bag-kraft_p0469_1024x1536.png	lilith-ai	PD-own
9226-lilith-ai-products/grocery/whitelabel/9709_gen_products-grocery-whitelabel_honey-jar-hex_p0470_1024x1536.png	9226-lilith-ai-products	products	9709	gen_products-grocery-whitelabel_honey-jar-hex_p0470		1024	1536	png	746110	9709_gen_products-grocery-whitelabel_honey-jar-hex_p0470_1024x1536.png	lilith-ai	PD-own
9226-lilith-ai-products/grocery/whitelabel/9710_gen_products-grocery-whitelabel_hot-sauce-bottle_p0471_1024x1536.png	9226-lilith-ai-products	products	9710	gen_products-grocery-whitelabel_hot-sauce-bottle_p0471		1024	1536	png	533760	9710_gen_products-grocery-whitelabel_hot-sauce-bottle_p0471_1024x1536.png	lilith-ai	PD-own
9226-lilith-ai-products/grocery/whitelabel/9711_gen_products-grocery-whitelabel_jam-jar-strawberry_p0472_1024x1536.png	9226-lilith-ai-products	products	9711	gen_products-grocery-whitelabel_jam-jar-strawberry_p0472		1024	1536	png	827761	9711_gen_products-grocery-whitelabel_jam-jar-strawberry_p0472_1024x1536.png	lilith-ai	PD-own
9226-lilith-ai-products/grocery/whitelabel/9712_gen_products-grocery-whitelabel_oatmeal-canister_p0473_1024x1536.png	9226-lilith-ai-products	products	9712	gen_products-grocery-whitelabel_oatmeal-canister_p0473		1024	1536	png	1117092	9712_gen_products-grocery-whitelabel_oatmeal-canister_p0473_1024x1536.png	lilith-ai	PD-own
9226-lilith-ai-products/grocery/whitelabel/9713_gen_products-grocery-whitelabel_olive-oil-bottle_p0474_1024x1536.png	9226-lilith-ai-products	products	9713	gen_products-grocery-whitelabel_olive-oil-bottle_p0474		1024	1536	png	477609	9713_gen_products-grocery-whitelabel_olive-oil-bottle_p0474_1024x1536.png	lilith-ai	PD-own
9226-lilith-ai-products/grocery/whitelabel/9714_gen_products-grocery-whitelabel_peanut-butter-jar_p0475_1024x1536.png	9226-lilith-ai-products	products	9714	gen_products-grocery-whitelabel_peanut-butter-jar_p0475		1024	1536	png	748627	9714_gen_products-grocery-whitelabel_peanut-butter-jar_p0475_1024x1536.png	lilith-ai	PD-own
9226-lilith-ai-products/grocery/whitelabel/9715_gen_products-grocery-whitelabel_pepper-grinder_p0476_1024x1536.png	9226-lilith-ai-products	products	9715	gen_products-grocery-whitelabel_pepper-grinder_p0476		1024	1536	png	809484	9715_gen_products-grocery-whitelabel_pepper-grinder_p0476_1024x1536.png	lilith-ai	PD-own
9226-lilith-ai-products/grocery/whitelabel/9716_gen_products-grocery-whitelabel_popcorn-bag-blush_p0477_1024x1536.png	9226-lilith-ai-products	products	9716	gen_products-grocery-whitelabel_popcorn-bag-blush_p0477		1024	1536	png	836124	9716_gen_products-grocery-whitelabel_popcorn-bag-blush_p0477_1024x1536.png	lilith-ai	PD-own
9226-lilith-ai-products/grocery/whitelabel/9717_gen_products-grocery-whitelabel_salsa-jar-medium_p0478_1024x1536.png	9226-lilith-ai-products	products	9717	gen_products-grocery-whitelabel_salsa-jar-medium_p0478		1024	1536	png	863552	9717_gen_products-grocery-whitelabel_salsa-jar-medium_p0478_1024x1536.png	lilith-ai	PD-own
9226-lilith-ai-products/grocery/whitelabel/9718_gen_products-grocery-whitelabel_salt-grinder_p0479_1024x1536.png	9226-lilith-ai-products	products	9718	gen_products-grocery-whitelabel_salt-grinder_p0479		1024	1536	png	619334	9718_gen_products-grocery-whitelabel_salt-grinder_p0479_1024x1536.png	lilith-ai	PD-own
9226-lilith-ai-products/grocery/whitelabel/9719_gen_products-grocery-whitelabel_snack-bar-multipack-teal_p0480_1024x1536.png	9226-lilith-ai-products	products	9719	gen_products-grocery-whitelabel_snack-bar-multipack-teal_p0480		1024	1536	png	1240546	9719_gen_products-grocery-whitelabel_snack-bar-multipack-teal_p0480_1024x1536.png	lilith-ai	PD-own
9226-lilith-ai-products/grocery/whitelabel/9720_gen_products-grocery-whitelabel_snack-bar-single-yellow_p0481_1536x1024.png	9226-lilith-ai-products	products	9720	gen_products-grocery-whitelabel_snack-bar-single-yellow_p0481		1536	1024	png	798934	9720_gen_products-grocery-whitelabel_snack-bar-single-yellow_p0481_1536x1024.png	lilith-ai	PD-own
9226-lilith-ai-products/grocery/whitelabel/9721_gen_products-grocery-whitelabel_soup-can-tomato_p0482_1024x1536.png	9226-lilith-ai-products	products	9721	gen_products-grocery-whitelabel_soup-can-tomato_p0482		1024	1536	png	740006	9721_gen_products-grocery-whitelabel_soup-can-tomato_p0482_1024x1536.png	lilith-ai	PD-own
9226-lilith-ai-products/grocery/whitelabel/9722_gen_products-grocery-whitelabel_soy-sauce-bottle_p0483_1024x1536.png	9226-lilith-ai-products	products	9722	gen_products-grocery-whitelabel_soy-sauce-bottle_p0483		1024	1536	png	725982	9722_gen_products-grocery-whitelabel_soy-sauce-bottle_p0483_1024x1536.png	lilith-ai	PD-own
9226-lilith-ai-products/grocery/whitelabel/9723_gen_products-grocery-whitelabel_tea-box-dusty-blue_p0484_1024x1536.png	9226-lilith-ai-products	products	9723	gen_products-grocery-whitelabel_tea-box-dusty-blue_p0484		1024	1536	png	1150275	9723_gen_products-grocery-whitelabel_tea-box-dusty-blue_p0484_1024x1536.png	lilith-ai	PD-own
9226-lilith-ai-products/grocery/whitelabel/9724_gen_products-grocery-whitelabel_tortilla-chips-bag_p0485_1024x1536.png	9226-lilith-ai-products	products	9724	gen_products-grocery-whitelabel_tortilla-chips-bag_p0485		1024	1536	png	1042018	9724_gen_products-grocery-whitelabel_tortilla-chips-bag_p0485_1024x1536.png	lilith-ai	PD-own
9226-lilith-ai-products/home/decor/9725_gen_products-home-decor_abstract-resin-sculpture_p0486_1024x1536.png	9226-lilith-ai-products	products	9725	gen_products-home-decor_abstract-resin-sculpture_p0486		1024	1536	png	888037	9725_gen_products-home-decor_abstract-resin-sculpture_p0486_1024x1536.png	lilith-ai	PD-own
9226-lilith-ai-products/home/decor/9726_gen_products-home-decor_amber-glass-bud-vase-trio_flat_p0487_1536x1024.png	9226-lilith-ai-products	products	9726	gen_products-home-decor_amber-glass-bud-vase-trio_flat_p0487		1536	1024	png	1442246	9726_gen_products-home-decor_amber-glass-bud-vase-trio_flat_p0487_1536x1024.png	lilith-ai	PD-own
9226-lilith-ai-products/home/decor/9727_gen_products-home-decor_art-print-citrus-poster_p0488_1024x1536.png	9226-lilith-ai-products	products	9727	gen_products-home-decor_art-print-citrus-poster_p0488		1024	1536	png	2231559	9727_gen_products-home-decor_art-print-citrus-poster_p0488_1024x1536.png	lilith-ai	PD-own
9226-lilith-ai-products/home/decor/9728_gen_products-home-decor_bedding-flatlay-warm_detail_p0489_1024x1024.png	9226-lilith-ai-products	products	9728	gen_products-home-decor_bedding-flatlay-warm_detail_p0489		1024	1024	png	1822572	9728_gen_products-home-decor_bedding-flatlay-warm_detail_p0489_1024x1024.png	lilith-ai	PD-own
9226-lilith-ai-products/home/decor/9729_gen_products-home-decor_beveled-table-mirror_p0490_1024x1536.png	9226-lilith-ai-products	products	9729	gen_products-home-decor_beveled-table-mirror_p0490		1024	1536	png	1131728	9729_gen_products-home-decor_beveled-table-mirror_p0490_1024x1536.png	lilith-ai	PD-own
9226-lilith-ai-products/home/decor/9730_gen_products-home-decor_blush-glass-jar-candle_p0491_1024x1536.png	9226-lilith-ai-products	products	9730	gen_products-home-decor_blush-glass-jar-candle_p0491		1024	1536	png	791495	9730_gen_products-home-decor_blush-glass-jar-candle_p0491_1024x1536.png	lilith-ai	PD-own
9226-lilith-ai-products/home/decor/9731_gen_products-home-decor_blush-pink-throw-pillow-tassel_p0492_1024x1024.png	9226-lilith-ai-products	products	9731	gen_products-home-decor_blush-pink-throw-pillow-tassel_p0492		1024	1024	png	1405523	9731_gen_products-home-decor_blush-pink-throw-pillow-tassel_p0492_1024x1024.png	lilith-ai	PD-own
9226-lilith-ai-products/home/decor/9732_gen_products-home-decor_boho-throw-pillow-terracotta_p0493_4096x4096.jpg	9226-lilith-ai-products	products	9732	gen_products-home-decor_boho-throw-pillow-terracotta_p0493		4096	4096	jpg	1777331	9732_gen_products-home-decor_boho-throw-pillow-terracotta_p0493_4096x4096.jpg	lilith-ai	PD-own
9226-lilith-ai-products/home/decor/9733_gen_products-home-decor_brass-arc-floor-lamp_p0494_1024x1536.png	9226-lilith-ai-products	products	9733	gen_products-home-decor_brass-arc-floor-lamp_p0494		1024	1536	png	284253	9733_gen_products-home-decor_brass-arc-floor-lamp_p0494_1024x1536.png	lilith-ai	PD-own
9226-lilith-ai-products/home/decor/9734_gen_products-home-decor_brass-candleholder-set_p0495_1536x1024.png	9226-lilith-ai-products	products	9734	gen_products-home-decor_brass-candleholder-set_p0495		1536	1024	png	433942	9734_gen_products-home-decor_brass-candleholder-set_p0495_1536x1024.png	lilith-ai	PD-own
9226-lilith-ai-products/home/decor/9735_gen_products-home-decor_brass-geometric-bookends_p0496_1536x1024.png	9226-lilith-ai-products	products	9735	gen_products-home-decor_brass-geometric-bookends_p0496		1536	1024	png	854755	9735_gen_products-home-decor_brass-geometric-bookends_p0496_1536x1024.png	lilith-ai	PD-own
9226-lilith-ai-products/home/decor/9736_gen_products-home-decor_brass-table-clock_p0497_1024x1024.png	9226-lilith-ai-products	products	9736	gen_products-home-decor_brass-table-clock_p0497		1024	1024	png	910103	9736_gen_products-home-decor_brass-table-clock_p0497_1024x1024.png	lilith-ai	PD-own
9226-lilith-ai-products/home/decor/9737_gen_products-home-decor_brass-wall-sconce_p0498_1024x1536.png	9226-lilith-ai-products	products	9737	gen_products-home-decor_brass-wall-sconce_p0498		1024	1536	png	619379	9737_gen_products-home-decor_brass-wall-sconce_p0498_1024x1536.png	lilith-ai	PD-own
9226-lilith-ai-products/home/decor/9738_gen_products-home-decor_candle-tobacco-vetiver-product_p0499_1024x1536.png	9226-lilith-ai-products	products	9738	gen_products-home-decor_candle-tobacco-vetiver-product_p0499		1024	1536	png	1006369	9738_gen_products-home-decor_candle-tobacco-vetiver-product_p0499_1024x1536.png	lilith-ai	PD-own
9226-lilith-ai-products/home/decor/9739_gen_products-home-decor_ceramic-table-lamp-linen-shade_p0500_1024x1536.png	9226-lilith-ai-products	products	9739	gen_products-home-decor_ceramic-table-lamp-linen-shade_p0500		1024	1536	png	1375658	9739_gen_products-home-decor_ceramic-table-lamp-linen-shade_p0500_1024x1536.png	lilith-ai	PD-own
9226-lilith-ai-products/home/decor/9740_gen_products-home-decor_ceramic-vase-trio_p0501_1536x1024.png	9226-lilith-ai-products	products	9740	gen_products-home-decor_ceramic-vase-trio_p0501		1536	1024	png	912625	9740_gen_products-home-decor_ceramic-vase-trio_p0501_1536x1024.png	lilith-ai	PD-own
9226-lilith-ai-products/home/decor/9741_gen_products-home-decor_chunky-knit-throw-blanket_p0502_1024x1024.png	9226-lilith-ai-products	products	9741	gen_products-home-decor_chunky-knit-throw-blanket_p0502		1024	1024	png	1126747	9741_gen_products-home-decor_chunky-knit-throw-blanket_p0502_1024x1024.png	lilith-ai	PD-own
9226-lilith-ai-products/home/decor/9742_gen_products-home-decor_coral-velvet-throw-pillow_p0503_1024x1024.png	9226-lilith-ai-products	products	9742	gen_products-home-decor_coral-velvet-throw-pillow_p0503		1024	1024	png	1659219	9742_gen_products-home-decor_coral-velvet-throw-pillow_p0503_1024x1024.png	lilith-ai	PD-own
9226-lilith-ai-products/home/decor/9743_gen_products-home-decor_cream-cable-knit-throw_flat_p0504_1024x1024.png	9226-lilith-ai-products	products	9743	gen_products-home-decor_cream-cable-knit-throw_flat_p0504		1024	1024	png	1197447	9743_gen_products-home-decor_cream-cable-knit-throw_flat_p0504_1024x1024.png	lilith-ai	PD-own
9226-lilith-ai-products/home/decor/9744_gen_products-home-decor_pillow-textured_p0505_1024x1024.png	9226-lilith-ai-products	products	9744	gen_products-home-decor_pillow-textured_p0505		1024	1024	png	1690882	9744_gen_products-home-decor_pillow-textured_p0505_1024x1024.png	lilith-ai	PD-own
9226-lilith-ai-products/home/decor/9745_gen_products-home-decor_dusty-blue-faux-fur-pillow_p0506_1024x1024.png	9226-lilith-ai-products	products	9745	gen_products-home-decor_dusty-blue-faux-fur-pillow_p0506		1024	1024	png	1753326	9745_gen_products-home-decor_dusty-blue-faux-fur-pillow_p0506_1024x1024.png	lilith-ai	PD-own
9226-lilith-ai-products/home/decor/9746_gen_products-home-decor_dusty-blue-quilted-coverlet_flat_p0507_1536x1024.png	9226-lilith-ai-products	products	9746	gen_products-home-decor_dusty-blue-quilted-coverlet_flat_p0507		1536	1024	png	2282287	9746_gen_products-home-decor_dusty-blue-quilted-coverlet_flat_p0507_1536x1024.png	lilith-ai	PD-own
9226-lilith-ai-products/home/decor/9747_gen_products-home-decor_duvet-set-cobalt_detail_p0508_1536x1024.png	9226-lilith-ai-products	products	9747	gen_products-home-decor_duvet-set-cobalt_detail_p0508		1536	1024	png	2612585	9747_gen_products-home-decor_duvet-set-cobalt_detail_p0508_1536x1024.png	lilith-ai	PD-own
9226-lilith-ai-products/home/decor/9748_gen_products-home-decor_framed-abstract-art-print_p0509_1024x1536.png	9226-lilith-ai-products	products	9748	gen_products-home-decor_framed-abstract-art-print_p0509		1024	1536	png	1884235	9748_gen_products-home-decor_framed-abstract-art-print_p0509_1024x1536.png	lilith-ai	PD-own
9226-lilith-ai-products/home/decor/9749_gen_products-home-decor_framed-botanical-art-print_p0510_1024x1536.png	9226-lilith-ai-products	products	9749	gen_products-home-decor_framed-botanical-art-print_p0510		1024	1536	png	1469795	9749_gen_products-home-decor_framed-botanical-art-print_p0510_1024x1536.png	lilith-ai	PD-own
9226-lilith-ai-products/home/decor/9750_gen_products-home-decor_gallery-frame-set_p0511_1536x1024.png	9226-lilith-ai-products	products	9750	gen_products-home-decor_gallery-frame-set_p0511		1536	1024	png	1156029	9750_gen_products-home-decor_gallery-frame-set_p0511_1536x1024.png	lilith-ai	PD-own
9226-lilith-ai-products/home/decor/9751_gen_products-home-decor_glass-cloche-display-dome_p0512_1024x1536.png	9226-lilith-ai-products	products	9751	gen_products-home-decor_glass-cloche-display-dome_p0512		1024	1536	png	798810	9751_gen_products-home-decor_glass-cloche-display-dome_p0512_1024x1536.png	lilith-ai	PD-own
9226-lilith-ai-products/home/decor/9752_gen_products-home-decor_matte-black-table-lamp_p0513_1024x1536.png	9226-lilith-ai-products	products	9752	gen_products-home-decor_matte-black-table-lamp_p0513		1024	1536	png	1264441	9752_gen_products-home-decor_matte-black-table-lamp_p0513_1024x1536.png	lilith-ai	PD-own
9226-lilith-ai-products/home/decor/9753_gen_products-home-decor_merch-art-print_p0514_1152x2048.png	9226-lilith-ai-products	products	9753	gen_products-home-decor_merch-art-print_p0514		1152	2048	png	2744711	9753_gen_products-home-decor_merch-art-print_p0514_1152x2048.png	lilith-ai	PD-own
9226-lilith-ai-products/home/decor/9754_gen_products-home-decor_modern-wall-clock_p0515_1024x1024.png	9226-lilith-ai-products	products	9754	gen_products-home-decor_modern-wall-clock_p0515		1024	1024	png	940868	9754_gen_products-home-decor_modern-wall-clock_p0515_1024x1024.png	lilith-ai	PD-own
9226-lilith-ai-products/home/decor/9755_gen_products-home-decor_monstera-in-stoneware-pot_p0516_1024x1536.png	9226-lilith-ai-products	products	9755	gen_products-home-decor_monstera-in-stoneware-pot_p0516		1024	1536	png	1525574	9755_gen_products-home-decor_monstera-in-stoneware-pot_p0516_1024x1536.png	lilith-ai	PD-own
9226-lilith-ai-products/home/decor/9756_gen_products-home-decor_natural-jute-basket-round_p0517_1024x1024.png	9226-lilith-ai-products	products	9756	gen_products-home-decor_natural-jute-basket-round_p0517		1024	1024	png	1247278	9756_gen_products-home-decor_natural-jute-basket-round_p0517_1024x1024.png	lilith-ai	PD-own
9226-lilith-ai-products/home/decor/9757_gen_products-home-decor_natural-wood-picture-frame_p0518_1024x1536.png	9226-lilith-ai-products	products	9757	gen_products-home-decor_natural-wood-picture-frame_p0518		1024	1536	png	1483545	9757_gen_products-home-decor_natural-wood-picture-frame_p0518_1024x1536.png	lilith-ai	PD-own
9226-lilith-ai-products/home/decor/9758_gen_products-home-decor_navy-stripe-throw-blanket_flat_p0519_1024x1024.png	9226-lilith-ai-products	products	9758	gen_products-home-decor_navy-stripe-throw-blanket_flat_p0519		1024	1024	png	1585612	9758_gen_products-home-decor_navy-stripe-throw-blanket_flat_p0519_1024x1024.png	lilith-ai	PD-own
9226-lilith-ai-products/home/decor/9759_gen_products-home-decor_reed-diffuser-amber-glass_p0520_1024x1536.png	9226-lilith-ai-products	products	9759	gen_products-home-decor_reed-diffuser-amber-glass_p0520		1024	1536	png	848274	9759_gen_products-home-decor_reed-diffuser-amber-glass_p0520_1024x1536.png	lilith-ai	PD-own
9226-lilith-ai-products/home/decor/9760_gen_products-home-decor_round-wall-mirror-brass_p0521_1024x1024.png	9226-lilith-ai-products	products	9760	gen_products-home-decor_round-wall-mirror-brass_p0521		1024	1024	png	760549	9760_gen_products-home-decor_round-wall-mirror-brass_p0521_1024x1024.png	lilith-ai	PD-own
9226-lilith-ai-products/home/decor/9761_gen_products-home-decor_sage-cotton-shower-curtain_flat_p0522_1024x1536.png	9226-lilith-ai-products	products	9761	gen_products-home-decor_sage-cotton-shower-curtain_flat_p0522		1024	1536	png	2187911	9761_gen_products-home-decor_sage-cotton-shower-curtain_flat_p0522_1024x1536.png	lilith-ai	PD-own
9226-lilith-ai-products/home/decor/9762_gen_products-home-decor_sage-linen-duvet-set_flat_p0523_1536x1024.png	9226-lilith-ai-products	products	9762	gen_products-home-decor_sage-linen-duvet-set_flat_p0523		1536	1024	png	2232099	9762_gen_products-home-decor_sage-linen-duvet-set_flat_p0523_1536x1024.png	lilith-ai	PD-own
9226-lilith-ai-products/home/decor/9763_gen_products-home-decor_sage-percale-sheet-set_flat_p0524_1536x1024.png	9226-lilith-ai-products	products	9763	gen_products-home-decor_sage-percale-sheet-set_flat_p0524		1536	1024	png	1049190	9763_gen_products-home-decor_sage-percale-sheet-set_flat_p0524_1536x1024.png	lilith-ai	PD-own
9226-lilith-ai-products/home/decor/9764_gen_products-home-decor_scented-candle-glass-jar_p0525_1024x1536.png	9226-lilith-ai-products	products	9764	gen_products-home-decor_scented-candle-glass-jar_p0525		1024	1536	png	1177363	9764_gen_products-home-decor_scented-candle-glass-jar_p0525_1024x1536.png	lilith-ai	PD-own
9226-lilith-ai-products/home/decor/9765_gen_products-home-decor_soy-jar-candle-amber-glass_p0526_3072x5504.jpg	9226-lilith-ai-products	products	9765	gen_products-home-decor_soy-jar-candle-amber-glass_p0526		3072	5504	jpg	656206	9765_gen_products-home-decor_soy-jar-candle-amber-glass_p0526_3072x5504.jpg	lilith-ai	PD-own
9226-lilith-ai-products/home/decor/9766_gen_products-home-decor_sunny-yellow-hand-towel-set_flat_p0527_1536x1024.png	9226-lilith-ai-products	products	9766	gen_products-home-decor_sunny-yellow-hand-towel-set_flat_p0527		1536	1024	png	1818803	9766_gen_products-home-decor_sunny-yellow-hand-towel-set_flat_p0527_1536x1024.png	lilith-ai	PD-own
9226-lilith-ai-products/home/decor/9767_gen_products-home-decor_terracotta-planter-pot_p0528_1024x1024.png	9226-lilith-ai-products	products	9767	gen_products-home-decor_terracotta-planter-pot_p0528		1024	1024	png	646395	9767_gen_products-home-decor_terracotta-planter-pot_p0528_1024x1024.png	lilith-ai	PD-own
9226-lilith-ai-products/home/decor/9768_gen_products-home-decor_terracotta-tufted-bath-mat_p0529_1536x1024.png	9226-lilith-ai-products	products	9768	gen_products-home-decor_terracotta-tufted-bath-mat_p0529		1536	1024	png	3325457	9768_gen_products-home-decor_terracotta-tufted-bath-mat_p0529_1536x1024.png	lilith-ai	PD-own
9226-lilith-ai-products/home/decor/9769_gen_products-home-decor_terracotta-vase-tall_p0530_1024x1536.png	9226-lilith-ai-products	products	9769	gen_products-home-decor_terracotta-vase-tall_p0530		1024	1536	png	1140069	9769_gen_products-home-decor_terracotta-vase-tall_p0530_1024x1536.png	lilith-ai	PD-own
9226-lilith-ai-products/home/decor/9770_gen_products-home-decor_washed-linen-bedding-set-sage_flat_p0531_5504x3072.jpg	9226-lilith-ai-products	products	9770	gen_products-home-decor_washed-linen-bedding-set-sage_flat_p0531		5504	3072	jpg	859194	9770_gen_products-home-decor_washed-linen-bedding-set-sage_flat_p0531_5504x3072.jpg	lilith-ai	PD-own
9226-lilith-ai-products/home/decor/9771_gen_products-home-decor_white-ceramic-vase-organic_p0532_1024x1536.png	9226-lilith-ai-products	products	9771	gen_products-home-decor_white-ceramic-vase-organic_p0532		1024	1536	png	731620	9771_gen_products-home-decor_white-ceramic-vase-organic_p0532_1024x1536.png	lilith-ai	PD-own
9226-lilith-ai-products/home/decor/9772_gen_products-home-decor_woven-magazine-basket_p0533_1024x1536.png	9226-lilith-ai-products	products	9772	gen_products-home-decor_woven-magazine-basket_p0533		1024	1536	png	1738457	9772_gen_products-home-decor_woven-magazine-basket_p0533_1024x1536.png	lilith-ai	PD-own
9226-lilith-ai-products/home/decor/9773_gen_products-home-decor_woven-planter-with-plant_p0534_1024x1536.png	9226-lilith-ai-products	products	9773	gen_products-home-decor_woven-planter-with-plant_p0534		1024	1536	png	1442125	9773_gen_products-home-decor_woven-planter-with-plant_p0534_1024x1536.png	lilith-ai	PD-own
9226-lilith-ai-products/home/decor/9774_gen_products-home-decor_woven-rattan-pendant-light_p0535_1024x1536.png	9226-lilith-ai-products	products	9774	gen_products-home-decor_woven-rattan-pendant-light_p0535		1024	1536	png	847989	9774_gen_products-home-decor_woven-rattan-pendant-light_p0535_1024x1536.png	lilith-ai	PD-own
9226-lilith-ai-products/home/furniture/9775_gen_products-home-furniture_accent-cabinet-cane-doors_p0536_1024x1536.png	9226-lilith-ai-products	products	9775	gen_products-home-furniture_accent-cabinet-cane-doors_p0536		1024	1536	png	1920806	9775_gen_products-home-furniture_accent-cabinet-cane-doors_p0536_1024x1536.png	lilith-ai	PD-own
9226-lilith-ai-products/home/furniture/9776_gen_products-home-furniture_ergonomic-desk-chair_p0537_1024x1536.png	9226-lilith-ai-products	products	9776	gen_products-home-furniture_ergonomic-desk-chair_p0537		1024	1536	png	1556913	9776_gen_products-home-furniture_ergonomic-desk-chair_p0537_1024x1536.png	lilith-ai	PD-own
9226-lilith-ai-products/home/furniture/9777_gen_products-home-furniture_freestanding-garment-rack_p0538_1024x1536.png	9226-lilith-ai-products	products	9777	gen_products-home-furniture_freestanding-garment-rack_p0538		1024	1536	png	823421	9777_gen_products-home-furniture_freestanding-garment-rack_p0538_1024x1536.png	lilith-ai	PD-own
9226-lilith-ai-products/home/furniture/9778_gen_products-home-furniture_kitchen-island-cart_p0539_1024x1536.png	9226-lilith-ai-products	products	9778	gen_products-home-furniture_kitchen-island-cart_p0539		1024	1536	png	1505896	9778_gen_products-home-furniture_kitchen-island-cart_p0539_1024x1536.png	lilith-ai	PD-own
9226-lilith-ai-products/home/furniture/9779_gen_products-home-furniture_l-shaped-sectional-sofa_p0540_1536x1024.png	9226-lilith-ai-products	products	9779	gen_products-home-furniture_l-shaped-sectional-sofa_p0540		1536	1024	png	1049681	9779_gen_products-home-furniture_l-shaped-sectional-sofa_p0540_1536x1024.png	lilith-ai	PD-own
9226-lilith-ai-products/home/furniture/9780_gen_products-home-furniture_leather-bar-stool_p0541_1024x1536.png	9226-lilith-ai-products	products	9780	gen_products-home-furniture_leather-bar-stool_p0541		1024	1536	png	940980	9780_gen_products-home-furniture_leather-bar-stool_p0541_1024x1536.png	lilith-ai	PD-own
9226-lilith-ai-products/home/furniture/9781_gen_products-home-furniture_low-tv-media-stand_p0542_1536x1024.png	9226-lilith-ai-products	products	9781	gen_products-home-furniture_low-tv-media-stand_p0542		1536	1024	png	1104556	9781_gen_products-home-furniture_low-tv-media-stand_p0542_1536x1024.png	lilith-ai	PD-own
9226-lilith-ai-products/home/furniture/9782_gen_products-home-furniture_mid-century-lounge-chair_p0543_1024x1536.png	9226-lilith-ai-products	products	9782	gen_products-home-furniture_mid-century-lounge-chair_p0543		1024	1536	png	1285700	9782_gen_products-home-furniture_mid-century-lounge-chair_p0543_1024x1536.png	lilith-ai	PD-own
9226-lilith-ai-products/home/furniture/9783_gen_products-home-furniture_open-bookcase-five-shelf_p0544_1024x1536.png	9226-lilith-ai-products	products	9783	gen_products-home-furniture_open-bookcase-five-shelf_p0544		1024	1536	png	1368105	9783_gen_products-home-furniture_open-bookcase-five-shelf_p0544_1024x1536.png	lilith-ai	PD-own
9226-lilith-ai-products/home/furniture/9784_gen_products-home-furniture_oval-coffee-table_p0545_1536x1024.png	9226-lilith-ai-products	products	9784	gen_products-home-furniture_oval-coffee-table_p0545		1536	1024	png	906111	9784_gen_products-home-furniture_oval-coffee-table_p0545_1536x1024.png	lilith-ai	PD-own
9226-lilith-ai-products/home/furniture/9785_gen_products-home-furniture_queen-platform-bed-frame_p0546_1536x1024.png	9226-lilith-ai-products	products	9785	gen_products-home-furniture_queen-platform-bed-frame_p0546		1536	1024	png	973754	9785_gen_products-home-furniture_queen-platform-bed-frame_p0546_1536x1024.png	lilith-ai	PD-own
9226-lilith-ai-products/home/furniture/9786_gen_products-home-furniture_rectangular-dining-table_p0547_1536x1024.png	9226-lilith-ai-products	products	9786	gen_products-home-furniture_rectangular-dining-table_p0547		1536	1024	png	1027593	9786_gen_products-home-furniture_rectangular-dining-table_p0547_1536x1024.png	lilith-ai	PD-own
9226-lilith-ai-products/home/furniture/9787_gen_products-home-furniture_rounded-upholstered-ottoman_p0548_1024x1024.png	9226-lilith-ai-products	products	9787	gen_products-home-furniture_rounded-upholstered-ottoman_p0548		1024	1024	png	1173999	9787_gen_products-home-furniture_rounded-upholstered-ottoman_p0548_1024x1024.png	lilith-ai	PD-own
9226-lilith-ai-products/home/furniture/9788_gen_products-home-furniture_six-drawer-dresser_p0549_1536x1024.png	9226-lilith-ai-products	products	9788	gen_products-home-furniture_six-drawer-dresser_p0549		1536	1024	png	1516131	9788_gen_products-home-furniture_six-drawer-dresser_p0549_1536x1024.png	lilith-ai	PD-own
9226-lilith-ai-products/home/furniture/9789_gen_products-home-furniture_slim-entry-console-table_p0550_1536x1024.png	9226-lilith-ai-products	products	9789	gen_products-home-furniture_slim-entry-console-table_p0550		1536	1024	png	1098469	9789_gen_products-home-furniture_slim-entry-console-table_p0550_1536x1024.png	lilith-ai	PD-own
9226-lilith-ai-products/home/furniture/9790_gen_products-home-furniture_storage-bench-upholstered_p0551_1536x1024.png	9226-lilith-ai-products	products	9790	gen_products-home-furniture_storage-bench-upholstered_p0551		1536	1024	png	1552155	9790_gen_products-home-furniture_storage-bench-upholstered_p0551_1536x1024.png	lilith-ai	PD-own
9226-lilith-ai-products/home/furniture/9791_gen_products-home-furniture_three-seat-sofa_p0552_1536x1024.png	9226-lilith-ai-products	products	9791	gen_products-home-furniture_three-seat-sofa_p0552		1536	1024	png	1477141	9791_gen_products-home-furniture_three-seat-sofa_p0552_1536x1024.png	lilith-ai	PD-own
9226-lilith-ai-products/home/furniture/9792_gen_products-home-furniture_two-drawer-nightstand_p0553_1024x1536.png	9226-lilith-ai-products	products	9792	gen_products-home-furniture_two-drawer-nightstand_p0553		1024	1536	png	1561037	9792_gen_products-home-furniture_two-drawer-nightstand_p0553_1024x1536.png	lilith-ai	PD-own
9226-lilith-ai-products/home/furniture/9793_gen_products-home-furniture_two-seat-loveseat_p0554_1536x1024.png	9226-lilith-ai-products	products	9793	gen_products-home-furniture_two-seat-loveseat_p0554		1536	1024	png	1573171	9793_gen_products-home-furniture_two-seat-loveseat_p0554_1536x1024.png	lilith-ai	PD-own
9226-lilith-ai-products/home/furniture/9794_gen_products-home-furniture_upholstered-accent-armchair_p0555_1024x1536.png	9226-lilith-ai-products	products	9794	gen_products-home-furniture_upholstered-accent-armchair_p0555		1024	1536	png	1827383	9794_gen_products-home-furniture_upholstered-accent-armchair_p0555_1024x1536.png	lilith-ai	PD-own
9226-lilith-ai-products/home/furniture/9795_gen_products-home-furniture_upholstered-dining-chair_p0556_1024x1536.png	9226-lilith-ai-products	products	9795	gen_products-home-furniture_upholstered-dining-chair_p0556		1024	1536	png	1282007	9795_gen_products-home-furniture_upholstered-dining-chair_p0556_1024x1536.png	lilith-ai	PD-own
9226-lilith-ai-products/home/furniture/9796_gen_products-home-furniture_upholstered-headboard_p0557_1536x1024.png	9226-lilith-ai-products	products	9796	gen_products-home-furniture_upholstered-headboard_p0557		1536	1024	png	1807155	9796_gen_products-home-furniture_upholstered-headboard_p0557_1536x1024.png	lilith-ai	PD-own
9226-lilith-ai-products/home/furniture/9797_gen_products-home-furniture_vanity-table-with-mirror_p0558_1024x1536.png	9226-lilith-ai-products	products	9797	gen_products-home-furniture_vanity-table-with-mirror_p0558		1024	1536	png	965881	9797_gen_products-home-furniture_vanity-table-with-mirror_p0558_1024x1536.png	lilith-ai	PD-own
9226-lilith-ai-products/home/furniture/9798_gen_products-home-furniture_walnut-side-table_p0559_1024x1536.png	9226-lilith-ai-products	products	9798	gen_products-home-furniture_walnut-side-table_p0559		1024	1536	png	802532	9798_gen_products-home-furniture_walnut-side-table_p0559_1024x1536.png	lilith-ai	PD-own
9226-lilith-ai-products/home/furniture/9799_gen_products-home-furniture_writing-desk-walnut_p0560_1536x1024.png	9226-lilith-ai-products	products	9799	gen_products-home-furniture_writing-desk-walnut_p0560		1536	1024	png	1128755	9799_gen_products-home-furniture_writing-desk-walnut_p0560_1536x1024.png	lilith-ai	PD-own
9226-lilith-ai-products/home/kitchen/9800_gen_products-home-kitchen_ashridge-chef-knife_p0561_1536x1024.png	9226-lilith-ai-products	products	9800	gen_products-home-kitchen_ashridge-chef-knife_p0561		1536	1024	png	599690	9800_gen_products-home-kitchen_ashridge-chef-knife_p0561_1536x1024.png	lilith-ai	PD-own
9226-lilith-ai-products/home/kitchen/9801_gen_products-home-kitchen_ashridge-cutting-board_p0562_1536x1024.png	9226-lilith-ai-products	products	9801	gen_products-home-kitchen_ashridge-cutting-board_p0562		1536	1024	png	1836722	9801_gen_products-home-kitchen_ashridge-cutting-board_p0562_1536x1024.png	lilith-ai	PD-own
9226-lilith-ai-products/home/kitchen/9802_gen_products-home-kitchen_ashridge-espresso-cups_p0563_1536x1024.png	9226-lilith-ai-products	products	9802	gen_products-home-kitchen_ashridge-espresso-cups_p0563		1536	1024	png	828204	9802_gen_products-home-kitchen_ashridge-espresso-cups_p0563_1536x1024.png	lilith-ai	PD-own
9226-lilith-ai-products/home/kitchen/9803_gen_products-home-kitchen_ashridge-french-press_p0564_1024x1536.png	9226-lilith-ai-products	products	9803	gen_products-home-kitchen_ashridge-french-press_p0564		1024	1536	png	1052085	9803_gen_products-home-kitchen_ashridge-french-press_p0564_1024x1536.png	lilith-ai	PD-own
9226-lilith-ai-products/home/kitchen/9804_gen_products-home-kitchen_ashridge-garlic-press_p0565_1536x1024.png	9226-lilith-ai-products	products	9804	gen_products-home-kitchen_ashridge-garlic-press_p0565		1536	1024	png	878017	9804_gen_products-home-kitchen_ashridge-garlic-press_p0565_1536x1024.png	lilith-ai	PD-own
9226-lilith-ai-products/home/kitchen/9805_gen_products-home-kitchen_ashridge-gooseneck-tea-kettle_p0566_1024x1024.png	9226-lilith-ai-products	products	9805	gen_products-home-kitchen_ashridge-gooseneck-tea-kettle_p0566		1024	1024	png	784594	9805_gen_products-home-kitchen_ashridge-gooseneck-tea-kettle_p0566_1024x1024.png	lilith-ai	PD-own
9226-lilith-ai-products/home/kitchen/9806_gen_products-home-kitchen_ashridge-vegetable-peeler_p0567_1536x1024.png	9226-lilith-ai-products	products	9806	gen_products-home-kitchen_ashridge-vegetable-peeler_p0567		1536	1024	png	754100	9806_gen_products-home-kitchen_ashridge-vegetable-peeler_p0567_1536x1024.png	lilith-ai	PD-own
9226-lilith-ai-products/home/kitchen/9807_gen_products-home-kitchen_ashridge-wooden-spoons_p0568_1024x1536.png	9226-lilith-ai-products	products	9807	gen_products-home-kitchen_ashridge-wooden-spoons_p0568		1024	1536	png	1372262	9807_gen_products-home-kitchen_ashridge-wooden-spoons_p0568_1024x1536.png	lilith-ai	PD-own
9226-lilith-ai-products/home/kitchen/9808_gen_products-home-kitchen_ceramic-coral-coffee-mug_p0569_1024x1024.png	9226-lilith-ai-products	products	9808	gen_products-home-kitchen_ceramic-coral-coffee-mug_p0569		1024	1024	png	1004513	9808_gen_products-home-kitchen_ceramic-coral-coffee-mug_p0569_1024x1024.png	lilith-ai	PD-own
9226-lilith-ai-products/home/kitchen/9809_gen_products-home-kitchen_ceramic-mug-watercolor_p0570_1024x1024.png	9226-lilith-ai-products	products	9809	gen_products-home-kitchen_ceramic-mug-watercolor_p0570		1024	1024	png	886679	9809_gen_products-home-kitchen_ceramic-mug-watercolor_p0570_1024x1024.png	lilith-ai	PD-own
9226-lilith-ai-products/home/kitchen/9810_gen_products-home-kitchen_cream-ribbed-tumbler-set_p0571_1536x1024.png	9226-lilith-ai-products	products	9810	gen_products-home-kitchen_cream-ribbed-tumbler-set_p0571		1536	1024	png	854449	9810_gen_products-home-kitchen_cream-ribbed-tumbler-set_p0571_1536x1024.png	lilith-ai	PD-own
9226-lilith-ai-products/home/kitchen/9811_gen_products-home-kitchen_fieldstone-baking-pan-set_p0572_1536x1024.png	9226-lilith-ai-products	products	9811	gen_products-home-kitchen_fieldstone-baking-pan-set_p0572		1536	1024	png	881152	9811_gen_products-home-kitchen_fieldstone-baking-pan-set_p0572_1536x1024.png	lilith-ai	PD-own
9226-lilith-ai-products/home/kitchen/9812_gen_products-home-kitchen_fieldstone-baking-sheet_p0573_1536x1024.png	9226-lilith-ai-products	products	9812	gen_products-home-kitchen_fieldstone-baking-sheet_p0573		1536	1024	png	929080	9812_gen_products-home-kitchen_fieldstone-baking-sheet_p0573_1536x1024.png	lilith-ai	PD-own
9226-lilith-ai-products/home/kitchen/9813_gen_products-home-kitchen_fieldstone-cast-iron-skillet_p0574_1024x1024.png	9226-lilith-ai-products	products	9813	gen_products-home-kitchen_fieldstone-cast-iron-skillet_p0574		1024	1024	png	1292053	9813_gen_products-home-kitchen_fieldstone-cast-iron-skillet_p0574_1024x1024.png	lilith-ai	PD-own
9226-lilith-ai-products/home/kitchen/9814_gen_products-home-kitchen_fieldstone-dinnerware-plates_p0575_1536x1024.png	9226-lilith-ai-products	products	9814	gen_products-home-kitchen_fieldstone-dinnerware-plates_p0575		1536	1024	png	1322442	9814_gen_products-home-kitchen_fieldstone-dinnerware-plates_p0575_1536x1024.png	lilith-ai	PD-own
9226-lilith-ai-products/home/kitchen/9815_gen_products-home-kitchen_fieldstone-dutch-oven_p0576_1024x1024.png	9226-lilith-ai-products	products	9815	gen_products-home-kitchen_fieldstone-dutch-oven_p0576		1024	1024	png	851866	9815_gen_products-home-kitchen_fieldstone-dutch-oven_p0576_1024x1024.png	lilith-ai	PD-own
9226-lilith-ai-products/home/kitchen/9816_gen_products-home-kitchen_fieldstone-glass-pitcher_p0577_1024x1536.png	9226-lilith-ai-products	products	9816	gen_products-home-kitchen_fieldstone-glass-pitcher_p0577		1024	1536	png	933808	9816_gen_products-home-kitchen_fieldstone-glass-pitcher_p0577_1024x1536.png	lilith-ai	PD-own
9226-lilith-ai-products/home/kitchen/9817_gen_products-home-kitchen_fieldstone-glass-storage-set_p0578_1536x1024.png	9226-lilith-ai-products	products	9817	gen_products-home-kitchen_fieldstone-glass-storage-set_p0578		1536	1024	png	1349881	9817_gen_products-home-kitchen_fieldstone-glass-storage-set_p0578_1536x1024.png	lilith-ai	PD-own
9226-lilith-ai-products/home/kitchen/9818_gen_products-home-kitchen_fieldstone-mixing-bowls_p0579_1536x1024.png	9226-lilith-ai-products	products	9818	gen_products-home-kitchen_fieldstone-mixing-bowls_p0579		1536	1024	png	979153	9818_gen_products-home-kitchen_fieldstone-mixing-bowls_p0579_1536x1024.png	lilith-ai	PD-own
9226-lilith-ai-products/home/kitchen/9819_gen_products-home-kitchen_fieldstone-mug-set_p0580_1536x1024.png	9226-lilith-ai-products	products	9819	gen_products-home-kitchen_fieldstone-mug-set_p0580		1536	1024	png	837373	9819_gen_products-home-kitchen_fieldstone-mug-set_p0580_1536x1024.png	lilith-ai	PD-own
9226-lilith-ai-products/home/kitchen/9820_gen_products-home-kitchen_fieldstone-nonstick-pan_p0581_1024x1024.png	9226-lilith-ai-products	products	9820	gen_products-home-kitchen_fieldstone-nonstick-pan_p0581		1024	1024	png	601882	9820_gen_products-home-kitchen_fieldstone-nonstick-pan_p0581_1024x1024.png	lilith-ai	PD-own
9226-lilith-ai-products/home/kitchen/9821_gen_products-home-kitchen_fieldstone-salad-bowl_p0582_1024x1024.png	9226-lilith-ai-products	products	9821	gen_products-home-kitchen_fieldstone-salad-bowl_p0582		1024	1024	png	956248	9821_gen_products-home-kitchen_fieldstone-salad-bowl_p0582_1024x1024.png	lilith-ai	PD-own
9226-lilith-ai-products/home/kitchen/9822_gen_products-home-kitchen_fieldstone-silicone-spatula_p0583_1024x1536.png	9226-lilith-ai-products	products	9822	gen_products-home-kitchen_fieldstone-silicone-spatula_p0583		1024	1536	png	455475	9822_gen_products-home-kitchen_fieldstone-silicone-spatula_p0583_1024x1536.png	lilith-ai	PD-own
9226-lilith-ai-products/home/kitchen/9823_gen_products-home-kitchen_ivory-fluted-stoneware-bowl_p0584_1024x1024.png	9226-lilith-ai-products	products	9823	gen_products-home-kitchen_ivory-fluted-stoneware-bowl_p0584		1024	1024	png	554817	9823_gen_products-home-kitchen_ivory-fluted-stoneware-bowl_p0584_1024x1024.png	lilith-ai	PD-own
9226-lilith-ai-products/home/kitchen/9824_gen_products-home-kitchen_marble-serving-tray_p0585_1536x1024.png	9226-lilith-ai-products	products	9824	gen_products-home-kitchen_marble-serving-tray_p0585		1536	1024	png	1021511	9824_gen_products-home-kitchen_marble-serving-tray_p0585_1536x1024.png	lilith-ai	PD-own
9226-lilith-ai-products/home/kitchen/9825_gen_products-home-kitchen_merch-ceramic-mug_p0586_2048x2048.png	9226-lilith-ai-products	products	9825	gen_products-home-kitchen_merch-ceramic-mug_p0586		2048	2048	png	1992976	9825_gen_products-home-kitchen_merch-ceramic-mug_p0586_2048x2048.png	lilith-ai	PD-own
9226-lilith-ai-products/home/kitchen/9826_gen_products-home-kitchen_merch-mug-coffee-club_p0587_1024x1536.png	9226-lilith-ai-products	products	9826	gen_products-home-kitchen_merch-mug-coffee-club_p0587		1024	1536	png	988444	9826_gen_products-home-kitchen_merch-mug-coffee-club_p0587_1024x1536.png	lilith-ai	PD-own
9226-lilith-ai-products/home/kitchen/9827_gen_products-home-kitchen_stoneware-dinnerware-set_flat_p0588_1536x1024.png	9226-lilith-ai-products	products	9827	gen_products-home-kitchen_stoneware-dinnerware-set_flat_p0588		1536	1024	png	934070	9827_gen_products-home-kitchen_stoneware-dinnerware-set_flat_p0588_1536x1024.png	lilith-ai	PD-own
9226-lilith-ai-products/home/kitchen/9828_gen_products-home-kitchen_stoneware-mug-speckled-cream_p0589_4096x4096.jpg	9226-lilith-ai-products	products	9828	gen_products-home-kitchen_stoneware-mug-speckled-cream_p0589		4096	4096	jpg	1107393	9828_gen_products-home-kitchen_stoneware-mug-speckled-cream_p0589_4096x4096.jpg	lilith-ai	PD-own
9226-lilith-ai-products/home/kitchen/9829_gen_products-home-kitchen_warm-wood-cutting-board_p0590_1536x1024.png	9226-lilith-ai-products	products	9829	gen_products-home-kitchen_warm-wood-cutting-board_p0590		1536	1024	png	2227895	9829_gen_products-home-kitchen_warm-wood-cutting-board_p0590_1536x1024.png	lilith-ai	PD-own
9226-lilith-ai-products/home/small-appliances/9830_gen_products-home-small-appliances_anchor-anvil-2-slice-toaster_p0591_1536x1024.png	9226-lilith-ai-products	products	9830	gen_products-home-small-appliances_anchor-anvil-2-slice-toaster_p0591		1536	1024	png	1084279	9830_gen_products-home-small-appliances_anchor-anvil-2-slice-toaster_p0591_1536x1024.png	lilith-ai	PD-own
9226-lilith-ai-products/home/small-appliances/9831_gen_products-home-small-appliances_anchor-anvil-countertop-blender_p0592_1024x1536.png	9226-lilith-ai-products	products	9831	gen_products-home-small-appliances_anchor-anvil-countertop-blender_p0592		1024	1536	png	1206903	9831_gen_products-home-small-appliances_anchor-anvil-countertop-blender_p0592_1024x1536.png	lilith-ai	PD-own
9226-lilith-ai-products/home/small-appliances/9832_gen_products-home-small-appliances_anchor-anvil-electric-kettle_p0593_1024x1536.png	9226-lilith-ai-products	products	9832	gen_products-home-small-appliances_anchor-anvil-electric-kettle_p0593		1024	1536	png	1250086	9832_gen_products-home-small-appliances_anchor-anvil-electric-kettle_p0593_1024x1536.png	lilith-ai	PD-own
9226-lilith-ai-products/home/small-appliances/9833_gen_products-home-small-appliances_anchor-anvil-popcorn-maker_p0594_1024x1536.png	9226-lilith-ai-products	products	9833	gen_products-home-small-appliances_anchor-anvil-popcorn-maker_p0594		1024	1536	png	1164300	9833_gen_products-home-small-appliances_anchor-anvil-popcorn-maker_p0594_1024x1536.png	lilith-ai	PD-own
9226-lilith-ai-products/home/small-appliances/9834_gen_products-home-small-appliances_anchor-anvil-rice-cooker_p0595_1024x1536.png	9226-lilith-ai-products	products	9834	gen_products-home-small-appliances_anchor-anvil-rice-cooker_p0595		1024	1536	png	1012766	9834_gen_products-home-small-appliances_anchor-anvil-rice-cooker_p0595_1024x1536.png	lilith-ai	PD-own
9226-lilith-ai-products/home/small-appliances/9835_gen_products-home-small-appliances_anchor-anvil-sandwich-press_p0596_1536x1024.png	9226-lilith-ai-products	products	9835	gen_products-home-small-appliances_anchor-anvil-sandwich-press_p0596		1536	1024	png	1542518	9835_gen_products-home-small-appliances_anchor-anvil-sandwich-press_p0596_1536x1024.png	lilith-ai	PD-own
9226-lilith-ai-products/home/small-appliances/9836_gen_products-home-small-appliances_anchor-anvil-stand-mixer_p0597_1024x1536.png	9226-lilith-ai-products	products	9836	gen_products-home-small-appliances_anchor-anvil-stand-mixer_p0597		1024	1536	png	1358469	9836_gen_products-home-small-appliances_anchor-anvil-stand-mixer_p0597_1024x1536.png	lilith-ai	PD-own
9226-lilith-ai-products/home/small-appliances/9837_gen_products-home-small-appliances_anchor-anvil-toaster-oven_p0598_1536x1024.png	9226-lilith-ai-products	products	9837	gen_products-home-small-appliances_anchor-anvil-toaster-oven_p0598		1536	1024	png	1353341	9837_gen_products-home-small-appliances_anchor-anvil-toaster-oven_p0598_1536x1024.png	lilith-ai	PD-own
9226-lilith-ai-products/home/small-appliances/9838_gen_products-home-small-appliances_appliance-blender-countertop-teal_p0599_1024x1536.png	9226-lilith-ai-products	products	9838	gen_products-home-small-appliances_appliance-blender-countertop-teal_p0599		1024	1536	png	847315	9838_gen_products-home-small-appliances_appliance-blender-countertop-teal_p0599_1024x1536.png	lilith-ai	PD-own
9226-lilith-ai-products/home/small-appliances/9839_gen_products-home-small-appliances_blackpine-conical-burr-grinder_p0600_1024x1536.png	9226-lilith-ai-products	products	9839	gen_products-home-small-appliances_blackpine-conical-burr-grinder_p0600		1024	1536	png	1149220	9839_gen_products-home-small-appliances_blackpine-conical-burr-grinder_p0600_1024x1536.png	lilith-ai	PD-own
9226-lilith-ai-products/home/small-appliances/9840_gen_products-home-small-appliances_blackpine-gooseneck-kettle_p0601_1024x1536.png	9226-lilith-ai-products	products	9840	gen_products-home-small-appliances_blackpine-gooseneck-kettle_p0601		1024	1536	png	997248	9840_gen_products-home-small-appliances_blackpine-gooseneck-kettle_p0601_1024x1536.png	lilith-ai	PD-own
9226-lilith-ai-products/home/small-appliances/9841_gen_products-home-small-appliances_ironvale-countertop-microwave_p0602_1536x1024.png	9226-lilith-ai-products	products	9841	gen_products-home-small-appliances_ironvale-countertop-microwave_p0602		1536	1024	png	1692637	9841_gen_products-home-small-appliances_ironvale-countertop-microwave_p0602_1536x1024.png	lilith-ai	PD-own
9226-lilith-ai-products/home/small-appliances/9842_gen_products-home-small-appliances_ironvale-digital-air-fryer_p0603_1024x1536.png	9226-lilith-ai-products	products	9842	gen_products-home-small-appliances_ironvale-digital-air-fryer_p0603		1024	1536	png	1292324	9842_gen_products-home-small-appliances_ironvale-digital-air-fryer_p0603_1024x1536.png	lilith-ai	PD-own
9226-lilith-ai-products/home/small-appliances/9843_gen_products-home-small-appliances_ironvale-food-processor_p0604_1024x1536.png	9226-lilith-ai-products	products	9843	gen_products-home-small-appliances_ironvale-food-processor_p0604		1024	1536	png	1202984	9843_gen_products-home-small-appliances_ironvale-food-processor_p0604_1024x1536.png	lilith-ai	PD-own
9226-lilith-ai-products/home/small-appliances/9844_gen_products-home-small-appliances_ironvale-multi-cooker-pressure-cooker_p0605_1024x1536.png	9226-lilith-ai-products	products	9844	gen_products-home-small-appliances_ironvale-multi-cooker-pressure-cooker_p0605		1024	1536	png	1308495	9844_gen_products-home-small-appliances_ironvale-multi-cooker-pressure-cooker_p0605_1024x1536.png	lilith-ai	PD-own
9226-lilith-ai-products/home/small-appliances/9845_gen_products-home-small-appliances_ironvale-slow-cooker_p0606_1536x1024.png	9226-lilith-ai-products	products	9845	gen_products-home-small-appliances_ironvale-slow-cooker_p0606		1536	1024	png	1154435	9845_gen_products-home-small-appliances_ironvale-slow-cooker_p0606_1536x1024.png	lilith-ai	PD-own
9226-lilith-ai-products/home/small-appliances/9846_gen_products-home-small-appliances_kettlebay-12-cup-drip-coffee-maker_p0607_1024x1536.png	9226-lilith-ai-products	products	9846	gen_products-home-small-appliances_kettlebay-12-cup-drip-coffee-maker_p0607		1024	1536	png	1286835	9846_gen_products-home-small-appliances_kettlebay-12-cup-drip-coffee-maker_p0607_1024x1536.png	lilith-ai	PD-own
9226-lilith-ai-products/home/small-appliances/9847_gen_products-home-small-appliances_kettlebay-belgian-waffle-iron_p0608_1536x1024.png	9226-lilith-ai-products	products	9847	gen_products-home-small-appliances_kettlebay-belgian-waffle-iron_p0608		1536	1024	png	1180950	9847_gen_products-home-small-appliances_kettlebay-belgian-waffle-iron_p0608_1536x1024.png	lilith-ai	PD-own
9226-lilith-ai-products/home/small-appliances/9848_gen_products-home-small-appliances_kettlebay-centrifugal-juicer_p0609_1024x1536.png	9226-lilith-ai-products	products	9848	gen_products-home-small-appliances_kettlebay-centrifugal-juicer_p0609		1024	1536	png	1290970	9848_gen_products-home-small-appliances_kettlebay-centrifugal-juicer_p0609_1024x1536.png	lilith-ai	PD-own
9226-lilith-ai-products/home/small-appliances/9849_gen_products-home-small-appliances_kettlebay-electric-griddle_p0610_1536x1024.png	9226-lilith-ai-products	products	9849	gen_products-home-small-appliances_kettlebay-electric-griddle_p0610		1536	1024	png	973180	9849_gen_products-home-small-appliances_kettlebay-electric-griddle_p0610_1536x1024.png	lilith-ai	PD-own
9226-lilith-ai-products/home/small-appliances/9850_gen_products-home-small-appliances_kettlebay-espresso-machine_p0611_1024x1536.png	9226-lilith-ai-products	products	9850	gen_products-home-small-appliances_kettlebay-espresso-machine_p0611		1024	1536	png	1368577	9850_gen_products-home-small-appliances_kettlebay-espresso-machine_p0611_1024x1536.png	lilith-ai	PD-own
9226-lilith-ai-products/home/small-appliances/9851_gen_products-home-small-appliances_kettlebay-handheld-mixer_p0612_1536x1024.png	9226-lilith-ai-products	products	9851	gen_products-home-small-appliances_kettlebay-handheld-mixer_p0612		1536	1024	png	925353	9851_gen_products-home-small-appliances_kettlebay-handheld-mixer_p0612_1536x1024.png	lilith-ai	PD-own
9226-lilith-ai-products/home/small-appliances/9852_gen_products-home-small-appliances_kettlebay-ice-cream-maker_p0613_1024x1536.png	9226-lilith-ai-products	products	9852	gen_products-home-small-appliances_kettlebay-ice-cream-maker_p0613		1024	1536	png	1200597	9852_gen_products-home-small-appliances_kettlebay-ice-cream-maker_p0613_1024x1536.png	lilith-ai	PD-own
9226-lilith-ai-products/home/small-appliances/9853_gen_products-home-small-appliances_kettlebay-immersion-blender_p0614_1024x1536.png	9226-lilith-ai-products	products	9853	gen_products-home-small-appliances_kettlebay-immersion-blender_p0614		1024	1536	png	458686	9853_gen_products-home-small-appliances_kettlebay-immersion-blender_p0614_1024x1536.png	lilith-ai	PD-own
9226-lilith-ai-products/home/small-appliances/9854_gen_products-home-small-appliances_kettlebay-milk-frother_p0615_1024x1536.png	9226-lilith-ai-products	products	9854	gen_products-home-small-appliances_kettlebay-milk-frother_p0615		1024	1536	png	956194	9854_gen_products-home-small-appliances_kettlebay-milk-frother_p0615_1024x1536.png	lilith-ai	PD-own
9226-lilith-ai-products/home/small-appliances/9855_gen_products-home-small-appliances_portofino-stovetop-espresso-maker_p0616_1024x1536.png	9226-lilith-ai-products	products	9855	gen_products-home-small-appliances_portofino-stovetop-espresso-maker_p0616		1024	1536	png	953403	9855_gen_products-home-small-appliances_portofino-stovetop-espresso-maker_p0616_1024x1536.png	lilith-ai	PD-own
9226-lilith-ai-products/sporting-goods/9856_gen_products-sporting-goods_daypack-22l-rust_p0617_2816x1536.png	9226-lilith-ai-products	products	9856	gen_products-sporting-goods_daypack-22l-rust_p0617		2816	1536	png	5044341	9856_gen_products-sporting-goods_daypack-22l-rust_p0617_2816x1536.png	lilith-ai	PD-own
9226-lilith-ai-products/sporting-goods/9857_gen_products-sporting-goods_down-puffer-vest_p0618_2160x3840.png	9226-lilith-ai-products	products	9857	gen_products-sporting-goods_down-puffer-vest_p0618		2160	3840	png	7518471	9857_gen_products-sporting-goods_down-puffer-vest_p0618_2160x3840.png	lilith-ai	PD-own
9226-lilith-ai-products/sporting-goods/9858_gen_products-sporting-goods_duffel-bag-60l-charcoal_p0619_2816x1536.png	9226-lilith-ai-products	products	9858	gen_products-sporting-goods_duffel-bag-60l-charcoal_p0619		2816	1536	png	2387044	9858_gen_products-sporting-goods_duffel-bag-60l-charcoal_p0619_2816x1536.png	lilith-ai	PD-own
9226-lilith-ai-products/sporting-goods/9859_gen_products-sporting-goods_folding-camp-chair-navy_p0620_5504x3072.jpg	9226-lilith-ai-products	products	9859	gen_products-sporting-goods_folding-camp-chair-navy_p0620		5504	3072	jpg	787718	9859_gen_products-sporting-goods_folding-camp-chair-navy_p0620_5504x3072.jpg	lilith-ai	PD-own
9226-lilith-ai-products/sporting-goods/9860_gen_products-sporting-goods_insulated-tumbler-40oz-teal_p0621_4096x4096.jpg	9226-lilith-ai-products	products	9860	gen_products-sporting-goods_insulated-tumbler-40oz-teal_p0621		4096	4096	jpg	729292	9860_gen_products-sporting-goods_insulated-tumbler-40oz-teal_p0621_4096x4096.jpg	lilith-ai	PD-own
9226-lilith-ai-products/sporting-goods/9861_gen_products-sporting-goods_insulated-water-bottle-orange_p0622_3072x5504.jpg	9226-lilith-ai-products	products	9861	gen_products-sporting-goods_insulated-water-bottle-orange_p0622		3072	5504	jpg	804878	9861_gen_products-sporting-goods_insulated-water-bottle-orange_p0622_3072x5504.jpg	lilith-ai	PD-own
9226-lilith-ai-products/sporting-goods/9862_gen_products-sporting-goods_internal-frame-backpack-50l-slate_p0623_1536x2816.png	9226-lilith-ai-products	products	9862	gen_products-sporting-goods_internal-frame-backpack-50l-slate_p0623		1536	2816	png	4509927	9862_gen_products-sporting-goods_internal-frame-backpack-50l-slate_p0623_1536x2816.png	lilith-ai	PD-own
9226-lilith-ai-products/sporting-goods/9863_gen_products-sporting-goods_mens-beanie-rib_flat_p0624_1024x1024.png	9226-lilith-ai-products	products	9863	gen_products-sporting-goods_mens-beanie-rib_flat_p0624		1024	1024	png	1609842	9863_gen_products-sporting-goods_mens-beanie-rib_flat_p0624_1024x1024.png	lilith-ai	PD-own
9226-lilith-ai-products/sporting-goods/9864_gen_products-sporting-goods_merch-dad-cap_p0625_2048x2048.png	9226-lilith-ai-products	products	9864	gen_products-sporting-goods_merch-dad-cap_p0625		2048	2048	png	3896884	9864_gen_products-sporting-goods_merch-dad-cap_p0625_2048x2048.png	lilith-ai	PD-own
9226-lilith-ai-products/sporting-goods/9865_gen_products-sporting-goods_merch-steel-water-bottle_p0626_1152x2048.png	9226-lilith-ai-products	products	9865	gen_products-sporting-goods_merch-steel-water-bottle_p0626		1152	2048	png	1129168	9865_gen_products-sporting-goods_merch-steel-water-bottle_p0626_1152x2048.png	lilith-ai	PD-own
9226-lilith-ai-products/sporting-goods/9866_gen_products-sporting-goods_mummy-sleeping-bag-teal_p0627_2816x1536.png	9226-lilith-ai-products	products	9866	gen_products-sporting-goods_mummy-sleeping-bag-teal_p0627		2816	1536	png	3096764	9866_gen_products-sporting-goods_mummy-sleeping-bag-teal_p0627_2816x1536.png	lilith-ai	PD-own
9226-lilith-ai-products/sporting-goods/9867_gen_products-sporting-goods_puffer-vest-mens_detail_p0628_1536x1024.png	9226-lilith-ai-products	products	9867	gen_products-sporting-goods_puffer-vest-mens_detail_p0628		1536	1024	png	2751336	9867_gen_products-sporting-goods_puffer-vest-mens_detail_p0628_1536x1024.png	lilith-ai	PD-own
9226-lilith-ai-products/sporting-goods/9868_gen_products-sporting-goods_rain-shell-jacket_feature_p0629_1024x1536.png	9226-lilith-ai-products	products	9868	gen_products-sporting-goods_rain-shell-jacket_feature_p0629		1024	1536	png	1134160	9868_gen_products-sporting-goods_rain-shell-jacket_feature_p0629_1024x1536.png	lilith-ai	PD-own
9226-lilith-ai-products/sporting-goods/9869_gen_products-sporting-goods_rechargeable-headlamp-black-orange_p0630_1536x1024.png	9226-lilith-ai-products	products	9869	gen_products-sporting-goods_rechargeable-headlamp-black-orange_p0630		1536	1024	png	1495395	9869_gen_products-sporting-goods_rechargeable-headlamp-black-orange_p0630_1536x1024.png	lilith-ai	PD-own
9226-lilith-ai-products/sporting-goods/9870_gen_products-sporting-goods_ribbed-knit-beanie-mustard_p0631_4096x4096.jpg	9226-lilith-ai-products	products	9870	gen_products-sporting-goods_ribbed-knit-beanie-mustard_p0631		4096	4096	jpg	1549499	9870_gen_products-sporting-goods_ribbed-knit-beanie-mustard_p0631_4096x4096.jpg	lilith-ai	PD-own
9226-lilith-ai-products/sporting-goods/9871_gen_products-sporting-goods_ski-glove-product_feature_p0632_1536x1024.png	9226-lilith-ai-products	products	9871	gen_products-sporting-goods_ski-glove-product_feature_p0632		1536	1024	png	1595723	9871_gen_products-sporting-goods_ski-glove-product_feature_p0632_1536x1024.png	lilith-ai	PD-own
9226-lilith-ai-products/sporting-goods/9872_gen_products-sporting-goods_ski-helmet-product-electric_p0633_1024x1536.png	9226-lilith-ai-products	products	9872	gen_products-sporting-goods_ski-helmet-product-electric_p0633		1024	1536	png	1040992	9872_gen_products-sporting-goods_ski-helmet-product-electric_p0633_1024x1536.png	lilith-ai	PD-own
9226-lilith-ai-products/sporting-goods/9873_gen_products-sporting-goods_ski-pants-mens_flat_p0634_1024x1536.png	9226-lilith-ai-products	products	9873	gen_products-sporting-goods_ski-pants-mens_flat_p0634		1024	1536	png	1369105	9873_gen_products-sporting-goods_ski-pants-mens_flat_p0634_1024x1536.png	lilith-ai	PD-own
9226-lilith-ai-products/sporting-goods/9874_gen_products-sporting-goods_wrap-sunglasses-orange_p0635_1536x1024.png	9226-lilith-ai-products	products	9874	gen_products-sporting-goods_wrap-sunglasses-orange_p0635		1536	1024	png	1248165	9874_gen_products-sporting-goods_wrap-sunglasses-orange_p0635_1536x1024.png	lilith-ai	PD-own
9226-lilith-ai-products/sporting-goods/9875_gen_products-sporting-goods_teal-alignment-yoga-mat_p0636_1536x2816.png	9226-lilith-ai-products	products	9875	gen_products-sporting-goods_teal-alignment-yoga-mat_p0636		1536	2816	png	4335091	9875_gen_products-sporting-goods_teal-alignment-yoga-mat_p0636_1536x2816.png	lilith-ai	PD-own
9226-lilith-ai-products/sporting-goods/9876_gen_products-sporting-goods_trail-backpack-marigold_p0637_1024x1536.png	9226-lilith-ai-products	products	9876	gen_products-sporting-goods_trail-backpack-marigold_p0637		1024	1536	png	2063345	9876_gen_products-sporting-goods_trail-backpack-marigold_p0637_1024x1536.png	lilith-ai	PD-own
9226-lilith-ai-products/sporting-goods/9877_gen_products-sporting-goods_two-person-backpacking-tent-orange_p0638_2816x1536.png	9226-lilith-ai-products	products	9877	gen_products-sporting-goods_two-person-backpacking-tent-orange_p0638		2816	1536	png	4840247	9877_gen_products-sporting-goods_two-person-backpacking-tent-orange_p0638_2816x1536.png	lilith-ai	PD-own
9226-lilith-ai-products/sporting-goods/9878_gen_products-sporting-goods_water-bottle-tomato-product_p0639_1024x1536.png	9226-lilith-ai-products	products	9878	gen_products-sporting-goods_water-bottle-tomato-product_p0639		1024	1536	png	625125	9878_gen_products-sporting-goods_water-bottle-tomato-product_p0639_1024x1536.png	lilith-ai	PD-own
9226-lilith-ai-products/sporting-goods/9879_gen_products-sporting-goods_wide-brim-sun-hat-tan_p0640_2048x2048.png	9226-lilith-ai-products	products	9879	gen_products-sporting-goods_wide-brim-sun-hat-tan_p0640		2048	2048	png	2811823	9879_gen_products-sporting-goods_wide-brim-sun-hat-tan_p0640_2048x2048.png	lilith-ai	PD-own
9226-lilith-ai-products/sporting-goods/9880_gen_products-sporting-goods_yoga-mat-jewel-tone_p0641_1536x1024.png	9226-lilith-ai-products	products	9880	gen_products-sporting-goods_yoga-mat-jewel-tone_p0641		1536	1024	png	2213619	9880_gen_products-sporting-goods_yoga-mat-jewel-tone_p0641_1536x1024.png	lilith-ai	PD-own
9226-lilith-ai-products/toys/9881_gen_products-toys_action-figure-blister-card_p0642_1024x1536.png	9226-lilith-ai-products	products	9881	gen_products-toys_action-figure-blister-card_p0642		1024	1536	png	2072610	9881_gen_products-toys_action-figure-blister-card_p0642_1024x1536.png	lilith-ai	PD-own
9226-lilith-ai-products/toys/9882_gen_products-toys_baby-wooden-rattle_p0643_1024x1024.png	9226-lilith-ai-products	products	9882	gen_products-toys_baby-wooden-rattle_p0643		1024	1024	png	581245	9882_gen_products-toys_baby-wooden-rattle_p0643_1024x1024.png	lilith-ai	PD-own
9226-lilith-ai-products/toys/9883_gen_products-toys_beach-ball-classic_p0644_1024x1024.png	9226-lilith-ai-products	products	9883	gen_products-toys_beach-ball-classic_p0644		1024	1024	png	753344	9883_gen_products-toys_beach-ball-classic_p0644_1024x1024.png	lilith-ai	PD-own
9226-lilith-ai-products/toys/9884_gen_products-toys_board-game-box-strategy_p0645_1024x1024.png	9226-lilith-ai-products	products	9884	gen_products-toys_board-game-box-strategy_p0645		1024	1024	png	1558456	9884_gen_products-toys_board-game-box-strategy_p0645_1024x1024.png	lilith-ai	PD-own
9226-lilith-ai-products/toys/9885_gen_products-toys_building-bricks-generic-set_p0646_1024x1024.png	9226-lilith-ai-products	products	9885	gen_products-toys_building-bricks-generic-set_p0646		1024	1024	png	1151615	9885_gen_products-toys_building-bricks-generic-set_p0646_1024x1024.png	lilith-ai	PD-own
9226-lilith-ai-products/toys/9886_gen_products-toys_card-game-deck-box_p0647_1024x1536.png	9226-lilith-ai-products	products	9886	gen_products-toys_card-game-deck-box_p0647		1024	1536	png	1449106	9886_gen_products-toys_card-game-deck-box_p0647_1024x1536.png	lilith-ai	PD-own
9226-lilith-ai-products/toys/9887_gen_products-toys_doctor-play-kit-box_p0648_1536x1024.png	9226-lilith-ai-products	products	9887	gen_products-toys_doctor-play-kit-box_p0648		1536	1024	png	1540146	9887_gen_products-toys_doctor-play-kit-box_p0648_1536x1024.png	lilith-ai	PD-own
9226-lilith-ai-products/toys/9888_gen_products-toys_jigsaw-puzzle-1000-piece_p0649_1536x1024.png	9226-lilith-ai-products	products	9888	gen_products-toys_jigsaw-puzzle-1000-piece_p0649		1536	1024	png	2059115	9888_gen_products-toys_jigsaw-puzzle-1000-piece_p0649_1536x1024.png	lilith-ai	PD-own
9226-lilith-ai-products/toys/9889_gen_products-toys_jump-rope-wooden-handles_p0650_1024x1024.png	9226-lilith-ai-products	products	9889	gen_products-toys_jump-rope-wooden-handles_p0650		1024	1024	png	1200775	9889_gen_products-toys_jump-rope-wooden-handles_p0650_1024x1024.png	lilith-ai	PD-own
9226-lilith-ai-products/toys/9890_gen_products-toys_kids-art-supply-caddy_p0651_1024x1024.png	9226-lilith-ai-products	products	9890	gen_products-toys_kids-art-supply-caddy_p0651		1024	1024	png	849137	9890_gen_products-toys_kids-art-supply-caddy_p0651_1024x1024.png	lilith-ai	PD-own
9226-lilith-ai-products/toys/9891_gen_products-toys_kids-basketball_p0652_1024x1024.png	9226-lilith-ai-products	products	9891	gen_products-toys_kids-basketball_p0652		1024	1024	png	977556	9891_gen_products-toys_kids-basketball_p0652_1024x1024.png	lilith-ai	PD-own
9226-lilith-ai-products/toys/9892_gen_products-toys_kids-soccer-ball_p0653_1024x1024.png	9226-lilith-ai-products	products	9892	gen_products-toys_kids-soccer-ball_p0653		1024	1024	png	809796	9892_gen_products-toys_kids-soccer-ball_p0653_1024x1024.png	lilith-ai	PD-own
9226-lilith-ai-products/toys/9893_gen_products-toys_kids-telescope-box_p0654_1024x1536.png	9226-lilith-ai-products	products	9893	gen_products-toys_kids-telescope-box_p0654		1024	1536	png	1661472	9893_gen_products-toys_kids-telescope-box_p0654_1024x1536.png	lilith-ai	PD-own
9226-lilith-ai-products/toys/9894_gen_products-toys_kids-three-wheel-scooter_p0655_1024x1536.png	9226-lilith-ai-products	products	9894	gen_products-toys_kids-three-wheel-scooter_p0655		1024	1536	png	521066	9894_gen_products-toys_kids-three-wheel-scooter_p0655_1024x1536.png	lilith-ai	PD-own
9226-lilith-ai-products/toys/9895_gen_products-toys_kitchen-play-set-box_p0656_1024x1536.png	9226-lilith-ai-products	products	9895	gen_products-toys_kitchen-play-set-box_p0656		1024	1536	png	1523779	9895_gen_products-toys_kitchen-play-set-box_p0656_1024x1536.png	lilith-ai	PD-own
9226-lilith-ai-products/toys/9896_gen_products-toys_modeling-clay-set-box_p0657_1536x1024.png	9226-lilith-ai-products	products	9896	gen_products-toys_modeling-clay-set-box_p0657		1536	1024	png	1484159	9896_gen_products-toys_modeling-clay-set-box_p0657_1536x1024.png	lilith-ai	PD-own
9226-lilith-ai-products/toys/9897_gen_products-toys_plush-bunny-rabbit_p0658_1024x1536.png	9226-lilith-ai-products	products	9897	gen_products-toys_plush-bunny-rabbit_p0658		1024	1536	png	1528062	9897_gen_products-toys_plush-bunny-rabbit_p0658_1024x1536.png	lilith-ai	PD-own
9226-lilith-ai-products/toys/9898_gen_products-toys_plush-teddy-bear_p0659_1024x1536.png	9226-lilith-ai-products	products	9898	gen_products-toys_plush-teddy-bear_p0659		1024	1536	png	1791367	9898_gen_products-toys_plush-teddy-bear_p0659_1024x1536.png	lilith-ai	PD-own
9226-lilith-ai-products/toys/9899_gen_products-toys_puzzle-box-art-product_p0660_1536x1024.png	9226-lilith-ai-products	products	9899	gen_products-toys_puzzle-box-art-product_p0660		1536	1024	png	1808375	9899_gen_products-toys_puzzle-box-art-product_p0660_1536x1024.png	lilith-ai	PD-own
9226-lilith-ai-products/toys/9900_gen_products-toys_sand-toy-bucket-set_p0661_1024x1024.png	9226-lilith-ai-products	products	9900	gen_products-toys_sand-toy-bucket-set_p0661		1024	1024	png	697111	9900_gen_products-toys_sand-toy-bucket-set_p0661_1024x1024.png	lilith-ai	PD-own
9226-lilith-ai-products/toys/9901_gen_products-toys_wooden-building-blocks-set_p0662_1024x1024.png	9226-lilith-ai-products	products	9901	gen_products-toys_wooden-building-blocks-set_p0662		1024	1024	png	1057406	9901_gen_products-toys_wooden-building-blocks-set_p0662_1024x1024.png	lilith-ai	PD-own
9226-lilith-ai-products/toys/9902_gen_products-toys_wooden-dollhouse_p0663_1024x1536.png	9226-lilith-ai-products	products	9902	gen_products-toys_wooden-dollhouse_p0663		1024	1536	png	1384251	9902_gen_products-toys_wooden-dollhouse_p0663_1024x1536.png	lilith-ai	PD-own
9226-lilith-ai-products/toys/9903_gen_products-toys_wooden-stacking-rings_p0664_1024x1536.png	9226-lilith-ai-products	products	9903	gen_products-toys_wooden-stacking-rings_p0664		1024	1536	png	1215451	9903_gen_products-toys_wooden-stacking-rings_p0664_1024x1536.png	lilith-ai	PD-own
9226-lilith-ai-products/toys/9904_gen_products-toys_wooden-toddler-tricycle_p0665_1024x1536.png	9226-lilith-ai-products	products	9904	gen_products-toys_wooden-toddler-tricycle_p0665		1024	1536	png	933787	9904_gen_products-toys_wooden-toddler-tricycle_p0665_1024x1536.png	lilith-ai	PD-own
9226-lilith-ai-products/toys/9905_gen_products-toys_wooden-train-set-box_p0666_1536x1024.png	9226-lilith-ai-products	products	9905	gen_products-toys_wooden-train-set-box_p0666		1536	1024	png	1695688	9905_gen_products-toys_wooden-train-set-box_p0666_1536x1024.png	lilith-ai	PD-own
9226-lilith-ai-products/whitelabeled-beauty/9906_gen_products-whitelabeled-beauty_amber-face-oil-dropper_p0667_1024x1536.png	9226-lilith-ai-products	products	9906	gen_products-whitelabeled-beauty_amber-face-oil-dropper_p0667		1024	1536	png	495964	9906_gen_products-whitelabeled-beauty_amber-face-oil-dropper_p0667_1024x1536.png	lilith-ai	PD-own
9226-lilith-ai-products/whitelabeled-beauty/9907_gen_products-whitelabeled-beauty_amber-glass-serum-bottle_p0668_1024x1536.png	9226-lilith-ai-products	products	9907	gen_products-whitelabeled-beauty_amber-glass-serum-bottle_p0668		1024	1536	png	672959	9907_gen_products-whitelabeled-beauty_amber-glass-serum-bottle_p0668_1024x1536.png	lilith-ai	PD-own
9226-lilith-ai-products/whitelabeled-beauty/9908_gen_products-whitelabeled-beauty_amber-serum-bottle-skincare_p0669_1024x1536.png	9226-lilith-ai-products	products	9908	gen_products-whitelabeled-beauty_amber-serum-bottle-skincare_p0669		1024	1536	png	519573	9908_gen_products-whitelabeled-beauty_amber-serum-bottle-skincare_p0669_1024x1536.png	lilith-ai	PD-own
9226-lilith-ai-products/whitelabeled-beauty/9909_gen_products-whitelabeled-beauty_black-mascara-tube_p0670_1024x1536.png	9226-lilith-ai-products	products	9909	gen_products-whitelabeled-beauty_black-mascara-tube_p0670		1024	1536	png	431374	9909_gen_products-whitelabeled-beauty_black-mascara-tube_p0670_1024x1536.png	lilith-ai	PD-own
9226-lilith-ai-products/whitelabeled-beauty/9910_gen_products-whitelabeled-beauty_blush-cleanser-pump-bottle_p0671_1024x1536.png	9226-lilith-ai-products	products	9910	gen_products-whitelabeled-beauty_blush-cleanser-pump-bottle_p0671		1024	1536	png	541203	9910_gen_products-whitelabeled-beauty_blush-cleanser-pump-bottle_p0671_1024x1536.png	lilith-ai	PD-own
9226-lilith-ai-products/whitelabeled-beauty/9911_gen_products-whitelabeled-beauty_blush-perfume-bottle_p0672_1024x1536.png	9226-lilith-ai-products	products	9911	gen_products-whitelabeled-beauty_blush-perfume-bottle_p0672		1024	1536	png	544942	9911_gen_products-whitelabeled-beauty_blush-perfume-bottle_p0672_1024x1536.png	lilith-ai	PD-own
9226-lilith-ai-products/whitelabeled-beauty/9912_gen_products-whitelabeled-beauty_blush-powder-compact_p0673_1024x1024.png	9226-lilith-ai-products	products	9912	gen_products-whitelabeled-beauty_blush-powder-compact_p0673		1024	1024	png	625047	9912_gen_products-whitelabeled-beauty_blush-powder-compact_p0673_1024x1024.png	lilith-ai	PD-own
9226-lilith-ai-products/whitelabeled-beauty/9913_gen_products-whitelabeled-beauty_cleanser-tube-white_p0674_2048x2048.png	9226-lilith-ai-products	products	9913	gen_products-whitelabeled-beauty_cleanser-tube-white_p0674		2048	2048	png	2360661	9913_gen_products-whitelabeled-beauty_cleanser-tube-white_p0674_2048x2048.png	lilith-ai	PD-own
9226-lilith-ai-products/whitelabeled-beauty/9914_gen_products-whitelabeled-beauty_cleansing-balm-jar_p0675_1024x1024.png	9226-lilith-ai-products	products	9914	gen_products-whitelabeled-beauty_cleansing-balm-jar_p0675		1024	1024	png	441869	9914_gen_products-whitelabeled-beauty_cleansing-balm-jar_p0675_1024x1024.png	lilith-ai	PD-own
9226-lilith-ai-products/whitelabeled-beauty/9915_gen_products-whitelabeled-beauty_clear-lip-gloss-tube_p0676_1024x1536.png	9226-lilith-ai-products	products	9915	gen_products-whitelabeled-beauty_clear-lip-gloss-tube_p0676		1024	1536	png	401740	9915_gen_products-whitelabeled-beauty_clear-lip-gloss-tube_p0676_1024x1536.png	lilith-ai	PD-own
9226-lilith-ai-products/whitelabeled-beauty/9916_gen_products-whitelabeled-beauty_concealer-wand-tube_p0677_1024x1536.png	9226-lilith-ai-products	products	9916	gen_products-whitelabeled-beauty_concealer-wand-tube_p0677		1024	1536	png	415983	9916_gen_products-whitelabeled-beauty_concealer-wand-tube_p0677_1024x1536.png	lilith-ai	PD-own
9226-lilith-ai-products/whitelabeled-beauty/9917_gen_products-whitelabeled-beauty_conditioner-pump-bottle_p0678_1024x1536.png	9226-lilith-ai-products	products	9917	gen_products-whitelabeled-beauty_conditioner-pump-bottle_p0678		1024	1536	png	530837	9917_gen_products-whitelabeled-beauty_conditioner-pump-bottle_p0678_1024x1536.png	lilith-ai	PD-own
9226-lilith-ai-products/whitelabeled-beauty/9918_gen_products-whitelabeled-beauty_coral-lipstick-tube_p0679_1024x1536.png	9226-lilith-ai-products	products	9918	gen_products-whitelabeled-beauty_coral-lipstick-tube_p0679		1024	1536	png	400313	9918_gen_products-whitelabeled-beauty_coral-lipstick-tube_p0679_1024x1536.png	lilith-ai	PD-own
9226-lilith-ai-products/whitelabeled-beauty/9919_gen_products-whitelabeled-beauty_exfoliating-toner-bottle_p0680_1024x1536.png	9226-lilith-ai-products	products	9919	gen_products-whitelabeled-beauty_exfoliating-toner-bottle_p0680		1024	1536	png	527022	9919_gen_products-whitelabeled-beauty_exfoliating-toner-bottle_p0680_1024x1536.png	lilith-ai	PD-own
9226-lilith-ai-products/whitelabeled-beauty/9920_gen_products-whitelabeled-beauty_facial-oil-amber_p0681_2048x2048.png	9226-lilith-ai-products	products	9920	gen_products-whitelabeled-beauty_facial-oil-amber_p0681		2048	2048	png	3391258	9920_gen_products-whitelabeled-beauty_facial-oil-amber_p0681_2048x2048.png	lilith-ai	PD-own
9226-lilith-ai-products/whitelabeled-beauty/9921_gen_products-whitelabeled-beauty_foundation-glass-bottle_p0682_1024x1536.png	9226-lilith-ai-products	products	9921	gen_products-whitelabeled-beauty_foundation-glass-bottle_p0682		1024	1536	png	562618	9921_gen_products-whitelabeled-beauty_foundation-glass-bottle_p0682_1024x1536.png	lilith-ai	PD-own
9226-lilith-ai-products/whitelabeled-beauty/9922_gen_products-whitelabeled-beauty_frosted-eye-cream-jar_p0683_1024x1024.png	9226-lilith-ai-products	products	9922	gen_products-whitelabeled-beauty_frosted-eye-cream-jar_p0683		1024	1024	png	387300	9922_gen_products-whitelabeled-beauty_frosted-eye-cream-jar_p0683_1024x1024.png	lilith-ai	PD-own
9226-lilith-ai-products/whitelabeled-beauty/9923_gen_products-whitelabeled-beauty_hair-mask-treatment-jar_p0684_1024x1024.png	9226-lilith-ai-products	products	9923	gen_products-whitelabeled-beauty_hair-mask-treatment-jar_p0684		1024	1024	png	484133	9923_gen_products-whitelabeled-beauty_hair-mask-treatment-jar_p0684_1024x1024.png	lilith-ai	PD-own
9226-lilith-ai-products/whitelabeled-beauty/9924_gen_products-whitelabeled-beauty_highlighter-stick-tube_p0685_1024x1536.png	9226-lilith-ai-products	products	9924	gen_products-whitelabeled-beauty_highlighter-stick-tube_p0685		1024	1536	png	417585	9924_gen_products-whitelabeled-beauty_highlighter-stick-tube_p0685_1024x1536.png	lilith-ai	PD-own
9226-lilith-ai-products/whitelabeled-beauty/9925_gen_products-whitelabeled-beauty_lipstick-set-jewel-tones_p0686_1536x1024.png	9226-lilith-ai-products	products	9925	gen_products-whitelabeled-beauty_lipstick-set-jewel-tones_p0686		1536	1024	png	1239251	9925_gen_products-whitelabeled-beauty_lipstick-set-jewel-tones_p0686_1536x1024.png	lilith-ai	PD-own
9226-lilith-ai-products/whitelabeled-beauty/9926_gen_products-whitelabeled-beauty_moisturizer-jar-sage_p0687_2048x2048.png	9226-lilith-ai-products	products	9926	gen_products-whitelabeled-beauty_moisturizer-jar-sage_p0687		2048	2048	png	4360867	9926_gen_products-whitelabeled-beauty_moisturizer-jar-sage_p0687_2048x2048.png	lilith-ai	PD-own
9226-lilith-ai-products/whitelabeled-beauty/9927_gen_products-whitelabeled-beauty_neon-pink-blush-stick_p0688_1024x1536.png	9226-lilith-ai-products	products	9927	gen_products-whitelabeled-beauty_neon-pink-blush-stick_p0688		1024	1536	png	870517	9927_gen_products-whitelabeled-beauty_neon-pink-blush-stick_p0688_1024x1536.png	lilith-ai	PD-own
9226-lilith-ai-products/whitelabeled-beauty/9928_gen_products-whitelabeled-beauty_perfume-bottle-amber-glass_p0689_1024x1536.png	9226-lilith-ai-products	products	9928	gen_products-whitelabeled-beauty_perfume-bottle-amber-glass_p0689		1024	1536	png	785496	9928_gen_products-whitelabeled-beauty_perfume-bottle-amber-glass_p0689_1024x1536.png	lilith-ai	PD-own
9226-lilith-ai-products/whitelabeled-beauty/9929_gen_products-whitelabeled-beauty_rollerball-fragrance-tube_p0690_1024x1536.png	9226-lilith-ai-products	products	9929	gen_products-whitelabeled-beauty_rollerball-fragrance-tube_p0690		1024	1536	png	277539	9929_gen_products-whitelabeled-beauty_rollerball-fragrance-tube_p0690_1024x1536.png	lilith-ai	PD-own
9226-lilith-ai-products/whitelabeled-beauty/9930_gen_products-whitelabeled-beauty_serum-dropper-blush_p0691_2880x2880.png	9226-lilith-ai-products	products	9930	gen_products-whitelabeled-beauty_serum-dropper-blush_p0691		2880	2880	png	2126277	9930_gen_products-whitelabeled-beauty_serum-dropper-blush_p0691_2880x2880.png	lilith-ai	PD-own
9226-lilith-ai-products/whitelabeled-beauty/9931_gen_products-whitelabeled-beauty_serum-dropper-blush_p0691_2048x2048.png	9226-lilith-ai-products	products	9931	gen_products-whitelabeled-beauty_serum-dropper-blush_p0691		2048	2048	png	4197126	9931_gen_products-whitelabeled-beauty_serum-dropper-blush_p0691_2048x2048.png	lilith-ai	PD-own
9226-lilith-ai-products/whitelabeled-beauty/9932_gen_products-whitelabeled-beauty_serum-dropper-blush_feature_p0691_3840x2160.png	9226-lilith-ai-products	products	9932	gen_products-whitelabeled-beauty_serum-dropper-blush_feature_p0691		3840	2160	png	1511155	9932_gen_products-whitelabeled-beauty_serum-dropper-blush_feature_p0691_3840x2160.png	lilith-ai	PD-own
9226-lilith-ai-products/whitelabeled-beauty/9933_gen_products-whitelabeled-beauty_serum-dropper-blush_feature_p0691_5504x3072.jpg	9226-lilith-ai-products	products	9933	gen_products-whitelabeled-beauty_serum-dropper-blush_feature_p0691		5504	3072	jpg	632733	9933_gen_products-whitelabeled-beauty_serum-dropper-blush_feature_p0691_5504x3072.jpg	lilith-ai	PD-own
9226-lilith-ai-products/whitelabeled-beauty/9934_gen_products-whitelabeled-beauty_shampoo-pump-bottle_p0692_1024x1536.png	9226-lilith-ai-products	products	9934	gen_products-whitelabeled-beauty_shampoo-pump-bottle_p0692		1024	1536	png	552184	9934_gen_products-whitelabeled-beauty_shampoo-pump-bottle_p0692_1024x1536.png	lilith-ai	PD-own
9226-lilith-ai-products/whitelabeled-beauty/9935_gen_products-whitelabeled-beauty_skincare-routine-set_p0693_2816x1536.png	9226-lilith-ai-products	products	9935	gen_products-whitelabeled-beauty_skincare-routine-set_p0693		2816	1536	png	1189477	9935_gen_products-whitelabeled-beauty_skincare-routine-set_p0693_2816x1536.png	lilith-ai	PD-own
9226-lilith-ai-products/whitelabeled-beauty/9936_gen_products-whitelabeled-beauty_sunscreen-tube-yellow_p0694_2048x2048.png	9226-lilith-ai-products	products	9936	gen_products-whitelabeled-beauty_sunscreen-tube-yellow_p0694		2048	2048	png	3769115	9936_gen_products-whitelabeled-beauty_sunscreen-tube-yellow_p0694_2048x2048.png	lilith-ai	PD-own
9226-lilith-ai-products/whitelabeled-beauty/9937_gen_products-whitelabeled-beauty_tinted-lip-balm-pot_p0695_1024x1024.png	9226-lilith-ai-products	products	9937	gen_products-whitelabeled-beauty_tinted-lip-balm-pot_p0695		1024	1024	png	427651	9937_gen_products-whitelabeled-beauty_tinted-lip-balm-pot_p0695_1024x1024.png	lilith-ai	PD-own
9226-lilith-ai-products/whitelabeled-beauty/9938_gen_products-whitelabeled-beauty_vitamin-c-serum-bottle_p0696_1024x1536.png	9226-lilith-ai-products	products	9938	gen_products-whitelabeled-beauty_vitamin-c-serum-bottle_p0696		1024	1536	png	554108	9938_gen_products-whitelabeled-beauty_vitamin-c-serum-bottle_p0696_1024x1536.png	lilith-ai	PD-own
9226-lilith-ai-products/whitelabeled-beauty/9939_gen_products-whitelabeled-beauty_frosted-moisturizer-jar_p0697_1024x1024.png	9226-lilith-ai-products	products	9939	gen_products-whitelabeled-beauty_frosted-moisturizer-jar_p0697		1024	1024	png	476196	9939_gen_products-whitelabeled-beauty_frosted-moisturizer-jar_p0697_1024x1024.png	lilith-ai	PD-own
9226-lilith-ai-products/whitelabeled-beauty/9940_gen_products-whitelabeled-beauty_sunscreen-tube_p0698_1024x1536.png	9226-lilith-ai-products	products	9940	gen_products-whitelabeled-beauty_sunscreen-tube_p0698		1024	1536	png	508358	9940_gen_products-whitelabeled-beauty_sunscreen-tube_p0698_1024x1536.png	lilith-ai	PD-own
9226-lilith-ai-products/whitelabeled-beverages/9941_gen_products-whitelabeled-beverages_beverage-almond-milk-bottle_p0699_1024x1536.png	9226-lilith-ai-products	products	9941	gen_products-whitelabeled-beverages_beverage-almond-milk-bottle_p0699		1024	1536	png	662058	9941_gen_products-whitelabeled-beverages_beverage-almond-milk-bottle_p0699_1024x1536.png	lilith-ai	PD-own
9226-lilith-ai-products/whitelabeled-beverages/9942_gen_products-whitelabeled-beverages_beverage-beer-bottle-amber_p0700_1024x1536.png	9226-lilith-ai-products	products	9942	gen_products-whitelabeled-beverages_beverage-beer-bottle-amber_p0700		1024	1536	png	488928	9942_gen_products-whitelabeled-beverages_beverage-beer-bottle-amber_p0700_1024x1536.png	lilith-ai	PD-own
9226-lilith-ai-products/whitelabeled-beverages/9943_gen_products-whitelabeled-beverages_beverage-beer-can-craft_p0701_1024x1536.png	9226-lilith-ai-products	products	9943	gen_products-whitelabeled-beverages_beverage-beer-can-craft_p0701		1024	1536	png	808724	9943_gen_products-whitelabeled-beverages_beverage-beer-can-craft_p0701_1024x1536.png	lilith-ai	PD-own
9226-lilith-ai-products/whitelabeled-beverages/9944_gen_products-whitelabeled-beverages_beverage-canned-coffee-latte_p0702_1024x1536.png	9226-lilith-ai-products	products	9944	gen_products-whitelabeled-beverages_beverage-canned-coffee-latte_p0702		1024	1536	png	613699	9944_gen_products-whitelabeled-beverages_beverage-canned-coffee-latte_p0702_1024x1536.png	lilith-ai	PD-own
9226-lilith-ai-products/whitelabeled-beverages/9945_gen_products-whitelabeled-beverages_beverage-cold-brew-can_p0703_1024x1536.png	9226-lilith-ai-products	products	9945	gen_products-whitelabeled-beverages_beverage-cold-brew-can_p0703		1024	1536	png	784651	9945_gen_products-whitelabeled-beverages_beverage-cold-brew-can_p0703_1024x1536.png	lilith-ai	PD-own
9226-lilith-ai-products/whitelabeled-beverages/9946_gen_products-whitelabeled-beverages_beverage-electrolyte-drink-bottle_p0704_1024x1536.png	9226-lilith-ai-products	products	9946	gen_products-whitelabeled-beverages_beverage-electrolyte-drink-bottle_p0704		1024	1536	png	683853	9946_gen_products-whitelabeled-beverages_beverage-electrolyte-drink-bottle_p0704_1024x1536.png	lilith-ai	PD-own
9226-lilith-ai-products/whitelabeled-beverages/9947_gen_products-whitelabeled-beverages_beverage-energy-drink-can_p0705_1024x1536.png	9226-lilith-ai-products	products	9947	gen_products-whitelabeled-beverages_beverage-energy-drink-can_p0705		1024	1536	png	885767	9947_gen_products-whitelabeled-beverages_beverage-energy-drink-can_p0705_1024x1536.png	lilith-ai	PD-own
9226-lilith-ai-products/whitelabeled-beverages/9948_gen_products-whitelabeled-beverages_beverage-ginger-beer-bottle_p0706_1024x1536.png	9226-lilith-ai-products	products	9948	gen_products-whitelabeled-beverages_beverage-ginger-beer-bottle_p0706		1024	1536	png	579850	9948_gen_products-whitelabeled-beverages_beverage-ginger-beer-bottle_p0706_1024x1536.png	lilith-ai	PD-own
9226-lilith-ai-products/whitelabeled-beverages/9949_gen_products-whitelabeled-beverages_beverage-hard-seltzer-can_p0707_1024x1536.png	9226-lilith-ai-products	products	9949	gen_products-whitelabeled-beverages_beverage-hard-seltzer-can_p0707		1024	1536	png	835932	9949_gen_products-whitelabeled-beverages_beverage-hard-seltzer-can_p0707_1024x1536.png	lilith-ai	PD-own
9226-lilith-ai-products/whitelabeled-beverages/9950_gen_products-whitelabeled-beverages_beverage-iced-tea-bottle_p0708_1024x1536.png	9226-lilith-ai-products	products	9950	gen_products-whitelabeled-beverages_beverage-iced-tea-bottle_p0708		1024	1536	png	704990	9950_gen_products-whitelabeled-beverages_beverage-iced-tea-bottle_p0708_1024x1536.png	lilith-ai	PD-own
9226-lilith-ai-products/whitelabeled-beverages/9951_gen_products-whitelabeled-beverages_beverage-juice-bottle-orange_p0709_1024x1536.png	9226-lilith-ai-products	products	9951	gen_products-whitelabeled-beverages_beverage-juice-bottle-orange_p0709		1024	1536	png	598312	9951_gen_products-whitelabeled-beverages_beverage-juice-bottle-orange_p0709_1024x1536.png	lilith-ai	PD-own
9226-lilith-ai-products/whitelabeled-beverages/9952_gen_products-whitelabeled-beverages_beverage-kombucha-bottle_p0710_1024x1536.png	9226-lilith-ai-products	products	9952	gen_products-whitelabeled-beverages_beverage-kombucha-bottle_p0710		1024	1536	png	847674	9952_gen_products-whitelabeled-beverages_beverage-kombucha-bottle_p0710_1024x1536.png	lilith-ai	PD-own
9226-lilith-ai-products/whitelabeled-beverages/9953_gen_products-whitelabeled-beverages_beverage-lemonade-carton_p0711_1024x1536.png	9226-lilith-ai-products	products	9953	gen_products-whitelabeled-beverages_beverage-lemonade-carton_p0711		1024	1536	png	899820	9953_gen_products-whitelabeled-beverages_beverage-lemonade-carton_p0711_1024x1536.png	lilith-ai	PD-own
9226-lilith-ai-products/whitelabeled-beverages/9954_gen_products-whitelabeled-beverages_beverage-mixer-can_p0712_1024x1536.png	9226-lilith-ai-products	products	9954	gen_products-whitelabeled-beverages_beverage-mixer-can_p0712		1024	1536	png	695063	9954_gen_products-whitelabeled-beverages_beverage-mixer-can_p0712_1024x1536.png	lilith-ai	PD-own
9226-lilith-ai-products/whitelabeled-beverages/9955_gen_products-whitelabeled-beverages_beverage-oat-milk-carton_p0713_1024x1536.png	9226-lilith-ai-products	products	9955	gen_products-whitelabeled-beverages_beverage-oat-milk-carton_p0713		1024	1536	png	747631	9955_gen_products-whitelabeled-beverages_beverage-oat-milk-carton_p0713_1024x1536.png	lilith-ai	PD-own
9226-lilith-ai-products/whitelabeled-beverages/9956_gen_products-whitelabeled-beverages_beverage-plant-milk-carton_p0714_1024x1536.png	9226-lilith-ai-products	products	9956	gen_products-whitelabeled-beverages_beverage-plant-milk-carton_p0714		1024	1536	png	718239	9956_gen_products-whitelabeled-beverages_beverage-plant-milk-carton_p0714_1024x1536.png	lilith-ai	PD-own
9226-lilith-ai-products/whitelabeled-beverages/9957_gen_products-whitelabeled-beverages_beverage-prosecco-bottle_p0715_1024x1536.png	9226-lilith-ai-products	products	9957	gen_products-whitelabeled-beverages_beverage-prosecco-bottle_p0715		1024	1536	png	627207	9957_gen_products-whitelabeled-beverages_beverage-prosecco-bottle_p0715_1024x1536.png	lilith-ai	PD-own
9226-lilith-ai-products/whitelabeled-beverages/9958_gen_products-whitelabeled-beverages_beverage-smoothie-bottle_p0716_1024x1536.png	9226-lilith-ai-products	products	9958	gen_products-whitelabeled-beverages_beverage-smoothie-bottle_p0716		1024	1536	png	835563	9958_gen_products-whitelabeled-beverages_beverage-smoothie-bottle_p0716_1024x1536.png	lilith-ai	PD-own
9226-lilith-ai-products/whitelabeled-beverages/9959_gen_products-whitelabeled-beverages_beverage-soda-can-cola_p0717_1024x1536.png	9226-lilith-ai-products	products	9959	gen_products-whitelabeled-beverages_beverage-soda-can-cola_p0717		1024	1536	png	803806	9959_gen_products-whitelabeled-beverages_beverage-soda-can-cola_p0717_1024x1536.png	lilith-ai	PD-own
9226-lilith-ai-products/whitelabeled-beverages/9960_gen_products-whitelabeled-beverages_beverage-sparkling-water-can_p0718_1024x1536.png	9226-lilith-ai-products	products	9960	gen_products-whitelabeled-beverages_beverage-sparkling-water-can_p0718		1024	1536	png	639384	9960_gen_products-whitelabeled-beverages_beverage-sparkling-water-can_p0718_1024x1536.png	lilith-ai	PD-own
9226-lilith-ai-products/whitelabeled-beverages/9961_gen_products-whitelabeled-beverages_beverage-sports-drink-bottle_p0719_1024x1536.png	9226-lilith-ai-products	products	9961	gen_products-whitelabeled-beverages_beverage-sports-drink-bottle_p0719		1024	1536	png	773240	9961_gen_products-whitelabeled-beverages_beverage-sports-drink-bottle_p0719_1024x1536.png	lilith-ai	PD-own
9226-lilith-ai-products/whitelabeled-beverages/9962_gen_products-whitelabeled-beverages_beverage-spring-water-bottle_p0720_1024x1536.png	9226-lilith-ai-products	products	9962	gen_products-whitelabeled-beverages_beverage-spring-water-bottle_p0720		1024	1536	png	559660	9962_gen_products-whitelabeled-beverages_beverage-spring-water-bottle_p0720_1024x1536.png	lilith-ai	PD-own
9226-lilith-ai-products/whitelabeled-beverages/9963_gen_products-whitelabeled-beverages_beverage-tonic-water-bottle_p0721_1024x1536.png	9226-lilith-ai-products	products	9963	gen_products-whitelabeled-beverages_beverage-tonic-water-bottle_p0721		1024	1536	png	567645	9963_gen_products-whitelabeled-beverages_beverage-tonic-water-bottle_p0721_1024x1536.png	lilith-ai	PD-own
9226-lilith-ai-products/whitelabeled-beverages/9964_gen_products-whitelabeled-beverages_beverage-wine-bottle-red_p0722_1024x1536.png	9226-lilith-ai-products	products	9964	gen_products-whitelabeled-beverages_beverage-wine-bottle-red_p0722		1024	1536	png	537467	9964_gen_products-whitelabeled-beverages_beverage-wine-bottle-red_p0722_1024x1536.png	lilith-ai	PD-own
9226-lilith-ai-products/whitelabeled-beverages/9965_gen_products-whitelabeled-beverages_beverage-wine-bottle-white_p0723_1024x1536.png	9226-lilith-ai-products	products	9965	gen_products-whitelabeled-beverages_beverage-wine-bottle-white_p0723		1024	1536	png	520370	9965_gen_products-whitelabeled-beverages_beverage-wine-bottle-white_p0723_1024x1536.png	lilith-ai	PD-own
9226-lilith-ai-products/products-with-callouts/9966_gen_products-with-callouts_cherry-red-short-set_spec_p0225_3840x2160.png	9226-lilith-ai-products	products	9966	gen_products-with-callouts_cherry-red-short-set_spec_p0225		3840	2160	png	2280798	9966_gen_products-with-callouts_cherry-red-short-set_spec_p0225_3840x2160.png	lilith-ai	PD-own
9226-lilith-ai-products/products-with-callouts/9967_gen_products-with-callouts_chunky-dad-sneakers_feature_p0396_3840x2160.png	9226-lilith-ai-products	products	9967	gen_products-with-callouts_chunky-dad-sneakers_feature_p0396		3840	2160	png	3991267	9967_gen_products-with-callouts_chunky-dad-sneakers_feature_p0396_3840x2160.png	lilith-ai	PD-own
9226-lilith-ai-products/products-with-callouts/9968_gen_products-with-callouts_mens-waterproof-hiking-boots-brown_feature_p0422_5504x3072.jpg	9226-lilith-ai-products	products	9968	gen_products-with-callouts_mens-waterproof-hiking-boots-brown_feature_p0422		5504	3072	jpg	911717	9968_gen_products-with-callouts_mens-waterproof-hiking-boots-brown_feature_p0422_5504x3072.jpg	lilith-ai	PD-own
9226-lilith-ai-products/products-with-callouts/9969_gen_products-with-callouts_moisturizer-jar-sage_feature_p0687_5504x3072.jpg	9226-lilith-ai-products	products	9969	gen_products-with-callouts_moisturizer-jar-sage_feature_p0687		5504	3072	jpg	708031	9969_gen_products-with-callouts_moisturizer-jar-sage_feature_p0687_5504x3072.jpg	lilith-ai	PD-own
9226-lilith-ai-products/products-with-callouts/9970_gen_products-with-callouts_sculpt-leggings_feature_p0227_2160x3840.png	9226-lilith-ai-products	products	9970	gen_products-with-callouts_sculpt-leggings_feature_p0227		2160	3840	png	3476333	9970_gen_products-with-callouts_sculpt-leggings_feature_p0227_2160x3840.png	lilith-ai	PD-own
9226-lilith-ai-products/products-with-callouts/9971_gen_products-with-callouts_sculpt-leggings_spec_p0227_3840x2160.png	9226-lilith-ai-products	products	9971	gen_products-with-callouts_sculpt-leggings_spec_p0227		3840	2160	png	2360623	9971_gen_products-with-callouts_sculpt-leggings_spec_p0227_3840x2160.png	lilith-ai	PD-own
9226-lilith-ai-products/products-with-callouts/9972_gen_products-with-callouts_serum-dropper-blush_feature_p0691_5504x3072.jpg	9226-lilith-ai-products	products	9972	gen_products-with-callouts_serum-dropper-blush_feature_p0691		5504	3072	jpg	632733	9972_gen_products-with-callouts_serum-dropper-blush_feature_p0691_5504x3072.jpg	lilith-ai	PD-own
9226-lilith-ai-products/products-with-callouts/9973_gen_products-with-callouts_silver-metallic-statement-puffer_feature_p0284_3840x2160.png	9226-lilith-ai-products	products	9973	gen_products-with-callouts_silver-metallic-statement-puffer_feature_p0284		3840	2160	png	3845478	9973_gen_products-with-callouts_silver-metallic-statement-puffer_feature_p0284_3840x2160.png	lilith-ai	PD-own
9226-lilith-ai-products/products-with-callouts/9974_gen_products-with-callouts_spec-sneaker-cutaway_spec_p0724_1536x1024.png	9226-lilith-ai-products	products	9974	gen_products-with-callouts_spec-sneaker-cutaway_spec_p0724		1536	1024	png	1188328	9974_gen_products-with-callouts_spec-sneaker-cutaway_spec_p0724_1536x1024.png	lilith-ai	PD-own
9226-lilith-ai-products/products-with-callouts/9975_gen_products-with-callouts_womens-packable-down-jacket-teal_feature_p0231_3072x3106.png	9226-lilith-ai-products	products	9975	gen_products-with-callouts_womens-packable-down-jacket-teal_feature_p0231		3072	3106	png	7248363	9975_gen_products-with-callouts_womens-packable-down-jacket-teal_feature_p0231_3072x3106.png	lilith-ai	PD-own
