id	corpus_path	manifest_sdr_url	actual_sdr_url	actual_hdr_url
1004	1000-lilith-photos-general/1004_general_paint-color-samples_s21u_iso200-f1p8_20220304-144007_4000x3000.jpg	https://codec-corpus.r2.imazen.org/imazen-26-png-v3/1000-lilith-photos-general/1004_general_paint-color-samples_s21u_iso200-f1p8_20220304-144007_4000x3000.sdr.png	https://codec-corpus.r2.imazen.org/imazen-26-png-v3/1000-lilith-photos-general/1004_general_paint-color-samples_s21u_iso200-f1p8_20220304-144007_3000x4000.sdr.png	
1006	1000-lilith-photos-general/1006_general_church-steeple-among-trees_s21u_iso50-f1p8_20220304-182325_4000x3000.jpg	https://codec-corpus.r2.imazen.org/imazen-26-png-v3/1000-lilith-photos-general/1006_general_church-steeple-among-trees_s21u_iso50-f1p8_20220304-182325_4000x3000.sdr.png	https://codec-corpus.r2.imazen.org/imazen-26-png-v3/1000-lilith-photos-general/1006_general_church-steeple-among-trees_s21u_iso50-f1p8_20220304-182325_3000x4000.sdr.png	
1007	1000-lilith-photos-general/1007_general_street-building-with-trees_shinjuku-gyoen-national-garden-shinjuku_s23u_iso10-f1p7_20230702-090345_4000x3000.jpg	https://codec-corpus.r2.imazen.org/imazen-26-png-v3/1000-lilith-photos-general/1007_general_street-building-with-trees_shinjuku-gyoen-national-garden-shinjuku_s23u_iso10-f1p7_20230702-090345_4000x3000.sdr.png	https://codec-corpus.r2.imazen.org/imazen-26-png-v3/1000-lilith-photos-general/1007_general_street-building-with-trees_shinjuku-gyoen-national-garden-shinjuku_s23u_iso10-f1p7_20230702-090345_3000x4000.sdr.png	
1008	1000-lilith-photos-general/1008_general_city-view-through-window_tokyo-skytree-sumida_s23u_iso50-f2p2_20230706-142333_4000x3000.jpg	https://codec-corpus.r2.imazen.org/imazen-26-png-v3/1000-lilith-photos-general/1008_general_city-view-through-window_tokyo-skytree-sumida_s23u_iso50-f2p2_20230706-142333_4000x3000.sdr.png	https://codec-corpus.r2.imazen.org/imazen-26-png-v3/1000-lilith-photos-general/1008_general_city-view-through-window_tokyo-skytree-sumida_s23u_iso50-f2p2_20230706-142333_3000x4000.sdr.png	
1009	1000-lilith-photos-general/1009_general_aerial-cityscape_tokyo-skytree-sumida_s23u_iso50-f2p4_20230706-144950_4000x3000.jpg	https://codec-corpus.r2.imazen.org/imazen-26-png-v3/1000-lilith-photos-general/1009_general_aerial-cityscape_tokyo-skytree-sumida_s23u_iso50-f2p4_20230706-144950_4000x3000.sdr.png	https://codec-corpus.r2.imazen.org/imazen-26-png-v3/1000-lilith-photos-general/1009_general_aerial-cityscape_tokyo-skytree-sumida_s23u_iso50-f2p4_20230706-144950_3000x4000.sdr.png	
1010	1000-lilith-photos-general/1010_general_floating-dock-on-lake_hakone-ekiden-museum-hakone_s23u_iso80-f4p9_20230707-172043_4000x3000.jpg	https://codec-corpus.r2.imazen.org/imazen-26-png-v3/1000-lilith-photos-general/1010_general_floating-dock-on-lake_hakone-ekiden-museum-hakone_s23u_iso80-f4p9_20230707-172043_4000x3000.sdr.png	https://codec-corpus.r2.imazen.org/imazen-26-png-v3/1000-lilith-photos-general/1010_general_floating-dock-on-lake_hakone-ekiden-museum-hakone_s23u_iso80-f4p9_20230707-172043_3000x4000.sdr.png	
1011	1000-lilith-photos-general/1011_general_city-street-at-night_s23u_iso80-f1p7_20230711-19230_4000x2252.jpg	https://codec-corpus.r2.imazen.org/imazen-26-png-v3/1000-lilith-photos-general/1011_general_city-street-at-night_s23u_iso80-f1p7_20230711-19230_4000x2252.sdr.png	https://codec-corpus.r2.imazen.org/imazen-26-png-v3/1000-lilith-photos-general/1011_general_city-street-at-night_s23u_iso80-f1p7_20230711-19230_2252x4000.sdr.png	
1013	1000-lilith-photos-general/1013_general_colorful-glass-sculpture_seattle-center-seattle_s23u_iso800-f1p7_20230727-173318_4000x3000.jpg	https://codec-corpus.r2.imazen.org/imazen-26-png-v3/1000-lilith-photos-general/1013_general_colorful-glass-sculpture_seattle-center-seattle_s23u_iso800-f1p7_20230727-173318_4000x3000.sdr.png	https://codec-corpus.r2.imazen.org/imazen-26-png-v3/1000-lilith-photos-general/1013_general_colorful-glass-sculpture_seattle-center-seattle_s23u_iso800-f1p7_20230727-173318_3000x4000.sdr.png	
1016	1000-lilith-photos-general/1016_general_hanging-glass-lamp_seattle-center-seattle_s23u_iso250-f1p7_20230727-173815_4000x2252.jpg	https://codec-corpus.r2.imazen.org/imazen-26-png-v3/1000-lilith-photos-general/1016_general_hanging-glass-lamp_seattle-center-seattle_s23u_iso250-f1p7_20230727-173815_4000x2252.sdr.png	https://codec-corpus.r2.imazen.org/imazen-26-png-v3/1000-lilith-photos-general/1016_general_hanging-glass-lamp_seattle-center-seattle_s23u_iso250-f1p7_20230727-173815_2252x4000.sdr.png	
1017	1000-lilith-photos-general/1017_general_abstract-sculpture-installation_seattle-center-seattle_s23u_iso500-f1p7_20230727-173843_4000x2252.jpg	https://codec-corpus.r2.imazen.org/imazen-26-png-v3/1000-lilith-photos-general/1017_general_abstract-sculpture-installation_seattle-center-seattle_s23u_iso500-f1p7_20230727-173843_4000x2252.sdr.png	https://codec-corpus.r2.imazen.org/imazen-26-png-v3/1000-lilith-photos-general/1017_general_abstract-sculpture-installation_seattle-center-seattle_s23u_iso500-f1p7_20230727-173843_2252x4000.sdr.png	
1018	1000-lilith-photos-general/1018_general_hanging-glass-sculptures_seattle-center-seattle_s23u_iso50-f2p4_20230727-174134_4000x3000.jpg	https://codec-corpus.r2.imazen.org/imazen-26-png-v3/1000-lilith-photos-general/1018_general_hanging-glass-sculptures_seattle-center-seattle_s23u_iso50-f2p4_20230727-174134_4000x3000.sdr.png	https://codec-corpus.r2.imazen.org/imazen-26-png-v3/1000-lilith-photos-general/1018_general_hanging-glass-sculptures_seattle-center-seattle_s23u_iso50-f2p4_20230727-174134_3000x4000.sdr.png	
1019	1000-lilith-photos-general/1019_general_tower-against-blue-sky_seattle-center-seattle_s23u_iso10-f1p7_20230727-174406_4000x3000.jpg	https://codec-corpus.r2.imazen.org/imazen-26-png-v3/1000-lilith-photos-general/1019_general_tower-against-blue-sky_seattle-center-seattle_s23u_iso10-f1p7_20230727-174406_4000x3000.sdr.png	https://codec-corpus.r2.imazen.org/imazen-26-png-v3/1000-lilith-photos-general/1019_general_tower-against-blue-sky_seattle-center-seattle_s23u_iso10-f1p7_20230727-174406_3000x4000.sdr.png	
1020	1000-lilith-photos-general/1020_general_space-needle-sculpture-garden_seattle-center-seattle_s23u_iso50-f2p2_20230727-174418_4000x3000.jpg	https://codec-corpus.r2.imazen.org/imazen-26-png-v3/1000-lilith-photos-general/1020_general_space-needle-sculpture-garden_seattle-center-seattle_s23u_iso50-f2p2_20230727-174418_4000x3000.sdr.png	https://codec-corpus.r2.imazen.org/imazen-26-png-v3/1000-lilith-photos-general/1020_general_space-needle-sculpture-garden_seattle-center-seattle_s23u_iso50-f2p2_20230727-174418_3000x4000.sdr.png	
1022	1000-lilith-photos-general/1022_general_thatched-roof-fence_azulik-city-arts-francisco-uh-may_s23u_iso50-f2p2_20230917-141034_4000x3000.jpg	https://codec-corpus.r2.imazen.org/imazen-26-png-v3/1000-lilith-photos-general/1022_general_thatched-roof-fence_azulik-city-arts-francisco-uh-may_s23u_iso50-f2p2_20230917-141034_4000x3000.sdr.png	https://codec-corpus.r2.imazen.org/imazen-26-png-v3/1000-lilith-photos-general/1022_general_thatched-roof-fence_azulik-city-arts-francisco-uh-may_s23u_iso50-f2p2_20230917-141034_3000x4000.sdr.png	
1024	1000-lilith-photos-general/1024_general_outdoor-dining-table_azulik-city-arts-francisco-uh-may_s23u_iso100-f2p2_20230917-152718_4000x3000.jpg	https://codec-corpus.r2.imazen.org/imazen-26-png-v3/1000-lilith-photos-general/1024_general_outdoor-dining-table_azulik-city-arts-francisco-uh-may_s23u_iso100-f2p2_20230917-152718_4000x3000.sdr.png	https://codec-corpus.r2.imazen.org/imazen-26-png-v3/1000-lilith-photos-general/1024_general_outdoor-dining-table_azulik-city-arts-francisco-uh-may_s23u_iso100-f2p2_20230917-152718_3000x4000.sdr.png	
1025	1000-lilith-photos-general/1025_general_restaurant-table-setting_placa-pedro-infante-valladolid_s23u_iso2000-f2p2_20230917-193017_4000x3000.jpg	https://codec-corpus.r2.imazen.org/imazen-26-png-v3/1000-lilith-photos-general/1025_general_restaurant-table-setting_placa-pedro-infante-valladolid_s23u_iso2000-f2p2_20230917-193017_4000x3000.sdr.png	https://codec-corpus.r2.imazen.org/imazen-26-png-v3/1000-lilith-photos-general/1025_general_restaurant-table-setting_placa-pedro-infante-valladolid_s23u_iso2000-f2p2_20230917-193017_3000x4000.sdr.png	
1026	1000-lilith-photos-general/1026_general_two-turtles-on-rock_hotel-zentik-project-valladolid_s23u_iso50-f4p9_20230918-105440_4000x3000.jpg	https://codec-corpus.r2.imazen.org/imazen-26-png-v3/1000-lilith-photos-general/1026_general_two-turtles-on-rock_hotel-zentik-project-valladolid_s23u_iso50-f4p9_20230918-105440_4000x3000.sdr.png	https://codec-corpus.r2.imazen.org/imazen-26-png-v3/1000-lilith-photos-general/1026_general_two-turtles-on-rock_hotel-zentik-project-valladolid_s23u_iso50-f4p9_20230918-105440_3000x4000.sdr.png	
1027	1000-lilith-photos-general/1027_general_turtle-on-rock_hotel-zentik-project-valladolid_s23u_iso50-f4p9_20230918-105522_4000x2252.jpg	https://codec-corpus.r2.imazen.org/imazen-26-png-v3/1000-lilith-photos-general/1027_general_turtle-on-rock_hotel-zentik-project-valladolid_s23u_iso50-f4p9_20230918-105522_4000x2252.sdr.png	https://codec-corpus.r2.imazen.org/imazen-26-png-v3/1000-lilith-photos-general/1027_general_turtle-on-rock_hotel-zentik-project-valladolid_s23u_iso50-f4p9_20230918-105522_2252x4000.sdr.png	
1028	1000-lilith-photos-general/1028_general_hands-holding-small-turtle_hotel-zentik-project-valladolid_s23u_iso25-f1p7_20230918-105607_4000x2252.jpg	https://codec-corpus.r2.imazen.org/imazen-26-png-v3/1000-lilith-photos-general/1028_general_hands-holding-small-turtle_hotel-zentik-project-valladolid_s23u_iso25-f1p7_20230918-105607_4000x2252.sdr.png	https://codec-corpus.r2.imazen.org/imazen-26-png-v3/1000-lilith-photos-general/1028_general_hands-holding-small-turtle_hotel-zentik-project-valladolid_s23u_iso25-f1p7_20230918-105607_2252x4000.sdr.png	
1030	1000-lilith-photos-general/1030_general_wooden-figure-planter_hotel-zentik-project-valladolid_s23u_iso200-f2p4_20230918-105951_4000x3000.jpg	https://codec-corpus.r2.imazen.org/imazen-26-png-v3/1000-lilith-photos-general/1030_general_wooden-figure-planter_hotel-zentik-project-valladolid_s23u_iso200-f2p4_20230918-105951_4000x3000.sdr.png	https://codec-corpus.r2.imazen.org/imazen-26-png-v3/1000-lilith-photos-general/1030_general_wooden-figure-planter_hotel-zentik-project-valladolid_s23u_iso200-f2p4_20230918-105951_3000x4000.sdr.png	
1033	1000-lilith-photos-general/1033_general_stone-tunnel-lights_placa-pedro-infante-valladolid_s23u_iso800-f1p7_20230918-111620_4000x3000.jpg	https://codec-corpus.r2.imazen.org/imazen-26-png-v3/1000-lilith-photos-general/1033_general_stone-tunnel-lights_placa-pedro-infante-valladolid_s23u_iso800-f1p7_20230918-111620_4000x3000.sdr.png	https://codec-corpus.r2.imazen.org/imazen-26-png-v3/1000-lilith-photos-general/1033_general_stone-tunnel-lights_placa-pedro-infante-valladolid_s23u_iso800-f1p7_20230918-111620_3000x4000.sdr.png	
1035	1000-lilith-photos-general/1035_general_portrait-illustration_placa-pedro-infante-valladolid_s23u_iso32-f1p7_20230918-111959_4000x3000.jpg	https://codec-corpus.r2.imazen.org/imazen-26-png-v3/1000-lilith-photos-general/1035_general_portrait-illustration_placa-pedro-infante-valladolid_s23u_iso32-f1p7_20230918-111959_4000x3000.sdr.png	https://codec-corpus.r2.imazen.org/imazen-26-png-v3/1000-lilith-photos-general/1035_general_portrait-illustration_placa-pedro-infante-valladolid_s23u_iso32-f1p7_20230918-111959_3000x4000.sdr.png	
1036	1000-lilith-photos-general/1036_general_stone-temple-carvings_ek-balam_s23u_iso16-f1p7_20230918-152107_4000x3000.jpg	https://codec-corpus.r2.imazen.org/imazen-26-png-v3/1000-lilith-photos-general/1036_general_stone-temple-carvings_ek-balam_s23u_iso16-f1p7_20230918-152107_4000x3000.sdr.png	https://codec-corpus.r2.imazen.org/imazen-26-png-v3/1000-lilith-photos-general/1036_general_stone-temple-carvings_ek-balam_s23u_iso16-f1p7_20230918-152107_3000x4000.sdr.png	
1037	1000-lilith-photos-general/1037_general_stone-carved-archway_ek-balam_s23u_iso64-f2p2_20230918-152337_4000x2252.jpg	https://codec-corpus.r2.imazen.org/imazen-26-png-v3/1000-lilith-photos-general/1037_general_stone-carved-archway_ek-balam_s23u_iso64-f2p2_20230918-152337_4000x2252.sdr.png	https://codec-corpus.r2.imazen.org/imazen-26-png-v3/1000-lilith-photos-general/1037_general_stone-carved-archway_ek-balam_s23u_iso64-f2p2_20230918-152337_2252x4000.sdr.png	
1038	1000-lilith-photos-general/1038_general_stone-building-entrance_ek-balam_s23u_iso20-f1p7_20230918-152619_4000x3000.jpg	https://codec-corpus.r2.imazen.org/imazen-26-png-v3/1000-lilith-photos-general/1038_general_stone-building-entrance_ek-balam_s23u_iso20-f1p7_20230918-152619_4000x3000.sdr.png	https://codec-corpus.r2.imazen.org/imazen-26-png-v3/1000-lilith-photos-general/1038_general_stone-building-entrance_ek-balam_s23u_iso20-f1p7_20230918-152619_3000x4000.sdr.png	
1040	1000-lilith-photos-general/1040_general_roller-coaster-ride_fuji-q-highland-fujikawaguchiko_s23u_iso50-f2p4_20231030-160417_4000x3000.jpg	https://codec-corpus.r2.imazen.org/imazen-26-png-v3/1000-lilith-photos-general/1040_general_roller-coaster-ride_fuji-q-highland-fujikawaguchiko_s23u_iso50-f2p4_20231030-160417_4000x3000.sdr.png	https://codec-corpus.r2.imazen.org/imazen-26-png-v3/1000-lilith-photos-general/1040_general_roller-coaster-ride_fuji-q-highland-fujikawaguchiko_s23u_iso50-f2p4_20231030-160417_3000x4000.sdr.png	
1043	1000-lilith-photos-general/1043_general_rows-of-flowering-plants_garden-fine-arts-kyoto_s23u_iso50-f2p4_20231107-134320_4000x3000.heic	https://codec-corpus.r2.imazen.org/imazen-26-png-v3/1000-lilith-photos-general/1043_general_rows-of-flowering-plants_garden-fine-arts-kyoto_s23u_iso50-f2p4_20231107-134320_4000x3000.sdr.png	https://codec-corpus.r2.imazen.org/imazen-26-png-v3/1000-lilith-photos-general/1043_general_rows-of-flowering-plants_garden-fine-arts-kyoto_s23u_iso50-f2p4_20231107-134320_3000x4000.sdr.png	
1044	1000-lilith-photos-general/1044_general_sticker-covered-wall-panel_gljufrabui-rangarthing-eystra_s23u_iso125-f1p7_20231206-150232_4000x3000.heic	https://codec-corpus.r2.imazen.org/imazen-26-png-v3/1000-lilith-photos-general/1044_general_sticker-covered-wall-panel_gljufrabui-rangarthing-eystra_s23u_iso125-f1p7_20231206-150232_4000x3000.sdr.png	https://codec-corpus.r2.imazen.org/imazen-26-png-v3/1000-lilith-photos-general/1044_general_sticker-covered-wall-panel_gljufrabui-rangarthing-eystra_s23u_iso125-f1p7_20231206-150232_3000x4000.sdr.png	
1045	1000-lilith-photos-general/1045_general_gemstones-in-wooden-bowls_tivoli-gardens-copenhagen_s23u_iso250-f1p7_20231212-185715_4000x3000.heic	https://codec-corpus.r2.imazen.org/imazen-26-png-v3/1000-lilith-photos-general/1045_general_gemstones-in-wooden-bowls_tivoli-gardens-copenhagen_s23u_iso250-f1p7_20231212-185715_4000x3000.sdr.png	https://codec-corpus.r2.imazen.org/imazen-26-png-v3/1000-lilith-photos-general/1045_general_gemstones-in-wooden-bowls_tivoli-gardens-copenhagen_s23u_iso250-f1p7_20231212-185715_3000x4000.sdr.png	
1047	1000-lilith-photos-general/1047_general_flowers-and-lit-candle_magasin-du-nord-museum-copenhagen_s23u_iso640-f2p4_20231213-182125_4000x3000.heic	https://codec-corpus.r2.imazen.org/imazen-26-png-v3/1000-lilith-photos-general/1047_general_flowers-and-lit-candle_magasin-du-nord-museum-copenhagen_s23u_iso640-f2p4_20231213-182125_4000x3000.sdr.png	https://codec-corpus.r2.imazen.org/imazen-26-png-v3/1000-lilith-photos-general/1047_general_flowers-and-lit-candle_magasin-du-nord-museum-copenhagen_s23u_iso640-f2p4_20231213-182125_3000x4000.sdr.png	
1048	1000-lilith-photos-general/1048_general_people-snowboarding-in-snow_colorado_s23u_iso12-f1p7_20240325-104900_4000x3000.jpg	https://codec-corpus.r2.imazen.org/imazen-26-png-v3/1000-lilith-photos-general/1048_general_people-snowboarding-in-snow_colorado_s23u_iso12-f1p7_20240325-104900_4000x3000.sdr.png	https://codec-corpus.r2.imazen.org/imazen-26-png-v3/1000-lilith-photos-general/1048_general_people-snowboarding-in-snow_colorado_s23u_iso12-f1p7_20240325-104900_3000x4000.sdr.png	
1052	1000-lilith-photos-general/1052_general_framed-building-painting_museum-orsay-paris_s23u_iso500-f2p4_20240425-185701_4000x3000.jpg	https://codec-corpus.r2.imazen.org/imazen-26-png-v3/1000-lilith-photos-general/1052_general_framed-building-painting_museum-orsay-paris_s23u_iso500-f2p4_20240425-185701_4000x3000.sdr.png	https://codec-corpus.r2.imazen.org/imazen-26-png-v3/1000-lilith-photos-general/1052_general_framed-building-painting_museum-orsay-paris_s23u_iso500-f2p4_20240425-185701_3000x4000.sdr.png	
1053	1000-lilith-photos-general/1053_general_statue-in-arched-alcove_louvre-palace-paris_s23u_iso500-f2p2_20240426-175831_4000x3000.jpg	https://codec-corpus.r2.imazen.org/imazen-26-png-v3/1000-lilith-photos-general/1053_general_statue-in-arched-alcove_louvre-palace-paris_s23u_iso500-f2p2_20240426-175831_4000x3000.sdr.png	https://codec-corpus.r2.imazen.org/imazen-26-png-v3/1000-lilith-photos-general/1053_general_statue-in-arched-alcove_louvre-palace-paris_s23u_iso500-f2p2_20240426-175831_3000x4000.sdr.png	
1054	1000-lilith-photos-general/1054_general_modern-art-museum-exterior-paris_s23u_iso10-f1p7_20240427-165529_4000x3000.jpg	https://codec-corpus.r2.imazen.org/imazen-26-png-v3/1000-lilith-photos-general/1054_general_modern-art-museum-exterior-paris_s23u_iso10-f1p7_20240427-165529_4000x3000.sdr.png	https://codec-corpus.r2.imazen.org/imazen-26-png-v3/1000-lilith-photos-general/1054_general_modern-art-museum-exterior-paris_s23u_iso10-f1p7_20240427-165529_3000x4000.sdr.png	
1055	1000-lilith-photos-general/1055_general_bread-and-coffee-table_blue-lagoon-grindavik_s23u_iso50-f2p2_20240429-174632_4000x3000.jpg	https://codec-corpus.r2.imazen.org/imazen-26-png-v3/1000-lilith-photos-general/1055_general_bread-and-coffee-table_blue-lagoon-grindavik_s23u_iso50-f2p2_20240429-174632_4000x3000.sdr.png	https://codec-corpus.r2.imazen.org/imazen-26-png-v3/1000-lilith-photos-general/1055_general_bread-and-coffee-table_blue-lagoon-grindavik_s23u_iso50-f2p2_20240429-174632_3000x4000.sdr.png	
1056	1000-lilith-photos-general/1056_general_flower-bouquet-and-cards_colorado_s23u_iso80-f2p4_20240505-172513_4000x3000.jpg	https://codec-corpus.r2.imazen.org/imazen-26-png-v3/1000-lilith-photos-general/1056_general_flower-bouquet-and-cards_colorado_s23u_iso80-f2p4_20240505-172513_4000x3000.sdr.png	https://codec-corpus.r2.imazen.org/imazen-26-png-v3/1000-lilith-photos-general/1056_general_flower-bouquet-and-cards_colorado_s23u_iso80-f2p4_20240505-172513_3000x4000.sdr.png	
1057	1000-lilith-photos-general/1057_general_dragon-statue-in-garden_placa-pedro-infante-valladolid_s23u_iso640-f1p7_20240528-210945_4000x3000.jpg	https://codec-corpus.r2.imazen.org/imazen-26-png-v3/1000-lilith-photos-general/1057_general_dragon-statue-in-garden_placa-pedro-infante-valladolid_s23u_iso640-f1p7_20240528-210945_4000x3000.sdr.png	https://codec-corpus.r2.imazen.org/imazen-26-png-v3/1000-lilith-photos-general/1057_general_dragon-statue-in-garden_placa-pedro-infante-valladolid_s23u_iso640-f1p7_20240528-210945_3000x4000.sdr.png	
1058	1000-lilith-photos-general/1058_general_balcony-building-facade_waikiki-beach-east-honolulu_s23u_iso25-f1p7_20241104-163816_4000x3000.jpg	https://codec-corpus.r2.imazen.org/imazen-26-png-v3/1000-lilith-photos-general/1058_general_balcony-building-facade_waikiki-beach-east-honolulu_s23u_iso25-f1p7_20241104-163816_4000x3000.sdr.png	https://codec-corpus.r2.imazen.org/imazen-26-png-v3/1000-lilith-photos-general/1058_general_balcony-building-facade_waikiki-beach-east-honolulu_s23u_iso25-f1p7_20241104-163816_3000x4000.sdr.png	
1060	1000-lilith-photos-general/1060_general_tiered-floral-cake_colorado_s23u_iso125-f1p7_20250202-141907_4000x3000.jpg	https://codec-corpus.r2.imazen.org/imazen-26-png-v3/1000-lilith-photos-general/1060_general_tiered-floral-cake_colorado_s23u_iso125-f1p7_20250202-141907_4000x3000.sdr.png	https://codec-corpus.r2.imazen.org/imazen-26-png-v3/1000-lilith-photos-general/1060_general_tiered-floral-cake_colorado_s23u_iso125-f1p7_20250202-141907_3000x4000.sdr.png	
1062	1000-lilith-photos-general/1062_general_boat-on-water_numazu-japan_s23u_iso50-f2p2_20250307-173047_4000x3000.jpg	https://codec-corpus.r2.imazen.org/imazen-26-png-v3/1000-lilith-photos-general/1062_general_boat-on-water_numazu-japan_s23u_iso50-f2p2_20250307-173047_4000x3000.sdr.png	https://codec-corpus.r2.imazen.org/imazen-26-png-v3/1000-lilith-photos-general/1062_general_boat-on-water_numazu-japan_s23u_iso50-f2p2_20250307-173047_3000x4000.sdr.png	
1064	1000-lilith-photos-general/1064_general_castle-bridge-moat_montjuic-castle-barcelona_zfold7_iso40-f1p7_20260315-175347_4000x3000.jpg	https://codec-corpus.r2.imazen.org/imazen-26-png-v3/1000-lilith-photos-general/1064_general_castle-bridge-moat_montjuic-castle-barcelona_zfold7_iso40-f1p7_20260315-175347_4000x3000.sdr.png	https://codec-corpus.r2.imazen.org/imazen-26-png-v3/1000-lilith-photos-general/1064_general_castle-bridge-moat_montjuic-castle-barcelona_zfold7_iso40-f1p7_20260315-175347_3000x4000.sdr.png	https://codec-corpus.r2.imazen.org/imazen-26-png-v3/1000-lilith-photos-general/1064_general_castle-bridge-moat_montjuic-castle-barcelona_zfold7_iso40-f1p7_20260315-175347_3000x4000.hdr.png
1065	1000-lilith-photos-general/1065_general_cathedral-model-workshop_sagrada-familia-barcelona_zfold7_iso64-f1p7_20260317-165822_4000x3000.jpg	https://codec-corpus.r2.imazen.org/imazen-26-png-v3/1000-lilith-photos-general/1065_general_cathedral-model-workshop_sagrada-familia-barcelona_zfold7_iso64-f1p7_20260317-165822_4000x3000.sdr.png	https://codec-corpus.r2.imazen.org/imazen-26-png-v3/1000-lilith-photos-general/1065_general_cathedral-model-workshop_sagrada-familia-barcelona_zfold7_iso64-f1p7_20260317-165822_3000x4000.sdr.png	https://codec-corpus.r2.imazen.org/imazen-26-png-v3/1000-lilith-photos-general/1065_general_cathedral-model-workshop_sagrada-familia-barcelona_zfold7_iso64-f1p7_20260317-165822_3000x4000.hdr.png
1066	1000-lilith-photos-general/1066_general_stone-building-facade_park-guell-barcelona_zfold7_iso80-f1p7_20260318-172109_4000x3000.jpg	https://codec-corpus.r2.imazen.org/imazen-26-png-v3/1000-lilith-photos-general/1066_general_stone-building-facade_park-guell-barcelona_zfold7_iso80-f1p7_20260318-172109_4000x3000.sdr.png	https://codec-corpus.r2.imazen.org/imazen-26-png-v3/1000-lilith-photos-general/1066_general_stone-building-facade_park-guell-barcelona_zfold7_iso80-f1p7_20260318-172109_3000x4000.sdr.png	https://codec-corpus.r2.imazen.org/imazen-26-png-v3/1000-lilith-photos-general/1066_general_stone-building-facade_park-guell-barcelona_zfold7_iso80-f1p7_20260318-172109_3000x4000.hdr.png
1067	1000-lilith-photos-general/1067_general_architectural-model-display_la-pedrera-barcelona_zfold7_iso500-f1p7_20260319-185645_4000x3000.jpg	https://codec-corpus.r2.imazen.org/imazen-26-png-v3/1000-lilith-photos-general/1067_general_architectural-model-display_la-pedrera-barcelona_zfold7_iso500-f1p7_20260319-185645_4000x3000.sdr.png	https://codec-corpus.r2.imazen.org/imazen-26-png-v3/1000-lilith-photos-general/1067_general_architectural-model-display_la-pedrera-barcelona_zfold7_iso500-f1p7_20260319-185645_3000x4000.sdr.png	https://codec-corpus.r2.imazen.org/imazen-26-png-v3/1000-lilith-photos-general/1067_general_architectural-model-display_la-pedrera-barcelona_zfold7_iso500-f1p7_20260319-185645_3000x4000.hdr.png
1068	1000-lilith-photos-general/1068_general_glowing-blue-glass-sphere_house-eternal-return-meow-wolf-santa-fe_ip8plus_iso100-f1p8_img-7632_4032x3024.heic	https://codec-corpus.r2.imazen.org/imazen-26-png-v3/1000-lilith-photos-general/1068_general_glowing-blue-glass-sphere_house-eternal-return-meow-wolf-santa-fe_ip8plus_iso100-f1p8_img-7632_4032x3024.sdr.png	https://codec-corpus.r2.imazen.org/imazen-26-png-v3/1000-lilith-photos-general/1068_general_glowing-blue-glass-sphere_house-eternal-return-meow-wolf-santa-fe_ip8plus_iso100-f1p8_img-7632_3024x4032.sdr.png	
1201	1200-lilith-interiors/1201_interiors_bar-sign-outside-window_shinjuku-2-shinjuku-japan_s23u_iso12-f1p7_20230706-124619_4000x3000.jpg	https://codec-corpus.r2.imazen.org/imazen-26-png-v3/1200-lilith-interiors/1201_interiors_bar-sign-outside-window_shinjuku-2-shinjuku-japan_s23u_iso12-f1p7_20230706-124619_4000x3000.sdr.png	https://codec-corpus.r2.imazen.org/imazen-26-png-v3/1200-lilith-interiors/1201_interiors_bar-sign-outside-window_shinjuku-2-shinjuku-japan_s23u_iso12-f1p7_20230706-124619_3000x4000.sdr.png	
1202	1200-lilith-interiors/1202_interiors_abstract-textured-pattern_seattle-center-seattle_s23u_iso1000-f1p7_20230727-164305_4000x3000.jpg	https://codec-corpus.r2.imazen.org/imazen-26-png-v3/1200-lilith-interiors/1202_interiors_abstract-textured-pattern_seattle-center-seattle_s23u_iso1000-f1p7_20230727-164305_4000x3000.sdr.png	https://codec-corpus.r2.imazen.org/imazen-26-png-v3/1200-lilith-interiors/1202_interiors_abstract-textured-pattern_seattle-center-seattle_s23u_iso1000-f1p7_20230727-164305_3000x4000.sdr.png	
1204	1200-lilith-interiors/1204_interiors_rustic-outdoor-dining-area_s23u_iso125-f2p2_20230915-124518_4000x3000.jpg	https://codec-corpus.r2.imazen.org/imazen-26-png-v3/1200-lilith-interiors/1204_interiors_rustic-outdoor-dining-area_s23u_iso125-f2p2_20230915-124518_4000x3000.sdr.png	https://codec-corpus.r2.imazen.org/imazen-26-png-v3/1200-lilith-interiors/1204_interiors_rustic-outdoor-dining-area_s23u_iso125-f2p2_20230915-124518_3000x4000.sdr.png	
1205	1200-lilith-interiors/1205_interiors_modern-living-room_tulum-mexico_s23u_iso160-f1p7_20230917-114545_4000x3000.jpg	https://codec-corpus.r2.imazen.org/imazen-26-png-v3/1200-lilith-interiors/1205_interiors_modern-living-room_tulum-mexico_s23u_iso160-f1p7_20230917-114545_4000x3000.sdr.png	https://codec-corpus.r2.imazen.org/imazen-26-png-v3/1200-lilith-interiors/1205_interiors_modern-living-room_tulum-mexico_s23u_iso160-f1p7_20230917-114545_3000x4000.sdr.png	
1206	1200-lilith-interiors/1206_interiors_tree-like-sculpture-ceiling_azulik-city-arts-francisco-uh-may_s23u_iso80-f2p2_20230917-143302_4000x3000.jpg	https://codec-corpus.r2.imazen.org/imazen-26-png-v3/1200-lilith-interiors/1206_interiors_tree-like-sculpture-ceiling_azulik-city-arts-francisco-uh-may_s23u_iso80-f2p2_20230917-143302_4000x3000.sdr.png	https://codec-corpus.r2.imazen.org/imazen-26-png-v3/1200-lilith-interiors/1206_interiors_tree-like-sculpture-ceiling_azulik-city-arts-francisco-uh-may_s23u_iso80-f2p2_20230917-143302_3000x4000.sdr.png	
1208	1200-lilith-interiors/1208_interiors_woven-hammock-by-beach_hotel-zentik-project-valladolid_s23u_iso20-f1p7_20230918-110558_4000x3000.jpg	https://codec-corpus.r2.imazen.org/imazen-26-png-v3/1200-lilith-interiors/1208_interiors_woven-hammock-by-beach_hotel-zentik-project-valladolid_s23u_iso20-f1p7_20230918-110558_4000x3000.sdr.png	https://codec-corpus.r2.imazen.org/imazen-26-png-v3/1200-lilith-interiors/1208_interiors_woven-hammock-by-beach_hotel-zentik-project-valladolid_s23u_iso20-f1p7_20230918-110558_3000x4000.sdr.png	
1209	1200-lilith-interiors/1209_interiors_traditional-tiled-roof-building_himeji-castle-himeji_s23u_iso64-f2p2_20231105-153905_4000x3000.heic	https://codec-corpus.r2.imazen.org/imazen-26-png-v3/1200-lilith-interiors/1209_interiors_traditional-tiled-roof-building_himeji-castle-himeji_s23u_iso64-f2p2_20231105-153905_4000x3000.sdr.png	https://codec-corpus.r2.imazen.org/imazen-26-png-v3/1200-lilith-interiors/1209_interiors_traditional-tiled-roof-building_himeji-castle-himeji_s23u_iso64-f2p2_20231105-153905_3000x4000.sdr.png	
1210	1200-lilith-interiors/1210_interiors_sunlit-living-room_square-du-temple-elie-wiesel-paris_s23u_iso100-f1p7_20240421-153756_4000x3000.jpg	https://codec-corpus.r2.imazen.org/imazen-26-png-v3/1200-lilith-interiors/1210_interiors_sunlit-living-room_square-du-temple-elie-wiesel-paris_s23u_iso100-f1p7_20240421-153756_4000x3000.sdr.png	https://codec-corpus.r2.imazen.org/imazen-26-png-v3/1200-lilith-interiors/1210_interiors_sunlit-living-room_square-du-temple-elie-wiesel-paris_s23u_iso100-f1p7_20240421-153756_3000x4000.sdr.png	
1212	1200-lilith-interiors/1212_interiors_ornate-ceiling-mural_opera-garnier-paris_s23u_iso800-f1p7_20240423-220507_4000x3000.jpg	https://codec-corpus.r2.imazen.org/imazen-26-png-v3/1200-lilith-interiors/1212_interiors_ornate-ceiling-mural_opera-garnier-paris_s23u_iso800-f1p7_20240423-220507_4000x3000.sdr.png	https://codec-corpus.r2.imazen.org/imazen-26-png-v3/1200-lilith-interiors/1212_interiors_ornate-ceiling-mural_opera-garnier-paris_s23u_iso800-f1p7_20240423-220507_3000x4000.sdr.png	
1213	1200-lilith-interiors/1213_interiors_ornate-painted-ceiling_opera-garnier-paris_s23u_iso800-f2p4_20240423-220536_4000x3000.jpg	https://codec-corpus.r2.imazen.org/imazen-26-png-v3/1200-lilith-interiors/1213_interiors_ornate-painted-ceiling_opera-garnier-paris_s23u_iso800-f2p4_20240423-220536_4000x3000.sdr.png	https://codec-corpus.r2.imazen.org/imazen-26-png-v3/1200-lilith-interiors/1213_interiors_ornate-painted-ceiling_opera-garnier-paris_s23u_iso800-f2p4_20240423-220536_3000x4000.sdr.png	
1215	1200-lilith-interiors/1215_interiors_living-room-interior_square-du-temple-elie-wiesel-paris_s23u_iso25-f1p7_20240429-114925_4000x3000.jpg	https://codec-corpus.r2.imazen.org/imazen-26-png-v3/1200-lilith-interiors/1215_interiors_living-room-interior_square-du-temple-elie-wiesel-paris_s23u_iso25-f1p7_20240429-114925_4000x3000.sdr.png	https://codec-corpus.r2.imazen.org/imazen-26-png-v3/1200-lilith-interiors/1215_interiors_living-room-interior_square-du-temple-elie-wiesel-paris_s23u_iso25-f1p7_20240429-114925_3000x4000.sdr.png	
1216	1200-lilith-interiors/1216_interiors_ornate-standing-mirror_square-du-temple-elie-wiesel-paris_s23u_iso200-f1p7_20240429-114934-1_4000x3000.jpg	https://codec-corpus.r2.imazen.org/imazen-26-png-v3/1200-lilith-interiors/1216_interiors_ornate-standing-mirror_square-du-temple-elie-wiesel-paris_s23u_iso200-f1p7_20240429-114934-1_4000x3000.sdr.png	https://codec-corpus.r2.imazen.org/imazen-26-png-v3/1200-lilith-interiors/1216_interiors_ornate-standing-mirror_square-du-temple-elie-wiesel-paris_s23u_iso200-f1p7_20240429-114934-1_3000x4000.sdr.png	
1217	1200-lilith-interiors/1217_interiors_modern-lounge-seating-area_s23u_iso640-f1p7_20240429-231830_4000x3000.jpg	https://codec-corpus.r2.imazen.org/imazen-26-png-v3/1200-lilith-interiors/1217_interiors_modern-lounge-seating-area_s23u_iso640-f1p7_20240429-231830_4000x3000.sdr.png	https://codec-corpus.r2.imazen.org/imazen-26-png-v3/1200-lilith-interiors/1217_interiors_modern-lounge-seating-area_s23u_iso640-f1p7_20240429-231830_3000x4000.sdr.png	
1219	1200-lilith-interiors/1219_interiors_kitchen-dining-area_las-5-calles-valladolid_s23u_iso160-f1p7_20240529-081209_4000x3000.jpg	https://codec-corpus.r2.imazen.org/imazen-26-png-v3/1200-lilith-interiors/1219_interiors_kitchen-dining-area_las-5-calles-valladolid_s23u_iso160-f1p7_20240529-081209_4000x3000.sdr.png	https://codec-corpus.r2.imazen.org/imazen-26-png-v3/1200-lilith-interiors/1219_interiors_kitchen-dining-area_las-5-calles-valladolid_s23u_iso160-f1p7_20240529-081209_3000x4000.sdr.png	
1220	1200-lilith-interiors/1220_interiors_tree-covered-walkway_azulik-city-arts-francisco-uh-may_s23u_iso400-f2p2_20240601-153248_4000x3000.jpg	https://codec-corpus.r2.imazen.org/imazen-26-png-v3/1200-lilith-interiors/1220_interiors_tree-covered-walkway_azulik-city-arts-francisco-uh-may_s23u_iso400-f2p2_20240601-153248_4000x3000.sdr.png	https://codec-corpus.r2.imazen.org/imazen-26-png-v3/1200-lilith-interiors/1220_interiors_tree-covered-walkway_azulik-city-arts-francisco-uh-may_s23u_iso400-f2p2_20240601-153248_3000x4000.sdr.png	
1221	1200-lilith-interiors/1221_interiors_hotel-room-bed_hilton-waikiki-beach-east-honolulu_s23u_iso100-f1p7_20241107-134702_4000x3000.jpg	https://codec-corpus.r2.imazen.org/imazen-26-png-v3/1200-lilith-interiors/1221_interiors_hotel-room-bed_hilton-waikiki-beach-east-honolulu_s23u_iso100-f1p7_20241107-134702_4000x3000.sdr.png	https://codec-corpus.r2.imazen.org/imazen-26-png-v3/1200-lilith-interiors/1221_interiors_hotel-room-bed_hilton-waikiki-beach-east-honolulu_s23u_iso100-f1p7_20241107-134702_3000x4000.sdr.png	
1225	1200-lilith-interiors/1225_interiors_kitchen-appliances-overhead_minamiizu-japan_s23u_iso200-f1p7_20250307-112014_4000x3000.jpg	https://codec-corpus.r2.imazen.org/imazen-26-png-v3/1200-lilith-interiors/1225_interiors_kitchen-appliances-overhead_minamiizu-japan_s23u_iso200-f1p7_20250307-112014_4000x3000.sdr.png	https://codec-corpus.r2.imazen.org/imazen-26-png-v3/1200-lilith-interiors/1225_interiors_kitchen-appliances-overhead_minamiizu-japan_s23u_iso200-f1p7_20250307-112014_3000x4000.sdr.png	
1227	1200-lilith-interiors/1227_interiors_stained-glass-window_casa-batllo-barcelona_zfold7_iso1600-f1p7_20260315-205230_4000x3000.jpg	https://codec-corpus.r2.imazen.org/imazen-26-png-v3/1200-lilith-interiors/1227_interiors_stained-glass-window_casa-batllo-barcelona_zfold7_iso1600-f1p7_20260315-205230_4000x3000.sdr.png	https://codec-corpus.r2.imazen.org/imazen-26-png-v3/1200-lilith-interiors/1227_interiors_stained-glass-window_casa-batllo-barcelona_zfold7_iso1600-f1p7_20260315-205230_3000x4000.sdr.png	https://codec-corpus.r2.imazen.org/imazen-26-png-v3/1200-lilith-interiors/1227_interiors_stained-glass-window_casa-batllo-barcelona_zfold7_iso1600-f1p7_20260315-205230_3000x4000.hdr.png
1229	1200-lilith-interiors/1229_interiors_lighted-archway-ceiling_casa-batllo-barcelona_zfold7_iso1250-f1p7_20260315-210321_4000x3000.jpg	https://codec-corpus.r2.imazen.org/imazen-26-png-v3/1200-lilith-interiors/1229_interiors_lighted-archway-ceiling_casa-batllo-barcelona_zfold7_iso1250-f1p7_20260315-210321_4000x3000.sdr.png	https://codec-corpus.r2.imazen.org/imazen-26-png-v3/1200-lilith-interiors/1229_interiors_lighted-archway-ceiling_casa-batllo-barcelona_zfold7_iso1250-f1p7_20260315-210321_3000x4000.sdr.png	https://codec-corpus.r2.imazen.org/imazen-26-png-v3/1200-lilith-interiors/1229_interiors_lighted-archway-ceiling_casa-batllo-barcelona_zfold7_iso1250-f1p7_20260315-210321_3000x4000.hdr.png
1230	1200-lilith-interiors/1230_interiors_empty-tiled-pool_casa-batllo-barcelona_zfold7_iso640-f1p7_20260315-210432_4000x3000.jpg	https://codec-corpus.r2.imazen.org/imazen-26-png-v3/1200-lilith-interiors/1230_interiors_empty-tiled-pool_casa-batllo-barcelona_zfold7_iso640-f1p7_20260315-210432_4000x3000.sdr.png	https://codec-corpus.r2.imazen.org/imazen-26-png-v3/1200-lilith-interiors/1230_interiors_empty-tiled-pool_casa-batllo-barcelona_zfold7_iso640-f1p7_20260315-210432_3000x4000.sdr.png	https://codec-corpus.r2.imazen.org/imazen-26-png-v3/1200-lilith-interiors/1230_interiors_empty-tiled-pool_casa-batllo-barcelona_zfold7_iso640-f1p7_20260315-210432_3000x4000.hdr.png
1232	1200-lilith-interiors/1232_interiors_stained-glass-windows_sagrada-familia-barcelona_zfold7_iso400-f1p7_20260317-144409_4000x3000.jpg	https://codec-corpus.r2.imazen.org/imazen-26-png-v3/1200-lilith-interiors/1232_interiors_stained-glass-windows_sagrada-familia-barcelona_zfold7_iso400-f1p7_20260317-144409_4000x3000.sdr.png	https://codec-corpus.r2.imazen.org/imazen-26-png-v3/1200-lilith-interiors/1232_interiors_stained-glass-windows_sagrada-familia-barcelona_zfold7_iso400-f1p7_20260317-144409_3000x4000.sdr.png	https://codec-corpus.r2.imazen.org/imazen-26-png-v3/1200-lilith-interiors/1232_interiors_stained-glass-windows_sagrada-familia-barcelona_zfold7_iso400-f1p7_20260317-144409_3000x4000.hdr.png
1234	1200-lilith-interiors/1234_interiors_cathedral-ceiling-columns_sagrada-familia-barcelona_zfold7_iso400-f1p7_20260317-154023_4000x3000.jpg	https://codec-corpus.r2.imazen.org/imazen-26-png-v3/1200-lilith-interiors/1234_interiors_cathedral-ceiling-columns_sagrada-familia-barcelona_zfold7_iso400-f1p7_20260317-154023_4000x3000.sdr.png	https://codec-corpus.r2.imazen.org/imazen-26-png-v3/1200-lilith-interiors/1234_interiors_cathedral-ceiling-columns_sagrada-familia-barcelona_zfold7_iso400-f1p7_20260317-154023_3000x4000.sdr.png	https://codec-corpus.r2.imazen.org/imazen-26-png-v3/1200-lilith-interiors/1234_interiors_cathedral-ceiling-columns_sagrada-familia-barcelona_zfold7_iso400-f1p7_20260317-154023_3000x4000.hdr.png
1235	1200-lilith-interiors/1235_interiors_floral-wall-mural_casa-vicens-barcelona_zfold7_iso1600-f1p7_20260319-165522_4000x3000.jpg	https://codec-corpus.r2.imazen.org/imazen-26-png-v3/1200-lilith-interiors/1235_interiors_floral-wall-mural_casa-vicens-barcelona_zfold7_iso1600-f1p7_20260319-165522_4000x3000.sdr.png	https://codec-corpus.r2.imazen.org/imazen-26-png-v3/1200-lilith-interiors/1235_interiors_floral-wall-mural_casa-vicens-barcelona_zfold7_iso1600-f1p7_20260319-165522_3000x4000.sdr.png	https://codec-corpus.r2.imazen.org/imazen-26-png-v3/1200-lilith-interiors/1235_interiors_floral-wall-mural_casa-vicens-barcelona_zfold7_iso1600-f1p7_20260319-165522_3000x4000.hdr.png
1236	1200-lilith-interiors/1236_interiors_ornate-arched-interior_casa-vicens-barcelona_zfold7_iso400-f2p2_20260319-165702_4000x3000.jpg	https://codec-corpus.r2.imazen.org/imazen-26-png-v3/1200-lilith-interiors/1236_interiors_ornate-arched-interior_casa-vicens-barcelona_zfold7_iso400-f2p2_20260319-165702_4000x3000.sdr.png	https://codec-corpus.r2.imazen.org/imazen-26-png-v3/1200-lilith-interiors/1236_interiors_ornate-arched-interior_casa-vicens-barcelona_zfold7_iso400-f2p2_20260319-165702_3000x4000.sdr.png	https://codec-corpus.r2.imazen.org/imazen-26-png-v3/1200-lilith-interiors/1236_interiors_ornate-arched-interior_casa-vicens-barcelona_zfold7_iso400-f2p2_20260319-165702_3000x4000.hdr.png
1237	1200-lilith-interiors/1237_interiors_person-standing-by-window_casa-vicens-barcelona_zfold7_iso800-f2p2_20260319-170017_4000x3000.jpg	https://codec-corpus.r2.imazen.org/imazen-26-png-v3/1200-lilith-interiors/1237_interiors_person-standing-by-window_casa-vicens-barcelona_zfold7_iso800-f2p2_20260319-170017_4000x3000.sdr.png	https://codec-corpus.r2.imazen.org/imazen-26-png-v3/1200-lilith-interiors/1237_interiors_person-standing-by-window_casa-vicens-barcelona_zfold7_iso800-f2p2_20260319-170017_3000x4000.sdr.png	https://codec-corpus.r2.imazen.org/imazen-26-png-v3/1200-lilith-interiors/1237_interiors_person-standing-by-window_casa-vicens-barcelona_zfold7_iso800-f2p2_20260319-170017_3000x4000.hdr.png
1238	1200-lilith-interiors/1238_interiors_open-doorway-interior_casa-vicens-barcelona_zfold7_iso250-f2p2_20260319-170237_4000x3000.jpg	https://codec-corpus.r2.imazen.org/imazen-26-png-v3/1200-lilith-interiors/1238_interiors_open-doorway-interior_casa-vicens-barcelona_zfold7_iso250-f2p2_20260319-170237_4000x3000.sdr.png	https://codec-corpus.r2.imazen.org/imazen-26-png-v3/1200-lilith-interiors/1238_interiors_open-doorway-interior_casa-vicens-barcelona_zfold7_iso250-f2p2_20260319-170237_3000x4000.sdr.png	https://codec-corpus.r2.imazen.org/imazen-26-png-v3/1200-lilith-interiors/1238_interiors_open-doorway-interior_casa-vicens-barcelona_zfold7_iso250-f2p2_20260319-170237_3000x4000.hdr.png
1240	1200-lilith-interiors/1240_interiors_bathroom-with-bathtub_casa-vicens-barcelona_zfold7_iso1000-f2p2_20260319-170336_4000x3000.jpg	https://codec-corpus.r2.imazen.org/imazen-26-png-v3/1200-lilith-interiors/1240_interiors_bathroom-with-bathtub_casa-vicens-barcelona_zfold7_iso1000-f2p2_20260319-170336_4000x3000.sdr.png	https://codec-corpus.r2.imazen.org/imazen-26-png-v3/1200-lilith-interiors/1240_interiors_bathroom-with-bathtub_casa-vicens-barcelona_zfold7_iso1000-f2p2_20260319-170336_3000x4000.sdr.png	https://codec-corpus.r2.imazen.org/imazen-26-png-v3/1200-lilith-interiors/1240_interiors_bathroom-with-bathtub_casa-vicens-barcelona_zfold7_iso1000-f2p2_20260319-170336_3000x4000.hdr.png
1241	1200-lilith-interiors/1241_interiors_living-room-sofa_la-pedrera-barcelona_zfold7_iso1000-f1p7_20260319-183640_4000x3000.jpg	https://codec-corpus.r2.imazen.org/imazen-26-png-v3/1200-lilith-interiors/1241_interiors_living-room-sofa_la-pedrera-barcelona_zfold7_iso1000-f1p7_20260319-183640_4000x3000.sdr.png	https://codec-corpus.r2.imazen.org/imazen-26-png-v3/1200-lilith-interiors/1241_interiors_living-room-sofa_la-pedrera-barcelona_zfold7_iso1000-f1p7_20260319-183640_3000x4000.sdr.png	https://codec-corpus.r2.imazen.org/imazen-26-png-v3/1200-lilith-interiors/1241_interiors_living-room-sofa_la-pedrera-barcelona_zfold7_iso1000-f1p7_20260319-183640_3000x4000.hdr.png
1242	1200-lilith-interiors/1242_interiors_storage-room-clutter_la-pedrera-barcelona_zfold7_iso640-f2p2_20260319-183704_4000x3000.jpg	https://codec-corpus.r2.imazen.org/imazen-26-png-v3/1200-lilith-interiors/1242_interiors_storage-room-clutter_la-pedrera-barcelona_zfold7_iso640-f2p2_20260319-183704_4000x3000.sdr.png	https://codec-corpus.r2.imazen.org/imazen-26-png-v3/1200-lilith-interiors/1242_interiors_storage-room-clutter_la-pedrera-barcelona_zfold7_iso640-f2p2_20260319-183704_3000x4000.sdr.png	https://codec-corpus.r2.imazen.org/imazen-26-png-v3/1200-lilith-interiors/1242_interiors_storage-room-clutter_la-pedrera-barcelona_zfold7_iso640-f2p2_20260319-183704_3000x4000.hdr.png
1243	1200-lilith-interiors/1243_interiors_vintage-living-room_la-pedrera-barcelona_zfold7_iso400-f2p2_20260319-183921_4000x3000.jpg	https://codec-corpus.r2.imazen.org/imazen-26-png-v3/1200-lilith-interiors/1243_interiors_vintage-living-room_la-pedrera-barcelona_zfold7_iso400-f2p2_20260319-183921_4000x3000.sdr.png	https://codec-corpus.r2.imazen.org/imazen-26-png-v3/1200-lilith-interiors/1243_interiors_vintage-living-room_la-pedrera-barcelona_zfold7_iso400-f2p2_20260319-183921_3000x4000.sdr.png	https://codec-corpus.r2.imazen.org/imazen-26-png-v3/1200-lilith-interiors/1243_interiors_vintage-living-room_la-pedrera-barcelona_zfold7_iso400-f2p2_20260319-183921_3000x4000.hdr.png
1244	1200-lilith-interiors/1244_interiors_painted-ceiling-columns_la-pedrera-barcelona_zfold7_iso800-f1p7_20260319-194130_4000x3000.jpg	https://codec-corpus.r2.imazen.org/imazen-26-png-v3/1200-lilith-interiors/1244_interiors_painted-ceiling-columns_la-pedrera-barcelona_zfold7_iso800-f1p7_20260319-194130_4000x3000.sdr.png	https://codec-corpus.r2.imazen.org/imazen-26-png-v3/1200-lilith-interiors/1244_interiors_painted-ceiling-columns_la-pedrera-barcelona_zfold7_iso800-f1p7_20260319-194130_3000x4000.sdr.png	https://codec-corpus.r2.imazen.org/imazen-26-png-v3/1200-lilith-interiors/1244_interiors_painted-ceiling-columns_la-pedrera-barcelona_zfold7_iso800-f1p7_20260319-194130_3000x4000.hdr.png
1417	1400-lilith-nature/1417_nature_person-snowboarding-downhill_colorado_s21u_iso50-f2p2_20230129-121215_4000x3000.jpg	https://codec-corpus.r2.imazen.org/imazen-26-png-v3/1400-lilith-nature/1417_nature_person-snowboarding-downhill_colorado_s21u_iso50-f2p2_20230129-121215_4000x3000.sdr.png	https://codec-corpus.r2.imazen.org/imazen-26-png-v3/1400-lilith-nature/1417_nature_person-snowboarding-downhill_colorado_s21u_iso50-f2p2_20230129-121215_3000x4000.sdr.png	
1418	1400-lilith-nature/1418_nature_pink-flower-bush_colorado_s23u_iso50-f2p4_20230627-154802_4000x3000.jpg	https://codec-corpus.r2.imazen.org/imazen-26-png-v3/1400-lilith-nature/1418_nature_pink-flower-bush_colorado_s23u_iso50-f2p4_20230627-154802_4000x3000.sdr.png	https://codec-corpus.r2.imazen.org/imazen-26-png-v3/1400-lilith-nature/1418_nature_pink-flower-bush_colorado_s23u_iso50-f2p4_20230627-154802_3000x4000.sdr.png	
1419	1400-lilith-nature/1419_nature_red-flower-leaves_shinjuku-gyoen-national-garden-shinjuku_s23u_iso50-f4p9_20230702-113738_4000x3000.jpg	https://codec-corpus.r2.imazen.org/imazen-26-png-v3/1400-lilith-nature/1419_nature_red-flower-leaves_shinjuku-gyoen-national-garden-shinjuku_s23u_iso50-f4p9_20230702-113738_4000x3000.sdr.png	https://codec-corpus.r2.imazen.org/imazen-26-png-v3/1400-lilith-nature/1419_nature_red-flower-leaves_shinjuku-gyoen-national-garden-shinjuku_s23u_iso50-f4p9_20230702-113738_3000x4000.sdr.png	
1420	1400-lilith-nature/1420_nature_red-flower-plant_shinjuku-gyoen-national-garden-shinjuku_s23u_iso200-f4p9_20230702-113825_4000x3000.jpg	https://codec-corpus.r2.imazen.org/imazen-26-png-v3/1400-lilith-nature/1420_nature_red-flower-plant_shinjuku-gyoen-national-garden-shinjuku_s23u_iso200-f4p9_20230702-113825_4000x3000.sdr.png	https://codec-corpus.r2.imazen.org/imazen-26-png-v3/1400-lilith-nature/1420_nature_red-flower-plant_shinjuku-gyoen-national-garden-shinjuku_s23u_iso200-f4p9_20230702-113825_3000x4000.sdr.png	
1421	1400-lilith-nature/1421_nature_potted-orchids-table_shinjuku-gyoen-national-garden-shinjuku_s23u_iso16-f1p7_20230702-114223_4000x3000.jpg	https://codec-corpus.r2.imazen.org/imazen-26-png-v3/1400-lilith-nature/1421_nature_potted-orchids-table_shinjuku-gyoen-national-garden-shinjuku_s23u_iso16-f1p7_20230702-114223_4000x3000.sdr.png	https://codec-corpus.r2.imazen.org/imazen-26-png-v3/1400-lilith-nature/1421_nature_potted-orchids-table_shinjuku-gyoen-national-garden-shinjuku_s23u_iso16-f1p7_20230702-114223_3000x4000.sdr.png	
1422	1400-lilith-nature/1422_nature_pink-orchid-flowers_s23u_iso125-f4p9_20230704-122020_4000x3000.jpg	https://codec-corpus.r2.imazen.org/imazen-26-png-v3/1400-lilith-nature/1422_nature_pink-orchid-flowers_s23u_iso125-f4p9_20230704-122020_4000x3000.sdr.png	https://codec-corpus.r2.imazen.org/imazen-26-png-v3/1400-lilith-nature/1422_nature_pink-orchid-flowers_s23u_iso125-f4p9_20230704-122020_3000x4000.sdr.png	
1423	1400-lilith-nature/1423_nature_stone-steps-garden_ninna-temple-kyoto_s23u_iso50-f1p7_20230710-141257_4000x3000.jpg	https://codec-corpus.r2.imazen.org/imazen-26-png-v3/1400-lilith-nature/1423_nature_stone-steps-garden_ninna-temple-kyoto_s23u_iso50-f1p7_20230710-141257_4000x3000.sdr.png	https://codec-corpus.r2.imazen.org/imazen-26-png-v3/1400-lilith-nature/1423_nature_stone-steps-garden_ninna-temple-kyoto_s23u_iso50-f1p7_20230710-141257_3000x4000.sdr.png	
1424	1400-lilith-nature/1424_nature_orchid-on-tree-bark_fraccionamiento-jardines-de-oriente-valladolid-m_s23u_iso125-f2p4_20230918-110655_4000x3000.jpg	https://codec-corpus.r2.imazen.org/imazen-26-png-v3/1400-lilith-nature/1424_nature_orchid-on-tree-bark_fraccionamiento-jardines-de-oriente-valladolid-m_s23u_iso125-f2p4_20230918-110655_4000x3000.sdr.png	https://codec-corpus.r2.imazen.org/imazen-26-png-v3/1400-lilith-nature/1424_nature_orchid-on-tree-bark_fraccionamiento-jardines-de-oriente-valladolid-m_s23u_iso125-f2p4_20230918-110655_3000x4000.sdr.png	
1425	1400-lilith-nature/1425_nature_cloudy-sky_fujikawaguchiko-japan_s23u_iso50-f4p9_20231101-072553_4000x3000.jpg	https://codec-corpus.r2.imazen.org/imazen-26-png-v3/1400-lilith-nature/1425_nature_cloudy-sky_fujikawaguchiko-japan_s23u_iso50-f4p9_20231101-072553_4000x3000.sdr.png	https://codec-corpus.r2.imazen.org/imazen-26-png-v3/1400-lilith-nature/1425_nature_cloudy-sky_fujikawaguchiko-japan_s23u_iso50-f4p9_20231101-072553_3000x4000.sdr.png	
1426	1400-lilith-nature/1426_nature_mountain-over-lake_kawaguchiko-music-forest-fujikawaguchiko_s23u_iso50-f2p4_20231101-103646_4000x3000.jpg	https://codec-corpus.r2.imazen.org/imazen-26-png-v3/1400-lilith-nature/1426_nature_mountain-over-lake_kawaguchiko-music-forest-fujikawaguchiko_s23u_iso50-f2p4_20231101-103646_4000x3000.sdr.png	https://codec-corpus.r2.imazen.org/imazen-26-png-v3/1400-lilith-nature/1426_nature_mountain-over-lake_kawaguchiko-music-forest-fujikawaguchiko_s23u_iso50-f2p4_20231101-103646_3000x4000.sdr.png	
1427	1400-lilith-nature/1427_nature_bee-on-pink-flower_monument-inochi-kyoto_s23u_iso64-f4p9_20231107-111746_4000x3000.heic	https://codec-corpus.r2.imazen.org/imazen-26-png-v3/1400-lilith-nature/1427_nature_bee-on-pink-flower_monument-inochi-kyoto_s23u_iso64-f4p9_20231107-111746_4000x3000.sdr.png	https://codec-corpus.r2.imazen.org/imazen-26-png-v3/1400-lilith-nature/1427_nature_bee-on-pink-flower_monument-inochi-kyoto_s23u_iso64-f4p9_20231107-111746_3000x4000.sdr.png	
1428	1400-lilith-nature/1428_nature_red-flower-cluster_shimogamo-hangicho-kyoto-japan_s23u_iso50-f4p9_20231107-135711_4000x3000.heic	https://codec-corpus.r2.imazen.org/imazen-26-png-v3/1400-lilith-nature/1428_nature_red-flower-cluster_shimogamo-hangicho-kyoto-japan_s23u_iso50-f4p9_20231107-135711_4000x3000.sdr.png	https://codec-corpus.r2.imazen.org/imazen-26-png-v3/1400-lilith-nature/1428_nature_red-flower-cluster_shimogamo-hangicho-kyoto-japan_s23u_iso50-f4p9_20231107-135711_3000x4000.sdr.png	
1429	1400-lilith-nature/1429_nature_red-rose-flower_kyoto-botanical-garden-kyoto_s23u_iso50-f2p4_20231107-140027_4000x3000.heic	https://codec-corpus.r2.imazen.org/imazen-26-png-v3/1400-lilith-nature/1429_nature_red-rose-flower_kyoto-botanical-garden-kyoto_s23u_iso50-f2p4_20231107-140027_4000x3000.sdr.png	https://codec-corpus.r2.imazen.org/imazen-26-png-v3/1400-lilith-nature/1429_nature_red-rose-flower_kyoto-botanical-garden-kyoto_s23u_iso50-f2p4_20231107-140027_3000x4000.sdr.png	
1430	1400-lilith-nature/1430_nature_pink-rose-flower_kyoto-botanical-garden-kyoto_s23u_iso10-f1p7_20231107-140117_4000x3000.heic	https://codec-corpus.r2.imazen.org/imazen-26-png-v3/1400-lilith-nature/1430_nature_pink-rose-flower_kyoto-botanical-garden-kyoto_s23u_iso10-f1p7_20231107-140117_4000x3000.sdr.png	https://codec-corpus.r2.imazen.org/imazen-26-png-v3/1400-lilith-nature/1430_nature_pink-rose-flower_kyoto-botanical-garden-kyoto_s23u_iso10-f1p7_20231107-140117_3000x4000.sdr.png	
1431	1400-lilith-nature/1431_nature_pink-rose-flower_kyoto-botanical-garden-kyoto_s23u_iso50-f4p9_20231107-140207_4000x3000.heic	https://codec-corpus.r2.imazen.org/imazen-26-png-v3/1400-lilith-nature/1431_nature_pink-rose-flower_kyoto-botanical-garden-kyoto_s23u_iso50-f4p9_20231107-140207_4000x3000.sdr.png	https://codec-corpus.r2.imazen.org/imazen-26-png-v3/1400-lilith-nature/1431_nature_pink-rose-flower_kyoto-botanical-garden-kyoto_s23u_iso50-f4p9_20231107-140207_3000x4000.sdr.png	
1432	1400-lilith-nature/1432_nature_pink-rose-flower_kyoto-botanical-garden-kyoto_s23u_iso50-f2p4_20231107-140705_4000x3000.jpg	https://codec-corpus.r2.imazen.org/imazen-26-png-v3/1400-lilith-nature/1432_nature_pink-rose-flower_kyoto-botanical-garden-kyoto_s23u_iso50-f2p4_20231107-140705_4000x3000.sdr.png	https://codec-corpus.r2.imazen.org/imazen-26-png-v3/1400-lilith-nature/1432_nature_pink-rose-flower_kyoto-botanical-garden-kyoto_s23u_iso50-f2p4_20231107-140705_3000x4000.sdr.png	
1433	1400-lilith-nature/1433_nature_purple-water-lily_kyoto-botanical-garden-kyoto_s23u_iso80-f4p9_20231107-142537_4000x3000.heic	https://codec-corpus.r2.imazen.org/imazen-26-png-v3/1400-lilith-nature/1433_nature_purple-water-lily_kyoto-botanical-garden-kyoto_s23u_iso80-f4p9_20231107-142537_4000x3000.sdr.png	https://codec-corpus.r2.imazen.org/imazen-26-png-v3/1400-lilith-nature/1433_nature_purple-water-lily_kyoto-botanical-garden-kyoto_s23u_iso80-f4p9_20231107-142537_3000x4000.sdr.png	
1434	1400-lilith-nature/1434_nature_purple-water-lily_kyoto-botanical-garden-kyoto_s23u_iso80-f2p4_20231107-142619_4000x3000.heic	https://codec-corpus.r2.imazen.org/imazen-26-png-v3/1400-lilith-nature/1434_nature_purple-water-lily_kyoto-botanical-garden-kyoto_s23u_iso80-f2p4_20231107-142619_4000x3000.sdr.png	https://codec-corpus.r2.imazen.org/imazen-26-png-v3/1400-lilith-nature/1434_nature_purple-water-lily_kyoto-botanical-garden-kyoto_s23u_iso80-f2p4_20231107-142619_3000x4000.sdr.png	
1435	1400-lilith-nature/1435_nature_pandanus-fruit-closeup_kyoto-botanical-garden-kyoto_s23u_iso250-f2p4_20231107-142912_4000x3000.heic	https://codec-corpus.r2.imazen.org/imazen-26-png-v3/1400-lilith-nature/1435_nature_pandanus-fruit-closeup_kyoto-botanical-garden-kyoto_s23u_iso250-f2p4_20231107-142912_4000x3000.sdr.png	https://codec-corpus.r2.imazen.org/imazen-26-png-v3/1400-lilith-nature/1435_nature_pandanus-fruit-closeup_kyoto-botanical-garden-kyoto_s23u_iso250-f2p4_20231107-142912_3000x4000.sdr.png	
1436	1400-lilith-nature/1436_nature_red-flower-cluster_kyoto-botanical-garden-kyoto_s23u_iso160-f2p4_20231107-143500_4000x3000.heic	https://codec-corpus.r2.imazen.org/imazen-26-png-v3/1400-lilith-nature/1436_nature_red-flower-cluster_kyoto-botanical-garden-kyoto_s23u_iso160-f2p4_20231107-143500_4000x3000.sdr.png	https://codec-corpus.r2.imazen.org/imazen-26-png-v3/1400-lilith-nature/1436_nature_red-flower-cluster_kyoto-botanical-garden-kyoto_s23u_iso160-f2p4_20231107-143500_3000x4000.sdr.png	
1437	1400-lilith-nature/1437_nature_potted-orchid-closeup_kyoto-botanical-garden-kyoto_s23u_iso100-f4p9_20231107-143832_4000x3000.heic	https://codec-corpus.r2.imazen.org/imazen-26-png-v3/1400-lilith-nature/1437_nature_potted-orchid-closeup_kyoto-botanical-garden-kyoto_s23u_iso100-f4p9_20231107-143832_4000x3000.sdr.png	https://codec-corpus.r2.imazen.org/imazen-26-png-v3/1400-lilith-nature/1437_nature_potted-orchid-closeup_kyoto-botanical-garden-kyoto_s23u_iso100-f4p9_20231107-143832_3000x4000.sdr.png	
1438	1400-lilith-nature/1438_nature_orange-flowers-closeup_kyoto-botanical-garden-kyoto_s23u_iso200-f4p9_20231107-143950_4000x3000.heic	https://codec-corpus.r2.imazen.org/imazen-26-png-v3/1400-lilith-nature/1438_nature_orange-flowers-closeup_kyoto-botanical-garden-kyoto_s23u_iso200-f4p9_20231107-143950_4000x3000.sdr.png	https://codec-corpus.r2.imazen.org/imazen-26-png-v3/1400-lilith-nature/1438_nature_orange-flowers-closeup_kyoto-botanical-garden-kyoto_s23u_iso200-f4p9_20231107-143950_3000x4000.sdr.png	
1439	1400-lilith-nature/1439_nature_potted-purple-orchid_kyoto-botanical-garden-kyoto_s23u_iso200-f2p4_20231107-145307_4000x3000.heic	https://codec-corpus.r2.imazen.org/imazen-26-png-v3/1400-lilith-nature/1439_nature_potted-purple-orchid_kyoto-botanical-garden-kyoto_s23u_iso200-f2p4_20231107-145307_4000x3000.sdr.png	https://codec-corpus.r2.imazen.org/imazen-26-png-v3/1400-lilith-nature/1439_nature_potted-purple-orchid_kyoto-botanical-garden-kyoto_s23u_iso200-f2p4_20231107-145307_3000x4000.sdr.png	
1440	1400-lilith-nature/1440_nature_monkeys-on-tree-branch_monkey-park-iwatayama-kyoto_s23u_iso50-f4p9_20231108-134707_4000x3000.heic	https://codec-corpus.r2.imazen.org/imazen-26-png-v3/1400-lilith-nature/1440_nature_monkeys-on-tree-branch_monkey-park-iwatayama-kyoto_s23u_iso50-f4p9_20231108-134707_4000x3000.sdr.png	https://codec-corpus.r2.imazen.org/imazen-26-png-v3/1400-lilith-nature/1440_nature_monkeys-on-tree-branch_monkey-park-iwatayama-kyoto_s23u_iso50-f4p9_20231108-134707_3000x4000.sdr.png	
1443	1400-lilith-nature/1443_nature_northern-lights-over-mountains_oskjuhlid-reykjavik_s23u_iso800-f1p7_20231205-111212_4000x3000.heic	https://codec-corpus.r2.imazen.org/imazen-26-png-v3/1400-lilith-nature/1443_nature_northern-lights-over-mountains_oskjuhlid-reykjavik_s23u_iso800-f1p7_20231205-111212_4000x3000.sdr.png	https://codec-corpus.r2.imazen.org/imazen-26-png-v3/1400-lilith-nature/1443_nature_northern-lights-over-mountains_oskjuhlid-reykjavik_s23u_iso800-f1p7_20231205-111212_3000x4000.sdr.png	
1445	1400-lilith-nature/1445_nature_waterfall-on-cliff_rangarthing-eystra-iceland_s23u_iso320-f1p7_20231206-154234_4000x3000.jpg	https://codec-corpus.r2.imazen.org/imazen-26-png-v3/1400-lilith-nature/1445_nature_waterfall-on-cliff_rangarthing-eystra-iceland_s23u_iso320-f1p7_20231206-154234_4000x3000.sdr.png	https://codec-corpus.r2.imazen.org/imazen-26-png-v3/1400-lilith-nature/1445_nature_waterfall-on-cliff_rangarthing-eystra-iceland_s23u_iso320-f1p7_20231206-154234_3000x4000.sdr.png	
1447	1400-lilith-nature/1447_nature_glacier-ice-formations_hornafjordur-iceland_s23u_iso50-f1p7_20231207-114532_4000x1868.heic	https://codec-corpus.r2.imazen.org/imazen-26-png-v3/1400-lilith-nature/1447_nature_glacier-ice-formations_hornafjordur-iceland_s23u_iso50-f1p7_20231207-114532_4000x1868.sdr.png	https://codec-corpus.r2.imazen.org/imazen-26-png-v3/1400-lilith-nature/1447_nature_glacier-ice-formations_hornafjordur-iceland_s23u_iso50-f1p7_20231207-114532_1868x4000.sdr.png	
1448	1400-lilith-nature/1448_nature_snow-on-ice_hornafjordur-iceland_s23u_iso200-f1p7_20231207-115005_4000x1868.heic	https://codec-corpus.r2.imazen.org/imazen-26-png-v3/1400-lilith-nature/1448_nature_snow-on-ice_hornafjordur-iceland_s23u_iso200-f1p7_20231207-115005_4000x1868.sdr.png	https://codec-corpus.r2.imazen.org/imazen-26-png-v3/1400-lilith-nature/1448_nature_snow-on-ice_hornafjordur-iceland_s23u_iso200-f1p7_20231207-115005_1868x4000.sdr.png	
1452	1400-lilith-nature/1452_nature_ice-strewn-beach_diamond-beach-hornafjordur_s23u_iso1600-f1p7_20231207-161801_4000x1868.heic	https://codec-corpus.r2.imazen.org/imazen-26-png-v3/1400-lilith-nature/1452_nature_ice-strewn-beach_diamond-beach-hornafjordur_s23u_iso1600-f1p7_20231207-161801_4000x1868.sdr.png	https://codec-corpus.r2.imazen.org/imazen-26-png-v3/1400-lilith-nature/1452_nature_ice-strewn-beach_diamond-beach-hornafjordur_s23u_iso1600-f1p7_20231207-161801_1868x4000.sdr.png	
1453	1400-lilith-nature/1453_nature_basalt-column-cliff_reynisfjara-beach-myrdalshreppur_s23u_iso64-f1p7_20231209-113914_4000x3000.heic	https://codec-corpus.r2.imazen.org/imazen-26-png-v3/1400-lilith-nature/1453_nature_basalt-column-cliff_reynisfjara-beach-myrdalshreppur_s23u_iso64-f1p7_20231209-113914_4000x3000.sdr.png	https://codec-corpus.r2.imazen.org/imazen-26-png-v3/1400-lilith-nature/1453_nature_basalt-column-cliff_reynisfjara-beach-myrdalshreppur_s23u_iso64-f1p7_20231209-113914_3000x4000.sdr.png	
1456	1400-lilith-nature/1456_nature_frozen-waterfall-landscape_gullfoss-falls-blaskogabyggd_s23u_iso125-f2p4_20231209-152815_4000x3000.heic	https://codec-corpus.r2.imazen.org/imazen-26-png-v3/1400-lilith-nature/1456_nature_frozen-waterfall-landscape_gullfoss-falls-blaskogabyggd_s23u_iso125-f2p4_20231209-152815_4000x3000.sdr.png	https://codec-corpus.r2.imazen.org/imazen-26-png-v3/1400-lilith-nature/1456_nature_frozen-waterfall-landscape_gullfoss-falls-blaskogabyggd_s23u_iso125-f2p4_20231209-152815_3000x4000.sdr.png	
1457	1400-lilith-nature/1457_nature_rocky-coastal-landscape_thingvellir-exhibition-heart-iceland-blaskogabyggd_s23u_iso32-f1p7_20231210-113549_4000x3000.heic	https://codec-corpus.r2.imazen.org/imazen-26-png-v3/1400-lilith-nature/1457_nature_rocky-coastal-landscape_thingvellir-exhibition-heart-iceland-blaskogabyggd_s23u_iso32-f1p7_20231210-113549_4000x3000.sdr.png	https://codec-corpus.r2.imazen.org/imazen-26-png-v3/1400-lilith-nature/1457_nature_rocky-coastal-landscape_thingvellir-exhibition-heart-iceland-blaskogabyggd_s23u_iso32-f1p7_20231210-113549_3000x4000.sdr.png	
1459	1400-lilith-nature/1459_nature_person-on-snowy-slope_colorado_s23u_iso10-f1p7_20240103-131940-0_4000x3000.jpg	https://codec-corpus.r2.imazen.org/imazen-26-png-v3/1400-lilith-nature/1459_nature_person-on-snowy-slope_colorado_s23u_iso10-f1p7_20240103-131940-0_4000x3000.sdr.png	https://codec-corpus.r2.imazen.org/imazen-26-png-v3/1400-lilith-nature/1459_nature_person-on-snowy-slope_colorado_s23u_iso10-f1p7_20240103-131940-0_3000x4000.sdr.png	
1460	1400-lilith-nature/1460_nature_tropical-flower-cluster_cahuita-costa-rica_s23u_iso1000-f1p7_20240211-170302_4000x3000.jpg	https://codec-corpus.r2.imazen.org/imazen-26-png-v3/1400-lilith-nature/1460_nature_tropical-flower-cluster_cahuita-costa-rica_s23u_iso1000-f1p7_20240211-170302_4000x3000.sdr.png	https://codec-corpus.r2.imazen.org/imazen-26-png-v3/1400-lilith-nature/1460_nature_tropical-flower-cluster_cahuita-costa-rica_s23u_iso1000-f1p7_20240211-170302_3000x4000.sdr.png	
1461	1400-lilith-nature/1461_nature_aerial-coastline-clouds_iceland_s23u_iso10-f1p7_20240421-074547_4000x3000.jpg	https://codec-corpus.r2.imazen.org/imazen-26-png-v3/1400-lilith-nature/1461_nature_aerial-coastline-clouds_iceland_s23u_iso10-f1p7_20240421-074547_4000x3000.sdr.png	https://codec-corpus.r2.imazen.org/imazen-26-png-v3/1400-lilith-nature/1461_nature_aerial-coastline-clouds_iceland_s23u_iso10-f1p7_20240421-074547_3000x4000.sdr.png	
1462	1400-lilith-nature/1462_nature_clouds-from-above_iceland_s23u_iso10-f1p7_20240421-074801_4000x3000.jpg	https://codec-corpus.r2.imazen.org/imazen-26-png-v3/1400-lilith-nature/1462_nature_clouds-from-above_iceland_s23u_iso10-f1p7_20240421-074801_4000x3000.sdr.png	https://codec-corpus.r2.imazen.org/imazen-26-png-v3/1400-lilith-nature/1462_nature_clouds-from-above_iceland_s23u_iso10-f1p7_20240421-074801_3000x4000.sdr.png	
1463	1400-lilith-nature/1463_nature_wooden-bridge-over-river_temple-de-l-amour-versailles_s23u_iso10-f1p7_20240424-164457_4000x3000.jpg	https://codec-corpus.r2.imazen.org/imazen-26-png-v3/1400-lilith-nature/1463_nature_wooden-bridge-over-river_temple-de-l-amour-versailles_s23u_iso10-f1p7_20240424-164457_4000x3000.sdr.png	https://codec-corpus.r2.imazen.org/imazen-26-png-v3/1400-lilith-nature/1463_nature_wooden-bridge-over-river_temple-de-l-amour-versailles_s23u_iso10-f1p7_20240424-164457_3000x4000.sdr.png	
1464	1400-lilith-nature/1464_nature_flower-bed-by-pond_grotte-versailles_s23u_iso200-f4p9_20240424-182412_4000x3000.jpg	https://codec-corpus.r2.imazen.org/imazen-26-png-v3/1400-lilith-nature/1464_nature_flower-bed-by-pond_grotte-versailles_s23u_iso200-f4p9_20240424-182412_4000x3000.sdr.png	https://codec-corpus.r2.imazen.org/imazen-26-png-v3/1400-lilith-nature/1464_nature_flower-bed-by-pond_grotte-versailles_s23u_iso200-f4p9_20240424-182412_3000x4000.sdr.png	
1465	1400-lilith-nature/1465_nature_formal-garden-pathway_notre-dame-versailles-france_s23u_iso50-f2p4_20240424-183031_4000x3000.jpg	https://codec-corpus.r2.imazen.org/imazen-26-png-v3/1400-lilith-nature/1465_nature_formal-garden-pathway_notre-dame-versailles-france_s23u_iso50-f2p4_20240424-183031_4000x3000.sdr.png	https://codec-corpus.r2.imazen.org/imazen-26-png-v3/1400-lilith-nature/1465_nature_formal-garden-pathway_notre-dame-versailles-france_s23u_iso50-f2p4_20240424-183031_3000x4000.sdr.png	
1467	1400-lilith-nature/1467_nature_riverside-walkway-cliff_cenote-x-canche-ek-balam_s23u_iso10-f1p7_20240529-130630_4000x3000.jpg	https://codec-corpus.r2.imazen.org/imazen-26-png-v3/1400-lilith-nature/1467_nature_riverside-walkway-cliff_cenote-x-canche-ek-balam_s23u_iso10-f1p7_20240529-130630_4000x3000.sdr.png	https://codec-corpus.r2.imazen.org/imazen-26-png-v3/1400-lilith-nature/1467_nature_riverside-walkway-cliff_cenote-x-canche-ek-balam_s23u_iso10-f1p7_20240529-130630_3000x4000.sdr.png	
1468	1400-lilith-nature/1468_nature_sun-behind-clouds_phippsburg-maine_s23u_iso10-f1p7_20240913-140504_4000x3000.jpg	https://codec-corpus.r2.imazen.org/imazen-26-png-v3/1400-lilith-nature/1468_nature_sun-behind-clouds_phippsburg-maine_s23u_iso10-f1p7_20240913-140504_4000x3000.sdr.png	https://codec-corpus.r2.imazen.org/imazen-26-png-v3/1400-lilith-nature/1468_nature_sun-behind-clouds_phippsburg-maine_s23u_iso10-f1p7_20240913-140504_3000x4000.sdr.png	
1470	1400-lilith-nature/1470_nature_sunset-over-water_waikiki-east-honolulu-hawaii_s23u_iso50-f4p9_20241106-175105_4000x3000.jpg	https://codec-corpus.r2.imazen.org/imazen-26-png-v3/1400-lilith-nature/1470_nature_sunset-over-water_waikiki-east-honolulu-hawaii_s23u_iso50-f4p9_20241106-175105_4000x3000.sdr.png	https://codec-corpus.r2.imazen.org/imazen-26-png-v3/1400-lilith-nature/1470_nature_sunset-over-water_waikiki-east-honolulu-hawaii_s23u_iso50-f4p9_20241106-175105_3000x4000.sdr.png	
1473	1400-lilith-nature/1473_nature_orange-tree-branches_kawazu-japan_s23u_iso16-f1p7_20250305-153750_4000x3000.jpg	https://codec-corpus.r2.imazen.org/imazen-26-png-v3/1400-lilith-nature/1473_nature_orange-tree-branches_kawazu-japan_s23u_iso16-f1p7_20250305-153750_4000x3000.sdr.png	https://codec-corpus.r2.imazen.org/imazen-26-png-v3/1400-lilith-nature/1473_nature_orange-tree-branches_kawazu-japan_s23u_iso16-f1p7_20250305-153750_3000x4000.sdr.png	
1474	1400-lilith-nature/1474_nature_sunset-over-water_minamiizu-japan_s23u_iso50-f2p4_20250306-174348_4000x3000.jpg	https://codec-corpus.r2.imazen.org/imazen-26-png-v3/1400-lilith-nature/1474_nature_sunset-over-water_minamiizu-japan_s23u_iso50-f2p4_20250306-174348_4000x3000.sdr.png	https://codec-corpus.r2.imazen.org/imazen-26-png-v3/1400-lilith-nature/1474_nature_sunset-over-water_minamiizu-japan_s23u_iso50-f2p4_20250306-174348_3000x4000.sdr.png	
1476	1400-lilith-nature/1476_nature_ocean-sunset-horizon_minamiizu-japan_s23u_iso125-f4p9_20250306-174535_4000x3000.jpg	https://codec-corpus.r2.imazen.org/imazen-26-png-v3/1400-lilith-nature/1476_nature_ocean-sunset-horizon_minamiizu-japan_s23u_iso125-f4p9_20250306-174535_4000x3000.sdr.png	https://codec-corpus.r2.imazen.org/imazen-26-png-v3/1400-lilith-nature/1476_nature_ocean-sunset-horizon_minamiizu-japan_s23u_iso125-f4p9_20250306-174535_3000x4000.sdr.png	
1477	1400-lilith-nature/1477_nature_ocean-sunset-sky_minamiizu-japan_s23u_iso125-f4p9_20250306-174712_4000x3000.jpg	https://codec-corpus.r2.imazen.org/imazen-26-png-v3/1400-lilith-nature/1477_nature_ocean-sunset-sky_minamiizu-japan_s23u_iso125-f4p9_20250306-174712_4000x3000.sdr.png	https://codec-corpus.r2.imazen.org/imazen-26-png-v3/1400-lilith-nature/1477_nature_ocean-sunset-sky_minamiizu-japan_s23u_iso125-f4p9_20250306-174712_3000x4000.sdr.png	
1481	1400-lilith-nature/1481_nature_rock-arch-seascape_kumomi-matsuzaki-japan_s23u_iso50-f4p9_20250307-124034_4000x3000.jpg	https://codec-corpus.r2.imazen.org/imazen-26-png-v3/1400-lilith-nature/1481_nature_rock-arch-seascape_kumomi-matsuzaki-japan_s23u_iso50-f4p9_20250307-124034_4000x3000.sdr.png	https://codec-corpus.r2.imazen.org/imazen-26-png-v3/1400-lilith-nature/1481_nature_rock-arch-seascape_kumomi-matsuzaki-japan_s23u_iso50-f4p9_20250307-124034_3000x4000.sdr.png	
1482	1400-lilith-nature/1482_nature_snowcapped-mountain-landscape_iwachi-matsuzaki-japan_s23u_iso50-f4p9_20250307-131518_4000x3000.jpg	https://codec-corpus.r2.imazen.org/imazen-26-png-v3/1400-lilith-nature/1482_nature_snowcapped-mountain-landscape_iwachi-matsuzaki-japan_s23u_iso50-f4p9_20250307-131518_4000x3000.sdr.png	https://codec-corpus.r2.imazen.org/imazen-26-png-v3/1400-lilith-nature/1482_nature_snowcapped-mountain-landscape_iwachi-matsuzaki-japan_s23u_iso50-f4p9_20250307-131518_3000x4000.sdr.png	
1484	1400-lilith-nature/1484_nature_snowy-mountain-over-water_uchiura-koumi-numazu-japan_s23u_iso80-f4p9_20250307-173056_4000x3000.jpg	https://codec-corpus.r2.imazen.org/imazen-26-png-v3/1400-lilith-nature/1484_nature_snowy-mountain-over-water_uchiura-koumi-numazu-japan_s23u_iso80-f4p9_20250307-173056_4000x3000.sdr.png	https://codec-corpus.r2.imazen.org/imazen-26-png-v3/1400-lilith-nature/1484_nature_snowy-mountain-over-water_uchiura-koumi-numazu-japan_s23u_iso80-f4p9_20250307-173056_3000x4000.sdr.png	
1485	1400-lilith-nature/1485_nature_sea-urchin-underwater_uchiura-koumi-numazu-japan_s23u_iso400-f1p7_20250308-121144_4000x3000.jpg	https://codec-corpus.r2.imazen.org/imazen-26-png-v3/1400-lilith-nature/1485_nature_sea-urchin-underwater_uchiura-koumi-numazu-japan_s23u_iso400-f1p7_20250308-121144_4000x3000.sdr.png	https://codec-corpus.r2.imazen.org/imazen-26-png-v3/1400-lilith-nature/1485_nature_sea-urchin-underwater_uchiura-koumi-numazu-japan_s23u_iso400-f1p7_20250308-121144_3000x4000.sdr.png	
1486	1400-lilith-nature/1486_nature_steaming-red-hot-spring_miyuki-beppu-japan_s23u_iso10-f1p7_20250311-151632_4000x3000.jpg	https://codec-corpus.r2.imazen.org/imazen-26-png-v3/1400-lilith-nature/1486_nature_steaming-red-hot-spring_miyuki-beppu-japan_s23u_iso10-f1p7_20250311-151632_4000x3000.sdr.png	https://codec-corpus.r2.imazen.org/imazen-26-png-v3/1400-lilith-nature/1486_nature_steaming-red-hot-spring_miyuki-beppu-japan_s23u_iso10-f1p7_20250311-151632_3000x4000.sdr.png	
1487	1400-lilith-nature/1487_nature_glacier-over-water_kenai-peninsula-borough-alaska_s25u_iso40-f1p7_20250801-135016_4000x3000.jpg	https://codec-corpus.r2.imazen.org/imazen-26-png-v3/1400-lilith-nature/1487_nature_glacier-over-water_kenai-peninsula-borough-alaska_s25u_iso40-f1p7_20250801-135016_4000x3000.sdr.png	https://codec-corpus.r2.imazen.org/imazen-26-png-v3/1400-lilith-nature/1487_nature_glacier-over-water_kenai-peninsula-borough-alaska_s25u_iso40-f1p7_20250801-135016_3000x4000.sdr.png	https://codec-corpus.r2.imazen.org/imazen-26-png-v3/1400-lilith-nature/1487_nature_glacier-over-water_kenai-peninsula-borough-alaska_s25u_iso40-f1p7_20250801-135016_3000x4000.hdr.png
1488	1400-lilith-nature/1488_nature_iceberg-ocean-landscape_yakutat-alaska_s25u_iso80-f1p7_20250803-185104_4000x3000.jpg	https://codec-corpus.r2.imazen.org/imazen-26-png-v3/1400-lilith-nature/1488_nature_iceberg-ocean-landscape_yakutat-alaska_s25u_iso80-f1p7_20250803-185104_4000x3000.sdr.png	https://codec-corpus.r2.imazen.org/imazen-26-png-v3/1400-lilith-nature/1488_nature_iceberg-ocean-landscape_yakutat-alaska_s25u_iso80-f1p7_20250803-185104_3000x4000.sdr.png	https://codec-corpus.r2.imazen.org/imazen-26-png-v3/1400-lilith-nature/1488_nature_iceberg-ocean-landscape_yakutat-alaska_s25u_iso80-f1p7_20250803-185104_3000x4000.hdr.png
1489	1400-lilith-nature/1489_nature_cruise-ship-deck_unorganized-borough-alaska_s25u_iso125-f1p7_20250804-210918_4000x3000.jpg	https://codec-corpus.r2.imazen.org/imazen-26-png-v3/1400-lilith-nature/1489_nature_cruise-ship-deck_unorganized-borough-alaska_s25u_iso125-f1p7_20250804-210918_4000x3000.sdr.png	https://codec-corpus.r2.imazen.org/imazen-26-png-v3/1400-lilith-nature/1489_nature_cruise-ship-deck_unorganized-borough-alaska_s25u_iso125-f1p7_20250804-210918_3000x4000.sdr.png	https://codec-corpus.r2.imazen.org/imazen-26-png-v3/1400-lilith-nature/1489_nature_cruise-ship-deck_unorganized-borough-alaska_s25u_iso125-f1p7_20250804-210918_3000x4000.hdr.png
1490	1400-lilith-nature/1490_nature_boat-wake-at-sunset_unorganized-borough-alaska_s25u_iso200-f1p7_20250804-211018_4000x3000.jpg	https://codec-corpus.r2.imazen.org/imazen-26-png-v3/1400-lilith-nature/1490_nature_boat-wake-at-sunset_unorganized-borough-alaska_s25u_iso200-f1p7_20250804-211018_4000x3000.sdr.png	https://codec-corpus.r2.imazen.org/imazen-26-png-v3/1400-lilith-nature/1490_nature_boat-wake-at-sunset_unorganized-borough-alaska_s25u_iso200-f1p7_20250804-211018_3000x4000.sdr.png	https://codec-corpus.r2.imazen.org/imazen-26-png-v3/1400-lilith-nature/1490_nature_boat-wake-at-sunset_unorganized-borough-alaska_s25u_iso200-f1p7_20250804-211018_3000x4000.hdr.png
1491	1400-lilith-nature/1491_nature_ocean-sunset-clouds_unorganized-borough-alaska_s25u_iso100-f3p4_20250804-211059_4000x3000.jpg	https://codec-corpus.r2.imazen.org/imazen-26-png-v3/1400-lilith-nature/1491_nature_ocean-sunset-clouds_unorganized-borough-alaska_s25u_iso100-f3p4_20250804-211059_4000x3000.sdr.png	https://codec-corpus.r2.imazen.org/imazen-26-png-v3/1400-lilith-nature/1491_nature_ocean-sunset-clouds_unorganized-borough-alaska_s25u_iso100-f3p4_20250804-211059_3000x4000.sdr.png	https://codec-corpus.r2.imazen.org/imazen-26-png-v3/1400-lilith-nature/1491_nature_ocean-sunset-clouds_unorganized-borough-alaska_s25u_iso100-f3p4_20250804-211059_3000x4000.hdr.png
1492	1400-lilith-nature/1492_nature_mountain-lake-landscape_whitehorse-canada_s25u_iso64-f1p7_20250805-162506_4000x3000.jpg	https://codec-corpus.r2.imazen.org/imazen-26-png-v3/1400-lilith-nature/1492_nature_mountain-lake-landscape_whitehorse-canada_s25u_iso64-f1p7_20250805-162506_4000x3000.sdr.png	https://codec-corpus.r2.imazen.org/imazen-26-png-v3/1400-lilith-nature/1492_nature_mountain-lake-landscape_whitehorse-canada_s25u_iso64-f1p7_20250805-162506_3000x4000.sdr.png	https://codec-corpus.r2.imazen.org/imazen-26-png-v3/1400-lilith-nature/1492_nature_mountain-lake-landscape_whitehorse-canada_s25u_iso64-f1p7_20250805-162506_3000x4000.hdr.png
1502	1400-lilith-nature/1502_nature_ice-cave-opening_hornafjordur-iceland_ip13pro_iso32-f1p8_img-0341_4032x3024.heic	https://codec-corpus.r2.imazen.org/imazen-26-png-v3/1400-lilith-nature/1502_nature_ice-cave-opening_hornafjordur-iceland_ip13pro_iso32-f1p8_img-0341_4032x3024.sdr.png	https://codec-corpus.r2.imazen.org/imazen-26-png-v3/1400-lilith-nature/1502_nature_ice-cave-opening_hornafjordur-iceland_ip13pro_iso32-f1p8_img-0341_3024x4032.sdr.png	https://codec-corpus.r2.imazen.org/imazen-26-png-v3/1400-lilith-nature/1502_nature_ice-cave-opening_hornafjordur-iceland_ip13pro_iso32-f1p8_img-0341_3024x4032.hdr.png
1503	1400-lilith-nature/1503_nature_passionflower-on-vine_centrum-amsterdam-netherlands_ip16pro_iso50-f1p8_img-0354_4032x3024.heic	https://codec-corpus.r2.imazen.org/imazen-26-png-v3/1400-lilith-nature/1503_nature_passionflower-on-vine_centrum-amsterdam-netherlands_ip16pro_iso50-f1p8_img-0354_4032x3024.sdr.png	https://codec-corpus.r2.imazen.org/imazen-26-png-v3/1400-lilith-nature/1503_nature_passionflower-on-vine_centrum-amsterdam-netherlands_ip16pro_iso50-f1p8_img-0354_3024x4032.sdr.png	https://codec-corpus.r2.imazen.org/imazen-26-png-v3/1400-lilith-nature/1503_nature_passionflower-on-vine_centrum-amsterdam-netherlands_ip16pro_iso50-f1p8_img-0354_3024x4032.hdr.png
1505	1400-lilith-nature/1505_nature_ice-canyon-sky-view_hornafjordur-iceland_ip13pro_iso32-f1p8_img-0393_4032x3024.heic	https://codec-corpus.r2.imazen.org/imazen-26-png-v3/1400-lilith-nature/1505_nature_ice-canyon-sky-view_hornafjordur-iceland_ip13pro_iso32-f1p8_img-0393_4032x3024.sdr.png	https://codec-corpus.r2.imazen.org/imazen-26-png-v3/1400-lilith-nature/1505_nature_ice-canyon-sky-view_hornafjordur-iceland_ip13pro_iso32-f1p8_img-0393_3024x4032.sdr.png	
1507	1400-lilith-nature/1507_nature_ice-cave-waterfall_hornafjordur-iceland_ip13pro_iso200-f1p5_img-0468_4032x3024.heic	https://codec-corpus.r2.imazen.org/imazen-26-png-v3/1400-lilith-nature/1507_nature_ice-cave-waterfall_hornafjordur-iceland_ip13pro_iso200-f1p5_img-0468_4032x3024.sdr.png	https://codec-corpus.r2.imazen.org/imazen-26-png-v3/1400-lilith-nature/1507_nature_ice-cave-waterfall_hornafjordur-iceland_ip13pro_iso200-f1p5_img-0468_3024x4032.sdr.png	https://codec-corpus.r2.imazen.org/imazen-26-png-v3/1400-lilith-nature/1507_nature_ice-cave-waterfall_hornafjordur-iceland_ip13pro_iso200-f1p5_img-0468_3024x4032.hdr.png
1509	1400-lilith-nature/1509_nature_ice-cave-opening_hornafjordur-iceland_ip13pro_iso1000-f1p8_img-0480_4032x3024.heic	https://codec-corpus.r2.imazen.org/imazen-26-png-v3/1400-lilith-nature/1509_nature_ice-cave-opening_hornafjordur-iceland_ip13pro_iso1000-f1p8_img-0480_4032x3024.sdr.png	https://codec-corpus.r2.imazen.org/imazen-26-png-v3/1400-lilith-nature/1509_nature_ice-cave-opening_hornafjordur-iceland_ip13pro_iso1000-f1p8_img-0480_3024x4032.sdr.png	https://codec-corpus.r2.imazen.org/imazen-26-png-v3/1400-lilith-nature/1509_nature_ice-cave-opening_hornafjordur-iceland_ip13pro_iso1000-f1p8_img-0480_3024x4032.hdr.png
1510	1400-lilith-nature/1510_nature_purple-iris-flowers_colorado_ip8plus_iso40-f2p8_img-0803_4032x3024.heic	https://codec-corpus.r2.imazen.org/imazen-26-png-v3/1400-lilith-nature/1510_nature_purple-iris-flowers_colorado_ip8plus_iso40-f2p8_img-0803_4032x3024.sdr.png	https://codec-corpus.r2.imazen.org/imazen-26-png-v3/1400-lilith-nature/1510_nature_purple-iris-flowers_colorado_ip8plus_iso40-f2p8_img-0803_3024x4032.sdr.png	
1511	1400-lilith-nature/1511_nature_purple-iris-flowers_colorado_ip8plus_iso125-f2p8_img-0945_4032x3024.heic	https://codec-corpus.r2.imazen.org/imazen-26-png-v3/1400-lilith-nature/1511_nature_purple-iris-flowers_colorado_ip8plus_iso125-f2p8_img-0945_4032x3024.sdr.png	https://codec-corpus.r2.imazen.org/imazen-26-png-v3/1400-lilith-nature/1511_nature_purple-iris-flowers_colorado_ip8plus_iso125-f2p8_img-0945_3024x4032.sdr.png	
1512	1400-lilith-nature/1512_nature_purple-white-flowers_colorado_ip8plus_iso20-f2p8_img-1029_4032x3024.heic	https://codec-corpus.r2.imazen.org/imazen-26-png-v3/1400-lilith-nature/1512_nature_purple-white-flowers_colorado_ip8plus_iso20-f2p8_img-1029_4032x3024.sdr.png	https://codec-corpus.r2.imazen.org/imazen-26-png-v3/1400-lilith-nature/1512_nature_purple-white-flowers_colorado_ip8plus_iso20-f2p8_img-1029_3024x4032.sdr.png	
1513	1400-lilith-nature/1513_nature_orange-flowers-field_colorado_ip8plus_iso20-f2p8_img-1129_4032x3024.heic	https://codec-corpus.r2.imazen.org/imazen-26-png-v3/1400-lilith-nature/1513_nature_orange-flowers-field_colorado_ip8plus_iso20-f2p8_img-1129_4032x3024.sdr.png	https://codec-corpus.r2.imazen.org/imazen-26-png-v3/1400-lilith-nature/1513_nature_orange-flowers-field_colorado_ip8plus_iso20-f2p8_img-1129_3024x4032.sdr.png	
1514	1400-lilith-nature/1514_nature_purple-allium-flowers_colorado_ip8plus_iso20-f2p8_img-1310_4032x3024.heic	https://codec-corpus.r2.imazen.org/imazen-26-png-v3/1400-lilith-nature/1514_nature_purple-allium-flowers_colorado_ip8plus_iso20-f2p8_img-1310_4032x3024.sdr.png	https://codec-corpus.r2.imazen.org/imazen-26-png-v3/1400-lilith-nature/1514_nature_purple-allium-flowers_colorado_ip8plus_iso20-f2p8_img-1310_3024x4032.sdr.png	
1515	1400-lilith-nature/1515_nature_orange-flower-closeup_colorado_ip17pro_iso320-f1p8_img-1420_4032x3024.heic	https://codec-corpus.r2.imazen.org/imazen-26-png-v3/1400-lilith-nature/1515_nature_orange-flower-closeup_colorado_ip17pro_iso320-f1p8_img-1420_4032x3024.sdr.png	https://codec-corpus.r2.imazen.org/imazen-26-png-v3/1400-lilith-nature/1515_nature_orange-flower-closeup_colorado_ip17pro_iso320-f1p8_img-1420_3024x4032.sdr.png	https://codec-corpus.r2.imazen.org/imazen-26-png-v3/1400-lilith-nature/1515_nature_orange-flower-closeup_colorado_ip17pro_iso320-f1p8_img-1420_3024x4032.hdr.png
1517	1400-lilith-nature/1517_nature_bee-on-pink-flowers_colorado_ip8plus_iso20-f2p8_img-2463_4032x3024.heic	https://codec-corpus.r2.imazen.org/imazen-26-png-v3/1400-lilith-nature/1517_nature_bee-on-pink-flowers_colorado_ip8plus_iso20-f2p8_img-2463_4032x3024.sdr.png	https://codec-corpus.r2.imazen.org/imazen-26-png-v3/1400-lilith-nature/1517_nature_bee-on-pink-flowers_colorado_ip8plus_iso20-f2p8_img-2463_3024x4032.sdr.png	
1518	1400-lilith-nature/1518_nature_pink-flowers-and-bee_colorado_ip8plus_iso40-f2p8_img-2464_4032x3024.heic	https://codec-corpus.r2.imazen.org/imazen-26-png-v3/1400-lilith-nature/1518_nature_pink-flowers-and-bee_colorado_ip8plus_iso40-f2p8_img-2464_4032x3024.sdr.png	https://codec-corpus.r2.imazen.org/imazen-26-png-v3/1400-lilith-nature/1518_nature_pink-flowers-and-bee_colorado_ip8plus_iso40-f2p8_img-2464_3024x4032.sdr.png	
1520	1400-lilith-nature/1520_nature_tulips-in-garden_notre-dame-versailles-france_ip15pro_iso80-f1p8_img-3545_5712x4284.heic	https://codec-corpus.r2.imazen.org/imazen-26-png-v3/1400-lilith-nature/1520_nature_tulips-in-garden_notre-dame-versailles-france_ip15pro_iso80-f1p8_img-3545_5712x4284.sdr.png	https://codec-corpus.r2.imazen.org/imazen-26-png-v3/1400-lilith-nature/1520_nature_tulips-in-garden_notre-dame-versailles-france_ip15pro_iso80-f1p8_img-3545_4284x5712.sdr.png	https://codec-corpus.r2.imazen.org/imazen-26-png-v3/1400-lilith-nature/1520_nature_tulips-in-garden_notre-dame-versailles-france_ip15pro_iso80-f1p8_img-3545_4284x5712.hdr.png
1521	1400-lilith-nature/1521_nature_potted-tulips-garden_notre-dame-versailles-france_ip15pro_iso80-f1p8_img-3547_5712x4284.heic	https://codec-corpus.r2.imazen.org/imazen-26-png-v3/1400-lilith-nature/1521_nature_potted-tulips-garden_notre-dame-versailles-france_ip15pro_iso80-f1p8_img-3547_5712x4284.sdr.png	https://codec-corpus.r2.imazen.org/imazen-26-png-v3/1400-lilith-nature/1521_nature_potted-tulips-garden_notre-dame-versailles-france_ip15pro_iso80-f1p8_img-3547_4284x5712.sdr.png	https://codec-corpus.r2.imazen.org/imazen-26-png-v3/1400-lilith-nature/1521_nature_potted-tulips-garden_notre-dame-versailles-france_ip15pro_iso80-f1p8_img-3547_4284x5712.hdr.png
1523	1400-lilith-nature/1523_nature_yellow-flowers-garden_colorado_ip13pro_iso50-f1p5_img-3767_4032x3024.heic	https://codec-corpus.r2.imazen.org/imazen-26-png-v3/1400-lilith-nature/1523_nature_yellow-flowers-garden_colorado_ip13pro_iso50-f1p5_img-3767_4032x3024.sdr.png	https://codec-corpus.r2.imazen.org/imazen-26-png-v3/1400-lilith-nature/1523_nature_yellow-flowers-garden_colorado_ip13pro_iso50-f1p5_img-3767_3024x4032.sdr.png	https://codec-corpus.r2.imazen.org/imazen-26-png-v3/1400-lilith-nature/1523_nature_yellow-flowers-garden_colorado_ip13pro_iso50-f1p5_img-3767_3024x4032.hdr.png
1524	1400-lilith-nature/1524_nature_yellow-flowers-garden_colorado_ip13pro_iso50-f1p5_img-3841_4032x3024.heic	https://codec-corpus.r2.imazen.org/imazen-26-png-v3/1400-lilith-nature/1524_nature_yellow-flowers-garden_colorado_ip13pro_iso50-f1p5_img-3841_4032x3024.sdr.png	https://codec-corpus.r2.imazen.org/imazen-26-png-v3/1400-lilith-nature/1524_nature_yellow-flowers-garden_colorado_ip13pro_iso50-f1p5_img-3841_3024x4032.sdr.png	https://codec-corpus.r2.imazen.org/imazen-26-png-v3/1400-lilith-nature/1524_nature_yellow-flowers-garden_colorado_ip13pro_iso50-f1p5_img-3841_3024x4032.hdr.png
1525	1400-lilith-nature/1525_nature_wildflowers-in-garden_colorado_ip13pro_iso50-f1p5_img-3861_4032x3024.heic	https://codec-corpus.r2.imazen.org/imazen-26-png-v3/1400-lilith-nature/1525_nature_wildflowers-in-garden_colorado_ip13pro_iso50-f1p5_img-3861_4032x3024.sdr.png	https://codec-corpus.r2.imazen.org/imazen-26-png-v3/1400-lilith-nature/1525_nature_wildflowers-in-garden_colorado_ip13pro_iso50-f1p5_img-3861_3024x4032.sdr.png	https://codec-corpus.r2.imazen.org/imazen-26-png-v3/1400-lilith-nature/1525_nature_wildflowers-in-garden_colorado_ip13pro_iso50-f1p5_img-3861_3024x4032.hdr.png
1526	1400-lilith-nature/1526_nature_pink-flowers-garden_colorado_ip13pro_iso50-f1p5_img-4543_4032x3024.heic	https://codec-corpus.r2.imazen.org/imazen-26-png-v3/1400-lilith-nature/1526_nature_pink-flowers-garden_colorado_ip13pro_iso50-f1p5_img-4543_4032x3024.sdr.png	https://codec-corpus.r2.imazen.org/imazen-26-png-v3/1400-lilith-nature/1526_nature_pink-flowers-garden_colorado_ip13pro_iso50-f1p5_img-4543_3024x4032.sdr.png	https://codec-corpus.r2.imazen.org/imazen-26-png-v3/1400-lilith-nature/1526_nature_pink-flowers-garden_colorado_ip13pro_iso50-f1p5_img-4543_3024x4032.hdr.png
1527	1400-lilith-nature/1527_nature_mountain-wildflowers-landscape_stikine-region-canada_ip16pro_iso100-f1p8_img-4768_5712x4284.heic	https://codec-corpus.r2.imazen.org/imazen-26-png-v3/1400-lilith-nature/1527_nature_mountain-wildflowers-landscape_stikine-region-canada_ip16pro_iso100-f1p8_img-4768_5712x4284.sdr.png	https://codec-corpus.r2.imazen.org/imazen-26-png-v3/1400-lilith-nature/1527_nature_mountain-wildflowers-landscape_stikine-region-canada_ip16pro_iso100-f1p8_img-4768_4284x5712.sdr.png	https://codec-corpus.r2.imazen.org/imazen-26-png-v3/1400-lilith-nature/1527_nature_mountain-wildflowers-landscape_stikine-region-canada_ip16pro_iso100-f1p8_img-4768_4284x5712.hdr.png
1529	1400-lilith-nature/1529_nature_whale-tail-ocean_ip13pro_iso32-f2p8_img-5573_4032x3024.heic	https://codec-corpus.r2.imazen.org/imazen-26-png-v3/1400-lilith-nature/1529_nature_whale-tail-ocean_ip13pro_iso32-f2p8_img-5573_4032x3024.sdr.png	https://codec-corpus.r2.imazen.org/imazen-26-png-v3/1400-lilith-nature/1529_nature_whale-tail-ocean_ip13pro_iso32-f2p8_img-5573_3024x4032.sdr.png	https://codec-corpus.r2.imazen.org/imazen-26-png-v3/1400-lilith-nature/1529_nature_whale-tail-ocean_ip13pro_iso32-f2p8_img-5573_3024x4032.hdr.png
1530	1400-lilith-nature/1530_nature_whale-tail-ocean_ip13pro_iso32-f2p8_img-5574_4032x3024.heic	https://codec-corpus.r2.imazen.org/imazen-26-png-v3/1400-lilith-nature/1530_nature_whale-tail-ocean_ip13pro_iso32-f2p8_img-5574_4032x3024.sdr.png	https://codec-corpus.r2.imazen.org/imazen-26-png-v3/1400-lilith-nature/1530_nature_whale-tail-ocean_ip13pro_iso32-f2p8_img-5574_3024x4032.sdr.png	https://codec-corpus.r2.imazen.org/imazen-26-png-v3/1400-lilith-nature/1530_nature_whale-tail-ocean_ip13pro_iso32-f2p8_img-5574_3024x4032.hdr.png
1531	1400-lilith-nature/1531_nature_red-poppy-flowers_taos-new-mexico_ip17pro_iso80-f1p8_img-6189_5712x4284.heic	https://codec-corpus.r2.imazen.org/imazen-26-png-v3/1400-lilith-nature/1531_nature_red-poppy-flowers_taos-new-mexico_ip17pro_iso80-f1p8_img-6189_5712x4284.sdr.png	https://codec-corpus.r2.imazen.org/imazen-26-png-v3/1400-lilith-nature/1531_nature_red-poppy-flowers_taos-new-mexico_ip17pro_iso80-f1p8_img-6189_4284x5712.sdr.png	https://codec-corpus.r2.imazen.org/imazen-26-png-v3/1400-lilith-nature/1531_nature_red-poppy-flowers_taos-new-mexico_ip17pro_iso80-f1p8_img-6189_4284x5712.hdr.png
1532	1400-lilith-nature/1532_nature_red-poppy-flowers_taos-new-mexico_ip17pro_iso80-f1p8_img-6194_5712x4284.heic	https://codec-corpus.r2.imazen.org/imazen-26-png-v3/1400-lilith-nature/1532_nature_red-poppy-flowers_taos-new-mexico_ip17pro_iso80-f1p8_img-6194_5712x4284.sdr.png	https://codec-corpus.r2.imazen.org/imazen-26-png-v3/1400-lilith-nature/1532_nature_red-poppy-flowers_taos-new-mexico_ip17pro_iso80-f1p8_img-6194_4284x5712.sdr.png	https://codec-corpus.r2.imazen.org/imazen-26-png-v3/1400-lilith-nature/1532_nature_red-poppy-flowers_taos-new-mexico_ip17pro_iso80-f1p8_img-6194_4284x5712.hdr.png
1533	1400-lilith-nature/1533_nature_purple-water-lily_koyama-kamiuchikawaracho-kyoto-japan_ip13pro_iso125-f2p8_img-6205_4032x3024.heic	https://codec-corpus.r2.imazen.org/imazen-26-png-v3/1400-lilith-nature/1533_nature_purple-water-lily_koyama-kamiuchikawaracho-kyoto-japan_ip13pro_iso125-f2p8_img-6205_4032x3024.sdr.png	https://codec-corpus.r2.imazen.org/imazen-26-png-v3/1400-lilith-nature/1533_nature_purple-water-lily_koyama-kamiuchikawaracho-kyoto-japan_ip13pro_iso125-f2p8_img-6205_3024x4032.sdr.png	https://codec-corpus.r2.imazen.org/imazen-26-png-v3/1400-lilith-nature/1533_nature_purple-water-lily_koyama-kamiuchikawaracho-kyoto-japan_ip13pro_iso125-f2p8_img-6205_3024x4032.hdr.png
1534	1400-lilith-nature/1534_nature_red-flowers-closeup_ketchikan-alaska_ip16pro_iso125-f1p8_img-6286_4032x3024.heic	https://codec-corpus.r2.imazen.org/imazen-26-png-v3/1400-lilith-nature/1534_nature_red-flowers-closeup_ketchikan-alaska_ip16pro_iso125-f1p8_img-6286_4032x3024.sdr.png	https://codec-corpus.r2.imazen.org/imazen-26-png-v3/1400-lilith-nature/1534_nature_red-flowers-closeup_ketchikan-alaska_ip16pro_iso125-f1p8_img-6286_3024x4032.sdr.png	https://codec-corpus.r2.imazen.org/imazen-26-png-v3/1400-lilith-nature/1534_nature_red-flowers-closeup_ketchikan-alaska_ip16pro_iso125-f1p8_img-6286_3024x4032.hdr.png
1535	1400-lilith-nature/1535_nature_sea-turtle-underwater_ip13pro_iso32-f1p8_img-8579_4032x3024.heic	https://codec-corpus.r2.imazen.org/imazen-26-png-v3/1400-lilith-nature/1535_nature_sea-turtle-underwater_ip13pro_iso32-f1p8_img-8579_4032x3024.sdr.png	https://codec-corpus.r2.imazen.org/imazen-26-png-v3/1400-lilith-nature/1535_nature_sea-turtle-underwater_ip13pro_iso32-f1p8_img-8579_3024x4032.sdr.png	
1536	1400-lilith-nature/1536_nature_purple-flowers-walkway_seward-alaska_ip16pro_iso80-f1p8_img-8763_5712x4284.heic	https://codec-corpus.r2.imazen.org/imazen-26-png-v3/1400-lilith-nature/1536_nature_purple-flowers-walkway_seward-alaska_ip16pro_iso80-f1p8_img-8763_5712x4284.sdr.png	https://codec-corpus.r2.imazen.org/imazen-26-png-v3/1400-lilith-nature/1536_nature_purple-flowers-walkway_seward-alaska_ip16pro_iso80-f1p8_img-8763_4284x5712.sdr.png	https://codec-corpus.r2.imazen.org/imazen-26-png-v3/1400-lilith-nature/1536_nature_purple-flowers-walkway_seward-alaska_ip16pro_iso80-f1p8_img-8763_4284x5712.hdr.png
1537	1400-lilith-nature/1537_nature_purple-flowers-closeup_seward-alaska_ip16pro_iso100-f1p8_img-8764_5712x4284.heic	https://codec-corpus.r2.imazen.org/imazen-26-png-v3/1400-lilith-nature/1537_nature_purple-flowers-closeup_seward-alaska_ip16pro_iso100-f1p8_img-8764_5712x4284.sdr.png	https://codec-corpus.r2.imazen.org/imazen-26-png-v3/1400-lilith-nature/1537_nature_purple-flowers-closeup_seward-alaska_ip16pro_iso100-f1p8_img-8764_4284x5712.sdr.png	https://codec-corpus.r2.imazen.org/imazen-26-png-v3/1400-lilith-nature/1537_nature_purple-flowers-closeup_seward-alaska_ip16pro_iso100-f1p8_img-8764_4284x5712.hdr.png
1538	1400-lilith-nature/1538_nature_boat-on-narrow-channel_muyil-chunyaxche-mexico_ip13pro_iso50-f1p5_img-8787_4032x3024.heic	https://codec-corpus.r2.imazen.org/imazen-26-png-v3/1400-lilith-nature/1538_nature_boat-on-narrow-channel_muyil-chunyaxche-mexico_ip13pro_iso50-f1p5_img-8787_4032x3024.sdr.png	https://codec-corpus.r2.imazen.org/imazen-26-png-v3/1400-lilith-nature/1538_nature_boat-on-narrow-channel_muyil-chunyaxche-mexico_ip13pro_iso50-f1p5_img-8787_3024x4032.sdr.png	
1539	1400-lilith-nature/1539_nature_legs-in-water_felipe-carrillo-puerto-mexico_ip13pro_iso32-f1p8_img-8809_4032x3024.heic	https://codec-corpus.r2.imazen.org/imazen-26-png-v3/1400-lilith-nature/1539_nature_legs-in-water_felipe-carrillo-puerto-mexico_ip13pro_iso32-f1p8_img-8809_4032x3024.sdr.png	https://codec-corpus.r2.imazen.org/imazen-26-png-v3/1400-lilith-nature/1539_nature_legs-in-water_felipe-carrillo-puerto-mexico_ip13pro_iso32-f1p8_img-8809_3024x4032.sdr.png	https://codec-corpus.r2.imazen.org/imazen-26-png-v3/1400-lilith-nature/1539_nature_legs-in-water_felipe-carrillo-puerto-mexico_ip13pro_iso32-f1p8_img-8809_3024x4032.hdr.png
1540	1400-lilith-nature/1540_nature_purple-flowers-garden_belltown-seattle-washington_ip16pro_iso100-f1p8_img-9109_5712x4284.heic	https://codec-corpus.r2.imazen.org/imazen-26-png-v3/1400-lilith-nature/1540_nature_purple-flowers-garden_belltown-seattle-washington_ip16pro_iso100-f1p8_img-9109_5712x4284.sdr.png	https://codec-corpus.r2.imazen.org/imazen-26-png-v3/1400-lilith-nature/1540_nature_purple-flowers-garden_belltown-seattle-washington_ip16pro_iso100-f1p8_img-9109_4284x5712.sdr.png	https://codec-corpus.r2.imazen.org/imazen-26-png-v3/1400-lilith-nature/1540_nature_purple-flowers-garden_belltown-seattle-washington_ip16pro_iso100-f1p8_img-9109_4284x5712.hdr.png
1541	1400-lilith-nature/1541_nature_blue-wildflower-grass_snaefellsbaer-iceland_ip16pro_iso64-f1p8_img-9110_4032x3024.heic	https://codec-corpus.r2.imazen.org/imazen-26-png-v3/1400-lilith-nature/1541_nature_blue-wildflower-grass_snaefellsbaer-iceland_ip16pro_iso64-f1p8_img-9110_4032x3024.sdr.png	https://codec-corpus.r2.imazen.org/imazen-26-png-v3/1400-lilith-nature/1541_nature_blue-wildflower-grass_snaefellsbaer-iceland_ip16pro_iso64-f1p8_img-9110_3024x4032.sdr.png	https://codec-corpus.r2.imazen.org/imazen-26-png-v3/1400-lilith-nature/1541_nature_blue-wildflower-grass_snaefellsbaer-iceland_ip16pro_iso64-f1p8_img-9110_3024x4032.hdr.png
1542	1400-lilith-nature/1542_nature_orange-lily-flower_belltown-seattle-washington_ip16pro_iso80-f1p8_img-9149_5712x4284.heic	https://codec-corpus.r2.imazen.org/imazen-26-png-v3/1400-lilith-nature/1542_nature_orange-lily-flower_belltown-seattle-washington_ip16pro_iso80-f1p8_img-9149_5712x4284.sdr.png	https://codec-corpus.r2.imazen.org/imazen-26-png-v3/1400-lilith-nature/1542_nature_orange-lily-flower_belltown-seattle-washington_ip16pro_iso80-f1p8_img-9149_4284x5712.sdr.png	https://codec-corpus.r2.imazen.org/imazen-26-png-v3/1400-lilith-nature/1542_nature_orange-lily-flower_belltown-seattle-washington_ip16pro_iso80-f1p8_img-9149_4284x5712.hdr.png
1543	1400-lilith-nature/1543_nature_water-lilies-pond_miyuki-beppu-japan_ip16pro_iso80-f1p8_img-9522_5712x4284.heic	https://codec-corpus.r2.imazen.org/imazen-26-png-v3/1400-lilith-nature/1543_nature_water-lilies-pond_miyuki-beppu-japan_ip16pro_iso80-f1p8_img-9522_5712x4284.sdr.png	https://codec-corpus.r2.imazen.org/imazen-26-png-v3/1400-lilith-nature/1543_nature_water-lilies-pond_miyuki-beppu-japan_ip16pro_iso80-f1p8_img-9522_4284x5712.sdr.png	https://codec-corpus.r2.imazen.org/imazen-26-png-v3/1400-lilith-nature/1543_nature_water-lilies-pond_miyuki-beppu-japan_ip16pro_iso80-f1p8_img-9522_4284x5712.hdr.png
1544	1400-lilith-nature/1544_nature_purple-water-lily-flower_miyuki-beppu-japan_ip16pro_iso64-f1p8_img-9550_4032x3024.heic	https://codec-corpus.r2.imazen.org/imazen-26-png-v3/1400-lilith-nature/1544_nature_purple-water-lily-flower_miyuki-beppu-japan_ip16pro_iso64-f1p8_img-9550_4032x3024.sdr.png	https://codec-corpus.r2.imazen.org/imazen-26-png-v3/1400-lilith-nature/1544_nature_purple-water-lily-flower_miyuki-beppu-japan_ip16pro_iso64-f1p8_img-9550_3024x4032.sdr.png	https://codec-corpus.r2.imazen.org/imazen-26-png-v3/1400-lilith-nature/1544_nature_purple-water-lily-flower_miyuki-beppu-japan_ip16pro_iso64-f1p8_img-9550_3024x4032.hdr.png
1546	1400-lilith-nature/1546_nature_underground-cave-lake_playa-del-carmen-mexico_ip13pro_iso2000-f1p5_img-9608_4032x3024.heic	https://codec-corpus.r2.imazen.org/imazen-26-png-v3/1400-lilith-nature/1546_nature_underground-cave-lake_playa-del-carmen-mexico_ip13pro_iso2000-f1p5_img-9608_4032x3024.sdr.png	https://codec-corpus.r2.imazen.org/imazen-26-png-v3/1400-lilith-nature/1546_nature_underground-cave-lake_playa-del-carmen-mexico_ip13pro_iso2000-f1p5_img-9608_3024x4032.sdr.png	https://codec-corpus.r2.imazen.org/imazen-26-png-v3/1400-lilith-nature/1546_nature_underground-cave-lake_playa-del-carmen-mexico_ip13pro_iso2000-f1p5_img-9608_3024x4032.hdr.png
1547	1400-lilith-nature/1547_nature_orange-flowers-garden_colorado_ip16pro_iso80-f1p8_img-9652_5712x4284.heic	https://codec-corpus.r2.imazen.org/imazen-26-png-v3/1400-lilith-nature/1547_nature_orange-flowers-garden_colorado_ip16pro_iso80-f1p8_img-9652_5712x4284.sdr.png	https://codec-corpus.r2.imazen.org/imazen-26-png-v3/1400-lilith-nature/1547_nature_orange-flowers-garden_colorado_ip16pro_iso80-f1p8_img-9652_4284x5712.sdr.png	https://codec-corpus.r2.imazen.org/imazen-26-png-v3/1400-lilith-nature/1547_nature_orange-flowers-garden_colorado_ip16pro_iso80-f1p8_img-9652_4284x5712.hdr.png
1548	1400-lilith-nature/1548_nature_purple-blossom-branches_colorado_ip8plus_iso32-f2p8_img-9831_4032x3024.heic	https://codec-corpus.r2.imazen.org/imazen-26-png-v3/1400-lilith-nature/1548_nature_purple-blossom-branches_colorado_ip8plus_iso32-f2p8_img-9831_4032x3024.sdr.png	https://codec-corpus.r2.imazen.org/imazen-26-png-v3/1400-lilith-nature/1548_nature_purple-blossom-branches_colorado_ip8plus_iso32-f2p8_img-9831_3024x4032.sdr.png	
1603	1600-lilith-food/1603_food_salad-plate-fork_colorado_s21u_iso40-f1p8_20210801-190732_4000x3000.jpg	https://codec-corpus.r2.imazen.org/imazen-26-png-v3/1600-lilith-food/1603_food_salad-plate-fork_colorado_s21u_iso40-f1p8_20210801-190732_4000x3000.sdr.png	https://codec-corpus.r2.imazen.org/imazen-26-png-v3/1600-lilith-food/1603_food_salad-plate-fork_colorado_s21u_iso40-f1p8_20210801-190732_3000x4000.sdr.png	
1604	1600-lilith-food/1604_food_meat-and-fried-vegetables_l-eixample-barcelona-spain_s21u_iso640-f1p8_20220304-124452_4000x3000.jpg	https://codec-corpus.r2.imazen.org/imazen-26-png-v3/1600-lilith-food/1604_food_meat-and-fried-vegetables_l-eixample-barcelona-spain_s21u_iso640-f1p8_20220304-124452_4000x3000.sdr.png	https://codec-corpus.r2.imazen.org/imazen-26-png-v3/1600-lilith-food/1604_food_meat-and-fried-vegetables_l-eixample-barcelona-spain_s21u_iso640-f1p8_20220304-124452_3000x4000.sdr.png	
1607	1600-lilith-food/1607_food_grilled-seafood-plate_s21u_iso1250-f1p8_20221210-191616_4000x3000.jpg	https://codec-corpus.r2.imazen.org/imazen-26-png-v3/1600-lilith-food/1607_food_grilled-seafood-plate_s21u_iso1250-f1p8_20221210-191616_4000x3000.sdr.png	https://codec-corpus.r2.imazen.org/imazen-26-png-v3/1600-lilith-food/1607_food_grilled-seafood-plate_s21u_iso1250-f1p8_20221210-191616_3000x4000.sdr.png	
1610	1600-lilith-food/1610_food_rice-bowl-vegetables_mapunapuna-honolulu-hawaii_s23u_iso50-f2p2_20230712-183013_4000x3000.jpg	https://codec-corpus.r2.imazen.org/imazen-26-png-v3/1600-lilith-food/1610_food_rice-bowl-vegetables_mapunapuna-honolulu-hawaii_s23u_iso50-f2p2_20230712-183013_4000x3000.sdr.png	https://codec-corpus.r2.imazen.org/imazen-26-png-v3/1600-lilith-food/1610_food_rice-bowl-vegetables_mapunapuna-honolulu-hawaii_s23u_iso50-f2p2_20230712-183013_3000x4000.sdr.png	
1611	1600-lilith-food/1611_food_blue-geode-cake_s20_iso64-f1p8_20230715-143732_4032x3024.jpg	https://codec-corpus.r2.imazen.org/imazen-26-png-v3/1600-lilith-food/1611_food_blue-geode-cake_s20_iso64-f1p8_20230715-143732_4032x3024.sdr.png	https://codec-corpus.r2.imazen.org/imazen-26-png-v3/1600-lilith-food/1611_food_blue-geode-cake_s20_iso64-f1p8_20230715-143732_3024x4032.sdr.png	
1613	1600-lilith-food/1613_food_peaches-in-box_colorado_s23u_iso250-f1p7_20230821-073156_4000x3000.jpg	https://codec-corpus.r2.imazen.org/imazen-26-png-v3/1600-lilith-food/1613_food_peaches-in-box_colorado_s23u_iso250-f1p7_20230821-073156_4000x3000.sdr.png	https://codec-corpus.r2.imazen.org/imazen-26-png-v3/1600-lilith-food/1613_food_peaches-in-box_colorado_s23u_iso250-f1p7_20230821-073156_3000x4000.sdr.png	
1615	1600-lilith-food/1615_food_savory-plated-dish_valladolid-mexico_s23u_iso250-f2p2_20230918-103053_4000x3000.jpg	https://codec-corpus.r2.imazen.org/imazen-26-png-v3/1600-lilith-food/1615_food_savory-plated-dish_valladolid-mexico_s23u_iso250-f2p2_20230918-103053_4000x3000.sdr.png	https://codec-corpus.r2.imazen.org/imazen-26-png-v3/1600-lilith-food/1615_food_savory-plated-dish_valladolid-mexico_s23u_iso250-f2p2_20230918-103053_3000x4000.sdr.png	
1617	1600-lilith-food/1617_food_ice-cream_s23u_iso64-f1p7_20231104-123933_4000x3000.jpg	https://codec-corpus.r2.imazen.org/imazen-26-png-v3/1600-lilith-food/1617_food_ice-cream_s23u_iso64-f1p7_20231104-123933_4000x3000.sdr.png	https://codec-corpus.r2.imazen.org/imazen-26-png-v3/1600-lilith-food/1617_food_ice-cream_s23u_iso64-f1p7_20231104-123933_3000x4000.sdr.png	
1618	1600-lilith-food/1618_food_fruit-platter-with-dip_colorado_s23u_iso250-f2p4_20231126-035155_4000x3000.heic	https://codec-corpus.r2.imazen.org/imazen-26-png-v3/1600-lilith-food/1618_food_fruit-platter-with-dip_colorado_s23u_iso250-f2p4_20231126-035155_4000x3000.sdr.png	https://codec-corpus.r2.imazen.org/imazen-26-png-v3/1600-lilith-food/1618_food_fruit-platter-with-dip_colorado_s23u_iso250-f2p4_20231126-035155_3000x4000.sdr.png	
1619	1600-lilith-food/1619_food_strawberries-and-blackberries_3rd-arrondissement-paris-france_s23u_iso500-f2p4_20240421-153750_4000x3000.jpg	https://codec-corpus.r2.imazen.org/imazen-26-png-v3/1600-lilith-food/1619_food_strawberries-and-blackberries_3rd-arrondissement-paris-france_s23u_iso500-f2p4_20240421-153750_4000x3000.sdr.png	https://codec-corpus.r2.imazen.org/imazen-26-png-v3/1600-lilith-food/1619_food_strawberries-and-blackberries_3rd-arrondissement-paris-france_s23u_iso500-f2p4_20240421-153750_3000x4000.sdr.png	
1620	1600-lilith-food/1620_food_plated-dessert-closeup_1st-arrondissement-paris-france_s23u_iso160-f2p2_20240426-140041_4000x3000.jpg	https://codec-corpus.r2.imazen.org/imazen-26-png-v3/1600-lilith-food/1620_food_plated-dessert-closeup_1st-arrondissement-paris-france_s23u_iso160-f2p2_20240426-140041_4000x3000.sdr.png	https://codec-corpus.r2.imazen.org/imazen-26-png-v3/1600-lilith-food/1620_food_plated-dessert-closeup_1st-arrondissement-paris-france_s23u_iso160-f2p2_20240426-140041_3000x4000.sdr.png	
1621	1600-lilith-food/1621_food_dessert-on-plate_grindavik-iceland_s23u_iso40-f1p7_20240429-184401_4000x3000.jpg	https://codec-corpus.r2.imazen.org/imazen-26-png-v3/1600-lilith-food/1621_food_dessert-on-plate_grindavik-iceland_s23u_iso40-f1p7_20240429-184401_4000x3000.sdr.png	https://codec-corpus.r2.imazen.org/imazen-26-png-v3/1600-lilith-food/1621_food_dessert-on-plate_grindavik-iceland_s23u_iso40-f1p7_20240429-184401_3000x4000.sdr.png	
1622	1600-lilith-food/1622_food_strawberry-layer-cake_colorado_s23u_iso80-f2p4_20240505-164658_4000x3000.jpg	https://codec-corpus.r2.imazen.org/imazen-26-png-v3/1600-lilith-food/1622_food_strawberry-layer-cake_colorado_s23u_iso80-f2p4_20240505-164658_4000x3000.sdr.png	https://codec-corpus.r2.imazen.org/imazen-26-png-v3/1600-lilith-food/1622_food_strawberry-layer-cake_colorado_s23u_iso80-f2p4_20240505-164658_3000x4000.sdr.png	
1623	1600-lilith-food/1623_food_breakfast_colorado_s23u_iso12-f1p7_20240507-145123_4000x3000.jpg	https://codec-corpus.r2.imazen.org/imazen-26-png-v3/1600-lilith-food/1623_food_breakfast_colorado_s23u_iso12-f1p7_20240507-145123_4000x3000.sdr.png	https://codec-corpus.r2.imazen.org/imazen-26-png-v3/1600-lilith-food/1623_food_breakfast_colorado_s23u_iso12-f1p7_20240507-145123_3000x4000.sdr.png	
1625	1600-lilith-food/1625_food_bowl_colorado_s23u_iso500-f1p7_20240510-210653_4000x3000.jpg	https://codec-corpus.r2.imazen.org/imazen-26-png-v3/1600-lilith-food/1625_food_bowl_colorado_s23u_iso500-f1p7_20240510-210653_4000x3000.sdr.png	https://codec-corpus.r2.imazen.org/imazen-26-png-v3/1600-lilith-food/1625_food_bowl_colorado_s23u_iso500-f1p7_20240510-210653_3000x4000.sdr.png	
1626	1600-lilith-food/1626_food_chocolate-cake-dessert-plate_colorado_s23u_iso800-f2p4_20240510-221014_4000x3000.jpg	https://codec-corpus.r2.imazen.org/imazen-26-png-v3/1600-lilith-food/1626_food_chocolate-cake-dessert-plate_colorado_s23u_iso800-f2p4_20240510-221014_4000x3000.sdr.png	https://codec-corpus.r2.imazen.org/imazen-26-png-v3/1600-lilith-food/1626_food_chocolate-cake-dessert-plate_colorado_s23u_iso800-f2p4_20240510-221014_3000x4000.sdr.png	
1627	1600-lilith-food/1627_food_assorted-mochi-platter_colorado_s23u_iso500-f1p7_20240522-202407_4000x3000.jpg	https://codec-corpus.r2.imazen.org/imazen-26-png-v3/1600-lilith-food/1627_food_assorted-mochi-platter_colorado_s23u_iso500-f1p7_20240522-202407_4000x3000.sdr.png	https://codec-corpus.r2.imazen.org/imazen-26-png-v3/1600-lilith-food/1627_food_assorted-mochi-platter_colorado_s23u_iso500-f1p7_20240522-202407_3000x4000.sdr.png	
1628	1600-lilith-food/1628_food_french-toast_s23u_iso250-f1p7_20240907-133934_4000x3000.jpg	https://codec-corpus.r2.imazen.org/imazen-26-png-v3/1600-lilith-food/1628_food_french-toast_s23u_iso250-f1p7_20240907-133934_4000x3000.sdr.png	https://codec-corpus.r2.imazen.org/imazen-26-png-v3/1600-lilith-food/1628_food_french-toast_s23u_iso250-f1p7_20240907-133934_3000x4000.sdr.png	
1629	1600-lilith-food/1629_food_floral-tiered-cake_colorado_s23u_iso320-f1p7_20250202-141904_4000x3000.jpg	https://codec-corpus.r2.imazen.org/imazen-26-png-v3/1600-lilith-food/1629_food_floral-tiered-cake_colorado_s23u_iso320-f1p7_20250202-141904_4000x3000.sdr.png	https://codec-corpus.r2.imazen.org/imazen-26-png-v3/1600-lilith-food/1629_food_floral-tiered-cake_colorado_s23u_iso320-f1p7_20250202-141904_3000x4000.sdr.png	
1632	1600-lilith-food/1632_food_orange-juice-glass_uchiura-shigedera-numazu-japan_s23u_iso125-f2p4_20250307-182432_4000x3000.jpg	https://codec-corpus.r2.imazen.org/imazen-26-png-v3/1600-lilith-food/1632_food_orange-juice-glass_uchiura-shigedera-numazu-japan_s23u_iso125-f2p4_20250307-182432_4000x3000.sdr.png	https://codec-corpus.r2.imazen.org/imazen-26-png-v3/1600-lilith-food/1632_food_orange-juice-glass_uchiura-shigedera-numazu-japan_s23u_iso125-f2p4_20250307-182432_3000x4000.sdr.png	
1633	1600-lilith-food/1633_food_gourmet-plated-dish_uchiura-shigedera-numazu-japan_s23u_iso125-f1p7_20250307-182828-0_4000x3000.jpg	https://codec-corpus.r2.imazen.org/imazen-26-png-v3/1600-lilith-food/1633_food_gourmet-plated-dish_uchiura-shigedera-numazu-japan_s23u_iso125-f1p7_20250307-182828-0_4000x3000.sdr.png	https://codec-corpus.r2.imazen.org/imazen-26-png-v3/1600-lilith-food/1633_food_gourmet-plated-dish_uchiura-shigedera-numazu-japan_s23u_iso125-f1p7_20250307-182828-0_3000x4000.sdr.png	
1634	1600-lilith-food/1634_food_breakfast-table-setting_uchiura-shigedera-numazu-japan_s23u_iso16-f1p7_20250308-091451_4000x3000.jpg	https://codec-corpus.r2.imazen.org/imazen-26-png-v3/1600-lilith-food/1634_food_breakfast-table-setting_uchiura-shigedera-numazu-japan_s23u_iso16-f1p7_20250308-091451_4000x3000.sdr.png	https://codec-corpus.r2.imazen.org/imazen-26-png-v3/1600-lilith-food/1634_food_breakfast-table-setting_uchiura-shigedera-numazu-japan_s23u_iso16-f1p7_20250308-091451_3000x4000.sdr.png	
1638	1600-lilith-food/1638_food_sliced-fish-dish_colorado_s25u_iso800-f1p7_20250425-213810_4000x3000.jpg	https://codec-corpus.r2.imazen.org/imazen-26-png-v3/1600-lilith-food/1638_food_sliced-fish-dish_colorado_s25u_iso800-f1p7_20250425-213810_4000x3000.sdr.png	https://codec-corpus.r2.imazen.org/imazen-26-png-v3/1600-lilith-food/1638_food_sliced-fish-dish_colorado_s25u_iso800-f1p7_20250425-213810_3000x4000.sdr.png	https://codec-corpus.r2.imazen.org/imazen-26-png-v3/1600-lilith-food/1638_food_sliced-fish-dish_colorado_s25u_iso800-f1p7_20250425-213810_3000x4000.hdr.png
1640	1600-lilith-food/1640_food_birthday-cake-table_colorado_ip16pro_iso125-f1p8_img-2666_5712x4284.heic	https://codec-corpus.r2.imazen.org/imazen-26-png-v3/1600-lilith-food/1640_food_birthday-cake-table_colorado_ip16pro_iso125-f1p8_img-2666_5712x4284.sdr.png	https://codec-corpus.r2.imazen.org/imazen-26-png-v3/1600-lilith-food/1640_food_birthday-cake-table_colorado_ip16pro_iso125-f1p8_img-2666_4284x5712.sdr.png	https://codec-corpus.r2.imazen.org/imazen-26-png-v3/1600-lilith-food/1640_food_birthday-cake-table_colorado_ip16pro_iso125-f1p8_img-2666_4284x5712.hdr.png
