url	crop_label	content_class	cluster_id	cluster_size
https://codec-corpus.r2.imazen.org/imazen-26-png-v3/1000-lilith-photos-general/1024_general_outdoor-dining-table_azulik-city-arts-francisco-uh-may_s23u_iso100-f2p2_20230917-152718_3000x4000.sdr.png	c25_tl	1000-lilith-photos-general	0	42
https://codec-corpus.r2.imazen.org/imazen-26-png-v3/7000-lilith-plots/real-charts/7116_plots_chart-pie-02-slate_1024x1024.sdr.png	c50_bl	7000-lilith-plots	1	17
https://codec-corpus.r2.imazen.org/imazen-26-png-v3/8100-lilith-web-screenshots/1440x900/8138_web-screenshots_nps-yellowstone_dpr1_page1_1440x900.sdr.png	c50_center	8100-lilith-web-screenshots	2	61
https://codec-corpus.r2.imazen.org/imazen-26-png-v3/9094-lilith-ai-illustrations/9108_gen_illustrations_citrus-harvest-table_1024x1536.sdr.png	full	9094-lilith-ai-illustrations	3	16
https://codec-corpus.r2.imazen.org/imazen-26-png-v3/9226-lilith-ai-products/toys/9882_gen_products-toys_baby-wooden-rattle_p0643_1024x1024.sdr.png	c25_tr	9226-lilith-ai-products	4	9
https://codec-corpus.r2.imazen.org/imazen-26-png-v3/9226-lilith-ai-products/home/furniture/9786_gen_products-home-furniture_rectangular-dining-table_p0547_1536x1024.sdr.png	full	9226-lilith-ai-products	5	78
https://codec-corpus.r2.imazen.org/imazen-26-png-v3/8100-lilith-web-screenshots/1440x900/8134_web-screenshots_nps-grand-canyon_dpr1_page1_1440x900.sdr.png	c25_br	8100-lilith-web-screenshots	6	19
https://codec-corpus.r2.imazen.org/imazen-26-png-v3/9094-lilith-ai-illustrations/9106_gen_illustrations_child-fox-snowy-forest_1024x1536.sdr.png	full	9094-lilith-ai-illustrations	7	22
https://codec-corpus.r2.imazen.org/imazen-26-png-v3/7000-lilith-plots/grids/7052_plots_line-00222-s2f495179_1024x1024.sdr.png	c50_br	7000-lilith-plots	8	11
https://codec-corpus.r2.imazen.org/imazen-26-png-v3/7000-lilith-plots/line-patterns/7054_plots_line-tiling-00056-s6bcec02a_1024x1024.sdr.png	c50_tl	7000-lilith-plots	9	10
https://codec-corpus.r2.imazen.org/imazen-26-png-v3/9226-lilith-ai-products/home/kitchen/9802_gen_products-home-kitchen_ashridge-espresso-cups_p0563_1536x1024.sdr.png	full	9226-lilith-ai-products	10	114
https://codec-corpus.r2.imazen.org/imazen-26-png-v3/1600-lilith-food/1606_food_fried-calamari-salad_hanalei-hawaii_s21u_iso32-f1p8_20221001-155420_3462x2150.sdr.png	c50_br	1600-lilith-food	11	48
https://codec-corpus.r2.imazen.org/imazen-26-png-v3/9226-lilith-ai-products/whitelabeled-beauty/9938_gen_products-whitelabeled-beauty_vitamin-c-serum-bottle_p0696_1024x1536.sdr.png	c25_br	9226-lilith-ai-products	12	58
https://codec-corpus.r2.imazen.org/imazen-26-png-v3/7000-lilith-plots/grids/7050_plots_line-00166-s010fb6d2_1024x1024.sdr.png	c25_br	7000-lilith-plots	13	9
https://codec-corpus.r2.imazen.org/imazen-26-png-v3/8100-lilith-web-screenshots/other/8434_web-screenshots_nih-home_dpr1_page1_414x896.sdr.png	c25_br	8100-lilith-web-screenshots	14	38
https://codec-corpus.r2.imazen.org/imazen-26-png-v3/8100-lilith-web-screenshots/375x667/8282_web-screenshots_lkml-lists-index_dpr1_page1_375x667.sdr.png	c25_bl	8100-lilith-web-screenshots	15	3
https://codec-corpus.r2.imazen.org/imazen-26-png-v3/9094-lilith-ai-illustrations/9160_gen_illustrations_window-watching-cat_1024x1536.sdr.png	c25_center	9094-lilith-ai-illustrations	16	19
https://codec-corpus.r2.imazen.org/imazen-26-png-v3/8100-lilith-web-screenshots/1920x1080/8194_web-screenshots_noaa-ocean_dpr1_page1_1920x1080.sdr.png	c25_bl	8100-lilith-web-screenshots	17	50
https://codec-corpus.r2.imazen.org/imazen-26-png-v3/9094-lilith-ai-illustrations/9140_gen_illustrations_reading-nook-hot-chocolate_1024x1536.sdr.png	c25_br	9094-lilith-ai-illustrations	18	3
https://codec-corpus.r2.imazen.org/imazen-26-png-v3/1000-lilith-photos-general/1064_general_castle-bridge-moat_montjuic-castle-barcelona_zfold7_iso40-f1p7_20260315-175347_3000x4000.sdr.png	c25_center	1000-lilith-photos-general	19	30
https://codec-corpus.r2.imazen.org/imazen-26-png-v3/8100-lilith-web-screenshots/768x1024/8388_web-screenshots_weatherportal-home_dpr1_page1_768x1024.sdr.png	c25_br	8100-lilith-web-screenshots	20	2
https://codec-corpus.r2.imazen.org/imazen-26-png-v3/5000-national-park-service-brochures/grayscale/5044_nps_mora-ohanapecosh7-2019_gray_p01_2550x3300.sdr.png	c25_tr	5000-national-park-service-brochures	21	387
https://codec-corpus.r2.imazen.org/imazen-26-png-v3/1600-lilith-food/1634_food_breakfast-table-setting_uchiura-shigedera-numazu-japan_s23u_iso16-f1p7_20250308-091451_3000x4000.sdr.png	c25_center	1600-lilith-food	22	56
https://codec-corpus.r2.imazen.org/imazen-26-png-v3/8100-lilith-web-screenshots/1440x900/8108_web-screenshots_datagov-catalog_dpr1_page1_1440x900.sdr.png	c25_center	8100-lilith-web-screenshots	23	32
https://codec-corpus.r2.imazen.org/imazen-26-png-v3/6000-lilith-scans-public-patents/lynn_conway_us5046022_1bitoriginal/6016_scans-patents_lynn-conway-us5046022-1bit_p017_2320x3408.sdr.png	full	6000-lilith-scans-public-patents	24	10
https://codec-corpus.r2.imazen.org/imazen-26-png-v3/1400-lilith-nature/1496_nature_lake-with-boats_winthrop-maine_ip13pro_iso50-f1p5_fullsizerender-2_3411x2765.sdr.png	c50_tl	1400-lilith-nature	25	42
https://codec-corpus.r2.imazen.org/imazen-26-png-v3/9226-lilith-ai-products/clothing/mens/9424_gen_products-clothing-mens_tee-baseball-raglan_flat_p0195_1024x1024.sdr.png	c25_tl	9226-lilith-ai-products	26	33
https://codec-corpus.r2.imazen.org/imazen-26-png-v3/9000-lilith-ai-clipart/9026_gen_clipart_gift-box-bow_1024x1536.sdr.png	c50_tl	9000-lilith-ai-clipart	27	37
https://codec-corpus.r2.imazen.org/imazen-26-png-v3/9226-lilith-ai-products/footwear/9660_gen_products-footwear_mens-sport-sandals-olive_p0421_2816x1536.sdr.png	c25_tr	9226-lilith-ai-products	28	2
https://codec-corpus.r2.imazen.org/imazen-26-png-v3/6600-ia-scans-manuscript-illustrations/6602_scans-illustrations_haeckel-starfish_plate0040_4961x7277.sdr.png	c50_tl	6600-ia-scans-manuscript-illustrations	29	12
https://codec-corpus.r2.imazen.org/imazen-26-png-v3/9094-lilith-ai-illustrations/9118_gen_illustrations_farmers-market-stall_1536x1024.sdr.png	c50_center	9094-lilith-ai-illustrations	30	9
https://codec-corpus.r2.imazen.org/imazen-26-png-v3/8100-lilith-web-screenshots/1920x1080/8172_web-screenshots_lkml-lists-index_dpr1_page2_1920x1080.sdr.png	c50_tl	8100-lilith-web-screenshots	31	10
https://codec-corpus.r2.imazen.org/imazen-26-png-v3/9226-lilith-ai-products/clothing/mens/9396_gen_products-clothing-mens_grid-fleece-quarter-zip_p0167_2160x3840.sdr.png	c25_center	9226-lilith-ai-products	32	4
https://codec-corpus.r2.imazen.org/imazen-26-png-v3/8000-lilith-mobile-screenshots/8026_mobile-screenshots_news-channel-anchor_screenshot-20260526-072252-substack_1080x2520.sdr.png	c50_center	8000-lilith-mobile-screenshots	33	56
https://codec-corpus.r2.imazen.org/imazen-26-png-v3/7000-lilith-plots/grids/7042_plots_chart-00290-s4b1661bd_1024x1024.sdr.png	c50_bl	7000-lilith-plots	34	12
https://codec-corpus.r2.imazen.org/imazen-26-png-v3/8100-lilith-web-screenshots/768x1024/8370_web-screenshots_nps-yose_dpr1_page2_768x1024.sdr.png	c25_tl	8100-lilith-web-screenshots	35	18
https://codec-corpus.r2.imazen.org/imazen-26-png-v3/5200-epa-climate-impact-2021-report/5212_epa_climate-impact-2021_extreme-temp-labor-key-findings_p043_2968x3841.sdr.png	c25_br	5200-epa-climate-impact-2021-report	36	35
https://codec-corpus.r2.imazen.org/imazen-26-png-v3/9226-lilith-ai-products/electronics/9592_gen_products-electronics_harmonix-bluetooth-speaker_p0356_1024x1024.sdr.png	c25_center	9226-lilith-ai-products	37	1
https://codec-corpus.r2.imazen.org/imazen-26-png-v3/9226-lilith-ai-products/home/decor/9766_gen_products-home-decor_sunny-yellow-hand-towel-set_flat_p0527_1536x1024.sdr.png	c50_center	9226-lilith-ai-products	38	1
https://codec-corpus.r2.imazen.org/imazen-26-png-v3/7000-lilith-plots/aliased-line-patterns/7004_plots_line-00248-s7c5ddcfb_1024x1024.sdr.png	c50_bl	7000-lilith-plots	39	8
https://codec-corpus.r2.imazen.org/imazen-26-png-v3/9226-lilith-ai-products/home/furniture/9778_gen_products-home-furniture_kitchen-island-cart_p0539_1024x1536.sdr.png	full	9226-lilith-ai-products	40	58
https://codec-corpus.r2.imazen.org/imazen-26-png-v3/1600-lilith-food/1632_food_orange-juice-glass_uchiura-shigedera-numazu-japan_s23u_iso125-f2p4_20250307-182432_3000x4000.sdr.png	c50_br	1600-lilith-food	41	64
https://codec-corpus.r2.imazen.org/imazen-26-png-v3/8100-lilith-web-screenshots/375x667/8322_web-screenshots_usgs-main-home_dpr1_page2_375x667.sdr.png	c50_br	8100-lilith-web-screenshots	42	23
https://codec-corpus.r2.imazen.org/imazen-26-png-v3/6600-ia-scans-manuscript-illustrations/6604_scans-illustrations_haeckel-moths_plate0058_4865x7207.sdr.png	c50_tr	6600-ia-scans-manuscript-illustrations	43	1
https://codec-corpus.r2.imazen.org/imazen-26-png-v3/9094-lilith-ai-illustrations/9168_gen_illustrations_manga-yatai-noodles-slice-of-life_1536x1024.sdr.png	c50_br	9094-lilith-ai-illustrations	44	10
https://codec-corpus.r2.imazen.org/imazen-26-png-v3/8100-lilith-web-screenshots/375x667/8300_web-screenshots_nasa-webb_dpr1_page1_375x667.sdr.png	full	8100-lilith-web-screenshots	45	10
https://codec-corpus.r2.imazen.org/imazen-26-png-v3/9226-lilith-ai-products/clothing/kids/9374_gen_products-clothing-kids_hoodie-zip-yellow_onmodel_p0145_1024x1536.sdr.png	c50_tl	9226-lilith-ai-products	46	54
https://codec-corpus.r2.imazen.org/imazen-26-png-v3/9226-lilith-ai-products/clothing/womens/activewear/9440_gen_products-clothing-womens-activewear_bike-shorts-bra-yellow_onmodel_p0202_1024x1536.sdr.png	c25_bl	9226-lilith-ai-products	47	96
https://codec-corpus.r2.imazen.org/imazen-26-png-v3/8100-lilith-web-screenshots/1440x900/8114_web-screenshots_lkml-lists-index_dpr1_page2_1440x900.sdr.png	c25_tl	8100-lilith-web-screenshots	48	7
https://codec-corpus.r2.imazen.org/imazen-26-png-v3/8100-lilith-web-screenshots/375x667/8324_web-screenshots_weather-forecast-nyc_dpr1_page1_375x667.sdr.png	c50_tr	8100-lilith-web-screenshots	49	13
https://codec-corpus.r2.imazen.org/imazen-26-png-v3/7000-lilith-plots/aliased-polygons/7028_plots_line-00119-s142edf29_1024x1024.sdr.png	c50_center	7000-lilith-plots	50	12
https://codec-corpus.r2.imazen.org/imazen-26-png-v3/7000-lilith-plots/lines/7066_plots_line-concentric-00268-s2f977bbb_1024x1024.sdr.png	c50_bl	7000-lilith-plots	51	9
https://codec-corpus.r2.imazen.org/imazen-26-png-v3/8100-lilith-web-screenshots/2880x1800/8248_web-screenshots_nih-recipes-keep-the-beat_dpr2_page1_2880x1800.sdr.png	c25_tr	8100-lilith-web-screenshots	52	33
https://codec-corpus.r2.imazen.org/imazen-26-png-v3/9226-lilith-ai-products/home/decor/9736_gen_products-home-decor_brass-table-clock_p0497_1024x1024.sdr.png	c25_br	9226-lilith-ai-products	53	27
https://codec-corpus.r2.imazen.org/imazen-26-png-v3/9226-lilith-ai-products/clothing/fabric-textures/9354_gen_products-clothing-fabric-textures_swatch-tan-full-grain-leather_p0125_4096x4096.sdr.png	c25_bl	9226-lilith-ai-products	54	16
https://codec-corpus.r2.imazen.org/imazen-26-png-v3/1400-lilith-nature/1530_nature_whale-tail-ocean_ip13pro_iso32-f2p8_img-5574_3024x4032.sdr.png	c50_tr	1400-lilith-nature	55	23
https://codec-corpus.r2.imazen.org/imazen-26-png-v3/1400-lilith-nature/1486_nature_steaming-red-hot-spring_miyuki-beppu-japan_s23u_iso10-f1p7_20250311-151632_3000x4000.sdr.png	c50_br	1400-lilith-nature	56	15
https://codec-corpus.r2.imazen.org/imazen-26-png-v3/6800-ia-scans-manuscript-text/6824_scans-text_redoute-fr-description_p0052_2415x3528.sdr.png	c25_br	6800-ia-scans-manuscript-text	57	17
https://codec-corpus.r2.imazen.org/imazen-26-png-v3/8100-lilith-web-screenshots/375x667/8276_web-screenshots_climate-gov-home_dpr1_page2_375x667.sdr.png	c50_tl	8100-lilith-web-screenshots	58	12
https://codec-corpus.r2.imazen.org/imazen-26-png-v3/8100-lilith-web-screenshots/other/8414_web-screenshots_lkml-lists-index_dpr1_page1_1280x800.sdr.png	full	8100-lilith-web-screenshots	59	5
https://codec-corpus.r2.imazen.org/imazen-26-png-v3/9226-lilith-ai-products/clothing/fabric-textures/9352_gen_products-clothing-fabric-textures_swatch-buffalo-check-flannel_p0123_2048x2048.sdr.png	c50_tl	9226-lilith-ai-products	60	12
https://codec-corpus.r2.imazen.org/imazen-26-png-v3/9094-lilith-ai-illustrations/9158_gen_illustrations_vinyl-listening-room_1024x1536.sdr.png	c25_br	9094-lilith-ai-illustrations	61	12
https://codec-corpus.r2.imazen.org/imazen-26-png-v3/1200-lilith-interiors/1214_interiors_ornate-painted-ceiling_queen-s-grand-apartment-versailles_s23u_iso80-f2p2_20240424-123020_3000x3556.sdr.png	c50_bl	1200-lilith-interiors	62	22
https://codec-corpus.r2.imazen.org/imazen-26-png-v3/9226-lilith-ai-products/clothing/mens/9428_gen_products-clothing-mens_merino-wool-crew-socks-charcoal-teal_flat_p0199_2048x2048.sdr.png	c25_br	9226-lilith-ai-products	63	4
https://codec-corpus.r2.imazen.org/imazen-26-png-v3/7000-lilith-plots/aliased-polygons/7024_plots_line-00038-s335b5033_1024x1024.sdr.png	full	7000-lilith-plots	64	4
https://codec-corpus.r2.imazen.org/imazen-26-png-v3/8100-lilith-web-screenshots/other/8420_web-screenshots_nasa-missions_dpr1_page1_1024x768.sdr.png	c50_tl	8100-lilith-web-screenshots	65	34
https://codec-corpus.r2.imazen.org/imazen-26-png-v3/9094-lilith-ai-illustrations/9102_gen_illustrations_bicycle-fruit-crates-wall_1024x1536.sdr.png	c25_tl	9094-lilith-ai-illustrations	66	14
https://codec-corpus.r2.imazen.org/imazen-26-png-v3/6000-lilith-scans-public-patents/lynn_conway_us5046022_printrescangray300/6078_scans-patents_lynn-conway-us5046022-rescan-gray_p020_2479x3230.sdr.png	c50_tr	6000-lilith-scans-public-patents	67	53
https://codec-corpus.r2.imazen.org/imazen-26-png-v3/3000-art-institute-of-chicago-photos/3006_aic_hamamatsu-from-the-series-fifty-three-stations-o_4371_3000x2235.sdr.png	c50_br	3000-art-institute-of-chicago-photos	68	42
https://codec-corpus.r2.imazen.org/imazen-26-png-v3/9226-lilith-ai-products/clothing/womens/dark-bg/9468_gen_products-clothing-womens-dark-bg_cobalt-one-shoulder-dress_p0238_2160x3840.sdr.png	c50_br	9226-lilith-ai-products	69	34
https://codec-corpus.r2.imazen.org/imazen-26-png-v3/6600-ia-scans-manuscript-illustrations/6606_scans-illustrations_haeckel-red-algae_plate0065_5015x7275.sdr.png	c50_center	6600-ia-scans-manuscript-illustrations	70	2
https://codec-corpus.r2.imazen.org/imazen-26-png-v3/8100-lilith-web-screenshots/1920x1080/8196_web-screenshots_nps-grand-canyon_dpr1_page1_1920x1080.sdr.png	c50_center	8100-lilith-web-screenshots	71	42
https://codec-corpus.r2.imazen.org/imazen-26-png-v3/1000-lilith-photos-general/1022_general_thatched-roof-fence_azulik-city-arts-francisco-uh-may_s23u_iso50-f2p2_20230917-141034_3000x4000.sdr.png	c50_tl	1000-lilith-photos-general	72	8
https://codec-corpus.r2.imazen.org/imazen-26-png-v3/9226-lilith-ai-products/electronics/9614_gen_products-electronics_northkey-mechanical-keyboard_p0376_1536x1024.sdr.png	c50_br	9226-lilith-ai-products	73	41
https://codec-corpus.r2.imazen.org/imazen-26-png-v3/6000-lilith-scans-public-patents/lynn_conway_us5046022_printrescangray300/6060_scans-patents_lynn-conway-us5046022-rescan-gray_p002_2479x3230.sdr.png	c50_br	6000-lilith-scans-public-patents	74	43
https://codec-corpus.r2.imazen.org/imazen-26-png-v3/7000-lilith-plots/grids/7046_plots_line-00050-s221fd453_1024x1024.sdr.png	c50_tl	7000-lilith-plots	75	11
https://codec-corpus.r2.imazen.org/imazen-26-png-v3/5200-epa-climate-impact-2021-report/5212_epa_climate-impact-2021_extreme-temp-labor-key-findings_p043_2968x3841.sdr.png	c50_tl	5200-epa-climate-impact-2021-report	76	39
https://codec-corpus.r2.imazen.org/imazen-26-png-v3/9226-lilith-ai-products/electronics/9594_gen_products-electronics_harmonix-gaming-headset_p0358_1024x1536.sdr.png	full	9226-lilith-ai-products	77	70
https://codec-corpus.r2.imazen.org/imazen-26-png-v3/5000-national-park-service-brochures/color/5016_nps_grsm-grsm-area-map_color_p01_10182x5460.sdr.png	c25_br	5000-national-park-service-brochures	78	24
https://codec-corpus.r2.imazen.org/imazen-26-png-v3/5200-epa-climate-impact-2021-report/5202_epa_climate-impact-2021_fig-es1-six-impacts_p005_2968x3841.sdr.png	c50_tr	5200-epa-climate-impact-2021-report	79	26
https://codec-corpus.r2.imazen.org/imazen-26-png-v3/9094-lilith-ai-illustrations/9164_gen_illustrations_manga-battle-shonen-whoosh_1024x1536.sdr.png	c50_bl	9094-lilith-ai-illustrations	80	6
https://codec-corpus.r2.imazen.org/imazen-26-png-v3/9226-lilith-ai-products/clothing/womens/activewear/9448_gen_products-clothing-womens-activewear_tank-shorts-sage_onmodel_p0219_1024x1536.sdr.png	c25_tr	9226-lilith-ai-products	81	26
https://codec-corpus.r2.imazen.org/imazen-26-png-v3/5000-national-park-service-brochures/color/5030_nps_yell-2025-yellowstone_color_p01_4961x7016.sdr.png	c50_tl	5000-national-park-service-brochures	82	34
https://codec-corpus.r2.imazen.org/imazen-26-png-v3/1400-lilith-nature/1508_nature_ice-cave-interior_hornafjordur-iceland_ip13pro_iso1000-f1p8_img-0474_4032x3024.sdr.png	full	1400-lilith-nature	83	26
https://codec-corpus.r2.imazen.org/imazen-26-png-v3/6800-ia-scans-manuscript-text/6828_scans-text_redoute-fr-description_p0095_2445x3519.sdr.png	c50_tl	6800-ia-scans-manuscript-text	84	40
https://codec-corpus.r2.imazen.org/imazen-26-png-v3/8100-lilith-web-screenshots/375x667/8300_web-screenshots_nasa-webb_dpr1_page1_375x667.sdr.png	c50_br	8100-lilith-web-screenshots	85	13
https://codec-corpus.r2.imazen.org/imazen-26-png-v3/2400-unsplash-textures/2402_textures_glow-in-dark_by-haberdoedas-5bsnvq1qtis-unsplash_8736x11648.sdr.png	c50_bl	2400-unsplash-textures	86	20
https://codec-corpus.r2.imazen.org/imazen-26-png-v3/9094-lilith-ai-illustrations/9138_gen_illustrations_plant-watering-ritual_1024x1536.sdr.png	c50_tl	9094-lilith-ai-illustrations	87	4
https://codec-corpus.r2.imazen.org/imazen-26-png-v3/9226-lilith-ai-products/footwear/9652_gen_products-footwear_womens-slide-sandal-coral_p0413_1536x1024.sdr.png	c50_bl	9226-lilith-ai-products	88	42
https://codec-corpus.r2.imazen.org/imazen-26-png-v3/9094-lilith-ai-illustrations/9100_gen_illustrations_bath-candles-evening_1024x1536.sdr.png	c50_bl	9094-lilith-ai-illustrations	89	28
https://codec-corpus.r2.imazen.org/imazen-26-png-v3/8100-lilith-web-screenshots/other/8410_web-screenshots_gutenberg-top_dpr1_page1_1280x800.sdr.png	c25_bl	8100-lilith-web-screenshots	90	13
https://codec-corpus.r2.imazen.org/imazen-26-png-v3/7000-lilith-plots/grids/7044_plots_chart-00338-s6215c94e_1024x1024.sdr.png	c50_bl	7000-lilith-plots	91	10
https://codec-corpus.r2.imazen.org/imazen-26-png-v3/9226-lilith-ai-products/clothing/womens/general/9490_gen_products-clothing-womens-general_cobalt-puff-sleeve-mini_onmodel_p0259_1024x1536.sdr.png	c25_bl	9226-lilith-ai-products	92	32
https://codec-corpus.r2.imazen.org/imazen-26-png-v3/8100-lilith-web-screenshots/other/8414_web-screenshots_lkml-lists-index_dpr1_page1_1280x800.sdr.png	c50_center	8100-lilith-web-screenshots	93	3
https://codec-corpus.r2.imazen.org/imazen-26-png-v3/9226-lilith-ai-products/home/decor/9746_gen_products-home-decor_dusty-blue-quilted-coverlet_flat_p0507_1536x1024.sdr.png	c25_center	9226-lilith-ai-products	94	4
https://codec-corpus.r2.imazen.org/imazen-26-png-v3/7000-lilith-plots/grids/7038_plots_chart-00144-s2f4e8e1b_1024x1024.sdr.png	c25_tr	7000-lilith-plots	95	10
https://codec-corpus.r2.imazen.org/imazen-26-png-v3/8100-lilith-web-screenshots/2880x1800/8232_web-screenshots_loc-exhibitions_dpr2_page1_2880x1800.sdr.png	c25_br	8100-lilith-web-screenshots	96	66
https://codec-corpus.r2.imazen.org/imazen-26-png-v3/8100-lilith-web-screenshots/1920x1080/8172_web-screenshots_lkml-lists-index_dpr1_page2_1920x1080.sdr.png	c50_tr	8100-lilith-web-screenshots	97	2
https://codec-corpus.r2.imazen.org/imazen-26-png-v3/8000-lilith-mobile-screenshots/8022_mobile-screenshots_kansas-judge-writes_screenshot-20260526-072125-substack_1080x2520.sdr.png	c50_tl	8000-lilith-mobile-screenshots	98	11
https://codec-corpus.r2.imazen.org/imazen-26-png-v3/8100-lilith-web-screenshots/768x1024/8346_web-screenshots_loc-pictures_dpr1_page2_768x1024.sdr.png	c50_center	8100-lilith-web-screenshots	99	10
https://codec-corpus.r2.imazen.org/imazen-26-png-v3/9226-lilith-ai-products/clothing/womens/general/9532_gen_products-clothing-womens-general_gingham-shirt-dress_ghost_p0297_1024x1536.sdr.png	c25_center	9226-lilith-ai-products	100	1
https://codec-corpus.r2.imazen.org/imazen-26-png-v3/1400-lilith-nature/1452_nature_ice-strewn-beach_diamond-beach-hornafjordur_s23u_iso1600-f1p7_20231207-161801_1868x4000.sdr.png	c25_center	1400-lilith-nature	101	13
https://codec-corpus.r2.imazen.org/imazen-26-png-v3/6000-lilith-scans-public-patents/yvonne_brill_us3807657_1bitoriginal/6100_scans-patents_yvonne-brill-us3807657-1bit_p003_2320x3408.sdr.png	c25_tl	6000-lilith-scans-public-patents	102	38
https://codec-corpus.r2.imazen.org/imazen-26-png-v3/6600-ia-scans-manuscript-illustrations/6610_scans-illustrations_hokusai-boats-waves_plate0024_6147x4840.sdr.png	c50_br	6600-ia-scans-manuscript-illustrations	103	35
https://codec-corpus.r2.imazen.org/imazen-26-png-v3/3000-art-institute-of-chicago-photos/3006_aic_hamamatsu-from-the-series-fifty-three-stations-o_4371_3000x2235.sdr.png	c50_bl	3000-art-institute-of-chicago-photos	104	24
https://codec-corpus.r2.imazen.org/imazen-26-png-v3/7000-lilith-plots/aliased-polygons/7032_plots_line-00210-s2771b783_1024x1024.sdr.png	full	7000-lilith-plots	105	5
https://codec-corpus.r2.imazen.org/imazen-26-png-v3/8100-lilith-web-screenshots/other/8414_web-screenshots_lkml-lists-index_dpr1_page1_1280x800.sdr.png	c25_tl	8100-lilith-web-screenshots	106	7
https://codec-corpus.r2.imazen.org/imazen-26-png-v3/7000-lilith-plots/grids/7040_plots_chart-00265-s5af4c1ef_1024x1024.sdr.png	c50_tl	7000-lilith-plots	107	10
https://codec-corpus.r2.imazen.org/imazen-26-png-v3/9226-lilith-ai-products/clothing/womens/general/9546_gen_products-clothing-womens-general_yellow-cropped-cardigan_onmodel_p0311_1024x1536.sdr.png	c50_center	9226-lilith-ai-products	108	17
https://codec-corpus.r2.imazen.org/imazen-26-png-v3/9000-lilith-ai-clipart/9040_gen_clipart_lightning-bolt_1024x1536.sdr.png	c50_tr	9000-lilith-ai-clipart	109	14
https://codec-corpus.r2.imazen.org/imazen-26-png-v3/6600-ia-scans-manuscript-illustrations/6604_scans-illustrations_haeckel-moths_plate0058_4865x7207.sdr.png	c50_br	6600-ia-scans-manuscript-illustrations	110	1
https://codec-corpus.r2.imazen.org/imazen-26-png-v3/1400-lilith-nature/1514_nature_purple-allium-flowers_colorado_ip8plus_iso20-f2p8_img-1310_3024x4032.sdr.png	c25_bl	1400-lilith-nature	111	41
https://codec-corpus.r2.imazen.org/imazen-26-png-v3/1200-lilith-interiors/1218_interiors_bathroom-sinks-mirror_las-5-calles-valladolid_s23u_iso320-f1p7_20240529-081045_3000x4000.sdr.png	c50_center	1200-lilith-interiors	112	54
https://codec-corpus.r2.imazen.org/imazen-26-png-v3/9226-lilith-ai-products/grocery/9678_gen_products-grocery_cereal-box-coral_p0439_1024x1536.sdr.png	c50_br	9226-lilith-ai-products	113	30
https://codec-corpus.r2.imazen.org/imazen-26-png-v3/8000-lilith-mobile-screenshots/8020_mobile-screenshots_dashboard-analytics_screenshot-20260526-071748-brave_1968x2184.sdr.png	c50_tr	8000-lilith-mobile-screenshots	114	27
https://codec-corpus.r2.imazen.org/imazen-26-png-v3/5300-noaa-hurricane-documents/5314_noaa_nhc-al062024-francine_p01_2550x3300.sdr.png	c25_center	5300-noaa-hurricane-documents	115	1
https://codec-corpus.r2.imazen.org/imazen-26-png-v3/8100-lilith-web-screenshots/1440x900/8108_web-screenshots_datagov-catalog_dpr1_page1_1440x900.sdr.png	c25_tr	8100-lilith-web-screenshots	116	42
https://codec-corpus.r2.imazen.org/imazen-26-png-v3/8100-lilith-web-screenshots/1440x900/8132_web-screenshots_nih-home_dpr1_page2_1440x900.sdr.png	full	8100-lilith-web-screenshots	117	13
https://codec-corpus.r2.imazen.org/imazen-26-png-v3/2400-unsplash-textures/2404_textures_tree-bark-texture_by-hwang-sanguk-k0tljwrabxg-unsplash_3024x3024.sdr.png	c50_center	2400-unsplash-textures	118	3
https://codec-corpus.r2.imazen.org/imazen-26-png-v3/6000-lilith-scans-public-patents/lynn_conway_us5046022_1bitoriginal/6014_scans-patents_lynn-conway-us5046022-1bit_p015_2320x3408.sdr.png	c50_tl	6000-lilith-scans-public-patents	119	51
https://codec-corpus.r2.imazen.org/imazen-26-png-v3/8100-lilith-web-screenshots/1440x900/8110_web-screenshots_federalreserve-data_dpr1_page1_1440x900.sdr.png	c50_bl	8100-lilith-web-screenshots	120	19
https://codec-corpus.r2.imazen.org/imazen-26-png-v3/9226-lilith-ai-products/baby/9264_gen_products-baby_footed-sleeper-sky-blue_flat_p0036_3072x5504.sdr.png	c50_tl	9226-lilith-ai-products	121	26
https://codec-corpus.r2.imazen.org/imazen-26-png-v3/2200-unsplash-renders/2210_renders_abstract-line-pattern_by-resource-database-xp6ngsgxck0-unsplash_4000x5000.sdr.png	c50_br	2200-unsplash-renders	122	11
https://codec-corpus.r2.imazen.org/imazen-26-png-v3/3300-met-museum-photos/3300_met_still-life-violin-and-music_10997_2832x3722.sdr.png	c50_bl	3300-met-museum-photos	123	43
https://codec-corpus.r2.imazen.org/imazen-26-png-v3/1200-lilith-interiors/1202_interiors_abstract-textured-pattern_seattle-center-seattle_s23u_iso1000-f1p7_20230727-164305_3000x4000.sdr.png	c50_bl	1200-lilith-interiors	124	17
https://codec-corpus.r2.imazen.org/imazen-26-png-v3/9226-lilith-ai-products/clothing/kids/9390_gen_products-clothing-kids_tee-graphic-truck_p0161_1024x1024.sdr.png	c25_bl	9226-lilith-ai-products	125	93
https://codec-corpus.r2.imazen.org/imazen-26-png-v3/8100-lilith-web-screenshots/375x667/8288_web-screenshots_loc-pictures_dpr1_page1_375x667.sdr.png	c50_tr	8100-lilith-web-screenshots	126	18
https://codec-corpus.r2.imazen.org/imazen-26-png-v3/9226-lilith-ai-products/whitelabeled-beauty/9922_gen_products-whitelabeled-beauty_frosted-eye-cream-jar_p0683_1024x1024.sdr.png	c25_tr	9226-lilith-ai-products	127	11
https://codec-corpus.r2.imazen.org/imazen-26-png-v3/8100-lilith-web-screenshots/2880x1800/8220_web-screenshots_archives-exhibits_dpr2_page1_2880x1800.sdr.png	c25_tr	8100-lilith-web-screenshots	128	41
https://codec-corpus.r2.imazen.org/imazen-26-png-v3/9094-lilith-ai-illustrations/9150_gen_illustrations_swimmer-poolside-climbing-out_1024x1536.sdr.png	c50_br	9094-lilith-ai-illustrations	129	5
https://codec-corpus.r2.imazen.org/imazen-26-png-v3/6000-lilith-scans-public-patents/lynn_conway_us5046022_printrescancolor300/6052_scans-patents_lynn-conway-us5046022-rescan-color_p024_2479x3230.sdr.png	c50_br	6000-lilith-scans-public-patents	130	14
https://codec-corpus.r2.imazen.org/imazen-26-png-v3/9226-lilith-ai-products/electronics/9584_gen_products-electronics_axion-smart-speaker_p0348_1024x1536.sdr.png	c25_tl	9226-lilith-ai-products	131	54
https://codec-corpus.r2.imazen.org/imazen-26-png-v3/8100-lilith-web-screenshots/2880x1800/8222_web-screenshots_bls-employment-situation_dpr2_page1_2880x1800.sdr.png	c50_tl	8100-lilith-web-screenshots	132	24
https://codec-corpus.r2.imazen.org/imazen-26-png-v3/1000-lilith-photos-general/1002_general_oceanfront-hotel-building_ka-anapali-beach-kaanapali_s21u_iso640-f1p8_20210608-052615_4000x3000.sdr.png	c50_center	1000-lilith-photos-general	133	58
https://codec-corpus.r2.imazen.org/imazen-26-png-v3/6600-ia-scans-manuscript-illustrations/6606_scans-illustrations_haeckel-red-algae_plate0065_5015x7275.sdr.png	c25_br	6600-ia-scans-manuscript-illustrations	134	3
https://codec-corpus.r2.imazen.org/imazen-26-png-v3/9226-lilith-ai-products/clothing/womens/general/9546_gen_products-clothing-womens-general_yellow-cropped-cardigan_onmodel_p0311_1024x1536.sdr.png	full	9226-lilith-ai-products	135	33
https://codec-corpus.r2.imazen.org/imazen-26-png-v3/8100-lilith-web-screenshots/375x667/8310_web-screenshots_nps-yellowstone_dpr1_page2_375x667.sdr.png	c50_center	8100-lilith-web-screenshots	136	32
https://codec-corpus.r2.imazen.org/imazen-26-png-v3/6000-lilith-scans-public-patents/lynn_conway_us5046022_printrescangray300/6068_scans-patents_lynn-conway-us5046022-rescan-gray_p010_2479x3230.sdr.png	c25_br	6000-lilith-scans-public-patents	137	51
https://codec-corpus.r2.imazen.org/imazen-26-png-v3/8100-lilith-web-screenshots/2880x1800/8236_web-screenshots_nasa-artemis_dpr2_page1_2880x1800.sdr.png	c25_tr	8100-lilith-web-screenshots	138	24
https://codec-corpus.r2.imazen.org/imazen-26-png-v3/1400-lilith-nature/1430_nature_pink-rose-flower_kyoto-botanical-garden-kyoto_s23u_iso10-f1p7_20231107-140117_3000x4000.sdr.png	c25_bl	1400-lilith-nature	139	34
https://codec-corpus.r2.imazen.org/imazen-26-png-v3/1400-lilith-nature/1472_nature_sunset-over-parking-lot_colorado_s23u_iso25-f1p7_20241220-165246_4000x3000.sdr.png	c25_tl	1400-lilith-nature	140	34
https://codec-corpus.r2.imazen.org/imazen-26-png-v3/8100-lilith-web-screenshots/375x667/8278_web-screenshots_datagov-catalog_dpr1_page2_375x667.sdr.png	c50_br	8100-lilith-web-screenshots	141	22
https://codec-corpus.r2.imazen.org/imazen-26-png-v3/9226-lilith-ai-products/clothing/womens/general/9526_gen_products-clothing-womens-general_denim-jacket_flat_p0291_1024x1024.sdr.png	full	9226-lilith-ai-products	142	37
https://codec-corpus.r2.imazen.org/imazen-26-png-v3/1000-lilith-photos-general/1060_general_tiered-floral-cake_colorado_s23u_iso125-f1p7_20250202-141907_3000x4000.sdr.png	c50_bl	1000-lilith-photos-general	143	41
https://codec-corpus.r2.imazen.org/imazen-26-png-v3/5300-noaa-hurricane-documents/5310_noaa_nhc-al022024-beryl_p51_2550x3300.sdr.png	c50_tr	5300-noaa-hurricane-documents	144	76
https://codec-corpus.r2.imazen.org/imazen-26-png-v3/9226-lilith-ai-products/clothing/womens/dark-bg/9480_gen_products-clothing-womens-dark-bg_tropical-floral-maxi_p0249_2160x3840.sdr.png	c25_tr	9226-lilith-ai-products	145	26
https://codec-corpus.r2.imazen.org/imazen-26-png-v3/9226-lilith-ai-products/accessories/9252_gen_products-accessories_tomato-statement-earrings_p0024_1024x1024.sdr.png	c50_tl	9226-lilith-ai-products	146	66
https://codec-corpus.r2.imazen.org/imazen-26-png-v3/7000-lilith-plots/polygons/7080_plots_line-polygons-00081-s68404bb1_1024x1024.sdr.png	c50_tl	7000-lilith-plots	147	35
https://codec-corpus.r2.imazen.org/imazen-26-png-v3/8100-lilith-web-screenshots/375x667/8312_web-screenshots_nps-yose_dpr1_page2_375x667.sdr.png	c25_tl	8100-lilith-web-screenshots	148	6
https://codec-corpus.r2.imazen.org/imazen-26-png-v3/6000-lilith-scans-public-patents/lynn_conway_us5046022_printrescancolor300/6034_scans-patents_lynn-conway-us5046022-rescan-color_p006_2479x3230.sdr.png	c50_bl	6000-lilith-scans-public-patents	149	32
https://codec-corpus.r2.imazen.org/imazen-26-png-v3/6600-ia-scans-manuscript-illustrations/6604_scans-illustrations_haeckel-moths_plate0058_4865x7207.sdr.png	c50_tl	6600-ia-scans-manuscript-illustrations	150	4
https://codec-corpus.r2.imazen.org/imazen-26-png-v3/6800-ia-scans-manuscript-text/6826_scans-text_redoute-fr-description_p0066_2415x3528.sdr.png	c50_br	6800-ia-scans-manuscript-text	151	23
https://codec-corpus.r2.imazen.org/imazen-26-png-v3/7000-lilith-plots/lines/7060_plots_line-concentric-00020-s1aac7045_1024x1024.sdr.png	c25_tr	7000-lilith-plots	152	9
https://codec-corpus.r2.imazen.org/imazen-26-png-v3/8100-lilith-web-screenshots/1920x1080/8216_web-screenshots_weatherportal-home_dpr1_page1_1920x1080.sdr.png	c50_tl	8100-lilith-web-screenshots	153	28
https://codec-corpus.r2.imazen.org/imazen-26-png-v3/9226-lilith-ai-products/grocery/9700_gen_products-grocery_wildoak-old-fashioned-oats-canister_p0461_1024x1536.sdr.png	c25_tr	9226-lilith-ai-products	154	22
https://codec-corpus.r2.imazen.org/imazen-26-png-v3/6600-ia-scans-manuscript-illustrations/6630_scans-illustrations_trouvelot-aurora_plate04_5133x4773.sdr.png	c50_tl	6600-ia-scans-manuscript-illustrations	155	28
https://codec-corpus.r2.imazen.org/imazen-26-png-v3/9226-lilith-ai-products/beauty/9292_gen_products-beauty_bryn-birch-brand-set_flat_p0063_1536x1024.sdr.png	c50_tl	9226-lilith-ai-products	156	67
https://codec-corpus.r2.imazen.org/imazen-26-png-v3/7000-lilith-plots/random-charts/7094_plots_chart-00132-s681da868_1024x1024.sdr.png	c50_center	7000-lilith-plots	157	5
https://codec-corpus.r2.imazen.org/imazen-26-png-v3/6000-lilith-scans-public-patents/lynn_conway_us5046022_1bitoriginal/6026_scans-patents_lynn-conway-us5046022-1bit_p027_2320x3408.sdr.png	c25_br	6000-lilith-scans-public-patents	158	11
https://codec-corpus.r2.imazen.org/imazen-26-png-v3/3000-art-institute-of-chicago-photos/3010_aic_self-portrait_80607_4000x5097.sdr.png	c25_br	3000-art-institute-of-chicago-photos	159	21
https://codec-corpus.r2.imazen.org/imazen-26-png-v3/8100-lilith-web-screenshots/1920x1080/8206_web-screenshots_si-edu-exhibitions_dpr1_page1_1920x1080.sdr.png	c50_tl	8100-lilith-web-screenshots	160	14
https://codec-corpus.r2.imazen.org/imazen-26-png-v3/7000-lilith-plots/aliased-lines/7006_plots_line-00012-s2be0c08d_1024x1024.sdr.png	c50_center	7000-lilith-plots	161	4
https://codec-corpus.r2.imazen.org/imazen-26-png-v3/9226-lilith-ai-products/clothing/kids/9360_gen_products-clothing-kids_baby-overalls-denim-light-wash_flat_p0131_1024x1536.sdr.png	c25_center	9226-lilith-ai-products	162	1
https://codec-corpus.r2.imazen.org/imazen-26-png-v3/9226-lilith-ai-products/home/decor/9748_gen_products-home-decor_framed-abstract-art-print_p0509_1024x1536.sdr.png	c50_bl	9226-lilith-ai-products	163	61
https://codec-corpus.r2.imazen.org/imazen-26-png-v3/7000-lilith-plots/aliased-lines/7008_plots_line-00027-s195cfe6a_1024x1024.sdr.png	c50_bl	7000-lilith-plots	164	16
https://codec-corpus.r2.imazen.org/imazen-26-png-v3/9226-lilith-ai-products/clothing/womens/activewear/9448_gen_products-clothing-womens-activewear_tank-shorts-sage_onmodel_p0219_1024x1536.sdr.png	c50_bl	9226-lilith-ai-products	165	55
https://codec-corpus.r2.imazen.org/imazen-26-png-v3/9094-lilith-ai-illustrations/9128_gen_illustrations_invented-tarot-card_1024x1536.sdr.png	c50_br	9094-lilith-ai-illustrations	166	26
https://codec-corpus.r2.imazen.org/imazen-26-png-v3/6000-lilith-scans-public-patents/lynn_conway_us5046022_1bitoriginal/6014_scans-patents_lynn-conway-us5046022-1bit_p015_2320x3408.sdr.png	c50_center	6000-lilith-scans-public-patents	167	8
https://codec-corpus.r2.imazen.org/imazen-26-png-v3/1400-lilith-nature/1416_nature_ocean-sunset-silhouette_keauhou-kahaluu-heritage-center-kahaluu-keauhou_s21u_iso50-f4p9_20221031-174022_4000x3000.sdr.png	c50_center	1400-lilith-nature	168	29
https://codec-corpus.r2.imazen.org/imazen-26-png-v3/3300-met-museum-photos/3320_met_six-jewel-rivers_53427_3841x2149.sdr.png	c25_br	3300-met-museum-photos	169	1
https://codec-corpus.r2.imazen.org/imazen-26-png-v3/3300-met-museum-photos/3320_met_six-jewel-rivers_53427_3841x2149.sdr.png	c25_tr	3300-met-museum-photos	170	1
https://codec-corpus.r2.imazen.org/imazen-26-png-v3/7000-lilith-plots/lines/7070_plots_line-voronoi-00012-s2be0c08d_1024x1024.sdr.png	c25_center	7000-lilith-plots	171	13
https://codec-corpus.r2.imazen.org/imazen-26-png-v3/3300-met-museum-photos/3320_met_six-jewel-rivers_53427_3841x2149.sdr.png	c50_bl	3300-met-museum-photos	172	4
https://codec-corpus.r2.imazen.org/imazen-26-png-v3/9094-lilith-ai-illustrations/9152_gen_illustrations_taxi-rainy-evening_1024x1536.sdr.png	c50_tl	9094-lilith-ai-illustrations	173	4
https://codec-corpus.r2.imazen.org/imazen-26-png-v3/8100-lilith-web-screenshots/1440x900/8134_web-screenshots_nps-grand-canyon_dpr1_page1_1440x900.sdr.png	c25_tl	8100-lilith-web-screenshots	174	21
https://codec-corpus.r2.imazen.org/imazen-26-png-v3/6000-lilith-scans-public-patents/lynn_conway_us5046022_printrescangray300/6084_scans-patents_lynn-conway-us5046022-rescan-gray_p026_2479x3230.sdr.png	c50_center	6000-lilith-scans-public-patents	175	18
https://codec-corpus.r2.imazen.org/imazen-26-png-v3/8100-lilith-web-screenshots/768x1024/8344_web-screenshots_loc-exhibits_dpr1_page1_768x1024.sdr.png	c25_bl	8100-lilith-web-screenshots	176	19
https://codec-corpus.r2.imazen.org/imazen-26-png-v3/8100-lilith-web-screenshots/2880x1800/8230_web-screenshots_lkml-lists-index_dpr2_page1_2880x1800.sdr.png	c25_br	8100-lilith-web-screenshots	177	5
https://codec-corpus.r2.imazen.org/imazen-26-png-v3/9094-lilith-ai-illustrations/9116_gen_illustrations_desert-twilight-saguaro_1024x1536.sdr.png	c25_bl	9094-lilith-ai-illustrations	178	4
https://codec-corpus.r2.imazen.org/imazen-26-png-v3/7000-lilith-plots/aliased-line-patterns/7000_plots_line-00056-s6bcec02a_1024x1024.sdr.png	c25_tr	7000-lilith-plots	179	10
https://codec-corpus.r2.imazen.org/imazen-26-png-v3/3300-met-museum-photos/3302_met_landscape_11774_2362x1585.sdr.png	c50_br	3300-met-museum-photos	180	9
https://codec-corpus.r2.imazen.org/imazen-26-png-v3/7000-lilith-plots/aliased-lines/7020_plots_line-00268-s2f977bbb_1024x1024.sdr.png	c50_bl	7000-lilith-plots	181	5
https://codec-corpus.r2.imazen.org/imazen-26-png-v3/8000-lilith-mobile-screenshots/8012_mobile-screenshots_on-screen-keyboard_screenshot-20260526-070935-calculator_1080x2520.sdr.png	c25_bl	8000-lilith-mobile-screenshots	182	20
https://codec-corpus.r2.imazen.org/imazen-26-png-v3/8000-lilith-mobile-screenshots/8000_mobile-screenshots_imageflow-server_screenshot-20260526-065435-brave_1968x2184.sdr.png	c50_tr	8000-lilith-mobile-screenshots	183	71
https://codec-corpus.r2.imazen.org/imazen-26-png-v3/8100-lilith-web-screenshots/1920x1080/8166_web-screenshots_datagov-catalog_dpr1_page2_1920x1080.sdr.png	c50_tr	8100-lilith-web-screenshots	184	18
https://codec-corpus.r2.imazen.org/imazen-26-png-v3/8100-lilith-web-screenshots/other/8462_web-screenshots_usgs-topoview_dpr1_page1_1280x800.sdr.png	c50_bl	8100-lilith-web-screenshots	185	21
https://codec-corpus.r2.imazen.org/imazen-26-png-v3/8100-lilith-web-screenshots/1440x900/8112_web-screenshots_gutenberg-top_dpr1_page2_1440x900.sdr.png	c25_tl	8100-lilith-web-screenshots	186	5
https://codec-corpus.r2.imazen.org/imazen-26-png-v3/9226-lilith-ai-products/grocery/whitelabel/9716_gen_products-grocery-whitelabel_popcorn-bag-blush_p0477_1024x1536.sdr.png	c25_center	9226-lilith-ai-products	187	36
https://codec-corpus.r2.imazen.org/imazen-26-png-v3/6000-lilith-scans-public-patents/lynn_conway_us5046022_printrescancolor300/6044_scans-patents_lynn-conway-us5046022-rescan-color_p016_2479x3230.sdr.png	c25_center	6000-lilith-scans-public-patents	188	22
https://codec-corpus.r2.imazen.org/imazen-26-png-v3/1000-lilith-photos-general/1022_general_thatched-roof-fence_azulik-city-arts-francisco-uh-may_s23u_iso50-f2p2_20230917-141034_3000x4000.sdr.png	c50_center	1000-lilith-photos-general	189	5
https://codec-corpus.r2.imazen.org/imazen-26-png-v3/9000-lilith-ai-clipart/9074_gen_clipart_teapot-classic_1024x1536.sdr.png	full	9000-lilith-ai-clipart	190	62
https://codec-corpus.r2.imazen.org/imazen-26-png-v3/5000-national-park-service-brochures/color/5028_nps_wrst-wrst-chinese-reduced_color_p01_4961x7016.sdr.png	c50_tr	5000-national-park-service-brochures	191	22
https://codec-corpus.r2.imazen.org/imazen-26-png-v3/8100-lilith-web-screenshots/375x667/8282_web-screenshots_lkml-lists-index_dpr1_page1_375x667.sdr.png	c25_tl	8100-lilith-web-screenshots	192	1
https://codec-corpus.r2.imazen.org/imazen-26-png-v3/9226-lilith-ai-products/home/small-appliances/9850_gen_products-home-small-appliances_kettlebay-espresso-machine_p0611_1024x1536.sdr.png	c50_tr	9226-lilith-ai-products	193	68
https://codec-corpus.r2.imazen.org/imazen-26-png-v3/7000-lilith-plots/polygons/7078_plots_line-polygons-00038-s335b5033_1024x1024.sdr.png	c25_center	7000-lilith-plots	194	2
https://codec-corpus.r2.imazen.org/imazen-26-png-v3/7000-lilith-plots/aliased-lines/7018_plots_line-00266-s0bc1d2a4_1024x1024.sdr.png	c50_bl	7000-lilith-plots	195	5
https://codec-corpus.r2.imazen.org/imazen-26-png-v3/7000-lilith-plots/random-charts/7098_plots_chart-00268-s32c66252_1024x1024.sdr.png	c50_bl	7000-lilith-plots	196	15
https://codec-corpus.r2.imazen.org/imazen-26-png-v3/6600-ia-scans-manuscript-illustrations/6604_scans-illustrations_haeckel-moths_plate0058_4865x7207.sdr.png	c50_center	6600-ia-scans-manuscript-illustrations	197	1
https://codec-corpus.r2.imazen.org/imazen-26-png-v3/7000-lilith-plots/polygons/7076_plots_line-polygons-00001-s4fc8f443_1024x1024.sdr.png	c50_bl	7000-lilith-plots	198	13
https://codec-corpus.r2.imazen.org/imazen-26-png-v3/9226-lilith-ai-products/footwear/9646_gen_products-footwear_mens-slide-sport-charcoal_p0407_1536x1024.sdr.png	c50_center	9226-lilith-ai-products	199	28
https://codec-corpus.r2.imazen.org/imazen-26-png-v3/9226-lilith-ai-products/clothing/womens/general/9526_gen_products-clothing-womens-general_denim-jacket_flat_p0291_1024x1024.sdr.png	c50_center	9226-lilith-ai-products	200	10
https://codec-corpus.r2.imazen.org/imazen-26-png-v3/6600-ia-scans-manuscript-illustrations/6600_scans-illustrations_haeckel-cephalopods_plate0007_4988x7151.sdr.png	c50_br	6600-ia-scans-manuscript-illustrations	201	14
https://codec-corpus.r2.imazen.org/imazen-26-png-v3/9226-lilith-ai-products/clothing/kids/9360_gen_products-clothing-kids_baby-overalls-denim-light-wash_flat_p0131_1024x1536.sdr.png	c50_br	9226-lilith-ai-products	202	3
https://codec-corpus.r2.imazen.org/imazen-26-png-v3/1600-lilith-food/1612_food_fried-fish-and-fries_s23u_iso25-f1p7_20230730-142545-0_4000x3000.sdr.png	c25_bl	1600-lilith-food	203	46
https://codec-corpus.r2.imazen.org/imazen-26-png-v3/8100-lilith-web-screenshots/1920x1080/8214_web-screenshots_weather-forecast-nyc_dpr1_page1_1920x1080.sdr.png	c50_bl	8100-lilith-web-screenshots	204	69
https://codec-corpus.r2.imazen.org/imazen-26-png-v3/9226-lilith-ai-products/footwear/9674_gen_products-footwear_womens-trail-running-shoes-teal_p0435_2816x1536.sdr.png	c25_tl	9226-lilith-ai-products	205	6
https://codec-corpus.r2.imazen.org/imazen-26-png-v3/9226-lilith-ai-products/whitelabeled-beauty/9920_gen_products-whitelabeled-beauty_facial-oil-amber_p0681_2048x2048.sdr.png	c50_tl	9226-lilith-ai-products	206	45
https://codec-corpus.r2.imazen.org/imazen-26-png-v3/7000-lilith-plots/line-patterns/7056_plots_line-tiling-00118-s306ca2bd_1024x1024.sdr.png	c50_bl	7000-lilith-plots	207	12
https://codec-corpus.r2.imazen.org/imazen-26-png-v3/9226-lilith-ai-products/clothing/mens/9412_gen_products-clothing-mens_marled-merino-crewneck_ghost_p0183_1024x1536.sdr.png	c25_center	9226-lilith-ai-products	208	1
https://codec-corpus.r2.imazen.org/imazen-26-png-v3/6000-lilith-scans-public-patents/yvonne_brill_us3807657_1bitoriginal/6098_scans-patents_yvonne-brill-us3807657-1bit_p001_2320x3408.sdr.png	c25_bl	6000-lilith-scans-public-patents	209	32
https://codec-corpus.r2.imazen.org/imazen-26-png-v3/9094-lilith-ai-illustrations/9094_gen_illustrations_abstract-floral-gouache_1024x1536.sdr.png	c50_br	9094-lilith-ai-illustrations	210	37
https://codec-corpus.r2.imazen.org/imazen-26-png-v3/8100-lilith-web-screenshots/768x1024/8346_web-screenshots_loc-pictures_dpr1_page2_768x1024.sdr.png	c25_tr	8100-lilith-web-screenshots	211	2
https://codec-corpus.r2.imazen.org/imazen-26-png-v3/2000-unsplash-people/2004_people_by-christian-agbede-a1gwjze3il4-unsplash_2945x4417.sdr.png	c25_br	2000-unsplash-people	212	8
https://codec-corpus.r2.imazen.org/imazen-26-png-v3/9094-lilith-ai-illustrations/9096_gen_illustrations_alpine-meadow-summer_1024x1536.sdr.png	c50_bl	9094-lilith-ai-illustrations	213	11
https://codec-corpus.r2.imazen.org/imazen-26-png-v3/9226-lilith-ai-products/electronics/9618_gen_products-electronics_pixelforge-handheld-console_p0380_1536x1024.sdr.png	c50_center	9226-lilith-ai-products	214	28
https://codec-corpus.r2.imazen.org/imazen-26-png-v3/9226-lilith-ai-products/electronics/9598_gen_products-electronics_harmonix-turntable_p0362_1024x1024.sdr.png	c25_tr	9226-lilith-ai-products	215	43
https://codec-corpus.r2.imazen.org/imazen-26-png-v3/9000-lilith-ai-clipart/9002_gen_clipart_baguette-loaf_1024x1536.sdr.png	c50_tl	9000-lilith-ai-clipart	216	40
https://codec-corpus.r2.imazen.org/imazen-26-png-v3/1000-lilith-photos-general/1026_general_two-turtles-on-rock_hotel-zentik-project-valladolid_s23u_iso50-f4p9_20230918-105440_3000x4000.sdr.png	c50_bl	1000-lilith-photos-general	217	22
https://codec-corpus.r2.imazen.org/imazen-26-png-v3/9226-lilith-ai-products/grocery/9684_gen_products-grocery_kettlebloom-white-cheddar-popcorn-bag_p0445_1024x1536.sdr.png	c50_tr	9226-lilith-ai-products	218	21
https://codec-corpus.r2.imazen.org/imazen-26-png-v3/8100-lilith-web-screenshots/768x1024/8388_web-screenshots_weatherportal-home_dpr1_page1_768x1024.sdr.png	c50_br	8100-lilith-web-screenshots	219	1
https://codec-corpus.r2.imazen.org/imazen-26-png-v3/1600-lilith-food/1612_food_fried-fish-and-fries_s23u_iso25-f1p7_20230730-142545-0_4000x3000.sdr.png	c50_tr	1600-lilith-food	220	53
https://codec-corpus.r2.imazen.org/imazen-26-png-v3/2000-unsplash-people/2014_people_by-jing-chen-sld5c8su-ue-unsplash_6240x4160.sdr.png	c25_tl	2000-unsplash-people	221	12
https://codec-corpus.r2.imazen.org/imazen-26-png-v3/5300-noaa-hurricane-documents/5304_noaa_nhc-helene-al092024_text-body_p25_2550x3300.sdr.png	c50_tr	5300-noaa-hurricane-documents	222	43
https://codec-corpus.r2.imazen.org/imazen-26-png-v3/9094-lilith-ai-illustrations/9098_gen_illustrations_baker-flour-dust-light_1024x1536.sdr.png	c50_center	9094-lilith-ai-illustrations	223	31
https://codec-corpus.r2.imazen.org/imazen-26-png-v3/9226-lilith-ai-products/grocery/whitelabel/9718_gen_products-grocery-whitelabel_salt-grinder_p0479_1024x1536.sdr.png	c50_br	9226-lilith-ai-products	224	77
https://codec-corpus.r2.imazen.org/imazen-26-png-v3/8100-lilith-web-screenshots/1920x1080/8184_web-screenshots_nasa-missions_dpr1_page1_1920x1080.sdr.png	c50_br	8100-lilith-web-screenshots	225	35
https://codec-corpus.r2.imazen.org/imazen-26-png-v3/8100-lilith-web-screenshots/1440x900/8104_web-screenshots_climate-gov-home_dpr1_page1_1440x900.sdr.png	c50_center	8100-lilith-web-screenshots	226	30
https://codec-corpus.r2.imazen.org/imazen-26-png-v3/7000-lilith-plots/random-charts/7102_plots_chart-00417-s2b748aba_1024x1024.sdr.png	c25_bl	7000-lilith-plots	227	8
https://codec-corpus.r2.imazen.org/imazen-26-png-v3/8000-lilith-mobile-screenshots/8024_mobile-screenshots_rhode-island-hospital_screenshot-20260526-072206-substack_1080x2520.sdr.png	c50_tr	8000-lilith-mobile-screenshots	228	42
https://codec-corpus.r2.imazen.org/imazen-26-png-v3/9226-lilith-ai-products/clothing/fabric-textures/9358_gen_products-clothing-fabric-textures_texture-white-faux-fur_detail_p0129_3840x2160.sdr.png	c50_center	9226-lilith-ai-products	229	20
https://codec-corpus.r2.imazen.org/imazen-26-png-v3/9226-lilith-ai-products/whitelabeled-beauty/9920_gen_products-whitelabeled-beauty_facial-oil-amber_p0681_2048x2048.sdr.png	c25_tr	9226-lilith-ai-products	230	39
https://codec-corpus.r2.imazen.org/imazen-26-png-v3/8100-lilith-web-screenshots/768x1024/8366_web-screenshots_nps-grand-canyon_dpr1_page2_768x1024.sdr.png	c50_center	8100-lilith-web-screenshots	231	33
https://codec-corpus.r2.imazen.org/imazen-26-png-v3/1400-lilith-nature/1548_nature_purple-blossom-branches_colorado_ip8plus_iso32-f2p8_img-9831_3024x4032.sdr.png	c25_center	1400-lilith-nature	232	16
https://codec-corpus.r2.imazen.org/imazen-26-png-v3/3300-met-museum-photos/3320_met_six-jewel-rivers_53427_3841x2149.sdr.png	c50_center	3300-met-museum-photos	233	4
https://codec-corpus.r2.imazen.org/imazen-26-png-v3/6600-ia-scans-manuscript-illustrations/6618_scans-illustrations_redoute-rose-magenta_plate0047_2912x4368.sdr.png	c50_tr	6600-ia-scans-manuscript-illustrations	234	39
https://codec-corpus.r2.imazen.org/imazen-26-png-v3/9226-lilith-ai-products/home/small-appliances/9836_gen_products-home-small-appliances_anchor-anvil-stand-mixer_p0597_1024x1536.sdr.png	full	9226-lilith-ai-products	235	54
https://codec-corpus.r2.imazen.org/imazen-26-png-v3/7000-lilith-plots/aliased-polygons/7026_plots_line-00081-s68404bb1_1024x1024.sdr.png	c50_tl	7000-lilith-plots	236	25
https://codec-corpus.r2.imazen.org/imazen-26-png-v3/1400-lilith-nature/1530_nature_whale-tail-ocean_ip13pro_iso32-f2p8_img-5574_3024x4032.sdr.png	c25_br	1400-lilith-nature	237	10
https://codec-corpus.r2.imazen.org/imazen-26-png-v3/1000-lilith-photos-general/1002_general_oceanfront-hotel-building_ka-anapali-beach-kaanapali_s21u_iso640-f1p8_20210608-052615_4000x3000.sdr.png	c25_bl	1000-lilith-photos-general	238	40
https://codec-corpus.r2.imazen.org/imazen-26-png-v3/9094-lilith-ai-illustrations/9132_gen_illustrations_market-vegetable-basket_1024x1536.sdr.png	c25_br	9094-lilith-ai-illustrations	239	3
https://codec-corpus.r2.imazen.org/imazen-26-png-v3/1400-lilith-nature/1468_nature_sun-behind-clouds_phippsburg-maine_s23u_iso10-f1p7_20240913-140504_3000x4000.sdr.png	c50_center	1400-lilith-nature	240	28
https://codec-corpus.r2.imazen.org/imazen-26-png-v3/9094-lilith-ai-illustrations/9134_gen_illustrations_night-market-lanterns_1024x1536.sdr.png	c50_tr	9094-lilith-ai-illustrations	241	8
https://codec-corpus.r2.imazen.org/imazen-26-png-v3/2200-unsplash-renders/2206_renders_abstract-color-pattern_by-marek-pavlik-fozwxagka1o-unsplash_3840x2160.sdr.png	c25_br	2200-unsplash-renders	242	3
https://codec-corpus.r2.imazen.org/imazen-26-png-v3/9226-lilith-ai-products/clothing/womens/general/9528_gen_products-clothing-womens-general_dusty-blue-blouse_onmodel_p0293_1024x1536.sdr.png	c50_br	9226-lilith-ai-products	243	65
https://codec-corpus.r2.imazen.org/imazen-26-png-v3/6800-ia-scans-manuscript-text/6810_scans-text_owenjones-en-preface_p0010_2002x3000.sdr.png	c50_tr	6800-ia-scans-manuscript-text	244	32
https://codec-corpus.r2.imazen.org/imazen-26-png-v3/1400-lilith-nature/1538_nature_boat-on-narrow-channel_muyil-chunyaxche-mexico_ip13pro_iso50-f1p5_img-8787_3024x4032.sdr.png	c25_center	1400-lilith-nature	245	41
https://codec-corpus.r2.imazen.org/imazen-26-png-v3/6000-lilith-scans-public-patents/yvonne_brill_us3807657_printrescangray300/6110_scans-patents_yvonne-brill-us3807657-rescan-gray_p002_2479x3230.sdr.png	c25_br	6000-lilith-scans-public-patents	246	28
https://codec-corpus.r2.imazen.org/imazen-26-png-v3/8100-lilith-web-screenshots/1440x900/8124_web-screenshots_nasa-image-of-day_dpr1_page1_1440x900.sdr.png	c50_center	8100-lilith-web-screenshots	247	17
https://codec-corpus.r2.imazen.org/imazen-26-png-v3/7000-lilith-plots/aliased-lines/7020_plots_line-00268-s2f977bbb_1024x1024.sdr.png	c25_tr	7000-lilith-plots	248	11
https://codec-corpus.r2.imazen.org/imazen-26-png-v3/7000-lilith-plots/real-charts/7116_plots_chart-pie-02-slate_1024x1024.sdr.png	c50_tl	7000-lilith-plots	249	18
https://codec-corpus.r2.imazen.org/imazen-26-png-v3/1400-lilith-nature/1490_nature_boat-wake-at-sunset_unorganized-borough-alaska_s25u_iso200-f1p7_20250804-211018_3000x4000.sdr.png	c50_tl	1400-lilith-nature	250	39
https://codec-corpus.r2.imazen.org/imazen-26-png-v3/9226-lilith-ai-products/whitelabeled-beverages/9950_gen_products-whitelabeled-beverages_beverage-iced-tea-bottle_p0708_1024x1536.sdr.png	c50_tl	9226-lilith-ai-products	251	103
https://codec-corpus.r2.imazen.org/imazen-26-png-v3/8100-lilith-web-screenshots/2880x1800/8242_web-screenshots_nasa-missions_dpr2_page1_2880x1800.sdr.png	c50_center	8100-lilith-web-screenshots	252	22
https://codec-corpus.r2.imazen.org/imazen-26-png-v3/8100-lilith-web-screenshots/1920x1080/8182_web-screenshots_nasa-image-of-day_dpr1_page1_1920x1080.sdr.png	full	8100-lilith-web-screenshots	253	16
https://codec-corpus.r2.imazen.org/imazen-26-png-v3/7000-lilith-plots/grids/7048_plots_line-00136-s3e377a73_1024x1024.sdr.png	c25_br	7000-lilith-plots	254	13
https://codec-corpus.r2.imazen.org/imazen-26-png-v3/8100-lilith-web-screenshots/768x1024/8344_web-screenshots_loc-exhibits_dpr1_page1_768x1024.sdr.png	c25_tl	8100-lilith-web-screenshots	255	7
https://codec-corpus.r2.imazen.org/imazen-26-png-v3/9226-lilith-ai-products/beauty/9292_gen_products-beauty_bryn-birch-brand-set_flat_p0063_1536x1024.sdr.png	full	9226-lilith-ai-products	256	66
https://codec-corpus.r2.imazen.org/imazen-26-png-v3/9226-lilith-ai-products/baby/9276_gen_products-baby_sleep-sack-sage-bunny_flat_p0048_1024x1536.sdr.png	c25_tl	9226-lilith-ai-products	257	122
https://codec-corpus.r2.imazen.org/imazen-26-png-v3/9000-lilith-ai-clipart/9070_gen_clipart_sunflower-cheerful_1024x1536.sdr.png	full	9000-lilith-ai-clipart	258	33
https://codec-corpus.r2.imazen.org/imazen-26-png-v3/7000-lilith-plots/random-charts/7094_plots_chart-00132-s681da868_1024x1024.sdr.png	c25_br	7000-lilith-plots	259	1
https://codec-corpus.r2.imazen.org/imazen-26-png-v3/8100-lilith-web-screenshots/2880x1800/8226_web-screenshots_datagov-catalog_dpr2_page2_2880x1800.sdr.png	c50_bl	8100-lilith-web-screenshots	260	44
https://codec-corpus.r2.imazen.org/imazen-26-png-v3/9226-lilith-ai-products/toys/9892_gen_products-toys_kids-soccer-ball_p0653_1024x1024.sdr.png	c25_tl	9226-lilith-ai-products	261	37
https://codec-corpus.r2.imazen.org/imazen-26-png-v3/9000-lilith-ai-clipart/9072_gen_clipart_sushi-roll-trio_1024x1536.sdr.png	c50_bl	9000-lilith-ai-clipart	262	65
https://codec-corpus.r2.imazen.org/imazen-26-png-v3/8100-lilith-web-screenshots/1440x900/8112_web-screenshots_gutenberg-top_dpr1_page2_1440x900.sdr.png	c50_center	8100-lilith-web-screenshots	263	10
https://codec-corpus.r2.imazen.org/imazen-26-png-v3/1400-lilith-nature/1488_nature_iceberg-ocean-landscape_yakutat-alaska_s25u_iso80-f1p7_20250803-185104_3000x4000.sdr.png	c25_center	1400-lilith-nature	264	42
https://codec-corpus.r2.imazen.org/imazen-26-png-v3/3300-met-museum-photos/3314_met_shiraito-waterfall-at-hakone_40336_4000x2826.sdr.png	c25_tr	3300-met-museum-photos	265	13
https://codec-corpus.r2.imazen.org/imazen-26-png-v3/5300-noaa-hurricane-documents/5330_noaa_nhc-al122024-kirk_p05_2550x3300.sdr.png	c50_bl	5300-noaa-hurricane-documents	266	45
https://codec-corpus.r2.imazen.org/imazen-26-png-v3/9226-lilith-ai-products/sporting-goods/9858_gen_products-sporting-goods_duffel-bag-60l-charcoal_p0619_2816x1536.sdr.png	c25_br	9226-lilith-ai-products	267	1
https://codec-corpus.r2.imazen.org/imazen-26-png-v3/8100-lilith-web-screenshots/1440x900/8134_web-screenshots_nps-grand-canyon_dpr1_page1_1440x900.sdr.png	c25_tr	8100-lilith-web-screenshots	268	11
https://codec-corpus.r2.imazen.org/imazen-26-png-v3/7000-lilith-plots/aliased-line-patterns/7000_plots_line-00056-s6bcec02a_1024x1024.sdr.png	c50_center	7000-lilith-plots	269	7
https://codec-corpus.r2.imazen.org/imazen-26-png-v3/6800-ia-scans-manuscript-text/6800_scans-text_haeckel-de-title_p0007_2548x3909.sdr.png	c25_bl	6800-ia-scans-manuscript-text	270	47
https://codec-corpus.r2.imazen.org/imazen-26-png-v3/8100-lilith-web-screenshots/other/8428_web-screenshots_nasa-voyager_dpr1_page1_1280x800.sdr.png	c50_tr	8100-lilith-web-screenshots	271	15
https://codec-corpus.r2.imazen.org/imazen-26-png-v3/7000-lilith-plots/real-charts/7114_plots_chart-ohlc-18-slate_1024x1024.sdr.png	c50_tl	7000-lilith-plots	272	21
https://codec-corpus.r2.imazen.org/imazen-26-png-v3/9226-lilith-ai-products/clothing/womens/dark-bg/9476_gen_products-clothing-womens-dark-bg_neon-colorblock-sports-set_p0245_2160x3840.sdr.png	c25_center	9226-lilith-ai-products	273	36
https://codec-corpus.r2.imazen.org/imazen-26-png-v3/3000-art-institute-of-chicago-photos/3008_aic_trompe-l-oeil-still-life-with-a-flower-garland-a_66042_4000x2883.sdr.png	c25_bl	3000-art-institute-of-chicago-photos	274	25
https://codec-corpus.r2.imazen.org/imazen-26-png-v3/8100-lilith-web-screenshots/1920x1080/8216_web-screenshots_weatherportal-home_dpr1_page1_1920x1080.sdr.png	c25_center	8100-lilith-web-screenshots	275	2
https://codec-corpus.r2.imazen.org/imazen-26-png-v3/5000-national-park-service-brochures/grayscale/5038_nps_chis-santa-rosa-hiking-map-and_gray_p02_2550x4200.sdr.png	full	5000-national-park-service-brochures	276	33
https://codec-corpus.r2.imazen.org/imazen-26-png-v3/6600-ia-scans-manuscript-illustrations/6612_scans-illustrations_owenjones-egyptian-columns_plate0050_2071x3000.sdr.png	c25_center	6600-ia-scans-manuscript-illustrations	277	11
https://codec-corpus.r2.imazen.org/imazen-26-png-v3/9094-lilith-ai-illustrations/9132_gen_illustrations_market-vegetable-basket_1024x1536.sdr.png	full	9094-lilith-ai-illustrations	278	3
https://codec-corpus.r2.imazen.org/imazen-26-png-v3/8100-lilith-web-screenshots/1920x1080/8208_web-screenshots_usaspending-explorer_dpr1_page1_1920x1080.sdr.png	c50_bl	8100-lilith-web-screenshots	279	38
https://codec-corpus.r2.imazen.org/imazen-26-png-v3/8100-lilith-web-screenshots/768x1024/8370_web-screenshots_nps-yose_dpr1_page2_768x1024.sdr.png	c25_center	8100-lilith-web-screenshots	280	50
https://codec-corpus.r2.imazen.org/imazen-26-png-v3/1000-lilith-photos-general/1010_general_floating-dock-on-lake_hakone-ekiden-museum-hakone_s23u_iso80-f4p9_20230707-172043_3000x4000.sdr.png	c25_bl	1000-lilith-photos-general	281	3
https://codec-corpus.r2.imazen.org/imazen-26-png-v3/5000-national-park-service-brochures/color/5010_nps_deva-backcountry-and-wilderness-access-map_color_p02_4800x6900.sdr.png	c50_bl	5000-national-park-service-brochures	282	41
https://codec-corpus.r2.imazen.org/imazen-26-png-v3/7000-lilith-plots/lines/7072_plots_line-voronoi-00069-s46326869_1024x1024.sdr.png	c25_center	7000-lilith-plots	283	2
https://codec-corpus.r2.imazen.org/imazen-26-png-v3/1200-lilith-interiors/1206_interiors_tree-like-sculpture-ceiling_azulik-city-arts-francisco-uh-may_s23u_iso80-f2p2_20230917-143302_3000x4000.sdr.png	c25_br	1200-lilith-interiors	284	24
https://codec-corpus.r2.imazen.org/imazen-26-png-v3/9226-lilith-ai-products/home/decor/9756_gen_products-home-decor_natural-jute-basket-round_p0517_1024x1024.sdr.png	full	9226-lilith-ai-products	285	41
https://codec-corpus.r2.imazen.org/imazen-26-png-v3/9226-lilith-ai-products/grocery/9678_gen_products-grocery_cereal-box-coral_p0439_1024x1536.sdr.png	c50_bl	9226-lilith-ai-products	286	53
https://codec-corpus.r2.imazen.org/imazen-26-png-v3/8100-lilith-web-screenshots/768x1024/8366_web-screenshots_nps-grand-canyon_dpr1_page2_768x1024.sdr.png	c50_br	8100-lilith-web-screenshots	287	39
https://codec-corpus.r2.imazen.org/imazen-26-png-v3/7000-lilith-plots/aliased-lines/7008_plots_line-00027-s195cfe6a_1024x1024.sdr.png	c25_tr	7000-lilith-plots	288	15
https://codec-corpus.r2.imazen.org/imazen-26-png-v3/9226-lilith-ai-products/clothing/womens/loungewear/9568_gen_products-clothing-womens-loungewear_sage-bralette-brief-set_flat_p0333_1024x1024.sdr.png	c50_br	9226-lilith-ai-products	289	46
https://codec-corpus.r2.imazen.org/imazen-26-png-v3/8100-lilith-web-screenshots/768x1024/8384_web-screenshots_usgs-topoview_dpr1_page2_768x1024.sdr.png	c50_tl	8100-lilith-web-screenshots	290	3
https://codec-corpus.r2.imazen.org/imazen-26-png-v3/8100-lilith-web-screenshots/375x667/8278_web-screenshots_datagov-catalog_dpr1_page2_375x667.sdr.png	c50_tl	8100-lilith-web-screenshots	291	14
https://codec-corpus.r2.imazen.org/imazen-26-png-v3/9226-lilith-ai-products/grocery/whitelabel/9724_gen_products-grocery-whitelabel_tortilla-chips-bag_p0485_1024x1536.sdr.png	full	9226-lilith-ai-products	292	60
https://codec-corpus.r2.imazen.org/imazen-26-png-v3/6800-ia-scans-manuscript-text/6828_scans-text_redoute-fr-description_p0095_2445x3519.sdr.png	c25_br	6800-ia-scans-manuscript-text	293	25
https://codec-corpus.r2.imazen.org/imazen-26-png-v3/9094-lilith-ai-illustrations/9154_gen_illustrations_tiny-mossy-friend_1024x1536.sdr.png	c25_br	9094-lilith-ai-illustrations	294	5
https://codec-corpus.r2.imazen.org/imazen-26-png-v3/7000-lilith-plots/lines/7066_plots_line-concentric-00268-s2f977bbb_1024x1024.sdr.png	c50_center	7000-lilith-plots	295	4
https://codec-corpus.r2.imazen.org/imazen-26-png-v3/8100-lilith-web-screenshots/other/8414_web-screenshots_lkml-lists-index_dpr1_page1_1280x800.sdr.png	c50_tr	8100-lilith-web-screenshots	296	9
https://codec-corpus.r2.imazen.org/imazen-26-png-v3/1400-lilith-nature/1540_nature_purple-flowers-garden_belltown-seattle-washington_ip16pro_iso100-f1p8_img-9109_4284x5712.sdr.png	c50_bl	1400-lilith-nature	297	26
https://codec-corpus.r2.imazen.org/imazen-26-png-v3/9094-lilith-ai-illustrations/9152_gen_illustrations_taxi-rainy-evening_1024x1536.sdr.png	c50_bl	9094-lilith-ai-illustrations	298	14
https://codec-corpus.r2.imazen.org/imazen-26-png-v3/8100-lilith-web-screenshots/768x1024/8380_web-screenshots_usgs-main-home_dpr1_page2_768x1024.sdr.png	c50_tr	8100-lilith-web-screenshots	299	13
https://codec-corpus.r2.imazen.org/imazen-26-png-v3/9226-lilith-ai-products/toys/9888_gen_products-toys_jigsaw-puzzle-1000-piece_p0649_1536x1024.sdr.png	full	9226-lilith-ai-products	300	46
https://codec-corpus.r2.imazen.org/imazen-26-png-v3/9094-lilith-ai-illustrations/9118_gen_illustrations_farmers-market-stall_1536x1024.sdr.png	c25_center	9094-lilith-ai-illustrations	301	4
https://codec-corpus.r2.imazen.org/imazen-26-png-v3/9226-lilith-ai-products/electronics/9600_gen_products-electronics_kestrel-gps-sport-watch_p0364_1024x1024.sdr.png	c25_tl	9226-lilith-ai-products	302	35
https://codec-corpus.r2.imazen.org/imazen-26-png-v3/7000-lilith-plots/aliased-lines/7008_plots_line-00027-s195cfe6a_1024x1024.sdr.png	c50_tl	7000-lilith-plots	303	9
https://codec-corpus.r2.imazen.org/imazen-26-png-v3/6800-ia-scans-manuscript-text/6818_scans-text_owenjones-en-essay_p0045_2040x3000.sdr.png	c50_br	6800-ia-scans-manuscript-text	304	32
https://codec-corpus.r2.imazen.org/imazen-26-png-v3/5000-national-park-service-brochures/grayscale/5052_nps_seki-20210826-french_gray_p02_2550x4200.sdr.png	c25_bl	5000-national-park-service-brochures	305	2
https://codec-corpus.r2.imazen.org/imazen-26-png-v3/9226-lilith-ai-products/home/decor/9768_gen_products-home-decor_terracotta-tufted-bath-mat_p0529_1536x1024.sdr.png	c50_tl	9226-lilith-ai-products	306	7
https://codec-corpus.r2.imazen.org/imazen-26-png-v3/1400-lilith-nature/1510_nature_purple-iris-flowers_colorado_ip8plus_iso40-f2p8_img-0803_3024x4032.sdr.png	full	1400-lilith-nature	307	56
https://codec-corpus.r2.imazen.org/imazen-26-png-v3/9226-lilith-ai-products/clothing/womens/activewear/9460_gen_products-clothing-womens-activewear_highwaist-leggings-sage_onmodel_p0230_3072x5504.sdr.png	c25_tr	9226-lilith-ai-products	308	37
https://codec-corpus.r2.imazen.org/imazen-26-png-v3/7000-lilith-plots/grids/7040_plots_chart-00265-s5af4c1ef_1024x1024.sdr.png	c50_br	7000-lilith-plots	309	5
https://codec-corpus.r2.imazen.org/imazen-26-png-v3/9094-lilith-ai-illustrations/9166_gen_illustrations_manga-magical-girl-transformation_1024x1536.sdr.png	c25_center	9094-lilith-ai-illustrations	310	13
https://codec-corpus.r2.imazen.org/imazen-26-png-v3/9226-lilith-ai-products/clothing/mens/9416_gen_products-clothing-mens_oxford-shirt_flat_p0187_1024x1024.sdr.png	c25_tr	9226-lilith-ai-products	311	52
https://codec-corpus.r2.imazen.org/imazen-26-png-v3/1400-lilith-nature/1442_nature_airplane-wing-aurora_s23u_iso800-f1p7_20231204-222129_4000x3000.sdr.png	c50_tr	1400-lilith-nature	312	16
https://codec-corpus.r2.imazen.org/imazen-26-png-v3/9226-lilith-ai-products/home/decor/9768_gen_products-home-decor_terracotta-tufted-bath-mat_p0529_1536x1024.sdr.png	c25_center	9226-lilith-ai-products	313	3
https://codec-corpus.r2.imazen.org/imazen-26-png-v3/9226-lilith-ai-products/clothing/mens/9398_gen_products-clothing-mens_bomber-jacket_ghost_p0169_1024x1536.sdr.png	full	9226-lilith-ai-products	314	25
https://codec-corpus.r2.imazen.org/imazen-26-png-v3/1000-lilith-photos-general/1056_general_flower-bouquet-and-cards_colorado_s23u_iso80-f2p4_20240505-172513_3000x4000.sdr.png	c50_center	1000-lilith-photos-general	315	41
https://codec-corpus.r2.imazen.org/imazen-26-png-v3/7000-lilith-plots/grids/7050_plots_line-00166-s010fb6d2_1024x1024.sdr.png	c50_br	7000-lilith-plots	316	1
https://codec-corpus.r2.imazen.org/imazen-26-png-v3/8100-lilith-web-screenshots/1920x1080/8182_web-screenshots_nasa-image-of-day_dpr1_page1_1920x1080.sdr.png	c25_tl	8100-lilith-web-screenshots	317	40
https://codec-corpus.r2.imazen.org/imazen-26-png-v3/9226-lilith-ai-products/clothing/womens/general/9508_gen_products-clothing-womens-general_marigold-palazzo-trousers_onmodel_p0275_2160x3840.sdr.png	c50_br	9226-lilith-ai-products	318	18
https://codec-corpus.r2.imazen.org/imazen-26-png-v3/2200-unsplash-renders/2204_renders_abstract-line-pattern_by-logan-voss-z-e-zrfty00-unsplash_4320x7680.sdr.png	c50_br	2200-unsplash-renders	319	18
https://codec-corpus.r2.imazen.org/imazen-26-png-v3/7000-lilith-plots/line-patterns/7058_plots_line-tiling-00248-s7c5ddcfb_1024x1024.sdr.png	c50_tr	7000-lilith-plots	320	12
https://codec-corpus.r2.imazen.org/imazen-26-png-v3/9226-lilith-ai-products/clothing/womens/loungewear/9556_gen_products-clothing-womens-loungewear_coral-ribbed-bralette_flat_p0321_1024x1024.sdr.png	c50_center	9226-lilith-ai-products	321	4
https://codec-corpus.r2.imazen.org/imazen-26-png-v3/8100-lilith-web-screenshots/768x1024/8330_web-screenshots_archive-wayback-search_dpr1_page1_768x1024.sdr.png	c25_tl	8100-lilith-web-screenshots	322	12
https://codec-corpus.r2.imazen.org/imazen-26-png-v3/7000-lilith-plots/lines/7062_plots_line-concentric-00151-s49cff644_1024x1024.sdr.png	c50_center	7000-lilith-plots	323	3
https://codec-corpus.r2.imazen.org/imazen-26-png-v3/9094-lilith-ai-illustrations/9140_gen_illustrations_reading-nook-hot-chocolate_1024x1536.sdr.png	c25_tr	9094-lilith-ai-illustrations	324	2
https://codec-corpus.r2.imazen.org/imazen-26-png-v3/5300-noaa-hurricane-documents/5330_noaa_nhc-al122024-kirk_p05_2550x3300.sdr.png	c50_tl	5300-noaa-hurricane-documents	325	50
https://codec-corpus.r2.imazen.org/imazen-26-png-v3/7000-lilith-plots/grids/7050_plots_line-00166-s010fb6d2_1024x1024.sdr.png	full	7000-lilith-plots	326	1
https://codec-corpus.r2.imazen.org/imazen-26-png-v3/1000-lilith-photos-general/1042_general_dragon-fountain-statue_monument-inochi-kyoto_s23u_iso100-f1p7_20231107-111520_4000x3000.sdr.png	c25_br	1000-lilith-photos-general	327	4
https://codec-corpus.r2.imazen.org/imazen-26-png-v3/6600-ia-scans-manuscript-illustrations/6602_scans-illustrations_haeckel-starfish_plate0040_4961x7277.sdr.png	c25_center	6600-ia-scans-manuscript-illustrations	328	1
https://codec-corpus.r2.imazen.org/imazen-26-png-v3/1000-lilith-photos-general/1034_general_rainbow-painted-staircase_placa-pedro-infante-valladolid_s23u_iso50-f1p7_20230918-111645_2574x3432.sdr.png	c50_bl	1000-lilith-photos-general	329	5
https://codec-corpus.r2.imazen.org/imazen-26-png-v3/9226-lilith-ai-products/home/kitchen/9802_gen_products-home-kitchen_ashridge-espresso-cups_p0563_1536x1024.sdr.png	c25_tr	9226-lilith-ai-products	330	2
https://codec-corpus.r2.imazen.org/imazen-26-png-v3/7000-lilith-plots/aliased-lines/7018_plots_line-00266-s0bc1d2a4_1024x1024.sdr.png	c25_tr	7000-lilith-plots	331	8
https://codec-corpus.r2.imazen.org/imazen-26-png-v3/9094-lilith-ai-illustrations/9112_gen_illustrations_croissants-morning-coffee_1024x1536.sdr.png	c25_center	9094-lilith-ai-illustrations	332	8
https://codec-corpus.r2.imazen.org/imazen-26-png-v3/9226-lilith-ai-products/clothing/womens/loungewear/9566_gen_products-clothing-womens-loungewear_set-tonal-flatlay_flat_p0331_1024x1024.sdr.png	c25_tl	9226-lilith-ai-products	333	56
https://codec-corpus.r2.imazen.org/imazen-26-png-v3/2000-unsplash-people/2010_people_by-emmanuel-black-j7lc6bzguzs-unsplash_3944x4930.sdr.png	c25_center	2000-unsplash-people	334	11
https://codec-corpus.r2.imazen.org/imazen-26-png-v3/3300-met-museum-photos/3300_met_still-life-violin-and-music_10997_2832x3722.sdr.png	c50_center	3300-met-museum-photos	335	45
https://codec-corpus.r2.imazen.org/imazen-26-png-v3/2200-unsplash-renders/2206_renders_abstract-color-pattern_by-marek-pavlik-fozwxagka1o-unsplash_3840x2160.sdr.png	full	2200-unsplash-renders	336	10
https://codec-corpus.r2.imazen.org/imazen-26-png-v3/9094-lilith-ai-illustrations/9156_gen_illustrations_vintage-couture-pose_1024x1536.sdr.png	c25_tl	9094-lilith-ai-illustrations	337	7
https://codec-corpus.r2.imazen.org/imazen-26-png-v3/6000-lilith-scans-public-patents/lynn_conway_us5046022_1bitoriginal/6014_scans-patents_lynn-conway-us5046022-1bit_p015_2320x3408.sdr.png	c25_bl	6000-lilith-scans-public-patents	338	12
https://codec-corpus.r2.imazen.org/imazen-26-png-v3/7000-lilith-plots/aliased-polygons/7032_plots_line-00210-s2771b783_1024x1024.sdr.png	c25_center	7000-lilith-plots	339	1
https://codec-corpus.r2.imazen.org/imazen-26-png-v3/9226-lilith-ai-products/beverages/9338_gen_products-beverages_ironhart-citra-ipa-craft-beer-can_p0109_1024x1536.sdr.png	c50_center	9226-lilith-ai-products	340	38
https://codec-corpus.r2.imazen.org/imazen-26-png-v3/7000-lilith-plots/aliased-polygons/7024_plots_line-00038-s335b5033_1024x1024.sdr.png	c25_center	7000-lilith-plots	341	1
https://codec-corpus.r2.imazen.org/imazen-26-png-v3/9094-lilith-ai-illustrations/9136_gen_illustrations_paper-lantern-festival_1024x1536.sdr.png	c50_bl	9094-lilith-ai-illustrations	342	21
https://codec-corpus.r2.imazen.org/imazen-26-png-v3/9000-lilith-ai-clipart/9056_gen_clipart_rose-bloom_1024x1536.sdr.png	c25_tr	9000-lilith-ai-clipart	343	39
https://codec-corpus.r2.imazen.org/imazen-26-png-v3/6600-ia-scans-manuscript-illustrations/6604_scans-illustrations_haeckel-moths_plate0058_4865x7207.sdr.png	c25_tr	6600-ia-scans-manuscript-illustrations	344	1
https://codec-corpus.r2.imazen.org/imazen-26-png-v3/8100-lilith-web-screenshots/768x1024/8388_web-screenshots_weatherportal-home_dpr1_page1_768x1024.sdr.png	c25_tl	8100-lilith-web-screenshots	345	10
https://codec-corpus.r2.imazen.org/imazen-26-png-v3/8100-lilith-web-screenshots/other/8466_web-screenshots_weather-home_dpr1_page1_1280x800.sdr.png	c50_center	8100-lilith-web-screenshots	346	8
https://codec-corpus.r2.imazen.org/imazen-26-png-v3/9226-lilith-ai-products/clothing/womens/dark-bg/9480_gen_products-clothing-womens-dark-bg_tropical-floral-maxi_p0249_2160x3840.sdr.png	c50_bl	9226-lilith-ai-products	347	15
https://codec-corpus.r2.imazen.org/imazen-26-png-v3/1000-lilith-photos-general/1064_general_castle-bridge-moat_montjuic-castle-barcelona_zfold7_iso40-f1p7_20260315-175347_3000x4000.sdr.png	c25_br	1000-lilith-photos-general	348	26
https://codec-corpus.r2.imazen.org/imazen-26-png-v3/9226-lilith-ai-products/home/small-appliances/9840_gen_products-home-small-appliances_blackpine-gooseneck-kettle_p0601_1024x1536.sdr.png	c25_br	9226-lilith-ai-products	349	40
https://codec-corpus.r2.imazen.org/imazen-26-png-v3/9226-lilith-ai-products/clothing/kids/9364_gen_products-clothing-kids_bomber-jacket-teal_ghost_p0135_1024x1536.sdr.png	full	9226-lilith-ai-products	350	23
https://codec-corpus.r2.imazen.org/imazen-26-png-v3/8100-lilith-web-screenshots/other/8462_web-screenshots_usgs-topoview_dpr1_page1_1280x800.sdr.png	c50_tl	8100-lilith-web-screenshots	351	30
https://codec-corpus.r2.imazen.org/imazen-26-png-v3/9226-lilith-ai-products/home/decor/9762_gen_products-home-decor_sage-linen-duvet-set_flat_p0523_1536x1024.sdr.png	c25_tl	9226-lilith-ai-products	352	44
https://codec-corpus.r2.imazen.org/imazen-26-png-v3/7000-lilith-plots/real-charts/7124_plots_chart-stackedbar-05-corporate_1024x1024.sdr.png	c50_br	7000-lilith-plots	353	17
https://codec-corpus.r2.imazen.org/imazen-26-png-v3/9226-lilith-ai-products/home/decor/9756_gen_products-home-decor_natural-jute-basket-round_p0517_1024x1024.sdr.png	c50_center	9226-lilith-ai-products	354	5
https://codec-corpus.r2.imazen.org/imazen-26-png-v3/3300-met-museum-photos/3302_met_landscape_11774_2362x1585.sdr.png	c25_bl	3300-met-museum-photos	355	2
https://codec-corpus.r2.imazen.org/imazen-26-png-v3/8100-lilith-web-screenshots/768x1024/8384_web-screenshots_usgs-topoview_dpr1_page2_768x1024.sdr.png	c50_center	8100-lilith-web-screenshots	356	4
https://codec-corpus.r2.imazen.org/imazen-26-png-v3/9000-lilith-ai-clipart/9020_gen_clipart_egg-with-face_1024x1536.sdr.png	c25_tl	9000-lilith-ai-clipart	357	29
https://codec-corpus.r2.imazen.org/imazen-26-png-v3/8100-lilith-web-screenshots/other/8392_web-screenshots_archives-exhibits_dpr1_page2_667x375.sdr.png	full	8100-lilith-web-screenshots	358	15
https://codec-corpus.r2.imazen.org/imazen-26-png-v3/9226-lilith-ai-products/clothing/womens/activewear/9460_gen_products-clothing-womens-activewear_highwaist-leggings-sage_onmodel_p0230_3072x5504.sdr.png	full	9226-lilith-ai-products	359	37
https://codec-corpus.r2.imazen.org/imazen-26-png-v3/7000-lilith-plots/random-charts/7104_plots_chart-00462-s33459e94_1024x1024.sdr.png	c50_center	7000-lilith-plots	360	4
https://codec-corpus.r2.imazen.org/imazen-26-png-v3/9226-lilith-ai-products/beauty/9316_gen_products-beauty_tintwell-brand-set_flat_p0087_1536x1024.sdr.png	c25_center	9226-lilith-ai-products	361	17
https://codec-corpus.r2.imazen.org/imazen-26-png-v3/8100-lilith-web-screenshots/1440x900/8156_web-screenshots_weatherportal-home_dpr1_page1_1440x900.sdr.png	c25_bl	8100-lilith-web-screenshots	362	14
https://codec-corpus.r2.imazen.org/imazen-26-png-v3/9226-lilith-ai-products/whitelabeled-beauty/9914_gen_products-whitelabeled-beauty_cleansing-balm-jar_p0675_1024x1024.sdr.png	c25_center	9226-lilith-ai-products	363	27
https://codec-corpus.r2.imazen.org/imazen-26-png-v3/6600-ia-scans-manuscript-illustrations/6604_scans-illustrations_haeckel-moths_plate0058_4865x7207.sdr.png	c25_br	6600-ia-scans-manuscript-illustrations	364	2
https://codec-corpus.r2.imazen.org/imazen-26-png-v3/7000-lilith-plots/lines/7064_plots_line-concentric-00230-s6a3b9505_1024x1024.sdr.png	c25_tr	7000-lilith-plots	365	5
https://codec-corpus.r2.imazen.org/imazen-26-png-v3/9226-lilith-ai-products/home/kitchen/9808_gen_products-home-kitchen_ceramic-coral-coffee-mug_p0569_1024x1024.sdr.png	c50_center	9226-lilith-ai-products	366	12
https://codec-corpus.r2.imazen.org/imazen-26-png-v3/9226-lilith-ai-products/footwear/9638_gen_products-footwear_cobalt-suede-cowboy-boot_p0399_1024x1536.sdr.png	c50_tl	9226-lilith-ai-products	367	26
https://codec-corpus.r2.imazen.org/imazen-26-png-v3/9226-lilith-ai-products/clothing/womens/loungewear/9564_gen_products-clothing-womens-loungewear_ivory-wireless-bralette_flat_p0329_1024x1024.sdr.png	full	9226-lilith-ai-products	368	47
https://codec-corpus.r2.imazen.org/imazen-26-png-v3/7000-lilith-plots/random-charts/7092_plots_chart-00118-s37436075_1024x1024.sdr.png	c50_center	7000-lilith-plots	369	5
https://codec-corpus.r2.imazen.org/imazen-26-png-v3/8100-lilith-web-screenshots/1440x900/8150_web-screenshots_usgs-news_dpr1_page1_1440x900.sdr.png	c25_tl	8100-lilith-web-screenshots	370	6
https://codec-corpus.r2.imazen.org/imazen-26-png-v3/9226-lilith-ai-products/toys/9894_gen_products-toys_kids-three-wheel-scooter_p0655_1024x1536.sdr.png	c25_tl	9226-lilith-ai-products	371	79
https://codec-corpus.r2.imazen.org/imazen-26-png-v3/8100-lilith-web-screenshots/768x1024/8342_web-screenshots_lkml-lists-index_dpr1_page2_768x1024.sdr.png	c50_center	8100-lilith-web-screenshots	372	8
https://codec-corpus.r2.imazen.org/imazen-26-png-v3/7000-lilith-plots/aliased-lines/7016_plots_line-00169-s646cb006_1024x1024.sdr.png	c50_tr	7000-lilith-plots	373	5
https://codec-corpus.r2.imazen.org/imazen-26-png-v3/2000-unsplash-people/2022_people_by-ravi-sharma-ko7-phdhbo-unsplash_4160x6240.sdr.png	c25_tl	2000-unsplash-people	374	32
https://codec-corpus.r2.imazen.org/imazen-26-png-v3/9226-lilith-ai-products/sporting-goods/9862_gen_products-sporting-goods_internal-frame-backpack-50l-slate_p0623_1536x2816.sdr.png	c50_bl	9226-lilith-ai-products	375	39
https://codec-corpus.r2.imazen.org/imazen-26-png-v3/1000-lilith-photos-general/1066_general_stone-building-facade_park-guell-barcelona_zfold7_iso80-f1p7_20260318-172109_3000x4000.sdr.png	c50_bl	1000-lilith-photos-general	376	18
https://codec-corpus.r2.imazen.org/imazen-26-png-v3/9094-lilith-ai-illustrations/9108_gen_illustrations_citrus-harvest-table_1024x1536.sdr.png	c50_bl	9094-lilith-ai-illustrations	377	17
https://codec-corpus.r2.imazen.org/imazen-26-png-v3/8100-lilith-web-screenshots/1920x1080/8184_web-screenshots_nasa-missions_dpr1_page1_1920x1080.sdr.png	c50_center	8100-lilith-web-screenshots	378	29
https://codec-corpus.r2.imazen.org/imazen-26-png-v3/6800-ia-scans-manuscript-text/6832_scans-text_redoute-fr-description_p0139_2445x3519.sdr.png	c25_center	6800-ia-scans-manuscript-text	379	26
https://codec-corpus.r2.imazen.org/imazen-26-png-v3/1200-lilith-interiors/1228_interiors_stained-glass-windows_casa-batllo-barcelona_zfold7_iso2500-f1p7_20260315-205328_4000x3000.sdr.png	c25_br	1200-lilith-interiors	380	34
https://codec-corpus.r2.imazen.org/imazen-26-png-v3/7000-lilith-plots/aliased-polygons/7030_plots_line-00168-s4e34287f_1024x1024.sdr.png	c25_bl	7000-lilith-plots	381	1
https://codec-corpus.r2.imazen.org/imazen-26-png-v3/9226-lilith-ai-products/clothing/womens/activewear/9436_gen_products-clothing-womens-activewear_romper-active-sage_flat_p0207_1024x1536.sdr.png	c25_center	9226-lilith-ai-products	382	23
https://codec-corpus.r2.imazen.org/imazen-26-png-v3/1400-lilith-nature/1492_nature_mountain-lake-landscape_whitehorse-canada_s25u_iso64-f1p7_20250805-162506_3000x4000.sdr.png	full	1400-lilith-nature	383	29
https://codec-corpus.r2.imazen.org/imazen-26-png-v3/1000-lilith-photos-general/1064_general_castle-bridge-moat_montjuic-castle-barcelona_zfold7_iso40-f1p7_20260315-175347_3000x4000.sdr.png	c25_tr	1000-lilith-photos-general	384	26
https://codec-corpus.r2.imazen.org/imazen-26-png-v3/7000-lilith-plots/aliased-polygons/7024_plots_line-00038-s335b5033_1024x1024.sdr.png	c50_br	7000-lilith-plots	385	3
https://codec-corpus.r2.imazen.org/imazen-26-png-v3/1000-lilith-photos-general/1018_general_hanging-glass-sculptures_seattle-center-seattle_s23u_iso50-f2p4_20230727-174134_3000x4000.sdr.png	c50_center	1000-lilith-photos-general	386	19
https://codec-corpus.r2.imazen.org/imazen-26-png-v3/1400-lilith-nature/1544_nature_purple-water-lily-flower_miyuki-beppu-japan_ip16pro_iso64-f1p8_img-9550_3024x4032.sdr.png	c50_tl	1400-lilith-nature	387	39
https://codec-corpus.r2.imazen.org/imazen-26-png-v3/3300-met-museum-photos/3320_met_six-jewel-rivers_53427_3841x2149.sdr.png	c50_tl	3300-met-museum-photos	388	3
https://codec-corpus.r2.imazen.org/imazen-26-png-v3/9094-lilith-ai-illustrations/9158_gen_illustrations_vinyl-listening-room_1024x1536.sdr.png	c50_tl	9094-lilith-ai-illustrations	389	4
https://codec-corpus.r2.imazen.org/imazen-26-png-v3/8100-lilith-web-screenshots/1920x1080/8200_web-screenshots_nps-yellowstone_dpr1_page1_1920x1080.sdr.png	c25_tl	8100-lilith-web-screenshots	390	40
https://codec-corpus.r2.imazen.org/imazen-26-png-v3/1200-lilith-interiors/1200_interiors_reflective-egg-sculptures_s23u_iso10-f1p7_20230704-121114_4000x3000.sdr.png	c50_center	1200-lilith-interiors	391	41
https://codec-corpus.r2.imazen.org/imazen-26-png-v3/9226-lilith-ai-products/electronics/9592_gen_products-electronics_harmonix-bluetooth-speaker_p0356_1024x1024.sdr.png	c50_center	9226-lilith-ai-products	392	2
https://codec-corpus.r2.imazen.org/imazen-26-png-v3/6600-ia-scans-manuscript-illustrations/6606_scans-illustrations_haeckel-red-algae_plate0065_5015x7275.sdr.png	full	6600-ia-scans-manuscript-illustrations	393	4
https://codec-corpus.r2.imazen.org/imazen-26-png-v3/7000-lilith-plots/random-charts/7094_plots_chart-00132-s681da868_1024x1024.sdr.png	c50_br	7000-lilith-plots	394	1
https://codec-corpus.r2.imazen.org/imazen-26-png-v3/9226-lilith-ai-products/accessories/9236_gen_products-accessories_knit-beanie-strawberry_p0010_1024x1536.sdr.png	c50_bl	9226-lilith-ai-products	395	14
https://codec-corpus.r2.imazen.org/imazen-26-png-v3/5000-national-park-service-brochures/color/5018_nps_katm-katm-park-map_color_p01_5650x5200.sdr.png	c50_br	5000-national-park-service-brochures	396	19
https://codec-corpus.r2.imazen.org/imazen-26-png-v3/9226-lilith-ai-products/home/decor/9742_gen_products-home-decor_coral-velvet-throw-pillow_p0503_1024x1024.sdr.png	c50_center	9226-lilith-ai-products	397	7
https://codec-corpus.r2.imazen.org/imazen-26-png-v3/9000-lilith-ai-clipart/9068_gen_clipart_succulent-trio_1024x1536.sdr.png	c50_br	9000-lilith-ai-clipart	398	69
https://codec-corpus.r2.imazen.org/imazen-26-png-v3/9226-lilith-ai-products/beauty/9306_gen_products-beauty_florwell-mineral-bath-soak_p0077_1024x1024.sdr.png	full	9226-lilith-ai-products	399	75
https://codec-corpus.r2.imazen.org/imazen-26-png-v3/1400-lilith-nature/1478_nature_tree-branches-ocean-horizon_minamiizu-japan_s23u_iso80-f2p2_20250306-174732_4000x3000.sdr.png	c25_bl	1400-lilith-nature	400	14
https://codec-corpus.r2.imazen.org/imazen-26-png-v3/8000-lilith-mobile-screenshots/8010_mobile-screenshots_yellowstone-national-park_screenshot-20260526-070520-maps_1080x2520.sdr.png	full	8000-lilith-mobile-screenshots	401	29
https://codec-corpus.r2.imazen.org/imazen-26-png-v3/9226-lilith-ai-products/clothing/kids/9374_gen_products-clothing-kids_hoodie-zip-yellow_onmodel_p0145_1024x1536.sdr.png	c25_tr	9226-lilith-ai-products	402	3
https://codec-corpus.r2.imazen.org/imazen-26-png-v3/1400-lilith-nature/1492_nature_mountain-lake-landscape_whitehorse-canada_s25u_iso64-f1p7_20250805-162506_3000x4000.sdr.png	c50_br	1400-lilith-nature	403	14
https://codec-corpus.r2.imazen.org/imazen-26-png-v3/6000-lilith-scans-public-patents/lynn_conway_us5046022_printrescangray300/6088_scans-patents_lynn-conway-us5046022-rescan-gray_p030_2479x3230.sdr.png	c25_tr	6000-lilith-scans-public-patents	404	17
https://codec-corpus.r2.imazen.org/imazen-26-png-v3/6600-ia-scans-manuscript-illustrations/6616_scans-illustrations_owenjones-renaissance-panels_plate0540_2055x3000.sdr.png	c50_bl	6600-ia-scans-manuscript-illustrations	405	24
https://codec-corpus.r2.imazen.org/imazen-26-png-v3/9226-lilith-ai-products/clothing/kids/9360_gen_products-clothing-kids_baby-overalls-denim-light-wash_flat_p0131_1024x1536.sdr.png	c50_center	9226-lilith-ai-products	406	1
https://codec-corpus.r2.imazen.org/imazen-26-png-v3/9226-lilith-ai-products/clothing/womens/activewear/9462_gen_products-clothing-womens-activewear_softshell-jacket-slate_onmodel_p0232_3072x5504.sdr.png	c25_br	9226-lilith-ai-products	407	43
https://codec-corpus.r2.imazen.org/imazen-26-png-v3/8100-lilith-web-screenshots/other/8430_web-screenshots_nasa-voyager_dpr1_page1_667x375.sdr.png	c50_bl	8100-lilith-web-screenshots	408	3
https://codec-corpus.r2.imazen.org/imazen-26-png-v3/6000-lilith-scans-public-patents/lynn_conway_us5046022_1bitoriginal/6010_scans-patents_lynn-conway-us5046022-1bit_p011_2320x3408.sdr.png	c25_center	6000-lilith-scans-public-patents	409	12
https://codec-corpus.r2.imazen.org/imazen-26-png-v3/8100-lilith-web-screenshots/1920x1080/8202_web-screenshots_nps-yosemite_dpr1_page1_1920x1080.sdr.png	c50_tr	8100-lilith-web-screenshots	410	28
https://codec-corpus.r2.imazen.org/imazen-26-png-v3/8000-lilith-mobile-screenshots/8030_mobile-screenshots_seaside-viewpoint-pic_screenshot-20260526-073431-photos_1968x2184.sdr.png	c25_bl	8000-lilith-mobile-screenshots	411	15
https://codec-corpus.r2.imazen.org/imazen-26-png-v3/9226-lilith-ai-products/grocery/whitelabel/9702_gen_products-grocery-whitelabel_condiment-squeeze-bottle_p0463_1024x1536.sdr.png	c25_br	9226-lilith-ai-products	412	3
https://codec-corpus.r2.imazen.org/imazen-26-png-v3/6000-lilith-scans-public-patents/lynn_conway_us5046022_printrescancolor300/6040_scans-patents_lynn-conway-us5046022-rescan-color_p012_2479x3230.sdr.png	c50_tl	6000-lilith-scans-public-patents	413	35
https://codec-corpus.r2.imazen.org/imazen-26-png-v3/8100-lilith-web-screenshots/2880x1800/8230_web-screenshots_lkml-lists-index_dpr2_page1_2880x1800.sdr.png	c25_center	8100-lilith-web-screenshots	414	4
https://codec-corpus.r2.imazen.org/imazen-26-png-v3/9226-lilith-ai-products/sporting-goods/9856_gen_products-sporting-goods_daypack-22l-rust_p0617_2816x1536.sdr.png	c50_br	9226-lilith-ai-products	415	36
https://codec-corpus.r2.imazen.org/imazen-26-png-v3/1200-lilith-interiors/1232_interiors_stained-glass-windows_sagrada-familia-barcelona_zfold7_iso400-f1p7_20260317-144409_3000x4000.sdr.png	c50_bl	1200-lilith-interiors	416	7
https://codec-corpus.r2.imazen.org/imazen-26-png-v3/9226-lilith-ai-products/clothing/womens/general/9502_gen_products-clothing-womens-general_indigo-utility-jumpsuit_onmodel_p0270_1024x1536.sdr.png	full	9226-lilith-ai-products	417	41
https://codec-corpus.r2.imazen.org/imazen-26-png-v3/7000-lilith-plots/random-charts/7098_plots_chart-00268-s32c66252_1024x1024.sdr.png	c25_bl	7000-lilith-plots	418	17
https://codec-corpus.r2.imazen.org/imazen-26-png-v3/7000-lilith-plots/polygons/7078_plots_line-polygons-00038-s335b5033_1024x1024.sdr.png	c25_tr	7000-lilith-plots	419	11
https://codec-corpus.r2.imazen.org/imazen-26-png-v3/8100-lilith-web-screenshots/1440x900/8132_web-screenshots_nih-home_dpr1_page2_1440x900.sdr.png	c25_tl	8100-lilith-web-screenshots	420	1
https://codec-corpus.r2.imazen.org/imazen-26-png-v3/9226-lilith-ai-products/beverages/9342_gen_products-beverages_meadowmilk-vanilla-oat-milk-carton_p0113_1024x1536.sdr.png	c50_tr	9226-lilith-ai-products	421	68
https://codec-corpus.r2.imazen.org/imazen-26-png-v3/9226-lilith-ai-products/whitelabeled-beauty/9928_gen_products-whitelabeled-beauty_perfume-bottle-amber-glass_p0689_1024x1536.sdr.png	c50_center	9226-lilith-ai-products	422	5
https://codec-corpus.r2.imazen.org/imazen-26-png-v3/1400-lilith-nature/1406_nature_tropical-coastline-bay_waianapanapa-state-park-hana_s21u_iso50-f2p2_20210608-132330_4000x2252.sdr.png	c50_tl	1400-lilith-nature	423	16
https://codec-corpus.r2.imazen.org/imazen-26-png-v3/5000-national-park-service-brochures/color/5016_nps_grsm-grsm-area-map_color_p01_10182x5460.sdr.png	c50_tr	5000-national-park-service-brochures	424	10
https://codec-corpus.r2.imazen.org/imazen-26-png-v3/5000-national-park-service-brochures/grayscale/5034_nps_cany-islandroadsandtrailsupdated24-508forweb_gray_p02_2550x4200.sdr.png	c50_tl	5000-national-park-service-brochures	425	34
https://codec-corpus.r2.imazen.org/imazen-26-png-v3/2400-unsplash-textures/2404_textures_tree-bark-texture_by-hwang-sanguk-k0tljwrabxg-unsplash_3024x3024.sdr.png	c25_bl	2400-unsplash-textures	426	11
https://codec-corpus.r2.imazen.org/imazen-26-png-v3/7000-lilith-plots/aliased-lines/7020_plots_line-00268-s2f977bbb_1024x1024.sdr.png	c25_center	7000-lilith-plots	427	2
https://codec-corpus.r2.imazen.org/imazen-26-png-v3/2400-unsplash-textures/2404_textures_tree-bark-texture_by-hwang-sanguk-k0tljwrabxg-unsplash_3024x3024.sdr.png	full	2400-unsplash-textures	428	6
https://codec-corpus.r2.imazen.org/imazen-26-png-v3/1000-lilith-photos-general/1068_general_glowing-blue-glass-sphere_house-eternal-return-meow-wolf-santa-fe_ip8plus_iso100-f1p8_img-7632_3024x4032.sdr.png	full	1000-lilith-photos-general	429	12
https://codec-corpus.r2.imazen.org/imazen-26-png-v3/7000-lilith-plots/aliased-lines/7006_plots_line-00012-s2be0c08d_1024x1024.sdr.png	c25_tl	7000-lilith-plots	430	7
https://codec-corpus.r2.imazen.org/imazen-26-png-v3/7000-lilith-plots/aliased-line-patterns/7002_plots_line-00118-s306ca2bd_1024x1024.sdr.png	c50_bl	7000-lilith-plots	431	10
https://codec-corpus.r2.imazen.org/imazen-26-png-v3/7000-lilith-plots/polygons/7078_plots_line-polygons-00038-s335b5033_1024x1024.sdr.png	full	7000-lilith-plots	432	5
https://codec-corpus.r2.imazen.org/imazen-26-png-v3/6000-lilith-scans-public-patents/lynn_conway_us5046022_1bitoriginal/6000_scans-patents_lynn-conway-us5046022-1bit_p001_2320x3408.sdr.png	full	6000-lilith-scans-public-patents	433	3
https://codec-corpus.r2.imazen.org/imazen-26-png-v3/5000-national-park-service-brochures/color/5008_nps_dena-trail-map-letter-size_color_p01_2550x3300.sdr.png	c25_br	5000-national-park-service-brochures	434	28
https://codec-corpus.r2.imazen.org/imazen-26-png-v3/1400-lilith-nature/1480_nature_snowcapped-mountain-seascape_kumomi-matsuzaki-japan_s23u_iso50-f4p9_20250307-122938_4000x3000.sdr.png	c50_tr	1400-lilith-nature	435	37
https://codec-corpus.r2.imazen.org/imazen-26-png-v3/6600-ia-scans-manuscript-illustrations/6606_scans-illustrations_haeckel-red-algae_plate0065_5015x7275.sdr.png	c25_tl	6600-ia-scans-manuscript-illustrations	436	1
https://codec-corpus.r2.imazen.org/imazen-26-png-v3/8100-lilith-web-screenshots/1440x900/8156_web-screenshots_weatherportal-home_dpr1_page1_1440x900.sdr.png	c25_center	8100-lilith-web-screenshots	437	2
https://codec-corpus.r2.imazen.org/imazen-26-png-v3/9226-lilith-ai-products/home/decor/9732_gen_products-home-decor_boho-throw-pillow-terracotta_p0493_4096x4096.sdr.png	c25_center	9226-lilith-ai-products	438	5
https://codec-corpus.r2.imazen.org/imazen-26-png-v3/3300-met-museum-photos/3318_met_vessel_479496_2505x2596.sdr.png	c50_br	3300-met-museum-photos	439	38
https://codec-corpus.r2.imazen.org/imazen-26-png-v3/6000-lilith-scans-public-patents/lynn_conway_us5046022_1bitoriginal/6024_scans-patents_lynn-conway-us5046022-1bit_p025_2320x3408.sdr.png	c25_br	6000-lilith-scans-public-patents	440	46
https://codec-corpus.r2.imazen.org/imazen-26-png-v3/8100-lilith-web-screenshots/768x1024/8330_web-screenshots_archive-wayback-search_dpr1_page1_768x1024.sdr.png	c25_tr	8100-lilith-web-screenshots	441	12
https://codec-corpus.r2.imazen.org/imazen-26-png-v3/8100-lilith-web-screenshots/other/8432_web-screenshots_nih-recipes-keep-the-beat_dpr1_page1_1280x800.sdr.png	full	8100-lilith-web-screenshots	442	17
https://codec-corpus.r2.imazen.org/imazen-26-png-v3/6000-lilith-scans-public-patents/yvonne_brill_us3807657_1bitoriginal/6104_scans-patents_yvonne-brill-us3807657-1bit_p007_2320x3408.sdr.png	c25_br	6000-lilith-scans-public-patents	443	8
https://codec-corpus.r2.imazen.org/imazen-26-png-v3/8100-lilith-web-screenshots/other/8440_web-screenshots_nps-acad_dpr1_page1_667x375.sdr.png	c50_br	8100-lilith-web-screenshots	444	17
https://codec-corpus.r2.imazen.org/imazen-26-png-v3/1400-lilith-nature/1486_nature_steaming-red-hot-spring_miyuki-beppu-japan_s23u_iso10-f1p7_20250311-151632_3000x4000.sdr.png	c25_br	1400-lilith-nature	445	7
https://codec-corpus.r2.imazen.org/imazen-26-png-v3/1400-lilith-nature/1404_nature_palm-trees-sunset_ka-anapali-beach-kaanapali_s21u_iso16-f1p8_20210607-180007_4000x3000.sdr.png	c50_tl	1400-lilith-nature	446	36
https://codec-corpus.r2.imazen.org/imazen-26-png-v3/9226-lilith-ai-products/home/decor/9728_gen_products-home-decor_bedding-flatlay-warm_detail_p0489_1024x1024.sdr.png	c25_tr	9226-lilith-ai-products	447	15
https://codec-corpus.r2.imazen.org/imazen-26-png-v3/2000-unsplash-people/2004_people_by-christian-agbede-a1gwjze3il4-unsplash_2945x4417.sdr.png	c50_tr	2000-unsplash-people	448	9
https://codec-corpus.r2.imazen.org/imazen-26-png-v3/1400-lilith-nature/1472_nature_sunset-over-parking-lot_colorado_s23u_iso25-f1p7_20241220-165246_4000x3000.sdr.png	c50_br	1400-lilith-nature	449	23
https://codec-corpus.r2.imazen.org/imazen-26-png-v3/8100-lilith-web-screenshots/1440x900/8118_web-screenshots_loc-pictures_dpr1_page1_1440x900.sdr.png	full	8100-lilith-web-screenshots	450	12
https://codec-corpus.r2.imazen.org/imazen-26-png-v3/1400-lilith-nature/1434_nature_purple-water-lily_kyoto-botanical-garden-kyoto_s23u_iso80-f2p4_20231107-142619_3000x4000.sdr.png	c50_tr	1400-lilith-nature	451	38
https://codec-corpus.r2.imazen.org/imazen-26-png-v3/8100-lilith-web-screenshots/other/8402_web-screenshots_cdc-home_dpr1_page1_414x896.sdr.png	full	8100-lilith-web-screenshots	452	19
https://codec-corpus.r2.imazen.org/imazen-26-png-v3/7000-lilith-plots/random-charts/7092_plots_chart-00118-s37436075_1024x1024.sdr.png	c25_tr	7000-lilith-plots	453	15
https://codec-corpus.r2.imazen.org/imazen-26-png-v3/1400-lilith-nature/1470_nature_sunset-over-water_waikiki-east-honolulu-hawaii_s23u_iso50-f4p9_20241106-175105_3000x4000.sdr.png	c50_bl	1400-lilith-nature	454	4
https://codec-corpus.r2.imazen.org/imazen-26-png-v3/8100-lilith-web-screenshots/1440x900/8124_web-screenshots_nasa-image-of-day_dpr1_page1_1440x900.sdr.png	c25_br	8100-lilith-web-screenshots	455	4
https://codec-corpus.r2.imazen.org/imazen-26-png-v3/5300-noaa-hurricane-documents/5312_noaa_nhc-al042024-debby_p19_2550x3300.sdr.png	c25_bl	5300-noaa-hurricane-documents	456	41
https://codec-corpus.r2.imazen.org/imazen-26-png-v3/5300-noaa-hurricane-documents/5306_noaa_nhc-milton-al142024_map_p07_2550x3300.sdr.png	c50_bl	5300-noaa-hurricane-documents	457	24
https://codec-corpus.r2.imazen.org/imazen-26-png-v3/8100-lilith-web-screenshots/1440x900/8128_web-screenshots_nasa-news_dpr1_page1_1440x900.sdr.png	c25_tl	8100-lilith-web-screenshots	458	12
https://codec-corpus.r2.imazen.org/imazen-26-png-v3/1000-lilith-photos-general/1042_general_dragon-fountain-statue_monument-inochi-kyoto_s23u_iso100-f1p7_20231107-111520_4000x3000.sdr.png	c50_center	1000-lilith-photos-general	459	10
https://codec-corpus.r2.imazen.org/imazen-26-png-v3/1600-lilith-food/1638_food_sliced-fish-dish_colorado_s25u_iso800-f1p7_20250425-213810_3000x4000.sdr.png	full	1600-lilith-food	460	20
https://codec-corpus.r2.imazen.org/imazen-26-png-v3/7000-lilith-plots/real-charts/7108_plots_chart-bubble-10-slate_1024x1024.sdr.png	c50_bl	7000-lilith-plots	461	12
https://codec-corpus.r2.imazen.org/imazen-26-png-v3/8100-lilith-web-screenshots/other/8394_web-screenshots_archives-home_dpr1_page1_414x896.sdr.png	full	8100-lilith-web-screenshots	462	20
https://codec-corpus.r2.imazen.org/imazen-26-png-v3/9094-lilith-ai-illustrations/9154_gen_illustrations_tiny-mossy-friend_1024x1536.sdr.png	full	9094-lilith-ai-illustrations	463	17
https://codec-corpus.r2.imazen.org/imazen-26-png-v3/8100-lilith-web-screenshots/1440x900/8100_web-screenshots_archive-wayback-search_dpr1_page1_1440x900.sdr.png	c50_bl	8100-lilith-web-screenshots	464	9
https://codec-corpus.r2.imazen.org/imazen-26-png-v3/6000-lilith-scans-public-patents/lynn_conway_us5046022_1bitoriginal/6028_scans-patents_lynn-conway-us5046022-1bit_p029_2320x3408.sdr.png	c50_bl	6000-lilith-scans-public-patents	465	13
https://codec-corpus.r2.imazen.org/imazen-26-png-v3/9094-lilith-ai-illustrations/9142_gen_illustrations_rooftop-sunset-gathering_1024x1536.sdr.png	c25_bl	9094-lilith-ai-illustrations	466	17
https://codec-corpus.r2.imazen.org/imazen-26-png-v3/1600-lilith-food/1616_food_plated-dessert-closeup_minami-kugahara-2-ota-japan_s23u_iso500-f2p2_20231028-120453-001_4000x3000.sdr.png	c25_tl	1600-lilith-food	467	24
https://codec-corpus.r2.imazen.org/imazen-26-png-v3/1400-lilith-nature/1512_nature_purple-white-flowers_colorado_ip8plus_iso20-f2p8_img-1029_3024x4032.sdr.png	c50_bl	1400-lilith-nature	468	31
https://codec-corpus.r2.imazen.org/imazen-26-png-v3/9226-lilith-ai-products/grocery/9696_gen_products-grocery_smokybluff-classic-yellow-mustard-squeeze-bottle_p0457_1024x1536.sdr.png	c25_center	9226-lilith-ai-products	469	1
https://codec-corpus.r2.imazen.org/imazen-26-png-v3/8100-lilith-web-screenshots/other/8410_web-screenshots_gutenberg-top_dpr1_page1_1280x800.sdr.png	c25_center	8100-lilith-web-screenshots	470	14
https://codec-corpus.r2.imazen.org/imazen-26-png-v3/9094-lilith-ai-illustrations/9164_gen_illustrations_manga-battle-shonen-whoosh_1024x1536.sdr.png	c25_tr	9094-lilith-ai-illustrations	471	6
https://codec-corpus.r2.imazen.org/imazen-26-png-v3/6800-ia-scans-manuscript-text/6808_scans-text_hokusai-ja-woodblock_p0030_6196x4845.sdr.png	c25_tr	6800-ia-scans-manuscript-text	472	42
https://codec-corpus.r2.imazen.org/imazen-26-png-v3/9226-lilith-ai-products/clothing/womens/general/9494_gen_products-clothing-womens-general_denim-jacket-women-flat_detail_p0263_1024x1024.sdr.png	c50_tr	9226-lilith-ai-products	473	3
https://codec-corpus.r2.imazen.org/imazen-26-png-v3/8100-lilith-web-screenshots/2880x1800/8268_web-screenshots_weather-forecast-nyc_dpr2_page1_2880x1800.sdr.png	c25_br	8100-lilith-web-screenshots	474	48
https://codec-corpus.r2.imazen.org/imazen-26-png-v3/6000-lilith-scans-public-patents/lynn_conway_us5046022_printrescancolor300/6050_scans-patents_lynn-conway-us5046022-rescan-color_p022_2479x3230.sdr.png	c25_tr	6000-lilith-scans-public-patents	475	56
https://codec-corpus.r2.imazen.org/imazen-26-png-v3/3000-art-institute-of-chicago-photos/3008_aic_trompe-l-oeil-still-life-with-a-flower-garland-a_66042_4000x2883.sdr.png	c25_center	3000-art-institute-of-chicago-photos	476	26
https://codec-corpus.r2.imazen.org/imazen-26-png-v3/1000-lilith-photos-general/1070_general_stone-temple-ruins_ip13pro_iso50-f1p5_img-8852_4032x3024.sdr.png	c50_br	1000-lilith-photos-general	477	11
https://codec-corpus.r2.imazen.org/imazen-26-png-v3/7000-lilith-plots/lines/7074_plots_line-voronoi-00127-s7957de6d_1024x1024.sdr.png	full	7000-lilith-plots	478	20
https://codec-corpus.r2.imazen.org/imazen-26-png-v3/9094-lilith-ai-illustrations/9130_gen_illustrations_kitchen-dawn-kettle-steam_1024x1536.sdr.png	c50_br	9094-lilith-ai-illustrations	479	49
https://codec-corpus.r2.imazen.org/imazen-26-png-v3/8100-lilith-web-screenshots/768x1024/8376_web-screenshots_si-edu-exhibitions_dpr1_page2_768x1024.sdr.png	c25_tl	8100-lilith-web-screenshots	480	6
https://codec-corpus.r2.imazen.org/imazen-26-png-v3/9226-lilith-ai-products/clothing/kids/9372_gen_products-clothing-kids_floral-dress_onmodel_p0143_1024x1536.sdr.png	c50_bl	9226-lilith-ai-products	481	82
https://codec-corpus.r2.imazen.org/imazen-26-png-v3/9226-lilith-ai-products/clothing/womens/general/9532_gen_products-clothing-womens-general_gingham-shirt-dress_ghost_p0297_1024x1536.sdr.png	full	9226-lilith-ai-products	482	5
https://codec-corpus.r2.imazen.org/imazen-26-png-v3/9226-lilith-ai-products/home/furniture/9782_gen_products-home-furniture_mid-century-lounge-chair_p0543_1024x1536.sdr.png	c50_bl	9226-lilith-ai-products	483	64
https://codec-corpus.r2.imazen.org/imazen-26-png-v3/9226-lilith-ai-products/clothing/womens/general/9538_gen_products-clothing-womens-general_puff-sleeve-blouse_flat_p0303_1024x1024.sdr.png	c25_center	9226-lilith-ai-products	484	4
https://codec-corpus.r2.imazen.org/imazen-26-png-v3/8100-lilith-web-screenshots/375x667/8308_web-screenshots_nps-grand-canyon_dpr1_page2_375x667.sdr.png	c50_tr	8100-lilith-web-screenshots	485	31
https://codec-corpus.r2.imazen.org/imazen-26-png-v3/9226-lilith-ai-products/beauty/9298_gen_products-beauty_dewmark-aqua-peptide-gel-cream_p0069_1024x1024.sdr.png	c50_center	9226-lilith-ai-products	486	31
https://codec-corpus.r2.imazen.org/imazen-26-png-v3/9226-lilith-ai-products/clothing/womens/general/9488_gen_products-clothing-womens-general_cobalt-embroidered-baggy-jeans_onmodel_p0257_2160x3840.sdr.png	c25_br	9226-lilith-ai-products	487	19
https://codec-corpus.r2.imazen.org/imazen-26-png-v3/5300-noaa-hurricane-documents/5300_noaa_nhc-verification-report-2024_page1_p01_2550x3300.sdr.png	c25_center	5300-noaa-hurricane-documents	488	50
https://codec-corpus.r2.imazen.org/imazen-26-png-v3/9226-lilith-ai-products/clothing/womens/activewear/9442_gen_products-clothing-womens-activewear_flare-leggings-terracotta_onmodel_p0203_1024x1536.sdr.png	c25_tr	9226-lilith-ai-products	489	10
https://codec-corpus.r2.imazen.org/imazen-26-png-v3/9226-lilith-ai-products/accessories/9238_gen_products-accessories_merch-canvas-tote_p0012_1152x2048.sdr.png	c50_br	9226-lilith-ai-products	490	18
https://codec-corpus.r2.imazen.org/imazen-26-png-v3/6000-lilith-scans-public-patents/lynn_conway_us5046022_printrescancolor300/6058_scans-patents_lynn-conway-us5046022-rescan-color_p030_2479x3230.sdr.png	c25_center	6000-lilith-scans-public-patents	491	20
https://codec-corpus.r2.imazen.org/imazen-26-png-v3/9226-lilith-ai-products/clothing/mens/9400_gen_products-clothing-mens_cap-five-panel_flat_p0171_1024x1024.sdr.png	c25_center	9226-lilith-ai-products	492	1
https://codec-corpus.r2.imazen.org/imazen-26-png-v3/1200-lilith-interiors/1206_interiors_tree-like-sculpture-ceiling_azulik-city-arts-francisco-uh-may_s23u_iso80-f2p2_20230917-143302_3000x4000.sdr.png	c50_bl	1200-lilith-interiors	493	30
https://codec-corpus.r2.imazen.org/imazen-26-png-v3/7000-lilith-plots/lines/7060_plots_line-concentric-00020-s1aac7045_1024x1024.sdr.png	c50_br	7000-lilith-plots	494	5
https://codec-corpus.r2.imazen.org/imazen-26-png-v3/8100-lilith-web-screenshots/1440x900/8110_web-screenshots_federalreserve-data_dpr1_page1_1440x900.sdr.png	c50_center	8100-lilith-web-screenshots	495	33
https://codec-corpus.r2.imazen.org/imazen-26-png-v3/9226-lilith-ai-products/accessories/9232_gen_products-accessories_cognac-crossbody_detail_p0006_3840x2160.sdr.png	c25_tr	9226-lilith-ai-products	496	10
https://codec-corpus.r2.imazen.org/imazen-26-png-v3/9226-lilith-ai-products/home/small-appliances/9854_gen_products-home-small-appliances_kettlebay-milk-frother_p0615_1024x1536.sdr.png	c25_tl	9226-lilith-ai-products	497	28
https://codec-corpus.r2.imazen.org/imazen-26-png-v3/9226-lilith-ai-products/clothing/kids/9368_gen_products-clothing-kids_denim-overalls-mid-wash_onmodel_p0139_3072x5504.sdr.png	c25_tr	9226-lilith-ai-products	498	20
https://codec-corpus.r2.imazen.org/imazen-26-png-v3/1000-lilith-photos-general/1010_general_floating-dock-on-lake_hakone-ekiden-museum-hakone_s23u_iso80-f4p9_20230707-172043_3000x4000.sdr.png	c50_bl	1000-lilith-photos-general	499	8
