url	crop_label	content_class	cluster_id	cluster_size
https://codec-corpus.r2.imazen.org/imazen-26-png-v3/9226-lilith-ai-products/home/decor/9740_gen_products-home-decor_ceramic-vase-trio_p0501_1536x1024.sdr.png	c50_bl	9226-lilith-ai-products	0	40
https://codec-corpus.r2.imazen.org/imazen-26-png-v3/8100-lilith-web-screenshots/768x1024/8351_web-screenshots_nasa-image-of-day_dpr1_page1_768x1024.sdr.png	c25_bl	8100-lilith-web-screenshots	1	16
https://codec-corpus.r2.imazen.org/imazen-26-png-v3/3300-met-museum-photos/3320_met_six-jewel-rivers_53427_3841x2149.sdr.png	c50_center	3300-met-museum-photos	2	3
https://codec-corpus.r2.imazen.org/imazen-26-png-v3/1400-lilith-nature/1504_nature_cloudy-sky-over-field_colorado_ip13pro_iso50-f1p5_img-0374_4032x3024.sdr.png	c25_br	1400-lilith-nature	3	17
https://codec-corpus.r2.imazen.org/imazen-26-png-v3/5000-national-park-service-brochures/grayscale/5041_nps_deva-routes-from-las-vegas_gray_p01_2550x3300.sdr.png	c50_tr	5000-national-park-service-brochures	4	70
https://codec-corpus.r2.imazen.org/imazen-26-png-v3/9226-lilith-ai-products/toys/9894_gen_products-toys_kids-three-wheel-scooter_p0655_1024x1536.sdr.png	c50_tr	9226-lilith-ai-products	5	78
https://codec-corpus.r2.imazen.org/imazen-26-png-v3/8100-lilith-web-screenshots/1440x900/8134_web-screenshots_nps-grand-canyon_dpr1_page1_1440x900.sdr.png	c25_br	8100-lilith-web-screenshots	6	25
https://codec-corpus.r2.imazen.org/imazen-26-png-v3/9226-lilith-ai-products/electronics/9597_gen_products-electronics_harmonix-studio-monitors_p0361_1536x1024.sdr.png	c50_br	9226-lilith-ai-products	7	30
https://codec-corpus.r2.imazen.org/imazen-26-png-v3/1400-lilith-nature/1487_nature_glacier-over-water_kenai-peninsula-borough-alaska_s25u_iso40-f1p7_20250801-135016_3000x4000.sdr.png	c25_center	1400-lilith-nature	8	19
https://codec-corpus.r2.imazen.org/imazen-26-png-v3/7000-lilith-plots/grids/7052_plots_line-00222-s2f495179_1024x1024.sdr.png	c25_tl	7000-lilith-plots	9	5
https://codec-corpus.r2.imazen.org/imazen-26-png-v3/8100-lilith-web-screenshots/1440x900/8113_web-screenshots_lkml-lists-index_dpr1_page1_1440x900.sdr.png	c50_tl	8100-lilith-web-screenshots	10	13
https://codec-corpus.r2.imazen.org/imazen-26-png-v3/1600-lilith-food/1634_food_breakfast-table-setting_uchiura-shigedera-numazu-japan_s23u_iso16-f1p7_20250308-091451_3000x4000.sdr.png	c50_center	1600-lilith-food	11	61
https://codec-corpus.r2.imazen.org/imazen-26-png-v3/9000-lilith-ai-clipart/9026_gen_clipart_gift-box-bow_1024x1536.sdr.png	c50_tl	9000-lilith-ai-clipart	12	61
https://codec-corpus.r2.imazen.org/imazen-26-png-v3/8100-lilith-web-screenshots/768x1024/8345_web-screenshots_loc-pictures_dpr1_page1_768x1024.sdr.png	c25_tl	8100-lilith-web-screenshots	13	5
https://codec-corpus.r2.imazen.org/imazen-26-png-v3/9226-lilith-ai-products/baby/9276_gen_products-baby_sleep-sack-sage-bunny_flat_p0048_1024x1536.sdr.png	c25_tl	9226-lilith-ai-products	14	228
https://codec-corpus.r2.imazen.org/imazen-26-png-v3/9094-lilith-ai-illustrations/9106_gen_illustrations_child-fox-snowy-forest_1024x1536.sdr.png	c25_br	9094-lilith-ai-illustrations	15	5
https://codec-corpus.r2.imazen.org/imazen-26-png-v3/7000-lilith-plots/grids/7050_plots_line-00166-s010fb6d2_1024x1024.sdr.png	c25_tl	7000-lilith-plots	16	10
https://codec-corpus.r2.imazen.org/imazen-26-png-v3/8100-lilith-web-screenshots/375x667/8282_web-screenshots_lkml-lists-index_dpr1_page1_375x667.sdr.png	c25_bl	8100-lilith-web-screenshots	17	5
https://codec-corpus.r2.imazen.org/imazen-26-png-v3/6000-lilith-scans-public-patents/lynn_conway_us5046022_printrescancolor300/6047_scans-patents_lynn-conway-us5046022-rescan-color_p019_2479x3230.sdr.png	c50_tr	6000-lilith-scans-public-patents	18	66
https://codec-corpus.r2.imazen.org/imazen-26-png-v3/6600-ia-scans-manuscript-illustrations/6605_scans-illustrations_haeckel-pitcher-plants_plate0062_4988x7412.sdr.png	c50_br	6600-ia-scans-manuscript-illustrations	19	6
https://codec-corpus.r2.imazen.org/imazen-26-png-v3/9226-lilith-ai-products/footwear/9655_gen_products-footwear_green-retro-low-trainers_p0416_3840x2160.sdr.png	c25_tr	9226-lilith-ai-products	20	3
https://codec-corpus.r2.imazen.org/imazen-26-png-v3/7000-lilith-plots/aliased-line-patterns/7000_plots_line-00056-s6bcec02a_1024x1024.sdr.png	c50_center	7000-lilith-plots	21	7
https://codec-corpus.r2.imazen.org/imazen-26-png-v3/5000-national-park-service-brochures/grayscale/5044_nps_mora-ohanapecosh7-2019_gray_p01_2550x3300.sdr.png	c25_tr	5000-national-park-service-brochures	22	781
https://codec-corpus.r2.imazen.org/imazen-26-png-v3/6000-lilith-scans-public-patents/yvonne_brill_us3807657_1bitoriginal/6104_scans-patents_yvonne-brill-us3807657-1bit_p007_2320x3408.sdr.png	c50_tl	6000-lilith-scans-public-patents	23	38
https://codec-corpus.r2.imazen.org/imazen-26-png-v3/7000-lilith-plots/real-charts/7123_plots_chart-scatter-09-light_1024x1024.sdr.png	c25_tr	7000-lilith-plots	24	16
https://codec-corpus.r2.imazen.org/imazen-26-png-v3/1000-lilith-photos-general/1066_general_stone-building-facade_park-guell-barcelona_zfold7_iso80-f1p7_20260318-172109_3000x4000.sdr.png	c25_center	1000-lilith-photos-general	25	23
https://codec-corpus.r2.imazen.org/imazen-26-png-v3/1400-lilith-nature/1410_nature_coastal-road-view_maui-hawaii_s21u_iso50-f2p4_20210608-170946_4000x3000.sdr.png	c50_tr	1400-lilith-nature	26	17
https://codec-corpus.r2.imazen.org/imazen-26-png-v3/1400-lilith-nature/1514_nature_purple-allium-flowers_colorado_ip8plus_iso20-f2p8_img-1310_3024x4032.sdr.png	c50_tl	1400-lilith-nature	27	41
https://codec-corpus.r2.imazen.org/imazen-26-png-v3/8100-lilith-web-screenshots/1440x900/8135_web-screenshots_nps-grand-canyon_dpr1_page2_1440x900.sdr.png	c25_bl	8100-lilith-web-screenshots	28	41
https://codec-corpus.r2.imazen.org/imazen-26-png-v3/7000-lilith-plots/grids/7045_plots_chart-00418-s51df1e6b_1024x1024.sdr.png	full	7000-lilith-plots	29	13
https://codec-corpus.r2.imazen.org/imazen-26-png-v3/7000-lilith-plots/line-patterns/7057_plots_line-tiling-00208-s6c4f8551_1024x1024.sdr.png	c50_tr	7000-lilith-plots	30	11
https://codec-corpus.r2.imazen.org/imazen-26-png-v3/9226-lilith-ai-products/clothing/womens/activewear/9451_gen_products-clothing-womens-activewear_leggings-pack-two_p0222_1536x1024.sdr.png	c25_tl	9226-lilith-ai-products	31	37
https://codec-corpus.r2.imazen.org/imazen-26-png-v3/9226-lilith-ai-products/grocery/9698_gen_products-grocery_wildoak-honey-oat-cereal-box_p0459_1024x1536.sdr.png	c25_center	9226-lilith-ai-products	32	2
https://codec-corpus.r2.imazen.org/imazen-26-png-v3/8100-lilith-web-screenshots/768x1024/8337_web-screenshots_datagov-catalog_dpr1_page2_768x1024.sdr.png	c50_bl	8100-lilith-web-screenshots	33	41
https://codec-corpus.r2.imazen.org/imazen-26-png-v3/7000-lilith-plots/line-patterns/7059_plots_line-tiling-00260-s5da77574_1024x1024.sdr.png	c50_br	7000-lilith-plots	34	12
https://codec-corpus.r2.imazen.org/imazen-26-png-v3/9226-lilith-ai-products/clothing/mens/9396_gen_products-clothing-mens_grid-fleece-quarter-zip_p0167_2160x3840.sdr.png	c25_center	9226-lilith-ai-products	35	3
https://codec-corpus.r2.imazen.org/imazen-26-png-v3/9226-lilith-ai-products/clothing/kids/9384_gen_products-clothing-kids_rainbow-tee_p0155_2160x3840.sdr.png	c50_bl	9226-lilith-ai-products	36	22
https://codec-corpus.r2.imazen.org/imazen-26-png-v3/8100-lilith-web-screenshots/1440x900/8153_web-screenshots_weather-forecast-nyc_dpr1_page1_1440x900.sdr.png	c50_br	8100-lilith-web-screenshots	37	63
https://codec-corpus.r2.imazen.org/imazen-26-png-v3/1400-lilith-nature/1404_nature_palm-trees-sunset_ka-anapali-beach-kaanapali_s21u_iso16-f1p8_20210607-180007_4000x3000.sdr.png	c50_bl	1400-lilith-nature	38	65
https://codec-corpus.r2.imazen.org/imazen-26-png-v3/2400-unsplash-textures/2409_textures_blue-abstract-texture_by-tim-mossholder-shmrlyrv-s0-unsplash_5504x8256.sdr.png	c50_center	2400-unsplash-textures	39	4
https://codec-corpus.r2.imazen.org/imazen-26-png-v3/9094-lilith-ai-illustrations/9130_gen_illustrations_kitchen-dawn-kettle-steam_1024x1536.sdr.png	c50_tr	9094-lilith-ai-illustrations	40	38
https://codec-corpus.r2.imazen.org/imazen-26-png-v3/9226-lilith-ai-products/beauty/9306_gen_products-beauty_florwell-mineral-bath-soak_p0077_1024x1024.sdr.png	full	9226-lilith-ai-products	41	120
https://codec-corpus.r2.imazen.org/imazen-26-png-v3/6000-lilith-scans-public-patents/lynn_conway_us5046022_1bitoriginal/6013_scans-patents_lynn-conway-us5046022-1bit_p014_2320x3408.sdr.png	c25_bl	6000-lilith-scans-public-patents	42	93
https://codec-corpus.r2.imazen.org/imazen-26-png-v3/6000-lilith-scans-public-patents/lynn_conway_us5046022_printrescangray300/6063_scans-patents_lynn-conway-us5046022-rescan-gray_p005_2479x3230.sdr.png	c25_tr	6000-lilith-scans-public-patents	43	60
https://codec-corpus.r2.imazen.org/imazen-26-png-v3/5300-noaa-hurricane-documents/5303_noaa_nhc-helene-al092024_map_p09_2550x3300.sdr.png	c50_tr	5300-noaa-hurricane-documents	44	100
https://codec-corpus.r2.imazen.org/imazen-26-png-v3/2400-unsplash-textures/2405_textures_green-galaxy-speckle_by-logan-voss-bsfdgf4xtac-unsplash_4320x7680.sdr.png	c25_center	2400-unsplash-textures	45	1
https://codec-corpus.r2.imazen.org/imazen-26-png-v3/9226-lilith-ai-products/clothing/womens/activewear/9447_gen_products-clothing-womens-activewear_sportsbra-leggings-coral_onmodel_p0208_1024x1536.sdr.png	c25_tl	9226-lilith-ai-products	46	45
https://codec-corpus.r2.imazen.org/imazen-26-png-v3/7000-lilith-plots/grids/7044_plots_chart-00338-s6215c94e_1024x1024.sdr.png	c25_center	7000-lilith-plots	47	8
https://codec-corpus.r2.imazen.org/imazen-26-png-v3/1400-lilith-nature/1410_nature_coastal-road-view_maui-hawaii_s21u_iso50-f2p4_20210608-170946_4000x3000.sdr.png	c50_bl	1400-lilith-nature	48	14
https://codec-corpus.r2.imazen.org/imazen-26-png-v3/1200-lilith-interiors/1243_interiors_vintage-living-room_la-pedrera-barcelona_zfold7_iso400-f2p2_20260319-183921_3000x4000.sdr.png	c50_tr	1200-lilith-interiors	49	38
https://codec-corpus.r2.imazen.org/imazen-26-png-v3/8100-lilith-web-screenshots/other/8414_web-screenshots_lkml-lists-index_dpr1_page1_1280x800.sdr.png	c50_center	8100-lilith-web-screenshots	50	5
https://codec-corpus.r2.imazen.org/imazen-26-png-v3/9226-lilith-ai-products/home/kitchen/9802_gen_products-home-kitchen_ashridge-espresso-cups_p0563_1536x1024.sdr.png	c25_tr	9226-lilith-ai-products	51	4
https://codec-corpus.r2.imazen.org/imazen-26-png-v3/3300-met-museum-photos/3320_met_six-jewel-rivers_53427_3841x2149.sdr.png	c50_bl	3300-met-museum-photos	52	3
https://codec-corpus.r2.imazen.org/imazen-26-png-v3/5300-noaa-hurricane-documents/5312_noaa_nhc-al042024-debby_p19_2550x3300.sdr.png	c25_br	5300-noaa-hurricane-documents	53	89
https://codec-corpus.r2.imazen.org/imazen-26-png-v3/2400-unsplash-textures/2405_textures_green-galaxy-speckle_by-logan-voss-bsfdgf4xtac-unsplash_4320x7680.sdr.png	c50_br	2400-unsplash-textures	54	5
https://codec-corpus.r2.imazen.org/imazen-26-png-v3/6600-ia-scans-manuscript-illustrations/6604_scans-illustrations_haeckel-moths_plate0058_4865x7207.sdr.png	c50_tl	6600-ia-scans-manuscript-illustrations	55	3
https://codec-corpus.r2.imazen.org/imazen-26-png-v3/9226-lilith-ai-products/toys/9884_gen_products-toys_board-game-box-strategy_p0645_1024x1024.sdr.png	c25_center	9226-lilith-ai-products	56	6
https://codec-corpus.r2.imazen.org/imazen-26-png-v3/1600-lilith-food/1621_food_dessert-on-plate_grindavik-iceland_s23u_iso40-f1p7_20240429-184401_3000x4000.sdr.png	c50_tl	1600-lilith-food	57	55
https://codec-corpus.r2.imazen.org/imazen-26-png-v3/1400-lilith-nature/1461_nature_aerial-coastline-clouds_iceland_s23u_iso10-f1p7_20240421-074547_3000x4000.sdr.png	c25_bl	1400-lilith-nature	58	29
https://codec-corpus.r2.imazen.org/imazen-26-png-v3/8100-lilith-web-screenshots/768x1024/8342_web-screenshots_lkml-lists-index_dpr1_page2_768x1024.sdr.png	c50_center	8100-lilith-web-screenshots	59	13
https://codec-corpus.r2.imazen.org/imazen-26-png-v3/1400-lilith-nature/1439_nature_potted-purple-orchid_kyoto-botanical-garden-kyoto_s23u_iso200-f2p4_20231107-145307_3000x4000.sdr.png	c50_tr	1400-lilith-nature	60	38
https://codec-corpus.r2.imazen.org/imazen-26-png-v3/5300-noaa-hurricane-documents/5304_noaa_nhc-helene-al092024_text-body_p25_2550x3300.sdr.png	c50_br	5300-noaa-hurricane-documents	61	18
https://codec-corpus.r2.imazen.org/imazen-26-png-v3/6000-lilith-scans-public-patents/lynn_conway_us5046022_printrescangray300/6080_scans-patents_lynn-conway-us5046022-rescan-gray_p022_2479x3230.sdr.png	c25_center	6000-lilith-scans-public-patents	62	28
https://codec-corpus.r2.imazen.org/imazen-26-png-v3/8100-lilith-web-screenshots/2880x1800/8232_web-screenshots_loc-exhibitions_dpr2_page1_2880x1800.sdr.png	full	8100-lilith-web-screenshots	63	25
https://codec-corpus.r2.imazen.org/imazen-26-png-v3/9094-lilith-ai-illustrations/9099_gen_illustrations_ballet-shoes-ribbon-flat-lay_1024x1536.sdr.png	full	9094-lilith-ai-illustrations	64	15
https://codec-corpus.r2.imazen.org/imazen-26-png-v3/9226-lilith-ai-products/beauty/9302_gen_products-beauty_florwell_feature_p0073_1536x1024.sdr.png	c50_center	9226-lilith-ai-products	65	24
https://codec-corpus.r2.imazen.org/imazen-26-png-v3/7000-lilith-plots/aliased-lines/7011_plots_line-00121-s3491d29b_1024x1024.sdr.png	c50_center	7000-lilith-plots	66	9
https://codec-corpus.r2.imazen.org/imazen-26-png-v3/9226-lilith-ai-products/clothing/womens/general/9527_gen_products-clothing-womens-general_ditsy-floral-sundress_onmodel_p0292_1024x1536.sdr.png	c25_tr	9226-lilith-ai-products	67	29
https://codec-corpus.r2.imazen.org/imazen-26-png-v3/9226-lilith-ai-products/toys/9897_gen_products-toys_plush-bunny-rabbit_p0658_1024x1536.sdr.png	c25_br	9226-lilith-ai-products	68	92
https://codec-corpus.r2.imazen.org/imazen-26-png-v3/9226-lilith-ai-products/grocery/9687_gen_products-grocery_northvale-almond-honey-snack-bars-multipack_p0448_1536x1024.sdr.png	full	9226-lilith-ai-products	69	79
https://codec-corpus.r2.imazen.org/imazen-26-png-v3/1400-lilith-nature/1437_nature_potted-orchid-closeup_kyoto-botanical-garden-kyoto_s23u_iso100-f4p9_20231107-143832_3000x4000.sdr.png	c50_bl	1400-lilith-nature	70	40
https://codec-corpus.r2.imazen.org/imazen-26-png-v3/7000-lilith-plots/grids/7047_plots_line-00065-s0b64cf58_1024x1024.sdr.png	c50_tr	7000-lilith-plots	71	5
https://codec-corpus.r2.imazen.org/imazen-26-png-v3/6600-ia-scans-manuscript-illustrations/6611_scans-illustrations_hokusai-landscape-bridges_plate0027_6166x4823.sdr.png	c25_center	6600-ia-scans-manuscript-illustrations	72	22
https://codec-corpus.r2.imazen.org/imazen-26-png-v3/1000-lilith-photos-general/1020_general_space-needle-sculpture-garden_seattle-center-seattle_s23u_iso50-f2p2_20230727-174418_3000x4000.sdr.png	c25_br	1000-lilith-photos-general	73	3
https://codec-corpus.r2.imazen.org/imazen-26-png-v3/8100-lilith-web-screenshots/768x1024/8343_web-screenshots_loc-exhibitions_dpr1_page1_768x1024.sdr.png	c50_tl	8100-lilith-web-screenshots	74	12
https://codec-corpus.r2.imazen.org/imazen-26-png-v3/7000-lilith-plots/grids/7039_plots_chart-00220-s782a7764_1024x1024.sdr.png	c50_br	7000-lilith-plots	75	6
https://codec-corpus.r2.imazen.org/imazen-26-png-v3/5000-national-park-service-brochures/color/5000_nps_bibe-2023-wild-and-scenic-rivers_color_p01_4961x7016.sdr.png	c50_tl	5000-national-park-service-brochures	76	24
https://codec-corpus.r2.imazen.org/imazen-26-png-v3/1200-lilith-interiors/1203_interiors_person-in-room_belltown-seattle-washington_s23u_iso800-f1p7_20230727-165257_4000x3000.sdr.png	c25_center	1200-lilith-interiors	77	17
https://codec-corpus.r2.imazen.org/imazen-26-png-v3/6800-ia-scans-manuscript-text/6817_scans-text_owenjones-en-essay_p0043_2027x3000.sdr.png	c25_br	6800-ia-scans-manuscript-text	78	50
https://codec-corpus.r2.imazen.org/imazen-26-png-v3/7000-lilith-plots/lines/7070_plots_line-voronoi-00012-s2be0c08d_1024x1024.sdr.png	c25_center	7000-lilith-plots	79	12
https://codec-corpus.r2.imazen.org/imazen-26-png-v3/9000-lilith-ai-clipart/9062_gen_clipart_smiling-sun_1024x1024.sdr.png	c25_bl	9000-lilith-ai-clipart	80	57
https://codec-corpus.r2.imazen.org/imazen-26-png-v3/9226-lilith-ai-products/grocery/whitelabel/9715_gen_products-grocery-whitelabel_pepper-grinder_p0476_1024x1536.sdr.png	c50_center	9226-lilith-ai-products	81	39
https://codec-corpus.r2.imazen.org/imazen-26-png-v3/8100-lilith-web-screenshots/other/8449_web-screenshots_nps-yellowstone_dpr1_page2_1280x800.sdr.png	c50_tr	8100-lilith-web-screenshots	82	26
https://codec-corpus.r2.imazen.org/imazen-26-png-v3/7000-lilith-plots/aliased-line-patterns/7003_plots_line-00208-s6c4f8551_1024x1024.sdr.png	c25_tl	7000-lilith-plots	83	6
https://codec-corpus.r2.imazen.org/imazen-26-png-v3/8100-lilith-web-screenshots/2880x1800/8220_web-screenshots_archives-exhibits_dpr2_page1_2880x1800.sdr.png	c50_tl	8100-lilith-web-screenshots	84	64
https://codec-corpus.r2.imazen.org/imazen-26-png-v3/8100-lilith-web-screenshots/768x1024/8345_web-screenshots_loc-pictures_dpr1_page1_768x1024.sdr.png	c25_bl	8100-lilith-web-screenshots	85	32
https://codec-corpus.r2.imazen.org/imazen-26-png-v3/5000-national-park-service-brochures/grayscale/5056_nps_shen-bearfence-roadtrail_gray_p02_2550x3300.sdr.png	c50_center	5000-national-park-service-brochures	86	36
https://codec-corpus.r2.imazen.org/imazen-26-png-v3/9226-lilith-ai-products/clothing/womens/activewear/9441_gen_products-clothing-womens-activewear_crop-hoodie-flare-cream_onmodel_p0212_1024x1536.sdr.png	c50_bl	9226-lilith-ai-products	87	51
https://codec-corpus.r2.imazen.org/imazen-26-png-v3/8100-lilith-web-screenshots/1920x1080/8206_web-screenshots_si-edu-exhibitions_dpr1_page1_1920x1080.sdr.png	c50_tl	8100-lilith-web-screenshots	88	14
https://codec-corpus.r2.imazen.org/imazen-26-png-v3/8100-lilith-web-screenshots/1440x900/8113_web-screenshots_lkml-lists-index_dpr1_page1_1440x900.sdr.png	c25_tr	8100-lilith-web-screenshots	89	3
https://codec-corpus.r2.imazen.org/imazen-26-png-v3/6000-lilith-scans-public-patents/yvonne_brill_us3807657_printrescancolor300/6105_scans-patents_yvonne-brill-us3807657-rescan-color_p001_2479x3230.sdr.png	c50_br	6000-lilith-scans-public-patents	90	40
https://codec-corpus.r2.imazen.org/imazen-26-png-v3/8100-lilith-web-screenshots/1920x1080/8187_web-screenshots_nasa-news_dpr1_page2_1920x1080.sdr.png	c50_tr	8100-lilith-web-screenshots	91	52
https://codec-corpus.r2.imazen.org/imazen-26-png-v3/8100-lilith-web-screenshots/1920x1080/8170_web-screenshots_gutenberg-top_dpr1_page2_1920x1080.sdr.png	c25_tl	8100-lilith-web-screenshots	92	14
https://codec-corpus.r2.imazen.org/imazen-26-png-v3/8100-lilith-web-screenshots/768x1024/8339_web-screenshots_gutenberg-top_dpr1_page1_768x1024.sdr.png	c50_tr	8100-lilith-web-screenshots	93	35
https://codec-corpus.r2.imazen.org/imazen-26-png-v3/3300-met-museum-photos/3301_met_marine_11597_1801x2140.sdr.png	c25_bl	3300-met-museum-photos	94	2
https://codec-corpus.r2.imazen.org/imazen-26-png-v3/9226-lilith-ai-products/toys/9900_gen_products-toys_sand-toy-bucket-set_p0661_1024x1024.sdr.png	c50_tr	9226-lilith-ai-products	95	84
https://codec-corpus.r2.imazen.org/imazen-26-png-v3/9226-lilith-ai-products/home/decor/9749_gen_products-home-decor_framed-botanical-art-print_p0510_1024x1536.sdr.png	c50_tr	9226-lilith-ai-products	96	63
https://codec-corpus.r2.imazen.org/imazen-26-png-v3/7000-lilith-plots/lines/7060_plots_line-concentric-00020-s1aac7045_1024x1024.sdr.png	c50_br	7000-lilith-plots	97	6
https://codec-corpus.r2.imazen.org/imazen-26-png-v3/8100-lilith-web-screenshots/1920x1080/8209_web-screenshots_usgs-main-home_dpr1_page1_1920x1080.sdr.png	c25_tr	8100-lilith-web-screenshots	98	11
https://codec-corpus.r2.imazen.org/imazen-26-png-v3/9094-lilith-ai-illustrations/9119_gen_illustrations_figure-with-stars-shoulders_1024x1536.sdr.png	c25_br	9094-lilith-ai-illustrations	99	6
https://codec-corpus.r2.imazen.org/imazen-26-png-v3/9226-lilith-ai-products/clothing/mens/9413_gen_products-clothing-mens_navy-pique-polo_flat_p0184_1024x1024.sdr.png	c25_center	9226-lilith-ai-products	100	1
https://codec-corpus.r2.imazen.org/imazen-26-png-v3/9094-lilith-ai-illustrations/9164_gen_illustrations_manga-battle-shonen-whoosh_1024x1536.sdr.png	c50_bl	9094-lilith-ai-illustrations	101	7
https://codec-corpus.r2.imazen.org/imazen-26-png-v3/9094-lilith-ai-illustrations/9152_gen_illustrations_taxi-rainy-evening_1024x1536.sdr.png	c50_center	9094-lilith-ai-illustrations	102	10
https://codec-corpus.r2.imazen.org/imazen-26-png-v3/9094-lilith-ai-illustrations/9132_gen_illustrations_market-vegetable-basket_1024x1536.sdr.png	c25_bl	9094-lilith-ai-illustrations	103	3
https://codec-corpus.r2.imazen.org/imazen-26-png-v3/1600-lilith-food/1609_food_tray-of-food_kurama-kibune-cho-kyoto-japan_s23u_iso100-f2p2_20230711-123756_4000x3000.sdr.png	c25_tr	1600-lilith-food	104	35
https://codec-corpus.r2.imazen.org/imazen-26-png-v3/9226-lilith-ai-products/clothing/womens/dark-bg/9480_gen_products-clothing-womens-dark-bg_tropical-floral-maxi_p0249_2160x3840.sdr.png	c50_center	9226-lilith-ai-products	105	8
https://codec-corpus.r2.imazen.org/imazen-26-png-v3/9226-lilith-ai-products/clothing/fabric-textures/9357_gen_products-clothing-fabric-textures_texture-magenta-leopard-sequin_detail_p0128_3840x2160.sdr.png	c50_center	9226-lilith-ai-products	106	8
https://codec-corpus.r2.imazen.org/imazen-26-png-v3/8100-lilith-web-screenshots/1440x900/8139_web-screenshots_nps-yellowstone_dpr1_page2_1440x900.sdr.png	c50_br	8100-lilith-web-screenshots	107	49
https://codec-corpus.r2.imazen.org/imazen-26-png-v3/8100-lilith-web-screenshots/1440x900/8119_web-screenshots_loc-pictures_dpr1_page2_1440x900.sdr.png	c50_center	8100-lilith-web-screenshots	108	10
https://codec-corpus.r2.imazen.org/imazen-26-png-v3/2000-unsplash-people/2001_people_by-anastasia-pivnenko-prng6r1nspq-unsplash_2272x3072.sdr.png	c50_tr	2000-unsplash-people	109	11
https://codec-corpus.r2.imazen.org/imazen-26-png-v3/7000-lilith-plots/aliased-lines/7021_plots_line-00269-s0382639b_1024x1024.sdr.png	c25_center	7000-lilith-plots	110	2
https://codec-corpus.r2.imazen.org/imazen-26-png-v3/8100-lilith-web-screenshots/2880x1800/8232_web-screenshots_loc-exhibitions_dpr2_page1_2880x1800.sdr.png	c25_tr	8100-lilith-web-screenshots	111	50
https://codec-corpus.r2.imazen.org/imazen-26-png-v3/9226-lilith-ai-products/clothing/womens/dark-bg/9468_gen_products-clothing-womens-dark-bg_cobalt-one-shoulder-dress_p0238_2160x3840.sdr.png	c50_tl	9226-lilith-ai-products	112	36
https://codec-corpus.r2.imazen.org/imazen-26-png-v3/3000-art-institute-of-chicago-photos/3014_aic_single-spout-vessel-with-molded-abstract-figure_9119_2719x2250.sdr.png	c25_tr	3000-art-institute-of-chicago-photos	113	16
https://codec-corpus.r2.imazen.org/imazen-26-png-v3/1200-lilith-interiors/1241_interiors_living-room-sofa_la-pedrera-barcelona_zfold7_iso1000-f1p7_20260319-183640_3000x4000.sdr.png	c25_tl	1200-lilith-interiors	114	9
https://codec-corpus.r2.imazen.org/imazen-26-png-v3/7000-lilith-plots/aliased-polygons/7031_plots_line-00184-s02a80f0a_1024x1024.sdr.png	c50_br	7000-lilith-plots	115	2
https://codec-corpus.r2.imazen.org/imazen-26-png-v3/9226-lilith-ai-products/clothing/kids/9361_gen_products-clothing-kids_footwear-kids-velcro-sneaker-coral_p0132_1536x1024.sdr.png	c25_bl	9226-lilith-ai-products	116	30
https://codec-corpus.r2.imazen.org/imazen-26-png-v3/8100-lilith-web-screenshots/1920x1080/8171_web-screenshots_lkml-lists-index_dpr1_page1_1920x1080.sdr.png	c50_center	8100-lilith-web-screenshots	117	9
https://codec-corpus.r2.imazen.org/imazen-26-png-v3/1600-lilith-food/1638_food_sliced-fish-dish_colorado_s25u_iso800-f1p7_20250425-213810_3000x4000.sdr.png	c50_bl	1600-lilith-food	118	37
https://codec-corpus.r2.imazen.org/imazen-26-png-v3/9094-lilith-ai-illustrations/9142_gen_illustrations_rooftop-sunset-gathering_1024x1536.sdr.png	c50_br	9094-lilith-ai-illustrations	119	23
https://codec-corpus.r2.imazen.org/imazen-26-png-v3/9226-lilith-ai-products/sporting-goods/9866_gen_products-sporting-goods_mummy-sleeping-bag-teal_p0627_2816x1536.sdr.png	c25_br	9226-lilith-ai-products	120	3
https://codec-corpus.r2.imazen.org/imazen-26-png-v3/2000-unsplash-people/2017_people_by-kateryna-hliznitsova-ttpz0t24e0c-unsplash_3157x4712.sdr.png	c50_tr	2000-unsplash-people	121	12
https://codec-corpus.r2.imazen.org/imazen-26-png-v3/8100-lilith-web-screenshots/1920x1080/8178_web-screenshots_nasa-artemis_dpr1_page1_1920x1080.sdr.png	c25_tr	8100-lilith-web-screenshots	122	15
https://codec-corpus.r2.imazen.org/imazen-26-png-v3/7000-lilith-plots/line-patterns/7054_plots_line-tiling-00056-s6bcec02a_1024x1024.sdr.png	c25_center	7000-lilith-plots	123	3
https://codec-corpus.r2.imazen.org/imazen-26-png-v3/1400-lilith-nature/1507_nature_ice-cave-waterfall_hornafjordur-iceland_ip13pro_iso200-f1p5_img-0468_3024x4032.sdr.png	c50_bl	1400-lilith-nature	124	43
https://codec-corpus.r2.imazen.org/imazen-26-png-v3/8100-lilith-web-screenshots/1920x1080/8176_web-screenshots_loc-pictures_dpr1_page1_1920x1080.sdr.png	c50_tl	8100-lilith-web-screenshots	125	12
https://codec-corpus.r2.imazen.org/imazen-26-png-v3/7000-lilith-plots/lines/7073_plots_line-voronoi-00121-s3491d29b_1024x1024.sdr.png	c50_tl	7000-lilith-plots	126	21
https://codec-corpus.r2.imazen.org/imazen-26-png-v3/7000-lilith-plots/grids/7046_plots_line-00050-s221fd453_1024x1024.sdr.png	c50_center	7000-lilith-plots	127	22
https://codec-corpus.r2.imazen.org/imazen-26-png-v3/6000-lilith-scans-public-patents/lynn_conway_us5046022_printrescancolor300/6044_scans-patents_lynn-conway-us5046022-rescan-color_p016_2479x3230.sdr.png	c25_center	6000-lilith-scans-public-patents	128	20
https://codec-corpus.r2.imazen.org/imazen-26-png-v3/3300-met-museum-photos/3302_met_landscape_11774_2362x1585.sdr.png	c50_br	3300-met-museum-photos	129	17
https://codec-corpus.r2.imazen.org/imazen-26-png-v3/6800-ia-scans-manuscript-text/6825_scans-text_redoute-fr-description_p0060_2415x3528.sdr.png	c50_tr	6800-ia-scans-manuscript-text	130	30
https://codec-corpus.r2.imazen.org/imazen-26-png-v3/9000-lilith-ai-clipart/9041_gen_clipart_magnifying-glass-eye_1024x1536.sdr.png	c25_center	9000-lilith-ai-clipart	131	12
https://codec-corpus.r2.imazen.org/imazen-26-png-v3/6000-lilith-scans-public-patents/lynn_conway_us5046022_1bitoriginal/6028_scans-patents_lynn-conway-us5046022-1bit_p029_2320x3408.sdr.png	c50_center	6000-lilith-scans-public-patents	132	53
https://codec-corpus.r2.imazen.org/imazen-26-png-v3/1200-lilith-interiors/1213_interiors_ornate-painted-ceiling_opera-garnier-paris_s23u_iso800-f2p4_20240423-220536_3000x4000.sdr.png	c50_tr	1200-lilith-interiors	133	16
https://codec-corpus.r2.imazen.org/imazen-26-png-v3/7000-lilith-plots/aliased-lines/7016_plots_line-00169-s646cb006_1024x1024.sdr.png	c50_center	7000-lilith-plots	134	1
https://codec-corpus.r2.imazen.org/imazen-26-png-v3/7000-lilith-plots/aliased-polygons/7024_plots_line-00038-s335b5033_1024x1024.sdr.png	c25_center	7000-lilith-plots	135	1
https://codec-corpus.r2.imazen.org/imazen-26-png-v3/8100-lilith-web-screenshots/1440x900/8121_web-screenshots_nasa-artemis_dpr1_page2_1440x900.sdr.png	c50_br	8100-lilith-web-screenshots	136	40
https://codec-corpus.r2.imazen.org/imazen-26-png-v3/2400-unsplash-textures/2409_textures_blue-abstract-texture_by-tim-mossholder-shmrlyrv-s0-unsplash_5504x8256.sdr.png	full	2400-unsplash-textures	137	3
https://codec-corpus.r2.imazen.org/imazen-26-png-v3/7000-lilith-plots/aliased-line-patterns/7005_plots_line-00260-s5da77574_1024x1024.sdr.png	c50_br	7000-lilith-plots	138	10
https://codec-corpus.r2.imazen.org/imazen-26-png-v3/9226-lilith-ai-products/clothing/kids/9377_gen_products-clothing-kids_leggings-coral_flat_p0148_1024x1024.sdr.png	c50_tr	9226-lilith-ai-products	139	100
https://codec-corpus.r2.imazen.org/imazen-26-png-v3/9000-lilith-ai-clipart/9039_gen_clipart_lighthouse-cliff_1024x1536.sdr.png	c50_tl	9000-lilith-ai-clipart	140	32
https://codec-corpus.r2.imazen.org/imazen-26-png-v3/5200-epa-climate-impact-2021-report/5209_epa_climate-impact-2021_airquality-key-findings-childhood-asthma_p030_2968x3841.sdr.png	c25_tl	5200-epa-climate-impact-2021-report	141	34
https://codec-corpus.r2.imazen.org/imazen-26-png-v3/8100-lilith-web-screenshots/other/8417_web-screenshots_loc-pictures_dpr1_page2_360x640.sdr.png	c25_tr	8100-lilith-web-screenshots	142	2
https://codec-corpus.r2.imazen.org/imazen-26-png-v3/1400-lilith-nature/1464_nature_flower-bed-by-pond_grotte-versailles_s23u_iso200-f4p9_20240424-182412_3000x4000.sdr.png	c50_br	1400-lilith-nature	143	14
https://codec-corpus.r2.imazen.org/imazen-26-png-v3/8100-lilith-web-screenshots/768x1024/8331_web-screenshots_archives-exhibits_dpr1_page1_768x1024.sdr.png	c25_tr	8100-lilith-web-screenshots	144	20
https://codec-corpus.r2.imazen.org/imazen-26-png-v3/9226-lilith-ai-products/clothing/womens/activewear/9443_gen_products-clothing-womens-activewear_hoodie-jogger-dustyblue_onmodel_p0204_1024x1536.sdr.png	c50_br	9226-lilith-ai-products	145	68
https://codec-corpus.r2.imazen.org/imazen-26-png-v3/9094-lilith-ai-illustrations/9125_gen_illustrations_herb-garden-windowsill_1024x1536.sdr.png	c25_br	9094-lilith-ai-illustrations	146	20
https://codec-corpus.r2.imazen.org/imazen-26-png-v3/6600-ia-scans-manuscript-illustrations/6603_scans-illustrations_haeckel-trilobites_plate0047_4808x7108.sdr.png	c50_tl	6600-ia-scans-manuscript-illustrations	147	4
https://codec-corpus.r2.imazen.org/imazen-26-png-v3/1400-lilith-nature/1451_nature_icebergs-on-lake_hornafjordur-iceland_s23u_20231207-154044-pano_3609x3394.sdr.png	c25_br	1400-lilith-nature	148	10
https://codec-corpus.r2.imazen.org/imazen-26-png-v3/9226-lilith-ai-products/clothing/kids/9376_gen_products-clothing-kids_joggers-gray_flat_p0147_1024x1024.sdr.png	c50_tr	9226-lilith-ai-products	149	25
https://codec-corpus.r2.imazen.org/imazen-26-png-v3/9226-lilith-ai-products/home/decor/9747_gen_products-home-decor_duvet-set-cobalt_detail_p0508_1536x1024.sdr.png	c25_center	9226-lilith-ai-products	150	27
https://codec-corpus.r2.imazen.org/imazen-26-png-v3/1400-lilith-nature/1535_nature_sea-turtle-underwater_ip13pro_iso32-f1p8_img-8579_3024x4032.sdr.png	c25_center	1400-lilith-nature	151	30
https://codec-corpus.r2.imazen.org/imazen-26-png-v3/9226-lilith-ai-products/clothing/fabric-textures/9352_gen_products-clothing-fabric-textures_swatch-buffalo-check-flannel_p0123_2048x2048.sdr.png	c25_tr	9226-lilith-ai-products	152	7
https://codec-corpus.r2.imazen.org/imazen-26-png-v3/9226-lilith-ai-products/clothing/kids/9388_gen_products-clothing-kids_skirt-tulle_onmodel_p0159_1024x1536.sdr.png	c50_center	9226-lilith-ai-products	153	46
https://codec-corpus.r2.imazen.org/imazen-26-png-v3/6600-ia-scans-manuscript-illustrations/6631_scans-illustrations_trouvelot-mars_plate08_5140x4467.sdr.png	c50_bl	6600-ia-scans-manuscript-illustrations	154	18
https://codec-corpus.r2.imazen.org/imazen-26-png-v3/9094-lilith-ai-illustrations/9132_gen_illustrations_market-vegetable-basket_1024x1536.sdr.png	c25_tr	9094-lilith-ai-illustrations	155	8
https://codec-corpus.r2.imazen.org/imazen-26-png-v3/9000-lilith-ai-clipart/9070_gen_clipart_sunflower-cheerful_1024x1536.sdr.png	c50_tl	9000-lilith-ai-clipart	156	52
https://codec-corpus.r2.imazen.org/imazen-26-png-v3/9094-lilith-ai-illustrations/9098_gen_illustrations_baker-flour-dust-light_1024x1536.sdr.png	c50_center	9094-lilith-ai-illustrations	157	27
https://codec-corpus.r2.imazen.org/imazen-26-png-v3/8100-lilith-web-screenshots/other/8435_web-screenshots_nih-home_dpr1_page2_414x896.sdr.png	c50_center	8100-lilith-web-screenshots	158	52
https://codec-corpus.r2.imazen.org/imazen-26-png-v3/9226-lilith-ai-products/home/decor/9736_gen_products-home-decor_brass-table-clock_p0497_1024x1024.sdr.png	c25_tl	9226-lilith-ai-products	159	65
https://codec-corpus.r2.imazen.org/imazen-26-png-v3/9226-lilith-ai-products/toys/9893_gen_products-toys_kids-telescope-box_p0654_1024x1536.sdr.png	c50_center	9226-lilith-ai-products	160	32
https://codec-corpus.r2.imazen.org/imazen-26-png-v3/9226-lilith-ai-products/clothing/fabric-textures/9355_gen_products-clothing-fabric-textures_swatch-teal-merino-ribbed_p0126_4096x4096.sdr.png	c50_bl	9226-lilith-ai-products	161	12
https://codec-corpus.r2.imazen.org/imazen-26-png-v3/8100-lilith-web-screenshots/1440x900/8135_web-screenshots_nps-grand-canyon_dpr1_page2_1440x900.sdr.png	c25_tl	8100-lilith-web-screenshots	162	45
https://codec-corpus.r2.imazen.org/imazen-26-png-v3/8100-lilith-web-screenshots/1920x1080/8201_web-screenshots_nps-yellowstone_dpr1_page2_1920x1080.sdr.png	c25_bl	8100-lilith-web-screenshots	163	35
https://codec-corpus.r2.imazen.org/imazen-26-png-v3/7000-lilith-plots/aliased-lines/7013_plots_line-00146-s6f881573_1024x1024.sdr.png	c50_tr	7000-lilith-plots	164	5
https://codec-corpus.r2.imazen.org/imazen-26-png-v3/8100-lilith-web-screenshots/other/8431_web-screenshots_nasa-voyager_dpr1_page2_667x375.sdr.png	full	8100-lilith-web-screenshots	165	15
https://codec-corpus.r2.imazen.org/imazen-26-png-v3/9226-lilith-ai-products/clothing/mens/9429_gen_products-clothing-mens_scarlet-mens-overshirt_onmodel_p0200_1024x1536.sdr.png	full	9226-lilith-ai-products	166	22
https://codec-corpus.r2.imazen.org/imazen-26-png-v3/7000-lilith-plots/grids/7044_plots_chart-00338-s6215c94e_1024x1024.sdr.png	c50_bl	7000-lilith-plots	167	13
https://codec-corpus.r2.imazen.org/imazen-26-png-v3/6000-lilith-scans-public-patents/lynn_conway_us5046022_printrescangray300/6070_scans-patents_lynn-conway-us5046022-rescan-gray_p012_2479x3230.sdr.png	c50_br	6000-lilith-scans-public-patents	168	68
https://codec-corpus.r2.imazen.org/imazen-26-png-v3/8100-lilith-web-screenshots/other/8425_web-screenshots_nasa-missions_dpr1_page2_667x375.sdr.png	c50_tl	8100-lilith-web-screenshots	169	30
https://codec-corpus.r2.imazen.org/imazen-26-png-v3/6600-ia-scans-manuscript-illustrations/6604_scans-illustrations_haeckel-moths_plate0058_4865x7207.sdr.png	c25_tl	6600-ia-scans-manuscript-illustrations	170	1
https://codec-corpus.r2.imazen.org/imazen-26-png-v3/6600-ia-scans-manuscript-illustrations/6606_scans-illustrations_haeckel-red-algae_plate0065_5015x7275.sdr.png	c50_tl	6600-ia-scans-manuscript-illustrations	171	5
https://codec-corpus.r2.imazen.org/imazen-26-png-v3/9226-lilith-ai-products/whitelabeled-beauty/9922_gen_products-whitelabeled-beauty_frosted-eye-cream-jar_p0683_1024x1024.sdr.png	c50_tl	9226-lilith-ai-products	172	79
https://codec-corpus.r2.imazen.org/imazen-26-png-v3/9094-lilith-ai-illustrations/9105_gen_illustrations_cheese-board-pears_1024x1536.sdr.png	c50_br	9094-lilith-ai-illustrations	173	15
https://codec-corpus.r2.imazen.org/imazen-26-png-v3/6600-ia-scans-manuscript-illustrations/6610_scans-illustrations_hokusai-boats-waves_plate0024_6147x4840.sdr.png	full	6600-ia-scans-manuscript-illustrations	174	56
https://codec-corpus.r2.imazen.org/imazen-26-png-v3/1400-lilith-nature/1401_nature_dolphin-in-ocean_ala-moana-east-honolulu-hawaii_s21u_iso50-f2p4_20210605-072339_4000x3000.sdr.png	c50_center	1400-lilith-nature	175	16
https://codec-corpus.r2.imazen.org/imazen-26-png-v3/7000-lilith-plots/real-charts/7115_plots_chart-pie-01-light_1024x1024.sdr.png	c50_bl	7000-lilith-plots	176	24
https://codec-corpus.r2.imazen.org/imazen-26-png-v3/6600-ia-scans-manuscript-illustrations/6603_scans-illustrations_haeckel-trilobites_plate0047_4808x7108.sdr.png	c50_center	6600-ia-scans-manuscript-illustrations	177	6
https://codec-corpus.r2.imazen.org/imazen-26-png-v3/8100-lilith-web-screenshots/1440x900/8132_web-screenshots_nih-home_dpr1_page2_1440x900.sdr.png	c50_center	8100-lilith-web-screenshots	178	48
https://codec-corpus.r2.imazen.org/imazen-26-png-v3/9226-lilith-ai-products/whitelabeled-beauty/9933_gen_products-whitelabeled-beauty_serum-dropper-blush_feature_p0691_5504x3072.sdr.png	c25_tr	9226-lilith-ai-products	179	35
https://codec-corpus.r2.imazen.org/imazen-26-png-v3/9226-lilith-ai-products/clothing/womens/dark-bg/9480_gen_products-clothing-womens-dark-bg_tropical-floral-maxi_p0249_2160x3840.sdr.png	c25_tr	9226-lilith-ai-products	180	37
https://codec-corpus.r2.imazen.org/imazen-26-png-v3/8100-lilith-web-screenshots/1920x1080/8171_web-screenshots_lkml-lists-index_dpr1_page1_1920x1080.sdr.png	c50_br	8100-lilith-web-screenshots	181	3
https://codec-corpus.r2.imazen.org/imazen-26-png-v3/9094-lilith-ai-illustrations/9127_gen_illustrations_hummingbird-at-flower_1024x1536.sdr.png	c50_bl	9094-lilith-ai-illustrations	182	14
https://codec-corpus.r2.imazen.org/imazen-26-png-v3/8100-lilith-web-screenshots/1440x900/8114_web-screenshots_lkml-lists-index_dpr1_page2_1440x900.sdr.png	c25_tl	8100-lilith-web-screenshots	183	13
https://codec-corpus.r2.imazen.org/imazen-26-png-v3/9226-lilith-ai-products/beverages/9327_gen_products-beverages_blackpine-cold-brew-can_p0098_1024x1536.sdr.png	full	9226-lilith-ai-products	184	67
https://codec-corpus.r2.imazen.org/imazen-26-png-v3/9000-lilith-ai-clipart/9051_gen_clipart_peace-sign-hand_1024x1024.sdr.png	c50_tr	9000-lilith-ai-clipart	185	70
https://codec-corpus.r2.imazen.org/imazen-26-png-v3/9094-lilith-ai-illustrations/9113_gen_illustrations_cyclist-bridge-golden-hour_1536x1024.sdr.png	c50_br	9094-lilith-ai-illustrations	186	2
https://codec-corpus.r2.imazen.org/imazen-26-png-v3/9226-lilith-ai-products/clothing/womens/activewear/9446_gen_products-clothing-womens-activewear_romper-active-sage_onmodel_p0207_1024x1536.sdr.png	c25_center	9226-lilith-ai-products	187	32
https://codec-corpus.r2.imazen.org/imazen-26-png-v3/9094-lilith-ai-illustrations/9143_gen_illustrations_runner-golden-field_1024x1536.sdr.png	c50_bl	9094-lilith-ai-illustrations	188	8
https://codec-corpus.r2.imazen.org/imazen-26-png-v3/9094-lilith-ai-illustrations/9146_gen_illustrations_snowy-village-overhead_1024x1536.sdr.png	full	9094-lilith-ai-illustrations	189	11
https://codec-corpus.r2.imazen.org/imazen-26-png-v3/5300-noaa-hurricane-documents/5309_noaa_nhc-al022024-beryl_p26_2550x3300.sdr.png	c25_tr	5300-noaa-hurricane-documents	190	101
https://codec-corpus.r2.imazen.org/imazen-26-png-v3/7000-lilith-plots/random-charts/7095_plots_chart-00152-s5a1f19a0_1024x1024.sdr.png	c25_br	7000-lilith-plots	191	2
https://codec-corpus.r2.imazen.org/imazen-26-png-v3/8100-lilith-web-screenshots/768x1024/8363_web-screenshots_noaa-ocean_dpr1_page1_768x1024.sdr.png	c50_tr	8100-lilith-web-screenshots	192	13
https://codec-corpus.r2.imazen.org/imazen-26-png-v3/9226-lilith-ai-products/baby/9282_gen_products-baby_kids-ruffle-floral-dress-teal_flat_p0054_2880x2880.sdr.png	c25_br	9226-lilith-ai-products	193	11
https://codec-corpus.r2.imazen.org/imazen-26-png-v3/1000-lilith-photos-general/1014_general_colorful-glass-spheres_seattle-center-seattle_s23u_iso500-f1p7_20230727-173515_4000x3000.sdr.png	full	1000-lilith-photos-general	194	9
https://codec-corpus.r2.imazen.org/imazen-26-png-v3/6000-lilith-scans-public-patents/lynn_conway_us5046022_printrescangray300/6064_scans-patents_lynn-conway-us5046022-rescan-gray_p006_2479x3230.sdr.png	full	6000-lilith-scans-public-patents	195	36
https://codec-corpus.r2.imazen.org/imazen-26-png-v3/9094-lilith-ai-illustrations/9150_gen_illustrations_swimmer-poolside-climbing-out_1024x1536.sdr.png	c50_bl	9094-lilith-ai-illustrations	196	3
https://codec-corpus.r2.imazen.org/imazen-26-png-v3/9226-lilith-ai-products/clothing/kids/9369_gen_products-clothing-kids_dino-pajama-set_flat_p0140_1536x1024.sdr.png	c50_bl	9226-lilith-ai-products	197	55
https://codec-corpus.r2.imazen.org/imazen-26-png-v3/9000-lilith-ai-clipart/9049_gen_clipart_panda-bamboo_1024x1536.sdr.png	c50_bl	9000-lilith-ai-clipart	198	38
https://codec-corpus.r2.imazen.org/imazen-26-png-v3/9226-lilith-ai-products/whitelabeled-beauty/9907_gen_products-whitelabeled-beauty_amber-glass-serum-bottle_p0668_1024x1536.sdr.png	c25_center	9226-lilith-ai-products	199	19
https://codec-corpus.r2.imazen.org/imazen-26-png-v3/8100-lilith-web-screenshots/768x1024/8384_web-screenshots_usgs-topoview_dpr1_page2_768x1024.sdr.png	c50_center	8100-lilith-web-screenshots	200	9
https://codec-corpus.r2.imazen.org/imazen-26-png-v3/3000-art-institute-of-chicago-photos/3012_aic_landscape_874_2829x2250.sdr.png	c25_bl	3000-art-institute-of-chicago-photos	201	21
https://codec-corpus.r2.imazen.org/imazen-26-png-v3/9226-lilith-ai-products/clothing/fabric-textures/9354_gen_products-clothing-fabric-textures_swatch-tan-full-grain-leather_p0125_4096x4096.sdr.png	full	9226-lilith-ai-products	202	14
https://codec-corpus.r2.imazen.org/imazen-26-png-v3/9226-lilith-ai-products/clothing/womens/loungewear/9553_gen_products-clothing-womens-loungewear_buttery-yellow-tank-short-set_flat_p0318_1024x1024.sdr.png	c25_center	9226-lilith-ai-products	203	20
https://codec-corpus.r2.imazen.org/imazen-26-png-v3/7000-lilith-plots/aliased-polygons/7026_plots_line-00081-s68404bb1_1024x1024.sdr.png	full	7000-lilith-plots	204	13
https://codec-corpus.r2.imazen.org/imazen-26-png-v3/9226-lilith-ai-products/home/kitchen/9805_gen_products-home-kitchen_ashridge-gooseneck-tea-kettle_p0566_1024x1024.sdr.png	c25_tl	9226-lilith-ai-products	205	31
https://codec-corpus.r2.imazen.org/imazen-26-png-v3/9226-lilith-ai-products/clothing/womens/general/9491_gen_products-clothing-womens-general_colorblock-fleece-half-zip_onmodel_p0260_2160x3840.sdr.png	c50_center	9226-lilith-ai-products	206	1
https://codec-corpus.r2.imazen.org/imazen-26-png-v3/1000-lilith-photos-general/1033_general_stone-tunnel-lights_placa-pedro-infante-valladolid_s23u_iso800-f1p7_20230918-111620_3000x4000.sdr.png	c50_bl	1000-lilith-photos-general	207	51
https://codec-corpus.r2.imazen.org/imazen-26-png-v3/9226-lilith-ai-products/footwear/9667_gen_products-footwear_rose-quartz-strappy-sandal_p0428_1024x1536.sdr.png	c50_br	9226-lilith-ai-products	208	84
https://codec-corpus.r2.imazen.org/imazen-26-png-v3/1400-lilith-nature/1405_nature_sea-cave-waves_keawaiki-bay-hana_s21u_iso16-f1p8_20210608-123424_4000x3000.sdr.png	c50_tr	1400-lilith-nature	209	6
https://codec-corpus.r2.imazen.org/imazen-26-png-v3/9226-lilith-ai-products/clothing/fabric-textures/9353_gen_products-clothing-fabric-textures_swatch-rust-ripstop-nylon_p0124_4096x4096.sdr.png	c50_br	9226-lilith-ai-products	210	7
https://codec-corpus.r2.imazen.org/imazen-26-png-v3/9226-lilith-ai-products/home/small-appliances/9850_gen_products-home-small-appliances_kettlebay-espresso-machine_p0611_1024x1536.sdr.png	c50_tr	9226-lilith-ai-products	211	90
https://codec-corpus.r2.imazen.org/imazen-26-png-v3/8100-lilith-web-screenshots/768x1024/8384_web-screenshots_usgs-topoview_dpr1_page2_768x1024.sdr.png	c50_tl	8100-lilith-web-screenshots	212	7
https://codec-corpus.r2.imazen.org/imazen-26-png-v3/9094-lilith-ai-illustrations/9163_gen_illustrations_manga-after-battle-rest_1536x1024.sdr.png	c25_center	9094-lilith-ai-illustrations	213	8
https://codec-corpus.r2.imazen.org/imazen-26-png-v3/8100-lilith-web-screenshots/other/8413_web-screenshots_gutenberg-top_dpr2_page2_750x1334.sdr.png	c50_tl	8100-lilith-web-screenshots	214	18
https://codec-corpus.r2.imazen.org/imazen-26-png-v3/1000-lilith-photos-general/1067_general_architectural-model-display_la-pedrera-barcelona_zfold7_iso500-f1p7_20260319-185645_3000x4000.sdr.png	c25_center	1000-lilith-photos-general	215	21
https://codec-corpus.r2.imazen.org/imazen-26-png-v3/9226-lilith-ai-products/home/decor/9772_gen_products-home-decor_woven-magazine-basket_p0533_1024x1536.sdr.png	full	9226-lilith-ai-products	216	49
https://codec-corpus.r2.imazen.org/imazen-26-png-v3/8100-lilith-web-screenshots/1440x900/8112_web-screenshots_gutenberg-top_dpr1_page2_1440x900.sdr.png	c25_tl	8100-lilith-web-screenshots	217	6
https://codec-corpus.r2.imazen.org/imazen-26-png-v3/8100-lilith-web-screenshots/1440x900/8109_web-screenshots_datagov-catalog_dpr1_page2_1440x900.sdr.png	c50_bl	8100-lilith-web-screenshots	218	32
https://codec-corpus.r2.imazen.org/imazen-26-png-v3/9226-lilith-ai-products/electronics/9592_gen_products-electronics_harmonix-bluetooth-speaker_p0356_1024x1024.sdr.png	c25_center	9226-lilith-ai-products	219	1
https://codec-corpus.r2.imazen.org/imazen-26-png-v3/8100-lilith-web-screenshots/1440x900/8156_web-screenshots_weatherportal-home_dpr1_page1_1440x900.sdr.png	full	8100-lilith-web-screenshots	220	18
https://codec-corpus.r2.imazen.org/imazen-26-png-v3/8100-lilith-web-screenshots/other/8462_web-screenshots_usgs-topoview_dpr1_page1_1280x800.sdr.png	c50_br	8100-lilith-web-screenshots	221	31
https://codec-corpus.r2.imazen.org/imazen-26-png-v3/7000-lilith-plots/lines/7060_plots_line-concentric-00020-s1aac7045_1024x1024.sdr.png	c25_bl	7000-lilith-plots	222	4
https://codec-corpus.r2.imazen.org/imazen-26-png-v3/1400-lilith-nature/1447_nature_glacier-ice-formations_hornafjordur-iceland_s23u_iso50-f1p7_20231207-114532_1868x4000.sdr.png	c50_br	1400-lilith-nature	223	29
https://codec-corpus.r2.imazen.org/imazen-26-png-v3/1000-lilith-photos-general/1032_general_colorful-wall-mural_hotel-zentik-project-valladolid_s23u_iso20-f1p7_20230918-110521_4000x3000.sdr.png	c25_br	1000-lilith-photos-general	224	11
https://codec-corpus.r2.imazen.org/imazen-26-png-v3/8000-lilith-mobile-screenshots/8012_mobile-screenshots_on-screen-keyboard_screenshot-20260526-070935-calculator_1080x2520.sdr.png	c25_tl	8000-lilith-mobile-screenshots	225	26
https://codec-corpus.r2.imazen.org/imazen-26-png-v3/1400-lilith-nature/1453_nature_basalt-column-cliff_reynisfjara-beach-myrdalshreppur_s23u_iso64-f1p7_20231209-113914_3000x4000.sdr.png	c25_bl	1400-lilith-nature	226	34
https://codec-corpus.r2.imazen.org/imazen-26-png-v3/9226-lilith-ai-products/clothing/kids/9360_gen_products-clothing-kids_baby-overalls-denim-light-wash_flat_p0131_1024x1536.sdr.png	c25_center	9226-lilith-ai-products	227	1
https://codec-corpus.r2.imazen.org/imazen-26-png-v3/1400-lilith-nature/1497_nature_pink-flower-on-vine_belltown-seattle-washington_ip16pro_iso80-f1p8_fullsizerender-3_3745x5333.sdr.png	c25_br	1400-lilith-nature	228	53
https://codec-corpus.r2.imazen.org/imazen-26-png-v3/3000-art-institute-of-chicago-photos/3001_aic_self-portrait_11_4000x5226.sdr.png	c25_bl	3000-art-institute-of-chicago-photos	229	37
https://codec-corpus.r2.imazen.org/imazen-26-png-v3/9094-lilith-ai-illustrations/9111_gen_illustrations_constellation-myth-map_1024x1536.sdr.png	c50_tr	9094-lilith-ai-illustrations	230	32
https://codec-corpus.r2.imazen.org/imazen-26-png-v3/1400-lilith-nature/1423_nature_stone-steps-garden_ninna-temple-kyoto_s23u_iso50-f1p7_20230710-141257_3000x4000.sdr.png	c50_bl	1400-lilith-nature	231	22
https://codec-corpus.r2.imazen.org/imazen-26-png-v3/9094-lilith-ai-illustrations/9160_gen_illustrations_window-watching-cat_1024x1536.sdr.png	c50_center	9094-lilith-ai-illustrations	232	7
https://codec-corpus.r2.imazen.org/imazen-26-png-v3/8100-lilith-web-screenshots/375x667/8283_web-screenshots_lkml-lists-index_dpr1_page2_375x667.sdr.png	c25_tl	8100-lilith-web-screenshots	233	2
https://codec-corpus.r2.imazen.org/imazen-26-png-v3/2400-unsplash-textures/2403_textures_building-balconies-pattern_by-han-hyunjun-zd1u-c1bf8a-unsplash_3750x5000.sdr.png	c50_br	2400-unsplash-textures	234	32
https://codec-corpus.r2.imazen.org/imazen-26-png-v3/7000-lilith-plots/real-charts/7125_plots_chart-violin-16-forest_1024x1024.sdr.png	full	7000-lilith-plots	235	63
https://codec-corpus.r2.imazen.org/imazen-26-png-v3/9226-lilith-ai-products/clothing/womens/dark-bg/9472_gen_products-clothing-womens-dark-bg_emerald-velvet-bow-mini_onmodel_p0241_2160x3840.sdr.png	c50_center	9226-lilith-ai-products	236	25
https://codec-corpus.r2.imazen.org/imazen-26-png-v3/9226-lilith-ai-products/clothing/womens/activewear/9457_gen_products-clothing-womens-activewear_sculpt-leggings_p0227_2160x3840.sdr.png	c25_bl	9226-lilith-ai-products	237	1
https://codec-corpus.r2.imazen.org/imazen-26-png-v3/2400-unsplash-textures/2405_textures_green-galaxy-speckle_by-logan-voss-bsfdgf4xtac-unsplash_4320x7680.sdr.png	c25_bl	2400-unsplash-textures	238	2
https://codec-corpus.r2.imazen.org/imazen-26-png-v3/9226-lilith-ai-products/home/furniture/9780_gen_products-home-furniture_leather-bar-stool_p0541_1024x1536.sdr.png	c25_br	9226-lilith-ai-products	239	67
https://codec-corpus.r2.imazen.org/imazen-26-png-v3/9226-lilith-ai-products/accessories/9252_gen_products-accessories_tomato-statement-earrings_p0024_1024x1024.sdr.png	c50_tl	9226-lilith-ai-products	240	66
https://codec-corpus.r2.imazen.org/imazen-26-png-v3/6000-lilith-scans-public-patents/lynn_conway_us5046022_1bitoriginal/6015_scans-patents_lynn-conway-us5046022-1bit_p016_2320x3408.sdr.png	full	6000-lilith-scans-public-patents	241	10
https://codec-corpus.r2.imazen.org/imazen-26-png-v3/1400-lilith-nature/1423_nature_stone-steps-garden_ninna-temple-kyoto_s23u_iso50-f1p7_20230710-141257_3000x4000.sdr.png	c25_tl	1400-lilith-nature	242	6
https://codec-corpus.r2.imazen.org/imazen-26-png-v3/9226-lilith-ai-products/clothing/womens/activewear/9461_gen_products-clothing-womens-activewear_packable-down-jacket-teal_onmodel_p0231_3072x5504.sdr.png	c50_bl	9226-lilith-ai-products	243	49
https://codec-corpus.r2.imazen.org/imazen-26-png-v3/7000-lilith-plots/aliased-lines/7018_plots_line-00266-s0bc1d2a4_1024x1024.sdr.png	c50_br	7000-lilith-plots	244	9
https://codec-corpus.r2.imazen.org/imazen-26-png-v3/8100-lilith-web-screenshots/375x667/8282_web-screenshots_lkml-lists-index_dpr1_page1_375x667.sdr.png	c50_bl	8100-lilith-web-screenshots	245	3
https://codec-corpus.r2.imazen.org/imazen-26-png-v3/1400-lilith-nature/1506_nature_glacier-ice-landscape_hornafjordur-iceland_ip13pro_iso50-f1p5_img-0423_4032x3024.sdr.png	c50_tl	1400-lilith-nature	246	39
https://codec-corpus.r2.imazen.org/imazen-26-png-v3/8100-lilith-web-screenshots/375x667/8283_web-screenshots_lkml-lists-index_dpr1_page2_375x667.sdr.png	c25_tr	8100-lilith-web-screenshots	247	2
https://codec-corpus.r2.imazen.org/imazen-26-png-v3/8100-lilith-web-screenshots/375x667/8278_web-screenshots_datagov-catalog_dpr1_page2_375x667.sdr.png	c50_tl	8100-lilith-web-screenshots	248	18
https://codec-corpus.r2.imazen.org/imazen-26-png-v3/9226-lilith-ai-products/clothing/kids/9380_gen_products-clothing-kids_overall-toddler_ghost_p0151_1024x1536.sdr.png	c50_bl	9226-lilith-ai-products	249	33
https://codec-corpus.r2.imazen.org/imazen-26-png-v3/6800-ia-scans-manuscript-text/6817_scans-text_owenjones-en-essay_p0043_2027x3000.sdr.png	c25_bl	6800-ia-scans-manuscript-text	250	27
https://codec-corpus.r2.imazen.org/imazen-26-png-v3/7000-lilith-plots/grids/7050_plots_line-00166-s010fb6d2_1024x1024.sdr.png	c50_br	7000-lilith-plots	251	2
https://codec-corpus.r2.imazen.org/imazen-26-png-v3/5300-noaa-hurricane-documents/5323_noaa_nhc-al092022-ian_p01_2550x3300.sdr.png	c50_tl	5300-noaa-hurricane-documents	252	30
https://codec-corpus.r2.imazen.org/imazen-26-png-v3/7000-lilith-plots/aliased-lines/7020_plots_line-00268-s2f977bbb_1024x1024.sdr.png	c50_bl	7000-lilith-plots	253	5
https://codec-corpus.r2.imazen.org/imazen-26-png-v3/6000-lilith-scans-public-patents/lynn_conway_us5046022_1bitoriginal/6012_scans-patents_lynn-conway-us5046022-1bit_p013_2320x3408.sdr.png	c50_center	6000-lilith-scans-public-patents	254	6
https://codec-corpus.r2.imazen.org/imazen-26-png-v3/9226-lilith-ai-products/clothing/womens/loungewear/9569_gen_products-clothing-womens-loungewear_sage-ribbed-lounge-set_flat_p0334_1024x1024.sdr.png	c50_tr	9226-lilith-ai-products	255	18
https://codec-corpus.r2.imazen.org/imazen-26-png-v3/6000-lilith-scans-public-patents/lynn_conway_us5046022_printrescancolor300/6043_scans-patents_lynn-conway-us5046022-rescan-color_p015_2479x3230.sdr.png	c25_tr	6000-lilith-scans-public-patents	256	97
https://codec-corpus.r2.imazen.org/imazen-26-png-v3/6800-ia-scans-manuscript-text/6829_scans-text_redoute-fr-description_p0121_2445x3519.sdr.png	full	6800-ia-scans-manuscript-text	257	63
https://codec-corpus.r2.imazen.org/imazen-26-png-v3/8100-lilith-web-screenshots/1920x1080/8166_web-screenshots_datagov-catalog_dpr1_page2_1920x1080.sdr.png	c25_bl	8100-lilith-web-screenshots	258	41
https://codec-corpus.r2.imazen.org/imazen-26-png-v3/9226-lilith-ai-products/electronics/9580_gen_products-electronics_axion-laptop-closed_p0345_1536x1024.sdr.png	c50_br	9226-lilith-ai-products	259	37
https://codec-corpus.r2.imazen.org/imazen-26-png-v3/1400-lilith-nature/1417_nature_person-snowboarding-downhill_colorado_s21u_iso50-f2p2_20230129-121215_3000x4000.sdr.png	c50_tr	1400-lilith-nature	260	43
https://codec-corpus.r2.imazen.org/imazen-26-png-v3/9226-lilith-ai-products/clothing/womens/loungewear/9571_gen_products-clothing-womens-loungewear_teal-waffle-robe_flat_p0336_1024x1536.sdr.png	c50_tr	9226-lilith-ai-products	261	17
https://codec-corpus.r2.imazen.org/imazen-26-png-v3/7000-lilith-plots/random-charts/7104_plots_chart-00462-s33459e94_1024x1024.sdr.png	c50_center	7000-lilith-plots	262	4
https://codec-corpus.r2.imazen.org/imazen-26-png-v3/8100-lilith-web-screenshots/2880x1800/8240_web-screenshots_nasa-image-of-day_dpr2_page1_2880x1800.sdr.png	c25_tl	8100-lilith-web-screenshots	263	25
https://codec-corpus.r2.imazen.org/imazen-26-png-v3/7000-lilith-plots/aliased-lines/7010_plots_line-00069-s46326869_1024x1024.sdr.png	full	7000-lilith-plots	264	5
https://codec-corpus.r2.imazen.org/imazen-26-png-v3/7000-lilith-plots/aliased-lines/7011_plots_line-00121-s3491d29b_1024x1024.sdr.png	c50_tl	7000-lilith-plots	265	22
https://codec-corpus.r2.imazen.org/imazen-26-png-v3/7000-lilith-plots/grids/7049_plots_line-00160-s6215c94e_1024x1024.sdr.png	c50_br	7000-lilith-plots	266	7
https://codec-corpus.r2.imazen.org/imazen-26-png-v3/9094-lilith-ai-illustrations/9160_gen_illustrations_window-watching-cat_1024x1536.sdr.png	c50_br	9094-lilith-ai-illustrations	267	19
https://codec-corpus.r2.imazen.org/imazen-26-png-v3/9094-lilith-ai-illustrations/9094_gen_illustrations_abstract-floral-gouache_1024x1536.sdr.png	c50_br	9094-lilith-ai-illustrations	268	15
https://codec-corpus.r2.imazen.org/imazen-26-png-v3/8100-lilith-web-screenshots/1440x900/8104_web-screenshots_climate-gov-home_dpr1_page1_1440x900.sdr.png	c50_tr	8100-lilith-web-screenshots	269	29
https://codec-corpus.r2.imazen.org/imazen-26-png-v3/9226-lilith-ai-products/home/decor/9752_gen_products-home-decor_matte-black-table-lamp_p0513_1024x1536.sdr.png	c50_br	9226-lilith-ai-products	270	65
https://codec-corpus.r2.imazen.org/imazen-26-png-v3/7000-lilith-plots/aliased-lines/7017_plots_line-00230-s6a3b9505_1024x1024.sdr.png	c25_bl	7000-lilith-plots	271	6
https://codec-corpus.r2.imazen.org/imazen-26-png-v3/9094-lilith-ai-illustrations/9096_gen_illustrations_alpine-meadow-summer_1024x1536.sdr.png	c25_center	9094-lilith-ai-illustrations	272	9
https://codec-corpus.r2.imazen.org/imazen-26-png-v3/8100-lilith-web-screenshots/other/8417_web-screenshots_loc-pictures_dpr1_page2_360x640.sdr.png	c50_br	8100-lilith-web-screenshots	273	5
https://codec-corpus.r2.imazen.org/imazen-26-png-v3/9000-lilith-ai-clipart/9009_gen_clipart_book-stack_1024x1536.sdr.png	c50_tr	9000-lilith-ai-clipart	274	39
https://codec-corpus.r2.imazen.org/imazen-26-png-v3/2000-unsplash-people/2024_people_by-sammy-swae-jaip1hvdvbg-unsplash_4672x7008.sdr.png	c25_tl	2000-unsplash-people	275	5
https://codec-corpus.r2.imazen.org/imazen-26-png-v3/1400-lilith-nature/1408_nature_coastal-cliff-road_maui-hawaii_s21u_iso16-f1p8_20210608-162813_4000x3000.sdr.png	c50_tr	1400-lilith-nature	276	17
https://codec-corpus.r2.imazen.org/imazen-26-png-v3/6600-ia-scans-manuscript-illustrations/6605_scans-illustrations_haeckel-pitcher-plants_plate0062_4988x7412.sdr.png	c50_center	6600-ia-scans-manuscript-illustrations	277	2
https://codec-corpus.r2.imazen.org/imazen-26-png-v3/1200-lilith-interiors/1235_interiors_floral-wall-mural_casa-vicens-barcelona_zfold7_iso1600-f1p7_20260319-165522_3000x4000.sdr.png	full	1200-lilith-interiors	278	24
https://codec-corpus.r2.imazen.org/imazen-26-png-v3/9226-lilith-ai-products/footwear/9664_gen_products-footwear_neon-coral-clog-mule_p0425_1024x1536.sdr.png	c25_center	9226-lilith-ai-products	279	31
https://codec-corpus.r2.imazen.org/imazen-26-png-v3/6000-lilith-scans-public-patents/yvonne_brill_us3807657_printrescangray300/6109_scans-patents_yvonne-brill-us3807657-rescan-gray_p001_2479x3230.sdr.png	c25_br	6000-lilith-scans-public-patents	280	8
https://codec-corpus.r2.imazen.org/imazen-26-png-v3/7000-lilith-plots/grids/7041_plots_chart-00283-s5b0fe6d1_1024x1024.sdr.png	c50_bl	7000-lilith-plots	281	13
https://codec-corpus.r2.imazen.org/imazen-26-png-v3/9226-lilith-ai-products/clothing/womens/general/9532_gen_products-clothing-womens-general_gingham-shirt-dress_ghost_p0297_1024x1536.sdr.png	c25_center	9226-lilith-ai-products	282	1
https://codec-corpus.r2.imazen.org/imazen-26-png-v3/7000-lilith-plots/aliased-line-patterns/7004_plots_line-00248-s7c5ddcfb_1024x1024.sdr.png	c50_tr	7000-lilith-plots	283	7
https://codec-corpus.r2.imazen.org/imazen-26-png-v3/9094-lilith-ai-illustrations/9121_gen_illustrations_fox-in-autumn-leaves_1024x1536.sdr.png	c25_bl	9094-lilith-ai-illustrations	284	5
https://codec-corpus.r2.imazen.org/imazen-26-png-v3/9226-lilith-ai-products/clothing/womens/activewear/9442_gen_products-clothing-womens-activewear_flare-leggings-terracotta_onmodel_p0203_1024x1536.sdr.png	c25_tr	9226-lilith-ai-products	285	12
https://codec-corpus.r2.imazen.org/imazen-26-png-v3/8100-lilith-web-screenshots/768x1024/8353_web-screenshots_nasa-missions_dpr1_page1_768x1024.sdr.png	c25_tl	8100-lilith-web-screenshots	286	29
https://codec-corpus.r2.imazen.org/imazen-26-png-v3/7000-lilith-plots/grids/7039_plots_chart-00220-s782a7764_1024x1024.sdr.png	c25_br	7000-lilith-plots	287	6
https://codec-corpus.r2.imazen.org/imazen-26-png-v3/3300-met-museum-photos/3305_met_portrait_226943_2257x2665.sdr.png	c25_tr	3300-met-museum-photos	288	12
https://codec-corpus.r2.imazen.org/imazen-26-png-v3/6000-lilith-scans-public-patents/lynn_conway_us5046022_printrescancolor300/6038_scans-patents_lynn-conway-us5046022-rescan-color_p010_2479x3230.sdr.png	c50_br	6000-lilith-scans-public-patents	289	46
https://codec-corpus.r2.imazen.org/imazen-26-png-v3/8100-lilith-web-screenshots/375x667/8284_web-screenshots_loc-exhibits_dpr1_page1_375x667.sdr.png	c50_tl	8100-lilith-web-screenshots	290	13
https://codec-corpus.r2.imazen.org/imazen-26-png-v3/8100-lilith-web-screenshots/other/8429_web-screenshots_nasa-voyager_dpr1_page2_1280x800.sdr.png	c50_bl	8100-lilith-web-screenshots	291	18
https://codec-corpus.r2.imazen.org/imazen-26-png-v3/2000-unsplash-people/2004_people_by-christian-agbede-a1gwjze3il4-unsplash_2945x4417.sdr.png	c50_tr	2000-unsplash-people	292	11
https://codec-corpus.r2.imazen.org/imazen-26-png-v3/9226-lilith-ai-products/clothing/kids/9371_gen_products-clothing-kids_flannel-shirt_ghost_p0142_1024x1536.sdr.png	c50_bl	9226-lilith-ai-products	293	20
https://codec-corpus.r2.imazen.org/imazen-26-png-v3/1200-lilith-interiors/1200_interiors_reflective-egg-sculptures_s23u_iso10-f1p7_20230704-121114_4000x3000.sdr.png	c25_center	1200-lilith-interiors	294	31
https://codec-corpus.r2.imazen.org/imazen-26-png-v3/1400-lilith-nature/1478_nature_tree-branches-ocean-horizon_minamiizu-japan_s23u_iso80-f2p2_20250306-174732_4000x3000.sdr.png	c50_br	1400-lilith-nature	295	7
https://codec-corpus.r2.imazen.org/imazen-26-png-v3/8100-lilith-web-screenshots/other/8434_web-screenshots_nih-home_dpr1_page1_414x896.sdr.png	c50_center	8100-lilith-web-screenshots	296	33
https://codec-corpus.r2.imazen.org/imazen-26-png-v3/9226-lilith-ai-products/beauty/9297_gen_products-beauty_dewmark-aqua-peptide-back_ingredients_p0068_1024x1536.sdr.png	c25_tr	9226-lilith-ai-products	297	45
https://codec-corpus.r2.imazen.org/imazen-26-png-v3/8100-lilith-web-screenshots/768x1024/8379_web-screenshots_usgs-main-home_dpr1_page1_768x1024.sdr.png	c50_tl	8100-lilith-web-screenshots	298	11
https://codec-corpus.r2.imazen.org/imazen-26-png-v3/8100-lilith-web-screenshots/2880x1800/8232_web-screenshots_loc-exhibitions_dpr2_page1_2880x1800.sdr.png	c25_center	8100-lilith-web-screenshots	299	56
https://codec-corpus.r2.imazen.org/imazen-26-png-v3/9226-lilith-ai-products/clothing/womens/loungewear/9564_gen_products-clothing-womens-loungewear_ivory-wireless-bralette_flat_p0329_1024x1024.sdr.png	c25_bl	9226-lilith-ai-products	300	40
https://codec-corpus.r2.imazen.org/imazen-26-png-v3/8100-lilith-web-screenshots/375x667/8271_web-screenshots_archive-wayback-search_dpr1_page1_375x667.sdr.png	c50_tr	8100-lilith-web-screenshots	301	29
https://codec-corpus.r2.imazen.org/imazen-26-png-v3/9226-lilith-ai-products/home/decor/9761_gen_products-home-decor_sage-cotton-shower-curtain_flat_p0522_1024x1536.sdr.png	c50_tl	9226-lilith-ai-products	302	10
https://codec-corpus.r2.imazen.org/imazen-26-png-v3/2000-unsplash-people/2002_people_by-ashford-marx-5nemkak1wqs-unsplash_3915x5872.sdr.png	c50_tr	2000-unsplash-people	303	41
https://codec-corpus.r2.imazen.org/imazen-26-png-v3/8100-lilith-web-screenshots/other/8404_web-screenshots_climate-gov-home_dpr1_page1_1280x800.sdr.png	full	8100-lilith-web-screenshots	304	26
https://codec-corpus.r2.imazen.org/imazen-26-png-v3/9226-lilith-ai-products/clothing/mens/9413_gen_products-clothing-mens_navy-pique-polo_flat_p0184_1024x1024.sdr.png	c50_center	9226-lilith-ai-products	305	1
https://codec-corpus.r2.imazen.org/imazen-26-png-v3/8100-lilith-web-screenshots/other/8467_web-screenshots_weather-home_dpr1_page1_414x896.sdr.png	c50_tl	8100-lilith-web-screenshots	306	10
https://codec-corpus.r2.imazen.org/imazen-26-png-v3/8100-lilith-web-screenshots/2880x1800/8230_web-screenshots_lkml-lists-index_dpr2_page1_2880x1800.sdr.png	c25_center	8100-lilith-web-screenshots	307	7
https://codec-corpus.r2.imazen.org/imazen-26-png-v3/6000-lilith-scans-public-patents/lynn_conway_us5046022_printrescangray300/6075_scans-patents_lynn-conway-us5046022-rescan-gray_p017_2479x3230.sdr.png	c25_br	6000-lilith-scans-public-patents	308	92
https://codec-corpus.r2.imazen.org/imazen-26-png-v3/8000-lilith-mobile-screenshots/8015_mobile-screenshots_zenbench-microbenchmarking_screenshot-20260526-071215-brave_1968x2184.sdr.png	c25_tr	8000-lilith-mobile-screenshots	309	46
https://codec-corpus.r2.imazen.org/imazen-26-png-v3/7000-lilith-plots/line-patterns/7054_plots_line-tiling-00056-s6bcec02a_1024x1024.sdr.png	c50_tl	7000-lilith-plots	310	10
https://codec-corpus.r2.imazen.org/imazen-26-png-v3/9226-lilith-ai-products/whitelabeled-beauty/9919_gen_products-whitelabeled-beauty_exfoliating-toner-bottle_p0680_1024x1536.sdr.png	c25_br	9226-lilith-ai-products	311	78
https://codec-corpus.r2.imazen.org/imazen-26-png-v3/9226-lilith-ai-products/home/kitchen/9818_gen_products-home-kitchen_fieldstone-mixing-bowls_p0579_1536x1024.sdr.png	c50_br	9226-lilith-ai-products	312	66
https://codec-corpus.r2.imazen.org/imazen-26-png-v3/2200-unsplash-renders/2204_renders_abstract-line-pattern_by-logan-voss-z-e-zrfty00-unsplash_4320x7680.sdr.png	c50_br	2200-unsplash-renders	313	17
https://codec-corpus.r2.imazen.org/imazen-26-png-v3/9094-lilith-ai-illustrations/9110_gen_illustrations_coffee-shop-dusk_1536x1024.sdr.png	c50_center	9094-lilith-ai-illustrations	314	35
https://codec-corpus.r2.imazen.org/imazen-26-png-v3/9226-lilith-ai-products/beauty/9303_gen_products-beauty_florwell-bath-soak-back_ingredients_p0074_1024x1536.sdr.png	c50_tr	9226-lilith-ai-products	315	57
https://codec-corpus.r2.imazen.org/imazen-26-png-v3/7000-lilith-plots/random-charts/7095_plots_chart-00152-s5a1f19a0_1024x1024.sdr.png	c50_br	7000-lilith-plots	316	2
https://codec-corpus.r2.imazen.org/imazen-26-png-v3/8100-lilith-web-screenshots/1920x1080/8202_web-screenshots_nps-yosemite_dpr1_page1_1920x1080.sdr.png	c50_tr	8100-lilith-web-screenshots	317	39
https://codec-corpus.r2.imazen.org/imazen-26-png-v3/8100-lilith-web-screenshots/375x667/8282_web-screenshots_lkml-lists-index_dpr1_page1_375x667.sdr.png	c25_tl	8100-lilith-web-screenshots	318	1
https://codec-corpus.r2.imazen.org/imazen-26-png-v3/9094-lilith-ai-illustrations/9140_gen_illustrations_reading-nook-hot-chocolate_1024x1536.sdr.png	c25_center	9094-lilith-ai-illustrations	319	2
https://codec-corpus.r2.imazen.org/imazen-26-png-v3/7000-lilith-plots/aliased-polygons/7023_plots_line-00032-s620ec516_1024x1024.sdr.png	c50_bl	7000-lilith-plots	320	13
https://codec-corpus.r2.imazen.org/imazen-26-png-v3/6600-ia-scans-manuscript-illustrations/6612_scans-illustrations_owenjones-egyptian-columns_plate0050_2071x3000.sdr.png	c50_bl	6600-ia-scans-manuscript-illustrations	321	29
https://codec-corpus.r2.imazen.org/imazen-26-png-v3/1400-lilith-nature/1525_nature_wildflowers-in-garden_colorado_ip13pro_iso50-f1p5_img-3861_3024x4032.sdr.png	c25_tr	1400-lilith-nature	322	43
https://codec-corpus.r2.imazen.org/imazen-26-png-v3/9226-lilith-ai-products/clothing/womens/activewear/9447_gen_products-clothing-womens-activewear_sportsbra-leggings-coral_onmodel_p0208_1024x1536.sdr.png	c50_bl	9226-lilith-ai-products	323	45
https://codec-corpus.r2.imazen.org/imazen-26-png-v3/9226-lilith-ai-products/grocery/9678_gen_products-grocery_cereal-box-coral_p0439_1024x1536.sdr.png	c50_br	9226-lilith-ai-products	324	17
https://codec-corpus.r2.imazen.org/imazen-26-png-v3/7000-lilith-plots/aliased-polygons/7032_plots_line-00210-s2771b783_1024x1024.sdr.png	full	7000-lilith-plots	325	4
https://codec-corpus.r2.imazen.org/imazen-26-png-v3/9226-lilith-ai-products/accessories/9249_gen_products-accessories_straw-sun-hat_p0022_2048x2048.sdr.png	c25_tl	9226-lilith-ai-products	326	9
https://codec-corpus.r2.imazen.org/imazen-26-png-v3/8100-lilith-web-screenshots/768x1024/8354_web-screenshots_nasa-missions_dpr1_page2_768x1024.sdr.png	c25_bl	8100-lilith-web-screenshots	327	22
https://codec-corpus.r2.imazen.org/imazen-26-png-v3/6000-lilith-scans-public-patents/lynn_conway_us5046022_printrescancolor300/6034_scans-patents_lynn-conway-us5046022-rescan-color_p006_2479x3230.sdr.png	c50_bl	6000-lilith-scans-public-patents	328	31
https://codec-corpus.r2.imazen.org/imazen-26-png-v3/8100-lilith-web-screenshots/1440x900/8113_web-screenshots_lkml-lists-index_dpr1_page1_1440x900.sdr.png	c50_tr	8100-lilith-web-screenshots	329	9
https://codec-corpus.r2.imazen.org/imazen-26-png-v3/9226-lilith-ai-products/clothing/womens/loungewear/9571_gen_products-clothing-womens-loungewear_teal-waffle-robe_flat_p0336_1024x1536.sdr.png	c25_center	9226-lilith-ai-products	330	4
https://codec-corpus.r2.imazen.org/imazen-26-png-v3/9094-lilith-ai-illustrations/9113_gen_illustrations_cyclist-bridge-golden-hour_1536x1024.sdr.png	c50_center	9094-lilith-ai-illustrations	331	3
https://codec-corpus.r2.imazen.org/imazen-26-png-v3/7000-lilith-plots/grids/7049_plots_line-00160-s6215c94e_1024x1024.sdr.png	c25_center	7000-lilith-plots	332	3
https://codec-corpus.r2.imazen.org/imazen-26-png-v3/9226-lilith-ai-products/clothing/mens/9409_gen_products-clothing-mens_henley-shirt_flat_p0180_1024x1024.sdr.png	full	9226-lilith-ai-products	333	15
https://codec-corpus.r2.imazen.org/imazen-26-png-v3/1400-lilith-nature/1432_nature_pink-rose-flower_kyoto-botanical-garden-kyoto_s23u_iso50-f2p4_20231107-140705_3000x4000.sdr.png	c50_br	1400-lilith-nature	334	25
https://codec-corpus.r2.imazen.org/imazen-26-png-v3/9226-lilith-ai-products/clothing/womens/general/9516_gen_products-clothing-womens-general_scarlet-puff-blouse_p0283_2160x3840.sdr.png	c50_center	9226-lilith-ai-products	335	17
https://codec-corpus.r2.imazen.org/imazen-26-png-v3/9226-lilith-ai-products/clothing/womens/general/9504_gen_products-clothing-womens-general_lemon-tank-shirt-set_onmodel_p0272_1024x1536.sdr.png	c50_bl	9226-lilith-ai-products	336	48
https://codec-corpus.r2.imazen.org/imazen-26-png-v3/5300-noaa-hurricane-documents/5314_noaa_nhc-al062024-francine_p01_2550x3300.sdr.png	c25_center	5300-noaa-hurricane-documents	337	1
https://codec-corpus.r2.imazen.org/imazen-26-png-v3/7000-lilith-plots/aliased-lines/7011_plots_line-00121-s3491d29b_1024x1024.sdr.png	c25_tl	7000-lilith-plots	338	9
https://codec-corpus.r2.imazen.org/imazen-26-png-v3/5000-national-park-service-brochures/grayscale/5052_nps_seki-20210826-french_gray_p02_2550x4200.sdr.png	c25_bl	5000-national-park-service-brochures	339	3
https://codec-corpus.r2.imazen.org/imazen-26-png-v3/1400-lilith-nature/1483_nature_snow-capped-mountain-clouds_numazu-japan_s23u_iso50-f4p9_20250307-163902_4000x3000.sdr.png	full	1400-lilith-nature	340	52
https://codec-corpus.r2.imazen.org/imazen-26-png-v3/9226-lilith-ai-products/home/decor/9746_gen_products-home-decor_dusty-blue-quilted-coverlet_flat_p0507_1536x1024.sdr.png	c25_center	9226-lilith-ai-products	341	6
https://codec-corpus.r2.imazen.org/imazen-26-png-v3/9226-lilith-ai-products/grocery/9685_gen_products-grocery_mesa-azul-blue-corn-tortilla-chips-bag_p0446_1024x1536.sdr.png	full	9226-lilith-ai-products	342	49
https://codec-corpus.r2.imazen.org/imazen-26-png-v3/7000-lilith-plots/lines/7065_plots_line-concentric-00266-s0bc1d2a4_1024x1024.sdr.png	c25_bl	7000-lilith-plots	343	11
https://codec-corpus.r2.imazen.org/imazen-26-png-v3/6000-lilith-scans-public-patents/lynn_conway_us5046022_printrescancolor300/6050_scans-patents_lynn-conway-us5046022-rescan-color_p022_2479x3230.sdr.png	c25_tr	6000-lilith-scans-public-patents	344	56
https://codec-corpus.r2.imazen.org/imazen-26-png-v3/1400-lilith-nature/1457_nature_rocky-coastal-landscape_thingvellir-exhibition-heart-iceland-blaskogabyggd_s23u_iso32-f1p7_20231210-113549_3000x4000.sdr.png	c50_bl	1400-lilith-nature	345	11
https://codec-corpus.r2.imazen.org/imazen-26-png-v3/8100-lilith-web-screenshots/other/8466_web-screenshots_weather-home_dpr1_page1_1280x800.sdr.png	c50_center	8100-lilith-web-screenshots	346	9
https://codec-corpus.r2.imazen.org/imazen-26-png-v3/8100-lilith-web-screenshots/other/8401_web-screenshots_cdc-home_dpr1_page2_2560x1440.sdr.png	c50_center	8100-lilith-web-screenshots	347	35
https://codec-corpus.r2.imazen.org/imazen-26-png-v3/8100-lilith-web-screenshots/768x1024/8355_web-screenshots_nasa-news_dpr1_page1_768x1024.sdr.png	c50_tl	8100-lilith-web-screenshots	348	14
https://codec-corpus.r2.imazen.org/imazen-26-png-v3/1400-lilith-nature/1438_nature_orange-flowers-closeup_kyoto-botanical-garden-kyoto_s23u_iso200-f4p9_20231107-143950_3000x4000.sdr.png	c25_br	1400-lilith-nature	349	37
https://codec-corpus.r2.imazen.org/imazen-26-png-v3/6800-ia-scans-manuscript-text/6823_scans-text_redoute-fr-description_p0051_2387x3519.sdr.png	c25_tr	6800-ia-scans-manuscript-text	350	35
https://codec-corpus.r2.imazen.org/imazen-26-png-v3/9226-lilith-ai-products/home/decor/9768_gen_products-home-decor_terracotta-tufted-bath-mat_p0529_1536x1024.sdr.png	c25_center	9226-lilith-ai-products	351	2
https://codec-corpus.r2.imazen.org/imazen-26-png-v3/1000-lilith-photos-general/1003_general_docked-boat-pier_brick-palace-lahaina_s21u_iso50-f2p2_20210609-124821_4000x3000.sdr.png	full	1000-lilith-photos-general	352	27
https://codec-corpus.r2.imazen.org/imazen-26-png-v3/9226-lilith-ai-products/clothing/mens/9399_gen_products-clothing-mens_canvas-belt_flat_p0170_1536x1024.sdr.png	c50_br	9226-lilith-ai-products	353	67
https://codec-corpus.r2.imazen.org/imazen-26-png-v3/1400-lilith-nature/1425_nature_cloudy-sky_fujikawaguchiko-japan_s23u_iso50-f4p9_20231101-072553_3000x4000.sdr.png	c50_center	1400-lilith-nature	354	42
https://codec-corpus.r2.imazen.org/imazen-26-png-v3/6600-ia-scans-manuscript-illustrations/6606_scans-illustrations_haeckel-red-algae_plate0065_5015x7275.sdr.png	c50_center	6600-ia-scans-manuscript-illustrations	355	1
https://codec-corpus.r2.imazen.org/imazen-26-png-v3/8100-lilith-web-screenshots/375x667/8272_web-screenshots_archives-exhibits_dpr1_page1_375x667.sdr.png	c50_bl	8100-lilith-web-screenshots	356	20
https://codec-corpus.r2.imazen.org/imazen-26-png-v3/9094-lilith-ai-illustrations/9113_gen_illustrations_cyclist-bridge-golden-hour_1536x1024.sdr.png	c25_br	9094-lilith-ai-illustrations	357	1
https://codec-corpus.r2.imazen.org/imazen-26-png-v3/7000-lilith-plots/random-charts/7092_plots_chart-00118-s37436075_1024x1024.sdr.png	c50_center	7000-lilith-plots	358	8
https://codec-corpus.r2.imazen.org/imazen-26-png-v3/9094-lilith-ai-illustrations/9097_gen_illustrations_autumn-deciduous-path_1024x1536.sdr.png	c50_tr	9094-lilith-ai-illustrations	359	9
https://codec-corpus.r2.imazen.org/imazen-26-png-v3/9226-lilith-ai-products/home/small-appliances/9854_gen_products-home-small-appliances_kettlebay-milk-frother_p0615_1024x1536.sdr.png	c50_tr	9226-lilith-ai-products	360	85
https://codec-corpus.r2.imazen.org/imazen-26-png-v3/8100-lilith-web-screenshots/768x1024/8339_web-screenshots_gutenberg-top_dpr1_page1_768x1024.sdr.png	c50_center	8100-lilith-web-screenshots	361	16
https://codec-corpus.r2.imazen.org/imazen-26-png-v3/1000-lilith-photos-general/1027_general_turtle-on-rock_hotel-zentik-project-valladolid_s23u_iso50-f4p9_20230918-105522_2252x4000.sdr.png	full	1000-lilith-photos-general	362	27
https://codec-corpus.r2.imazen.org/imazen-26-png-v3/8100-lilith-web-screenshots/768x1024/8377_web-screenshots_usaspending-explorer_dpr1_page1_768x1024.sdr.png	c50_center	8100-lilith-web-screenshots	363	36
https://codec-corpus.r2.imazen.org/imazen-26-png-v3/7000-lilith-plots/grids/7038_plots_chart-00144-s2f4e8e1b_1024x1024.sdr.png	c25_tr	7000-lilith-plots	364	8
https://codec-corpus.r2.imazen.org/imazen-26-png-v3/6600-ia-scans-manuscript-illustrations/6600_scans-illustrations_haeckel-cephalopods_plate0007_4988x7151.sdr.png	c50_br	6600-ia-scans-manuscript-illustrations	365	14
https://codec-corpus.r2.imazen.org/imazen-26-png-v3/9226-lilith-ai-products/home/kitchen/9829_gen_products-home-kitchen_warm-wood-cutting-board_p0590_1536x1024.sdr.png	c25_center	9226-lilith-ai-products	366	3
https://codec-corpus.r2.imazen.org/imazen-26-png-v3/1400-lilith-nature/1556_nature_abstract-ice-texture_screenshot-20260526-080327-gallery_1020x2183.sdr.png	c50_center	1400-lilith-nature	367	29
https://codec-corpus.r2.imazen.org/imazen-26-png-v3/7000-lilith-plots/polygons/7083_plots_line-polygons-00120-s410edf16_1024x1024.sdr.png	full	7000-lilith-plots	368	33
https://codec-corpus.r2.imazen.org/imazen-26-png-v3/7000-lilith-plots/random-charts/7101_plots_chart-00363-s4e589110_1024x1024.sdr.png	c50_bl	7000-lilith-plots	369	12
https://codec-corpus.r2.imazen.org/imazen-26-png-v3/7000-lilith-plots/polygons/7090_plots_line-polygons-00291-s625cdbd7_1024x1024.sdr.png	c25_br	7000-lilith-plots	370	8
https://codec-corpus.r2.imazen.org/imazen-26-png-v3/1000-lilith-photos-general/1039_general_sun-over-forest_ek-balam_s23u_iso50-f2p2_20230918-160739_4000x3000.sdr.png	full	1000-lilith-photos-general	371	34
https://codec-corpus.r2.imazen.org/imazen-26-png-v3/3300-met-museum-photos/3305_met_portrait_226943_2257x2665.sdr.png	c25_center	3300-met-museum-photos	372	4
https://codec-corpus.r2.imazen.org/imazen-26-png-v3/5200-epa-climate-impact-2021-report/5219_epa_climate-impact-2021_fig-9-1-master-chart-4groups-6impacts_p077_2968x3841.sdr.png	c25_br	5200-epa-climate-impact-2021-report	373	50
https://codec-corpus.r2.imazen.org/imazen-26-png-v3/1000-lilith-photos-general/1024_general_outdoor-dining-table_azulik-city-arts-francisco-uh-may_s23u_iso100-f2p2_20230917-152718_3000x4000.sdr.png	c25_br	1000-lilith-photos-general	374	25
https://codec-corpus.r2.imazen.org/imazen-26-png-v3/9094-lilith-ai-illustrations/9162_gen_illustrations_young-woman-tea-portrait_1024x1536.sdr.png	c25_tr	9094-lilith-ai-illustrations	375	12
https://codec-corpus.r2.imazen.org/imazen-26-png-v3/9000-lilith-ai-clipart/9035_gen_clipart_ladybug_1024x1536.sdr.png	c25_tl	9000-lilith-ai-clipart	376	68
https://codec-corpus.r2.imazen.org/imazen-26-png-v3/6000-lilith-scans-public-patents/lynn_conway_us5046022_1bitoriginal/6014_scans-patents_lynn-conway-us5046022-1bit_p015_2320x3408.sdr.png	c25_bl	6000-lilith-scans-public-patents	377	22
https://codec-corpus.r2.imazen.org/imazen-26-png-v3/6000-lilith-scans-public-patents/lynn_conway_us5046022_1bitoriginal/6003_scans-patents_lynn-conway-us5046022-1bit_p004_2320x3408.sdr.png	c50_tl	6000-lilith-scans-public-patents	378	62
https://codec-corpus.r2.imazen.org/imazen-26-png-v3/1600-lilith-food/1606_food_fried-calamari-salad_hanalei-hawaii_s21u_iso32-f1p8_20221001-155420_3462x2150.sdr.png	c50_tr	1600-lilith-food	379	18
https://codec-corpus.r2.imazen.org/imazen-26-png-v3/9226-lilith-ai-products/whitelabeled-beverages/9958_gen_products-whitelabeled-beverages_beverage-smoothie-bottle_p0716_1024x1536.sdr.png	c25_center	9226-lilith-ai-products	380	27
https://codec-corpus.r2.imazen.org/imazen-26-png-v3/8100-lilith-web-screenshots/768x1024/8387_web-screenshots_weather-home_dpr1_page1_768x1024.sdr.png	c25_center	8100-lilith-web-screenshots	381	3
https://codec-corpus.r2.imazen.org/imazen-26-png-v3/3300-met-museum-photos/3314_met_shiraito-waterfall-at-hakone_40336_4000x2826.sdr.png	c25_tr	3300-met-museum-photos	382	14
https://codec-corpus.r2.imazen.org/imazen-26-png-v3/9226-lilith-ai-products/beauty/9303_gen_products-beauty_florwell-bath-soak-back_ingredients_p0074_1024x1536.sdr.png	c50_center	9226-lilith-ai-products	383	10
https://codec-corpus.r2.imazen.org/imazen-26-png-v3/2000-unsplash-people/2011_people_by-filipp-romanovski-tpjt04-gxvk-unsplash_4499x6745.sdr.png	c50_br	2000-unsplash-people	384	10
https://codec-corpus.r2.imazen.org/imazen-26-png-v3/2000-unsplash-people/2010_people_by-emmanuel-black-j7lc6bzguzs-unsplash_3944x4930.sdr.png	c25_center	2000-unsplash-people	385	11
https://codec-corpus.r2.imazen.org/imazen-26-png-v3/9226-lilith-ai-products/clothing/mens/9414_gen_products-clothing-mens_olive-cargo-shorts_flat_p0185_1024x1536.sdr.png	c50_tr	9226-lilith-ai-products	386	30
https://codec-corpus.r2.imazen.org/imazen-26-png-v3/8100-lilith-web-screenshots/375x667/8296_web-screenshots_nasa-missions_dpr1_page1_375x667.sdr.png	c50_tl	8100-lilith-web-screenshots	387	12
https://codec-corpus.r2.imazen.org/imazen-26-png-v3/9226-lilith-ai-products/whitelabeled-beverages/9962_gen_products-whitelabeled-beverages_beverage-spring-water-bottle_p0720_1024x1536.sdr.png	c50_tr	9226-lilith-ai-products	388	58
https://codec-corpus.r2.imazen.org/imazen-26-png-v3/7000-lilith-plots/aliased-lines/7008_plots_line-00027-s195cfe6a_1024x1024.sdr.png	c25_tr	7000-lilith-plots	389	28
https://codec-corpus.r2.imazen.org/imazen-26-png-v3/6800-ia-scans-manuscript-text/6801_scans-text_haeckel-de-preface_p0009_2581x3909.sdr.png	c50_tl	6800-ia-scans-manuscript-text	390	36
https://codec-corpus.r2.imazen.org/imazen-26-png-v3/1400-lilith-nature/1438_nature_orange-flowers-closeup_kyoto-botanical-garden-kyoto_s23u_iso200-f4p9_20231107-143950_3000x4000.sdr.png	c25_center	1400-lilith-nature	391	38
https://codec-corpus.r2.imazen.org/imazen-26-png-v3/8100-lilith-web-screenshots/768x1024/8342_web-screenshots_lkml-lists-index_dpr1_page2_768x1024.sdr.png	c25_tl	8100-lilith-web-screenshots	392	5
https://codec-corpus.r2.imazen.org/imazen-26-png-v3/9226-lilith-ai-products/electronics/9626_gen_products-electronics_voltflux-mobile-hotspot_p0388_1024x1536.sdr.png	c25_bl	9226-lilith-ai-products	393	37
https://codec-corpus.r2.imazen.org/imazen-26-png-v3/8100-lilith-web-screenshots/1440x900/8140_web-screenshots_nps-yosemite_dpr1_page1_1440x900.sdr.png	c25_center	8100-lilith-web-screenshots	394	31
https://codec-corpus.r2.imazen.org/imazen-26-png-v3/8100-lilith-web-screenshots/1920x1080/8196_web-screenshots_nps-grand-canyon_dpr1_page1_1920x1080.sdr.png	c25_bl	8100-lilith-web-screenshots	395	55
https://codec-corpus.r2.imazen.org/imazen-26-png-v3/6600-ia-scans-manuscript-illustrations/6604_scans-illustrations_haeckel-moths_plate0058_4865x7207.sdr.png	c50_center	6600-ia-scans-manuscript-illustrations	396	1
https://codec-corpus.r2.imazen.org/imazen-26-png-v3/8100-lilith-web-screenshots/other/8449_web-screenshots_nps-yellowstone_dpr1_page2_1280x800.sdr.png	c25_br	8100-lilith-web-screenshots	397	53
https://codec-corpus.r2.imazen.org/imazen-26-png-v3/7000-lilith-plots/grids/7042_plots_chart-00290-s4b1661bd_1024x1024.sdr.png	c50_bl	7000-lilith-plots	398	17
https://codec-corpus.r2.imazen.org/imazen-26-png-v3/9094-lilith-ai-illustrations/9144_gen_illustrations_runway-coat-figure_1024x1536.sdr.png	c25_tr	9094-lilith-ai-illustrations	399	26
https://codec-corpus.r2.imazen.org/imazen-26-png-v3/8000-lilith-mobile-screenshots/8009_mobile-screenshots_yellowstone-national-park_screenshot-20260526-070456-maps_1080x2520.sdr.png	c50_tl	8000-lilith-mobile-screenshots	400	37
https://codec-corpus.r2.imazen.org/imazen-26-png-v3/7000-lilith-plots/aliased-lines/7016_plots_line-00169-s646cb006_1024x1024.sdr.png	c50_tr	7000-lilith-plots	401	5
https://codec-corpus.r2.imazen.org/imazen-26-png-v3/9226-lilith-ai-products/footwear/9673_gen_products-footwear_womens-slide-sandals-tan_p0434_5504x3072.sdr.png	c50_tl	9226-lilith-ai-products	402	53
https://codec-corpus.r2.imazen.org/imazen-26-png-v3/7000-lilith-plots/lines/7066_plots_line-concentric-00268-s2f977bbb_1024x1024.sdr.png	c50_bl	7000-lilith-plots	403	8
https://codec-corpus.r2.imazen.org/imazen-26-png-v3/6800-ia-scans-manuscript-text/6802_scans-text_haeckel-de-systematic_p0011_2581x3909.sdr.png	c50_bl	6800-ia-scans-manuscript-text	404	26
https://codec-corpus.r2.imazen.org/imazen-26-png-v3/1200-lilith-interiors/1230_interiors_empty-tiled-pool_casa-batllo-barcelona_zfold7_iso640-f1p7_20260315-210432_3000x4000.sdr.png	c25_tl	1200-lilith-interiors	405	32
https://codec-corpus.r2.imazen.org/imazen-26-png-v3/9000-lilith-ai-clipart/9021_gen_clipart_fairy-lights-string_1024x1024.sdr.png	c50_tr	9000-lilith-ai-clipart	406	39
https://codec-corpus.r2.imazen.org/imazen-26-png-v3/8100-lilith-web-screenshots/other/8443_web-screenshots_nps-grca_dpr1_page2_414x896.sdr.png	c50_bl	8100-lilith-web-screenshots	407	22
https://codec-corpus.r2.imazen.org/imazen-26-png-v3/7000-lilith-plots/real-charts/7112_plots_chart-horizontalbar-02-slate_1024x1024.sdr.png	c25_tl	7000-lilith-plots	408	16
https://codec-corpus.r2.imazen.org/imazen-26-png-v3/9226-lilith-ai-products/sporting-goods/9858_gen_products-sporting-goods_duffel-bag-60l-charcoal_p0619_2816x1536.sdr.png	c25_br	9226-lilith-ai-products	409	1
https://codec-corpus.r2.imazen.org/imazen-26-png-v3/9094-lilith-ai-illustrations/9165_gen_illustrations_manga-heroine-catching-key_1024x1536.sdr.png	c50_tl	9094-lilith-ai-illustrations	410	11
https://codec-corpus.r2.imazen.org/imazen-26-png-v3/9226-lilith-ai-products/grocery/whitelabel/9702_gen_products-grocery-whitelabel_condiment-squeeze-bottle_p0463_1024x1536.sdr.png	c25_br	9226-lilith-ai-products	411	7
https://codec-corpus.r2.imazen.org/imazen-26-png-v3/8100-lilith-web-screenshots/other/8454_web-screenshots_terminal-cargo-build_dpr1_page1_1280x1100.sdr.png	full	8100-lilith-web-screenshots	412	16
https://codec-corpus.r2.imazen.org/imazen-26-png-v3/5000-national-park-service-brochures/color/5004_nps_blca-black-canyon-2023_color_p02_7016x4961.sdr.png	c50_bl	5000-national-park-service-brochures	413	22
https://codec-corpus.r2.imazen.org/imazen-26-png-v3/3000-art-institute-of-chicago-photos/3010_aic_self-portrait_80607_4000x5097.sdr.png	c50_bl	3000-art-institute-of-chicago-photos	414	15
https://codec-corpus.r2.imazen.org/imazen-26-png-v3/7000-lilith-plots/aliased-polygons/7022_plots_line-00001-s4fc8f443_1024x1024.sdr.png	c50_tl	7000-lilith-plots	415	19
https://codec-corpus.r2.imazen.org/imazen-26-png-v3/1200-lilith-interiors/1245_interiors_circular-building-interior_la-pedrera-barcelona_zfold7_iso1000-f2p2_20260319-194139_4000x3000.sdr.png	c25_center	1200-lilith-interiors	416	27
https://codec-corpus.r2.imazen.org/imazen-26-png-v3/3000-art-institute-of-chicago-photos/3001_aic_self-portrait_11_4000x5226.sdr.png	full	3000-art-institute-of-chicago-photos	417	24
https://codec-corpus.r2.imazen.org/imazen-26-png-v3/1600-lilith-food/1606_food_fried-calamari-salad_hanalei-hawaii_s21u_iso32-f1p8_20221001-155420_3462x2150.sdr.png	c25_center	1600-lilith-food	418	19
https://codec-corpus.r2.imazen.org/imazen-26-png-v3/7000-lilith-plots/polygons/7078_plots_line-polygons-00038-s335b5033_1024x1024.sdr.png	full	7000-lilith-plots	419	4
https://codec-corpus.r2.imazen.org/imazen-26-png-v3/9094-lilith-ai-illustrations/9140_gen_illustrations_reading-nook-hot-chocolate_1024x1536.sdr.png	c25_br	9094-lilith-ai-illustrations	420	3
https://codec-corpus.r2.imazen.org/imazen-26-png-v3/7000-lilith-plots/line-patterns/7056_plots_line-tiling-00118-s306ca2bd_1024x1024.sdr.png	c50_bl	7000-lilith-plots	421	8
https://codec-corpus.r2.imazen.org/imazen-26-png-v3/8100-lilith-web-screenshots/other/8459_web-screenshots_usgs-home_dpr1_page2_667x375.sdr.png	c25_center	8100-lilith-web-screenshots	422	16
https://codec-corpus.r2.imazen.org/imazen-26-png-v3/9226-lilith-ai-products/footwear/9654_gen_products-footwear_womens-wedge-sandal-cream_p0415_1536x1024.sdr.png	c50_tr	9226-lilith-ai-products	423	121
https://codec-corpus.r2.imazen.org/imazen-26-png-v3/9226-lilith-ai-products/grocery/9684_gen_products-grocery_kettlebloom-white-cheddar-popcorn-bag_p0445_1024x1536.sdr.png	c50_center	9226-lilith-ai-products	424	8
https://codec-corpus.r2.imazen.org/imazen-26-png-v3/7000-lilith-plots/aliased-lines/7018_plots_line-00266-s0bc1d2a4_1024x1024.sdr.png	c25_center	7000-lilith-plots	425	1
https://codec-corpus.r2.imazen.org/imazen-26-png-v3/9000-lilith-ai-clipart/9019_gen_clipart_donut-sprinkles_1024x1536.sdr.png	c25_center	9000-lilith-ai-clipart	426	21
https://codec-corpus.r2.imazen.org/imazen-26-png-v3/9226-lilith-ai-products/home/small-appliances/9844_gen_products-home-small-appliances_ironvale-multi-cooker-pressure-cooker_p0605_1024x1536.sdr.png	c50_tr	9226-lilith-ai-products	427	40
https://codec-corpus.r2.imazen.org/imazen-26-png-v3/8100-lilith-web-screenshots/375x667/8309_web-screenshots_nps-yellowstone_dpr1_page1_375x667.sdr.png	c25_tl	8100-lilith-web-screenshots	428	11
https://codec-corpus.r2.imazen.org/imazen-26-png-v3/8100-lilith-web-screenshots/768x1024/8357_web-screenshots_nasa-perseverance_dpr1_page1_768x1024.sdr.png	c25_br	8100-lilith-web-screenshots	429	6
https://codec-corpus.r2.imazen.org/imazen-26-png-v3/2200-unsplash-renders/2210_renders_abstract-line-pattern_by-resource-database-xp6ngsgxck0-unsplash_4000x5000.sdr.png	c50_bl	2200-unsplash-renders	430	7
https://codec-corpus.r2.imazen.org/imazen-26-png-v3/8100-lilith-web-screenshots/other/8418_web-screenshots_nasa-artemis_dpr1_page1_1280x800.sdr.png	c25_center	8100-lilith-web-screenshots	431	32
https://codec-corpus.r2.imazen.org/imazen-26-png-v3/8100-lilith-web-screenshots/1440x900/8134_web-screenshots_nps-grand-canyon_dpr1_page1_1440x900.sdr.png	c25_bl	8100-lilith-web-screenshots	432	39
https://codec-corpus.r2.imazen.org/imazen-26-png-v3/1400-lilith-nature/1420_nature_red-flower-plant_shinjuku-gyoen-national-garden-shinjuku_s23u_iso200-f4p9_20230702-113825_3000x4000.sdr.png	c50_center	1400-lilith-nature	433	35
https://codec-corpus.r2.imazen.org/imazen-26-png-v3/1200-lilith-interiors/1216_interiors_ornate-standing-mirror_square-du-temple-elie-wiesel-paris_s23u_iso200-f1p7_20240429-114934-1_3000x4000.sdr.png	c25_br	1200-lilith-interiors	434	24
https://codec-corpus.r2.imazen.org/imazen-26-png-v3/7000-lilith-plots/aliased-lines/7021_plots_line-00269-s0382639b_1024x1024.sdr.png	c25_tr	7000-lilith-plots	435	5
https://codec-corpus.r2.imazen.org/imazen-26-png-v3/8100-lilith-web-screenshots/1440x900/8138_web-screenshots_nps-yellowstone_dpr1_page1_1440x900.sdr.png	full	8100-lilith-web-screenshots	436	24
https://codec-corpus.r2.imazen.org/imazen-26-png-v3/9094-lilith-ai-illustrations/9103_gen_illustrations_breakfast-in-bed_1024x1536.sdr.png	c50_tr	9094-lilith-ai-illustrations	437	8
https://codec-corpus.r2.imazen.org/imazen-26-png-v3/9094-lilith-ai-illustrations/9158_gen_illustrations_vinyl-listening-room_1024x1536.sdr.png	c50_br	9094-lilith-ai-illustrations	438	19
https://codec-corpus.r2.imazen.org/imazen-26-png-v3/1600-lilith-food/1623_food_breakfast_colorado_s23u_iso12-f1p7_20240507-145123_3000x4000.sdr.png	c50_center	1600-lilith-food	439	27
https://codec-corpus.r2.imazen.org/imazen-26-png-v3/9226-lilith-ai-products/grocery/9678_gen_products-grocery_cereal-box-coral_p0439_1024x1536.sdr.png	full	9226-lilith-ai-products	440	50
https://codec-corpus.r2.imazen.org/imazen-26-png-v3/9226-lilith-ai-products/clothing/womens/dark-bg/9474_gen_products-clothing-womens-dark-bg_magenta-leopard-sequin-gown_onmodel_p0243_2160x3840.sdr.png	c50_tl	9226-lilith-ai-products	441	12
https://codec-corpus.r2.imazen.org/imazen-26-png-v3/8100-lilith-web-screenshots/768x1024/8369_web-screenshots_nps-yose_dpr1_page1_768x1024.sdr.png	c25_bl	8100-lilith-web-screenshots	442	12
https://codec-corpus.r2.imazen.org/imazen-26-png-v3/8100-lilith-web-screenshots/other/8436_web-screenshots_noaa-home_dpr2_page1_750x1334.sdr.png	c50_center	8100-lilith-web-screenshots	443	14
https://codec-corpus.r2.imazen.org/imazen-26-png-v3/9094-lilith-ai-illustrations/9167_gen_illustrations_manga-rooftop-rain-cape_1024x1536.sdr.png	c50_bl	9094-lilith-ai-illustrations	444	9
https://codec-corpus.r2.imazen.org/imazen-26-png-v3/2000-unsplash-people/2026_people_by-willian-justen-de-vasconcellos-3f1eju2ib4u-unsplash_5637x3758.sdr.png	c25_br	2000-unsplash-people	445	9
https://codec-corpus.r2.imazen.org/imazen-26-png-v3/7000-lilith-plots/aliased-lines/7018_plots_line-00266-s0bc1d2a4_1024x1024.sdr.png	c25_bl	7000-lilith-plots	446	8
https://codec-corpus.r2.imazen.org/imazen-26-png-v3/9094-lilith-ai-illustrations/9135_gen_illustrations_old-fisherman-river_1024x1536.sdr.png	c50_tr	9094-lilith-ai-illustrations	447	38
https://codec-corpus.r2.imazen.org/imazen-26-png-v3/1400-lilith-nature/1481_nature_rock-arch-seascape_kumomi-matsuzaki-japan_s23u_iso50-f4p9_20250307-124034_3000x4000.sdr.png	c50_bl	1400-lilith-nature	448	11
https://codec-corpus.r2.imazen.org/imazen-26-png-v3/8100-lilith-web-screenshots/other/8434_web-screenshots_nih-home_dpr1_page1_414x896.sdr.png	full	8100-lilith-web-screenshots	449	54
https://codec-corpus.r2.imazen.org/imazen-26-png-v3/7000-lilith-plots/grids/7050_plots_line-00166-s010fb6d2_1024x1024.sdr.png	full	7000-lilith-plots	450	2
https://codec-corpus.r2.imazen.org/imazen-26-png-v3/1200-lilith-interiors/1221_interiors_hotel-room-bed_hilton-waikiki-beach-east-honolulu_s23u_iso100-f1p7_20241107-134702_3000x4000.sdr.png	c50_center	1200-lilith-interiors	451	19
https://codec-corpus.r2.imazen.org/imazen-26-png-v3/7000-lilith-plots/lines/7064_plots_line-concentric-00230-s6a3b9505_1024x1024.sdr.png	c50_br	7000-lilith-plots	452	12
https://codec-corpus.r2.imazen.org/imazen-26-png-v3/9094-lilith-ai-illustrations/9140_gen_illustrations_reading-nook-hot-chocolate_1024x1536.sdr.png	c50_tr	9094-lilith-ai-illustrations	453	2
https://codec-corpus.r2.imazen.org/imazen-26-png-v3/3300-met-museum-photos/3320_met_six-jewel-rivers_53427_3841x2149.sdr.png	c25_br	3300-met-museum-photos	454	1
https://codec-corpus.r2.imazen.org/imazen-26-png-v3/2200-unsplash-renders/2206_renders_abstract-color-pattern_by-marek-pavlik-fozwxagka1o-unsplash_3840x2160.sdr.png	c25_br	2200-unsplash-renders	455	4
https://codec-corpus.r2.imazen.org/imazen-26-png-v3/1600-lilith-food/1607_food_grilled-seafood-plate_s21u_iso1250-f1p8_20221210-191616_3000x4000.sdr.png	c50_tl	1600-lilith-food	456	35
https://codec-corpus.r2.imazen.org/imazen-26-png-v3/8100-lilith-web-screenshots/1440x900/8146_web-screenshots_terminal-python-repl_dpr1_page1_1440x900.sdr.png	c25_tl	8100-lilith-web-screenshots	457	8
https://codec-corpus.r2.imazen.org/imazen-26-png-v3/8100-lilith-web-screenshots/375x667/8312_web-screenshots_nps-yose_dpr1_page2_375x667.sdr.png	c50_tr	8100-lilith-web-screenshots	458	19
https://codec-corpus.r2.imazen.org/imazen-26-png-v3/9226-lilith-ai-products/home/furniture/9799_gen_products-home-furniture_writing-desk-walnut_p0560_1536x1024.sdr.png	c25_tl	9226-lilith-ai-products	459	65
https://codec-corpus.r2.imazen.org/imazen-26-png-v3/9094-lilith-ai-illustrations/9165_gen_illustrations_manga-heroine-catching-key_1024x1536.sdr.png	c25_tr	9094-lilith-ai-illustrations	460	2
https://codec-corpus.r2.imazen.org/imazen-26-png-v3/5300-noaa-hurricane-documents/5314_noaa_nhc-al062024-francine_p01_2550x3300.sdr.png	c50_center	5300-noaa-hurricane-documents	461	1
https://codec-corpus.r2.imazen.org/imazen-26-png-v3/9226-lilith-ai-products/toys/9888_gen_products-toys_jigsaw-puzzle-1000-piece_p0649_1536x1024.sdr.png	full	9226-lilith-ai-products	462	40
https://codec-corpus.r2.imazen.org/imazen-26-png-v3/8100-lilith-web-screenshots/768x1024/8383_web-screenshots_usgs-topoview_dpr1_page1_768x1024.sdr.png	c25_tl	8100-lilith-web-screenshots	463	1
https://codec-corpus.r2.imazen.org/imazen-26-png-v3/6000-lilith-scans-public-patents/lynn_conway_us5046022_printrescangray300/6088_scans-patents_lynn-conway-us5046022-rescan-gray_p030_2479x3230.sdr.png	c50_tr	6000-lilith-scans-public-patents	464	16
https://codec-corpus.r2.imazen.org/imazen-26-png-v3/6600-ia-scans-manuscript-illustrations/6604_scans-illustrations_haeckel-moths_plate0058_4865x7207.sdr.png	c50_br	6600-ia-scans-manuscript-illustrations	465	1
https://codec-corpus.r2.imazen.org/imazen-26-png-v3/9094-lilith-ai-illustrations/9154_gen_illustrations_tiny-mossy-friend_1024x1536.sdr.png	c50_center	9094-lilith-ai-illustrations	466	11
https://codec-corpus.r2.imazen.org/imazen-26-png-v3/8100-lilith-web-screenshots/other/8413_web-screenshots_gutenberg-top_dpr2_page2_750x1334.sdr.png	c25_tl	8100-lilith-web-screenshots	467	46
https://codec-corpus.r2.imazen.org/imazen-26-png-v3/6600-ia-scans-manuscript-illustrations/6618_scans-illustrations_redoute-rose-magenta_plate0047_2912x4368.sdr.png	c50_br	6600-ia-scans-manuscript-illustrations	468	26
https://codec-corpus.r2.imazen.org/imazen-26-png-v3/9094-lilith-ai-illustrations/9130_gen_illustrations_kitchen-dawn-kettle-steam_1024x1536.sdr.png	c25_br	9094-lilith-ai-illustrations	469	27
https://codec-corpus.r2.imazen.org/imazen-26-png-v3/5000-national-park-service-brochures/color/5010_nps_deva-backcountry-and-wilderness-access-map_color_p02_4800x6900.sdr.png	c50_bl	5000-national-park-service-brochures	470	43
https://codec-corpus.r2.imazen.org/imazen-26-png-v3/7000-lilith-plots/aliased-line-patterns/7000_plots_line-00056-s6bcec02a_1024x1024.sdr.png	c25_center	7000-lilith-plots	471	8
https://codec-corpus.r2.imazen.org/imazen-26-png-v3/9226-lilith-ai-products/clothing/kids/9362_gen_products-clothing-kids_footwear-womens-ballet-flat-blush_p0133_1536x1024.sdr.png	c25_center	9226-lilith-ai-products	472	48
https://codec-corpus.r2.imazen.org/imazen-26-png-v3/9226-lilith-ai-products/whitelabeled-beverages/9947_gen_products-whitelabeled-beverages_beverage-energy-drink-can_p0705_1024x1536.sdr.png	c50_bl	9226-lilith-ai-products	473	27
https://codec-corpus.r2.imazen.org/imazen-26-png-v3/7000-lilith-plots/real-charts/7109_plots_chart-candlestick-17-light_1024x1024.sdr.png	c50_center	7000-lilith-plots	474	8
https://codec-corpus.r2.imazen.org/imazen-26-png-v3/7000-lilith-plots/aliased-line-patterns/7003_plots_line-00208-s6c4f8551_1024x1024.sdr.png	c50_br	7000-lilith-plots	475	6
https://codec-corpus.r2.imazen.org/imazen-26-png-v3/9226-lilith-ai-products/clothing/kids/9393_gen_products-clothing-kids_twopiece-set-stripe_flat_p0164_1536x1024.sdr.png	c25_center	9226-lilith-ai-products	476	5
https://codec-corpus.r2.imazen.org/imazen-26-png-v3/1000-lilith-photos-general/1056_general_flower-bouquet-and-cards_colorado_s23u_iso80-f2p4_20240505-172513_3000x4000.sdr.png	c50_center	1000-lilith-photos-general	477	41
https://codec-corpus.r2.imazen.org/imazen-26-png-v3/9226-lilith-ai-products/accessories/9235_gen_products-accessories_kelly-green-mini-tote_p0009_1024x1536.sdr.png	c25_center	9226-lilith-ai-products	478	1
https://codec-corpus.r2.imazen.org/imazen-26-png-v3/6000-lilith-scans-public-patents/lynn_conway_us5046022_printrescangray300/6083_scans-patents_lynn-conway-us5046022-rescan-gray_p025_2479x3230.sdr.png	c50_bl	6000-lilith-scans-public-patents	479	58
https://codec-corpus.r2.imazen.org/imazen-26-png-v3/8100-lilith-web-screenshots/1440x900/8151_web-screenshots_usgs-news_dpr1_page2_1440x900.sdr.png	c50_tl	8100-lilith-web-screenshots	480	57
https://codec-corpus.r2.imazen.org/imazen-26-png-v3/3300-met-museum-photos/3320_met_six-jewel-rivers_53427_3841x2149.sdr.png	c50_tl	3300-met-museum-photos	481	4
https://codec-corpus.r2.imazen.org/imazen-26-png-v3/8100-lilith-web-screenshots/1920x1080/8177_web-screenshots_loc-pictures_dpr1_page2_1920x1080.sdr.png	c50_br	8100-lilith-web-screenshots	482	17
https://codec-corpus.r2.imazen.org/imazen-26-png-v3/1200-lilith-interiors/1209_interiors_traditional-tiled-roof-building_himeji-castle-himeji_s23u_iso64-f2p2_20231105-153905_3000x4000.sdr.png	c25_center	1200-lilith-interiors	483	27
https://codec-corpus.r2.imazen.org/imazen-26-png-v3/6800-ia-scans-manuscript-text/6832_scans-text_redoute-fr-description_p0139_2445x3519.sdr.png	c25_center	6800-ia-scans-manuscript-text	484	30
https://codec-corpus.r2.imazen.org/imazen-26-png-v3/3300-met-museum-photos/3309_met_portrait_340070_2872x3623.sdr.png	c50_tr	3300-met-museum-photos	485	27
https://codec-corpus.r2.imazen.org/imazen-26-png-v3/7000-lilith-plots/aliased-lines/7010_plots_line-00069-s46326869_1024x1024.sdr.png	c50_bl	7000-lilith-plots	486	9
https://codec-corpus.r2.imazen.org/imazen-26-png-v3/5000-national-park-service-brochures/color/5021_nps_pinn-2019-map-update-draft-2_color_p01_4800x7200.sdr.png	c50_br	5000-national-park-service-brochures	487	29
https://codec-corpus.r2.imazen.org/imazen-26-png-v3/6600-ia-scans-manuscript-illustrations/6606_scans-illustrations_haeckel-red-algae_plate0065_5015x7275.sdr.png	c25_br	6600-ia-scans-manuscript-illustrations	488	3
https://codec-corpus.r2.imazen.org/imazen-26-png-v3/7000-lilith-plots/lines/7061_plots_line-concentric-00146-s6f881573_1024x1024.sdr.png	c50_tr	7000-lilith-plots	489	5
https://codec-corpus.r2.imazen.org/imazen-26-png-v3/6600-ia-scans-manuscript-illustrations/6601_scans-illustrations_haeckel-radiolaria-green_plate0034_4892x7178.sdr.png	c50_tl	6600-ia-scans-manuscript-illustrations	490	8
https://codec-corpus.r2.imazen.org/imazen-26-png-v3/8100-lilith-web-screenshots/768x1024/8376_web-screenshots_si-edu-exhibitions_dpr1_page2_768x1024.sdr.png	c25_tr	8100-lilith-web-screenshots	491	11
https://codec-corpus.r2.imazen.org/imazen-26-png-v3/9226-lilith-ai-products/clothing/mens/9426_gen_products-clothing-mens_tee-summer-blue_onmodel_p0197_1024x1536.sdr.png	c25_tr	9226-lilith-ai-products	492	22
https://codec-corpus.r2.imazen.org/imazen-26-png-v3/9226-lilith-ai-products/grocery/whitelabel/9703_gen_products-grocery-whitelabel_cooking-spray-can_p0464_1024x1536.sdr.png	c50_tl	9226-lilith-ai-products	493	48
https://codec-corpus.r2.imazen.org/imazen-26-png-v3/6600-ia-scans-manuscript-illustrations/6625_scans-illustrations_shinbijutsukai-geometric-lattice_plate0010_2844x4410.sdr.png	c25_tr	6600-ia-scans-manuscript-illustrations	494	7
https://codec-corpus.r2.imazen.org/imazen-26-png-v3/1600-lilith-food/1612_food_fried-fish-and-fries_s23u_iso25-f1p7_20230730-142545-0_4000x3000.sdr.png	c25_bl	1600-lilith-food	495	41
https://codec-corpus.r2.imazen.org/imazen-26-png-v3/9226-lilith-ai-products/electronics/9591_gen_products-electronics_harmonix-av-receiver_p0355_1536x1024.sdr.png	c25_tl	9226-lilith-ai-products	496	23
https://codec-corpus.r2.imazen.org/imazen-26-png-v3/8100-lilith-web-screenshots/1920x1080/8209_web-screenshots_usgs-main-home_dpr1_page1_1920x1080.sdr.png	c50_bl	8100-lilith-web-screenshots	497	11
https://codec-corpus.r2.imazen.org/imazen-26-png-v3/5000-national-park-service-brochures/color/5023_nps_redw-horsetrails-sb-2021-2_color_p03_2550x4200.sdr.png	c50_center	5000-national-park-service-brochures	498	2
https://codec-corpus.r2.imazen.org/imazen-26-png-v3/6800-ia-scans-manuscript-text/6825_scans-text_redoute-fr-description_p0060_2415x3528.sdr.png	c25_tl	6800-ia-scans-manuscript-text	499	20
https://codec-corpus.r2.imazen.org/imazen-26-png-v3/6000-lilith-scans-public-patents/yvonne_brill_us3807657_printrescangray300/6109_scans-patents_yvonne-brill-us3807657-rescan-gray_p001_2479x3230.sdr.png	c25_tr	6000-lilith-scans-public-patents	500	25
https://codec-corpus.r2.imazen.org/imazen-26-png-v3/1400-lilith-nature/1529_nature_whale-tail-ocean_ip13pro_iso32-f2p8_img-5573_3024x4032.sdr.png	c25_br	1400-lilith-nature	501	12
https://codec-corpus.r2.imazen.org/imazen-26-png-v3/1400-lilith-nature/1540_nature_purple-flowers-garden_belltown-seattle-washington_ip16pro_iso100-f1p8_img-9109_4284x5712.sdr.png	c50_center	1400-lilith-nature	502	18
https://codec-corpus.r2.imazen.org/imazen-26-png-v3/5300-noaa-hurricane-documents/5329_noaa_nhc-al122024-kirk_p01_2550x3300.sdr.png	c25_bl	5300-noaa-hurricane-documents	503	37
https://codec-corpus.r2.imazen.org/imazen-26-png-v3/5000-national-park-service-brochures/grayscale/5053_nps_seki-20210826-german_gray_p01_2550x4200.sdr.png	c25_bl	5000-national-park-service-brochures	504	27
https://codec-corpus.r2.imazen.org/imazen-26-png-v3/9226-lilith-ai-products/home/kitchen/9802_gen_products-home-kitchen_ashridge-espresso-cups_p0563_1536x1024.sdr.png	full	9226-lilith-ai-products	505	147
https://codec-corpus.r2.imazen.org/imazen-26-png-v3/7000-lilith-plots/aliased-lines/7017_plots_line-00230-s6a3b9505_1024x1024.sdr.png	c50_tl	7000-lilith-plots	506	3
https://codec-corpus.r2.imazen.org/imazen-26-png-v3/8100-lilith-web-screenshots/2880x1800/8231_web-screenshots_lkml-lists-index_dpr2_page2_2880x1800.sdr.png	c25_tr	8100-lilith-web-screenshots	507	6
https://codec-corpus.r2.imazen.org/imazen-26-png-v3/7000-lilith-plots/random-charts/7096_plots_chart-00202-s0ec4ccf0_1024x1024.sdr.png	c50_br	7000-lilith-plots	508	7
https://codec-corpus.r2.imazen.org/imazen-26-png-v3/2400-unsplash-textures/2405_textures_green-galaxy-speckle_by-logan-voss-bsfdgf4xtac-unsplash_4320x7680.sdr.png	c25_br	2400-unsplash-textures	509	2
https://codec-corpus.r2.imazen.org/imazen-26-png-v3/8100-lilith-web-screenshots/2880x1800/8257_web-screenshots_nps-yose_dpr2_page2_2880x1800.sdr.png	full	8100-lilith-web-screenshots	510	37
https://codec-corpus.r2.imazen.org/imazen-26-png-v3/9094-lilith-ai-illustrations/9166_gen_illustrations_manga-magical-girl-transformation_1024x1536.sdr.png	c50_tr	9094-lilith-ai-illustrations	511	14
https://codec-corpus.r2.imazen.org/imazen-26-png-v3/7000-lilith-plots/aliased-line-patterns/7001_plots_line-00099-s07ea3f1a_1024x1024.sdr.png	c50_tl	7000-lilith-plots	512	8
https://codec-corpus.r2.imazen.org/imazen-26-png-v3/1200-lilith-interiors/1211_interiors_ornate-chandelier-ceiling_s23u_iso160-f2p4_20240423-192716_4000x3000.sdr.png	c25_tr	1200-lilith-interiors	513	42
https://codec-corpus.r2.imazen.org/imazen-26-png-v3/2000-unsplash-people/2021_people_by-pete-walls-rac2iyyyy4a-unsplash_2000x3000.sdr.png	c50_bl	2000-unsplash-people	514	24
https://codec-corpus.r2.imazen.org/imazen-26-png-v3/7000-lilith-plots/random-charts/7096_plots_chart-00202-s0ec4ccf0_1024x1024.sdr.png	c25_tr	7000-lilith-plots	515	9
https://codec-corpus.r2.imazen.org/imazen-26-png-v3/9226-lilith-ai-products/home/decor/9730_gen_products-home-decor_blush-glass-jar-candle_p0491_1024x1536.sdr.png	c25_bl	9226-lilith-ai-products	516	72
https://codec-corpus.r2.imazen.org/imazen-26-png-v3/7000-lilith-plots/lines/7062_plots_line-concentric-00151-s49cff644_1024x1024.sdr.png	c25_center	7000-lilith-plots	517	1
https://codec-corpus.r2.imazen.org/imazen-26-png-v3/9226-lilith-ai-products/clothing/kids/9378_gen_products-clothing-kids_magenta-tutu-dress_onmodel_p0149_1024x1536.sdr.png	c50_tl	9226-lilith-ai-products	518	20
https://codec-corpus.r2.imazen.org/imazen-26-png-v3/9226-lilith-ai-products/whitelabeled-beverages/9958_gen_products-whitelabeled-beverages_beverage-smoothie-bottle_p0716_1024x1536.sdr.png	c50_center	9226-lilith-ai-products	519	31
https://codec-corpus.r2.imazen.org/imazen-26-png-v3/9226-lilith-ai-products/clothing/womens/general/9529_gen_products-clothing-womens-general_everyday-tshirt-dress-dusty-teal_onmodel_p0294_3072x5504.sdr.png	c50_bl	9226-lilith-ai-products	520	36
https://codec-corpus.r2.imazen.org/imazen-26-png-v3/7000-lilith-plots/real-charts/7117_plots_chart-pie-03-solarized_1024x1024.sdr.png	full	7000-lilith-plots	521	21
https://codec-corpus.r2.imazen.org/imazen-26-png-v3/9226-lilith-ai-products/toys/9888_gen_products-toys_jigsaw-puzzle-1000-piece_p0649_1536x1024.sdr.png	c25_center	9226-lilith-ai-products	522	9
https://codec-corpus.r2.imazen.org/imazen-26-png-v3/1400-lilith-nature/1463_nature_wooden-bridge-over-river_temple-de-l-amour-versailles_s23u_iso10-f1p7_20240424-164457_3000x4000.sdr.png	c25_br	1400-lilith-nature	523	55
https://codec-corpus.r2.imazen.org/imazen-26-png-v3/8100-lilith-web-screenshots/2880x1800/8234_web-screenshots_loc-pictures_dpr2_page1_2880x1800.sdr.png	c25_bl	8100-lilith-web-screenshots	524	17
https://codec-corpus.r2.imazen.org/imazen-26-png-v3/9226-lilith-ai-products/clothing/mens/9423_gen_products-clothing-mens_swim-trunk_flat_p0194_1536x1024.sdr.png	full	9226-lilith-ai-products	525	27
https://codec-corpus.r2.imazen.org/imazen-26-png-v3/7000-lilith-plots/aliased-line-patterns/7000_plots_line-00056-s6bcec02a_1024x1024.sdr.png	c25_bl	7000-lilith-plots	526	1
https://codec-corpus.r2.imazen.org/imazen-26-png-v3/9226-lilith-ai-products/grocery/9696_gen_products-grocery_smokybluff-classic-yellow-mustard-squeeze-bottle_p0457_1024x1536.sdr.png	c25_center	9226-lilith-ai-products	527	1
https://codec-corpus.r2.imazen.org/imazen-26-png-v3/3300-met-museum-photos/3321_met_interior_632414_2632x3607.sdr.png	c50_br	3300-met-museum-photos	528	9
https://codec-corpus.r2.imazen.org/imazen-26-png-v3/7000-lilith-plots/aliased-polygons/7024_plots_line-00038-s335b5033_1024x1024.sdr.png	full	7000-lilith-plots	529	4
https://codec-corpus.r2.imazen.org/imazen-26-png-v3/9000-lilith-ai-clipart/9040_gen_clipart_lightning-bolt_1024x1536.sdr.png	c50_tr	9000-lilith-ai-clipart	530	18
https://codec-corpus.r2.imazen.org/imazen-26-png-v3/2400-unsplash-textures/2409_textures_blue-abstract-texture_by-tim-mossholder-shmrlyrv-s0-unsplash_5504x8256.sdr.png	c50_bl	2400-unsplash-textures	531	4
https://codec-corpus.r2.imazen.org/imazen-26-png-v3/9226-lilith-ai-products/clothing/womens/dark-bg/9474_gen_products-clothing-womens-dark-bg_magenta-leopard-sequin-gown_onmodel_p0243_2160x3840.sdr.png	c25_center	9226-lilith-ai-products	532	1
https://codec-corpus.r2.imazen.org/imazen-26-png-v3/9094-lilith-ai-illustrations/9156_gen_illustrations_vintage-couture-pose_1024x1536.sdr.png	c25_tr	9094-lilith-ai-illustrations	533	10
https://codec-corpus.r2.imazen.org/imazen-26-png-v3/9226-lilith-ai-products/home/decor/9742_gen_products-home-decor_coral-velvet-throw-pillow_p0503_1024x1024.sdr.png	c50_center	9226-lilith-ai-products	534	8
https://codec-corpus.r2.imazen.org/imazen-26-png-v3/8100-lilith-web-screenshots/1440x900/8114_web-screenshots_lkml-lists-index_dpr1_page2_1440x900.sdr.png	c50_bl	8100-lilith-web-screenshots	535	6
https://codec-corpus.r2.imazen.org/imazen-26-png-v3/7000-lilith-plots/aliased-lines/7009_plots_line-00057-s0433bb30_1024x1024.sdr.png	c25_center	7000-lilith-plots	536	2
https://codec-corpus.r2.imazen.org/imazen-26-png-v3/8100-lilith-web-screenshots/1920x1080/8199_web-screenshots_nps-grca_dpr1_page2_1920x1080.sdr.png	c50_tr	8100-lilith-web-screenshots	537	43
https://codec-corpus.r2.imazen.org/imazen-26-png-v3/6600-ia-scans-manuscript-illustrations/6629_scans-illustrations_trouvelot-solar-eclipse_plate03_4943x4583.sdr.png	c50_center	6600-ia-scans-manuscript-illustrations	538	9
https://codec-corpus.r2.imazen.org/imazen-26-png-v3/6000-lilith-scans-public-patents/lynn_conway_us5046022_1bitoriginal/6000_scans-patents_lynn-conway-us5046022-1bit_p001_2320x3408.sdr.png	c25_br	6000-lilith-scans-public-patents	539	4
https://codec-corpus.r2.imazen.org/imazen-26-png-v3/9226-lilith-ai-products/grocery/9686_gen_products-grocery_mossfield-earl-grey-tea-box_p0447_1024x1536.sdr.png	c25_tr	9226-lilith-ai-products	540	43
https://codec-corpus.r2.imazen.org/imazen-26-png-v3/1000-lilith-photos-general/1026_general_two-turtles-on-rock_hotel-zentik-project-valladolid_s23u_iso50-f4p9_20230918-105440_3000x4000.sdr.png	c50_bl	1000-lilith-photos-general	541	22
https://codec-corpus.r2.imazen.org/imazen-26-png-v3/9226-lilith-ai-products/clothing/womens/loungewear/9572_gen_products-clothing-womens-loungewear_terracotta-french-terry_onmodel_p0337_1024x1536.sdr.png	full	9226-lilith-ai-products	542	89
https://codec-corpus.r2.imazen.org/imazen-26-png-v3/7000-lilith-plots/lines/7068_plots_line-starburst-00027-s195cfe6a_1024x1024.sdr.png	c50_bl	7000-lilith-plots	543	14
https://codec-corpus.r2.imazen.org/imazen-26-png-v3/5300-noaa-hurricane-documents/5322_noaa_nhc-al082023-franklin_p20_2550x3300.sdr.png	c25_center	5300-noaa-hurricane-documents	544	25
https://codec-corpus.r2.imazen.org/imazen-26-png-v3/1200-lilith-interiors/1225_interiors_kitchen-appliances-overhead_minamiizu-japan_s23u_iso200-f1p7_20250307-112014_3000x4000.sdr.png	c25_tr	1200-lilith-interiors	545	53
https://codec-corpus.r2.imazen.org/imazen-26-png-v3/7000-lilith-plots/aliased-lines/7010_plots_line-00069-s46326869_1024x1024.sdr.png	c25_tl	7000-lilith-plots	546	15
https://codec-corpus.r2.imazen.org/imazen-26-png-v3/6600-ia-scans-manuscript-illustrations/6604_scans-illustrations_haeckel-moths_plate0058_4865x7207.sdr.png	c25_tr	6600-ia-scans-manuscript-illustrations	547	1
https://codec-corpus.r2.imazen.org/imazen-26-png-v3/9226-lilith-ai-products/clothing/kids/9360_gen_products-clothing-kids_baby-overalls-denim-light-wash_flat_p0131_1024x1536.sdr.png	c50_tr	9226-lilith-ai-products	548	8
https://codec-corpus.r2.imazen.org/imazen-26-png-v3/6600-ia-scans-manuscript-illustrations/6601_scans-illustrations_haeckel-radiolaria-green_plate0034_4892x7178.sdr.png	c25_center	6600-ia-scans-manuscript-illustrations	549	1
https://codec-corpus.r2.imazen.org/imazen-26-png-v3/9094-lilith-ai-illustrations/9162_gen_illustrations_young-woman-tea-portrait_1024x1536.sdr.png	c25_tl	9094-lilith-ai-illustrations	550	18
https://codec-corpus.r2.imazen.org/imazen-26-png-v3/1400-lilith-nature/1511_nature_purple-iris-flowers_colorado_ip8plus_iso125-f2p8_img-0945_3024x4032.sdr.png	c50_tl	1400-lilith-nature	551	44
https://codec-corpus.r2.imazen.org/imazen-26-png-v3/8100-lilith-web-screenshots/375x667/8276_web-screenshots_climate-gov-home_dpr1_page2_375x667.sdr.png	c50_tl	8100-lilith-web-screenshots	552	14
https://codec-corpus.r2.imazen.org/imazen-26-png-v3/8100-lilith-web-screenshots/1440x900/8121_web-screenshots_nasa-artemis_dpr1_page2_1440x900.sdr.png	c50_center	8100-lilith-web-screenshots	553	27
https://codec-corpus.r2.imazen.org/imazen-26-png-v3/1400-lilith-nature/1433_nature_purple-water-lily_kyoto-botanical-garden-kyoto_s23u_iso80-f4p9_20231107-142537_3000x4000.sdr.png	c50_tr	1400-lilith-nature	554	42
https://codec-corpus.r2.imazen.org/imazen-26-png-v3/9226-lilith-ai-products/clothing/mens/9396_gen_products-clothing-mens_grid-fleece-quarter-zip_p0167_2160x3840.sdr.png	c50_center	9226-lilith-ai-products	555	6
https://codec-corpus.r2.imazen.org/imazen-26-png-v3/9226-lilith-ai-products/footwear/9657_gen_products-footwear_kids-hiking-shoes-navy-orange_p0418_2816x1536.sdr.png	c25_tr	9226-lilith-ai-products	556	1
https://codec-corpus.r2.imazen.org/imazen-26-png-v3/1400-lilith-nature/1530_nature_whale-tail-ocean_ip13pro_iso32-f2p8_img-5574_3024x4032.sdr.png	c25_tl	1400-lilith-nature	557	28
https://codec-corpus.r2.imazen.org/imazen-26-png-v3/8100-lilith-web-screenshots/1920x1080/8160_web-screenshots_archives-exhibits_dpr1_page1_1920x1080.sdr.png	c50_center	8100-lilith-web-screenshots	558	32
https://codec-corpus.r2.imazen.org/imazen-26-png-v3/8100-lilith-web-screenshots/1440x900/8122_web-screenshots_nasa-home_dpr1_page1_1440x900.sdr.png	c50_tl	8100-lilith-web-screenshots	559	5
https://codec-corpus.r2.imazen.org/imazen-26-png-v3/6600-ia-scans-manuscript-illustrations/6602_scans-illustrations_haeckel-starfish_plate0040_4961x7277.sdr.png	c50_tl	6600-ia-scans-manuscript-illustrations	560	10
https://codec-corpus.r2.imazen.org/imazen-26-png-v3/9226-lilith-ai-products/clothing/kids/9360_gen_products-clothing-kids_baby-overalls-denim-light-wash_flat_p0131_1024x1536.sdr.png	c50_bl	9226-lilith-ai-products	561	2
https://codec-corpus.r2.imazen.org/imazen-26-png-v3/1600-lilith-food/1614_food_dessert-plate-upside-down_valladolid-mexico_s23u_iso640-f1p7_20230917-213342_4000x3000.sdr.png	c50_center	1600-lilith-food	562	61
https://codec-corpus.r2.imazen.org/imazen-26-png-v3/7000-lilith-plots/grids/7041_plots_chart-00283-s5b0fe6d1_1024x1024.sdr.png	c25_tl	7000-lilith-plots	563	6
https://codec-corpus.r2.imazen.org/imazen-26-png-v3/7000-lilith-plots/grids/7048_plots_line-00136-s3e377a73_1024x1024.sdr.png	c50_tr	7000-lilith-plots	564	6
https://codec-corpus.r2.imazen.org/imazen-26-png-v3/9226-lilith-ai-products/clothing/womens/general/9531_gen_products-clothing-womens-general_floral-wrap-dress_onmodel_p0296_1024x1536.sdr.png	c25_br	9226-lilith-ai-products	565	69
https://codec-corpus.r2.imazen.org/imazen-26-png-v3/9226-lilith-ai-products/footwear/9674_gen_products-footwear_womens-trail-running-shoes-teal_p0435_2816x1536.sdr.png	c25_tl	9226-lilith-ai-products	566	6
https://codec-corpus.r2.imazen.org/imazen-26-png-v3/1600-lilith-food/1609_food_tray-of-food_kurama-kibune-cho-kyoto-japan_s23u_iso100-f2p2_20230711-123756_4000x3000.sdr.png	c25_br	1600-lilith-food	567	43
https://codec-corpus.r2.imazen.org/imazen-26-png-v3/9226-lilith-ai-products/clothing/mens/9426_gen_products-clothing-mens_tee-summer-blue_onmodel_p0197_1024x1536.sdr.png	full	9226-lilith-ai-products	568	62
https://codec-corpus.r2.imazen.org/imazen-26-png-v3/1400-lilith-nature/1477_nature_ocean-sunset-sky_minamiizu-japan_s23u_iso125-f4p9_20250306-174712_3000x4000.sdr.png	c50_tr	1400-lilith-nature	569	24
https://codec-corpus.r2.imazen.org/imazen-26-png-v3/8100-lilith-web-screenshots/1440x900/8150_web-screenshots_usgs-news_dpr1_page1_1440x900.sdr.png	c50_center	8100-lilith-web-screenshots	570	24
https://codec-corpus.r2.imazen.org/imazen-26-png-v3/6600-ia-scans-manuscript-illustrations/6602_scans-illustrations_haeckel-starfish_plate0040_4961x7277.sdr.png	c25_center	6600-ia-scans-manuscript-illustrations	571	1
https://codec-corpus.r2.imazen.org/imazen-26-png-v3/9226-lilith-ai-products/toys/9895_gen_products-toys_kitchen-play-set-box_p0656_1024x1536.sdr.png	c50_br	9226-lilith-ai-products	572	74
https://codec-corpus.r2.imazen.org/imazen-26-png-v3/9226-lilith-ai-products/beauty/9324_gen_products-beauty_veraloe-brand-set_flat_p0095_1536x1024.sdr.png	c50_bl	9226-lilith-ai-products	573	46
https://codec-corpus.r2.imazen.org/imazen-26-png-v3/8100-lilith-web-screenshots/375x667/8327_web-screenshots_weatherportal-home_dpr1_page2_375x667.sdr.png	c25_center	8100-lilith-web-screenshots	574	7
https://codec-corpus.r2.imazen.org/imazen-26-png-v3/5000-national-park-service-brochures/color/5027_nps_whsa-whsa-2022_color_p02_4961x5847.sdr.png	c50_tl	5000-national-park-service-brochures	575	42
https://codec-corpus.r2.imazen.org/imazen-26-png-v3/7000-lilith-plots/aliased-polygons/7032_plots_line-00210-s2771b783_1024x1024.sdr.png	c25_center	7000-lilith-plots	576	1
https://codec-corpus.r2.imazen.org/imazen-26-png-v3/8100-lilith-web-screenshots/2880x1800/8224_web-screenshots_climate-gov-home_dpr2_page2_2880x1800.sdr.png	full	8100-lilith-web-screenshots	577	24
https://codec-corpus.r2.imazen.org/imazen-26-png-v3/9000-lilith-ai-clipart/9083_gen_clipart_whale-spout_1024x1536.sdr.png	c25_bl	9000-lilith-ai-clipart	578	16
https://codec-corpus.r2.imazen.org/imazen-26-png-v3/9226-lilith-ai-products/clothing/womens/activewear/9436_gen_products-clothing-womens-activewear_romper-active-sage_flat_p0207_1024x1536.sdr.png	c25_center	9226-lilith-ai-products	579	35
https://codec-corpus.r2.imazen.org/imazen-26-png-v3/7000-lilith-plots/real-charts/7124_plots_chart-stackedbar-05-corporate_1024x1024.sdr.png	c25_br	7000-lilith-plots	580	21
https://codec-corpus.r2.imazen.org/imazen-26-png-v3/9226-lilith-ai-products/sporting-goods/9870_gen_products-sporting-goods_ribbed-knit-beanie-mustard_p0631_4096x4096.sdr.png	c25_tr	9226-lilith-ai-products	581	35
https://codec-corpus.r2.imazen.org/imazen-26-png-v3/7000-lilith-plots/random-charts/7093_plots_chart-00119-s0610e7ff_1024x1024.sdr.png	c50_br	7000-lilith-plots	582	15
https://codec-corpus.r2.imazen.org/imazen-26-png-v3/1000-lilith-photos-general/1009_general_aerial-cityscape_tokyo-skytree-sumida_s23u_iso50-f2p4_20230706-144950_3000x4000.sdr.png	c25_br	1000-lilith-photos-general	583	22
https://codec-corpus.r2.imazen.org/imazen-26-png-v3/9094-lilith-ai-illustrations/9125_gen_illustrations_herb-garden-windowsill_1024x1536.sdr.png	c50_center	9094-lilith-ai-illustrations	584	8
https://codec-corpus.r2.imazen.org/imazen-26-png-v3/8000-lilith-mobile-screenshots/8031_mobile-screenshots_pom-businessman_screenshot-20260526-074244-photos_1968x2184.sdr.png	c50_tr	8000-lilith-mobile-screenshots	585	23
https://codec-corpus.r2.imazen.org/imazen-26-png-v3/9226-lilith-ai-products/clothing/mens/9418_gen_products-clothing-mens_quarter-zip-pullover_onmodel_p0189_1024x1536.sdr.png	c50_tl	9226-lilith-ai-products	586	76
https://codec-corpus.r2.imazen.org/imazen-26-png-v3/6000-lilith-scans-public-patents/lynn_conway_us5046022_1bitoriginal/6019_scans-patents_lynn-conway-us5046022-1bit_p020_2320x3408.sdr.png	full	6000-lilith-scans-public-patents	587	9
https://codec-corpus.r2.imazen.org/imazen-26-png-v3/9094-lilith-ai-illustrations/9166_gen_illustrations_manga-magical-girl-transformation_1024x1536.sdr.png	full	9094-lilith-ai-illustrations	588	4
https://codec-corpus.r2.imazen.org/imazen-26-png-v3/7000-lilith-plots/aliased-lines/7013_plots_line-00146-s6f881573_1024x1024.sdr.png	c25_tr	7000-lilith-plots	589	4
https://codec-corpus.r2.imazen.org/imazen-26-png-v3/7000-lilith-plots/aliased-polygons/7034_plots_line-00232-s0b160660_1024x1024.sdr.png	full	7000-lilith-plots	590	13
https://codec-corpus.r2.imazen.org/imazen-26-png-v3/9226-lilith-ai-products/clothing/womens/activewear/9448_gen_products-clothing-womens-activewear_tank-shorts-sage_onmodel_p0219_1024x1536.sdr.png	full	9226-lilith-ai-products	591	59
https://codec-corpus.r2.imazen.org/imazen-26-png-v3/1600-lilith-food/1627_food_assorted-mochi-platter_colorado_s23u_iso500-f1p7_20240522-202407_3000x4000.sdr.png	c50_bl	1600-lilith-food	592	39
https://codec-corpus.r2.imazen.org/imazen-26-png-v3/9226-lilith-ai-products/whitelabeled-beverages/9941_gen_products-whitelabeled-beverages_beverage-almond-milk-bottle_p0699_1024x1536.sdr.png	c25_bl	9226-lilith-ai-products	593	78
https://codec-corpus.r2.imazen.org/imazen-26-png-v3/9226-lilith-ai-products/whitelabeled-beverages/9950_gen_products-whitelabeled-beverages_beverage-iced-tea-bottle_p0708_1024x1536.sdr.png	c50_tl	9226-lilith-ai-products	594	128
https://codec-corpus.r2.imazen.org/imazen-26-png-v3/7000-lilith-plots/grids/7052_plots_line-00222-s2f495179_1024x1024.sdr.png	c50_tr	7000-lilith-plots	595	6
https://codec-corpus.r2.imazen.org/imazen-26-png-v3/1000-lilith-photos-general/1024_general_outdoor-dining-table_azulik-city-arts-francisco-uh-may_s23u_iso100-f2p2_20230917-152718_3000x4000.sdr.png	c50_center	1000-lilith-photos-general	596	44
https://codec-corpus.r2.imazen.org/imazen-26-png-v3/9226-lilith-ai-products/clothing/womens/dark-bg/9465_gen_products-clothing-womens-dark-bg_acid-lime-trench_p0235_2160x3840.sdr.png	c25_br	9226-lilith-ai-products	597	10
https://codec-corpus.r2.imazen.org/imazen-26-png-v3/9094-lilith-ai-illustrations/9158_gen_illustrations_vinyl-listening-room_1024x1536.sdr.png	c50_tr	9094-lilith-ai-illustrations	598	7
https://codec-corpus.r2.imazen.org/imazen-26-png-v3/2200-unsplash-renders/2200_renders_abstract-folded-ribbons_by-a-chosen-soul-moigsaj8te0-unsplash_7680x4320.sdr.png	c50_tr	2200-unsplash-renders	599	25
https://codec-corpus.r2.imazen.org/imazen-26-png-v3/9094-lilith-ai-illustrations/9118_gen_illustrations_farmers-market-stall_1536x1024.sdr.png	c50_center	9094-lilith-ai-illustrations	600	4
https://codec-corpus.r2.imazen.org/imazen-26-png-v3/9226-lilith-ai-products/whitelabeled-beauty/9926_gen_products-whitelabeled-beauty_moisturizer-jar-sage_p0687_2048x2048.sdr.png	c25_bl	9226-lilith-ai-products	601	25
https://codec-corpus.r2.imazen.org/imazen-26-png-v3/9226-lilith-ai-products/products-with-callouts/9970_gen_products-with-callouts_sculpt-leggings_feature_p0227_2160x3840.sdr.png	full	9226-lilith-ai-products	602	38
https://codec-corpus.r2.imazen.org/imazen-26-png-v3/9226-lilith-ai-products/electronics/9621_gen_products-electronics_skylark-compact-drone_p0383_1536x1024.sdr.png	c25_center	9226-lilith-ai-products	603	42
https://codec-corpus.r2.imazen.org/imazen-26-png-v3/8000-lilith-mobile-screenshots/8023_mobile-screenshots_judge_screenshot-20260526-072139-substack_1080x5192.sdr.png	c25_bl	8000-lilith-mobile-screenshots	604	16
https://codec-corpus.r2.imazen.org/imazen-26-png-v3/5300-noaa-hurricane-documents/5315_noaa_nhc-al062024-francine_p12_2550x3300.sdr.png	c50_bl	5300-noaa-hurricane-documents	605	45
https://codec-corpus.r2.imazen.org/imazen-26-png-v3/8100-lilith-web-screenshots/other/8399_web-screenshots_cdc-home_dpr1_page2_1280x800.sdr.png	c25_tl	8100-lilith-web-screenshots	606	7
https://codec-corpus.r2.imazen.org/imazen-26-png-v3/6000-lilith-scans-public-patents/lynn_conway_us5046022_printrescancolor300/6043_scans-patents_lynn-conway-us5046022-rescan-color_p015_2479x3230.sdr.png	c50_center	6000-lilith-scans-public-patents	607	17
https://codec-corpus.r2.imazen.org/imazen-26-png-v3/6600-ia-scans-manuscript-illustrations/6607_scans-illustrations_haeckel-radiolaria-spheres_plate0090_4918x7246.sdr.png	c50_tl	6600-ia-scans-manuscript-illustrations	608	6
https://codec-corpus.r2.imazen.org/imazen-26-png-v3/9226-lilith-ai-products/accessories/9248_gen_products-accessories_sticker-pack-flatlay_p0021_1024x1024.sdr.png	c50_tr	9226-lilith-ai-products	609	19
https://codec-corpus.r2.imazen.org/imazen-26-png-v3/9226-lilith-ai-products/grocery/whitelabel/9711_gen_products-grocery-whitelabel_jam-jar-strawberry_p0472_1024x1536.sdr.png	c25_tl	9226-lilith-ai-products	610	19
https://codec-corpus.r2.imazen.org/imazen-26-png-v3/8100-lilith-web-screenshots/1440x900/8122_web-screenshots_nasa-home_dpr1_page1_1440x900.sdr.png	c25_center	8100-lilith-web-screenshots	611	12
https://codec-corpus.r2.imazen.org/imazen-26-png-v3/9094-lilith-ai-illustrations/9132_gen_illustrations_market-vegetable-basket_1024x1536.sdr.png	c25_center	9094-lilith-ai-illustrations	612	7
https://codec-corpus.r2.imazen.org/imazen-26-png-v3/8100-lilith-web-screenshots/375x667/8281_web-screenshots_gutenberg-top_dpr1_page2_375x667.sdr.png	full	8100-lilith-web-screenshots	613	7
https://codec-corpus.r2.imazen.org/imazen-26-png-v3/5300-noaa-hurricane-documents/5314_noaa_nhc-al062024-francine_p01_2550x3300.sdr.png	c50_br	5300-noaa-hurricane-documents	614	4
https://codec-corpus.r2.imazen.org/imazen-26-png-v3/2400-unsplash-textures/2406_textures_purple-flower-clusters_by-nastia-petruk-fkm3bds8f3e-unsplash_6190x8253.sdr.png	c50_tl	2400-unsplash-textures	615	23
https://codec-corpus.r2.imazen.org/imazen-26-png-v3/9226-lilith-ai-products/home/decor/9741_gen_products-home-decor_chunky-knit-throw-blanket_p0502_1024x1024.sdr.png	c50_br	9226-lilith-ai-products	616	30
https://codec-corpus.r2.imazen.org/imazen-26-png-v3/9094-lilith-ai-illustrations/9113_gen_illustrations_cyclist-bridge-golden-hour_1536x1024.sdr.png	c50_bl	9094-lilith-ai-illustrations	617	1
https://codec-corpus.r2.imazen.org/imazen-26-png-v3/9226-lilith-ai-products/electronics/9592_gen_products-electronics_harmonix-bluetooth-speaker_p0356_1024x1024.sdr.png	c50_center	9226-lilith-ai-products	618	1
https://codec-corpus.r2.imazen.org/imazen-26-png-v3/5200-epa-climate-impact-2021-report/5202_epa_climate-impact-2021_fig-es1-six-impacts_p005_2968x3841.sdr.png	c50_tr	5200-epa-climate-impact-2021-report	619	64
https://codec-corpus.r2.imazen.org/imazen-26-png-v3/8100-lilith-web-screenshots/375x667/8289_web-screenshots_loc-pictures_dpr1_page2_375x667.sdr.png	c25_br	8100-lilith-web-screenshots	620	1
https://codec-corpus.r2.imazen.org/imazen-26-png-v3/9000-lilith-ai-clipart/9082_gen_clipart_watermelon-slice-face_1024x1024.sdr.png	c25_bl	9000-lilith-ai-clipart	621	40
https://codec-corpus.r2.imazen.org/imazen-26-png-v3/8100-lilith-web-screenshots/768x1024/8352_web-screenshots_nasa-image-of-day_dpr1_page2_768x1024.sdr.png	full	8100-lilith-web-screenshots	622	21
https://codec-corpus.r2.imazen.org/imazen-26-png-v3/9226-lilith-ai-products/home/kitchen/9814_gen_products-home-kitchen_fieldstone-dinnerware-plates_p0575_1536x1024.sdr.png	c25_tr	9226-lilith-ai-products	623	85
https://codec-corpus.r2.imazen.org/imazen-26-png-v3/9226-lilith-ai-products/baby/9263_gen_products-baby_coverall-stripe-mustard_flat_p0035_1024x1536.sdr.png	c25_center	9226-lilith-ai-products	624	4
https://codec-corpus.r2.imazen.org/imazen-26-png-v3/8100-lilith-web-screenshots/1440x900/8156_web-screenshots_weatherportal-home_dpr1_page1_1440x900.sdr.png	c25_bl	8100-lilith-web-screenshots	625	22
https://codec-corpus.r2.imazen.org/imazen-26-png-v3/7000-lilith-plots/aliased-polygons/7023_plots_line-00032-s620ec516_1024x1024.sdr.png	c25_br	7000-lilith-plots	626	4
https://codec-corpus.r2.imazen.org/imazen-26-png-v3/6600-ia-scans-manuscript-illustrations/6604_scans-illustrations_haeckel-moths_plate0058_4865x7207.sdr.png	c50_tr	6600-ia-scans-manuscript-illustrations	627	1
https://codec-corpus.r2.imazen.org/imazen-26-png-v3/8100-lilith-web-screenshots/other/8464_web-screenshots_weather-forecast-nyc_dpr1_page1_667x375.sdr.png	c50_center	8100-lilith-web-screenshots	628	12
https://codec-corpus.r2.imazen.org/imazen-26-png-v3/8000-lilith-mobile-screenshots/8010_mobile-screenshots_yellowstone-national-park_screenshot-20260526-070520-maps_1080x2520.sdr.png	full	8000-lilith-mobile-screenshots	629	35
https://codec-corpus.r2.imazen.org/imazen-26-png-v3/9226-lilith-ai-products/home/decor/9731_gen_products-home-decor_blush-pink-throw-pillow-tassel_p0492_1024x1024.sdr.png	c50_center	9226-lilith-ai-products	630	4
https://codec-corpus.r2.imazen.org/imazen-26-png-v3/7000-lilith-plots/lines/7061_plots_line-concentric-00146-s6f881573_1024x1024.sdr.png	c25_center	7000-lilith-plots	631	2
https://codec-corpus.r2.imazen.org/imazen-26-png-v3/7000-lilith-plots/aliased-lines/7021_plots_line-00269-s0382639b_1024x1024.sdr.png	c50_bl	7000-lilith-plots	632	5
https://codec-corpus.r2.imazen.org/imazen-26-png-v3/8100-lilith-web-screenshots/768x1024/8330_web-screenshots_archive-wayback-search_dpr1_page1_768x1024.sdr.png	c25_tl	8100-lilith-web-screenshots	633	17
https://codec-corpus.r2.imazen.org/imazen-26-png-v3/8100-lilith-web-screenshots/2880x1800/8268_web-screenshots_weather-forecast-nyc_dpr2_page1_2880x1800.sdr.png	c50_tr	8100-lilith-web-screenshots	634	38
https://codec-corpus.r2.imazen.org/imazen-26-png-v3/3300-met-museum-photos/3313_met_manuscript_38059_900x239.sdr.png	c50_tr	3300-met-museum-photos	635	14
https://codec-corpus.r2.imazen.org/imazen-26-png-v3/8100-lilith-web-screenshots/1440x900/8130_web-screenshots_nih-recipes-keep-the-beat_dpr1_page1_1440x900.sdr.png	c50_tr	8100-lilith-web-screenshots	636	18
https://codec-corpus.r2.imazen.org/imazen-26-png-v3/7000-lilith-plots/aliased-lines/7020_plots_line-00268-s2f977bbb_1024x1024.sdr.png	c50_center	7000-lilith-plots	637	3
https://codec-corpus.r2.imazen.org/imazen-26-png-v3/9226-lilith-ai-products/clothing/womens/dark-bg/9469_gen_products-clothing-womens-dark-bg_cobalt-trailing-hem-slip-dress_onmodel_p0239_2160x3840.sdr.png	c50_tl	9226-lilith-ai-products	638	9
https://codec-corpus.r2.imazen.org/imazen-26-png-v3/9226-lilith-ai-products/home/decor/9766_gen_products-home-decor_sunny-yellow-hand-towel-set_flat_p0527_1536x1024.sdr.png	c25_center	9226-lilith-ai-products	639	1
https://codec-corpus.r2.imazen.org/imazen-26-png-v3/8100-lilith-web-screenshots/2880x1800/8230_web-screenshots_lkml-lists-index_dpr2_page1_2880x1800.sdr.png	c25_bl	8100-lilith-web-screenshots	640	3
https://codec-corpus.r2.imazen.org/imazen-26-png-v3/8100-lilith-web-screenshots/375x667/8316_web-screenshots_nps-zion_dpr1_page2_375x667.sdr.png	c50_bl	8100-lilith-web-screenshots	641	15
https://codec-corpus.r2.imazen.org/imazen-26-png-v3/8100-lilith-web-screenshots/1440x900/8130_web-screenshots_nih-recipes-keep-the-beat_dpr1_page1_1440x900.sdr.png	full	8100-lilith-web-screenshots	642	28
https://codec-corpus.r2.imazen.org/imazen-26-png-v3/9226-lilith-ai-products/home/decor/9744_gen_products-home-decor_pillow-textured_p0505_1024x1024.sdr.png	c25_center	9226-lilith-ai-products	643	3
https://codec-corpus.r2.imazen.org/imazen-26-png-v3/8100-lilith-web-screenshots/768x1024/8388_web-screenshots_weatherportal-home_dpr1_page1_768x1024.sdr.png	c25_br	8100-lilith-web-screenshots	644	3
https://codec-corpus.r2.imazen.org/imazen-26-png-v3/6600-ia-scans-manuscript-illustrations/6632_scans-illustrations_trouvelot-jupiter_plate09_5133x4709.sdr.png	c25_bl	6600-ia-scans-manuscript-illustrations	645	28
https://codec-corpus.r2.imazen.org/imazen-26-png-v3/7000-lilith-plots/random-charts/7099_plots_chart-00311-s6e92c9b6_1024x1024.sdr.png	c25_br	7000-lilith-plots	646	39
https://codec-corpus.r2.imazen.org/imazen-26-png-v3/7000-lilith-plots/aliased-polygons/7030_plots_line-00168-s4e34287f_1024x1024.sdr.png	c50_tl	7000-lilith-plots	647	12
https://codec-corpus.r2.imazen.org/imazen-26-png-v3/7000-lilith-plots/lines/7064_plots_line-concentric-00230-s6a3b9505_1024x1024.sdr.png	c25_center	7000-lilith-plots	648	8
https://codec-corpus.r2.imazen.org/imazen-26-png-v3/9226-lilith-ai-products/clothing/womens/dark-bg/9481_gen_products-clothing-womens-dark-bg_ultraviolet-knit-coord_p0250_2160x3840.sdr.png	c50_bl	9226-lilith-ai-products	649	38
https://codec-corpus.r2.imazen.org/imazen-26-png-v3/1400-lilith-nature/1465_nature_formal-garden-pathway_notre-dame-versailles-france_s23u_iso50-f2p4_20240424-183031_3000x4000.sdr.png	c25_center	1400-lilith-nature	650	17
https://codec-corpus.r2.imazen.org/imazen-26-png-v3/9226-lilith-ai-products/electronics/9591_gen_products-electronics_harmonix-av-receiver_p0355_1536x1024.sdr.png	full	9226-lilith-ai-products	651	39
https://codec-corpus.r2.imazen.org/imazen-26-png-v3/1200-lilith-interiors/1247_interiors_hotel-lobby-interior_screenshot-20260526-073738-photos_1966x1527.sdr.png	c50_tl	1200-lilith-interiors	652	42
https://codec-corpus.r2.imazen.org/imazen-26-png-v3/7000-lilith-plots/lines/7072_plots_line-voronoi-00069-s46326869_1024x1024.sdr.png	c50_center	7000-lilith-plots	653	7
https://codec-corpus.r2.imazen.org/imazen-26-png-v3/9094-lilith-ai-illustrations/9168_gen_illustrations_manga-yatai-noodles-slice-of-life_1536x1024.sdr.png	c50_br	9094-lilith-ai-illustrations	654	13
https://codec-corpus.r2.imazen.org/imazen-26-png-v3/9094-lilith-ai-illustrations/9114_gen_illustrations_cyclist-mountain-pass_1024x1536.sdr.png	c25_center	9094-lilith-ai-illustrations	655	22
https://codec-corpus.r2.imazen.org/imazen-26-png-v3/6800-ia-scans-manuscript-text/6816_scans-text_owenjones-en-essay_p0041_2027x3000.sdr.png	c25_center	6800-ia-scans-manuscript-text	656	13
https://codec-corpus.r2.imazen.org/imazen-26-png-v3/8100-lilith-web-screenshots/768x1024/8346_web-screenshots_loc-pictures_dpr1_page2_768x1024.sdr.png	c50_tl	8100-lilith-web-screenshots	657	9
https://codec-corpus.r2.imazen.org/imazen-26-png-v3/5200-epa-climate-impact-2021-report/5212_epa_climate-impact-2021_extreme-temp-labor-key-findings_p043_2968x3841.sdr.png	c50_tl	5200-epa-climate-impact-2021-report	658	49
https://codec-corpus.r2.imazen.org/imazen-26-png-v3/9226-lilith-ai-products/beauty/9290_gen_products-beauty_bryn-birch-beard-oil_p0062_1024x1536.sdr.png	full	9226-lilith-ai-products	659	73
https://codec-corpus.r2.imazen.org/imazen-26-png-v3/8100-lilith-web-screenshots/1920x1080/8176_web-screenshots_loc-pictures_dpr1_page1_1920x1080.sdr.png	c25_bl	8100-lilith-web-screenshots	660	14
https://codec-corpus.r2.imazen.org/imazen-26-png-v3/8100-lilith-web-screenshots/1440x900/8100_web-screenshots_archive-wayback-search_dpr1_page1_1440x900.sdr.png	c50_bl	8100-lilith-web-screenshots	661	15
https://codec-corpus.r2.imazen.org/imazen-26-png-v3/9226-lilith-ai-products/whitelabeled-beauty/9913_gen_products-whitelabeled-beauty_cleanser-tube-white_p0674_2048x2048.sdr.png	c50_br	9226-lilith-ai-products	662	36
https://codec-corpus.r2.imazen.org/imazen-26-png-v3/8100-lilith-web-screenshots/1920x1080/8210_web-screenshots_usgs-main-home_dpr1_page2_1920x1080.sdr.png	c50_tl	8100-lilith-web-screenshots	663	21
https://codec-corpus.r2.imazen.org/imazen-26-png-v3/1400-lilith-nature/1482_nature_snowcapped-mountain-landscape_iwachi-matsuzaki-japan_s23u_iso50-f4p9_20250307-131518_3000x4000.sdr.png	c25_bl	1400-lilith-nature	664	2
https://codec-corpus.r2.imazen.org/imazen-26-png-v3/1000-lilith-photos-general/1018_general_hanging-glass-sculptures_seattle-center-seattle_s23u_iso50-f2p4_20230727-174134_3000x4000.sdr.png	c25_bl	1000-lilith-photos-general	665	30
https://codec-corpus.r2.imazen.org/imazen-26-png-v3/2400-unsplash-textures/2401_textures_aerial-golf-course_by-bernd-dittrich-3mdshe3iiok-unsplash_4608x8192.sdr.png	c50_tl	2400-unsplash-textures	666	3
https://codec-corpus.r2.imazen.org/imazen-26-png-v3/7000-lilith-plots/polygons/7077_plots_line-polygons-00032-s620ec516_1024x1024.sdr.png	c50_center	7000-lilith-plots	667	25
https://codec-corpus.r2.imazen.org/imazen-26-png-v3/5000-national-park-service-brochures/color/5017_nps_grsm-grsm-trail-map_color_p01_9146x5272.sdr.png	c50_tr	5000-national-park-service-brochures	668	14
https://codec-corpus.r2.imazen.org/imazen-26-png-v3/9226-lilith-ai-products/home/decor/9766_gen_products-home-decor_sunny-yellow-hand-towel-set_flat_p0527_1536x1024.sdr.png	c50_tr	9226-lilith-ai-products	669	5
https://codec-corpus.r2.imazen.org/imazen-26-png-v3/6800-ia-scans-manuscript-text/6813_scans-text_owenjones-en-preface_p0018_1999x3000.sdr.png	c50_tr	6800-ia-scans-manuscript-text	670	48
https://codec-corpus.r2.imazen.org/imazen-26-png-v3/9226-lilith-ai-products/home/decor/9756_gen_products-home-decor_natural-jute-basket-round_p0517_1024x1024.sdr.png	c25_center	9226-lilith-ai-products	671	2
https://codec-corpus.r2.imazen.org/imazen-26-png-v3/8100-lilith-web-screenshots/1440x900/8135_web-screenshots_nps-grand-canyon_dpr1_page2_1440x900.sdr.png	c50_tl	8100-lilith-web-screenshots	672	13
https://codec-corpus.r2.imazen.org/imazen-26-png-v3/9000-lilith-ai-clipart/9044_gen_clipart_mountain-set_1536x1024.sdr.png	c25_bl	9000-lilith-ai-clipart	673	17
https://codec-corpus.r2.imazen.org/imazen-26-png-v3/9226-lilith-ai-products/clothing/womens/general/9541_gen_products-clothing-womens-general_sage-cardigan_flat_p0306_1024x1024.sdr.png	c25_center	9226-lilith-ai-products	674	3
https://codec-corpus.r2.imazen.org/imazen-26-png-v3/8100-lilith-web-screenshots/768x1024/8361_web-screenshots_nih-home_dpr1_page2_768x1024.sdr.png	c25_br	8100-lilith-web-screenshots	675	40
https://codec-corpus.r2.imazen.org/imazen-26-png-v3/2200-unsplash-renders/2210_renders_abstract-line-pattern_by-resource-database-xp6ngsgxck0-unsplash_4000x5000.sdr.png	c25_bl	2200-unsplash-renders	676	4
https://codec-corpus.r2.imazen.org/imazen-26-png-v3/7000-lilith-plots/aliased-polygons/7024_plots_line-00038-s335b5033_1024x1024.sdr.png	c25_br	7000-lilith-plots	677	2
https://codec-corpus.r2.imazen.org/imazen-26-png-v3/1400-lilith-nature/1409_nature_rainbow-over-landscape_maui-hawaii_s21u_iso16-f1p8_20210608-165509_4000x3000.sdr.png	c50_tr	1400-lilith-nature	678	6
https://codec-corpus.r2.imazen.org/imazen-26-png-v3/8000-lilith-mobile-screenshots/8016_mobile-screenshots_black-and-white_screenshot-20260526-071251-brave_1968x2184.sdr.png	c25_tl	8000-lilith-mobile-screenshots	679	31
https://codec-corpus.r2.imazen.org/imazen-26-png-v3/7000-lilith-plots/aliased-lines/7012_plots_line-00127-s7957de6d_1024x1024.sdr.png	c50_tr	7000-lilith-plots	680	7
https://codec-corpus.r2.imazen.org/imazen-26-png-v3/9226-lilith-ai-products/beverages/9345_gen_products-beverages_pulsewater-watermelon-electrolyte-bottle_p0116_1024x1536.sdr.png	c25_center	9226-lilith-ai-products	681	4
https://codec-corpus.r2.imazen.org/imazen-26-png-v3/9094-lilith-ai-illustrations/9149_gen_illustrations_summer-wheat-field_1024x1536.sdr.png	c50_bl	9094-lilith-ai-illustrations	682	3
https://codec-corpus.r2.imazen.org/imazen-26-png-v3/8100-lilith-web-screenshots/768x1024/8345_web-screenshots_loc-pictures_dpr1_page1_768x1024.sdr.png	c25_br	8100-lilith-web-screenshots	683	4
https://codec-corpus.r2.imazen.org/imazen-26-png-v3/7000-lilith-plots/grids/7048_plots_line-00136-s3e377a73_1024x1024.sdr.png	c25_br	7000-lilith-plots	684	14
https://codec-corpus.r2.imazen.org/imazen-26-png-v3/1600-lilith-food/1608_food_single-cake-slice-plate_anedaitocho-kyoto-japan_s23u_iso320-f2p2_20230709-194142_4000x3000.sdr.png	full	1600-lilith-food	685	42
https://codec-corpus.r2.imazen.org/imazen-26-png-v3/8100-lilith-web-screenshots/375x667/8283_web-screenshots_lkml-lists-index_dpr1_page2_375x667.sdr.png	c50_tr	8100-lilith-web-screenshots	686	3
https://codec-corpus.r2.imazen.org/imazen-26-png-v3/8100-lilith-web-screenshots/other/8465_web-screenshots_weather-forecast-nyc_dpr1_page2_667x375.sdr.png	c25_br	8100-lilith-web-screenshots	687	1
https://codec-corpus.r2.imazen.org/imazen-26-png-v3/8100-lilith-web-screenshots/375x667/8315_web-screenshots_nps-zion_dpr1_page1_375x667.sdr.png	c50_bl	8100-lilith-web-screenshots	688	11
https://codec-corpus.r2.imazen.org/imazen-26-png-v3/6600-ia-scans-manuscript-illustrations/6606_scans-illustrations_haeckel-red-algae_plate0065_5015x7275.sdr.png	c25_center	6600-ia-scans-manuscript-illustrations	689	1
https://codec-corpus.r2.imazen.org/imazen-26-png-v3/9094-lilith-ai-illustrations/9117_gen_illustrations_evening-writing-desk_1024x1536.sdr.png	c50_center	9094-lilith-ai-illustrations	690	25
https://codec-corpus.r2.imazen.org/imazen-26-png-v3/7000-lilith-plots/line-patterns/7058_plots_line-tiling-00248-s7c5ddcfb_1024x1024.sdr.png	c50_tr	7000-lilith-plots	691	10
https://codec-corpus.r2.imazen.org/imazen-26-png-v3/9226-lilith-ai-products/sporting-goods/9870_gen_products-sporting-goods_ribbed-knit-beanie-mustard_p0631_4096x4096.sdr.png	c25_br	9226-lilith-ai-products	692	47
https://codec-corpus.r2.imazen.org/imazen-26-png-v3/3000-art-institute-of-chicago-photos/3002_aic_the-irish-question_181777_4000x4860.sdr.png	full	3000-art-institute-of-chicago-photos	693	17
https://codec-corpus.r2.imazen.org/imazen-26-png-v3/8100-lilith-web-screenshots/other/8444_web-screenshots_nps-yell_dpr1_page1_1024x768.sdr.png	c50_br	8100-lilith-web-screenshots	694	23
https://codec-corpus.r2.imazen.org/imazen-26-png-v3/1600-lilith-food/1607_food_grilled-seafood-plate_s21u_iso1250-f1p8_20221210-191616_3000x4000.sdr.png	c50_tr	1600-lilith-food	695	47
https://codec-corpus.r2.imazen.org/imazen-26-png-v3/9226-lilith-ai-products/sporting-goods/9867_gen_products-sporting-goods_puffer-vest-mens_detail_p0628_1536x1024.sdr.png	c50_bl	9226-lilith-ai-products	696	12
https://codec-corpus.r2.imazen.org/imazen-26-png-v3/6000-lilith-scans-public-patents/lynn_conway_us5046022_1bitoriginal/6026_scans-patents_lynn-conway-us5046022-1bit_p027_2320x3408.sdr.png	c25_bl	6000-lilith-scans-public-patents	697	17
https://codec-corpus.r2.imazen.org/imazen-26-png-v3/7000-lilith-plots/aliased-lines/7013_plots_line-00146-s6f881573_1024x1024.sdr.png	c50_center	7000-lilith-plots	698	1
https://codec-corpus.r2.imazen.org/imazen-26-png-v3/7000-lilith-plots/grids/7050_plots_line-00166-s010fb6d2_1024x1024.sdr.png	c50_center	7000-lilith-plots	699	8
https://codec-corpus.r2.imazen.org/imazen-26-png-v3/7000-lilith-plots/aliased-polygons/7033_plots_line-00227-s7fca561d_1024x1024.sdr.png	c50_br	7000-lilith-plots	700	13
https://codec-corpus.r2.imazen.org/imazen-26-png-v3/9226-lilith-ai-products/home/decor/9768_gen_products-home-decor_terracotta-tufted-bath-mat_p0529_1536x1024.sdr.png	full	9226-lilith-ai-products	701	8
https://codec-corpus.r2.imazen.org/imazen-26-png-v3/8100-lilith-web-screenshots/768x1024/8352_web-screenshots_nasa-image-of-day_dpr1_page2_768x1024.sdr.png	c25_tr	8100-lilith-web-screenshots	702	8
https://codec-corpus.r2.imazen.org/imazen-26-png-v3/8100-lilith-web-screenshots/375x667/8309_web-screenshots_nps-yellowstone_dpr1_page1_375x667.sdr.png	c50_br	8100-lilith-web-screenshots	703	44
https://codec-corpus.r2.imazen.org/imazen-26-png-v3/9226-lilith-ai-products/clothing/womens/dark-bg/9478_gen_products-clothing-womens-dark-bg_silver-sequin-suit_p0247_2160x3840.sdr.png	c25_center	9226-lilith-ai-products	704	4
https://codec-corpus.r2.imazen.org/imazen-26-png-v3/9226-lilith-ai-products/clothing/womens/general/9487_gen_products-clothing-womens-general_cherry-retro-ski-intarsia-sweater_onmodel_p0256_2160x3840.sdr.png	c50_center	9226-lilith-ai-products	705	5
https://codec-corpus.r2.imazen.org/imazen-26-png-v3/9094-lilith-ai-illustrations/9143_gen_illustrations_runner-golden-field_1024x1536.sdr.png	full	9094-lilith-ai-illustrations	706	13
https://codec-corpus.r2.imazen.org/imazen-26-png-v3/8100-lilith-web-screenshots/375x667/8281_web-screenshots_gutenberg-top_dpr1_page2_375x667.sdr.png	c25_tr	8100-lilith-web-screenshots	707	57
https://codec-corpus.r2.imazen.org/imazen-26-png-v3/5000-national-park-service-brochures/grayscale/5033_nps_cany-islandroadsandtrailsupdated24-508forweb_gray_p01_2550x4200.sdr.png	c25_center	5000-national-park-service-brochures	708	51
https://codec-corpus.r2.imazen.org/imazen-26-png-v3/9226-lilith-ai-products/clothing/mens/9414_gen_products-clothing-mens_olive-cargo-shorts_flat_p0185_1024x1536.sdr.png	c25_center	9226-lilith-ai-products	709	5
https://codec-corpus.r2.imazen.org/imazen-26-png-v3/9094-lilith-ai-illustrations/9102_gen_illustrations_bicycle-fruit-crates-wall_1024x1536.sdr.png	c25_center	9094-lilith-ai-illustrations	710	15
https://codec-corpus.r2.imazen.org/imazen-26-png-v3/9226-lilith-ai-products/clothing/womens/general/9538_gen_products-clothing-womens-general_puff-sleeve-blouse_flat_p0303_1024x1024.sdr.png	c25_center	9226-lilith-ai-products	711	2
https://codec-corpus.r2.imazen.org/imazen-26-png-v3/6000-lilith-scans-public-patents/lynn_conway_us5046022_1bitoriginal/6010_scans-patents_lynn-conway-us5046022-1bit_p011_2320x3408.sdr.png	c50_center	6000-lilith-scans-public-patents	712	9
https://codec-corpus.r2.imazen.org/imazen-26-png-v3/5000-national-park-service-brochures/grayscale/5038_nps_chis-santa-rosa-hiking-map-and_gray_p02_2550x4200.sdr.png	full	5000-national-park-service-brochures	713	38
https://codec-corpus.r2.imazen.org/imazen-26-png-v3/7000-lilith-plots/aliased-line-patterns/7000_plots_line-00056-s6bcec02a_1024x1024.sdr.png	full	7000-lilith-plots	714	3
https://codec-corpus.r2.imazen.org/imazen-26-png-v3/3300-met-museum-photos/3318_met_vessel_479496_2505x2596.sdr.png	c50_tr	3300-met-museum-photos	715	63
https://codec-corpus.r2.imazen.org/imazen-26-png-v3/9226-lilith-ai-products/grocery/9699_gen_products-grocery_wildoak-maple-pecan-granola-bag_p0460_1024x1536.sdr.png	c50_center	9226-lilith-ai-products	716	28
https://codec-corpus.r2.imazen.org/imazen-26-png-v3/3300-met-museum-photos/3323_met_still-life_898372_3743x4000.sdr.png	c50_bl	3300-met-museum-photos	717	9
https://codec-corpus.r2.imazen.org/imazen-26-png-v3/6600-ia-scans-manuscript-illustrations/6603_scans-illustrations_haeckel-trilobites_plate0047_4808x7108.sdr.png	c50_br	6600-ia-scans-manuscript-illustrations	718	6
https://codec-corpus.r2.imazen.org/imazen-26-png-v3/1000-lilith-photos-general/1042_general_dragon-fountain-statue_monument-inochi-kyoto_s23u_iso100-f1p7_20231107-111520_4000x3000.sdr.png	c50_center	1000-lilith-photos-general	719	9
https://codec-corpus.r2.imazen.org/imazen-26-png-v3/9000-lilith-ai-clipart/9058_gen_clipart_sandcastle_1024x1536.sdr.png	full	9000-lilith-ai-clipart	720	42
https://codec-corpus.r2.imazen.org/imazen-26-png-v3/1200-lilith-interiors/1230_interiors_empty-tiled-pool_casa-batllo-barcelona_zfold7_iso640-f1p7_20260315-210432_3000x4000.sdr.png	full	1200-lilith-interiors	721	16
https://codec-corpus.r2.imazen.org/imazen-26-png-v3/1000-lilith-photos-general/1062_general_boat-on-water_numazu-japan_s23u_iso50-f2p2_20250307-173047_3000x4000.sdr.png	c50_tr	1000-lilith-photos-general	722	31
https://codec-corpus.r2.imazen.org/imazen-26-png-v3/9226-lilith-ai-products/clothing/kids/9375_gen_products-clothing-kids_jeans_flat_p0146_1024x1536.sdr.png	c50_tr	9226-lilith-ai-products	723	8
https://codec-corpus.r2.imazen.org/imazen-26-png-v3/8100-lilith-web-screenshots/1440x900/8138_web-screenshots_nps-yellowstone_dpr1_page1_1440x900.sdr.png	c25_br	8100-lilith-web-screenshots	724	23
https://codec-corpus.r2.imazen.org/imazen-26-png-v3/7000-lilith-plots/real-charts/7111_plots_chart-gauge-12-pastel_1024x1024.sdr.png	c25_center	7000-lilith-plots	725	12
https://codec-corpus.r2.imazen.org/imazen-26-png-v3/9226-lilith-ai-products/clothing/womens/general/9538_gen_products-clothing-womens-general_puff-sleeve-blouse_flat_p0303_1024x1024.sdr.png	c50_center	9226-lilith-ai-products	726	4
https://codec-corpus.r2.imazen.org/imazen-26-png-v3/7000-lilith-plots/polygons/7089_plots_line-polygons-00240-s51df1e6b_1024x1024.sdr.png	c50_center	7000-lilith-plots	727	26
https://codec-corpus.r2.imazen.org/imazen-26-png-v3/2000-unsplash-people/2009_people_by-ellen-qin-l0wmb86ymi8-unsplash_2304x4096.sdr.png	c50_center	2000-unsplash-people	728	34
https://codec-corpus.r2.imazen.org/imazen-26-png-v3/1400-lilith-nature/1446_nature_icy-coastal-landscape_hornafjordur-iceland_s23u_iso20-f1p7_20231207-114310_4000x1868.sdr.png	c50_center	1400-lilith-nature	729	30
https://codec-corpus.r2.imazen.org/imazen-26-png-v3/1600-lilith-food/1630_food_tea-and-dessert-table_wadahamaminamicho-atami-japan_s23u_iso320-f1p7_20250303-154752_4000x3000.sdr.png	c25_bl	1600-lilith-food	730	56
https://codec-corpus.r2.imazen.org/imazen-26-png-v3/1000-lilith-photos-general/1053_general_statue-in-arched-alcove_louvre-palace-paris_s23u_iso500-f2p2_20240426-175831_3000x4000.sdr.png	c25_bl	1000-lilith-photos-general	731	46
https://codec-corpus.r2.imazen.org/imazen-26-png-v3/5300-noaa-hurricane-documents/5338_noaa_nhc-al172022-nicole_p01_2550x3300.sdr.png	c50_tr	5300-noaa-hurricane-documents	732	26
https://codec-corpus.r2.imazen.org/imazen-26-png-v3/1400-lilith-nature/1403_nature_large-tree-canopy_honolulu-zoo-east-honolulu_s21u_iso50-f2p2_20210605-154933-3_4000x3000.sdr.png	c50_tl	1400-lilith-nature	733	2
https://codec-corpus.r2.imazen.org/imazen-26-png-v3/3000-art-institute-of-chicago-photos/3008_aic_trompe-l-oeil-still-life-with-a-flower-garland-a_66042_4000x2883.sdr.png	c50_tr	3000-art-institute-of-chicago-photos	734	23
https://codec-corpus.r2.imazen.org/imazen-26-png-v3/1000-lilith-photos-general/1047_general_flowers-and-lit-candle_magasin-du-nord-museum-copenhagen_s23u_iso640-f2p4_20231213-182125_3000x4000.sdr.png	c25_bl	1000-lilith-photos-general	735	13
https://codec-corpus.r2.imazen.org/imazen-26-png-v3/8100-lilith-web-screenshots/1440x900/8110_web-screenshots_federalreserve-data_dpr1_page1_1440x900.sdr.png	c50_bl	8100-lilith-web-screenshots	736	30
https://codec-corpus.r2.imazen.org/imazen-26-png-v3/7000-lilith-plots/real-charts/7114_plots_chart-ohlc-18-slate_1024x1024.sdr.png	c50_tr	7000-lilith-plots	737	9
https://codec-corpus.r2.imazen.org/imazen-26-png-v3/7000-lilith-plots/real-charts/7111_plots_chart-gauge-12-pastel_1024x1024.sdr.png	c50_bl	7000-lilith-plots	738	19
https://codec-corpus.r2.imazen.org/imazen-26-png-v3/7000-lilith-plots/lines/7071_plots_line-voronoi-00057-s0433bb30_1024x1024.sdr.png	c25_center	7000-lilith-plots	739	2
https://codec-corpus.r2.imazen.org/imazen-26-png-v3/8100-lilith-web-screenshots/other/8457_web-screenshots_terminal-nvim-edit_dpr1_page1_1440x800.sdr.png	c25_tr	8100-lilith-web-screenshots	740	8
https://codec-corpus.r2.imazen.org/imazen-26-png-v3/6000-lilith-scans-public-patents/lynn_conway_us5046022_1bitoriginal/6000_scans-patents_lynn-conway-us5046022-1bit_p001_2320x3408.sdr.png	full	6000-lilith-scans-public-patents	741	3
https://codec-corpus.r2.imazen.org/imazen-26-png-v3/7000-lilith-plots/aliased-lines/7007_plots_line-00020-s1aac7045_1024x1024.sdr.png	c25_bl	7000-lilith-plots	742	4
https://codec-corpus.r2.imazen.org/imazen-26-png-v3/1400-lilith-nature/1445_nature_waterfall-on-cliff_rangarthing-eystra-iceland_s23u_iso320-f1p7_20231206-154234_3000x4000.sdr.png	c25_br	1400-lilith-nature	743	1
https://codec-corpus.r2.imazen.org/imazen-26-png-v3/1400-lilith-nature/1427_nature_bee-on-pink-flower_monument-inochi-kyoto_s23u_iso64-f4p9_20231107-111746_3000x4000.sdr.png	c50_bl	1400-lilith-nature	744	37
https://codec-corpus.r2.imazen.org/imazen-26-png-v3/9226-lilith-ai-products/clothing/womens/dark-bg/9467_gen_products-clothing-womens-dark-bg_chartreuse-pleated-midi-skirt_onmodel_p0237_1024x1536.sdr.png	full	9226-lilith-ai-products	745	11
https://codec-corpus.r2.imazen.org/imazen-26-png-v3/6000-lilith-scans-public-patents/lynn_conway_us5046022_printrescangray300/6064_scans-patents_lynn-conway-us5046022-rescan-gray_p006_2479x3230.sdr.png	c25_tl	6000-lilith-scans-public-patents	746	35
https://codec-corpus.r2.imazen.org/imazen-26-png-v3/2200-unsplash-renders/2202_renders_planet-with-city-lights_by-itsiken-pmyoy3wafpu-unsplash_3000x3000.sdr.png	c25_bl	2200-unsplash-renders	747	10
https://codec-corpus.r2.imazen.org/imazen-26-png-v3/9226-lilith-ai-products/clothing/fabric-textures/9358_gen_products-clothing-fabric-textures_texture-white-faux-fur_detail_p0129_3840x2160.sdr.png	c50_tl	9226-lilith-ai-products	748	30
https://codec-corpus.r2.imazen.org/imazen-26-png-v3/7000-lilith-plots/random-charts/7094_plots_chart-00132-s681da868_1024x1024.sdr.png	c50_center	7000-lilith-plots	749	5
https://codec-corpus.r2.imazen.org/imazen-26-png-v3/1400-lilith-nature/1504_nature_cloudy-sky-over-field_colorado_ip13pro_iso50-f1p5_img-0374_4032x3024.sdr.png	c50_center	1400-lilith-nature	750	36
https://codec-corpus.r2.imazen.org/imazen-26-png-v3/9000-lilith-ai-clipart/9027_gen_clipart_guitar-acoustic_1024x1536.sdr.png	c50_center	9000-lilith-ai-clipart	751	38
https://codec-corpus.r2.imazen.org/imazen-26-png-v3/7000-lilith-plots/lines/7061_plots_line-concentric-00146-s6f881573_1024x1024.sdr.png	c25_tr	7000-lilith-plots	752	4
https://codec-corpus.r2.imazen.org/imazen-26-png-v3/9226-lilith-ai-products/clothing/womens/general/9503_gen_products-clothing-womens-general_ivory-cable-knit-cardigan_ghost_p0271_1024x1536.sdr.png	full	9226-lilith-ai-products	753	33
https://codec-corpus.r2.imazen.org/imazen-26-png-v3/1400-lilith-nature/1401_nature_dolphin-in-ocean_ala-moana-east-honolulu-hawaii_s21u_iso50-f2p4_20210605-072339_4000x3000.sdr.png	c50_tl	1400-lilith-nature	754	7
https://codec-corpus.r2.imazen.org/imazen-26-png-v3/1400-lilith-nature/1506_nature_glacier-ice-landscape_hornafjordur-iceland_ip13pro_iso50-f1p5_img-0423_4032x3024.sdr.png	c25_center	1400-lilith-nature	755	26
https://codec-corpus.r2.imazen.org/imazen-26-png-v3/1400-lilith-nature/1497_nature_pink-flower-on-vine_belltown-seattle-washington_ip16pro_iso80-f1p8_fullsizerender-3_3745x5333.sdr.png	c50_center	1400-lilith-nature	756	38
https://codec-corpus.r2.imazen.org/imazen-26-png-v3/1400-lilith-nature/1423_nature_stone-steps-garden_ninna-temple-kyoto_s23u_iso50-f1p7_20230710-141257_3000x4000.sdr.png	c50_tr	1400-lilith-nature	757	2
https://codec-corpus.r2.imazen.org/imazen-26-png-v3/2400-unsplash-textures/2401_textures_aerial-golf-course_by-bernd-dittrich-3mdshe3iiok-unsplash_4608x8192.sdr.png	c50_br	2400-unsplash-textures	758	2
https://codec-corpus.r2.imazen.org/imazen-26-png-v3/8100-lilith-web-screenshots/other/8442_web-screenshots_nps-grca_dpr1_page1_414x896.sdr.png	c50_tr	8100-lilith-web-screenshots	759	30
https://codec-corpus.r2.imazen.org/imazen-26-png-v3/9094-lilith-ai-illustrations/9109_gen_illustrations_coastal-cliff-seabirds_1024x1536.sdr.png	c50_br	9094-lilith-ai-illustrations	760	16
https://codec-corpus.r2.imazen.org/imazen-26-png-v3/1200-lilith-interiors/1202_interiors_abstract-textured-pattern_seattle-center-seattle_s23u_iso1000-f1p7_20230727-164305_3000x4000.sdr.png	c50_bl	1200-lilith-interiors	761	14
https://codec-corpus.r2.imazen.org/imazen-26-png-v3/9094-lilith-ai-illustrations/9136_gen_illustrations_paper-lantern-festival_1024x1536.sdr.png	c25_center	9094-lilith-ai-illustrations	762	24
https://codec-corpus.r2.imazen.org/imazen-26-png-v3/1200-lilith-interiors/1201_interiors_bar-sign-outside-window_shinjuku-2-shinjuku-japan_s23u_iso12-f1p7_20230706-124619_3000x4000.sdr.png	c50_tr	1200-lilith-interiors	763	33
https://codec-corpus.r2.imazen.org/imazen-26-png-v3/7000-lilith-plots/random-charts/7101_plots_chart-00363-s4e589110_1024x1024.sdr.png	c50_tr	7000-lilith-plots	764	14
https://codec-corpus.r2.imazen.org/imazen-26-png-v3/2000-unsplash-people/2003_people_by-bjorn-pierre-ureo1xiikao-unsplash_3336x4170.sdr.png	c50_tr	2000-unsplash-people	765	7
https://codec-corpus.r2.imazen.org/imazen-26-png-v3/9000-lilith-ai-clipart/9061_gen_clipart_sleeping-fox-curl_1024x1024.sdr.png	c25_br	9000-lilith-ai-clipart	766	31
https://codec-corpus.r2.imazen.org/imazen-26-png-v3/9094-lilith-ai-illustrations/9148_gen_illustrations_subway-commuter-sketch_1024x1536.sdr.png	full	9094-lilith-ai-illustrations	767	28
https://codec-corpus.r2.imazen.org/imazen-26-png-v3/8100-lilith-web-screenshots/other/8412_web-screenshots_gutenberg-top_dpr2_page1_750x1334.sdr.png	c50_center	8100-lilith-web-screenshots	768	28
https://codec-corpus.r2.imazen.org/imazen-26-png-v3/5000-national-park-service-brochures/grayscale/5049_nps_romo-2018-longs-peak-keyhole-route_gray_p02_2550x4200.sdr.png	c50_br	5000-national-park-service-brochures	769	23
https://codec-corpus.r2.imazen.org/imazen-26-png-v3/9094-lilith-ai-illustrations/9156_gen_illustrations_vintage-couture-pose_1024x1536.sdr.png	c50_tr	9094-lilith-ai-illustrations	770	32
https://codec-corpus.r2.imazen.org/imazen-26-png-v3/7000-lilith-plots/aliased-line-patterns/7002_plots_line-00118-s306ca2bd_1024x1024.sdr.png	c50_bl	7000-lilith-plots	771	8
https://codec-corpus.r2.imazen.org/imazen-26-png-v3/9000-lilith-ai-clipart/9054_gen_clipart_pizza-slice_1024x1024.sdr.png	c25_tr	9000-lilith-ai-clipart	772	18
https://codec-corpus.r2.imazen.org/imazen-26-png-v3/2200-unsplash-renders/2201_renders_abstract-dark-curves_by-anton-sobotyak-g7ayfxxntva-unsplash_3840x2160.sdr.png	full	2200-unsplash-renders	773	8
https://codec-corpus.r2.imazen.org/imazen-26-png-v3/9094-lilith-ai-illustrations/9122_gen_illustrations_fox-resting-winter_1024x1536.sdr.png	c25_bl	9094-lilith-ai-illustrations	774	14
https://codec-corpus.r2.imazen.org/imazen-26-png-v3/9226-lilith-ai-products/baby/9265_gen_products-baby_footed-sleeper-terracotta-fox_flat_p0037_1024x1536.sdr.png	c50_br	9226-lilith-ai-products	775	66
https://codec-corpus.r2.imazen.org/imazen-26-png-v3/9226-lilith-ai-products/clothing/womens/loungewear/9560_gen_products-clothing-womens-loungewear_dusty-blue-modal-robe_flat_p0325_1024x1536.sdr.png	c50_bl	9226-lilith-ai-products	776	36
https://codec-corpus.r2.imazen.org/imazen-26-png-v3/8100-lilith-web-screenshots/768x1024/8369_web-screenshots_nps-yose_dpr1_page1_768x1024.sdr.png	c50_tl	8100-lilith-web-screenshots	777	38
https://codec-corpus.r2.imazen.org/imazen-26-png-v3/9226-lilith-ai-products/home/small-appliances/9830_gen_products-home-small-appliances_anchor-anvil-2-slice-toaster_p0591_1536x1024.sdr.png	c50_bl	9226-lilith-ai-products	778	80
https://codec-corpus.r2.imazen.org/imazen-26-png-v3/9226-lilith-ai-products/home/kitchen/9811_gen_products-home-kitchen_fieldstone-baking-pan-set_p0572_1536x1024.sdr.png	c25_br	9226-lilith-ai-products	779	48
https://codec-corpus.r2.imazen.org/imazen-26-png-v3/8100-lilith-web-screenshots/2880x1800/8231_web-screenshots_lkml-lists-index_dpr2_page2_2880x1800.sdr.png	c50_tr	8100-lilith-web-screenshots	780	10
https://codec-corpus.r2.imazen.org/imazen-26-png-v3/8100-lilith-web-screenshots/other/8410_web-screenshots_gutenberg-top_dpr1_page1_1280x800.sdr.png	c25_tl	8100-lilith-web-screenshots	781	50
https://codec-corpus.r2.imazen.org/imazen-26-png-v3/2400-unsplash-textures/2407_textures_blue-wabring-threads_by-pawel-czerwinski-kra9zndplra-unsplash_4000x6000.sdr.png	c50_center	2400-unsplash-textures	782	15
https://codec-corpus.r2.imazen.org/imazen-26-png-v3/1400-lilith-nature/1499_nature_snowy-forest-trail_colorado_hero7_iso100-f2p8_g0048992_4000x3000.sdr.png	c25_bl	1400-lilith-nature	783	35
https://codec-corpus.r2.imazen.org/imazen-26-png-v3/7000-lilith-plots/aliased-lines/7015_plots_line-00151-s49cff644_1024x1024.sdr.png	c50_bl	7000-lilith-plots	784	5
https://codec-corpus.r2.imazen.org/imazen-26-png-v3/8100-lilith-web-screenshots/375x667/8324_web-screenshots_weather-forecast-nyc_dpr1_page1_375x667.sdr.png	c25_bl	8100-lilith-web-screenshots	785	12
https://codec-corpus.r2.imazen.org/imazen-26-png-v3/6000-lilith-scans-public-patents/lynn_conway_us5046022_printrescangray300/6074_scans-patents_lynn-conway-us5046022-rescan-gray_p016_2479x3230.sdr.png	c25_br	6000-lilith-scans-public-patents	786	44
https://codec-corpus.r2.imazen.org/imazen-26-png-v3/8100-lilith-web-screenshots/375x667/8326_web-screenshots_weatherportal-home_dpr1_page1_375x667.sdr.png	c25_tl	8100-lilith-web-screenshots	787	4
https://codec-corpus.r2.imazen.org/imazen-26-png-v3/1000-lilith-photos-general/1010_general_floating-dock-on-lake_hakone-ekiden-museum-hakone_s23u_iso80-f4p9_20230707-172043_3000x4000.sdr.png	c25_br	1000-lilith-photos-general	788	4
https://codec-corpus.r2.imazen.org/imazen-26-png-v3/8100-lilith-web-screenshots/1920x1080/8184_web-screenshots_nasa-missions_dpr1_page1_1920x1080.sdr.png	c50_tl	8100-lilith-web-screenshots	789	18
https://codec-corpus.r2.imazen.org/imazen-26-png-v3/1000-lilith-photos-general/1050_general_riverside-walkway-and-river_louvre-palace-paris_s23u_iso50-f2p2_20240425-154625_4000x3000.sdr.png	c50_tr	1000-lilith-photos-general	790	24
https://codec-corpus.r2.imazen.org/imazen-26-png-v3/6600-ia-scans-manuscript-illustrations/6625_scans-illustrations_shinbijutsukai-geometric-lattice_plate0010_2844x4410.sdr.png	c25_br	6600-ia-scans-manuscript-illustrations	791	24
https://codec-corpus.r2.imazen.org/imazen-26-png-v3/7000-lilith-plots/aliased-lines/7007_plots_line-00020-s1aac7045_1024x1024.sdr.png	c25_center	7000-lilith-plots	792	1
https://codec-corpus.r2.imazen.org/imazen-26-png-v3/7000-lilith-plots/grids/7047_plots_line-00065-s0b64cf58_1024x1024.sdr.png	c50_br	7000-lilith-plots	793	1
https://codec-corpus.r2.imazen.org/imazen-26-png-v3/7000-lilith-plots/random-charts/7098_plots_chart-00268-s32c66252_1024x1024.sdr.png	c50_bl	7000-lilith-plots	794	12
https://codec-corpus.r2.imazen.org/imazen-26-png-v3/6800-ia-scans-manuscript-text/6833_scans-text_redoute-fr-description_p0146_2415x3528.sdr.png	c25_tr	6800-ia-scans-manuscript-text	795	36
https://codec-corpus.r2.imazen.org/imazen-26-png-v3/9226-lilith-ai-products/accessories/9242_gen_products-accessories_merch-tote-tomato-print_p0016_1024x1536.sdr.png	c25_center	9226-lilith-ai-products	796	1
https://codec-corpus.r2.imazen.org/imazen-26-png-v3/5000-national-park-service-brochures/color/5013_nps_grca-grcamap2_color_p01_3000x2250.sdr.png	full	5000-national-park-service-brochures	797	37
https://codec-corpus.r2.imazen.org/imazen-26-png-v3/6000-lilith-scans-public-patents/lynn_conway_us5046022_printrescangray300/6059_scans-patents_lynn-conway-us5046022-rescan-gray_p001_2479x3230.sdr.png	c25_br	6000-lilith-scans-public-patents	798	9
https://codec-corpus.r2.imazen.org/imazen-26-png-v3/8100-lilith-web-screenshots/768x1024/8350_web-screenshots_nasa-home_dpr1_page2_768x1024.sdr.png	c50_tr	8100-lilith-web-screenshots	799	28
https://codec-corpus.r2.imazen.org/imazen-26-png-v3/3300-met-museum-photos/3317_met_manuscript_447107_1200x912.sdr.png	c50_tr	3300-met-museum-photos	800	10
https://codec-corpus.r2.imazen.org/imazen-26-png-v3/1400-lilith-nature/1537_nature_purple-flowers-closeup_seward-alaska_ip16pro_iso100-f1p8_img-8764_4284x5712.sdr.png	c50_bl	1400-lilith-nature	801	78
https://codec-corpus.r2.imazen.org/imazen-26-png-v3/9226-lilith-ai-products/clothing/womens/activewear/9453_gen_products-clothing-womens-activewear_seamless-bra-pack-three_p0224_1536x1024.sdr.png	c25_tr	9226-lilith-ai-products	802	29
https://codec-corpus.r2.imazen.org/imazen-26-png-v3/9226-lilith-ai-products/home/decor/9748_gen_products-home-decor_framed-abstract-art-print_p0509_1024x1536.sdr.png	c25_center	9226-lilith-ai-products	803	15
https://codec-corpus.r2.imazen.org/imazen-26-png-v3/1000-lilith-photos-general/1068_general_glowing-blue-glass-sphere_house-eternal-return-meow-wolf-santa-fe_ip8plus_iso100-f1p8_img-7632_3024x4032.sdr.png	full	1000-lilith-photos-general	804	19
https://codec-corpus.r2.imazen.org/imazen-26-png-v3/7000-lilith-plots/aliased-polygons/7031_plots_line-00184-s02a80f0a_1024x1024.sdr.png	c25_br	7000-lilith-plots	805	3
https://codec-corpus.r2.imazen.org/imazen-26-png-v3/9226-lilith-ai-products/clothing/womens/loungewear/9559_gen_products-clothing-womens-loungewear_dusty-blue-floral-pajamas_onmodel_p0324_1024x1536.sdr.png	c25_bl	9226-lilith-ai-products	806	30
https://codec-corpus.r2.imazen.org/imazen-26-png-v3/1200-lilith-interiors/1230_interiors_empty-tiled-pool_casa-batllo-barcelona_zfold7_iso640-f1p7_20260315-210432_3000x4000.sdr.png	c25_tr	1200-lilith-interiors	807	18
https://codec-corpus.r2.imazen.org/imazen-26-png-v3/9226-lilith-ai-products/clothing/kids/9389_gen_products-clothing-kids_sneaker-canvas_flat_p0160_1024x1024.sdr.png	c50_bl	9226-lilith-ai-products	808	56
https://codec-corpus.r2.imazen.org/imazen-26-png-v3/9226-lilith-ai-products/whitelabeled-beauty/9914_gen_products-whitelabeled-beauty_cleansing-balm-jar_p0675_1024x1024.sdr.png	c25_center	9226-lilith-ai-products	809	40
https://codec-corpus.r2.imazen.org/imazen-26-png-v3/9226-lilith-ai-products/beverages/9351_gen_products-beverages_wildferment-ginger-kombucha-bottle_p0122_1024x1536.sdr.png	c25_center	9226-lilith-ai-products	810	15
https://codec-corpus.r2.imazen.org/imazen-26-png-v3/9226-lilith-ai-products/clothing/kids/9380_gen_products-clothing-kids_overall-toddler_ghost_p0151_1024x1536.sdr.png	c50_center	9226-lilith-ai-products	811	4
https://codec-corpus.r2.imazen.org/imazen-26-png-v3/7000-lilith-plots/aliased-lines/7008_plots_line-00027-s195cfe6a_1024x1024.sdr.png	c50_bl	7000-lilith-plots	812	14
https://codec-corpus.r2.imazen.org/imazen-26-png-v3/8100-lilith-web-screenshots/1440x900/8125_web-screenshots_nasa-image-of-day_dpr1_page2_1440x900.sdr.png	c25_br	8100-lilith-web-screenshots	813	28
https://codec-corpus.r2.imazen.org/imazen-26-png-v3/9226-lilith-ai-products/clothing/mens/9395_gen_products-clothing-mens_electric-purple-cargo-co-ord_onmodel_p0166_2160x3840.sdr.png	c50_br	9226-lilith-ai-products	814	23
https://codec-corpus.r2.imazen.org/imazen-26-png-v3/9226-lilith-ai-products/home/decor/9731_gen_products-home-decor_blush-pink-throw-pillow-tassel_p0492_1024x1024.sdr.png	full	9226-lilith-ai-products	815	12
https://codec-corpus.r2.imazen.org/imazen-26-png-v3/9226-lilith-ai-products/toys/9885_gen_products-toys_building-bricks-generic-set_p0646_1024x1024.sdr.png	full	9226-lilith-ai-products	816	40
https://codec-corpus.r2.imazen.org/imazen-26-png-v3/1000-lilith-photos-general/1064_general_castle-bridge-moat_montjuic-castle-barcelona_zfold7_iso40-f1p7_20260315-175347_3000x4000.sdr.png	c50_br	1000-lilith-photos-general	817	29
https://codec-corpus.r2.imazen.org/imazen-26-png-v3/1000-lilith-photos-general/1042_general_dragon-fountain-statue_monument-inochi-kyoto_s23u_iso100-f1p7_20231107-111520_4000x3000.sdr.png	c25_tr	1000-lilith-photos-general	818	3
https://codec-corpus.r2.imazen.org/imazen-26-png-v3/9226-lilith-ai-products/clothing/womens/activewear/9445_gen_products-clothing-womens-activewear_quarter-zip-leggings-teal_onmodel_p0206_1024x1536.sdr.png	full	9226-lilith-ai-products	819	54
https://codec-corpus.r2.imazen.org/imazen-26-png-v3/9000-lilith-ai-clipart/9057_gen_clipart_running-shoe_1024x1536.sdr.png	c50_bl	9000-lilith-ai-clipart	820	49
https://codec-corpus.r2.imazen.org/imazen-26-png-v3/6000-lilith-scans-public-patents/yvonne_brill_us3807657_1bitoriginal/6101_scans-patents_yvonne-brill-us3807657-1bit_p004_2320x3408.sdr.png	c25_center	6000-lilith-scans-public-patents	821	8
https://codec-corpus.r2.imazen.org/imazen-26-png-v3/8100-lilith-web-screenshots/2880x1800/8257_web-screenshots_nps-yose_dpr2_page2_2880x1800.sdr.png	c50_tl	8100-lilith-web-screenshots	822	16
https://codec-corpus.r2.imazen.org/imazen-26-png-v3/8100-lilith-web-screenshots/1440x900/8156_web-screenshots_weatherportal-home_dpr1_page1_1440x900.sdr.png	c25_center	8100-lilith-web-screenshots	823	2
https://codec-corpus.r2.imazen.org/imazen-26-png-v3/1000-lilith-photos-general/1015_general_colorful-glass-sculpture_seattle-center-seattle_s23u_iso400-f2p4_20230727-173537_4000x3000.sdr.png	c50_center	1000-lilith-photos-general	824	5
https://codec-corpus.r2.imazen.org/imazen-26-png-v3/8100-lilith-web-screenshots/other/8467_web-screenshots_weather-home_dpr1_page1_414x896.sdr.png	c50_tr	8100-lilith-web-screenshots	825	9
https://codec-corpus.r2.imazen.org/imazen-26-png-v3/9094-lilith-ai-illustrations/9152_gen_illustrations_taxi-rainy-evening_1024x1536.sdr.png	c25_bl	9094-lilith-ai-illustrations	826	7
https://codec-corpus.r2.imazen.org/imazen-26-png-v3/1000-lilith-photos-general/1035_general_portrait-illustration_placa-pedro-infante-valladolid_s23u_iso32-f1p7_20230918-111959_3000x4000.sdr.png	c25_center	1000-lilith-photos-general	827	1
https://codec-corpus.r2.imazen.org/imazen-26-png-v3/9226-lilith-ai-products/toys/9886_gen_products-toys_card-game-deck-box_p0647_1024x1536.sdr.png	c50_center	9226-lilith-ai-products	828	5
https://codec-corpus.r2.imazen.org/imazen-26-png-v3/9226-lilith-ai-products/electronics/9621_gen_products-electronics_skylark-compact-drone_p0383_1536x1024.sdr.png	c50_center	9226-lilith-ai-products	829	39
https://codec-corpus.r2.imazen.org/imazen-26-png-v3/9226-lilith-ai-products/clothing/womens/loungewear/9568_gen_products-clothing-womens-loungewear_sage-bralette-brief-set_flat_p0333_1024x1024.sdr.png	c50_bl	9226-lilith-ai-products	830	43
https://codec-corpus.r2.imazen.org/imazen-26-png-v3/8100-lilith-web-screenshots/other/8462_web-screenshots_usgs-topoview_dpr1_page1_1280x800.sdr.png	c25_tr	8100-lilith-web-screenshots	831	45
https://codec-corpus.r2.imazen.org/imazen-26-png-v3/9226-lilith-ai-products/clothing/mens/9413_gen_products-clothing-mens_navy-pique-polo_flat_p0184_1024x1024.sdr.png	c50_br	9226-lilith-ai-products	832	5
https://codec-corpus.r2.imazen.org/imazen-26-png-v3/9226-lilith-ai-products/accessories/9236_gen_products-accessories_knit-beanie-strawberry_p0010_1024x1536.sdr.png	c25_center	9226-lilith-ai-products	833	1
https://codec-corpus.r2.imazen.org/imazen-26-png-v3/8100-lilith-web-screenshots/768x1024/8348_web-screenshots_nasa-artemis_dpr1_page2_768x1024.sdr.png	c25_tl	8100-lilith-web-screenshots	834	12
https://codec-corpus.r2.imazen.org/imazen-26-png-v3/7000-lilith-plots/lines/7063_plots_line-concentric-00169-s646cb006_1024x1024.sdr.png	c25_tl	7000-lilith-plots	835	9
https://codec-corpus.r2.imazen.org/imazen-26-png-v3/9094-lilith-ai-illustrations/9102_gen_illustrations_bicycle-fruit-crates-wall_1024x1536.sdr.png	c50_br	9094-lilith-ai-illustrations	836	21
https://codec-corpus.r2.imazen.org/imazen-26-png-v3/8100-lilith-web-screenshots/1440x900/8143_web-screenshots_nps-zion_dpr1_page2_1440x900.sdr.png	c50_tr	8100-lilith-web-screenshots	837	14
https://codec-corpus.r2.imazen.org/imazen-26-png-v3/9226-lilith-ai-products/clothing/fabric-textures/9357_gen_products-clothing-fabric-textures_texture-magenta-leopard-sequin_detail_p0128_3840x2160.sdr.png	c25_tl	9226-lilith-ai-products	838	6
https://codec-corpus.r2.imazen.org/imazen-26-png-v3/9000-lilith-ai-clipart/9062_gen_clipart_smiling-sun_1024x1024.sdr.png	c50_center	9000-lilith-ai-clipart	839	12
https://codec-corpus.r2.imazen.org/imazen-26-png-v3/9226-lilith-ai-products/home/decor/9766_gen_products-home-decor_sunny-yellow-hand-towel-set_flat_p0527_1536x1024.sdr.png	c50_center	9226-lilith-ai-products	840	1
https://codec-corpus.r2.imazen.org/imazen-26-png-v3/7000-lilith-plots/polygons/7079_plots_line-polygons-00070-s6eb82597_1024x1024.sdr.png	c50_tr	7000-lilith-plots	841	6
https://codec-corpus.r2.imazen.org/imazen-26-png-v3/8100-lilith-web-screenshots/other/8430_web-screenshots_nasa-voyager_dpr1_page1_667x375.sdr.png	c25_bl	8100-lilith-web-screenshots	842	2
https://codec-corpus.r2.imazen.org/imazen-26-png-v3/9226-lilith-ai-products/clothing/womens/general/9546_gen_products-clothing-womens-general_yellow-cropped-cardigan_onmodel_p0311_1024x1536.sdr.png	full	9226-lilith-ai-products	843	37
https://codec-corpus.r2.imazen.org/imazen-26-png-v3/9226-lilith-ai-products/baby/9259_gen_products-baby_bib-multipack-six-prints_flat_p0031_1536x1024.sdr.png	c50_tl	9226-lilith-ai-products	844	27
https://codec-corpus.r2.imazen.org/imazen-26-png-v3/2200-unsplash-renders/2207_renders_abstract-contour-pattern_by-matt-str-l5btvo8eeyq-unsplash_11514x8635.sdr.png	c50_tr	2200-unsplash-renders	845	36
https://codec-corpus.r2.imazen.org/imazen-26-png-v3/9094-lilith-ai-illustrations/9140_gen_illustrations_reading-nook-hot-chocolate_1024x1536.sdr.png	c25_tl	9094-lilith-ai-illustrations	846	2
https://codec-corpus.r2.imazen.org/imazen-26-png-v3/9226-lilith-ai-products/clothing/mens/9400_gen_products-clothing-mens_cap-five-panel_flat_p0171_1024x1024.sdr.png	c25_center	9226-lilith-ai-products	847	1
https://codec-corpus.r2.imazen.org/imazen-26-png-v3/8100-lilith-web-screenshots/1920x1080/8208_web-screenshots_usaspending-explorer_dpr1_page1_1920x1080.sdr.png	c50_bl	8100-lilith-web-screenshots	848	40
https://codec-corpus.r2.imazen.org/imazen-26-png-v3/8100-lilith-web-screenshots/2880x1800/8228_web-screenshots_gutenberg-top_dpr2_page1_2880x1800.sdr.png	c25_center	8100-lilith-web-screenshots	849	68
https://codec-corpus.r2.imazen.org/imazen-26-png-v3/9000-lilith-ai-clipart/9053_gen_clipart_penguin-waddle_1024x1536.sdr.png	full	9000-lilith-ai-clipart	850	42
https://codec-corpus.r2.imazen.org/imazen-26-png-v3/8100-lilith-web-screenshots/other/8463_web-screenshots_usgs-topoview_dpr1_page2_1280x800.sdr.png	c25_center	8100-lilith-web-screenshots	851	9
https://codec-corpus.r2.imazen.org/imazen-26-png-v3/9226-lilith-ai-products/clothing/mens/9412_gen_products-clothing-mens_marled-merino-crewneck_ghost_p0183_1024x1536.sdr.png	c25_center	9226-lilith-ai-products	852	1
https://codec-corpus.r2.imazen.org/imazen-26-png-v3/2200-unsplash-renders/2203_renders_abstract-radial-pattern_by-logan-voss-ym9b8fkeo3w-unsplash_4320x7680.sdr.png	c25_center	2200-unsplash-renders	853	8
https://codec-corpus.r2.imazen.org/imazen-26-png-v3/7000-lilith-plots/lines/7063_plots_line-concentric-00169-s646cb006_1024x1024.sdr.png	c50_tr	7000-lilith-plots	854	5
https://codec-corpus.r2.imazen.org/imazen-26-png-v3/9226-lilith-ai-products/home/small-appliances/9850_gen_products-home-small-appliances_kettlebay-espresso-machine_p0611_1024x1536.sdr.png	c25_bl	9226-lilith-ai-products	855	74
https://codec-corpus.r2.imazen.org/imazen-26-png-v3/9226-lilith-ai-products/clothing/womens/general/9544_gen_products-clothing-womens-general_terracotta-knit-dress_onmodel_p0309_1024x1536.sdr.png	c50_tr	9226-lilith-ai-products	856	63
https://codec-corpus.r2.imazen.org/imazen-26-png-v3/8100-lilith-web-screenshots/768x1024/8365_web-screenshots_nps-grand-canyon_dpr1_page1_768x1024.sdr.png	c25_tr	8100-lilith-web-screenshots	857	25
https://codec-corpus.r2.imazen.org/imazen-26-png-v3/9226-lilith-ai-products/whitelabeled-beauty/9927_gen_products-whitelabeled-beauty_neon-pink-blush-stick_p0688_1024x1536.sdr.png	c50_bl	9226-lilith-ai-products	858	56
https://codec-corpus.r2.imazen.org/imazen-26-png-v3/8100-lilith-web-screenshots/other/8440_web-screenshots_nps-acad_dpr1_page1_667x375.sdr.png	full	8100-lilith-web-screenshots	859	21
https://codec-corpus.r2.imazen.org/imazen-26-png-v3/5300-noaa-hurricane-documents/5303_noaa_nhc-helene-al092024_map_p09_2550x3300.sdr.png	c25_bl	5300-noaa-hurricane-documents	860	55
https://codec-corpus.r2.imazen.org/imazen-26-png-v3/2400-unsplash-textures/2404_textures_tree-bark-texture_by-hwang-sanguk-k0tljwrabxg-unsplash_3024x3024.sdr.png	c25_br	2400-unsplash-textures	861	5
https://codec-corpus.r2.imazen.org/imazen-26-png-v3/3300-met-museum-photos/3307_met_marine_337532_3795x2667.sdr.png	full	3300-met-museum-photos	862	8
https://codec-corpus.r2.imazen.org/imazen-26-png-v3/9226-lilith-ai-products/home/small-appliances/9845_gen_products-home-small-appliances_ironvale-slow-cooker_p0606_1536x1024.sdr.png	c50_center	9226-lilith-ai-products	863	30
https://codec-corpus.r2.imazen.org/imazen-26-png-v3/5200-epa-climate-impact-2021-report/5202_epa_climate-impact-2021_fig-es1-six-impacts_p005_2968x3841.sdr.png	c50_center	5200-epa-climate-impact-2021-report	864	43
https://codec-corpus.r2.imazen.org/imazen-26-png-v3/8100-lilith-web-screenshots/other/8467_web-screenshots_weather-home_dpr1_page1_414x896.sdr.png	c25_center	8100-lilith-web-screenshots	865	1
https://codec-corpus.r2.imazen.org/imazen-26-png-v3/9226-lilith-ai-products/toys/9881_gen_products-toys_action-figure-blister-card_p0642_1024x1536.sdr.png	c25_center	9226-lilith-ai-products	866	14
https://codec-corpus.r2.imazen.org/imazen-26-png-v3/9226-lilith-ai-products/clothing/womens/dark-bg/9476_gen_products-clothing-womens-dark-bg_neon-colorblock-sports-set_p0245_2160x3840.sdr.png	c25_tl	9226-lilith-ai-products	867	14
https://codec-corpus.r2.imazen.org/imazen-26-png-v3/2400-unsplash-textures/2404_textures_tree-bark-texture_by-hwang-sanguk-k0tljwrabxg-unsplash_3024x3024.sdr.png	c50_center	2400-unsplash-textures	868	3
https://codec-corpus.r2.imazen.org/imazen-26-png-v3/8100-lilith-web-screenshots/2880x1800/8255_web-screenshots_nps-yellowstone_dpr2_page2_2880x1800.sdr.png	c25_br	8100-lilith-web-screenshots	869	32
https://codec-corpus.r2.imazen.org/imazen-26-png-v3/9094-lilith-ai-illustrations/9104_gen_illustrations_cellist-rehearsing-attic_1024x1536.sdr.png	c25_br	9094-lilith-ai-illustrations	870	16
https://codec-corpus.r2.imazen.org/imazen-26-png-v3/8100-lilith-web-screenshots/1440x900/8128_web-screenshots_nasa-news_dpr1_page1_1440x900.sdr.png	c25_tl	8100-lilith-web-screenshots	871	18
https://codec-corpus.r2.imazen.org/imazen-26-png-v3/1400-lilith-nature/1508_nature_ice-cave-interior_hornafjordur-iceland_ip13pro_iso1000-f1p8_img-0474_4032x3024.sdr.png	c25_tr	1400-lilith-nature	872	17
https://codec-corpus.r2.imazen.org/imazen-26-png-v3/8100-lilith-web-screenshots/1440x900/8135_web-screenshots_nps-grand-canyon_dpr1_page2_1440x900.sdr.png	c25_br	8100-lilith-web-screenshots	873	16
https://codec-corpus.r2.imazen.org/imazen-26-png-v3/7000-lilith-plots/aliased-polygons/7027_plots_line-00105-s5b0fe6d1_1024x1024.sdr.png	c50_br	7000-lilith-plots	874	5
https://codec-corpus.r2.imazen.org/imazen-26-png-v3/9226-lilith-ai-products/home/furniture/9785_gen_products-home-furniture_queen-platform-bed-frame_p0546_1536x1024.sdr.png	full	9226-lilith-ai-products	875	48
https://codec-corpus.r2.imazen.org/imazen-26-png-v3/9226-lilith-ai-products/clothing/mens/9412_gen_products-clothing-mens_marled-merino-crewneck_ghost_p0183_1024x1536.sdr.png	c50_center	9226-lilith-ai-products	876	2
https://codec-corpus.r2.imazen.org/imazen-26-png-v3/9094-lilith-ai-illustrations/9150_gen_illustrations_swimmer-poolside-climbing-out_1024x1536.sdr.png	c50_tl	9094-lilith-ai-illustrations	877	4
https://codec-corpus.r2.imazen.org/imazen-26-png-v3/9226-lilith-ai-products/baby/9281_gen_products-baby_kids-rainbow-stripe-romper_flat_p0053_1024x1536.sdr.png	c50_center	9226-lilith-ai-products	878	2
https://codec-corpus.r2.imazen.org/imazen-26-png-v3/8100-lilith-web-screenshots/375x667/8294_web-screenshots_nasa-image-of-day_dpr1_page1_375x667.sdr.png	c25_tl	8100-lilith-web-screenshots	879	7
https://codec-corpus.r2.imazen.org/imazen-26-png-v3/1600-lilith-food/1629_food_floral-tiered-cake_colorado_s23u_iso320-f1p7_20250202-141904_3000x4000.sdr.png	c25_center	1600-lilith-food	880	42
https://codec-corpus.r2.imazen.org/imazen-26-png-v3/9226-lilith-ai-products/clothing/fabric-textures/9352_gen_products-clothing-fabric-textures_swatch-buffalo-check-flannel_p0123_2048x2048.sdr.png	full	9226-lilith-ai-products	881	5
https://codec-corpus.r2.imazen.org/imazen-26-png-v3/9226-lilith-ai-products/footwear/9652_gen_products-footwear_womens-slide-sandal-coral_p0413_1536x1024.sdr.png	c50_tr	9226-lilith-ai-products	882	29
https://codec-corpus.r2.imazen.org/imazen-26-png-v3/2000-unsplash-people/2018_people_by-luigi-ritchie-eljmmcgmega-unsplash_4774x4774.sdr.png	c50_tl	2000-unsplash-people	883	17
https://codec-corpus.r2.imazen.org/imazen-26-png-v3/8100-lilith-web-screenshots/other/8428_web-screenshots_nasa-voyager_dpr1_page1_1280x800.sdr.png	c25_tr	8100-lilith-web-screenshots	884	6
https://codec-corpus.r2.imazen.org/imazen-26-png-v3/7000-lilith-plots/aliased-lines/7013_plots_line-00146-s6f881573_1024x1024.sdr.png	c25_center	7000-lilith-plots	885	1
https://codec-corpus.r2.imazen.org/imazen-26-png-v3/7000-lilith-plots/lines/7064_plots_line-concentric-00230-s6a3b9505_1024x1024.sdr.png	c25_bl	7000-lilith-plots	886	4
https://codec-corpus.r2.imazen.org/imazen-26-png-v3/9094-lilith-ai-illustrations/9098_gen_illustrations_baker-flour-dust-light_1024x1536.sdr.png	c50_tr	9094-lilith-ai-illustrations	887	29
https://codec-corpus.r2.imazen.org/imazen-26-png-v3/2000-unsplash-people/2024_people_by-sammy-swae-jaip1hvdvbg-unsplash_4672x7008.sdr.png	c25_tr	2000-unsplash-people	888	2
https://codec-corpus.r2.imazen.org/imazen-26-png-v3/9226-lilith-ai-products/beverages/9349_gen_products-beverages_voltbeam-tropical-energy-drink-can_p0120_1024x1536.sdr.png	c50_br	9226-lilith-ai-products	889	14
https://codec-corpus.r2.imazen.org/imazen-26-png-v3/9226-lilith-ai-products/clothing/fabric-textures/9353_gen_products-clothing-fabric-textures_swatch-rust-ripstop-nylon_p0124_4096x4096.sdr.png	c50_center	9226-lilith-ai-products	890	6
https://codec-corpus.r2.imazen.org/imazen-26-png-v3/9226-lilith-ai-products/footwear/9638_gen_products-footwear_cobalt-suede-cowboy-boot_p0399_1024x1536.sdr.png	c25_tl	9226-lilith-ai-products	891	32
https://codec-corpus.r2.imazen.org/imazen-26-png-v3/5300-noaa-hurricane-documents/5311_noaa_nhc-al042024-debby_p01_2550x3300.sdr.png	c25_center	5300-noaa-hurricane-documents	892	3
https://codec-corpus.r2.imazen.org/imazen-26-png-v3/1200-lilith-interiors/1247_interiors_hotel-lobby-interior_screenshot-20260526-073738-photos_1966x1527.sdr.png	c25_tr	1200-lilith-interiors	893	42
https://codec-corpus.r2.imazen.org/imazen-26-png-v3/8100-lilith-web-screenshots/768x1024/8366_web-screenshots_nps-grand-canyon_dpr1_page2_768x1024.sdr.png	c50_center	8100-lilith-web-screenshots	894	25
https://codec-corpus.r2.imazen.org/imazen-26-png-v3/9000-lilith-ai-clipart/9063_gen_clipart_smoothie-cup_1024x1536.sdr.png	c50_tr	9000-lilith-ai-clipart	895	80
https://codec-corpus.r2.imazen.org/imazen-26-png-v3/9094-lilith-ai-illustrations/9150_gen_illustrations_swimmer-poolside-climbing-out_1024x1536.sdr.png	full	9094-lilith-ai-illustrations	896	6
https://codec-corpus.r2.imazen.org/imazen-26-png-v3/9226-lilith-ai-products/home/decor/9725_gen_products-home-decor_abstract-resin-sculpture_p0486_1024x1536.sdr.png	c50_br	9226-lilith-ai-products	897	65
https://codec-corpus.r2.imazen.org/imazen-26-png-v3/9226-lilith-ai-products/home/kitchen/9829_gen_products-home-kitchen_warm-wood-cutting-board_p0590_1536x1024.sdr.png	full	9226-lilith-ai-products	898	18
https://codec-corpus.r2.imazen.org/imazen-26-png-v3/1400-lilith-nature/1472_nature_sunset-over-parking-lot_colorado_s23u_iso25-f1p7_20241220-165246_4000x3000.sdr.png	c25_tl	1400-lilith-nature	899	34
https://codec-corpus.r2.imazen.org/imazen-26-png-v3/9226-lilith-ai-products/beverages/9333_gen_products-beverages_fieldfuel-blue-raspberry-sports-drink-bottle_p0104_1024x1536.sdr.png	full	9226-lilith-ai-products	900	36
https://codec-corpus.r2.imazen.org/imazen-26-png-v3/8100-lilith-web-screenshots/375x667/8306_web-screenshots_noaa-home_dpr1_page2_375x667.sdr.png	c25_tl	8100-lilith-web-screenshots	901	2
https://codec-corpus.r2.imazen.org/imazen-26-png-v3/9094-lilith-ai-illustrations/9094_gen_illustrations_abstract-floral-gouache_1024x1536.sdr.png	c50_tr	9094-lilith-ai-illustrations	902	13
https://codec-corpus.r2.imazen.org/imazen-26-png-v3/9094-lilith-ai-illustrations/9165_gen_illustrations_manga-heroine-catching-key_1024x1536.sdr.png	c50_bl	9094-lilith-ai-illustrations	903	6
https://codec-corpus.r2.imazen.org/imazen-26-png-v3/8100-lilith-web-screenshots/1920x1080/8217_web-screenshots_whitehouse-briefing_dpr1_page1_1920x1080.sdr.png	c50_tl	8100-lilith-web-screenshots	904	15
https://codec-corpus.r2.imazen.org/imazen-26-png-v3/9094-lilith-ai-illustrations/9103_gen_illustrations_breakfast-in-bed_1024x1536.sdr.png	c25_center	9094-lilith-ai-illustrations	905	2
https://codec-corpus.r2.imazen.org/imazen-26-png-v3/9226-lilith-ai-products/beverages/9346_gen_products-beverages_sunpitcher-classic-lemonade-carton_p0117_1024x1536.sdr.png	c25_br	9226-lilith-ai-products	906	44
https://codec-corpus.r2.imazen.org/imazen-26-png-v3/2000-unsplash-people/2027_people_by-yash-rai-yl6qi4fn66m-unsplash_3072x4608.sdr.png	c25_br	2000-unsplash-people	907	13
https://codec-corpus.r2.imazen.org/imazen-26-png-v3/6600-ia-scans-manuscript-illustrations/6624_scans-illustrations_shinbijutsukai-flame-flower_plate0005_2844x4410.sdr.png	c50_bl	6600-ia-scans-manuscript-illustrations	908	14
https://codec-corpus.r2.imazen.org/imazen-26-png-v3/9226-lilith-ai-products/baby/9275_gen_products-baby_romper-yellow-gingham_flat_p0047_1024x1536.sdr.png	c50_tl	9226-lilith-ai-products	909	7
https://codec-corpus.r2.imazen.org/imazen-26-png-v3/7000-lilith-plots/line-patterns/7056_plots_line-tiling-00118-s306ca2bd_1024x1024.sdr.png	c50_br	7000-lilith-plots	910	3
https://codec-corpus.r2.imazen.org/imazen-26-png-v3/8100-lilith-web-screenshots/other/8419_web-screenshots_nasa-artemis_dpr1_page2_1280x800.sdr.png	c25_tl	8100-lilith-web-screenshots	911	4
https://codec-corpus.r2.imazen.org/imazen-26-png-v3/6000-lilith-scans-public-patents/lynn_conway_us5046022_1bitoriginal/6002_scans-patents_lynn-conway-us5046022-1bit_p003_2320x3408.sdr.png	c25_tr	6000-lilith-scans-public-patents	912	12
https://codec-corpus.r2.imazen.org/imazen-26-png-v3/1000-lilith-photos-general/1037_general_stone-carved-archway_ek-balam_s23u_iso64-f2p2_20230918-152337_2252x4000.sdr.png	c50_tr	1000-lilith-photos-general	913	20
https://codec-corpus.r2.imazen.org/imazen-26-png-v3/7000-lilith-plots/aliased-lines/7015_plots_line-00151-s49cff644_1024x1024.sdr.png	c25_center	7000-lilith-plots	914	1
https://codec-corpus.r2.imazen.org/imazen-26-png-v3/5000-national-park-service-brochures/color/5017_nps_grsm-grsm-trail-map_color_p01_9146x5272.sdr.png	c50_bl	5000-national-park-service-brochures	915	5
https://codec-corpus.r2.imazen.org/imazen-26-png-v3/6000-lilith-scans-public-patents/yvonne_brill_us3807657_printrescancolor300/6106_scans-patents_yvonne-brill-us3807657-rescan-color_p002_2479x3230.sdr.png	c25_tr	6000-lilith-scans-public-patents	916	25
https://codec-corpus.r2.imazen.org/imazen-26-png-v3/8000-lilith-mobile-screenshots/8015_mobile-screenshots_zenbench-microbenchmarking_screenshot-20260526-071215-brave_1968x2184.sdr.png	c50_tl	8000-lilith-mobile-screenshots	917	26
https://codec-corpus.r2.imazen.org/imazen-26-png-v3/8100-lilith-web-screenshots/1440x900/8124_web-screenshots_nasa-image-of-day_dpr1_page1_1440x900.sdr.png	c25_bl	8100-lilith-web-screenshots	918	24
https://codec-corpus.r2.imazen.org/imazen-26-png-v3/8100-lilith-web-screenshots/1440x900/8142_web-screenshots_nps-zion_dpr1_page1_1440x900.sdr.png	c25_tl	8100-lilith-web-screenshots	919	13
https://codec-corpus.r2.imazen.org/imazen-26-png-v3/3300-met-museum-photos/3303_met_wall-light-one-of-a-pair_206979_3811x3049.sdr.png	c25_br	3300-met-museum-photos	920	10
https://codec-corpus.r2.imazen.org/imazen-26-png-v3/7000-lilith-plots/aliased-lines/7007_plots_line-00020-s1aac7045_1024x1024.sdr.png	c50_center	7000-lilith-plots	921	2
https://codec-corpus.r2.imazen.org/imazen-26-png-v3/7000-lilith-plots/lines/7066_plots_line-concentric-00268-s2f977bbb_1024x1024.sdr.png	c25_bl	7000-lilith-plots	922	4
https://codec-corpus.r2.imazen.org/imazen-26-png-v3/7000-lilith-plots/grids/7049_plots_line-00160-s6215c94e_1024x1024.sdr.png	full	7000-lilith-plots	923	1
https://codec-corpus.r2.imazen.org/imazen-26-png-v3/5300-noaa-hurricane-documents/5315_noaa_nhc-al062024-francine_p12_2550x3300.sdr.png	c50_tl	5300-noaa-hurricane-documents	924	76
https://codec-corpus.r2.imazen.org/imazen-26-png-v3/8100-lilith-web-screenshots/1440x900/8117_web-screenshots_loc-free-to-use_dpr1_page2_1440x900.sdr.png	c50_br	8100-lilith-web-screenshots	925	33
https://codec-corpus.r2.imazen.org/imazen-26-png-v3/1400-lilith-nature/1525_nature_wildflowers-in-garden_colorado_ip13pro_iso50-f1p5_img-3861_3024x4032.sdr.png	c25_br	1400-lilith-nature	926	6
https://codec-corpus.r2.imazen.org/imazen-26-png-v3/9226-lilith-ai-products/baby/9262_gen_products-baby_cardigan-cream-cable_flat_p0034_1024x1536.sdr.png	c50_center	9226-lilith-ai-products	927	5
https://codec-corpus.r2.imazen.org/imazen-26-png-v3/9094-lilith-ai-illustrations/9153_gen_illustrations_tea-ceremony-quiet_1024x1536.sdr.png	c50_center	9094-lilith-ai-illustrations	928	20
https://codec-corpus.r2.imazen.org/imazen-26-png-v3/6600-ia-scans-manuscript-illustrations/6609_scans-illustrations_hokusai-insects-creatures_plate0019_6234x4925.sdr.png	c25_tr	6600-ia-scans-manuscript-illustrations	929	38
https://codec-corpus.r2.imazen.org/imazen-26-png-v3/9094-lilith-ai-illustrations/9118_gen_illustrations_farmers-market-stall_1536x1024.sdr.png	c50_tr	9094-lilith-ai-illustrations	930	6
https://codec-corpus.r2.imazen.org/imazen-26-png-v3/8100-lilith-web-screenshots/1920x1080/8171_web-screenshots_lkml-lists-index_dpr1_page1_1920x1080.sdr.png	c50_bl	8100-lilith-web-screenshots	931	5
https://codec-corpus.r2.imazen.org/imazen-26-png-v3/6600-ia-scans-manuscript-illustrations/6604_scans-illustrations_haeckel-moths_plate0058_4865x7207.sdr.png	c25_bl	6600-ia-scans-manuscript-illustrations	932	2
https://codec-corpus.r2.imazen.org/imazen-26-png-v3/7000-lilith-plots/polygons/7087_plots_line-polygons-00227-s7fca561d_1024x1024.sdr.png	c25_center	7000-lilith-plots	933	15
https://codec-corpus.r2.imazen.org/imazen-26-png-v3/1200-lilith-interiors/1211_interiors_ornate-chandelier-ceiling_s23u_iso160-f2p4_20240423-192716_4000x3000.sdr.png	c50_center	1200-lilith-interiors	934	14
https://codec-corpus.r2.imazen.org/imazen-26-png-v3/7000-lilith-plots/polygons/7086_plots_line-polygons-00210-s2771b783_1024x1024.sdr.png	c50_tr	7000-lilith-plots	935	7
https://codec-corpus.r2.imazen.org/imazen-26-png-v3/8100-lilith-web-screenshots/1440x900/8121_web-screenshots_nasa-artemis_dpr1_page2_1440x900.sdr.png	c50_tl	8100-lilith-web-screenshots	936	19
https://codec-corpus.r2.imazen.org/imazen-26-png-v3/9226-lilith-ai-products/home/small-appliances/9848_gen_products-home-small-appliances_kettlebay-centrifugal-juicer_p0609_1024x1536.sdr.png	c25_tr	9226-lilith-ai-products	937	15
https://codec-corpus.r2.imazen.org/imazen-26-png-v3/9094-lilith-ai-illustrations/9154_gen_illustrations_tiny-mossy-friend_1024x1536.sdr.png	full	9094-lilith-ai-illustrations	938	25
https://codec-corpus.r2.imazen.org/imazen-26-png-v3/6600-ia-scans-manuscript-illustrations/6614_scans-illustrations_owenjones-moorish-arches_plate0248_2016x3000.sdr.png	c50_tr	6600-ia-scans-manuscript-illustrations	939	7
https://codec-corpus.r2.imazen.org/imazen-26-png-v3/9226-lilith-ai-products/clothing/womens/general/9487_gen_products-clothing-womens-general_cherry-retro-ski-intarsia-sweater_onmodel_p0256_2160x3840.sdr.png	full	9226-lilith-ai-products	940	15
https://codec-corpus.r2.imazen.org/imazen-26-png-v3/9094-lilith-ai-illustrations/9113_gen_illustrations_cyclist-bridge-golden-hour_1536x1024.sdr.png	c50_tl	9094-lilith-ai-illustrations	941	3
https://codec-corpus.r2.imazen.org/imazen-26-png-v3/1000-lilith-photos-general/1034_general_rainbow-painted-staircase_placa-pedro-infante-valladolid_s23u_iso50-f1p7_20230918-111645_2574x3432.sdr.png	c25_center	1000-lilith-photos-general	942	7
https://codec-corpus.r2.imazen.org/imazen-26-png-v3/7000-lilith-plots/aliased-lines/7017_plots_line-00230-s6a3b9505_1024x1024.sdr.png	c50_tr	7000-lilith-plots	943	3
https://codec-corpus.r2.imazen.org/imazen-26-png-v3/1400-lilith-nature/1492_nature_mountain-lake-landscape_whitehorse-canada_s25u_iso64-f1p7_20250805-162506_3000x4000.sdr.png	c50_tl	1400-lilith-nature	944	51
https://codec-corpus.r2.imazen.org/imazen-26-png-v3/7000-lilith-plots/real-charts/7108_plots_chart-bubble-10-slate_1024x1024.sdr.png	c50_bl	7000-lilith-plots	945	11
https://codec-corpus.r2.imazen.org/imazen-26-png-v3/8100-lilith-web-screenshots/768x1024/8331_web-screenshots_archives-exhibits_dpr1_page1_768x1024.sdr.png	c25_bl	8100-lilith-web-screenshots	946	2
https://codec-corpus.r2.imazen.org/imazen-26-png-v3/2400-unsplash-textures/2405_textures_green-galaxy-speckle_by-logan-voss-bsfdgf4xtac-unsplash_4320x7680.sdr.png	c50_center	2400-unsplash-textures	947	1
https://codec-corpus.r2.imazen.org/imazen-26-png-v3/8100-lilith-web-screenshots/375x667/8323_web-screenshots_usgs-topoview_dpr1_page1_375x667.sdr.png	c25_center	8100-lilith-web-screenshots	948	8
https://codec-corpus.r2.imazen.org/imazen-26-png-v3/9226-lilith-ai-products/clothing/womens/general/9526_gen_products-clothing-womens-general_denim-jacket_flat_p0291_1024x1024.sdr.png	c50_br	9226-lilith-ai-products	949	22
https://codec-corpus.r2.imazen.org/imazen-26-png-v3/9226-lilith-ai-products/beauty/9287_gen_products-beauty_auremor-retinol-night-serum_p0059_1024x1536.sdr.png	full	9226-lilith-ai-products	950	73
https://codec-corpus.r2.imazen.org/imazen-26-png-v3/3300-met-museum-photos/3300_met_still-life-violin-and-music_10997_2832x3722.sdr.png	c50_br	3300-met-museum-photos	951	47
https://codec-corpus.r2.imazen.org/imazen-26-png-v3/1200-lilith-interiors/1220_interiors_tree-covered-walkway_azulik-city-arts-francisco-uh-may_s23u_iso400-f2p2_20240601-153248_3000x4000.sdr.png	c25_bl	1200-lilith-interiors	952	6
https://codec-corpus.r2.imazen.org/imazen-26-png-v3/9226-lilith-ai-products/sporting-goods/9863_gen_products-sporting-goods_mens-beanie-rib_flat_p0624_1024x1024.sdr.png	c50_tr	9226-lilith-ai-products	953	9
https://codec-corpus.r2.imazen.org/imazen-26-png-v3/6000-lilith-scans-public-patents/lynn_conway_us5046022_1bitoriginal/6010_scans-patents_lynn-conway-us5046022-1bit_p011_2320x3408.sdr.png	c50_tr	6000-lilith-scans-public-patents	954	76
https://codec-corpus.r2.imazen.org/imazen-26-png-v3/7000-lilith-plots/aliased-polygons/7029_plots_line-00120-s410edf16_1024x1024.sdr.png	c50_bl	7000-lilith-plots	955	18
https://codec-corpus.r2.imazen.org/imazen-26-png-v3/1000-lilith-photos-general/1016_general_hanging-glass-lamp_seattle-center-seattle_s23u_iso250-f1p7_20230727-173815_2252x4000.sdr.png	c50_bl	1000-lilith-photos-general	956	18
https://codec-corpus.r2.imazen.org/imazen-26-png-v3/9226-lilith-ai-products/home/furniture/9787_gen_products-home-furniture_rounded-upholstered-ottoman_p0548_1024x1024.sdr.png	c25_bl	9226-lilith-ai-products	957	88
https://codec-corpus.r2.imazen.org/imazen-26-png-v3/6000-lilith-scans-public-patents/martha_jones_us77494_printrescancolor300/6093_scans-patents_martha-jones-us77494-rescan-color_p002_2479x3230.sdr.png	c25_center	6000-lilith-scans-public-patents	958	16
https://codec-corpus.r2.imazen.org/imazen-26-png-v3/6600-ia-scans-manuscript-illustrations/6615_scans-illustrations_owenjones-moorish-tiles_plate0418_2075x3000.sdr.png	c25_bl	6600-ia-scans-manuscript-illustrations	959	17
https://codec-corpus.r2.imazen.org/imazen-26-png-v3/1200-lilith-interiors/1228_interiors_stained-glass-windows_casa-batllo-barcelona_zfold7_iso2500-f1p7_20260315-205328_4000x3000.sdr.png	c25_bl	1200-lilith-interiors	960	26
https://codec-corpus.r2.imazen.org/imazen-26-png-v3/8100-lilith-web-screenshots/375x667/8307_web-screenshots_nps-grand-canyon_dpr1_page1_375x667.sdr.png	c25_bl	8100-lilith-web-screenshots	961	8
https://codec-corpus.r2.imazen.org/imazen-26-png-v3/6600-ia-scans-manuscript-illustrations/6616_scans-illustrations_owenjones-renaissance-panels_plate0540_2055x3000.sdr.png	full	6600-ia-scans-manuscript-illustrations	962	17
https://codec-corpus.r2.imazen.org/imazen-26-png-v3/9226-lilith-ai-products/grocery/9683_gen_products-grocery_honeyrun-wildflower-honey-jar_p0444_1024x1536.sdr.png	c50_center	9226-lilith-ai-products	963	18
https://codec-corpus.r2.imazen.org/imazen-26-png-v3/8100-lilith-web-screenshots/1920x1080/8169_web-screenshots_gutenberg-top_dpr1_page1_1920x1080.sdr.png	c25_center	8100-lilith-web-screenshots	964	35
https://codec-corpus.r2.imazen.org/imazen-26-png-v3/9226-lilith-ai-products/electronics/9585_gen_products-electronics_axion-usbc-dock_p0349_1536x1024.sdr.png	full	9226-lilith-ai-products	965	43
https://codec-corpus.r2.imazen.org/imazen-26-png-v3/8100-lilith-web-screenshots/1920x1080/8169_web-screenshots_gutenberg-top_dpr1_page1_1920x1080.sdr.png	c25_bl	8100-lilith-web-screenshots	966	4
https://codec-corpus.r2.imazen.org/imazen-26-png-v3/7000-lilith-plots/lines/7067_plots_line-concentric-00269-s0382639b_1024x1024.sdr.png	c50_center	7000-lilith-plots	967	6
https://codec-corpus.r2.imazen.org/imazen-26-png-v3/8100-lilith-web-screenshots/768x1024/8351_web-screenshots_nasa-image-of-day_dpr1_page1_768x1024.sdr.png	c25_center	8100-lilith-web-screenshots	968	3
https://codec-corpus.r2.imazen.org/imazen-26-png-v3/9226-lilith-ai-products/baby/9275_gen_products-baby_romper-yellow-gingham_flat_p0047_1024x1536.sdr.png	c50_center	9226-lilith-ai-products	969	2
https://codec-corpus.r2.imazen.org/imazen-26-png-v3/9226-lilith-ai-products/beverages/9332_gen_products-beverages_drypine-club-soda-mixer-can_p0103_1024x1536.sdr.png	c25_tl	9226-lilith-ai-products	970	32
https://codec-corpus.r2.imazen.org/imazen-26-png-v3/9226-lilith-ai-products/clothing/kids/9360_gen_products-clothing-kids_baby-overalls-denim-light-wash_flat_p0131_1024x1536.sdr.png	c50_center	9226-lilith-ai-products	971	1
https://codec-corpus.r2.imazen.org/imazen-26-png-v3/7000-lilith-plots/aliased-polygons/7022_plots_line-00001-s4fc8f443_1024x1024.sdr.png	c50_bl	7000-lilith-plots	972	1
https://codec-corpus.r2.imazen.org/imazen-26-png-v3/5300-noaa-hurricane-documents/5327_noaa_nhc-al102023-idalia_p16_2550x3300.sdr.png	c25_bl	5300-noaa-hurricane-documents	973	59
https://codec-corpus.r2.imazen.org/imazen-26-png-v3/6600-ia-scans-manuscript-illustrations/6620_scans-illustrations_redoute-rose-red-cluster_plate0173_2912x4368.sdr.png	c25_bl	6600-ia-scans-manuscript-illustrations	974	21
https://codec-corpus.r2.imazen.org/imazen-26-png-v3/7000-lilith-plots/random-charts/7095_plots_chart-00152-s5a1f19a0_1024x1024.sdr.png	c50_bl	7000-lilith-plots	975	4
https://codec-corpus.r2.imazen.org/imazen-26-png-v3/1200-lilith-interiors/1248_interiors_stone-staircase-tunnel_screenshot-20260526-075919-gallery_1638x2116.sdr.png	c50_br	1200-lilith-interiors	976	43
https://codec-corpus.r2.imazen.org/imazen-26-png-v3/9226-lilith-ai-products/electronics/9604_gen_products-electronics_lumen-mini-projector_p0368_1536x1024.sdr.png	full	9226-lilith-ai-products	977	75
https://codec-corpus.r2.imazen.org/imazen-26-png-v3/7000-lilith-plots/polygons/7078_plots_line-polygons-00038-s335b5033_1024x1024.sdr.png	c50_br	7000-lilith-plots	978	4
https://codec-corpus.r2.imazen.org/imazen-26-png-v3/1600-lilith-food/1601_food_sushi-roll-platter_colorado_s10_iso320-f2p4_20200212-181250_4032x3024.sdr.png	c50_br	1600-lilith-food	979	37
https://codec-corpus.r2.imazen.org/imazen-26-png-v3/9226-lilith-ai-products/clothing/womens/general/9502_gen_products-clothing-womens-general_indigo-utility-jumpsuit_onmodel_p0270_1024x1536.sdr.png	c50_br	9226-lilith-ai-products	980	46
https://codec-corpus.r2.imazen.org/imazen-26-png-v3/9094-lilith-ai-illustrations/9137_gen_illustrations_perched-owl-portrait_1024x1536.sdr.png	c50_center	9094-lilith-ai-illustrations	981	5
https://codec-corpus.r2.imazen.org/imazen-26-png-v3/6600-ia-scans-manuscript-illustrations/6630_scans-illustrations_trouvelot-aurora_plate04_5133x4773.sdr.png	c50_tl	6600-ia-scans-manuscript-illustrations	982	21
https://codec-corpus.r2.imazen.org/imazen-26-png-v3/9226-lilith-ai-products/clothing/mens/9419_gen_products-clothing-mens_saffron-camp-shirt_onmodel_p0190_1024x1536.sdr.png	c50_center	9226-lilith-ai-products	983	10
https://codec-corpus.r2.imazen.org/imazen-26-png-v3/3300-met-museum-photos/3311_met_jamb-stove_3689_2002x1717.sdr.png	c25_br	3300-met-museum-photos	984	14
https://codec-corpus.r2.imazen.org/imazen-26-png-v3/9094-lilith-ai-illustrations/9134_gen_illustrations_night-market-lanterns_1024x1536.sdr.png	c50_center	9094-lilith-ai-illustrations	985	6
https://codec-corpus.r2.imazen.org/imazen-26-png-v3/2000-unsplash-people/2024_people_by-sammy-swae-jaip1hvdvbg-unsplash_4672x7008.sdr.png	full	2000-unsplash-people	986	6
https://codec-corpus.r2.imazen.org/imazen-26-png-v3/6600-ia-scans-manuscript-illustrations/6632_scans-illustrations_trouvelot-jupiter_plate09_5133x4709.sdr.png	c25_center	6600-ia-scans-manuscript-illustrations	987	16
https://codec-corpus.r2.imazen.org/imazen-26-png-v3/8100-lilith-web-screenshots/2880x1800/8246_web-screenshots_nasa-webb_dpr2_page1_2880x1800.sdr.png	c50_tl	8100-lilith-web-screenshots	988	14
https://codec-corpus.r2.imazen.org/imazen-26-png-v3/8100-lilith-web-screenshots/other/8400_web-screenshots_cdc-home_dpr1_page1_2560x1440.sdr.png	c50_bl	8100-lilith-web-screenshots	989	35
https://codec-corpus.r2.imazen.org/imazen-26-png-v3/9094-lilith-ai-illustrations/9158_gen_illustrations_vinyl-listening-room_1024x1536.sdr.png	c25_tr	9094-lilith-ai-illustrations	990	1
https://codec-corpus.r2.imazen.org/imazen-26-png-v3/1400-lilith-nature/1450_nature_icebergs-in-lagoon_hornafjordur-iceland_s23u_iso500-f1p7_20231207-153457_4000x1868.sdr.png	c25_tl	1400-lilith-nature	991	45
https://codec-corpus.r2.imazen.org/imazen-26-png-v3/9226-lilith-ai-products/accessories/9230_gen_products-accessories_chunky-resin-bangle-stack_p0005_1024x1024.sdr.png	c50_center	9226-lilith-ai-products	992	7
https://codec-corpus.r2.imazen.org/imazen-26-png-v3/8100-lilith-web-screenshots/other/8468_web-screenshots_weather-satellites_dpr1_page1_414x896.sdr.png	c50_bl	8100-lilith-web-screenshots	993	5
https://codec-corpus.r2.imazen.org/imazen-26-png-v3/8100-lilith-web-screenshots/768x1024/8366_web-screenshots_nps-grand-canyon_dpr1_page2_768x1024.sdr.png	c50_br	8100-lilith-web-screenshots	994	43
https://codec-corpus.r2.imazen.org/imazen-26-png-v3/1000-lilith-photos-general/1071_general_illuminated-castle-night_flight-hippogriff-orlando_ip8plus_iso160-f1p8_img-9988_4032x3024.sdr.png	c25_bl	1000-lilith-photos-general	995	7
https://codec-corpus.r2.imazen.org/imazen-26-png-v3/8100-lilith-web-screenshots/other/8467_web-screenshots_weather-home_dpr1_page1_414x896.sdr.png	c25_br	8100-lilith-web-screenshots	996	5
https://codec-corpus.r2.imazen.org/imazen-26-png-v3/9226-lilith-ai-products/clothing/mens/9409_gen_products-clothing-mens_henley-shirt_flat_p0180_1024x1024.sdr.png	c50_center	9226-lilith-ai-products	997	4
https://codec-corpus.r2.imazen.org/imazen-26-png-v3/5000-national-park-service-brochures/color/5028_nps_wrst-wrst-chinese-reduced_color_p01_4961x7016.sdr.png	c50_tr	5000-national-park-service-brochures	998	29
https://codec-corpus.r2.imazen.org/imazen-26-png-v3/8100-lilith-web-screenshots/768x1024/8380_web-screenshots_usgs-main-home_dpr1_page2_768x1024.sdr.png	c50_center	8100-lilith-web-screenshots	999	4
