id	split	content_class	path	width	height	format	bytes_manifest	bytes_actual	sha256	raw_url	png_v3_sdr_url
1000	train	1000-lilith-photos-general	1000-lilith-photos-general/1000_general_red-convertible-car_mission-hills-san-diego-california_note9_iso50-f2p4_20190514-100811_4032x3024.jpg	4032	3024	jpg	2609679	2604013	625e89f4965cc16d038c37c04687c94035c8bd8ea236aebc82b2b960cd8cac8a	https://codec-corpus.r2.imazen.org/imazen-26-unprocessed/1000-lilith-photos-general/1000_general_red-convertible-car_mission-hills-san-diego-california_note9_iso50-f2p4_20190514-100811_4032x3024.jpg	https://codec-corpus.r2.imazen.org/imazen-26-png-v3/1000-lilith-photos-general/1000_general_red-convertible-car_mission-hills-san-diego-california_note9_iso50-f2p4_20190514-100811_4032x3024.sdr.png
1002	train	1000-lilith-photos-general	1000-lilith-photos-general/1002_general_oceanfront-hotel-building_ka-anapali-beach-kaanapali_s21u_iso640-f1p8_20210608-052615_4000x3000.jpg	4000	3000	jpg	3079235	3014622	937a789e05dc059d1337fae9294db8a4ecf4067c73c0b3b626f61ecc59137f30	https://codec-corpus.r2.imazen.org/imazen-26-unprocessed/1000-lilith-photos-general/1002_general_oceanfront-hotel-building_ka-anapali-beach-kaanapali_s21u_iso640-f1p8_20210608-052615_4000x3000.jpg	https://codec-corpus.r2.imazen.org/imazen-26-png-v3/1000-lilith-photos-general/1002_general_oceanfront-hotel-building_ka-anapali-beach-kaanapali_s21u_iso640-f1p8_20210608-052615_4000x3000.sdr.png
1004	train	1000-lilith-photos-general	1000-lilith-photos-general/1004_general_paint-color-samples_s21u_iso200-f1p8_20220304-144007_4000x3000.jpg	4000	3000	jpg	3081607	3029618	02fe35a72b46c834440db554301a59c91347d4aec843c6ac14495f2973a8b8e1	https://codec-corpus.r2.imazen.org/imazen-26-unprocessed/1000-lilith-photos-general/1004_general_paint-color-samples_s21u_iso200-f1p8_20220304-144007_4000x3000.jpg	https://codec-corpus.r2.imazen.org/imazen-26-png-v3/1000-lilith-photos-general/1004_general_paint-color-samples_s21u_iso200-f1p8_20220304-144007_4000x3000.sdr.png
1006	train	1000-lilith-photos-general	1000-lilith-photos-general/1006_general_church-steeple-among-trees_s21u_iso50-f1p8_20220304-182325_4000x3000.jpg	4000	3000	jpg	3446241	3380351	78a1c6a80bab29ab5be1c1e756b00e7fad1d70dcd5ecbbcfdd293da6a91fef01	https://codec-corpus.r2.imazen.org/imazen-26-unprocessed/1000-lilith-photos-general/1006_general_church-steeple-among-trees_s21u_iso50-f1p8_20220304-182325_4000x3000.jpg	https://codec-corpus.r2.imazen.org/imazen-26-png-v3/1000-lilith-photos-general/1006_general_church-steeple-among-trees_s21u_iso50-f1p8_20220304-182325_4000x3000.sdr.png
1008	train	1000-lilith-photos-general	1000-lilith-photos-general/1008_general_city-view-through-window_tokyo-skytree-sumida_s23u_iso50-f2p2_20230706-142333_4000x3000.jpg	4000	3000	jpg	3670083	3612160	46d9454f996cdf5871a3ceab6313863cbd97be8d7d90c848d3bf07de11f61db4	https://codec-corpus.r2.imazen.org/imazen-26-unprocessed/1000-lilith-photos-general/1008_general_city-view-through-window_tokyo-skytree-sumida_s23u_iso50-f2p2_20230706-142333_4000x3000.jpg	https://codec-corpus.r2.imazen.org/imazen-26-png-v3/1000-lilith-photos-general/1008_general_city-view-through-window_tokyo-skytree-sumida_s23u_iso50-f2p2_20230706-142333_4000x3000.sdr.png
1010	train	1000-lilith-photos-general	1000-lilith-photos-general/1010_general_floating-dock-on-lake_hakone-ekiden-museum-hakone_s23u_iso80-f4p9_20230707-172043_4000x3000.jpg	4000	3000	jpg	4712314	4650353	77d7b18fa221bff5786b8e3154bb915613d79a937db753f52ca52ab61daef6e8	https://codec-corpus.r2.imazen.org/imazen-26-unprocessed/1000-lilith-photos-general/1010_general_floating-dock-on-lake_hakone-ekiden-museum-hakone_s23u_iso80-f4p9_20230707-172043_4000x3000.jpg	https://codec-corpus.r2.imazen.org/imazen-26-png-v3/1000-lilith-photos-general/1010_general_floating-dock-on-lake_hakone-ekiden-museum-hakone_s23u_iso80-f4p9_20230707-172043_4000x3000.sdr.png
1012	train	1000-lilith-photos-general	1000-lilith-photos-general/1012_general_spiky-crystal-display_seattle-center-seattle_s23u_iso1000-f1p7_20230727-173012_2190x3131.jpg	2190	3131	jpg	987546	984227	fd7ec2c72cfb66b2f0ee0ed3fe149a9bb1a0ce40b015fc98fd5602b692f3301c	https://codec-corpus.r2.imazen.org/imazen-26-unprocessed/1000-lilith-photos-general/1012_general_spiky-crystal-display_seattle-center-seattle_s23u_iso1000-f1p7_20230727-173012_2190x3131.jpg	https://codec-corpus.r2.imazen.org/imazen-26-png-v3/1000-lilith-photos-general/1012_general_spiky-crystal-display_seattle-center-seattle_s23u_iso1000-f1p7_20230727-173012_2190x3131.sdr.png
1014	train	1000-lilith-photos-general	1000-lilith-photos-general/1014_general_colorful-glass-spheres_seattle-center-seattle_s23u_iso500-f1p7_20230727-173515_4000x3000.jpg	4000	3000	jpg	3633061	3579223	9174399c467494ee8d455744fc57868ba1d2f59f6516039c28d0d6cd09129804	https://codec-corpus.r2.imazen.org/imazen-26-unprocessed/1000-lilith-photos-general/1014_general_colorful-glass-spheres_seattle-center-seattle_s23u_iso500-f1p7_20230727-173515_4000x3000.jpg	https://codec-corpus.r2.imazen.org/imazen-26-png-v3/1000-lilith-photos-general/1014_general_colorful-glass-spheres_seattle-center-seattle_s23u_iso500-f1p7_20230727-173515_4000x3000.sdr.png
1016	train	1000-lilith-photos-general	1000-lilith-photos-general/1016_general_hanging-glass-lamp_seattle-center-seattle_s23u_iso250-f1p7_20230727-173815_4000x2252.jpg	4000	2252	jpg	3424889	3394960	8555c817f079e151509f6c8c936daa9a20a119192735aecf148ecf1fc5be61cd	https://codec-corpus.r2.imazen.org/imazen-26-unprocessed/1000-lilith-photos-general/1016_general_hanging-glass-lamp_seattle-center-seattle_s23u_iso250-f1p7_20230727-173815_4000x2252.jpg	https://codec-corpus.r2.imazen.org/imazen-26-png-v3/1000-lilith-photos-general/1016_general_hanging-glass-lamp_seattle-center-seattle_s23u_iso250-f1p7_20230727-173815_4000x2252.sdr.png
1018	train	1000-lilith-photos-general	1000-lilith-photos-general/1018_general_hanging-glass-sculptures_seattle-center-seattle_s23u_iso50-f2p4_20230727-174134_4000x3000.jpg	4000	3000	jpg	4536485	4472873	0ee660633a02818a2e0d300b7654cb2531cd5bea2c86117736809d7c364b7352	https://codec-corpus.r2.imazen.org/imazen-26-unprocessed/1000-lilith-photos-general/1018_general_hanging-glass-sculptures_seattle-center-seattle_s23u_iso50-f2p4_20230727-174134_4000x3000.jpg	https://codec-corpus.r2.imazen.org/imazen-26-png-v3/1000-lilith-photos-general/1018_general_hanging-glass-sculptures_seattle-center-seattle_s23u_iso50-f2p4_20230727-174134_4000x3000.sdr.png
1020	train	1000-lilith-photos-general	1000-lilith-photos-general/1020_general_space-needle-sculpture-garden_seattle-center-seattle_s23u_iso50-f2p2_20230727-174418_4000x3000.jpg	4000	3000	jpg	3914613	3853094	dd3c0186266bc3b22c40ea80dc784c8eda707eed8071bb44dcf0a1358b84ed0d	https://codec-corpus.r2.imazen.org/imazen-26-unprocessed/1000-lilith-photos-general/1020_general_space-needle-sculpture-garden_seattle-center-seattle_s23u_iso50-f2p2_20230727-174418_4000x3000.jpg	https://codec-corpus.r2.imazen.org/imazen-26-png-v3/1000-lilith-photos-general/1020_general_space-needle-sculpture-garden_seattle-center-seattle_s23u_iso50-f2p2_20230727-174418_4000x3000.sdr.png
1022	train	1000-lilith-photos-general	1000-lilith-photos-general/1022_general_thatched-roof-fence_azulik-city-arts-francisco-uh-may_s23u_iso50-f2p2_20230917-141034_4000x3000.jpg	4000	3000	jpg	6075729	6012827	dc35743f58ca0cdd0a11f8cf8aa510f7cc288bb3449b5ca1a97a12e35042993e	https://codec-corpus.r2.imazen.org/imazen-26-unprocessed/1000-lilith-photos-general/1022_general_thatched-roof-fence_azulik-city-arts-francisco-uh-may_s23u_iso50-f2p2_20230917-141034_4000x3000.jpg	https://codec-corpus.r2.imazen.org/imazen-26-png-v3/1000-lilith-photos-general/1022_general_thatched-roof-fence_azulik-city-arts-francisco-uh-may_s23u_iso50-f2p2_20230917-141034_4000x3000.sdr.png
1024	train	1000-lilith-photos-general	1000-lilith-photos-general/1024_general_outdoor-dining-table_azulik-city-arts-francisco-uh-may_s23u_iso100-f2p2_20230917-152718_4000x3000.jpg	4000	3000	jpg	4464674	4407843	71d59851b104365f4fdb4db8e3a50e2c2c36dcac0762968d902e3d963a27f937	https://codec-corpus.r2.imazen.org/imazen-26-unprocessed/1000-lilith-photos-general/1024_general_outdoor-dining-table_azulik-city-arts-francisco-uh-may_s23u_iso100-f2p2_20230917-152718_4000x3000.jpg	https://codec-corpus.r2.imazen.org/imazen-26-png-v3/1000-lilith-photos-general/1024_general_outdoor-dining-table_azulik-city-arts-francisco-uh-may_s23u_iso100-f2p2_20230917-152718_4000x3000.sdr.png
1026	train	1000-lilith-photos-general	1000-lilith-photos-general/1026_general_two-turtles-on-rock_hotel-zentik-project-valladolid_s23u_iso50-f4p9_20230918-105440_4000x3000.jpg	4000	3000	jpg	4433854	4371957	3e977ada8dcaa75d7c6e64b7a5325730e0cbc49089c192508e93c0db928783b4	https://codec-corpus.r2.imazen.org/imazen-26-unprocessed/1000-lilith-photos-general/1026_general_two-turtles-on-rock_hotel-zentik-project-valladolid_s23u_iso50-f4p9_20230918-105440_4000x3000.jpg	https://codec-corpus.r2.imazen.org/imazen-26-png-v3/1000-lilith-photos-general/1026_general_two-turtles-on-rock_hotel-zentik-project-valladolid_s23u_iso50-f4p9_20230918-105440_4000x3000.sdr.png
1028	train	1000-lilith-photos-general	1000-lilith-photos-general/1028_general_hands-holding-small-turtle_hotel-zentik-project-valladolid_s23u_iso25-f1p7_20230918-105607_4000x2252.jpg	4000	2252	jpg	2066539	2026181	d9df29cf4501abf92b758ceb28732393080a901fd114c536e0b0b1657bbf8c57	https://codec-corpus.r2.imazen.org/imazen-26-unprocessed/1000-lilith-photos-general/1028_general_hands-holding-small-turtle_hotel-zentik-project-valladolid_s23u_iso25-f1p7_20230918-105607_4000x2252.jpg	https://codec-corpus.r2.imazen.org/imazen-26-png-v3/1000-lilith-photos-general/1028_general_hands-holding-small-turtle_hotel-zentik-project-valladolid_s23u_iso25-f1p7_20230918-105607_4000x2252.sdr.png
1030	train	1000-lilith-photos-general	1000-lilith-photos-general/1030_general_wooden-figure-planter_hotel-zentik-project-valladolid_s23u_iso200-f2p4_20230918-105951_4000x3000.jpg	4000	3000	jpg	2559144	2518240	ee49d360bbb2f1077c051bdc8b51f7ceca6debcd7ab7566afb7b64a25c5b2e0e	https://codec-corpus.r2.imazen.org/imazen-26-unprocessed/1000-lilith-photos-general/1030_general_wooden-figure-planter_hotel-zentik-project-valladolid_s23u_iso200-f2p4_20230918-105951_4000x3000.jpg	https://codec-corpus.r2.imazen.org/imazen-26-png-v3/1000-lilith-photos-general/1030_general_wooden-figure-planter_hotel-zentik-project-valladolid_s23u_iso200-f2p4_20230918-105951_4000x3000.sdr.png
1032	train	1000-lilith-photos-general	1000-lilith-photos-general/1032_general_colorful-wall-mural_hotel-zentik-project-valladolid_s23u_iso20-f1p7_20230918-110521_4000x3000.jpg	4000	3000	jpg	4991108	4927776	2faf23ae7bd838b88b4b7048e4f81ce45fea032e7c315ec8d44e35e69c144359	https://codec-corpus.r2.imazen.org/imazen-26-unprocessed/1000-lilith-photos-general/1032_general_colorful-wall-mural_hotel-zentik-project-valladolid_s23u_iso20-f1p7_20230918-110521_4000x3000.jpg	https://codec-corpus.r2.imazen.org/imazen-26-png-v3/1000-lilith-photos-general/1032_general_colorful-wall-mural_hotel-zentik-project-valladolid_s23u_iso20-f1p7_20230918-110521_4000x3000.sdr.png
1034	train	1000-lilith-photos-general	1000-lilith-photos-general/1034_general_rainbow-painted-staircase_placa-pedro-infante-valladolid_s23u_iso50-f1p7_20230918-111645_2574x3432.jpg	2574	3432	jpg	1887128	1882333	e8a389057e22016618d1d7176d7a8296eb1b9865682025e1c117a70715d34042	https://codec-corpus.r2.imazen.org/imazen-26-unprocessed/1000-lilith-photos-general/1034_general_rainbow-painted-staircase_placa-pedro-infante-valladolid_s23u_iso50-f1p7_20230918-111645_2574x3432.jpg	https://codec-corpus.r2.imazen.org/imazen-26-png-v3/1000-lilith-photos-general/1034_general_rainbow-painted-staircase_placa-pedro-infante-valladolid_s23u_iso50-f1p7_20230918-111645_2574x3432.sdr.png
1036	train	1000-lilith-photos-general	1000-lilith-photos-general/1036_general_stone-temple-carvings_ek-balam_s23u_iso16-f1p7_20230918-152107_4000x3000.jpg	4000	3000	jpg	5554871	5488276	1ac4de167ec6476a7d93c4b9ad6d939c7d23aa3861bb296445b4e201bf6a0f0c	https://codec-corpus.r2.imazen.org/imazen-26-unprocessed/1000-lilith-photos-general/1036_general_stone-temple-carvings_ek-balam_s23u_iso16-f1p7_20230918-152107_4000x3000.jpg	https://codec-corpus.r2.imazen.org/imazen-26-png-v3/1000-lilith-photos-general/1036_general_stone-temple-carvings_ek-balam_s23u_iso16-f1p7_20230918-152107_4000x3000.sdr.png
1038	train	1000-lilith-photos-general	1000-lilith-photos-general/1038_general_stone-building-entrance_ek-balam_s23u_iso20-f1p7_20230918-152619_4000x3000.jpg	4000	3000	jpg	3616080	3562242	712b4142fd6598eafdf615ab3ab4eccd1ca58c0d21be64d6c661db68793ab80a	https://codec-corpus.r2.imazen.org/imazen-26-unprocessed/1000-lilith-photos-general/1038_general_stone-building-entrance_ek-balam_s23u_iso20-f1p7_20230918-152619_4000x3000.jpg	https://codec-corpus.r2.imazen.org/imazen-26-png-v3/1000-lilith-photos-general/1038_general_stone-building-entrance_ek-balam_s23u_iso20-f1p7_20230918-152619_4000x3000.sdr.png
1040	train	1000-lilith-photos-general	1000-lilith-photos-general/1040_general_roller-coaster-ride_fuji-q-highland-fujikawaguchiko_s23u_iso50-f2p4_20231030-160417_4000x3000.jpg	4000	3000	jpg	3326330	3274773	21994e6d3c88b4cafb0fa35935095d594231c2093b5955f58decb9d27ad0e056	https://codec-corpus.r2.imazen.org/imazen-26-unprocessed/1000-lilith-photos-general/1040_general_roller-coaster-ride_fuji-q-highland-fujikawaguchiko_s23u_iso50-f2p4_20231030-160417_4000x3000.jpg	https://codec-corpus.r2.imazen.org/imazen-26-png-v3/1000-lilith-photos-general/1040_general_roller-coaster-ride_fuji-q-highland-fujikawaguchiko_s23u_iso50-f2p4_20231030-160417_4000x3000.sdr.png
1042	train	1000-lilith-photos-general	1000-lilith-photos-general/1042_general_dragon-fountain-statue_monument-inochi-kyoto_s23u_iso100-f1p7_20231107-111520_4000x3000.heic	4000	3000	heic	5125861	5128844	f667ddaef238f8dc22f4665782a8df10a28ae4eb618cede8d65e3e26986b34b4	https://codec-corpus.r2.imazen.org/imazen-26-unprocessed/1000-lilith-photos-general/1042_general_dragon-fountain-statue_monument-inochi-kyoto_s23u_iso100-f1p7_20231107-111520_4000x3000.heic	https://codec-corpus.r2.imazen.org/imazen-26-png-v3/1000-lilith-photos-general/1042_general_dragon-fountain-statue_monument-inochi-kyoto_s23u_iso100-f1p7_20231107-111520_4000x3000.sdr.png
1044	train	1000-lilith-photos-general	1000-lilith-photos-general/1044_general_sticker-covered-wall-panel_gljufrabui-rangarthing-eystra_s23u_iso125-f1p7_20231206-150232_4000x3000.heic	4000	3000	heic	6586959	6588543	3fb4eedeeda5d673b750664a4cd25fe3924ba6a997a0cf09b42cdd5411679f8b	https://codec-corpus.r2.imazen.org/imazen-26-unprocessed/1000-lilith-photos-general/1044_general_sticker-covered-wall-panel_gljufrabui-rangarthing-eystra_s23u_iso125-f1p7_20231206-150232_4000x3000.heic	https://codec-corpus.r2.imazen.org/imazen-26-png-v3/1000-lilith-photos-general/1044_general_sticker-covered-wall-panel_gljufrabui-rangarthing-eystra_s23u_iso125-f1p7_20231206-150232_4000x3000.sdr.png
1046	train	1000-lilith-photos-general	1000-lilith-photos-general/1046_general_canal-night-cityscape_memorial-anchor-copenhagen_s23u_iso800-f2p4_20231213-173257_4000x3000.heic	4000	3000	heic	1593843	1596809	957e45045e23ae501f12679ec6a82767e9880eb8c15daa43866bdc6b34af0571	https://codec-corpus.r2.imazen.org/imazen-26-unprocessed/1000-lilith-photos-general/1046_general_canal-night-cityscape_memorial-anchor-copenhagen_s23u_iso800-f2p4_20231213-173257_4000x3000.heic	https://codec-corpus.r2.imazen.org/imazen-26-png-v3/1000-lilith-photos-general/1046_general_canal-night-cityscape_memorial-anchor-copenhagen_s23u_iso800-f2p4_20231213-173257_4000x3000.sdr.png
1048	train	1000-lilith-photos-general	1000-lilith-photos-general/1048_general_people-snowboarding-in-snow_colorado_s23u_iso12-f1p7_20240325-104900_4000x3000.jpg	4000	3000	jpg	1730317	1695744	42222a2932bbc3a68b0f5c50b8e06a19f8b2099466bc240191ac3f973d473ed6	https://codec-corpus.r2.imazen.org/imazen-26-unprocessed/1000-lilith-photos-general/1048_general_people-snowboarding-in-snow_colorado_s23u_iso12-f1p7_20240325-104900_4000x3000.jpg	https://codec-corpus.r2.imazen.org/imazen-26-png-v3/1000-lilith-photos-general/1048_general_people-snowboarding-in-snow_colorado_s23u_iso12-f1p7_20240325-104900_4000x3000.sdr.png
1050	train	1000-lilith-photos-general	1000-lilith-photos-general/1050_general_riverside-walkway-and-river_louvre-palace-paris_s23u_iso50-f2p2_20240425-154625_4000x3000.jpg	4000	3000	jpg	3573639	3525259	9388c58a4a8dfdc7320bf5bd440776d6aedf86d8da36d877bd3b600feb4775af	https://codec-corpus.r2.imazen.org/imazen-26-unprocessed/1000-lilith-photos-general/1050_general_riverside-walkway-and-river_louvre-palace-paris_s23u_iso50-f2p2_20240425-154625_4000x3000.jpg	https://codec-corpus.r2.imazen.org/imazen-26-png-v3/1000-lilith-photos-general/1050_general_riverside-walkway-and-river_louvre-palace-paris_s23u_iso50-f2p2_20240425-154625_4000x3000.sdr.png
1052	train	1000-lilith-photos-general	1000-lilith-photos-general/1052_general_framed-building-painting_museum-orsay-paris_s23u_iso500-f2p4_20240425-185701_4000x3000.jpg	4000	3000	jpg	4228901	4162744	b00ab38f712d2057d85ebd792cb7adfff13326b13ce21c318bdb662544dc2201	https://codec-corpus.r2.imazen.org/imazen-26-unprocessed/1000-lilith-photos-general/1052_general_framed-building-painting_museum-orsay-paris_s23u_iso500-f2p4_20240425-185701_4000x3000.jpg	https://codec-corpus.r2.imazen.org/imazen-26-png-v3/1000-lilith-photos-general/1052_general_framed-building-painting_museum-orsay-paris_s23u_iso500-f2p4_20240425-185701_4000x3000.sdr.png
1054	train	1000-lilith-photos-general	1000-lilith-photos-general/1054_general_modern-art-museum-exterior-paris_s23u_iso10-f1p7_20240427-165529_4000x3000.jpg	4000	3000	jpg	3682859	3630102	d9c0aefe208a8aa4cc8a5547c4898808b396d988815a85a24db8a7648758b087	https://codec-corpus.r2.imazen.org/imazen-26-unprocessed/1000-lilith-photos-general/1054_general_modern-art-museum-exterior-paris_s23u_iso10-f1p7_20240427-165529_4000x3000.jpg	https://codec-corpus.r2.imazen.org/imazen-26-png-v3/1000-lilith-photos-general/1054_general_modern-art-museum-exterior-paris_s23u_iso10-f1p7_20240427-165529_4000x3000.sdr.png
1056	train	1000-lilith-photos-general	1000-lilith-photos-general/1056_general_flower-bouquet-and-cards_colorado_s23u_iso80-f2p4_20240505-172513_4000x3000.jpg	4000	3000	jpg	3436249	3377524	3561afef1832d9432a49d360bf482ec71e7284edac9c0b58a1725efe84bac92f	https://codec-corpus.r2.imazen.org/imazen-26-unprocessed/1000-lilith-photos-general/1056_general_flower-bouquet-and-cards_colorado_s23u_iso80-f2p4_20240505-172513_4000x3000.jpg	https://codec-corpus.r2.imazen.org/imazen-26-png-v3/1000-lilith-photos-general/1056_general_flower-bouquet-and-cards_colorado_s23u_iso80-f2p4_20240505-172513_4000x3000.sdr.png
1058	train	1000-lilith-photos-general	1000-lilith-photos-general/1058_general_balcony-building-facade_waikiki-beach-east-honolulu_s23u_iso25-f1p7_20241104-163816_4000x3000.jpg	4000	3000	jpg	3477185	3422345	e6376ee8e8fdafc2379b8c6e8c6326aea475c52b11c8264b5abd867b47a0aa9f	https://codec-corpus.r2.imazen.org/imazen-26-unprocessed/1000-lilith-photos-general/1058_general_balcony-building-facade_waikiki-beach-east-honolulu_s23u_iso25-f1p7_20241104-163816_4000x3000.jpg	https://codec-corpus.r2.imazen.org/imazen-26-png-v3/1000-lilith-photos-general/1058_general_balcony-building-facade_waikiki-beach-east-honolulu_s23u_iso25-f1p7_20241104-163816_4000x3000.sdr.png
1060	train	1000-lilith-photos-general	1000-lilith-photos-general/1060_general_tiered-floral-cake_colorado_s23u_iso125-f1p7_20250202-141907_4000x3000.jpg	4000	3000	jpg	3314114	3250421	dea4d4464ef8e551d5934af5b4987d348254eb67044ebf58450d36ac05e1b0b6	https://codec-corpus.r2.imazen.org/imazen-26-unprocessed/1000-lilith-photos-general/1060_general_tiered-floral-cake_colorado_s23u_iso125-f1p7_20250202-141907_4000x3000.jpg	https://codec-corpus.r2.imazen.org/imazen-26-png-v3/1000-lilith-photos-general/1060_general_tiered-floral-cake_colorado_s23u_iso125-f1p7_20250202-141907_4000x3000.sdr.png
1062	train	1000-lilith-photos-general	1000-lilith-photos-general/1062_general_boat-on-water_numazu-japan_s23u_iso50-f2p2_20250307-173047_4000x3000.jpg	4000	3000	jpg	2732516	2686464	718701cc17fee928329609d121ec5d47db35e5ea65d8b6311ec93b931fc44f7a	https://codec-corpus.r2.imazen.org/imazen-26-unprocessed/1000-lilith-photos-general/1062_general_boat-on-water_numazu-japan_s23u_iso50-f2p2_20250307-173047_4000x3000.jpg	https://codec-corpus.r2.imazen.org/imazen-26-png-v3/1000-lilith-photos-general/1062_general_boat-on-water_numazu-japan_s23u_iso50-f2p2_20250307-173047_4000x3000.sdr.png
1064	train	1000-lilith-photos-general	1000-lilith-photos-general/1064_general_castle-bridge-moat_montjuic-castle-barcelona_zfold7_iso40-f1p7_20260315-175347_4000x3000.jpg	4000	3000	jpg	4313594	4195390	38b70db57869393c039d73007a06d779511ee99c880f8849c7f26a75ea592198	https://codec-corpus.r2.imazen.org/imazen-26-unprocessed/1000-lilith-photos-general/1064_general_castle-bridge-moat_montjuic-castle-barcelona_zfold7_iso40-f1p7_20260315-175347_4000x3000.jpg	https://codec-corpus.r2.imazen.org/imazen-26-png-v3/1000-lilith-photos-general/1064_general_castle-bridge-moat_montjuic-castle-barcelona_zfold7_iso40-f1p7_20260315-175347_4000x3000.sdr.png
1066	train	1000-lilith-photos-general	1000-lilith-photos-general/1066_general_stone-building-facade_park-guell-barcelona_zfold7_iso80-f1p7_20260318-172109_4000x3000.jpg	4000	3000	jpg	5022234	4853621	74c36349af7c9e505795173c0b924276825194da886e8b59a221baaf959da970	https://codec-corpus.r2.imazen.org/imazen-26-unprocessed/1000-lilith-photos-general/1066_general_stone-building-facade_park-guell-barcelona_zfold7_iso80-f1p7_20260318-172109_4000x3000.jpg	https://codec-corpus.r2.imazen.org/imazen-26-png-v3/1000-lilith-photos-general/1066_general_stone-building-facade_park-guell-barcelona_zfold7_iso80-f1p7_20260318-172109_4000x3000.sdr.png
1068	train	1000-lilith-photos-general	1000-lilith-photos-general/1068_general_glowing-blue-glass-sphere_house-eternal-return-meow-wolf-santa-fe_ip8plus_iso100-f1p8_img-7632_4032x3024.heic	4032	3024	heic	1428555	1431377	be0932a9a40ce259f38fb330ce1100f9d7a30483dc9a68920c41e9269063de9b	https://codec-corpus.r2.imazen.org/imazen-26-unprocessed/1000-lilith-photos-general/1068_general_glowing-blue-glass-sphere_house-eternal-return-meow-wolf-santa-fe_ip8plus_iso100-f1p8_img-7632_4032x3024.heic	https://codec-corpus.r2.imazen.org/imazen-26-png-v3/1000-lilith-photos-general/1068_general_glowing-blue-glass-sphere_house-eternal-return-meow-wolf-santa-fe_ip8plus_iso100-f1p8_img-7632_4032x3024.sdr.png
1070	train	1000-lilith-photos-general	1000-lilith-photos-general/1070_general_stone-temple-ruins_ip13pro_iso50-f1p5_img-8852_4032x3024.heic	4032	3024	heic	4422564	4425460	537ebf67eebbf41c7c81bba8acb0dda40b8e3912a00565edffab2ce40b5ffd88	https://codec-corpus.r2.imazen.org/imazen-26-unprocessed/1000-lilith-photos-general/1070_general_stone-temple-ruins_ip13pro_iso50-f1p5_img-8852_4032x3024.heic	https://codec-corpus.r2.imazen.org/imazen-26-png-v3/1000-lilith-photos-general/1070_general_stone-temple-ruins_ip13pro_iso50-f1p5_img-8852_4032x3024.sdr.png
1200	train	1200-lilith-interiors	1200-lilith-interiors/1200_interiors_reflective-egg-sculptures_s23u_iso10-f1p7_20230704-121114_4000x3000.jpg	4000	3000	jpg	4844485	4780659	021cde631d0801fb9f7ac813e200f27d73bf0495f2b44af85a30ad1cdd453fe9	https://codec-corpus.r2.imazen.org/imazen-26-unprocessed/1200-lilith-interiors/1200_interiors_reflective-egg-sculptures_s23u_iso10-f1p7_20230704-121114_4000x3000.jpg	https://codec-corpus.r2.imazen.org/imazen-26-png-v3/1200-lilith-interiors/1200_interiors_reflective-egg-sculptures_s23u_iso10-f1p7_20230704-121114_4000x3000.sdr.png
1202	train	1200-lilith-interiors	1200-lilith-interiors/1202_interiors_abstract-textured-pattern_seattle-center-seattle_s23u_iso1000-f1p7_20230727-164305_4000x3000.jpg	4000	3000	jpg	5159701	5095131	2d39c5da635cdcde822df8ed59b346bf646640e6e4dd8438c343c137096f3d0f	https://codec-corpus.r2.imazen.org/imazen-26-unprocessed/1200-lilith-interiors/1202_interiors_abstract-textured-pattern_seattle-center-seattle_s23u_iso1000-f1p7_20230727-164305_4000x3000.jpg	https://codec-corpus.r2.imazen.org/imazen-26-png-v3/1200-lilith-interiors/1202_interiors_abstract-textured-pattern_seattle-center-seattle_s23u_iso1000-f1p7_20230727-164305_4000x3000.sdr.png
1204	train	1200-lilith-interiors	1200-lilith-interiors/1204_interiors_rustic-outdoor-dining-area_s23u_iso125-f2p2_20230915-124518_4000x3000.jpg	4000	3000	jpg	4864699	4805004	66ffca3a8cd20306711ba8b833ca943447e925c61f0fcbef34694d5047328a97	https://codec-corpus.r2.imazen.org/imazen-26-unprocessed/1200-lilith-interiors/1204_interiors_rustic-outdoor-dining-area_s23u_iso125-f2p2_20230915-124518_4000x3000.jpg	https://codec-corpus.r2.imazen.org/imazen-26-png-v3/1200-lilith-interiors/1204_interiors_rustic-outdoor-dining-area_s23u_iso125-f2p2_20230915-124518_4000x3000.sdr.png
1206	train	1200-lilith-interiors	1200-lilith-interiors/1206_interiors_tree-like-sculpture-ceiling_azulik-city-arts-francisco-uh-may_s23u_iso80-f2p2_20230917-143302_4000x3000.jpg	4000	3000	jpg	4959090	4893708	f187d635b7e2d54a06794e7531ae63342c27e900d37f932cadbd4a34ade5f766	https://codec-corpus.r2.imazen.org/imazen-26-unprocessed/1200-lilith-interiors/1206_interiors_tree-like-sculpture-ceiling_azulik-city-arts-francisco-uh-may_s23u_iso80-f2p2_20230917-143302_4000x3000.jpg	https://codec-corpus.r2.imazen.org/imazen-26-png-v3/1200-lilith-interiors/1206_interiors_tree-like-sculpture-ceiling_azulik-city-arts-francisco-uh-may_s23u_iso80-f2p2_20230917-143302_4000x3000.sdr.png
1208	train	1200-lilith-interiors	1200-lilith-interiors/1208_interiors_woven-hammock-by-beach_hotel-zentik-project-valladolid_s23u_iso20-f1p7_20230918-110558_4000x3000.jpg	4000	3000	jpg	4362148	4297234	444d57a7b9e43f726c6a7d809cb28f11e26bf289d687fca95e5472ce59a410cb	https://codec-corpus.r2.imazen.org/imazen-26-unprocessed/1200-lilith-interiors/1208_interiors_woven-hammock-by-beach_hotel-zentik-project-valladolid_s23u_iso20-f1p7_20230918-110558_4000x3000.jpg	https://codec-corpus.r2.imazen.org/imazen-26-png-v3/1200-lilith-interiors/1208_interiors_woven-hammock-by-beach_hotel-zentik-project-valladolid_s23u_iso20-f1p7_20230918-110558_4000x3000.sdr.png
1210	train	1200-lilith-interiors	1200-lilith-interiors/1210_interiors_sunlit-living-room_square-du-temple-elie-wiesel-paris_s23u_iso100-f1p7_20240421-153756_4000x3000.jpg	4000	3000	jpg	4567185	4508744	89463796b89e17a8b99c1c7450f0111aef1d4be31b390ace84769e79a2bb8c8c	https://codec-corpus.r2.imazen.org/imazen-26-unprocessed/1200-lilith-interiors/1210_interiors_sunlit-living-room_square-du-temple-elie-wiesel-paris_s23u_iso100-f1p7_20240421-153756_4000x3000.jpg	https://codec-corpus.r2.imazen.org/imazen-26-png-v3/1200-lilith-interiors/1210_interiors_sunlit-living-room_square-du-temple-elie-wiesel-paris_s23u_iso100-f1p7_20240421-153756_4000x3000.sdr.png
1212	train	1200-lilith-interiors	1200-lilith-interiors/1212_interiors_ornate-ceiling-mural_opera-garnier-paris_s23u_iso800-f1p7_20240423-220507_4000x3000.jpg	4000	3000	jpg	5197354	5136225	ae7d8ef799040763fef373533c8c52fd8d21a4fe4548d808a72132278f53d940	https://codec-corpus.r2.imazen.org/imazen-26-unprocessed/1200-lilith-interiors/1212_interiors_ornate-ceiling-mural_opera-garnier-paris_s23u_iso800-f1p7_20240423-220507_4000x3000.jpg	https://codec-corpus.r2.imazen.org/imazen-26-png-v3/1200-lilith-interiors/1212_interiors_ornate-ceiling-mural_opera-garnier-paris_s23u_iso800-f1p7_20240423-220507_4000x3000.sdr.png
1214	train	1200-lilith-interiors	1200-lilith-interiors/1214_interiors_ornate-painted-ceiling_queen-s-grand-apartment-versailles_s23u_iso80-f2p2_20240424-123020_3000x3556.jpg	3000	3556	jpg	3926196	3927847	e31bdea2aba64b5b75f513786fca37de61dec8ce91a579de1479effbe3eb5a3e	https://codec-corpus.r2.imazen.org/imazen-26-unprocessed/1200-lilith-interiors/1214_interiors_ornate-painted-ceiling_queen-s-grand-apartment-versailles_s23u_iso80-f2p2_20240424-123020_3000x3556.jpg	https://codec-corpus.r2.imazen.org/imazen-26-png-v3/1200-lilith-interiors/1214_interiors_ornate-painted-ceiling_queen-s-grand-apartment-versailles_s23u_iso80-f2p2_20240424-123020_3000x3556.sdr.png
1216	train	1200-lilith-interiors	1200-lilith-interiors/1216_interiors_ornate-standing-mirror_square-du-temple-elie-wiesel-paris_s23u_iso200-f1p7_20240429-114934-1_4000x3000.jpg	4000	3000	jpg	5523324	5468992	612c19799bd197b9484f34d6002196ae24769eca13f231e0b1a509232f7c408b	https://codec-corpus.r2.imazen.org/imazen-26-unprocessed/1200-lilith-interiors/1216_interiors_ornate-standing-mirror_square-du-temple-elie-wiesel-paris_s23u_iso200-f1p7_20240429-114934-1_4000x3000.jpg	https://codec-corpus.r2.imazen.org/imazen-26-png-v3/1200-lilith-interiors/1216_interiors_ornate-standing-mirror_square-du-temple-elie-wiesel-paris_s23u_iso200-f1p7_20240429-114934-1_4000x3000.sdr.png
1218	train	1200-lilith-interiors	1200-lilith-interiors/1218_interiors_bathroom-sinks-mirror_las-5-calles-valladolid_s23u_iso320-f1p7_20240529-081045_3000x4000.jpg	3000	4000	jpg	2371949	2368124	e3196538432e81af93d50c99cae7b7aec14c8912b2565a5d1cd944a36ed4d5cc	https://codec-corpus.r2.imazen.org/imazen-26-unprocessed/1200-lilith-interiors/1218_interiors_bathroom-sinks-mirror_las-5-calles-valladolid_s23u_iso320-f1p7_20240529-081045_3000x4000.jpg	https://codec-corpus.r2.imazen.org/imazen-26-png-v3/1200-lilith-interiors/1218_interiors_bathroom-sinks-mirror_las-5-calles-valladolid_s23u_iso320-f1p7_20240529-081045_3000x4000.sdr.png
1220	train	1200-lilith-interiors	1200-lilith-interiors/1220_interiors_tree-covered-walkway_azulik-city-arts-francisco-uh-may_s23u_iso400-f2p2_20240601-153248_4000x3000.jpg	4000	3000	jpg	6269253	6212215	6d7ae7accfbbff8bebf0ab3e78ff7d918825bf26f1f1493955d04f9faa2d9373	https://codec-corpus.r2.imazen.org/imazen-26-unprocessed/1200-lilith-interiors/1220_interiors_tree-covered-walkway_azulik-city-arts-francisco-uh-may_s23u_iso400-f2p2_20240601-153248_4000x3000.jpg	https://codec-corpus.r2.imazen.org/imazen-26-png-v3/1200-lilith-interiors/1220_interiors_tree-covered-walkway_azulik-city-arts-francisco-uh-may_s23u_iso400-f2p2_20240601-153248_4000x3000.sdr.png
1222	train	1200-lilith-interiors	1200-lilith-interiors/1222_interiors_japanese-style-room_tatsuta-izu_s23u_iso320-f2p2_20250304-160906_4000x3000.jpg	4000	3000	jpg	3628743	3576053	b6c06d716ea781672805162107ee0befda1b506d36dcd8b1eea7b3c4f014c6c6	https://codec-corpus.r2.imazen.org/imazen-26-unprocessed/1200-lilith-interiors/1222_interiors_japanese-style-room_tatsuta-izu_s23u_iso320-f2p2_20250304-160906_4000x3000.jpg	https://codec-corpus.r2.imazen.org/imazen-26-png-v3/1200-lilith-interiors/1222_interiors_japanese-style-room_tatsuta-izu_s23u_iso320-f2p2_20250304-160906_4000x3000.sdr.png
1224	train	1200-lilith-interiors	1200-lilith-interiors/1224_interiors_screened-porch-ocean-view_minamiizu-japan_s23u_iso16-f1p7_20250306-162953_4000x3000.jpg	4000	3000	jpg	4449634	4389454	490203a788c9fc378b7861e611aa7be63b89c03a09f20937997afe343709b672	https://codec-corpus.r2.imazen.org/imazen-26-unprocessed/1200-lilith-interiors/1224_interiors_screened-porch-ocean-view_minamiizu-japan_s23u_iso16-f1p7_20250306-162953_4000x3000.jpg	https://codec-corpus.r2.imazen.org/imazen-26-png-v3/1200-lilith-interiors/1224_interiors_screened-porch-ocean-view_minamiizu-japan_s23u_iso16-f1p7_20250306-162953_4000x3000.sdr.png
1226	train	1200-lilith-interiors	1200-lilith-interiors/1226_interiors_hotel-lobby-interior_mt-awashima-numazu_s23u_iso250-f2p2_20250307-195449_4000x3000.jpg	4000	3000	jpg	2254140	2191689	59f3b90f11182f31de9ed7a0adcd361176a3fcf0b8428fa816aa070f19048cdc	https://codec-corpus.r2.imazen.org/imazen-26-unprocessed/1200-lilith-interiors/1226_interiors_hotel-lobby-interior_mt-awashima-numazu_s23u_iso250-f2p2_20250307-195449_4000x3000.jpg	https://codec-corpus.r2.imazen.org/imazen-26-png-v3/1200-lilith-interiors/1226_interiors_hotel-lobby-interior_mt-awashima-numazu_s23u_iso250-f2p2_20250307-195449_4000x3000.sdr.png
1228	train	1200-lilith-interiors	1200-lilith-interiors/1228_interiors_stained-glass-windows_casa-batllo-barcelona_zfold7_iso2500-f1p7_20260315-205328_4000x3000.jpg	4000	3000	jpg	3809222	3676983	cbe6201319bc9fd53caae6e9601cb8f1cb590295a13f09ab2e5dc6adc84c2756	https://codec-corpus.r2.imazen.org/imazen-26-unprocessed/1200-lilith-interiors/1228_interiors_stained-glass-windows_casa-batllo-barcelona_zfold7_iso2500-f1p7_20260315-205328_4000x3000.jpg	https://codec-corpus.r2.imazen.org/imazen-26-png-v3/1200-lilith-interiors/1228_interiors_stained-glass-windows_casa-batllo-barcelona_zfold7_iso2500-f1p7_20260315-205328_4000x3000.sdr.png
1230	train	1200-lilith-interiors	1200-lilith-interiors/1230_interiors_empty-tiled-pool_casa-batllo-barcelona_zfold7_iso640-f1p7_20260315-210432_4000x3000.jpg	4000	3000	jpg	2670281	2563026	1a6fff0b5d04d990f2321dffff73a56e214e42433d1a112d3a7e8f8789839634	https://codec-corpus.r2.imazen.org/imazen-26-unprocessed/1200-lilith-interiors/1230_interiors_empty-tiled-pool_casa-batllo-barcelona_zfold7_iso640-f1p7_20260315-210432_4000x3000.jpg	https://codec-corpus.r2.imazen.org/imazen-26-png-v3/1200-lilith-interiors/1230_interiors_empty-tiled-pool_casa-batllo-barcelona_zfold7_iso640-f1p7_20260315-210432_4000x3000.sdr.png
1232	train	1200-lilith-interiors	1200-lilith-interiors/1232_interiors_stained-glass-windows_sagrada-familia-barcelona_zfold7_iso400-f1p7_20260317-144409_4000x3000.jpg	4000	3000	jpg	3350289	3215224	3d3cabf54deb24ab8a2bfddde75c47dc4a36145a303c10f0f1589d7a23650b49	https://codec-corpus.r2.imazen.org/imazen-26-unprocessed/1200-lilith-interiors/1232_interiors_stained-glass-windows_sagrada-familia-barcelona_zfold7_iso400-f1p7_20260317-144409_4000x3000.jpg	https://codec-corpus.r2.imazen.org/imazen-26-png-v3/1200-lilith-interiors/1232_interiors_stained-glass-windows_sagrada-familia-barcelona_zfold7_iso400-f1p7_20260317-144409_4000x3000.sdr.png
1234	train	1200-lilith-interiors	1200-lilith-interiors/1234_interiors_cathedral-ceiling-columns_sagrada-familia-barcelona_zfold7_iso400-f1p7_20260317-154023_4000x3000.jpg	4000	3000	jpg	2925004	2808672	a7c4f7db1ccf91663a587c97a4b2f238f293bec58505bd07fc53ef3ea3af604d	https://codec-corpus.r2.imazen.org/imazen-26-unprocessed/1200-lilith-interiors/1234_interiors_cathedral-ceiling-columns_sagrada-familia-barcelona_zfold7_iso400-f1p7_20260317-154023_4000x3000.jpg	https://codec-corpus.r2.imazen.org/imazen-26-png-v3/1200-lilith-interiors/1234_interiors_cathedral-ceiling-columns_sagrada-familia-barcelona_zfold7_iso400-f1p7_20260317-154023_4000x3000.sdr.png
1236	train	1200-lilith-interiors	1200-lilith-interiors/1236_interiors_ornate-arched-interior_casa-vicens-barcelona_zfold7_iso400-f2p2_20260319-165702_4000x3000.jpg	4000	3000	jpg	4520476	4359508	73d9c688bf0cf3b11ab5b6d027aac077f10dd72647a9016f801b6ac0fa958ad5	https://codec-corpus.r2.imazen.org/imazen-26-unprocessed/1200-lilith-interiors/1236_interiors_ornate-arched-interior_casa-vicens-barcelona_zfold7_iso400-f2p2_20260319-165702_4000x3000.jpg	https://codec-corpus.r2.imazen.org/imazen-26-png-v3/1200-lilith-interiors/1236_interiors_ornate-arched-interior_casa-vicens-barcelona_zfold7_iso400-f2p2_20260319-165702_4000x3000.sdr.png
1238	train	1200-lilith-interiors	1200-lilith-interiors/1238_interiors_open-doorway-interior_casa-vicens-barcelona_zfold7_iso250-f2p2_20260319-170237_4000x3000.jpg	4000	3000	jpg	3459373	3349600	c4494ea30d6542cfbbf26887328ee50cdec3a0543cbc624bbaf8c80e85c8625a	https://codec-corpus.r2.imazen.org/imazen-26-unprocessed/1200-lilith-interiors/1238_interiors_open-doorway-interior_casa-vicens-barcelona_zfold7_iso250-f2p2_20260319-170237_4000x3000.jpg	https://codec-corpus.r2.imazen.org/imazen-26-png-v3/1200-lilith-interiors/1238_interiors_open-doorway-interior_casa-vicens-barcelona_zfold7_iso250-f2p2_20260319-170237_4000x3000.sdr.png
1240	train	1200-lilith-interiors	1200-lilith-interiors/1240_interiors_bathroom-with-bathtub_casa-vicens-barcelona_zfold7_iso1000-f2p2_20260319-170336_4000x3000.jpg	4000	3000	jpg	2997534	2873619	039babc3892e410983c9041aa7386be0b1b0586c8dd6cf6c77b57864f0ac047b	https://codec-corpus.r2.imazen.org/imazen-26-unprocessed/1200-lilith-interiors/1240_interiors_bathroom-with-bathtub_casa-vicens-barcelona_zfold7_iso1000-f2p2_20260319-170336_4000x3000.jpg	https://codec-corpus.r2.imazen.org/imazen-26-png-v3/1200-lilith-interiors/1240_interiors_bathroom-with-bathtub_casa-vicens-barcelona_zfold7_iso1000-f2p2_20260319-170336_4000x3000.sdr.png
1242	train	1200-lilith-interiors	1200-lilith-interiors/1242_interiors_storage-room-clutter_la-pedrera-barcelona_zfold7_iso640-f2p2_20260319-183704_4000x3000.jpg	4000	3000	jpg	3306481	3174999	b77c1be02ddcfe1af283330342016682e82c4ea162922f60382dc5ad2749aea7	https://codec-corpus.r2.imazen.org/imazen-26-unprocessed/1200-lilith-interiors/1242_interiors_storage-room-clutter_la-pedrera-barcelona_zfold7_iso640-f2p2_20260319-183704_4000x3000.jpg	https://codec-corpus.r2.imazen.org/imazen-26-png-v3/1200-lilith-interiors/1242_interiors_storage-room-clutter_la-pedrera-barcelona_zfold7_iso640-f2p2_20260319-183704_4000x3000.sdr.png
1244	train	1200-lilith-interiors	1200-lilith-interiors/1244_interiors_painted-ceiling-columns_la-pedrera-barcelona_zfold7_iso800-f1p7_20260319-194130_4000x3000.jpg	4000	3000	jpg	3217174	3093819	e81e15003e109bea9ace5a00a270e934589258d0dbf0c4e2f9651263493e1e2b	https://codec-corpus.r2.imazen.org/imazen-26-unprocessed/1200-lilith-interiors/1244_interiors_painted-ceiling-columns_la-pedrera-barcelona_zfold7_iso800-f1p7_20260319-194130_4000x3000.jpg	https://codec-corpus.r2.imazen.org/imazen-26-png-v3/1200-lilith-interiors/1244_interiors_painted-ceiling-columns_la-pedrera-barcelona_zfold7_iso800-f1p7_20260319-194130_4000x3000.sdr.png
1246	train	1200-lilith-interiors	1200-lilith-interiors/1246_interiors_woven-roof-structure_azulik-city-arts-francisco-uh-may_ip13pro_iso32-f1p8_img-8944_4032x3024.heic	4032	3024	heic	3108734	3111323	8061e2dc310479b058de89e77b6ce5cb74716614cdc7494f90832a0736f18315	https://codec-corpus.r2.imazen.org/imazen-26-unprocessed/1200-lilith-interiors/1246_interiors_woven-roof-structure_azulik-city-arts-francisco-uh-may_ip13pro_iso32-f1p8_img-8944_4032x3024.heic	https://codec-corpus.r2.imazen.org/imazen-26-png-v3/1200-lilith-interiors/1246_interiors_woven-roof-structure_azulik-city-arts-francisco-uh-may_ip13pro_iso32-f1p8_img-8944_4032x3024.sdr.png
1248	train	1200-lilith-interiors	1200-lilith-interiors/1248_interiors_stone-staircase-tunnel_screenshot-20260526-075919-gallery_1638x2116.png	1638	2116	png	5472442	5472142	570f68d05db43a6cefa4faf0207b2bbec3a5b1e8bdd21411484b306b627e2de2	https://codec-corpus.r2.imazen.org/imazen-26-unprocessed/1200-lilith-interiors/1248_interiors_stone-staircase-tunnel_screenshot-20260526-075919-gallery_1638x2116.png	https://codec-corpus.r2.imazen.org/imazen-26-png-v3/1200-lilith-interiors/1248_interiors_stone-staircase-tunnel_screenshot-20260526-075919-gallery_1638x2116.sdr.png
1400	train	1400-lilith-nature	1400-lilith-nature/1400_nature_snowy-mountain-landscape_colorado_s10_iso50-f2p2_20200226-105616_4608x3456.jpg	4608	3456	jpg	1758514	1739178	5af75665ff7da12a691402eb3f20d6624cfb39736fed4e32680a589517b4a472	https://codec-corpus.r2.imazen.org/imazen-26-unprocessed/1400-lilith-nature/1400_nature_snowy-mountain-landscape_colorado_s10_iso50-f2p2_20200226-105616_4608x3456.jpg	https://codec-corpus.r2.imazen.org/imazen-26-png-v3/1400-lilith-nature/1400_nature_snowy-mountain-landscape_colorado_s10_iso50-f2p2_20200226-105616_4608x3456.sdr.png
1402	train	1400-lilith-nature	1400-lilith-nature/1402_nature_rocky-ocean-coast_spitting-caves-east-honolulu_s21u_iso16-f1p8_20210605-110609_4000x3000.jpg	4000	3000	jpg	4560021	4491240	639177d461d1425a9eebd259ed38e6940a00cf1cc5fef43624b80989975dd835	https://codec-corpus.r2.imazen.org/imazen-26-unprocessed/1400-lilith-nature/1402_nature_rocky-ocean-coast_spitting-caves-east-honolulu_s21u_iso16-f1p8_20210605-110609_4000x3000.jpg	https://codec-corpus.r2.imazen.org/imazen-26-png-v3/1400-lilith-nature/1402_nature_rocky-ocean-coast_spitting-caves-east-honolulu_s21u_iso16-f1p8_20210605-110609_4000x3000.sdr.png
1404	train	1400-lilith-nature	1400-lilith-nature/1404_nature_palm-trees-sunset_ka-anapali-beach-kaanapali_s21u_iso16-f1p8_20210607-180007_4000x3000.jpg	4000	3000	jpg	3655292	3605613	fb33d5a948a4e6c407e739fc8f998967c88452745ea8e195fd86ab3925224157	https://codec-corpus.r2.imazen.org/imazen-26-unprocessed/1400-lilith-nature/1404_nature_palm-trees-sunset_ka-anapali-beach-kaanapali_s21u_iso16-f1p8_20210607-180007_4000x3000.jpg	https://codec-corpus.r2.imazen.org/imazen-26-png-v3/1400-lilith-nature/1404_nature_palm-trees-sunset_ka-anapali-beach-kaanapali_s21u_iso16-f1p8_20210607-180007_4000x3000.sdr.png
1406	train	1400-lilith-nature	1400-lilith-nature/1406_nature_tropical-coastline-bay_waianapanapa-state-park-hana_s21u_iso50-f2p2_20210608-132330_4000x2252.jpg	4000	2252	jpg	2951106	2898758	0e7df02154798fbce30e83d24ca945fa25206f491c868dcc3e28c9cfc4cd7dd1	https://codec-corpus.r2.imazen.org/imazen-26-unprocessed/1400-lilith-nature/1406_nature_tropical-coastline-bay_waianapanapa-state-park-hana_s21u_iso50-f2p2_20210608-132330_4000x2252.jpg	https://codec-corpus.r2.imazen.org/imazen-26-png-v3/1400-lilith-nature/1406_nature_tropical-coastline-bay_waianapanapa-state-park-hana_s21u_iso50-f2p2_20210608-132330_4000x2252.sdr.png
1408	train	1400-lilith-nature	1400-lilith-nature/1408_nature_coastal-cliff-road_maui-hawaii_s21u_iso16-f1p8_20210608-162813_4000x3000.jpg	4000	3000	jpg	4593010	4539541	e1ddce78d5900f08c05d7e8a7c30e6a4a5cbb148f0767e473ac4d856214cec07	https://codec-corpus.r2.imazen.org/imazen-26-unprocessed/1400-lilith-nature/1408_nature_coastal-cliff-road_maui-hawaii_s21u_iso16-f1p8_20210608-162813_4000x3000.jpg	https://codec-corpus.r2.imazen.org/imazen-26-png-v3/1400-lilith-nature/1408_nature_coastal-cliff-road_maui-hawaii_s21u_iso16-f1p8_20210608-162813_4000x3000.sdr.png
1410	train	1400-lilith-nature	1400-lilith-nature/1410_nature_coastal-road-view_maui-hawaii_s21u_iso50-f2p4_20210608-170946_4000x3000.jpg	4000	3000	jpg	3225933	3163662	68d6a4c7db07920eeb050ce9b37dab5b12c26f1db168309aa6cec5e07a6168fa	https://codec-corpus.r2.imazen.org/imazen-26-unprocessed/1400-lilith-nature/1410_nature_coastal-road-view_maui-hawaii_s21u_iso50-f2p4_20210608-170946_4000x3000.jpg	https://codec-corpus.r2.imazen.org/imazen-26-png-v3/1400-lilith-nature/1410_nature_coastal-road-view_maui-hawaii_s21u_iso50-f2p4_20210608-170946_4000x3000.sdr.png
1412	train	1400-lilith-nature	1400-lilith-nature/1412_nature_mountain-stream-forest_s21u_iso50-f2p4_20210707-140102_4000x3000.jpg	4000	3000	jpg	3943627	3888069	e64070e5c6763197b6404e89bbd48a6475a1581a66a8c990434a5a10addb02d7	https://codec-corpus.r2.imazen.org/imazen-26-unprocessed/1400-lilith-nature/1412_nature_mountain-stream-forest_s21u_iso50-f2p4_20210707-140102_4000x3000.jpg	https://codec-corpus.r2.imazen.org/imazen-26-png-v3/1400-lilith-nature/1412_nature_mountain-stream-forest_s21u_iso50-f2p4_20210707-140102_4000x3000.sdr.png
1414	train	1400-lilith-nature	1400-lilith-nature/1414_nature_forest-lake-landscape_mason-washington_s21u_iso50-f2p2_20220616-102219_4000x3000.jpg	4000	3000	jpg	4542294	4477805	6fb13e901c531b8abab25bfc0b85cf341bc0b521c810536bf35eadf7b3db57fe	https://codec-corpus.r2.imazen.org/imazen-26-unprocessed/1400-lilith-nature/1414_nature_forest-lake-landscape_mason-washington_s21u_iso50-f2p2_20220616-102219_4000x3000.jpg	https://codec-corpus.r2.imazen.org/imazen-26-png-v3/1400-lilith-nature/1414_nature_forest-lake-landscape_mason-washington_s21u_iso50-f2p2_20220616-102219_4000x3000.sdr.png
1416	train	1400-lilith-nature	1400-lilith-nature/1416_nature_ocean-sunset-silhouette_keauhou-kahaluu-heritage-center-kahaluu-keauhou_s21u_iso50-f4p9_20221031-174022_4000x3000.jpg	4000	3000	jpg	3229323	3190950	a33954bdd20e176ab16eeee424daaeb95e84035fda7d407eeb456c50818cc310	https://codec-corpus.r2.imazen.org/imazen-26-unprocessed/1400-lilith-nature/1416_nature_ocean-sunset-silhouette_keauhou-kahaluu-heritage-center-kahaluu-keauhou_s21u_iso50-f4p9_20221031-174022_4000x3000.jpg	https://codec-corpus.r2.imazen.org/imazen-26-png-v3/1400-lilith-nature/1416_nature_ocean-sunset-silhouette_keauhou-kahaluu-heritage-center-kahaluu-keauhou_s21u_iso50-f4p9_20221031-174022_4000x3000.sdr.png
1418	train	1400-lilith-nature	1400-lilith-nature/1418_nature_pink-flower-bush_colorado_s23u_iso50-f2p4_20230627-154802_4000x3000.jpg	4000	3000	jpg	4360771	4301764	396abf2603d418a61f4ff6abe305d3359450b422fda945cc06607ac366394ec1	https://codec-corpus.r2.imazen.org/imazen-26-unprocessed/1400-lilith-nature/1418_nature_pink-flower-bush_colorado_s23u_iso50-f2p4_20230627-154802_4000x3000.jpg	https://codec-corpus.r2.imazen.org/imazen-26-png-v3/1400-lilith-nature/1418_nature_pink-flower-bush_colorado_s23u_iso50-f2p4_20230627-154802_4000x3000.sdr.png
1420	train	1400-lilith-nature	1400-lilith-nature/1420_nature_red-flower-plant_shinjuku-gyoen-national-garden-shinjuku_s23u_iso200-f4p9_20230702-113825_4000x3000.jpg	4000	3000	jpg	3258848	3203597	a2d5be669a472f930992c208a375c7261905311aa0100d0291b2e8a777a47148	https://codec-corpus.r2.imazen.org/imazen-26-unprocessed/1400-lilith-nature/1420_nature_red-flower-plant_shinjuku-gyoen-national-garden-shinjuku_s23u_iso200-f4p9_20230702-113825_4000x3000.jpg	https://codec-corpus.r2.imazen.org/imazen-26-png-v3/1400-lilith-nature/1420_nature_red-flower-plant_shinjuku-gyoen-national-garden-shinjuku_s23u_iso200-f4p9_20230702-113825_4000x3000.sdr.png
1422	train	1400-lilith-nature	1400-lilith-nature/1422_nature_pink-orchid-flowers_s23u_iso125-f4p9_20230704-122020_4000x3000.jpg	4000	3000	jpg	3748468	3685493	4539af527c53baa22a5f2354f6eb944cdd6fa929f022640622804c813a9c7117	https://codec-corpus.r2.imazen.org/imazen-26-unprocessed/1400-lilith-nature/1422_nature_pink-orchid-flowers_s23u_iso125-f4p9_20230704-122020_4000x3000.jpg	https://codec-corpus.r2.imazen.org/imazen-26-png-v3/1400-lilith-nature/1422_nature_pink-orchid-flowers_s23u_iso125-f4p9_20230704-122020_4000x3000.sdr.png
1424	train	1400-lilith-nature	1400-lilith-nature/1424_nature_orchid-on-tree-bark_fraccionamiento-jardines-de-oriente-valladolid-m_s23u_iso125-f2p4_20230918-110655_4000x3000.jpg	4000	3000	jpg	3774098	3719386	926f96d21df9711dfc521cb84dc732fe36dec094bb4aaae353d168ea1db94e7e	https://codec-corpus.r2.imazen.org/imazen-26-unprocessed/1400-lilith-nature/1424_nature_orchid-on-tree-bark_fraccionamiento-jardines-de-oriente-valladolid-m_s23u_iso125-f2p4_20230918-110655_4000x3000.jpg	https://codec-corpus.r2.imazen.org/imazen-26-png-v3/1400-lilith-nature/1424_nature_orchid-on-tree-bark_fraccionamiento-jardines-de-oriente-valladolid-m_s23u_iso125-f2p4_20230918-110655_4000x3000.sdr.png
1426	train	1400-lilith-nature	1400-lilith-nature/1426_nature_mountain-over-lake_kawaguchiko-music-forest-fujikawaguchiko_s23u_iso50-f2p4_20231101-103646_4000x3000.jpg	4000	3000	jpg	3338434	3294371	e760f54bf01a2a46a1c76280f8f8bf9d51f040ba3a8d8daeff2f9ac4026d4de4	https://codec-corpus.r2.imazen.org/imazen-26-unprocessed/1400-lilith-nature/1426_nature_mountain-over-lake_kawaguchiko-music-forest-fujikawaguchiko_s23u_iso50-f2p4_20231101-103646_4000x3000.jpg	https://codec-corpus.r2.imazen.org/imazen-26-png-v3/1400-lilith-nature/1426_nature_mountain-over-lake_kawaguchiko-music-forest-fujikawaguchiko_s23u_iso50-f2p4_20231101-103646_4000x3000.sdr.png
1428	train	1400-lilith-nature	1400-lilith-nature/1428_nature_red-flower-cluster_shimogamo-hangicho-kyoto-japan_s23u_iso50-f4p9_20231107-135711_4000x3000.heic	4000	3000	heic	1854750	1857734	259204c3978bb89d1c4097d60a807442a338597dc6972b561ec47f8e59169554	https://codec-corpus.r2.imazen.org/imazen-26-unprocessed/1400-lilith-nature/1428_nature_red-flower-cluster_shimogamo-hangicho-kyoto-japan_s23u_iso50-f4p9_20231107-135711_4000x3000.heic	https://codec-corpus.r2.imazen.org/imazen-26-png-v3/1400-lilith-nature/1428_nature_red-flower-cluster_shimogamo-hangicho-kyoto-japan_s23u_iso50-f4p9_20231107-135711_4000x3000.sdr.png
1430	train	1400-lilith-nature	1400-lilith-nature/1430_nature_pink-rose-flower_kyoto-botanical-garden-kyoto_s23u_iso10-f1p7_20231107-140117_4000x3000.heic	4000	3000	heic	1687564	1690546	8cdaa7bfcc47afde707ca552ebf8433277277c0c54399d38775433818582bffd	https://codec-corpus.r2.imazen.org/imazen-26-unprocessed/1400-lilith-nature/1430_nature_pink-rose-flower_kyoto-botanical-garden-kyoto_s23u_iso10-f1p7_20231107-140117_4000x3000.heic	https://codec-corpus.r2.imazen.org/imazen-26-png-v3/1400-lilith-nature/1430_nature_pink-rose-flower_kyoto-botanical-garden-kyoto_s23u_iso10-f1p7_20231107-140117_4000x3000.sdr.png
1432	train	1400-lilith-nature	1400-lilith-nature/1432_nature_pink-rose-flower_kyoto-botanical-garden-kyoto_s23u_iso50-f2p4_20231107-140705_4000x3000.jpg	4000	3000	jpg	8022557	2829117	5a64b0b0ba9e0bed889d64f3a52bc0773d4206bc97070213bb1f3752039afff2	https://codec-corpus.r2.imazen.org/imazen-26-unprocessed/1400-lilith-nature/1432_nature_pink-rose-flower_kyoto-botanical-garden-kyoto_s23u_iso50-f2p4_20231107-140705_4000x3000.jpg	https://codec-corpus.r2.imazen.org/imazen-26-png-v3/1400-lilith-nature/1432_nature_pink-rose-flower_kyoto-botanical-garden-kyoto_s23u_iso50-f2p4_20231107-140705_4000x3000.sdr.png
1434	train	1400-lilith-nature	1400-lilith-nature/1434_nature_purple-water-lily_kyoto-botanical-garden-kyoto_s23u_iso80-f2p4_20231107-142619_4000x3000.heic	4000	3000	heic	1082812	1085793	3b83fce763bc570587e090ec47ac21ed7ce0399c3fac6105b8a979c9acb37e89	https://codec-corpus.r2.imazen.org/imazen-26-unprocessed/1400-lilith-nature/1434_nature_purple-water-lily_kyoto-botanical-garden-kyoto_s23u_iso80-f2p4_20231107-142619_4000x3000.heic	https://codec-corpus.r2.imazen.org/imazen-26-png-v3/1400-lilith-nature/1434_nature_purple-water-lily_kyoto-botanical-garden-kyoto_s23u_iso80-f2p4_20231107-142619_4000x3000.sdr.png
1436	train	1400-lilith-nature	1400-lilith-nature/1436_nature_red-flower-cluster_kyoto-botanical-garden-kyoto_s23u_iso160-f2p4_20231107-143500_4000x3000.heic	4000	3000	heic	1928414	1931396	d69d2a64063c5061d5dc32f0a2558b9695589623c9ce9c856e34069c0e3cca2a	https://codec-corpus.r2.imazen.org/imazen-26-unprocessed/1400-lilith-nature/1436_nature_red-flower-cluster_kyoto-botanical-garden-kyoto_s23u_iso160-f2p4_20231107-143500_4000x3000.heic	https://codec-corpus.r2.imazen.org/imazen-26-png-v3/1400-lilith-nature/1436_nature_red-flower-cluster_kyoto-botanical-garden-kyoto_s23u_iso160-f2p4_20231107-143500_4000x3000.sdr.png
1438	train	1400-lilith-nature	1400-lilith-nature/1438_nature_orange-flowers-closeup_kyoto-botanical-garden-kyoto_s23u_iso200-f4p9_20231107-143950_4000x3000.heic	4000	3000	heic	1851950	1854934	7ace937a2f42a0f96524199d26a74e6762e3c6410c505be11385d308d98fad35	https://codec-corpus.r2.imazen.org/imazen-26-unprocessed/1400-lilith-nature/1438_nature_orange-flowers-closeup_kyoto-botanical-garden-kyoto_s23u_iso200-f4p9_20231107-143950_4000x3000.heic	https://codec-corpus.r2.imazen.org/imazen-26-png-v3/1400-lilith-nature/1438_nature_orange-flowers-closeup_kyoto-botanical-garden-kyoto_s23u_iso200-f4p9_20231107-143950_4000x3000.sdr.png
1440	train	1400-lilith-nature	1400-lilith-nature/1440_nature_monkeys-on-tree-branch_monkey-park-iwatayama-kyoto_s23u_iso50-f4p9_20231108-134707_4000x3000.heic	4000	3000	heic	2699024	2702008	40cf020d98bd83b21f0d5d6165ff824f49a0b4624afecc14ad1a7a2b9bdc952f	https://codec-corpus.r2.imazen.org/imazen-26-unprocessed/1400-lilith-nature/1440_nature_monkeys-on-tree-branch_monkey-park-iwatayama-kyoto_s23u_iso50-f4p9_20231108-134707_4000x3000.heic	https://codec-corpus.r2.imazen.org/imazen-26-png-v3/1400-lilith-nature/1440_nature_monkeys-on-tree-branch_monkey-park-iwatayama-kyoto_s23u_iso50-f4p9_20231108-134707_4000x3000.sdr.png
1442	train	1400-lilith-nature	1400-lilith-nature/1442_nature_airplane-wing-aurora_s23u_iso800-f1p7_20231204-222129_4000x3000.jpg	4000	3000	jpg	837135	808739	a84c0c669751aff3f808b22232604672aaf134396ce03592c5018f0e58a7cd14	https://codec-corpus.r2.imazen.org/imazen-26-unprocessed/1400-lilith-nature/1442_nature_airplane-wing-aurora_s23u_iso800-f1p7_20231204-222129_4000x3000.jpg	https://codec-corpus.r2.imazen.org/imazen-26-png-v3/1400-lilith-nature/1442_nature_airplane-wing-aurora_s23u_iso800-f1p7_20231204-222129_4000x3000.sdr.png
1444	train	1400-lilith-nature	1400-lilith-nature/1444_nature_aurora-night-sky_landhotel-rangarthing-ytra_s23u_iso800-f1p7_20231205-231136_4000x3000.dng	4000	3000	dng	18776209	18775730	53e0da70db1c5ade96bc22e8a67eccb63de7d6f890ab118043ee29c7c975bb76	https://codec-corpus.r2.imazen.org/imazen-26-unprocessed/1400-lilith-nature/1444_nature_aurora-night-sky_landhotel-rangarthing-ytra_s23u_iso800-f1p7_20231205-231136_4000x3000.dng	https://codec-corpus.r2.imazen.org/imazen-26-png-v3/1400-lilith-nature/1444_nature_aurora-night-sky_landhotel-rangarthing-ytra_s23u_iso800-f1p7_20231205-231136_4000x3000.sdr.png
1446	train	1400-lilith-nature	1400-lilith-nature/1446_nature_icy-coastal-landscape_hornafjordur-iceland_s23u_iso20-f1p7_20231207-114310_4000x1868.heic	4000	1868	heic	1409665	1412647	b8c440b1cfa8683d66c22368913dc0f4a8db6b538d1c20dc9311fa959a098363	https://codec-corpus.r2.imazen.org/imazen-26-unprocessed/1400-lilith-nature/1446_nature_icy-coastal-landscape_hornafjordur-iceland_s23u_iso20-f1p7_20231207-114310_4000x1868.heic	https://codec-corpus.r2.imazen.org/imazen-26-png-v3/1400-lilith-nature/1446_nature_icy-coastal-landscape_hornafjordur-iceland_s23u_iso20-f1p7_20231207-114310_4000x1868.sdr.png
1448	train	1400-lilith-nature	1400-lilith-nature/1448_nature_snow-on-ice_hornafjordur-iceland_s23u_iso200-f1p7_20231207-115005_4000x1868.heic	4000	1868	heic	2007751	2010695	38d744472023c8928ec426a3abb5e9d4802eaf868b64192f262315d90072dd66	https://codec-corpus.r2.imazen.org/imazen-26-unprocessed/1400-lilith-nature/1448_nature_snow-on-ice_hornafjordur-iceland_s23u_iso200-f1p7_20231207-115005_4000x1868.heic	https://codec-corpus.r2.imazen.org/imazen-26-png-v3/1400-lilith-nature/1448_nature_snow-on-ice_hornafjordur-iceland_s23u_iso200-f1p7_20231207-115005_4000x1868.sdr.png
1450	train	1400-lilith-nature	1400-lilith-nature/1450_nature_icebergs-in-lagoon_hornafjordur-iceland_s23u_iso500-f1p7_20231207-153457_4000x1868.heic	4000	1868	heic	1368810	1371754	b3d49af80097e9d22a32f15b4e585d0c4bbe21cca449c887c072c67448cf3103	https://codec-corpus.r2.imazen.org/imazen-26-unprocessed/1400-lilith-nature/1450_nature_icebergs-in-lagoon_hornafjordur-iceland_s23u_iso500-f1p7_20231207-153457_4000x1868.heic	https://codec-corpus.r2.imazen.org/imazen-26-png-v3/1400-lilith-nature/1450_nature_icebergs-in-lagoon_hornafjordur-iceland_s23u_iso500-f1p7_20231207-153457_4000x1868.sdr.png
1452	train	1400-lilith-nature	1400-lilith-nature/1452_nature_ice-strewn-beach_diamond-beach-hornafjordur_s23u_iso1600-f1p7_20231207-161801_4000x1868.heic	4000	1868	heic	719903	722864	43b32c79afdf105950eaca759a28fcc79ba47f2446cbe9852bb18004c3a43783	https://codec-corpus.r2.imazen.org/imazen-26-unprocessed/1400-lilith-nature/1452_nature_ice-strewn-beach_diamond-beach-hornafjordur_s23u_iso1600-f1p7_20231207-161801_4000x1868.heic	https://codec-corpus.r2.imazen.org/imazen-26-png-v3/1400-lilith-nature/1452_nature_ice-strewn-beach_diamond-beach-hornafjordur_s23u_iso1600-f1p7_20231207-161801_4000x1868.sdr.png
1454	train	1400-lilith-nature	1400-lilith-nature/1454_nature_coastal-sunset-reflection_myrdalshreppur-iceland_s23u_iso10-f1p7_20231209-121716_8160x6120.heic	8160	6120	heic	1972050	1974956	ae10956d358340e6bbe5d9bf0d683ea6204198bd0751e0076e06e75912083442	https://codec-corpus.r2.imazen.org/imazen-26-unprocessed/1400-lilith-nature/1454_nature_coastal-sunset-reflection_myrdalshreppur-iceland_s23u_iso10-f1p7_20231209-121716_8160x6120.heic	https://codec-corpus.r2.imazen.org/imazen-26-png-v3/1400-lilith-nature/1454_nature_coastal-sunset-reflection_myrdalshreppur-iceland_s23u_iso10-f1p7_20231209-121716_8160x6120.sdr.png
1456	train	1400-lilith-nature	1400-lilith-nature/1456_nature_frozen-waterfall-landscape_gullfoss-falls-blaskogabyggd_s23u_iso125-f2p4_20231209-152815_4000x3000.heic	4000	3000	heic	2151197	2154140	d627a16e21cf91bb2d6dd7dd3118c9f35c824ccb980320f7395c69f57c4d2a90	https://codec-corpus.r2.imazen.org/imazen-26-unprocessed/1400-lilith-nature/1456_nature_frozen-waterfall-landscape_gullfoss-falls-blaskogabyggd_s23u_iso125-f2p4_20231209-152815_4000x3000.heic	https://codec-corpus.r2.imazen.org/imazen-26-png-v3/1400-lilith-nature/1456_nature_frozen-waterfall-landscape_gullfoss-falls-blaskogabyggd_s23u_iso125-f2p4_20231209-152815_4000x3000.sdr.png
1458	train	1400-lilith-nature	1400-lilith-nature/1458_nature_rocky-coastline-sunset_blaskogabyggd-iceland_s23u_iso12-f1p7_20231210-113947_8160x6120.dng	8160	6120	dng	132936297	132935836	f5e30822fbdb81d8d72dccfbfc5c071f4721acc3514260e1e4fb9b81d41ddc32	https://codec-corpus.r2.imazen.org/imazen-26-unprocessed/1400-lilith-nature/1458_nature_rocky-coastline-sunset_blaskogabyggd-iceland_s23u_iso12-f1p7_20231210-113947_8160x6120.dng	https://codec-corpus.r2.imazen.org/imazen-26-png-v3/1400-lilith-nature/1458_nature_rocky-coastline-sunset_blaskogabyggd-iceland_s23u_iso12-f1p7_20231210-113947_8160x6120.sdr.png
1460	train	1400-lilith-nature	1400-lilith-nature/1460_nature_tropical-flower-cluster_cahuita-costa-rica_s23u_iso1000-f1p7_20240211-170302_4000x3000.jpg	4000	3000	jpg	4863303	4804341	5585334d8d1085a15adc7bbf917ff3ff2c53e2815a8fc643405c9481a25c83e5	https://codec-corpus.r2.imazen.org/imazen-26-unprocessed/1400-lilith-nature/1460_nature_tropical-flower-cluster_cahuita-costa-rica_s23u_iso1000-f1p7_20240211-170302_4000x3000.jpg	https://codec-corpus.r2.imazen.org/imazen-26-png-v3/1400-lilith-nature/1460_nature_tropical-flower-cluster_cahuita-costa-rica_s23u_iso1000-f1p7_20240211-170302_4000x3000.sdr.png
1462	train	1400-lilith-nature	1400-lilith-nature/1462_nature_clouds-from-above_iceland_s23u_iso10-f1p7_20240421-074801_4000x3000.jpg	4000	3000	jpg	3555707	3520797	f393ebd5a123d83edb9281cab253b9113e6cc9a6820a6a8d933f79aa87215b7e	https://codec-corpus.r2.imazen.org/imazen-26-unprocessed/1400-lilith-nature/1462_nature_clouds-from-above_iceland_s23u_iso10-f1p7_20240421-074801_4000x3000.jpg	https://codec-corpus.r2.imazen.org/imazen-26-png-v3/1400-lilith-nature/1462_nature_clouds-from-above_iceland_s23u_iso10-f1p7_20240421-074801_4000x3000.sdr.png
1464	train	1400-lilith-nature	1400-lilith-nature/1464_nature_flower-bed-by-pond_grotte-versailles_s23u_iso200-f4p9_20240424-182412_4000x3000.jpg	4000	3000	jpg	4123780	4059625	f1b39d050e1e5f97f18de0c49adbc3cdfb1e2e6f5e96d1c7c61126a2adbcea6e	https://codec-corpus.r2.imazen.org/imazen-26-unprocessed/1400-lilith-nature/1464_nature_flower-bed-by-pond_grotte-versailles_s23u_iso200-f4p9_20240424-182412_4000x3000.jpg	https://codec-corpus.r2.imazen.org/imazen-26-png-v3/1400-lilith-nature/1464_nature_flower-bed-by-pond_grotte-versailles_s23u_iso200-f4p9_20240424-182412_4000x3000.sdr.png
1466	train	1400-lilith-nature	1400-lilith-nature/1466_nature_sun-glare-on-water_blue-lagoon-grindavik_s23u_iso10-f1p7_20240429-202505_4000x3000.jpg	4000	3000	jpg	2674271	2646237	9ab14263031a0c5ac2768e29b3ec41d03ffc7432a6e54d72fef6d67e0756b0b1	https://codec-corpus.r2.imazen.org/imazen-26-unprocessed/1400-lilith-nature/1466_nature_sun-glare-on-water_blue-lagoon-grindavik_s23u_iso10-f1p7_20240429-202505_4000x3000.jpg	https://codec-corpus.r2.imazen.org/imazen-26-png-v3/1400-lilith-nature/1466_nature_sun-glare-on-water_blue-lagoon-grindavik_s23u_iso10-f1p7_20240429-202505_4000x3000.sdr.png
1468	train	1400-lilith-nature	1400-lilith-nature/1468_nature_sun-behind-clouds_phippsburg-maine_s23u_iso10-f1p7_20240913-140504_4000x3000.jpg	4000	3000	jpg	3551698	3491128	1efd9d42878c40e003704b80f332fb12cf6b013d8b1b7b105885573503adc787	https://codec-corpus.r2.imazen.org/imazen-26-unprocessed/1400-lilith-nature/1468_nature_sun-behind-clouds_phippsburg-maine_s23u_iso10-f1p7_20240913-140504_4000x3000.jpg	https://codec-corpus.r2.imazen.org/imazen-26-png-v3/1400-lilith-nature/1468_nature_sun-behind-clouds_phippsburg-maine_s23u_iso10-f1p7_20240913-140504_4000x3000.sdr.png
1470	train	1400-lilith-nature	1400-lilith-nature/1470_nature_sunset-over-water_waikiki-east-honolulu-hawaii_s23u_iso50-f4p9_20241106-175105_4000x3000.jpg	4000	3000	jpg	6330931	3043756	84ad176c1188fc5f1e8318d941c06c07a6d22330a711022832e0c774aec22db2	https://codec-corpus.r2.imazen.org/imazen-26-unprocessed/1400-lilith-nature/1470_nature_sunset-over-water_waikiki-east-honolulu-hawaii_s23u_iso50-f4p9_20241106-175105_4000x3000.jpg	https://codec-corpus.r2.imazen.org/imazen-26-png-v3/1400-lilith-nature/1470_nature_sunset-over-water_waikiki-east-honolulu-hawaii_s23u_iso50-f4p9_20241106-175105_4000x3000.sdr.png
1472	train	1400-lilith-nature	1400-lilith-nature/1472_nature_sunset-over-parking-lot_colorado_s23u_iso25-f1p7_20241220-165246_4000x3000.jpg	4000	3000	jpg	2928693	2885500	fa6628b1897f901a491f75e3bb2a75f2e17a7189343b2d0e955035c4eac22683	https://codec-corpus.r2.imazen.org/imazen-26-unprocessed/1400-lilith-nature/1472_nature_sunset-over-parking-lot_colorado_s23u_iso25-f1p7_20241220-165246_4000x3000.jpg	https://codec-corpus.r2.imazen.org/imazen-26-png-v3/1400-lilith-nature/1472_nature_sunset-over-parking-lot_colorado_s23u_iso25-f1p7_20241220-165246_4000x3000.sdr.png
1474	train	1400-lilith-nature	1400-lilith-nature/1474_nature_sunset-over-water_minamiizu-japan_s23u_iso50-f2p4_20250306-174348_4000x3000.jpg	4000	3000	jpg	4501548	4439495	be17171dc56814911962736ba652512e1b6a14fd38cac5e4196ef15bf4851736	https://codec-corpus.r2.imazen.org/imazen-26-unprocessed/1400-lilith-nature/1474_nature_sunset-over-water_minamiizu-japan_s23u_iso50-f2p4_20250306-174348_4000x3000.jpg	https://codec-corpus.r2.imazen.org/imazen-26-png-v3/1400-lilith-nature/1474_nature_sunset-over-water_minamiizu-japan_s23u_iso50-f2p4_20250306-174348_4000x3000.sdr.png
1476	train	1400-lilith-nature	1400-lilith-nature/1476_nature_ocean-sunset-horizon_minamiizu-japan_s23u_iso125-f4p9_20250306-174535_4000x3000.jpg	4000	3000	jpg	2819957	2783894	c2e15d19e5d71c7c398a14ac38aa31bb8a081e5a87d14a02a7e5977eb192381c	https://codec-corpus.r2.imazen.org/imazen-26-unprocessed/1400-lilith-nature/1476_nature_ocean-sunset-horizon_minamiizu-japan_s23u_iso125-f4p9_20250306-174535_4000x3000.jpg	https://codec-corpus.r2.imazen.org/imazen-26-png-v3/1400-lilith-nature/1476_nature_ocean-sunset-horizon_minamiizu-japan_s23u_iso125-f4p9_20250306-174535_4000x3000.sdr.png
1478	train	1400-lilith-nature	1400-lilith-nature/1478_nature_tree-branches-ocean-horizon_minamiizu-japan_s23u_iso80-f2p2_20250306-174732_4000x3000.jpg	4000	3000	jpg	3879412	3822885	394cc554b8db25ef56a670a6791368c0f0d9d3a9bb96788352878a09237eb151	https://codec-corpus.r2.imazen.org/imazen-26-unprocessed/1400-lilith-nature/1478_nature_tree-branches-ocean-horizon_minamiizu-japan_s23u_iso80-f2p2_20250306-174732_4000x3000.jpg	https://codec-corpus.r2.imazen.org/imazen-26-png-v3/1400-lilith-nature/1478_nature_tree-branches-ocean-horizon_minamiizu-japan_s23u_iso80-f2p2_20250306-174732_4000x3000.sdr.png
1480	train	1400-lilith-nature	1400-lilith-nature/1480_nature_snowcapped-mountain-seascape_kumomi-matsuzaki-japan_s23u_iso50-f4p9_20250307-122938_4000x3000.jpg	4000	3000	jpg	2254233	2216109	1afd5a708bd46c5c34b9d5f8d612469ccba558dc8e233b062cf28ab16dc34b7b	https://codec-corpus.r2.imazen.org/imazen-26-unprocessed/1400-lilith-nature/1480_nature_snowcapped-mountain-seascape_kumomi-matsuzaki-japan_s23u_iso50-f4p9_20250307-122938_4000x3000.jpg	https://codec-corpus.r2.imazen.org/imazen-26-png-v3/1400-lilith-nature/1480_nature_snowcapped-mountain-seascape_kumomi-matsuzaki-japan_s23u_iso50-f4p9_20250307-122938_4000x3000.sdr.png
1482	train	1400-lilith-nature	1400-lilith-nature/1482_nature_snowcapped-mountain-landscape_iwachi-matsuzaki-japan_s23u_iso50-f4p9_20250307-131518_4000x3000.jpg	4000	3000	jpg	4229793	4177078	f007ec460a86ffe6ec5d0d12e70bc3a7a0d7bec171d1e8e6e80aa5cbdbea683a	https://codec-corpus.r2.imazen.org/imazen-26-unprocessed/1400-lilith-nature/1482_nature_snowcapped-mountain-landscape_iwachi-matsuzaki-japan_s23u_iso50-f4p9_20250307-131518_4000x3000.jpg	https://codec-corpus.r2.imazen.org/imazen-26-png-v3/1400-lilith-nature/1482_nature_snowcapped-mountain-landscape_iwachi-matsuzaki-japan_s23u_iso50-f4p9_20250307-131518_4000x3000.sdr.png
1484	train	1400-lilith-nature	1400-lilith-nature/1484_nature_snowy-mountain-over-water_uchiura-koumi-numazu-japan_s23u_iso80-f4p9_20250307-173056_4000x3000.jpg	4000	3000	jpg	2963768	2923704	3825d265ffbbfc80eb7a5919d4119b7fd028d53a6479fe3f7ffd294cd5321e57	https://codec-corpus.r2.imazen.org/imazen-26-unprocessed/1400-lilith-nature/1484_nature_snowy-mountain-over-water_uchiura-koumi-numazu-japan_s23u_iso80-f4p9_20250307-173056_4000x3000.jpg	https://codec-corpus.r2.imazen.org/imazen-26-png-v3/1400-lilith-nature/1484_nature_snowy-mountain-over-water_uchiura-koumi-numazu-japan_s23u_iso80-f4p9_20250307-173056_4000x3000.sdr.png
1486	train	1400-lilith-nature	1400-lilith-nature/1486_nature_steaming-red-hot-spring_miyuki-beppu-japan_s23u_iso10-f1p7_20250311-151632_4000x3000.jpg	4000	3000	jpg	4064947	4004801	3bbaf5155a389036682eb6c3ceae0d3682b989a541823a766b9d2b8b5e2d6b04	https://codec-corpus.r2.imazen.org/imazen-26-unprocessed/1400-lilith-nature/1486_nature_steaming-red-hot-spring_miyuki-beppu-japan_s23u_iso10-f1p7_20250311-151632_4000x3000.jpg	https://codec-corpus.r2.imazen.org/imazen-26-png-v3/1400-lilith-nature/1486_nature_steaming-red-hot-spring_miyuki-beppu-japan_s23u_iso10-f1p7_20250311-151632_4000x3000.sdr.png
1488	train	1400-lilith-nature	1400-lilith-nature/1488_nature_iceberg-ocean-landscape_yakutat-alaska_s25u_iso80-f1p7_20250803-185104_4000x3000.jpg	4000	3000	jpg	2866504	2765158	317568707f35d0184b5a1a861c3398810449e53d184ed54db1169c1ca9837500	https://codec-corpus.r2.imazen.org/imazen-26-unprocessed/1400-lilith-nature/1488_nature_iceberg-ocean-landscape_yakutat-alaska_s25u_iso80-f1p7_20250803-185104_4000x3000.jpg	https://codec-corpus.r2.imazen.org/imazen-26-png-v3/1400-lilith-nature/1488_nature_iceberg-ocean-landscape_yakutat-alaska_s25u_iso80-f1p7_20250803-185104_4000x3000.sdr.png
1490	train	1400-lilith-nature	1400-lilith-nature/1490_nature_boat-wake-at-sunset_unorganized-borough-alaska_s25u_iso200-f1p7_20250804-211018_4000x3000.jpg	4000	3000	jpg	3507500	3405264	e4800e02f82e9ac5f8c5b6f883f1f1b96e66b8f76b54968026bd11a5c49e387c	https://codec-corpus.r2.imazen.org/imazen-26-unprocessed/1400-lilith-nature/1490_nature_boat-wake-at-sunset_unorganized-borough-alaska_s25u_iso200-f1p7_20250804-211018_4000x3000.jpg	https://codec-corpus.r2.imazen.org/imazen-26-png-v3/1400-lilith-nature/1490_nature_boat-wake-at-sunset_unorganized-borough-alaska_s25u_iso200-f1p7_20250804-211018_4000x3000.sdr.png
1492	train	1400-lilith-nature	1400-lilith-nature/1492_nature_mountain-lake-landscape_whitehorse-canada_s25u_iso64-f1p7_20250805-162506_4000x3000.jpg	4000	3000	jpg	4473412	4363346	a96c446d989a319fe362d38d6c9f2547f4d1e7b6ecacaa1ceb0472009176a494	https://codec-corpus.r2.imazen.org/imazen-26-unprocessed/1400-lilith-nature/1492_nature_mountain-lake-landscape_whitehorse-canada_s25u_iso64-f1p7_20250805-162506_4000x3000.jpg	https://codec-corpus.r2.imazen.org/imazen-26-png-v3/1400-lilith-nature/1492_nature_mountain-lake-landscape_whitehorse-canada_s25u_iso64-f1p7_20250805-162506_4000x3000.sdr.png
1494	train	1400-lilith-nature	1400-lilith-nature/1494_nature_sunset-over-forest_colorado_zfold7_iso250-f1p7_20251110-170409_4000x3000.jpg	4000	3000	jpg	3235628	3106531	e6a41e39b19fa82230920134bfb9413dca1a5916827de8773e946046a9fe3fcb	https://codec-corpus.r2.imazen.org/imazen-26-unprocessed/1400-lilith-nature/1494_nature_sunset-over-forest_colorado_zfold7_iso250-f1p7_20251110-170409_4000x3000.jpg	https://codec-corpus.r2.imazen.org/imazen-26-png-v3/1400-lilith-nature/1494_nature_sunset-over-forest_colorado_zfold7_iso250-f1p7_20251110-170409_4000x3000.sdr.png
1496	train	1400-lilith-nature	1400-lilith-nature/1496_nature_lake-with-boats_winthrop-maine_ip13pro_iso50-f1p5_fullsizerender-2_3411x2765.heic	3411	2765	heic	1753600	1754994	275be251da55c68248e21dcb6b12ffe45260fe9249fb8b2ba29eebb5b16b07b4	https://codec-corpus.r2.imazen.org/imazen-26-unprocessed/1400-lilith-nature/1496_nature_lake-with-boats_winthrop-maine_ip13pro_iso50-f1p5_fullsizerender-2_3411x2765.heic	https://codec-corpus.r2.imazen.org/imazen-26-png-v3/1400-lilith-nature/1496_nature_lake-with-boats_winthrop-maine_ip13pro_iso50-f1p5_fullsizerender-2_3411x2765.sdr.png
1498	train	1400-lilith-nature	1400-lilith-nature/1498_nature_yellow-flowers-garden-bed_colorado_ip13pro_iso50-f1p5_fullsizerender_2773x3709.heic	2773	3709	heic	1079016	1080409	a6ef5219f0f2e4f4103f6be59190272fe5aee223da9ce3f49618610459b251cd	https://codec-corpus.r2.imazen.org/imazen-26-unprocessed/1400-lilith-nature/1498_nature_yellow-flowers-garden-bed_colorado_ip13pro_iso50-f1p5_fullsizerender_2773x3709.heic	https://codec-corpus.r2.imazen.org/imazen-26-png-v3/1400-lilith-nature/1498_nature_yellow-flowers-garden-bed_colorado_ip13pro_iso50-f1p5_fullsizerender_2773x3709.sdr.png
1500	train	1400-lilith-nature	1400-lilith-nature/1500_nature_snowy-trail-tracks_colorado_hero7_iso100-f2p8_g0049019_4000x3000.jpg	4000	3000	jpg	2473255	2285570	640f0393cdadda6cda20293d6716774abccf825210fef74a69ebee856d465bf2	https://codec-corpus.r2.imazen.org/imazen-26-unprocessed/1400-lilith-nature/1500_nature_snowy-trail-tracks_colorado_hero7_iso100-f2p8_g0049019_4000x3000.jpg	https://codec-corpus.r2.imazen.org/imazen-26-png-v3/1400-lilith-nature/1500_nature_snowy-trail-tracks_colorado_hero7_iso100-f2p8_g0049019_4000x3000.sdr.png
1502	train	1400-lilith-nature	1400-lilith-nature/1502_nature_ice-cave-opening_hornafjordur-iceland_ip13pro_iso32-f1p8_img-0341_4032x3024.heic	4032	3024	heic	2143483	2146097	a73baec75a477a3cc8b73c806bc3d836ed3bb2b522c3e66e9d4d8cb29d04e523	https://codec-corpus.r2.imazen.org/imazen-26-unprocessed/1400-lilith-nature/1502_nature_ice-cave-opening_hornafjordur-iceland_ip13pro_iso32-f1p8_img-0341_4032x3024.heic	https://codec-corpus.r2.imazen.org/imazen-26-png-v3/1400-lilith-nature/1502_nature_ice-cave-opening_hornafjordur-iceland_ip13pro_iso32-f1p8_img-0341_4032x3024.sdr.png
1504	train	1400-lilith-nature	1400-lilith-nature/1504_nature_cloudy-sky-over-field_colorado_ip13pro_iso50-f1p5_img-0374_4032x3024.heic	4032	3024	heic	2557099	2559709	d4fac8ad62ceceebec4b90a5cafba4af544be2379443071f3b34827fd234dd2b	https://codec-corpus.r2.imazen.org/imazen-26-unprocessed/1400-lilith-nature/1504_nature_cloudy-sky-over-field_colorado_ip13pro_iso50-f1p5_img-0374_4032x3024.heic	https://codec-corpus.r2.imazen.org/imazen-26-png-v3/1400-lilith-nature/1504_nature_cloudy-sky-over-field_colorado_ip13pro_iso50-f1p5_img-0374_4032x3024.sdr.png
1506	train	1400-lilith-nature	1400-lilith-nature/1506_nature_glacier-ice-landscape_hornafjordur-iceland_ip13pro_iso50-f1p5_img-0423_4032x3024.heic	4032	3024	heic	1418055	1420688	5b3293adb09998b52c3b3c6aeae48139061628c916408f828c23d5818606e351	https://codec-corpus.r2.imazen.org/imazen-26-unprocessed/1400-lilith-nature/1506_nature_glacier-ice-landscape_hornafjordur-iceland_ip13pro_iso50-f1p5_img-0423_4032x3024.heic	https://codec-corpus.r2.imazen.org/imazen-26-png-v3/1400-lilith-nature/1506_nature_glacier-ice-landscape_hornafjordur-iceland_ip13pro_iso50-f1p5_img-0423_4032x3024.sdr.png
1508	train	1400-lilith-nature	1400-lilith-nature/1508_nature_ice-cave-interior_hornafjordur-iceland_ip13pro_iso1000-f1p8_img-0474_4032x3024.heic	4032	3024	heic	1446600	1449236	cadbfb0590e9b9dde5b0d7415fba513f1c5de03a4a84ff33aaa0d240e422d69c	https://codec-corpus.r2.imazen.org/imazen-26-unprocessed/1400-lilith-nature/1508_nature_ice-cave-interior_hornafjordur-iceland_ip13pro_iso1000-f1p8_img-0474_4032x3024.heic	https://codec-corpus.r2.imazen.org/imazen-26-png-v3/1400-lilith-nature/1508_nature_ice-cave-interior_hornafjordur-iceland_ip13pro_iso1000-f1p8_img-0474_4032x3024.sdr.png
1510	train	1400-lilith-nature	1400-lilith-nature/1510_nature_purple-iris-flowers_colorado_ip8plus_iso40-f2p8_img-0803_4032x3024.heic	4032	3024	heic	1367072	1368165	c72497b4cf7c065fafdcbe9a1a3b985785167d3529edf964af388fee1e336a7f	https://codec-corpus.r2.imazen.org/imazen-26-unprocessed/1400-lilith-nature/1510_nature_purple-iris-flowers_colorado_ip8plus_iso40-f2p8_img-0803_4032x3024.heic	https://codec-corpus.r2.imazen.org/imazen-26-png-v3/1400-lilith-nature/1510_nature_purple-iris-flowers_colorado_ip8plus_iso40-f2p8_img-0803_4032x3024.sdr.png
1512	train	1400-lilith-nature	1400-lilith-nature/1512_nature_purple-white-flowers_colorado_ip8plus_iso20-f2p8_img-1029_4032x3024.heic	4032	3024	heic	1616622	1617718	1d5ee1d1437bbf1f781da57ab8e45f5e6fc6af07585a557f05bb980711e318fe	https://codec-corpus.r2.imazen.org/imazen-26-unprocessed/1400-lilith-nature/1512_nature_purple-white-flowers_colorado_ip8plus_iso20-f2p8_img-1029_4032x3024.heic	https://codec-corpus.r2.imazen.org/imazen-26-png-v3/1400-lilith-nature/1512_nature_purple-white-flowers_colorado_ip8plus_iso20-f2p8_img-1029_4032x3024.sdr.png
1514	train	1400-lilith-nature	1400-lilith-nature/1514_nature_purple-allium-flowers_colorado_ip8plus_iso20-f2p8_img-1310_4032x3024.heic	4032	3024	heic	1216432	1217525	f9ad34ae14200e0bc2ebd3735cb0b627d1aa2230cee196358ef1a287f1ac7524	https://codec-corpus.r2.imazen.org/imazen-26-unprocessed/1400-lilith-nature/1514_nature_purple-allium-flowers_colorado_ip8plus_iso20-f2p8_img-1310_4032x3024.heic	https://codec-corpus.r2.imazen.org/imazen-26-png-v3/1400-lilith-nature/1514_nature_purple-allium-flowers_colorado_ip8plus_iso20-f2p8_img-1310_4032x3024.sdr.png
1516	train	1400-lilith-nature	1400-lilith-nature/1516_nature_pink-flower-in-bottle_colorado_ip17pro_iso50-f1p8_img-1509_2355x3308.heic	2355	3308	heic	635813	636438	b036b2c1a48f7d5e5bec180ca5949e064af14eacc265028a18bd29bba7a483c9	https://codec-corpus.r2.imazen.org/imazen-26-unprocessed/1400-lilith-nature/1516_nature_pink-flower-in-bottle_colorado_ip17pro_iso50-f1p8_img-1509_2355x3308.heic	https://codec-corpus.r2.imazen.org/imazen-26-png-v3/1400-lilith-nature/1516_nature_pink-flower-in-bottle_colorado_ip17pro_iso50-f1p8_img-1509_2355x3308.sdr.png
1518	train	1400-lilith-nature	1400-lilith-nature/1518_nature_pink-flowers-and-bee_colorado_ip8plus_iso40-f2p8_img-2464_4032x3024.heic	4032	3024	heic	1260806	1261900	e54f1b460b850ce7fd642cb345582f82bd6ab1125cfd0827a6f3272fa4faca02	https://codec-corpus.r2.imazen.org/imazen-26-unprocessed/1400-lilith-nature/1518_nature_pink-flowers-and-bee_colorado_ip8plus_iso40-f2p8_img-2464_4032x3024.heic	https://codec-corpus.r2.imazen.org/imazen-26-png-v3/1400-lilith-nature/1518_nature_pink-flowers-and-bee_colorado_ip8plus_iso40-f2p8_img-2464_4032x3024.sdr.png
1520	train	1400-lilith-nature	1400-lilith-nature/1520_nature_tulips-in-garden_notre-dame-versailles-france_ip15pro_iso80-f1p8_img-3545_5712x4284.heic	5712	4284	heic	2432798	2433250	a62d5db3fc1bf1ccdf5d8207924bbd9671d25cce84dedbe55a8ed6083b6ee882	https://codec-corpus.r2.imazen.org/imazen-26-unprocessed/1400-lilith-nature/1520_nature_tulips-in-garden_notre-dame-versailles-france_ip15pro_iso80-f1p8_img-3545_5712x4284.heic	https://codec-corpus.r2.imazen.org/imazen-26-png-v3/1400-lilith-nature/1520_nature_tulips-in-garden_notre-dame-versailles-france_ip15pro_iso80-f1p8_img-3545_5712x4284.sdr.png
1522	train	1400-lilith-nature	1400-lilith-nature/1522_nature_water-lilies-pond_colorado_ip13pro_iso50-f1p5_img-3764_4032x3024.heic	4032	3024	heic	3189387	3190076	b4fa0433db90a38b7155c5904473550e1b39ba8420099da5c7dd4a07d146a9f6	https://codec-corpus.r2.imazen.org/imazen-26-unprocessed/1400-lilith-nature/1522_nature_water-lilies-pond_colorado_ip13pro_iso50-f1p5_img-3764_4032x3024.heic	https://codec-corpus.r2.imazen.org/imazen-26-png-v3/1400-lilith-nature/1522_nature_water-lilies-pond_colorado_ip13pro_iso50-f1p5_img-3764_4032x3024.sdr.png
1524	train	1400-lilith-nature	1400-lilith-nature/1524_nature_yellow-flowers-garden_colorado_ip13pro_iso50-f1p5_img-3841_4032x3024.heic	4032	3024	heic	2728441	2729144	df66de02bd8c19dcba958b5bbf17c94cbf05973df2704d1251792a65e32bd2c5	https://codec-corpus.r2.imazen.org/imazen-26-unprocessed/1400-lilith-nature/1524_nature_yellow-flowers-garden_colorado_ip13pro_iso50-f1p5_img-3841_4032x3024.heic	https://codec-corpus.r2.imazen.org/imazen-26-png-v3/1400-lilith-nature/1524_nature_yellow-flowers-garden_colorado_ip13pro_iso50-f1p5_img-3841_4032x3024.sdr.png
1526	train	1400-lilith-nature	1400-lilith-nature/1526_nature_pink-flowers-garden_colorado_ip13pro_iso50-f1p5_img-4543_4032x3024.heic	4032	3024	heic	2142648	2143337	4b519d113ec60efe4d3e6b4b97ac4d6e093c24b152020fd067542a4e7ebed92c	https://codec-corpus.r2.imazen.org/imazen-26-unprocessed/1400-lilith-nature/1526_nature_pink-flowers-garden_colorado_ip13pro_iso50-f1p5_img-4543_4032x3024.heic	https://codec-corpus.r2.imazen.org/imazen-26-png-v3/1400-lilith-nature/1526_nature_pink-flowers-garden_colorado_ip13pro_iso50-f1p5_img-4543_4032x3024.sdr.png
1528	train	1400-lilith-nature	1400-lilith-nature/1528_nature_pink-blossom-branch_kawazu-japan_ip16pro_iso80-f1p8_img-4931_5712x4284.heic	5712	4284	heic	2060886	2059739	e1bd16170ade6ff3b5e3df25d48c2f34f78cec4de6e48982eda1143da3260ad3	https://codec-corpus.r2.imazen.org/imazen-26-unprocessed/1400-lilith-nature/1528_nature_pink-blossom-branch_kawazu-japan_ip16pro_iso80-f1p8_img-4931_5712x4284.heic	https://codec-corpus.r2.imazen.org/imazen-26-png-v3/1400-lilith-nature/1528_nature_pink-blossom-branch_kawazu-japan_ip16pro_iso80-f1p8_img-4931_5712x4284.sdr.png
1530	train	1400-lilith-nature	1400-lilith-nature/1530_nature_whale-tail-ocean_ip13pro_iso32-f2p8_img-5574_4032x3024.heic	4032	3024	heic	1376354	1378905	807b1b578fa6abd53ab6c62fd214bed47608927d3962cdda5bf4bdca6ee72459	https://codec-corpus.r2.imazen.org/imazen-26-unprocessed/1400-lilith-nature/1530_nature_whale-tail-ocean_ip13pro_iso32-f2p8_img-5574_4032x3024.heic	https://codec-corpus.r2.imazen.org/imazen-26-png-v3/1400-lilith-nature/1530_nature_whale-tail-ocean_ip13pro_iso32-f2p8_img-5574_4032x3024.sdr.png
1532	train	1400-lilith-nature	1400-lilith-nature/1532_nature_red-poppy-flowers_taos-new-mexico_ip17pro_iso80-f1p8_img-6194_5712x4284.heic	5712	4284	heic	2478895	2477484	9612ac66ed54b7aedbca565bd5165c66898ebe7132394c9d234baab326c2999f	https://codec-corpus.r2.imazen.org/imazen-26-unprocessed/1400-lilith-nature/1532_nature_red-poppy-flowers_taos-new-mexico_ip17pro_iso80-f1p8_img-6194_5712x4284.heic	https://codec-corpus.r2.imazen.org/imazen-26-png-v3/1400-lilith-nature/1532_nature_red-poppy-flowers_taos-new-mexico_ip17pro_iso80-f1p8_img-6194_5712x4284.sdr.png
1534	train	1400-lilith-nature	1400-lilith-nature/1534_nature_red-flowers-closeup_ketchikan-alaska_ip16pro_iso125-f1p8_img-6286_4032x3024.heic	4032	3024	heic	1220146	1218988	c106987e8cf5ccaa4f46942d93b1c152eb93b6c971fe1d014333b9025fe78b08	https://codec-corpus.r2.imazen.org/imazen-26-unprocessed/1400-lilith-nature/1534_nature_red-flowers-closeup_ketchikan-alaska_ip16pro_iso125-f1p8_img-6286_4032x3024.heic	https://codec-corpus.r2.imazen.org/imazen-26-png-v3/1400-lilith-nature/1534_nature_red-flowers-closeup_ketchikan-alaska_ip16pro_iso125-f1p8_img-6286_4032x3024.sdr.png
1536	train	1400-lilith-nature	1400-lilith-nature/1536_nature_purple-flowers-walkway_seward-alaska_ip16pro_iso80-f1p8_img-8763_5712x4284.heic	5712	4284	heic	2729026	2727873	dcaea6d8b03165e382674c2d26beaa60803838b8b7989974d974bb15f5fbb929	https://codec-corpus.r2.imazen.org/imazen-26-unprocessed/1400-lilith-nature/1536_nature_purple-flowers-walkway_seward-alaska_ip16pro_iso80-f1p8_img-8763_5712x4284.heic	https://codec-corpus.r2.imazen.org/imazen-26-png-v3/1400-lilith-nature/1536_nature_purple-flowers-walkway_seward-alaska_ip16pro_iso80-f1p8_img-8763_5712x4284.sdr.png
1538	train	1400-lilith-nature	1400-lilith-nature/1538_nature_boat-on-narrow-channel_muyil-chunyaxche-mexico_ip13pro_iso50-f1p5_img-8787_4032x3024.heic	4032	3024	heic	2098319	2100950	93e2792bf70d402c0480bd9c5e1fcb602d793e322d0af0f8d3b5f1c247c2d163	https://codec-corpus.r2.imazen.org/imazen-26-unprocessed/1400-lilith-nature/1538_nature_boat-on-narrow-channel_muyil-chunyaxche-mexico_ip13pro_iso50-f1p5_img-8787_4032x3024.heic	https://codec-corpus.r2.imazen.org/imazen-26-png-v3/1400-lilith-nature/1538_nature_boat-on-narrow-channel_muyil-chunyaxche-mexico_ip13pro_iso50-f1p5_img-8787_4032x3024.sdr.png
1540	train	1400-lilith-nature	1400-lilith-nature/1540_nature_purple-flowers-garden_belltown-seattle-washington_ip16pro_iso100-f1p8_img-9109_5712x4284.heic	5712	4284	heic	2846611	2845448	133a26196c86f7e908462c2d63a8acd65e42378d662f6b369254779085c0abc5	https://codec-corpus.r2.imazen.org/imazen-26-unprocessed/1400-lilith-nature/1540_nature_purple-flowers-garden_belltown-seattle-washington_ip16pro_iso100-f1p8_img-9109_5712x4284.heic	https://codec-corpus.r2.imazen.org/imazen-26-png-v3/1400-lilith-nature/1540_nature_purple-flowers-garden_belltown-seattle-washington_ip16pro_iso100-f1p8_img-9109_5712x4284.sdr.png
1542	train	1400-lilith-nature	1400-lilith-nature/1542_nature_orange-lily-flower_belltown-seattle-washington_ip16pro_iso80-f1p8_img-9149_5712x4284.heic	5712	4284	heic	2196358	2195216	6ccd147665eda8cac04cf608cd8f2cc3dfe0bef64534b8d53a2ee6054122806d	https://codec-corpus.r2.imazen.org/imazen-26-unprocessed/1400-lilith-nature/1542_nature_orange-lily-flower_belltown-seattle-washington_ip16pro_iso80-f1p8_img-9149_5712x4284.heic	https://codec-corpus.r2.imazen.org/imazen-26-png-v3/1400-lilith-nature/1542_nature_orange-lily-flower_belltown-seattle-washington_ip16pro_iso80-f1p8_img-9149_5712x4284.sdr.png
1544	train	1400-lilith-nature	1400-lilith-nature/1544_nature_purple-water-lily-flower_miyuki-beppu-japan_ip16pro_iso64-f1p8_img-9550_4032x3024.heic	4032	3024	heic	1229115	1227970	9a2ca818ed185495ab201c52e2e5c9b1a77aa40b70ddecb51f42165c47f9e2f6	https://codec-corpus.r2.imazen.org/imazen-26-unprocessed/1400-lilith-nature/1544_nature_purple-water-lily-flower_miyuki-beppu-japan_ip16pro_iso64-f1p8_img-9550_4032x3024.heic	https://codec-corpus.r2.imazen.org/imazen-26-png-v3/1400-lilith-nature/1544_nature_purple-water-lily-flower_miyuki-beppu-japan_ip16pro_iso64-f1p8_img-9550_4032x3024.sdr.png
1546	train	1400-lilith-nature	1400-lilith-nature/1546_nature_underground-cave-lake_playa-del-carmen-mexico_ip13pro_iso2000-f1p5_img-9608_4032x3024.heic	4032	3024	heic	1309425	1311948	66474189258aa27e9ec468e66cfb7e8e537c7180d33195a58968c7605651fe79	https://codec-corpus.r2.imazen.org/imazen-26-unprocessed/1400-lilith-nature/1546_nature_underground-cave-lake_playa-del-carmen-mexico_ip13pro_iso2000-f1p5_img-9608_4032x3024.heic	https://codec-corpus.r2.imazen.org/imazen-26-png-v3/1400-lilith-nature/1546_nature_underground-cave-lake_playa-del-carmen-mexico_ip13pro_iso2000-f1p5_img-9608_4032x3024.sdr.png
1548	train	1400-lilith-nature	1400-lilith-nature/1548_nature_purple-blossom-branches_colorado_ip8plus_iso32-f2p8_img-9831_4032x3024.heic	4032	3024	heic	2357421	2358515	2983739de940af98e27885a30e04ade34a642c72f195a8ca9aa125d146c83a8f	https://codec-corpus.r2.imazen.org/imazen-26-unprocessed/1400-lilith-nature/1548_nature_purple-blossom-branches_colorado_ip8plus_iso32-f2p8_img-9831_4032x3024.heic	https://codec-corpus.r2.imazen.org/imazen-26-png-v3/1400-lilith-nature/1548_nature_purple-blossom-branches_colorado_ip8plus_iso32-f2p8_img-9831_4032x3024.sdr.png
1550	train	1400-lilith-nature	1400-lilith-nature/1550_nature_sunset-clouds-over-parkinglot_screenshot-20260526-073143-photos_1079x1439.png	1079	1439	png	1758783	1758483	49a0fb042478adaa8230cd34ab1462c99d6e4c459a1ce1f2b212274489f22816	https://codec-corpus.r2.imazen.org/imazen-26-unprocessed/1400-lilith-nature/1550_nature_sunset-clouds-over-parkinglot_screenshot-20260526-073143-photos_1079x1439.png	https://codec-corpus.r2.imazen.org/imazen-26-png-v3/1400-lilith-nature/1550_nature_sunset-clouds-over-parkinglot_screenshot-20260526-073143-photos_1079x1439.sdr.png
1552	train	1400-lilith-nature	1400-lilith-nature/1552_nature_sunset-skyline-silhouette_screenshot-20260526-074733-gallery_1924x1400.png	1924	1400	png	1848044	1847744	cc577fd4abe3dd20a4aeb42a26fe32763646396fc160b2cb900ecd637324ad4b	https://codec-corpus.r2.imazen.org/imazen-26-unprocessed/1400-lilith-nature/1552_nature_sunset-skyline-silhouette_screenshot-20260526-074733-gallery_1924x1400.png	https://codec-corpus.r2.imazen.org/imazen-26-png-v3/1400-lilith-nature/1552_nature_sunset-skyline-silhouette_screenshot-20260526-074733-gallery_1924x1400.sdr.png
1554	train	1400-lilith-nature	1400-lilith-nature/1554_nature_person-on-driftwood_screenshot-20260526-075607-gallery_1561x2131.png	1561	2131	png	1988276	1987976	668656c86baa22bbc58ce37bf64898a9cc02d480f3eb1f6aa6468759261e8b33	https://codec-corpus.r2.imazen.org/imazen-26-unprocessed/1400-lilith-nature/1554_nature_person-on-driftwood_screenshot-20260526-075607-gallery_1561x2131.png	https://codec-corpus.r2.imazen.org/imazen-26-png-v3/1400-lilith-nature/1554_nature_person-on-driftwood_screenshot-20260526-075607-gallery_1561x2131.sdr.png
1556	train	1400-lilith-nature	1400-lilith-nature/1556_nature_abstract-ice-texture_screenshot-20260526-080327-gallery_1020x2183.png	1020	2183	png	3161259	3160959	2fcf73eeb06323ce72cfe83e8af0a82198f4a8bbd659658a6042fb0963b714f5	https://codec-corpus.r2.imazen.org/imazen-26-unprocessed/1400-lilith-nature/1556_nature_abstract-ice-texture_screenshot-20260526-080327-gallery_1020x2183.png	https://codec-corpus.r2.imazen.org/imazen-26-png-v3/1400-lilith-nature/1556_nature_abstract-ice-texture_screenshot-20260526-080327-gallery_1020x2183.sdr.png
1600	train	1600-lilith-food	1600-lilith-food/1600_food_steamed-dumplings-basket_university-city-san-diego-california_note9_iso64-f2p4_20190516-185153_4032x3024.jpg	4032	3024	jpg	525959	519481	e7ee0e60a74d29e8455d7324eab83ddf535fd054fd0c0fcedabdd4ee13060595	https://codec-corpus.r2.imazen.org/imazen-26-unprocessed/1600-lilith-food/1600_food_steamed-dumplings-basket_university-city-san-diego-california_note9_iso64-f2p4_20190516-185153_4032x3024.jpg	https://codec-corpus.r2.imazen.org/imazen-26-png-v3/1600-lilith-food/1600_food_steamed-dumplings-basket_university-city-san-diego-california_note9_iso64-f2p4_20190516-185153_4032x3024.sdr.png
1602	train	1600-lilith-food	1600-lilith-food/1602_food_caprese-salad-plate_s21u_iso250-f2p4_20210709-193445_4000x3000.jpg	4000	3000	jpg	3227320	3162610	2870b44af427b57a338b0821f7d60b61bf1cb0109de4c186cb1b2f96ebc2e1c3	https://codec-corpus.r2.imazen.org/imazen-26-unprocessed/1600-lilith-food/1602_food_caprese-salad-plate_s21u_iso250-f2p4_20210709-193445_4000x3000.jpg	https://codec-corpus.r2.imazen.org/imazen-26-png-v3/1600-lilith-food/1602_food_caprese-salad-plate_s21u_iso250-f2p4_20210709-193445_4000x3000.sdr.png
1604	train	1600-lilith-food	1600-lilith-food/1604_food_meat-and-fried-vegetables_l-eixample-barcelona-spain_s21u_iso640-f1p8_20220304-124452_4000x3000.jpg	4000	3000	jpg	3575733	3515566	5595d3e82b0fb2b178529aac28d7408f3f1994d019268bcff5ab483268f806f8	https://codec-corpus.r2.imazen.org/imazen-26-unprocessed/1600-lilith-food/1604_food_meat-and-fried-vegetables_l-eixample-barcelona-spain_s21u_iso640-f1p8_20220304-124452_4000x3000.jpg	https://codec-corpus.r2.imazen.org/imazen-26-png-v3/1600-lilith-food/1604_food_meat-and-fried-vegetables_l-eixample-barcelona-spain_s21u_iso640-f1p8_20220304-124452_4000x3000.sdr.png
1606	train	1600-lilith-food	1600-lilith-food/1606_food_fried-calamari-salad_hanalei-hawaii_s21u_iso32-f1p8_20221001-155420_3462x2150.jpg	3462	2150	jpg	1049196	1044163	b7eb0d83753748f60489305fb86c05e81ab9727a401dbb1a2d62cb8205299060	https://codec-corpus.r2.imazen.org/imazen-26-unprocessed/1600-lilith-food/1606_food_fried-calamari-salad_hanalei-hawaii_s21u_iso32-f1p8_20221001-155420_3462x2150.jpg	https://codec-corpus.r2.imazen.org/imazen-26-png-v3/1600-lilith-food/1606_food_fried-calamari-salad_hanalei-hawaii_s21u_iso32-f1p8_20221001-155420_3462x2150.sdr.png
1608	train	1600-lilith-food	1600-lilith-food/1608_food_single-cake-slice-plate_anedaitocho-kyoto-japan_s23u_iso320-f2p2_20230709-194142_4000x3000.jpg	4000	3000	jpg	3215133	3164770	b66a0161a948c4fcf739f354bd0b1659f2da238826eabcbcbf46e75e643581ea	https://codec-corpus.r2.imazen.org/imazen-26-unprocessed/1600-lilith-food/1608_food_single-cake-slice-plate_anedaitocho-kyoto-japan_s23u_iso320-f2p2_20230709-194142_4000x3000.jpg	https://codec-corpus.r2.imazen.org/imazen-26-png-v3/1600-lilith-food/1608_food_single-cake-slice-plate_anedaitocho-kyoto-japan_s23u_iso320-f2p2_20230709-194142_4000x3000.sdr.png
1610	train	1600-lilith-food	1600-lilith-food/1610_food_rice-bowl-vegetables_mapunapuna-honolulu-hawaii_s23u_iso50-f2p2_20230712-183013_4000x3000.jpg	4000	3000	jpg	2930173	2873643	b93d76ecb1d6400d9175fc2d97f5fcf8b8fa7c2c236e52c6e9932e8155310aa9	https://codec-corpus.r2.imazen.org/imazen-26-unprocessed/1600-lilith-food/1610_food_rice-bowl-vegetables_mapunapuna-honolulu-hawaii_s23u_iso50-f2p2_20230712-183013_4000x3000.jpg	https://codec-corpus.r2.imazen.org/imazen-26-png-v3/1600-lilith-food/1610_food_rice-bowl-vegetables_mapunapuna-honolulu-hawaii_s23u_iso50-f2p2_20230712-183013_4000x3000.sdr.png
1612	train	1600-lilith-food	1600-lilith-food/1612_food_fried-fish-and-fries_s23u_iso25-f1p7_20230730-142545-0_4000x3000.jpg	4000	3000	jpg	3022300	2956518	e2308dce92230b6336c7de92f0d5f5f7646c581fc340f28a38ee55e720b4e08f	https://codec-corpus.r2.imazen.org/imazen-26-unprocessed/1600-lilith-food/1612_food_fried-fish-and-fries_s23u_iso25-f1p7_20230730-142545-0_4000x3000.jpg	https://codec-corpus.r2.imazen.org/imazen-26-png-v3/1600-lilith-food/1612_food_fried-fish-and-fries_s23u_iso25-f1p7_20230730-142545-0_4000x3000.sdr.png
1614	train	1600-lilith-food	1600-lilith-food/1614_food_dessert-plate-upside-down_valladolid-mexico_s23u_iso640-f1p7_20230917-213342_4000x3000.jpg	4000	3000	jpg	3321590	3265913	1689f5dddb8ca8445b85a124e9882640101969829b6996d285781bee517f0197	https://codec-corpus.r2.imazen.org/imazen-26-unprocessed/1600-lilith-food/1614_food_dessert-plate-upside-down_valladolid-mexico_s23u_iso640-f1p7_20230917-213342_4000x3000.jpg	https://codec-corpus.r2.imazen.org/imazen-26-png-v3/1600-lilith-food/1614_food_dessert-plate-upside-down_valladolid-mexico_s23u_iso640-f1p7_20230917-213342_4000x3000.sdr.png
1616	train	1600-lilith-food	1600-lilith-food/1616_food_plated-dessert-closeup_minami-kugahara-2-ota-japan_s23u_iso500-f2p2_20231028-120453-001_4000x3000.jpg	4000	3000	jpg	3558022	3516636	3d1b7fd7c210ccef9bbb3cc380cbc5dd26bb71dd5db49340438a5359f7ee43d4	https://codec-corpus.r2.imazen.org/imazen-26-unprocessed/1600-lilith-food/1616_food_plated-dessert-closeup_minami-kugahara-2-ota-japan_s23u_iso500-f2p2_20231028-120453-001_4000x3000.jpg	https://codec-corpus.r2.imazen.org/imazen-26-png-v3/1600-lilith-food/1616_food_plated-dessert-closeup_minami-kugahara-2-ota-japan_s23u_iso500-f2p2_20231028-120453-001_4000x3000.sdr.png
1618	train	1600-lilith-food	1600-lilith-food/1618_food_fruit-platter-with-dip_colorado_s23u_iso250-f2p4_20231126-035155_4000x3000.heic	4000	3000	heic	2783566	2786509	425c1e0f40029cd20046d29dc8e8f685096f4921fcc987b0a87eaa294829ffc6	https://codec-corpus.r2.imazen.org/imazen-26-unprocessed/1600-lilith-food/1618_food_fruit-platter-with-dip_colorado_s23u_iso250-f2p4_20231126-035155_4000x3000.heic	https://codec-corpus.r2.imazen.org/imazen-26-png-v3/1600-lilith-food/1618_food_fruit-platter-with-dip_colorado_s23u_iso250-f2p4_20231126-035155_4000x3000.sdr.png
1620	train	1600-lilith-food	1600-lilith-food/1620_food_plated-dessert-closeup_1st-arrondissement-paris-france_s23u_iso160-f2p2_20240426-140041_4000x3000.jpg	4000	3000	jpg	2187059	2129467	b447ee5a5347c2bda51c81805ffcbb605673794a8e5564356334a769cec5ecdb	https://codec-corpus.r2.imazen.org/imazen-26-unprocessed/1600-lilith-food/1620_food_plated-dessert-closeup_1st-arrondissement-paris-france_s23u_iso160-f2p2_20240426-140041_4000x3000.jpg	https://codec-corpus.r2.imazen.org/imazen-26-png-v3/1600-lilith-food/1620_food_plated-dessert-closeup_1st-arrondissement-paris-france_s23u_iso160-f2p2_20240426-140041_4000x3000.sdr.png
1622	train	1600-lilith-food	1600-lilith-food/1622_food_strawberry-layer-cake_colorado_s23u_iso80-f2p4_20240505-164658_4000x3000.jpg	4000	3000	jpg	3832845	3786790	a6e5e3d9c319db47e87f2ceae68676d3054b14444e7e9a9c39fabe353dcc638c	https://codec-corpus.r2.imazen.org/imazen-26-unprocessed/1600-lilith-food/1622_food_strawberry-layer-cake_colorado_s23u_iso80-f2p4_20240505-164658_4000x3000.jpg	https://codec-corpus.r2.imazen.org/imazen-26-png-v3/1600-lilith-food/1622_food_strawberry-layer-cake_colorado_s23u_iso80-f2p4_20240505-164658_4000x3000.sdr.png
1624	train	1600-lilith-food	1600-lilith-food/1624_food_french-toast_colorado_s23u_iso50-f2p2_20240507-145130_4000x3000.jpg	4000	3000	jpg	3330312	3279877	6db0f09a44e1f736141c75da7831847510de84044bd4924d0bdb51c754d93a66	https://codec-corpus.r2.imazen.org/imazen-26-unprocessed/1600-lilith-food/1624_food_french-toast_colorado_s23u_iso50-f2p2_20240507-145130_4000x3000.jpg	https://codec-corpus.r2.imazen.org/imazen-26-png-v3/1600-lilith-food/1624_food_french-toast_colorado_s23u_iso50-f2p2_20240507-145130_4000x3000.sdr.png
1626	train	1600-lilith-food	1600-lilith-food/1626_food_chocolate-cake-dessert-plate_colorado_s23u_iso800-f2p4_20240510-221014_4000x3000.jpg	4000	3000	jpg	3178389	3141074	233a8b6d3684d74e56b6acf961221f9213a3509c1a42ddc1b8ea79925f8a807c	https://codec-corpus.r2.imazen.org/imazen-26-unprocessed/1600-lilith-food/1626_food_chocolate-cake-dessert-plate_colorado_s23u_iso800-f2p4_20240510-221014_4000x3000.jpg	https://codec-corpus.r2.imazen.org/imazen-26-png-v3/1600-lilith-food/1626_food_chocolate-cake-dessert-plate_colorado_s23u_iso800-f2p4_20240510-221014_4000x3000.sdr.png
1628	train	1600-lilith-food	1600-lilith-food/1628_food_french-toast_s23u_iso250-f1p7_20240907-133934_4000x3000.jpg	4000	3000	jpg	7695964	3994504	15f0545dd79b3dcc23c1fe4d9cc6b2c6601e8cc8b1b487bc96eedeb58c15cea4	https://codec-corpus.r2.imazen.org/imazen-26-unprocessed/1600-lilith-food/1628_food_french-toast_s23u_iso250-f1p7_20240907-133934_4000x3000.jpg	https://codec-corpus.r2.imazen.org/imazen-26-png-v3/1600-lilith-food/1628_food_french-toast_s23u_iso250-f1p7_20240907-133934_4000x3000.sdr.png
1630	train	1600-lilith-food	1600-lilith-food/1630_food_tea-and-dessert-table_wadahamaminamicho-atami-japan_s23u_iso320-f1p7_20250303-154752_4000x3000.jpg	4000	3000	jpg	4212979	4150376	76af01117d3ede245467c31e76c72cb224412c52885e7782c05a5ffc6a849224	https://codec-corpus.r2.imazen.org/imazen-26-unprocessed/1600-lilith-food/1630_food_tea-and-dessert-table_wadahamaminamicho-atami-japan_s23u_iso320-f1p7_20250303-154752_4000x3000.jpg	https://codec-corpus.r2.imazen.org/imazen-26-png-v3/1600-lilith-food/1630_food_tea-and-dessert-table_wadahamaminamicho-atami-japan_s23u_iso320-f1p7_20250303-154752_4000x3000.sdr.png
1632	train	1600-lilith-food	1600-lilith-food/1632_food_orange-juice-glass_uchiura-shigedera-numazu-japan_s23u_iso125-f2p4_20250307-182432_4000x3000.jpg	4000	3000	jpg	2860097	2811917	4a7e70b5575c571e5ae3b5d62d0c0d7735678741744baf881d01c677791566b6	https://codec-corpus.r2.imazen.org/imazen-26-unprocessed/1600-lilith-food/1632_food_orange-juice-glass_uchiura-shigedera-numazu-japan_s23u_iso125-f2p4_20250307-182432_4000x3000.jpg	https://codec-corpus.r2.imazen.org/imazen-26-png-v3/1600-lilith-food/1632_food_orange-juice-glass_uchiura-shigedera-numazu-japan_s23u_iso125-f2p4_20250307-182432_4000x3000.sdr.png
1634	train	1600-lilith-food	1600-lilith-food/1634_food_breakfast-table-setting_uchiura-shigedera-numazu-japan_s23u_iso16-f1p7_20250308-091451_4000x3000.jpg	4000	3000	jpg	3025792	2963554	1fd8e87252a7458d7a44b69ccd070c46a3f4e4785bfdfb083e320662cfbc95a7	https://codec-corpus.r2.imazen.org/imazen-26-unprocessed/1600-lilith-food/1634_food_breakfast-table-setting_uchiura-shigedera-numazu-japan_s23u_iso16-f1p7_20250308-091451_4000x3000.jpg	https://codec-corpus.r2.imazen.org/imazen-26-png-v3/1600-lilith-food/1634_food_breakfast-table-setting_uchiura-shigedera-numazu-japan_s23u_iso16-f1p7_20250308-091451_4000x3000.sdr.png
1636	train	1600-lilith-food	1600-lilith-food/1636_food_breakfast-table-spread_ogura-beppu-japan_s23u_iso200-f1p7_20250311-100529_4000x3000.jpg	4000	3000	jpg	4279331	4216275	f98f23437f97cb3e03b5c37827bc0f478121d97c3dd9f49f1f8af74fa59b3625	https://codec-corpus.r2.imazen.org/imazen-26-unprocessed/1600-lilith-food/1636_food_breakfast-table-spread_ogura-beppu-japan_s23u_iso200-f1p7_20250311-100529_4000x3000.jpg	https://codec-corpus.r2.imazen.org/imazen-26-png-v3/1600-lilith-food/1636_food_breakfast-table-spread_ogura-beppu-japan_s23u_iso200-f1p7_20250311-100529_4000x3000.sdr.png
1638	train	1600-lilith-food	1600-lilith-food/1638_food_sliced-fish-dish_colorado_s25u_iso800-f1p7_20250425-213810_4000x3000.jpg	4000	3000	jpg	3011060	2881324	8f0644231ac06cfe5262718093122965746411c6b72aa2fccf8d660654469ecd	https://codec-corpus.r2.imazen.org/imazen-26-unprocessed/1600-lilith-food/1638_food_sliced-fish-dish_colorado_s25u_iso800-f1p7_20250425-213810_4000x3000.jpg	https://codec-corpus.r2.imazen.org/imazen-26-png-v3/1600-lilith-food/1638_food_sliced-fish-dish_colorado_s25u_iso800-f1p7_20250425-213810_4000x3000.sdr.png
1640	train	1600-lilith-food	1600-lilith-food/1640_food_birthday-cake-table_colorado_ip16pro_iso125-f1p8_img-2666_5712x4284.heic	5712	4284	heic	2894895	2893737	bc3d2c4e320df3ff20b2ceba2d76e95316eb0449f52c7fab13b1a3a94e20e2aa	https://codec-corpus.r2.imazen.org/imazen-26-unprocessed/1600-lilith-food/1640_food_birthday-cake-table_colorado_ip16pro_iso125-f1p8_img-2666_5712x4284.heic	https://codec-corpus.r2.imazen.org/imazen-26-png-v3/1600-lilith-food/1640_food_birthday-cake-table_colorado_ip16pro_iso125-f1p8_img-2666_5712x4284.sdr.png
2000	train	2000-unsplash-people	2000-unsplash-people/2000_people_by-alexander-aguero-enppvuxbcce-unsplash_4400x6600.jpg	4400	6600	jpg	4030286	4030286	d42d2e0b76b363041dcc3073da80dc43b0a17d9c9059439b9e58fd2c91309f56	https://codec-corpus.r2.imazen.org/imazen-26-unprocessed/2000-unsplash-people/2000_people_by-alexander-aguero-enppvuxbcce-unsplash_4400x6600.jpg	https://codec-corpus.r2.imazen.org/imazen-26-png-v3/2000-unsplash-people/2000_people_by-alexander-aguero-enppvuxbcce-unsplash_4400x6600.sdr.png
2002	train	2000-unsplash-people	2000-unsplash-people/2002_people_by-ashford-marx-5nemkak1wqs-unsplash_3915x5872.jpg	3915	5872	jpg	4005978	4005978	ca019dacfb7dae88c670071bc53bc3e832efde93bdc181faf2b162348f57e52c	https://codec-corpus.r2.imazen.org/imazen-26-unprocessed/2000-unsplash-people/2002_people_by-ashford-marx-5nemkak1wqs-unsplash_3915x5872.jpg	https://codec-corpus.r2.imazen.org/imazen-26-png-v3/2000-unsplash-people/2002_people_by-ashford-marx-5nemkak1wqs-unsplash_3915x5872.sdr.png
2004	train	2000-unsplash-people	2000-unsplash-people/2004_people_by-christian-agbede-a1gwjze3il4-unsplash_2945x4417.jpg	2945	4417	jpg	4194074	4194074	d4a783a3e1fd3b091c09a5fde08e5114402ec08e40510e8e0c4037c0979c2948	https://codec-corpus.r2.imazen.org/imazen-26-unprocessed/2000-unsplash-people/2004_people_by-christian-agbede-a1gwjze3il4-unsplash_2945x4417.jpg	https://codec-corpus.r2.imazen.org/imazen-26-png-v3/2000-unsplash-people/2004_people_by-christian-agbede-a1gwjze3il4-unsplash_2945x4417.sdr.png
2006	train	2000-unsplash-people	2000-unsplash-people/2006_people_by-dwayne-joe-1qjf4jk8bh0-unsplash_2624x3936.jpg	2624	3936	jpg	1283366	1283366	1401357260a2a5f16f0480c23a28892a42678571f04197a19ff392f2fa7f5ebd	https://codec-corpus.r2.imazen.org/imazen-26-unprocessed/2000-unsplash-people/2006_people_by-dwayne-joe-1qjf4jk8bh0-unsplash_2624x3936.jpg	https://codec-corpus.r2.imazen.org/imazen-26-png-v3/2000-unsplash-people/2006_people_by-dwayne-joe-1qjf4jk8bh0-unsplash_2624x3936.sdr.png
2008	train	2000-unsplash-people	2000-unsplash-people/2008_people_by-ehsan-ahmadi-vswy6nchcos-unsplash_3304x4129.jpg	3304	4129	jpg	1840627	1840627	e87694d01f08b6ee8c9eac0a7ec22560a41b4752e6c282b223bec95ce0d88661	https://codec-corpus.r2.imazen.org/imazen-26-unprocessed/2000-unsplash-people/2008_people_by-ehsan-ahmadi-vswy6nchcos-unsplash_3304x4129.jpg	https://codec-corpus.r2.imazen.org/imazen-26-png-v3/2000-unsplash-people/2008_people_by-ehsan-ahmadi-vswy6nchcos-unsplash_3304x4129.sdr.png
2010	train	2000-unsplash-people	2000-unsplash-people/2010_people_by-emmanuel-black-j7lc6bzguzs-unsplash_3944x4930.jpg	3944	4930	jpg	5560298	5560298	89f42a5a3c2975928ed6e5e8eec5945f3506d44c3cb7205813e88eeaa7d0f239	https://codec-corpus.r2.imazen.org/imazen-26-unprocessed/2000-unsplash-people/2010_people_by-emmanuel-black-j7lc6bzguzs-unsplash_3944x4930.jpg	https://codec-corpus.r2.imazen.org/imazen-26-png-v3/2000-unsplash-people/2010_people_by-emmanuel-black-j7lc6bzguzs-unsplash_3944x4930.sdr.png
2012	train	2000-unsplash-people	2000-unsplash-people/2012_people_by-ian-taylor-blopn4jci7s-unsplash_4000x3000.jpg	4000	3000	jpg	1070710	1070710	88e888e37375bf9f1cd355f1ae3f567e3cf6628d3fd7fc1ce5369a647604989e	https://codec-corpus.r2.imazen.org/imazen-26-unprocessed/2000-unsplash-people/2012_people_by-ian-taylor-blopn4jci7s-unsplash_4000x3000.jpg	https://codec-corpus.r2.imazen.org/imazen-26-png-v3/2000-unsplash-people/2012_people_by-ian-taylor-blopn4jci7s-unsplash_4000x3000.sdr.png
2014	train	2000-unsplash-people	2000-unsplash-people/2014_people_by-jing-chen-sld5c8su-ue-unsplash_6240x4160.jpg	6240	4160	jpg	4574752	4574752	9cbe9d498f725c1aad70625a028cffc055fa59830206c45fb4ebeff28185ff58	https://codec-corpus.r2.imazen.org/imazen-26-unprocessed/2000-unsplash-people/2014_people_by-jing-chen-sld5c8su-ue-unsplash_6240x4160.jpg	https://codec-corpus.r2.imazen.org/imazen-26-png-v3/2000-unsplash-people/2014_people_by-jing-chen-sld5c8su-ue-unsplash_6240x4160.sdr.png
2016	train	2000-unsplash-people	2000-unsplash-people/2016_people_by-jr-clavant-gk26zebuw48-unsplash_2208x3314.jpg	2208	3314	jpg	1466292	1466292	bd7296976a3fd7007f5f2cc9c4b34581d1b70899d1c3408f3314665ee665d5ea	https://codec-corpus.r2.imazen.org/imazen-26-unprocessed/2000-unsplash-people/2016_people_by-jr-clavant-gk26zebuw48-unsplash_2208x3314.jpg	https://codec-corpus.r2.imazen.org/imazen-26-png-v3/2000-unsplash-people/2016_people_by-jr-clavant-gk26zebuw48-unsplash_2208x3314.sdr.png
2018	train	2000-unsplash-people	2000-unsplash-people/2018_people_by-luigi-ritchie-eljmmcgmega-unsplash_4774x4774.jpg	4774	4774	jpg	2404601	2404601	4f49e73a630a1d8886e3be742f49b253d77e3a0af51b69b9f17be48de606c07e	https://codec-corpus.r2.imazen.org/imazen-26-unprocessed/2000-unsplash-people/2018_people_by-luigi-ritchie-eljmmcgmega-unsplash_4774x4774.jpg	https://codec-corpus.r2.imazen.org/imazen-26-png-v3/2000-unsplash-people/2018_people_by-luigi-ritchie-eljmmcgmega-unsplash_4774x4774.sdr.png
2020	train	2000-unsplash-people	2000-unsplash-people/2020_people_by-mrtiger-xime2yd4gdw-unsplash_4672x7008.jpg	4672	7008	jpg	4357347	4357347	395b8030fedf8323f4707621cd8a7f4ef3d0bb099618effe4a5d1cb6d76225e7	https://codec-corpus.r2.imazen.org/imazen-26-unprocessed/2000-unsplash-people/2020_people_by-mrtiger-xime2yd4gdw-unsplash_4672x7008.jpg	https://codec-corpus.r2.imazen.org/imazen-26-png-v3/2000-unsplash-people/2020_people_by-mrtiger-xime2yd4gdw-unsplash_4672x7008.sdr.png
2022	train	2000-unsplash-people	2000-unsplash-people/2022_people_by-ravi-sharma-ko7-phdhbo-unsplash_4160x6240.jpg	4160	6240	jpg	2753486	2753486	4b10dcc3d121db0f9db4a9fc9de9dc1974cb9e85ab371537f5bacc739865b90a	https://codec-corpus.r2.imazen.org/imazen-26-unprocessed/2000-unsplash-people/2022_people_by-ravi-sharma-ko7-phdhbo-unsplash_4160x6240.jpg	https://codec-corpus.r2.imazen.org/imazen-26-png-v3/2000-unsplash-people/2022_people_by-ravi-sharma-ko7-phdhbo-unsplash_4160x6240.sdr.png
2024	train	2000-unsplash-people	2000-unsplash-people/2024_people_by-sammy-swae-jaip1hvdvbg-unsplash_4672x7008.jpg	4672	7008	jpg	6025292	6025292	8009d13785e3ce3156225610fabfdb99c0c372b9eca461d7347928e32d63f8c8	https://codec-corpus.r2.imazen.org/imazen-26-unprocessed/2000-unsplash-people/2024_people_by-sammy-swae-jaip1hvdvbg-unsplash_4672x7008.jpg	https://codec-corpus.r2.imazen.org/imazen-26-png-v3/2000-unsplash-people/2024_people_by-sammy-swae-jaip1hvdvbg-unsplash_4672x7008.sdr.png
2026	train	2000-unsplash-people	2000-unsplash-people/2026_people_by-willian-justen-de-vasconcellos-3f1eju2ib4u-unsplash_5637x3758.jpg	5637	3758	jpg	3705624	3705624	59b0ec097ff28fb0e0d46890c52ce2531ebd135459735b3576ce264a042a0c66	https://codec-corpus.r2.imazen.org/imazen-26-unprocessed/2000-unsplash-people/2026_people_by-willian-justen-de-vasconcellos-3f1eju2ib4u-unsplash_5637x3758.jpg	https://codec-corpus.r2.imazen.org/imazen-26-png-v3/2000-unsplash-people/2026_people_by-willian-justen-de-vasconcellos-3f1eju2ib4u-unsplash_5637x3758.sdr.png
2200	train	2200-unsplash-renders	2200-unsplash-renders/2200_renders_abstract-folded-ribbons_by-a-chosen-soul-moigsaj8te0-unsplash_7680x4320.jpg	7680	4320	jpg	2090832	2090832	90cf1c851a124e066448bc4aeacf54feaa33b8027b10bc1d9cec965c705ded41	https://codec-corpus.r2.imazen.org/imazen-26-unprocessed/2200-unsplash-renders/2200_renders_abstract-folded-ribbons_by-a-chosen-soul-moigsaj8te0-unsplash_7680x4320.jpg	https://codec-corpus.r2.imazen.org/imazen-26-png-v3/2200-unsplash-renders/2200_renders_abstract-folded-ribbons_by-a-chosen-soul-moigsaj8te0-unsplash_7680x4320.sdr.png
2202	train	2200-unsplash-renders	2200-unsplash-renders/2202_renders_planet-with-city-lights_by-itsiken-pmyoy3wafpu-unsplash_3000x3000.jpg	3000	3000	jpg	1598053	1598053	e14f926e8a810bc943ad2e722959284ced5de64046e91c1925e8d822b9b907b6	https://codec-corpus.r2.imazen.org/imazen-26-unprocessed/2200-unsplash-renders/2202_renders_planet-with-city-lights_by-itsiken-pmyoy3wafpu-unsplash_3000x3000.jpg	https://codec-corpus.r2.imazen.org/imazen-26-png-v3/2200-unsplash-renders/2202_renders_planet-with-city-lights_by-itsiken-pmyoy3wafpu-unsplash_3000x3000.sdr.png
2204	train	2200-unsplash-renders	2200-unsplash-renders/2204_renders_abstract-line-pattern_by-logan-voss-z-e-zrfty00-unsplash_4320x7680.jpg	4320	7680	jpg	3692854	3692854	92f6e9dbaf8d8c595264331e86e2921a1b6f52d4d743d3c278017f6002200234	https://codec-corpus.r2.imazen.org/imazen-26-unprocessed/2200-unsplash-renders/2204_renders_abstract-line-pattern_by-logan-voss-z-e-zrfty00-unsplash_4320x7680.jpg	https://codec-corpus.r2.imazen.org/imazen-26-png-v3/2200-unsplash-renders/2204_renders_abstract-line-pattern_by-logan-voss-z-e-zrfty00-unsplash_4320x7680.sdr.png
2206	train	2200-unsplash-renders	2200-unsplash-renders/2206_renders_abstract-color-pattern_by-marek-pavlik-fozwxagka1o-unsplash_3840x2160.jpg	3840	2160	jpg	2272293	2272293	a7ff9c29c066adabdb9b83e4e6c1f7cb90adacb7cfaebac6bf6072f465e95868	https://codec-corpus.r2.imazen.org/imazen-26-unprocessed/2200-unsplash-renders/2206_renders_abstract-color-pattern_by-marek-pavlik-fozwxagka1o-unsplash_3840x2160.jpg	https://codec-corpus.r2.imazen.org/imazen-26-png-v3/2200-unsplash-renders/2206_renders_abstract-color-pattern_by-marek-pavlik-fozwxagka1o-unsplash_3840x2160.sdr.png
2208	train	2200-unsplash-renders	2200-unsplash-renders/2208_renders_arched-room-round-window_by-mehrab-sium-wfxnp8g8-7q-unsplash_3240x4860.jpg	3240	4860	jpg	2651003	2651003	137b68972b7f43ee5bbc910bded634e62bab4e8f369412c6e3c8e3db3b80378e	https://codec-corpus.r2.imazen.org/imazen-26-unprocessed/2200-unsplash-renders/2208_renders_arched-room-round-window_by-mehrab-sium-wfxnp8g8-7q-unsplash_3240x4860.jpg	https://codec-corpus.r2.imazen.org/imazen-26-png-v3/2200-unsplash-renders/2208_renders_arched-room-round-window_by-mehrab-sium-wfxnp8g8-7q-unsplash_3240x4860.sdr.png
2210	train	2200-unsplash-renders	2200-unsplash-renders/2210_renders_abstract-line-pattern_by-resource-database-xp6ngsgxck0-unsplash_4000x5000.jpg	4000	5000	jpg	4024789	4024789	d8db93b2d6342d209531800f0f66e40a6344eb8a183d32cc4c862085140cfa90	https://codec-corpus.r2.imazen.org/imazen-26-unprocessed/2200-unsplash-renders/2210_renders_abstract-line-pattern_by-resource-database-xp6ngsgxck0-unsplash_4000x5000.jpg	https://codec-corpus.r2.imazen.org/imazen-26-png-v3/2200-unsplash-renders/2210_renders_abstract-line-pattern_by-resource-database-xp6ngsgxck0-unsplash_4000x5000.sdr.png
2212	train	2200-unsplash-renders	2200-unsplash-renders/2212_renders_bear_by-zoha-gohar-ekvbymo0qzg-unsplash_6144x4608.jpg	6144	4608	jpg	2787503	2787503	4568c09a53d736ee3142c1a5655aae95238addfa06f1d6918863073b3a3e299f	https://codec-corpus.r2.imazen.org/imazen-26-unprocessed/2200-unsplash-renders/2212_renders_bear_by-zoha-gohar-ekvbymo0qzg-unsplash_6144x4608.jpg	https://codec-corpus.r2.imazen.org/imazen-26-png-v3/2200-unsplash-renders/2212_renders_bear_by-zoha-gohar-ekvbymo0qzg-unsplash_6144x4608.sdr.png
2400	train	2400-unsplash-textures	2400-unsplash-textures/2400_textures_flower-stem-blob_by-anca-gabriela-zosin-bmonybmqxha-unsplash_4000x5350.jpg	4000	5350	jpg	1601742	1601742	3d6362125a25436b40bcfc9b30e2339ee3d0e24f5428cb7a9a1a92d0c10a0531	https://codec-corpus.r2.imazen.org/imazen-26-unprocessed/2400-unsplash-textures/2400_textures_flower-stem-blob_by-anca-gabriela-zosin-bmonybmqxha-unsplash_4000x5350.jpg	https://codec-corpus.r2.imazen.org/imazen-26-png-v3/2400-unsplash-textures/2400_textures_flower-stem-blob_by-anca-gabriela-zosin-bmonybmqxha-unsplash_4000x5350.sdr.png
2402	train	2400-unsplash-textures	2400-unsplash-textures/2402_textures_glow-in-dark_by-haberdoedas-5bsnvq1qtis-unsplash_8736x11648.jpg	8736	11648	jpg	20923635	20923635	246c85ff173ab2c42e3bb1e2daf55eb9ea777da25e457990bd73e12d528fd0f0	https://codec-corpus.r2.imazen.org/imazen-26-unprocessed/2400-unsplash-textures/2402_textures_glow-in-dark_by-haberdoedas-5bsnvq1qtis-unsplash_8736x11648.jpg	https://codec-corpus.r2.imazen.org/imazen-26-png-v3/2400-unsplash-textures/2402_textures_glow-in-dark_by-haberdoedas-5bsnvq1qtis-unsplash_8736x11648.sdr.png
2404	train	2400-unsplash-textures	2400-unsplash-textures/2404_textures_tree-bark-texture_by-hwang-sanguk-k0tljwrabxg-unsplash_3024x3024.jpg	3024	3024	jpg	3508177	3508177	c856ff74e57e8915330a8bbe82fdbacf6ece01aae24b4fceab7307c0f50a1cee	https://codec-corpus.r2.imazen.org/imazen-26-unprocessed/2400-unsplash-textures/2404_textures_tree-bark-texture_by-hwang-sanguk-k0tljwrabxg-unsplash_3024x3024.jpg	https://codec-corpus.r2.imazen.org/imazen-26-png-v3/2400-unsplash-textures/2404_textures_tree-bark-texture_by-hwang-sanguk-k0tljwrabxg-unsplash_3024x3024.sdr.png
2406	train	2400-unsplash-textures	2400-unsplash-textures/2406_textures_purple-flower-clusters_by-nastia-petruk-fkm3bds8f3e-unsplash_6190x8253.jpg	6190	8253	jpg	7917370	7917370	b618a7b4efbe56a0128c75458f753f4521149dc24f7726d444d8f3879f6d1d50	https://codec-corpus.r2.imazen.org/imazen-26-unprocessed/2400-unsplash-textures/2406_textures_purple-flower-clusters_by-nastia-petruk-fkm3bds8f3e-unsplash_6190x8253.jpg	https://codec-corpus.r2.imazen.org/imazen-26-png-v3/2400-unsplash-textures/2406_textures_purple-flower-clusters_by-nastia-petruk-fkm3bds8f3e-unsplash_6190x8253.sdr.png
2408	train	2400-unsplash-textures	2400-unsplash-textures/2408_textures_marble-slab-artillery_by-teresa-xchefhoppxe-unsplash_2048x2732.jpg	2048	2732	jpg	1186141	1186141	4f1be934eb7429e2f856d358dd1cf0cfac517d57a4c0f2ff73de643c94b7afda	https://codec-corpus.r2.imazen.org/imazen-26-unprocessed/2400-unsplash-textures/2408_textures_marble-slab-artillery_by-teresa-xchefhoppxe-unsplash_2048x2732.jpg	https://codec-corpus.r2.imazen.org/imazen-26-png-v3/2400-unsplash-textures/2408_textures_marble-slab-artillery_by-teresa-xchefhoppxe-unsplash_2048x2732.sdr.png
3000	train	3000-art-institute-of-chicago-photos	3000-art-institute-of-chicago-photos/3000_aic_for-sunday-s-dinner_111377_1269x2250.jpg	1269	2250	jpg	411437	411437	14794242e0c06df546e07a695b53435be32db167209be4f85699558320ef32ec	https://codec-corpus.r2.imazen.org/imazen-26-unprocessed/3000-art-institute-of-chicago-photos/3000_aic_for-sunday-s-dinner_111377_1269x2250.jpg	https://codec-corpus.r2.imazen.org/imazen-26-png-v3/3000-art-institute-of-chicago-photos/3000_aic_for-sunday-s-dinner_111377_1269x2250.sdr.png
3002	train	3000-art-institute-of-chicago-photos	3000-art-institute-of-chicago-photos/3002_aic_the-irish-question_181777_4000x4860.jpg	4000	4860	jpg	6239696	6239696	33b1af4f24bd1e66e081119ab6a4821666934afbdeaa13d6e7872ac5a1c7ebc7	https://codec-corpus.r2.imazen.org/imazen-26-unprocessed/3000-art-institute-of-chicago-photos/3002_aic_the-irish-question_181777_4000x4860.jpg	https://codec-corpus.r2.imazen.org/imazen-26-png-v3/3000-art-institute-of-chicago-photos/3002_aic_the-irish-question_181777_4000x4860.sdr.png
3004	train	3000-art-institute-of-chicago-photos	3000-art-institute-of-chicago-photos/3004_aic_hydria-water-jar_253_1169x1559.jpg	1169	1559	jpg	427747	427747	b698bbd87da0af4c9aed2daafb13208ad118e1b51ed5f203da85ef69af428761	https://codec-corpus.r2.imazen.org/imazen-26-unprocessed/3000-art-institute-of-chicago-photos/3004_aic_hydria-water-jar_253_1169x1559.jpg	https://codec-corpus.r2.imazen.org/imazen-26-png-v3/3000-art-institute-of-chicago-photos/3004_aic_hydria-water-jar_253_1169x1559.sdr.png
3006	train	3000-art-institute-of-chicago-photos	3000-art-institute-of-chicago-photos/3006_aic_hamamatsu-from-the-series-fifty-three-stations-o_4371_3000x2235.jpg	3000	2235	jpg	2292612	2292612	ce6e1eb35fa5a767ce080c75454cfc21a006728336c3c544399988c0546f2ac0	https://codec-corpus.r2.imazen.org/imazen-26-unprocessed/3000-art-institute-of-chicago-photos/3006_aic_hamamatsu-from-the-series-fifty-three-stations-o_4371_3000x2235.jpg	https://codec-corpus.r2.imazen.org/imazen-26-png-v3/3000-art-institute-of-chicago-photos/3006_aic_hamamatsu-from-the-series-fifty-three-stations-o_4371_3000x2235.sdr.png
3008	train	3000-art-institute-of-chicago-photos	3000-art-institute-of-chicago-photos/3008_aic_trompe-l-oeil-still-life-with-a-flower-garland-a_66042_4000x2883.jpg	4000	2883	jpg	2964239	2964239	bcf2593c11fb41d5472c53d629ba8eb55b2e92a0bbb704dc3a736585c829cbcf	https://codec-corpus.r2.imazen.org/imazen-26-unprocessed/3000-art-institute-of-chicago-photos/3008_aic_trompe-l-oeil-still-life-with-a-flower-garland-a_66042_4000x2883.jpg	https://codec-corpus.r2.imazen.org/imazen-26-png-v3/3000-art-institute-of-chicago-photos/3008_aic_trompe-l-oeil-still-life-with-a-flower-garland-a_66042_4000x2883.sdr.png
3010	train	3000-art-institute-of-chicago-photos	3000-art-institute-of-chicago-photos/3010_aic_self-portrait_80607_4000x5097.jpg	4000	5097	jpg	8117597	8117597	6ca6c2fa120625b091e5a711b6368d83b46de207d4e4dec678863222956effcb	https://codec-corpus.r2.imazen.org/imazen-26-unprocessed/3000-art-institute-of-chicago-photos/3010_aic_self-portrait_80607_4000x5097.jpg	https://codec-corpus.r2.imazen.org/imazen-26-png-v3/3000-art-institute-of-chicago-photos/3010_aic_self-portrait_80607_4000x5097.sdr.png
3012	train	3000-art-institute-of-chicago-photos	3000-art-institute-of-chicago-photos/3012_aic_landscape_874_2829x2250.jpg	2829	2250	jpg	1471617	1471617	7b3d52d43fbfa3b713f46a80a3eea6f503749210f032ad4e31c94fa99a493d4f	https://codec-corpus.r2.imazen.org/imazen-26-unprocessed/3000-art-institute-of-chicago-photos/3012_aic_landscape_874_2829x2250.jpg	https://codec-corpus.r2.imazen.org/imazen-26-png-v3/3000-art-institute-of-chicago-photos/3012_aic_landscape_874_2829x2250.sdr.png
3014	train	3000-art-institute-of-chicago-photos	3000-art-institute-of-chicago-photos/3014_aic_single-spout-vessel-with-molded-abstract-figure_9119_2719x2250.jpg	2719	2250	jpg	849515	849515	b2e1aedcc77a59b96c90f9b552ec9fcf55bd6963a9c5bc5de3294f17e5dbe117	https://codec-corpus.r2.imazen.org/imazen-26-unprocessed/3000-art-institute-of-chicago-photos/3014_aic_single-spout-vessel-with-molded-abstract-figure_9119_2719x2250.jpg	https://codec-corpus.r2.imazen.org/imazen-26-png-v3/3000-art-institute-of-chicago-photos/3014_aic_single-spout-vessel-with-molded-abstract-figure_9119_2719x2250.sdr.png
3300	train	3300-met-museum-photos	3300-met-museum-photos/3300_met_still-life-violin-and-music_10997_2832x3722.jpg	2832	3722	jpg	2192792	2192792	9f3931f56099ee74a4100a3398add01d0d210d1bad857624c7c58023e0f34b6f	https://codec-corpus.r2.imazen.org/imazen-26-unprocessed/3300-met-museum-photos/3300_met_still-life-violin-and-music_10997_2832x3722.jpg	https://codec-corpus.r2.imazen.org/imazen-26-png-v3/3300-met-museum-photos/3300_met_still-life-violin-and-music_10997_2832x3722.sdr.png
3302	train	3300-met-museum-photos	3300-met-museum-photos/3302_met_landscape_11774_2362x1585.jpg	2362	1585	jpg	1464204	1464204	946977af60a9ff1f090fe32494cfdbcc220050ada9688bc382cc883442ff8dbd	https://codec-corpus.r2.imazen.org/imazen-26-unprocessed/3300-met-museum-photos/3302_met_landscape_11774_2362x1585.jpg	https://codec-corpus.r2.imazen.org/imazen-26-png-v3/3300-met-museum-photos/3302_met_landscape_11774_2362x1585.sdr.png
3304	train	3300-met-museum-photos	3300-met-museum-photos/3304_met_chinese-figure-with-bird_207138_2978x3722.jpg	2978	3722	jpg	1384689	1384689	2909b3281b0783dd697c769d2d54979d1295ea4de0b57c73afd0ce4aee871d3f	https://codec-corpus.r2.imazen.org/imazen-26-unprocessed/3300-met-museum-photos/3304_met_chinese-figure-with-bird_207138_2978x3722.jpg	https://codec-corpus.r2.imazen.org/imazen-26-png-v3/3300-met-museum-photos/3304_met_chinese-figure-with-bird_207138_2978x3722.sdr.png
3306	train	3300-met-museum-photos	3300-met-museum-photos/3306_met_shield_24693_4000x4000.jpg	4000	4000	jpg	6403799	6403799	245bfc1c3da1f3f95c731c554c104154bb3f549ce640f10c13faf718e35756a4	https://codec-corpus.r2.imazen.org/imazen-26-unprocessed/3300-met-museum-photos/3306_met_shield_24693_4000x4000.jpg	https://codec-corpus.r2.imazen.org/imazen-26-png-v3/3300-met-museum-photos/3306_met_shield_24693_4000x4000.sdr.png
3308	train	3300-met-museum-photos	3300-met-museum-photos/3308_met_marine_337533_3790x2664.jpg	3790	2664	jpg	3199443	3199443	816e8c1317b2de4829ec2478bcf1248eb04eb2e91f345cadae38f166e76587fb	https://codec-corpus.r2.imazen.org/imazen-26-unprocessed/3300-met-museum-photos/3308_met_marine_337533_3790x2664.jpg	https://codec-corpus.r2.imazen.org/imazen-26-png-v3/3300-met-museum-photos/3308_met_marine_337533_3790x2664.sdr.png
3310	train	3300-met-museum-photos	3300-met-museum-photos/3310_met_landscape_359362_3869x2896.jpg	3869	2896	jpg	2664506	2664506	db0e67325f0c88657b65991c9f2dda6de8f56b9c213c68963f6f10116a87fef6	https://codec-corpus.r2.imazen.org/imazen-26-unprocessed/3300-met-museum-photos/3310_met_landscape_359362_3869x2896.jpg	https://codec-corpus.r2.imazen.org/imazen-26-png-v3/3300-met-museum-photos/3310_met_landscape_359362_3869x2896.sdr.png
3312	train	3300-met-museum-photos	3300-met-museum-photos/3312_met_portrait_374222_3150x4000.jpg	3150	4000	jpg	1934016	1934016	2f6c7f5c8bfb2abf414d16602aa9e489cd9564406facaa48579d1bbaab6e5bd7	https://codec-corpus.r2.imazen.org/imazen-26-unprocessed/3300-met-museum-photos/3312_met_portrait_374222_3150x4000.jpg	https://codec-corpus.r2.imazen.org/imazen-26-png-v3/3300-met-museum-photos/3312_met_portrait_374222_3150x4000.sdr.png
3314	train	3300-met-museum-photos	3300-met-museum-photos/3314_met_shiraito-waterfall-at-hakone_40336_4000x2826.jpg	4000	2826	jpg	2835920	2835920	3efdf910b7dad1d06e9f2c847305f28147204b2b35789604652781a82db3a8bd	https://codec-corpus.r2.imazen.org/imazen-26-unprocessed/3300-met-museum-photos/3314_met_shiraito-waterfall-at-hakone_40336_4000x2826.jpg	https://codec-corpus.r2.imazen.org/imazen-26-png-v3/3300-met-museum-photos/3314_met_shiraito-waterfall-at-hakone_40336_4000x2826.sdr.png
3316	train	3300-met-museum-photos	3300-met-museum-photos/3316_met_a-brazilian-landscape_437323_3811x2513.jpg	3811	2513	jpg	2073606	2073606	adc1229d6c7f9212e4174dafe026877e9e75b5c6817a64c4b44ece2dce75200e	https://codec-corpus.r2.imazen.org/imazen-26-unprocessed/3300-met-museum-photos/3316_met_a-brazilian-landscape_437323_3811x2513.jpg	https://codec-corpus.r2.imazen.org/imazen-26-png-v3/3300-met-museum-photos/3316_met_a-brazilian-landscape_437323_3811x2513.sdr.png
3318	train	3300-met-museum-photos	3300-met-museum-photos/3318_met_vessel_479496_2505x2596.jpg	2505	2596	jpg	1295784	1295784	b26c0a9da33c392fc481fea508313630a73c124e56af3407c906e846dcf67a80	https://codec-corpus.r2.imazen.org/imazen-26-unprocessed/3300-met-museum-photos/3318_met_vessel_479496_2505x2596.jpg	https://codec-corpus.r2.imazen.org/imazen-26-png-v3/3300-met-museum-photos/3318_met_vessel_479496_2505x2596.sdr.png
3320	train	3300-met-museum-photos	3300-met-museum-photos/3320_met_six-jewel-rivers_53427_3841x2149.jpg	3841	2149	jpg	3555014	3555014	8770fcc3e6d28ee90817967e930eb1787006b0989b3c2f4673e0f7532a6fa77c	https://codec-corpus.r2.imazen.org/imazen-26-unprocessed/3300-met-museum-photos/3320_met_six-jewel-rivers_53427_3841x2149.jpg	https://codec-corpus.r2.imazen.org/imazen-26-png-v3/3300-met-museum-photos/3320_met_six-jewel-rivers_53427_3841x2149.sdr.png
3322	train	3300-met-museum-photos	3300-met-museum-photos/3322_met_a-molted-cicada-shell-utsusemi-soga-gor-tokimune_789145_3000x4000.jpg	3000	4000	jpg	4767849	4767849	fd32c8eb4e0a5ecf011b354007d248cf35867fb7dd26ac90141b562d98ab73ba	https://codec-corpus.r2.imazen.org/imazen-26-unprocessed/3300-met-museum-photos/3322_met_a-molted-cicada-shell-utsusemi-soga-gor-tokimune_789145_3000x4000.jpg	https://codec-corpus.r2.imazen.org/imazen-26-png-v3/3300-met-museum-photos/3322_met_a-molted-cicada-shell-utsusemi-soga-gor-tokimune_789145_3000x4000.sdr.png
5000	train	5000-national-park-service-brochures	5000-national-park-service-brochures/color/5000_nps_bibe-2023-wild-and-scenic-rivers_color_p01_4961x7016.png	4961	7016	png	33550254	33550254	ef0d9a5adb442fa7dcf14756bf8b21969a1e8a91f2586c54990c36e83194f9e9	https://codec-corpus.r2.imazen.org/imazen-26-unprocessed/5000-national-park-service-brochures/color/5000_nps_bibe-2023-wild-and-scenic-rivers_color_p01_4961x7016.png	https://codec-corpus.r2.imazen.org/imazen-26-png-v3/5000-national-park-service-brochures/color/5000_nps_bibe-2023-wild-and-scenic-rivers_color_p01_4961x7016.sdr.png
5002	train	5000-national-park-service-brochures	5000-national-park-service-brochures/color/5002_nps_biho-biho-side-1-6_color_p01_5561x7616.png	5561	7616	png	17371700	17371700	7fdb8b52601ef0c919b4d88b64b0baea1ebde471f32a08a22c058a731b91fb67	https://codec-corpus.r2.imazen.org/imazen-26-unprocessed/5000-national-park-service-brochures/color/5002_nps_biho-biho-side-1-6_color_p01_5561x7616.png	https://codec-corpus.r2.imazen.org/imazen-26-png-v3/5000-national-park-service-brochures/color/5002_nps_biho-biho-side-1-6_color_p01_5561x7616.sdr.png
5004	train	5000-national-park-service-brochures	5000-national-park-service-brochures/color/5004_nps_blca-black-canyon-2023_color_p02_7016x4961.png	7016	4961	png	19798971	19798971	e8427e95e15b0718aa722fccba2ddf6f8003b0f10864eda8ebbfafb608a8be1a	https://codec-corpus.r2.imazen.org/imazen-26-unprocessed/5000-national-park-service-brochures/color/5004_nps_blca-black-canyon-2023_color_p02_7016x4961.png	https://codec-corpus.r2.imazen.org/imazen-26-png-v3/5000-national-park-service-brochures/color/5004_nps_blca-black-canyon-2023_color_p02_7016x4961.sdr.png
5006	train	5000-national-park-service-brochures	5000-national-park-service-brochures/color/5006_nps_care-care-map-2021_color_p01_4961x7016.png	4961	7016	png	10458395	10458395	94127fa9b46ca19e2726d40271d7cfbc3af417a84b7aa1835498828f718a37c6	https://codec-corpus.r2.imazen.org/imazen-26-unprocessed/5000-national-park-service-brochures/color/5006_nps_care-care-map-2021_color_p01_4961x7016.png	https://codec-corpus.r2.imazen.org/imazen-26-png-v3/5000-national-park-service-brochures/color/5006_nps_care-care-map-2021_color_p01_4961x7016.sdr.png
5008	train	5000-national-park-service-brochures	5000-national-park-service-brochures/color/5008_nps_dena-trail-map-letter-size_color_p01_2550x3300.png	2550	3300	png	1229220	1229220	f1f47592fcb5e0f58dac2ba23c8abee6f0c432fbca13365dfb8fd3d5debe2e22	https://codec-corpus.r2.imazen.org/imazen-26-unprocessed/5000-national-park-service-brochures/color/5008_nps_dena-trail-map-letter-size_color_p01_2550x3300.png	https://codec-corpus.r2.imazen.org/imazen-26-png-v3/5000-national-park-service-brochures/color/5008_nps_dena-trail-map-letter-size_color_p01_2550x3300.sdr.png
5010	train	5000-national-park-service-brochures	5000-national-park-service-brochures/color/5010_nps_deva-backcountry-and-wilderness-access-map_color_p02_4800x6900.png	4800	6900	png	25525857	25525857	4d701a550ecb17e762c23c195a6dfe94825433c793e9769f48bc7a9608212e30	https://codec-corpus.r2.imazen.org/imazen-26-unprocessed/5000-national-park-service-brochures/color/5010_nps_deva-backcountry-and-wilderness-access-map_color_p02_4800x6900.png	https://codec-corpus.r2.imazen.org/imazen-26-png-v3/5000-national-park-service-brochures/color/5010_nps_deva-backcountry-and-wilderness-access-map_color_p02_4800x6900.sdr.png
5012	train	5000-national-park-service-brochures	5000-national-park-service-brochures/color/5012_nps_fova-mcho-map_color_p01_716x714.png	716	714	png	224193	224193	4f4ec9fafa6efdead0010cb7379739cca5fd3b2e8afe13883beeedbe574c4472	https://codec-corpus.r2.imazen.org/imazen-26-unprocessed/5000-national-park-service-brochures/color/5012_nps_fova-mcho-map_color_p01_716x714.png	https://codec-corpus.r2.imazen.org/imazen-26-png-v3/5000-national-park-service-brochures/color/5012_nps_fova-mcho-map_color_p01_716x714.sdr.png
5014	train	5000-national-park-service-brochures	5000-national-park-service-brochures/color/5014_nps_grca-sr-pocket-map_color_p01_9355x2481.png	9355	2481	png	12341482	12341482	dca9614be7f922c8b26a597fde9b9844155a955bfeb78621460e8d9192ced284	https://codec-corpus.r2.imazen.org/imazen-26-unprocessed/5000-national-park-service-brochures/color/5014_nps_grca-sr-pocket-map_color_p01_9355x2481.png	https://codec-corpus.r2.imazen.org/imazen-26-png-v3/5000-national-park-service-brochures/color/5014_nps_grca-sr-pocket-map_color_p01_9355x2481.sdr.png
5016	train	5000-national-park-service-brochures	5000-national-park-service-brochures/color/5016_nps_grsm-grsm-area-map_color_p01_10182x5460.png	10182	5460	png	29327435	29327435	2489ab80e3bd4bea9bb6e6dcd8025c894f6ac11dad4266042cd062b8cdb53f85	https://codec-corpus.r2.imazen.org/imazen-26-unprocessed/5000-national-park-service-brochures/color/5016_nps_grsm-grsm-area-map_color_p01_10182x5460.png	https://codec-corpus.r2.imazen.org/imazen-26-png-v3/5000-national-park-service-brochures/color/5016_nps_grsm-grsm-area-map_color_p01_10182x5460.sdr.png
5018	train	5000-national-park-service-brochures	5000-national-park-service-brochures/color/5018_nps_katm-katm-park-map_color_p01_5650x5200.png	5650	5200	png	23392630	23392630	d980ffde13db7f533d7e620989a7aa59bafd7bd9e530e49366012fd02fe9d464	https://codec-corpus.r2.imazen.org/imazen-26-unprocessed/5000-national-park-service-brochures/color/5018_nps_katm-katm-park-map_color_p01_5650x5200.png	https://codec-corpus.r2.imazen.org/imazen-26-png-v3/5000-national-park-service-brochures/color/5018_nps_katm-katm-park-map_color_p01_5650x5200.sdr.png
5020	train	5000-national-park-service-brochures	5000-national-park-service-brochures/color/5020_nps_npsa-area-map_color_p02_6300x2475.png	6300	2475	png	10651875	10651875	a5f2bdb6ec37022c3e9b1ce6945f166da16517d7eafb03e197cecd4ea98236d5	https://codec-corpus.r2.imazen.org/imazen-26-unprocessed/5000-national-park-service-brochures/color/5020_nps_npsa-area-map_color_p02_6300x2475.png	https://codec-corpus.r2.imazen.org/imazen-26-png-v3/5000-national-park-service-brochures/color/5020_nps_npsa-area-map_color_p02_6300x2475.sdr.png
5022	train	5000-national-park-service-brochures	5000-national-park-service-brochures/color/5022_nps_pinn-2019-map-update-draft-cropped2_color_p01_1685x1305.png	1685	1305	png	707408	707408	5f8cb44d4e7223e4f83708fc3f21219d36cad34521e5aa4ab07634cfcba0c9df	https://codec-corpus.r2.imazen.org/imazen-26-unprocessed/5000-national-park-service-brochures/color/5022_nps_pinn-2019-map-update-draft-cropped2_color_p01_1685x1305.png	https://codec-corpus.r2.imazen.org/imazen-26-png-v3/5000-national-park-service-brochures/color/5022_nps_pinn-2019-map-update-draft-cropped2_color_p01_1685x1305.sdr.png
5024	train	5000-national-park-service-brochures	5000-national-park-service-brochures/color/5024_nps_samo-backbonetrail-2023_color_p01_2550x4200.png	2550	4200	png	5805523	5805523	019d8dd2d3668eb32aee2992c78e801e620a74cd3f7ce1b504a46bcaa0bde371	https://codec-corpus.r2.imazen.org/imazen-26-unprocessed/5000-national-park-service-brochures/color/5024_nps_samo-backbonetrail-2023_color_p01_2550x4200.png	https://codec-corpus.r2.imazen.org/imazen-26-png-v3/5000-national-park-service-brochures/color/5024_nps_samo-backbonetrail-2023_color_p01_2550x4200.sdr.png
5026	train	5000-national-park-service-brochures	5000-national-park-service-brochures/color/5026_nps_whsa-whsa-2022_color_p01_4961x5847.png	4961	5847	png	3912779	3912779	be063c5f8f2c899088c56ffd8a267b4930f5b55292b0bdc105a1235ff0ab9f4d	https://codec-corpus.r2.imazen.org/imazen-26-unprocessed/5000-national-park-service-brochures/color/5026_nps_whsa-whsa-2022_color_p01_4961x5847.png	https://codec-corpus.r2.imazen.org/imazen-26-png-v3/5000-national-park-service-brochures/color/5026_nps_whsa-whsa-2022_color_p01_4961x5847.sdr.png
5028	train	5000-national-park-service-brochures	5000-national-park-service-brochures/color/5028_nps_wrst-wrst-chinese-reduced_color_p01_4961x7016.png	4961	7016	png	44055208	44055208	838d95f190603f7400c8082d78d46efedacdabbf9874067d19099e1ada7fa2c3	https://codec-corpus.r2.imazen.org/imazen-26-unprocessed/5000-national-park-service-brochures/color/5028_nps_wrst-wrst-chinese-reduced_color_p01_4961x7016.png	https://codec-corpus.r2.imazen.org/imazen-26-png-v3/5000-national-park-service-brochures/color/5028_nps_wrst-wrst-chinese-reduced_color_p01_4961x7016.sdr.png
5030	train	5000-national-park-service-brochures	5000-national-park-service-brochures/color/5030_nps_yell-2025-yellowstone_color_p01_4961x7016.png	4961	7016	png	6987686	6987686	baf7514677ca20001230faa0ebb0fa45443a19603b30fbfdc2811a25612c1c4b	https://codec-corpus.r2.imazen.org/imazen-26-unprocessed/5000-national-park-service-brochures/color/5030_nps_yell-2025-yellowstone_color_p01_4961x7016.png	https://codec-corpus.r2.imazen.org/imazen-26-png-v3/5000-national-park-service-brochures/color/5030_nps_yell-2025-yellowstone_color_p01_4961x7016.sdr.png
5032	train	5000-national-park-service-brochures	5000-national-park-service-brochures/color/5032_nps_yose-yosemitecampgroundmap2013_color_p01_2590x3209.png	2590	3209	png	741785	741785	671e8b1f848abe4ea03d47b7e08b344382f6a1484eef28ba1a3ffb0b3765ad8b	https://codec-corpus.r2.imazen.org/imazen-26-unprocessed/5000-national-park-service-brochures/color/5032_nps_yose-yosemitecampgroundmap2013_color_p01_2590x3209.png	https://codec-corpus.r2.imazen.org/imazen-26-png-v3/5000-national-park-service-brochures/color/5032_nps_yose-yosemitecampgroundmap2013_color_p01_2590x3209.sdr.png
5034	train	5000-national-park-service-brochures	5000-national-park-service-brochures/grayscale/5034_nps_cany-islandroadsandtrailsupdated24-508forweb_gray_p02_2550x4200.png	2550	4200	png	1004925	1004925	721f3466e88eb745625cc47c745ac08e139757ddb8893cc640600fb1ca6af9ba	https://codec-corpus.r2.imazen.org/imazen-26-unprocessed/5000-national-park-service-brochures/grayscale/5034_nps_cany-islandroadsandtrailsupdated24-508forweb_gray_p02_2550x4200.png	https://codec-corpus.r2.imazen.org/imazen-26-png-v3/5000-national-park-service-brochures/grayscale/5034_nps_cany-islandroadsandtrailsupdated24-508forweb_gray_p02_2550x4200.sdr.png
5036	train	5000-national-park-service-brochures	5000-national-park-service-brochures/grayscale/5036_nps_care-fruita-area-map-and-guide_gray_p02_3300x5100.png	3300	5100	png	5127467	5127467	c7aef0952af5e88a9fb6c29be3088021dab83c830e64685cdf734a37d63d35d9	https://codec-corpus.r2.imazen.org/imazen-26-unprocessed/5000-national-park-service-brochures/grayscale/5036_nps_care-fruita-area-map-and-guide_gray_p02_3300x5100.png	https://codec-corpus.r2.imazen.org/imazen-26-png-v3/5000-national-park-service-brochures/grayscale/5036_nps_care-fruita-area-map-and-guide_gray_p02_3300x5100.sdr.png
5038	train	5000-national-park-service-brochures	5000-national-park-service-brochures/grayscale/5038_nps_chis-santa-rosa-hiking-map-and_gray_p02_2550x4200.png	2550	4200	png	4109396	4109396	b1e8bf34f0afb31e78b49dd96f528bbdc64ebe58377147baca22efa63db03185	https://codec-corpus.r2.imazen.org/imazen-26-unprocessed/5000-national-park-service-brochures/grayscale/5038_nps_chis-santa-rosa-hiking-map-and_gray_p02_2550x4200.png	https://codec-corpus.r2.imazen.org/imazen-26-png-v3/5000-national-park-service-brochures/grayscale/5038_nps_chis-santa-rosa-hiking-map-and_gray_p02_2550x4200.sdr.png
5040	train	5000-national-park-service-brochures	5000-national-park-service-brochures/grayscale/5040_nps_chis-ai-hiking-2022-ada_gray_p02_2550x3300.png	2550	3300	png	1946204	1946204	34762fde041b43fc3aeb110c7d45175aeff4dc5b5396efd9911190e20c8375c7	https://codec-corpus.r2.imazen.org/imazen-26-unprocessed/5000-national-park-service-brochures/grayscale/5040_nps_chis-ai-hiking-2022-ada_gray_p02_2550x3300.png	https://codec-corpus.r2.imazen.org/imazen-26-png-v3/5000-national-park-service-brochures/grayscale/5040_nps_chis-ai-hiking-2022-ada_gray_p02_2550x3300.sdr.png
5042	train	5000-national-park-service-brochures	5000-national-park-service-brochures/grayscale/5042_nps_lake-approved-backcountry-roads-hoover-dam_gray_p01_2550x3300.png	2550	3300	png	6383314	6383314	9b180b8dbf98dd6596024906183a89e3bbd7e6212ef5e929d83ba359b7ac41b8	https://codec-corpus.r2.imazen.org/imazen-26-unprocessed/5000-national-park-service-brochures/grayscale/5042_nps_lake-approved-backcountry-roads-hoover-dam_gray_p01_2550x3300.png	https://codec-corpus.r2.imazen.org/imazen-26-png-v3/5000-national-park-service-brochures/grayscale/5042_nps_lake-approved-backcountry-roads-hoover-dam_gray_p01_2550x3300.sdr.png
5044	train	5000-national-park-service-brochures	5000-national-park-service-brochures/grayscale/5044_nps_mora-ohanapecosh7-2019_gray_p01_2550x3300.png	2550	3300	png	907432	907432	11689b19733a51298974bd09c53a72d1b2494403bd9f11eba14ea4cd01138915	https://codec-corpus.r2.imazen.org/imazen-26-unprocessed/5000-national-park-service-brochures/grayscale/5044_nps_mora-ohanapecosh7-2019_gray_p01_2550x3300.png	https://codec-corpus.r2.imazen.org/imazen-26-png-v3/5000-national-park-service-brochures/grayscale/5044_nps_mora-ohanapecosh7-2019_gray_p01_2550x3300.sdr.png
5046	train	5000-national-park-service-brochures	5000-national-park-service-brochures/grayscale/5046_nps_muwo-map-muwo-trail-2019-small_gray_p02_3300x2550.png	3300	2550	png	570632	570632	c87f97ce250fb54e4aa90136531debb30a4af5b46474640b6ed14e1e41c91b07	https://codec-corpus.r2.imazen.org/imazen-26-unprocessed/5000-national-park-service-brochures/grayscale/5046_nps_muwo-map-muwo-trail-2019-small_gray_p02_3300x2550.png	https://codec-corpus.r2.imazen.org/imazen-26-png-v3/5000-national-park-service-brochures/grayscale/5046_nps_muwo-map-muwo-trail-2019-small_gray_p02_3300x2550.sdr.png
5048	train	5000-national-park-service-brochures	5000-national-park-service-brochures/grayscale/5048_nps_romo-2018-longs-peak-keyhole-route_gray_p01_2550x4200.png	2550	4200	png	1644823	1644823	f9d4e4993a94f8e4e6c881eafb3d4758d0ba1a66ac2ee0fc79841947b125798d	https://codec-corpus.r2.imazen.org/imazen-26-unprocessed/5000-national-park-service-brochures/grayscale/5048_nps_romo-2018-longs-peak-keyhole-route_gray_p01_2550x4200.png	https://codec-corpus.r2.imazen.org/imazen-26-png-v3/5000-national-park-service-brochures/grayscale/5048_nps_romo-2018-longs-peak-keyhole-route_gray_p01_2550x4200.sdr.png
5050	train	5000-national-park-service-brochures	5000-national-park-service-brochures/grayscale/5050_nps_romo-moraine-park-campground-map-2025_gray_p01_4200x2550.png	4200	2550	png	1476468	1476468	a0aa7ae37bdb6012670676fd3b91e043bbf4232b2c854f937a5c6bd4a5a10f04	https://codec-corpus.r2.imazen.org/imazen-26-unprocessed/5000-national-park-service-brochures/grayscale/5050_nps_romo-moraine-park-campground-map-2025_gray_p01_4200x2550.png	https://codec-corpus.r2.imazen.org/imazen-26-png-v3/5000-national-park-service-brochures/grayscale/5050_nps_romo-moraine-park-campground-map-2025_gray_p01_4200x2550.sdr.png
5052	train	5000-national-park-service-brochures	5000-national-park-service-brochures/grayscale/5052_nps_seki-20210826-french_gray_p02_2550x4200.png	2550	4200	png	910122	910122	7e7524f5df274ab86f010e406bf478fc27042d135fb45aa986690d8ff4bb04b6	https://codec-corpus.r2.imazen.org/imazen-26-unprocessed/5000-national-park-service-brochures/grayscale/5052_nps_seki-20210826-french_gray_p02_2550x4200.png	https://codec-corpus.r2.imazen.org/imazen-26-png-v3/5000-national-park-service-brochures/grayscale/5052_nps_seki-20210826-french_gray_p02_2550x4200.sdr.png
5054	train	5000-national-park-service-brochures	5000-national-park-service-brochures/grayscale/5054_nps_seki-20210826-german_gray_p02_2550x4200.png	2550	4200	png	914480	914480	d374ca87c407dc11424352f9e2ee735068435f999288afb687761851c3f866eb	https://codec-corpus.r2.imazen.org/imazen-26-unprocessed/5000-national-park-service-brochures/grayscale/5054_nps_seki-20210826-german_gray_p02_2550x4200.png	https://codec-corpus.r2.imazen.org/imazen-26-png-v3/5000-national-park-service-brochures/grayscale/5054_nps_seki-20210826-german_gray_p02_2550x4200.sdr.png
5056	train	5000-national-park-service-brochures	5000-national-park-service-brochures/grayscale/5056_nps_shen-bearfence-roadtrail_gray_p02_2550x3300.png	2550	3300	png	840944	840944	ba9259f5e51ba1da2aea34c784df957b97f1c62a7439f4c8df3be7fbbc23a300	https://codec-corpus.r2.imazen.org/imazen-26-unprocessed/5000-national-park-service-brochures/grayscale/5056_nps_shen-bearfence-roadtrail_gray_p02_2550x3300.png	https://codec-corpus.r2.imazen.org/imazen-26-png-v3/5000-national-park-service-brochures/grayscale/5056_nps_shen-bearfence-roadtrail_gray_p02_2550x3300.sdr.png
5058	train	5000-national-park-service-brochures	5000-national-park-service-brochures/grayscale/5058_nps_shen-bigmeadows-roadtrail_gray_p02_2550x3300.png	2550	3300	png	927606	927606	da53162681de69d110dabf3639cf6d12c582170c775910cb3e43486d82c37e39	https://codec-corpus.r2.imazen.org/imazen-26-unprocessed/5000-national-park-service-brochures/grayscale/5058_nps_shen-bigmeadows-roadtrail_gray_p02_2550x3300.png	https://codec-corpus.r2.imazen.org/imazen-26-png-v3/5000-national-park-service-brochures/grayscale/5058_nps_shen-bigmeadows-roadtrail_gray_p02_2550x3300.sdr.png
5200	train	5200-epa-climate-impact-2021-report	5200-epa-climate-impact-2021-report/5200_epa_climate-impact-2021_cover_p001_2968x3841.png	2968	3841	png	1801239	1801239	a8a6f5b49ce08f4775c29fc74b16683d6ed8e14051cc5f8c10858f418e618da4	https://codec-corpus.r2.imazen.org/imazen-26-unprocessed/5200-epa-climate-impact-2021-report/5200_epa_climate-impact-2021_cover_p001_2968x3841.png	https://codec-corpus.r2.imazen.org/imazen-26-png-v3/5200-epa-climate-impact-2021-report/5200_epa_climate-impact-2021_cover_p001_2968x3841.sdr.png
5202	train	5200-epa-climate-impact-2021-report	5200-epa-climate-impact-2021-report/5202_epa_climate-impact-2021_fig-es1-six-impacts_p005_2968x3841.png	2968	3841	png	1686279	1686279	7e5c755794c8dde7acc990360d3a6d0a5f88460048784c408a32c1f059ac12ff	https://codec-corpus.r2.imazen.org/imazen-26-unprocessed/5200-epa-climate-impact-2021-report/5202_epa_climate-impact-2021_fig-es1-six-impacts_p005_2968x3841.png	https://codec-corpus.r2.imazen.org/imazen-26-png-v3/5200-epa-climate-impact-2021-report/5202_epa_climate-impact-2021_fig-es1-six-impacts_p005_2968x3841.sdr.png
5204	train	5200-epa-climate-impact-2021-report	5200-epa-climate-impact-2021-report/5204_epa_climate-impact-2021_key-findings-income-education-age_p007_2968x3841.png	2968	3841	png	2342882	2342882	5e425f599a8b0500d8eac29d9af97ca1654bbed1466955130e4bd72eea173ef0	https://codec-corpus.r2.imazen.org/imazen-26-unprocessed/5200-epa-climate-impact-2021-report/5204_epa_climate-impact-2021_key-findings-income-education-age_p007_2968x3841.png	https://codec-corpus.r2.imazen.org/imazen-26-png-v3/5200-epa-climate-impact-2021-report/5204_epa_climate-impact-2021_key-findings-income-education-age_p007_2968x3841.sdr.png
5206	train	5200-epa-climate-impact-2021-report	5200-epa-climate-impact-2021-report/5206_epa_climate-impact-2021_introduction-who-is-vulnerable_p009_2968x3841.png	2968	3841	png	1381584	1381584	fb16359cde5e1b2a0202a899364d52a000db500dc7ff2423adb02c25a4f421f4	https://codec-corpus.r2.imazen.org/imazen-26-unprocessed/5200-epa-climate-impact-2021-report/5206_epa_climate-impact-2021_introduction-who-is-vulnerable_p009_2968x3841.png	https://codec-corpus.r2.imazen.org/imazen-26-png-v3/5200-epa-climate-impact-2021-report/5206_epa_climate-impact-2021_introduction-who-is-vulnerable_p009_2968x3841.sdr.png
5208	train	5200-epa-climate-impact-2021-report	5200-epa-climate-impact-2021-report/5208_epa_climate-impact-2021_airquality-results-maps_p022_2968x3841.png	2968	3841	png	1573114	1573114	1c7fced788f24ae2caff4595d8479d1dcf5aee4f652ca2349550ea825aa4da44	https://codec-corpus.r2.imazen.org/imazen-26-unprocessed/5200-epa-climate-impact-2021-report/5208_epa_climate-impact-2021_airquality-results-maps_p022_2968x3841.png	https://codec-corpus.r2.imazen.org/imazen-26-png-v3/5200-epa-climate-impact-2021-report/5208_epa_climate-impact-2021_airquality-results-maps_p022_2968x3841.sdr.png
5210	train	5200-epa-climate-impact-2021-report	5200-epa-climate-impact-2021-report/5210_epa_climate-impact-2021_extreme-temp-health-mortality-map_p034_2968x3841.png	2968	3841	png	1406298	1406298	883ad9d94b49a2d00b24d92c4b2a41e82b44190932ff5c79ffe83f20d7786eee	https://codec-corpus.r2.imazen.org/imazen-26-unprocessed/5200-epa-climate-impact-2021-report/5210_epa_climate-impact-2021_extreme-temp-health-mortality-map_p034_2968x3841.png	https://codec-corpus.r2.imazen.org/imazen-26-png-v3/5200-epa-climate-impact-2021-report/5210_epa_climate-impact-2021_extreme-temp-health-mortality-map_p034_2968x3841.sdr.png
5212	train	5200-epa-climate-impact-2021-report	5200-epa-climate-impact-2021-report/5212_epa_climate-impact-2021_extreme-temp-labor-key-findings_p043_2968x3841.png	2968	3841	png	889436	889436	603f3f9750ad4a4ac8d241e914a1ad0f293dd2ae10ec702f62074373eb9f78c4	https://codec-corpus.r2.imazen.org/imazen-26-unprocessed/5200-epa-climate-impact-2021-report/5212_epa_climate-impact-2021_extreme-temp-labor-key-findings_p043_2968x3841.png	https://codec-corpus.r2.imazen.org/imazen-26-png-v3/5200-epa-climate-impact-2021-report/5212_epa_climate-impact-2021_extreme-temp-labor-key-findings_p043_2968x3841.sdr.png
5214	train	5200-epa-climate-impact-2021-report	5200-epa-climate-impact-2021-report/5214_epa_climate-impact-2021_coastal-flooding-property-inundation-maps_p057_2968x3841.png	2968	3841	png	1136748	1136748	e41e8ebfe0835b47f61ff174fece71f53651ce35c5429e24b70c7ca99f8c791b	https://codec-corpus.r2.imazen.org/imazen-26-unprocessed/5200-epa-climate-impact-2021-report/5214_epa_climate-impact-2021_coastal-flooding-property-inundation-maps_p057_2968x3841.png	https://codec-corpus.r2.imazen.org/imazen-26-png-v3/5200-epa-climate-impact-2021-report/5214_epa_climate-impact-2021_coastal-flooding-property-inundation-maps_p057_2968x3841.sdr.png
5216	train	5200-epa-climate-impact-2021-report	5200-epa-climate-impact-2021-report/5216_epa_climate-impact-2021_inland-flooding-opener_p068_2968x3841.png	2968	3841	png	2571850	2571850	025c89546990b28c69949c59d6ba99e7076322fa860711fce96ffc3da812bcbb	https://codec-corpus.r2.imazen.org/imazen-26-unprocessed/5200-epa-climate-impact-2021-report/5216_epa_climate-impact-2021_inland-flooding-opener_p068_2968x3841.png	https://codec-corpus.r2.imazen.org/imazen-26-png-v3/5200-epa-climate-impact-2021-report/5216_epa_climate-impact-2021_inland-flooding-opener_p068_2968x3841.sdr.png
5218	train	5200-epa-climate-impact-2021-report	5200-epa-climate-impact-2021-report/5218_epa_climate-impact-2021_national-results-narrative_p076_2968x3841.png	2968	3841	png	1688332	1688332	86d122053602fbe5a8b45c6cf7550e23f4155e9cf6127060731373d4e425f8a6	https://codec-corpus.r2.imazen.org/imazen-26-unprocessed/5200-epa-climate-impact-2021-report/5218_epa_climate-impact-2021_national-results-narrative_p076_2968x3841.png	https://codec-corpus.r2.imazen.org/imazen-26-png-v3/5200-epa-climate-impact-2021-report/5218_epa_climate-impact-2021_national-results-narrative_p076_2968x3841.sdr.png
5220	train	5200-epa-climate-impact-2021-report	5200-epa-climate-impact-2021-report/5220_epa_climate-impact-2021_fig-9-2-amerindian-alaskanative-asian_p078_2968x3841.png	2968	3841	png	643173	643173	ca2b0ffa5039e66d3a3618e05ca635c08c01319304af7db263123c38e1651e0e	https://codec-corpus.r2.imazen.org/imazen-26-unprocessed/5200-epa-climate-impact-2021-report/5220_epa_climate-impact-2021_fig-9-2-amerindian-alaskanative-asian_p078_2968x3841.png	https://codec-corpus.r2.imazen.org/imazen-26-png-v3/5200-epa-climate-impact-2021-report/5220_epa_climate-impact-2021_fig-9-2-amerindian-alaskanative-asian_p078_2968x3841.sdr.png
5222	train	5200-epa-climate-impact-2021-report	5200-epa-climate-impact-2021-report/5222_epa_climate-impact-2021_fig-9-2-pacificislander-white_p080_2968x3841.png	2968	3841	png	455217	455217	75818cb9c5705754900a73bb4a9ad287958ff00a8377a478092a124157b47317	https://codec-corpus.r2.imazen.org/imazen-26-unprocessed/5200-epa-climate-impact-2021-report/5222_epa_climate-impact-2021_fig-9-2-pacificislander-white_p080_2968x3841.png	https://codec-corpus.r2.imazen.org/imazen-26-png-v3/5200-epa-climate-impact-2021-report/5222_epa_climate-impact-2021_fig-9-2-pacificislander-white_p080_2968x3841.sdr.png
5224	train	5200-epa-climate-impact-2021-report	5200-epa-climate-impact-2021-report/5224_epa_climate-impact-2021_southern-great-plains-77pct-asthma_p085_2968x3841.png	2968	3841	png	735420	735420	6c0a65caae421f6aca342a035cc87c436699b09ac164fb3094619d93d16c92c2	https://codec-corpus.r2.imazen.org/imazen-26-unprocessed/5200-epa-climate-impact-2021-report/5224_epa_climate-impact-2021_southern-great-plains-77pct-asthma_p085_2968x3841.png	https://codec-corpus.r2.imazen.org/imazen-26-png-v3/5200-epa-climate-impact-2021-report/5224_epa_climate-impact-2021_southern-great-plains-77pct-asthma_p085_2968x3841.sdr.png
5300	train	5300-noaa-hurricane-documents	5300-noaa-hurricane-documents/5300_noaa_nhc-verification-report-2024_page1_p01_2550x3300.png	2550	3300	png	1490493	1490493	3ab005540010a066f77f20458cb0f54cf012d49f19f74cc3ec41677b8bc64c02	https://codec-corpus.r2.imazen.org/imazen-26-unprocessed/5300-noaa-hurricane-documents/5300_noaa_nhc-verification-report-2024_page1_p01_2550x3300.png	https://codec-corpus.r2.imazen.org/imazen-26-png-v3/5300-noaa-hurricane-documents/5300_noaa_nhc-verification-report-2024_page1_p01_2550x3300.sdr.png
5302	train	5300-noaa-hurricane-documents	5300-noaa-hurricane-documents/5302_noaa_nhc-helene-al092024_cover_p01_2550x3300.png	2550	3300	png	1885818	1885818	4f107517246cedf5354544e33d02c90d468be773594c6d5f987d6b8bf9b61b9b	https://codec-corpus.r2.imazen.org/imazen-26-unprocessed/5300-noaa-hurricane-documents/5302_noaa_nhc-helene-al092024_cover_p01_2550x3300.png	https://codec-corpus.r2.imazen.org/imazen-26-png-v3/5300-noaa-hurricane-documents/5302_noaa_nhc-helene-al092024_cover_p01_2550x3300.sdr.png
5304	train	5300-noaa-hurricane-documents	5300-noaa-hurricane-documents/5304_noaa_nhc-helene-al092024_text-body_p25_2550x3300.png	2550	3300	png	770313	770313	f0ca887458dcca21f1e7ba2af31116a67d8cef1cd57fcefb7546e553f166b980	https://codec-corpus.r2.imazen.org/imazen-26-unprocessed/5300-noaa-hurricane-documents/5304_noaa_nhc-helene-al092024_text-body_p25_2550x3300.png	https://codec-corpus.r2.imazen.org/imazen-26-png-v3/5300-noaa-hurricane-documents/5304_noaa_nhc-helene-al092024_text-body_p25_2550x3300.sdr.png
5306	train	5300-noaa-hurricane-documents	5300-noaa-hurricane-documents/5306_noaa_nhc-milton-al142024_map_p07_2550x3300.png	2550	3300	png	841132	841132	11a34f05ea0a3cdf491f4c5ea03e8a6ebc00c0a49e6f7464dea1f224d605ab24	https://codec-corpus.r2.imazen.org/imazen-26-unprocessed/5300-noaa-hurricane-documents/5306_noaa_nhc-milton-al142024_map_p07_2550x3300.png	https://codec-corpus.r2.imazen.org/imazen-26-png-v3/5300-noaa-hurricane-documents/5306_noaa_nhc-milton-al142024_map_p07_2550x3300.sdr.png
5308	train	5300-noaa-hurricane-documents	5300-noaa-hurricane-documents/5308_noaa_nhc-al022024-beryl_p01_2550x3300.png	2550	3300	png	2180774	2180774	ff4cd87728467925a9ec9013d9b71b6fc5458acee2692ce3087fc7d3b20b1373	https://codec-corpus.r2.imazen.org/imazen-26-unprocessed/5300-noaa-hurricane-documents/5308_noaa_nhc-al022024-beryl_p01_2550x3300.png	https://codec-corpus.r2.imazen.org/imazen-26-png-v3/5300-noaa-hurricane-documents/5308_noaa_nhc-al022024-beryl_p01_2550x3300.sdr.png
5310	train	5300-noaa-hurricane-documents	5300-noaa-hurricane-documents/5310_noaa_nhc-al022024-beryl_p51_2550x3300.png	2550	3300	png	226778	226778	348e4805c25ee1408e8fe8f08e046722be52ce55d689c0412a918ee35fe4d465	https://codec-corpus.r2.imazen.org/imazen-26-unprocessed/5300-noaa-hurricane-documents/5310_noaa_nhc-al022024-beryl_p51_2550x3300.png	https://codec-corpus.r2.imazen.org/imazen-26-png-v3/5300-noaa-hurricane-documents/5310_noaa_nhc-al022024-beryl_p51_2550x3300.sdr.png
5312	train	5300-noaa-hurricane-documents	5300-noaa-hurricane-documents/5312_noaa_nhc-al042024-debby_p19_2550x3300.png	2550	3300	png	528193	528193	e19c5b5b1595f7df79fc8fcd254c1d5355b6c68f4c349e3030c2ff70062ffcd6	https://codec-corpus.r2.imazen.org/imazen-26-unprocessed/5300-noaa-hurricane-documents/5312_noaa_nhc-al042024-debby_p19_2550x3300.png	https://codec-corpus.r2.imazen.org/imazen-26-png-v3/5300-noaa-hurricane-documents/5312_noaa_nhc-al042024-debby_p19_2550x3300.sdr.png
5314	train	5300-noaa-hurricane-documents	5300-noaa-hurricane-documents/5314_noaa_nhc-al062024-francine_p01_2550x3300.png	2550	3300	png	1937400	1937400	d0bfe8a96f16fdd94fb07700fcd488baade89284d7e8db504b61447bb494d316	https://codec-corpus.r2.imazen.org/imazen-26-unprocessed/5300-noaa-hurricane-documents/5314_noaa_nhc-al062024-francine_p01_2550x3300.png	https://codec-corpus.r2.imazen.org/imazen-26-png-v3/5300-noaa-hurricane-documents/5314_noaa_nhc-al062024-francine_p01_2550x3300.sdr.png
5316	train	5300-noaa-hurricane-documents	5300-noaa-hurricane-documents/5316_noaa_nhc-al062024-francine_p24_3300x2550.png	3300	2550	png	582977	582977	e2576eac096d478e5fc22adb8d83de9628174b0b8674d4ee4c008a9537389d11	https://codec-corpus.r2.imazen.org/imazen-26-unprocessed/5300-noaa-hurricane-documents/5316_noaa_nhc-al062024-francine_p24_3300x2550.png	https://codec-corpus.r2.imazen.org/imazen-26-png-v3/5300-noaa-hurricane-documents/5316_noaa_nhc-al062024-francine_p24_3300x2550.sdr.png
5318	train	5300-noaa-hurricane-documents	5300-noaa-hurricane-documents/5318_noaa_nhc-al072022-fiona_p21_2550x3300.png	2550	3300	png	532611	532611	7200f7126729b7448f11d6a68ea03ec003097a697292201d6f68d42590b40bf6	https://codec-corpus.r2.imazen.org/imazen-26-unprocessed/5300-noaa-hurricane-documents/5318_noaa_nhc-al072022-fiona_p21_2550x3300.png	https://codec-corpus.r2.imazen.org/imazen-26-png-v3/5300-noaa-hurricane-documents/5318_noaa_nhc-al072022-fiona_p21_2550x3300.sdr.png
5320	train	5300-noaa-hurricane-documents	5300-noaa-hurricane-documents/5320_noaa_nhc-al082023-franklin_p01_2550x3300.png	2550	3300	png	2581434	2581434	954b1264a3c5d35ef96c0636da2fa6689f18f8f801d9851132e4122c3a743d2a	https://codec-corpus.r2.imazen.org/imazen-26-unprocessed/5300-noaa-hurricane-documents/5320_noaa_nhc-al082023-franklin_p01_2550x3300.png	https://codec-corpus.r2.imazen.org/imazen-26-png-v3/5300-noaa-hurricane-documents/5320_noaa_nhc-al082023-franklin_p01_2550x3300.sdr.png
5322	train	5300-noaa-hurricane-documents	5300-noaa-hurricane-documents/5322_noaa_nhc-al082023-franklin_p20_2550x3300.png	2550	3300	png	519456	519456	4168390447fc6f37a3ea09fbc628552d2ca4ed2b81cc2b858112aaca469977e6	https://codec-corpus.r2.imazen.org/imazen-26-unprocessed/5300-noaa-hurricane-documents/5322_noaa_nhc-al082023-franklin_p20_2550x3300.png	https://codec-corpus.r2.imazen.org/imazen-26-png-v3/5300-noaa-hurricane-documents/5322_noaa_nhc-al082023-franklin_p20_2550x3300.sdr.png
5324	train	5300-noaa-hurricane-documents	5300-noaa-hurricane-documents/5324_noaa_nhc-al092022-ian_p25_2550x3300.png	2550	3300	png	358671	358671	878a6db7159ffe96b5432c5f65986421747d33e32347005379cd601ede53ddb3	https://codec-corpus.r2.imazen.org/imazen-26-unprocessed/5300-noaa-hurricane-documents/5324_noaa_nhc-al092022-ian_p25_2550x3300.png	https://codec-corpus.r2.imazen.org/imazen-26-png-v3/5300-noaa-hurricane-documents/5324_noaa_nhc-al092022-ian_p25_2550x3300.sdr.png
5326	train	5300-noaa-hurricane-documents	5300-noaa-hurricane-documents/5326_noaa_nhc-al102023-idalia_p01_2550x3300.png	2550	3300	png	3304300	3304300	cf577fe165132d0a045bf4f78bb3566329f0336e7247629b58349a64b45aedd3	https://codec-corpus.r2.imazen.org/imazen-26-unprocessed/5300-noaa-hurricane-documents/5326_noaa_nhc-al102023-idalia_p01_2550x3300.png	https://codec-corpus.r2.imazen.org/imazen-26-png-v3/5300-noaa-hurricane-documents/5326_noaa_nhc-al102023-idalia_p01_2550x3300.sdr.png
5328	train	5300-noaa-hurricane-documents	5300-noaa-hurricane-documents/5328_noaa_nhc-al102023-idalia_p32_3300x2550.png	3300	2550	png	5262788	5262788	950211cb79ba5dbefb4ffd38c0a307718ac27659228bd00006bb13a37f463d05	https://codec-corpus.r2.imazen.org/imazen-26-unprocessed/5300-noaa-hurricane-documents/5328_noaa_nhc-al102023-idalia_p32_3300x2550.png	https://codec-corpus.r2.imazen.org/imazen-26-png-v3/5300-noaa-hurricane-documents/5328_noaa_nhc-al102023-idalia_p32_3300x2550.sdr.png
5330	train	5300-noaa-hurricane-documents	5300-noaa-hurricane-documents/5330_noaa_nhc-al122024-kirk_p05_2550x3300.png	2550	3300	png	361255	361255	f3a9ef37dfc4c8a2ff2e765f640d45519d4e54372c808052a5df609866c0cfb6	https://codec-corpus.r2.imazen.org/imazen-26-unprocessed/5300-noaa-hurricane-documents/5330_noaa_nhc-al122024-kirk_p05_2550x3300.png	https://codec-corpus.r2.imazen.org/imazen-26-png-v3/5300-noaa-hurricane-documents/5330_noaa_nhc-al122024-kirk_p05_2550x3300.sdr.png
5332	train	5300-noaa-hurricane-documents	5300-noaa-hurricane-documents/5332_noaa_nhc-al132023-lee_p01_2550x3300.png	2550	3300	png	2084958	2084958	12f30bb4d88ae62880f3ce8af3d7680de9f9553b740aa2df8fce019a2c2cfda0	https://codec-corpus.r2.imazen.org/imazen-26-unprocessed/5300-noaa-hurricane-documents/5332_noaa_nhc-al132023-lee_p01_2550x3300.png	https://codec-corpus.r2.imazen.org/imazen-26-png-v3/5300-noaa-hurricane-documents/5332_noaa_nhc-al132023-lee_p01_2550x3300.sdr.png
5334	train	5300-noaa-hurricane-documents	5300-noaa-hurricane-documents/5334_noaa_nhc-al132023-lee_p21_2550x3300.png	2550	3300	png	460973	460973	65b3abf7839bc7f8f881305f4401647d207cf5b9771f7936e3b7b487b191e12c	https://codec-corpus.r2.imazen.org/imazen-26-unprocessed/5300-noaa-hurricane-documents/5334_noaa_nhc-al132023-lee_p21_2550x3300.png	https://codec-corpus.r2.imazen.org/imazen-26-png-v3/5300-noaa-hurricane-documents/5334_noaa_nhc-al132023-lee_p21_2550x3300.sdr.png
5336	train	5300-noaa-hurricane-documents	5300-noaa-hurricane-documents/5336_noaa_nhc-al132024-leslie_p05_2550x3300.png	2550	3300	png	341768	341768	f9761552b3bbf39d3c607d641556455c0138abaf444d0abe2d6243f2abebd45d	https://codec-corpus.r2.imazen.org/imazen-26-unprocessed/5300-noaa-hurricane-documents/5336_noaa_nhc-al132024-leslie_p05_2550x3300.png	https://codec-corpus.r2.imazen.org/imazen-26-png-v3/5300-noaa-hurricane-documents/5336_noaa_nhc-al132024-leslie_p05_2550x3300.sdr.png
5338	train	5300-noaa-hurricane-documents	5300-noaa-hurricane-documents/5338_noaa_nhc-al172022-nicole_p01_2550x3300.png	2550	3300	png	2281076	2281076	e0c211b227d12be56b05e44e9a522717307b815949470ddcd261b826cf4e7756	https://codec-corpus.r2.imazen.org/imazen-26-unprocessed/5300-noaa-hurricane-documents/5338_noaa_nhc-al172022-nicole_p01_2550x3300.png	https://codec-corpus.r2.imazen.org/imazen-26-png-v3/5300-noaa-hurricane-documents/5338_noaa_nhc-al172022-nicole_p01_2550x3300.sdr.png
5340	train	5300-noaa-hurricane-documents	5300-noaa-hurricane-documents/5340_noaa_nhc-al172022-nicole_p40_2550x3300.png	2550	3300	png	164468	164468	80cd6ad301f9d7f70cdf170e6db71975750abdb070b42d1d3512f3a673b450e5	https://codec-corpus.r2.imazen.org/imazen-26-unprocessed/5300-noaa-hurricane-documents/5340_noaa_nhc-al172022-nicole_p40_2550x3300.png	https://codec-corpus.r2.imazen.org/imazen-26-png-v3/5300-noaa-hurricane-documents/5340_noaa_nhc-al172022-nicole_p40_2550x3300.sdr.png
5342	train	5300-noaa-hurricane-documents	5300-noaa-hurricane-documents/5342_noaa_nhc-al182024-rafael_p10_2550x3300.png	2550	3300	png	242275	242275	200d38da1d746bc3b8fe929a9e270a0ca51b2cd87901ec4311e2b6401d711602	https://codec-corpus.r2.imazen.org/imazen-26-unprocessed/5300-noaa-hurricane-documents/5342_noaa_nhc-al182024-rafael_p10_2550x3300.png	https://codec-corpus.r2.imazen.org/imazen-26-png-v3/5300-noaa-hurricane-documents/5342_noaa_nhc-al182024-rafael_p10_2550x3300.sdr.png
6000	train	6000-lilith-scans-public-patents	6000-lilith-scans-public-patents/lynn_conway_us5046022_1bitoriginal/6000_scans-patents_lynn-conway-us5046022-1bit_p001_2320x3408.png	2320	3408	png	129218	129218	a54fd34434f63667ea16654735c79953c2fd24e4b5f0396503b07264c79879f9	https://codec-corpus.r2.imazen.org/imazen-26-unprocessed/6000-lilith-scans-public-patents/lynn_conway_us5046022_1bitoriginal/6000_scans-patents_lynn-conway-us5046022-1bit_p001_2320x3408.png	https://codec-corpus.r2.imazen.org/imazen-26-png-v3/6000-lilith-scans-public-patents/lynn_conway_us5046022_1bitoriginal/6000_scans-patents_lynn-conway-us5046022-1bit_p001_2320x3408.sdr.png
6002	train	6000-lilith-scans-public-patents	6000-lilith-scans-public-patents/lynn_conway_us5046022_1bitoriginal/6002_scans-patents_lynn-conway-us5046022-1bit_p003_2320x3408.png	2320	3408	png	66468	66468	2540b5bfdbebade04a64f3a265d327bad39a8720d8590567d0c16e58cb356fae	https://codec-corpus.r2.imazen.org/imazen-26-unprocessed/6000-lilith-scans-public-patents/lynn_conway_us5046022_1bitoriginal/6002_scans-patents_lynn-conway-us5046022-1bit_p003_2320x3408.png	https://codec-corpus.r2.imazen.org/imazen-26-png-v3/6000-lilith-scans-public-patents/lynn_conway_us5046022_1bitoriginal/6002_scans-patents_lynn-conway-us5046022-1bit_p003_2320x3408.sdr.png
6004	train	6000-lilith-scans-public-patents	6000-lilith-scans-public-patents/lynn_conway_us5046022_1bitoriginal/6004_scans-patents_lynn-conway-us5046022-1bit_p005_2320x3408.png	2320	3408	png	80573	80573	f1fbdfff2df413840fffd0174d07bc72646e22b4df9e50eeea8dfd88e1f2894e	https://codec-corpus.r2.imazen.org/imazen-26-unprocessed/6000-lilith-scans-public-patents/lynn_conway_us5046022_1bitoriginal/6004_scans-patents_lynn-conway-us5046022-1bit_p005_2320x3408.png	https://codec-corpus.r2.imazen.org/imazen-26-png-v3/6000-lilith-scans-public-patents/lynn_conway_us5046022_1bitoriginal/6004_scans-patents_lynn-conway-us5046022-1bit_p005_2320x3408.sdr.png
6006	train	6000-lilith-scans-public-patents	6000-lilith-scans-public-patents/lynn_conway_us5046022_1bitoriginal/6006_scans-patents_lynn-conway-us5046022-1bit_p007_2320x3408.png	2320	3408	png	68578	68578	b897a35ae09155b07b43fdee1b48d2da3b69ff33fe335f8fcd76236e4b4832c5	https://codec-corpus.r2.imazen.org/imazen-26-unprocessed/6000-lilith-scans-public-patents/lynn_conway_us5046022_1bitoriginal/6006_scans-patents_lynn-conway-us5046022-1bit_p007_2320x3408.png	https://codec-corpus.r2.imazen.org/imazen-26-png-v3/6000-lilith-scans-public-patents/lynn_conway_us5046022_1bitoriginal/6006_scans-patents_lynn-conway-us5046022-1bit_p007_2320x3408.sdr.png
6008	train	6000-lilith-scans-public-patents	6000-lilith-scans-public-patents/lynn_conway_us5046022_1bitoriginal/6008_scans-patents_lynn-conway-us5046022-1bit_p009_2320x3408.png	2320	3408	png	185627	185627	fd98ed8e7b4ead438865f94266dc537f094f84edf9f601fcd2832549c84105a0	https://codec-corpus.r2.imazen.org/imazen-26-unprocessed/6000-lilith-scans-public-patents/lynn_conway_us5046022_1bitoriginal/6008_scans-patents_lynn-conway-us5046022-1bit_p009_2320x3408.png	https://codec-corpus.r2.imazen.org/imazen-26-png-v3/6000-lilith-scans-public-patents/lynn_conway_us5046022_1bitoriginal/6008_scans-patents_lynn-conway-us5046022-1bit_p009_2320x3408.sdr.png
6010	train	6000-lilith-scans-public-patents	6000-lilith-scans-public-patents/lynn_conway_us5046022_1bitoriginal/6010_scans-patents_lynn-conway-us5046022-1bit_p011_2320x3408.png	2320	3408	png	188422	188422	43fe254dd901b742ac23bdbed38b5b15f564788c1c76e1c93fc3b1674da3062c	https://codec-corpus.r2.imazen.org/imazen-26-unprocessed/6000-lilith-scans-public-patents/lynn_conway_us5046022_1bitoriginal/6010_scans-patents_lynn-conway-us5046022-1bit_p011_2320x3408.png	https://codec-corpus.r2.imazen.org/imazen-26-png-v3/6000-lilith-scans-public-patents/lynn_conway_us5046022_1bitoriginal/6010_scans-patents_lynn-conway-us5046022-1bit_p011_2320x3408.sdr.png
6012	train	6000-lilith-scans-public-patents	6000-lilith-scans-public-patents/lynn_conway_us5046022_1bitoriginal/6012_scans-patents_lynn-conway-us5046022-1bit_p013_2320x3408.png	2320	3408	png	180097	180097	0ce1eef8f26c6a24a705570e30c648916bd3d94b4cb865caccaac7189faaed1d	https://codec-corpus.r2.imazen.org/imazen-26-unprocessed/6000-lilith-scans-public-patents/lynn_conway_us5046022_1bitoriginal/6012_scans-patents_lynn-conway-us5046022-1bit_p013_2320x3408.png	https://codec-corpus.r2.imazen.org/imazen-26-png-v3/6000-lilith-scans-public-patents/lynn_conway_us5046022_1bitoriginal/6012_scans-patents_lynn-conway-us5046022-1bit_p013_2320x3408.sdr.png
6014	train	6000-lilith-scans-public-patents	6000-lilith-scans-public-patents/lynn_conway_us5046022_1bitoriginal/6014_scans-patents_lynn-conway-us5046022-1bit_p015_2320x3408.png	2320	3408	png	186953	186953	989eeea4faab78c6fc2b6b16f2db2b5952bb42d64cee64b497c604770ddd1d89	https://codec-corpus.r2.imazen.org/imazen-26-unprocessed/6000-lilith-scans-public-patents/lynn_conway_us5046022_1bitoriginal/6014_scans-patents_lynn-conway-us5046022-1bit_p015_2320x3408.png	https://codec-corpus.r2.imazen.org/imazen-26-png-v3/6000-lilith-scans-public-patents/lynn_conway_us5046022_1bitoriginal/6014_scans-patents_lynn-conway-us5046022-1bit_p015_2320x3408.sdr.png
6016	train	6000-lilith-scans-public-patents	6000-lilith-scans-public-patents/lynn_conway_us5046022_1bitoriginal/6016_scans-patents_lynn-conway-us5046022-1bit_p017_2320x3408.png	2320	3408	png	184326	184326	1016b043dd7e4bc6799401ee11b963c9e2d056a6520a8e3c5e69d3986dfc0a64	https://codec-corpus.r2.imazen.org/imazen-26-unprocessed/6000-lilith-scans-public-patents/lynn_conway_us5046022_1bitoriginal/6016_scans-patents_lynn-conway-us5046022-1bit_p017_2320x3408.png	https://codec-corpus.r2.imazen.org/imazen-26-png-v3/6000-lilith-scans-public-patents/lynn_conway_us5046022_1bitoriginal/6016_scans-patents_lynn-conway-us5046022-1bit_p017_2320x3408.sdr.png
6018	train	6000-lilith-scans-public-patents	6000-lilith-scans-public-patents/lynn_conway_us5046022_1bitoriginal/6018_scans-patents_lynn-conway-us5046022-1bit_p019_2320x3408.png	2320	3408	png	189244	189244	5297a19350f870bc68deabf161bfd2dece2de7876e758772a263834f7d723254	https://codec-corpus.r2.imazen.org/imazen-26-unprocessed/6000-lilith-scans-public-patents/lynn_conway_us5046022_1bitoriginal/6018_scans-patents_lynn-conway-us5046022-1bit_p019_2320x3408.png	https://codec-corpus.r2.imazen.org/imazen-26-png-v3/6000-lilith-scans-public-patents/lynn_conway_us5046022_1bitoriginal/6018_scans-patents_lynn-conway-us5046022-1bit_p019_2320x3408.sdr.png
6020	train	6000-lilith-scans-public-patents	6000-lilith-scans-public-patents/lynn_conway_us5046022_1bitoriginal/6020_scans-patents_lynn-conway-us5046022-1bit_p021_2320x3408.png	2320	3408	png	188577	188577	d64228f173058080d2bd400d1c24e0a66c888e9d561b773f3303bb84371b6768	https://codec-corpus.r2.imazen.org/imazen-26-unprocessed/6000-lilith-scans-public-patents/lynn_conway_us5046022_1bitoriginal/6020_scans-patents_lynn-conway-us5046022-1bit_p021_2320x3408.png	https://codec-corpus.r2.imazen.org/imazen-26-png-v3/6000-lilith-scans-public-patents/lynn_conway_us5046022_1bitoriginal/6020_scans-patents_lynn-conway-us5046022-1bit_p021_2320x3408.sdr.png
6022	train	6000-lilith-scans-public-patents	6000-lilith-scans-public-patents/lynn_conway_us5046022_1bitoriginal/6022_scans-patents_lynn-conway-us5046022-1bit_p023_2320x3408.png	2320	3408	png	176736	176736	9b160f46d936742f8e002c42401a718df56469cfd7d8641cc265a98ec013e42b	https://codec-corpus.r2.imazen.org/imazen-26-unprocessed/6000-lilith-scans-public-patents/lynn_conway_us5046022_1bitoriginal/6022_scans-patents_lynn-conway-us5046022-1bit_p023_2320x3408.png	https://codec-corpus.r2.imazen.org/imazen-26-png-v3/6000-lilith-scans-public-patents/lynn_conway_us5046022_1bitoriginal/6022_scans-patents_lynn-conway-us5046022-1bit_p023_2320x3408.sdr.png
6024	train	6000-lilith-scans-public-patents	6000-lilith-scans-public-patents/lynn_conway_us5046022_1bitoriginal/6024_scans-patents_lynn-conway-us5046022-1bit_p025_2320x3408.png	2320	3408	png	168139	168139	df9d6f8ec8924ab7fdda8ee4b92b98ec44f9a5d44f0f2aebd4b3c8ecbcc80978	https://codec-corpus.r2.imazen.org/imazen-26-unprocessed/6000-lilith-scans-public-patents/lynn_conway_us5046022_1bitoriginal/6024_scans-patents_lynn-conway-us5046022-1bit_p025_2320x3408.png	https://codec-corpus.r2.imazen.org/imazen-26-png-v3/6000-lilith-scans-public-patents/lynn_conway_us5046022_1bitoriginal/6024_scans-patents_lynn-conway-us5046022-1bit_p025_2320x3408.sdr.png
6026	train	6000-lilith-scans-public-patents	6000-lilith-scans-public-patents/lynn_conway_us5046022_1bitoriginal/6026_scans-patents_lynn-conway-us5046022-1bit_p027_2320x3408.png	2320	3408	png	80839	80839	f068a37558c42be7b0350685b6410ea437f148f7f7495a97a936ceda9acdd6db	https://codec-corpus.r2.imazen.org/imazen-26-unprocessed/6000-lilith-scans-public-patents/lynn_conway_us5046022_1bitoriginal/6026_scans-patents_lynn-conway-us5046022-1bit_p027_2320x3408.png	https://codec-corpus.r2.imazen.org/imazen-26-png-v3/6000-lilith-scans-public-patents/lynn_conway_us5046022_1bitoriginal/6026_scans-patents_lynn-conway-us5046022-1bit_p027_2320x3408.sdr.png
6028	train	6000-lilith-scans-public-patents	6000-lilith-scans-public-patents/lynn_conway_us5046022_1bitoriginal/6028_scans-patents_lynn-conway-us5046022-1bit_p029_2320x3408.png	2320	3408	png	37018	37018	f7b5c4904e092d61bd31910684a85f4ff52cca69f716c825be2722af3ef83499	https://codec-corpus.r2.imazen.org/imazen-26-unprocessed/6000-lilith-scans-public-patents/lynn_conway_us5046022_1bitoriginal/6028_scans-patents_lynn-conway-us5046022-1bit_p029_2320x3408.png	https://codec-corpus.r2.imazen.org/imazen-26-png-v3/6000-lilith-scans-public-patents/lynn_conway_us5046022_1bitoriginal/6028_scans-patents_lynn-conway-us5046022-1bit_p029_2320x3408.sdr.png
6030	train	6000-lilith-scans-public-patents	6000-lilith-scans-public-patents/lynn_conway_us5046022_printrescancolor300/6030_scans-patents_lynn-conway-us5046022-rescan-color_p002_2479x3230.jpg	2479	3230	jpg	715352	715352	d458ea5040f75ca6eef36251f063d56ac587c8b612659ea1db243f631e202e64	https://codec-corpus.r2.imazen.org/imazen-26-unprocessed/6000-lilith-scans-public-patents/lynn_conway_us5046022_printrescancolor300/6030_scans-patents_lynn-conway-us5046022-rescan-color_p002_2479x3230.jpg	https://codec-corpus.r2.imazen.org/imazen-26-png-v3/6000-lilith-scans-public-patents/lynn_conway_us5046022_printrescancolor300/6030_scans-patents_lynn-conway-us5046022-rescan-color_p002_2479x3230.sdr.png
6032	train	6000-lilith-scans-public-patents	6000-lilith-scans-public-patents/lynn_conway_us5046022_printrescancolor300/6032_scans-patents_lynn-conway-us5046022-rescan-color_p004_2479x3230.jpg	2479	3230	jpg	768080	768080	de015d7071cc0791f05462f1aa6bb09e6224703f7a1ea35b239bd7c580f5f0d2	https://codec-corpus.r2.imazen.org/imazen-26-unprocessed/6000-lilith-scans-public-patents/lynn_conway_us5046022_printrescancolor300/6032_scans-patents_lynn-conway-us5046022-rescan-color_p004_2479x3230.jpg	https://codec-corpus.r2.imazen.org/imazen-26-png-v3/6000-lilith-scans-public-patents/lynn_conway_us5046022_printrescancolor300/6032_scans-patents_lynn-conway-us5046022-rescan-color_p004_2479x3230.sdr.png
6034	train	6000-lilith-scans-public-patents	6000-lilith-scans-public-patents/lynn_conway_us5046022_printrescancolor300/6034_scans-patents_lynn-conway-us5046022-rescan-color_p006_2479x3230.jpg	2479	3230	jpg	726678	726678	f3e759a6ccf7c57129ea3421132d3c19fd09db0cbc9f3ee8fd3221b8f2334697	https://codec-corpus.r2.imazen.org/imazen-26-unprocessed/6000-lilith-scans-public-patents/lynn_conway_us5046022_printrescancolor300/6034_scans-patents_lynn-conway-us5046022-rescan-color_p006_2479x3230.jpg	https://codec-corpus.r2.imazen.org/imazen-26-png-v3/6000-lilith-scans-public-patents/lynn_conway_us5046022_printrescancolor300/6034_scans-patents_lynn-conway-us5046022-rescan-color_p006_2479x3230.sdr.png
6036	train	6000-lilith-scans-public-patents	6000-lilith-scans-public-patents/lynn_conway_us5046022_printrescancolor300/6036_scans-patents_lynn-conway-us5046022-rescan-color_p008_2479x3230.jpg	2479	3230	jpg	798514	798514	786f69d615c33c4d7a5900494524c1cc7cc05a69351ebc3c9fec217ecccbdac9	https://codec-corpus.r2.imazen.org/imazen-26-unprocessed/6000-lilith-scans-public-patents/lynn_conway_us5046022_printrescancolor300/6036_scans-patents_lynn-conway-us5046022-rescan-color_p008_2479x3230.jpg	https://codec-corpus.r2.imazen.org/imazen-26-png-v3/6000-lilith-scans-public-patents/lynn_conway_us5046022_printrescancolor300/6036_scans-patents_lynn-conway-us5046022-rescan-color_p008_2479x3230.sdr.png
6038	train	6000-lilith-scans-public-patents	6000-lilith-scans-public-patents/lynn_conway_us5046022_printrescancolor300/6038_scans-patents_lynn-conway-us5046022-rescan-color_p010_2479x3230.jpg	2479	3230	jpg	1648801	1648801	3e6f31e7536a2a6e8fd5a98d92f2264b9101e55ba1efa8ed8ef394e2939c527a	https://codec-corpus.r2.imazen.org/imazen-26-unprocessed/6000-lilith-scans-public-patents/lynn_conway_us5046022_printrescancolor300/6038_scans-patents_lynn-conway-us5046022-rescan-color_p010_2479x3230.jpg	https://codec-corpus.r2.imazen.org/imazen-26-png-v3/6000-lilith-scans-public-patents/lynn_conway_us5046022_printrescancolor300/6038_scans-patents_lynn-conway-us5046022-rescan-color_p010_2479x3230.sdr.png
6040	train	6000-lilith-scans-public-patents	6000-lilith-scans-public-patents/lynn_conway_us5046022_printrescancolor300/6040_scans-patents_lynn-conway-us5046022-rescan-color_p012_2479x3230.jpg	2479	3230	jpg	1708468	1708468	7e42c21ac5d0bedc35a09a1318bddd0faeab3cf56aef312e67615c47b13a4c75	https://codec-corpus.r2.imazen.org/imazen-26-unprocessed/6000-lilith-scans-public-patents/lynn_conway_us5046022_printrescancolor300/6040_scans-patents_lynn-conway-us5046022-rescan-color_p012_2479x3230.jpg	https://codec-corpus.r2.imazen.org/imazen-26-png-v3/6000-lilith-scans-public-patents/lynn_conway_us5046022_printrescancolor300/6040_scans-patents_lynn-conway-us5046022-rescan-color_p012_2479x3230.sdr.png
6042	train	6000-lilith-scans-public-patents	6000-lilith-scans-public-patents/lynn_conway_us5046022_printrescancolor300/6042_scans-patents_lynn-conway-us5046022-rescan-color_p014_2479x3230.jpg	2479	3230	jpg	1729204	1729204	259dc61847da3edbf5a5a87b85e258df4f72f6b2a3d4c8f88636ebf95f62ed1a	https://codec-corpus.r2.imazen.org/imazen-26-unprocessed/6000-lilith-scans-public-patents/lynn_conway_us5046022_printrescancolor300/6042_scans-patents_lynn-conway-us5046022-rescan-color_p014_2479x3230.jpg	https://codec-corpus.r2.imazen.org/imazen-26-png-v3/6000-lilith-scans-public-patents/lynn_conway_us5046022_printrescancolor300/6042_scans-patents_lynn-conway-us5046022-rescan-color_p014_2479x3230.sdr.png
6044	train	6000-lilith-scans-public-patents	6000-lilith-scans-public-patents/lynn_conway_us5046022_printrescancolor300/6044_scans-patents_lynn-conway-us5046022-rescan-color_p016_2479x3230.jpg	2479	3230	jpg	1716786	1716786	beee91526b2dfc76b7e585d8afe7c53833df618ad39ad43024dbea63cdb65692	https://codec-corpus.r2.imazen.org/imazen-26-unprocessed/6000-lilith-scans-public-patents/lynn_conway_us5046022_printrescancolor300/6044_scans-patents_lynn-conway-us5046022-rescan-color_p016_2479x3230.jpg	https://codec-corpus.r2.imazen.org/imazen-26-png-v3/6000-lilith-scans-public-patents/lynn_conway_us5046022_printrescancolor300/6044_scans-patents_lynn-conway-us5046022-rescan-color_p016_2479x3230.sdr.png
6046	train	6000-lilith-scans-public-patents	6000-lilith-scans-public-patents/lynn_conway_us5046022_printrescancolor300/6046_scans-patents_lynn-conway-us5046022-rescan-color_p018_2479x3230.jpg	2479	3230	jpg	1629916	1629916	0e575fde8a8f5689c28c1508e214d55f85227d5008f45770c88705520419dea7	https://codec-corpus.r2.imazen.org/imazen-26-unprocessed/6000-lilith-scans-public-patents/lynn_conway_us5046022_printrescancolor300/6046_scans-patents_lynn-conway-us5046022-rescan-color_p018_2479x3230.jpg	https://codec-corpus.r2.imazen.org/imazen-26-png-v3/6000-lilith-scans-public-patents/lynn_conway_us5046022_printrescancolor300/6046_scans-patents_lynn-conway-us5046022-rescan-color_p018_2479x3230.sdr.png
6048	train	6000-lilith-scans-public-patents	6000-lilith-scans-public-patents/lynn_conway_us5046022_printrescancolor300/6048_scans-patents_lynn-conway-us5046022-rescan-color_p020_2479x3230.jpg	2479	3230	jpg	1692638	1692638	f3643418416d4cfc4ace80b6b13931be9ef63537d03bc37486a42a03830c5084	https://codec-corpus.r2.imazen.org/imazen-26-unprocessed/6000-lilith-scans-public-patents/lynn_conway_us5046022_printrescancolor300/6048_scans-patents_lynn-conway-us5046022-rescan-color_p020_2479x3230.jpg	https://codec-corpus.r2.imazen.org/imazen-26-png-v3/6000-lilith-scans-public-patents/lynn_conway_us5046022_printrescancolor300/6048_scans-patents_lynn-conway-us5046022-rescan-color_p020_2479x3230.sdr.png
6050	train	6000-lilith-scans-public-patents	6000-lilith-scans-public-patents/lynn_conway_us5046022_printrescancolor300/6050_scans-patents_lynn-conway-us5046022-rescan-color_p022_2479x3230.jpg	2479	3230	jpg	1603388	1603388	68ae08c0c902f6ce9aa6842dba8ab373c4ba7319dc50c5d18387d224adf4e8d2	https://codec-corpus.r2.imazen.org/imazen-26-unprocessed/6000-lilith-scans-public-patents/lynn_conway_us5046022_printrescancolor300/6050_scans-patents_lynn-conway-us5046022-rescan-color_p022_2479x3230.jpg	https://codec-corpus.r2.imazen.org/imazen-26-png-v3/6000-lilith-scans-public-patents/lynn_conway_us5046022_printrescancolor300/6050_scans-patents_lynn-conway-us5046022-rescan-color_p022_2479x3230.sdr.png
6052	train	6000-lilith-scans-public-patents	6000-lilith-scans-public-patents/lynn_conway_us5046022_printrescancolor300/6052_scans-patents_lynn-conway-us5046022-rescan-color_p024_2479x3230.jpg	2479	3230	jpg	1546580	1546580	be585c69c5dfcf1b603a0739031f75fc4e02f2f8dcf669e404d788e6dfeaab86	https://codec-corpus.r2.imazen.org/imazen-26-unprocessed/6000-lilith-scans-public-patents/lynn_conway_us5046022_printrescancolor300/6052_scans-patents_lynn-conway-us5046022-rescan-color_p024_2479x3230.jpg	https://codec-corpus.r2.imazen.org/imazen-26-png-v3/6000-lilith-scans-public-patents/lynn_conway_us5046022_printrescancolor300/6052_scans-patents_lynn-conway-us5046022-rescan-color_p024_2479x3230.sdr.png
6054	train	6000-lilith-scans-public-patents	6000-lilith-scans-public-patents/lynn_conway_us5046022_printrescancolor300/6054_scans-patents_lynn-conway-us5046022-rescan-color_p026_2479x3230.jpg	2479	3230	jpg	1573043	1573043	d67767e61bb0a692a713e67d69a1aa93474acc411232414f3f806b1f6c534c55	https://codec-corpus.r2.imazen.org/imazen-26-unprocessed/6000-lilith-scans-public-patents/lynn_conway_us5046022_printrescancolor300/6054_scans-patents_lynn-conway-us5046022-rescan-color_p026_2479x3230.jpg	https://codec-corpus.r2.imazen.org/imazen-26-png-v3/6000-lilith-scans-public-patents/lynn_conway_us5046022_printrescancolor300/6054_scans-patents_lynn-conway-us5046022-rescan-color_p026_2479x3230.sdr.png
6056	train	6000-lilith-scans-public-patents	6000-lilith-scans-public-patents/lynn_conway_us5046022_printrescancolor300/6056_scans-patents_lynn-conway-us5046022-rescan-color_p028_2479x3230.jpg	2479	3230	jpg	868914	868914	2e1198d406ec99256646266546c4440e0478593141371420db58ea5d951b9ebc	https://codec-corpus.r2.imazen.org/imazen-26-unprocessed/6000-lilith-scans-public-patents/lynn_conway_us5046022_printrescancolor300/6056_scans-patents_lynn-conway-us5046022-rescan-color_p028_2479x3230.jpg	https://codec-corpus.r2.imazen.org/imazen-26-png-v3/6000-lilith-scans-public-patents/lynn_conway_us5046022_printrescancolor300/6056_scans-patents_lynn-conway-us5046022-rescan-color_p028_2479x3230.sdr.png
6058	train	6000-lilith-scans-public-patents	6000-lilith-scans-public-patents/lynn_conway_us5046022_printrescancolor300/6058_scans-patents_lynn-conway-us5046022-rescan-color_p030_2479x3230.jpg	2479	3230	jpg	422835	422835	285ff0239cfa062c711fb703c13b1e704b7fba71a766e7536aec99efc7ffc2eb	https://codec-corpus.r2.imazen.org/imazen-26-unprocessed/6000-lilith-scans-public-patents/lynn_conway_us5046022_printrescancolor300/6058_scans-patents_lynn-conway-us5046022-rescan-color_p030_2479x3230.jpg	https://codec-corpus.r2.imazen.org/imazen-26-png-v3/6000-lilith-scans-public-patents/lynn_conway_us5046022_printrescancolor300/6058_scans-patents_lynn-conway-us5046022-rescan-color_p030_2479x3230.sdr.png
6060	train	6000-lilith-scans-public-patents	6000-lilith-scans-public-patents/lynn_conway_us5046022_printrescangray300/6060_scans-patents_lynn-conway-us5046022-rescan-gray_p002_2479x3230.jpg	2479	3230	jpg	615817	615817	9503c5f6de09889995486abbd82e2bfe1984d39e96ecfd9e76c2a9f785ba128a	https://codec-corpus.r2.imazen.org/imazen-26-unprocessed/6000-lilith-scans-public-patents/lynn_conway_us5046022_printrescangray300/6060_scans-patents_lynn-conway-us5046022-rescan-gray_p002_2479x3230.jpg	https://codec-corpus.r2.imazen.org/imazen-26-png-v3/6000-lilith-scans-public-patents/lynn_conway_us5046022_printrescangray300/6060_scans-patents_lynn-conway-us5046022-rescan-gray_p002_2479x3230.sdr.png
6062	train	6000-lilith-scans-public-patents	6000-lilith-scans-public-patents/lynn_conway_us5046022_printrescangray300/6062_scans-patents_lynn-conway-us5046022-rescan-gray_p004_2479x3230.jpg	2479	3230	jpg	614907	614907	fb38ae038b8edffa5de733cba7b2342a3b02e5839ecb6bc60622e9fc123b77bc	https://codec-corpus.r2.imazen.org/imazen-26-unprocessed/6000-lilith-scans-public-patents/lynn_conway_us5046022_printrescangray300/6062_scans-patents_lynn-conway-us5046022-rescan-gray_p004_2479x3230.jpg	https://codec-corpus.r2.imazen.org/imazen-26-png-v3/6000-lilith-scans-public-patents/lynn_conway_us5046022_printrescangray300/6062_scans-patents_lynn-conway-us5046022-rescan-gray_p004_2479x3230.sdr.png
6064	train	6000-lilith-scans-public-patents	6000-lilith-scans-public-patents/lynn_conway_us5046022_printrescangray300/6064_scans-patents_lynn-conway-us5046022-rescan-gray_p006_2479x3230.jpg	2479	3230	jpg	570642	570642	10c8310592382f422f1bccf60c0a506b9f8262bf4f838b0fe0257a1eddc59d91	https://codec-corpus.r2.imazen.org/imazen-26-unprocessed/6000-lilith-scans-public-patents/lynn_conway_us5046022_printrescangray300/6064_scans-patents_lynn-conway-us5046022-rescan-gray_p006_2479x3230.jpg	https://codec-corpus.r2.imazen.org/imazen-26-png-v3/6000-lilith-scans-public-patents/lynn_conway_us5046022_printrescangray300/6064_scans-patents_lynn-conway-us5046022-rescan-gray_p006_2479x3230.sdr.png
6066	train	6000-lilith-scans-public-patents	6000-lilith-scans-public-patents/lynn_conway_us5046022_printrescangray300/6066_scans-patents_lynn-conway-us5046022-rescan-gray_p008_2479x3230.jpg	2479	3230	jpg	623082	623082	cac9495932ed24c0d7f1c42dce1c1814da260337f8da9ee3665f8d3d79e1b1f6	https://codec-corpus.r2.imazen.org/imazen-26-unprocessed/6000-lilith-scans-public-patents/lynn_conway_us5046022_printrescangray300/6066_scans-patents_lynn-conway-us5046022-rescan-gray_p008_2479x3230.jpg	https://codec-corpus.r2.imazen.org/imazen-26-png-v3/6000-lilith-scans-public-patents/lynn_conway_us5046022_printrescangray300/6066_scans-patents_lynn-conway-us5046022-rescan-gray_p008_2479x3230.sdr.png
6068	train	6000-lilith-scans-public-patents	6000-lilith-scans-public-patents/lynn_conway_us5046022_printrescangray300/6068_scans-patents_lynn-conway-us5046022-rescan-gray_p010_2479x3230.jpg	2479	3230	jpg	1495245	1495245	898f6d9198a51939f9f6b86ca74670f60bda910bc529e8b60a9a531149dcc174	https://codec-corpus.r2.imazen.org/imazen-26-unprocessed/6000-lilith-scans-public-patents/lynn_conway_us5046022_printrescangray300/6068_scans-patents_lynn-conway-us5046022-rescan-gray_p010_2479x3230.jpg	https://codec-corpus.r2.imazen.org/imazen-26-png-v3/6000-lilith-scans-public-patents/lynn_conway_us5046022_printrescangray300/6068_scans-patents_lynn-conway-us5046022-rescan-gray_p010_2479x3230.sdr.png
6070	train	6000-lilith-scans-public-patents	6000-lilith-scans-public-patents/lynn_conway_us5046022_printrescangray300/6070_scans-patents_lynn-conway-us5046022-rescan-gray_p012_2479x3230.jpg	2479	3230	jpg	1571153	1571153	cee155dc924f6b43b52f0f01d38c87bc626ac0ebd9aac6024ca08858d321784c	https://codec-corpus.r2.imazen.org/imazen-26-unprocessed/6000-lilith-scans-public-patents/lynn_conway_us5046022_printrescangray300/6070_scans-patents_lynn-conway-us5046022-rescan-gray_p012_2479x3230.jpg	https://codec-corpus.r2.imazen.org/imazen-26-png-v3/6000-lilith-scans-public-patents/lynn_conway_us5046022_printrescangray300/6070_scans-patents_lynn-conway-us5046022-rescan-gray_p012_2479x3230.sdr.png
6072	train	6000-lilith-scans-public-patents	6000-lilith-scans-public-patents/lynn_conway_us5046022_printrescangray300/6072_scans-patents_lynn-conway-us5046022-rescan-gray_p014_2479x3230.jpg	2479	3230	jpg	1600963	1600963	3dcd67ed74a5165903eed41b01ab9d41afc59d34b1ad5160824ba851d5c49240	https://codec-corpus.r2.imazen.org/imazen-26-unprocessed/6000-lilith-scans-public-patents/lynn_conway_us5046022_printrescangray300/6072_scans-patents_lynn-conway-us5046022-rescan-gray_p014_2479x3230.jpg	https://codec-corpus.r2.imazen.org/imazen-26-png-v3/6000-lilith-scans-public-patents/lynn_conway_us5046022_printrescangray300/6072_scans-patents_lynn-conway-us5046022-rescan-gray_p014_2479x3230.sdr.png
6074	train	6000-lilith-scans-public-patents	6000-lilith-scans-public-patents/lynn_conway_us5046022_printrescangray300/6074_scans-patents_lynn-conway-us5046022-rescan-gray_p016_2479x3230.jpg	2479	3230	jpg	1564289	1564289	d6521628050850666d14197f98b431674fc1d9077753b4959557aa2f99859932	https://codec-corpus.r2.imazen.org/imazen-26-unprocessed/6000-lilith-scans-public-patents/lynn_conway_us5046022_printrescangray300/6074_scans-patents_lynn-conway-us5046022-rescan-gray_p016_2479x3230.jpg	https://codec-corpus.r2.imazen.org/imazen-26-png-v3/6000-lilith-scans-public-patents/lynn_conway_us5046022_printrescangray300/6074_scans-patents_lynn-conway-us5046022-rescan-gray_p016_2479x3230.sdr.png
6076	train	6000-lilith-scans-public-patents	6000-lilith-scans-public-patents/lynn_conway_us5046022_printrescangray300/6076_scans-patents_lynn-conway-us5046022-rescan-gray_p018_2479x3230.jpg	2479	3230	jpg	1494628	1494628	f1c71fab8c587740400e8c2c62575fcc38c7d20369e8e061087de44f104ad7fe	https://codec-corpus.r2.imazen.org/imazen-26-unprocessed/6000-lilith-scans-public-patents/lynn_conway_us5046022_printrescangray300/6076_scans-patents_lynn-conway-us5046022-rescan-gray_p018_2479x3230.jpg	https://codec-corpus.r2.imazen.org/imazen-26-png-v3/6000-lilith-scans-public-patents/lynn_conway_us5046022_printrescangray300/6076_scans-patents_lynn-conway-us5046022-rescan-gray_p018_2479x3230.sdr.png
6078	train	6000-lilith-scans-public-patents	6000-lilith-scans-public-patents/lynn_conway_us5046022_printrescangray300/6078_scans-patents_lynn-conway-us5046022-rescan-gray_p020_2479x3230.jpg	2479	3230	jpg	1558656	1558656	78339017daebaf2b0ea544c879ab9b8577a0921c4a3c5df5f0d3f3d51d023558	https://codec-corpus.r2.imazen.org/imazen-26-unprocessed/6000-lilith-scans-public-patents/lynn_conway_us5046022_printrescangray300/6078_scans-patents_lynn-conway-us5046022-rescan-gray_p020_2479x3230.jpg	https://codec-corpus.r2.imazen.org/imazen-26-png-v3/6000-lilith-scans-public-patents/lynn_conway_us5046022_printrescangray300/6078_scans-patents_lynn-conway-us5046022-rescan-gray_p020_2479x3230.sdr.png
6080	train	6000-lilith-scans-public-patents	6000-lilith-scans-public-patents/lynn_conway_us5046022_printrescangray300/6080_scans-patents_lynn-conway-us5046022-rescan-gray_p022_2479x3230.jpg	2479	3230	jpg	1458624	1458624	ec73a7ed14f6689950e4bf37e8717c157f2ebc42d3c1b1d4b46a86e7766ee065	https://codec-corpus.r2.imazen.org/imazen-26-unprocessed/6000-lilith-scans-public-patents/lynn_conway_us5046022_printrescangray300/6080_scans-patents_lynn-conway-us5046022-rescan-gray_p022_2479x3230.jpg	https://codec-corpus.r2.imazen.org/imazen-26-png-v3/6000-lilith-scans-public-patents/lynn_conway_us5046022_printrescangray300/6080_scans-patents_lynn-conway-us5046022-rescan-gray_p022_2479x3230.sdr.png
6082	train	6000-lilith-scans-public-patents	6000-lilith-scans-public-patents/lynn_conway_us5046022_printrescangray300/6082_scans-patents_lynn-conway-us5046022-rescan-gray_p024_2479x3230.jpg	2479	3230	jpg	1402194	1402194	6642e35c3c0dabb796c0d406593bd59a55dcb977d58e10691b5e0f1328d90445	https://codec-corpus.r2.imazen.org/imazen-26-unprocessed/6000-lilith-scans-public-patents/lynn_conway_us5046022_printrescangray300/6082_scans-patents_lynn-conway-us5046022-rescan-gray_p024_2479x3230.jpg	https://codec-corpus.r2.imazen.org/imazen-26-png-v3/6000-lilith-scans-public-patents/lynn_conway_us5046022_printrescangray300/6082_scans-patents_lynn-conway-us5046022-rescan-gray_p024_2479x3230.sdr.png
6084	train	6000-lilith-scans-public-patents	6000-lilith-scans-public-patents/lynn_conway_us5046022_printrescangray300/6084_scans-patents_lynn-conway-us5046022-rescan-gray_p026_2479x3230.jpg	2479	3230	jpg	1430545	1430545	4e425dcc56fd2e738df1e8b1725c6aaa37f03ff90e838927c9ee70f4473ecad2	https://codec-corpus.r2.imazen.org/imazen-26-unprocessed/6000-lilith-scans-public-patents/lynn_conway_us5046022_printrescangray300/6084_scans-patents_lynn-conway-us5046022-rescan-gray_p026_2479x3230.jpg	https://codec-corpus.r2.imazen.org/imazen-26-png-v3/6000-lilith-scans-public-patents/lynn_conway_us5046022_printrescangray300/6084_scans-patents_lynn-conway-us5046022-rescan-gray_p026_2479x3230.sdr.png
6086	train	6000-lilith-scans-public-patents	6000-lilith-scans-public-patents/lynn_conway_us5046022_printrescangray300/6086_scans-patents_lynn-conway-us5046022-rescan-gray_p028_2479x3230.jpg	2479	3230	jpg	693847	693847	bd10ca5023a2c1b46b5792a09b7ea31973378b78c3c864cf5a60f968b19512f7	https://codec-corpus.r2.imazen.org/imazen-26-unprocessed/6000-lilith-scans-public-patents/lynn_conway_us5046022_printrescangray300/6086_scans-patents_lynn-conway-us5046022-rescan-gray_p028_2479x3230.jpg	https://codec-corpus.r2.imazen.org/imazen-26-png-v3/6000-lilith-scans-public-patents/lynn_conway_us5046022_printrescangray300/6086_scans-patents_lynn-conway-us5046022-rescan-gray_p028_2479x3230.sdr.png
6088	train	6000-lilith-scans-public-patents	6000-lilith-scans-public-patents/lynn_conway_us5046022_printrescangray300/6088_scans-patents_lynn-conway-us5046022-rescan-gray_p030_2479x3230.jpg	2479	3230	jpg	236165	236165	efa26d1d44cc582db9b5df103c777493d0e2aacb0cfccffb74182d57b4189f6d	https://codec-corpus.r2.imazen.org/imazen-26-unprocessed/6000-lilith-scans-public-patents/lynn_conway_us5046022_printrescangray300/6088_scans-patents_lynn-conway-us5046022-rescan-gray_p030_2479x3230.jpg	https://codec-corpus.r2.imazen.org/imazen-26-png-v3/6000-lilith-scans-public-patents/lynn_conway_us5046022_printrescangray300/6088_scans-patents_lynn-conway-us5046022-rescan-gray_p030_2479x3230.sdr.png
6090	train	6000-lilith-scans-public-patents	6000-lilith-scans-public-patents/martha_jones_us77494_1bitoriginal/6090_scans-patents_martha-jones-us77494-1bit_p002_2320x3408.png	2320	3408	png	119901	119901	b38ed1181e1a6515a35ae468c4697c5ac4e3921dfb18f42638acfd89c37d1211	https://codec-corpus.r2.imazen.org/imazen-26-unprocessed/6000-lilith-scans-public-patents/martha_jones_us77494_1bitoriginal/6090_scans-patents_martha-jones-us77494-1bit_p002_2320x3408.png	https://codec-corpus.r2.imazen.org/imazen-26-png-v3/6000-lilith-scans-public-patents/martha_jones_us77494_1bitoriginal/6090_scans-patents_martha-jones-us77494-1bit_p002_2320x3408.sdr.png
6092	train	6000-lilith-scans-public-patents	6000-lilith-scans-public-patents/martha_jones_us77494_printrescancolor300/6092_scans-patents_martha-jones-us77494-rescan-color_p001_2479x3230.jpg	2479	3230	jpg	550726	550726	fedcf8e32f220fa2b45e6b385a799e5555b1631980da946b8ecd5ce5cc70c36b	https://codec-corpus.r2.imazen.org/imazen-26-unprocessed/6000-lilith-scans-public-patents/martha_jones_us77494_printrescancolor300/6092_scans-patents_martha-jones-us77494-rescan-color_p001_2479x3230.jpg	https://codec-corpus.r2.imazen.org/imazen-26-png-v3/6000-lilith-scans-public-patents/martha_jones_us77494_printrescancolor300/6092_scans-patents_martha-jones-us77494-rescan-color_p001_2479x3230.sdr.png
6094	train	6000-lilith-scans-public-patents	6000-lilith-scans-public-patents/martha_jones_us77494_printrescancolor300/6094_scans-patents_martha-jones-us77494-rescan-color_p003_2479x3230.jpg	2479	3230	jpg	523661	523661	575840671ab3a4f4a491dd8aaddf9a0a014b4ee9d843dec2de4238029e77b884	https://codec-corpus.r2.imazen.org/imazen-26-unprocessed/6000-lilith-scans-public-patents/martha_jones_us77494_printrescancolor300/6094_scans-patents_martha-jones-us77494-rescan-color_p003_2479x3230.jpg	https://codec-corpus.r2.imazen.org/imazen-26-png-v3/6000-lilith-scans-public-patents/martha_jones_us77494_printrescancolor300/6094_scans-patents_martha-jones-us77494-rescan-color_p003_2479x3230.sdr.png
6096	train	6000-lilith-scans-public-patents	6000-lilith-scans-public-patents/martha_jones_us77494_printrescangrayscale300/6096_scans-patents_martha-jones-us77494-rescan-gray_p002_2479x3230.jpg	2479	3230	jpg	939933	939933	10a53445215ab08bd03692f9d172615083f21530f9a6d6196f4bede09cb4d693	https://codec-corpus.r2.imazen.org/imazen-26-unprocessed/6000-lilith-scans-public-patents/martha_jones_us77494_printrescangrayscale300/6096_scans-patents_martha-jones-us77494-rescan-gray_p002_2479x3230.jpg	https://codec-corpus.r2.imazen.org/imazen-26-png-v3/6000-lilith-scans-public-patents/martha_jones_us77494_printrescangrayscale300/6096_scans-patents_martha-jones-us77494-rescan-gray_p002_2479x3230.sdr.png
6098	train	6000-lilith-scans-public-patents	6000-lilith-scans-public-patents/yvonne_brill_us3807657_1bitoriginal/6098_scans-patents_yvonne-brill-us3807657-1bit_p001_2320x3408.png	2320	3408	png	99115	99115	c00ced50d74912ad5d0eea13865b419768f58addad9997e40282d8338fc3919d	https://codec-corpus.r2.imazen.org/imazen-26-unprocessed/6000-lilith-scans-public-patents/yvonne_brill_us3807657_1bitoriginal/6098_scans-patents_yvonne-brill-us3807657-1bit_p001_2320x3408.png	https://codec-corpus.r2.imazen.org/imazen-26-png-v3/6000-lilith-scans-public-patents/yvonne_brill_us3807657_1bitoriginal/6098_scans-patents_yvonne-brill-us3807657-1bit_p001_2320x3408.sdr.png
6100	train	6000-lilith-scans-public-patents	6000-lilith-scans-public-patents/yvonne_brill_us3807657_1bitoriginal/6100_scans-patents_yvonne-brill-us3807657-1bit_p003_2320x3408.png	2320	3408	png	91135	91135	943a6bc929f30d2aa23b7e829b00ba977c4f65c6ac6c5e034e264442ea9b69e0	https://codec-corpus.r2.imazen.org/imazen-26-unprocessed/6000-lilith-scans-public-patents/yvonne_brill_us3807657_1bitoriginal/6100_scans-patents_yvonne-brill-us3807657-1bit_p003_2320x3408.png	https://codec-corpus.r2.imazen.org/imazen-26-png-v3/6000-lilith-scans-public-patents/yvonne_brill_us3807657_1bitoriginal/6100_scans-patents_yvonne-brill-us3807657-1bit_p003_2320x3408.sdr.png
6102	train	6000-lilith-scans-public-patents	6000-lilith-scans-public-patents/yvonne_brill_us3807657_1bitoriginal/6102_scans-patents_yvonne-brill-us3807657-1bit_p005_2320x3408.png	2320	3408	png	176990	176990	af9f894bd21803ff8e6687d33d288f79ec08159ba8aa52acb0f2748093b8f218	https://codec-corpus.r2.imazen.org/imazen-26-unprocessed/6000-lilith-scans-public-patents/yvonne_brill_us3807657_1bitoriginal/6102_scans-patents_yvonne-brill-us3807657-1bit_p005_2320x3408.png	https://codec-corpus.r2.imazen.org/imazen-26-png-v3/6000-lilith-scans-public-patents/yvonne_brill_us3807657_1bitoriginal/6102_scans-patents_yvonne-brill-us3807657-1bit_p005_2320x3408.sdr.png
6104	train	6000-lilith-scans-public-patents	6000-lilith-scans-public-patents/yvonne_brill_us3807657_1bitoriginal/6104_scans-patents_yvonne-brill-us3807657-1bit_p007_2320x3408.png	2320	3408	png	111707	111707	faa2569c92f588405933a685cd36e0cb258c1e10afc4ea8ad22234e21595fa72	https://codec-corpus.r2.imazen.org/imazen-26-unprocessed/6000-lilith-scans-public-patents/yvonne_brill_us3807657_1bitoriginal/6104_scans-patents_yvonne-brill-us3807657-1bit_p007_2320x3408.png	https://codec-corpus.r2.imazen.org/imazen-26-png-v3/6000-lilith-scans-public-patents/yvonne_brill_us3807657_1bitoriginal/6104_scans-patents_yvonne-brill-us3807657-1bit_p007_2320x3408.sdr.png
6106	train	6000-lilith-scans-public-patents	6000-lilith-scans-public-patents/yvonne_brill_us3807657_printrescancolor300/6106_scans-patents_yvonne-brill-us3807657-rescan-color_p002_2479x3230.jpg	2479	3230	jpg	730338	730338	a01e36680a973181080f1da8b790ad7fccaf21f5cacc03f8240815765ab58c42	https://codec-corpus.r2.imazen.org/imazen-26-unprocessed/6000-lilith-scans-public-patents/yvonne_brill_us3807657_printrescancolor300/6106_scans-patents_yvonne-brill-us3807657-rescan-color_p002_2479x3230.jpg	https://codec-corpus.r2.imazen.org/imazen-26-png-v3/6000-lilith-scans-public-patents/yvonne_brill_us3807657_printrescancolor300/6106_scans-patents_yvonne-brill-us3807657-rescan-color_p002_2479x3230.sdr.png
6108	train	6000-lilith-scans-public-patents	6000-lilith-scans-public-patents/yvonne_brill_us3807657_printrescancolor300/6108_scans-patents_yvonne-brill-us3807657-rescan-color_p004_2479x3230.jpg	2479	3230	jpg	916020	916020	a8bf913ce651fecee7c3f56e529a46bb9e89767a8ef0e34c8e3b3d82464f4289	https://codec-corpus.r2.imazen.org/imazen-26-unprocessed/6000-lilith-scans-public-patents/yvonne_brill_us3807657_printrescancolor300/6108_scans-patents_yvonne-brill-us3807657-rescan-color_p004_2479x3230.jpg	https://codec-corpus.r2.imazen.org/imazen-26-png-v3/6000-lilith-scans-public-patents/yvonne_brill_us3807657_printrescancolor300/6108_scans-patents_yvonne-brill-us3807657-rescan-color_p004_2479x3230.sdr.png
6110	train	6000-lilith-scans-public-patents	6000-lilith-scans-public-patents/yvonne_brill_us3807657_printrescangray300/6110_scans-patents_yvonne-brill-us3807657-rescan-gray_p002_2479x3230.jpg	2479	3230	jpg	657952	657952	2881f1f2fc9f0e7402058660b0d81b3bc238f18b51760dcfdcc5290329217ead	https://codec-corpus.r2.imazen.org/imazen-26-unprocessed/6000-lilith-scans-public-patents/yvonne_brill_us3807657_printrescangray300/6110_scans-patents_yvonne-brill-us3807657-rescan-gray_p002_2479x3230.jpg	https://codec-corpus.r2.imazen.org/imazen-26-png-v3/6000-lilith-scans-public-patents/yvonne_brill_us3807657_printrescangray300/6110_scans-patents_yvonne-brill-us3807657-rescan-gray_p002_2479x3230.sdr.png
6112	train	6000-lilith-scans-public-patents	6000-lilith-scans-public-patents/yvonne_brill_us3807657_printrescangray300/6112_scans-patents_yvonne-brill-us3807657-rescan-gray_p004_2479x3230.jpg	2479	3230	jpg	844153	844153	ec4a73351b0ef0117e6189bd008a640f374cc06168a5fad13c2d1a3ec79cdef8	https://codec-corpus.r2.imazen.org/imazen-26-unprocessed/6000-lilith-scans-public-patents/yvonne_brill_us3807657_printrescangray300/6112_scans-patents_yvonne-brill-us3807657-rescan-gray_p004_2479x3230.jpg	https://codec-corpus.r2.imazen.org/imazen-26-png-v3/6000-lilith-scans-public-patents/yvonne_brill_us3807657_printrescangray300/6112_scans-patents_yvonne-brill-us3807657-rescan-gray_p004_2479x3230.sdr.png
6600	train	6600-ia-scans-manuscript-illustrations	6600-ia-scans-manuscript-illustrations/6600_scans-illustrations_haeckel-cephalopods_plate0007_4988x7151.png	4988	7151	png	48130375	48130375	720997176d6161663b5d60e482334bf8440140e66652054b7fd769943ea9223e	https://codec-corpus.r2.imazen.org/imazen-26-unprocessed/6600-ia-scans-manuscript-illustrations/6600_scans-illustrations_haeckel-cephalopods_plate0007_4988x7151.png	https://codec-corpus.r2.imazen.org/imazen-26-png-v3/6600-ia-scans-manuscript-illustrations/6600_scans-illustrations_haeckel-cephalopods_plate0007_4988x7151.sdr.png
6602	train	6600-ia-scans-manuscript-illustrations	6600-ia-scans-manuscript-illustrations/6602_scans-illustrations_haeckel-starfish_plate0040_4961x7277.png	4961	7277	png	49465038	49465038	20a4b7c4af3e16bef846e4e6692c9ae11da0e4045aa52b7914292b28b804803f	https://codec-corpus.r2.imazen.org/imazen-26-unprocessed/6600-ia-scans-manuscript-illustrations/6602_scans-illustrations_haeckel-starfish_plate0040_4961x7277.png	https://codec-corpus.r2.imazen.org/imazen-26-png-v3/6600-ia-scans-manuscript-illustrations/6602_scans-illustrations_haeckel-starfish_plate0040_4961x7277.sdr.png
6604	train	6600-ia-scans-manuscript-illustrations	6600-ia-scans-manuscript-illustrations/6604_scans-illustrations_haeckel-moths_plate0058_4865x7207.png	4865	7207	png	84041034	84041034	16e8f777559ce2ec2c253516b5b67c136ec7741821a32940a2fa3b0636268fcd	https://codec-corpus.r2.imazen.org/imazen-26-unprocessed/6600-ia-scans-manuscript-illustrations/6604_scans-illustrations_haeckel-moths_plate0058_4865x7207.png	https://codec-corpus.r2.imazen.org/imazen-26-png-v3/6600-ia-scans-manuscript-illustrations/6604_scans-illustrations_haeckel-moths_plate0058_4865x7207.sdr.png
6606	train	6600-ia-scans-manuscript-illustrations	6600-ia-scans-manuscript-illustrations/6606_scans-illustrations_haeckel-red-algae_plate0065_5015x7275.png	5015	7275	png	60389391	60389391	12221ee99aa9eec8dae080715d648b35094a73bc9172409bfeccea2a8e82b4c8	https://codec-corpus.r2.imazen.org/imazen-26-unprocessed/6600-ia-scans-manuscript-illustrations/6606_scans-illustrations_haeckel-red-algae_plate0065_5015x7275.png	https://codec-corpus.r2.imazen.org/imazen-26-png-v3/6600-ia-scans-manuscript-illustrations/6606_scans-illustrations_haeckel-red-algae_plate0065_5015x7275.sdr.png
6608	train	6600-ia-scans-manuscript-illustrations	6600-ia-scans-manuscript-illustrations/6608_scans-illustrations_hokusai-figure-studies_plate0006_6030x4806.png	6030	4806	png	31299886	31299886	e1e8078ca19835b65a6cd2c167cde8b498e903df5449a63e41641f51a1f5447b	https://codec-corpus.r2.imazen.org/imazen-26-unprocessed/6600-ia-scans-manuscript-illustrations/6608_scans-illustrations_hokusai-figure-studies_plate0006_6030x4806.png	https://codec-corpus.r2.imazen.org/imazen-26-png-v3/6600-ia-scans-manuscript-illustrations/6608_scans-illustrations_hokusai-figure-studies_plate0006_6030x4806.sdr.png
6610	train	6600-ia-scans-manuscript-illustrations	6600-ia-scans-manuscript-illustrations/6610_scans-illustrations_hokusai-boats-waves_plate0024_6147x4840.png	6147	4840	png	33054879	33054879	3f8693036742afd75a74fa2dec05ec5d26ecd6d651ff596a7dd19460a2f87fc8	https://codec-corpus.r2.imazen.org/imazen-26-unprocessed/6600-ia-scans-manuscript-illustrations/6610_scans-illustrations_hokusai-boats-waves_plate0024_6147x4840.png	https://codec-corpus.r2.imazen.org/imazen-26-png-v3/6600-ia-scans-manuscript-illustrations/6610_scans-illustrations_hokusai-boats-waves_plate0024_6147x4840.sdr.png
6612	train	6600-ia-scans-manuscript-illustrations	6600-ia-scans-manuscript-illustrations/6612_scans-illustrations_owenjones-egyptian-columns_plate0050_2071x3000.png	2071	3000	png	7023703	7023703	ade5f673f68e31d707f0ebac6740460518bc1ded5973f812fa95477a38953f87	https://codec-corpus.r2.imazen.org/imazen-26-unprocessed/6600-ia-scans-manuscript-illustrations/6612_scans-illustrations_owenjones-egyptian-columns_plate0050_2071x3000.png	https://codec-corpus.r2.imazen.org/imazen-26-png-v3/6600-ia-scans-manuscript-illustrations/6612_scans-illustrations_owenjones-egyptian-columns_plate0050_2071x3000.sdr.png
6614	train	6600-ia-scans-manuscript-illustrations	6600-ia-scans-manuscript-illustrations/6614_scans-illustrations_owenjones-moorish-arches_plate0248_2016x3000.png	2016	3000	png	8798903	8798903	78a7ac6b885ba76bf66585ec667abbd4a6a89665a400708782be2921e78dadce	https://codec-corpus.r2.imazen.org/imazen-26-unprocessed/6600-ia-scans-manuscript-illustrations/6614_scans-illustrations_owenjones-moorish-arches_plate0248_2016x3000.png	https://codec-corpus.r2.imazen.org/imazen-26-png-v3/6600-ia-scans-manuscript-illustrations/6614_scans-illustrations_owenjones-moorish-arches_plate0248_2016x3000.sdr.png
6616	train	6600-ia-scans-manuscript-illustrations	6600-ia-scans-manuscript-illustrations/6616_scans-illustrations_owenjones-renaissance-panels_plate0540_2055x3000.png	2055	3000	png	7393743	7393743	9fbc706ecc21fc979712bb83ead40c66ec74efc08ee67d4183465dc58bced036	https://codec-corpus.r2.imazen.org/imazen-26-unprocessed/6600-ia-scans-manuscript-illustrations/6616_scans-illustrations_owenjones-renaissance-panels_plate0540_2055x3000.png	https://codec-corpus.r2.imazen.org/imazen-26-png-v3/6600-ia-scans-manuscript-illustrations/6616_scans-illustrations_owenjones-renaissance-panels_plate0540_2055x3000.sdr.png
6618	train	6600-ia-scans-manuscript-illustrations	6600-ia-scans-manuscript-illustrations/6618_scans-illustrations_redoute-rose-magenta_plate0047_2912x4368.png	2912	4368	png	12413728	12413728	fbffe94e5833eeac1e79f8d84560dd3fd385faa6615217293acf1b7d24893ff6	https://codec-corpus.r2.imazen.org/imazen-26-unprocessed/6600-ia-scans-manuscript-illustrations/6618_scans-illustrations_redoute-rose-magenta_plate0047_2912x4368.png	https://codec-corpus.r2.imazen.org/imazen-26-png-v3/6600-ia-scans-manuscript-illustrations/6618_scans-illustrations_redoute-rose-magenta_plate0047_2912x4368.sdr.png
6620	train	6600-ia-scans-manuscript-illustrations	6600-ia-scans-manuscript-illustrations/6620_scans-illustrations_redoute-rose-red-cluster_plate0173_2912x4368.png	2912	4368	png	12447515	12447515	41d24f46e4991b7b2a4c19c8364db7e99914c6e50c3b788150739c65d5b50268	https://codec-corpus.r2.imazen.org/imazen-26-unprocessed/6600-ia-scans-manuscript-illustrations/6620_scans-illustrations_redoute-rose-red-cluster_plate0173_2912x4368.png	https://codec-corpus.r2.imazen.org/imazen-26-png-v3/6600-ia-scans-manuscript-illustrations/6620_scans-illustrations_redoute-rose-red-cluster_plate0173_2912x4368.sdr.png
6622	train	6600-ia-scans-manuscript-illustrations	6600-ia-scans-manuscript-illustrations/6622_scans-illustrations_redoute-rose-deep-pink_plate0255_2912x4368.png	2912	4368	png	13008992	13008992	2b60485f79083d6645744d090ad92aab499ee1661205ee62162b4f092411c531	https://codec-corpus.r2.imazen.org/imazen-26-unprocessed/6600-ia-scans-manuscript-illustrations/6622_scans-illustrations_redoute-rose-deep-pink_plate0255_2912x4368.png	https://codec-corpus.r2.imazen.org/imazen-26-png-v3/6600-ia-scans-manuscript-illustrations/6622_scans-illustrations_redoute-rose-deep-pink_plate0255_2912x4368.sdr.png
6624	train	6600-ia-scans-manuscript-illustrations	6600-ia-scans-manuscript-illustrations/6624_scans-illustrations_shinbijutsukai-flame-flower_plate0005_2844x4410.png	2844	4410	png	12433744	12433744	0ec66d5919760a2abae6a4811e0c40411defc14c41510b510548331773a83987	https://codec-corpus.r2.imazen.org/imazen-26-unprocessed/6600-ia-scans-manuscript-illustrations/6624_scans-illustrations_shinbijutsukai-flame-flower_plate0005_2844x4410.png	https://codec-corpus.r2.imazen.org/imazen-26-png-v3/6600-ia-scans-manuscript-illustrations/6624_scans-illustrations_shinbijutsukai-flame-flower_plate0005_2844x4410.sdr.png
6626	train	6600-ia-scans-manuscript-illustrations	6600-ia-scans-manuscript-illustrations/6626_scans-illustrations_shinbijutsukai-flowing-lines_plate0016_2844x4410.png	2844	4410	png	15122062	15122062	705a3eda5ea94d413b2e119ac9e4bf7d2e3eed9706c8437b9e5d60dbb81db3ef	https://codec-corpus.r2.imazen.org/imazen-26-unprocessed/6600-ia-scans-manuscript-illustrations/6626_scans-illustrations_shinbijutsukai-flowing-lines_plate0016_2844x4410.png	https://codec-corpus.r2.imazen.org/imazen-26-png-v3/6600-ia-scans-manuscript-illustrations/6626_scans-illustrations_shinbijutsukai-flowing-lines_plate0016_2844x4410.sdr.png
6628	train	6600-ia-scans-manuscript-illustrations	6600-ia-scans-manuscript-illustrations/6628_scans-illustrations_trouvelot-sunspots_plate01_5133x4944.png	5133	4944	png	39228350	39228350	d2a0292b1ec9444444fac275c6fc0952d2c5204a92c6643e8cae932ba1a90320	https://codec-corpus.r2.imazen.org/imazen-26-unprocessed/6600-ia-scans-manuscript-illustrations/6628_scans-illustrations_trouvelot-sunspots_plate01_5133x4944.png	https://codec-corpus.r2.imazen.org/imazen-26-png-v3/6600-ia-scans-manuscript-illustrations/6628_scans-illustrations_trouvelot-sunspots_plate01_5133x4944.sdr.png
6630	train	6600-ia-scans-manuscript-illustrations	6600-ia-scans-manuscript-illustrations/6630_scans-illustrations_trouvelot-aurora_plate04_5133x4773.png	5133	4773	png	35237621	35237621	87f5df8e6cb9c02413ebe5c600ec85302c17a52eb529da335c1c9b0a1fe2709d	https://codec-corpus.r2.imazen.org/imazen-26-unprocessed/6600-ia-scans-manuscript-illustrations/6630_scans-illustrations_trouvelot-aurora_plate04_5133x4773.png	https://codec-corpus.r2.imazen.org/imazen-26-png-v3/6600-ia-scans-manuscript-illustrations/6630_scans-illustrations_trouvelot-aurora_plate04_5133x4773.sdr.png
6632	train	6600-ia-scans-manuscript-illustrations	6600-ia-scans-manuscript-illustrations/6632_scans-illustrations_trouvelot-jupiter_plate09_5133x4709.png	5133	4709	png	34420997	34420997	e47a0a0e8086e788ffaec89a1d801af7114c6691fdff90430dbf55a480192694	https://codec-corpus.r2.imazen.org/imazen-26-unprocessed/6600-ia-scans-manuscript-illustrations/6632_scans-illustrations_trouvelot-jupiter_plate09_5133x4709.png	https://codec-corpus.r2.imazen.org/imazen-26-png-v3/6600-ia-scans-manuscript-illustrations/6632_scans-illustrations_trouvelot-jupiter_plate09_5133x4709.sdr.png
6634	train	6600-ia-scans-manuscript-illustrations	6600-ia-scans-manuscript-illustrations/6634_scans-illustrations_trouvelot-comet_plate11_4427x5133.png	4427	5133	png	34428548	34428548	26ece2c267161c6737cb466fd43af39bb70234470cc1a2d925379ac1c318f365	https://codec-corpus.r2.imazen.org/imazen-26-unprocessed/6600-ia-scans-manuscript-illustrations/6634_scans-illustrations_trouvelot-comet_plate11_4427x5133.png	https://codec-corpus.r2.imazen.org/imazen-26-png-v3/6600-ia-scans-manuscript-illustrations/6634_scans-illustrations_trouvelot-comet_plate11_4427x5133.sdr.png
6800	train	6800-ia-scans-manuscript-text	6800-ia-scans-manuscript-text/6800_scans-text_haeckel-de-title_p0007_2548x3909.png	2548	3909	png	2643051	2643051	25b787cb09a3264eee4321b812c50504bdbd4c412ea668d3c54edee3b6011cfd	https://codec-corpus.r2.imazen.org/imazen-26-unprocessed/6800-ia-scans-manuscript-text/6800_scans-text_haeckel-de-title_p0007_2548x3909.png	https://codec-corpus.r2.imazen.org/imazen-26-png-v3/6800-ia-scans-manuscript-text/6800_scans-text_haeckel-de-title_p0007_2548x3909.sdr.png
6802	train	6800-ia-scans-manuscript-text	6800-ia-scans-manuscript-text/6802_scans-text_haeckel-de-systematic_p0011_2581x3909.png	2581	3909	png	2812381	2812381	5b7ef41ba3ec5c26d8e07c0ec1da9e61e78b0630c9114443cece5f93a88a30dd	https://codec-corpus.r2.imazen.org/imazen-26-unprocessed/6800-ia-scans-manuscript-text/6802_scans-text_haeckel-de-systematic_p0011_2581x3909.png	https://codec-corpus.r2.imazen.org/imazen-26-png-v3/6800-ia-scans-manuscript-text/6802_scans-text_haeckel-de-systematic_p0011_2581x3909.sdr.png
6804	train	6800-ia-scans-manuscript-text	6800-ia-scans-manuscript-text/6804_scans-text_haeckel-de-description_p0017_2581x3909.png	2581	3909	png	6364408	6364408	46cef3c65ee4565e2f1b7cbd46129062ea8da20e3a4892e937d17d414d2d33b8	https://codec-corpus.r2.imazen.org/imazen-26-unprocessed/6800-ia-scans-manuscript-text/6804_scans-text_haeckel-de-description_p0017_2581x3909.png	https://codec-corpus.r2.imazen.org/imazen-26-png-v3/6800-ia-scans-manuscript-text/6804_scans-text_haeckel-de-description_p0017_2581x3909.sdr.png
6806	train	6800-ia-scans-manuscript-text	6800-ia-scans-manuscript-text/6806_scans-text_hokusai-ja-woodblock_p0002_6081x4806.png	6081	4806	png	30933661	30933661	bc66325ce155f8b6dd8f919fc00c3797f27e5a141ba4d6ec03157f70702b9131	https://codec-corpus.r2.imazen.org/imazen-26-unprocessed/6800-ia-scans-manuscript-text/6806_scans-text_hokusai-ja-woodblock_p0002_6081x4806.png	https://codec-corpus.r2.imazen.org/imazen-26-png-v3/6800-ia-scans-manuscript-text/6806_scans-text_hokusai-ja-woodblock_p0002_6081x4806.sdr.png
6808	train	6800-ia-scans-manuscript-text	6800-ia-scans-manuscript-text/6808_scans-text_hokusai-ja-woodblock_p0030_6196x4845.png	6196	4845	png	34441202	34441202	f5ad822fc881a6c41471c11bcc28781b85efcb3cab5f2fb66b3740c691d70602	https://codec-corpus.r2.imazen.org/imazen-26-unprocessed/6800-ia-scans-manuscript-text/6808_scans-text_hokusai-ja-woodblock_p0030_6196x4845.png	https://codec-corpus.r2.imazen.org/imazen-26-png-v3/6800-ia-scans-manuscript-text/6808_scans-text_hokusai-ja-woodblock_p0030_6196x4845.sdr.png
6810	train	6800-ia-scans-manuscript-text	6800-ia-scans-manuscript-text/6810_scans-text_owenjones-en-preface_p0010_2002x3000.png	2002	3000	png	4859020	4859020	3f6f929f63826d64d55117a7a5c20e745aa4db852035fdaf4c8048d85ab849f7	https://codec-corpus.r2.imazen.org/imazen-26-unprocessed/6800-ia-scans-manuscript-text/6810_scans-text_owenjones-en-preface_p0010_2002x3000.png	https://codec-corpus.r2.imazen.org/imazen-26-png-v3/6800-ia-scans-manuscript-text/6810_scans-text_owenjones-en-preface_p0010_2002x3000.sdr.png
6812	train	6800-ia-scans-manuscript-text	6800-ia-scans-manuscript-text/6812_scans-text_owenjones-en-preface_p0012_2003x3000.png	2003	3000	png	5102923	5102923	e00dcea2fe183794f3d68c19569144b91f8e3e921cf2cfab94fe3a0586dfecaa	https://codec-corpus.r2.imazen.org/imazen-26-unprocessed/6800-ia-scans-manuscript-text/6812_scans-text_owenjones-en-preface_p0012_2003x3000.png	https://codec-corpus.r2.imazen.org/imazen-26-png-v3/6800-ia-scans-manuscript-text/6812_scans-text_owenjones-en-preface_p0012_2003x3000.sdr.png
6814	train	6800-ia-scans-manuscript-text	6800-ia-scans-manuscript-text/6814_scans-text_owenjones-en-plate-list_p0020_2002x3000.png	2002	3000	png	4460084	4460084	4e7816f38e43af5c4518e753e7d51d96f3df0d0f6ec7fe0e6e4e25025a73f8fa	https://codec-corpus.r2.imazen.org/imazen-26-unprocessed/6800-ia-scans-manuscript-text/6814_scans-text_owenjones-en-plate-list_p0020_2002x3000.png	https://codec-corpus.r2.imazen.org/imazen-26-png-v3/6800-ia-scans-manuscript-text/6814_scans-text_owenjones-en-plate-list_p0020_2002x3000.sdr.png
6816	train	6800-ia-scans-manuscript-text	6800-ia-scans-manuscript-text/6816_scans-text_owenjones-en-essay_p0041_2027x3000.png	2027	3000	png	6819759	6819759	43c84ace4717ae7cafab42a0f89a2b0e71b18937179cdca5a999702d1c296e37	https://codec-corpus.r2.imazen.org/imazen-26-unprocessed/6800-ia-scans-manuscript-text/6816_scans-text_owenjones-en-essay_p0041_2027x3000.png	https://codec-corpus.r2.imazen.org/imazen-26-png-v3/6800-ia-scans-manuscript-text/6816_scans-text_owenjones-en-essay_p0041_2027x3000.sdr.png
6818	train	6800-ia-scans-manuscript-text	6800-ia-scans-manuscript-text/6818_scans-text_owenjones-en-essay_p0045_2040x3000.png	2040	3000	png	6973444	6973444	810d1106cc651215a6c3e04465354483d79ee276a68437fdf815d4d2bad00cbd	https://codec-corpus.r2.imazen.org/imazen-26-unprocessed/6800-ia-scans-manuscript-text/6818_scans-text_owenjones-en-essay_p0045_2040x3000.png	https://codec-corpus.r2.imazen.org/imazen-26-png-v3/6800-ia-scans-manuscript-text/6818_scans-text_owenjones-en-essay_p0045_2040x3000.sdr.png
6820	train	6800-ia-scans-manuscript-text	6800-ia-scans-manuscript-text/6820_scans-text_redoute-fr-description_p0040_2415x3528.png	2415	3528	png	8043744	8043744	9d45d4c07416156c0d45d5cc3494a8fe61c5d59121df2bfba63915c307a863c6	https://codec-corpus.r2.imazen.org/imazen-26-unprocessed/6800-ia-scans-manuscript-text/6820_scans-text_redoute-fr-description_p0040_2415x3528.png	https://codec-corpus.r2.imazen.org/imazen-26-png-v3/6800-ia-scans-manuscript-text/6820_scans-text_redoute-fr-description_p0040_2415x3528.sdr.png
6822	train	6800-ia-scans-manuscript-text	6800-ia-scans-manuscript-text/6822_scans-text_redoute-fr-description_p0046_2415x3528.png	2415	3528	png	8368887	8368887	a5cf9a40c64530dc76d6cfc11d7f013b3f6160d895772a7f8920a4a04034ac7e	https://codec-corpus.r2.imazen.org/imazen-26-unprocessed/6800-ia-scans-manuscript-text/6822_scans-text_redoute-fr-description_p0046_2415x3528.png	https://codec-corpus.r2.imazen.org/imazen-26-png-v3/6800-ia-scans-manuscript-text/6822_scans-text_redoute-fr-description_p0046_2415x3528.sdr.png
6824	train	6800-ia-scans-manuscript-text	6800-ia-scans-manuscript-text/6824_scans-text_redoute-fr-description_p0052_2415x3528.png	2415	3528	png	7580169	7580169	e0825408d8b880ea80385d9d28af238f636b9f997b33770d9473ddc0bccec22c	https://codec-corpus.r2.imazen.org/imazen-26-unprocessed/6800-ia-scans-manuscript-text/6824_scans-text_redoute-fr-description_p0052_2415x3528.png	https://codec-corpus.r2.imazen.org/imazen-26-png-v3/6800-ia-scans-manuscript-text/6824_scans-text_redoute-fr-description_p0052_2415x3528.sdr.png
6826	train	6800-ia-scans-manuscript-text	6800-ia-scans-manuscript-text/6826_scans-text_redoute-fr-description_p0066_2415x3528.png	2415	3528	png	7844147	7844147	d83a3428a60473fcc0edb6d3c0615e0deb687f4b84063b3afc115868d358bbfe	https://codec-corpus.r2.imazen.org/imazen-26-unprocessed/6800-ia-scans-manuscript-text/6826_scans-text_redoute-fr-description_p0066_2415x3528.png	https://codec-corpus.r2.imazen.org/imazen-26-png-v3/6800-ia-scans-manuscript-text/6826_scans-text_redoute-fr-description_p0066_2415x3528.sdr.png
6828	train	6800-ia-scans-manuscript-text	6800-ia-scans-manuscript-text/6828_scans-text_redoute-fr-description_p0095_2445x3519.png	2445	3519	png	7697397	7697397	a5555261c8cc6722e51043ab9ddd0ae70094917fa54f329b3c51dbab3b2a05e7	https://codec-corpus.r2.imazen.org/imazen-26-unprocessed/6800-ia-scans-manuscript-text/6828_scans-text_redoute-fr-description_p0095_2445x3519.png	https://codec-corpus.r2.imazen.org/imazen-26-png-v3/6800-ia-scans-manuscript-text/6828_scans-text_redoute-fr-description_p0095_2445x3519.sdr.png
6830	train	6800-ia-scans-manuscript-text	6800-ia-scans-manuscript-text/6830_scans-text_redoute-fr-description_p0122_2415x3528.png	2415	3528	png	8052874	8052874	8e6c3ada0cc53d7bde951ca8556286e9d25c9f0852545b417efb34c22ae978d0	https://codec-corpus.r2.imazen.org/imazen-26-unprocessed/6800-ia-scans-manuscript-text/6830_scans-text_redoute-fr-description_p0122_2415x3528.png	https://codec-corpus.r2.imazen.org/imazen-26-png-v3/6800-ia-scans-manuscript-text/6830_scans-text_redoute-fr-description_p0122_2415x3528.sdr.png
6832	train	6800-ia-scans-manuscript-text	6800-ia-scans-manuscript-text/6832_scans-text_redoute-fr-description_p0139_2445x3519.png	2445	3519	png	7990148	7990148	cc78565e293ff0ab65eb407d5bf9c557be0e013b489d4c027010cd93015f104d	https://codec-corpus.r2.imazen.org/imazen-26-unprocessed/6800-ia-scans-manuscript-text/6832_scans-text_redoute-fr-description_p0139_2445x3519.png	https://codec-corpus.r2.imazen.org/imazen-26-png-v3/6800-ia-scans-manuscript-text/6832_scans-text_redoute-fr-description_p0139_2445x3519.sdr.png
6834	train	6800-ia-scans-manuscript-text	6800-ia-scans-manuscript-text/6834_scans-text_redoute-fr-description_p0156_2415x3528.png	2415	3528	png	8351461	8351461	b8622d968b8404f6d243649977a04f94e7f42ac8a6cfef8fbec079984a020f7d	https://codec-corpus.r2.imazen.org/imazen-26-unprocessed/6800-ia-scans-manuscript-text/6834_scans-text_redoute-fr-description_p0156_2415x3528.png	https://codec-corpus.r2.imazen.org/imazen-26-png-v3/6800-ia-scans-manuscript-text/6834_scans-text_redoute-fr-description_p0156_2415x3528.sdr.png
7000	train	7000-lilith-plots	7000-lilith-plots/aliased-line-patterns/7000_plots_line-00056-s6bcec02a_1024x1024.png	1024	1024	png	107464	107464	1b781cc939c445bb9ea747ff5d83aa990e0a30478696c1feed1214345a2774bb	https://codec-corpus.r2.imazen.org/imazen-26-unprocessed/7000-lilith-plots/aliased-line-patterns/7000_plots_line-00056-s6bcec02a_1024x1024.png	https://codec-corpus.r2.imazen.org/imazen-26-png-v3/7000-lilith-plots/aliased-line-patterns/7000_plots_line-00056-s6bcec02a_1024x1024.sdr.png
7002	train	7000-lilith-plots	7000-lilith-plots/aliased-line-patterns/7002_plots_line-00118-s306ca2bd_1024x1024.png	1024	1024	png	118298	118298	f1fdd94a56dfcfeb4f8d30fafd61891ef199dfdb30473a2bf7d026443d78fbe9	https://codec-corpus.r2.imazen.org/imazen-26-unprocessed/7000-lilith-plots/aliased-line-patterns/7002_plots_line-00118-s306ca2bd_1024x1024.png	https://codec-corpus.r2.imazen.org/imazen-26-png-v3/7000-lilith-plots/aliased-line-patterns/7002_plots_line-00118-s306ca2bd_1024x1024.sdr.png
7004	train	7000-lilith-plots	7000-lilith-plots/aliased-line-patterns/7004_plots_line-00248-s7c5ddcfb_1024x1024.png	1024	1024	png	95898	95898	bbfa87557161f4983dbc7287a01848f9aeff46410514dc8227c228dbc5edc49f	https://codec-corpus.r2.imazen.org/imazen-26-unprocessed/7000-lilith-plots/aliased-line-patterns/7004_plots_line-00248-s7c5ddcfb_1024x1024.png	https://codec-corpus.r2.imazen.org/imazen-26-png-v3/7000-lilith-plots/aliased-line-patterns/7004_plots_line-00248-s7c5ddcfb_1024x1024.sdr.png
7006	train	7000-lilith-plots	7000-lilith-plots/aliased-lines/7006_plots_line-00012-s2be0c08d_1024x1024.png	1024	1024	png	64457	64457	bca525189aa772358dfa31179a44e2909e7e5efa07492045766179c65ccd5544	https://codec-corpus.r2.imazen.org/imazen-26-unprocessed/7000-lilith-plots/aliased-lines/7006_plots_line-00012-s2be0c08d_1024x1024.png	https://codec-corpus.r2.imazen.org/imazen-26-png-v3/7000-lilith-plots/aliased-lines/7006_plots_line-00012-s2be0c08d_1024x1024.sdr.png
7008	train	7000-lilith-plots	7000-lilith-plots/aliased-lines/7008_plots_line-00027-s195cfe6a_1024x1024.png	1024	1024	png	32294	32294	a9932a38bfb1402c69e34c79f64976ba8789046a7373620ebd70bd7ab72afc85	https://codec-corpus.r2.imazen.org/imazen-26-unprocessed/7000-lilith-plots/aliased-lines/7008_plots_line-00027-s195cfe6a_1024x1024.png	https://codec-corpus.r2.imazen.org/imazen-26-png-v3/7000-lilith-plots/aliased-lines/7008_plots_line-00027-s195cfe6a_1024x1024.sdr.png
7010	train	7000-lilith-plots	7000-lilith-plots/aliased-lines/7010_plots_line-00069-s46326869_1024x1024.png	1024	1024	png	65759	65759	fbfc6d953e8886c81822e63f7f782342b161e7a8a4942153a9c369175ebbf799	https://codec-corpus.r2.imazen.org/imazen-26-unprocessed/7000-lilith-plots/aliased-lines/7010_plots_line-00069-s46326869_1024x1024.png	https://codec-corpus.r2.imazen.org/imazen-26-png-v3/7000-lilith-plots/aliased-lines/7010_plots_line-00069-s46326869_1024x1024.sdr.png
7012	train	7000-lilith-plots	7000-lilith-plots/aliased-lines/7012_plots_line-00127-s7957de6d_1024x1024.png	1024	1024	png	23304	23304	8d925b0cc81f36defe0e3f310249edc30d7f78702fcb3303b598f26e1a906383	https://codec-corpus.r2.imazen.org/imazen-26-unprocessed/7000-lilith-plots/aliased-lines/7012_plots_line-00127-s7957de6d_1024x1024.png	https://codec-corpus.r2.imazen.org/imazen-26-png-v3/7000-lilith-plots/aliased-lines/7012_plots_line-00127-s7957de6d_1024x1024.sdr.png
7014	train	7000-lilith-plots	7000-lilith-plots/aliased-lines/7014_plots_line-00147-s01eaff1e_1024x1024.png	1024	1024	png	32056	32056	787b5ff7bbb315296caac796ab4b5455cf236a352479fdebe70495015985f03d	https://codec-corpus.r2.imazen.org/imazen-26-unprocessed/7000-lilith-plots/aliased-lines/7014_plots_line-00147-s01eaff1e_1024x1024.png	https://codec-corpus.r2.imazen.org/imazen-26-png-v3/7000-lilith-plots/aliased-lines/7014_plots_line-00147-s01eaff1e_1024x1024.sdr.png
7016	train	7000-lilith-plots	7000-lilith-plots/aliased-lines/7016_plots_line-00169-s646cb006_1024x1024.png	1024	1024	png	32973	32973	9062cdf59a80764fc3066f4d7beba91e993d4ffc83594794428cfbb2a935ed07	https://codec-corpus.r2.imazen.org/imazen-26-unprocessed/7000-lilith-plots/aliased-lines/7016_plots_line-00169-s646cb006_1024x1024.png	https://codec-corpus.r2.imazen.org/imazen-26-png-v3/7000-lilith-plots/aliased-lines/7016_plots_line-00169-s646cb006_1024x1024.sdr.png
7018	train	7000-lilith-plots	7000-lilith-plots/aliased-lines/7018_plots_line-00266-s0bc1d2a4_1024x1024.png	1024	1024	png	97647	97647	b0706b6aa71aad215e8ce7f420cea84bcb3d5daede7ed1aac9164fe5e69085a2	https://codec-corpus.r2.imazen.org/imazen-26-unprocessed/7000-lilith-plots/aliased-lines/7018_plots_line-00266-s0bc1d2a4_1024x1024.png	https://codec-corpus.r2.imazen.org/imazen-26-png-v3/7000-lilith-plots/aliased-lines/7018_plots_line-00266-s0bc1d2a4_1024x1024.sdr.png
7020	train	7000-lilith-plots	7000-lilith-plots/aliased-lines/7020_plots_line-00268-s2f977bbb_1024x1024.png	1024	1024	png	83618	83618	f914823b6e57e23cab92ab809c51bac79e5cdca878c372a50df48451259a55f5	https://codec-corpus.r2.imazen.org/imazen-26-unprocessed/7000-lilith-plots/aliased-lines/7020_plots_line-00268-s2f977bbb_1024x1024.png	https://codec-corpus.r2.imazen.org/imazen-26-png-v3/7000-lilith-plots/aliased-lines/7020_plots_line-00268-s2f977bbb_1024x1024.sdr.png
7022	train	7000-lilith-plots	7000-lilith-plots/aliased-polygons/7022_plots_line-00001-s4fc8f443_1024x1024.png	1024	1024	png	22872	22872	c53cf01eacf522a7d8fe2349fa35d8c4f080b42b4aed40a60122f04090afaea1	https://codec-corpus.r2.imazen.org/imazen-26-unprocessed/7000-lilith-plots/aliased-polygons/7022_plots_line-00001-s4fc8f443_1024x1024.png	https://codec-corpus.r2.imazen.org/imazen-26-png-v3/7000-lilith-plots/aliased-polygons/7022_plots_line-00001-s4fc8f443_1024x1024.sdr.png
7024	train	7000-lilith-plots	7000-lilith-plots/aliased-polygons/7024_plots_line-00038-s335b5033_1024x1024.png	1024	1024	png	25347	25347	62ba0cc7e319feb99ac511ace65284b059ef26a525b970ce36ad4c27d60f5f2e	https://codec-corpus.r2.imazen.org/imazen-26-unprocessed/7000-lilith-plots/aliased-polygons/7024_plots_line-00038-s335b5033_1024x1024.png	https://codec-corpus.r2.imazen.org/imazen-26-png-v3/7000-lilith-plots/aliased-polygons/7024_plots_line-00038-s335b5033_1024x1024.sdr.png
7026	train	7000-lilith-plots	7000-lilith-plots/aliased-polygons/7026_plots_line-00081-s68404bb1_1024x1024.png	1024	1024	png	21832	21832	786737436f55090e58ba85b6a92fdac02dfe6cacb8718d62a7c1faf4f3a66daf	https://codec-corpus.r2.imazen.org/imazen-26-unprocessed/7000-lilith-plots/aliased-polygons/7026_plots_line-00081-s68404bb1_1024x1024.png	https://codec-corpus.r2.imazen.org/imazen-26-png-v3/7000-lilith-plots/aliased-polygons/7026_plots_line-00081-s68404bb1_1024x1024.sdr.png
7028	train	7000-lilith-plots	7000-lilith-plots/aliased-polygons/7028_plots_line-00119-s142edf29_1024x1024.png	1024	1024	png	26713	26713	482b12865a3bd1f5e6f7b307ecefa84638474a2c57d15c57f208dead6fc0a7f2	https://codec-corpus.r2.imazen.org/imazen-26-unprocessed/7000-lilith-plots/aliased-polygons/7028_plots_line-00119-s142edf29_1024x1024.png	https://codec-corpus.r2.imazen.org/imazen-26-png-v3/7000-lilith-plots/aliased-polygons/7028_plots_line-00119-s142edf29_1024x1024.sdr.png
7030	train	7000-lilith-plots	7000-lilith-plots/aliased-polygons/7030_plots_line-00168-s4e34287f_1024x1024.png	1024	1024	png	25227	25227	9a45e35016756e77c512428e2a464b6901f1502f99f6b498d42fe6a0778b69a1	https://codec-corpus.r2.imazen.org/imazen-26-unprocessed/7000-lilith-plots/aliased-polygons/7030_plots_line-00168-s4e34287f_1024x1024.png	https://codec-corpus.r2.imazen.org/imazen-26-png-v3/7000-lilith-plots/aliased-polygons/7030_plots_line-00168-s4e34287f_1024x1024.sdr.png
7032	train	7000-lilith-plots	7000-lilith-plots/aliased-polygons/7032_plots_line-00210-s2771b783_1024x1024.png	1024	1024	png	30393	30393	c5b624e077cb69488d16b4865107718521bfa43e023dd1f2ff611af78bd2b2e7	https://codec-corpus.r2.imazen.org/imazen-26-unprocessed/7000-lilith-plots/aliased-polygons/7032_plots_line-00210-s2771b783_1024x1024.png	https://codec-corpus.r2.imazen.org/imazen-26-png-v3/7000-lilith-plots/aliased-polygons/7032_plots_line-00210-s2771b783_1024x1024.sdr.png
7034	train	7000-lilith-plots	7000-lilith-plots/aliased-polygons/7034_plots_line-00232-s0b160660_1024x1024.png	1024	1024	png	20885	20885	e01b26dea0b22c0e48b8318b5fa09f77142511e099c209ef4938f8057b5e8a14	https://codec-corpus.r2.imazen.org/imazen-26-unprocessed/7000-lilith-plots/aliased-polygons/7034_plots_line-00232-s0b160660_1024x1024.png	https://codec-corpus.r2.imazen.org/imazen-26-png-v3/7000-lilith-plots/aliased-polygons/7034_plots_line-00232-s0b160660_1024x1024.sdr.png
7036	train	7000-lilith-plots	7000-lilith-plots/aliased-polygons/7036_plots_line-00291-s625cdbd7_1024x1024.png	1024	1024	png	19438	19438	4f40b9666611d87505af9ac5801380e18576ffc11707dffb175b40ae146f54f1	https://codec-corpus.r2.imazen.org/imazen-26-unprocessed/7000-lilith-plots/aliased-polygons/7036_plots_line-00291-s625cdbd7_1024x1024.png	https://codec-corpus.r2.imazen.org/imazen-26-png-v3/7000-lilith-plots/aliased-polygons/7036_plots_line-00291-s625cdbd7_1024x1024.sdr.png
7038	train	7000-lilith-plots	7000-lilith-plots/grids/7038_plots_chart-00144-s2f4e8e1b_1024x1024.png	1024	1024	png	36034	36034	4e9b8d1a8235552a669907097adbe4ae34453de6a301271da836d8077b02698d	https://codec-corpus.r2.imazen.org/imazen-26-unprocessed/7000-lilith-plots/grids/7038_plots_chart-00144-s2f4e8e1b_1024x1024.png	https://codec-corpus.r2.imazen.org/imazen-26-png-v3/7000-lilith-plots/grids/7038_plots_chart-00144-s2f4e8e1b_1024x1024.sdr.png
7040	train	7000-lilith-plots	7000-lilith-plots/grids/7040_plots_chart-00265-s5af4c1ef_1024x1024.png	1024	1024	png	17023	17023	7219a6d659c9a6bdd492ca586d4c858e14a73dbb96a33ef8fef62d5a41383e15	https://codec-corpus.r2.imazen.org/imazen-26-unprocessed/7000-lilith-plots/grids/7040_plots_chart-00265-s5af4c1ef_1024x1024.png	https://codec-corpus.r2.imazen.org/imazen-26-png-v3/7000-lilith-plots/grids/7040_plots_chart-00265-s5af4c1ef_1024x1024.sdr.png
7042	train	7000-lilith-plots	7000-lilith-plots/grids/7042_plots_chart-00290-s4b1661bd_1024x1024.png	1024	1024	png	26251	26251	76ec37189b747c9501bd7f7e82f2b2ae9fbe662c3ad0e9e52fb0a11c5ce0d2f9	https://codec-corpus.r2.imazen.org/imazen-26-unprocessed/7000-lilith-plots/grids/7042_plots_chart-00290-s4b1661bd_1024x1024.png	https://codec-corpus.r2.imazen.org/imazen-26-png-v3/7000-lilith-plots/grids/7042_plots_chart-00290-s4b1661bd_1024x1024.sdr.png
7044	train	7000-lilith-plots	7000-lilith-plots/grids/7044_plots_chart-00338-s6215c94e_1024x1024.png	1024	1024	png	34514	34514	fcab5da174083b3105b8068886b19ab81a5529c3a163ab07b2fb0c5597587f78	https://codec-corpus.r2.imazen.org/imazen-26-unprocessed/7000-lilith-plots/grids/7044_plots_chart-00338-s6215c94e_1024x1024.png	https://codec-corpus.r2.imazen.org/imazen-26-png-v3/7000-lilith-plots/grids/7044_plots_chart-00338-s6215c94e_1024x1024.sdr.png
7046	train	7000-lilith-plots	7000-lilith-plots/grids/7046_plots_line-00050-s221fd453_1024x1024.png	1024	1024	png	7893	7893	31b2574ea4b5916354a1cb225bf78411f066805538b217605c9924fbe3f4e546	https://codec-corpus.r2.imazen.org/imazen-26-unprocessed/7000-lilith-plots/grids/7046_plots_line-00050-s221fd453_1024x1024.png	https://codec-corpus.r2.imazen.org/imazen-26-png-v3/7000-lilith-plots/grids/7046_plots_line-00050-s221fd453_1024x1024.sdr.png
7048	train	7000-lilith-plots	7000-lilith-plots/grids/7048_plots_line-00136-s3e377a73_1024x1024.png	1024	1024	png	6639	6639	2f793655dda4354a17bf0946b87a69da92443f4b19bb251688b85676777b1e8f	https://codec-corpus.r2.imazen.org/imazen-26-unprocessed/7000-lilith-plots/grids/7048_plots_line-00136-s3e377a73_1024x1024.png	https://codec-corpus.r2.imazen.org/imazen-26-png-v3/7000-lilith-plots/grids/7048_plots_line-00136-s3e377a73_1024x1024.sdr.png
7050	train	7000-lilith-plots	7000-lilith-plots/grids/7050_plots_line-00166-s010fb6d2_1024x1024.png	1024	1024	png	7398	7398	11d5d880fe777d949a50984e6d739c6cf081f1bef9eb03c6998618450714e284	https://codec-corpus.r2.imazen.org/imazen-26-unprocessed/7000-lilith-plots/grids/7050_plots_line-00166-s010fb6d2_1024x1024.png	https://codec-corpus.r2.imazen.org/imazen-26-png-v3/7000-lilith-plots/grids/7050_plots_line-00166-s010fb6d2_1024x1024.sdr.png
7052	train	7000-lilith-plots	7000-lilith-plots/grids/7052_plots_line-00222-s2f495179_1024x1024.png	1024	1024	png	7195	7195	fb96fda9482e93b1bb19e10b1972a7720bf3986aef75ec7ff5fc2e501beb1279	https://codec-corpus.r2.imazen.org/imazen-26-unprocessed/7000-lilith-plots/grids/7052_plots_line-00222-s2f495179_1024x1024.png	https://codec-corpus.r2.imazen.org/imazen-26-png-v3/7000-lilith-plots/grids/7052_plots_line-00222-s2f495179_1024x1024.sdr.png
7054	train	7000-lilith-plots	7000-lilith-plots/line-patterns/7054_plots_line-tiling-00056-s6bcec02a_1024x1024.png	1024	1024	png	574823	574823	bb8e03b7511bd735c9681f94fd735aabacfc756f4de46312e4918a400566565b	https://codec-corpus.r2.imazen.org/imazen-26-unprocessed/7000-lilith-plots/line-patterns/7054_plots_line-tiling-00056-s6bcec02a_1024x1024.png	https://codec-corpus.r2.imazen.org/imazen-26-png-v3/7000-lilith-plots/line-patterns/7054_plots_line-tiling-00056-s6bcec02a_1024x1024.sdr.png
7056	train	7000-lilith-plots	7000-lilith-plots/line-patterns/7056_plots_line-tiling-00118-s306ca2bd_1024x1024.png	1024	1024	png	651849	651849	f20cc644864a59e63b2644781b11fc68872ca5bb7ddf7b0517f506a0687b97c4	https://codec-corpus.r2.imazen.org/imazen-26-unprocessed/7000-lilith-plots/line-patterns/7056_plots_line-tiling-00118-s306ca2bd_1024x1024.png	https://codec-corpus.r2.imazen.org/imazen-26-png-v3/7000-lilith-plots/line-patterns/7056_plots_line-tiling-00118-s306ca2bd_1024x1024.sdr.png
7058	train	7000-lilith-plots	7000-lilith-plots/line-patterns/7058_plots_line-tiling-00248-s7c5ddcfb_1024x1024.png	1024	1024	png	514718	514718	50dc123fa1124de1a2b74658f15a3d2a79e22af5a7329f494df607ce2edde45b	https://codec-corpus.r2.imazen.org/imazen-26-unprocessed/7000-lilith-plots/line-patterns/7058_plots_line-tiling-00248-s7c5ddcfb_1024x1024.png	https://codec-corpus.r2.imazen.org/imazen-26-png-v3/7000-lilith-plots/line-patterns/7058_plots_line-tiling-00248-s7c5ddcfb_1024x1024.sdr.png
7060	train	7000-lilith-plots	7000-lilith-plots/lines/7060_plots_line-concentric-00020-s1aac7045_1024x1024.png	1024	1024	png	1026549	1026549	2bd9d9d80b6f5e1dd4d500aea4fcf67c6ef6704e905c5ab1ff3ec9737297f82e	https://codec-corpus.r2.imazen.org/imazen-26-unprocessed/7000-lilith-plots/lines/7060_plots_line-concentric-00020-s1aac7045_1024x1024.png	https://codec-corpus.r2.imazen.org/imazen-26-png-v3/7000-lilith-plots/lines/7060_plots_line-concentric-00020-s1aac7045_1024x1024.sdr.png
7062	train	7000-lilith-plots	7000-lilith-plots/lines/7062_plots_line-concentric-00151-s49cff644_1024x1024.png	1024	1024	png	803755	803755	b4d92dbc17cdd010be7a1b4ea716dca6ce37e83adbe46bc5961ae81d7e4a91e3	https://codec-corpus.r2.imazen.org/imazen-26-unprocessed/7000-lilith-plots/lines/7062_plots_line-concentric-00151-s49cff644_1024x1024.png	https://codec-corpus.r2.imazen.org/imazen-26-png-v3/7000-lilith-plots/lines/7062_plots_line-concentric-00151-s49cff644_1024x1024.sdr.png
7064	train	7000-lilith-plots	7000-lilith-plots/lines/7064_plots_line-concentric-00230-s6a3b9505_1024x1024.png	1024	1024	png	640931	640931	97e602865098ed3adef6e23bcab7e2b3072acfae9a116e78067f52d393dd8bf2	https://codec-corpus.r2.imazen.org/imazen-26-unprocessed/7000-lilith-plots/lines/7064_plots_line-concentric-00230-s6a3b9505_1024x1024.png	https://codec-corpus.r2.imazen.org/imazen-26-png-v3/7000-lilith-plots/lines/7064_plots_line-concentric-00230-s6a3b9505_1024x1024.sdr.png
7066	train	7000-lilith-plots	7000-lilith-plots/lines/7066_plots_line-concentric-00268-s2f977bbb_1024x1024.png	1024	1024	png	803874	803874	113a17881bf5783118dd9cbb49822488dcff3fb5f462484249129ef8b23af5f7	https://codec-corpus.r2.imazen.org/imazen-26-unprocessed/7000-lilith-plots/lines/7066_plots_line-concentric-00268-s2f977bbb_1024x1024.png	https://codec-corpus.r2.imazen.org/imazen-26-png-v3/7000-lilith-plots/lines/7066_plots_line-concentric-00268-s2f977bbb_1024x1024.sdr.png
7068	train	7000-lilith-plots	7000-lilith-plots/lines/7068_plots_line-starburst-00027-s195cfe6a_1024x1024.png	1024	1024	png	400010	400010	a0343fc7b1abc5e4832951ad446cf0a2ef8891bc8aebe54ecbce8fbeea17fc16	https://codec-corpus.r2.imazen.org/imazen-26-unprocessed/7000-lilith-plots/lines/7068_plots_line-starburst-00027-s195cfe6a_1024x1024.png	https://codec-corpus.r2.imazen.org/imazen-26-png-v3/7000-lilith-plots/lines/7068_plots_line-starburst-00027-s195cfe6a_1024x1024.sdr.png
7070	train	7000-lilith-plots	7000-lilith-plots/lines/7070_plots_line-voronoi-00012-s2be0c08d_1024x1024.png	1024	1024	png	670784	670784	6d17e5ba4a808644f0a7a0448aeccb9ca03ff19089c357e98a3de37d7dd7e745	https://codec-corpus.r2.imazen.org/imazen-26-unprocessed/7000-lilith-plots/lines/7070_plots_line-voronoi-00012-s2be0c08d_1024x1024.png	https://codec-corpus.r2.imazen.org/imazen-26-png-v3/7000-lilith-plots/lines/7070_plots_line-voronoi-00012-s2be0c08d_1024x1024.sdr.png
7072	train	7000-lilith-plots	7000-lilith-plots/lines/7072_plots_line-voronoi-00069-s46326869_1024x1024.png	1024	1024	png	768589	768589	9d81bd6c2899f5057c52f4559811b7870a822431693fd255e17b309e51e40d63	https://codec-corpus.r2.imazen.org/imazen-26-unprocessed/7000-lilith-plots/lines/7072_plots_line-voronoi-00069-s46326869_1024x1024.png	https://codec-corpus.r2.imazen.org/imazen-26-png-v3/7000-lilith-plots/lines/7072_plots_line-voronoi-00069-s46326869_1024x1024.sdr.png
7074	train	7000-lilith-plots	7000-lilith-plots/lines/7074_plots_line-voronoi-00127-s7957de6d_1024x1024.png	1024	1024	png	152653	152653	afe6b999bc40de7f35d745d1019450216fb0f91ad7a6386da42ac7d5e2e6574b	https://codec-corpus.r2.imazen.org/imazen-26-unprocessed/7000-lilith-plots/lines/7074_plots_line-voronoi-00127-s7957de6d_1024x1024.png	https://codec-corpus.r2.imazen.org/imazen-26-png-v3/7000-lilith-plots/lines/7074_plots_line-voronoi-00127-s7957de6d_1024x1024.sdr.png
7076	train	7000-lilith-plots	7000-lilith-plots/polygons/7076_plots_line-polygons-00001-s4fc8f443_1024x1024.png	1024	1024	png	163061	163061	b3141922b195889409b1a3b2822bb868bbc157979b9fbfabcaf520f251e48d22	https://codec-corpus.r2.imazen.org/imazen-26-unprocessed/7000-lilith-plots/polygons/7076_plots_line-polygons-00001-s4fc8f443_1024x1024.png	https://codec-corpus.r2.imazen.org/imazen-26-png-v3/7000-lilith-plots/polygons/7076_plots_line-polygons-00001-s4fc8f443_1024x1024.sdr.png
7078	train	7000-lilith-plots	7000-lilith-plots/polygons/7078_plots_line-polygons-00038-s335b5033_1024x1024.png	1024	1024	png	169456	169456	92e8a1d09e4f65a04c3dc8f2067c4343170a4985eac577bf435a21ca7775179a	https://codec-corpus.r2.imazen.org/imazen-26-unprocessed/7000-lilith-plots/polygons/7078_plots_line-polygons-00038-s335b5033_1024x1024.png	https://codec-corpus.r2.imazen.org/imazen-26-png-v3/7000-lilith-plots/polygons/7078_plots_line-polygons-00038-s335b5033_1024x1024.sdr.png
7080	train	7000-lilith-plots	7000-lilith-plots/polygons/7080_plots_line-polygons-00081-s68404bb1_1024x1024.png	1024	1024	png	153126	153126	b30821ceb038fe07632965aa491a2c2b8a9bdfe2df00319534f08505e2c4e835	https://codec-corpus.r2.imazen.org/imazen-26-unprocessed/7000-lilith-plots/polygons/7080_plots_line-polygons-00081-s68404bb1_1024x1024.png	https://codec-corpus.r2.imazen.org/imazen-26-png-v3/7000-lilith-plots/polygons/7080_plots_line-polygons-00081-s68404bb1_1024x1024.sdr.png
7082	train	7000-lilith-plots	7000-lilith-plots/polygons/7082_plots_line-polygons-00119-s142edf29_1024x1024.png	1024	1024	png	198439	198439	887c65aa2393681954536baf29865915f01a6ebdd139a5416a0230ca155c84a3	https://codec-corpus.r2.imazen.org/imazen-26-unprocessed/7000-lilith-plots/polygons/7082_plots_line-polygons-00119-s142edf29_1024x1024.png	https://codec-corpus.r2.imazen.org/imazen-26-png-v3/7000-lilith-plots/polygons/7082_plots_line-polygons-00119-s142edf29_1024x1024.sdr.png
7084	train	7000-lilith-plots	7000-lilith-plots/polygons/7084_plots_line-polygons-00168-s4e34287f_1024x1024.png	1024	1024	png	173648	173648	4dda080a46678580c097558f0a17bed00350acc7d4bf5f1f950901b6e8ecb2e2	https://codec-corpus.r2.imazen.org/imazen-26-unprocessed/7000-lilith-plots/polygons/7084_plots_line-polygons-00168-s4e34287f_1024x1024.png	https://codec-corpus.r2.imazen.org/imazen-26-png-v3/7000-lilith-plots/polygons/7084_plots_line-polygons-00168-s4e34287f_1024x1024.sdr.png
7086	train	7000-lilith-plots	7000-lilith-plots/polygons/7086_plots_line-polygons-00210-s2771b783_1024x1024.png	1024	1024	png	236118	236118	1052c664f850fd068aa660109c1cedc1bd580a5a65a824031d8c7e9d25c1181d	https://codec-corpus.r2.imazen.org/imazen-26-unprocessed/7000-lilith-plots/polygons/7086_plots_line-polygons-00210-s2771b783_1024x1024.png	https://codec-corpus.r2.imazen.org/imazen-26-png-v3/7000-lilith-plots/polygons/7086_plots_line-polygons-00210-s2771b783_1024x1024.sdr.png
7088	train	7000-lilith-plots	7000-lilith-plots/polygons/7088_plots_line-polygons-00232-s0b160660_1024x1024.png	1024	1024	png	138167	138167	ea2dfea033f90b49c3949c6b8614a53cbb026d26a0f4bd24a18ed5608190bc5e	https://codec-corpus.r2.imazen.org/imazen-26-unprocessed/7000-lilith-plots/polygons/7088_plots_line-polygons-00232-s0b160660_1024x1024.png	https://codec-corpus.r2.imazen.org/imazen-26-png-v3/7000-lilith-plots/polygons/7088_plots_line-polygons-00232-s0b160660_1024x1024.sdr.png
7090	train	7000-lilith-plots	7000-lilith-plots/polygons/7090_plots_line-polygons-00291-s625cdbd7_1024x1024.png	1024	1024	png	133622	133622	c0343484e85c31e000accb6cfa8448f68ebba524e3b0414dae96b0c03c7d1e08	https://codec-corpus.r2.imazen.org/imazen-26-unprocessed/7000-lilith-plots/polygons/7090_plots_line-polygons-00291-s625cdbd7_1024x1024.png	https://codec-corpus.r2.imazen.org/imazen-26-png-v3/7000-lilith-plots/polygons/7090_plots_line-polygons-00291-s625cdbd7_1024x1024.sdr.png
7092	train	7000-lilith-plots	7000-lilith-plots/random-charts/7092_plots_chart-00118-s37436075_1024x1024.png	1024	1024	png	136826	136826	95018cf9593d29732f584e67c4bc4add1812462ee5c4899098a4019b17c75fdd	https://codec-corpus.r2.imazen.org/imazen-26-unprocessed/7000-lilith-plots/random-charts/7092_plots_chart-00118-s37436075_1024x1024.png	https://codec-corpus.r2.imazen.org/imazen-26-png-v3/7000-lilith-plots/random-charts/7092_plots_chart-00118-s37436075_1024x1024.sdr.png
7094	train	7000-lilith-plots	7000-lilith-plots/random-charts/7094_plots_chart-00132-s681da868_1024x1024.png	1024	1024	png	19378	19378	acc507c6078ce6647dc291bfbb0e939d4b61c34ef1b48dc1ec64c70393a19130	https://codec-corpus.r2.imazen.org/imazen-26-unprocessed/7000-lilith-plots/random-charts/7094_plots_chart-00132-s681da868_1024x1024.png	https://codec-corpus.r2.imazen.org/imazen-26-png-v3/7000-lilith-plots/random-charts/7094_plots_chart-00132-s681da868_1024x1024.sdr.png
7096	train	7000-lilith-plots	7000-lilith-plots/random-charts/7096_plots_chart-00202-s0ec4ccf0_1024x1024.png	1024	1024	png	19131	19131	66aa16efd06237d2052fe409fbf599242fc25ce5a091cd1a4d96e8ab72ba6b24	https://codec-corpus.r2.imazen.org/imazen-26-unprocessed/7000-lilith-plots/random-charts/7096_plots_chart-00202-s0ec4ccf0_1024x1024.png	https://codec-corpus.r2.imazen.org/imazen-26-png-v3/7000-lilith-plots/random-charts/7096_plots_chart-00202-s0ec4ccf0_1024x1024.sdr.png
7098	train	7000-lilith-plots	7000-lilith-plots/random-charts/7098_plots_chart-00268-s32c66252_1024x1024.png	1024	1024	png	123202	123202	5fb52ec8bc72055438eb92919ea48d04966bd6ea2e8a2e3a4a4afcb911d9b5af	https://codec-corpus.r2.imazen.org/imazen-26-unprocessed/7000-lilith-plots/random-charts/7098_plots_chart-00268-s32c66252_1024x1024.png	https://codec-corpus.r2.imazen.org/imazen-26-png-v3/7000-lilith-plots/random-charts/7098_plots_chart-00268-s32c66252_1024x1024.sdr.png
7100	train	7000-lilith-plots	7000-lilith-plots/random-charts/7100_plots_chart-00329-s49cff644_1024x1024.png	1024	1024	png	50411	50411	a48e0a5b93a8e92c30c5d8f191dbd541d33e130c7c5343ce165ae5957e6c8188	https://codec-corpus.r2.imazen.org/imazen-26-unprocessed/7000-lilith-plots/random-charts/7100_plots_chart-00329-s49cff644_1024x1024.png	https://codec-corpus.r2.imazen.org/imazen-26-png-v3/7000-lilith-plots/random-charts/7100_plots_chart-00329-s49cff644_1024x1024.sdr.png
7102	train	7000-lilith-plots	7000-lilith-plots/random-charts/7102_plots_chart-00417-s2b748aba_1024x1024.png	1024	1024	png	136540	136540	174bd9dbee98346a8f2d439ecccbfc07ec014649e3bcb26ce0315f53928636a7	https://codec-corpus.r2.imazen.org/imazen-26-unprocessed/7000-lilith-plots/random-charts/7102_plots_chart-00417-s2b748aba_1024x1024.png	https://codec-corpus.r2.imazen.org/imazen-26-png-v3/7000-lilith-plots/random-charts/7102_plots_chart-00417-s2b748aba_1024x1024.sdr.png
7104	train	7000-lilith-plots	7000-lilith-plots/random-charts/7104_plots_chart-00462-s33459e94_1024x1024.png	1024	1024	png	145888	145888	8f3f65c938ddb7919ceb61d1805d25f0bb229db68de0d8d5cef368ad77d39195	https://codec-corpus.r2.imazen.org/imazen-26-unprocessed/7000-lilith-plots/random-charts/7104_plots_chart-00462-s33459e94_1024x1024.png	https://codec-corpus.r2.imazen.org/imazen-26-png-v3/7000-lilith-plots/random-charts/7104_plots_chart-00462-s33459e94_1024x1024.sdr.png
7106	train	7000-lilith-plots	7000-lilith-plots/real-charts/7106_plots_chart-bar-01-light_1024x1024.png	1024	1024	png	32568	32568	484a4e0aa283b9ec6b8f8d75eee26d3ca6386fa87b237f953e3038f6e46753cc	https://codec-corpus.r2.imazen.org/imazen-26-unprocessed/7000-lilith-plots/real-charts/7106_plots_chart-bar-01-light_1024x1024.png	https://codec-corpus.r2.imazen.org/imazen-26-png-v3/7000-lilith-plots/real-charts/7106_plots_chart-bar-01-light_1024x1024.sdr.png
7108	train	7000-lilith-plots	7000-lilith-plots/real-charts/7108_plots_chart-bubble-10-slate_1024x1024.png	1024	1024	png	76224	76224	3d2049a929a8a275748bf22d8207ebdbfb92f87cbd1c4698fa9d0078ed833e36	https://codec-corpus.r2.imazen.org/imazen-26-unprocessed/7000-lilith-plots/real-charts/7108_plots_chart-bubble-10-slate_1024x1024.png	https://codec-corpus.r2.imazen.org/imazen-26-png-v3/7000-lilith-plots/real-charts/7108_plots_chart-bubble-10-slate_1024x1024.sdr.png
7110	train	7000-lilith-plots	7000-lilith-plots/real-charts/7110_plots_chart-doughnut-06-contrast_1024x1024.png	1024	1024	png	94179	94179	2b403ba9c6db59324acd58dfc62bbe40b933e339b93974527cf7957eaa4c6646	https://codec-corpus.r2.imazen.org/imazen-26-unprocessed/7000-lilith-plots/real-charts/7110_plots_chart-doughnut-06-contrast_1024x1024.png	https://codec-corpus.r2.imazen.org/imazen-26-png-v3/7000-lilith-plots/real-charts/7110_plots_chart-doughnut-06-contrast_1024x1024.sdr.png
7112	train	7000-lilith-plots	7000-lilith-plots/real-charts/7112_plots_chart-horizontalbar-02-slate_1024x1024.png	1024	1024	png	38802	38802	7520c42e4218558cafb779b460ac1dc1ce67905842d8d6e3c5b52f8f27381403	https://codec-corpus.r2.imazen.org/imazen-26-unprocessed/7000-lilith-plots/real-charts/7112_plots_chart-horizontalbar-02-slate_1024x1024.png	https://codec-corpus.r2.imazen.org/imazen-26-png-v3/7000-lilith-plots/real-charts/7112_plots_chart-horizontalbar-02-slate_1024x1024.sdr.png
7114	train	7000-lilith-plots	7000-lilith-plots/real-charts/7114_plots_chart-ohlc-18-slate_1024x1024.png	1024	1024	png	29071	29071	eebe2184cc60b8a987bdea4ded6282d089eb211abd0c9aa07234d5610e748bbd	https://codec-corpus.r2.imazen.org/imazen-26-unprocessed/7000-lilith-plots/real-charts/7114_plots_chart-ohlc-18-slate_1024x1024.png	https://codec-corpus.r2.imazen.org/imazen-26-png-v3/7000-lilith-plots/real-charts/7114_plots_chart-ohlc-18-slate_1024x1024.sdr.png
7116	train	7000-lilith-plots	7000-lilith-plots/real-charts/7116_plots_chart-pie-02-slate_1024x1024.png	1024	1024	png	72979	72979	9a304fcb4aaf40cfc1cef8c46691142c5f24140a32b2d55355fb8e7646cd07a9	https://codec-corpus.r2.imazen.org/imazen-26-unprocessed/7000-lilith-plots/real-charts/7116_plots_chart-pie-02-slate_1024x1024.png	https://codec-corpus.r2.imazen.org/imazen-26-png-v3/7000-lilith-plots/real-charts/7116_plots_chart-pie-02-slate_1024x1024.sdr.png
7118	train	7000-lilith-plots	7000-lilith-plots/real-charts/7118_plots_chart-pie-07-sunset_1024x1024.png	1024	1024	png	72699	72699	5881a344bb8da4650b9915b109f5df30648cd9ef322561ef5b2a2baf38157add	https://codec-corpus.r2.imazen.org/imazen-26-unprocessed/7000-lilith-plots/real-charts/7118_plots_chart-pie-07-sunset_1024x1024.png	https://codec-corpus.r2.imazen.org/imazen-26-png-v3/7000-lilith-plots/real-charts/7118_plots_chart-pie-07-sunset_1024x1024.sdr.png
7120	train	7000-lilith-plots	7000-lilith-plots/real-charts/7120_plots_chart-polararea-07-sunset_1024x1024.png	1024	1024	png	132670	132670	c346e89456df2b75ebb71d3388af4d956d163acc9f5ecf3c51b551ac90d3cf5f	https://codec-corpus.r2.imazen.org/imazen-26-unprocessed/7000-lilith-plots/real-charts/7120_plots_chart-polararea-07-sunset_1024x1024.png	https://codec-corpus.r2.imazen.org/imazen-26-png-v3/7000-lilith-plots/real-charts/7120_plots_chart-polararea-07-sunset_1024x1024.sdr.png
7122	train	7000-lilith-plots	7000-lilith-plots/real-charts/7122_plots_chart-sankey-19-solarized_1024x1024.png	1024	1024	png	38193	38193	31509ce924bf8de76cb5ab735b2ffdcb0c9fe4a38e55a4ebc62219e9a869288d	https://codec-corpus.r2.imazen.org/imazen-26-unprocessed/7000-lilith-plots/real-charts/7122_plots_chart-sankey-19-solarized_1024x1024.png	https://codec-corpus.r2.imazen.org/imazen-26-png-v3/7000-lilith-plots/real-charts/7122_plots_chart-sankey-19-solarized_1024x1024.sdr.png
7124	train	7000-lilith-plots	7000-lilith-plots/real-charts/7124_plots_chart-stackedbar-05-corporate_1024x1024.png	1024	1024	png	32112	32112	1047f3236d2189228031bb37dd8c4152cf1127f12ed80ea5a26a9f0bca42d214	https://codec-corpus.r2.imazen.org/imazen-26-unprocessed/7000-lilith-plots/real-charts/7124_plots_chart-stackedbar-05-corporate_1024x1024.png	https://codec-corpus.r2.imazen.org/imazen-26-png-v3/7000-lilith-plots/real-charts/7124_plots_chart-stackedbar-05-corporate_1024x1024.sdr.png
8000	train	8000-lilith-mobile-screenshots	8000-lilith-mobile-screenshots/8000_mobile-screenshots_imageflow-server_screenshot-20260526-065435-brave_1968x2184.png	1968	2184	png	422681	422681	f35135fd060066fb6c62f71757f77420c6af349cc2f4582147ef94b8b1bad2e8	https://codec-corpus.r2.imazen.org/imazen-26-unprocessed/8000-lilith-mobile-screenshots/8000_mobile-screenshots_imageflow-server_screenshot-20260526-065435-brave_1968x2184.png	https://codec-corpus.r2.imazen.org/imazen-26-png-v3/8000-lilith-mobile-screenshots/8000_mobile-screenshots_imageflow-server_screenshot-20260526-065435-brave_1968x2184.sdr.png
8002	train	8000-lilith-mobile-screenshots	8000-lilith-mobile-screenshots/8002_mobile-screenshots_imageflow-server_screenshot-20260526-065522-brave_1080x2520.png	1080	2520	png	192533	192533	c72d5d61b940ef2e89c63bb03d8480dad4bcd0394c7c368500a92805a1121c2d	https://codec-corpus.r2.imazen.org/imazen-26-unprocessed/8000-lilith-mobile-screenshots/8002_mobile-screenshots_imageflow-server_screenshot-20260526-065522-brave_1080x2520.png	https://codec-corpus.r2.imazen.org/imazen-26-png-v3/8000-lilith-mobile-screenshots/8002_mobile-screenshots_imageflow-server_screenshot-20260526-065522-brave_1080x2520.sdr.png
8004	train	8000-lilith-mobile-screenshots	8000-lilith-mobile-screenshots/8004_mobile-screenshots_mobile-app-dashboard_screenshot-20260526-065758-github_1080x2520.png	1080	2520	png	139819	139819	6acd1e5dc30368fbb45222c58fd99d1de8bb076fa62eee5a66b08300f0dafd90	https://codec-corpus.r2.imazen.org/imazen-26-unprocessed/8000-lilith-mobile-screenshots/8004_mobile-screenshots_mobile-app-dashboard_screenshot-20260526-065758-github_1080x2520.png	https://codec-corpus.r2.imazen.org/imazen-26-png-v3/8000-lilith-mobile-screenshots/8004_mobile-screenshots_mobile-app-dashboard_screenshot-20260526-065758-github_1080x2520.sdr.png
8006	train	8000-lilith-mobile-screenshots	8000-lilith-mobile-screenshots/8006_mobile-screenshots_zenquant-quantizer-comparison_screenshot-20260526-070305-brave_1968x2184.png	1968	2184	png	3263573	3263573	32fbcfb4a12a145c8c1df5766378706c3a84eed4a814b6f6dc30635de3f0e766	https://codec-corpus.r2.imazen.org/imazen-26-unprocessed/8000-lilith-mobile-screenshots/8006_mobile-screenshots_zenquant-quantizer-comparison_screenshot-20260526-070305-brave_1968x2184.png	https://codec-corpus.r2.imazen.org/imazen-26-png-v3/8000-lilith-mobile-screenshots/8006_mobile-screenshots_zenquant-quantizer-comparison_screenshot-20260526-070305-brave_1968x2184.sdr.png
8008	train	8000-lilith-mobile-screenshots	8000-lilith-mobile-screenshots/8008_mobile-screenshots_yellowstone-national-park_screenshot-20260526-070435-maps_1968x2184.png	1968	2184	png	774981	774981	bf47653699ad636a2e9aca3392c43b41edd10ac46be2c8ad23a23d96982df75a	https://codec-corpus.r2.imazen.org/imazen-26-unprocessed/8000-lilith-mobile-screenshots/8008_mobile-screenshots_yellowstone-national-park_screenshot-20260526-070435-maps_1968x2184.png	https://codec-corpus.r2.imazen.org/imazen-26-png-v3/8000-lilith-mobile-screenshots/8008_mobile-screenshots_yellowstone-national-park_screenshot-20260526-070435-maps_1968x2184.sdr.png
8010	train	8000-lilith-mobile-screenshots	8000-lilith-mobile-screenshots/8010_mobile-screenshots_yellowstone-national-park_screenshot-20260526-070520-maps_1080x2520.png	1080	2520	png	2457577	2457577	c1089789fbf9083483927f0909950efbb9c4aa77668a5662ade8f3ff1937d5bb	https://codec-corpus.r2.imazen.org/imazen-26-unprocessed/8000-lilith-mobile-screenshots/8010_mobile-screenshots_yellowstone-national-park_screenshot-20260526-070520-maps_1080x2520.png	https://codec-corpus.r2.imazen.org/imazen-26-png-v3/8000-lilith-mobile-screenshots/8010_mobile-screenshots_yellowstone-national-park_screenshot-20260526-070520-maps_1080x2520.sdr.png
8012	train	8000-lilith-mobile-screenshots	8000-lilith-mobile-screenshots/8012_mobile-screenshots_on-screen-keyboard_screenshot-20260526-070935-calculator_1080x2520.png	1080	2520	png	118945	118945	42491d31aaf7033bbf7e2ea1ebaf05b50dee303db1b80303c543a01df03671e4	https://codec-corpus.r2.imazen.org/imazen-26-unprocessed/8000-lilith-mobile-screenshots/8012_mobile-screenshots_on-screen-keyboard_screenshot-20260526-070935-calculator_1080x2520.png	https://codec-corpus.r2.imazen.org/imazen-26-png-v3/8000-lilith-mobile-screenshots/8012_mobile-screenshots_on-screen-keyboard_screenshot-20260526-070935-calculator_1080x2520.sdr.png
8014	train	8000-lilith-mobile-screenshots	8000-lilith-mobile-screenshots/8014_mobile-screenshots_summer-vacation-must_screenshot-20260526-071037-brave_1080x2520.png	1080	2520	png	930452	930452	18333a390a6a87cb3c8a3ccb90c4d06522edd3271994a575f2bc092ffef5ae82	https://codec-corpus.r2.imazen.org/imazen-26-unprocessed/8000-lilith-mobile-screenshots/8014_mobile-screenshots_summer-vacation-must_screenshot-20260526-071037-brave_1080x2520.png	https://codec-corpus.r2.imazen.org/imazen-26-png-v3/8000-lilith-mobile-screenshots/8014_mobile-screenshots_summer-vacation-must_screenshot-20260526-071037-brave_1080x2520.sdr.png
8016	train	8000-lilith-mobile-screenshots	8000-lilith-mobile-screenshots/8016_mobile-screenshots_black-and-white_screenshot-20260526-071251-brave_1968x2184.png	1968	2184	png	1047440	1047440	f8851d9a36388d6179f48a7b49aec71ce55b1ce951f212aca317023211f452de	https://codec-corpus.r2.imazen.org/imazen-26-unprocessed/8000-lilith-mobile-screenshots/8016_mobile-screenshots_black-and-white_screenshot-20260526-071251-brave_1968x2184.png	https://codec-corpus.r2.imazen.org/imazen-26-png-v3/8000-lilith-mobile-screenshots/8016_mobile-screenshots_black-and-white_screenshot-20260526-071251-brave_1968x2184.sdr.png
8018	train	8000-lilith-mobile-screenshots	8000-lilith-mobile-screenshots/8018_mobile-screenshots_zenpng-readme-page_screenshot-20260526-071349-brave_1968x2184.png	1968	2184	png	338867	338867	fd276eb4d78d090a4ef1cb1275af3c117b20884bd636919e8e2394514ffd67c0	https://codec-corpus.r2.imazen.org/imazen-26-unprocessed/8000-lilith-mobile-screenshots/8018_mobile-screenshots_zenpng-readme-page_screenshot-20260526-071349-brave_1968x2184.png	https://codec-corpus.r2.imazen.org/imazen-26-png-v3/8000-lilith-mobile-screenshots/8018_mobile-screenshots_zenpng-readme-page_screenshot-20260526-071349-brave_1968x2184.sdr.png
8020	train	8000-lilith-mobile-screenshots	8000-lilith-mobile-screenshots/8020_mobile-screenshots_dashboard-analytics_screenshot-20260526-071748-brave_1968x2184.png	1968	2184	png	620474	620474	2196fe7ef40d97d44a3edd1ea6f5947417c47f5eda141044100123ce2324d2f4	https://codec-corpus.r2.imazen.org/imazen-26-unprocessed/8000-lilith-mobile-screenshots/8020_mobile-screenshots_dashboard-analytics_screenshot-20260526-071748-brave_1968x2184.png	https://codec-corpus.r2.imazen.org/imazen-26-png-v3/8000-lilith-mobile-screenshots/8020_mobile-screenshots_dashboard-analytics_screenshot-20260526-071748-brave_1968x2184.sdr.png
8022	train	8000-lilith-mobile-screenshots	8000-lilith-mobile-screenshots/8022_mobile-screenshots_kansas-judge-writes_screenshot-20260526-072125-substack_1080x2520.png	1080	2520	png	344170	344170	68ff8a7efbd9c45bc8ea72e93ac71a35f42f75220c1678a470e31d0de3e4a7b8	https://codec-corpus.r2.imazen.org/imazen-26-unprocessed/8000-lilith-mobile-screenshots/8022_mobile-screenshots_kansas-judge-writes_screenshot-20260526-072125-substack_1080x2520.png	https://codec-corpus.r2.imazen.org/imazen-26-png-v3/8000-lilith-mobile-screenshots/8022_mobile-screenshots_kansas-judge-writes_screenshot-20260526-072125-substack_1080x2520.sdr.png
8024	train	8000-lilith-mobile-screenshots	8000-lilith-mobile-screenshots/8024_mobile-screenshots_rhode-island-hospital_screenshot-20260526-072206-substack_1080x2520.png	1080	2520	png	1383656	1383656	6ce0a7eb3f8214e9d2d3c502e95fac6e20048b8b6f671b78b6237bbd53530fd1	https://codec-corpus.r2.imazen.org/imazen-26-unprocessed/8000-lilith-mobile-screenshots/8024_mobile-screenshots_rhode-island-hospital_screenshot-20260526-072206-substack_1080x2520.png	https://codec-corpus.r2.imazen.org/imazen-26-png-v3/8000-lilith-mobile-screenshots/8024_mobile-screenshots_rhode-island-hospital_screenshot-20260526-072206-substack_1080x2520.sdr.png
8026	train	8000-lilith-mobile-screenshots	8000-lilith-mobile-screenshots/8026_mobile-screenshots_news-channel-anchor_screenshot-20260526-072252-substack_1080x2520.png	1080	2520	png	1362341	1362341	460457c515b0468ea2fd2b5e111f5ae99e09e3f9567fcf2add3ae24b24338feb	https://codec-corpus.r2.imazen.org/imazen-26-unprocessed/8000-lilith-mobile-screenshots/8026_mobile-screenshots_news-channel-anchor_screenshot-20260526-072252-substack_1080x2520.png	https://codec-corpus.r2.imazen.org/imazen-26-png-v3/8000-lilith-mobile-screenshots/8026_mobile-screenshots_news-channel-anchor_screenshot-20260526-072252-substack_1080x2520.sdr.png
8028	train	8000-lilith-mobile-screenshots	8000-lilith-mobile-screenshots/8028_mobile-screenshots_flats-loafers-product_screenshot-20260526-072956-brave_1080x2152.png	1080	2152	png	383901	383901	ca58c1cec17e4786f911ae1387d214ed34abe6415dcf71bd6abe5bf4edc0abda	https://codec-corpus.r2.imazen.org/imazen-26-unprocessed/8000-lilith-mobile-screenshots/8028_mobile-screenshots_flats-loafers-product_screenshot-20260526-072956-brave_1080x2152.png	https://codec-corpus.r2.imazen.org/imazen-26-png-v3/8000-lilith-mobile-screenshots/8028_mobile-screenshots_flats-loafers-product_screenshot-20260526-072956-brave_1080x2152.sdr.png
8030	train	8000-lilith-mobile-screenshots	8000-lilith-mobile-screenshots/8030_mobile-screenshots_seaside-viewpoint-pic_screenshot-20260526-073431-photos_1968x2184.png	1968	2184	png	5652496	5652496	793f7bf6204569d23f324c36cc522fffc6ec753ebbdb1ef0b223000f2caceb0f	https://codec-corpus.r2.imazen.org/imazen-26-unprocessed/8000-lilith-mobile-screenshots/8030_mobile-screenshots_seaside-viewpoint-pic_screenshot-20260526-073431-photos_1968x2184.png	https://codec-corpus.r2.imazen.org/imazen-26-png-v3/8000-lilith-mobile-screenshots/8030_mobile-screenshots_seaside-viewpoint-pic_screenshot-20260526-073431-photos_1968x2184.sdr.png
8100	train	8100-lilith-web-screenshots	8100-lilith-web-screenshots/1440x900/8100_web-screenshots_archive-wayback-search_dpr1_page1_1440x900.png	1440	900	png	180294	180294	0381927ef0ea94f3b80ff6be121865da1c4c0f13b3faca859b8ba27825f4f824	https://codec-corpus.r2.imazen.org/imazen-26-unprocessed/8100-lilith-web-screenshots/1440x900/8100_web-screenshots_archive-wayback-search_dpr1_page1_1440x900.png	https://codec-corpus.r2.imazen.org/imazen-26-png-v3/8100-lilith-web-screenshots/1440x900/8100_web-screenshots_archive-wayback-search_dpr1_page1_1440x900.sdr.png
8102	train	8100-lilith-web-screenshots	8100-lilith-web-screenshots/1440x900/8102_web-screenshots_archives-exhibits_dpr1_page2_1440x900.png	1440	900	png	375012	375012	15ff37deb1dbb09bae9184ba151e1a67cc93a18211747b300d224653d0a06744	https://codec-corpus.r2.imazen.org/imazen-26-unprocessed/8100-lilith-web-screenshots/1440x900/8102_web-screenshots_archives-exhibits_dpr1_page2_1440x900.png	https://codec-corpus.r2.imazen.org/imazen-26-png-v3/8100-lilith-web-screenshots/1440x900/8102_web-screenshots_archives-exhibits_dpr1_page2_1440x900.sdr.png
8104	train	8100-lilith-web-screenshots	8100-lilith-web-screenshots/1440x900/8104_web-screenshots_climate-gov-home_dpr1_page1_1440x900.png	1440	900	png	764339	764339	624e83f29d0861b94733ceb409fad9899f2f639c72cccf6745fa04fb84a7cb31	https://codec-corpus.r2.imazen.org/imazen-26-unprocessed/8100-lilith-web-screenshots/1440x900/8104_web-screenshots_climate-gov-home_dpr1_page1_1440x900.png	https://codec-corpus.r2.imazen.org/imazen-26-png-v3/8100-lilith-web-screenshots/1440x900/8104_web-screenshots_climate-gov-home_dpr1_page1_1440x900.sdr.png
8106	train	8100-lilith-web-screenshots	8100-lilith-web-screenshots/1440x900/8106_web-screenshots_climate-news_dpr1_page1_1440x900.png	1440	900	png	335619	335619	97cb57c03b01bd634c4129fb42cd8f4be1afe6de3d5b50b076cc23a163734694	https://codec-corpus.r2.imazen.org/imazen-26-unprocessed/8100-lilith-web-screenshots/1440x900/8106_web-screenshots_climate-news_dpr1_page1_1440x900.png	https://codec-corpus.r2.imazen.org/imazen-26-png-v3/8100-lilith-web-screenshots/1440x900/8106_web-screenshots_climate-news_dpr1_page1_1440x900.sdr.png
8108	train	8100-lilith-web-screenshots	8100-lilith-web-screenshots/1440x900/8108_web-screenshots_datagov-catalog_dpr1_page1_1440x900.png	1440	900	png	139193	139193	affbbdb141a185cc5ff476c9177f25530c93c567ff04e7c8252dfabec0d02c72	https://codec-corpus.r2.imazen.org/imazen-26-unprocessed/8100-lilith-web-screenshots/1440x900/8108_web-screenshots_datagov-catalog_dpr1_page1_1440x900.png	https://codec-corpus.r2.imazen.org/imazen-26-png-v3/8100-lilith-web-screenshots/1440x900/8108_web-screenshots_datagov-catalog_dpr1_page1_1440x900.sdr.png
8110	train	8100-lilith-web-screenshots	8100-lilith-web-screenshots/1440x900/8110_web-screenshots_federalreserve-data_dpr1_page1_1440x900.png	1440	900	png	285171	285171	c41c3530288e87f6d63ec48ef10a57ab51be8c61750c875bf62f54b990674a37	https://codec-corpus.r2.imazen.org/imazen-26-unprocessed/8100-lilith-web-screenshots/1440x900/8110_web-screenshots_federalreserve-data_dpr1_page1_1440x900.png	https://codec-corpus.r2.imazen.org/imazen-26-png-v3/8100-lilith-web-screenshots/1440x900/8110_web-screenshots_federalreserve-data_dpr1_page1_1440x900.sdr.png
8112	train	8100-lilith-web-screenshots	8100-lilith-web-screenshots/1440x900/8112_web-screenshots_gutenberg-top_dpr1_page2_1440x900.png	1440	900	png	259291	259291	28e1922e531c981ebc3ca443338130860fb72a851a1c63483b4b5349ee984ccb	https://codec-corpus.r2.imazen.org/imazen-26-unprocessed/8100-lilith-web-screenshots/1440x900/8112_web-screenshots_gutenberg-top_dpr1_page2_1440x900.png	https://codec-corpus.r2.imazen.org/imazen-26-png-v3/8100-lilith-web-screenshots/1440x900/8112_web-screenshots_gutenberg-top_dpr1_page2_1440x900.sdr.png
8114	train	8100-lilith-web-screenshots	8100-lilith-web-screenshots/1440x900/8114_web-screenshots_lkml-lists-index_dpr1_page2_1440x900.png	1440	900	png	239557	239557	62138e6d6345b7c3740f21cab3c0e5fa26296eb5f49ed37bf164526ea0e17c39	https://codec-corpus.r2.imazen.org/imazen-26-unprocessed/8100-lilith-web-screenshots/1440x900/8114_web-screenshots_lkml-lists-index_dpr1_page2_1440x900.png	https://codec-corpus.r2.imazen.org/imazen-26-png-v3/8100-lilith-web-screenshots/1440x900/8114_web-screenshots_lkml-lists-index_dpr1_page2_1440x900.sdr.png
8116	train	8100-lilith-web-screenshots	8100-lilith-web-screenshots/1440x900/8116_web-screenshots_loc-free-to-use_dpr1_page1_1440x900.png	1440	900	png	680104	680104	39e055f44543e1f70b697c30e24e27cba4b77c863d241d94c1865ae6a02ad9c4	https://codec-corpus.r2.imazen.org/imazen-26-unprocessed/8100-lilith-web-screenshots/1440x900/8116_web-screenshots_loc-free-to-use_dpr1_page1_1440x900.png	https://codec-corpus.r2.imazen.org/imazen-26-png-v3/8100-lilith-web-screenshots/1440x900/8116_web-screenshots_loc-free-to-use_dpr1_page1_1440x900.sdr.png
8118	train	8100-lilith-web-screenshots	8100-lilith-web-screenshots/1440x900/8118_web-screenshots_loc-pictures_dpr1_page1_1440x900.png	1440	900	png	320314	320314	53b391d5341f80e468303c878074fc5783f71d02300c7d17b57a4e3738470bf5	https://codec-corpus.r2.imazen.org/imazen-26-unprocessed/8100-lilith-web-screenshots/1440x900/8118_web-screenshots_loc-pictures_dpr1_page1_1440x900.png	https://codec-corpus.r2.imazen.org/imazen-26-png-v3/8100-lilith-web-screenshots/1440x900/8118_web-screenshots_loc-pictures_dpr1_page1_1440x900.sdr.png
8120	train	8100-lilith-web-screenshots	8100-lilith-web-screenshots/1440x900/8120_web-screenshots_nasa-artemis_dpr1_page1_1440x900.png	1440	900	png	510581	510581	9f399df96ba54f7653c2fab965fae6fab8d53121e245e42019bd75fad8dca155	https://codec-corpus.r2.imazen.org/imazen-26-unprocessed/8100-lilith-web-screenshots/1440x900/8120_web-screenshots_nasa-artemis_dpr1_page1_1440x900.png	https://codec-corpus.r2.imazen.org/imazen-26-png-v3/8100-lilith-web-screenshots/1440x900/8120_web-screenshots_nasa-artemis_dpr1_page1_1440x900.sdr.png
8122	train	8100-lilith-web-screenshots	8100-lilith-web-screenshots/1440x900/8122_web-screenshots_nasa-home_dpr1_page1_1440x900.png	1440	900	png	693198	693198	a2ba77e0bee83ca0a2f51ea106f8bbd8cc6d24e9d5ca87f9c33fe664a0d6731d	https://codec-corpus.r2.imazen.org/imazen-26-unprocessed/8100-lilith-web-screenshots/1440x900/8122_web-screenshots_nasa-home_dpr1_page1_1440x900.png	https://codec-corpus.r2.imazen.org/imazen-26-png-v3/8100-lilith-web-screenshots/1440x900/8122_web-screenshots_nasa-home_dpr1_page1_1440x900.sdr.png
8124	train	8100-lilith-web-screenshots	8100-lilith-web-screenshots/1440x900/8124_web-screenshots_nasa-image-of-day_dpr1_page1_1440x900.png	1440	900	png	1330342	1330342	ea132f15e399acd4f08cc0af63c07b411609eec0f984c55fa3c133d335eb7e63	https://codec-corpus.r2.imazen.org/imazen-26-unprocessed/8100-lilith-web-screenshots/1440x900/8124_web-screenshots_nasa-image-of-day_dpr1_page1_1440x900.png	https://codec-corpus.r2.imazen.org/imazen-26-png-v3/8100-lilith-web-screenshots/1440x900/8124_web-screenshots_nasa-image-of-day_dpr1_page1_1440x900.sdr.png
8126	train	8100-lilith-web-screenshots	8100-lilith-web-screenshots/1440x900/8126_web-screenshots_nasa-missions_dpr1_page1_1440x900.png	1440	900	png	536590	536590	478b6ef2d13e645f5beb486a08dd68b8ebc1326bb0f9d43e054540f784a979c3	https://codec-corpus.r2.imazen.org/imazen-26-unprocessed/8100-lilith-web-screenshots/1440x900/8126_web-screenshots_nasa-missions_dpr1_page1_1440x900.png	https://codec-corpus.r2.imazen.org/imazen-26-png-v3/8100-lilith-web-screenshots/1440x900/8126_web-screenshots_nasa-missions_dpr1_page1_1440x900.sdr.png
8128	train	8100-lilith-web-screenshots	8100-lilith-web-screenshots/1440x900/8128_web-screenshots_nasa-news_dpr1_page1_1440x900.png	1440	900	png	1158074	1158074	256f6e025275682008810c3a05b94433192874e9ad760d7be13a13c29bf7e8c2	https://codec-corpus.r2.imazen.org/imazen-26-unprocessed/8100-lilith-web-screenshots/1440x900/8128_web-screenshots_nasa-news_dpr1_page1_1440x900.png	https://codec-corpus.r2.imazen.org/imazen-26-png-v3/8100-lilith-web-screenshots/1440x900/8128_web-screenshots_nasa-news_dpr1_page1_1440x900.sdr.png
8130	train	8100-lilith-web-screenshots	8100-lilith-web-screenshots/1440x900/8130_web-screenshots_nih-recipes-keep-the-beat_dpr1_page1_1440x900.png	1440	900	png	107656	107656	15ef47f18961b0e7c7edaec556cbab08907a56b47e4dbd482d9821e135416794	https://codec-corpus.r2.imazen.org/imazen-26-unprocessed/8100-lilith-web-screenshots/1440x900/8130_web-screenshots_nih-recipes-keep-the-beat_dpr1_page1_1440x900.png	https://codec-corpus.r2.imazen.org/imazen-26-png-v3/8100-lilith-web-screenshots/1440x900/8130_web-screenshots_nih-recipes-keep-the-beat_dpr1_page1_1440x900.sdr.png
8132	train	8100-lilith-web-screenshots	8100-lilith-web-screenshots/1440x900/8132_web-screenshots_nih-home_dpr1_page2_1440x900.png	1440	900	png	907934	907934	996a5ed01c168ec01826fd233bc822db46d50797437b78643bab376996f02de0	https://codec-corpus.r2.imazen.org/imazen-26-unprocessed/8100-lilith-web-screenshots/1440x900/8132_web-screenshots_nih-home_dpr1_page2_1440x900.png	https://codec-corpus.r2.imazen.org/imazen-26-png-v3/8100-lilith-web-screenshots/1440x900/8132_web-screenshots_nih-home_dpr1_page2_1440x900.sdr.png
8134	train	8100-lilith-web-screenshots	8100-lilith-web-screenshots/1440x900/8134_web-screenshots_nps-grand-canyon_dpr1_page1_1440x900.png	1440	900	png	1228188	1228188	bf118a96a3582c6beb6d8691d892cfa5b5a8e788875e0fbd17dd98246dfdae7e	https://codec-corpus.r2.imazen.org/imazen-26-unprocessed/8100-lilith-web-screenshots/1440x900/8134_web-screenshots_nps-grand-canyon_dpr1_page1_1440x900.png	https://codec-corpus.r2.imazen.org/imazen-26-png-v3/8100-lilith-web-screenshots/1440x900/8134_web-screenshots_nps-grand-canyon_dpr1_page1_1440x900.sdr.png
8136	train	8100-lilith-web-screenshots	8100-lilith-web-screenshots/1440x900/8136_web-screenshots_nps-grca_dpr1_page1_1440x900.png	1440	900	png	1228188	1228188	bf118a96a3582c6beb6d8691d892cfa5b5a8e788875e0fbd17dd98246dfdae7e	https://codec-corpus.r2.imazen.org/imazen-26-unprocessed/8100-lilith-web-screenshots/1440x900/8136_web-screenshots_nps-grca_dpr1_page1_1440x900.png	https://codec-corpus.r2.imazen.org/imazen-26-png-v3/8100-lilith-web-screenshots/1440x900/8136_web-screenshots_nps-grca_dpr1_page1_1440x900.sdr.png
8138	train	8100-lilith-web-screenshots	8100-lilith-web-screenshots/1440x900/8138_web-screenshots_nps-yellowstone_dpr1_page1_1440x900.png	1440	900	png	844755	844755	e2787403e7644fd16477b94eb7db3bf037f9dcb8aef6104b6c165d5d9d15c964	https://codec-corpus.r2.imazen.org/imazen-26-unprocessed/8100-lilith-web-screenshots/1440x900/8138_web-screenshots_nps-yellowstone_dpr1_page1_1440x900.png	https://codec-corpus.r2.imazen.org/imazen-26-png-v3/8100-lilith-web-screenshots/1440x900/8138_web-screenshots_nps-yellowstone_dpr1_page1_1440x900.sdr.png
8140	train	8100-lilith-web-screenshots	8100-lilith-web-screenshots/1440x900/8140_web-screenshots_nps-yosemite_dpr1_page1_1440x900.png	1440	900	png	909527	909527	9ab389a8eeeb45ab80197aadbfc22f73a4d016c08d9e61a8f6f84c9f094807a0	https://codec-corpus.r2.imazen.org/imazen-26-unprocessed/8100-lilith-web-screenshots/1440x900/8140_web-screenshots_nps-yosemite_dpr1_page1_1440x900.png	https://codec-corpus.r2.imazen.org/imazen-26-png-v3/8100-lilith-web-screenshots/1440x900/8140_web-screenshots_nps-yosemite_dpr1_page1_1440x900.sdr.png
8142	train	8100-lilith-web-screenshots	8100-lilith-web-screenshots/1440x900/8142_web-screenshots_nps-zion_dpr1_page1_1440x900.png	1440	900	png	1259892	1259892	439a5e3fd15726e615271b8839bc31a5298f68bb91215870c06efba34475f143	https://codec-corpus.r2.imazen.org/imazen-26-unprocessed/8100-lilith-web-screenshots/1440x900/8142_web-screenshots_nps-zion_dpr1_page1_1440x900.png	https://codec-corpus.r2.imazen.org/imazen-26-png-v3/8100-lilith-web-screenshots/1440x900/8142_web-screenshots_nps-zion_dpr1_page1_1440x900.sdr.png
8144	train	8100-lilith-web-screenshots	8100-lilith-web-screenshots/1440x900/8144_web-screenshots_si-edu-exhibitions_dpr1_page1_1440x900.png	1440	900	png	57392	57392	ecaf662c20cd0c21ea950329c185ab51b2c84367409a4c0a1d0614bf56401982	https://codec-corpus.r2.imazen.org/imazen-26-unprocessed/8100-lilith-web-screenshots/1440x900/8144_web-screenshots_si-edu-exhibitions_dpr1_page1_1440x900.png	https://codec-corpus.r2.imazen.org/imazen-26-png-v3/8100-lilith-web-screenshots/1440x900/8144_web-screenshots_si-edu-exhibitions_dpr1_page1_1440x900.sdr.png
8146	train	8100-lilith-web-screenshots	8100-lilith-web-screenshots/1440x900/8146_web-screenshots_terminal-python-repl_dpr1_page1_1440x900.png	1440	900	png	77699	77699	4ecd0e6573f41f8befafdcc2ce1a78b40fa0cd9aa8d44dad8344d2219dd5cfbf	https://codec-corpus.r2.imazen.org/imazen-26-unprocessed/8100-lilith-web-screenshots/1440x900/8146_web-screenshots_terminal-python-repl_dpr1_page1_1440x900.png	https://codec-corpus.r2.imazen.org/imazen-26-png-v3/8100-lilith-web-screenshots/1440x900/8146_web-screenshots_terminal-python-repl_dpr1_page1_1440x900.sdr.png
8148	train	8100-lilith-web-screenshots	8100-lilith-web-screenshots/1440x900/8148_web-screenshots_usgs-main-home_dpr1_page1_1440x900.png	1440	900	png	975165	975165	da5b21103dbe9cbd9e90d821f1dac7699a3fb3469d9faaf62c7fceec77abfc5f	https://codec-corpus.r2.imazen.org/imazen-26-unprocessed/8100-lilith-web-screenshots/1440x900/8148_web-screenshots_usgs-main-home_dpr1_page1_1440x900.png	https://codec-corpus.r2.imazen.org/imazen-26-png-v3/8100-lilith-web-screenshots/1440x900/8148_web-screenshots_usgs-main-home_dpr1_page1_1440x900.sdr.png
8150	train	8100-lilith-web-screenshots	8100-lilith-web-screenshots/1440x900/8150_web-screenshots_usgs-news_dpr1_page1_1440x900.png	1440	900	png	967531	967531	c88b1d0425fc526cdf4368bfd227c4bd2eac6341f0f49238cfaa1e8ede626c53	https://codec-corpus.r2.imazen.org/imazen-26-unprocessed/8100-lilith-web-screenshots/1440x900/8150_web-screenshots_usgs-news_dpr1_page1_1440x900.png	https://codec-corpus.r2.imazen.org/imazen-26-png-v3/8100-lilith-web-screenshots/1440x900/8150_web-screenshots_usgs-news_dpr1_page1_1440x900.sdr.png
8152	train	8100-lilith-web-screenshots	8100-lilith-web-screenshots/1440x900/8152_web-screenshots_usgs-topoview_dpr1_page1_1440x900.png	1440	900	png	620876	620876	ca3469556cd7004facdaf8c65c4085401c4184b843250d2a67fe3096a35dc1a1	https://codec-corpus.r2.imazen.org/imazen-26-unprocessed/8100-lilith-web-screenshots/1440x900/8152_web-screenshots_usgs-topoview_dpr1_page1_1440x900.png	https://codec-corpus.r2.imazen.org/imazen-26-png-v3/8100-lilith-web-screenshots/1440x900/8152_web-screenshots_usgs-topoview_dpr1_page1_1440x900.sdr.png
8154	train	8100-lilith-web-screenshots	8100-lilith-web-screenshots/1440x900/8154_web-screenshots_weather-forecast-nyc_dpr1_page2_1440x900.png	1440	900	png	369642	369642	57453c34217fffc3cadf92a3c6391a873ece4bef436211d83af020495adf8575	https://codec-corpus.r2.imazen.org/imazen-26-unprocessed/8100-lilith-web-screenshots/1440x900/8154_web-screenshots_weather-forecast-nyc_dpr1_page2_1440x900.png	https://codec-corpus.r2.imazen.org/imazen-26-png-v3/8100-lilith-web-screenshots/1440x900/8154_web-screenshots_weather-forecast-nyc_dpr1_page2_1440x900.sdr.png
8156	train	8100-lilith-web-screenshots	8100-lilith-web-screenshots/1440x900/8156_web-screenshots_weatherportal-home_dpr1_page1_1440x900.png	1440	900	png	490883	490883	b0ee8cf5837c537bdeacd2e0c53c8a76aacc02f54c951ac268ca6c7d73d7b3f3	https://codec-corpus.r2.imazen.org/imazen-26-unprocessed/8100-lilith-web-screenshots/1440x900/8156_web-screenshots_weatherportal-home_dpr1_page1_1440x900.png	https://codec-corpus.r2.imazen.org/imazen-26-png-v3/8100-lilith-web-screenshots/1440x900/8156_web-screenshots_weatherportal-home_dpr1_page1_1440x900.sdr.png
8158	train	8100-lilith-web-screenshots	8100-lilith-web-screenshots/1440x900/8158_web-screenshots_whitehouse-briefing_dpr1_page2_1440x900.png	1440	900	png	109421	109421	7968e28667ec409e1cca26f9a3d551195b4bda6aada92c93bc674b0e57dfc0cd	https://codec-corpus.r2.imazen.org/imazen-26-unprocessed/8100-lilith-web-screenshots/1440x900/8158_web-screenshots_whitehouse-briefing_dpr1_page2_1440x900.png	https://codec-corpus.r2.imazen.org/imazen-26-png-v3/8100-lilith-web-screenshots/1440x900/8158_web-screenshots_whitehouse-briefing_dpr1_page2_1440x900.sdr.png
8160	train	8100-lilith-web-screenshots	8100-lilith-web-screenshots/1920x1080/8160_web-screenshots_archives-exhibits_dpr1_page1_1920x1080.png	1920	1080	png	672063	672063	fd46f504251c81de380a8f2193cf811671087d9db9b50bd4757ade9fe088e2aa	https://codec-corpus.r2.imazen.org/imazen-26-unprocessed/8100-lilith-web-screenshots/1920x1080/8160_web-screenshots_archives-exhibits_dpr1_page1_1920x1080.png	https://codec-corpus.r2.imazen.org/imazen-26-png-v3/8100-lilith-web-screenshots/1920x1080/8160_web-screenshots_archives-exhibits_dpr1_page1_1920x1080.sdr.png
8162	train	8100-lilith-web-screenshots	8100-lilith-web-screenshots/1920x1080/8162_web-screenshots_bls-employment-situation_dpr1_page1_1920x1080.png	1920	1080	png	38059	38059	d0a90837c75cf00a79383d7cede220a889526c0b8820dc2ad1eaf8699d209b5f	https://codec-corpus.r2.imazen.org/imazen-26-unprocessed/8100-lilith-web-screenshots/1920x1080/8162_web-screenshots_bls-employment-situation_dpr1_page1_1920x1080.png	https://codec-corpus.r2.imazen.org/imazen-26-png-v3/8100-lilith-web-screenshots/1920x1080/8162_web-screenshots_bls-employment-situation_dpr1_page1_1920x1080.sdr.png
8164	train	8100-lilith-web-screenshots	8100-lilith-web-screenshots/1920x1080/8164_web-screenshots_climate-gov-home_dpr1_page2_1920x1080.png	1920	1080	png	671867	671867	97d6b95c904776cfe661d3387f4b08d5659be9f2c27a6be0dd2081a19f8f4dc4	https://codec-corpus.r2.imazen.org/imazen-26-unprocessed/8100-lilith-web-screenshots/1920x1080/8164_web-screenshots_climate-gov-home_dpr1_page2_1920x1080.png	https://codec-corpus.r2.imazen.org/imazen-26-png-v3/8100-lilith-web-screenshots/1920x1080/8164_web-screenshots_climate-gov-home_dpr1_page2_1920x1080.sdr.png
8166	train	8100-lilith-web-screenshots	8100-lilith-web-screenshots/1920x1080/8166_web-screenshots_datagov-catalog_dpr1_page2_1920x1080.png	1920	1080	png	217160	217160	9022d8f2e78cb1b8971e7ca540a12644468115a04a35f81aeff9c0de5150d73f	https://codec-corpus.r2.imazen.org/imazen-26-unprocessed/8100-lilith-web-screenshots/1920x1080/8166_web-screenshots_datagov-catalog_dpr1_page2_1920x1080.png	https://codec-corpus.r2.imazen.org/imazen-26-png-v3/8100-lilith-web-screenshots/1920x1080/8166_web-screenshots_datagov-catalog_dpr1_page2_1920x1080.sdr.png
8168	train	8100-lilith-web-screenshots	8100-lilith-web-screenshots/1920x1080/8168_web-screenshots_federalreserve-data_dpr1_page2_1920x1080.png	1920	1080	png	250918	250918	456911eb26cdb08b60f8529f84f0d5d01420261090f2cf487cc44bb6417ad86f	https://codec-corpus.r2.imazen.org/imazen-26-unprocessed/8100-lilith-web-screenshots/1920x1080/8168_web-screenshots_federalreserve-data_dpr1_page2_1920x1080.png	https://codec-corpus.r2.imazen.org/imazen-26-png-v3/8100-lilith-web-screenshots/1920x1080/8168_web-screenshots_federalreserve-data_dpr1_page2_1920x1080.sdr.png
8170	train	8100-lilith-web-screenshots	8100-lilith-web-screenshots/1920x1080/8170_web-screenshots_gutenberg-top_dpr1_page2_1920x1080.png	1920	1080	png	316586	316586	7d742663c0986967f9434717fe7e73cffb93c1d798100fe778e39f6d52c3b153	https://codec-corpus.r2.imazen.org/imazen-26-unprocessed/8100-lilith-web-screenshots/1920x1080/8170_web-screenshots_gutenberg-top_dpr1_page2_1920x1080.png	https://codec-corpus.r2.imazen.org/imazen-26-png-v3/8100-lilith-web-screenshots/1920x1080/8170_web-screenshots_gutenberg-top_dpr1_page2_1920x1080.sdr.png
8172	train	8100-lilith-web-screenshots	8100-lilith-web-screenshots/1920x1080/8172_web-screenshots_lkml-lists-index_dpr1_page2_1920x1080.png	1920	1080	png	289236	289236	4af14f6bed09cd6431d1b8cbbe3acb906b5319627cbad62280008ca5a1b20a84	https://codec-corpus.r2.imazen.org/imazen-26-unprocessed/8100-lilith-web-screenshots/1920x1080/8172_web-screenshots_lkml-lists-index_dpr1_page2_1920x1080.png	https://codec-corpus.r2.imazen.org/imazen-26-png-v3/8100-lilith-web-screenshots/1920x1080/8172_web-screenshots_lkml-lists-index_dpr1_page2_1920x1080.sdr.png
8174	train	8100-lilith-web-screenshots	8100-lilith-web-screenshots/1920x1080/8174_web-screenshots_loc-free-to-use_dpr1_page1_1920x1080.png	1920	1080	png	1166153	1166153	b32169627a2f297fdd0d2fa49f00bf153c08beabb0b48ad79502836326848b9a	https://codec-corpus.r2.imazen.org/imazen-26-unprocessed/8100-lilith-web-screenshots/1920x1080/8174_web-screenshots_loc-free-to-use_dpr1_page1_1920x1080.png	https://codec-corpus.r2.imazen.org/imazen-26-png-v3/8100-lilith-web-screenshots/1920x1080/8174_web-screenshots_loc-free-to-use_dpr1_page1_1920x1080.sdr.png
8176	train	8100-lilith-web-screenshots	8100-lilith-web-screenshots/1920x1080/8176_web-screenshots_loc-pictures_dpr1_page1_1920x1080.png	1920	1080	png	375969	375969	17f3dcad88d718a2f4f28c35a9b65799e5e57297195ec2746b9215d2e7216ad3	https://codec-corpus.r2.imazen.org/imazen-26-unprocessed/8100-lilith-web-screenshots/1920x1080/8176_web-screenshots_loc-pictures_dpr1_page1_1920x1080.png	https://codec-corpus.r2.imazen.org/imazen-26-png-v3/8100-lilith-web-screenshots/1920x1080/8176_web-screenshots_loc-pictures_dpr1_page1_1920x1080.sdr.png
8178	train	8100-lilith-web-screenshots	8100-lilith-web-screenshots/1920x1080/8178_web-screenshots_nasa-artemis_dpr1_page1_1920x1080.png	1920	1080	png	150366	150366	fb2d9bcac6eeff998935bdf6a72abe7266eae03de5bca0e16fec0da2d1ef292a	https://codec-corpus.r2.imazen.org/imazen-26-unprocessed/8100-lilith-web-screenshots/1920x1080/8178_web-screenshots_nasa-artemis_dpr1_page1_1920x1080.png	https://codec-corpus.r2.imazen.org/imazen-26-png-v3/8100-lilith-web-screenshots/1920x1080/8178_web-screenshots_nasa-artemis_dpr1_page1_1920x1080.sdr.png
8180	train	8100-lilith-web-screenshots	8100-lilith-web-screenshots/1920x1080/8180_web-screenshots_nasa-home_dpr1_page1_1920x1080.png	1920	1080	png	1269707	1269707	7796e68dc63af37886020d79eb5f3342adba713f974ef6b9099cd2311a263663	https://codec-corpus.r2.imazen.org/imazen-26-unprocessed/8100-lilith-web-screenshots/1920x1080/8180_web-screenshots_nasa-home_dpr1_page1_1920x1080.png	https://codec-corpus.r2.imazen.org/imazen-26-png-v3/8100-lilith-web-screenshots/1920x1080/8180_web-screenshots_nasa-home_dpr1_page1_1920x1080.sdr.png
8182	train	8100-lilith-web-screenshots	8100-lilith-web-screenshots/1920x1080/8182_web-screenshots_nasa-image-of-day_dpr1_page1_1920x1080.png	1920	1080	png	2359365	2359365	2b79a6873f366c1094d4cad3210bdf91393fdfe179d174938cc5a379adf3e4e5	https://codec-corpus.r2.imazen.org/imazen-26-unprocessed/8100-lilith-web-screenshots/1920x1080/8182_web-screenshots_nasa-image-of-day_dpr1_page1_1920x1080.png	https://codec-corpus.r2.imazen.org/imazen-26-png-v3/8100-lilith-web-screenshots/1920x1080/8182_web-screenshots_nasa-image-of-day_dpr1_page1_1920x1080.sdr.png
8184	train	8100-lilith-web-screenshots	8100-lilith-web-screenshots/1920x1080/8184_web-screenshots_nasa-missions_dpr1_page1_1920x1080.png	1920	1080	png	652129	652129	b6113e957822da4dec4d31dd3ee64eabd1839889ec60b96bfda745de0309c3d1	https://codec-corpus.r2.imazen.org/imazen-26-unprocessed/8100-lilith-web-screenshots/1920x1080/8184_web-screenshots_nasa-missions_dpr1_page1_1920x1080.png	https://codec-corpus.r2.imazen.org/imazen-26-png-v3/8100-lilith-web-screenshots/1920x1080/8184_web-screenshots_nasa-missions_dpr1_page1_1920x1080.sdr.png
8186	train	8100-lilith-web-screenshots	8100-lilith-web-screenshots/1920x1080/8186_web-screenshots_nasa-news_dpr1_page1_1920x1080.png	1920	1080	png	1597610	1597610	39efe6b39640d7910b558890cf9634b829f468e10985241f3b9b845cb5614446	https://codec-corpus.r2.imazen.org/imazen-26-unprocessed/8100-lilith-web-screenshots/1920x1080/8186_web-screenshots_nasa-news_dpr1_page1_1920x1080.png	https://codec-corpus.r2.imazen.org/imazen-26-png-v3/8100-lilith-web-screenshots/1920x1080/8186_web-screenshots_nasa-news_dpr1_page1_1920x1080.sdr.png
8188	train	8100-lilith-web-screenshots	8100-lilith-web-screenshots/1920x1080/8188_web-screenshots_nasa-perseverance_dpr1_page1_1920x1080.png	1920	1080	png	1849478	1849478	24eb10c9d16dc16ac68f41ea4d556984be45716b93ef52fd7342abcfe1dfcbe1	https://codec-corpus.r2.imazen.org/imazen-26-unprocessed/8100-lilith-web-screenshots/1920x1080/8188_web-screenshots_nasa-perseverance_dpr1_page1_1920x1080.png	https://codec-corpus.r2.imazen.org/imazen-26-png-v3/8100-lilith-web-screenshots/1920x1080/8188_web-screenshots_nasa-perseverance_dpr1_page1_1920x1080.sdr.png
8190	train	8100-lilith-web-screenshots	8100-lilith-web-screenshots/1920x1080/8190_web-screenshots_nih-recipes-keep-the-beat_dpr1_page1_1920x1080.png	1920	1080	png	127828	127828	619aa9da2ef4405bf325f02fa17f2f96a3fc0fa26e4ee9750f6450eca0965a99	https://codec-corpus.r2.imazen.org/imazen-26-unprocessed/8100-lilith-web-screenshots/1920x1080/8190_web-screenshots_nih-recipes-keep-the-beat_dpr1_page1_1920x1080.png	https://codec-corpus.r2.imazen.org/imazen-26-png-v3/8100-lilith-web-screenshots/1920x1080/8190_web-screenshots_nih-recipes-keep-the-beat_dpr1_page1_1920x1080.sdr.png
8192	train	8100-lilith-web-screenshots	8100-lilith-web-screenshots/1920x1080/8192_web-screenshots_nih-home_dpr1_page2_1920x1080.png	1920	1080	png	954332	954332	9e66de721669a827c042baceb39dd841f684346744db6ad8e0b4647927ed2afa	https://codec-corpus.r2.imazen.org/imazen-26-unprocessed/8100-lilith-web-screenshots/1920x1080/8192_web-screenshots_nih-home_dpr1_page2_1920x1080.png	https://codec-corpus.r2.imazen.org/imazen-26-png-v3/8100-lilith-web-screenshots/1920x1080/8192_web-screenshots_nih-home_dpr1_page2_1920x1080.sdr.png
8194	train	8100-lilith-web-screenshots	8100-lilith-web-screenshots/1920x1080/8194_web-screenshots_noaa-ocean_dpr1_page1_1920x1080.png	1920	1080	png	1506322	1506322	40cb341a882d5a9d453f7347fdff4ccf53f4ff8bf5b9fc7988cd4c2f60dfcac7	https://codec-corpus.r2.imazen.org/imazen-26-unprocessed/8100-lilith-web-screenshots/1920x1080/8194_web-screenshots_noaa-ocean_dpr1_page1_1920x1080.png	https://codec-corpus.r2.imazen.org/imazen-26-png-v3/8100-lilith-web-screenshots/1920x1080/8194_web-screenshots_noaa-ocean_dpr1_page1_1920x1080.sdr.png
8196	train	8100-lilith-web-screenshots	8100-lilith-web-screenshots/1920x1080/8196_web-screenshots_nps-grand-canyon_dpr1_page1_1920x1080.png	1920	1080	png	1686186	1686186	e4355389751347d97969038dcb81c936fde36047c86928ed729ce6faa122030e	https://codec-corpus.r2.imazen.org/imazen-26-unprocessed/8100-lilith-web-screenshots/1920x1080/8196_web-screenshots_nps-grand-canyon_dpr1_page1_1920x1080.png	https://codec-corpus.r2.imazen.org/imazen-26-png-v3/8100-lilith-web-screenshots/1920x1080/8196_web-screenshots_nps-grand-canyon_dpr1_page1_1920x1080.sdr.png
8198	train	8100-lilith-web-screenshots	8100-lilith-web-screenshots/1920x1080/8198_web-screenshots_nps-grca_dpr1_page1_1920x1080.png	1920	1080	png	1696472	1696472	61711c16299870167dda5a4882ea4f0a37faf7e88ed0ea9a2fa3b4a3280a545e	https://codec-corpus.r2.imazen.org/imazen-26-unprocessed/8100-lilith-web-screenshots/1920x1080/8198_web-screenshots_nps-grca_dpr1_page1_1920x1080.png	https://codec-corpus.r2.imazen.org/imazen-26-png-v3/8100-lilith-web-screenshots/1920x1080/8198_web-screenshots_nps-grca_dpr1_page1_1920x1080.sdr.png
8200	train	8100-lilith-web-screenshots	8100-lilith-web-screenshots/1920x1080/8200_web-screenshots_nps-yellowstone_dpr1_page1_1920x1080.png	1920	1080	png	1449771	1449771	c7f7473f1658e19c74c098cf635882bf1ec88073d2ea549b21b2469d6dd6216e	https://codec-corpus.r2.imazen.org/imazen-26-unprocessed/8100-lilith-web-screenshots/1920x1080/8200_web-screenshots_nps-yellowstone_dpr1_page1_1920x1080.png	https://codec-corpus.r2.imazen.org/imazen-26-png-v3/8100-lilith-web-screenshots/1920x1080/8200_web-screenshots_nps-yellowstone_dpr1_page1_1920x1080.sdr.png
8202	train	8100-lilith-web-screenshots	8100-lilith-web-screenshots/1920x1080/8202_web-screenshots_nps-yosemite_dpr1_page1_1920x1080.png	1920	1080	png	1502427	1502427	ec2a889a9c4e12932bb06f9cd5172caa1951494a5b3acf7d0c650821415aa998	https://codec-corpus.r2.imazen.org/imazen-26-unprocessed/8100-lilith-web-screenshots/1920x1080/8202_web-screenshots_nps-yosemite_dpr1_page1_1920x1080.png	https://codec-corpus.r2.imazen.org/imazen-26-png-v3/8100-lilith-web-screenshots/1920x1080/8202_web-screenshots_nps-yosemite_dpr1_page1_1920x1080.sdr.png
8204	train	8100-lilith-web-screenshots	8100-lilith-web-screenshots/1920x1080/8204_web-screenshots_nps-zion_dpr1_page1_1920x1080.png	1920	1080	png	1900321	1900321	63d355d387ef379baeecc272c921b18b6b0acd2e7382db62c121b446e672b93a	https://codec-corpus.r2.imazen.org/imazen-26-unprocessed/8100-lilith-web-screenshots/1920x1080/8204_web-screenshots_nps-zion_dpr1_page1_1920x1080.png	https://codec-corpus.r2.imazen.org/imazen-26-png-v3/8100-lilith-web-screenshots/1920x1080/8204_web-screenshots_nps-zion_dpr1_page1_1920x1080.sdr.png
8206	train	8100-lilith-web-screenshots	8100-lilith-web-screenshots/1920x1080/8206_web-screenshots_si-edu-exhibitions_dpr1_page1_1920x1080.png	1920	1080	png	150768	150768	75563659b6d274f735a6d6878aa0db9447b6afb618de0b594ae672fa914576e7	https://codec-corpus.r2.imazen.org/imazen-26-unprocessed/8100-lilith-web-screenshots/1920x1080/8206_web-screenshots_si-edu-exhibitions_dpr1_page1_1920x1080.png	https://codec-corpus.r2.imazen.org/imazen-26-png-v3/8100-lilith-web-screenshots/1920x1080/8206_web-screenshots_si-edu-exhibitions_dpr1_page1_1920x1080.sdr.png
8208	train	8100-lilith-web-screenshots	8100-lilith-web-screenshots/1920x1080/8208_web-screenshots_usaspending-explorer_dpr1_page1_1920x1080.png	1920	1080	png	77262	77262	1d10a70ee050853ab1b53aa0cc41d6e7e7be2152b2e5555d4facb10bfcc3c5a1	https://codec-corpus.r2.imazen.org/imazen-26-unprocessed/8100-lilith-web-screenshots/1920x1080/8208_web-screenshots_usaspending-explorer_dpr1_page1_1920x1080.png	https://codec-corpus.r2.imazen.org/imazen-26-png-v3/8100-lilith-web-screenshots/1920x1080/8208_web-screenshots_usaspending-explorer_dpr1_page1_1920x1080.sdr.png
8210	train	8100-lilith-web-screenshots	8100-lilith-web-screenshots/1920x1080/8210_web-screenshots_usgs-main-home_dpr1_page2_1920x1080.png	1920	1080	png	988549	988549	872cb68fe9b0d07326b6727da77250f02146e3744747a7b4282f9e5e42e05ab1	https://codec-corpus.r2.imazen.org/imazen-26-unprocessed/8100-lilith-web-screenshots/1920x1080/8210_web-screenshots_usgs-main-home_dpr1_page2_1920x1080.png	https://codec-corpus.r2.imazen.org/imazen-26-png-v3/8100-lilith-web-screenshots/1920x1080/8210_web-screenshots_usgs-main-home_dpr1_page2_1920x1080.sdr.png
8212	train	8100-lilith-web-screenshots	8100-lilith-web-screenshots/1920x1080/8212_web-screenshots_usgs-home_dpr1_page2_1920x1080.png	1920	1080	png	988549	988549	872cb68fe9b0d07326b6727da77250f02146e3744747a7b4282f9e5e42e05ab1	https://codec-corpus.r2.imazen.org/imazen-26-unprocessed/8100-lilith-web-screenshots/1920x1080/8212_web-screenshots_usgs-home_dpr1_page2_1920x1080.png	https://codec-corpus.r2.imazen.org/imazen-26-png-v3/8100-lilith-web-screenshots/1920x1080/8212_web-screenshots_usgs-home_dpr1_page2_1920x1080.sdr.png
8214	train	8100-lilith-web-screenshots	8100-lilith-web-screenshots/1920x1080/8214_web-screenshots_weather-forecast-nyc_dpr1_page1_1920x1080.png	1920	1080	png	397565	397565	43f761498f993a513d82ec935d5b3948d8496ca3a8a8b6975c44cc08d271ba66	https://codec-corpus.r2.imazen.org/imazen-26-unprocessed/8100-lilith-web-screenshots/1920x1080/8214_web-screenshots_weather-forecast-nyc_dpr1_page1_1920x1080.png	https://codec-corpus.r2.imazen.org/imazen-26-png-v3/8100-lilith-web-screenshots/1920x1080/8214_web-screenshots_weather-forecast-nyc_dpr1_page1_1920x1080.sdr.png
8216	train	8100-lilith-web-screenshots	8100-lilith-web-screenshots/1920x1080/8216_web-screenshots_weatherportal-home_dpr1_page1_1920x1080.png	1920	1080	png	566337	566337	db07d7bceb2d43963bb3d2091f2eb16bfbccd011233294c21546def07c304eb5	https://codec-corpus.r2.imazen.org/imazen-26-unprocessed/8100-lilith-web-screenshots/1920x1080/8216_web-screenshots_weatherportal-home_dpr1_page1_1920x1080.png	https://codec-corpus.r2.imazen.org/imazen-26-png-v3/8100-lilith-web-screenshots/1920x1080/8216_web-screenshots_weatherportal-home_dpr1_page1_1920x1080.sdr.png
8218	train	8100-lilith-web-screenshots	8100-lilith-web-screenshots/1920x1080/8218_web-screenshots_whitehouse-briefing_dpr1_page2_1920x1080.png	1920	1080	png	123494	123494	090b3ac6aeca30b9112581a3f7ae0da4e186219b4bdaca69f9d9c1b72d13e6e6	https://codec-corpus.r2.imazen.org/imazen-26-unprocessed/8100-lilith-web-screenshots/1920x1080/8218_web-screenshots_whitehouse-briefing_dpr1_page2_1920x1080.png	https://codec-corpus.r2.imazen.org/imazen-26-png-v3/8100-lilith-web-screenshots/1920x1080/8218_web-screenshots_whitehouse-briefing_dpr1_page2_1920x1080.sdr.png
8220	train	8100-lilith-web-screenshots	8100-lilith-web-screenshots/2880x1800/8220_web-screenshots_archives-exhibits_dpr2_page1_2880x1800.png	2880	1800	png	1769586	1769586	e93767d372476d84806199d01ba237f4a4be126704fbea5dc3c81dffbe25c060	https://codec-corpus.r2.imazen.org/imazen-26-unprocessed/8100-lilith-web-screenshots/2880x1800/8220_web-screenshots_archives-exhibits_dpr2_page1_2880x1800.png	https://codec-corpus.r2.imazen.org/imazen-26-png-v3/8100-lilith-web-screenshots/2880x1800/8220_web-screenshots_archives-exhibits_dpr2_page1_2880x1800.sdr.png
8222	train	8100-lilith-web-screenshots	8100-lilith-web-screenshots/2880x1800/8222_web-screenshots_bls-employment-situation_dpr2_page1_2880x1800.png	2880	1800	png	76096	76096	1eb24b6f2e88482dc8fa0e329aae39c91ed8fcb027e3a8caa44b69519baf3b49	https://codec-corpus.r2.imazen.org/imazen-26-unprocessed/8100-lilith-web-screenshots/2880x1800/8222_web-screenshots_bls-employment-situation_dpr2_page1_2880x1800.png	https://codec-corpus.r2.imazen.org/imazen-26-png-v3/8100-lilith-web-screenshots/2880x1800/8222_web-screenshots_bls-employment-situation_dpr2_page1_2880x1800.sdr.png
8224	train	8100-lilith-web-screenshots	8100-lilith-web-screenshots/2880x1800/8224_web-screenshots_climate-gov-home_dpr2_page2_2880x1800.png	2880	1800	png	2063751	2063751	db435ba9c31c4954ceddf8fbdd70e210a9f5783385ef874aa31dd0328388d004	https://codec-corpus.r2.imazen.org/imazen-26-unprocessed/8100-lilith-web-screenshots/2880x1800/8224_web-screenshots_climate-gov-home_dpr2_page2_2880x1800.png	https://codec-corpus.r2.imazen.org/imazen-26-png-v3/8100-lilith-web-screenshots/2880x1800/8224_web-screenshots_climate-gov-home_dpr2_page2_2880x1800.sdr.png
8226	train	8100-lilith-web-screenshots	8100-lilith-web-screenshots/2880x1800/8226_web-screenshots_datagov-catalog_dpr2_page2_2880x1800.png	2880	1800	png	387712	387712	04936208c8f754171fcdd0d31d3a4072d6f56d27b1123c8c6afa24b1f36fdef3	https://codec-corpus.r2.imazen.org/imazen-26-unprocessed/8100-lilith-web-screenshots/2880x1800/8226_web-screenshots_datagov-catalog_dpr2_page2_2880x1800.png	https://codec-corpus.r2.imazen.org/imazen-26-png-v3/8100-lilith-web-screenshots/2880x1800/8226_web-screenshots_datagov-catalog_dpr2_page2_2880x1800.sdr.png
8228	train	8100-lilith-web-screenshots	8100-lilith-web-screenshots/2880x1800/8228_web-screenshots_gutenberg-top_dpr2_page1_2880x1800.png	2880	1800	png	556796	556796	c130f3063ed3030120fe75fa01f2f6788275ddf2d30b9cc2236a63a733360043	https://codec-corpus.r2.imazen.org/imazen-26-unprocessed/8100-lilith-web-screenshots/2880x1800/8228_web-screenshots_gutenberg-top_dpr2_page1_2880x1800.png	https://codec-corpus.r2.imazen.org/imazen-26-png-v3/8100-lilith-web-screenshots/2880x1800/8228_web-screenshots_gutenberg-top_dpr2_page1_2880x1800.sdr.png
8230	train	8100-lilith-web-screenshots	8100-lilith-web-screenshots/2880x1800/8230_web-screenshots_lkml-lists-index_dpr2_page1_2880x1800.png	2880	1800	png	478931	478931	753f31a60113812dc9f278ac02c240d35c4cdbebd0c5974c57e7390a4d2cf17e	https://codec-corpus.r2.imazen.org/imazen-26-unprocessed/8100-lilith-web-screenshots/2880x1800/8230_web-screenshots_lkml-lists-index_dpr2_page1_2880x1800.png	https://codec-corpus.r2.imazen.org/imazen-26-png-v3/8100-lilith-web-screenshots/2880x1800/8230_web-screenshots_lkml-lists-index_dpr2_page1_2880x1800.sdr.png
8232	train	8100-lilith-web-screenshots	8100-lilith-web-screenshots/2880x1800/8232_web-screenshots_loc-exhibitions_dpr2_page1_2880x1800.png	2880	1800	png	1333621	1333621	fb729fdd21da3e3142d4f791a165e0ae6c027eec415a498498b633fd9a4f760e	https://codec-corpus.r2.imazen.org/imazen-26-unprocessed/8100-lilith-web-screenshots/2880x1800/8232_web-screenshots_loc-exhibitions_dpr2_page1_2880x1800.png	https://codec-corpus.r2.imazen.org/imazen-26-png-v3/8100-lilith-web-screenshots/2880x1800/8232_web-screenshots_loc-exhibitions_dpr2_page1_2880x1800.sdr.png
8234	train	8100-lilith-web-screenshots	8100-lilith-web-screenshots/2880x1800/8234_web-screenshots_loc-pictures_dpr2_page1_2880x1800.png	2880	1800	png	901466	901466	304bfbcd8abe2830936d72803583a985c274c86602a21dcadc75c3a5c83af46a	https://codec-corpus.r2.imazen.org/imazen-26-unprocessed/8100-lilith-web-screenshots/2880x1800/8234_web-screenshots_loc-pictures_dpr2_page1_2880x1800.png	https://codec-corpus.r2.imazen.org/imazen-26-png-v3/8100-lilith-web-screenshots/2880x1800/8234_web-screenshots_loc-pictures_dpr2_page1_2880x1800.sdr.png
8236	train	8100-lilith-web-screenshots	8100-lilith-web-screenshots/2880x1800/8236_web-screenshots_nasa-artemis_dpr2_page1_2880x1800.png	2880	1800	png	2032360	2032360	65af670aefb37ff6a0957cb537e91136ff14b796299e1a4c0d4af25965a06546	https://codec-corpus.r2.imazen.org/imazen-26-unprocessed/8100-lilith-web-screenshots/2880x1800/8236_web-screenshots_nasa-artemis_dpr2_page1_2880x1800.png	https://codec-corpus.r2.imazen.org/imazen-26-png-v3/8100-lilith-web-screenshots/2880x1800/8236_web-screenshots_nasa-artemis_dpr2_page1_2880x1800.sdr.png
8238	train	8100-lilith-web-screenshots	8100-lilith-web-screenshots/2880x1800/8238_web-screenshots_nasa-home_dpr2_page1_2880x1800.png	2880	1800	png	2525372	2525372	04eddf03183a21f787e11cc635779dbe3fac54f5a1d1afde13835436e140224a	https://codec-corpus.r2.imazen.org/imazen-26-unprocessed/8100-lilith-web-screenshots/2880x1800/8238_web-screenshots_nasa-home_dpr2_page1_2880x1800.png	https://codec-corpus.r2.imazen.org/imazen-26-png-v3/8100-lilith-web-screenshots/2880x1800/8238_web-screenshots_nasa-home_dpr2_page1_2880x1800.sdr.png
8240	train	8100-lilith-web-screenshots	8100-lilith-web-screenshots/2880x1800/8240_web-screenshots_nasa-image-of-day_dpr2_page1_2880x1800.png	2880	1800	png	5013142	5013142	1980b0833270039e08059c410f8d7b07b7f58e0cafc722547d69d2f4a9cdeaf2	https://codec-corpus.r2.imazen.org/imazen-26-unprocessed/8100-lilith-web-screenshots/2880x1800/8240_web-screenshots_nasa-image-of-day_dpr2_page1_2880x1800.png	https://codec-corpus.r2.imazen.org/imazen-26-png-v3/8100-lilith-web-screenshots/2880x1800/8240_web-screenshots_nasa-image-of-day_dpr2_page1_2880x1800.sdr.png
8242	train	8100-lilith-web-screenshots	8100-lilith-web-screenshots/2880x1800/8242_web-screenshots_nasa-missions_dpr2_page1_2880x1800.png	2880	1800	png	1699935	1699935	41cc90cf92194728ce623531c7d8b3bac198bb56a1dd40eb6b1cd9817d1696fd	https://codec-corpus.r2.imazen.org/imazen-26-unprocessed/8100-lilith-web-screenshots/2880x1800/8242_web-screenshots_nasa-missions_dpr2_page1_2880x1800.png	https://codec-corpus.r2.imazen.org/imazen-26-png-v3/8100-lilith-web-screenshots/2880x1800/8242_web-screenshots_nasa-missions_dpr2_page1_2880x1800.sdr.png
8244	train	8100-lilith-web-screenshots	8100-lilith-web-screenshots/2880x1800/8244_web-screenshots_nasa-news_dpr2_page1_2880x1800.png	2880	1800	png	3588496	3588496	8b54c4d8f62e921fc346256d7cf5e7556443a104453d0afa99af5b2503df1f94	https://codec-corpus.r2.imazen.org/imazen-26-unprocessed/8100-lilith-web-screenshots/2880x1800/8244_web-screenshots_nasa-news_dpr2_page1_2880x1800.png	https://codec-corpus.r2.imazen.org/imazen-26-png-v3/8100-lilith-web-screenshots/2880x1800/8244_web-screenshots_nasa-news_dpr2_page1_2880x1800.sdr.png
8246	train	8100-lilith-web-screenshots	8100-lilith-web-screenshots/2880x1800/8246_web-screenshots_nasa-webb_dpr2_page1_2880x1800.png	2880	1800	png	2940632	2940632	5aa66c5bf7d36e134e48a90d02ebd9de29487333b01c3c8cfabad490a0abde95	https://codec-corpus.r2.imazen.org/imazen-26-unprocessed/8100-lilith-web-screenshots/2880x1800/8246_web-screenshots_nasa-webb_dpr2_page1_2880x1800.png	https://codec-corpus.r2.imazen.org/imazen-26-png-v3/8100-lilith-web-screenshots/2880x1800/8246_web-screenshots_nasa-webb_dpr2_page1_2880x1800.sdr.png
8248	train	8100-lilith-web-screenshots	8100-lilith-web-screenshots/2880x1800/8248_web-screenshots_nih-recipes-keep-the-beat_dpr2_page1_2880x1800.png	2880	1800	png	256231	256231	320ae7a73eecadcda375b45c280629f225e699a60cc1972fa99402df582e6fae	https://codec-corpus.r2.imazen.org/imazen-26-unprocessed/8100-lilith-web-screenshots/2880x1800/8248_web-screenshots_nih-recipes-keep-the-beat_dpr2_page1_2880x1800.png	https://codec-corpus.r2.imazen.org/imazen-26-png-v3/8100-lilith-web-screenshots/2880x1800/8248_web-screenshots_nih-recipes-keep-the-beat_dpr2_page1_2880x1800.sdr.png
8250	train	8100-lilith-web-screenshots	8100-lilith-web-screenshots/2880x1800/8250_web-screenshots_nih-home_dpr2_page2_2880x1800.png	2880	1800	png	2801478	2801478	98ef050a970ac978d5321a662e5d00dbeaa65dc69e65a7b7544cbcd3aac2f18d	https://codec-corpus.r2.imazen.org/imazen-26-unprocessed/8100-lilith-web-screenshots/2880x1800/8250_web-screenshots_nih-home_dpr2_page2_2880x1800.png	https://codec-corpus.r2.imazen.org/imazen-26-png-v3/8100-lilith-web-screenshots/2880x1800/8250_web-screenshots_nih-home_dpr2_page2_2880x1800.sdr.png
8252	train	8100-lilith-web-screenshots	8100-lilith-web-screenshots/2880x1800/8252_web-screenshots_nps-grand-canyon_dpr2_page1_2880x1800.png	2880	1800	png	3845979	3845979	7054943bd296afc0706886d7e0e427223edc40039da233e4278bcd448e8b10a9	https://codec-corpus.r2.imazen.org/imazen-26-unprocessed/8100-lilith-web-screenshots/2880x1800/8252_web-screenshots_nps-grand-canyon_dpr2_page1_2880x1800.png	https://codec-corpus.r2.imazen.org/imazen-26-png-v3/8100-lilith-web-screenshots/2880x1800/8252_web-screenshots_nps-grand-canyon_dpr2_page1_2880x1800.sdr.png
8254	train	8100-lilith-web-screenshots	8100-lilith-web-screenshots/2880x1800/8254_web-screenshots_nps-yellowstone_dpr2_page1_2880x1800.png	2880	1800	png	2457600	2457600	5f4005a4d239c22c5ba27bff26887e2cd1c85ef7e8c46bc1dabe36ccdff87b4d	https://codec-corpus.r2.imazen.org/imazen-26-unprocessed/8100-lilith-web-screenshots/2880x1800/8254_web-screenshots_nps-yellowstone_dpr2_page1_2880x1800.png	https://codec-corpus.r2.imazen.org/imazen-26-png-v3/8100-lilith-web-screenshots/2880x1800/8254_web-screenshots_nps-yellowstone_dpr2_page1_2880x1800.sdr.png
8256	train	8100-lilith-web-screenshots	8100-lilith-web-screenshots/2880x1800/8256_web-screenshots_nps-yose_dpr2_page1_2880x1800.png	2880	1800	png	2608390	2608390	10153b9e62360402ae0cef1a09df99761b3c1fc40ccca1cfdc0875e570fd1f7f	https://codec-corpus.r2.imazen.org/imazen-26-unprocessed/8100-lilith-web-screenshots/2880x1800/8256_web-screenshots_nps-yose_dpr2_page1_2880x1800.png	https://codec-corpus.r2.imazen.org/imazen-26-png-v3/8100-lilith-web-screenshots/2880x1800/8256_web-screenshots_nps-yose_dpr2_page1_2880x1800.sdr.png
8258	train	8100-lilith-web-screenshots	8100-lilith-web-screenshots/2880x1800/8258_web-screenshots_nps-yosemite_dpr2_page1_2880x1800.png	2880	1800	png	2603374	2603374	0037bd41dc70728344cc4efb8f63df6f72285544e7eb3ee274ff3a79125b8b40	https://codec-corpus.r2.imazen.org/imazen-26-unprocessed/8100-lilith-web-screenshots/2880x1800/8258_web-screenshots_nps-yosemite_dpr2_page1_2880x1800.png	https://codec-corpus.r2.imazen.org/imazen-26-png-v3/8100-lilith-web-screenshots/2880x1800/8258_web-screenshots_nps-yosemite_dpr2_page1_2880x1800.sdr.png
8260	train	8100-lilith-web-screenshots	8100-lilith-web-screenshots/2880x1800/8260_web-screenshots_nps-zion_dpr2_page1_2880x1800.png	2880	1800	png	3818627	3818627	e7c94a032e93600de806ee52061529c17962328ee39efc505766a397733935dc	https://codec-corpus.r2.imazen.org/imazen-26-unprocessed/8100-lilith-web-screenshots/2880x1800/8260_web-screenshots_nps-zion_dpr2_page1_2880x1800.png	https://codec-corpus.r2.imazen.org/imazen-26-png-v3/8100-lilith-web-screenshots/2880x1800/8260_web-screenshots_nps-zion_dpr2_page1_2880x1800.sdr.png
8262	train	8100-lilith-web-screenshots	8100-lilith-web-screenshots/2880x1800/8262_web-screenshots_si-edu-exhibitions_dpr2_page1_2880x1800.png	2880	1800	png	129587	129587	829cc941fe991e1de5c841e6101a14ce7a16c2b8646b1910a03714ce05770952	https://codec-corpus.r2.imazen.org/imazen-26-unprocessed/8100-lilith-web-screenshots/2880x1800/8262_web-screenshots_si-edu-exhibitions_dpr2_page1_2880x1800.png	https://codec-corpus.r2.imazen.org/imazen-26-png-v3/8100-lilith-web-screenshots/2880x1800/8262_web-screenshots_si-edu-exhibitions_dpr2_page1_2880x1800.sdr.png
8264	train	8100-lilith-web-screenshots	8100-lilith-web-screenshots/2880x1800/8264_web-screenshots_usaspending-explorer_dpr2_page1_2880x1800.png	2880	1800	png	150289	150289	1e705b45fe487c117db4ddc2288dfb1e074355993e575e382807ec60503b8b19	https://codec-corpus.r2.imazen.org/imazen-26-unprocessed/8100-lilith-web-screenshots/2880x1800/8264_web-screenshots_usaspending-explorer_dpr2_page1_2880x1800.png	https://codec-corpus.r2.imazen.org/imazen-26-png-v3/8100-lilith-web-screenshots/2880x1800/8264_web-screenshots_usaspending-explorer_dpr2_page1_2880x1800.sdr.png
8266	train	8100-lilith-web-screenshots	8100-lilith-web-screenshots/2880x1800/8266_web-screenshots_usgs-main-home_dpr2_page2_2880x1800.png	2880	1800	png	915728	915728	959f7767e72b078ff72e750712687fd8866ad207f092fd77f3f88af933ebccf9	https://codec-corpus.r2.imazen.org/imazen-26-unprocessed/8100-lilith-web-screenshots/2880x1800/8266_web-screenshots_usgs-main-home_dpr2_page2_2880x1800.png	https://codec-corpus.r2.imazen.org/imazen-26-png-v3/8100-lilith-web-screenshots/2880x1800/8266_web-screenshots_usgs-main-home_dpr2_page2_2880x1800.sdr.png
8268	train	8100-lilith-web-screenshots	8100-lilith-web-screenshots/2880x1800/8268_web-screenshots_weather-forecast-nyc_dpr2_page1_2880x1800.png	2880	1800	png	691926	691926	ebe6dd2d9cf49651f5085e753317a0c8bf903b3f35c9a6b55b3a5c6d1d7ed8c0	https://codec-corpus.r2.imazen.org/imazen-26-unprocessed/8100-lilith-web-screenshots/2880x1800/8268_web-screenshots_weather-forecast-nyc_dpr2_page1_2880x1800.png	https://codec-corpus.r2.imazen.org/imazen-26-png-v3/8100-lilith-web-screenshots/2880x1800/8268_web-screenshots_weather-forecast-nyc_dpr2_page1_2880x1800.sdr.png
8270	train	8100-lilith-web-screenshots	8100-lilith-web-screenshots/2880x1800/8270_web-screenshots_weatherportal-home_dpr2_page1_2880x1800.png	2880	1800	png	1364896	1364896	9f87e26993af365736201b9151dc014fcb99a0041c44486ff582cb3a8e10f1f9	https://codec-corpus.r2.imazen.org/imazen-26-unprocessed/8100-lilith-web-screenshots/2880x1800/8270_web-screenshots_weatherportal-home_dpr2_page1_2880x1800.png	https://codec-corpus.r2.imazen.org/imazen-26-png-v3/8100-lilith-web-screenshots/2880x1800/8270_web-screenshots_weatherportal-home_dpr2_page1_2880x1800.sdr.png
8272	train	8100-lilith-web-screenshots	8100-lilith-web-screenshots/375x667/8272_web-screenshots_archives-exhibits_dpr1_page1_375x667.png	375	667	png	136188	136188	436c10fc1739dd8d46cfd66720f067f644dfd158ae33355e5672968841f1a9c8	https://codec-corpus.r2.imazen.org/imazen-26-unprocessed/8100-lilith-web-screenshots/375x667/8272_web-screenshots_archives-exhibits_dpr1_page1_375x667.png	https://codec-corpus.r2.imazen.org/imazen-26-png-v3/8100-lilith-web-screenshots/375x667/8272_web-screenshots_archives-exhibits_dpr1_page1_375x667.sdr.png
8274	train	8100-lilith-web-screenshots	8100-lilith-web-screenshots/375x667/8274_web-screenshots_bls-employment-situation_dpr1_page1_375x667.png	375	667	png	15077	15077	54c9fd45f4ac48cf23381149f8ffb4c09e25f8c45ad76bc0bdd4465618a5f465	https://codec-corpus.r2.imazen.org/imazen-26-unprocessed/8100-lilith-web-screenshots/375x667/8274_web-screenshots_bls-employment-situation_dpr1_page1_375x667.png	https://codec-corpus.r2.imazen.org/imazen-26-png-v3/8100-lilith-web-screenshots/375x667/8274_web-screenshots_bls-employment-situation_dpr1_page1_375x667.sdr.png
8276	train	8100-lilith-web-screenshots	8100-lilith-web-screenshots/375x667/8276_web-screenshots_climate-gov-home_dpr1_page2_375x667.png	375	667	png	65817	65817	764ecf05a52fea2928028bfe8e9f32739c676663fa74c0f1c7c5d6081ab64ae9	https://codec-corpus.r2.imazen.org/imazen-26-unprocessed/8100-lilith-web-screenshots/375x667/8276_web-screenshots_climate-gov-home_dpr1_page2_375x667.png	https://codec-corpus.r2.imazen.org/imazen-26-png-v3/8100-lilith-web-screenshots/375x667/8276_web-screenshots_climate-gov-home_dpr1_page2_375x667.sdr.png
8278	train	8100-lilith-web-screenshots	8100-lilith-web-screenshots/375x667/8278_web-screenshots_datagov-catalog_dpr1_page2_375x667.png	375	667	png	53202	53202	340502cf2c1dcb022754cb70ab33e38112e39c728952ecd72f8a9396359ec838	https://codec-corpus.r2.imazen.org/imazen-26-unprocessed/8100-lilith-web-screenshots/375x667/8278_web-screenshots_datagov-catalog_dpr1_page2_375x667.png	https://codec-corpus.r2.imazen.org/imazen-26-png-v3/8100-lilith-web-screenshots/375x667/8278_web-screenshots_datagov-catalog_dpr1_page2_375x667.sdr.png
8280	train	8100-lilith-web-screenshots	8100-lilith-web-screenshots/375x667/8280_web-screenshots_gutenberg-top_dpr1_page1_375x667.png	375	667	png	59160	59160	3c944c695eb2492ccd5446ae115c894e19bf35d0ed3719ec954f72d25cb76b3f	https://codec-corpus.r2.imazen.org/imazen-26-unprocessed/8100-lilith-web-screenshots/375x667/8280_web-screenshots_gutenberg-top_dpr1_page1_375x667.png	https://codec-corpus.r2.imazen.org/imazen-26-png-v3/8100-lilith-web-screenshots/375x667/8280_web-screenshots_gutenberg-top_dpr1_page1_375x667.sdr.png
8282	train	8100-lilith-web-screenshots	8100-lilith-web-screenshots/375x667/8282_web-screenshots_lkml-lists-index_dpr1_page1_375x667.png	375	667	png	39603	39603	55f55c82691c82665866b99f1577f55915940b961c5390894558e22acd371c1b	https://codec-corpus.r2.imazen.org/imazen-26-unprocessed/8100-lilith-web-screenshots/375x667/8282_web-screenshots_lkml-lists-index_dpr1_page1_375x667.png	https://codec-corpus.r2.imazen.org/imazen-26-png-v3/8100-lilith-web-screenshots/375x667/8282_web-screenshots_lkml-lists-index_dpr1_page1_375x667.sdr.png
8284	train	8100-lilith-web-screenshots	8100-lilith-web-screenshots/375x667/8284_web-screenshots_loc-exhibits_dpr1_page1_375x667.png	375	667	png	113570	113570	eac443b01a6142a7a4c3ae95067c89ef8abf30ba007c646b3f639484366e2f32	https://codec-corpus.r2.imazen.org/imazen-26-unprocessed/8100-lilith-web-screenshots/375x667/8284_web-screenshots_loc-exhibits_dpr1_page1_375x667.png	https://codec-corpus.r2.imazen.org/imazen-26-png-v3/8100-lilith-web-screenshots/375x667/8284_web-screenshots_loc-exhibits_dpr1_page1_375x667.sdr.png
8286	train	8100-lilith-web-screenshots	8100-lilith-web-screenshots/375x667/8286_web-screenshots_loc-free-to-use_dpr1_page1_375x667.png	375	667	png	73248	73248	a3881c21bca70ff6e7456b04fa23db1300837d24be4d473a8bbaef1ae52f7057	https://codec-corpus.r2.imazen.org/imazen-26-unprocessed/8100-lilith-web-screenshots/375x667/8286_web-screenshots_loc-free-to-use_dpr1_page1_375x667.png	https://codec-corpus.r2.imazen.org/imazen-26-png-v3/8100-lilith-web-screenshots/375x667/8286_web-screenshots_loc-free-to-use_dpr1_page1_375x667.sdr.png
8288	train	8100-lilith-web-screenshots	8100-lilith-web-screenshots/375x667/8288_web-screenshots_loc-pictures_dpr1_page1_375x667.png	375	667	png	109317	109317	bd88dda6b5a519bd9a36e1754822b1711f27097c8c728484d8227a2379c2f9aa	https://codec-corpus.r2.imazen.org/imazen-26-unprocessed/8100-lilith-web-screenshots/375x667/8288_web-screenshots_loc-pictures_dpr1_page1_375x667.png	https://codec-corpus.r2.imazen.org/imazen-26-png-v3/8100-lilith-web-screenshots/375x667/8288_web-screenshots_loc-pictures_dpr1_page1_375x667.sdr.png
8290	train	8100-lilith-web-screenshots	8100-lilith-web-screenshots/375x667/8290_web-screenshots_nasa-artemis_dpr1_page1_375x667.png	375	667	png	34721	34721	75d4465e728d08f6ba9b4562ef1994769c38ee97c82f513d92e2f11d81e67b0b	https://codec-corpus.r2.imazen.org/imazen-26-unprocessed/8100-lilith-web-screenshots/375x667/8290_web-screenshots_nasa-artemis_dpr1_page1_375x667.png	https://codec-corpus.r2.imazen.org/imazen-26-png-v3/8100-lilith-web-screenshots/375x667/8290_web-screenshots_nasa-artemis_dpr1_page1_375x667.sdr.png
8292	train	8100-lilith-web-screenshots	8100-lilith-web-screenshots/375x667/8292_web-screenshots_nasa-home_dpr1_page1_375x667.png	375	667	png	123733	123733	87223b945a2fe68753ad626302355b5cc3f4cb6513d9d600569cdf84ab3f207d	https://codec-corpus.r2.imazen.org/imazen-26-unprocessed/8100-lilith-web-screenshots/375x667/8292_web-screenshots_nasa-home_dpr1_page1_375x667.png	https://codec-corpus.r2.imazen.org/imazen-26-png-v3/8100-lilith-web-screenshots/375x667/8292_web-screenshots_nasa-home_dpr1_page1_375x667.sdr.png
8294	train	8100-lilith-web-screenshots	8100-lilith-web-screenshots/375x667/8294_web-screenshots_nasa-image-of-day_dpr1_page1_375x667.png	375	667	png	228501	228501	4ba15e311b08f142f2ddf96c25c6dbe08d9bfffbe13e5deac3b0c837bbf99d25	https://codec-corpus.r2.imazen.org/imazen-26-unprocessed/8100-lilith-web-screenshots/375x667/8294_web-screenshots_nasa-image-of-day_dpr1_page1_375x667.png	https://codec-corpus.r2.imazen.org/imazen-26-png-v3/8100-lilith-web-screenshots/375x667/8294_web-screenshots_nasa-image-of-day_dpr1_page1_375x667.sdr.png
8296	train	8100-lilith-web-screenshots	8100-lilith-web-screenshots/375x667/8296_web-screenshots_nasa-missions_dpr1_page1_375x667.png	375	667	png	118474	118474	7e03c4183ec3b1c2efa33f46a52681adb869007997b1ddf4b7b80973f343a604	https://codec-corpus.r2.imazen.org/imazen-26-unprocessed/8100-lilith-web-screenshots/375x667/8296_web-screenshots_nasa-missions_dpr1_page1_375x667.png	https://codec-corpus.r2.imazen.org/imazen-26-png-v3/8100-lilith-web-screenshots/375x667/8296_web-screenshots_nasa-missions_dpr1_page1_375x667.sdr.png
8298	train	8100-lilith-web-screenshots	8100-lilith-web-screenshots/375x667/8298_web-screenshots_nasa-news_dpr1_page1_375x667.png	375	667	png	286037	286037	8bdd1e4ea1bba4a66465021b74f52ae6605430612bdf3adeb91aa3e62089c2c4	https://codec-corpus.r2.imazen.org/imazen-26-unprocessed/8100-lilith-web-screenshots/375x667/8298_web-screenshots_nasa-news_dpr1_page1_375x667.png	https://codec-corpus.r2.imazen.org/imazen-26-png-v3/8100-lilith-web-screenshots/375x667/8298_web-screenshots_nasa-news_dpr1_page1_375x667.sdr.png
8300	train	8100-lilith-web-screenshots	8100-lilith-web-screenshots/375x667/8300_web-screenshots_nasa-webb_dpr1_page1_375x667.png	375	667	png	147774	147774	e8d4886c33a1bfd16503d869a2ff7b565bd6bab4d8867d77db22f2bce5df35c4	https://codec-corpus.r2.imazen.org/imazen-26-unprocessed/8100-lilith-web-screenshots/375x667/8300_web-screenshots_nasa-webb_dpr1_page1_375x667.png	https://codec-corpus.r2.imazen.org/imazen-26-png-v3/8100-lilith-web-screenshots/375x667/8300_web-screenshots_nasa-webb_dpr1_page1_375x667.sdr.png
8302	train	8100-lilith-web-screenshots	8100-lilith-web-screenshots/375x667/8302_web-screenshots_nih-recipes-keep-the-beat_dpr1_page1_375x667.png	375	667	png	44746	44746	32126a9d0356da7dc969edf1a093844b30fdfa3ff4a956361d5801ee0f54826d	https://codec-corpus.r2.imazen.org/imazen-26-unprocessed/8100-lilith-web-screenshots/375x667/8302_web-screenshots_nih-recipes-keep-the-beat_dpr1_page1_375x667.png	https://codec-corpus.r2.imazen.org/imazen-26-png-v3/8100-lilith-web-screenshots/375x667/8302_web-screenshots_nih-recipes-keep-the-beat_dpr1_page1_375x667.sdr.png
8304	train	8100-lilith-web-screenshots	8100-lilith-web-screenshots/375x667/8304_web-screenshots_nih-home_dpr1_page2_375x667.png	375	667	png	39690	39690	2f624fbf166ba79cfcdc8cab59330ddf81ab1b47c1aa51eb05d0795c2f30e00b	https://codec-corpus.r2.imazen.org/imazen-26-unprocessed/8100-lilith-web-screenshots/375x667/8304_web-screenshots_nih-home_dpr1_page2_375x667.png	https://codec-corpus.r2.imazen.org/imazen-26-png-v3/8100-lilith-web-screenshots/375x667/8304_web-screenshots_nih-home_dpr1_page2_375x667.sdr.png
8306	train	8100-lilith-web-screenshots	8100-lilith-web-screenshots/375x667/8306_web-screenshots_noaa-home_dpr1_page2_375x667.png	375	667	png	192576	192576	3f8864fa68d026aa1241fca5f92242f7d63ad65c1dd6135b48ccdf8cf42ef537	https://codec-corpus.r2.imazen.org/imazen-26-unprocessed/8100-lilith-web-screenshots/375x667/8306_web-screenshots_noaa-home_dpr1_page2_375x667.png	https://codec-corpus.r2.imazen.org/imazen-26-png-v3/8100-lilith-web-screenshots/375x667/8306_web-screenshots_noaa-home_dpr1_page2_375x667.sdr.png
8308	train	8100-lilith-web-screenshots	8100-lilith-web-screenshots/375x667/8308_web-screenshots_nps-grand-canyon_dpr1_page2_375x667.png	375	667	png	137710	137710	cd09b1071b1b24f633bd37e014f6251ef330b821a3bc9a1eaaa051b721b7c5e3	https://codec-corpus.r2.imazen.org/imazen-26-unprocessed/8100-lilith-web-screenshots/375x667/8308_web-screenshots_nps-grand-canyon_dpr1_page2_375x667.png	https://codec-corpus.r2.imazen.org/imazen-26-png-v3/8100-lilith-web-screenshots/375x667/8308_web-screenshots_nps-grand-canyon_dpr1_page2_375x667.sdr.png
8310	train	8100-lilith-web-screenshots	8100-lilith-web-screenshots/375x667/8310_web-screenshots_nps-yellowstone_dpr1_page2_375x667.png	375	667	png	284926	284926	b75dec2d0756b516d762893c8ce752e49a23e43849f7b46b8ba8fd46bd7f456f	https://codec-corpus.r2.imazen.org/imazen-26-unprocessed/8100-lilith-web-screenshots/375x667/8310_web-screenshots_nps-yellowstone_dpr1_page2_375x667.png	https://codec-corpus.r2.imazen.org/imazen-26-png-v3/8100-lilith-web-screenshots/375x667/8310_web-screenshots_nps-yellowstone_dpr1_page2_375x667.sdr.png
8312	train	8100-lilith-web-screenshots	8100-lilith-web-screenshots/375x667/8312_web-screenshots_nps-yose_dpr1_page2_375x667.png	375	667	png	239367	239367	d7a60225bfce9d93722c4963f039b3bb438a97f47ef8858829a52526ab5b63bf	https://codec-corpus.r2.imazen.org/imazen-26-unprocessed/8100-lilith-web-screenshots/375x667/8312_web-screenshots_nps-yose_dpr1_page2_375x667.png	https://codec-corpus.r2.imazen.org/imazen-26-png-v3/8100-lilith-web-screenshots/375x667/8312_web-screenshots_nps-yose_dpr1_page2_375x667.sdr.png
8314	train	8100-lilith-web-screenshots	8100-lilith-web-screenshots/375x667/8314_web-screenshots_nps-yosemite_dpr1_page2_375x667.png	375	667	png	239367	239367	d7a60225bfce9d93722c4963f039b3bb438a97f47ef8858829a52526ab5b63bf	https://codec-corpus.r2.imazen.org/imazen-26-unprocessed/8100-lilith-web-screenshots/375x667/8314_web-screenshots_nps-yosemite_dpr1_page2_375x667.png	https://codec-corpus.r2.imazen.org/imazen-26-png-v3/8100-lilith-web-screenshots/375x667/8314_web-screenshots_nps-yosemite_dpr1_page2_375x667.sdr.png
8316	train	8100-lilith-web-screenshots	8100-lilith-web-screenshots/375x667/8316_web-screenshots_nps-zion_dpr1_page2_375x667.png	375	667	png	171656	171656	c9e6f82b5dd123a80b796640b1f86982ad7bce08993270f80be92866dce7bf46	https://codec-corpus.r2.imazen.org/imazen-26-unprocessed/8100-lilith-web-screenshots/375x667/8316_web-screenshots_nps-zion_dpr1_page2_375x667.png	https://codec-corpus.r2.imazen.org/imazen-26-png-v3/8100-lilith-web-screenshots/375x667/8316_web-screenshots_nps-zion_dpr1_page2_375x667.sdr.png
8318	train	8100-lilith-web-screenshots	8100-lilith-web-screenshots/375x667/8318_web-screenshots_si-edu-exhibitions_dpr1_page2_375x667.png	375	667	png	268946	268946	696ce1c1ef9030ed3cfed38a43aeee13d1f5d6a8682d6de1dc8a80499955f68c	https://codec-corpus.r2.imazen.org/imazen-26-unprocessed/8100-lilith-web-screenshots/375x667/8318_web-screenshots_si-edu-exhibitions_dpr1_page2_375x667.png	https://codec-corpus.r2.imazen.org/imazen-26-png-v3/8100-lilith-web-screenshots/375x667/8318_web-screenshots_si-edu-exhibitions_dpr1_page2_375x667.sdr.png
8320	train	8100-lilith-web-screenshots	8100-lilith-web-screenshots/375x667/8320_web-screenshots_usaspending-explorer_dpr1_page2_375x667.png	375	667	png	19931	19931	7936ede28cedb37a640e22ca0025a9a09116856a4400172e306c299238d7a43e	https://codec-corpus.r2.imazen.org/imazen-26-unprocessed/8100-lilith-web-screenshots/375x667/8320_web-screenshots_usaspending-explorer_dpr1_page2_375x667.png	https://codec-corpus.r2.imazen.org/imazen-26-png-v3/8100-lilith-web-screenshots/375x667/8320_web-screenshots_usaspending-explorer_dpr1_page2_375x667.sdr.png
8322	train	8100-lilith-web-screenshots	8100-lilith-web-screenshots/375x667/8322_web-screenshots_usgs-main-home_dpr1_page2_375x667.png	375	667	png	69981	69981	41c843ab63d6994397151f986ead71da50e322b983708ccce9beb5507c6584ee	https://codec-corpus.r2.imazen.org/imazen-26-unprocessed/8100-lilith-web-screenshots/375x667/8322_web-screenshots_usgs-main-home_dpr1_page2_375x667.png	https://codec-corpus.r2.imazen.org/imazen-26-png-v3/8100-lilith-web-screenshots/375x667/8322_web-screenshots_usgs-main-home_dpr1_page2_375x667.sdr.png
8324	train	8100-lilith-web-screenshots	8100-lilith-web-screenshots/375x667/8324_web-screenshots_weather-forecast-nyc_dpr1_page1_375x667.png	375	667	png	75886	75886	51ff312065ea4d61a23d127a9b3a6d3332c0b9203354396c2730c0c81f5f0ccd	https://codec-corpus.r2.imazen.org/imazen-26-unprocessed/8100-lilith-web-screenshots/375x667/8324_web-screenshots_weather-forecast-nyc_dpr1_page1_375x667.png	https://codec-corpus.r2.imazen.org/imazen-26-png-v3/8100-lilith-web-screenshots/375x667/8324_web-screenshots_weather-forecast-nyc_dpr1_page1_375x667.sdr.png
8326	train	8100-lilith-web-screenshots	8100-lilith-web-screenshots/375x667/8326_web-screenshots_weatherportal-home_dpr1_page1_375x667.png	375	667	png	133591	133591	d4f5ef0c858dd49cc8f7b7f831df7304b53b79e3297bcc8139c60831b1d4ecbd	https://codec-corpus.r2.imazen.org/imazen-26-unprocessed/8100-lilith-web-screenshots/375x667/8326_web-screenshots_weatherportal-home_dpr1_page1_375x667.png	https://codec-corpus.r2.imazen.org/imazen-26-png-v3/8100-lilith-web-screenshots/375x667/8326_web-screenshots_weatherportal-home_dpr1_page1_375x667.sdr.png
8328	train	8100-lilith-web-screenshots	8100-lilith-web-screenshots/375x667/8328_web-screenshots_whitehouse-briefing_dpr1_page1_375x667.png	375	667	png	54232	54232	b1ac43d56bb6760c68f1f6c81e8c3f3ad6bab23ee105a7177278e97e2ebf2da0	https://codec-corpus.r2.imazen.org/imazen-26-unprocessed/8100-lilith-web-screenshots/375x667/8328_web-screenshots_whitehouse-briefing_dpr1_page1_375x667.png	https://codec-corpus.r2.imazen.org/imazen-26-png-v3/8100-lilith-web-screenshots/375x667/8328_web-screenshots_whitehouse-briefing_dpr1_page1_375x667.sdr.png
8330	train	8100-lilith-web-screenshots	8100-lilith-web-screenshots/768x1024/8330_web-screenshots_archive-wayback-search_dpr1_page1_768x1024.png	768	1024	png	149300	149300	ba4a3a028da5eca34f56bffd07a022b0eff8900be4b052d702c944f70b022315	https://codec-corpus.r2.imazen.org/imazen-26-unprocessed/8100-lilith-web-screenshots/768x1024/8330_web-screenshots_archive-wayback-search_dpr1_page1_768x1024.png	https://codec-corpus.r2.imazen.org/imazen-26-png-v3/8100-lilith-web-screenshots/768x1024/8330_web-screenshots_archive-wayback-search_dpr1_page1_768x1024.sdr.png
8332	train	8100-lilith-web-screenshots	8100-lilith-web-screenshots/768x1024/8332_web-screenshots_archives-exhibits_dpr1_page2_768x1024.png	768	1024	png	307313	307313	92fbae89beba97971d3a56be714837bea3b9638386d8209c106c7b179ff1d80a	https://codec-corpus.r2.imazen.org/imazen-26-unprocessed/8100-lilith-web-screenshots/768x1024/8332_web-screenshots_archives-exhibits_dpr1_page2_768x1024.png	https://codec-corpus.r2.imazen.org/imazen-26-png-v3/8100-lilith-web-screenshots/768x1024/8332_web-screenshots_archives-exhibits_dpr1_page2_768x1024.sdr.png
8334	train	8100-lilith-web-screenshots	8100-lilith-web-screenshots/768x1024/8334_web-screenshots_climate-gov-home_dpr1_page1_768x1024.png	768	1024	png	328774	328774	0c91536d9e4fd3c4466f5de88c4e2c3fc00eee197ea8ba2d460494ae24eb9f52	https://codec-corpus.r2.imazen.org/imazen-26-unprocessed/8100-lilith-web-screenshots/768x1024/8334_web-screenshots_climate-gov-home_dpr1_page1_768x1024.png	https://codec-corpus.r2.imazen.org/imazen-26-png-v3/8100-lilith-web-screenshots/768x1024/8334_web-screenshots_climate-gov-home_dpr1_page1_768x1024.sdr.png
8336	train	8100-lilith-web-screenshots	8100-lilith-web-screenshots/768x1024/8336_web-screenshots_datagov-catalog_dpr1_page1_768x1024.png	768	1024	png	112332	112332	a65783f935c910363f898d000b3b1990bac0bbc2a53494c881372e7c29f087f0	https://codec-corpus.r2.imazen.org/imazen-26-unprocessed/8100-lilith-web-screenshots/768x1024/8336_web-screenshots_datagov-catalog_dpr1_page1_768x1024.png	https://codec-corpus.r2.imazen.org/imazen-26-png-v3/8100-lilith-web-screenshots/768x1024/8336_web-screenshots_datagov-catalog_dpr1_page1_768x1024.sdr.png
8338	train	8100-lilith-web-screenshots	8100-lilith-web-screenshots/768x1024/8338_web-screenshots_federalreserve-data_dpr1_page1_768x1024.png	768	1024	png	241216	241216	bf629c6bf6e8587921ce0dfd8efde20a2666cf9c5d44c9683b41f7b28c0238cf	https://codec-corpus.r2.imazen.org/imazen-26-unprocessed/8100-lilith-web-screenshots/768x1024/8338_web-screenshots_federalreserve-data_dpr1_page1_768x1024.png	https://codec-corpus.r2.imazen.org/imazen-26-png-v3/8100-lilith-web-screenshots/768x1024/8338_web-screenshots_federalreserve-data_dpr1_page1_768x1024.sdr.png
8340	train	8100-lilith-web-screenshots	8100-lilith-web-screenshots/768x1024/8340_web-screenshots_gutenberg-top_dpr1_page2_768x1024.png	768	1024	png	249672	249672	36023fb95b5dd524ad90d16a2c815f1db3d5805ab8a3f19b8e5ccc270e6af20f	https://codec-corpus.r2.imazen.org/imazen-26-unprocessed/8100-lilith-web-screenshots/768x1024/8340_web-screenshots_gutenberg-top_dpr1_page2_768x1024.png	https://codec-corpus.r2.imazen.org/imazen-26-png-v3/8100-lilith-web-screenshots/768x1024/8340_web-screenshots_gutenberg-top_dpr1_page2_768x1024.sdr.png
8342	train	8100-lilith-web-screenshots	8100-lilith-web-screenshots/768x1024/8342_web-screenshots_lkml-lists-index_dpr1_page2_768x1024.png	768	1024	png	140461	140461	bbf83236e380f470c6644697110c5e397a72a0de85fcb9b4758af8a9ccbe081f	https://codec-corpus.r2.imazen.org/imazen-26-unprocessed/8100-lilith-web-screenshots/768x1024/8342_web-screenshots_lkml-lists-index_dpr1_page2_768x1024.png	https://codec-corpus.r2.imazen.org/imazen-26-png-v3/8100-lilith-web-screenshots/768x1024/8342_web-screenshots_lkml-lists-index_dpr1_page2_768x1024.sdr.png
8344	train	8100-lilith-web-screenshots	8100-lilith-web-screenshots/768x1024/8344_web-screenshots_loc-exhibits_dpr1_page1_768x1024.png	768	1024	png	397861	397861	f874f7228cc477f2d2e726dd20e5143d1ed6111fad5d8142f55cc4b3d7760b34	https://codec-corpus.r2.imazen.org/imazen-26-unprocessed/8100-lilith-web-screenshots/768x1024/8344_web-screenshots_loc-exhibits_dpr1_page1_768x1024.png	https://codec-corpus.r2.imazen.org/imazen-26-png-v3/8100-lilith-web-screenshots/768x1024/8344_web-screenshots_loc-exhibits_dpr1_page1_768x1024.sdr.png
8346	train	8100-lilith-web-screenshots	8100-lilith-web-screenshots/768x1024/8346_web-screenshots_loc-pictures_dpr1_page2_768x1024.png	768	1024	png	300742	300742	500c1639fe9566ea9c5a31b41858255a3ac894a52ad115177161448c19ce01db	https://codec-corpus.r2.imazen.org/imazen-26-unprocessed/8100-lilith-web-screenshots/768x1024/8346_web-screenshots_loc-pictures_dpr1_page2_768x1024.png	https://codec-corpus.r2.imazen.org/imazen-26-png-v3/8100-lilith-web-screenshots/768x1024/8346_web-screenshots_loc-pictures_dpr1_page2_768x1024.sdr.png
8348	train	8100-lilith-web-screenshots	8100-lilith-web-screenshots/768x1024/8348_web-screenshots_nasa-artemis_dpr1_page2_768x1024.png	768	1024	png	602239	602239	151862bb12faceeaeafa3570761cac58ee03bf0be593e14736134b722e1c260e	https://codec-corpus.r2.imazen.org/imazen-26-unprocessed/8100-lilith-web-screenshots/768x1024/8348_web-screenshots_nasa-artemis_dpr1_page2_768x1024.png	https://codec-corpus.r2.imazen.org/imazen-26-png-v3/8100-lilith-web-screenshots/768x1024/8348_web-screenshots_nasa-artemis_dpr1_page2_768x1024.sdr.png
8350	train	8100-lilith-web-screenshots	8100-lilith-web-screenshots/768x1024/8350_web-screenshots_nasa-home_dpr1_page2_768x1024.png	768	1024	png	603454	603454	72431db1d022503201c6b2039f495dd7722c438eeefb4c7c95dc60dfd2802d6a	https://codec-corpus.r2.imazen.org/imazen-26-unprocessed/8100-lilith-web-screenshots/768x1024/8350_web-screenshots_nasa-home_dpr1_page2_768x1024.png	https://codec-corpus.r2.imazen.org/imazen-26-png-v3/8100-lilith-web-screenshots/768x1024/8350_web-screenshots_nasa-home_dpr1_page2_768x1024.sdr.png
8352	train	8100-lilith-web-screenshots	8100-lilith-web-screenshots/768x1024/8352_web-screenshots_nasa-image-of-day_dpr1_page2_768x1024.png	768	1024	png	944510	944510	f4b0aa4ed8df6c96a7d056c700bd155f76d966d2df6ff23b82b727393340be5d	https://codec-corpus.r2.imazen.org/imazen-26-unprocessed/8100-lilith-web-screenshots/768x1024/8352_web-screenshots_nasa-image-of-day_dpr1_page2_768x1024.png	https://codec-corpus.r2.imazen.org/imazen-26-png-v3/8100-lilith-web-screenshots/768x1024/8352_web-screenshots_nasa-image-of-day_dpr1_page2_768x1024.sdr.png
8354	train	8100-lilith-web-screenshots	8100-lilith-web-screenshots/768x1024/8354_web-screenshots_nasa-missions_dpr1_page2_768x1024.png	768	1024	png	62968	62968	129ccd031550fbb6b51a429291252a4f0fc751472d3da4d325f3671ea37c0aec	https://codec-corpus.r2.imazen.org/imazen-26-unprocessed/8100-lilith-web-screenshots/768x1024/8354_web-screenshots_nasa-missions_dpr1_page2_768x1024.png	https://codec-corpus.r2.imazen.org/imazen-26-png-v3/8100-lilith-web-screenshots/768x1024/8354_web-screenshots_nasa-missions_dpr1_page2_768x1024.sdr.png
8356	train	8100-lilith-web-screenshots	8100-lilith-web-screenshots/768x1024/8356_web-screenshots_nasa-news_dpr1_page2_768x1024.png	768	1024	png	727541	727541	505dbced171c1b55cddb47cdbba3e5404a58d4b321ed6c16e2d69e08a158cf93	https://codec-corpus.r2.imazen.org/imazen-26-unprocessed/8100-lilith-web-screenshots/768x1024/8356_web-screenshots_nasa-news_dpr1_page2_768x1024.png	https://codec-corpus.r2.imazen.org/imazen-26-png-v3/8100-lilith-web-screenshots/768x1024/8356_web-screenshots_nasa-news_dpr1_page2_768x1024.sdr.png
8358	train	8100-lilith-web-screenshots	8100-lilith-web-screenshots/768x1024/8358_web-screenshots_nasa-perseverance_dpr1_page2_768x1024.png	768	1024	png	92486	92486	9958f528dc6495a89cefec24d40700e2564c8c64559a40a0fe850c1fc5cb9375	https://codec-corpus.r2.imazen.org/imazen-26-unprocessed/8100-lilith-web-screenshots/768x1024/8358_web-screenshots_nasa-perseverance_dpr1_page2_768x1024.png	https://codec-corpus.r2.imazen.org/imazen-26-png-v3/8100-lilith-web-screenshots/768x1024/8358_web-screenshots_nasa-perseverance_dpr1_page2_768x1024.sdr.png
8360	train	8100-lilith-web-screenshots	8100-lilith-web-screenshots/768x1024/8360_web-screenshots_nih-home_dpr1_page1_768x1024.png	768	1024	png	660300	660300	5ed88d06577e94d6edcf82b100fa3665231fe4d14cce9052e8b247f748db6d30	https://codec-corpus.r2.imazen.org/imazen-26-unprocessed/8100-lilith-web-screenshots/768x1024/8360_web-screenshots_nih-home_dpr1_page1_768x1024.png	https://codec-corpus.r2.imazen.org/imazen-26-png-v3/8100-lilith-web-screenshots/768x1024/8360_web-screenshots_nih-home_dpr1_page1_768x1024.sdr.png
8362	train	8100-lilith-web-screenshots	8100-lilith-web-screenshots/768x1024/8362_web-screenshots_noaa-home_dpr1_page1_768x1024.png	768	1024	png	660425	660425	eb84515579c5b34a4bdbd45fb04fa62084b7ffa0ebcacabde776164cdee949c3	https://codec-corpus.r2.imazen.org/imazen-26-unprocessed/8100-lilith-web-screenshots/768x1024/8362_web-screenshots_noaa-home_dpr1_page1_768x1024.png	https://codec-corpus.r2.imazen.org/imazen-26-png-v3/8100-lilith-web-screenshots/768x1024/8362_web-screenshots_noaa-home_dpr1_page1_768x1024.sdr.png
8364	train	8100-lilith-web-screenshots	8100-lilith-web-screenshots/768x1024/8364_web-screenshots_noaa-ocean_dpr1_page2_768x1024.png	768	1024	png	300603	300603	754bea3d3b0333b6af2d1d30864e2c65d06ba427bcead33e0e35299909cab0c3	https://codec-corpus.r2.imazen.org/imazen-26-unprocessed/8100-lilith-web-screenshots/768x1024/8364_web-screenshots_noaa-ocean_dpr1_page2_768x1024.png	https://codec-corpus.r2.imazen.org/imazen-26-png-v3/8100-lilith-web-screenshots/768x1024/8364_web-screenshots_noaa-ocean_dpr1_page2_768x1024.sdr.png
8366	train	8100-lilith-web-screenshots	8100-lilith-web-screenshots/768x1024/8366_web-screenshots_nps-grand-canyon_dpr1_page2_768x1024.png	768	1024	png	679168	679168	86ddbe0402b72dcc3c80bedf74de6e36fc1b4b87acab06201183746054c9867c	https://codec-corpus.r2.imazen.org/imazen-26-unprocessed/8100-lilith-web-screenshots/768x1024/8366_web-screenshots_nps-grand-canyon_dpr1_page2_768x1024.png	https://codec-corpus.r2.imazen.org/imazen-26-png-v3/8100-lilith-web-screenshots/768x1024/8366_web-screenshots_nps-grand-canyon_dpr1_page2_768x1024.sdr.png
8368	train	8100-lilith-web-screenshots	8100-lilith-web-screenshots/768x1024/8368_web-screenshots_nps-yellowstone_dpr1_page2_768x1024.png	768	1024	png	834484	834484	81e50b28128e06b857d73a4c2361f6585bea8706e9d113b26c5447779f91afac	https://codec-corpus.r2.imazen.org/imazen-26-unprocessed/8100-lilith-web-screenshots/768x1024/8368_web-screenshots_nps-yellowstone_dpr1_page2_768x1024.png	https://codec-corpus.r2.imazen.org/imazen-26-png-v3/8100-lilith-web-screenshots/768x1024/8368_web-screenshots_nps-yellowstone_dpr1_page2_768x1024.sdr.png
8370	train	8100-lilith-web-screenshots	8100-lilith-web-screenshots/768x1024/8370_web-screenshots_nps-yose_dpr1_page2_768x1024.png	768	1024	png	892806	892806	293b9d27642cdb2c0bff77cf1ad3f66bfeb94b3a95f5485ebdf64f58280f6270	https://codec-corpus.r2.imazen.org/imazen-26-unprocessed/8100-lilith-web-screenshots/768x1024/8370_web-screenshots_nps-yose_dpr1_page2_768x1024.png	https://codec-corpus.r2.imazen.org/imazen-26-png-v3/8100-lilith-web-screenshots/768x1024/8370_web-screenshots_nps-yose_dpr1_page2_768x1024.sdr.png
8372	train	8100-lilith-web-screenshots	8100-lilith-web-screenshots/768x1024/8372_web-screenshots_nps-yosemite_dpr1_page2_768x1024.png	768	1024	png	838243	838243	469c828fe59393157c563e838daf7a4f2c9b41606088a9b67c5feb1f248229e8	https://codec-corpus.r2.imazen.org/imazen-26-unprocessed/8100-lilith-web-screenshots/768x1024/8372_web-screenshots_nps-yosemite_dpr1_page2_768x1024.png	https://codec-corpus.r2.imazen.org/imazen-26-png-v3/8100-lilith-web-screenshots/768x1024/8372_web-screenshots_nps-yosemite_dpr1_page2_768x1024.sdr.png
8374	train	8100-lilith-web-screenshots	8100-lilith-web-screenshots/768x1024/8374_web-screenshots_nps-zion_dpr1_page2_768x1024.png	768	1024	png	715094	715094	028e97a51dc5c5ab7fbe2039f34b5f2d14c73b789cbdc94bb75ed80b78ccc19e	https://codec-corpus.r2.imazen.org/imazen-26-unprocessed/8100-lilith-web-screenshots/768x1024/8374_web-screenshots_nps-zion_dpr1_page2_768x1024.png	https://codec-corpus.r2.imazen.org/imazen-26-png-v3/8100-lilith-web-screenshots/768x1024/8374_web-screenshots_nps-zion_dpr1_page2_768x1024.sdr.png
8376	train	8100-lilith-web-screenshots	8100-lilith-web-screenshots/768x1024/8376_web-screenshots_si-edu-exhibitions_dpr1_page2_768x1024.png	768	1024	png	691557	691557	9ab6516e4364e139a907833c592756d920568755fac421cbf9b0edff3026c7b7	https://codec-corpus.r2.imazen.org/imazen-26-unprocessed/8100-lilith-web-screenshots/768x1024/8376_web-screenshots_si-edu-exhibitions_dpr1_page2_768x1024.png	https://codec-corpus.r2.imazen.org/imazen-26-png-v3/8100-lilith-web-screenshots/768x1024/8376_web-screenshots_si-edu-exhibitions_dpr1_page2_768x1024.sdr.png
8378	train	8100-lilith-web-screenshots	8100-lilith-web-screenshots/768x1024/8378_web-screenshots_usaspending-explorer_dpr1_page2_768x1024.png	768	1024	png	37061	37061	5dd648f280a553ce26bd3a2ebb1b12867dd9561a408b4ae648ea3e50f50ef2a8	https://codec-corpus.r2.imazen.org/imazen-26-unprocessed/8100-lilith-web-screenshots/768x1024/8378_web-screenshots_usaspending-explorer_dpr1_page2_768x1024.png	https://codec-corpus.r2.imazen.org/imazen-26-png-v3/8100-lilith-web-screenshots/768x1024/8378_web-screenshots_usaspending-explorer_dpr1_page2_768x1024.sdr.png
8380	train	8100-lilith-web-screenshots	8100-lilith-web-screenshots/768x1024/8380_web-screenshots_usgs-main-home_dpr1_page2_768x1024.png	768	1024	png	128790	128790	0756abe23bc1dab65f36e7397f0edc09b5cf80319aee67123409aac3041e5b7b	https://codec-corpus.r2.imazen.org/imazen-26-unprocessed/8100-lilith-web-screenshots/768x1024/8380_web-screenshots_usgs-main-home_dpr1_page2_768x1024.png	https://codec-corpus.r2.imazen.org/imazen-26-png-v3/8100-lilith-web-screenshots/768x1024/8380_web-screenshots_usgs-main-home_dpr1_page2_768x1024.sdr.png
8382	train	8100-lilith-web-screenshots	8100-lilith-web-screenshots/768x1024/8382_web-screenshots_usgs-home_dpr1_page2_768x1024.png	768	1024	png	128790	128790	0756abe23bc1dab65f36e7397f0edc09b5cf80319aee67123409aac3041e5b7b	https://codec-corpus.r2.imazen.org/imazen-26-unprocessed/8100-lilith-web-screenshots/768x1024/8382_web-screenshots_usgs-home_dpr1_page2_768x1024.png	https://codec-corpus.r2.imazen.org/imazen-26-png-v3/8100-lilith-web-screenshots/768x1024/8382_web-screenshots_usgs-home_dpr1_page2_768x1024.sdr.png
8384	train	8100-lilith-web-screenshots	8100-lilith-web-screenshots/768x1024/8384_web-screenshots_usgs-topoview_dpr1_page2_768x1024.png	768	1024	png	113069	113069	653558ae8c675486d2f94829094f67c054776984d2a825dc45a6f5088ef7cf82	https://codec-corpus.r2.imazen.org/imazen-26-unprocessed/8100-lilith-web-screenshots/768x1024/8384_web-screenshots_usgs-topoview_dpr1_page2_768x1024.png	https://codec-corpus.r2.imazen.org/imazen-26-png-v3/8100-lilith-web-screenshots/768x1024/8384_web-screenshots_usgs-topoview_dpr1_page2_768x1024.sdr.png
8386	train	8100-lilith-web-screenshots	8100-lilith-web-screenshots/768x1024/8386_web-screenshots_weather-forecast-nyc_dpr1_page2_768x1024.png	768	1024	png	413978	413978	1cc3231a7610b83a1a50d2047ebcc5bb8d49e2e0ffee6cb62cb1fe4ddc7d9bc7	https://codec-corpus.r2.imazen.org/imazen-26-unprocessed/8100-lilith-web-screenshots/768x1024/8386_web-screenshots_weather-forecast-nyc_dpr1_page2_768x1024.png	https://codec-corpus.r2.imazen.org/imazen-26-png-v3/8100-lilith-web-screenshots/768x1024/8386_web-screenshots_weather-forecast-nyc_dpr1_page2_768x1024.sdr.png
8388	train	8100-lilith-web-screenshots	8100-lilith-web-screenshots/768x1024/8388_web-screenshots_weatherportal-home_dpr1_page1_768x1024.png	768	1024	png	382232	382232	7e52b6102e559a9c8ff2887dcd076c00f70010a09ed9e626cbda9532e18a15ed	https://codec-corpus.r2.imazen.org/imazen-26-unprocessed/8100-lilith-web-screenshots/768x1024/8388_web-screenshots_weatherportal-home_dpr1_page1_768x1024.png	https://codec-corpus.r2.imazen.org/imazen-26-png-v3/8100-lilith-web-screenshots/768x1024/8388_web-screenshots_weatherportal-home_dpr1_page1_768x1024.sdr.png
8390	train	8100-lilith-web-screenshots	8100-lilith-web-screenshots/other/8390_web-screenshots_archives-exhibits_dpr1_page2_1280x800.png	1280	800	png	336297	336297	bf3a055fe6cd7b7ba0e781f02cd9b1f4b3fe38025741e114355b245a6de74515	https://codec-corpus.r2.imazen.org/imazen-26-unprocessed/8100-lilith-web-screenshots/other/8390_web-screenshots_archives-exhibits_dpr1_page2_1280x800.png	https://codec-corpus.r2.imazen.org/imazen-26-png-v3/8100-lilith-web-screenshots/other/8390_web-screenshots_archives-exhibits_dpr1_page2_1280x800.sdr.png
8392	train	8100-lilith-web-screenshots	8100-lilith-web-screenshots/other/8392_web-screenshots_archives-exhibits_dpr1_page2_667x375.png	667	375	png	258320	258320	651e308dba00244e8573afb86ea05cacd607996c0b0d2fee748a9c6c239ede91	https://codec-corpus.r2.imazen.org/imazen-26-unprocessed/8100-lilith-web-screenshots/other/8392_web-screenshots_archives-exhibits_dpr1_page2_667x375.png	https://codec-corpus.r2.imazen.org/imazen-26-png-v3/8100-lilith-web-screenshots/other/8392_web-screenshots_archives-exhibits_dpr1_page2_667x375.sdr.png
8394	train	8100-lilith-web-screenshots	8100-lilith-web-screenshots/other/8394_web-screenshots_archives-home_dpr1_page1_414x896.png	414	896	png	128099	128099	c7c320803e7927c385b2fea44dafacf9372161072a1064a988282359b96c466c	https://codec-corpus.r2.imazen.org/imazen-26-unprocessed/8100-lilith-web-screenshots/other/8394_web-screenshots_archives-home_dpr1_page1_414x896.png	https://codec-corpus.r2.imazen.org/imazen-26-png-v3/8100-lilith-web-screenshots/other/8394_web-screenshots_archives-home_dpr1_page1_414x896.sdr.png
8396	train	8100-lilith-web-screenshots	8100-lilith-web-screenshots/other/8396_web-screenshots_bls-employment-situation_dpr1_page1_1280x800.png	1280	800	png	41901	41901	1af4405ded5392cf2bb0ca81f690583eb68dc1f28981041d34e66cbd5bd03efb	https://codec-corpus.r2.imazen.org/imazen-26-unprocessed/8100-lilith-web-screenshots/other/8396_web-screenshots_bls-employment-situation_dpr1_page1_1280x800.png	https://codec-corpus.r2.imazen.org/imazen-26-png-v3/8100-lilith-web-screenshots/other/8396_web-screenshots_bls-employment-situation_dpr1_page1_1280x800.sdr.png
8398	train	8100-lilith-web-screenshots	8100-lilith-web-screenshots/other/8398_web-screenshots_cdc-home_dpr1_page1_1280x800.png	1280	800	png	915684	915684	d0de30900b6b77fc9cc749524865f52392b70329370fa1889d6483e2d09a96ed	https://codec-corpus.r2.imazen.org/imazen-26-unprocessed/8100-lilith-web-screenshots/other/8398_web-screenshots_cdc-home_dpr1_page1_1280x800.png	https://codec-corpus.r2.imazen.org/imazen-26-png-v3/8100-lilith-web-screenshots/other/8398_web-screenshots_cdc-home_dpr1_page1_1280x800.sdr.png
8400	train	8100-lilith-web-screenshots	8100-lilith-web-screenshots/other/8400_web-screenshots_cdc-home_dpr1_page1_2560x1440.png	2560	1440	png	2725155	2725155	5e22e90025220325daf3dcfc74e340fc048f50936f184826bab8300d4f1e70c0	https://codec-corpus.r2.imazen.org/imazen-26-unprocessed/8100-lilith-web-screenshots/other/8400_web-screenshots_cdc-home_dpr1_page1_2560x1440.png	https://codec-corpus.r2.imazen.org/imazen-26-png-v3/8100-lilith-web-screenshots/other/8400_web-screenshots_cdc-home_dpr1_page1_2560x1440.sdr.png
8402	train	8100-lilith-web-screenshots	8100-lilith-web-screenshots/other/8402_web-screenshots_cdc-home_dpr1_page1_414x896.png	414	896	png	349047	349047	95af4ec67508d17d1e350c5a2abad34f082fc0534584c68b2f1835a1bf6dd493	https://codec-corpus.r2.imazen.org/imazen-26-unprocessed/8100-lilith-web-screenshots/other/8402_web-screenshots_cdc-home_dpr1_page1_414x896.png	https://codec-corpus.r2.imazen.org/imazen-26-png-v3/8100-lilith-web-screenshots/other/8402_web-screenshots_cdc-home_dpr1_page1_414x896.sdr.png
8404	train	8100-lilith-web-screenshots	8100-lilith-web-screenshots/other/8404_web-screenshots_climate-gov-home_dpr1_page1_1280x800.png	1280	800	png	701265	701265	1bc4e3184ff85d2f5e7b38b045a6c5cc45461b1b17b3cf5ea13abc3aa316e696	https://codec-corpus.r2.imazen.org/imazen-26-unprocessed/8100-lilith-web-screenshots/other/8404_web-screenshots_climate-gov-home_dpr1_page1_1280x800.png	https://codec-corpus.r2.imazen.org/imazen-26-png-v3/8100-lilith-web-screenshots/other/8404_web-screenshots_climate-gov-home_dpr1_page1_1280x800.sdr.png
8406	train	8100-lilith-web-screenshots	8100-lilith-web-screenshots/other/8406_web-screenshots_climate-news_dpr1_page1_667x375.png	667	375	png	143217	143217	8835531380d7f1e46332995485c12de7de9a59b7008acb12eeb65305c8f9830c	https://codec-corpus.r2.imazen.org/imazen-26-unprocessed/8100-lilith-web-screenshots/other/8406_web-screenshots_climate-news_dpr1_page1_667x375.png	https://codec-corpus.r2.imazen.org/imazen-26-png-v3/8100-lilith-web-screenshots/other/8406_web-screenshots_climate-news_dpr1_page1_667x375.sdr.png
8408	train	8100-lilith-web-screenshots	8100-lilith-web-screenshots/other/8408_web-screenshots_datagov-catalog_dpr1_page1_1280x800.png	1280	800	png	124611	124611	91190e29fbe6acb059b91321019bcbb3f3f1e42d12eb8fc4b495db7d746a1ab6	https://codec-corpus.r2.imazen.org/imazen-26-unprocessed/8100-lilith-web-screenshots/other/8408_web-screenshots_datagov-catalog_dpr1_page1_1280x800.png	https://codec-corpus.r2.imazen.org/imazen-26-png-v3/8100-lilith-web-screenshots/other/8408_web-screenshots_datagov-catalog_dpr1_page1_1280x800.sdr.png
8410	train	8100-lilith-web-screenshots	8100-lilith-web-screenshots/other/8410_web-screenshots_gutenberg-top_dpr1_page1_1280x800.png	1280	800	png	185171	185171	33ac7879b3510bce45f2ff8e726d7beead47d5e2ac5a9b8c3128ef0e46308ee0	https://codec-corpus.r2.imazen.org/imazen-26-unprocessed/8100-lilith-web-screenshots/other/8410_web-screenshots_gutenberg-top_dpr1_page1_1280x800.png	https://codec-corpus.r2.imazen.org/imazen-26-png-v3/8100-lilith-web-screenshots/other/8410_web-screenshots_gutenberg-top_dpr1_page1_1280x800.sdr.png
8412	train	8100-lilith-web-screenshots	8100-lilith-web-screenshots/other/8412_web-screenshots_gutenberg-top_dpr2_page1_750x1334.png	750	1334	png	143850	143850	4650c6b145c07920110c7e57c5543a42127962181e35797aadc05a31d35aaabc	https://codec-corpus.r2.imazen.org/imazen-26-unprocessed/8100-lilith-web-screenshots/other/8412_web-screenshots_gutenberg-top_dpr2_page1_750x1334.png	https://codec-corpus.r2.imazen.org/imazen-26-png-v3/8100-lilith-web-screenshots/other/8412_web-screenshots_gutenberg-top_dpr2_page1_750x1334.sdr.png
8414	train	8100-lilith-web-screenshots	8100-lilith-web-screenshots/other/8414_web-screenshots_lkml-lists-index_dpr1_page1_1280x800.png	1280	800	png	171848	171848	00c44cbf623bf62985e1c012e96d85487d1a7236b87a202df2ff387c5ab5cd30	https://codec-corpus.r2.imazen.org/imazen-26-unprocessed/8100-lilith-web-screenshots/other/8414_web-screenshots_lkml-lists-index_dpr1_page1_1280x800.png	https://codec-corpus.r2.imazen.org/imazen-26-png-v3/8100-lilith-web-screenshots/other/8414_web-screenshots_lkml-lists-index_dpr1_page1_1280x800.sdr.png
8416	train	8100-lilith-web-screenshots	8100-lilith-web-screenshots/other/8416_web-screenshots_loc-pictures_dpr1_page1_360x640.png	360	640	png	101364	101364	ce8d114bfe7b9e631711f6eb2f757d525501e2c35bc9164328e73c9315f0ac6d	https://codec-corpus.r2.imazen.org/imazen-26-unprocessed/8100-lilith-web-screenshots/other/8416_web-screenshots_loc-pictures_dpr1_page1_360x640.png	https://codec-corpus.r2.imazen.org/imazen-26-png-v3/8100-lilith-web-screenshots/other/8416_web-screenshots_loc-pictures_dpr1_page1_360x640.sdr.png
8418	train	8100-lilith-web-screenshots	8100-lilith-web-screenshots/other/8418_web-screenshots_nasa-artemis_dpr1_page1_1280x800.png	1280	800	png	356326	356326	c61b3251b54d189b728bea9710f054763edc7f4ec8406b2e3a437bd084652c43	https://codec-corpus.r2.imazen.org/imazen-26-unprocessed/8100-lilith-web-screenshots/other/8418_web-screenshots_nasa-artemis_dpr1_page1_1280x800.png	https://codec-corpus.r2.imazen.org/imazen-26-png-v3/8100-lilith-web-screenshots/other/8418_web-screenshots_nasa-artemis_dpr1_page1_1280x800.sdr.png
8420	train	8100-lilith-web-screenshots	8100-lilith-web-screenshots/other/8420_web-screenshots_nasa-missions_dpr1_page1_1024x768.png	1024	768	png	307961	307961	8a7ecd564fcc57210f54fdf7e54a1334f81a2bc57751cce01bd70fbcb38da96d	https://codec-corpus.r2.imazen.org/imazen-26-unprocessed/8100-lilith-web-screenshots/other/8420_web-screenshots_nasa-missions_dpr1_page1_1024x768.png	https://codec-corpus.r2.imazen.org/imazen-26-png-v3/8100-lilith-web-screenshots/other/8420_web-screenshots_nasa-missions_dpr1_page1_1024x768.sdr.png
8422	train	8100-lilith-web-screenshots	8100-lilith-web-screenshots/other/8422_web-screenshots_nasa-missions_dpr1_page1_2560x1440.png	2560	1440	png	901894	901894	9573cee379c7883c28a6190bfdb706a1098246cb1f2b53808881d71032f070ff	https://codec-corpus.r2.imazen.org/imazen-26-unprocessed/8100-lilith-web-screenshots/other/8422_web-screenshots_nasa-missions_dpr1_page1_2560x1440.png	https://codec-corpus.r2.imazen.org/imazen-26-png-v3/8100-lilith-web-screenshots/other/8422_web-screenshots_nasa-missions_dpr1_page1_2560x1440.sdr.png
8424	train	8100-lilith-web-screenshots	8100-lilith-web-screenshots/other/8424_web-screenshots_nasa-missions_dpr1_page1_667x375.png	667	375	png	11699	11699	acd3cac0ba909057fa3c3747afa4bf36aa2527c74042370cfd6143663ec38263	https://codec-corpus.r2.imazen.org/imazen-26-unprocessed/8100-lilith-web-screenshots/other/8424_web-screenshots_nasa-missions_dpr1_page1_667x375.png	https://codec-corpus.r2.imazen.org/imazen-26-png-v3/8100-lilith-web-screenshots/other/8424_web-screenshots_nasa-missions_dpr1_page1_667x375.sdr.png
8426	train	8100-lilith-web-screenshots	8100-lilith-web-screenshots/other/8426_web-screenshots_nasa-news_dpr1_page1_414x896.png	414	896	png	370269	370269	4783856e5662b19d5a065966f30d372bff5ed07c46ecfddea460d7041947afac	https://codec-corpus.r2.imazen.org/imazen-26-unprocessed/8100-lilith-web-screenshots/other/8426_web-screenshots_nasa-news_dpr1_page1_414x896.png	https://codec-corpus.r2.imazen.org/imazen-26-png-v3/8100-lilith-web-screenshots/other/8426_web-screenshots_nasa-news_dpr1_page1_414x896.sdr.png
8428	train	8100-lilith-web-screenshots	8100-lilith-web-screenshots/other/8428_web-screenshots_nasa-voyager_dpr1_page1_1280x800.png	1280	800	png	304831	304831	3443a3941f3d37f2cc4be15f8bac92ceb2cf53f5b4b71568e005b8ff081e3334	https://codec-corpus.r2.imazen.org/imazen-26-unprocessed/8100-lilith-web-screenshots/other/8428_web-screenshots_nasa-voyager_dpr1_page1_1280x800.png	https://codec-corpus.r2.imazen.org/imazen-26-png-v3/8100-lilith-web-screenshots/other/8428_web-screenshots_nasa-voyager_dpr1_page1_1280x800.sdr.png
8430	train	8100-lilith-web-screenshots	8100-lilith-web-screenshots/other/8430_web-screenshots_nasa-voyager_dpr1_page1_667x375.png	667	375	png	74565	74565	1c5e975bbdd3913292ebe80f0d00e2933d76ce178a205cec31c942c45ecf8919	https://codec-corpus.r2.imazen.org/imazen-26-unprocessed/8100-lilith-web-screenshots/other/8430_web-screenshots_nasa-voyager_dpr1_page1_667x375.png	https://codec-corpus.r2.imazen.org/imazen-26-png-v3/8100-lilith-web-screenshots/other/8430_web-screenshots_nasa-voyager_dpr1_page1_667x375.sdr.png
8432	train	8100-lilith-web-screenshots	8100-lilith-web-screenshots/other/8432_web-screenshots_nih-recipes-keep-the-beat_dpr1_page1_1280x800.png	1280	800	png	91451	91451	2347e616f14b5ffb326c06ce53e83d4e6aaeaa413a4d58744e5d6805fcd4c4ff	https://codec-corpus.r2.imazen.org/imazen-26-unprocessed/8100-lilith-web-screenshots/other/8432_web-screenshots_nih-recipes-keep-the-beat_dpr1_page1_1280x800.png	https://codec-corpus.r2.imazen.org/imazen-26-png-v3/8100-lilith-web-screenshots/other/8432_web-screenshots_nih-recipes-keep-the-beat_dpr1_page1_1280x800.sdr.png
8434	train	8100-lilith-web-screenshots	8100-lilith-web-screenshots/other/8434_web-screenshots_nih-home_dpr1_page1_414x896.png	414	896	png	135027	135027	d42c3ed976baee5e524ebb7ae3e561d182d939707d5e1a8b4da68179cae1e0b0	https://codec-corpus.r2.imazen.org/imazen-26-unprocessed/8100-lilith-web-screenshots/other/8434_web-screenshots_nih-home_dpr1_page1_414x896.png	https://codec-corpus.r2.imazen.org/imazen-26-png-v3/8100-lilith-web-screenshots/other/8434_web-screenshots_nih-home_dpr1_page1_414x896.sdr.png
8436	train	8100-lilith-web-screenshots	8100-lilith-web-screenshots/other/8436_web-screenshots_noaa-home_dpr2_page1_750x1334.png	750	1334	png	644244	644244	fbd59a8bf136c8a01a8d22271f1e846d1a8ae2c4545786fc66f4ff502ff0d84b	https://codec-corpus.r2.imazen.org/imazen-26-unprocessed/8100-lilith-web-screenshots/other/8436_web-screenshots_noaa-home_dpr2_page1_750x1334.png	https://codec-corpus.r2.imazen.org/imazen-26-png-v3/8100-lilith-web-screenshots/other/8436_web-screenshots_noaa-home_dpr2_page1_750x1334.sdr.png
8438	train	8100-lilith-web-screenshots	8100-lilith-web-screenshots/other/8438_web-screenshots_nps-acad_dpr1_page1_1280x800.png	1280	800	png	729066	729066	912912e56d478261362b05bbd14f5fe3e9c340ce6822129fb9dd74a87965a599	https://codec-corpus.r2.imazen.org/imazen-26-unprocessed/8100-lilith-web-screenshots/other/8438_web-screenshots_nps-acad_dpr1_page1_1280x800.png	https://codec-corpus.r2.imazen.org/imazen-26-png-v3/8100-lilith-web-screenshots/other/8438_web-screenshots_nps-acad_dpr1_page1_1280x800.sdr.png
8440	train	8100-lilith-web-screenshots	8100-lilith-web-screenshots/other/8440_web-screenshots_nps-acad_dpr1_page1_667x375.png	667	375	png	239815	239815	67359084737854317f27645e7e692666db534e08f772a115eb39faa08a16816e	https://codec-corpus.r2.imazen.org/imazen-26-unprocessed/8100-lilith-web-screenshots/other/8440_web-screenshots_nps-acad_dpr1_page1_667x375.png	https://codec-corpus.r2.imazen.org/imazen-26-png-v3/8100-lilith-web-screenshots/other/8440_web-screenshots_nps-acad_dpr1_page1_667x375.sdr.png
8442	train	8100-lilith-web-screenshots	8100-lilith-web-screenshots/other/8442_web-screenshots_nps-grca_dpr1_page1_414x896.png	414	896	png	269938	269938	7c73322f119792a14b39f5cd03abb1855632c5cc94b4eaece1e59bdb6c5e91d6	https://codec-corpus.r2.imazen.org/imazen-26-unprocessed/8100-lilith-web-screenshots/other/8442_web-screenshots_nps-grca_dpr1_page1_414x896.png	https://codec-corpus.r2.imazen.org/imazen-26-png-v3/8100-lilith-web-screenshots/other/8442_web-screenshots_nps-grca_dpr1_page1_414x896.sdr.png
8444	train	8100-lilith-web-screenshots	8100-lilith-web-screenshots/other/8444_web-screenshots_nps-yell_dpr1_page1_1024x768.png	1024	768	png	407496	407496	b82e42189188adac2ba20c2c28c79f8b6bf255475844d93d8165fd3ac7cd5b56	https://codec-corpus.r2.imazen.org/imazen-26-unprocessed/8100-lilith-web-screenshots/other/8444_web-screenshots_nps-yell_dpr1_page1_1024x768.png	https://codec-corpus.r2.imazen.org/imazen-26-png-v3/8100-lilith-web-screenshots/other/8444_web-screenshots_nps-yell_dpr1_page1_1024x768.sdr.png
8446	train	8100-lilith-web-screenshots	8100-lilith-web-screenshots/other/8446_web-screenshots_nps-yell_dpr1_page1_2560x1440.png	2560	1440	png	2412255	2412255	92bb5366c825acbae2e6752b784352aa0185e3d4f82d83ff3221aeafe6f65a19	https://codec-corpus.r2.imazen.org/imazen-26-unprocessed/8100-lilith-web-screenshots/other/8446_web-screenshots_nps-yell_dpr1_page1_2560x1440.png	https://codec-corpus.r2.imazen.org/imazen-26-png-v3/8100-lilith-web-screenshots/other/8446_web-screenshots_nps-yell_dpr1_page1_2560x1440.sdr.png
8448	train	8100-lilith-web-screenshots	8100-lilith-web-screenshots/other/8448_web-screenshots_nps-yellowstone_dpr1_page1_1280x800.png	1280	800	png	513360	513360	75790b97960233e8113ab7ef589cf3d67036b22763bcd03a3964cfe4e9a09a4e	https://codec-corpus.r2.imazen.org/imazen-26-unprocessed/8100-lilith-web-screenshots/other/8448_web-screenshots_nps-yellowstone_dpr1_page1_1280x800.png	https://codec-corpus.r2.imazen.org/imazen-26-png-v3/8100-lilith-web-screenshots/other/8448_web-screenshots_nps-yellowstone_dpr1_page1_1280x800.sdr.png
8450	train	8100-lilith-web-screenshots	8100-lilith-web-screenshots/other/8450_web-screenshots_nps-yellowstone_dpr1_page1_414x896.png	414	896	png	209566	209566	c0ccf21ab11dde750aa7906ceb94ec95990b9149b6039a9180267e299a0712aa	https://codec-corpus.r2.imazen.org/imazen-26-unprocessed/8100-lilith-web-screenshots/other/8450_web-screenshots_nps-yellowstone_dpr1_page1_414x896.png	https://codec-corpus.r2.imazen.org/imazen-26-png-v3/8100-lilith-web-screenshots/other/8450_web-screenshots_nps-yellowstone_dpr1_page1_414x896.sdr.png
8452	train	8100-lilith-web-screenshots	8100-lilith-web-screenshots/other/8452_web-screenshots_si-edu-exhibitions_dpr1_page1_1280x800.png	1280	800	png	54602	54602	c201371decdce974c2d3a02a1a2f5f94b88a3f98247723bfddac1484826925fb	https://codec-corpus.r2.imazen.org/imazen-26-unprocessed/8100-lilith-web-screenshots/other/8452_web-screenshots_si-edu-exhibitions_dpr1_page1_1280x800.png	https://codec-corpus.r2.imazen.org/imazen-26-png-v3/8100-lilith-web-screenshots/other/8452_web-screenshots_si-edu-exhibitions_dpr1_page1_1280x800.sdr.png
8454	train	8100-lilith-web-screenshots	8100-lilith-web-screenshots/other/8454_web-screenshots_terminal-cargo-build_dpr1_page1_1280x1100.png	1280	1100	png	109236	109236	042e9cd4aaa16b2fa9f685d433c96806ee138704854cace03e2b8674152945d8	https://codec-corpus.r2.imazen.org/imazen-26-unprocessed/8100-lilith-web-screenshots/other/8454_web-screenshots_terminal-cargo-build_dpr1_page1_1280x1100.png	https://codec-corpus.r2.imazen.org/imazen-26-png-v3/8100-lilith-web-screenshots/other/8454_web-screenshots_terminal-cargo-build_dpr1_page1_1280x1100.sdr.png
8456	train	8100-lilith-web-screenshots	8100-lilith-web-screenshots/other/8456_web-screenshots_terminal-ls-git-log_dpr1_page1_1280x900.png	1280	900	png	115235	115235	1de52d2a3c77f550ec3e62827d4f02622e1427c7ac3797cc646cbf9f08cd1503	https://codec-corpus.r2.imazen.org/imazen-26-unprocessed/8100-lilith-web-screenshots/other/8456_web-screenshots_terminal-ls-git-log_dpr1_page1_1280x900.png	https://codec-corpus.r2.imazen.org/imazen-26-png-v3/8100-lilith-web-screenshots/other/8456_web-screenshots_terminal-ls-git-log_dpr1_page1_1280x900.sdr.png
8458	train	8100-lilith-web-screenshots	8100-lilith-web-screenshots/other/8458_web-screenshots_usgs-home_dpr1_page1_667x375.png	667	375	png	286236	286236	fbf1b531c35d60f878024e833f42baf9d067713d6c85e8523dd71e4c176a107d	https://codec-corpus.r2.imazen.org/imazen-26-unprocessed/8100-lilith-web-screenshots/other/8458_web-screenshots_usgs-home_dpr1_page1_667x375.png	https://codec-corpus.r2.imazen.org/imazen-26-png-v3/8100-lilith-web-screenshots/other/8458_web-screenshots_usgs-home_dpr1_page1_667x375.sdr.png
8460	train	8100-lilith-web-screenshots	8100-lilith-web-screenshots/other/8460_web-screenshots_usgs-news_dpr2_page1_750x1334.png	750	1334	png	752561	752561	dfd406c9158d8181c6b25cc761fe9213ad655bf6a66005a70de1b6cf162f2c27	https://codec-corpus.r2.imazen.org/imazen-26-unprocessed/8100-lilith-web-screenshots/other/8460_web-screenshots_usgs-news_dpr2_page1_750x1334.png	https://codec-corpus.r2.imazen.org/imazen-26-png-v3/8100-lilith-web-screenshots/other/8460_web-screenshots_usgs-news_dpr2_page1_750x1334.sdr.png
8462	train	8100-lilith-web-screenshots	8100-lilith-web-screenshots/other/8462_web-screenshots_usgs-topoview_dpr1_page1_1280x800.png	1280	800	png	542194	542194	d07f0bcb41416a5460ea5e0572f7dc57f4ebc1f523c8ae2f901868480debf529	https://codec-corpus.r2.imazen.org/imazen-26-unprocessed/8100-lilith-web-screenshots/other/8462_web-screenshots_usgs-topoview_dpr1_page1_1280x800.png	https://codec-corpus.r2.imazen.org/imazen-26-png-v3/8100-lilith-web-screenshots/other/8462_web-screenshots_usgs-topoview_dpr1_page1_1280x800.sdr.png
8464	train	8100-lilith-web-screenshots	8100-lilith-web-screenshots/other/8464_web-screenshots_weather-forecast-nyc_dpr1_page1_667x375.png	667	375	png	62401	62401	7b215efa5a434abde26f7d7cc1be7962a625982077c88d46e92fbbeb9936f2c3	https://codec-corpus.r2.imazen.org/imazen-26-unprocessed/8100-lilith-web-screenshots/other/8464_web-screenshots_weather-forecast-nyc_dpr1_page1_667x375.png	https://codec-corpus.r2.imazen.org/imazen-26-png-v3/8100-lilith-web-screenshots/other/8464_web-screenshots_weather-forecast-nyc_dpr1_page1_667x375.sdr.png
8466	train	8100-lilith-web-screenshots	8100-lilith-web-screenshots/other/8466_web-screenshots_weather-home_dpr1_page1_1280x800.png	1280	800	png	459624	459624	ce2e3e9c42851552f3ce6d71d17f78968e12caad12c0d7ae199742d5e0a20e3b	https://codec-corpus.r2.imazen.org/imazen-26-unprocessed/8100-lilith-web-screenshots/other/8466_web-screenshots_weather-home_dpr1_page1_1280x800.png	https://codec-corpus.r2.imazen.org/imazen-26-png-v3/8100-lilith-web-screenshots/other/8466_web-screenshots_weather-home_dpr1_page1_1280x800.sdr.png
8468	train	8100-lilith-web-screenshots	8100-lilith-web-screenshots/other/8468_web-screenshots_weather-satellites_dpr1_page1_414x896.png	414	896	png	89320	89320	8e160b61ba52ab8948b67afb3a802f06fcb7bf0a76954452257027ef031c91e9	https://codec-corpus.r2.imazen.org/imazen-26-unprocessed/8100-lilith-web-screenshots/other/8468_web-screenshots_weather-satellites_dpr1_page1_414x896.png	https://codec-corpus.r2.imazen.org/imazen-26-png-v3/8100-lilith-web-screenshots/other/8468_web-screenshots_weather-satellites_dpr1_page1_414x896.sdr.png
9000	train	9000-lilith-ai-clipart	9000-lilith-ai-clipart/9000_gen_clipart_avocado-half_1024x1536.png	1024	1536	png	277175	277175	114a0c72fc6658a339011501b6bc5fb86c75a6ada981293072ca31553f7ea832	https://codec-corpus.r2.imazen.org/imazen-26-unprocessed/9000-lilith-ai-clipart/9000_gen_clipart_avocado-half_1024x1536.png	https://codec-corpus.r2.imazen.org/imazen-26-png-v3/9000-lilith-ai-clipart/9000_gen_clipart_avocado-half_1024x1536.sdr.png
9002	train	9000-lilith-ai-clipart	9000-lilith-ai-clipart/9002_gen_clipart_baguette-loaf_1024x1536.png	1024	1536	png	364236	364236	ff794a16216dcf5244989740b95b69be0f2dc9ca06f4d591b556694c41398b7b	https://codec-corpus.r2.imazen.org/imazen-26-unprocessed/9000-lilith-ai-clipart/9002_gen_clipart_baguette-loaf_1024x1536.png	https://codec-corpus.r2.imazen.org/imazen-26-png-v3/9000-lilith-ai-clipart/9002_gen_clipart_baguette-loaf_1024x1536.sdr.png
9004	train	9000-lilith-ai-clipart	9000-lilith-ai-clipart/9004_gen_clipart_bathtub-bubbles_1024x1536.png	1024	1536	png	596006	596006	3fb5c1cc702459702aa0276bd19ff70cba40a292cf351ecbef05cf59e852002d	https://codec-corpus.r2.imazen.org/imazen-26-unprocessed/9000-lilith-ai-clipart/9004_gen_clipart_bathtub-bubbles_1024x1536.png	https://codec-corpus.r2.imazen.org/imazen-26-png-v3/9000-lilith-ai-clipart/9004_gen_clipart_bathtub-bubbles_1024x1536.sdr.png
9006	train	9000-lilith-ai-clipart	9000-lilith-ai-clipart/9006_gen_clipart_bicycle-side_1024x1536.png	1024	1536	png	472464	472464	62089f75e68dfaa355c5049557a8a915a552956a0b69297ab889c27a8e9c2d19	https://codec-corpus.r2.imazen.org/imazen-26-unprocessed/9000-lilith-ai-clipart/9006_gen_clipart_bicycle-side_1024x1536.png	https://codec-corpus.r2.imazen.org/imazen-26-png-v3/9000-lilith-ai-clipart/9006_gen_clipart_bicycle-side_1024x1536.sdr.png
9008	train	9000-lilith-ai-clipart	9000-lilith-ai-clipart/9008_gen_clipart_bonsai-tree_1024x1536.png	1024	1536	png	642125	642125	7f4d053480549726f2100ae08a40150b10b52c22521fb35a274d17b078b3d7e3	https://codec-corpus.r2.imazen.org/imazen-26-unprocessed/9000-lilith-ai-clipart/9008_gen_clipart_bonsai-tree_1024x1536.png	https://codec-corpus.r2.imazen.org/imazen-26-png-v3/9000-lilith-ai-clipart/9008_gen_clipart_bonsai-tree_1024x1536.sdr.png
9010	train	9000-lilith-ai-clipart	9000-lilith-ai-clipart/9010_gen_clipart_bunny-with-carrot_1024x1536.png	1024	1536	png	513460	513460	d43b36de01466ff54acb7890e06aa72de3d7c0eded25556a3322c4306caae939	https://codec-corpus.r2.imazen.org/imazen-26-unprocessed/9000-lilith-ai-clipart/9010_gen_clipart_bunny-with-carrot_1024x1536.png	https://codec-corpus.r2.imazen.org/imazen-26-png-v3/9000-lilith-ai-clipart/9010_gen_clipart_bunny-with-carrot_1024x1536.sdr.png
9012	train	9000-lilith-ai-clipart	9000-lilith-ai-clipart/9012_gen_clipart_cactus-in-pot_1024x1024.png	1024	1024	png	315149	315149	7f6e2e50809092aeaec80484eb72723e5afb30329b4f3542e23c8167cbf7d0af	https://codec-corpus.r2.imazen.org/imazen-26-unprocessed/9000-lilith-ai-clipart/9012_gen_clipart_cactus-in-pot_1024x1024.png	https://codec-corpus.r2.imazen.org/imazen-26-png-v3/9000-lilith-ai-clipart/9012_gen_clipart_cactus-in-pot_1024x1024.sdr.png
9014	train	9000-lilith-ai-clipart	9000-lilith-ai-clipart/9014_gen_clipart_candle-flame_1024x1536.png	1024	1536	png	151941	151941	417dadc0aa3e5f1fa78b1cf1b90475966f3a7bf4c1465738a7772b99a034132b	https://codec-corpus.r2.imazen.org/imazen-26-unprocessed/9000-lilith-ai-clipart/9014_gen_clipart_candle-flame_1024x1536.png	https://codec-corpus.r2.imazen.org/imazen-26-png-v3/9000-lilith-ai-clipart/9014_gen_clipart_candle-flame_1024x1536.sdr.png
9016	train	9000-lilith-ai-clipart	9000-lilith-ai-clipart/9016_gen_clipart_cupcake-pastel_1024x1024.png	1024	1024	png	482689	482689	54c5ec8e5b6179d97a3aaf8ed4773137c7d81cd99877b91cc1aeddd5c3e4a614	https://codec-corpus.r2.imazen.org/imazen-26-unprocessed/9000-lilith-ai-clipart/9016_gen_clipart_cupcake-pastel_1024x1024.png	https://codec-corpus.r2.imazen.org/imazen-26-png-v3/9000-lilith-ai-clipart/9016_gen_clipart_cupcake-pastel_1024x1024.sdr.png
9018	train	9000-lilith-ai-clipart	9000-lilith-ai-clipart/9018_gen_clipart_dolphin-leap_1024x1536.png	1024	1536	png	276626	276626	15e2184e3fa32ad0ca26784cbac41b37173e91a35280bedd9bef714f198ee54e	https://codec-corpus.r2.imazen.org/imazen-26-unprocessed/9000-lilith-ai-clipart/9018_gen_clipart_dolphin-leap_1024x1536.png	https://codec-corpus.r2.imazen.org/imazen-26-png-v3/9000-lilith-ai-clipart/9018_gen_clipart_dolphin-leap_1024x1536.sdr.png
9020	train	9000-lilith-ai-clipart	9000-lilith-ai-clipart/9020_gen_clipart_egg-with-face_1024x1536.png	1024	1536	png	189170	189170	3c565a9c5c03b361a5411d537f2c1fbe3ba5d7e2ad441f1dfedc6c18e6f32048	https://codec-corpus.r2.imazen.org/imazen-26-unprocessed/9000-lilith-ai-clipart/9020_gen_clipart_egg-with-face_1024x1536.png	https://codec-corpus.r2.imazen.org/imazen-26-png-v3/9000-lilith-ai-clipart/9020_gen_clipart_egg-with-face_1024x1536.sdr.png
9022	train	9000-lilith-ai-clipart	9000-lilith-ai-clipart/9022_gen_clipart_fern-frond_1024x1536.png	1024	1536	png	540158	540158	c72a79435a4fb23e426abb7ffa45774dee9ab2d4e58027d6d84fd7b4824ec87c	https://codec-corpus.r2.imazen.org/imazen-26-unprocessed/9000-lilith-ai-clipart/9022_gen_clipart_fern-frond_1024x1536.png	https://codec-corpus.r2.imazen.org/imazen-26-png-v3/9000-lilith-ai-clipart/9022_gen_clipart_fern-frond_1024x1536.sdr.png
9024	train	9000-lilith-ai-clipart	9000-lilith-ai-clipart/9024_gen_clipart_foliage-cluster_1024x1024.png	1024	1024	png	692887	692887	4791851433059b8ae6d65ca9f43a56f8e8f88eb41215710c2714c7a395cdce5b	https://codec-corpus.r2.imazen.org/imazen-26-unprocessed/9000-lilith-ai-clipart/9024_gen_clipart_foliage-cluster_1024x1024.png	https://codec-corpus.r2.imazen.org/imazen-26-png-v3/9000-lilith-ai-clipart/9024_gen_clipart_foliage-cluster_1024x1024.sdr.png
9026	train	9000-lilith-ai-clipart	9000-lilith-ai-clipart/9026_gen_clipart_gift-box-bow_1024x1536.png	1024	1536	png	453375	453375	97af6d269421155d8d9c0ae8c24cd5ec42033ecb1e72c016ad17bdc640dafaa1	https://codec-corpus.r2.imazen.org/imazen-26-unprocessed/9000-lilith-ai-clipart/9026_gen_clipart_gift-box-bow_1024x1536.png	https://codec-corpus.r2.imazen.org/imazen-26-png-v3/9000-lilith-ai-clipart/9026_gen_clipart_gift-box-bow_1024x1536.sdr.png
9028	train	9000-lilith-ai-clipart	9000-lilith-ai-clipart/9028_gen_clipart_headphones_1024x1024.png	1024	1024	png	331780	331780	8d82ac7945102f48bdff8ffeb7b6eb10b7fbb24e85c7591dfcc0e745fffa6467	https://codec-corpus.r2.imazen.org/imazen-26-unprocessed/9000-lilith-ai-clipart/9028_gen_clipart_headphones_1024x1024.png	https://codec-corpus.r2.imazen.org/imazen-26-png-v3/9000-lilith-ai-clipart/9028_gen_clipart_headphones_1024x1024.sdr.png
9030	train	9000-lilith-ai-clipart	9000-lilith-ai-clipart/9030_gen_clipart_hibiscus-bloom_1024x1536.png	1024	1536	png	630077	630077	bbee7d8b47b2729519a862c58dcdf337a50dd3032322656464bcdf5b6cca8496	https://codec-corpus.r2.imazen.org/imazen-26-unprocessed/9000-lilith-ai-clipart/9030_gen_clipart_hibiscus-bloom_1024x1536.png	https://codec-corpus.r2.imazen.org/imazen-26-png-v3/9000-lilith-ai-clipart/9030_gen_clipart_hibiscus-bloom_1024x1536.sdr.png
9032	train	9000-lilith-ai-clipart	9000-lilith-ai-clipart/9032_gen_clipart_ice-cream-sundae_1024x1536.png	1024	1536	png	590952	590952	6391dfcdfcfd2c7ff9145da7379336eab7bafb7ab063ec6187580687e3f2d42a	https://codec-corpus.r2.imazen.org/imazen-26-unprocessed/9000-lilith-ai-clipart/9032_gen_clipart_ice-cream-sundae_1024x1536.png	https://codec-corpus.r2.imazen.org/imazen-26-png-v3/9000-lilith-ai-clipart/9032_gen_clipart_ice-cream-sundae_1024x1536.sdr.png
9034	train	9000-lilith-ai-clipart	9000-lilith-ai-clipart/9034_gen_clipart_key-tassel_1024x1536.png	1024	1536	png	415473	415473	cdb4cc55f2835c593f231f634c5010a3a8b2e1d08e7f825e6a20c88635c1f11a	https://codec-corpus.r2.imazen.org/imazen-26-unprocessed/9000-lilith-ai-clipart/9034_gen_clipart_key-tassel_1024x1536.png	https://codec-corpus.r2.imazen.org/imazen-26-png-v3/9000-lilith-ai-clipart/9034_gen_clipart_key-tassel_1024x1536.sdr.png
9036	train	9000-lilith-ai-clipart	9000-lilith-ai-clipart/9036_gen_clipart_laptop-coffee_1024x1024.png	1024	1024	png	378735	378735	c2ee2f18623d0bae186f7de01cd33f1d75f3446a34abb84a1e64ccd56f1f8597	https://codec-corpus.r2.imazen.org/imazen-26-unprocessed/9000-lilith-ai-clipart/9036_gen_clipart_laptop-coffee_1024x1024.png	https://codec-corpus.r2.imazen.org/imazen-26-png-v3/9000-lilith-ai-clipart/9036_gen_clipart_laptop-coffee_1024x1024.sdr.png
9038	train	9000-lilith-ai-clipart	9000-lilith-ai-clipart/9038_gen_clipart_lavender-stem_1024x1536.png	1024	1536	png	239054	239054	1737dcdd57a2799a3df7aa3ae333de5d5c70194187817aae4c5871b1868e889e	https://codec-corpus.r2.imazen.org/imazen-26-unprocessed/9000-lilith-ai-clipart/9038_gen_clipart_lavender-stem_1024x1536.png	https://codec-corpus.r2.imazen.org/imazen-26-png-v3/9000-lilith-ai-clipart/9038_gen_clipart_lavender-stem_1024x1536.sdr.png
9040	train	9000-lilith-ai-clipart	9000-lilith-ai-clipart/9040_gen_clipart_lightning-bolt_1024x1536.png	1024	1536	png	281320	281320	d2a7f64e0610c62fb7e4f0de74d41fbfa1b6bffa413cbc185f3f03d03af1f558	https://codec-corpus.r2.imazen.org/imazen-26-unprocessed/9000-lilith-ai-clipart/9040_gen_clipart_lightning-bolt_1024x1536.png	https://codec-corpus.r2.imazen.org/imazen-26-png-v3/9000-lilith-ai-clipart/9040_gen_clipart_lightning-bolt_1024x1536.sdr.png
9042	train	9000-lilith-ai-clipart	9000-lilith-ai-clipart/9042_gen_clipart_monstera-leaf_1024x1024.png	1024	1024	png	468850	468850	49b316800f42c776c4417048cc06392b8f70355432980960634864e7cc27ea3f	https://codec-corpus.r2.imazen.org/imazen-26-unprocessed/9000-lilith-ai-clipart/9042_gen_clipart_monstera-leaf_1024x1024.png	https://codec-corpus.r2.imazen.org/imazen-26-png-v3/9000-lilith-ai-clipart/9042_gen_clipart_monstera-leaf_1024x1024.sdr.png
9044	train	9000-lilith-ai-clipart	9000-lilith-ai-clipart/9044_gen_clipart_mountain-set_1536x1024.png	1536	1024	png	259392	259392	2a75465b6096648a5f4781a7e7efb3483ad121f28218e9b5db70121a0ceceefd	https://codec-corpus.r2.imazen.org/imazen-26-unprocessed/9000-lilith-ai-clipart/9044_gen_clipart_mountain-set_1536x1024.png	https://codec-corpus.r2.imazen.org/imazen-26-png-v3/9000-lilith-ai-clipart/9044_gen_clipart_mountain-set_1536x1024.sdr.png
9046	train	9000-lilith-ai-clipart	9000-lilith-ai-clipart/9046_gen_clipart_octopus-friend_1024x1024.png	1024	1024	png	478081	478081	79b1f24e69fe81a7617db6e3b34d4d704d314c7522ecdb11f9429ab12ed095ca	https://codec-corpus.r2.imazen.org/imazen-26-unprocessed/9000-lilith-ai-clipart/9046_gen_clipart_octopus-friend_1024x1024.png	https://codec-corpus.r2.imazen.org/imazen-26-png-v3/9000-lilith-ai-clipart/9046_gen_clipart_octopus-friend_1024x1024.sdr.png
9048	train	9000-lilith-ai-clipart	9000-lilith-ai-clipart/9048_gen_clipart_paint-palette-brush_1024x1024.png	1024	1024	png	518990	518990	5b030e0d40b586be2373a6de53e9792ba42e53650582feaf0ae50e59986ab7cd	https://codec-corpus.r2.imazen.org/imazen-26-unprocessed/9000-lilith-ai-clipart/9048_gen_clipart_paint-palette-brush_1024x1024.png	https://codec-corpus.r2.imazen.org/imazen-26-png-v3/9000-lilith-ai-clipart/9048_gen_clipart_paint-palette-brush_1024x1024.sdr.png
9050	train	9000-lilith-ai-clipart	9000-lilith-ai-clipart/9050_gen_clipart_parrot-tropical_1024x1536.png	1024	1536	png	460014	460014	7c4868ebd0bb9464966f37db49802a5d5385e28cf77c57bd475dcc26e15c6181	https://codec-corpus.r2.imazen.org/imazen-26-unprocessed/9000-lilith-ai-clipart/9050_gen_clipart_parrot-tropical_1024x1536.png	https://codec-corpus.r2.imazen.org/imazen-26-png-v3/9000-lilith-ai-clipart/9050_gen_clipart_parrot-tropical_1024x1536.sdr.png
9052	train	9000-lilith-ai-clipart	9000-lilith-ai-clipart/9052_gen_clipart_pencil-tilted_1024x1536.png	1024	1536	png	273589	273589	33c4f32e387041b370597c5c2efae24c541253ab73f78fc3b8e148a179ee6a28	https://codec-corpus.r2.imazen.org/imazen-26-unprocessed/9000-lilith-ai-clipart/9052_gen_clipart_pencil-tilted_1024x1536.png	https://codec-corpus.r2.imazen.org/imazen-26-png-v3/9000-lilith-ai-clipart/9052_gen_clipart_pencil-tilted_1024x1536.sdr.png
9054	train	9000-lilith-ai-clipart	9000-lilith-ai-clipart/9054_gen_clipart_pizza-slice_1024x1024.png	1024	1024	png	569271	569271	c1c6722aed08457d2f0152f9725917088ef644dbaf523db9d8a7af0c0fdd658b	https://codec-corpus.r2.imazen.org/imazen-26-unprocessed/9000-lilith-ai-clipart/9054_gen_clipart_pizza-slice_1024x1024.png	https://codec-corpus.r2.imazen.org/imazen-26-png-v3/9000-lilith-ai-clipart/9054_gen_clipart_pizza-slice_1024x1024.sdr.png
9056	train	9000-lilith-ai-clipart	9000-lilith-ai-clipart/9056_gen_clipart_rose-bloom_1024x1536.png	1024	1536	png	409752	409752	646c9ab375772689f11e85f8cabcb15d597dc64f8ee55a9578a76abc02c97a30	https://codec-corpus.r2.imazen.org/imazen-26-unprocessed/9000-lilith-ai-clipart/9056_gen_clipart_rose-bloom_1024x1536.png	https://codec-corpus.r2.imazen.org/imazen-26-png-v3/9000-lilith-ai-clipart/9056_gen_clipart_rose-bloom_1024x1536.sdr.png
9058	train	9000-lilith-ai-clipart	9000-lilith-ai-clipart/9058_gen_clipart_sandcastle_1024x1536.png	1024	1536	png	578770	578770	07de2d61bb71c599b4ce3a57211237f5d65ce08bde9b600c6544c7ea02f950c0	https://codec-corpus.r2.imazen.org/imazen-26-unprocessed/9000-lilith-ai-clipart/9058_gen_clipart_sandcastle_1024x1536.png	https://codec-corpus.r2.imazen.org/imazen-26-png-v3/9000-lilith-ai-clipart/9058_gen_clipart_sandcastle_1024x1536.sdr.png
9060	train	9000-lilith-ai-clipart	9000-lilith-ai-clipart/9060_gen_clipart_shooting-star_1024x1536.png	1024	1536	png	278578	278578	4fbb8864265ab56eaf6e5c6ac86a7739748effc3b1af9c0c0c7913cb24e71a6d	https://codec-corpus.r2.imazen.org/imazen-26-unprocessed/9000-lilith-ai-clipart/9060_gen_clipart_shooting-star_1024x1536.png	https://codec-corpus.r2.imazen.org/imazen-26-png-v3/9000-lilith-ai-clipart/9060_gen_clipart_shooting-star_1024x1536.sdr.png
9062	train	9000-lilith-ai-clipart	9000-lilith-ai-clipart/9062_gen_clipart_smiling-sun_1024x1024.png	1024	1024	png	344099	344099	232804471baa39100715f9313b2f9119f14d668c0072d11d16a626a015aba0e6	https://codec-corpus.r2.imazen.org/imazen-26-unprocessed/9000-lilith-ai-clipart/9062_gen_clipart_smiling-sun_1024x1024.png	https://codec-corpus.r2.imazen.org/imazen-26-png-v3/9000-lilith-ai-clipart/9062_gen_clipart_smiling-sun_1024x1024.sdr.png
9064	train	9000-lilith-ai-clipart	9000-lilith-ai-clipart/9064_gen_clipart_snow-globe_1024x1536.png	1024	1536	png	426076	426076	f14854f4ba57703969806f8c3d93d3a1bef37790de616571f2582db101dc4517	https://codec-corpus.r2.imazen.org/imazen-26-unprocessed/9000-lilith-ai-clipart/9064_gen_clipart_snow-globe_1024x1536.png	https://codec-corpus.r2.imazen.org/imazen-26-png-v3/9000-lilith-ai-clipart/9064_gen_clipart_snow-globe_1024x1536.sdr.png
9066	train	9000-lilith-ai-clipart	9000-lilith-ai-clipart/9066_gen_clipart_speech-bubble-hi_1024x1536.png	1024	1536	png	297469	297469	4681b0c090a011a346722394a0289d4d740f1b1f78ade5dbc8925187b0e8431b	https://codec-corpus.r2.imazen.org/imazen-26-unprocessed/9000-lilith-ai-clipart/9066_gen_clipart_speech-bubble-hi_1024x1536.png	https://codec-corpus.r2.imazen.org/imazen-26-png-v3/9000-lilith-ai-clipart/9066_gen_clipart_speech-bubble-hi_1024x1536.sdr.png
9068	train	9000-lilith-ai-clipart	9000-lilith-ai-clipart/9068_gen_clipart_succulent-trio_1024x1536.png	1024	1536	png	858554	858554	147f6a84a8b02ffd4d4ac3c99145ef664d5e287a575601e765daf639ce3a80e3	https://codec-corpus.r2.imazen.org/imazen-26-unprocessed/9000-lilith-ai-clipart/9068_gen_clipart_succulent-trio_1024x1536.png	https://codec-corpus.r2.imazen.org/imazen-26-png-v3/9000-lilith-ai-clipart/9068_gen_clipart_succulent-trio_1024x1536.sdr.png
9070	train	9000-lilith-ai-clipart	9000-lilith-ai-clipart/9070_gen_clipart_sunflower-cheerful_1024x1536.png	1024	1536	png	412527	412527	3a3b400633ad125644aedb99ad479ef399f9966db9b5207405aa8cefe9e27d76	https://codec-corpus.r2.imazen.org/imazen-26-unprocessed/9000-lilith-ai-clipart/9070_gen_clipart_sunflower-cheerful_1024x1536.png	https://codec-corpus.r2.imazen.org/imazen-26-png-v3/9000-lilith-ai-clipart/9070_gen_clipart_sunflower-cheerful_1024x1536.sdr.png
9072	train	9000-lilith-ai-clipart	9000-lilith-ai-clipart/9072_gen_clipart_sushi-roll-trio_1024x1536.png	1024	1536	png	691290	691290	c7ea83fc339d834cde786909d68753a3ff23be7758ce2a5d8b2a03d681d9c6f0	https://codec-corpus.r2.imazen.org/imazen-26-unprocessed/9000-lilith-ai-clipart/9072_gen_clipart_sushi-roll-trio_1024x1536.png	https://codec-corpus.r2.imazen.org/imazen-26-png-v3/9000-lilith-ai-clipart/9072_gen_clipart_sushi-roll-trio_1024x1536.sdr.png
9074	train	9000-lilith-ai-clipart	9000-lilith-ai-clipart/9074_gen_clipart_teapot-classic_1024x1536.png	1024	1536	png	331150	331150	4ea0bcb55c02a8f35bf41eff0820dab0ec2858fe11a8865334e7d230edfc82a5	https://codec-corpus.r2.imazen.org/imazen-26-unprocessed/9000-lilith-ai-clipart/9074_gen_clipart_teapot-classic_1024x1536.png	https://codec-corpus.r2.imazen.org/imazen-26-png-v3/9000-lilith-ai-clipart/9074_gen_clipart_teapot-classic_1024x1536.sdr.png
9076	train	9000-lilith-ai-clipart	9000-lilith-ai-clipart/9076_gen_clipart_thumbs-up-hand_1024x1536.png	1024	1536	png	226014	226014	a0f2c2aacff17739b1131003eb9b47b5f9bea57b09ca6680ab9fcdc48b0ac2dd	https://codec-corpus.r2.imazen.org/imazen-26-unprocessed/9000-lilith-ai-clipart/9076_gen_clipart_thumbs-up-hand_1024x1536.png	https://codec-corpus.r2.imazen.org/imazen-26-png-v3/9000-lilith-ai-clipart/9076_gen_clipart_thumbs-up-hand_1024x1536.sdr.png
9078	train	9000-lilith-ai-clipart	9000-lilith-ai-clipart/9078_gen_clipart_tulip-trio_1024x1536.png	1024	1536	png	480890	480890	19f0f607f6baeb218e2fd667e119be7a795a9655a12b0aa590192d9a2f0e8fa8	https://codec-corpus.r2.imazen.org/imazen-26-unprocessed/9000-lilith-ai-clipart/9078_gen_clipart_tulip-trio_1024x1536.png	https://codec-corpus.r2.imazen.org/imazen-26-png-v3/9000-lilith-ai-clipart/9078_gen_clipart_tulip-trio_1024x1536.sdr.png
9080	train	9000-lilith-ai-clipart	9000-lilith-ai-clipart/9080_gen_clipart_vintage-camera_1024x1024.png	1024	1024	png	578304	578304	cba7c99c0e0d34d168f5e6a7764545f36000c866d1b382e2f1b418f0d162b7b0	https://codec-corpus.r2.imazen.org/imazen-26-unprocessed/9000-lilith-ai-clipart/9080_gen_clipart_vintage-camera_1024x1024.png	https://codec-corpus.r2.imazen.org/imazen-26-png-v3/9000-lilith-ai-clipart/9080_gen_clipart_vintage-camera_1024x1024.sdr.png
9082	train	9000-lilith-ai-clipart	9000-lilith-ai-clipart/9082_gen_clipart_watermelon-slice-face_1024x1024.png	1024	1024	png	459113	459113	b59d45e679a90f995c00c9b858273f2cbc9e79be98c86af39f5c6eacfc5ee1b9	https://codec-corpus.r2.imazen.org/imazen-26-unprocessed/9000-lilith-ai-clipart/9082_gen_clipart_watermelon-slice-face_1024x1024.png	https://codec-corpus.r2.imazen.org/imazen-26-png-v3/9000-lilith-ai-clipart/9082_gen_clipart_watermelon-slice-face_1024x1024.sdr.png
9084	train	9000-lilith-ai-clipart	9000-lilith-ai-clipart/9084_gen_clipart_yoga-mat-roll_1024x1536.png	1024	1536	png	294217	294217	c6a9d68fe1f36f5373082e5d4eeda2ecd32112e250ce4ffb62b566de7eed484c	https://codec-corpus.r2.imazen.org/imazen-26-unprocessed/9000-lilith-ai-clipart/9084_gen_clipart_yoga-mat-roll_1024x1536.png	https://codec-corpus.r2.imazen.org/imazen-26-png-v3/9000-lilith-ai-clipart/9084_gen_clipart_yoga-mat-roll_1024x1536.sdr.png
9094	train	9094-lilith-ai-illustrations	9094-lilith-ai-illustrations/9094_gen_illustrations_abstract-floral-gouache_1024x1536.png	1024	1536	png	3503940	3503940	cd53ba770a48ca73a7c557b7ad82fd70f59a36e4f2eb356003bb3e065363cb29	https://codec-corpus.r2.imazen.org/imazen-26-unprocessed/9094-lilith-ai-illustrations/9094_gen_illustrations_abstract-floral-gouache_1024x1536.png	https://codec-corpus.r2.imazen.org/imazen-26-png-v3/9094-lilith-ai-illustrations/9094_gen_illustrations_abstract-floral-gouache_1024x1536.sdr.png
9096	train	9094-lilith-ai-illustrations	9094-lilith-ai-illustrations/9096_gen_illustrations_alpine-meadow-summer_1024x1536.png	1024	1536	png	3965239	3965239	934c04d731a0510398ab261bd711c5f38a291213f2db1e5b66c973101598910b	https://codec-corpus.r2.imazen.org/imazen-26-unprocessed/9094-lilith-ai-illustrations/9096_gen_illustrations_alpine-meadow-summer_1024x1536.png	https://codec-corpus.r2.imazen.org/imazen-26-png-v3/9094-lilith-ai-illustrations/9096_gen_illustrations_alpine-meadow-summer_1024x1536.sdr.png
9098	train	9094-lilith-ai-illustrations	9094-lilith-ai-illustrations/9098_gen_illustrations_baker-flour-dust-light_1024x1536.png	1024	1536	png	3562192	3562192	5ad26125623fc2c28382fd0771f96530e61a2a5ac8498f5c86b5662f72e8cbd2	https://codec-corpus.r2.imazen.org/imazen-26-unprocessed/9094-lilith-ai-illustrations/9098_gen_illustrations_baker-flour-dust-light_1024x1536.png	https://codec-corpus.r2.imazen.org/imazen-26-png-v3/9094-lilith-ai-illustrations/9098_gen_illustrations_baker-flour-dust-light_1024x1536.sdr.png
9100	train	9094-lilith-ai-illustrations	9094-lilith-ai-illustrations/9100_gen_illustrations_bath-candles-evening_1024x1536.png	1024	1536	png	3288284	3288284	6f3679a788ed44b069057f8deab00fd79a0970d5e65a2d5a2e36a34ef5f90328	https://codec-corpus.r2.imazen.org/imazen-26-unprocessed/9094-lilith-ai-illustrations/9100_gen_illustrations_bath-candles-evening_1024x1536.png	https://codec-corpus.r2.imazen.org/imazen-26-png-v3/9094-lilith-ai-illustrations/9100_gen_illustrations_bath-candles-evening_1024x1536.sdr.png
9102	train	9094-lilith-ai-illustrations	9094-lilith-ai-illustrations/9102_gen_illustrations_bicycle-fruit-crates-wall_1024x1536.png	1024	1536	png	3681781	3681781	f67d2dbb8afdcaf9a1129ddd47e18f4b14e7b6aff0ad713357caab163a5fddc6	https://codec-corpus.r2.imazen.org/imazen-26-unprocessed/9094-lilith-ai-illustrations/9102_gen_illustrations_bicycle-fruit-crates-wall_1024x1536.png	https://codec-corpus.r2.imazen.org/imazen-26-png-v3/9094-lilith-ai-illustrations/9102_gen_illustrations_bicycle-fruit-crates-wall_1024x1536.sdr.png
9104	train	9094-lilith-ai-illustrations	9094-lilith-ai-illustrations/9104_gen_illustrations_cellist-rehearsing-attic_1024x1536.png	1024	1536	png	3507292	3507292	9456b87d74bcb30afd06d52d4b50dd9b2ef77d2580a1a5aad578a32d76ecfd24	https://codec-corpus.r2.imazen.org/imazen-26-unprocessed/9094-lilith-ai-illustrations/9104_gen_illustrations_cellist-rehearsing-attic_1024x1536.png	https://codec-corpus.r2.imazen.org/imazen-26-png-v3/9094-lilith-ai-illustrations/9104_gen_illustrations_cellist-rehearsing-attic_1024x1536.sdr.png
9106	train	9094-lilith-ai-illustrations	9094-lilith-ai-illustrations/9106_gen_illustrations_child-fox-snowy-forest_1024x1536.png	1024	1536	png	3779791	3779791	af489d036047f95eba26b895890f84866bf0e7e92600356ba0cad54a64a8be84	https://codec-corpus.r2.imazen.org/imazen-26-unprocessed/9094-lilith-ai-illustrations/9106_gen_illustrations_child-fox-snowy-forest_1024x1536.png	https://codec-corpus.r2.imazen.org/imazen-26-png-v3/9094-lilith-ai-illustrations/9106_gen_illustrations_child-fox-snowy-forest_1024x1536.sdr.png
9108	train	9094-lilith-ai-illustrations	9094-lilith-ai-illustrations/9108_gen_illustrations_citrus-harvest-table_1024x1536.png	1024	1536	png	3579672	3579672	7c3eb9c5becfe1440b504492b13a5d805669f3b134c8ccb1fea7c9ad92eec4c0	https://codec-corpus.r2.imazen.org/imazen-26-unprocessed/9094-lilith-ai-illustrations/9108_gen_illustrations_citrus-harvest-table_1024x1536.png	https://codec-corpus.r2.imazen.org/imazen-26-png-v3/9094-lilith-ai-illustrations/9108_gen_illustrations_citrus-harvest-table_1024x1536.sdr.png
9110	train	9094-lilith-ai-illustrations	9094-lilith-ai-illustrations/9110_gen_illustrations_coffee-shop-dusk_1536x1024.png	1536	1024	png	3453249	3453249	2f6259eed1192aeeeb83569eb98128ea0463f7908158aca3f2e2c3d54790c0d3	https://codec-corpus.r2.imazen.org/imazen-26-unprocessed/9094-lilith-ai-illustrations/9110_gen_illustrations_coffee-shop-dusk_1536x1024.png	https://codec-corpus.r2.imazen.org/imazen-26-png-v3/9094-lilith-ai-illustrations/9110_gen_illustrations_coffee-shop-dusk_1536x1024.sdr.png
9112	train	9094-lilith-ai-illustrations	9094-lilith-ai-illustrations/9112_gen_illustrations_croissants-morning-coffee_1024x1536.png	1024	1536	png	3272700	3272700	6e0386e820d6ec58ae266f510371c7a42bb2ed59f7e1cfd79018b25d4b2b7d5c	https://codec-corpus.r2.imazen.org/imazen-26-unprocessed/9094-lilith-ai-illustrations/9112_gen_illustrations_croissants-morning-coffee_1024x1536.png	https://codec-corpus.r2.imazen.org/imazen-26-png-v3/9094-lilith-ai-illustrations/9112_gen_illustrations_croissants-morning-coffee_1024x1536.sdr.png
9114	train	9094-lilith-ai-illustrations	9094-lilith-ai-illustrations/9114_gen_illustrations_cyclist-mountain-pass_1024x1536.png	1024	1536	png	3142854	3142854	8889c5a269c1452325501659a6de65c968f8bdeda511433e67da78874a580a49	https://codec-corpus.r2.imazen.org/imazen-26-unprocessed/9094-lilith-ai-illustrations/9114_gen_illustrations_cyclist-mountain-pass_1024x1536.png	https://codec-corpus.r2.imazen.org/imazen-26-png-v3/9094-lilith-ai-illustrations/9114_gen_illustrations_cyclist-mountain-pass_1024x1536.sdr.png
9116	train	9094-lilith-ai-illustrations	9094-lilith-ai-illustrations/9116_gen_illustrations_desert-twilight-saguaro_1024x1536.png	1024	1536	png	3406966	3406966	9616218c78fb7210b5ec52000fbf4449d05778dc87147290fea6a5dac318caf1	https://codec-corpus.r2.imazen.org/imazen-26-unprocessed/9094-lilith-ai-illustrations/9116_gen_illustrations_desert-twilight-saguaro_1024x1536.png	https://codec-corpus.r2.imazen.org/imazen-26-png-v3/9094-lilith-ai-illustrations/9116_gen_illustrations_desert-twilight-saguaro_1024x1536.sdr.png
9118	train	9094-lilith-ai-illustrations	9094-lilith-ai-illustrations/9118_gen_illustrations_farmers-market-stall_1536x1024.png	1536	1024	png	3987561	3987561	2259395ab4bef54d6e99569352717318a5660afe0e01d20454735b50f2583d1d	https://codec-corpus.r2.imazen.org/imazen-26-unprocessed/9094-lilith-ai-illustrations/9118_gen_illustrations_farmers-market-stall_1536x1024.png	https://codec-corpus.r2.imazen.org/imazen-26-png-v3/9094-lilith-ai-illustrations/9118_gen_illustrations_farmers-market-stall_1536x1024.sdr.png
9120	train	9094-lilith-ai-illustrations	9094-lilith-ai-illustrations/9120_gen_illustrations_fog-bound-lake_1024x1536.png	1024	1536	png	2842081	2842081	7ec5f609cba7af56678b1d846b8b84befbfc8635f8e08fa00232439b8f47d0a6	https://codec-corpus.r2.imazen.org/imazen-26-unprocessed/9094-lilith-ai-illustrations/9120_gen_illustrations_fog-bound-lake_1024x1536.png	https://codec-corpus.r2.imazen.org/imazen-26-png-v3/9094-lilith-ai-illustrations/9120_gen_illustrations_fog-bound-lake_1024x1536.sdr.png
9122	train	9094-lilith-ai-illustrations	9094-lilith-ai-illustrations/9122_gen_illustrations_fox-resting-winter_1024x1536.png	1024	1536	png	3747154	3747154	c09db7f00944b545fdfab8188570013b186f5e109ec129b35a99d70a669411a2	https://codec-corpus.r2.imazen.org/imazen-26-unprocessed/9094-lilith-ai-illustrations/9122_gen_illustrations_fox-resting-winter_1024x1536.png	https://codec-corpus.r2.imazen.org/imazen-26-png-v3/9094-lilith-ai-illustrations/9122_gen_illustrations_fox-resting-winter_1024x1536.sdr.png
9124	train	9094-lilith-ai-illustrations	9094-lilith-ai-illustrations/9124_gen_illustrations_greenhouse-botanist_1024x1536.png	1024	1536	png	3969396	3969396	8ccd6c3405caf82cbcdbfbd7ad24f7c1317910c047038b05d56b96f6acc508ee	https://codec-corpus.r2.imazen.org/imazen-26-unprocessed/9094-lilith-ai-illustrations/9124_gen_illustrations_greenhouse-botanist_1024x1536.png	https://codec-corpus.r2.imazen.org/imazen-26-png-v3/9094-lilith-ai-illustrations/9124_gen_illustrations_greenhouse-botanist_1024x1536.sdr.png
9126	train	9094-lilith-ai-illustrations	9094-lilith-ai-illustrations/9126_gen_illustrations_horse-in-storm_1024x1536.png	1024	1536	png	3121074	3121074	944d75ea2d7b6ce95f1d5c3616de937bce9206e563994af2d42a4c500806c140	https://codec-corpus.r2.imazen.org/imazen-26-unprocessed/9094-lilith-ai-illustrations/9126_gen_illustrations_horse-in-storm_1024x1536.png	https://codec-corpus.r2.imazen.org/imazen-26-png-v3/9094-lilith-ai-illustrations/9126_gen_illustrations_horse-in-storm_1024x1536.sdr.png
9128	train	9094-lilith-ai-illustrations	9094-lilith-ai-illustrations/9128_gen_illustrations_invented-tarot-card_1024x1536.png	1024	1536	png	3450833	3450833	3ffbea8b30bb62d2a01780c9d3c0e0318a155e1ec88db2699ea194a5117a959e	https://codec-corpus.r2.imazen.org/imazen-26-unprocessed/9094-lilith-ai-illustrations/9128_gen_illustrations_invented-tarot-card_1024x1536.png	https://codec-corpus.r2.imazen.org/imazen-26-png-v3/9094-lilith-ai-illustrations/9128_gen_illustrations_invented-tarot-card_1024x1536.sdr.png
9130	train	9094-lilith-ai-illustrations	9094-lilith-ai-illustrations/9130_gen_illustrations_kitchen-dawn-kettle-steam_1024x1536.png	1024	1536	png	3248046	3248046	f56bcbf4cd55b5e095b0f76254086263e1c18940180b72efc882583586076b9f	https://codec-corpus.r2.imazen.org/imazen-26-unprocessed/9094-lilith-ai-illustrations/9130_gen_illustrations_kitchen-dawn-kettle-steam_1024x1536.png	https://codec-corpus.r2.imazen.org/imazen-26-png-v3/9094-lilith-ai-illustrations/9130_gen_illustrations_kitchen-dawn-kettle-steam_1024x1536.sdr.png
9132	train	9094-lilith-ai-illustrations	9094-lilith-ai-illustrations/9132_gen_illustrations_market-vegetable-basket_1024x1536.png	1024	1536	png	4333595	4333595	3e3c4a4fac8b9ca37b5513c76aa3df892177eba22a131aa1595eebaeac956bb6	https://codec-corpus.r2.imazen.org/imazen-26-unprocessed/9094-lilith-ai-illustrations/9132_gen_illustrations_market-vegetable-basket_1024x1536.png	https://codec-corpus.r2.imazen.org/imazen-26-png-v3/9094-lilith-ai-illustrations/9132_gen_illustrations_market-vegetable-basket_1024x1536.sdr.png
9134	train	9094-lilith-ai-illustrations	9094-lilith-ai-illustrations/9134_gen_illustrations_night-market-lanterns_1024x1536.png	1024	1536	png	3659548	3659548	7dc41bcbf3898b557bb9f1f65f023ee08fbcb2f94a6284106a448814408ad1dc	https://codec-corpus.r2.imazen.org/imazen-26-unprocessed/9094-lilith-ai-illustrations/9134_gen_illustrations_night-market-lanterns_1024x1536.png	https://codec-corpus.r2.imazen.org/imazen-26-png-v3/9094-lilith-ai-illustrations/9134_gen_illustrations_night-market-lanterns_1024x1536.sdr.png
9136	train	9094-lilith-ai-illustrations	9094-lilith-ai-illustrations/9136_gen_illustrations_paper-lantern-festival_1024x1536.png	1024	1536	png	3477733	3477733	700c9c7bd37c69beee5c8b8e5a6849dd2e7f8a678b0201ba6114d650cdca2d90	https://codec-corpus.r2.imazen.org/imazen-26-unprocessed/9094-lilith-ai-illustrations/9136_gen_illustrations_paper-lantern-festival_1024x1536.png	https://codec-corpus.r2.imazen.org/imazen-26-png-v3/9094-lilith-ai-illustrations/9136_gen_illustrations_paper-lantern-festival_1024x1536.sdr.png
9138	train	9094-lilith-ai-illustrations	9094-lilith-ai-illustrations/9138_gen_illustrations_plant-watering-ritual_1024x1536.png	1024	1536	png	3126578	3126578	1af1e3131002ff3bfe1398c9d2079d8f6ccbeb789d4a014739440433dc84446c	https://codec-corpus.r2.imazen.org/imazen-26-unprocessed/9094-lilith-ai-illustrations/9138_gen_illustrations_plant-watering-ritual_1024x1536.png	https://codec-corpus.r2.imazen.org/imazen-26-png-v3/9094-lilith-ai-illustrations/9138_gen_illustrations_plant-watering-ritual_1024x1536.sdr.png
9140	train	9094-lilith-ai-illustrations	9094-lilith-ai-illustrations/9140_gen_illustrations_reading-nook-hot-chocolate_1024x1536.png	1024	1536	png	4373605	4373605	e030bddb74dba4c84331ce3da94562bd27b18925c8befe0de8ed13f3786214c3	https://codec-corpus.r2.imazen.org/imazen-26-unprocessed/9094-lilith-ai-illustrations/9140_gen_illustrations_reading-nook-hot-chocolate_1024x1536.png	https://codec-corpus.r2.imazen.org/imazen-26-png-v3/9094-lilith-ai-illustrations/9140_gen_illustrations_reading-nook-hot-chocolate_1024x1536.sdr.png
9142	train	9094-lilith-ai-illustrations	9094-lilith-ai-illustrations/9142_gen_illustrations_rooftop-sunset-gathering_1024x1536.png	1024	1536	png	2949702	2949702	031b694170d5b2764e5fdbbec51286be04aa6fdc372e79d1ccd1b7a9596a3440	https://codec-corpus.r2.imazen.org/imazen-26-unprocessed/9094-lilith-ai-illustrations/9142_gen_illustrations_rooftop-sunset-gathering_1024x1536.png	https://codec-corpus.r2.imazen.org/imazen-26-png-v3/9094-lilith-ai-illustrations/9142_gen_illustrations_rooftop-sunset-gathering_1024x1536.sdr.png
9144	train	9094-lilith-ai-illustrations	9094-lilith-ai-illustrations/9144_gen_illustrations_runway-coat-figure_1024x1536.png	1024	1536	png	2248749	2248749	7a8fb4210cd4b439eebaec8b080c4d0a94241918611a5f3a1466084b77e91fe8	https://codec-corpus.r2.imazen.org/imazen-26-unprocessed/9094-lilith-ai-illustrations/9144_gen_illustrations_runway-coat-figure_1024x1536.png	https://codec-corpus.r2.imazen.org/imazen-26-png-v3/9094-lilith-ai-illustrations/9144_gen_illustrations_runway-coat-figure_1024x1536.sdr.png
9146	train	9094-lilith-ai-illustrations	9094-lilith-ai-illustrations/9146_gen_illustrations_snowy-village-overhead_1024x1536.png	1024	1536	png	3745425	3745425	f14eec672795a2723d264fadd9c965d84dc09288b5e64f40a4841f5708483969	https://codec-corpus.r2.imazen.org/imazen-26-unprocessed/9094-lilith-ai-illustrations/9146_gen_illustrations_snowy-village-overhead_1024x1536.png	https://codec-corpus.r2.imazen.org/imazen-26-png-v3/9094-lilith-ai-illustrations/9146_gen_illustrations_snowy-village-overhead_1024x1536.sdr.png
9148	train	9094-lilith-ai-illustrations	9094-lilith-ai-illustrations/9148_gen_illustrations_subway-commuter-sketch_1024x1536.png	1024	1536	png	3141006	3141006	e4e17ea234654573f54de92654ab52c16fa60c570f7f88346e4cf77761c4ebee	https://codec-corpus.r2.imazen.org/imazen-26-unprocessed/9094-lilith-ai-illustrations/9148_gen_illustrations_subway-commuter-sketch_1024x1536.png	https://codec-corpus.r2.imazen.org/imazen-26-png-v3/9094-lilith-ai-illustrations/9148_gen_illustrations_subway-commuter-sketch_1024x1536.sdr.png
9150	train	9094-lilith-ai-illustrations	9094-lilith-ai-illustrations/9150_gen_illustrations_swimmer-poolside-climbing-out_1024x1536.png	1024	1536	png	3808860	3808860	a249b72a53a761c60cd896d8212f120b51fe4892cf6c462d6f0a811c8e9d3666	https://codec-corpus.r2.imazen.org/imazen-26-unprocessed/9094-lilith-ai-illustrations/9150_gen_illustrations_swimmer-poolside-climbing-out_1024x1536.png	https://codec-corpus.r2.imazen.org/imazen-26-png-v3/9094-lilith-ai-illustrations/9150_gen_illustrations_swimmer-poolside-climbing-out_1024x1536.sdr.png
9152	train	9094-lilith-ai-illustrations	9094-lilith-ai-illustrations/9152_gen_illustrations_taxi-rainy-evening_1024x1536.png	1024	1536	png	3402379	3402379	aaaca7a489dff7ed11d82030332454050503226ac36ad908b7f124eea03b1bc9	https://codec-corpus.r2.imazen.org/imazen-26-unprocessed/9094-lilith-ai-illustrations/9152_gen_illustrations_taxi-rainy-evening_1024x1536.png	https://codec-corpus.r2.imazen.org/imazen-26-png-v3/9094-lilith-ai-illustrations/9152_gen_illustrations_taxi-rainy-evening_1024x1536.sdr.png
9154	train	9094-lilith-ai-illustrations	9094-lilith-ai-illustrations/9154_gen_illustrations_tiny-mossy-friend_1024x1536.png	1024	1536	png	3918272	3918272	f06ed241d9dbed0b2702e5edfd29abcc3f705213907e699b3bf68782198017ce	https://codec-corpus.r2.imazen.org/imazen-26-unprocessed/9094-lilith-ai-illustrations/9154_gen_illustrations_tiny-mossy-friend_1024x1536.png	https://codec-corpus.r2.imazen.org/imazen-26-png-v3/9094-lilith-ai-illustrations/9154_gen_illustrations_tiny-mossy-friend_1024x1536.sdr.png
9156	train	9094-lilith-ai-illustrations	9094-lilith-ai-illustrations/9156_gen_illustrations_vintage-couture-pose_1024x1536.png	1024	1536	png	2664212	2664212	2c5617840b8c30a95289b5b164c002c214d49a5046be5388e5af65e450586e5d	https://codec-corpus.r2.imazen.org/imazen-26-unprocessed/9094-lilith-ai-illustrations/9156_gen_illustrations_vintage-couture-pose_1024x1536.png	https://codec-corpus.r2.imazen.org/imazen-26-png-v3/9094-lilith-ai-illustrations/9156_gen_illustrations_vintage-couture-pose_1024x1536.sdr.png
9158	train	9094-lilith-ai-illustrations	9094-lilith-ai-illustrations/9158_gen_illustrations_vinyl-listening-room_1024x1536.png	1024	1536	png	2608714	2608714	ec1a4b58cfa552ae6528b65c4ed9a7c1168b3f7432c2ff62b3f63c7642c1df4e	https://codec-corpus.r2.imazen.org/imazen-26-unprocessed/9094-lilith-ai-illustrations/9158_gen_illustrations_vinyl-listening-room_1024x1536.png	https://codec-corpus.r2.imazen.org/imazen-26-png-v3/9094-lilith-ai-illustrations/9158_gen_illustrations_vinyl-listening-room_1024x1536.sdr.png
9160	train	9094-lilith-ai-illustrations	9094-lilith-ai-illustrations/9160_gen_illustrations_window-watching-cat_1024x1536.png	1024	1536	png	2285924	2285924	0eb731f6eaf7a211f72770775c2a971a22ca0861c1482ac073e4a1974e87559d	https://codec-corpus.r2.imazen.org/imazen-26-unprocessed/9094-lilith-ai-illustrations/9160_gen_illustrations_window-watching-cat_1024x1536.png	https://codec-corpus.r2.imazen.org/imazen-26-png-v3/9094-lilith-ai-illustrations/9160_gen_illustrations_window-watching-cat_1024x1536.sdr.png
9162	train	9094-lilith-ai-illustrations	9094-lilith-ai-illustrations/9162_gen_illustrations_young-woman-tea-portrait_1024x1536.png	1024	1536	png	3293998	3293998	a5fa57a85de21b80f2e73d8c75e0155cc257ddbe8da7b04342c417f15f82d658	https://codec-corpus.r2.imazen.org/imazen-26-unprocessed/9094-lilith-ai-illustrations/9162_gen_illustrations_young-woman-tea-portrait_1024x1536.png	https://codec-corpus.r2.imazen.org/imazen-26-png-v3/9094-lilith-ai-illustrations/9162_gen_illustrations_young-woman-tea-portrait_1024x1536.sdr.png
9164	train	9094-lilith-ai-illustrations	9094-lilith-ai-illustrations/9164_gen_illustrations_manga-battle-shonen-whoosh_1024x1536.png	1024	1536	png	4279474	4279474	474e620a346eba27ac335c63f927d70c9d6d460b976c7128b5da1bc95dd984e8	https://codec-corpus.r2.imazen.org/imazen-26-unprocessed/9094-lilith-ai-illustrations/9164_gen_illustrations_manga-battle-shonen-whoosh_1024x1536.png	https://codec-corpus.r2.imazen.org/imazen-26-png-v3/9094-lilith-ai-illustrations/9164_gen_illustrations_manga-battle-shonen-whoosh_1024x1536.sdr.png
9166	train	9094-lilith-ai-illustrations	9094-lilith-ai-illustrations/9166_gen_illustrations_manga-magical-girl-transformation_1024x1536.png	1024	1536	png	4640648	4640648	f02aecc79957ca496bb6333254b96e3e9218c6bbf1abf284e2bc3921cc840f4a	https://codec-corpus.r2.imazen.org/imazen-26-unprocessed/9094-lilith-ai-illustrations/9166_gen_illustrations_manga-magical-girl-transformation_1024x1536.png	https://codec-corpus.r2.imazen.org/imazen-26-png-v3/9094-lilith-ai-illustrations/9166_gen_illustrations_manga-magical-girl-transformation_1024x1536.sdr.png
9168	train	9094-lilith-ai-illustrations	9094-lilith-ai-illustrations/9168_gen_illustrations_manga-yatai-noodles-slice-of-life_1536x1024.png	1536	1024	png	3947406	3947406	84ad278542313baed7b82d1597bb82666189bc5d5eebe7f6f08e9e711a3cf9d8	https://codec-corpus.r2.imazen.org/imazen-26-unprocessed/9094-lilith-ai-illustrations/9168_gen_illustrations_manga-yatai-noodles-slice-of-life_1536x1024.png	https://codec-corpus.r2.imazen.org/imazen-26-png-v3/9094-lilith-ai-illustrations/9168_gen_illustrations_manga-yatai-noodles-slice-of-life_1536x1024.sdr.png
9226	train	9226-lilith-ai-products	9226-lilith-ai-products/accessories/9226_gen_products-accessories_amethyst-slouchy-shoulder-bag_p0001_2160x3840.png	2160	3840	png	6818970	6818970	4940a041d555107e78740b040e291de232e133ba1310cb39231039ae2f50f0f8	https://codec-corpus.r2.imazen.org/imazen-26-unprocessed/9226-lilith-ai-products/accessories/9226_gen_products-accessories_amethyst-slouchy-shoulder-bag_p0001_2160x3840.png	https://codec-corpus.r2.imazen.org/imazen-26-png-v3/9226-lilith-ai-products/accessories/9226_gen_products-accessories_amethyst-slouchy-shoulder-bag_p0001_2160x3840.sdr.png
9228	train	9226-lilith-ai-products	9226-lilith-ai-products/accessories/9228_gen_products-accessories_cateye-sunglasses_p0003_3840x2160.png	3840	2160	png	3476793	3476793	20eb7d36de58c058d4a81525f28864e86e661978995d51c9a421e3376d0721ce	https://codec-corpus.r2.imazen.org/imazen-26-unprocessed/9226-lilith-ai-products/accessories/9228_gen_products-accessories_cateye-sunglasses_p0003_3840x2160.png	https://codec-corpus.r2.imazen.org/imazen-26-png-v3/9226-lilith-ai-products/accessories/9228_gen_products-accessories_cateye-sunglasses_p0003_3840x2160.sdr.png
9230	train	9226-lilith-ai-products	9226-lilith-ai-products/accessories/9230_gen_products-accessories_chunky-resin-bangle-stack_p0005_1024x1024.png	1024	1024	png	982493	982493	45afff528930ad7228a100757f354ffbb35d2471de11f6b9946d496ef072cb6b	https://codec-corpus.r2.imazen.org/imazen-26-unprocessed/9226-lilith-ai-products/accessories/9230_gen_products-accessories_chunky-resin-bangle-stack_p0005_1024x1024.png	https://codec-corpus.r2.imazen.org/imazen-26-png-v3/9226-lilith-ai-products/accessories/9230_gen_products-accessories_chunky-resin-bangle-stack_p0005_1024x1024.sdr.png
9232	train	9226-lilith-ai-products	9226-lilith-ai-products/accessories/9232_gen_products-accessories_cognac-crossbody_detail_p0006_3840x2160.png	3840	2160	png	12539167	12539167	fc789fb6bafe44b4938b0cbc9e38aaea6f8160edc068cfd694f7710856555789	https://codec-corpus.r2.imazen.org/imazen-26-unprocessed/9226-lilith-ai-products/accessories/9232_gen_products-accessories_cognac-crossbody_detail_p0006_3840x2160.png	https://codec-corpus.r2.imazen.org/imazen-26-png-v3/9226-lilith-ai-products/accessories/9232_gen_products-accessories_cognac-crossbody_detail_p0006_3840x2160.sdr.png
9234	train	9226-lilith-ai-products	9226-lilith-ai-products/accessories/9234_gen_products-accessories_fuchsia-shoulder-bag_p0008_2160x3840.png	2160	3840	png	5861714	5861714	ffc2180839ad6826260a524b97ac82d88c2fdcb73a5ce29a3817e1cbe1694468	https://codec-corpus.r2.imazen.org/imazen-26-unprocessed/9226-lilith-ai-products/accessories/9234_gen_products-accessories_fuchsia-shoulder-bag_p0008_2160x3840.png	https://codec-corpus.r2.imazen.org/imazen-26-png-v3/9226-lilith-ai-products/accessories/9234_gen_products-accessories_fuchsia-shoulder-bag_p0008_2160x3840.sdr.png
9236	train	9226-lilith-ai-products	9226-lilith-ai-products/accessories/9236_gen_products-accessories_knit-beanie-strawberry_p0010_1024x1536.png	1024	1536	png	1408178	1408178	4b32d7f72242c4dc60663d20968714b72692823b81cef3d6ae01510aeda47c69	https://codec-corpus.r2.imazen.org/imazen-26-unprocessed/9226-lilith-ai-products/accessories/9236_gen_products-accessories_knit-beanie-strawberry_p0010_1024x1536.png	https://codec-corpus.r2.imazen.org/imazen-26-png-v3/9226-lilith-ai-products/accessories/9236_gen_products-accessories_knit-beanie-strawberry_p0010_1024x1536.sdr.png
9238	train	9226-lilith-ai-products	9226-lilith-ai-products/accessories/9238_gen_products-accessories_merch-canvas-tote_p0012_1152x2048.png	1152	2048	png	2226196	2226196	0927f2d9578874961a9a1508046cea4c6e6dfbc9f1fff341e97351afac0e3b55	https://codec-corpus.r2.imazen.org/imazen-26-unprocessed/9226-lilith-ai-products/accessories/9238_gen_products-accessories_merch-canvas-tote_p0012_1152x2048.png	https://codec-corpus.r2.imazen.org/imazen-26-png-v3/9226-lilith-ai-products/accessories/9238_gen_products-accessories_merch-canvas-tote_p0012_1152x2048.sdr.png
9240	train	9226-lilith-ai-products	9226-lilith-ai-products/accessories/9240_gen_products-accessories_merch-sticker-sheet_flat_p0014_2048x2048.png	2048	2048	png	3359469	3359469	1f4049c8be709564158685a3fea3522f362d095f8d35c7a0bfb7106652fb381a	https://codec-corpus.r2.imazen.org/imazen-26-unprocessed/9226-lilith-ai-products/accessories/9240_gen_products-accessories_merch-sticker-sheet_flat_p0014_2048x2048.png	https://codec-corpus.r2.imazen.org/imazen-26-png-v3/9226-lilith-ai-products/accessories/9240_gen_products-accessories_merch-sticker-sheet_flat_p0014_2048x2048.sdr.png
9242	train	9226-lilith-ai-products	9226-lilith-ai-products/accessories/9242_gen_products-accessories_merch-tote-tomato-print_p0016_1024x1536.png	1024	1536	png	2443238	2443238	efcd3196f929eb42d7fedac83ce5ec6044b1ccc16ee292eeb4a429dfe1dcf2f9	https://codec-corpus.r2.imazen.org/imazen-26-unprocessed/9226-lilith-ai-products/accessories/9242_gen_products-accessories_merch-tote-tomato-print_p0016_1024x1536.png	https://codec-corpus.r2.imazen.org/imazen-26-png-v3/9226-lilith-ai-products/accessories/9242_gen_products-accessories_merch-tote-tomato-print_p0016_1024x1536.sdr.png
9244	train	9226-lilith-ai-products	9226-lilith-ai-products/accessories/9244_gen_products-accessories_red-butterfly-shield-sunglasses_p0018_3840x2160.png	3840	2160	png	2972365	2972365	eb21bc1c05ca8c5d1a9fc65670820625f55ebfc4dcb9ab3dfb5d5aceef84fae0	https://codec-corpus.r2.imazen.org/imazen-26-unprocessed/9226-lilith-ai-products/accessories/9244_gen_products-accessories_red-butterfly-shield-sunglasses_p0018_3840x2160.png	https://codec-corpus.r2.imazen.org/imazen-26-png-v3/9226-lilith-ai-products/accessories/9244_gen_products-accessories_red-butterfly-shield-sunglasses_p0018_3840x2160.sdr.png
9246	train	9226-lilith-ai-products	9226-lilith-ai-products/accessories/9246_gen_products-accessories_ruby-croc-bowler-bag_detail_p0019_3840x2160.png	3840	2160	png	10609010	10609010	84fe5f5cd7c53f3df290edafa3cdd9c91b434e903a37cccc9f22be21cf0b6ae4	https://codec-corpus.r2.imazen.org/imazen-26-unprocessed/9226-lilith-ai-products/accessories/9246_gen_products-accessories_ruby-croc-bowler-bag_detail_p0019_3840x2160.png	https://codec-corpus.r2.imazen.org/imazen-26-png-v3/9226-lilith-ai-products/accessories/9246_gen_products-accessories_ruby-croc-bowler-bag_detail_p0019_3840x2160.sdr.png
9248	train	9226-lilith-ai-products	9226-lilith-ai-products/accessories/9248_gen_products-accessories_sticker-pack-flatlay_p0021_1024x1024.png	1024	1024	png	719506	719506	2073f86cca34671f1cb57d08d592563ebb21497dd201e7bd59f17b7e2f669ec4	https://codec-corpus.r2.imazen.org/imazen-26-unprocessed/9226-lilith-ai-products/accessories/9248_gen_products-accessories_sticker-pack-flatlay_p0021_1024x1024.png	https://codec-corpus.r2.imazen.org/imazen-26-png-v3/9226-lilith-ai-products/accessories/9248_gen_products-accessories_sticker-pack-flatlay_p0021_1024x1024.sdr.png
9250	train	9226-lilith-ai-products	9226-lilith-ai-products/accessories/9250_gen_products-accessories_straw-sun-hat_p0022_2048x2048.png	2048	2048	png	5351635	5351635	61d84f246264adc432c5f726578a34f8451d7d10e4b6b383d14ff3de5b0d2f2c	https://codec-corpus.r2.imazen.org/imazen-26-unprocessed/9226-lilith-ai-products/accessories/9250_gen_products-accessories_straw-sun-hat_p0022_2048x2048.png	https://codec-corpus.r2.imazen.org/imazen-26-png-v3/9226-lilith-ai-products/accessories/9250_gen_products-accessories_straw-sun-hat_p0022_2048x2048.sdr.png
9252	train	9226-lilith-ai-products	9226-lilith-ai-products/accessories/9252_gen_products-accessories_tomato-statement-earrings_p0024_1024x1024.png	1024	1024	png	653244	653244	190c2c898212c67aa7ae1c1bba19e7df28c525ecc87fd199ad31f010aa3fec69	https://codec-corpus.r2.imazen.org/imazen-26-unprocessed/9226-lilith-ai-products/accessories/9252_gen_products-accessories_tomato-statement-earrings_p0024_1024x1024.png	https://codec-corpus.r2.imazen.org/imazen-26-png-v3/9226-lilith-ai-products/accessories/9252_gen_products-accessories_tomato-statement-earrings_p0024_1024x1024.sdr.png
9254	train	9226-lilith-ai-products	9226-lilith-ai-products/accessories/9254_gen_products-accessories_tote-bag-bookish-merch_p0026_1024x1536.png	1024	1536	png	2151003	2151003	81e08f38982cfb74b73e9d968e36894f81f30a2528ff52b5ed7fe2c865a36612	https://codec-corpus.r2.imazen.org/imazen-26-unprocessed/9226-lilith-ai-products/accessories/9254_gen_products-accessories_tote-bag-bookish-merch_p0026_1024x1536.png	https://codec-corpus.r2.imazen.org/imazen-26-png-v3/9226-lilith-ai-products/accessories/9254_gen_products-accessories_tote-bag-bookish-merch_p0026_1024x1536.sdr.png
9256	train	9226-lilith-ai-products	9226-lilith-ai-products/accessories/9256_gen_products-accessories_wide-brim-coral-felt-hat_p0028_1024x1536.png	1024	1536	png	1097443	1097443	b53c91bf9c4018a3d777c894fbbcc16503d0d797cc5dcc6e43f91bbc9b09f450	https://codec-corpus.r2.imazen.org/imazen-26-unprocessed/9226-lilith-ai-products/accessories/9256_gen_products-accessories_wide-brim-coral-felt-hat_p0028_1024x1536.png	https://codec-corpus.r2.imazen.org/imazen-26-png-v3/9226-lilith-ai-products/accessories/9256_gen_products-accessories_wide-brim-coral-felt-hat_p0028_1024x1536.sdr.png
9258	train	9226-lilith-ai-products	9226-lilith-ai-products/baby/9258_gen_products-baby_animal-bodysuit-3pack_flat_p0030_4096x4096.jpg	4096	4096	jpg	899059	899059	dfce95d587b2e85db722f9936546303d1b8a49b18e8387a8e3a3cd4bd54b73ce	https://codec-corpus.r2.imazen.org/imazen-26-unprocessed/9226-lilith-ai-products/baby/9258_gen_products-baby_animal-bodysuit-3pack_flat_p0030_4096x4096.jpg	https://codec-corpus.r2.imazen.org/imazen-26-png-v3/9226-lilith-ai-products/baby/9258_gen_products-baby_animal-bodysuit-3pack_flat_p0030_4096x4096.sdr.png
9260	train	9226-lilith-ai-products	9226-lilith-ai-products/baby/9260_gen_products-baby_blanket-receiving-sun-print_flat_p0032_1024x1024.png	1024	1024	png	1181567	1181567	c76b6a3b07106b27bda67729d7580c7c7d394d46d0e9138cea8cd8d45f52caa9	https://codec-corpus.r2.imazen.org/imazen-26-unprocessed/9226-lilith-ai-products/baby/9260_gen_products-baby_blanket-receiving-sun-print_flat_p0032_1024x1024.png	https://codec-corpus.r2.imazen.org/imazen-26-png-v3/9226-lilith-ai-products/baby/9260_gen_products-baby_blanket-receiving-sun-print_flat_p0032_1024x1024.sdr.png
9262	train	9226-lilith-ai-products	9226-lilith-ai-products/baby/9262_gen_products-baby_cardigan-cream-cable_flat_p0034_1024x1536.png	1024	1536	png	1593044	1593044	8084f88923b793126de0ca64ba60fc0f6672e0ac1282dabe484929c3b1f2be7a	https://codec-corpus.r2.imazen.org/imazen-26-unprocessed/9226-lilith-ai-products/baby/9262_gen_products-baby_cardigan-cream-cable_flat_p0034_1024x1536.png	https://codec-corpus.r2.imazen.org/imazen-26-png-v3/9226-lilith-ai-products/baby/9262_gen_products-baby_cardigan-cream-cable_flat_p0034_1024x1536.sdr.png
9264	train	9226-lilith-ai-products	9226-lilith-ai-products/baby/9264_gen_products-baby_footed-sleeper-sky-blue_flat_p0036_3072x5504.jpg	3072	5504	jpg	1269711	1269711	c054e3a51ac5030bad9f9d7bb6800fc1b5ce2e73d283b7cbb39e985b3f64fbb5	https://codec-corpus.r2.imazen.org/imazen-26-unprocessed/9226-lilith-ai-products/baby/9264_gen_products-baby_footed-sleeper-sky-blue_flat_p0036_3072x5504.jpg	https://codec-corpus.r2.imazen.org/imazen-26-png-v3/9226-lilith-ai-products/baby/9264_gen_products-baby_footed-sleeper-sky-blue_flat_p0036_3072x5504.sdr.png
9268	train	9226-lilith-ai-products	9226-lilith-ai-products/baby/9268_gen_products-baby_knit-hat-mitten-set-blush_flat_p0040_1024x1024.png	1024	1024	png	871565	871565	eb9c5e6e97b55c362e0c5ee1716adc74d3f318447de8b731abae1d332421fc7c	https://codec-corpus.r2.imazen.org/imazen-26-unprocessed/9226-lilith-ai-products/baby/9268_gen_products-baby_knit-hat-mitten-set-blush_flat_p0040_1024x1024.png	https://codec-corpus.r2.imazen.org/imazen-26-png-v3/9226-lilith-ai-products/baby/9268_gen_products-baby_knit-hat-mitten-set-blush_flat_p0040_1024x1024.sdr.png
9270	train	9226-lilith-ai-products	9226-lilith-ai-products/baby/9270_gen_products-baby_leggings-fivepack-prints_flat_p0042_1536x1024.png	1536	1024	png	1850823	1850823	77a2d15790833440608b59edbb34e5522e38e8188c86eb9244c3e47017036956	https://codec-corpus.r2.imazen.org/imazen-26-unprocessed/9226-lilith-ai-products/baby/9270_gen_products-baby_leggings-fivepack-prints_flat_p0042_1536x1024.png	https://codec-corpus.r2.imazen.org/imazen-26-png-v3/9226-lilith-ai-products/baby/9270_gen_products-baby_leggings-fivepack-prints_flat_p0042_1536x1024.sdr.png
9272	train	9226-lilith-ai-products	9226-lilith-ai-products/baby/9272_gen_products-baby_onesie-multipack-coral-sage-cream_flat_p0044_1024x1024.png	1024	1024	png	1044070	1044070	c603c838f39904e40ad8458223ab19ec795bbd4200fd2b897b31e6e18c5cb676	https://codec-corpus.r2.imazen.org/imazen-26-unprocessed/9226-lilith-ai-products/baby/9272_gen_products-baby_onesie-multipack-coral-sage-cream_flat_p0044_1024x1024.png	https://codec-corpus.r2.imazen.org/imazen-26-png-v3/9226-lilith-ai-products/baby/9272_gen_products-baby_onesie-multipack-coral-sage-cream_flat_p0044_1024x1024.sdr.png
9274	train	9226-lilith-ai-products	9226-lilith-ai-products/baby/9274_gen_products-baby_tutu-dress-twirl_onmodel_p0046_1024x1536.png	1024	1536	png	1070176	1070176	d514ffae8672a965e4d2c442abbce4282a5a4359e490595ba1b52020157d8de9	https://codec-corpus.r2.imazen.org/imazen-26-unprocessed/9226-lilith-ai-products/baby/9274_gen_products-baby_tutu-dress-twirl_onmodel_p0046_1024x1536.png	https://codec-corpus.r2.imazen.org/imazen-26-png-v3/9226-lilith-ai-products/baby/9274_gen_products-baby_tutu-dress-twirl_onmodel_p0046_1024x1536.sdr.png
9276	train	9226-lilith-ai-products	9226-lilith-ai-products/baby/9276_gen_products-baby_sleep-sack-sage-bunny_flat_p0048_1024x1536.png	1024	1536	png	1627893	1627893	a70c629e07a80a8e3ca9617e59215b446a95bfd64c9a19f50fd370f47d1c5de4	https://codec-corpus.r2.imazen.org/imazen-26-unprocessed/9226-lilith-ai-products/baby/9276_gen_products-baby_sleep-sack-sage-bunny_flat_p0048_1024x1536.png	https://codec-corpus.r2.imazen.org/imazen-26-png-v3/9226-lilith-ai-products/baby/9276_gen_products-baby_sleep-sack-sage-bunny_flat_p0048_1024x1536.sdr.png
9278	train	9226-lilith-ai-products	9226-lilith-ai-products/baby/9278_gen_products-baby_swaddle-set-dusty-blue-stars_flat_p0050_1024x1024.png	1024	1024	png	1203665	1203665	1a99130a1b51384ebb6bd3c1f31d0d04dccc0f12bb0572ce4e7597b78d593f04	https://codec-corpus.r2.imazen.org/imazen-26-unprocessed/9226-lilith-ai-products/baby/9278_gen_products-baby_swaddle-set-dusty-blue-stars_flat_p0050_1024x1024.png	https://codec-corpus.r2.imazen.org/imazen-26-png-v3/9226-lilith-ai-products/baby/9278_gen_products-baby_swaddle-set-dusty-blue-stars_flat_p0050_1024x1024.sdr.png
9280	train	9226-lilith-ai-products	9226-lilith-ai-products/baby/9280_gen_products-baby_tutu-dress-coral-tulle_flat_p0052_1024x1536.png	1024	1536	png	1393245	1393245	758422bf6a933ec8498b03b81762a747924299b1efda8dc86e7a8a5e5d3aeea8	https://codec-corpus.r2.imazen.org/imazen-26-unprocessed/9226-lilith-ai-products/baby/9280_gen_products-baby_tutu-dress-coral-tulle_flat_p0052_1024x1536.png	https://codec-corpus.r2.imazen.org/imazen-26-png-v3/9226-lilith-ai-products/baby/9280_gen_products-baby_tutu-dress-coral-tulle_flat_p0052_1024x1536.sdr.png
9282	train	9226-lilith-ai-products	9226-lilith-ai-products/baby/9282_gen_products-baby_kids-ruffle-floral-dress-teal_flat_p0054_2880x2880.png	2880	2880	png	6030220	6030220	9e326c23f23ce8e6d3f1a59bc7620a8c3a8a2d57119c1e7045cb62902d6feabc	https://codec-corpus.r2.imazen.org/imazen-26-unprocessed/9226-lilith-ai-products/baby/9282_gen_products-baby_kids-ruffle-floral-dress-teal_flat_p0054_2880x2880.png	https://codec-corpus.r2.imazen.org/imazen-26-png-v3/9226-lilith-ai-products/baby/9282_gen_products-baby_kids-ruffle-floral-dress-teal_flat_p0054_2880x2880.sdr.png
9284	train	9226-lilith-ai-products	9226-lilith-ai-products/beauty/9284_gen_products-beauty_auremor-brand-set_flat_p0056_1536x1024.png	1536	1024	png	975900	975900	32ce24a61fd47aae6b45d070aadcbfd2459b1c84b167b06abf26c6b6552e163a	https://codec-corpus.r2.imazen.org/imazen-26-unprocessed/9226-lilith-ai-products/beauty/9284_gen_products-beauty_auremor-brand-set_flat_p0056_1536x1024.png	https://codec-corpus.r2.imazen.org/imazen-26-png-v3/9226-lilith-ai-products/beauty/9284_gen_products-beauty_auremor-brand-set_flat_p0056_1536x1024.sdr.png
9286	train	9226-lilith-ai-products	9226-lilith-ai-products/beauty/9286_gen_products-beauty_auremor-retinol-back_ingredients_p0058_1024x1536.png	1024	1536	png	1025850	1025850	c0a622562627a82e6c876fbf6afa399740f70907b8a57611e55ba4de365d0c46	https://codec-corpus.r2.imazen.org/imazen-26-unprocessed/9226-lilith-ai-products/beauty/9286_gen_products-beauty_auremor-retinol-back_ingredients_p0058_1024x1536.png	https://codec-corpus.r2.imazen.org/imazen-26-png-v3/9226-lilith-ai-products/beauty/9286_gen_products-beauty_auremor-retinol-back_ingredients_p0058_1024x1536.sdr.png
9288	train	9226-lilith-ai-products	9226-lilith-ai-products/beauty/9288_gen_products-beauty_auremor-solid-perfume-compact_p0060_1024x1024.png	1024	1024	png	533607	533607	3bd6a120fd7fa1805b46d012d5d508ad24b69438bfd62e4b3f1e1e4b24f868cc	https://codec-corpus.r2.imazen.org/imazen-26-unprocessed/9226-lilith-ai-products/beauty/9288_gen_products-beauty_auremor-solid-perfume-compact_p0060_1024x1024.png	https://codec-corpus.r2.imazen.org/imazen-26-png-v3/9226-lilith-ai-products/beauty/9288_gen_products-beauty_auremor-solid-perfume-compact_p0060_1024x1024.sdr.png
9290	train	9226-lilith-ai-products	9226-lilith-ai-products/beauty/9290_gen_products-beauty_bryn-birch-beard-oil_p0062_1024x1536.png	1024	1536	png	916076	916076	147ed0a12d2d288c818e63bf296e5f95a7a04fe1ee981f29f27499d2377348cd	https://codec-corpus.r2.imazen.org/imazen-26-unprocessed/9226-lilith-ai-products/beauty/9290_gen_products-beauty_bryn-birch-beard-oil_p0062_1024x1536.png	https://codec-corpus.r2.imazen.org/imazen-26-png-v3/9226-lilith-ai-products/beauty/9290_gen_products-beauty_bryn-birch-beard-oil_p0062_1024x1536.sdr.png
9292	train	9226-lilith-ai-products	9226-lilith-ai-products/beauty/9292_gen_products-beauty_bryn-birch-brand-set_flat_p0063_1536x1024.png	1536	1024	png	1217451	1217451	e0512a615c96b5f25c006aee3f9a7197bd4bfa2e2e4f7613a5c9ad3a2cdac0db	https://codec-corpus.r2.imazen.org/imazen-26-unprocessed/9226-lilith-ai-products/beauty/9292_gen_products-beauty_bryn-birch-brand-set_flat_p0063_1536x1024.png	https://codec-corpus.r2.imazen.org/imazen-26-png-v3/9226-lilith-ai-products/beauty/9292_gen_products-beauty_bryn-birch-brand-set_flat_p0063_1536x1024.sdr.png
9294	train	9226-lilith-ai-products	9226-lilith-ai-products/beauty/9294_gen_products-beauty_bryn-birch-scalp-hair-oil_p0065_1024x1536.png	1024	1536	png	800113	800113	aeb653467f8c0b4e7b17a63ace7b22930ed6ae762cd562e3bb68f1611618d90f	https://codec-corpus.r2.imazen.org/imazen-26-unprocessed/9226-lilith-ai-products/beauty/9294_gen_products-beauty_bryn-birch-scalp-hair-oil_p0065_1024x1536.png	https://codec-corpus.r2.imazen.org/imazen-26-png-v3/9226-lilith-ai-products/beauty/9294_gen_products-beauty_bryn-birch-scalp-hair-oil_p0065_1024x1536.sdr.png
9296	train	9226-lilith-ai-products	9226-lilith-ai-products/beauty/9296_gen_products-beauty_dewmark_feature_p0067_1024x1536.png	1024	1536	png	598388	598388	74f949e05aa6ed699aa27dc9fb9f8e95ba35555d516cc0a6084a92ec6c87ea2d	https://codec-corpus.r2.imazen.org/imazen-26-unprocessed/9226-lilith-ai-products/beauty/9296_gen_products-beauty_dewmark_feature_p0067_1024x1536.png	https://codec-corpus.r2.imazen.org/imazen-26-png-v3/9226-lilith-ai-products/beauty/9296_gen_products-beauty_dewmark_feature_p0067_1024x1536.sdr.png
9298	train	9226-lilith-ai-products	9226-lilith-ai-products/beauty/9298_gen_products-beauty_dewmark-aqua-peptide-gel-cream_p0069_1024x1024.png	1024	1024	png	645518	645518	58e9a9c230e4f80500010b90d3157ea4a500859bbb99988908d80585faf4b70b	https://codec-corpus.r2.imazen.org/imazen-26-unprocessed/9226-lilith-ai-products/beauty/9298_gen_products-beauty_dewmark-aqua-peptide-gel-cream_p0069_1024x1024.png	https://codec-corpus.r2.imazen.org/imazen-26-png-v3/9226-lilith-ai-products/beauty/9298_gen_products-beauty_dewmark-aqua-peptide-gel-cream_p0069_1024x1024.sdr.png
9300	train	9226-lilith-ai-products	9226-lilith-ai-products/beauty/9300_gen_products-beauty_dewmark-glass-mist-setting-spray_p0071_1024x1536.png	1024	1536	png	543921	543921	a9994e6a1de9f8fce3d479bae58f74a507cd9120d6b9f99efae552831cb34ef9	https://codec-corpus.r2.imazen.org/imazen-26-unprocessed/9226-lilith-ai-products/beauty/9300_gen_products-beauty_dewmark-glass-mist-setting-spray_p0071_1024x1536.png	https://codec-corpus.r2.imazen.org/imazen-26-png-v3/9226-lilith-ai-products/beauty/9300_gen_products-beauty_dewmark-glass-mist-setting-spray_p0071_1024x1536.sdr.png
9302	train	9226-lilith-ai-products	9226-lilith-ai-products/beauty/9302_gen_products-beauty_florwell_feature_p0073_1536x1024.png	1536	1024	png	946504	946504	24680545accec1a71c2178573770dd31a134b8549a78ca1d4a64fd68b8bfbfc4	https://codec-corpus.r2.imazen.org/imazen-26-unprocessed/9226-lilith-ai-products/beauty/9302_gen_products-beauty_florwell_feature_p0073_1536x1024.png	https://codec-corpus.r2.imazen.org/imazen-26-png-v3/9226-lilith-ai-products/beauty/9302_gen_products-beauty_florwell_feature_p0073_1536x1024.sdr.png
9304	train	9226-lilith-ai-products	9226-lilith-ai-products/beauty/9304_gen_products-beauty_florwell-botanical-body-wash_p0075_1024x1536.png	1024	1536	png	896154	896154	dc453042526efb02da82ce39bfda8ab2ca4eed7f22995b364bf17370e66b456e	https://codec-corpus.r2.imazen.org/imazen-26-unprocessed/9226-lilith-ai-products/beauty/9304_gen_products-beauty_florwell-botanical-body-wash_p0075_1024x1536.png	https://codec-corpus.r2.imazen.org/imazen-26-png-v3/9226-lilith-ai-products/beauty/9304_gen_products-beauty_florwell-botanical-body-wash_p0075_1024x1536.sdr.png
9306	train	9226-lilith-ai-products	9226-lilith-ai-products/beauty/9306_gen_products-beauty_florwell-mineral-bath-soak_p0077_1024x1024.png	1024	1024	png	760126	760126	c61e5cf2906ccf3f926485f821fafb6587ae3fa9a9078cca3e494fabf3db6c55	https://codec-corpus.r2.imazen.org/imazen-26-unprocessed/9226-lilith-ai-products/beauty/9306_gen_products-beauty_florwell-mineral-bath-soak_p0077_1024x1024.png	https://codec-corpus.r2.imazen.org/imazen-26-png-v3/9226-lilith-ai-products/beauty/9306_gen_products-beauty_florwell-mineral-bath-soak_p0077_1024x1024.sdr.png
9308	train	9226-lilith-ai-products	9226-lilith-ai-products/beauty/9308_gen_products-beauty_ingredients-back-rosehip-oil_ingredients_p0079_1024x1536.png	1024	1536	png	2064401	2064401	9b47e38fe275733481a1129652535e96a55b2353cc088602feddcd02f9cca3f9	https://codec-corpus.r2.imazen.org/imazen-26-unprocessed/9226-lilith-ai-products/beauty/9308_gen_products-beauty_ingredients-back-rosehip-oil_ingredients_p0079_1024x1536.png	https://codec-corpus.r2.imazen.org/imazen-26-png-v3/9226-lilith-ai-products/beauty/9308_gen_products-beauty_ingredients-back-rosehip-oil_ingredients_p0079_1024x1536.sdr.png
9310	train	9226-lilith-ai-products	9226-lilith-ai-products/beauty/9310_gen_products-beauty_lip-mask-pot-overnight_p0081_1024x1024.png	1024	1024	png	619827	619827	bbca6103cb8a1d374b9b7d43931494021d6c0570d83c53ded5a43fcdb33b5481	https://codec-corpus.r2.imazen.org/imazen-26-unprocessed/9226-lilith-ai-products/beauty/9310_gen_products-beauty_lip-mask-pot-overnight_p0081_1024x1024.png	https://codec-corpus.r2.imazen.org/imazen-26-png-v3/9226-lilith-ai-products/beauty/9310_gen_products-beauty_lip-mask-pot-overnight_p0081_1024x1024.sdr.png
9312	train	9226-lilith-ai-products	9226-lilith-ai-products/beauty/9312_gen_products-beauty_makeup-sponge-pair_p0083_1536x1024.png	1536	1024	png	946800	946800	7c205fdfbb7980419685eeeab16bd59677323c75598bce63f69e8ea087683196	https://codec-corpus.r2.imazen.org/imazen-26-unprocessed/9226-lilith-ai-products/beauty/9312_gen_products-beauty_makeup-sponge-pair_p0083_1536x1024.png	https://codec-corpus.r2.imazen.org/imazen-26-png-v3/9226-lilith-ai-products/beauty/9312_gen_products-beauty_makeup-sponge-pair_p0083_1536x1024.sdr.png
9314	train	9226-lilith-ai-products	9226-lilith-ai-products/beauty/9314_gen_products-beauty_skin-cleanser_p0085_2048x2048.jpg	2048	2048	jpg	161720	161720	0642bb3ceaa7a64bb541667b80eefb732a8975a9c59c4651e5f76d16bc23758b	https://codec-corpus.r2.imazen.org/imazen-26-unprocessed/9226-lilith-ai-products/beauty/9314_gen_products-beauty_skin-cleanser_p0085_2048x2048.jpg	https://codec-corpus.r2.imazen.org/imazen-26-png-v3/9226-lilith-ai-products/beauty/9314_gen_products-beauty_skin-cleanser_p0085_2048x2048.sdr.png
9316	train	9226-lilith-ai-products	9226-lilith-ai-products/beauty/9316_gen_products-beauty_tintwell-brand-set_flat_p0087_1536x1024.png	1536	1024	png	1111157	1111157	b29ca0352c7aa7239593883e334c2dfc874a573cedb6310f66b176f047906be2	https://codec-corpus.r2.imazen.org/imazen-26-unprocessed/9226-lilith-ai-products/beauty/9316_gen_products-beauty_tintwell-brand-set_flat_p0087_1536x1024.png	https://codec-corpus.r2.imazen.org/imazen-26-png-v3/9226-lilith-ai-products/beauty/9316_gen_products-beauty_tintwell-brand-set_flat_p0087_1536x1024.sdr.png
9318	train	9226-lilith-ai-products	9226-lilith-ai-products/beauty/9318_gen_products-beauty_tintwell-cheek-lip-tint-stick_p0089_1024x1024.png	1024	1024	png	401575	401575	832782285d3e502c21f84e16a4bd2b94dca64e295cecb93fd441c2df783d160f	https://codec-corpus.r2.imazen.org/imazen-26-unprocessed/9226-lilith-ai-products/beauty/9318_gen_products-beauty_tintwell-cheek-lip-tint-stick_p0089_1024x1024.png	https://codec-corpus.r2.imazen.org/imazen-26-png-v3/9226-lilith-ai-products/beauty/9318_gen_products-beauty_tintwell-cheek-lip-tint-stick_p0089_1024x1024.sdr.png
9320	train	9226-lilith-ai-products	9226-lilith-ai-products/beauty/9320_gen_products-beauty_tintwell-tinted-brow-gel_p0091_1024x1024.png	1024	1024	png	446025	446025	f1dfe3e22f608b261adc9c8408b7ea771879e6487776109c6f08d8a237281585	https://codec-corpus.r2.imazen.org/imazen-26-unprocessed/9226-lilith-ai-products/beauty/9320_gen_products-beauty_tintwell-tinted-brow-gel_p0091_1024x1024.png	https://codec-corpus.r2.imazen.org/imazen-26-png-v3/9226-lilith-ai-products/beauty/9320_gen_products-beauty_tintwell-tinted-brow-gel_p0091_1024x1024.sdr.png
9322	train	9226-lilith-ai-products	9226-lilith-ai-products/beauty/9322_gen_products-beauty_veraloe-after-sun-back_ingredients_p0093_1024x1536.png	1024	1536	png	984151	984151	fd406f1e2d57b581efd40a13721a8207a31e559e0eb885befb6a8d7fd2432b3d	https://codec-corpus.r2.imazen.org/imazen-26-unprocessed/9226-lilith-ai-products/beauty/9322_gen_products-beauty_veraloe-after-sun-back_ingredients_p0093_1024x1536.png	https://codec-corpus.r2.imazen.org/imazen-26-png-v3/9226-lilith-ai-products/beauty/9322_gen_products-beauty_veraloe-after-sun-back_ingredients_p0093_1024x1536.sdr.png
9324	train	9226-lilith-ai-products	9226-lilith-ai-products/beauty/9324_gen_products-beauty_veraloe-brand-set_flat_p0095_1536x1024.png	1536	1024	png	1058680	1058680	f30fc85e69182fe834a0327bf1ce0b244fea6f89b26399a04a78aa321a5b2014	https://codec-corpus.r2.imazen.org/imazen-26-unprocessed/9226-lilith-ai-products/beauty/9324_gen_products-beauty_veraloe-brand-set_flat_p0095_1536x1024.png	https://codec-corpus.r2.imazen.org/imazen-26-png-v3/9226-lilith-ai-products/beauty/9324_gen_products-beauty_veraloe-brand-set_flat_p0095_1536x1024.sdr.png
9326	train	9226-lilith-ai-products	9226-lilith-ai-products/beauty/9326_gen_products-beauty_veraloe-whipped-body-butter_p0097_1024x1024.png	1024	1024	png	637763	637763	0da3eafdc273e4b8ba7ada2263c12370265284a8207e6e1a303ec1cb7f9ef0c3	https://codec-corpus.r2.imazen.org/imazen-26-unprocessed/9226-lilith-ai-products/beauty/9326_gen_products-beauty_veraloe-whipped-body-butter_p0097_1024x1024.png	https://codec-corpus.r2.imazen.org/imazen-26-png-v3/9226-lilith-ai-products/beauty/9326_gen_products-beauty_veraloe-whipped-body-butter_p0097_1024x1024.sdr.png
9328	train	9226-lilith-ai-products	9226-lilith-ai-products/beverages/9328_gen_products-beverages_blackpine-vanilla-latte-canned-coffee_p0099_1024x1536.png	1024	1536	png	1247772	1247772	ecebc0db03ad7e35688bc946d2fcc17b4c9150e76dfff2e039aa7a8eee6640a9	https://codec-corpus.r2.imazen.org/imazen-26-unprocessed/9226-lilith-ai-products/beverages/9328_gen_products-beverages_blackpine-vanilla-latte-canned-coffee_p0099_1024x1536.png	https://codec-corpus.r2.imazen.org/imazen-26-png-v3/9226-lilith-ai-products/beverages/9328_gen_products-beverages_blackpine-vanilla-latte-canned-coffee_p0099_1024x1536.sdr.png
9330	train	9226-lilith-ai-products	9226-lilith-ai-products/beverages/9330_gen_products-beverages_citrine-spring-water-bottle_p0101_1024x1536.png	1024	1536	png	695426	695426	aa10e749ea213a45682911684a9b5a2281d7cc2284ae96640e6dea59de7fcd75	https://codec-corpus.r2.imazen.org/imazen-26-unprocessed/9226-lilith-ai-products/beverages/9330_gen_products-beverages_citrine-spring-water-bottle_p0101_1024x1536.png	https://codec-corpus.r2.imazen.org/imazen-26-png-v3/9226-lilith-ai-products/beverages/9330_gen_products-beverages_citrine-spring-water-bottle_p0101_1024x1536.sdr.png
9332	train	9226-lilith-ai-products	9226-lilith-ai-products/beverages/9332_gen_products-beverages_drypine-club-soda-mixer-can_p0103_1024x1536.png	1024	1536	png	988362	988362	04f374330198d01967b80cbd8fcba8e3e90a8d306579aa01ef5349d369444bcd	https://codec-corpus.r2.imazen.org/imazen-26-unprocessed/9226-lilith-ai-products/beverages/9332_gen_products-beverages_drypine-club-soda-mixer-can_p0103_1024x1536.png	https://codec-corpus.r2.imazen.org/imazen-26-png-v3/9226-lilith-ai-products/beverages/9332_gen_products-beverages_drypine-club-soda-mixer-can_p0103_1024x1536.sdr.png
9334	train	9226-lilith-ai-products	9226-lilith-ai-products/beverages/9334_gen_products-beverages_fizzwell-cola-soda-can_p0105_1024x1536.png	1024	1536	png	1348293	1348293	9ca81aae1684933038facfa4d64b4485dac70c1ca7bc981a615ff8e4f8a5ed5f	https://codec-corpus.r2.imazen.org/imazen-26-unprocessed/9226-lilith-ai-products/beverages/9334_gen_products-beverages_fizzwell-cola-soda-can_p0105_1024x1536.png	https://codec-corpus.r2.imazen.org/imazen-26-png-v3/9226-lilith-ai-products/beverages/9334_gen_products-beverages_fizzwell-cola-soda-can_p0105_1024x1536.sdr.png
9336	train	9226-lilith-ai-products	9226-lilith-ai-products/beverages/9336_gen_products-beverages_harvest-lane-black-cherry-hard-seltzer-can_p0107_1024x1536.png	1024	1536	png	1080352	1080352	ad3e9968e1075a3a73bcd041eb9e2fe25f3682876722a76494c7d5301aa312c8	https://codec-corpus.r2.imazen.org/imazen-26-unprocessed/9226-lilith-ai-products/beverages/9336_gen_products-beverages_harvest-lane-black-cherry-hard-seltzer-can_p0107_1024x1536.png	https://codec-corpus.r2.imazen.org/imazen-26-png-v3/9226-lilith-ai-products/beverages/9336_gen_products-beverages_harvest-lane-black-cherry-hard-seltzer-can_p0107_1024x1536.sdr.png
9338	train	9226-lilith-ai-products	9226-lilith-ai-products/beverages/9338_gen_products-beverages_ironhart-citra-ipa-craft-beer-can_p0109_1024x1536.png	1024	1536	png	1208130	1208130	7a5ca54eed9786cba1cc160bf85744932f104378811019554f4e67e20d69aa07	https://codec-corpus.r2.imazen.org/imazen-26-unprocessed/9226-lilith-ai-products/beverages/9338_gen_products-beverages_ironhart-citra-ipa-craft-beer-can_p0109_1024x1536.png	https://codec-corpus.r2.imazen.org/imazen-26-png-v3/9226-lilith-ai-products/beverages/9338_gen_products-beverages_ironhart-citra-ipa-craft-beer-can_p0109_1024x1536.sdr.png
9340	train	9226-lilith-ai-products	9226-lilith-ai-products/beverages/9340_gen_products-beverages_meadowmilk-almond-milk-bottle_p0111_1024x1536.png	1024	1536	png	931207	931207	0e78815af5862d029dce031dfc6cefce856a9c2ffd47c248673d5145bf4c148b	https://codec-corpus.r2.imazen.org/imazen-26-unprocessed/9226-lilith-ai-products/beverages/9340_gen_products-beverages_meadowmilk-almond-milk-bottle_p0111_1024x1536.png	https://codec-corpus.r2.imazen.org/imazen-26-png-v3/9226-lilith-ai-products/beverages/9340_gen_products-beverages_meadowmilk-almond-milk-bottle_p0111_1024x1536.sdr.png
9342	train	9226-lilith-ai-products	9226-lilith-ai-products/beverages/9342_gen_products-beverages_meadowmilk-vanilla-oat-milk-carton_p0113_1024x1536.png	1024	1536	png	856799	856799	6184ef888f95eec37b579f6770f8c578e8341594497d92b0bf26f7f90c1627f0	https://codec-corpus.r2.imazen.org/imazen-26-unprocessed/9226-lilith-ai-products/beverages/9342_gen_products-beverages_meadowmilk-vanilla-oat-milk-carton_p0113_1024x1536.png	https://codec-corpus.r2.imazen.org/imazen-26-png-v3/9226-lilith-ai-products/beverages/9342_gen_products-beverages_meadowmilk-vanilla-oat-milk-carton_p0113_1024x1536.sdr.png
9344	train	9226-lilith-ai-products	9226-lilith-ai-products/beverages/9344_gen_products-beverages_orchardmark-cloudy-apple-juice-bottle_p0115_1024x1536.png	1024	1536	png	847462	847462	fea6adc2947f1ec28b46979cf1cbe5d37e9c71f310c79b48c292cb90bad344af	https://codec-corpus.r2.imazen.org/imazen-26-unprocessed/9226-lilith-ai-products/beverages/9344_gen_products-beverages_orchardmark-cloudy-apple-juice-bottle_p0115_1024x1536.png	https://codec-corpus.r2.imazen.org/imazen-26-png-v3/9226-lilith-ai-products/beverages/9344_gen_products-beverages_orchardmark-cloudy-apple-juice-bottle_p0115_1024x1536.sdr.png
9346	train	9226-lilith-ai-products	9226-lilith-ai-products/beverages/9346_gen_products-beverages_sunpitcher-classic-lemonade-carton_p0117_1024x1536.png	1024	1536	png	1042770	1042770	e877f3e2bb9854de332d3f83ac962c0641d160e4c77b1fc6242aa07e718bb153	https://codec-corpus.r2.imazen.org/imazen-26-unprocessed/9226-lilith-ai-products/beverages/9346_gen_products-beverages_sunpitcher-classic-lemonade-carton_p0117_1024x1536.png	https://codec-corpus.r2.imazen.org/imazen-26-png-v3/9226-lilith-ai-products/beverages/9346_gen_products-beverages_sunpitcher-classic-lemonade-carton_p0117_1024x1536.sdr.png
9348	train	9226-lilith-ai-products	9226-lilith-ai-products/beverages/9348_gen_products-beverages_valdimora-sauvignon-blanc-white-wine-bottle_p0119_1024x1536.png	1024	1536	png	843253	843253	7845c301e6374a0eccf8f74c421d90a39c4dbe075c336b446af5681063f181e1	https://codec-corpus.r2.imazen.org/imazen-26-unprocessed/9226-lilith-ai-products/beverages/9348_gen_products-beverages_valdimora-sauvignon-blanc-white-wine-bottle_p0119_1024x1536.png	https://codec-corpus.r2.imazen.org/imazen-26-png-v3/9226-lilith-ai-products/beverages/9348_gen_products-beverages_valdimora-sauvignon-blanc-white-wine-bottle_p0119_1024x1536.sdr.png
9350	train	9226-lilith-ai-products	9226-lilith-ai-products/beverages/9350_gen_products-beverages_wildferment-ginger-beer-bottle_p0121_1024x1536.png	1024	1536	png	1216361	1216361	9e1f23302044e198cf6ba7be3f1056a70a5e58ed74fa12a75dd1244c724f2efe	https://codec-corpus.r2.imazen.org/imazen-26-unprocessed/9226-lilith-ai-products/beverages/9350_gen_products-beverages_wildferment-ginger-beer-bottle_p0121_1024x1536.png	https://codec-corpus.r2.imazen.org/imazen-26-png-v3/9226-lilith-ai-products/beverages/9350_gen_products-beverages_wildferment-ginger-beer-bottle_p0121_1024x1536.sdr.png
9352	train	9226-lilith-ai-products	9226-lilith-ai-products/clothing/fabric-textures/9352_gen_products-clothing-fabric-textures_swatch-buffalo-check-flannel_p0123_2048x2048.png	2048	2048	png	8820596	8820596	87355e3c9d793ec19cef68bf1ad98d59f3b2e7b76e7b21b7da2107629cb00145	https://codec-corpus.r2.imazen.org/imazen-26-unprocessed/9226-lilith-ai-products/clothing/fabric-textures/9352_gen_products-clothing-fabric-textures_swatch-buffalo-check-flannel_p0123_2048x2048.png	https://codec-corpus.r2.imazen.org/imazen-26-png-v3/9226-lilith-ai-products/clothing/fabric-textures/9352_gen_products-clothing-fabric-textures_swatch-buffalo-check-flannel_p0123_2048x2048.sdr.png
9354	train	9226-lilith-ai-products	9226-lilith-ai-products/clothing/fabric-textures/9354_gen_products-clothing-fabric-textures_swatch-tan-full-grain-leather_p0125_4096x4096.jpg	4096	4096	jpg	15876630	15876630	78380d230f56e21ba2d022a3d9a1f4a84652daca538cc23f86fefa8a864f4f46	https://codec-corpus.r2.imazen.org/imazen-26-unprocessed/9226-lilith-ai-products/clothing/fabric-textures/9354_gen_products-clothing-fabric-textures_swatch-tan-full-grain-leather_p0125_4096x4096.jpg	https://codec-corpus.r2.imazen.org/imazen-26-png-v3/9226-lilith-ai-products/clothing/fabric-textures/9354_gen_products-clothing-fabric-textures_swatch-tan-full-grain-leather_p0125_4096x4096.sdr.png
9356	train	9226-lilith-ai-products	9226-lilith-ai-products/clothing/fabric-textures/9356_gen_products-clothing-fabric-textures_texture-emerald-velvet_detail_p0127_3840x2160.png	3840	2160	png	12916221	12916221	2e996e009b2594218d52bfbdf5c1af999c12ebc05dc06ef7d1e37a0eb813a586	https://codec-corpus.r2.imazen.org/imazen-26-unprocessed/9226-lilith-ai-products/clothing/fabric-textures/9356_gen_products-clothing-fabric-textures_texture-emerald-velvet_detail_p0127_3840x2160.png	https://codec-corpus.r2.imazen.org/imazen-26-png-v3/9226-lilith-ai-products/clothing/fabric-textures/9356_gen_products-clothing-fabric-textures_texture-emerald-velvet_detail_p0127_3840x2160.sdr.png
9358	train	9226-lilith-ai-products	9226-lilith-ai-products/clothing/fabric-textures/9358_gen_products-clothing-fabric-textures_texture-white-faux-fur_detail_p0129_3840x2160.png	3840	2160	png	10527109	10527109	0ab7d3e72a0f76440d785784400577b1b3e1d90b1efb860b74d06ff9405726ab	https://codec-corpus.r2.imazen.org/imazen-26-unprocessed/9226-lilith-ai-products/clothing/fabric-textures/9358_gen_products-clothing-fabric-textures_texture-white-faux-fur_detail_p0129_3840x2160.png	https://codec-corpus.r2.imazen.org/imazen-26-png-v3/9226-lilith-ai-products/clothing/fabric-textures/9358_gen_products-clothing-fabric-textures_texture-white-faux-fur_detail_p0129_3840x2160.sdr.png
9360	train	9226-lilith-ai-products	9226-lilith-ai-products/clothing/kids/9360_gen_products-clothing-kids_baby-overalls-denim-light-wash_flat_p0131_1024x1536.png	1024	1536	png	2474062	2474062	b8b80bd54493701e792dc969a8b58e0ddaea39782f519820919d7b00fd6a8371	https://codec-corpus.r2.imazen.org/imazen-26-unprocessed/9226-lilith-ai-products/clothing/kids/9360_gen_products-clothing-kids_baby-overalls-denim-light-wash_flat_p0131_1024x1536.png	https://codec-corpus.r2.imazen.org/imazen-26-png-v3/9226-lilith-ai-products/clothing/kids/9360_gen_products-clothing-kids_baby-overalls-denim-light-wash_flat_p0131_1024x1536.sdr.png
9362	train	9226-lilith-ai-products	9226-lilith-ai-products/clothing/kids/9362_gen_products-clothing-kids_footwear-womens-ballet-flat-blush_p0133_1536x1024.png	1536	1024	png	957795	957795	33963bbee271c9b38cff95b98b89ab6e661ef19c4415ae322e2eb1379edf0e45	https://codec-corpus.r2.imazen.org/imazen-26-unprocessed/9226-lilith-ai-products/clothing/kids/9362_gen_products-clothing-kids_footwear-womens-ballet-flat-blush_p0133_1536x1024.png	https://codec-corpus.r2.imazen.org/imazen-26-png-v3/9226-lilith-ai-products/clothing/kids/9362_gen_products-clothing-kids_footwear-womens-ballet-flat-blush_p0133_1536x1024.sdr.png
9364	train	9226-lilith-ai-products	9226-lilith-ai-products/clothing/kids/9364_gen_products-clothing-kids_bomber-jacket-teal_ghost_p0135_1024x1536.png	1024	1536	png	1255163	1255163	4cad93dd783e3df9a2fe26dd4312e35d24f484ed135c6bdc9731b6bd04d2935a	https://codec-corpus.r2.imazen.org/imazen-26-unprocessed/9226-lilith-ai-products/clothing/kids/9364_gen_products-clothing-kids_bomber-jacket-teal_ghost_p0135_1024x1536.png	https://codec-corpus.r2.imazen.org/imazen-26-png-v3/9226-lilith-ai-products/clothing/kids/9364_gen_products-clothing-kids_bomber-jacket-teal_ghost_p0135_1024x1536.sdr.png
9366	train	9226-lilith-ai-products	9226-lilith-ai-products/clothing/kids/9366_gen_products-clothing-kids_cherry-print-overalls_onmodel_p0137_1024x1536.png	1024	1536	png	1394123	1394123	a468d9d78d3fe116ee62b0f414ecb96fe8a4bec99b17444e781840cb34825981	https://codec-corpus.r2.imazen.org/imazen-26-unprocessed/9226-lilith-ai-products/clothing/kids/9366_gen_products-clothing-kids_cherry-print-overalls_onmodel_p0137_1024x1536.png	https://codec-corpus.r2.imazen.org/imazen-26-png-v3/9226-lilith-ai-products/clothing/kids/9366_gen_products-clothing-kids_cherry-print-overalls_onmodel_p0137_1024x1536.sdr.png
9368	train	9226-lilith-ai-products	9226-lilith-ai-products/clothing/kids/9368_gen_products-clothing-kids_denim-overalls-mid-wash_onmodel_p0139_3072x5504.jpg	3072	5504	jpg	8405889	8405889	4bb659a506e4fb03f2ea8fcf633eed4612971cb33bed34eac67c47acbc9ee983	https://codec-corpus.r2.imazen.org/imazen-26-unprocessed/9226-lilith-ai-products/clothing/kids/9368_gen_products-clothing-kids_denim-overalls-mid-wash_onmodel_p0139_3072x5504.jpg	https://codec-corpus.r2.imazen.org/imazen-26-png-v3/9226-lilith-ai-products/clothing/kids/9368_gen_products-clothing-kids_denim-overalls-mid-wash_onmodel_p0139_3072x5504.sdr.png
9370	train	9226-lilith-ai-products	9226-lilith-ai-products/clothing/kids/9370_gen_products-clothing-kids_dress-corduroy_onmodel_p0141_1024x1536.png	1024	1536	png	1010269	1010269	e95dd6b577dc84c6aea408b84cb79e4088359838e1a7f3c4d8a063c2335f5917	https://codec-corpus.r2.imazen.org/imazen-26-unprocessed/9226-lilith-ai-products/clothing/kids/9370_gen_products-clothing-kids_dress-corduroy_onmodel_p0141_1024x1536.png	https://codec-corpus.r2.imazen.org/imazen-26-png-v3/9226-lilith-ai-products/clothing/kids/9370_gen_products-clothing-kids_dress-corduroy_onmodel_p0141_1024x1536.sdr.png
9372	train	9226-lilith-ai-products	9226-lilith-ai-products/clothing/kids/9372_gen_products-clothing-kids_floral-dress_onmodel_p0143_1024x1536.png	1024	1536	png	1164116	1164116	a8e54777c4c677e2d2a4e69c9efa2a30adadce1c27f2c61c71346e9ee68590e8	https://codec-corpus.r2.imazen.org/imazen-26-unprocessed/9226-lilith-ai-products/clothing/kids/9372_gen_products-clothing-kids_floral-dress_onmodel_p0143_1024x1536.png	https://codec-corpus.r2.imazen.org/imazen-26-png-v3/9226-lilith-ai-products/clothing/kids/9372_gen_products-clothing-kids_floral-dress_onmodel_p0143_1024x1536.sdr.png
9374	train	9226-lilith-ai-products	9226-lilith-ai-products/clothing/kids/9374_gen_products-clothing-kids_hoodie-zip-yellow_onmodel_p0145_1024x1536.png	1024	1536	png	1623771	1623771	6279b1acf168738650b900c74d1241c61f2a6c9c94a7a78a88df640c905d01f4	https://codec-corpus.r2.imazen.org/imazen-26-unprocessed/9226-lilith-ai-products/clothing/kids/9374_gen_products-clothing-kids_hoodie-zip-yellow_onmodel_p0145_1024x1536.png	https://codec-corpus.r2.imazen.org/imazen-26-png-v3/9226-lilith-ai-products/clothing/kids/9374_gen_products-clothing-kids_hoodie-zip-yellow_onmodel_p0145_1024x1536.sdr.png
9376	train	9226-lilith-ai-products	9226-lilith-ai-products/clothing/kids/9376_gen_products-clothing-kids_joggers-gray_flat_p0147_1024x1024.png	1024	1024	png	1198354	1198354	4a7ec4836e937504cc54df9013b828f5d6c2740c62de67f1abe1731cc3d3eaa9	https://codec-corpus.r2.imazen.org/imazen-26-unprocessed/9226-lilith-ai-products/clothing/kids/9376_gen_products-clothing-kids_joggers-gray_flat_p0147_1024x1024.png	https://codec-corpus.r2.imazen.org/imazen-26-png-v3/9226-lilith-ai-products/clothing/kids/9376_gen_products-clothing-kids_joggers-gray_flat_p0147_1024x1024.sdr.png
9378	train	9226-lilith-ai-products	9226-lilith-ai-products/clothing/kids/9378_gen_products-clothing-kids_magenta-tutu-dress_onmodel_p0149_1024x1536.png	1024	1536	png	1931971	1931971	86d89791a99f85ddafe92c1b1cfb9abe073223fcb8229c2765d9dd4da3cf1002	https://codec-corpus.r2.imazen.org/imazen-26-unprocessed/9226-lilith-ai-products/clothing/kids/9378_gen_products-clothing-kids_magenta-tutu-dress_onmodel_p0149_1024x1536.png	https://codec-corpus.r2.imazen.org/imazen-26-png-v3/9226-lilith-ai-products/clothing/kids/9378_gen_products-clothing-kids_magenta-tutu-dress_onmodel_p0149_1024x1536.sdr.png
9380	train	9226-lilith-ai-products	9226-lilith-ai-products/clothing/kids/9380_gen_products-clothing-kids_overall-toddler_ghost_p0151_1024x1536.png	1024	1536	png	1745292	1745292	5a7809f6372f511ae1a8ac98b7e7d7e9e7f2d4b740581a309c33b8ea600cdc32	https://codec-corpus.r2.imazen.org/imazen-26-unprocessed/9226-lilith-ai-products/clothing/kids/9380_gen_products-clothing-kids_overall-toddler_ghost_p0151_1024x1536.png	https://codec-corpus.r2.imazen.org/imazen-26-png-v3/9226-lilith-ai-products/clothing/kids/9380_gen_products-clothing-kids_overall-toddler_ghost_p0151_1024x1536.sdr.png
9382	train	9226-lilith-ai-products	9226-lilith-ai-products/clothing/kids/9382_gen_products-clothing-kids_puffer-vest_ghost_p0153_1024x1536.png	1024	1536	png	1203181	1203181	254d6ffd666f40356150f518ad07b51522ee218e008629c25a7f1713ceb970fe	https://codec-corpus.r2.imazen.org/imazen-26-unprocessed/9226-lilith-ai-products/clothing/kids/9382_gen_products-clothing-kids_puffer-vest_ghost_p0153_1024x1536.png	https://codec-corpus.r2.imazen.org/imazen-26-png-v3/9226-lilith-ai-products/clothing/kids/9382_gen_products-clothing-kids_puffer-vest_ghost_p0153_1024x1536.sdr.png
9384	train	9226-lilith-ai-products	9226-lilith-ai-products/clothing/kids/9384_gen_products-clothing-kids_rainbow-tee_p0155_2160x3840.png	2160	3840	png	6749368	6749368	b60d59c5ba0627287e578daa20939fdc447755c57113b86681c428f3bf954d1d	https://codec-corpus.r2.imazen.org/imazen-26-unprocessed/9226-lilith-ai-products/clothing/kids/9384_gen_products-clothing-kids_rainbow-tee_p0155_2160x3840.png	https://codec-corpus.r2.imazen.org/imazen-26-png-v3/9226-lilith-ai-products/clothing/kids/9384_gen_products-clothing-kids_rainbow-tee_p0155_2160x3840.sdr.png
9386	train	9226-lilith-ai-products	9226-lilith-ai-products/clothing/kids/9386_gen_products-clothing-kids_romper-summer_ghost_p0157_1024x1536.png	1024	1536	png	1196360	1196360	0fd6b38d90df2dfdbf4ab1220740df120fb926cd5b96a18750968994197fa81b	https://codec-corpus.r2.imazen.org/imazen-26-unprocessed/9226-lilith-ai-products/clothing/kids/9386_gen_products-clothing-kids_romper-summer_ghost_p0157_1024x1536.png	https://codec-corpus.r2.imazen.org/imazen-26-png-v3/9226-lilith-ai-products/clothing/kids/9386_gen_products-clothing-kids_romper-summer_ghost_p0157_1024x1536.sdr.png
9388	train	9226-lilith-ai-products	9226-lilith-ai-products/clothing/kids/9388_gen_products-clothing-kids_skirt-tulle_onmodel_p0159_1024x1536.png	1024	1536	png	939319	939319	782077bb23175417a163b5d281c5750ee273e5e07da2ba71c4800f227641f08e	https://codec-corpus.r2.imazen.org/imazen-26-unprocessed/9226-lilith-ai-products/clothing/kids/9388_gen_products-clothing-kids_skirt-tulle_onmodel_p0159_1024x1536.png	https://codec-corpus.r2.imazen.org/imazen-26-png-v3/9226-lilith-ai-products/clothing/kids/9388_gen_products-clothing-kids_skirt-tulle_onmodel_p0159_1024x1536.sdr.png
9390	train	9226-lilith-ai-products	9226-lilith-ai-products/clothing/kids/9390_gen_products-clothing-kids_tee-graphic-truck_p0161_1024x1024.png	1024	1024	png	993807	993807	5008e444a2465b02b77ce423abe89d091ad278f5ea9449836b3e9814e11f96c0	https://codec-corpus.r2.imazen.org/imazen-26-unprocessed/9226-lilith-ai-products/clothing/kids/9390_gen_products-clothing-kids_tee-graphic-truck_p0161_1024x1024.png	https://codec-corpus.r2.imazen.org/imazen-26-png-v3/9226-lilith-ai-products/clothing/kids/9390_gen_products-clothing-kids_tee-graphic-truck_p0161_1024x1024.sdr.png
9392	train	9226-lilith-ai-products	9226-lilith-ai-products/clothing/kids/9392_gen_products-clothing-kids_tutu_onmodel_p0163_1024x1536.png	1024	1536	png	947944	947944	54a9a39a60d0989d315ea5b27ccf84edc5eccc091a36cd71ce4dde03c8c275fb	https://codec-corpus.r2.imazen.org/imazen-26-unprocessed/9226-lilith-ai-products/clothing/kids/9392_gen_products-clothing-kids_tutu_onmodel_p0163_1024x1536.png	https://codec-corpus.r2.imazen.org/imazen-26-png-v3/9226-lilith-ai-products/clothing/kids/9392_gen_products-clothing-kids_tutu_onmodel_p0163_1024x1536.sdr.png
9394	train	9226-lilith-ai-products	9226-lilith-ai-products/clothing/mens/9394_gen_products-clothing-mens_cobalt-satin-bomber_p0165_2160x3840.png	2160	3840	png	8722680	8722680	6ca058c6efe258eec317c62ebb6a6537ad801d1110c0ebb13ba0e7f304414ba2	https://codec-corpus.r2.imazen.org/imazen-26-unprocessed/9226-lilith-ai-products/clothing/mens/9394_gen_products-clothing-mens_cobalt-satin-bomber_p0165_2160x3840.png	https://codec-corpus.r2.imazen.org/imazen-26-png-v3/9226-lilith-ai-products/clothing/mens/9394_gen_products-clothing-mens_cobalt-satin-bomber_p0165_2160x3840.sdr.png
9396	train	9226-lilith-ai-products	9226-lilith-ai-products/clothing/mens/9396_gen_products-clothing-mens_grid-fleece-quarter-zip_p0167_2160x3840.png	2160	3840	png	10892858	10892858	59539aa3280e0dc131a5088fd99df47e1ab5cc39347d9e87fe9f70875ee22c5e	https://codec-corpus.r2.imazen.org/imazen-26-unprocessed/9226-lilith-ai-products/clothing/mens/9396_gen_products-clothing-mens_grid-fleece-quarter-zip_p0167_2160x3840.png	https://codec-corpus.r2.imazen.org/imazen-26-png-v3/9226-lilith-ai-products/clothing/mens/9396_gen_products-clothing-mens_grid-fleece-quarter-zip_p0167_2160x3840.sdr.png
9398	train	9226-lilith-ai-products	9226-lilith-ai-products/clothing/mens/9398_gen_products-clothing-mens_bomber-jacket_ghost_p0169_1024x1536.png	1024	1536	png	1226062	1226062	e1c1e88c8edfe32a5e5bd8f8f7132f3a9be584930deb3de78dfb083cf30ec95b	https://codec-corpus.r2.imazen.org/imazen-26-unprocessed/9226-lilith-ai-products/clothing/mens/9398_gen_products-clothing-mens_bomber-jacket_ghost_p0169_1024x1536.png	https://codec-corpus.r2.imazen.org/imazen-26-png-v3/9226-lilith-ai-products/clothing/mens/9398_gen_products-clothing-mens_bomber-jacket_ghost_p0169_1024x1536.sdr.png
9400	train	9226-lilith-ai-products	9226-lilith-ai-products/clothing/mens/9400_gen_products-clothing-mens_cap-five-panel_flat_p0171_1024x1024.png	1024	1024	png	1483906	1483906	ebec0bd6d21324fbafdc8968208c3c36d3cb7be62dc4da7959066281d3b8e452	https://codec-corpus.r2.imazen.org/imazen-26-unprocessed/9226-lilith-ai-products/clothing/mens/9400_gen_products-clothing-mens_cap-five-panel_flat_p0171_1024x1024.png	https://codec-corpus.r2.imazen.org/imazen-26-png-v3/9226-lilith-ai-products/clothing/mens/9400_gen_products-clothing-mens_cap-five-panel_flat_p0171_1024x1024.sdr.png
9402	train	9226-lilith-ai-products	9226-lilith-ai-products/clothing/mens/9402_gen_products-clothing-mens_charcoal-pleated-trouser_ghost_p0173_1024x1536.png	1024	1536	png	1105520	1105520	c630d244e80802d179a49f22fe6e1db2ed6c0143a03ef353616514081b67f61a	https://codec-corpus.r2.imazen.org/imazen-26-unprocessed/9226-lilith-ai-products/clothing/mens/9402_gen_products-clothing-mens_charcoal-pleated-trouser_ghost_p0173_1024x1536.png	https://codec-corpus.r2.imazen.org/imazen-26-png-v3/9226-lilith-ai-products/clothing/mens/9402_gen_products-clothing-mens_charcoal-pleated-trouser_ghost_p0173_1024x1536.sdr.png
9404	train	9226-lilith-ai-products	9226-lilith-ai-products/clothing/mens/9404_gen_products-clothing-mens_denim-jacket_ghost_p0175_1024x1536.png	1024	1536	png	2320139	2320139	9f04068e911a9ce5c92820bbc51cd9e748f7e45c378a36dfad72303b067356d5	https://codec-corpus.r2.imazen.org/imazen-26-unprocessed/9226-lilith-ai-products/clothing/mens/9404_gen_products-clothing-mens_denim-jacket_ghost_p0175_1024x1536.png	https://codec-corpus.r2.imazen.org/imazen-26-png-v3/9226-lilith-ai-products/clothing/mens/9404_gen_products-clothing-mens_denim-jacket_ghost_p0175_1024x1536.sdr.png
9406	train	9226-lilith-ai-products	9226-lilith-ai-products/clothing/mens/9406_gen_products-clothing-mens_graphic-tee-mountain_p0177_1024x1536.png	1024	1536	png	1682696	1682696	85640c811588675009a963d60e156050620144cc9ad1f49e81d29516d0f6ff07	https://codec-corpus.r2.imazen.org/imazen-26-unprocessed/9226-lilith-ai-products/clothing/mens/9406_gen_products-clothing-mens_graphic-tee-mountain_p0177_1024x1536.png	https://codec-corpus.r2.imazen.org/imazen-26-png-v3/9226-lilith-ai-products/clothing/mens/9406_gen_products-clothing-mens_graphic-tee-mountain_p0177_1024x1536.sdr.png
9408	train	9226-lilith-ai-products	9226-lilith-ai-products/clothing/mens/9408_gen_products-clothing-mens_heather-gray-tee_onmodel_p0179_1024x1536.png	1024	1536	png	1419863	1419863	2ee425578ca363a282c0a4d3fe1a37cab978025989496556f5a1d31717855658	https://codec-corpus.r2.imazen.org/imazen-26-unprocessed/9226-lilith-ai-products/clothing/mens/9408_gen_products-clothing-mens_heather-gray-tee_onmodel_p0179_1024x1536.png	https://codec-corpus.r2.imazen.org/imazen-26-png-v3/9226-lilith-ai-products/clothing/mens/9408_gen_products-clothing-mens_heather-gray-tee_onmodel_p0179_1024x1536.sdr.png
9410	train	9226-lilith-ai-products	9226-lilith-ai-products/clothing/mens/9410_gen_products-clothing-mens_hoodie-sage_onmodel_p0181_1024x1536.png	1024	1536	png	1835630	1835630	1a98a0e93e152017444781aa95270ac7647a3f5459505edc7847d1211ab1f31c	https://codec-corpus.r2.imazen.org/imazen-26-unprocessed/9226-lilith-ai-products/clothing/mens/9410_gen_products-clothing-mens_hoodie-sage_onmodel_p0181_1024x1536.png	https://codec-corpus.r2.imazen.org/imazen-26-png-v3/9226-lilith-ai-products/clothing/mens/9410_gen_products-clothing-mens_hoodie-sage_onmodel_p0181_1024x1536.sdr.png
9412	train	9226-lilith-ai-products	9226-lilith-ai-products/clothing/mens/9412_gen_products-clothing-mens_marled-merino-crewneck_ghost_p0183_1024x1536.png	1024	1536	png	3063927	3063927	b26ce6f48cc5b0fa4681108613b7dd66a54ac2c277e19d523a59d45dc3750d01	https://codec-corpus.r2.imazen.org/imazen-26-unprocessed/9226-lilith-ai-products/clothing/mens/9412_gen_products-clothing-mens_marled-merino-crewneck_ghost_p0183_1024x1536.png	https://codec-corpus.r2.imazen.org/imazen-26-png-v3/9226-lilith-ai-products/clothing/mens/9412_gen_products-clothing-mens_marled-merino-crewneck_ghost_p0183_1024x1536.sdr.png
9414	train	9226-lilith-ai-products	9226-lilith-ai-products/clothing/mens/9414_gen_products-clothing-mens_olive-cargo-shorts_flat_p0185_1024x1536.png	1024	1536	png	2103995	2103995	0b08736a807574a84b1811f66de0e5e923683db0b5c286ddfeb60ba665aa0cd3	https://codec-corpus.r2.imazen.org/imazen-26-unprocessed/9226-lilith-ai-products/clothing/mens/9414_gen_products-clothing-mens_olive-cargo-shorts_flat_p0185_1024x1536.png	https://codec-corpus.r2.imazen.org/imazen-26-png-v3/9226-lilith-ai-products/clothing/mens/9414_gen_products-clothing-mens_olive-cargo-shorts_flat_p0185_1024x1536.sdr.png
9416	train	9226-lilith-ai-products	9226-lilith-ai-products/clothing/mens/9416_gen_products-clothing-mens_oxford-shirt_flat_p0187_1024x1024.png	1024	1024	png	1201744	1201744	3f08f5ea7edbccabced873208639ecefaddc1c6dc098de6dd9b40fcbf302c572	https://codec-corpus.r2.imazen.org/imazen-26-unprocessed/9226-lilith-ai-products/clothing/mens/9416_gen_products-clothing-mens_oxford-shirt_flat_p0187_1024x1024.png	https://codec-corpus.r2.imazen.org/imazen-26-png-v3/9226-lilith-ai-products/clothing/mens/9416_gen_products-clothing-mens_oxford-shirt_flat_p0187_1024x1024.sdr.png
9418	train	9226-lilith-ai-products	9226-lilith-ai-products/clothing/mens/9418_gen_products-clothing-mens_quarter-zip-pullover_onmodel_p0189_1024x1536.png	1024	1536	png	2206618	2206618	ae763be92424cb810cac75dacbaae4a5bfd1c6278e26a7abeff15664771986df	https://codec-corpus.r2.imazen.org/imazen-26-unprocessed/9226-lilith-ai-products/clothing/mens/9418_gen_products-clothing-mens_quarter-zip-pullover_onmodel_p0189_1024x1536.png	https://codec-corpus.r2.imazen.org/imazen-26-png-v3/9226-lilith-ai-products/clothing/mens/9418_gen_products-clothing-mens_quarter-zip-pullover_onmodel_p0189_1024x1536.sdr.png
9420	train	9226-lilith-ai-products	9226-lilith-ai-products/clothing/mens/9420_gen_products-clothing-mens_shorts-stripe_flat_p0191_1024x1024.png	1024	1024	png	1076746	1076746	20442eda5240949f19003eefceeab9158419916e951e6be4dd33746db5d37f73	https://codec-corpus.r2.imazen.org/imazen-26-unprocessed/9226-lilith-ai-products/clothing/mens/9420_gen_products-clothing-mens_shorts-stripe_flat_p0191_1024x1024.png	https://codec-corpus.r2.imazen.org/imazen-26-png-v3/9226-lilith-ai-products/clothing/mens/9420_gen_products-clothing-mens_shorts-stripe_flat_p0191_1024x1024.sdr.png
9422	train	9226-lilith-ai-products	9226-lilith-ai-products/clothing/mens/9422_gen_products-clothing-mens_sweatshirt-crew_onmodel_p0193_1024x1536.png	1024	1536	png	1478355	1478355	1dfbf0fd5ebe57a5ec9928c31ce4c59c52c474c5fef66a6d0c8ada2ffc45e7c7	https://codec-corpus.r2.imazen.org/imazen-26-unprocessed/9226-lilith-ai-products/clothing/mens/9422_gen_products-clothing-mens_sweatshirt-crew_onmodel_p0193_1024x1536.png	https://codec-corpus.r2.imazen.org/imazen-26-png-v3/9226-lilith-ai-products/clothing/mens/9422_gen_products-clothing-mens_sweatshirt-crew_onmodel_p0193_1024x1536.sdr.png
9424	train	9226-lilith-ai-products	9226-lilith-ai-products/clothing/mens/9424_gen_products-clothing-mens_tee-baseball-raglan_flat_p0195_1024x1024.png	1024	1024	png	1246621	1246621	ce7bb094a71a849315710b2ce75f6e6e178d732850bc0446512222094755074f	https://codec-corpus.r2.imazen.org/imazen-26-unprocessed/9226-lilith-ai-products/clothing/mens/9424_gen_products-clothing-mens_tee-baseball-raglan_flat_p0195_1024x1024.png	https://codec-corpus.r2.imazen.org/imazen-26-png-v3/9226-lilith-ai-products/clothing/mens/9424_gen_products-clothing-mens_tee-baseball-raglan_flat_p0195_1024x1024.sdr.png
9426	train	9226-lilith-ai-products	9226-lilith-ai-products/clothing/mens/9426_gen_products-clothing-mens_tee-summer-blue_onmodel_p0197_1024x1536.png	1024	1536	png	1792240	1792240	f8c7721e4b7dfd98b04c818e33e2246daa612a0d8c63abc5047b93bbcebf8370	https://codec-corpus.r2.imazen.org/imazen-26-unprocessed/9226-lilith-ai-products/clothing/mens/9426_gen_products-clothing-mens_tee-summer-blue_onmodel_p0197_1024x1536.png	https://codec-corpus.r2.imazen.org/imazen-26-png-v3/9226-lilith-ai-products/clothing/mens/9426_gen_products-clothing-mens_tee-summer-blue_onmodel_p0197_1024x1536.sdr.png
9428	train	9226-lilith-ai-products	9226-lilith-ai-products/clothing/mens/9428_gen_products-clothing-mens_merino-wool-crew-socks-charcoal-teal_flat_p0199_2048x2048.png	2048	2048	png	3591216	3591216	d48d43588d9f8d2d7f59dbb8fcae5f38411b8783b7e1cdf7c0915d75b389b70c	https://codec-corpus.r2.imazen.org/imazen-26-unprocessed/9226-lilith-ai-products/clothing/mens/9428_gen_products-clothing-mens_merino-wool-crew-socks-charcoal-teal_flat_p0199_2048x2048.png	https://codec-corpus.r2.imazen.org/imazen-26-png-v3/9226-lilith-ai-products/clothing/mens/9428_gen_products-clothing-mens_merino-wool-crew-socks-charcoal-teal_flat_p0199_2048x2048.sdr.png
9430	train	9226-lilith-ai-products	9226-lilith-ai-products/clothing/mens/9430_gen_products-clothing-mens_waxed-shacket_p0201_2160x3840.png	2160	3840	png	8199004	8199004	3fbee84dabd216eb53c6c62a2df08d195de1e16cd9b5353073dc85222e6a6d50	https://codec-corpus.r2.imazen.org/imazen-26-unprocessed/9226-lilith-ai-products/clothing/mens/9430_gen_products-clothing-mens_waxed-shacket_p0201_2160x3840.png	https://codec-corpus.r2.imazen.org/imazen-26-png-v3/9226-lilith-ai-products/clothing/mens/9430_gen_products-clothing-mens_waxed-shacket_p0201_2160x3840.sdr.png
9432	train	9226-lilith-ai-products	9226-lilith-ai-products/clothing/womens/activewear/9432_gen_products-clothing-womens-activewear_flare-leggings-crop-terracotta_flat_p0203_1024x1536.png	1024	1536	png	1201352	1201352	13639b757c508142df2a13f0240695e491467aa70f8b670f0829723d9c709775	https://codec-corpus.r2.imazen.org/imazen-26-unprocessed/9226-lilith-ai-products/clothing/womens/activewear/9432_gen_products-clothing-womens-activewear_flare-leggings-crop-terracotta_flat_p0203_1024x1536.png	https://codec-corpus.r2.imazen.org/imazen-26-png-v3/9226-lilith-ai-products/clothing/womens/activewear/9432_gen_products-clothing-womens-activewear_flare-leggings-crop-terracotta_flat_p0203_1024x1536.sdr.png
9434	train	9226-lilith-ai-products	9226-lilith-ai-products/clothing/womens/activewear/9434_gen_products-clothing-womens-activewear_longsleeve-leggings-mustard_flat_p0205_1536x1024.png	1536	1024	png	582343	582343	70d4d53bf15bfa3fcf46bcfa1ac1ab82bb8e75103e5c430a7ae59d40f68b61f3	https://codec-corpus.r2.imazen.org/imazen-26-unprocessed/9226-lilith-ai-products/clothing/womens/activewear/9434_gen_products-clothing-womens-activewear_longsleeve-leggings-mustard_flat_p0205_1536x1024.png	https://codec-corpus.r2.imazen.org/imazen-26-png-v3/9226-lilith-ai-products/clothing/womens/activewear/9434_gen_products-clothing-womens-activewear_longsleeve-leggings-mustard_flat_p0205_1536x1024.sdr.png
9436	train	9226-lilith-ai-products	9226-lilith-ai-products/clothing/womens/activewear/9436_gen_products-clothing-womens-activewear_romper-active-sage_flat_p0207_1024x1536.png	1024	1536	png	1280855	1280855	6aa5e15777ffeb61e8b27c533197f19edbaa62669c06d5b0d45932fbae4529bd	https://codec-corpus.r2.imazen.org/imazen-26-unprocessed/9226-lilith-ai-products/clothing/womens/activewear/9436_gen_products-clothing-womens-activewear_romper-active-sage_flat_p0207_1024x1536.png	https://codec-corpus.r2.imazen.org/imazen-26-png-v3/9226-lilith-ai-products/clothing/womens/activewear/9436_gen_products-clothing-womens-activewear_romper-active-sage_flat_p0207_1024x1536.sdr.png
9438	train	9226-lilith-ai-products	9226-lilith-ai-products/clothing/womens/activewear/9438_gen_products-clothing-womens-activewear_tennis-dress-cream_flat_p0209_1024x1536.png	1024	1536	png	1384734	1384734	eb88715e0c7f480a6173f0b9d63f20fe71208269a533245adc23d90d0aafc1ae	https://codec-corpus.r2.imazen.org/imazen-26-unprocessed/9226-lilith-ai-products/clothing/womens/activewear/9438_gen_products-clothing-womens-activewear_tennis-dress-cream_flat_p0209_1024x1536.png	https://codec-corpus.r2.imazen.org/imazen-26-png-v3/9226-lilith-ai-products/clothing/womens/activewear/9438_gen_products-clothing-womens-activewear_tennis-dress-cream_flat_p0209_1024x1536.sdr.png
9440	train	9226-lilith-ai-products	9226-lilith-ai-products/clothing/womens/activewear/9440_gen_products-clothing-womens-activewear_bike-shorts-bra-yellow_onmodel_p0202_1024x1536.png	1024	1536	png	948134	948134	19152a3b32344e6c833f2986f0bb82a57a373434069a3263aea14bf2fd3cb2f6	https://codec-corpus.r2.imazen.org/imazen-26-unprocessed/9226-lilith-ai-products/clothing/womens/activewear/9440_gen_products-clothing-womens-activewear_bike-shorts-bra-yellow_onmodel_p0202_1024x1536.png	https://codec-corpus.r2.imazen.org/imazen-26-png-v3/9226-lilith-ai-products/clothing/womens/activewear/9440_gen_products-clothing-womens-activewear_bike-shorts-bra-yellow_onmodel_p0202_1024x1536.sdr.png
9442	train	9226-lilith-ai-products	9226-lilith-ai-products/clothing/womens/activewear/9442_gen_products-clothing-womens-activewear_flare-leggings-terracotta_onmodel_p0203_1024x1536.png	1024	1536	png	1005371	1005371	65ed246694b06bd8c3dff2a6775268cd5b4693de421d913653e042ec0f006f1e	https://codec-corpus.r2.imazen.org/imazen-26-unprocessed/9226-lilith-ai-products/clothing/womens/activewear/9442_gen_products-clothing-womens-activewear_flare-leggings-terracotta_onmodel_p0203_1024x1536.png	https://codec-corpus.r2.imazen.org/imazen-26-png-v3/9226-lilith-ai-products/clothing/womens/activewear/9442_gen_products-clothing-womens-activewear_flare-leggings-terracotta_onmodel_p0203_1024x1536.sdr.png
9444	train	9226-lilith-ai-products	9226-lilith-ai-products/clothing/womens/activewear/9444_gen_products-clothing-womens-activewear_longsleeve-tee-leggings-mustard_onmodel_p0205_1024x1536.png	1024	1536	png	1067096	1067096	46e51e7717cd78a7d909c91ece883207b42c2ddd4803878f0fe7b85ef92a35ec	https://codec-corpus.r2.imazen.org/imazen-26-unprocessed/9226-lilith-ai-products/clothing/womens/activewear/9444_gen_products-clothing-womens-activewear_longsleeve-tee-leggings-mustard_onmodel_p0205_1024x1536.png	https://codec-corpus.r2.imazen.org/imazen-26-png-v3/9226-lilith-ai-products/clothing/womens/activewear/9444_gen_products-clothing-womens-activewear_longsleeve-tee-leggings-mustard_onmodel_p0205_1024x1536.sdr.png
9446	train	9226-lilith-ai-products	9226-lilith-ai-products/clothing/womens/activewear/9446_gen_products-clothing-womens-activewear_romper-active-sage_onmodel_p0207_1024x1536.png	1024	1536	png	1324119	1324119	a5da57f5fd299aa0187b8f97d8ca15b400dfa3cfae48676aa934e680467010d4	https://codec-corpus.r2.imazen.org/imazen-26-unprocessed/9226-lilith-ai-products/clothing/womens/activewear/9446_gen_products-clothing-womens-activewear_romper-active-sage_onmodel_p0207_1024x1536.png	https://codec-corpus.r2.imazen.org/imazen-26-png-v3/9226-lilith-ai-products/clothing/womens/activewear/9446_gen_products-clothing-womens-activewear_romper-active-sage_onmodel_p0207_1024x1536.sdr.png
9448	train	9226-lilith-ai-products	9226-lilith-ai-products/clothing/womens/activewear/9448_gen_products-clothing-womens-activewear_tank-shorts-sage_onmodel_p0219_1024x1536.png	1024	1536	png	1848524	1848524	30b93b6f6a7a4366887f38795531e1474e8514d71aada5df60b44e82b41e3ac2	https://codec-corpus.r2.imazen.org/imazen-26-unprocessed/9226-lilith-ai-products/clothing/womens/activewear/9448_gen_products-clothing-womens-activewear_tank-shorts-sage_onmodel_p0219_1024x1536.png	https://codec-corpus.r2.imazen.org/imazen-26-png-v3/9226-lilith-ai-products/clothing/womens/activewear/9448_gen_products-clothing-womens-activewear_tank-shorts-sage_onmodel_p0219_1024x1536.sdr.png
9450	train	9226-lilith-ai-products	9226-lilith-ai-products/clothing/womens/activewear/9450_gen_products-clothing-womens-activewear_windbreaker-shorts-coral_onmodel_p0210_1024x1536.png	1024	1536	png	1290168	1290168	643e3f92c57bfaf46170fd4421a53a55cbd3c5b6ad9f10d2d57f6d704568a069	https://codec-corpus.r2.imazen.org/imazen-26-unprocessed/9226-lilith-ai-products/clothing/womens/activewear/9450_gen_products-clothing-womens-activewear_windbreaker-shorts-coral_onmodel_p0210_1024x1536.png	https://codec-corpus.r2.imazen.org/imazen-26-png-v3/9226-lilith-ai-products/clothing/womens/activewear/9450_gen_products-clothing-womens-activewear_windbreaker-shorts-coral_onmodel_p0210_1024x1536.sdr.png
9452	train	9226-lilith-ai-products	9226-lilith-ai-products/clothing/womens/activewear/9452_gen_products-clothing-womens-activewear_oversized-tee-trio_p0223_1536x1024.png	1536	1024	png	936345	936345	f43cd20bc21c17656698f4ad633f5e90beebb00a8b6a1ffdb03ecd65c76e12a5	https://codec-corpus.r2.imazen.org/imazen-26-unprocessed/9226-lilith-ai-products/clothing/womens/activewear/9452_gen_products-clothing-womens-activewear_oversized-tee-trio_p0223_1536x1024.png	https://codec-corpus.r2.imazen.org/imazen-26-png-v3/9226-lilith-ai-products/clothing/womens/activewear/9452_gen_products-clothing-womens-activewear_oversized-tee-trio_p0223_1536x1024.sdr.png
9454	train	9226-lilith-ai-products	9226-lilith-ai-products/clothing/womens/activewear/9454_gen_products-clothing-womens-activewear_cherry-red-short-set_onmodel_p0225_2160x3840.png	2160	3840	png	9445397	9445397	22809d6720a8d84883d5df2f597149abd0a23219776f3ca67501034a59be7f36	https://codec-corpus.r2.imazen.org/imazen-26-unprocessed/9226-lilith-ai-products/clothing/womens/activewear/9454_gen_products-clothing-womens-activewear_cherry-red-short-set_onmodel_p0225_2160x3840.png	https://codec-corpus.r2.imazen.org/imazen-26-png-v3/9226-lilith-ai-products/clothing/womens/activewear/9454_gen_products-clothing-womens-activewear_cherry-red-short-set_onmodel_p0225_2160x3840.sdr.png
9456	train	9226-lilith-ai-products	9226-lilith-ai-products/clothing/womens/activewear/9456_gen_products-clothing-womens-activewear_electric-bike-shorts_p0226_2160x3840.png	2160	3840	png	6869054	6869054	54054215f654f784980dcdbd324062683095f838824193acc4c5accdf4c9db6f	https://codec-corpus.r2.imazen.org/imazen-26-unprocessed/9226-lilith-ai-products/clothing/womens/activewear/9456_gen_products-clothing-womens-activewear_electric-bike-shorts_p0226_2160x3840.png	https://codec-corpus.r2.imazen.org/imazen-26-png-v3/9226-lilith-ai-products/clothing/womens/activewear/9456_gen_products-clothing-womens-activewear_electric-bike-shorts_p0226_2160x3840.sdr.png
9458	train	9226-lilith-ai-products	9226-lilith-ai-products/clothing/womens/activewear/9458_gen_products-clothing-womens-activewear_tennis-skirt-jewel_onmodel_p0228_1024x1536.png	1024	1536	png	1483213	1483213	079791ea34b678451c5791cd3e7b8799b5a4703d3fc456aeb65a4ab093503381	https://codec-corpus.r2.imazen.org/imazen-26-unprocessed/9226-lilith-ai-products/clothing/womens/activewear/9458_gen_products-clothing-womens-activewear_tennis-skirt-jewel_onmodel_p0228_1024x1536.png	https://codec-corpus.r2.imazen.org/imazen-26-png-v3/9226-lilith-ai-products/clothing/womens/activewear/9458_gen_products-clothing-womens-activewear_tennis-skirt-jewel_onmodel_p0228_1024x1536.sdr.png
9460	train	9226-lilith-ai-products	9226-lilith-ai-products/clothing/womens/activewear/9460_gen_products-clothing-womens-activewear_highwaist-leggings-sage_onmodel_p0230_3072x5504.jpg	3072	5504	jpg	965853	965853	9f0e63d1c96c4e49e46072ef0228ea66583595c4b6e787564669399ed30f79a0	https://codec-corpus.r2.imazen.org/imazen-26-unprocessed/9226-lilith-ai-products/clothing/womens/activewear/9460_gen_products-clothing-womens-activewear_highwaist-leggings-sage_onmodel_p0230_3072x5504.jpg	https://codec-corpus.r2.imazen.org/imazen-26-png-v3/9226-lilith-ai-products/clothing/womens/activewear/9460_gen_products-clothing-womens-activewear_highwaist-leggings-sage_onmodel_p0230_3072x5504.sdr.png
9462	train	9226-lilith-ai-products	9226-lilith-ai-products/clothing/womens/activewear/9462_gen_products-clothing-womens-activewear_softshell-jacket-slate_onmodel_p0232_3072x5504.jpg	3072	5504	jpg	1520034	1520034	bc706c74f7b28c49ba0e36a74ff806bcf64784a707beacefcf80940f680aa02b	https://codec-corpus.r2.imazen.org/imazen-26-unprocessed/9226-lilith-ai-products/clothing/womens/activewear/9462_gen_products-clothing-womens-activewear_softshell-jacket-slate_onmodel_p0232_3072x5504.jpg	https://codec-corpus.r2.imazen.org/imazen-26-png-v3/9226-lilith-ai-products/clothing/womens/activewear/9462_gen_products-clothing-womens-activewear_softshell-jacket-slate_onmodel_p0232_3072x5504.sdr.png
9464	train	9226-lilith-ai-products	9226-lilith-ai-products/clothing/womens/activewear/9464_gen_products-clothing-womens-activewear_trail-leggings-set-teal-charcoal_flat_p0234_2048x2048.png	2048	2048	png	4505368	4505368	fe6772b7ec68cffcf647aa386a732c804a1c2ccc3304abf73ba8da2f357e537a	https://codec-corpus.r2.imazen.org/imazen-26-unprocessed/9226-lilith-ai-products/clothing/womens/activewear/9464_gen_products-clothing-womens-activewear_trail-leggings-set-teal-charcoal_flat_p0234_2048x2048.png	https://codec-corpus.r2.imazen.org/imazen-26-png-v3/9226-lilith-ai-products/clothing/womens/activewear/9464_gen_products-clothing-womens-activewear_trail-leggings-set-teal-charcoal_flat_p0234_2048x2048.sdr.png
9466	train	9226-lilith-ai-products	9226-lilith-ai-products/clothing/womens/dark-bg/9466_gen_products-clothing-womens-dark-bg_chartreuse-fringe-mini-dress_onmodel_p0236_2160x3840.png	2160	3840	png	9826393	9826393	d71c19b0642ca962e736152e2ca6a839c9c877124e7d25fc091af41ebe154c3a	https://codec-corpus.r2.imazen.org/imazen-26-unprocessed/9226-lilith-ai-products/clothing/womens/dark-bg/9466_gen_products-clothing-womens-dark-bg_chartreuse-fringe-mini-dress_onmodel_p0236_2160x3840.png	https://codec-corpus.r2.imazen.org/imazen-26-png-v3/9226-lilith-ai-products/clothing/womens/dark-bg/9466_gen_products-clothing-womens-dark-bg_chartreuse-fringe-mini-dress_onmodel_p0236_2160x3840.sdr.png
9468	train	9226-lilith-ai-products	9226-lilith-ai-products/clothing/womens/dark-bg/9468_gen_products-clothing-womens-dark-bg_cobalt-one-shoulder-dress_p0238_2160x3840.png	2160	3840	png	8376083	8376083	4d6360c68fb911aefc234a600fbd40bfb7b6e2cc6181a07470e0e423614dc505	https://codec-corpus.r2.imazen.org/imazen-26-unprocessed/9226-lilith-ai-products/clothing/womens/dark-bg/9468_gen_products-clothing-womens-dark-bg_cobalt-one-shoulder-dress_p0238_2160x3840.png	https://codec-corpus.r2.imazen.org/imazen-26-png-v3/9226-lilith-ai-products/clothing/womens/dark-bg/9468_gen_products-clothing-womens-dark-bg_cobalt-one-shoulder-dress_p0238_2160x3840.sdr.png
9470	train	9226-lilith-ai-products	9226-lilith-ai-products/clothing/womens/dark-bg/9470_gen_products-clothing-womens-dark-bg_emerald-cutout-knit-dress_p0240_2160x3840.png	2160	3840	png	7650938	7650938	111f1a8f57753a807e89ee4dfeb194616a0b539b8505aac16aa9288a937f48a8	https://codec-corpus.r2.imazen.org/imazen-26-unprocessed/9226-lilith-ai-products/clothing/womens/dark-bg/9470_gen_products-clothing-womens-dark-bg_emerald-cutout-knit-dress_p0240_2160x3840.png	https://codec-corpus.r2.imazen.org/imazen-26-png-v3/9226-lilith-ai-products/clothing/womens/dark-bg/9470_gen_products-clothing-womens-dark-bg_emerald-cutout-knit-dress_p0240_2160x3840.sdr.png
9472	train	9226-lilith-ai-products	9226-lilith-ai-products/clothing/womens/dark-bg/9472_gen_products-clothing-womens-dark-bg_emerald-velvet-bow-mini_onmodel_p0241_2160x3840.png	2160	3840	png	8266790	8266790	30aa749f454a1c14fa4f69283ef8c0732f888fc56864ad8df909cd58c18ae507	https://codec-corpus.r2.imazen.org/imazen-26-unprocessed/9226-lilith-ai-products/clothing/womens/dark-bg/9472_gen_products-clothing-womens-dark-bg_emerald-velvet-bow-mini_onmodel_p0241_2160x3840.png	https://codec-corpus.r2.imazen.org/imazen-26-png-v3/9226-lilith-ai-products/clothing/womens/dark-bg/9472_gen_products-clothing-womens-dark-bg_emerald-velvet-bow-mini_onmodel_p0241_2160x3840.sdr.png
9474	train	9226-lilith-ai-products	9226-lilith-ai-products/clothing/womens/dark-bg/9474_gen_products-clothing-womens-dark-bg_magenta-leopard-sequin-gown_onmodel_p0243_2160x3840.png	2160	3840	png	11929890	11929890	00a826fbaad88a4145b27cf0a2fc7d452f09ea9c1dc446e456fc94e85351286b	https://codec-corpus.r2.imazen.org/imazen-26-unprocessed/9226-lilith-ai-products/clothing/womens/dark-bg/9474_gen_products-clothing-womens-dark-bg_magenta-leopard-sequin-gown_onmodel_p0243_2160x3840.png	https://codec-corpus.r2.imazen.org/imazen-26-png-v3/9226-lilith-ai-products/clothing/womens/dark-bg/9474_gen_products-clothing-womens-dark-bg_magenta-leopard-sequin-gown_onmodel_p0243_2160x3840.sdr.png
9476	train	9226-lilith-ai-products	9226-lilith-ai-products/clothing/womens/dark-bg/9476_gen_products-clothing-womens-dark-bg_neon-colorblock-sports-set_p0245_2160x3840.png	2160	3840	png	7829827	7829827	0ab8db2cad304100b27dadd16e2e56dde67b0550103bc5c8641c83b1bf67d0a3	https://codec-corpus.r2.imazen.org/imazen-26-unprocessed/9226-lilith-ai-products/clothing/womens/dark-bg/9476_gen_products-clothing-womens-dark-bg_neon-colorblock-sports-set_p0245_2160x3840.png	https://codec-corpus.r2.imazen.org/imazen-26-png-v3/9226-lilith-ai-products/clothing/womens/dark-bg/9476_gen_products-clothing-womens-dark-bg_neon-colorblock-sports-set_p0245_2160x3840.sdr.png
9478	train	9226-lilith-ai-products	9226-lilith-ai-products/clothing/womens/dark-bg/9478_gen_products-clothing-womens-dark-bg_silver-sequin-suit_p0247_2160x3840.png	2160	3840	png	12533673	12533673	50e963feacb3cfe0cda92cefcf579e3fab0539256e93cae8975b2661737d7a83	https://codec-corpus.r2.imazen.org/imazen-26-unprocessed/9226-lilith-ai-products/clothing/womens/dark-bg/9478_gen_products-clothing-womens-dark-bg_silver-sequin-suit_p0247_2160x3840.png	https://codec-corpus.r2.imazen.org/imazen-26-png-v3/9226-lilith-ai-products/clothing/womens/dark-bg/9478_gen_products-clothing-womens-dark-bg_silver-sequin-suit_p0247_2160x3840.sdr.png
9480	train	9226-lilith-ai-products	9226-lilith-ai-products/clothing/womens/dark-bg/9480_gen_products-clothing-womens-dark-bg_tropical-floral-maxi_p0249_2160x3840.png	2160	3840	png	10821485	10821485	10d5581eeb6f09f4c641f28b4de9d17c4feafc812897b318cc6d7f7ff15933db	https://codec-corpus.r2.imazen.org/imazen-26-unprocessed/9226-lilith-ai-products/clothing/womens/dark-bg/9480_gen_products-clothing-womens-dark-bg_tropical-floral-maxi_p0249_2160x3840.png	https://codec-corpus.r2.imazen.org/imazen-26-png-v3/9226-lilith-ai-products/clothing/womens/dark-bg/9480_gen_products-clothing-womens-dark-bg_tropical-floral-maxi_p0249_2160x3840.sdr.png
9482	train	9226-lilith-ai-products	9226-lilith-ai-products/clothing/womens/dark-bg/9482_gen_products-clothing-womens-dark-bg_wedding-guest-onmodel-editorial_onmodel_p0251_1024x1536.png	1024	1536	png	1858079	1858079	834b703278a6bfff5918479f7a475df2dfb466a5a19ddbd2c53318a4c381f7e1	https://codec-corpus.r2.imazen.org/imazen-26-unprocessed/9226-lilith-ai-products/clothing/womens/dark-bg/9482_gen_products-clothing-womens-dark-bg_wedding-guest-onmodel-editorial_onmodel_p0251_1024x1536.png	https://codec-corpus.r2.imazen.org/imazen-26-png-v3/9226-lilith-ai-products/clothing/womens/dark-bg/9482_gen_products-clothing-womens-dark-bg_wedding-guest-onmodel-editorial_onmodel_p0251_1024x1536.sdr.png
9484	train	9226-lilith-ai-products	9226-lilith-ai-products/clothing/womens/general/9484_gen_products-clothing-womens-general_acid-green-oversized-graphic-tee_onmodel_p0253_2160x3840.png	2160	3840	png	14012266	14012266	c6365955746b8a6e6b9cf56bad4a9c01e875175e1c496d349e1b9a520d594856	https://codec-corpus.r2.imazen.org/imazen-26-unprocessed/9226-lilith-ai-products/clothing/womens/general/9484_gen_products-clothing-womens-general_acid-green-oversized-graphic-tee_onmodel_p0253_2160x3840.png	https://codec-corpus.r2.imazen.org/imazen-26-png-v3/9226-lilith-ai-products/clothing/womens/general/9484_gen_products-clothing-womens-general_acid-green-oversized-graphic-tee_onmodel_p0253_2160x3840.sdr.png
9486	train	9226-lilith-ai-products	9226-lilith-ai-products/clothing/womens/general/9486_gen_products-clothing-womens-general_burgundy-tee-pomegranate_p0255_1024x1536.png	1024	1536	png	969800	969800	6e21d7568ef382aec39df6eb2c8b58c4b42a54fa47f43515836db320827d3bf3	https://codec-corpus.r2.imazen.org/imazen-26-unprocessed/9226-lilith-ai-products/clothing/womens/general/9486_gen_products-clothing-womens-general_burgundy-tee-pomegranate_p0255_1024x1536.png	https://codec-corpus.r2.imazen.org/imazen-26-png-v3/9226-lilith-ai-products/clothing/womens/general/9486_gen_products-clothing-womens-general_burgundy-tee-pomegranate_p0255_1024x1536.sdr.png
9488	train	9226-lilith-ai-products	9226-lilith-ai-products/clothing/womens/general/9488_gen_products-clothing-womens-general_cobalt-embroidered-baggy-jeans_onmodel_p0257_2160x3840.png	2160	3840	png	13186922	13186922	0d044afd45cce2547540275082dab9742b31062af56544d9fd41633096876cff	https://codec-corpus.r2.imazen.org/imazen-26-unprocessed/9226-lilith-ai-products/clothing/womens/general/9488_gen_products-clothing-womens-general_cobalt-embroidered-baggy-jeans_onmodel_p0257_2160x3840.png	https://codec-corpus.r2.imazen.org/imazen-26-png-v3/9226-lilith-ai-products/clothing/womens/general/9488_gen_products-clothing-womens-general_cobalt-embroidered-baggy-jeans_onmodel_p0257_2160x3840.sdr.png
9490	train	9226-lilith-ai-products	9226-lilith-ai-products/clothing/womens/general/9490_gen_products-clothing-womens-general_cobalt-puff-sleeve-mini_onmodel_p0259_1024x1536.png	1024	1536	png	1014768	1014768	9ffb70c202c3937845434a6e55180372939b8ab5c5b1a158ce18d34cdd7abea5	https://codec-corpus.r2.imazen.org/imazen-26-unprocessed/9226-lilith-ai-products/clothing/womens/general/9490_gen_products-clothing-womens-general_cobalt-puff-sleeve-mini_onmodel_p0259_1024x1536.png	https://codec-corpus.r2.imazen.org/imazen-26-png-v3/9226-lilith-ai-products/clothing/womens/general/9490_gen_products-clothing-womens-general_cobalt-puff-sleeve-mini_onmodel_p0259_1024x1536.sdr.png
9492	train	9226-lilith-ai-products	9226-lilith-ai-products/clothing/womens/general/9492_gen_products-clothing-womens-general_colorblock-mohair-sweater_p0261_2160x3840.png	2160	3840	png	8150801	8150801	5d7a721513e91b0fbd217c36ab84c1bf3045e551bdd238022dfc96e5f9888710	https://codec-corpus.r2.imazen.org/imazen-26-unprocessed/9226-lilith-ai-products/clothing/womens/general/9492_gen_products-clothing-womens-general_colorblock-mohair-sweater_p0261_2160x3840.png	https://codec-corpus.r2.imazen.org/imazen-26-png-v3/9226-lilith-ai-products/clothing/womens/general/9492_gen_products-clothing-womens-general_colorblock-mohair-sweater_p0261_2160x3840.sdr.png
9494	train	9226-lilith-ai-products	9226-lilith-ai-products/clothing/womens/general/9494_gen_products-clothing-womens-general_denim-jacket-women-flat_detail_p0263_1024x1024.png	1024	1024	png	2466251	2466251	c790e6af77109e84ecdc4a80414922e8ff0a3d4c56bbbf5dd29977201ea8f950	https://codec-corpus.r2.imazen.org/imazen-26-unprocessed/9226-lilith-ai-products/clothing/womens/general/9494_gen_products-clothing-womens-general_denim-jacket-women-flat_detail_p0263_1024x1024.png	https://codec-corpus.r2.imazen.org/imazen-26-png-v3/9226-lilith-ai-products/clothing/womens/general/9494_gen_products-clothing-womens-general_denim-jacket-women-flat_detail_p0263_1024x1024.sdr.png
9496	train	9226-lilith-ai-products	9226-lilith-ai-products/clothing/womens/general/9496_gen_products-clothing-womens-general_emerald-cutout-knit-dress_onmodel_p0240_2160x3840.png	2160	3840	png	5684505	5684505	cf063982e6e55201f6c26f3a5d3d1a35f810969d2df292fea0d6cf2e31b59fde	https://codec-corpus.r2.imazen.org/imazen-26-unprocessed/9226-lilith-ai-products/clothing/womens/general/9496_gen_products-clothing-womens-general_emerald-cutout-knit-dress_onmodel_p0240_2160x3840.png	https://codec-corpus.r2.imazen.org/imazen-26-png-v3/9226-lilith-ai-products/clothing/womens/general/9496_gen_products-clothing-womens-general_emerald-cutout-knit-dress_onmodel_p0240_2160x3840.sdr.png
9498	train	9226-lilith-ai-products	9226-lilith-ai-products/clothing/womens/general/9498_gen_products-clothing-womens-general_fuchsia-blazer_onmodel_p0266_1024x1536.png	1024	1536	png	1459547	1459547	1d7bc37a56897918df4a6bac7858416f4ff7de59b05bbd3239440384631ce934	https://codec-corpus.r2.imazen.org/imazen-26-unprocessed/9226-lilith-ai-products/clothing/womens/general/9498_gen_products-clothing-womens-general_fuchsia-blazer_onmodel_p0266_1024x1536.png	https://codec-corpus.r2.imazen.org/imazen-26-png-v3/9226-lilith-ai-products/clothing/womens/general/9498_gen_products-clothing-womens-general_fuchsia-blazer_onmodel_p0266_1024x1536.sdr.png
9500	train	9226-lilith-ai-products	9226-lilith-ai-products/clothing/womens/general/9500_gen_products-clothing-womens-general_garnet-navy-tartan-tea-dress_onmodel_p0268_2160x3840.png	2160	3840	png	9714526	9714526	168a5fd433236f1c72081b1bbde204049a8036453a0bb9198d110338a0a0a5b3	https://codec-corpus.r2.imazen.org/imazen-26-unprocessed/9226-lilith-ai-products/clothing/womens/general/9500_gen_products-clothing-womens-general_garnet-navy-tartan-tea-dress_onmodel_p0268_2160x3840.png	https://codec-corpus.r2.imazen.org/imazen-26-png-v3/9226-lilith-ai-products/clothing/womens/general/9500_gen_products-clothing-womens-general_garnet-navy-tartan-tea-dress_onmodel_p0268_2160x3840.sdr.png
9502	train	9226-lilith-ai-products	9226-lilith-ai-products/clothing/womens/general/9502_gen_products-clothing-womens-general_indigo-utility-jumpsuit_onmodel_p0270_1024x1536.png	1024	1536	png	686470	686470	03a91f34d7e3dc54fa442e41afe61ba12937c1d1fa7ed5c56e011cf7d84045d2	https://codec-corpus.r2.imazen.org/imazen-26-unprocessed/9226-lilith-ai-products/clothing/womens/general/9502_gen_products-clothing-womens-general_indigo-utility-jumpsuit_onmodel_p0270_1024x1536.png	https://codec-corpus.r2.imazen.org/imazen-26-png-v3/9226-lilith-ai-products/clothing/womens/general/9502_gen_products-clothing-womens-general_indigo-utility-jumpsuit_onmodel_p0270_1024x1536.sdr.png
9504	train	9226-lilith-ai-products	9226-lilith-ai-products/clothing/womens/general/9504_gen_products-clothing-womens-general_lemon-tank-shirt-set_onmodel_p0272_1024x1536.png	1024	1536	png	1613174	1613174	5714e5afc3ff6abdeb1fb0e704e3504da9ac1dbad29229be8d4771cd8a2ade20	https://codec-corpus.r2.imazen.org/imazen-26-unprocessed/9226-lilith-ai-products/clothing/womens/general/9504_gen_products-clothing-womens-general_lemon-tank-shirt-set_onmodel_p0272_1024x1536.png	https://codec-corpus.r2.imazen.org/imazen-26-png-v3/9226-lilith-ai-products/clothing/womens/general/9504_gen_products-clothing-womens-general_lemon-tank-shirt-set_onmodel_p0272_1024x1536.sdr.png
9506	train	9226-lilith-ai-products	9226-lilith-ai-products/clothing/womens/general/9506_gen_products-clothing-womens-general_marigold-funnel-neck-volume-top_onmodel_p0274_2160x3840.png	2160	3840	png	12097314	12097314	4e1c57640df0f67d4c2eee5ca3589cb4b86f2e27c9151d704f006ec5814ad60a	https://codec-corpus.r2.imazen.org/imazen-26-unprocessed/9226-lilith-ai-products/clothing/womens/general/9506_gen_products-clothing-womens-general_marigold-funnel-neck-volume-top_onmodel_p0274_2160x3840.png	https://codec-corpus.r2.imazen.org/imazen-26-png-v3/9226-lilith-ai-products/clothing/womens/general/9506_gen_products-clothing-womens-general_marigold-funnel-neck-volume-top_onmodel_p0274_2160x3840.sdr.png
9508	train	9226-lilith-ai-products	9226-lilith-ai-products/clothing/womens/general/9508_gen_products-clothing-womens-general_marigold-palazzo-trousers_onmodel_p0275_2160x3840.png	2160	3840	png	9319194	9319194	c7cd562c6f6dc1b7d7d78ef0651b123910cf2d4ea404832211d6d5797a98f7ff	https://codec-corpus.r2.imazen.org/imazen-26-unprocessed/9226-lilith-ai-products/clothing/womens/general/9508_gen_products-clothing-womens-general_marigold-palazzo-trousers_onmodel_p0275_2160x3840.png	https://codec-corpus.r2.imazen.org/imazen-26-png-v3/9226-lilith-ai-products/clothing/womens/general/9508_gen_products-clothing-womens-general_marigold-palazzo-trousers_onmodel_p0275_2160x3840.sdr.png
9510	train	9226-lilith-ai-products	9226-lilith-ai-products/clothing/womens/general/9510_gen_products-clothing-womens-general_mens-oxford-button-down-dusty-blue_onmodel_p0277_3072x5504.jpg	3072	5504	jpg	977711	977711	a550bcd6599966c912087445ccebdb2dd856b0986cf96cf6a1a912a9be4e04d6	https://codec-corpus.r2.imazen.org/imazen-26-unprocessed/9226-lilith-ai-products/clothing/womens/general/9510_gen_products-clothing-womens-general_mens-oxford-button-down-dusty-blue_onmodel_p0277_3072x5504.jpg	https://codec-corpus.r2.imazen.org/imazen-26-png-v3/9226-lilith-ai-products/clothing/womens/general/9510_gen_products-clothing-womens-general_mens-oxford-button-down-dusty-blue_onmodel_p0277_3072x5504.sdr.png
9512	train	9226-lilith-ai-products	9226-lilith-ai-products/clothing/womens/general/9512_gen_products-clothing-womens-general_plisse-metallic-skirt_p0279_2160x3840.png	2160	3840	png	7800977	7800977	6ac19583d403238e9258d3cf413cef7dda0f76d8bcaa36dfd0cc2a92d5e4247d	https://codec-corpus.r2.imazen.org/imazen-26-unprocessed/9226-lilith-ai-products/clothing/womens/general/9512_gen_products-clothing-womens-general_plisse-metallic-skirt_p0279_2160x3840.png	https://codec-corpus.r2.imazen.org/imazen-26-png-v3/9226-lilith-ai-products/clothing/womens/general/9512_gen_products-clothing-womens-general_plisse-metallic-skirt_p0279_2160x3840.sdr.png
9514	train	9226-lilith-ai-products	9226-lilith-ai-products/clothing/womens/general/9514_gen_products-clothing-womens-general_red-skyblue-colorblock-shirtdress_onmodel_p0281_2160x3840.png	2160	3840	png	5206848	5206848	fd1dc9c97e285dfb05bca17c912160b035a512ac6c6880a3a48d3e6ab7af6e84	https://codec-corpus.r2.imazen.org/imazen-26-unprocessed/9226-lilith-ai-products/clothing/womens/general/9514_gen_products-clothing-womens-general_red-skyblue-colorblock-shirtdress_onmodel_p0281_2160x3840.png	https://codec-corpus.r2.imazen.org/imazen-26-png-v3/9226-lilith-ai-products/clothing/womens/general/9514_gen_products-clothing-womens-general_red-skyblue-colorblock-shirtdress_onmodel_p0281_2160x3840.sdr.png
9516	train	9226-lilith-ai-products	9226-lilith-ai-products/clothing/womens/general/9516_gen_products-clothing-womens-general_scarlet-puff-blouse_p0283_2160x3840.png	2160	3840	png	5905399	5905399	fe5bcb3e7788d738769823e64a2cb41325bf09ffc9754714df637f91f3933ccb	https://codec-corpus.r2.imazen.org/imazen-26-unprocessed/9226-lilith-ai-products/clothing/womens/general/9516_gen_products-clothing-womens-general_scarlet-puff-blouse_p0283_2160x3840.png	https://codec-corpus.r2.imazen.org/imazen-26-png-v3/9226-lilith-ai-products/clothing/womens/general/9516_gen_products-clothing-womens-general_scarlet-puff-blouse_p0283_2160x3840.sdr.png
9518	train	9226-lilith-ai-products	9226-lilith-ai-products/clothing/womens/general/9518_gen_products-clothing-womens-general_silver-metallic-statement-puffer_ghost_p0284_2160x3840.png	2160	3840	png	7248508	7248508	77c732092653b5dace3fc31779148a305d1ce35317dc7e31834f8b72116f65da	https://codec-corpus.r2.imazen.org/imazen-26-unprocessed/9226-lilith-ai-products/clothing/womens/general/9518_gen_products-clothing-womens-general_silver-metallic-statement-puffer_ghost_p0284_2160x3840.png	https://codec-corpus.r2.imazen.org/imazen-26-png-v3/9226-lilith-ai-products/clothing/womens/general/9518_gen_products-clothing-womens-general_silver-metallic-statement-puffer_ghost_p0284_2160x3840.sdr.png
9520	train	9226-lilith-ai-products	9226-lilith-ai-products/clothing/womens/general/9520_gen_products-clothing-womens-general_slogan-out-of-office-tee_p0285_2880x2880.png	2880	2880	png	6118038	6118038	df8ebd31b38507ccaf6ecedc8994b88313d179f3a1a38370559a57f84ce8c54b	https://codec-corpus.r2.imazen.org/imazen-26-unprocessed/9226-lilith-ai-products/clothing/womens/general/9520_gen_products-clothing-womens-general_slogan-out-of-office-tee_p0285_2880x2880.png	https://codec-corpus.r2.imazen.org/imazen-26-png-v3/9226-lilith-ai-products/clothing/womens/general/9520_gen_products-clothing-womens-general_slogan-out-of-office-tee_p0285_2880x2880.sdr.png
9522	train	9226-lilith-ai-products	9226-lilith-ai-products/clothing/womens/general/9522_gen_products-clothing-womens-general_tomato-mock-neck-knit_onmodel_p0287_1024x1536.png	1024	1536	png	1920914	1920914	0c5f3449ee861f6c05cf68e6a2d2c51a9599bf4d7e775ff18d6e9ceec3f441f4	https://codec-corpus.r2.imazen.org/imazen-26-unprocessed/9226-lilith-ai-products/clothing/womens/general/9522_gen_products-clothing-womens-general_tomato-mock-neck-knit_onmodel_p0287_1024x1536.png	https://codec-corpus.r2.imazen.org/imazen-26-png-v3/9226-lilith-ai-products/clothing/womens/general/9522_gen_products-clothing-womens-general_tomato-mock-neck-knit_onmodel_p0287_1024x1536.sdr.png
9524	train	9226-lilith-ai-products	9226-lilith-ai-products/clothing/womens/general/9524_gen_products-clothing-womens-general_coral-relaxed-tee_onmodel_p0289_1024x1536.png	1024	1536	png	1541454	1541454	a35bc0ea7907a14f0db39207b69a9f8395645f79a6e32f269b779235f2ce6d13	https://codec-corpus.r2.imazen.org/imazen-26-unprocessed/9226-lilith-ai-products/clothing/womens/general/9524_gen_products-clothing-womens-general_coral-relaxed-tee_onmodel_p0289_1024x1536.png	https://codec-corpus.r2.imazen.org/imazen-26-png-v3/9226-lilith-ai-products/clothing/womens/general/9524_gen_products-clothing-womens-general_coral-relaxed-tee_onmodel_p0289_1024x1536.sdr.png
9526	train	9226-lilith-ai-products	9226-lilith-ai-products/clothing/womens/general/9526_gen_products-clothing-womens-general_denim-jacket_flat_p0291_1024x1024.png	1024	1024	png	1626979	1626979	861a1df4c727506dedc28d5b97f5fb853b1532403bea9cf7825373ba49765997	https://codec-corpus.r2.imazen.org/imazen-26-unprocessed/9226-lilith-ai-products/clothing/womens/general/9526_gen_products-clothing-womens-general_denim-jacket_flat_p0291_1024x1024.png	https://codec-corpus.r2.imazen.org/imazen-26-png-v3/9226-lilith-ai-products/clothing/womens/general/9526_gen_products-clothing-womens-general_denim-jacket_flat_p0291_1024x1024.sdr.png
9528	train	9226-lilith-ai-products	9226-lilith-ai-products/clothing/womens/general/9528_gen_products-clothing-womens-general_dusty-blue-blouse_onmodel_p0293_1024x1536.png	1024	1536	png	1634887	1634887	25712933816f4a663a6eeeea46b08bd339780c4578488f29407f138b9486e292	https://codec-corpus.r2.imazen.org/imazen-26-unprocessed/9226-lilith-ai-products/clothing/womens/general/9528_gen_products-clothing-womens-general_dusty-blue-blouse_onmodel_p0293_1024x1536.png	https://codec-corpus.r2.imazen.org/imazen-26-png-v3/9226-lilith-ai-products/clothing/womens/general/9528_gen_products-clothing-womens-general_dusty-blue-blouse_onmodel_p0293_1024x1536.sdr.png
9530	train	9226-lilith-ai-products	9226-lilith-ai-products/clothing/womens/general/9530_gen_products-clothing-womens-general_floral-midi-sundress-blush_onmodel_p0295_3072x5504.jpg	3072	5504	jpg	1485915	1485915	fd146021647b019836ea98d723236569912d5694ce0ad096fd5c214dfcd71655	https://codec-corpus.r2.imazen.org/imazen-26-unprocessed/9226-lilith-ai-products/clothing/womens/general/9530_gen_products-clothing-womens-general_floral-midi-sundress-blush_onmodel_p0295_3072x5504.jpg	https://codec-corpus.r2.imazen.org/imazen-26-png-v3/9226-lilith-ai-products/clothing/womens/general/9530_gen_products-clothing-womens-general_floral-midi-sundress-blush_onmodel_p0295_3072x5504.sdr.png
9532	train	9226-lilith-ai-products	9226-lilith-ai-products/clothing/womens/general/9532_gen_products-clothing-womens-general_gingham-shirt-dress_ghost_p0297_1024x1536.png	1024	1536	png	2069810	2069810	5719c938089b842e5f2b37d991f974ed0b4682e0bed8d7916ede40e052e42a15	https://codec-corpus.r2.imazen.org/imazen-26-unprocessed/9226-lilith-ai-products/clothing/womens/general/9532_gen_products-clothing-womens-general_gingham-shirt-dress_ghost_p0297_1024x1536.png	https://codec-corpus.r2.imazen.org/imazen-26-png-v3/9226-lilith-ai-products/clothing/womens/general/9532_gen_products-clothing-womens-general_gingham-shirt-dress_ghost_p0297_1024x1536.sdr.png
9534	train	9226-lilith-ai-products	9226-lilith-ai-products/clothing/womens/general/9534_gen_products-clothing-womens-general_lilac-blazer_ghost_p0299_1024x1536.png	1024	1536	png	1729908	1729908	b131f6dfe593a9be5035452460512ea4cbe53380231d79c247d0c310d53696a3	https://codec-corpus.r2.imazen.org/imazen-26-unprocessed/9226-lilith-ai-products/clothing/womens/general/9534_gen_products-clothing-womens-general_lilac-blazer_ghost_p0299_1024x1536.png	https://codec-corpus.r2.imazen.org/imazen-26-png-v3/9226-lilith-ai-products/clothing/womens/general/9534_gen_products-clothing-womens-general_lilac-blazer_ghost_p0299_1024x1536.sdr.png
9536	train	9226-lilith-ai-products	9226-lilith-ai-products/clothing/womens/general/9536_gen_products-clothing-womens-general_olive-cargo-pant_ghost_p0301_1024x1536.png	1024	1536	png	1078525	1078525	826549b4af7ca928667b327118128f18c29b2f505e14973289fc03644ea306ab	https://codec-corpus.r2.imazen.org/imazen-26-unprocessed/9226-lilith-ai-products/clothing/womens/general/9536_gen_products-clothing-womens-general_olive-cargo-pant_ghost_p0301_1024x1536.png	https://codec-corpus.r2.imazen.org/imazen-26-png-v3/9226-lilith-ai-products/clothing/womens/general/9536_gen_products-clothing-womens-general_olive-cargo-pant_ghost_p0301_1024x1536.sdr.png
9538	train	9226-lilith-ai-products	9226-lilith-ai-products/clothing/womens/general/9538_gen_products-clothing-womens-general_puff-sleeve-blouse_flat_p0303_1024x1024.png	1024	1024	png	897544	897544	91d9206c06c1732acd8b42643eeafa75daff917595b1fa064e1582e1d54d2800	https://codec-corpus.r2.imazen.org/imazen-26-unprocessed/9226-lilith-ai-products/clothing/womens/general/9538_gen_products-clothing-womens-general_puff-sleeve-blouse_flat_p0303_1024x1024.png	https://codec-corpus.r2.imazen.org/imazen-26-png-v3/9226-lilith-ai-products/clothing/womens/general/9538_gen_products-clothing-womens-general_puff-sleeve-blouse_flat_p0303_1024x1024.sdr.png
9540	train	9226-lilith-ai-products	9226-lilith-ai-products/clothing/womens/general/9540_gen_products-clothing-womens-general_rust-corduroy-skirt_ghost_p0305_1024x1536.png	1024	1536	png	1776840	1776840	a5cf0a0cb2f73fb3dd0bf0358ca8ffd6134d090221273f43832895e29d31b3e1	https://codec-corpus.r2.imazen.org/imazen-26-unprocessed/9226-lilith-ai-products/clothing/womens/general/9540_gen_products-clothing-womens-general_rust-corduroy-skirt_ghost_p0305_1024x1536.png	https://codec-corpus.r2.imazen.org/imazen-26-png-v3/9226-lilith-ai-products/clothing/womens/general/9540_gen_products-clothing-womens-general_rust-corduroy-skirt_ghost_p0305_1024x1536.sdr.png
9542	train	9226-lilith-ai-products	9226-lilith-ai-products/clothing/womens/general/9542_gen_products-clothing-womens-general_stripe-tee-dress_onmodel_p0307_1024x1536.png	1024	1536	png	850617	850617	fa93943af66266494ffa3e48821780cbcddf99ca9ef685d870355ee8db3778af	https://codec-corpus.r2.imazen.org/imazen-26-unprocessed/9226-lilith-ai-products/clothing/womens/general/9542_gen_products-clothing-womens-general_stripe-tee-dress_onmodel_p0307_1024x1536.png	https://codec-corpus.r2.imazen.org/imazen-26-png-v3/9226-lilith-ai-products/clothing/womens/general/9542_gen_products-clothing-womens-general_stripe-tee-dress_onmodel_p0307_1024x1536.sdr.png
9544	train	9226-lilith-ai-products	9226-lilith-ai-products/clothing/womens/general/9544_gen_products-clothing-womens-general_terracotta-knit-dress_onmodel_p0309_1024x1536.png	1024	1536	png	1179571	1179571	65a39efa1132b9b4195733b764e1ed95528cd97f037f99b8275df6c076571402	https://codec-corpus.r2.imazen.org/imazen-26-unprocessed/9226-lilith-ai-products/clothing/womens/general/9544_gen_products-clothing-womens-general_terracotta-knit-dress_onmodel_p0309_1024x1536.png	https://codec-corpus.r2.imazen.org/imazen-26-png-v3/9226-lilith-ai-products/clothing/womens/general/9544_gen_products-clothing-womens-general_terracotta-knit-dress_onmodel_p0309_1024x1536.sdr.png
9546	train	9226-lilith-ai-products	9226-lilith-ai-products/clothing/womens/general/9546_gen_products-clothing-womens-general_yellow-cropped-cardigan_onmodel_p0311_1024x1536.png	1024	1536	png	2288746	2288746	4affd7e7e5b4c939817b696e9878426119b3ebc09f748e74396663faac534b47	https://codec-corpus.r2.imazen.org/imazen-26-unprocessed/9226-lilith-ai-products/clothing/womens/general/9546_gen_products-clothing-womens-general_yellow-cropped-cardigan_onmodel_p0311_1024x1536.png	https://codec-corpus.r2.imazen.org/imazen-26-png-v3/9226-lilith-ai-products/clothing/womens/general/9546_gen_products-clothing-womens-general_yellow-cropped-cardigan_onmodel_p0311_1024x1536.sdr.png
9548	train	9226-lilith-ai-products	9226-lilith-ai-products/clothing/womens/general/9548_gen_products-clothing-womens-general_wordmark-sundaze-tee_p0313_2880x2880.png	2880	2880	png	7000571	7000571	be32b131413976dbdd788ca612aef998d34f7ac9cca4eb61c9de3d743e18ec5b	https://codec-corpus.r2.imazen.org/imazen-26-unprocessed/9226-lilith-ai-products/clothing/womens/general/9548_gen_products-clothing-womens-general_wordmark-sundaze-tee_p0313_2880x2880.png	https://codec-corpus.r2.imazen.org/imazen-26-png-v3/9226-lilith-ai-products/clothing/womens/general/9548_gen_products-clothing-womens-general_wordmark-sundaze-tee_p0313_2880x2880.sdr.png
9550	train	9226-lilith-ai-products	9226-lilith-ai-products/clothing/womens/loungewear/9550_gen_products-clothing-womens-loungewear_blush-fuzzy-slippers_flat_p0315_1536x1024.png	1536	1024	png	1421697	1421697	8a9c3c800df9a09174dc55cd812d339d1da1ee977047b5f0d040ab65f91a5890	https://codec-corpus.r2.imazen.org/imazen-26-unprocessed/9226-lilith-ai-products/clothing/womens/loungewear/9550_gen_products-clothing-womens-loungewear_blush-fuzzy-slippers_flat_p0315_1536x1024.png	https://codec-corpus.r2.imazen.org/imazen-26-png-v3/9226-lilith-ai-products/clothing/womens/loungewear/9550_gen_products-clothing-womens-loungewear_blush-fuzzy-slippers_flat_p0315_1536x1024.sdr.png
9552	train	9226-lilith-ai-products	9226-lilith-ai-products/clothing/womens/loungewear/9552_gen_products-clothing-womens-loungewear_blush-satin-robe_flat_p0317_1024x1536.png	1024	1536	png	1109900	1109900	4802ed0cc982e400dc04adf0beefb0e8222f6a0258fbf6fbb6f866ff092e48ac	https://codec-corpus.r2.imazen.org/imazen-26-unprocessed/9226-lilith-ai-products/clothing/womens/loungewear/9552_gen_products-clothing-womens-loungewear_blush-satin-robe_flat_p0317_1024x1536.png	https://codec-corpus.r2.imazen.org/imazen-26-png-v3/9226-lilith-ai-products/clothing/womens/loungewear/9552_gen_products-clothing-womens-loungewear_blush-satin-robe_flat_p0317_1024x1536.sdr.png
9554	train	9226-lilith-ai-products	9226-lilith-ai-products/clothing/womens/loungewear/9554_gen_products-clothing-womens-loungewear_coral-lounge-shorts_flat_p0319_1536x1024.png	1536	1024	png	1250065	1250065	0019f7c515c912599ead573a46bebb3455ef637305a77b4b49e569a3b3fb3ce4	https://codec-corpus.r2.imazen.org/imazen-26-unprocessed/9226-lilith-ai-products/clothing/womens/loungewear/9554_gen_products-clothing-womens-loungewear_coral-lounge-shorts_flat_p0319_1536x1024.png	https://codec-corpus.r2.imazen.org/imazen-26-png-v3/9226-lilith-ai-products/clothing/womens/loungewear/9554_gen_products-clothing-womens-loungewear_coral-lounge-shorts_flat_p0319_1536x1024.sdr.png
9556	train	9226-lilith-ai-products	9226-lilith-ai-products/clothing/womens/loungewear/9556_gen_products-clothing-womens-loungewear_coral-ribbed-bralette_flat_p0321_1024x1024.png	1024	1024	png	1018874	1018874	e5a035323ecc1c677c339de80b62f21a59631401dad58397323f7830ade6bb7c	https://codec-corpus.r2.imazen.org/imazen-26-unprocessed/9226-lilith-ai-products/clothing/womens/loungewear/9556_gen_products-clothing-womens-loungewear_coral-ribbed-bralette_flat_p0321_1024x1024.png	https://codec-corpus.r2.imazen.org/imazen-26-png-v3/9226-lilith-ai-products/clothing/womens/loungewear/9556_gen_products-clothing-womens-loungewear_coral-ribbed-bralette_flat_p0321_1024x1024.sdr.png
9558	train	9226-lilith-ai-products	9226-lilith-ai-products/clothing/womens/loungewear/9558_gen_products-clothing-womens-loungewear_cream-thermal-set_onmodel_p0323_1024x1536.png	1024	1536	png	1792880	1792880	c86a9a08c93935df99b7dce5135965678802242c89338d208873e5557462082a	https://codec-corpus.r2.imazen.org/imazen-26-unprocessed/9226-lilith-ai-products/clothing/womens/loungewear/9558_gen_products-clothing-womens-loungewear_cream-thermal-set_onmodel_p0323_1024x1536.png	https://codec-corpus.r2.imazen.org/imazen-26-png-v3/9226-lilith-ai-products/clothing/womens/loungewear/9558_gen_products-clothing-womens-loungewear_cream-thermal-set_onmodel_p0323_1024x1536.sdr.png
9560	train	9226-lilith-ai-products	9226-lilith-ai-products/clothing/womens/loungewear/9560_gen_products-clothing-womens-loungewear_dusty-blue-modal-robe_flat_p0325_1024x1536.png	1024	1536	png	1870314	1870314	a0a7a3f67a533b30d2c2b93140671f5c69380c547d380f4fb6d5a4237e3fff52	https://codec-corpus.r2.imazen.org/imazen-26-unprocessed/9226-lilith-ai-products/clothing/womens/loungewear/9560_gen_products-clothing-womens-loungewear_dusty-blue-modal-robe_flat_p0325_1024x1536.png	https://codec-corpus.r2.imazen.org/imazen-26-png-v3/9226-lilith-ai-products/clothing/womens/loungewear/9560_gen_products-clothing-womens-loungewear_dusty-blue-modal-robe_flat_p0325_1024x1536.sdr.png
9562	train	9226-lilith-ai-products	9226-lilith-ai-products/clothing/womens/loungewear/9562_gen_products-clothing-womens-loungewear_ivory-cable-knit-slippers_flat_p0327_1536x1024.png	1536	1024	png	1039658	1039658	a85ca028e67f6fb7701807f97e1151bdc8d9681d90a6357ad054c298e850b170	https://codec-corpus.r2.imazen.org/imazen-26-unprocessed/9226-lilith-ai-products/clothing/womens/loungewear/9562_gen_products-clothing-womens-loungewear_ivory-cable-knit-slippers_flat_p0327_1536x1024.png	https://codec-corpus.r2.imazen.org/imazen-26-png-v3/9226-lilith-ai-products/clothing/womens/loungewear/9562_gen_products-clothing-womens-loungewear_ivory-cable-knit-slippers_flat_p0327_1536x1024.sdr.png
9564	train	9226-lilith-ai-products	9226-lilith-ai-products/clothing/womens/loungewear/9564_gen_products-clothing-womens-loungewear_ivory-wireless-bralette_flat_p0329_1024x1024.png	1024	1024	png	941713	941713	bc2367623e7498097e7ab4925a7629d0880e3f60bd9f3f411401b67ad61fff0e	https://codec-corpus.r2.imazen.org/imazen-26-unprocessed/9226-lilith-ai-products/clothing/womens/loungewear/9564_gen_products-clothing-womens-loungewear_ivory-wireless-bralette_flat_p0329_1024x1024.png	https://codec-corpus.r2.imazen.org/imazen-26-png-v3/9226-lilith-ai-products/clothing/womens/loungewear/9564_gen_products-clothing-womens-loungewear_ivory-wireless-bralette_flat_p0329_1024x1024.sdr.png
9566	train	9226-lilith-ai-products	9226-lilith-ai-products/clothing/womens/loungewear/9566_gen_products-clothing-womens-loungewear_set-tonal-flatlay_flat_p0331_1024x1024.png	1024	1024	png	1208572	1208572	2db5c68a1c34e381bcb954c5a5c65cd8098a26b2498146b0143798cf5628dbd7	https://codec-corpus.r2.imazen.org/imazen-26-unprocessed/9226-lilith-ai-products/clothing/womens/loungewear/9566_gen_products-clothing-womens-loungewear_set-tonal-flatlay_flat_p0331_1024x1024.png	https://codec-corpus.r2.imazen.org/imazen-26-png-v3/9226-lilith-ai-products/clothing/womens/loungewear/9566_gen_products-clothing-womens-loungewear_set-tonal-flatlay_flat_p0331_1024x1024.sdr.png
9568	train	9226-lilith-ai-products	9226-lilith-ai-products/clothing/womens/loungewear/9568_gen_products-clothing-womens-loungewear_sage-bralette-brief-set_flat_p0333_1024x1024.png	1024	1024	png	773694	773694	6bf706444b5dc4f2456988d22c5f946d66d8e359956811263b407db4aeebc592	https://codec-corpus.r2.imazen.org/imazen-26-unprocessed/9226-lilith-ai-products/clothing/womens/loungewear/9568_gen_products-clothing-womens-loungewear_sage-bralette-brief-set_flat_p0333_1024x1024.png	https://codec-corpus.r2.imazen.org/imazen-26-png-v3/9226-lilith-ai-products/clothing/womens/loungewear/9568_gen_products-clothing-womens-loungewear_sage-bralette-brief-set_flat_p0333_1024x1024.sdr.png
9570	train	9226-lilith-ai-products	9226-lilith-ai-products/clothing/womens/loungewear/9570_gen_products-clothing-womens-loungewear_sage-ribbed-set_onmodel_p0335_1024x1536.png	1024	1536	png	2284569	2284569	e140ea53279b2f4187a2ec86701adfc13de5f4ef8eda06a29b2bb4a41022edf9	https://codec-corpus.r2.imazen.org/imazen-26-unprocessed/9226-lilith-ai-products/clothing/womens/loungewear/9570_gen_products-clothing-womens-loungewear_sage-ribbed-set_onmodel_p0335_1024x1536.png	https://codec-corpus.r2.imazen.org/imazen-26-png-v3/9226-lilith-ai-products/clothing/womens/loungewear/9570_gen_products-clothing-womens-loungewear_sage-ribbed-set_onmodel_p0335_1024x1536.sdr.png
9572	train	9226-lilith-ai-products	9226-lilith-ai-products/clothing/womens/loungewear/9572_gen_products-clothing-womens-loungewear_terracotta-french-terry_onmodel_p0337_1024x1536.png	1024	1536	png	1064094	1064094	2347e9894e60324d86e5559b5064601bd210de9c9db2da8c1cb4203d7f8ba1a2	https://codec-corpus.r2.imazen.org/imazen-26-unprocessed/9226-lilith-ai-products/clothing/womens/loungewear/9572_gen_products-clothing-womens-loungewear_terracotta-french-terry_onmodel_p0337_1024x1536.png	https://codec-corpus.r2.imazen.org/imazen-26-png-v3/9226-lilith-ai-products/clothing/womens/loungewear/9572_gen_products-clothing-womens-loungewear_terracotta-french-terry_onmodel_p0337_1024x1536.sdr.png
9574	train	9226-lilith-ai-products	9226-lilith-ai-products/clothing/womens/loungewear/9574_gen_products-clothing-womens-loungewear_white-faux-fur-apres-coat_onmodel_p0339_2160x3840.png	2160	3840	png	7765637	7765637	a9d9823a2c1f551c2375d4b8687c0ef30c3e215f353da689e8a0e14800086821	https://codec-corpus.r2.imazen.org/imazen-26-unprocessed/9226-lilith-ai-products/clothing/womens/loungewear/9574_gen_products-clothing-womens-loungewear_white-faux-fur-apres-coat_onmodel_p0339_2160x3840.png	https://codec-corpus.r2.imazen.org/imazen-26-png-v3/9226-lilith-ai-products/clothing/womens/loungewear/9574_gen_products-clothing-womens-loungewear_white-faux-fur-apres-coat_onmodel_p0339_2160x3840.sdr.png
9576	train	9226-lilith-ai-products	9226-lilith-ai-products/clothing/womens/loungewear/9576_gen_products-clothing-womens-loungewear_bralette_flat_p0341_1024x1024.png	1024	1024	png	1252518	1252518	277bdfb5e5c21d1abb06005def1f004358b7cfc6494c2dc953c7a95e03657579	https://codec-corpus.r2.imazen.org/imazen-26-unprocessed/9226-lilith-ai-products/clothing/womens/loungewear/9576_gen_products-clothing-womens-loungewear_bralette_flat_p0341_1024x1024.png	https://codec-corpus.r2.imazen.org/imazen-26-png-v3/9226-lilith-ai-products/clothing/womens/loungewear/9576_gen_products-clothing-womens-loungewear_bralette_flat_p0341_1024x1024.sdr.png
9578	train	9226-lilith-ai-products	9226-lilith-ai-products/clothing/womens/loungewear/9578_gen_products-clothing-womens-loungewear_lounge-set-blush_onmodel_p0343_3072x5504.jpg	3072	5504	jpg	841956	841956	b6c8ad353fb97085e25bd2d9b0e1733e45e7290de11a262b9fcccc02a0d2efdb	https://codec-corpus.r2.imazen.org/imazen-26-unprocessed/9226-lilith-ai-products/clothing/womens/loungewear/9578_gen_products-clothing-womens-loungewear_lounge-set-blush_onmodel_p0343_3072x5504.jpg	https://codec-corpus.r2.imazen.org/imazen-26-png-v3/9226-lilith-ai-products/clothing/womens/loungewear/9578_gen_products-clothing-womens-loungewear_lounge-set-blush_onmodel_p0343_3072x5504.sdr.png
9580	train	9226-lilith-ai-products	9226-lilith-ai-products/electronics/9580_gen_products-electronics_axion-laptop-closed_p0345_1536x1024.png	1536	1024	png	1668768	1668768	6a2e662efed6a9fd1e091b84ea93b6b6f2c3441eff4bc02302a61d1decf58f34	https://codec-corpus.r2.imazen.org/imazen-26-unprocessed/9226-lilith-ai-products/electronics/9580_gen_products-electronics_axion-laptop-closed_p0345_1536x1024.png	https://codec-corpus.r2.imazen.org/imazen-26-png-v3/9226-lilith-ai-products/electronics/9580_gen_products-electronics_axion-laptop-closed_p0345_1536x1024.sdr.png
9582	train	9226-lilith-ai-products	9226-lilith-ai-products/electronics/9582_gen_products-electronics_axion-monitor_p0346_1536x1024.png	1536	1024	png	1072929	1072929	27ae1faa9078f2d18e4783bdbff2b9597f1be1a447f6cfa4451a208f2938770b	https://codec-corpus.r2.imazen.org/imazen-26-unprocessed/9226-lilith-ai-products/electronics/9582_gen_products-electronics_axion-monitor_p0346_1536x1024.png	https://codec-corpus.r2.imazen.org/imazen-26-png-v3/9226-lilith-ai-products/electronics/9582_gen_products-electronics_axion-monitor_p0346_1536x1024.sdr.png
9584	train	9226-lilith-ai-products	9226-lilith-ai-products/electronics/9584_gen_products-electronics_axion-smart-speaker_p0348_1024x1536.png	1024	1536	png	1922711	1922711	f6ef495d55860ece1bd1ba473f69d65ddd2f1047af3f05aca2866315620defff	https://codec-corpus.r2.imazen.org/imazen-26-unprocessed/9226-lilith-ai-products/electronics/9584_gen_products-electronics_axion-smart-speaker_p0348_1024x1536.png	https://codec-corpus.r2.imazen.org/imazen-26-png-v3/9226-lilith-ai-products/electronics/9584_gen_products-electronics_axion-smart-speaker_p0348_1024x1536.sdr.png
9586	train	9226-lilith-ai-products	9226-lilith-ai-products/electronics/9586_gen_products-electronics_axion-webcam_p0350_1536x1024.png	1536	1024	png	952826	952826	04768415e9717b0c2de96be8fd886a4a5148bd8abb313c711cf8c750ce6a0a8c	https://codec-corpus.r2.imazen.org/imazen-26-unprocessed/9226-lilith-ai-products/electronics/9586_gen_products-electronics_axion-webcam_p0350_1536x1024.png	https://codec-corpus.r2.imazen.org/imazen-26-png-v3/9226-lilith-ai-products/electronics/9586_gen_products-electronics_axion-webcam_p0350_1536x1024.sdr.png
9588	train	9226-lilith-ai-products	9226-lilith-ai-products/electronics/9588_gen_products-electronics_halcyon-phone-case_p0352_1024x1536.png	1024	1536	png	1210898	1210898	cf60928d2399253aa25962ff8a803914fe4c205e7ecb6ee18b2deb3aa637389f	https://codec-corpus.r2.imazen.org/imazen-26-unprocessed/9226-lilith-ai-products/electronics/9588_gen_products-electronics_halcyon-phone-case_p0352_1024x1536.png	https://codec-corpus.r2.imazen.org/imazen-26-png-v3/9226-lilith-ai-products/electronics/9588_gen_products-electronics_halcyon-phone-case_p0352_1024x1536.sdr.png
9590	train	9226-lilith-ai-products	9226-lilith-ai-products/electronics/9590_gen_products-electronics_halcyon-screen-protector-pack_p0354_1024x1536.png	1024	1536	png	1258617	1258617	f40e8b322caf1f9d42bad0a1cb4f1ff852bbfd56cb339c85a88fcfacfcbbbd45	https://codec-corpus.r2.imazen.org/imazen-26-unprocessed/9226-lilith-ai-products/electronics/9590_gen_products-electronics_halcyon-screen-protector-pack_p0354_1024x1536.png	https://codec-corpus.r2.imazen.org/imazen-26-png-v3/9226-lilith-ai-products/electronics/9590_gen_products-electronics_halcyon-screen-protector-pack_p0354_1024x1536.sdr.png
9592	train	9226-lilith-ai-products	9226-lilith-ai-products/electronics/9592_gen_products-electronics_harmonix-bluetooth-speaker_p0356_1024x1024.png	1024	1024	png	1405049	1405049	760dc3dfe29664808ce34fcfa928c8b087374b42b924f670c3e9d3826c9a7975	https://codec-corpus.r2.imazen.org/imazen-26-unprocessed/9226-lilith-ai-products/electronics/9592_gen_products-electronics_harmonix-bluetooth-speaker_p0356_1024x1024.png	https://codec-corpus.r2.imazen.org/imazen-26-png-v3/9226-lilith-ai-products/electronics/9592_gen_products-electronics_harmonix-bluetooth-speaker_p0356_1024x1024.sdr.png
9594	train	9226-lilith-ai-products	9226-lilith-ai-products/electronics/9594_gen_products-electronics_harmonix-gaming-headset_p0358_1024x1536.png	1024	1536	png	1312705	1312705	d5f03bf563d3b6f8ac7756ade037b67af9c5df2968ea0581ac5ad6358bff902b	https://codec-corpus.r2.imazen.org/imazen-26-unprocessed/9226-lilith-ai-products/electronics/9594_gen_products-electronics_harmonix-gaming-headset_p0358_1024x1536.png	https://codec-corpus.r2.imazen.org/imazen-26-png-v3/9226-lilith-ai-products/electronics/9594_gen_products-electronics_harmonix-gaming-headset_p0358_1024x1536.sdr.png
9596	train	9226-lilith-ai-products	9226-lilith-ai-products/electronics/9596_gen_products-electronics_harmonix-soundbar_p0360_1536x1024.png	1536	1024	png	1788523	1788523	ea2f39cbc3dc4c41d3a01baa54fc4bd9015695fa1716672eaea7f566fb5c2b39	https://codec-corpus.r2.imazen.org/imazen-26-unprocessed/9226-lilith-ai-products/electronics/9596_gen_products-electronics_harmonix-soundbar_p0360_1536x1024.png	https://codec-corpus.r2.imazen.org/imazen-26-png-v3/9226-lilith-ai-products/electronics/9596_gen_products-electronics_harmonix-soundbar_p0360_1536x1024.sdr.png
9598	train	9226-lilith-ai-products	9226-lilith-ai-products/electronics/9598_gen_products-electronics_harmonix-turntable_p0362_1024x1024.png	1024	1024	png	942040	942040	d963c679e39d83db9f82476d9b256fba46bf7318fbe1340d4469345e8967ab2f	https://codec-corpus.r2.imazen.org/imazen-26-unprocessed/9226-lilith-ai-products/electronics/9598_gen_products-electronics_harmonix-turntable_p0362_1024x1024.png	https://codec-corpus.r2.imazen.org/imazen-26-png-v3/9226-lilith-ai-products/electronics/9598_gen_products-electronics_harmonix-turntable_p0362_1024x1024.sdr.png
9600	train	9226-lilith-ai-products	9226-lilith-ai-products/electronics/9600_gen_products-electronics_kestrel-gps-sport-watch_p0364_1024x1024.png	1024	1024	png	974066	974066	4282959429f24a9dc784cfec4238f417dd55b41aea3dc9b8274ee446d09c35f5	https://codec-corpus.r2.imazen.org/imazen-26-unprocessed/9226-lilith-ai-products/electronics/9600_gen_products-electronics_kestrel-gps-sport-watch_p0364_1024x1024.png	https://codec-corpus.r2.imazen.org/imazen-26-png-v3/9226-lilith-ai-products/electronics/9600_gen_products-electronics_kestrel-gps-sport-watch_p0364_1024x1024.sdr.png
9602	train	9226-lilith-ai-products	9226-lilith-ai-products/electronics/9602_gen_products-electronics_lumen-ereader_p0366_1024x1536.png	1024	1536	png	1965453	1965453	e55071cdd8848f8b58e138a0936fc0a33538e8b49eee69fd9383672ba8415e6a	https://codec-corpus.r2.imazen.org/imazen-26-unprocessed/9226-lilith-ai-products/electronics/9602_gen_products-electronics_lumen-ereader_p0366_1024x1536.png	https://codec-corpus.r2.imazen.org/imazen-26-png-v3/9226-lilith-ai-products/electronics/9602_gen_products-electronics_lumen-ereader_p0366_1024x1536.sdr.png
9604	train	9226-lilith-ai-products	9226-lilith-ai-products/electronics/9604_gen_products-electronics_lumen-mini-projector_p0368_1536x1024.png	1536	1024	png	1074649	1074649	8ca64426083435672a2a7df7ff456fa80263ce69b716e46bb799ee6fbae31507	https://codec-corpus.r2.imazen.org/imazen-26-unprocessed/9226-lilith-ai-products/electronics/9604_gen_products-electronics_lumen-mini-projector_p0368_1536x1024.png	https://codec-corpus.r2.imazen.org/imazen-26-png-v3/9226-lilith-ai-products/electronics/9604_gen_products-electronics_lumen-mini-projector_p0368_1536x1024.sdr.png
9606	train	9226-lilith-ai-products	9226-lilith-ai-products/electronics/9606_gen_products-electronics_lumen-stylus_p0370_1536x1024.png	1536	1024	png	1017410	1017410	e18b2c8f2c81822ea9534666b0451f75ebf8ab663d8ff333ef51e224dd8d4444	https://codec-corpus.r2.imazen.org/imazen-26-unprocessed/9226-lilith-ai-products/electronics/9606_gen_products-electronics_lumen-stylus_p0370_1536x1024.png	https://codec-corpus.r2.imazen.org/imazen-26-png-v3/9226-lilith-ai-products/electronics/9606_gen_products-electronics_lumen-stylus_p0370_1536x1024.sdr.png
9608	train	9226-lilith-ai-products	9226-lilith-ai-products/electronics/9608_gen_products-electronics_meridian-single-earbud_p0372_1024x1024.png	1024	1024	png	293168	293168	4ea783e46aee533ff085444d54f8f7260d71348b8748d2b302216e7cb19dd5af	https://codec-corpus.r2.imazen.org/imazen-26-unprocessed/9226-lilith-ai-products/electronics/9608_gen_products-electronics_meridian-single-earbud_p0372_1024x1024.png	https://codec-corpus.r2.imazen.org/imazen-26-png-v3/9226-lilith-ai-products/electronics/9608_gen_products-electronics_meridian-single-earbud_p0372_1024x1024.sdr.png
9610	train	9226-lilith-ai-products	9226-lilith-ai-products/electronics/9610_gen_products-electronics_meridian-smartphone-front_p0373_1024x1536.png	1024	1536	png	751017	751017	d156391c59473eeb42c53504c14f98a612616075b5f951b10151d7e0bd564b8a	https://codec-corpus.r2.imazen.org/imazen-26-unprocessed/9226-lilith-ai-products/electronics/9610_gen_products-electronics_meridian-smartphone-front_p0373_1024x1536.png	https://codec-corpus.r2.imazen.org/imazen-26-png-v3/9226-lilith-ai-products/electronics/9610_gen_products-electronics_meridian-smartphone-front_p0373_1024x1536.sdr.png
9612	train	9226-lilith-ai-products	9226-lilith-ai-products/electronics/9612_gen_products-electronics_meridian-tablet-side_p0374_1536x1024.png	1536	1024	png	841147	841147	931d0a00f82504e2653d177db4b8c85c5945e45d074b2c8f82834bdedf3c5fef	https://codec-corpus.r2.imazen.org/imazen-26-unprocessed/9226-lilith-ai-products/electronics/9612_gen_products-electronics_meridian-tablet-side_p0374_1536x1024.png	https://codec-corpus.r2.imazen.org/imazen-26-png-v3/9226-lilith-ai-products/electronics/9612_gen_products-electronics_meridian-tablet-side_p0374_1536x1024.sdr.png
9614	train	9226-lilith-ai-products	9226-lilith-ai-products/electronics/9614_gen_products-electronics_northkey-mechanical-keyboard_p0376_1536x1024.png	1536	1024	png	2006245	2006245	c6240290e48f5ea2dd7764e64613e67c0c8a1d9ae48390cf29a6dfd85901504b	https://codec-corpus.r2.imazen.org/imazen-26-unprocessed/9226-lilith-ai-products/electronics/9614_gen_products-electronics_northkey-mechanical-keyboard_p0376_1536x1024.png	https://codec-corpus.r2.imazen.org/imazen-26-png-v3/9226-lilith-ai-products/electronics/9614_gen_products-electronics_northkey-mechanical-keyboard_p0376_1536x1024.sdr.png
9616	train	9226-lilith-ai-products	9226-lilith-ai-products/electronics/9616_gen_products-electronics_orbit-smartwatch_p0378_1024x1024.png	1024	1024	png	499649	499649	7ea418bfb1cab8f38189a3797687eb7944da15c46b48f1f0c8dedb17448f5c93	https://codec-corpus.r2.imazen.org/imazen-26-unprocessed/9226-lilith-ai-products/electronics/9616_gen_products-electronics_orbit-smartwatch_p0378_1024x1024.png	https://codec-corpus.r2.imazen.org/imazen-26-png-v3/9226-lilith-ai-products/electronics/9616_gen_products-electronics_orbit-smartwatch_p0378_1024x1024.sdr.png
9618	train	9226-lilith-ai-products	9226-lilith-ai-products/electronics/9618_gen_products-electronics_pixelforge-handheld-console_p0380_1536x1024.png	1536	1024	png	1483932	1483932	d88adba9d37ddae2d0cd1933db68ed9331a6113a9286a7efa7c86938b7a9e1a6	https://codec-corpus.r2.imazen.org/imazen-26-unprocessed/9226-lilith-ai-products/electronics/9618_gen_products-electronics_pixelforge-handheld-console_p0380_1536x1024.png	https://codec-corpus.r2.imazen.org/imazen-26-png-v3/9226-lilith-ai-products/electronics/9618_gen_products-electronics_pixelforge-handheld-console_p0380_1536x1024.sdr.png
9620	train	9226-lilith-ai-products	9226-lilith-ai-products/electronics/9620_gen_products-electronics_pulse-fitness-band_p0382_1536x1024.png	1536	1024	png	1371559	1371559	da7b53b22cdfd4fda2fcf0653a9c636ef50ca87a06c039f0e8466c430d4c0605	https://codec-corpus.r2.imazen.org/imazen-26-unprocessed/9226-lilith-ai-products/electronics/9620_gen_products-electronics_pulse-fitness-band_p0382_1536x1024.png	https://codec-corpus.r2.imazen.org/imazen-26-png-v3/9226-lilith-ai-products/electronics/9620_gen_products-electronics_pulse-fitness-band_p0382_1536x1024.sdr.png
9622	train	9226-lilith-ai-products	9226-lilith-ai-products/electronics/9622_gen_products-electronics_voltflux-action-camera_p0384_1024x1024.png	1024	1024	png	1061391	1061391	2bccf92fa350ffedd7649b8b4f1fe3f591dddb14d8ba7c0e30aeec0c3769b7ba	https://codec-corpus.r2.imazen.org/imazen-26-unprocessed/9226-lilith-ai-products/electronics/9622_gen_products-electronics_voltflux-action-camera_p0384_1024x1024.png	https://codec-corpus.r2.imazen.org/imazen-26-png-v3/9226-lilith-ai-products/electronics/9622_gen_products-electronics_voltflux-action-camera_p0384_1024x1024.sdr.png
9624	train	9226-lilith-ai-products	9226-lilith-ai-products/electronics/9624_gen_products-electronics_voltflux-external-hdd_p0386_1536x1024.png	1536	1024	png	1634440	1634440	199e1b76eb919c1037117ad5cfde108e4412ee6b599ffe22daa7376aa082e783	https://codec-corpus.r2.imazen.org/imazen-26-unprocessed/9226-lilith-ai-products/electronics/9624_gen_products-electronics_voltflux-external-hdd_p0386_1536x1024.png	https://codec-corpus.r2.imazen.org/imazen-26-png-v3/9226-lilith-ai-products/electronics/9624_gen_products-electronics_voltflux-external-hdd_p0386_1536x1024.sdr.png
9626	train	9226-lilith-ai-products	9226-lilith-ai-products/electronics/9626_gen_products-electronics_voltflux-mobile-hotspot_p0388_1024x1536.png	1024	1536	png	946937	946937	55702dacf00694f45ec45d2abadba0f15c32b08aaeaf1e09ecf21761eb5dda97	https://codec-corpus.r2.imazen.org/imazen-26-unprocessed/9226-lilith-ai-products/electronics/9626_gen_products-electronics_voltflux-mobile-hotspot_p0388_1024x1536.png	https://codec-corpus.r2.imazen.org/imazen-26-png-v3/9226-lilith-ai-products/electronics/9626_gen_products-electronics_voltflux-mobile-hotspot_p0388_1024x1536.sdr.png
9628	train	9226-lilith-ai-products	9226-lilith-ai-products/electronics/9628_gen_products-electronics_voltflux-power-bank_p0390_1536x1024.png	1536	1024	png	1056763	1056763	efadc6cf6e1b246008798d03d96d517f0fa88a9a44b3687debb7770aa2b0a672	https://codec-corpus.r2.imazen.org/imazen-26-unprocessed/9226-lilith-ai-products/electronics/9628_gen_products-electronics_voltflux-power-bank_p0390_1536x1024.png	https://codec-corpus.r2.imazen.org/imazen-26-png-v3/9226-lilith-ai-products/electronics/9628_gen_products-electronics_voltflux-power-bank_p0390_1536x1024.sdr.png
9630	train	9226-lilith-ai-products	9226-lilith-ai-products/footwear/9630_gen_products-footwear_amber-canvas-skate-sneaker_p0392_1536x1024.png	1536	1024	png	1770450	1770450	e185e4a9671045b7cab7f362b5aa87b279ffef616d3c6047c5d7db23896a8fa8	https://codec-corpus.r2.imazen.org/imazen-26-unprocessed/9226-lilith-ai-products/footwear/9630_gen_products-footwear_amber-canvas-skate-sneaker_p0392_1536x1024.png	https://codec-corpus.r2.imazen.org/imazen-26-png-v3/9226-lilith-ai-products/footwear/9630_gen_products-footwear_amber-canvas-skate-sneaker_p0392_1536x1024.sdr.png
9632	train	9226-lilith-ai-products	9226-lilith-ai-products/footwear/9632_gen_products-footwear_chartreuse-strappy-stilettos_p0394_3840x2160.png	3840	2160	png	3880130	3880130	fa2b79c8b3c5c79bcfee6ffde617b1676f6e4a85ec9703203be4d731248160e2	https://codec-corpus.r2.imazen.org/imazen-26-unprocessed/9226-lilith-ai-products/footwear/9632_gen_products-footwear_chartreuse-strappy-stilettos_p0394_3840x2160.png	https://codec-corpus.r2.imazen.org/imazen-26-png-v3/9226-lilith-ai-products/footwear/9632_gen_products-footwear_chartreuse-strappy-stilettos_p0394_3840x2160.sdr.png
9634	train	9226-lilith-ai-products	9226-lilith-ai-products/footwear/9634_gen_products-footwear_chunky-dad-sneakers_p0396_3840x2160.png	3840	2160	png	6737102	6737102	15c83d849d9ce9326047e32365c7fb3ce72e5938845e712f8d3b829d44d1ceac	https://codec-corpus.r2.imazen.org/imazen-26-unprocessed/9226-lilith-ai-products/footwear/9634_gen_products-footwear_chunky-dad-sneakers_p0396_3840x2160.png	https://codec-corpus.r2.imazen.org/imazen-26-png-v3/9226-lilith-ai-products/footwear/9634_gen_products-footwear_chunky-dad-sneakers_p0396_3840x2160.sdr.png
9636	train	9226-lilith-ai-products	9226-lilith-ai-products/footwear/9636_gen_products-footwear_cobalt-lime-knit-racer_p0397_2816x1536.png	2816	1536	png	3708399	3708399	be918644316431d37a19c89b51d44192a460fea735253992147e0dcb044ed72b	https://codec-corpus.r2.imazen.org/imazen-26-unprocessed/9226-lilith-ai-products/footwear/9636_gen_products-footwear_cobalt-lime-knit-racer_p0397_2816x1536.png	https://codec-corpus.r2.imazen.org/imazen-26-png-v3/9226-lilith-ai-products/footwear/9636_gen_products-footwear_cobalt-lime-knit-racer_p0397_2816x1536.sdr.png
9638	train	9226-lilith-ai-products	9226-lilith-ai-products/footwear/9638_gen_products-footwear_cobalt-suede-cowboy-boot_p0399_1024x1536.png	1024	1536	png	1048051	1048051	e1dbe0317cf690bce19f1ebe6c9db361e8c17e98c6c57c2af7d202da6de6d377	https://codec-corpus.r2.imazen.org/imazen-26-unprocessed/9226-lilith-ai-products/footwear/9638_gen_products-footwear_cobalt-suede-cowboy-boot_p0399_1024x1536.png	https://codec-corpus.r2.imazen.org/imazen-26-png-v3/9226-lilith-ai-products/footwear/9638_gen_products-footwear_cobalt-suede-cowboy-boot_p0399_1024x1536.sdr.png
9640	train	9226-lilith-ai-products	9226-lilith-ai-products/footwear/9640_gen_products-footwear_coral-black-daily-trainer_p0401_2816x1536.png	2816	1536	png	4618190	4618190	f36422cb523a969bdccd50695d3ba776c156dc818c189c6e6ad3ad0885dba4b2	https://codec-corpus.r2.imazen.org/imazen-26-unprocessed/9226-lilith-ai-products/footwear/9640_gen_products-footwear_coral-black-daily-trainer_p0401_2816x1536.png	https://codec-corpus.r2.imazen.org/imazen-26-png-v3/9226-lilith-ai-products/footwear/9640_gen_products-footwear_coral-black-daily-trainer_p0401_2816x1536.sdr.png
9642	train	9226-lilith-ai-products	9226-lilith-ai-products/footwear/9642_gen_products-footwear_kids-sandal-closed-toe-sage_p0403_1536x1024.png	1536	1024	png	1776639	1776639	2e1602310f095b7ad88c531eefab8acb88caea95a7f8ae750da6dc57d7a11472	https://codec-corpus.r2.imazen.org/imazen-26-unprocessed/9226-lilith-ai-products/footwear/9642_gen_products-footwear_kids-sandal-closed-toe-sage_p0403_1536x1024.png	https://codec-corpus.r2.imazen.org/imazen-26-png-v3/9226-lilith-ai-products/footwear/9642_gen_products-footwear_kids-sandal-closed-toe-sage_p0403_1536x1024.sdr.png
9644	train	9226-lilith-ai-products	9226-lilith-ai-products/footwear/9644_gen_products-footwear_mens-flip-flop-olive_p0405_1536x1024.png	1536	1024	png	1110825	1110825	6074cecb22e4eab01b2a8758a69b7324f83821856eb9c2536d408877f93f74e4	https://codec-corpus.r2.imazen.org/imazen-26-unprocessed/9226-lilith-ai-products/footwear/9644_gen_products-footwear_mens-flip-flop-olive_p0405_1536x1024.png	https://codec-corpus.r2.imazen.org/imazen-26-png-v3/9226-lilith-ai-products/footwear/9644_gen_products-footwear_mens-flip-flop-olive_p0405_1536x1024.sdr.png
9646	train	9226-lilith-ai-products	9226-lilith-ai-products/footwear/9646_gen_products-footwear_mens-slide-sport-charcoal_p0407_1536x1024.png	1536	1024	png	1148504	1148504	a725151f3e0f26a0b2f97179cee8d2cc6491753d72fdc5008675c40e053e31e9	https://codec-corpus.r2.imazen.org/imazen-26-unprocessed/9226-lilith-ai-products/footwear/9646_gen_products-footwear_mens-slide-sport-charcoal_p0407_1536x1024.png	https://codec-corpus.r2.imazen.org/imazen-26-png-v3/9226-lilith-ai-products/footwear/9646_gen_products-footwear_mens-slide-sport-charcoal_p0407_1536x1024.sdr.png
9648	train	9226-lilith-ai-products	9226-lilith-ai-products/footwear/9648_gen_products-footwear_womens-espadrille-terracotta_p0409_1536x1024.png	1536	1024	png	1510617	1510617	b8bc7df3f49e5857609248afaef939bed46ce31b6bded413611651f64ef2e61a	https://codec-corpus.r2.imazen.org/imazen-26-unprocessed/9226-lilith-ai-products/footwear/9648_gen_products-footwear_womens-espadrille-terracotta_p0409_1536x1024.png	https://codec-corpus.r2.imazen.org/imazen-26-png-v3/9226-lilith-ai-products/footwear/9648_gen_products-footwear_womens-espadrille-terracotta_p0409_1536x1024.sdr.png
9650	train	9226-lilith-ai-products	9226-lilith-ai-products/footwear/9650_gen_products-footwear_womens-mule-loafer-sage_p0411_1536x1024.png	1536	1024	png	1291109	1291109	cc6b1aad23d1fb6060885eb02add862b62f6f73e40f85202f0ae434a79b34ddc	https://codec-corpus.r2.imazen.org/imazen-26-unprocessed/9226-lilith-ai-products/footwear/9650_gen_products-footwear_womens-mule-loafer-sage_p0411_1536x1024.png	https://codec-corpus.r2.imazen.org/imazen-26-png-v3/9226-lilith-ai-products/footwear/9650_gen_products-footwear_womens-mule-loafer-sage_p0411_1536x1024.sdr.png
9652	train	9226-lilith-ai-products	9226-lilith-ai-products/footwear/9652_gen_products-footwear_womens-slide-sandal-coral_p0413_1536x1024.png	1536	1024	png	890977	890977	295273f7209d594da30da0f6ebbb69b0bef872163714ee27641e5acac3b96224	https://codec-corpus.r2.imazen.org/imazen-26-unprocessed/9226-lilith-ai-products/footwear/9652_gen_products-footwear_womens-slide-sandal-coral_p0413_1536x1024.png	https://codec-corpus.r2.imazen.org/imazen-26-png-v3/9226-lilith-ai-products/footwear/9652_gen_products-footwear_womens-slide-sandal-coral_p0413_1536x1024.sdr.png
9654	train	9226-lilith-ai-products	9226-lilith-ai-products/footwear/9654_gen_products-footwear_womens-wedge-sandal-cream_p0415_1536x1024.png	1536	1024	png	1229843	1229843	61c959fa6389b725dc3c16b9c2dfc2011b564e8aad7f4be43aa96157f2c03ad3	https://codec-corpus.r2.imazen.org/imazen-26-unprocessed/9226-lilith-ai-products/footwear/9654_gen_products-footwear_womens-wedge-sandal-cream_p0415_1536x1024.png	https://codec-corpus.r2.imazen.org/imazen-26-png-v3/9226-lilith-ai-products/footwear/9654_gen_products-footwear_womens-wedge-sandal-cream_p0415_1536x1024.sdr.png
9656	train	9226-lilith-ai-products	9226-lilith-ai-products/footwear/9656_gen_products-footwear_ivory-snow-puffer-boot_p0417_1024x1536.png	1024	1536	png	807921	807921	0be65c43c401bfd3d555b7ec233fd050ba04412b1ba3cf0e042b268607793043	https://codec-corpus.r2.imazen.org/imazen-26-unprocessed/9226-lilith-ai-products/footwear/9656_gen_products-footwear_ivory-snow-puffer-boot_p0417_1024x1536.png	https://codec-corpus.r2.imazen.org/imazen-26-png-v3/9226-lilith-ai-products/footwear/9656_gen_products-footwear_ivory-snow-puffer-boot_p0417_1024x1536.sdr.png
9658	train	9226-lilith-ai-products	9226-lilith-ai-products/footwear/9658_gen_products-footwear_kids-hook-loop-sneakers-coral-teal_p0419_5504x3072.jpg	5504	3072	jpg	934959	934959	5175d6db92e947f204372505c8de6cb91cd3764611da8f71a3fac68da9f11413	https://codec-corpus.r2.imazen.org/imazen-26-unprocessed/9226-lilith-ai-products/footwear/9658_gen_products-footwear_kids-hook-loop-sneakers-coral-teal_p0419_5504x3072.jpg	https://codec-corpus.r2.imazen.org/imazen-26-png-v3/9226-lilith-ai-products/footwear/9658_gen_products-footwear_kids-hook-loop-sneakers-coral-teal_p0419_5504x3072.sdr.png
9660	train	9226-lilith-ai-products	9226-lilith-ai-products/footwear/9660_gen_products-footwear_mens-sport-sandals-olive_p0421_2816x1536.png	2816	1536	png	2622068	2622068	60e2e87fcb9adf44a560eda1c71fd7e6b304933ca007432900f778708ccdef57	https://codec-corpus.r2.imazen.org/imazen-26-unprocessed/9226-lilith-ai-products/footwear/9660_gen_products-footwear_mens-sport-sandals-olive_p0421_2816x1536.png	https://codec-corpus.r2.imazen.org/imazen-26-png-v3/9226-lilith-ai-products/footwear/9660_gen_products-footwear_mens-sport-sandals-olive_p0421_2816x1536.sdr.png
9662	train	9226-lilith-ai-products	9226-lilith-ai-products/footwear/9662_gen_products-footwear_metallic-block-sandals_p0423_3840x2160.png	3840	2160	png	4571643	4571643	eb14e4f3af6d8682a07230b9239527f8552c285632430d8895a552db305bb6cb	https://codec-corpus.r2.imazen.org/imazen-26-unprocessed/9226-lilith-ai-products/footwear/9662_gen_products-footwear_metallic-block-sandals_p0423_3840x2160.png	https://codec-corpus.r2.imazen.org/imazen-26-png-v3/9226-lilith-ai-products/footwear/9662_gen_products-footwear_metallic-block-sandals_p0423_3840x2160.sdr.png
9664	train	9226-lilith-ai-products	9226-lilith-ai-products/footwear/9664_gen_products-footwear_neon-coral-clog-mule_p0425_1024x1536.png	1024	1536	png	385465	385465	bc4d32046520aaf9df6ed8c704450b93ffd760299cac2ca7270b215800ed6de1	https://codec-corpus.r2.imazen.org/imazen-26-unprocessed/9226-lilith-ai-products/footwear/9664_gen_products-footwear_neon-coral-clog-mule_p0425_1024x1536.png	https://codec-corpus.r2.imazen.org/imazen-26-png-v3/9226-lilith-ai-products/footwear/9664_gen_products-footwear_neon-coral-clog-mule_p0425_1024x1536.sdr.png
9666	train	9226-lilith-ai-products	9226-lilith-ai-products/footwear/9666_gen_products-footwear_red-mary-jane-ballet-sneakers_p0427_3840x2160.png	3840	2160	png	5471794	5471794	a37e46879528912fe4771f03985ad5f62806523322d56ce0573c7d6cb2044590	https://codec-corpus.r2.imazen.org/imazen-26-unprocessed/9226-lilith-ai-products/footwear/9666_gen_products-footwear_red-mary-jane-ballet-sneakers_p0427_3840x2160.png	https://codec-corpus.r2.imazen.org/imazen-26-png-v3/9226-lilith-ai-products/footwear/9666_gen_products-footwear_red-mary-jane-ballet-sneakers_p0427_3840x2160.sdr.png
9668	train	9226-lilith-ai-products	9226-lilith-ai-products/footwear/9668_gen_products-footwear_scarlet-patent-pumps_p0429_3840x2160.png	3840	2160	png	3876866	3876866	78aac4888a33b5933166961e66cd746bde2c7949c501253f1578fc54266f8dcd	https://codec-corpus.r2.imazen.org/imazen-26-unprocessed/9226-lilith-ai-products/footwear/9668_gen_products-footwear_scarlet-patent-pumps_p0429_3840x2160.png	https://codec-corpus.r2.imazen.org/imazen-26-png-v3/9226-lilith-ai-products/footwear/9668_gen_products-footwear_scarlet-patent-pumps_p0429_3840x2160.sdr.png
9670	train	9226-lilith-ai-products	9226-lilith-ai-products/footwear/9670_gen_products-footwear_tomato-leather-platform-loafer_p0431_1024x1536.png	1024	1536	png	526346	526346	d452632ef220620c82576ce126e7eacaeeba801747ecbd209de1f3fb5d7b4083	https://codec-corpus.r2.imazen.org/imazen-26-unprocessed/9226-lilith-ai-products/footwear/9670_gen_products-footwear_tomato-leather-platform-loafer_p0431_1024x1536.png	https://codec-corpus.r2.imazen.org/imazen-26-png-v3/9226-lilith-ai-products/footwear/9670_gen_products-footwear_tomato-leather-platform-loafer_p0431_1024x1536.sdr.png
9672	train	9226-lilith-ai-products	9226-lilith-ai-products/footwear/9672_gen_products-footwear_womens-insulated-snow-boots-charcoal_p0433_2816x1536.png	2816	1536	png	5063901	5063901	07b4bacc4bf260e81fd3aee0dc40b7441441854d6cb829b21d919e30286a12c2	https://codec-corpus.r2.imazen.org/imazen-26-unprocessed/9226-lilith-ai-products/footwear/9672_gen_products-footwear_womens-insulated-snow-boots-charcoal_p0433_2816x1536.png	https://codec-corpus.r2.imazen.org/imazen-26-png-v3/9226-lilith-ai-products/footwear/9672_gen_products-footwear_womens-insulated-snow-boots-charcoal_p0433_2816x1536.sdr.png
9674	train	9226-lilith-ai-products	9226-lilith-ai-products/footwear/9674_gen_products-footwear_womens-trail-running-shoes-teal_p0435_2816x1536.png	2816	1536	png	3827605	3827605	9d2c8143b79dc2e3d1cc4ecc2f884f31e41d972193181e55ec4ea666cc6e1551	https://codec-corpus.r2.imazen.org/imazen-26-unprocessed/9226-lilith-ai-products/footwear/9674_gen_products-footwear_womens-trail-running-shoes-teal_p0435_2816x1536.png	https://codec-corpus.r2.imazen.org/imazen-26-png-v3/9226-lilith-ai-products/footwear/9674_gen_products-footwear_womens-trail-running-shoes-teal_p0435_2816x1536.sdr.png
9676	train	9226-lilith-ai-products	9226-lilith-ai-products/grocery/9676_gen_products-grocery_cocoavera-72-dark-chocolate-bar_p0437_1024x1536.png	1024	1536	png	1312580	1312580	a418a0240b96366bb1bc67f542d76378500bde2b927e622deaa2d3f8136235cb	https://codec-corpus.r2.imazen.org/imazen-26-unprocessed/9226-lilith-ai-products/grocery/9676_gen_products-grocery_cocoavera-72-dark-chocolate-bar_p0437_1024x1536.png	https://codec-corpus.r2.imazen.org/imazen-26-png-v3/9226-lilith-ai-products/grocery/9676_gen_products-grocery_cocoavera-72-dark-chocolate-bar_p0437_1024x1536.sdr.png
9678	train	9226-lilith-ai-products	9226-lilith-ai-products/grocery/9678_gen_products-grocery_cereal-box-coral_p0439_1024x1536.png	1024	1536	png	1628863	1628863	bd161a7d566c80d14230bbf4346f413210d93e9f4183fe204d4cb9be4d6e1c62	https://codec-corpus.r2.imazen.org/imazen-26-unprocessed/9226-lilith-ai-products/grocery/9678_gen_products-grocery_cereal-box-coral_p0439_1024x1536.png	https://codec-corpus.r2.imazen.org/imazen-26-png-v3/9226-lilith-ai-products/grocery/9678_gen_products-grocery_cereal-box-coral_p0439_1024x1536.sdr.png
9680	train	9226-lilith-ai-products	9226-lilith-ai-products/grocery/9680_gen_products-grocery_harborhouse-creamy-tomato-soup-can_p0441_1024x1536.png	1024	1536	png	1374453	1374453	0efd6dca8f8a2cbefdcec8a5ddd52d7b9034239accb38e5c1ffaaefd40c27161	https://codec-corpus.r2.imazen.org/imazen-26-unprocessed/9226-lilith-ai-products/grocery/9680_gen_products-grocery_harborhouse-creamy-tomato-soup-can_p0441_1024x1536.png	https://codec-corpus.r2.imazen.org/imazen-26-png-v3/9226-lilith-ai-products/grocery/9680_gen_products-grocery_harborhouse-creamy-tomato-soup-can_p0441_1024x1536.sdr.png
9682	train	9226-lilith-ai-products	9226-lilith-ai-products/grocery/9682_gen_products-grocery_honeyrun-creamy-peanut-butter-jar_p0443_1024x1536.png	1024	1536	png	1513385	1513385	f1fd2cd02fa51677a3cd43a4939d0a27d63de07519df8b2d3abd8806ff56ab96	https://codec-corpus.r2.imazen.org/imazen-26-unprocessed/9226-lilith-ai-products/grocery/9682_gen_products-grocery_honeyrun-creamy-peanut-butter-jar_p0443_1024x1536.png	https://codec-corpus.r2.imazen.org/imazen-26-png-v3/9226-lilith-ai-products/grocery/9682_gen_products-grocery_honeyrun-creamy-peanut-butter-jar_p0443_1024x1536.sdr.png
9684	train	9226-lilith-ai-products	9226-lilith-ai-products/grocery/9684_gen_products-grocery_kettlebloom-white-cheddar-popcorn-bag_p0445_1024x1536.png	1024	1536	png	1270758	1270758	e775e24db12f20a62481aac3d7116d6fea839adb071202506cc906b1ce6c3f80	https://codec-corpus.r2.imazen.org/imazen-26-unprocessed/9226-lilith-ai-products/grocery/9684_gen_products-grocery_kettlebloom-white-cheddar-popcorn-bag_p0445_1024x1536.png	https://codec-corpus.r2.imazen.org/imazen-26-png-v3/9226-lilith-ai-products/grocery/9684_gen_products-grocery_kettlebloom-white-cheddar-popcorn-bag_p0445_1024x1536.sdr.png
9686	train	9226-lilith-ai-products	9226-lilith-ai-products/grocery/9686_gen_products-grocery_mossfield-earl-grey-tea-box_p0447_1024x1536.png	1024	1536	png	1362612	1362612	7a9d8f2e5a25ba28fc8140ba16a52d1abf772b0b3cab978f89d05068d1ca169b	https://codec-corpus.r2.imazen.org/imazen-26-unprocessed/9226-lilith-ai-products/grocery/9686_gen_products-grocery_mossfield-earl-grey-tea-box_p0447_1024x1536.png	https://codec-corpus.r2.imazen.org/imazen-26-png-v3/9226-lilith-ai-products/grocery/9686_gen_products-grocery_mossfield-earl-grey-tea-box_p0447_1024x1536.sdr.png
9688	train	9226-lilith-ai-products	9226-lilith-ai-products/grocery/9688_gen_products-grocery_olivetto-extra-virgin-olive-oil-bottle_p0449_1024x1536.png	1024	1536	png	674176	674176	8df4c3b4cd8114dabb7179273c9e4e7434c9879462ac149fc256c7169d0ef219	https://codec-corpus.r2.imazen.org/imazen-26-unprocessed/9226-lilith-ai-products/grocery/9688_gen_products-grocery_olivetto-extra-virgin-olive-oil-bottle_p0449_1024x1536.png	https://codec-corpus.r2.imazen.org/imazen-26-png-v3/9226-lilith-ai-products/grocery/9688_gen_products-grocery_olivetto-extra-virgin-olive-oil-bottle_p0449_1024x1536.sdr.png
9690	train	9226-lilith-ai-products	9226-lilith-ai-products/grocery/9690_gen_products-grocery_porto-fino-bronze-cut-penne-box_p0451_1024x1536.png	1024	1536	png	1473988	1473988	c2ef3cc7cbd0c178637149532c786e607d93182b23b589d04770202bde5a739e	https://codec-corpus.r2.imazen.org/imazen-26-unprocessed/9226-lilith-ai-products/grocery/9690_gen_products-grocery_porto-fino-bronze-cut-penne-box_p0451_1024x1536.png	https://codec-corpus.r2.imazen.org/imazen-26-png-v3/9226-lilith-ai-products/grocery/9690_gen_products-grocery_porto-fino-bronze-cut-penne-box_p0451_1024x1536.sdr.png
9692	train	9226-lilith-ai-products	9226-lilith-ai-products/grocery/9692_gen_products-grocery_saltcellar-himalayan-pink-salt-grinder_p0453_1024x1536.png	1024	1536	png	986190	986190	400053f582eda28a22b49e197790d45e392bf20bcbdd33695a763aeca3eb2d7f	https://codec-corpus.r2.imazen.org/imazen-26-unprocessed/9226-lilith-ai-products/grocery/9692_gen_products-grocery_saltcellar-himalayan-pink-salt-grinder_p0453_1024x1536.png	https://codec-corpus.r2.imazen.org/imazen-26-png-v3/9226-lilith-ai-products/grocery/9692_gen_products-grocery_saltcellar-himalayan-pink-salt-grinder_p0453_1024x1536.sdr.png
9694	train	9226-lilith-ai-products	9226-lilith-ai-products/grocery/9694_gen_products-grocery_shoyumaru-naturally-brewed-soy-sauce-bottle_p0455_1024x1536.png	1024	1536	png	1053078	1053078	dc1c15439187c491be0aa93407acb6b109348bbb4e9beafce4c8fdedd0eede1e	https://codec-corpus.r2.imazen.org/imazen-26-unprocessed/9226-lilith-ai-products/grocery/9694_gen_products-grocery_shoyumaru-naturally-brewed-soy-sauce-bottle_p0455_1024x1536.png	https://codec-corpus.r2.imazen.org/imazen-26-png-v3/9226-lilith-ai-products/grocery/9694_gen_products-grocery_shoyumaru-naturally-brewed-soy-sauce-bottle_p0455_1024x1536.sdr.png
9696	train	9226-lilith-ai-products	9226-lilith-ai-products/grocery/9696_gen_products-grocery_smokybluff-classic-yellow-mustard-squeeze-bottle_p0457_1024x1536.png	1024	1536	png	1031553	1031553	5e1ef42651a4416ddad6b8962ee41b9647e909799850025b36ad8e687b29a8f6	https://codec-corpus.r2.imazen.org/imazen-26-unprocessed/9226-lilith-ai-products/grocery/9696_gen_products-grocery_smokybluff-classic-yellow-mustard-squeeze-bottle_p0457_1024x1536.png	https://codec-corpus.r2.imazen.org/imazen-26-png-v3/9226-lilith-ai-products/grocery/9696_gen_products-grocery_smokybluff-classic-yellow-mustard-squeeze-bottle_p0457_1024x1536.sdr.png
9698	train	9226-lilith-ai-products	9226-lilith-ai-products/grocery/9698_gen_products-grocery_wildoak-honey-oat-cereal-box_p0459_1024x1536.png	1024	1536	png	1867638	1867638	14ac6e2a5eebfc18c8dc49983261552672a3fb78502a7fa98ebac2918dc9f02d	https://codec-corpus.r2.imazen.org/imazen-26-unprocessed/9226-lilith-ai-products/grocery/9698_gen_products-grocery_wildoak-honey-oat-cereal-box_p0459_1024x1536.png	https://codec-corpus.r2.imazen.org/imazen-26-png-v3/9226-lilith-ai-products/grocery/9698_gen_products-grocery_wildoak-honey-oat-cereal-box_p0459_1024x1536.sdr.png
9700	train	9226-lilith-ai-products	9226-lilith-ai-products/grocery/9700_gen_products-grocery_wildoak-old-fashioned-oats-canister_p0461_1024x1536.png	1024	1536	png	1481507	1481507	3b499c92e7edb4f5fdd2275160324b407e3b893174dc296042be88472ae79a18	https://codec-corpus.r2.imazen.org/imazen-26-unprocessed/9226-lilith-ai-products/grocery/9700_gen_products-grocery_wildoak-old-fashioned-oats-canister_p0461_1024x1536.png	https://codec-corpus.r2.imazen.org/imazen-26-png-v3/9226-lilith-ai-products/grocery/9700_gen_products-grocery_wildoak-old-fashioned-oats-canister_p0461_1024x1536.sdr.png
9702	train	9226-lilith-ai-products	9226-lilith-ai-products/grocery/whitelabel/9702_gen_products-grocery-whitelabel_condiment-squeeze-bottle_p0463_1024x1536.png	1024	1536	png	691435	691435	5cca48def6c17dc3d837d5ab0a0f95fc51645ef878c1c1e65f788f16e7bd1c8f	https://codec-corpus.r2.imazen.org/imazen-26-unprocessed/9226-lilith-ai-products/grocery/whitelabel/9702_gen_products-grocery-whitelabel_condiment-squeeze-bottle_p0463_1024x1536.png	https://codec-corpus.r2.imazen.org/imazen-26-png-v3/9226-lilith-ai-products/grocery/whitelabel/9702_gen_products-grocery-whitelabel_condiment-squeeze-bottle_p0463_1024x1536.sdr.png
9704	train	9226-lilith-ai-products	9226-lilith-ai-products/grocery/whitelabel/9704_gen_products-grocery-whitelabel_crackers-box-sage_p0465_1536x1024.png	1536	1024	png	1030310	1030310	2a579a5dadda7469690e472ebba0567239eaf585d2f1a340f9dcfae6bd89acfb	https://codec-corpus.r2.imazen.org/imazen-26-unprocessed/9226-lilith-ai-products/grocery/whitelabel/9704_gen_products-grocery-whitelabel_crackers-box-sage_p0465_1536x1024.png	https://codec-corpus.r2.imazen.org/imazen-26-png-v3/9226-lilith-ai-products/grocery/whitelabel/9704_gen_products-grocery-whitelabel_crackers-box-sage_p0465_1536x1024.sdr.png
9706	train	9226-lilith-ai-products	9226-lilith-ai-products/grocery/whitelabel/9706_gen_products-grocery-whitelabel_dried-pasta-spaghetti_p0467_1024x1536.png	1024	1536	png	788415	788415	0eb0b5f999c9829e809e6679a49ddd98d3cff4081c39c8785f2bd9061896a853	https://codec-corpus.r2.imazen.org/imazen-26-unprocessed/9226-lilith-ai-products/grocery/whitelabel/9706_gen_products-grocery-whitelabel_dried-pasta-spaghetti_p0467_1024x1536.png	https://codec-corpus.r2.imazen.org/imazen-26-png-v3/9226-lilith-ai-products/grocery/whitelabel/9706_gen_products-grocery-whitelabel_dried-pasta-spaghetti_p0467_1024x1536.sdr.png
9708	train	9226-lilith-ai-products	9226-lilith-ai-products/grocery/whitelabel/9708_gen_products-grocery-whitelabel_granola-bag-kraft_p0469_1024x1536.png	1024	1536	png	1424953	1424953	c9f5ca5c7261a2fcac3871367fef5c286ce4b4d5fb6db28ef134e766bb48b2e5	https://codec-corpus.r2.imazen.org/imazen-26-unprocessed/9226-lilith-ai-products/grocery/whitelabel/9708_gen_products-grocery-whitelabel_granola-bag-kraft_p0469_1024x1536.png	https://codec-corpus.r2.imazen.org/imazen-26-png-v3/9226-lilith-ai-products/grocery/whitelabel/9708_gen_products-grocery-whitelabel_granola-bag-kraft_p0469_1024x1536.sdr.png
9710	train	9226-lilith-ai-products	9226-lilith-ai-products/grocery/whitelabel/9710_gen_products-grocery-whitelabel_hot-sauce-bottle_p0471_1024x1536.png	1024	1536	png	533760	533760	d9acbcbdd4991ba27a23823376e8164f5dfa01ccbaba602860f3e0f6a2b91a7d	https://codec-corpus.r2.imazen.org/imazen-26-unprocessed/9226-lilith-ai-products/grocery/whitelabel/9710_gen_products-grocery-whitelabel_hot-sauce-bottle_p0471_1024x1536.png	https://codec-corpus.r2.imazen.org/imazen-26-png-v3/9226-lilith-ai-products/grocery/whitelabel/9710_gen_products-grocery-whitelabel_hot-sauce-bottle_p0471_1024x1536.sdr.png
9712	train	9226-lilith-ai-products	9226-lilith-ai-products/grocery/whitelabel/9712_gen_products-grocery-whitelabel_oatmeal-canister_p0473_1024x1536.png	1024	1536	png	1117092	1117092	5cef333ebef169b7fd3fe13e6b44e7491f7b049d3ba3e3cf300c94cb491f00fe	https://codec-corpus.r2.imazen.org/imazen-26-unprocessed/9226-lilith-ai-products/grocery/whitelabel/9712_gen_products-grocery-whitelabel_oatmeal-canister_p0473_1024x1536.png	https://codec-corpus.r2.imazen.org/imazen-26-png-v3/9226-lilith-ai-products/grocery/whitelabel/9712_gen_products-grocery-whitelabel_oatmeal-canister_p0473_1024x1536.sdr.png
9714	train	9226-lilith-ai-products	9226-lilith-ai-products/grocery/whitelabel/9714_gen_products-grocery-whitelabel_peanut-butter-jar_p0475_1024x1536.png	1024	1536	png	748627	748627	c2962a6d17d0361edc2097f57480b70575acdcc9c8428405c03248f85223b82e	https://codec-corpus.r2.imazen.org/imazen-26-unprocessed/9226-lilith-ai-products/grocery/whitelabel/9714_gen_products-grocery-whitelabel_peanut-butter-jar_p0475_1024x1536.png	https://codec-corpus.r2.imazen.org/imazen-26-png-v3/9226-lilith-ai-products/grocery/whitelabel/9714_gen_products-grocery-whitelabel_peanut-butter-jar_p0475_1024x1536.sdr.png
9716	train	9226-lilith-ai-products	9226-lilith-ai-products/grocery/whitelabel/9716_gen_products-grocery-whitelabel_popcorn-bag-blush_p0477_1024x1536.png	1024	1536	png	836124	836124	86d3b77a4790a8eaa75411b36c15e7b01ba0bbe12c2dcc7bad1245ab650da5f2	https://codec-corpus.r2.imazen.org/imazen-26-unprocessed/9226-lilith-ai-products/grocery/whitelabel/9716_gen_products-grocery-whitelabel_popcorn-bag-blush_p0477_1024x1536.png	https://codec-corpus.r2.imazen.org/imazen-26-png-v3/9226-lilith-ai-products/grocery/whitelabel/9716_gen_products-grocery-whitelabel_popcorn-bag-blush_p0477_1024x1536.sdr.png
9718	train	9226-lilith-ai-products	9226-lilith-ai-products/grocery/whitelabel/9718_gen_products-grocery-whitelabel_salt-grinder_p0479_1024x1536.png	1024	1536	png	619334	619334	cf9e08a3eeb10b2e239f3a508ba938e3635014ada625e77127e385287af6c267	https://codec-corpus.r2.imazen.org/imazen-26-unprocessed/9226-lilith-ai-products/grocery/whitelabel/9718_gen_products-grocery-whitelabel_salt-grinder_p0479_1024x1536.png	https://codec-corpus.r2.imazen.org/imazen-26-png-v3/9226-lilith-ai-products/grocery/whitelabel/9718_gen_products-grocery-whitelabel_salt-grinder_p0479_1024x1536.sdr.png
9720	train	9226-lilith-ai-products	9226-lilith-ai-products/grocery/whitelabel/9720_gen_products-grocery-whitelabel_snack-bar-single-yellow_p0481_1536x1024.png	1536	1024	png	798934	798934	fbe3d19487e8a9d18f4e9cb4c89cfd83341d0fdd30d9fed00ac851f7cf595d24	https://codec-corpus.r2.imazen.org/imazen-26-unprocessed/9226-lilith-ai-products/grocery/whitelabel/9720_gen_products-grocery-whitelabel_snack-bar-single-yellow_p0481_1536x1024.png	https://codec-corpus.r2.imazen.org/imazen-26-png-v3/9226-lilith-ai-products/grocery/whitelabel/9720_gen_products-grocery-whitelabel_snack-bar-single-yellow_p0481_1536x1024.sdr.png
9722	train	9226-lilith-ai-products	9226-lilith-ai-products/grocery/whitelabel/9722_gen_products-grocery-whitelabel_soy-sauce-bottle_p0483_1024x1536.png	1024	1536	png	725982	725982	af2f296cf06680cd2a6a5028aaf3ac6fe48b7e3a37a4189dbc711662be3f99c4	https://codec-corpus.r2.imazen.org/imazen-26-unprocessed/9226-lilith-ai-products/grocery/whitelabel/9722_gen_products-grocery-whitelabel_soy-sauce-bottle_p0483_1024x1536.png	https://codec-corpus.r2.imazen.org/imazen-26-png-v3/9226-lilith-ai-products/grocery/whitelabel/9722_gen_products-grocery-whitelabel_soy-sauce-bottle_p0483_1024x1536.sdr.png
9724	train	9226-lilith-ai-products	9226-lilith-ai-products/grocery/whitelabel/9724_gen_products-grocery-whitelabel_tortilla-chips-bag_p0485_1024x1536.png	1024	1536	png	1042018	1042018	a4dea6788e9bac82873a978f96b6f32d585dc2c2fa00f147107860c3a9c057c2	https://codec-corpus.r2.imazen.org/imazen-26-unprocessed/9226-lilith-ai-products/grocery/whitelabel/9724_gen_products-grocery-whitelabel_tortilla-chips-bag_p0485_1024x1536.png	https://codec-corpus.r2.imazen.org/imazen-26-png-v3/9226-lilith-ai-products/grocery/whitelabel/9724_gen_products-grocery-whitelabel_tortilla-chips-bag_p0485_1024x1536.sdr.png
9726	train	9226-lilith-ai-products	9226-lilith-ai-products/home/decor/9726_gen_products-home-decor_amber-glass-bud-vase-trio_flat_p0487_1536x1024.png	1536	1024	png	1442246	1442246	5dd58e7525c7f46553e5f7c93f75fcf03fc7a221d4b94894f15a7ca094f6cfc6	https://codec-corpus.r2.imazen.org/imazen-26-unprocessed/9226-lilith-ai-products/home/decor/9726_gen_products-home-decor_amber-glass-bud-vase-trio_flat_p0487_1536x1024.png	https://codec-corpus.r2.imazen.org/imazen-26-png-v3/9226-lilith-ai-products/home/decor/9726_gen_products-home-decor_amber-glass-bud-vase-trio_flat_p0487_1536x1024.sdr.png
9728	train	9226-lilith-ai-products	9226-lilith-ai-products/home/decor/9728_gen_products-home-decor_bedding-flatlay-warm_detail_p0489_1024x1024.png	1024	1024	png	1822572	1822572	15b7005d60c5e880862dc803623606a4bf0a8858f414ebf38042333dc8e36b99	https://codec-corpus.r2.imazen.org/imazen-26-unprocessed/9226-lilith-ai-products/home/decor/9728_gen_products-home-decor_bedding-flatlay-warm_detail_p0489_1024x1024.png	https://codec-corpus.r2.imazen.org/imazen-26-png-v3/9226-lilith-ai-products/home/decor/9728_gen_products-home-decor_bedding-flatlay-warm_detail_p0489_1024x1024.sdr.png
9730	train	9226-lilith-ai-products	9226-lilith-ai-products/home/decor/9730_gen_products-home-decor_blush-glass-jar-candle_p0491_1024x1536.png	1024	1536	png	791495	791495	b915544602a78e685e81dba4a45f868a27b2b8b58c2354d4cc046fc0ffc555e9	https://codec-corpus.r2.imazen.org/imazen-26-unprocessed/9226-lilith-ai-products/home/decor/9730_gen_products-home-decor_blush-glass-jar-candle_p0491_1024x1536.png	https://codec-corpus.r2.imazen.org/imazen-26-png-v3/9226-lilith-ai-products/home/decor/9730_gen_products-home-decor_blush-glass-jar-candle_p0491_1024x1536.sdr.png
9732	train	9226-lilith-ai-products	9226-lilith-ai-products/home/decor/9732_gen_products-home-decor_boho-throw-pillow-terracotta_p0493_4096x4096.jpg	4096	4096	jpg	1777331	1777331	6f734f8ff95068ce198dd3144377ba48e7f7001da0e53364e02b9cde2be9fdc7	https://codec-corpus.r2.imazen.org/imazen-26-unprocessed/9226-lilith-ai-products/home/decor/9732_gen_products-home-decor_boho-throw-pillow-terracotta_p0493_4096x4096.jpg	https://codec-corpus.r2.imazen.org/imazen-26-png-v3/9226-lilith-ai-products/home/decor/9732_gen_products-home-decor_boho-throw-pillow-terracotta_p0493_4096x4096.sdr.png
9734	train	9226-lilith-ai-products	9226-lilith-ai-products/home/decor/9734_gen_products-home-decor_brass-candleholder-set_p0495_1536x1024.png	1536	1024	png	433942	433942	a42779f338898e2cb956eb69c60fa602dc8b72826b880a4085cf6dafd894167a	https://codec-corpus.r2.imazen.org/imazen-26-unprocessed/9226-lilith-ai-products/home/decor/9734_gen_products-home-decor_brass-candleholder-set_p0495_1536x1024.png	https://codec-corpus.r2.imazen.org/imazen-26-png-v3/9226-lilith-ai-products/home/decor/9734_gen_products-home-decor_brass-candleholder-set_p0495_1536x1024.sdr.png
9736	train	9226-lilith-ai-products	9226-lilith-ai-products/home/decor/9736_gen_products-home-decor_brass-table-clock_p0497_1024x1024.png	1024	1024	png	910103	910103	1d623b317fd0413dc4e12d0b52a95ee946b84ea810fd3da045c075435342ae98	https://codec-corpus.r2.imazen.org/imazen-26-unprocessed/9226-lilith-ai-products/home/decor/9736_gen_products-home-decor_brass-table-clock_p0497_1024x1024.png	https://codec-corpus.r2.imazen.org/imazen-26-png-v3/9226-lilith-ai-products/home/decor/9736_gen_products-home-decor_brass-table-clock_p0497_1024x1024.sdr.png
9738	train	9226-lilith-ai-products	9226-lilith-ai-products/home/decor/9738_gen_products-home-decor_candle-tobacco-vetiver-product_p0499_1024x1536.png	1024	1536	png	1006369	1006369	efe5d916e48cfcb310a6a68325974f09df7dfce2f464e7ffcc3fe2b046a8ad25	https://codec-corpus.r2.imazen.org/imazen-26-unprocessed/9226-lilith-ai-products/home/decor/9738_gen_products-home-decor_candle-tobacco-vetiver-product_p0499_1024x1536.png	https://codec-corpus.r2.imazen.org/imazen-26-png-v3/9226-lilith-ai-products/home/decor/9738_gen_products-home-decor_candle-tobacco-vetiver-product_p0499_1024x1536.sdr.png
9740	train	9226-lilith-ai-products	9226-lilith-ai-products/home/decor/9740_gen_products-home-decor_ceramic-vase-trio_p0501_1536x1024.png	1536	1024	png	912625	912625	569979a2f9aff1ab5edc68a18f25687b3728532cb45fb174fb1a1e0ea9bff00e	https://codec-corpus.r2.imazen.org/imazen-26-unprocessed/9226-lilith-ai-products/home/decor/9740_gen_products-home-decor_ceramic-vase-trio_p0501_1536x1024.png	https://codec-corpus.r2.imazen.org/imazen-26-png-v3/9226-lilith-ai-products/home/decor/9740_gen_products-home-decor_ceramic-vase-trio_p0501_1536x1024.sdr.png
9742	train	9226-lilith-ai-products	9226-lilith-ai-products/home/decor/9742_gen_products-home-decor_coral-velvet-throw-pillow_p0503_1024x1024.png	1024	1024	png	1659219	1659219	c5768575319c7107bccfad868703c2b0cd1ccdfe717b144c8f2409bcd863693d	https://codec-corpus.r2.imazen.org/imazen-26-unprocessed/9226-lilith-ai-products/home/decor/9742_gen_products-home-decor_coral-velvet-throw-pillow_p0503_1024x1024.png	https://codec-corpus.r2.imazen.org/imazen-26-png-v3/9226-lilith-ai-products/home/decor/9742_gen_products-home-decor_coral-velvet-throw-pillow_p0503_1024x1024.sdr.png
9744	train	9226-lilith-ai-products	9226-lilith-ai-products/home/decor/9744_gen_products-home-decor_pillow-textured_p0505_1024x1024.png	1024	1024	png	1690882	1690882	8168b140e8ad2e63b702bbf445b92644eadcfc64d0e2f4b363692b7ebaab5e7c	https://codec-corpus.r2.imazen.org/imazen-26-unprocessed/9226-lilith-ai-products/home/decor/9744_gen_products-home-decor_pillow-textured_p0505_1024x1024.png	https://codec-corpus.r2.imazen.org/imazen-26-png-v3/9226-lilith-ai-products/home/decor/9744_gen_products-home-decor_pillow-textured_p0505_1024x1024.sdr.png
9746	train	9226-lilith-ai-products	9226-lilith-ai-products/home/decor/9746_gen_products-home-decor_dusty-blue-quilted-coverlet_flat_p0507_1536x1024.png	1536	1024	png	2282287	2282287	67e3340a7f85339ceebc6c32cf077ce7b7c4f7fef851d6ef43ec82c5ca11d452	https://codec-corpus.r2.imazen.org/imazen-26-unprocessed/9226-lilith-ai-products/home/decor/9746_gen_products-home-decor_dusty-blue-quilted-coverlet_flat_p0507_1536x1024.png	https://codec-corpus.r2.imazen.org/imazen-26-png-v3/9226-lilith-ai-products/home/decor/9746_gen_products-home-decor_dusty-blue-quilted-coverlet_flat_p0507_1536x1024.sdr.png
9748	train	9226-lilith-ai-products	9226-lilith-ai-products/home/decor/9748_gen_products-home-decor_framed-abstract-art-print_p0509_1024x1536.png	1024	1536	png	1884235	1884235	fb1348f68609d04051905f1775484444e724b7287177c01cb214227eb5718add	https://codec-corpus.r2.imazen.org/imazen-26-unprocessed/9226-lilith-ai-products/home/decor/9748_gen_products-home-decor_framed-abstract-art-print_p0509_1024x1536.png	https://codec-corpus.r2.imazen.org/imazen-26-png-v3/9226-lilith-ai-products/home/decor/9748_gen_products-home-decor_framed-abstract-art-print_p0509_1024x1536.sdr.png
9750	train	9226-lilith-ai-products	9226-lilith-ai-products/home/decor/9750_gen_products-home-decor_gallery-frame-set_p0511_1536x1024.png	1536	1024	png	1156029	1156029	e3cecfa6dbbd9153c8d8096996b8d84655b791dfe15fd3c21b4df4506ddba5e7	https://codec-corpus.r2.imazen.org/imazen-26-unprocessed/9226-lilith-ai-products/home/decor/9750_gen_products-home-decor_gallery-frame-set_p0511_1536x1024.png	https://codec-corpus.r2.imazen.org/imazen-26-png-v3/9226-lilith-ai-products/home/decor/9750_gen_products-home-decor_gallery-frame-set_p0511_1536x1024.sdr.png
9752	train	9226-lilith-ai-products	9226-lilith-ai-products/home/decor/9752_gen_products-home-decor_matte-black-table-lamp_p0513_1024x1536.png	1024	1536	png	1264441	1264441	d667235deff7e8eb1f8ba037e4f3121a0561e5b191dcf699b95d1e00571c7e07	https://codec-corpus.r2.imazen.org/imazen-26-unprocessed/9226-lilith-ai-products/home/decor/9752_gen_products-home-decor_matte-black-table-lamp_p0513_1024x1536.png	https://codec-corpus.r2.imazen.org/imazen-26-png-v3/9226-lilith-ai-products/home/decor/9752_gen_products-home-decor_matte-black-table-lamp_p0513_1024x1536.sdr.png
9754	train	9226-lilith-ai-products	9226-lilith-ai-products/home/decor/9754_gen_products-home-decor_modern-wall-clock_p0515_1024x1024.png	1024	1024	png	940868	940868	cf35e21515e816db2fc0ca8be73494460f49bcc3886bd130865119105a792357	https://codec-corpus.r2.imazen.org/imazen-26-unprocessed/9226-lilith-ai-products/home/decor/9754_gen_products-home-decor_modern-wall-clock_p0515_1024x1024.png	https://codec-corpus.r2.imazen.org/imazen-26-png-v3/9226-lilith-ai-products/home/decor/9754_gen_products-home-decor_modern-wall-clock_p0515_1024x1024.sdr.png
9756	train	9226-lilith-ai-products	9226-lilith-ai-products/home/decor/9756_gen_products-home-decor_natural-jute-basket-round_p0517_1024x1024.png	1024	1024	png	1247278	1247278	3c61cf1833b53da0efff4a2664fbcd7b2dd4362b0807805160ad16b64e4b962e	https://codec-corpus.r2.imazen.org/imazen-26-unprocessed/9226-lilith-ai-products/home/decor/9756_gen_products-home-decor_natural-jute-basket-round_p0517_1024x1024.png	https://codec-corpus.r2.imazen.org/imazen-26-png-v3/9226-lilith-ai-products/home/decor/9756_gen_products-home-decor_natural-jute-basket-round_p0517_1024x1024.sdr.png
9758	train	9226-lilith-ai-products	9226-lilith-ai-products/home/decor/9758_gen_products-home-decor_navy-stripe-throw-blanket_flat_p0519_1024x1024.png	1024	1024	png	1585612	1585612	4c48e72e821ca7b9270bdb397ac734cb004637b826f544385439d887b606cc5f	https://codec-corpus.r2.imazen.org/imazen-26-unprocessed/9226-lilith-ai-products/home/decor/9758_gen_products-home-decor_navy-stripe-throw-blanket_flat_p0519_1024x1024.png	https://codec-corpus.r2.imazen.org/imazen-26-png-v3/9226-lilith-ai-products/home/decor/9758_gen_products-home-decor_navy-stripe-throw-blanket_flat_p0519_1024x1024.sdr.png
9760	train	9226-lilith-ai-products	9226-lilith-ai-products/home/decor/9760_gen_products-home-decor_round-wall-mirror-brass_p0521_1024x1024.png	1024	1024	png	760549	760549	830b41c8340853c8bd27108f362e42885787c9e3a32455a94c1365eeca7bd894	https://codec-corpus.r2.imazen.org/imazen-26-unprocessed/9226-lilith-ai-products/home/decor/9760_gen_products-home-decor_round-wall-mirror-brass_p0521_1024x1024.png	https://codec-corpus.r2.imazen.org/imazen-26-png-v3/9226-lilith-ai-products/home/decor/9760_gen_products-home-decor_round-wall-mirror-brass_p0521_1024x1024.sdr.png
9762	train	9226-lilith-ai-products	9226-lilith-ai-products/home/decor/9762_gen_products-home-decor_sage-linen-duvet-set_flat_p0523_1536x1024.png	1536	1024	png	2232099	2232099	df0e7b5211793a59c7de3b8e866bbd67c3ac5b4e450de3e73e29f835438dafbf	https://codec-corpus.r2.imazen.org/imazen-26-unprocessed/9226-lilith-ai-products/home/decor/9762_gen_products-home-decor_sage-linen-duvet-set_flat_p0523_1536x1024.png	https://codec-corpus.r2.imazen.org/imazen-26-png-v3/9226-lilith-ai-products/home/decor/9762_gen_products-home-decor_sage-linen-duvet-set_flat_p0523_1536x1024.sdr.png
9764	train	9226-lilith-ai-products	9226-lilith-ai-products/home/decor/9764_gen_products-home-decor_scented-candle-glass-jar_p0525_1024x1536.png	1024	1536	png	1177363	1177363	e324ae3b19c8e5a5b14b523b003d302af5dc81352aae1030d99f77ad01a46d8c	https://codec-corpus.r2.imazen.org/imazen-26-unprocessed/9226-lilith-ai-products/home/decor/9764_gen_products-home-decor_scented-candle-glass-jar_p0525_1024x1536.png	https://codec-corpus.r2.imazen.org/imazen-26-png-v3/9226-lilith-ai-products/home/decor/9764_gen_products-home-decor_scented-candle-glass-jar_p0525_1024x1536.sdr.png
9766	train	9226-lilith-ai-products	9226-lilith-ai-products/home/decor/9766_gen_products-home-decor_sunny-yellow-hand-towel-set_flat_p0527_1536x1024.png	1536	1024	png	1818803	1818803	f62a0c2151dcff2c0a10342919f8b8baf155b68998c32215ed65075e09436f68	https://codec-corpus.r2.imazen.org/imazen-26-unprocessed/9226-lilith-ai-products/home/decor/9766_gen_products-home-decor_sunny-yellow-hand-towel-set_flat_p0527_1536x1024.png	https://codec-corpus.r2.imazen.org/imazen-26-png-v3/9226-lilith-ai-products/home/decor/9766_gen_products-home-decor_sunny-yellow-hand-towel-set_flat_p0527_1536x1024.sdr.png
9768	train	9226-lilith-ai-products	9226-lilith-ai-products/home/decor/9768_gen_products-home-decor_terracotta-tufted-bath-mat_p0529_1536x1024.png	1536	1024	png	3325457	3325457	e4191f6bd025ca85aa16cf2e22f7f3d57c16f4af7bdc6c37eea49f635a8918c0	https://codec-corpus.r2.imazen.org/imazen-26-unprocessed/9226-lilith-ai-products/home/decor/9768_gen_products-home-decor_terracotta-tufted-bath-mat_p0529_1536x1024.png	https://codec-corpus.r2.imazen.org/imazen-26-png-v3/9226-lilith-ai-products/home/decor/9768_gen_products-home-decor_terracotta-tufted-bath-mat_p0529_1536x1024.sdr.png
9770	train	9226-lilith-ai-products	9226-lilith-ai-products/home/decor/9770_gen_products-home-decor_washed-linen-bedding-set-sage_flat_p0531_5504x3072.jpg	5504	3072	jpg	859194	859194	5491668580a0468635247c8fcb20fed7449f0200039a4f76d2381e2d527fa093	https://codec-corpus.r2.imazen.org/imazen-26-unprocessed/9226-lilith-ai-products/home/decor/9770_gen_products-home-decor_washed-linen-bedding-set-sage_flat_p0531_5504x3072.jpg	https://codec-corpus.r2.imazen.org/imazen-26-png-v3/9226-lilith-ai-products/home/decor/9770_gen_products-home-decor_washed-linen-bedding-set-sage_flat_p0531_5504x3072.sdr.png
9772	train	9226-lilith-ai-products	9226-lilith-ai-products/home/decor/9772_gen_products-home-decor_woven-magazine-basket_p0533_1024x1536.png	1024	1536	png	1738457	1738457	b928161fa7899cb40cafe3162f28861369ca16fdd02b156b230cd1ace71c2572	https://codec-corpus.r2.imazen.org/imazen-26-unprocessed/9226-lilith-ai-products/home/decor/9772_gen_products-home-decor_woven-magazine-basket_p0533_1024x1536.png	https://codec-corpus.r2.imazen.org/imazen-26-png-v3/9226-lilith-ai-products/home/decor/9772_gen_products-home-decor_woven-magazine-basket_p0533_1024x1536.sdr.png
9774	train	9226-lilith-ai-products	9226-lilith-ai-products/home/decor/9774_gen_products-home-decor_woven-rattan-pendant-light_p0535_1024x1536.png	1024	1536	png	847989	847989	0679f7050fbd1d65e893ec62f968c5a8aa4a31e1914455cd5bf5e5c513626843	https://codec-corpus.r2.imazen.org/imazen-26-unprocessed/9226-lilith-ai-products/home/decor/9774_gen_products-home-decor_woven-rattan-pendant-light_p0535_1024x1536.png	https://codec-corpus.r2.imazen.org/imazen-26-png-v3/9226-lilith-ai-products/home/decor/9774_gen_products-home-decor_woven-rattan-pendant-light_p0535_1024x1536.sdr.png
9776	train	9226-lilith-ai-products	9226-lilith-ai-products/home/furniture/9776_gen_products-home-furniture_ergonomic-desk-chair_p0537_1024x1536.png	1024	1536	png	1556913	1556913	6dbe1b2fa7122a0af178547ed871c9783343d8278c4f6f17ed6f4a3dda6a6142	https://codec-corpus.r2.imazen.org/imazen-26-unprocessed/9226-lilith-ai-products/home/furniture/9776_gen_products-home-furniture_ergonomic-desk-chair_p0537_1024x1536.png	https://codec-corpus.r2.imazen.org/imazen-26-png-v3/9226-lilith-ai-products/home/furniture/9776_gen_products-home-furniture_ergonomic-desk-chair_p0537_1024x1536.sdr.png
9778	train	9226-lilith-ai-products	9226-lilith-ai-products/home/furniture/9778_gen_products-home-furniture_kitchen-island-cart_p0539_1024x1536.png	1024	1536	png	1505896	1505896	20a98f3fd7b6e2496940208bfd97932a3bb5fdfd99848d7c0b9b58a48087a759	https://codec-corpus.r2.imazen.org/imazen-26-unprocessed/9226-lilith-ai-products/home/furniture/9778_gen_products-home-furniture_kitchen-island-cart_p0539_1024x1536.png	https://codec-corpus.r2.imazen.org/imazen-26-png-v3/9226-lilith-ai-products/home/furniture/9778_gen_products-home-furniture_kitchen-island-cart_p0539_1024x1536.sdr.png
9780	train	9226-lilith-ai-products	9226-lilith-ai-products/home/furniture/9780_gen_products-home-furniture_leather-bar-stool_p0541_1024x1536.png	1024	1536	png	940980	940980	a5eeb51e7308cd3fd42b8457cdc8d513aaaa836cfeffd21cf680402a56832d00	https://codec-corpus.r2.imazen.org/imazen-26-unprocessed/9226-lilith-ai-products/home/furniture/9780_gen_products-home-furniture_leather-bar-stool_p0541_1024x1536.png	https://codec-corpus.r2.imazen.org/imazen-26-png-v3/9226-lilith-ai-products/home/furniture/9780_gen_products-home-furniture_leather-bar-stool_p0541_1024x1536.sdr.png
9782	train	9226-lilith-ai-products	9226-lilith-ai-products/home/furniture/9782_gen_products-home-furniture_mid-century-lounge-chair_p0543_1024x1536.png	1024	1536	png	1285700	1285700	43c4d77248314d532018140a60def1104526eee95c0589970db095166a78fa9e	https://codec-corpus.r2.imazen.org/imazen-26-unprocessed/9226-lilith-ai-products/home/furniture/9782_gen_products-home-furniture_mid-century-lounge-chair_p0543_1024x1536.png	https://codec-corpus.r2.imazen.org/imazen-26-png-v3/9226-lilith-ai-products/home/furniture/9782_gen_products-home-furniture_mid-century-lounge-chair_p0543_1024x1536.sdr.png
9784	train	9226-lilith-ai-products	9226-lilith-ai-products/home/furniture/9784_gen_products-home-furniture_oval-coffee-table_p0545_1536x1024.png	1536	1024	png	906111	906111	8cdf14e1b78bd8116745174d20a09a6fb27f6d44d5170e09af0905984f4cc771	https://codec-corpus.r2.imazen.org/imazen-26-unprocessed/9226-lilith-ai-products/home/furniture/9784_gen_products-home-furniture_oval-coffee-table_p0545_1536x1024.png	https://codec-corpus.r2.imazen.org/imazen-26-png-v3/9226-lilith-ai-products/home/furniture/9784_gen_products-home-furniture_oval-coffee-table_p0545_1536x1024.sdr.png
9786	train	9226-lilith-ai-products	9226-lilith-ai-products/home/furniture/9786_gen_products-home-furniture_rectangular-dining-table_p0547_1536x1024.png	1536	1024	png	1027593	1027593	5d25a3a51273fc2072fa4435e017ee2312782325bbb2477e134c380359382c61	https://codec-corpus.r2.imazen.org/imazen-26-unprocessed/9226-lilith-ai-products/home/furniture/9786_gen_products-home-furniture_rectangular-dining-table_p0547_1536x1024.png	https://codec-corpus.r2.imazen.org/imazen-26-png-v3/9226-lilith-ai-products/home/furniture/9786_gen_products-home-furniture_rectangular-dining-table_p0547_1536x1024.sdr.png
9788	train	9226-lilith-ai-products	9226-lilith-ai-products/home/furniture/9788_gen_products-home-furniture_six-drawer-dresser_p0549_1536x1024.png	1536	1024	png	1516131	1516131	214450353aaeb335eff2962f6705960c3bdfafc12e9f37d1ca4fbca86c42e0d5	https://codec-corpus.r2.imazen.org/imazen-26-unprocessed/9226-lilith-ai-products/home/furniture/9788_gen_products-home-furniture_six-drawer-dresser_p0549_1536x1024.png	https://codec-corpus.r2.imazen.org/imazen-26-png-v3/9226-lilith-ai-products/home/furniture/9788_gen_products-home-furniture_six-drawer-dresser_p0549_1536x1024.sdr.png
9790	train	9226-lilith-ai-products	9226-lilith-ai-products/home/furniture/9790_gen_products-home-furniture_storage-bench-upholstered_p0551_1536x1024.png	1536	1024	png	1552155	1552155	fae1fb355044271ae3487b96f678099e5bc7b4fd74b88aa27c9c8cd7f7c6c6dc	https://codec-corpus.r2.imazen.org/imazen-26-unprocessed/9226-lilith-ai-products/home/furniture/9790_gen_products-home-furniture_storage-bench-upholstered_p0551_1536x1024.png	https://codec-corpus.r2.imazen.org/imazen-26-png-v3/9226-lilith-ai-products/home/furniture/9790_gen_products-home-furniture_storage-bench-upholstered_p0551_1536x1024.sdr.png
9792	train	9226-lilith-ai-products	9226-lilith-ai-products/home/furniture/9792_gen_products-home-furniture_two-drawer-nightstand_p0553_1024x1536.png	1024	1536	png	1561037	1561037	21f502212711400b4c4cf5739be4de3a636ed6cd464ac9b54214036b6d6370eb	https://codec-corpus.r2.imazen.org/imazen-26-unprocessed/9226-lilith-ai-products/home/furniture/9792_gen_products-home-furniture_two-drawer-nightstand_p0553_1024x1536.png	https://codec-corpus.r2.imazen.org/imazen-26-png-v3/9226-lilith-ai-products/home/furniture/9792_gen_products-home-furniture_two-drawer-nightstand_p0553_1024x1536.sdr.png
9794	train	9226-lilith-ai-products	9226-lilith-ai-products/home/furniture/9794_gen_products-home-furniture_upholstered-accent-armchair_p0555_1024x1536.png	1024	1536	png	1827383	1827383	c4f9ebd3bf406fcd3bf567938e58046496b4167c713abd8c418e9199fa6001d7	https://codec-corpus.r2.imazen.org/imazen-26-unprocessed/9226-lilith-ai-products/home/furniture/9794_gen_products-home-furniture_upholstered-accent-armchair_p0555_1024x1536.png	https://codec-corpus.r2.imazen.org/imazen-26-png-v3/9226-lilith-ai-products/home/furniture/9794_gen_products-home-furniture_upholstered-accent-armchair_p0555_1024x1536.sdr.png
9796	train	9226-lilith-ai-products	9226-lilith-ai-products/home/furniture/9796_gen_products-home-furniture_upholstered-headboard_p0557_1536x1024.png	1536	1024	png	1807155	1807155	39ff888857829e92f94eb05f9b1f19b2303ec9e3b804285296f874b3cf0ce649	https://codec-corpus.r2.imazen.org/imazen-26-unprocessed/9226-lilith-ai-products/home/furniture/9796_gen_products-home-furniture_upholstered-headboard_p0557_1536x1024.png	https://codec-corpus.r2.imazen.org/imazen-26-png-v3/9226-lilith-ai-products/home/furniture/9796_gen_products-home-furniture_upholstered-headboard_p0557_1536x1024.sdr.png
9798	train	9226-lilith-ai-products	9226-lilith-ai-products/home/furniture/9798_gen_products-home-furniture_walnut-side-table_p0559_1024x1536.png	1024	1536	png	802532	802532	1cdd6d17298654b361ad251b6e779aa2221c8fdec1186334c6ad8383315fce8c	https://codec-corpus.r2.imazen.org/imazen-26-unprocessed/9226-lilith-ai-products/home/furniture/9798_gen_products-home-furniture_walnut-side-table_p0559_1024x1536.png	https://codec-corpus.r2.imazen.org/imazen-26-png-v3/9226-lilith-ai-products/home/furniture/9798_gen_products-home-furniture_walnut-side-table_p0559_1024x1536.sdr.png
9800	train	9226-lilith-ai-products	9226-lilith-ai-products/home/kitchen/9800_gen_products-home-kitchen_ashridge-chef-knife_p0561_1536x1024.png	1536	1024	png	599690	599690	b830fe3fc621f0fe2ca23d27a451a40105ba9189eac14e9480e682a9deeb1871	https://codec-corpus.r2.imazen.org/imazen-26-unprocessed/9226-lilith-ai-products/home/kitchen/9800_gen_products-home-kitchen_ashridge-chef-knife_p0561_1536x1024.png	https://codec-corpus.r2.imazen.org/imazen-26-png-v3/9226-lilith-ai-products/home/kitchen/9800_gen_products-home-kitchen_ashridge-chef-knife_p0561_1536x1024.sdr.png
9802	train	9226-lilith-ai-products	9226-lilith-ai-products/home/kitchen/9802_gen_products-home-kitchen_ashridge-espresso-cups_p0563_1536x1024.png	1536	1024	png	828204	828204	ff841393cbce6d2ffdb7211d0d7abffe0a6a2628a4fce115931f334eb5c2dda4	https://codec-corpus.r2.imazen.org/imazen-26-unprocessed/9226-lilith-ai-products/home/kitchen/9802_gen_products-home-kitchen_ashridge-espresso-cups_p0563_1536x1024.png	https://codec-corpus.r2.imazen.org/imazen-26-png-v3/9226-lilith-ai-products/home/kitchen/9802_gen_products-home-kitchen_ashridge-espresso-cups_p0563_1536x1024.sdr.png
9804	train	9226-lilith-ai-products	9226-lilith-ai-products/home/kitchen/9804_gen_products-home-kitchen_ashridge-garlic-press_p0565_1536x1024.png	1536	1024	png	878017	878017	43f7d89d6213b10d036f880c9255896d04a9d6d85bdd3ebd4de8cd39b2d07a69	https://codec-corpus.r2.imazen.org/imazen-26-unprocessed/9226-lilith-ai-products/home/kitchen/9804_gen_products-home-kitchen_ashridge-garlic-press_p0565_1536x1024.png	https://codec-corpus.r2.imazen.org/imazen-26-png-v3/9226-lilith-ai-products/home/kitchen/9804_gen_products-home-kitchen_ashridge-garlic-press_p0565_1536x1024.sdr.png
9806	train	9226-lilith-ai-products	9226-lilith-ai-products/home/kitchen/9806_gen_products-home-kitchen_ashridge-vegetable-peeler_p0567_1536x1024.png	1536	1024	png	754100	754100	e9f65fc0e4bf7e7fe4955598ae09b4cbb6846334b2de971d9cd43c3319c6c7fc	https://codec-corpus.r2.imazen.org/imazen-26-unprocessed/9226-lilith-ai-products/home/kitchen/9806_gen_products-home-kitchen_ashridge-vegetable-peeler_p0567_1536x1024.png	https://codec-corpus.r2.imazen.org/imazen-26-png-v3/9226-lilith-ai-products/home/kitchen/9806_gen_products-home-kitchen_ashridge-vegetable-peeler_p0567_1536x1024.sdr.png
9808	train	9226-lilith-ai-products	9226-lilith-ai-products/home/kitchen/9808_gen_products-home-kitchen_ceramic-coral-coffee-mug_p0569_1024x1024.png	1024	1024	png	1004513	1004513	33cea3d7fb0366de813a09eb0f89bbe101f7fe310bd28dcf4426c928be772442	https://codec-corpus.r2.imazen.org/imazen-26-unprocessed/9226-lilith-ai-products/home/kitchen/9808_gen_products-home-kitchen_ceramic-coral-coffee-mug_p0569_1024x1024.png	https://codec-corpus.r2.imazen.org/imazen-26-png-v3/9226-lilith-ai-products/home/kitchen/9808_gen_products-home-kitchen_ceramic-coral-coffee-mug_p0569_1024x1024.sdr.png
9810	train	9226-lilith-ai-products	9226-lilith-ai-products/home/kitchen/9810_gen_products-home-kitchen_cream-ribbed-tumbler-set_p0571_1536x1024.png	1536	1024	png	854449	854449	b47bcd660035c4aa7831ddac8b1e55717bdfd278cbd752f2fc77b0d4777bb1c8	https://codec-corpus.r2.imazen.org/imazen-26-unprocessed/9226-lilith-ai-products/home/kitchen/9810_gen_products-home-kitchen_cream-ribbed-tumbler-set_p0571_1536x1024.png	https://codec-corpus.r2.imazen.org/imazen-26-png-v3/9226-lilith-ai-products/home/kitchen/9810_gen_products-home-kitchen_cream-ribbed-tumbler-set_p0571_1536x1024.sdr.png
9812	train	9226-lilith-ai-products	9226-lilith-ai-products/home/kitchen/9812_gen_products-home-kitchen_fieldstone-baking-sheet_p0573_1536x1024.png	1536	1024	png	929080	929080	dd11034a2004e9b37a246c5a183e06804c2d8493adf2e0cc0f16e9c55b2979e9	https://codec-corpus.r2.imazen.org/imazen-26-unprocessed/9226-lilith-ai-products/home/kitchen/9812_gen_products-home-kitchen_fieldstone-baking-sheet_p0573_1536x1024.png	https://codec-corpus.r2.imazen.org/imazen-26-png-v3/9226-lilith-ai-products/home/kitchen/9812_gen_products-home-kitchen_fieldstone-baking-sheet_p0573_1536x1024.sdr.png
9814	train	9226-lilith-ai-products	9226-lilith-ai-products/home/kitchen/9814_gen_products-home-kitchen_fieldstone-dinnerware-plates_p0575_1536x1024.png	1536	1024	png	1322442	1322442	55593230f338586043fe41c8eab0182abe8b8d1c5d911debf0d1c5f530d7cb36	https://codec-corpus.r2.imazen.org/imazen-26-unprocessed/9226-lilith-ai-products/home/kitchen/9814_gen_products-home-kitchen_fieldstone-dinnerware-plates_p0575_1536x1024.png	https://codec-corpus.r2.imazen.org/imazen-26-png-v3/9226-lilith-ai-products/home/kitchen/9814_gen_products-home-kitchen_fieldstone-dinnerware-plates_p0575_1536x1024.sdr.png
9816	train	9226-lilith-ai-products	9226-lilith-ai-products/home/kitchen/9816_gen_products-home-kitchen_fieldstone-glass-pitcher_p0577_1024x1536.png	1024	1536	png	933808	933808	7c8b0703fe77c5fc5f7806f77bc8efea404ea699c5ab2ca3fd62dc8b72c363fd	https://codec-corpus.r2.imazen.org/imazen-26-unprocessed/9226-lilith-ai-products/home/kitchen/9816_gen_products-home-kitchen_fieldstone-glass-pitcher_p0577_1024x1536.png	https://codec-corpus.r2.imazen.org/imazen-26-png-v3/9226-lilith-ai-products/home/kitchen/9816_gen_products-home-kitchen_fieldstone-glass-pitcher_p0577_1024x1536.sdr.png
9818	train	9226-lilith-ai-products	9226-lilith-ai-products/home/kitchen/9818_gen_products-home-kitchen_fieldstone-mixing-bowls_p0579_1536x1024.png	1536	1024	png	979153	979153	4e94354d9a43b58b67eb28d51451106468557307044a8cd73b0c8453dae4eb51	https://codec-corpus.r2.imazen.org/imazen-26-unprocessed/9226-lilith-ai-products/home/kitchen/9818_gen_products-home-kitchen_fieldstone-mixing-bowls_p0579_1536x1024.png	https://codec-corpus.r2.imazen.org/imazen-26-png-v3/9226-lilith-ai-products/home/kitchen/9818_gen_products-home-kitchen_fieldstone-mixing-bowls_p0579_1536x1024.sdr.png
9820	train	9226-lilith-ai-products	9226-lilith-ai-products/home/kitchen/9820_gen_products-home-kitchen_fieldstone-nonstick-pan_p0581_1024x1024.png	1024	1024	png	601882	601882	78b0edc3b5886f655b81f293b6c41865777a722bd4d36c84e5c821c4a14c4f72	https://codec-corpus.r2.imazen.org/imazen-26-unprocessed/9226-lilith-ai-products/home/kitchen/9820_gen_products-home-kitchen_fieldstone-nonstick-pan_p0581_1024x1024.png	https://codec-corpus.r2.imazen.org/imazen-26-png-v3/9226-lilith-ai-products/home/kitchen/9820_gen_products-home-kitchen_fieldstone-nonstick-pan_p0581_1024x1024.sdr.png
9822	train	9226-lilith-ai-products	9226-lilith-ai-products/home/kitchen/9822_gen_products-home-kitchen_fieldstone-silicone-spatula_p0583_1024x1536.png	1024	1536	png	455475	455475	416d440d23238d39f222ccc2d933ea32af503ea12368d974838be1ed04500a37	https://codec-corpus.r2.imazen.org/imazen-26-unprocessed/9226-lilith-ai-products/home/kitchen/9822_gen_products-home-kitchen_fieldstone-silicone-spatula_p0583_1024x1536.png	https://codec-corpus.r2.imazen.org/imazen-26-png-v3/9226-lilith-ai-products/home/kitchen/9822_gen_products-home-kitchen_fieldstone-silicone-spatula_p0583_1024x1536.sdr.png
9824	train	9226-lilith-ai-products	9226-lilith-ai-products/home/kitchen/9824_gen_products-home-kitchen_marble-serving-tray_p0585_1536x1024.png	1536	1024	png	1021511	1021511	b0fe960b53fec33346a4bf262e483b2724fb5547f7b22d0d29dc8f398500b345	https://codec-corpus.r2.imazen.org/imazen-26-unprocessed/9226-lilith-ai-products/home/kitchen/9824_gen_products-home-kitchen_marble-serving-tray_p0585_1536x1024.png	https://codec-corpus.r2.imazen.org/imazen-26-png-v3/9226-lilith-ai-products/home/kitchen/9824_gen_products-home-kitchen_marble-serving-tray_p0585_1536x1024.sdr.png
9826	train	9226-lilith-ai-products	9226-lilith-ai-products/home/kitchen/9826_gen_products-home-kitchen_merch-mug-coffee-club_p0587_1024x1536.png	1024	1536	png	988444	988444	993b5188b042290c0797aa5a5b4afaabf5f33925ac8d81bc8e7ed09fd395e6a6	https://codec-corpus.r2.imazen.org/imazen-26-unprocessed/9226-lilith-ai-products/home/kitchen/9826_gen_products-home-kitchen_merch-mug-coffee-club_p0587_1024x1536.png	https://codec-corpus.r2.imazen.org/imazen-26-png-v3/9226-lilith-ai-products/home/kitchen/9826_gen_products-home-kitchen_merch-mug-coffee-club_p0587_1024x1536.sdr.png
9828	train	9226-lilith-ai-products	9226-lilith-ai-products/home/kitchen/9828_gen_products-home-kitchen_stoneware-mug-speckled-cream_p0589_4096x4096.jpg	4096	4096	jpg	1107393	1107393	8ad845a4875b86738279c711d370bba06b7296751a1361464193baec659c8dcb	https://codec-corpus.r2.imazen.org/imazen-26-unprocessed/9226-lilith-ai-products/home/kitchen/9828_gen_products-home-kitchen_stoneware-mug-speckled-cream_p0589_4096x4096.jpg	https://codec-corpus.r2.imazen.org/imazen-26-png-v3/9226-lilith-ai-products/home/kitchen/9828_gen_products-home-kitchen_stoneware-mug-speckled-cream_p0589_4096x4096.sdr.png
9830	train	9226-lilith-ai-products	9226-lilith-ai-products/home/small-appliances/9830_gen_products-home-small-appliances_anchor-anvil-2-slice-toaster_p0591_1536x1024.png	1536	1024	png	1084279	1084279	3d93df7974a5e09a853fdbcf5f1a460dca889d0f0aac125cf424a095d97450cb	https://codec-corpus.r2.imazen.org/imazen-26-unprocessed/9226-lilith-ai-products/home/small-appliances/9830_gen_products-home-small-appliances_anchor-anvil-2-slice-toaster_p0591_1536x1024.png	https://codec-corpus.r2.imazen.org/imazen-26-png-v3/9226-lilith-ai-products/home/small-appliances/9830_gen_products-home-small-appliances_anchor-anvil-2-slice-toaster_p0591_1536x1024.sdr.png
9832	train	9226-lilith-ai-products	9226-lilith-ai-products/home/small-appliances/9832_gen_products-home-small-appliances_anchor-anvil-electric-kettle_p0593_1024x1536.png	1024	1536	png	1250086	1250086	27b8ae54a7f15585bbdfb53882b8b18ed595d496355ca9fca6364fe3b243070f	https://codec-corpus.r2.imazen.org/imazen-26-unprocessed/9226-lilith-ai-products/home/small-appliances/9832_gen_products-home-small-appliances_anchor-anvil-electric-kettle_p0593_1024x1536.png	https://codec-corpus.r2.imazen.org/imazen-26-png-v3/9226-lilith-ai-products/home/small-appliances/9832_gen_products-home-small-appliances_anchor-anvil-electric-kettle_p0593_1024x1536.sdr.png
9834	train	9226-lilith-ai-products	9226-lilith-ai-products/home/small-appliances/9834_gen_products-home-small-appliances_anchor-anvil-rice-cooker_p0595_1024x1536.png	1024	1536	png	1012766	1012766	c631c6261a9be1f65d723aaab14f822908a96240eeb7f676cb875680ce9aa189	https://codec-corpus.r2.imazen.org/imazen-26-unprocessed/9226-lilith-ai-products/home/small-appliances/9834_gen_products-home-small-appliances_anchor-anvil-rice-cooker_p0595_1024x1536.png	https://codec-corpus.r2.imazen.org/imazen-26-png-v3/9226-lilith-ai-products/home/small-appliances/9834_gen_products-home-small-appliances_anchor-anvil-rice-cooker_p0595_1024x1536.sdr.png
9836	train	9226-lilith-ai-products	9226-lilith-ai-products/home/small-appliances/9836_gen_products-home-small-appliances_anchor-anvil-stand-mixer_p0597_1024x1536.png	1024	1536	png	1358469	1358469	46cc4e7b9d2f86e3ca4af76404351aca324dc9bac7c6f2a267e6dd45badea8f2	https://codec-corpus.r2.imazen.org/imazen-26-unprocessed/9226-lilith-ai-products/home/small-appliances/9836_gen_products-home-small-appliances_anchor-anvil-stand-mixer_p0597_1024x1536.png	https://codec-corpus.r2.imazen.org/imazen-26-png-v3/9226-lilith-ai-products/home/small-appliances/9836_gen_products-home-small-appliances_anchor-anvil-stand-mixer_p0597_1024x1536.sdr.png
9838	train	9226-lilith-ai-products	9226-lilith-ai-products/home/small-appliances/9838_gen_products-home-small-appliances_appliance-blender-countertop-teal_p0599_1024x1536.png	1024	1536	png	847315	847315	31259893fbd40e4c9346ac9521088ec665d8c0d8b6669b58657be2d4325a1aa8	https://codec-corpus.r2.imazen.org/imazen-26-unprocessed/9226-lilith-ai-products/home/small-appliances/9838_gen_products-home-small-appliances_appliance-blender-countertop-teal_p0599_1024x1536.png	https://codec-corpus.r2.imazen.org/imazen-26-png-v3/9226-lilith-ai-products/home/small-appliances/9838_gen_products-home-small-appliances_appliance-blender-countertop-teal_p0599_1024x1536.sdr.png
9840	train	9226-lilith-ai-products	9226-lilith-ai-products/home/small-appliances/9840_gen_products-home-small-appliances_blackpine-gooseneck-kettle_p0601_1024x1536.png	1024	1536	png	997248	997248	b7ad4b49261ce0002e64385dc34ab255102d7e9d725aee99aef77cac23c011ae	https://codec-corpus.r2.imazen.org/imazen-26-unprocessed/9226-lilith-ai-products/home/small-appliances/9840_gen_products-home-small-appliances_blackpine-gooseneck-kettle_p0601_1024x1536.png	https://codec-corpus.r2.imazen.org/imazen-26-png-v3/9226-lilith-ai-products/home/small-appliances/9840_gen_products-home-small-appliances_blackpine-gooseneck-kettle_p0601_1024x1536.sdr.png
9842	train	9226-lilith-ai-products	9226-lilith-ai-products/home/small-appliances/9842_gen_products-home-small-appliances_ironvale-digital-air-fryer_p0603_1024x1536.png	1024	1536	png	1292324	1292324	9e6fbc6ea6c5cbaebbf65f2cb3ad909f5b2752158b5f09b6f256257a307abf93	https://codec-corpus.r2.imazen.org/imazen-26-unprocessed/9226-lilith-ai-products/home/small-appliances/9842_gen_products-home-small-appliances_ironvale-digital-air-fryer_p0603_1024x1536.png	https://codec-corpus.r2.imazen.org/imazen-26-png-v3/9226-lilith-ai-products/home/small-appliances/9842_gen_products-home-small-appliances_ironvale-digital-air-fryer_p0603_1024x1536.sdr.png
9844	train	9226-lilith-ai-products	9226-lilith-ai-products/home/small-appliances/9844_gen_products-home-small-appliances_ironvale-multi-cooker-pressure-cooker_p0605_1024x1536.png	1024	1536	png	1308495	1308495	b048283e7c0ab85602f0d2a3ea1b23ce53db64b82602a9e58e35bcb331fd2999	https://codec-corpus.r2.imazen.org/imazen-26-unprocessed/9226-lilith-ai-products/home/small-appliances/9844_gen_products-home-small-appliances_ironvale-multi-cooker-pressure-cooker_p0605_1024x1536.png	https://codec-corpus.r2.imazen.org/imazen-26-png-v3/9226-lilith-ai-products/home/small-appliances/9844_gen_products-home-small-appliances_ironvale-multi-cooker-pressure-cooker_p0605_1024x1536.sdr.png
9846	train	9226-lilith-ai-products	9226-lilith-ai-products/home/small-appliances/9846_gen_products-home-small-appliances_kettlebay-12-cup-drip-coffee-maker_p0607_1024x1536.png	1024	1536	png	1286835	1286835	bd0fd3d6fa12c60cd41aa0226e51ded3db77a923dea4b4976e5d00a3fe34c565	https://codec-corpus.r2.imazen.org/imazen-26-unprocessed/9226-lilith-ai-products/home/small-appliances/9846_gen_products-home-small-appliances_kettlebay-12-cup-drip-coffee-maker_p0607_1024x1536.png	https://codec-corpus.r2.imazen.org/imazen-26-png-v3/9226-lilith-ai-products/home/small-appliances/9846_gen_products-home-small-appliances_kettlebay-12-cup-drip-coffee-maker_p0607_1024x1536.sdr.png
9848	train	9226-lilith-ai-products	9226-lilith-ai-products/home/small-appliances/9848_gen_products-home-small-appliances_kettlebay-centrifugal-juicer_p0609_1024x1536.png	1024	1536	png	1290970	1290970	51fee4caa38efe36f1a8e310bc97205042ab3da4d7ba84b53f0b2cd78ad33041	https://codec-corpus.r2.imazen.org/imazen-26-unprocessed/9226-lilith-ai-products/home/small-appliances/9848_gen_products-home-small-appliances_kettlebay-centrifugal-juicer_p0609_1024x1536.png	https://codec-corpus.r2.imazen.org/imazen-26-png-v3/9226-lilith-ai-products/home/small-appliances/9848_gen_products-home-small-appliances_kettlebay-centrifugal-juicer_p0609_1024x1536.sdr.png
9850	train	9226-lilith-ai-products	9226-lilith-ai-products/home/small-appliances/9850_gen_products-home-small-appliances_kettlebay-espresso-machine_p0611_1024x1536.png	1024	1536	png	1368577	1368577	76adc03af2718e0dbd2c2a80fb5129356f9536f5d49b168f682fc4a99ef14d46	https://codec-corpus.r2.imazen.org/imazen-26-unprocessed/9226-lilith-ai-products/home/small-appliances/9850_gen_products-home-small-appliances_kettlebay-espresso-machine_p0611_1024x1536.png	https://codec-corpus.r2.imazen.org/imazen-26-png-v3/9226-lilith-ai-products/home/small-appliances/9850_gen_products-home-small-appliances_kettlebay-espresso-machine_p0611_1024x1536.sdr.png
9852	train	9226-lilith-ai-products	9226-lilith-ai-products/home/small-appliances/9852_gen_products-home-small-appliances_kettlebay-ice-cream-maker_p0613_1024x1536.png	1024	1536	png	1200597	1200597	648e8b44fc21d164c66109713e39ef5fe6764f9726e086423fe5cd6eebd946b7	https://codec-corpus.r2.imazen.org/imazen-26-unprocessed/9226-lilith-ai-products/home/small-appliances/9852_gen_products-home-small-appliances_kettlebay-ice-cream-maker_p0613_1024x1536.png	https://codec-corpus.r2.imazen.org/imazen-26-png-v3/9226-lilith-ai-products/home/small-appliances/9852_gen_products-home-small-appliances_kettlebay-ice-cream-maker_p0613_1024x1536.sdr.png
9854	train	9226-lilith-ai-products	9226-lilith-ai-products/home/small-appliances/9854_gen_products-home-small-appliances_kettlebay-milk-frother_p0615_1024x1536.png	1024	1536	png	956194	956194	c1c07fcf959c8f331f8bc59ecc50c7a0fa4008568c27d7e4ff079be0900b0020	https://codec-corpus.r2.imazen.org/imazen-26-unprocessed/9226-lilith-ai-products/home/small-appliances/9854_gen_products-home-small-appliances_kettlebay-milk-frother_p0615_1024x1536.png	https://codec-corpus.r2.imazen.org/imazen-26-png-v3/9226-lilith-ai-products/home/small-appliances/9854_gen_products-home-small-appliances_kettlebay-milk-frother_p0615_1024x1536.sdr.png
9856	train	9226-lilith-ai-products	9226-lilith-ai-products/sporting-goods/9856_gen_products-sporting-goods_daypack-22l-rust_p0617_2816x1536.png	2816	1536	png	5044341	5044341	4b114abdbe3710d7e833b276622a91ae0803715c6658d1305eb0f7670a9a9489	https://codec-corpus.r2.imazen.org/imazen-26-unprocessed/9226-lilith-ai-products/sporting-goods/9856_gen_products-sporting-goods_daypack-22l-rust_p0617_2816x1536.png	https://codec-corpus.r2.imazen.org/imazen-26-png-v3/9226-lilith-ai-products/sporting-goods/9856_gen_products-sporting-goods_daypack-22l-rust_p0617_2816x1536.sdr.png
9858	train	9226-lilith-ai-products	9226-lilith-ai-products/sporting-goods/9858_gen_products-sporting-goods_duffel-bag-60l-charcoal_p0619_2816x1536.png	2816	1536	png	2387044	2387044	039dcbe74e0216f4af7c8e23a48dbd9da3dd09342b9ae54aa4e61fb23a1493c6	https://codec-corpus.r2.imazen.org/imazen-26-unprocessed/9226-lilith-ai-products/sporting-goods/9858_gen_products-sporting-goods_duffel-bag-60l-charcoal_p0619_2816x1536.png	https://codec-corpus.r2.imazen.org/imazen-26-png-v3/9226-lilith-ai-products/sporting-goods/9858_gen_products-sporting-goods_duffel-bag-60l-charcoal_p0619_2816x1536.sdr.png
9860	train	9226-lilith-ai-products	9226-lilith-ai-products/sporting-goods/9860_gen_products-sporting-goods_insulated-tumbler-40oz-teal_p0621_4096x4096.jpg	4096	4096	jpg	729292	729292	a29aa0e07126539f77d98fdd2af9a11757723919ea292a54eb0b099d6a643b32	https://codec-corpus.r2.imazen.org/imazen-26-unprocessed/9226-lilith-ai-products/sporting-goods/9860_gen_products-sporting-goods_insulated-tumbler-40oz-teal_p0621_4096x4096.jpg	https://codec-corpus.r2.imazen.org/imazen-26-png-v3/9226-lilith-ai-products/sporting-goods/9860_gen_products-sporting-goods_insulated-tumbler-40oz-teal_p0621_4096x4096.sdr.png
9862	train	9226-lilith-ai-products	9226-lilith-ai-products/sporting-goods/9862_gen_products-sporting-goods_internal-frame-backpack-50l-slate_p0623_1536x2816.png	1536	2816	png	4509927	4509927	f267c8fad452594eb9e06565134eee709a705fb72419dd6555afc4e310799d9f	https://codec-corpus.r2.imazen.org/imazen-26-unprocessed/9226-lilith-ai-products/sporting-goods/9862_gen_products-sporting-goods_internal-frame-backpack-50l-slate_p0623_1536x2816.png	https://codec-corpus.r2.imazen.org/imazen-26-png-v3/9226-lilith-ai-products/sporting-goods/9862_gen_products-sporting-goods_internal-frame-backpack-50l-slate_p0623_1536x2816.sdr.png
9864	train	9226-lilith-ai-products	9226-lilith-ai-products/sporting-goods/9864_gen_products-sporting-goods_merch-dad-cap_p0625_2048x2048.png	2048	2048	png	3896884	3896884	adb7ef8ba8eaaedffdee65f58e655c029051a234ad7c1f820dae65f2b944256a	https://codec-corpus.r2.imazen.org/imazen-26-unprocessed/9226-lilith-ai-products/sporting-goods/9864_gen_products-sporting-goods_merch-dad-cap_p0625_2048x2048.png	https://codec-corpus.r2.imazen.org/imazen-26-png-v3/9226-lilith-ai-products/sporting-goods/9864_gen_products-sporting-goods_merch-dad-cap_p0625_2048x2048.sdr.png
9866	train	9226-lilith-ai-products	9226-lilith-ai-products/sporting-goods/9866_gen_products-sporting-goods_mummy-sleeping-bag-teal_p0627_2816x1536.png	2816	1536	png	3096764	3096764	944429d1480cd2712169dca755f0afaf0e0d02c60a7a23131bca7958d595558c	https://codec-corpus.r2.imazen.org/imazen-26-unprocessed/9226-lilith-ai-products/sporting-goods/9866_gen_products-sporting-goods_mummy-sleeping-bag-teal_p0627_2816x1536.png	https://codec-corpus.r2.imazen.org/imazen-26-png-v3/9226-lilith-ai-products/sporting-goods/9866_gen_products-sporting-goods_mummy-sleeping-bag-teal_p0627_2816x1536.sdr.png
9868	train	9226-lilith-ai-products	9226-lilith-ai-products/sporting-goods/9868_gen_products-sporting-goods_rain-shell-jacket_feature_p0629_1024x1536.png	1024	1536	png	1134160	1134160	7c02e274f0fe45e1d6e0b95681eed5534b5ef9f5671d96962ea1f2eec50d0fd2	https://codec-corpus.r2.imazen.org/imazen-26-unprocessed/9226-lilith-ai-products/sporting-goods/9868_gen_products-sporting-goods_rain-shell-jacket_feature_p0629_1024x1536.png	https://codec-corpus.r2.imazen.org/imazen-26-png-v3/9226-lilith-ai-products/sporting-goods/9868_gen_products-sporting-goods_rain-shell-jacket_feature_p0629_1024x1536.sdr.png
9870	train	9226-lilith-ai-products	9226-lilith-ai-products/sporting-goods/9870_gen_products-sporting-goods_ribbed-knit-beanie-mustard_p0631_4096x4096.jpg	4096	4096	jpg	1549499	1549499	b59bfaa997cc1c2e3bad4e3ca1762410900c52fc698bd7fc43c18eb84a7e80b7	https://codec-corpus.r2.imazen.org/imazen-26-unprocessed/9226-lilith-ai-products/sporting-goods/9870_gen_products-sporting-goods_ribbed-knit-beanie-mustard_p0631_4096x4096.jpg	https://codec-corpus.r2.imazen.org/imazen-26-png-v3/9226-lilith-ai-products/sporting-goods/9870_gen_products-sporting-goods_ribbed-knit-beanie-mustard_p0631_4096x4096.sdr.png
9872	train	9226-lilith-ai-products	9226-lilith-ai-products/sporting-goods/9872_gen_products-sporting-goods_ski-helmet-product-electric_p0633_1024x1536.png	1024	1536	png	1040992	1040992	f05d7ace3c3cc82affe3592fdacee08fb2929f303ea3c6ba170dc46411c87e43	https://codec-corpus.r2.imazen.org/imazen-26-unprocessed/9226-lilith-ai-products/sporting-goods/9872_gen_products-sporting-goods_ski-helmet-product-electric_p0633_1024x1536.png	https://codec-corpus.r2.imazen.org/imazen-26-png-v3/9226-lilith-ai-products/sporting-goods/9872_gen_products-sporting-goods_ski-helmet-product-electric_p0633_1024x1536.sdr.png
9874	train	9226-lilith-ai-products	9226-lilith-ai-products/sporting-goods/9874_gen_products-sporting-goods_wrap-sunglasses-orange_p0635_1536x1024.png	1536	1024	png	1248165	1248165	b5e8cfd3e3cfb4ffb194952bd3befa00c036427a2907186937d0fe6a8ef5abb5	https://codec-corpus.r2.imazen.org/imazen-26-unprocessed/9226-lilith-ai-products/sporting-goods/9874_gen_products-sporting-goods_wrap-sunglasses-orange_p0635_1536x1024.png	https://codec-corpus.r2.imazen.org/imazen-26-png-v3/9226-lilith-ai-products/sporting-goods/9874_gen_products-sporting-goods_wrap-sunglasses-orange_p0635_1536x1024.sdr.png
9876	train	9226-lilith-ai-products	9226-lilith-ai-products/sporting-goods/9876_gen_products-sporting-goods_trail-backpack-marigold_p0637_1024x1536.png	1024	1536	png	2063345	2063345	87c1b1179b2bba00c3c179593b7cc38d8ba0b2a0ec91a2772647bf1099c29dbd	https://codec-corpus.r2.imazen.org/imazen-26-unprocessed/9226-lilith-ai-products/sporting-goods/9876_gen_products-sporting-goods_trail-backpack-marigold_p0637_1024x1536.png	https://codec-corpus.r2.imazen.org/imazen-26-png-v3/9226-lilith-ai-products/sporting-goods/9876_gen_products-sporting-goods_trail-backpack-marigold_p0637_1024x1536.sdr.png
9878	train	9226-lilith-ai-products	9226-lilith-ai-products/sporting-goods/9878_gen_products-sporting-goods_water-bottle-tomato-product_p0639_1024x1536.png	1024	1536	png	625125	625125	d234ce9e62c34690f230b90743f3b8bee49ffb717936dc107e89268dbebb3184	https://codec-corpus.r2.imazen.org/imazen-26-unprocessed/9226-lilith-ai-products/sporting-goods/9878_gen_products-sporting-goods_water-bottle-tomato-product_p0639_1024x1536.png	https://codec-corpus.r2.imazen.org/imazen-26-png-v3/9226-lilith-ai-products/sporting-goods/9878_gen_products-sporting-goods_water-bottle-tomato-product_p0639_1024x1536.sdr.png
9880	train	9226-lilith-ai-products	9226-lilith-ai-products/sporting-goods/9880_gen_products-sporting-goods_yoga-mat-jewel-tone_p0641_1536x1024.png	1536	1024	png	2213619	2213619	3a487b6764fb4bea89a5c36f928b09d92bbd0703f25d03dae47d0b09c7448ea5	https://codec-corpus.r2.imazen.org/imazen-26-unprocessed/9226-lilith-ai-products/sporting-goods/9880_gen_products-sporting-goods_yoga-mat-jewel-tone_p0641_1536x1024.png	https://codec-corpus.r2.imazen.org/imazen-26-png-v3/9226-lilith-ai-products/sporting-goods/9880_gen_products-sporting-goods_yoga-mat-jewel-tone_p0641_1536x1024.sdr.png
9882	train	9226-lilith-ai-products	9226-lilith-ai-products/toys/9882_gen_products-toys_baby-wooden-rattle_p0643_1024x1024.png	1024	1024	png	581245	581245	04b7ca72eb11eee1a64099b7c0f697c70b0a4437bf4e287f29e598bd6088594b	https://codec-corpus.r2.imazen.org/imazen-26-unprocessed/9226-lilith-ai-products/toys/9882_gen_products-toys_baby-wooden-rattle_p0643_1024x1024.png	https://codec-corpus.r2.imazen.org/imazen-26-png-v3/9226-lilith-ai-products/toys/9882_gen_products-toys_baby-wooden-rattle_p0643_1024x1024.sdr.png
9884	train	9226-lilith-ai-products	9226-lilith-ai-products/toys/9884_gen_products-toys_board-game-box-strategy_p0645_1024x1024.png	1024	1024	png	1558456	1558456	8f9005d29e09db8cbbbb8ec65a354c0de41f08b63b262adf5bc1ad9e0fda6bc6	https://codec-corpus.r2.imazen.org/imazen-26-unprocessed/9226-lilith-ai-products/toys/9884_gen_products-toys_board-game-box-strategy_p0645_1024x1024.png	https://codec-corpus.r2.imazen.org/imazen-26-png-v3/9226-lilith-ai-products/toys/9884_gen_products-toys_board-game-box-strategy_p0645_1024x1024.sdr.png
9886	train	9226-lilith-ai-products	9226-lilith-ai-products/toys/9886_gen_products-toys_card-game-deck-box_p0647_1024x1536.png	1024	1536	png	1449106	1449106	c7c8e002bf131a0a79f1b208a8ca907d269efa6997d4bf5fbd719a6bb12dc187	https://codec-corpus.r2.imazen.org/imazen-26-unprocessed/9226-lilith-ai-products/toys/9886_gen_products-toys_card-game-deck-box_p0647_1024x1536.png	https://codec-corpus.r2.imazen.org/imazen-26-png-v3/9226-lilith-ai-products/toys/9886_gen_products-toys_card-game-deck-box_p0647_1024x1536.sdr.png
9888	train	9226-lilith-ai-products	9226-lilith-ai-products/toys/9888_gen_products-toys_jigsaw-puzzle-1000-piece_p0649_1536x1024.png	1536	1024	png	2059115	2059115	376d509256df0733d46e4a6978f7c4180eb96d17aaf22d7e478f1cb76052ce18	https://codec-corpus.r2.imazen.org/imazen-26-unprocessed/9226-lilith-ai-products/toys/9888_gen_products-toys_jigsaw-puzzle-1000-piece_p0649_1536x1024.png	https://codec-corpus.r2.imazen.org/imazen-26-png-v3/9226-lilith-ai-products/toys/9888_gen_products-toys_jigsaw-puzzle-1000-piece_p0649_1536x1024.sdr.png
9890	train	9226-lilith-ai-products	9226-lilith-ai-products/toys/9890_gen_products-toys_kids-art-supply-caddy_p0651_1024x1024.png	1024	1024	png	849137	849137	00085171ac4dbc390f22026c6d37d45c5d0e3f0a6cf6056f81a2141a3c40cb62	https://codec-corpus.r2.imazen.org/imazen-26-unprocessed/9226-lilith-ai-products/toys/9890_gen_products-toys_kids-art-supply-caddy_p0651_1024x1024.png	https://codec-corpus.r2.imazen.org/imazen-26-png-v3/9226-lilith-ai-products/toys/9890_gen_products-toys_kids-art-supply-caddy_p0651_1024x1024.sdr.png
9892	train	9226-lilith-ai-products	9226-lilith-ai-products/toys/9892_gen_products-toys_kids-soccer-ball_p0653_1024x1024.png	1024	1024	png	809796	809796	b911addf78c4e4ec9fef5aa157bd74818e62c84554bcdce7c6ac89a731477e83	https://codec-corpus.r2.imazen.org/imazen-26-unprocessed/9226-lilith-ai-products/toys/9892_gen_products-toys_kids-soccer-ball_p0653_1024x1024.png	https://codec-corpus.r2.imazen.org/imazen-26-png-v3/9226-lilith-ai-products/toys/9892_gen_products-toys_kids-soccer-ball_p0653_1024x1024.sdr.png
9894	train	9226-lilith-ai-products	9226-lilith-ai-products/toys/9894_gen_products-toys_kids-three-wheel-scooter_p0655_1024x1536.png	1024	1536	png	521066	521066	6067d3d7971869aaa8cdbec26fd28f923d1dc99d5644e0c6926005b2f8e251bd	https://codec-corpus.r2.imazen.org/imazen-26-unprocessed/9226-lilith-ai-products/toys/9894_gen_products-toys_kids-three-wheel-scooter_p0655_1024x1536.png	https://codec-corpus.r2.imazen.org/imazen-26-png-v3/9226-lilith-ai-products/toys/9894_gen_products-toys_kids-three-wheel-scooter_p0655_1024x1536.sdr.png
9896	train	9226-lilith-ai-products	9226-lilith-ai-products/toys/9896_gen_products-toys_modeling-clay-set-box_p0657_1536x1024.png	1536	1024	png	1484159	1484159	e911a5074f40a37254e73647789d6d6bf261c9c401a0f3100eabeea230f64161	https://codec-corpus.r2.imazen.org/imazen-26-unprocessed/9226-lilith-ai-products/toys/9896_gen_products-toys_modeling-clay-set-box_p0657_1536x1024.png	https://codec-corpus.r2.imazen.org/imazen-26-png-v3/9226-lilith-ai-products/toys/9896_gen_products-toys_modeling-clay-set-box_p0657_1536x1024.sdr.png
9898	train	9226-lilith-ai-products	9226-lilith-ai-products/toys/9898_gen_products-toys_plush-teddy-bear_p0659_1024x1536.png	1024	1536	png	1791367	1791367	98610f6188354fff148717c026c79aba4427a318b7d28bb68921ef1bfb8e584a	https://codec-corpus.r2.imazen.org/imazen-26-unprocessed/9226-lilith-ai-products/toys/9898_gen_products-toys_plush-teddy-bear_p0659_1024x1536.png	https://codec-corpus.r2.imazen.org/imazen-26-png-v3/9226-lilith-ai-products/toys/9898_gen_products-toys_plush-teddy-bear_p0659_1024x1536.sdr.png
9900	train	9226-lilith-ai-products	9226-lilith-ai-products/toys/9900_gen_products-toys_sand-toy-bucket-set_p0661_1024x1024.png	1024	1024	png	697111	697111	cb4fa66f63d1227048537c6705f1da9c9e970231fdadffd0a126a0f8035cce97	https://codec-corpus.r2.imazen.org/imazen-26-unprocessed/9226-lilith-ai-products/toys/9900_gen_products-toys_sand-toy-bucket-set_p0661_1024x1024.png	https://codec-corpus.r2.imazen.org/imazen-26-png-v3/9226-lilith-ai-products/toys/9900_gen_products-toys_sand-toy-bucket-set_p0661_1024x1024.sdr.png
9902	train	9226-lilith-ai-products	9226-lilith-ai-products/toys/9902_gen_products-toys_wooden-dollhouse_p0663_1024x1536.png	1024	1536	png	1384251	1384251	7b692c3ce4d97597b616253d69733d0733c1d87dbed3289840d7aac50840d291	https://codec-corpus.r2.imazen.org/imazen-26-unprocessed/9226-lilith-ai-products/toys/9902_gen_products-toys_wooden-dollhouse_p0663_1024x1536.png	https://codec-corpus.r2.imazen.org/imazen-26-png-v3/9226-lilith-ai-products/toys/9902_gen_products-toys_wooden-dollhouse_p0663_1024x1536.sdr.png
9904	train	9226-lilith-ai-products	9226-lilith-ai-products/toys/9904_gen_products-toys_wooden-toddler-tricycle_p0665_1024x1536.png	1024	1536	png	933787	933787	89bf3ce96ab1598dc5fc3c4e6c186611eeaa9eba9772e27cbc598dbb0e06e990	https://codec-corpus.r2.imazen.org/imazen-26-unprocessed/9226-lilith-ai-products/toys/9904_gen_products-toys_wooden-toddler-tricycle_p0665_1024x1536.png	https://codec-corpus.r2.imazen.org/imazen-26-png-v3/9226-lilith-ai-products/toys/9904_gen_products-toys_wooden-toddler-tricycle_p0665_1024x1536.sdr.png
9906	train	9226-lilith-ai-products	9226-lilith-ai-products/whitelabeled-beauty/9906_gen_products-whitelabeled-beauty_amber-face-oil-dropper_p0667_1024x1536.png	1024	1536	png	495964	495964	2d653052444d91ae416dfc9e589e29cc93fd485cac80c74d36fe9b8c9fba6119	https://codec-corpus.r2.imazen.org/imazen-26-unprocessed/9226-lilith-ai-products/whitelabeled-beauty/9906_gen_products-whitelabeled-beauty_amber-face-oil-dropper_p0667_1024x1536.png	https://codec-corpus.r2.imazen.org/imazen-26-png-v3/9226-lilith-ai-products/whitelabeled-beauty/9906_gen_products-whitelabeled-beauty_amber-face-oil-dropper_p0667_1024x1536.sdr.png
9908	train	9226-lilith-ai-products	9226-lilith-ai-products/whitelabeled-beauty/9908_gen_products-whitelabeled-beauty_amber-serum-bottle-skincare_p0669_1024x1536.png	1024	1536	png	519573	519573	da798cb416ae157359878fb7a85a7a52e2a5b8c1ce20a52474e533f2bb7c2783	https://codec-corpus.r2.imazen.org/imazen-26-unprocessed/9226-lilith-ai-products/whitelabeled-beauty/9908_gen_products-whitelabeled-beauty_amber-serum-bottle-skincare_p0669_1024x1536.png	https://codec-corpus.r2.imazen.org/imazen-26-png-v3/9226-lilith-ai-products/whitelabeled-beauty/9908_gen_products-whitelabeled-beauty_amber-serum-bottle-skincare_p0669_1024x1536.sdr.png
9910	train	9226-lilith-ai-products	9226-lilith-ai-products/whitelabeled-beauty/9910_gen_products-whitelabeled-beauty_blush-cleanser-pump-bottle_p0671_1024x1536.png	1024	1536	png	541203	541203	747c50fe5963282eddb3100ce7b1ce75574028c00be9ec708099712a9aa58039	https://codec-corpus.r2.imazen.org/imazen-26-unprocessed/9226-lilith-ai-products/whitelabeled-beauty/9910_gen_products-whitelabeled-beauty_blush-cleanser-pump-bottle_p0671_1024x1536.png	https://codec-corpus.r2.imazen.org/imazen-26-png-v3/9226-lilith-ai-products/whitelabeled-beauty/9910_gen_products-whitelabeled-beauty_blush-cleanser-pump-bottle_p0671_1024x1536.sdr.png
9912	train	9226-lilith-ai-products	9226-lilith-ai-products/whitelabeled-beauty/9912_gen_products-whitelabeled-beauty_blush-powder-compact_p0673_1024x1024.png	1024	1024	png	625047	625047	d4be50dfafc55db49af7e44d725f950f6c3e6fe4bc60dc8af2cdcb0df63c5b6a	https://codec-corpus.r2.imazen.org/imazen-26-unprocessed/9226-lilith-ai-products/whitelabeled-beauty/9912_gen_products-whitelabeled-beauty_blush-powder-compact_p0673_1024x1024.png	https://codec-corpus.r2.imazen.org/imazen-26-png-v3/9226-lilith-ai-products/whitelabeled-beauty/9912_gen_products-whitelabeled-beauty_blush-powder-compact_p0673_1024x1024.sdr.png
9914	train	9226-lilith-ai-products	9226-lilith-ai-products/whitelabeled-beauty/9914_gen_products-whitelabeled-beauty_cleansing-balm-jar_p0675_1024x1024.png	1024	1024	png	441869	441869	4186880523af5b8811957abeebf3271b1d4a490b080d87e425c8a72509afa575	https://codec-corpus.r2.imazen.org/imazen-26-unprocessed/9226-lilith-ai-products/whitelabeled-beauty/9914_gen_products-whitelabeled-beauty_cleansing-balm-jar_p0675_1024x1024.png	https://codec-corpus.r2.imazen.org/imazen-26-png-v3/9226-lilith-ai-products/whitelabeled-beauty/9914_gen_products-whitelabeled-beauty_cleansing-balm-jar_p0675_1024x1024.sdr.png
9916	train	9226-lilith-ai-products	9226-lilith-ai-products/whitelabeled-beauty/9916_gen_products-whitelabeled-beauty_concealer-wand-tube_p0677_1024x1536.png	1024	1536	png	415983	415983	83a062107a1deb893c6c27dbf869e5b307445cdab17621c9ad7caee3005939fd	https://codec-corpus.r2.imazen.org/imazen-26-unprocessed/9226-lilith-ai-products/whitelabeled-beauty/9916_gen_products-whitelabeled-beauty_concealer-wand-tube_p0677_1024x1536.png	https://codec-corpus.r2.imazen.org/imazen-26-png-v3/9226-lilith-ai-products/whitelabeled-beauty/9916_gen_products-whitelabeled-beauty_concealer-wand-tube_p0677_1024x1536.sdr.png
9918	train	9226-lilith-ai-products	9226-lilith-ai-products/whitelabeled-beauty/9918_gen_products-whitelabeled-beauty_coral-lipstick-tube_p0679_1024x1536.png	1024	1536	png	400313	400313	f776de020fce6f6734ef03be524d1b489ab7d5ae63cd493aebbde304953bcd02	https://codec-corpus.r2.imazen.org/imazen-26-unprocessed/9226-lilith-ai-products/whitelabeled-beauty/9918_gen_products-whitelabeled-beauty_coral-lipstick-tube_p0679_1024x1536.png	https://codec-corpus.r2.imazen.org/imazen-26-png-v3/9226-lilith-ai-products/whitelabeled-beauty/9918_gen_products-whitelabeled-beauty_coral-lipstick-tube_p0679_1024x1536.sdr.png
9920	train	9226-lilith-ai-products	9226-lilith-ai-products/whitelabeled-beauty/9920_gen_products-whitelabeled-beauty_facial-oil-amber_p0681_2048x2048.png	2048	2048	png	3391258	3391258	0289f1f62a3667f176bf2af538c2d55dd45d8a801b13c1b13ed67d258539f6db	https://codec-corpus.r2.imazen.org/imazen-26-unprocessed/9226-lilith-ai-products/whitelabeled-beauty/9920_gen_products-whitelabeled-beauty_facial-oil-amber_p0681_2048x2048.png	https://codec-corpus.r2.imazen.org/imazen-26-png-v3/9226-lilith-ai-products/whitelabeled-beauty/9920_gen_products-whitelabeled-beauty_facial-oil-amber_p0681_2048x2048.sdr.png
9922	train	9226-lilith-ai-products	9226-lilith-ai-products/whitelabeled-beauty/9922_gen_products-whitelabeled-beauty_frosted-eye-cream-jar_p0683_1024x1024.png	1024	1024	png	387300	387300	4842fed7706bb0b1e307973f373a076acc4c64aa9c4e8952e65dd2686fc37c5e	https://codec-corpus.r2.imazen.org/imazen-26-unprocessed/9226-lilith-ai-products/whitelabeled-beauty/9922_gen_products-whitelabeled-beauty_frosted-eye-cream-jar_p0683_1024x1024.png	https://codec-corpus.r2.imazen.org/imazen-26-png-v3/9226-lilith-ai-products/whitelabeled-beauty/9922_gen_products-whitelabeled-beauty_frosted-eye-cream-jar_p0683_1024x1024.sdr.png
9924	train	9226-lilith-ai-products	9226-lilith-ai-products/whitelabeled-beauty/9924_gen_products-whitelabeled-beauty_highlighter-stick-tube_p0685_1024x1536.png	1024	1536	png	417585	417585	0abca9e2260ad9985d05505a3dbb11340b9512272e334da23de9b44e898b34f8	https://codec-corpus.r2.imazen.org/imazen-26-unprocessed/9226-lilith-ai-products/whitelabeled-beauty/9924_gen_products-whitelabeled-beauty_highlighter-stick-tube_p0685_1024x1536.png	https://codec-corpus.r2.imazen.org/imazen-26-png-v3/9226-lilith-ai-products/whitelabeled-beauty/9924_gen_products-whitelabeled-beauty_highlighter-stick-tube_p0685_1024x1536.sdr.png
9926	train	9226-lilith-ai-products	9226-lilith-ai-products/whitelabeled-beauty/9926_gen_products-whitelabeled-beauty_moisturizer-jar-sage_p0687_2048x2048.png	2048	2048	png	4360867	4360867	f6cae116c15ad4088c781664291004055ceb74f0565538f13cec20b50d77a646	https://codec-corpus.r2.imazen.org/imazen-26-unprocessed/9226-lilith-ai-products/whitelabeled-beauty/9926_gen_products-whitelabeled-beauty_moisturizer-jar-sage_p0687_2048x2048.png	https://codec-corpus.r2.imazen.org/imazen-26-png-v3/9226-lilith-ai-products/whitelabeled-beauty/9926_gen_products-whitelabeled-beauty_moisturizer-jar-sage_p0687_2048x2048.sdr.png
9928	train	9226-lilith-ai-products	9226-lilith-ai-products/whitelabeled-beauty/9928_gen_products-whitelabeled-beauty_perfume-bottle-amber-glass_p0689_1024x1536.png	1024	1536	png	785496	785496	d27d5de9d7e404c55f9a7d91d0f5ffbe3916ccdc598d4a873a88d7f4fe40bbfa	https://codec-corpus.r2.imazen.org/imazen-26-unprocessed/9226-lilith-ai-products/whitelabeled-beauty/9928_gen_products-whitelabeled-beauty_perfume-bottle-amber-glass_p0689_1024x1536.png	https://codec-corpus.r2.imazen.org/imazen-26-png-v3/9226-lilith-ai-products/whitelabeled-beauty/9928_gen_products-whitelabeled-beauty_perfume-bottle-amber-glass_p0689_1024x1536.sdr.png
9930	train	9226-lilith-ai-products	9226-lilith-ai-products/whitelabeled-beauty/9930_gen_products-whitelabeled-beauty_serum-dropper-blush_p0691_2880x2880.png	2880	2880	png	2126277	2126277	a49d23232ccfa85c289f66ac5f24e5a37b2cda8f87eddb9df704aa139edb42cb	https://codec-corpus.r2.imazen.org/imazen-26-unprocessed/9226-lilith-ai-products/whitelabeled-beauty/9930_gen_products-whitelabeled-beauty_serum-dropper-blush_p0691_2880x2880.png	https://codec-corpus.r2.imazen.org/imazen-26-png-v3/9226-lilith-ai-products/whitelabeled-beauty/9930_gen_products-whitelabeled-beauty_serum-dropper-blush_p0691_2880x2880.sdr.png
9932	train	9226-lilith-ai-products	9226-lilith-ai-products/whitelabeled-beauty/9932_gen_products-whitelabeled-beauty_serum-dropper-blush_feature_p0691_3840x2160.png	3840	2160	png	1511155	1511155	05df877dccb135355acb9a8faac9c2f76e85b5145866e2bad391ce921dbb71e7	https://codec-corpus.r2.imazen.org/imazen-26-unprocessed/9226-lilith-ai-products/whitelabeled-beauty/9932_gen_products-whitelabeled-beauty_serum-dropper-blush_feature_p0691_3840x2160.png	https://codec-corpus.r2.imazen.org/imazen-26-png-v3/9226-lilith-ai-products/whitelabeled-beauty/9932_gen_products-whitelabeled-beauty_serum-dropper-blush_feature_p0691_3840x2160.sdr.png
9934	train	9226-lilith-ai-products	9226-lilith-ai-products/whitelabeled-beauty/9934_gen_products-whitelabeled-beauty_shampoo-pump-bottle_p0692_1024x1536.png	1024	1536	png	552184	552184	5d3d6db06751886aa3d48bbd736a569d32ede00620f820f55687e4999c26d202	https://codec-corpus.r2.imazen.org/imazen-26-unprocessed/9226-lilith-ai-products/whitelabeled-beauty/9934_gen_products-whitelabeled-beauty_shampoo-pump-bottle_p0692_1024x1536.png	https://codec-corpus.r2.imazen.org/imazen-26-png-v3/9226-lilith-ai-products/whitelabeled-beauty/9934_gen_products-whitelabeled-beauty_shampoo-pump-bottle_p0692_1024x1536.sdr.png
9936	train	9226-lilith-ai-products	9226-lilith-ai-products/whitelabeled-beauty/9936_gen_products-whitelabeled-beauty_sunscreen-tube-yellow_p0694_2048x2048.png	2048	2048	png	3769115	3769115	699115d851414de065cb0df456af29c2daac469d53210ea032022e36188c9fde	https://codec-corpus.r2.imazen.org/imazen-26-unprocessed/9226-lilith-ai-products/whitelabeled-beauty/9936_gen_products-whitelabeled-beauty_sunscreen-tube-yellow_p0694_2048x2048.png	https://codec-corpus.r2.imazen.org/imazen-26-png-v3/9226-lilith-ai-products/whitelabeled-beauty/9936_gen_products-whitelabeled-beauty_sunscreen-tube-yellow_p0694_2048x2048.sdr.png
9938	train	9226-lilith-ai-products	9226-lilith-ai-products/whitelabeled-beauty/9938_gen_products-whitelabeled-beauty_vitamin-c-serum-bottle_p0696_1024x1536.png	1024	1536	png	554108	554108	edde34f5af3c385b8c70a9458dcedc7b950c8421aaf02043b1d69f8be113b118	https://codec-corpus.r2.imazen.org/imazen-26-unprocessed/9226-lilith-ai-products/whitelabeled-beauty/9938_gen_products-whitelabeled-beauty_vitamin-c-serum-bottle_p0696_1024x1536.png	https://codec-corpus.r2.imazen.org/imazen-26-png-v3/9226-lilith-ai-products/whitelabeled-beauty/9938_gen_products-whitelabeled-beauty_vitamin-c-serum-bottle_p0696_1024x1536.sdr.png
9940	train	9226-lilith-ai-products	9226-lilith-ai-products/whitelabeled-beauty/9940_gen_products-whitelabeled-beauty_sunscreen-tube_p0698_1024x1536.png	1024	1536	png	508358	508358	8840a35c8ef68696e01f93e2527ddbaf92c647910054be81a8d5cf53585f6a1f	https://codec-corpus.r2.imazen.org/imazen-26-unprocessed/9226-lilith-ai-products/whitelabeled-beauty/9940_gen_products-whitelabeled-beauty_sunscreen-tube_p0698_1024x1536.png	https://codec-corpus.r2.imazen.org/imazen-26-png-v3/9226-lilith-ai-products/whitelabeled-beauty/9940_gen_products-whitelabeled-beauty_sunscreen-tube_p0698_1024x1536.sdr.png
9942	train	9226-lilith-ai-products	9226-lilith-ai-products/whitelabeled-beverages/9942_gen_products-whitelabeled-beverages_beverage-beer-bottle-amber_p0700_1024x1536.png	1024	1536	png	488928	488928	2964dc9d7fa4c854d9bd4d3b5245e0b34cc47aa127d049a683a989290f7e8016	https://codec-corpus.r2.imazen.org/imazen-26-unprocessed/9226-lilith-ai-products/whitelabeled-beverages/9942_gen_products-whitelabeled-beverages_beverage-beer-bottle-amber_p0700_1024x1536.png	https://codec-corpus.r2.imazen.org/imazen-26-png-v3/9226-lilith-ai-products/whitelabeled-beverages/9942_gen_products-whitelabeled-beverages_beverage-beer-bottle-amber_p0700_1024x1536.sdr.png
9944	train	9226-lilith-ai-products	9226-lilith-ai-products/whitelabeled-beverages/9944_gen_products-whitelabeled-beverages_beverage-canned-coffee-latte_p0702_1024x1536.png	1024	1536	png	613699	613699	e9e43330aba28aea4d1d08348a7afb023d53a8147311dff24a18bee2f452b605	https://codec-corpus.r2.imazen.org/imazen-26-unprocessed/9226-lilith-ai-products/whitelabeled-beverages/9944_gen_products-whitelabeled-beverages_beverage-canned-coffee-latte_p0702_1024x1536.png	https://codec-corpus.r2.imazen.org/imazen-26-png-v3/9226-lilith-ai-products/whitelabeled-beverages/9944_gen_products-whitelabeled-beverages_beverage-canned-coffee-latte_p0702_1024x1536.sdr.png
9946	train	9226-lilith-ai-products	9226-lilith-ai-products/whitelabeled-beverages/9946_gen_products-whitelabeled-beverages_beverage-electrolyte-drink-bottle_p0704_1024x1536.png	1024	1536	png	683853	683853	d1c50274a47dd75857fe80d222168e743daa95fbfb3594d97bc31c7e549f88b1	https://codec-corpus.r2.imazen.org/imazen-26-unprocessed/9226-lilith-ai-products/whitelabeled-beverages/9946_gen_products-whitelabeled-beverages_beverage-electrolyte-drink-bottle_p0704_1024x1536.png	https://codec-corpus.r2.imazen.org/imazen-26-png-v3/9226-lilith-ai-products/whitelabeled-beverages/9946_gen_products-whitelabeled-beverages_beverage-electrolyte-drink-bottle_p0704_1024x1536.sdr.png
9948	train	9226-lilith-ai-products	9226-lilith-ai-products/whitelabeled-beverages/9948_gen_products-whitelabeled-beverages_beverage-ginger-beer-bottle_p0706_1024x1536.png	1024	1536	png	579850	579850	8cf9efb5a5a1d9f5b4d3bc1bb9d3f915f3dc22fd43f411c48826f383706157c3	https://codec-corpus.r2.imazen.org/imazen-26-unprocessed/9226-lilith-ai-products/whitelabeled-beverages/9948_gen_products-whitelabeled-beverages_beverage-ginger-beer-bottle_p0706_1024x1536.png	https://codec-corpus.r2.imazen.org/imazen-26-png-v3/9226-lilith-ai-products/whitelabeled-beverages/9948_gen_products-whitelabeled-beverages_beverage-ginger-beer-bottle_p0706_1024x1536.sdr.png
9950	train	9226-lilith-ai-products	9226-lilith-ai-products/whitelabeled-beverages/9950_gen_products-whitelabeled-beverages_beverage-iced-tea-bottle_p0708_1024x1536.png	1024	1536	png	704990	704990	0417a93cc26d1de05646b3ea58603d0c0ca26b181b4b7d6d702a9893ce70741f	https://codec-corpus.r2.imazen.org/imazen-26-unprocessed/9226-lilith-ai-products/whitelabeled-beverages/9950_gen_products-whitelabeled-beverages_beverage-iced-tea-bottle_p0708_1024x1536.png	https://codec-corpus.r2.imazen.org/imazen-26-png-v3/9226-lilith-ai-products/whitelabeled-beverages/9950_gen_products-whitelabeled-beverages_beverage-iced-tea-bottle_p0708_1024x1536.sdr.png
9952	train	9226-lilith-ai-products	9226-lilith-ai-products/whitelabeled-beverages/9952_gen_products-whitelabeled-beverages_beverage-kombucha-bottle_p0710_1024x1536.png	1024	1536	png	847674	847674	b23912b6244252a81fd2fa5005ac4d94abdfaf3532b401a16d114eb599e74ebe	https://codec-corpus.r2.imazen.org/imazen-26-unprocessed/9226-lilith-ai-products/whitelabeled-beverages/9952_gen_products-whitelabeled-beverages_beverage-kombucha-bottle_p0710_1024x1536.png	https://codec-corpus.r2.imazen.org/imazen-26-png-v3/9226-lilith-ai-products/whitelabeled-beverages/9952_gen_products-whitelabeled-beverages_beverage-kombucha-bottle_p0710_1024x1536.sdr.png
9954	train	9226-lilith-ai-products	9226-lilith-ai-products/whitelabeled-beverages/9954_gen_products-whitelabeled-beverages_beverage-mixer-can_p0712_1024x1536.png	1024	1536	png	695063	695063	d798cab397119d471b61dfcea14dd4061cc4435a36382549894e6984fc6d89a7	https://codec-corpus.r2.imazen.org/imazen-26-unprocessed/9226-lilith-ai-products/whitelabeled-beverages/9954_gen_products-whitelabeled-beverages_beverage-mixer-can_p0712_1024x1536.png	https://codec-corpus.r2.imazen.org/imazen-26-png-v3/9226-lilith-ai-products/whitelabeled-beverages/9954_gen_products-whitelabeled-beverages_beverage-mixer-can_p0712_1024x1536.sdr.png
9956	train	9226-lilith-ai-products	9226-lilith-ai-products/whitelabeled-beverages/9956_gen_products-whitelabeled-beverages_beverage-plant-milk-carton_p0714_1024x1536.png	1024	1536	png	718239	718239	bec450536977bc8b157f1598b0a0c8e4c6061947517cea3b0fe378957fe25343	https://codec-corpus.r2.imazen.org/imazen-26-unprocessed/9226-lilith-ai-products/whitelabeled-beverages/9956_gen_products-whitelabeled-beverages_beverage-plant-milk-carton_p0714_1024x1536.png	https://codec-corpus.r2.imazen.org/imazen-26-png-v3/9226-lilith-ai-products/whitelabeled-beverages/9956_gen_products-whitelabeled-beverages_beverage-plant-milk-carton_p0714_1024x1536.sdr.png
9958	train	9226-lilith-ai-products	9226-lilith-ai-products/whitelabeled-beverages/9958_gen_products-whitelabeled-beverages_beverage-smoothie-bottle_p0716_1024x1536.png	1024	1536	png	835563	835563	e852046914af5ee3eebe999b00bcbd6d6dc2ba353754b9a1686c11ba1db4a609	https://codec-corpus.r2.imazen.org/imazen-26-unprocessed/9226-lilith-ai-products/whitelabeled-beverages/9958_gen_products-whitelabeled-beverages_beverage-smoothie-bottle_p0716_1024x1536.png	https://codec-corpus.r2.imazen.org/imazen-26-png-v3/9226-lilith-ai-products/whitelabeled-beverages/9958_gen_products-whitelabeled-beverages_beverage-smoothie-bottle_p0716_1024x1536.sdr.png
9960	train	9226-lilith-ai-products	9226-lilith-ai-products/whitelabeled-beverages/9960_gen_products-whitelabeled-beverages_beverage-sparkling-water-can_p0718_1024x1536.png	1024	1536	png	639384	639384	251b0179c7e388729416bb788e219db0a0a32da96366640b458dbd1946b6ddf9	https://codec-corpus.r2.imazen.org/imazen-26-unprocessed/9226-lilith-ai-products/whitelabeled-beverages/9960_gen_products-whitelabeled-beverages_beverage-sparkling-water-can_p0718_1024x1536.png	https://codec-corpus.r2.imazen.org/imazen-26-png-v3/9226-lilith-ai-products/whitelabeled-beverages/9960_gen_products-whitelabeled-beverages_beverage-sparkling-water-can_p0718_1024x1536.sdr.png
9962	train	9226-lilith-ai-products	9226-lilith-ai-products/whitelabeled-beverages/9962_gen_products-whitelabeled-beverages_beverage-spring-water-bottle_p0720_1024x1536.png	1024	1536	png	559660	559660	4038e0f0b2dfb2d1d13a0d34ded75f38f562f731c0b47c344005018cd3aa15dc	https://codec-corpus.r2.imazen.org/imazen-26-unprocessed/9226-lilith-ai-products/whitelabeled-beverages/9962_gen_products-whitelabeled-beverages_beverage-spring-water-bottle_p0720_1024x1536.png	https://codec-corpus.r2.imazen.org/imazen-26-png-v3/9226-lilith-ai-products/whitelabeled-beverages/9962_gen_products-whitelabeled-beverages_beverage-spring-water-bottle_p0720_1024x1536.sdr.png
9964	train	9226-lilith-ai-products	9226-lilith-ai-products/whitelabeled-beverages/9964_gen_products-whitelabeled-beverages_beverage-wine-bottle-red_p0722_1024x1536.png	1024	1536	png	537467	537467	af6eb03ccb7663b2d6108c397b4e70af79822c398e841e4a4db25da6df3d8b92	https://codec-corpus.r2.imazen.org/imazen-26-unprocessed/9226-lilith-ai-products/whitelabeled-beverages/9964_gen_products-whitelabeled-beverages_beverage-wine-bottle-red_p0722_1024x1536.png	https://codec-corpus.r2.imazen.org/imazen-26-png-v3/9226-lilith-ai-products/whitelabeled-beverages/9964_gen_products-whitelabeled-beverages_beverage-wine-bottle-red_p0722_1024x1536.sdr.png
9966	train	9226-lilith-ai-products	9226-lilith-ai-products/products-with-callouts/9966_gen_products-with-callouts_cherry-red-short-set_spec_p0225_3840x2160.png	3840	2160	png	2280798	2280798	dffc39913b347b552b74531d753a13d5b5b0310bb80a9399feb55ac38f336a17	https://codec-corpus.r2.imazen.org/imazen-26-unprocessed/9226-lilith-ai-products/products-with-callouts/9966_gen_products-with-callouts_cherry-red-short-set_spec_p0225_3840x2160.png	https://codec-corpus.r2.imazen.org/imazen-26-png-v3/9226-lilith-ai-products/products-with-callouts/9966_gen_products-with-callouts_cherry-red-short-set_spec_p0225_3840x2160.sdr.png
9968	train	9226-lilith-ai-products	9226-lilith-ai-products/products-with-callouts/9968_gen_products-with-callouts_mens-waterproof-hiking-boots-brown_feature_p0422_5504x3072.jpg	5504	3072	jpg	911717	911717	bfe25264de3370fd3c81f9f442076f3b0114810a8932b33aa71f5e120a8dfe8a	https://codec-corpus.r2.imazen.org/imazen-26-unprocessed/9226-lilith-ai-products/products-with-callouts/9968_gen_products-with-callouts_mens-waterproof-hiking-boots-brown_feature_p0422_5504x3072.jpg	https://codec-corpus.r2.imazen.org/imazen-26-png-v3/9226-lilith-ai-products/products-with-callouts/9968_gen_products-with-callouts_mens-waterproof-hiking-boots-brown_feature_p0422_5504x3072.sdr.png
9970	train	9226-lilith-ai-products	9226-lilith-ai-products/products-with-callouts/9970_gen_products-with-callouts_sculpt-leggings_feature_p0227_2160x3840.png	2160	3840	png	3476333	3476333	b26739f0748b320a81e76b3443831379d36b911277e1864571629b9d3f2fc704	https://codec-corpus.r2.imazen.org/imazen-26-unprocessed/9226-lilith-ai-products/products-with-callouts/9970_gen_products-with-callouts_sculpt-leggings_feature_p0227_2160x3840.png	https://codec-corpus.r2.imazen.org/imazen-26-png-v3/9226-lilith-ai-products/products-with-callouts/9970_gen_products-with-callouts_sculpt-leggings_feature_p0227_2160x3840.sdr.png
9972	train	9226-lilith-ai-products	9226-lilith-ai-products/products-with-callouts/9972_gen_products-with-callouts_serum-dropper-blush_feature_p0691_5504x3072.jpg	5504	3072	jpg	632733	632733	89ef5470a42f4ed9d3b78b46b991a2a6b0c214bfe09359a531509d74535254d7	https://codec-corpus.r2.imazen.org/imazen-26-unprocessed/9226-lilith-ai-products/products-with-callouts/9972_gen_products-with-callouts_serum-dropper-blush_feature_p0691_5504x3072.jpg	https://codec-corpus.r2.imazen.org/imazen-26-png-v3/9226-lilith-ai-products/products-with-callouts/9972_gen_products-with-callouts_serum-dropper-blush_feature_p0691_5504x3072.sdr.png
9974	train	9226-lilith-ai-products	9226-lilith-ai-products/products-with-callouts/9974_gen_products-with-callouts_spec-sneaker-cutaway_spec_p0724_1536x1024.png	1536	1024	png	1188328	1188328	d805e09836c609068f872a176165e272c71bcf7b774145692a35fcc2bd76af23	https://codec-corpus.r2.imazen.org/imazen-26-unprocessed/9226-lilith-ai-products/products-with-callouts/9974_gen_products-with-callouts_spec-sneaker-cutaway_spec_p0724_1536x1024.png	https://codec-corpus.r2.imazen.org/imazen-26-png-v3/9226-lilith-ai-products/products-with-callouts/9974_gen_products-with-callouts_spec-sneaker-cutaway_spec_p0724_1536x1024.sdr.png
