filename	number	category	descriptor	width	height	format	bytes	original_filename	source	license
accessories/9226_gen_products-accessories_amethyst-slouchy-shoulder-bag_p0001_2160x3840.png	9226	products	gen_products-accessories_amethyst-slouchy-shoulder-bag_p0001	2160	3840	png	6818970	9226_gen_products-accessories_amethyst-slouchy-shoulder-bag_p0001_2160x3840.png	lilith-ai	PD-own
accessories/9227_gen_products-accessories_bucket-hat-checkerboard_p0002_1024x1536.png	9227	products	gen_products-accessories_bucket-hat-checkerboard_p0002	1024	1536	png	1207009	9227_gen_products-accessories_bucket-hat-checkerboard_p0002_1024x1536.png	lilith-ai	PD-own
accessories/9228_gen_products-accessories_cateye-sunglasses_p0003_3840x2160.png	9228	products	gen_products-accessories_cateye-sunglasses_p0003	3840	2160	png	3476793	9228_gen_products-accessories_cateye-sunglasses_p0003_3840x2160.png	lilith-ai	PD-own
accessories/9229_gen_products-accessories_chunky-gold-statement-necklace_p0004_2880x2880.png	9229	products	gen_products-accessories_chunky-gold-statement-necklace_p0004	2880	2880	png	7013061	9229_gen_products-accessories_chunky-gold-statement-necklace_p0004_2880x2880.png	lilith-ai	PD-own
accessories/9230_gen_products-accessories_chunky-resin-bangle-stack_p0005_1024x1024.png	9230	products	gen_products-accessories_chunky-resin-bangle-stack_p0005	1024	1024	png	982493	9230_gen_products-accessories_chunky-resin-bangle-stack_p0005_1024x1024.png	lilith-ai	PD-own
accessories/9231_gen_products-accessories_cognac-crossbody_p0006_1024x1536.png	9231	products	gen_products-accessories_cognac-crossbody_p0006	1024	1536	png	1826645	9231_gen_products-accessories_cognac-crossbody_p0006_1024x1536.png	lilith-ai	PD-own
accessories/9232_gen_products-accessories_cognac-crossbody_detail_p0006_3840x2160.png	9232	products	gen_products-accessories_cognac-crossbody_detail_p0006	3840	2160	png	12539167	9232_gen_products-accessories_cognac-crossbody_detail_p0006_3840x2160.png	lilith-ai	PD-own
accessories/9233_gen_products-accessories_enamel-pin-set-product_p0007_1024x1024.png	9233	products	gen_products-accessories_enamel-pin-set-product_p0007	1024	1024	png	746232	9233_gen_products-accessories_enamel-pin-set-product_p0007_1024x1024.png	lilith-ai	PD-own
accessories/9234_gen_products-accessories_fuchsia-shoulder-bag_p0008_2160x3840.png	9234	products	gen_products-accessories_fuchsia-shoulder-bag_p0008	2160	3840	png	5861714	9234_gen_products-accessories_fuchsia-shoulder-bag_p0008_2160x3840.png	lilith-ai	PD-own
accessories/9235_gen_products-accessories_kelly-green-mini-tote_p0009_1024x1536.png	9235	products	gen_products-accessories_kelly-green-mini-tote_p0009	1024	1536	png	2090831	9235_gen_products-accessories_kelly-green-mini-tote_p0009_1024x1536.png	lilith-ai	PD-own
accessories/9236_gen_products-accessories_knit-beanie-strawberry_p0010_1024x1536.png	9236	products	gen_products-accessories_knit-beanie-strawberry_p0010	1024	1536	png	1408178	9236_gen_products-accessories_knit-beanie-strawberry_p0010_1024x1536.png	lilith-ai	PD-own
accessories/9237_gen_products-accessories_marigold-statement-belt_p0011_3840x2160.png	9237	products	gen_products-accessories_marigold-statement-belt_p0011	3840	2160	png	3789405	9237_gen_products-accessories_marigold-statement-belt_p0011_3840x2160.png	lilith-ai	PD-own
accessories/9238_gen_products-accessories_merch-canvas-tote_p0012_1152x2048.png	9238	products	gen_products-accessories_merch-canvas-tote_p0012	1152	2048	png	2226196	9238_gen_products-accessories_merch-canvas-tote_p0012_1152x2048.png	lilith-ai	PD-own
accessories/9239_gen_products-accessories_merch-enamel-pins_flat_p0013_2048x1152.png	9239	products	gen_products-accessories_merch-enamel-pins_flat_p0013	2048	1152	png	809995	9239_gen_products-accessories_merch-enamel-pins_flat_p0013_2048x1152.png	lilith-ai	PD-own
accessories/9240_gen_products-accessories_merch-sticker-sheet_flat_p0014_2048x2048.png	9240	products	gen_products-accessories_merch-sticker-sheet_flat_p0014	2048	2048	png	3359469	9240_gen_products-accessories_merch-sticker-sheet_flat_p0014_2048x2048.png	lilith-ai	PD-own
accessories/9241_gen_products-accessories_merch-tote-mug-set_flat_p0015_2048x1152.png	9241	products	gen_products-accessories_merch-tote-mug-set_flat_p0015	2048	1152	png	1694365	9241_gen_products-accessories_merch-tote-mug-set_flat_p0015_2048x1152.png	lilith-ai	PD-own
accessories/9242_gen_products-accessories_merch-tote-tomato-print_p0016_1024x1536.png	9242	products	gen_products-accessories_merch-tote-tomato-print_p0016	1024	1536	png	2443238	9242_gen_products-accessories_merch-tote-tomato-print_p0016_1024x1536.png	lilith-ai	PD-own
accessories/9243_gen_products-accessories_pearl-pendant-asymmetric_p0017_1024x1024.png	9243	products	gen_products-accessories_pearl-pendant-asymmetric_p0017	1024	1024	png	535357	9243_gen_products-accessories_pearl-pendant-asymmetric_p0017_1024x1024.png	lilith-ai	PD-own
accessories/9244_gen_products-accessories_red-butterfly-shield-sunglasses_p0018_3840x2160.png	9244	products	gen_products-accessories_red-butterfly-shield-sunglasses_p0018	3840	2160	png	2972365	9244_gen_products-accessories_red-butterfly-shield-sunglasses_p0018_3840x2160.png	lilith-ai	PD-own
accessories/9245_gen_products-accessories_ruby-croc-bowler-bag_p0019_2160x3840.png	9245	products	gen_products-accessories_ruby-croc-bowler-bag_p0019	2160	3840	png	4851028	9245_gen_products-accessories_ruby-croc-bowler-bag_p0019_2160x3840.png	lilith-ai	PD-own
accessories/9246_gen_products-accessories_ruby-croc-bowler-bag_detail_p0019_3840x2160.png	9246	products	gen_products-accessories_ruby-croc-bowler-bag_detail_p0019	3840	2160	png	10609010	9246_gen_products-accessories_ruby-croc-bowler-bag_detail_p0019_3840x2160.png	lilith-ai	PD-own
accessories/9247_gen_products-accessories_sculptural-gold-hoops_p0020_2880x2880.png	9247	products	gen_products-accessories_sculptural-gold-hoops_p0020	2880	2880	png	3307873	9247_gen_products-accessories_sculptural-gold-hoops_p0020_2880x2880.png	lilith-ai	PD-own
accessories/9248_gen_products-accessories_sticker-pack-flatlay_p0021_1024x1024.png	9248	products	gen_products-accessories_sticker-pack-flatlay_p0021	1024	1024	png	719506	9248_gen_products-accessories_sticker-pack-flatlay_p0021_1024x1024.png	lilith-ai	PD-own
accessories/9249_gen_products-accessories_straw-sun-hat_p0022_2048x2048.png	9249	products	gen_products-accessories_straw-sun-hat_p0022	2048	2048	png	5204073	9249_gen_products-accessories_straw-sun-hat_p0022_2048x2048.png	lilith-ai	PD-own
accessories/9250_gen_products-accessories_straw-sun-hat_p0022_2048x2048.png	9250	products	gen_products-accessories_straw-sun-hat_p0022	2048	2048	png	5351635	9250_gen_products-accessories_straw-sun-hat_p0022_2048x2048.png	lilith-ai	PD-own
accessories/9251_gen_products-accessories_straw-tote-bag-natural_p0023_4096x4096.jpg	9251	products	gen_products-accessories_straw-tote-bag-natural_p0023	4096	4096	jpg	1696112	9251_gen_products-accessories_straw-tote-bag-natural_p0023_4096x4096.jpg	lilith-ai	PD-own
accessories/9252_gen_products-accessories_tomato-statement-earrings_p0024_1024x1024.png	9252	products	gen_products-accessories_tomato-statement-earrings_p0024	1024	1024	png	653244	9252_gen_products-accessories_tomato-statement-earrings_p0024_1024x1024.png	lilith-ai	PD-own
accessories/9253_gen_products-accessories_tortoiseshell-cat-eye-sunglasses_p0025_1536x1024.png	9253	products	gen_products-accessories_tortoiseshell-cat-eye-sunglasses_p0025	1536	1024	png	829748	9253_gen_products-accessories_tortoiseshell-cat-eye-sunglasses_p0025_1536x1024.png	lilith-ai	PD-own
accessories/9254_gen_products-accessories_tote-bag-bookish-merch_p0026_1024x1536.png	9254	products	gen_products-accessories_tote-bag-bookish-merch_p0026	1024	1536	png	2151003	9254_gen_products-accessories_tote-bag-bookish-merch_p0026_1024x1536.png	lilith-ai	PD-own
accessories/9255_gen_products-accessories_weekender-bag-canvas-product_p0027_1536x1024.png	9255	products	gen_products-accessories_weekender-bag-canvas-product_p0027	1536	1024	png	1832115	9255_gen_products-accessories_weekender-bag-canvas-product_p0027_1536x1024.png	lilith-ai	PD-own
accessories/9256_gen_products-accessories_wide-brim-coral-felt-hat_p0028_1024x1536.png	9256	products	gen_products-accessories_wide-brim-coral-felt-hat_p0028	1024	1536	png	1097443	9256_gen_products-accessories_wide-brim-coral-felt-hat_p0028_1024x1536.png	lilith-ai	PD-own
accessories/9257_gen_products-accessories_woven-beach-tote_p0029_1536x2816.png	9257	products	gen_products-accessories_woven-beach-tote_p0029	1536	2816	png	3499847	9257_gen_products-accessories_woven-beach-tote_p0029_1536x2816.png	lilith-ai	PD-own
baby/9258_gen_products-baby_animal-bodysuit-3pack_flat_p0030_4096x4096.jpg	9258	products	gen_products-baby_animal-bodysuit-3pack_flat_p0030	4096	4096	jpg	899059	9258_gen_products-baby_animal-bodysuit-3pack_flat_p0030_4096x4096.jpg	lilith-ai	PD-own
baby/9259_gen_products-baby_bib-multipack-six-prints_flat_p0031_1536x1024.png	9259	products	gen_products-baby_bib-multipack-six-prints_flat_p0031	1536	1024	png	2290093	9259_gen_products-baby_bib-multipack-six-prints_flat_p0031_1536x1024.png	lilith-ai	PD-own
baby/9260_gen_products-baby_blanket-receiving-sun-print_flat_p0032_1024x1024.png	9260	products	gen_products-baby_blanket-receiving-sun-print_flat_p0032	1024	1024	png	1181567	9260_gen_products-baby_blanket-receiving-sun-print_flat_p0032_1024x1024.png	lilith-ai	PD-own
baby/9261_gen_products-baby_burp-cloth-set-four_flat_p0033_1536x1024.png	9261	products	gen_products-baby_burp-cloth-set-four_flat_p0033	1536	1024	png	1550549	9261_gen_products-baby_burp-cloth-set-four_flat_p0033_1536x1024.png	lilith-ai	PD-own
baby/9262_gen_products-baby_cardigan-cream-cable_flat_p0034_1024x1536.png	9262	products	gen_products-baby_cardigan-cream-cable_flat_p0034	1024	1536	png	1593044	9262_gen_products-baby_cardigan-cream-cable_flat_p0034_1024x1536.png	lilith-ai	PD-own
baby/9263_gen_products-baby_coverall-stripe-mustard_flat_p0035_1024x1536.png	9263	products	gen_products-baby_coverall-stripe-mustard_flat_p0035	1024	1536	png	1550901	9263_gen_products-baby_coverall-stripe-mustard_flat_p0035_1024x1536.png	lilith-ai	PD-own
baby/9264_gen_products-baby_footed-sleeper-sky-blue_flat_p0036_3072x5504.jpg	9264	products	gen_products-baby_footed-sleeper-sky-blue_flat_p0036	3072	5504	jpg	1269711	9264_gen_products-baby_footed-sleeper-sky-blue_flat_p0036_3072x5504.jpg	lilith-ai	PD-own
baby/9265_gen_products-baby_footed-sleeper-terracotta-fox_flat_p0037_1024x1536.png	9265	products	gen_products-baby_footed-sleeper-terracotta-fox_flat_p0037	1024	1536	png	1464623	9265_gen_products-baby_footed-sleeper-terracotta-fox_flat_p0037_1024x1536.png	lilith-ai	PD-own
baby/9267_gen_products-baby_kimono-wrap-top-blush_flat_p0039_1024x1536.png	9267	products	gen_products-baby_kimono-wrap-top-blush_flat_p0039	1024	1536	png	1170538	9267_gen_products-baby_kimono-wrap-top-blush_flat_p0039_1024x1536.png	lilith-ai	PD-own
baby/9268_gen_products-baby_knit-hat-mitten-set-blush_flat_p0040_1024x1024.png	9268	products	gen_products-baby_knit-hat-mitten-set-blush_flat_p0040	1024	1024	png	871565	9268_gen_products-baby_knit-hat-mitten-set-blush_flat_p0040_1024x1024.png	lilith-ai	PD-own
baby/9269_gen_products-baby_knit-romper-overalls-sage_flat_p0041_1024x1536.png	9269	products	gen_products-baby_knit-romper-overalls-sage_flat_p0041	1024	1536	png	2114189	9269_gen_products-baby_knit-romper-overalls-sage_flat_p0041_1024x1536.png	lilith-ai	PD-own
baby/9270_gen_products-baby_leggings-fivepack-prints_flat_p0042_1536x1024.png	9270	products	gen_products-baby_leggings-fivepack-prints_flat_p0042	1536	1024	png	1850823	9270_gen_products-baby_leggings-fivepack-prints_flat_p0042_1536x1024.png	lilith-ai	PD-own
baby/9271_gen_products-baby_mustard-fleece-onesie_flat_p0043_1024x1536.png	9271	products	gen_products-baby_mustard-fleece-onesie_flat_p0043	1024	1536	png	2046708	9271_gen_products-baby_mustard-fleece-onesie_flat_p0043_1024x1536.png	lilith-ai	PD-own
baby/9272_gen_products-baby_onesie-multipack-coral-sage-cream_flat_p0044_1024x1024.png	9272	products	gen_products-baby_onesie-multipack-coral-sage-cream_flat_p0044	1024	1024	png	1044070	9272_gen_products-baby_onesie-multipack-coral-sage-cream_flat_p0044_1024x1024.png	lilith-ai	PD-own
baby/9273_gen_products-baby_sleeper-zip-giggle_onmodel_p0045_1024x1536.png	9273	products	gen_products-baby_sleeper-zip-giggle_onmodel_p0045	1024	1536	png	1284824	9273_gen_products-baby_sleeper-zip-giggle_onmodel_p0045_1024x1536.png	lilith-ai	PD-own
baby/9274_gen_products-baby_tutu-dress-twirl_onmodel_p0046_1024x1536.png	9274	products	gen_products-baby_tutu-dress-twirl_onmodel_p0046	1024	1536	png	1070176	9274_gen_products-baby_tutu-dress-twirl_onmodel_p0046_1024x1536.png	lilith-ai	PD-own
baby/9275_gen_products-baby_romper-yellow-gingham_flat_p0047_1024x1536.png	9275	products	gen_products-baby_romper-yellow-gingham_flat_p0047	1024	1536	png	1628847	9275_gen_products-baby_romper-yellow-gingham_flat_p0047_1024x1536.png	lilith-ai	PD-own
baby/9276_gen_products-baby_sleep-sack-sage-bunny_flat_p0048_1024x1536.png	9276	products	gen_products-baby_sleep-sack-sage-bunny_flat_p0048	1024	1536	png	1627893	9276_gen_products-baby_sleep-sack-sage-bunny_flat_p0048_1024x1536.png	lilith-ai	PD-own
baby/9277_gen_products-baby_sun-hat-bucket-floral_flat_p0049_1024x1024.png	9277	products	gen_products-baby_sun-hat-bucket-floral_flat_p0049	1024	1024	png	862773	9277_gen_products-baby_sun-hat-bucket-floral_flat_p0049_1024x1024.png	lilith-ai	PD-own
baby/9278_gen_products-baby_swaddle-set-dusty-blue-stars_flat_p0050_1024x1024.png	9278	products	gen_products-baby_swaddle-set-dusty-blue-stars_flat_p0050	1024	1024	png	1203665	9278_gen_products-baby_swaddle-set-dusty-blue-stars_flat_p0050_1024x1024.png	lilith-ai	PD-own
baby/9279_gen_products-baby_tee-stripe-three-pack_flat_p0051_1536x1024.png	9279	products	gen_products-baby_tee-stripe-three-pack_flat_p0051	1536	1024	png	1317781	9279_gen_products-baby_tee-stripe-three-pack_flat_p0051_1536x1024.png	lilith-ai	PD-own
baby/9280_gen_products-baby_tutu-dress-coral-tulle_flat_p0052_1024x1536.png	9280	products	gen_products-baby_tutu-dress-coral-tulle_flat_p0052	1024	1536	png	1393245	9280_gen_products-baby_tutu-dress-coral-tulle_flat_p0052_1024x1536.png	lilith-ai	PD-own
baby/9281_gen_products-baby_kids-rainbow-stripe-romper_flat_p0053_1024x1536.png	9281	products	gen_products-baby_kids-rainbow-stripe-romper_flat_p0053	1024	1536	png	2043118	9281_gen_products-baby_kids-rainbow-stripe-romper_flat_p0053_1024x1536.png	lilith-ai	PD-own
baby/9282_gen_products-baby_kids-ruffle-floral-dress-teal_flat_p0054_2880x2880.png	9282	products	gen_products-baby_kids-ruffle-floral-dress-teal_flat_p0054	2880	2880	png	6030220	9282_gen_products-baby_kids-ruffle-floral-dress-teal_flat_p0054_2880x2880.png	lilith-ai	PD-own
beauty/9283_gen_products-beauty_auremor_feature_p0055_1024x1536.png	9283	products	gen_products-beauty_auremor_feature_p0055	1024	1536	png	582655	9283_gen_products-beauty_auremor_feature_p0055_1024x1536.png	lilith-ai	PD-own
beauty/9284_gen_products-beauty_auremor-brand-set_flat_p0056_1536x1024.png	9284	products	gen_products-beauty_auremor-brand-set_flat_p0056	1536	1024	png	975900	9284_gen_products-beauty_auremor-brand-set_flat_p0056_1536x1024.png	lilith-ai	PD-own
beauty/9285_gen_products-beauty_auremor-lip-oil_p0057_1024x1024.png	9285	products	gen_products-beauty_auremor-lip-oil_p0057	1024	1024	png	404539	9285_gen_products-beauty_auremor-lip-oil_p0057_1024x1024.png	lilith-ai	PD-own
beauty/9286_gen_products-beauty_auremor-retinol-back_ingredients_p0058_1024x1536.png	9286	products	gen_products-beauty_auremor-retinol-back_ingredients_p0058	1024	1536	png	1025850	9286_gen_products-beauty_auremor-retinol-back_ingredients_p0058_1024x1536.png	lilith-ai	PD-own
beauty/9287_gen_products-beauty_auremor-retinol-night-serum_p0059_1024x1536.png	9287	products	gen_products-beauty_auremor-retinol-night-serum_p0059	1024	1536	png	767491	9287_gen_products-beauty_auremor-retinol-night-serum_p0059_1024x1536.png	lilith-ai	PD-own
beauty/9288_gen_products-beauty_auremor-solid-perfume-compact_p0060_1024x1024.png	9288	products	gen_products-beauty_auremor-solid-perfume-compact_p0060	1024	1024	png	533607	9288_gen_products-beauty_auremor-solid-perfume-compact_p0060_1024x1024.png	lilith-ai	PD-own
beauty/9289_gen_products-beauty_bryn-birch_feature_p0061_1024x1536.png	9289	products	gen_products-beauty_bryn-birch_feature_p0061	1024	1536	png	774009	9289_gen_products-beauty_bryn-birch_feature_p0061_1024x1536.png	lilith-ai	PD-own
beauty/9290_gen_products-beauty_bryn-birch-beard-oil_p0062_1024x1536.png	9290	products	gen_products-beauty_bryn-birch-beard-oil_p0062	1024	1536	png	916076	9290_gen_products-beauty_bryn-birch-beard-oil_p0062_1024x1536.png	lilith-ai	PD-own
beauty/9291_gen_products-beauty_bryn-birch-beard-oil-back_ingredients_p0062_1024x1536.png	9291	products	gen_products-beauty_bryn-birch-beard-oil-back_ingredients_p0062	1024	1536	png	882350	9291_gen_products-beauty_bryn-birch-beard-oil-back_ingredients_p0062_1024x1536.png	lilith-ai	PD-own
beauty/9292_gen_products-beauty_bryn-birch-brand-set_flat_p0063_1536x1024.png	9292	products	gen_products-beauty_bryn-birch-brand-set_flat_p0063	1536	1024	png	1217451	9292_gen_products-beauty_bryn-birch-brand-set_flat_p0063_1536x1024.png	lilith-ai	PD-own
beauty/9293_gen_products-beauty_bryn-birch-charcoal-clay-mask_p0064_1024x1024.png	9293	products	gen_products-beauty_bryn-birch-charcoal-clay-mask_p0064	1024	1024	png	743147	9293_gen_products-beauty_bryn-birch-charcoal-clay-mask_p0064_1024x1024.png	lilith-ai	PD-own
beauty/9294_gen_products-beauty_bryn-birch-scalp-hair-oil_p0065_1024x1536.png	9294	products	gen_products-beauty_bryn-birch-scalp-hair-oil_p0065	1024	1536	png	800113	9294_gen_products-beauty_bryn-birch-scalp-hair-oil_p0065_1024x1536.png	lilith-ai	PD-own
beauty/9295_gen_products-beauty_ceramic-cream-jar_spec_p0066_1024x1536.png	9295	products	gen_products-beauty_ceramic-cream-jar_spec_p0066	1024	1536	png	527709	9295_gen_products-beauty_ceramic-cream-jar_spec_p0066_1024x1536.png	lilith-ai	PD-own
beauty/9296_gen_products-beauty_dewmark_feature_p0067_1024x1536.png	9296	products	gen_products-beauty_dewmark_feature_p0067	1024	1536	png	598388	9296_gen_products-beauty_dewmark_feature_p0067_1024x1536.png	lilith-ai	PD-own
beauty/9297_gen_products-beauty_dewmark-aqua-peptide-back_ingredients_p0068_1024x1536.png	9297	products	gen_products-beauty_dewmark-aqua-peptide-back_ingredients_p0068	1024	1536	png	1210330	9297_gen_products-beauty_dewmark-aqua-peptide-back_ingredients_p0068_1024x1536.png	lilith-ai	PD-own
beauty/9298_gen_products-beauty_dewmark-aqua-peptide-gel-cream_p0069_1024x1024.png	9298	products	gen_products-beauty_dewmark-aqua-peptide-gel-cream_p0069	1024	1024	png	645518	9298_gen_products-beauty_dewmark-aqua-peptide-gel-cream_p0069_1024x1024.png	lilith-ai	PD-own
beauty/9299_gen_products-beauty_dewmark-brand-set_flat_p0070_1536x1024.png	9299	products	gen_products-beauty_dewmark-brand-set_flat_p0070	1536	1024	png	873606	9299_gen_products-beauty_dewmark-brand-set_flat_p0070_1536x1024.png	lilith-ai	PD-own
beauty/9300_gen_products-beauty_dewmark-glass-mist-setting-spray_p0071_1024x1536.png	9300	products	gen_products-beauty_dewmark-glass-mist-setting-spray_p0071	1024	1536	png	543921	9300_gen_products-beauty_dewmark-glass-mist-setting-spray_p0071_1024x1536.png	lilith-ai	PD-own
beauty/9301_gen_products-beauty_dewmark-micellar-cleansing-water_p0072_1024x1536.png	9301	products	gen_products-beauty_dewmark-micellar-cleansing-water_p0072	1024	1536	png	654715	9301_gen_products-beauty_dewmark-micellar-cleansing-water_p0072_1024x1536.png	lilith-ai	PD-own
beauty/9302_gen_products-beauty_florwell_feature_p0073_1536x1024.png	9302	products	gen_products-beauty_florwell_feature_p0073	1536	1024	png	946504	9302_gen_products-beauty_florwell_feature_p0073_1536x1024.png	lilith-ai	PD-own
beauty/9303_gen_products-beauty_florwell-bath-soak-back_ingredients_p0074_1024x1536.png	9303	products	gen_products-beauty_florwell-bath-soak-back_ingredients_p0074	1024	1536	png	1565062	9303_gen_products-beauty_florwell-bath-soak-back_ingredients_p0074_1024x1536.png	lilith-ai	PD-own
beauty/9304_gen_products-beauty_florwell-botanical-body-wash_p0075_1024x1536.png	9304	products	gen_products-beauty_florwell-botanical-body-wash_p0075	1024	1536	png	896154	9304_gen_products-beauty_florwell-botanical-body-wash_p0075_1024x1536.png	lilith-ai	PD-own
beauty/9305_gen_products-beauty_florwell-brand-set_flat_p0076_1536x1024.png	9305	products	gen_products-beauty_florwell-brand-set_flat_p0076	1536	1024	png	1305480	9305_gen_products-beauty_florwell-brand-set_flat_p0076_1536x1024.png	lilith-ai	PD-own
beauty/9306_gen_products-beauty_florwell-mineral-bath-soak_p0077_1024x1024.png	9306	products	gen_products-beauty_florwell-mineral-bath-soak_p0077	1024	1024	png	760126	9306_gen_products-beauty_florwell-mineral-bath-soak_p0077_1024x1024.png	lilith-ai	PD-own
beauty/9307_gen_products-beauty_florwell-rose-oat-bar-soap_p0078_1024x1024.png	9307	products	gen_products-beauty_florwell-rose-oat-bar-soap_p0078	1024	1024	png	980531	9307_gen_products-beauty_florwell-rose-oat-bar-soap_p0078_1024x1024.png	lilith-ai	PD-own
beauty/9308_gen_products-beauty_ingredients-back-rosehip-oil_ingredients_p0079_1024x1536.png	9308	products	gen_products-beauty_ingredients-back-rosehip-oil_ingredients_p0079	1024	1536	png	2064401	9308_gen_products-beauty_ingredients-back-rosehip-oil_ingredients_p0079_1024x1536.png	lilith-ai	PD-own
beauty/9309_gen_products-beauty_lip-balm-trio-product_p0080_1536x1024.png	9309	products	gen_products-beauty_lip-balm-trio-product_p0080	1536	1024	png	1257080	9309_gen_products-beauty_lip-balm-trio-product_p0080_1536x1024.png	lilith-ai	PD-own
beauty/9310_gen_products-beauty_lip-mask-pot-overnight_p0081_1024x1024.png	9310	products	gen_products-beauty_lip-mask-pot-overnight_p0081	1024	1024	png	619827	9310_gen_products-beauty_lip-mask-pot-overnight_p0081_1024x1024.png	lilith-ai	PD-own
beauty/9311_gen_products-beauty_makeup-brush-set_flat_p0082_1536x1024.png	9311	products	gen_products-beauty_makeup-brush-set_flat_p0082	1536	1024	png	763342	9311_gen_products-beauty_makeup-brush-set_flat_p0082_1536x1024.png	lilith-ai	PD-own
beauty/9312_gen_products-beauty_makeup-sponge-pair_p0083_1536x1024.png	9312	products	gen_products-beauty_makeup-sponge-pair_p0083	1536	1024	png	946800	9312_gen_products-beauty_makeup-sponge-pair_p0083_1536x1024.png	lilith-ai	PD-own
beauty/9313_gen_products-beauty_moisturizer-back-sage_ingredients_p0084_2048x2048.png	9313	products	gen_products-beauty_moisturizer-back-sage_ingredients_p0084	2048	2048	png	2990592	9313_gen_products-beauty_moisturizer-back-sage_ingredients_p0084_2048x2048.png	lilith-ai	PD-own
beauty/9314_gen_products-beauty_skin-cleanser_p0085_2048x2048.jpg	9314	products	gen_products-beauty_skin-cleanser_p0085	2048	2048	jpg	161720	9314_gen_products-beauty_skin-cleanser_p0085_2048x2048.jpg	lilith-ai	PD-own
beauty/9315_gen_products-beauty_tintwell_feature_p0086_1024x1536.png	9315	products	gen_products-beauty_tintwell_feature_p0086	1024	1536	png	631357	9315_gen_products-beauty_tintwell_feature_p0086_1024x1536.png	lilith-ai	PD-own
beauty/9316_gen_products-beauty_tintwell-brand-set_flat_p0087_1536x1024.png	9316	products	gen_products-beauty_tintwell-brand-set_flat_p0087	1536	1024	png	1111157	9316_gen_products-beauty_tintwell-brand-set_flat_p0087_1536x1024.png	lilith-ai	PD-own
beauty/9317_gen_products-beauty_tintwell-cheek-lip-tint-back_ingredients_p0088_1024x1536.png	9317	products	gen_products-beauty_tintwell-cheek-lip-tint-back_ingredients_p0088	1024	1536	png	841715	9317_gen_products-beauty_tintwell-cheek-lip-tint-back_ingredients_p0088_1024x1536.png	lilith-ai	PD-own
beauty/9318_gen_products-beauty_tintwell-cheek-lip-tint-stick_p0089_1024x1024.png	9318	products	gen_products-beauty_tintwell-cheek-lip-tint-stick_p0089	1024	1024	png	401575	9318_gen_products-beauty_tintwell-cheek-lip-tint-stick_p0089_1024x1024.png	lilith-ai	PD-own
beauty/9319_gen_products-beauty_tintwell-nail-polish-duo_p0090_1536x1024.png	9319	products	gen_products-beauty_tintwell-nail-polish-duo_p0090	1536	1024	png	692967	9319_gen_products-beauty_tintwell-nail-polish-duo_p0090_1536x1024.png	lilith-ai	PD-own
beauty/9320_gen_products-beauty_tintwell-tinted-brow-gel_p0091_1024x1024.png	9320	products	gen_products-beauty_tintwell-tinted-brow-gel_p0091	1024	1024	png	446025	9320_gen_products-beauty_tintwell-tinted-brow-gel_p0091_1024x1024.png	lilith-ai	PD-own
beauty/9321_gen_products-beauty_veraloe_feature_p0092_1024x1536.png	9321	products	gen_products-beauty_veraloe_feature_p0092	1024	1536	png	833300	9321_gen_products-beauty_veraloe_feature_p0092_1024x1536.png	lilith-ai	PD-own
beauty/9322_gen_products-beauty_veraloe-after-sun-back_ingredients_p0093_1024x1536.png	9322	products	gen_products-beauty_veraloe-after-sun-back_ingredients_p0093	1024	1536	png	984151	9322_gen_products-beauty_veraloe-after-sun-back_ingredients_p0093_1024x1536.png	lilith-ai	PD-own
beauty/9323_gen_products-beauty_veraloe-after-sun-aloe-gel_p0094_1024x1536.png	9323	products	gen_products-beauty_veraloe-after-sun-aloe-gel_p0094	1024	1536	png	814414	9323_gen_products-beauty_veraloe-after-sun-aloe-gel_p0094_1024x1536.png	lilith-ai	PD-own
beauty/9324_gen_products-beauty_veraloe-brand-set_flat_p0095_1536x1024.png	9324	products	gen_products-beauty_veraloe-brand-set_flat_p0095	1536	1024	png	1058680	9324_gen_products-beauty_veraloe-brand-set_flat_p0095_1536x1024.png	lilith-ai	PD-own
beauty/9325_gen_products-beauty_veraloe-nourishing-hand-cream_p0096_1024x1024.png	9325	products	gen_products-beauty_veraloe-nourishing-hand-cream_p0096	1024	1024	png	555557	9325_gen_products-beauty_veraloe-nourishing-hand-cream_p0096_1024x1024.png	lilith-ai	PD-own
beauty/9326_gen_products-beauty_veraloe-whipped-body-butter_p0097_1024x1024.png	9326	products	gen_products-beauty_veraloe-whipped-body-butter_p0097	1024	1024	png	637763	9326_gen_products-beauty_veraloe-whipped-body-butter_p0097_1024x1024.png	lilith-ai	PD-own
beverages/9327_gen_products-beverages_blackpine-cold-brew-can_p0098_1024x1536.png	9327	products	gen_products-beverages_blackpine-cold-brew-can_p0098	1024	1536	png	1296817	9327_gen_products-beverages_blackpine-cold-brew-can_p0098_1024x1536.png	lilith-ai	PD-own
beverages/9328_gen_products-beverages_blackpine-vanilla-latte-canned-coffee_p0099_1024x1536.png	9328	products	gen_products-beverages_blackpine-vanilla-latte-canned-coffee_p0099	1024	1536	png	1247772	9328_gen_products-beverages_blackpine-vanilla-latte-canned-coffee_p0099_1024x1536.png	lilith-ai	PD-own
beverages/9329_gen_products-beverages_citrine-grapefruit-sparkling-water-can_p0100_1024x1536.png	9329	products	gen_products-beverages_citrine-grapefruit-sparkling-water-can_p0100	1024	1536	png	1212065	9329_gen_products-beverages_citrine-grapefruit-sparkling-water-can_p0100_1024x1536.png	lilith-ai	PD-own
beverages/9330_gen_products-beverages_citrine-spring-water-bottle_p0101_1024x1536.png	9330	products	gen_products-beverages_citrine-spring-water-bottle_p0101	1024	1536	png	695426	9330_gen_products-beverages_citrine-spring-water-bottle_p0101_1024x1536.png	lilith-ai	PD-own
beverages/9331_gen_products-beverages_drypine-classic-tonic-water-bottle_p0102_1024x1536.png	9331	products	gen_products-beverages_drypine-classic-tonic-water-bottle_p0102	1024	1536	png	948610	9331_gen_products-beverages_drypine-classic-tonic-water-bottle_p0102_1024x1536.png	lilith-ai	PD-own
beverages/9332_gen_products-beverages_drypine-club-soda-mixer-can_p0103_1024x1536.png	9332	products	gen_products-beverages_drypine-club-soda-mixer-can_p0103	1024	1536	png	988362	9332_gen_products-beverages_drypine-club-soda-mixer-can_p0103_1024x1536.png	lilith-ai	PD-own
beverages/9333_gen_products-beverages_fieldfuel-blue-raspberry-sports-drink-bottle_p0104_1024x1536.png	9333	products	gen_products-beverages_fieldfuel-blue-raspberry-sports-drink-bottle_p0104	1024	1536	png	1064839	9333_gen_products-beverages_fieldfuel-blue-raspberry-sports-drink-bottle_p0104_1024x1536.png	lilith-ai	PD-own
beverages/9334_gen_products-beverages_fizzwell-cola-soda-can_p0105_1024x1536.png	9334	products	gen_products-beverages_fizzwell-cola-soda-can_p0105	1024	1536	png	1348293	9334_gen_products-beverages_fizzwell-cola-soda-can_p0105_1024x1536.png	lilith-ai	PD-own
beverages/9335_gen_products-beverages_greenmeadow-mango-smoothie-bottle_p0106_1024x1536.png	9335	products	gen_products-beverages_greenmeadow-mango-smoothie-bottle_p0106	1024	1536	png	1025580	9335_gen_products-beverages_greenmeadow-mango-smoothie-bottle_p0106_1024x1536.png	lilith-ai	PD-own
beverages/9336_gen_products-beverages_harvest-lane-black-cherry-hard-seltzer-can_p0107_1024x1536.png	9336	products	gen_products-beverages_harvest-lane-black-cherry-hard-seltzer-can_p0107	1024	1536	png	1080352	9336_gen_products-beverages_harvest-lane-black-cherry-hard-seltzer-can_p0107_1024x1536.png	lilith-ai	PD-own
beverages/9337_gen_products-beverages_ironhart-amber-lager-bottle_p0108_1024x1536.png	9337	products	gen_products-beverages_ironhart-amber-lager-bottle_p0108	1024	1536	png	1028176	9337_gen_products-beverages_ironhart-amber-lager-bottle_p0108_1024x1536.png	lilith-ai	PD-own
beverages/9338_gen_products-beverages_ironhart-citra-ipa-craft-beer-can_p0109_1024x1536.png	9338	products	gen_products-beverages_ironhart-citra-ipa-craft-beer-can_p0109	1024	1536	png	1208130	9338_gen_products-beverages_ironhart-citra-ipa-craft-beer-can_p0109_1024x1536.png	lilith-ai	PD-own
beverages/9339_gen_products-beverages_lumiera-prosecco-bottle_p0110_1024x1536.png	9339	products	gen_products-beverages_lumiera-prosecco-bottle_p0110	1024	1536	png	840635	9339_gen_products-beverages_lumiera-prosecco-bottle_p0110_1024x1536.png	lilith-ai	PD-own
beverages/9340_gen_products-beverages_meadowmilk-almond-milk-bottle_p0111_1024x1536.png	9340	products	gen_products-beverages_meadowmilk-almond-milk-bottle_p0111	1024	1536	png	931207	9340_gen_products-beverages_meadowmilk-almond-milk-bottle_p0111_1024x1536.png	lilith-ai	PD-own
beverages/9341_gen_products-beverages_meadowmilk-oat-milk-carton_p0112_1024x1536.png	9341	products	gen_products-beverages_meadowmilk-oat-milk-carton_p0112	1024	1536	png	1037154	9341_gen_products-beverages_meadowmilk-oat-milk-carton_p0112_1024x1536.png	lilith-ai	PD-own
beverages/9342_gen_products-beverages_meadowmilk-vanilla-oat-milk-carton_p0113_1024x1536.png	9342	products	gen_products-beverages_meadowmilk-vanilla-oat-milk-carton_p0113	1024	1536	png	856799	9342_gen_products-beverages_meadowmilk-vanilla-oat-milk-carton_p0113_1024x1536.png	lilith-ai	PD-own
beverages/9343_gen_products-beverages_mossfield-peach-iced-tea-bottle_p0114_1024x1536.png	9343	products	gen_products-beverages_mossfield-peach-iced-tea-bottle_p0114	1024	1536	png	1039723	9343_gen_products-beverages_mossfield-peach-iced-tea-bottle_p0114_1024x1536.png	lilith-ai	PD-own
beverages/9344_gen_products-beverages_orchardmark-cloudy-apple-juice-bottle_p0115_1024x1536.png	9344	products	gen_products-beverages_orchardmark-cloudy-apple-juice-bottle_p0115	1024	1536	png	847462	9344_gen_products-beverages_orchardmark-cloudy-apple-juice-bottle_p0115_1024x1536.png	lilith-ai	PD-own
beverages/9345_gen_products-beverages_pulsewater-watermelon-electrolyte-bottle_p0116_1024x1536.png	9345	products	gen_products-beverages_pulsewater-watermelon-electrolyte-bottle_p0116	1024	1536	png	1122570	9345_gen_products-beverages_pulsewater-watermelon-electrolyte-bottle_p0116_1024x1536.png	lilith-ai	PD-own
beverages/9346_gen_products-beverages_sunpitcher-classic-lemonade-carton_p0117_1024x1536.png	9346	products	gen_products-beverages_sunpitcher-classic-lemonade-carton_p0117	1024	1536	png	1042770	9346_gen_products-beverages_sunpitcher-classic-lemonade-carton_p0117_1024x1536.png	lilith-ai	PD-own
beverages/9347_gen_products-beverages_valdimora-cabernet-red-wine-bottle_p0118_1024x1536.png	9347	products	gen_products-beverages_valdimora-cabernet-red-wine-bottle_p0118	1024	1536	png	647831	9347_gen_products-beverages_valdimora-cabernet-red-wine-bottle_p0118_1024x1536.png	lilith-ai	PD-own
beverages/9348_gen_products-beverages_valdimora-sauvignon-blanc-white-wine-bottle_p0119_1024x1536.png	9348	products	gen_products-beverages_valdimora-sauvignon-blanc-white-wine-bottle_p0119	1024	1536	png	843253	9348_gen_products-beverages_valdimora-sauvignon-blanc-white-wine-bottle_p0119_1024x1536.png	lilith-ai	PD-own
beverages/9349_gen_products-beverages_voltbeam-tropical-energy-drink-can_p0120_1024x1536.png	9349	products	gen_products-beverages_voltbeam-tropical-energy-drink-can_p0120	1024	1536	png	1231847	9349_gen_products-beverages_voltbeam-tropical-energy-drink-can_p0120_1024x1536.png	lilith-ai	PD-own
beverages/9350_gen_products-beverages_wildferment-ginger-beer-bottle_p0121_1024x1536.png	9350	products	gen_products-beverages_wildferment-ginger-beer-bottle_p0121	1024	1536	png	1216361	9350_gen_products-beverages_wildferment-ginger-beer-bottle_p0121_1024x1536.png	lilith-ai	PD-own
beverages/9351_gen_products-beverages_wildferment-ginger-kombucha-bottle_p0122_1024x1536.png	9351	products	gen_products-beverages_wildferment-ginger-kombucha-bottle_p0122	1024	1536	png	1018150	9351_gen_products-beverages_wildferment-ginger-kombucha-bottle_p0122_1024x1536.png	lilith-ai	PD-own
clothing/fabric-textures/9352_gen_products-clothing-fabric-textures_swatch-buffalo-check-flannel_p0123_2048x2048.png	9352	products	gen_products-clothing-fabric-textures_swatch-buffalo-check-flannel_p0123	2048	2048	png	8820596	9352_gen_products-clothing-fabric-textures_swatch-buffalo-check-flannel_p0123_2048x2048.png	lilith-ai	PD-own
clothing/fabric-textures/9353_gen_products-clothing-fabric-textures_swatch-rust-ripstop-nylon_p0124_4096x4096.jpg	9353	products	gen_products-clothing-fabric-textures_swatch-rust-ripstop-nylon_p0124	4096	4096	jpg	15562015	9353_gen_products-clothing-fabric-textures_swatch-rust-ripstop-nylon_p0124_4096x4096.jpg	lilith-ai	PD-own
clothing/fabric-textures/9354_gen_products-clothing-fabric-textures_swatch-tan-full-grain-leather_p0125_4096x4096.jpg	9354	products	gen_products-clothing-fabric-textures_swatch-tan-full-grain-leather_p0125	4096	4096	jpg	15876630	9354_gen_products-clothing-fabric-textures_swatch-tan-full-grain-leather_p0125_4096x4096.jpg	lilith-ai	PD-own
clothing/fabric-textures/9355_gen_products-clothing-fabric-textures_swatch-teal-merino-ribbed_p0126_4096x4096.jpg	9355	products	gen_products-clothing-fabric-textures_swatch-teal-merino-ribbed_p0126	4096	4096	jpg	14835560	9355_gen_products-clothing-fabric-textures_swatch-teal-merino-ribbed_p0126_4096x4096.jpg	lilith-ai	PD-own
clothing/fabric-textures/9356_gen_products-clothing-fabric-textures_texture-emerald-velvet_detail_p0127_3840x2160.png	9356	products	gen_products-clothing-fabric-textures_texture-emerald-velvet_detail_p0127	3840	2160	png	12916221	9356_gen_products-clothing-fabric-textures_texture-emerald-velvet_detail_p0127_3840x2160.png	lilith-ai	PD-own
clothing/fabric-textures/9357_gen_products-clothing-fabric-textures_texture-magenta-leopard-sequin_detail_p0128_3840x2160.png	9357	products	gen_products-clothing-fabric-textures_texture-magenta-leopard-sequin_detail_p0128	3840	2160	png	13422335	9357_gen_products-clothing-fabric-textures_texture-magenta-leopard-sequin_detail_p0128_3840x2160.png	lilith-ai	PD-own
clothing/fabric-textures/9358_gen_products-clothing-fabric-textures_texture-white-faux-fur_detail_p0129_3840x2160.png	9358	products	gen_products-clothing-fabric-textures_texture-white-faux-fur_detail_p0129	3840	2160	png	10527109	9358_gen_products-clothing-fabric-textures_texture-white-faux-fur_detail_p0129_3840x2160.png	lilith-ai	PD-own
clothing/kids/9359_gen_products-clothing-kids_baby-onmodel-overalls-walking-smile_onmodel_p0130_1024x1536.png	9359	products	gen_products-clothing-kids_baby-onmodel-overalls-walking-smile_onmodel_p0130	1024	1536	png	1859690	9359_gen_products-clothing-kids_baby-onmodel-overalls-walking-smile_onmodel_p0130_1024x1536.png	lilith-ai	PD-own
clothing/kids/9360_gen_products-clothing-kids_baby-overalls-denim-light-wash_flat_p0131_1024x1536.png	9360	products	gen_products-clothing-kids_baby-overalls-denim-light-wash_flat_p0131	1024	1536	png	2474062	9360_gen_products-clothing-kids_baby-overalls-denim-light-wash_flat_p0131_1024x1536.png	lilith-ai	PD-own
clothing/kids/9361_gen_products-clothing-kids_footwear-kids-velcro-sneaker-coral_p0132_1536x1024.png	9361	products	gen_products-clothing-kids_footwear-kids-velcro-sneaker-coral_p0132	1536	1024	png	1640309	9361_gen_products-clothing-kids_footwear-kids-velcro-sneaker-coral_p0132_1536x1024.png	lilith-ai	PD-own
clothing/kids/9362_gen_products-clothing-kids_footwear-womens-ballet-flat-blush_p0133_1536x1024.png	9362	products	gen_products-clothing-kids_footwear-womens-ballet-flat-blush_p0133	1536	1024	png	957795	9362_gen_products-clothing-kids_footwear-womens-ballet-flat-blush_p0133_1536x1024.png	lilith-ai	PD-own
clothing/kids/9363_gen_products-clothing-kids_baby-romper_flat_p0134_1024x1024.png	9363	products	gen_products-clothing-kids_baby-romper_flat_p0134	1024	1024	png	1100118	9363_gen_products-clothing-kids_baby-romper_flat_p0134_1024x1024.png	lilith-ai	PD-own
clothing/kids/9364_gen_products-clothing-kids_bomber-jacket-teal_ghost_p0135_1024x1536.png	9364	products	gen_products-clothing-kids_bomber-jacket-teal_ghost_p0135	1024	1536	png	1255163	9364_gen_products-clothing-kids_bomber-jacket-teal_ghost_p0135_1024x1536.png	lilith-ai	PD-own
clothing/kids/9365_gen_products-clothing-kids_cardigan-blush_onmodel_p0136_1024x1536.png	9365	products	gen_products-clothing-kids_cardigan-blush_onmodel_p0136	1024	1536	png	1679475	9365_gen_products-clothing-kids_cardigan-blush_onmodel_p0136_1024x1536.png	lilith-ai	PD-own
clothing/kids/9366_gen_products-clothing-kids_cherry-print-overalls_onmodel_p0137_1024x1536.png	9366	products	gen_products-clothing-kids_cherry-print-overalls_onmodel_p0137	1024	1536	png	1394123	9366_gen_products-clothing-kids_cherry-print-overalls_onmodel_p0137_1024x1536.png	lilith-ai	PD-own
clothing/kids/9367_gen_products-clothing-kids_citrus-rain-jacket_ghost_p0138_1024x1536.png	9367	products	gen_products-clothing-kids_citrus-rain-jacket_ghost_p0138	1024	1536	png	975053	9367_gen_products-clothing-kids_citrus-rain-jacket_ghost_p0138_1024x1536.png	lilith-ai	PD-own
clothing/kids/9368_gen_products-clothing-kids_denim-overalls-mid-wash_onmodel_p0139_3072x5504.jpg	9368	products	gen_products-clothing-kids_denim-overalls-mid-wash_onmodel_p0139	3072	5504	jpg	8405889	9368_gen_products-clothing-kids_denim-overalls-mid-wash_onmodel_p0139_3072x5504.jpg	lilith-ai	PD-own
clothing/kids/9369_gen_products-clothing-kids_dino-pajama-set_flat_p0140_1536x1024.png	9369	products	gen_products-clothing-kids_dino-pajama-set_flat_p0140	1536	1024	png	791731	9369_gen_products-clothing-kids_dino-pajama-set_flat_p0140_1536x1024.png	lilith-ai	PD-own
clothing/kids/9370_gen_products-clothing-kids_dress-corduroy_onmodel_p0141_1024x1536.png	9370	products	gen_products-clothing-kids_dress-corduroy_onmodel_p0141	1024	1536	png	1010269	9370_gen_products-clothing-kids_dress-corduroy_onmodel_p0141_1024x1536.png	lilith-ai	PD-own
clothing/kids/9371_gen_products-clothing-kids_flannel-shirt_ghost_p0142_1024x1536.png	9371	products	gen_products-clothing-kids_flannel-shirt_ghost_p0142	1024	1536	png	2429939	9371_gen_products-clothing-kids_flannel-shirt_ghost_p0142_1024x1536.png	lilith-ai	PD-own
clothing/kids/9372_gen_products-clothing-kids_floral-dress_onmodel_p0143_1024x1536.png	9372	products	gen_products-clothing-kids_floral-dress_onmodel_p0143	1024	1536	png	1164116	9372_gen_products-clothing-kids_floral-dress_onmodel_p0143_1024x1536.png	lilith-ai	PD-own
clothing/kids/9373_gen_products-clothing-kids_graphic-tee-space_p0144_1024x1024.png	9373	products	gen_products-clothing-kids_graphic-tee-space_p0144	1024	1024	png	1082457	9373_gen_products-clothing-kids_graphic-tee-space_p0144_1024x1024.png	lilith-ai	PD-own
clothing/kids/9374_gen_products-clothing-kids_hoodie-zip-yellow_onmodel_p0145_1024x1536.png	9374	products	gen_products-clothing-kids_hoodie-zip-yellow_onmodel_p0145	1024	1536	png	1623771	9374_gen_products-clothing-kids_hoodie-zip-yellow_onmodel_p0145_1024x1536.png	lilith-ai	PD-own
clothing/kids/9375_gen_products-clothing-kids_jeans_flat_p0146_1024x1536.png	9375	products	gen_products-clothing-kids_jeans_flat_p0146	1024	1536	png	2632236	9375_gen_products-clothing-kids_jeans_flat_p0146_1024x1536.png	lilith-ai	PD-own
clothing/kids/9376_gen_products-clothing-kids_joggers-gray_flat_p0147_1024x1024.png	9376	products	gen_products-clothing-kids_joggers-gray_flat_p0147	1024	1024	png	1198354	9376_gen_products-clothing-kids_joggers-gray_flat_p0147_1024x1024.png	lilith-ai	PD-own
clothing/kids/9377_gen_products-clothing-kids_leggings-coral_flat_p0148_1024x1024.png	9377	products	gen_products-clothing-kids_leggings-coral_flat_p0148	1024	1024	png	546817	9377_gen_products-clothing-kids_leggings-coral_flat_p0148_1024x1024.png	lilith-ai	PD-own
clothing/kids/9378_gen_products-clothing-kids_magenta-tutu-dress_onmodel_p0149_1024x1536.png	9378	products	gen_products-clothing-kids_magenta-tutu-dress_onmodel_p0149	1024	1536	png	1931971	9378_gen_products-clothing-kids_magenta-tutu-dress_onmodel_p0149_1024x1536.png	lilith-ai	PD-own
clothing/kids/9379_gen_products-clothing-kids_onesie-baby_flat_p0150_1024x1024.png	9379	products	gen_products-clothing-kids_onesie-baby_flat_p0150	1024	1024	png	748495	9379_gen_products-clothing-kids_onesie-baby_flat_p0150_1024x1024.png	lilith-ai	PD-own
clothing/kids/9380_gen_products-clothing-kids_overall-toddler_ghost_p0151_1024x1536.png	9380	products	gen_products-clothing-kids_overall-toddler_ghost_p0151	1024	1536	png	1745292	9380_gen_products-clothing-kids_overall-toddler_ghost_p0151_1024x1536.png	lilith-ai	PD-own
clothing/kids/9381_gen_products-clothing-kids_pajama-cloud_flat_p0152_1536x1024.png	9381	products	gen_products-clothing-kids_pajama-cloud_flat_p0152	1536	1024	png	717337	9381_gen_products-clothing-kids_pajama-cloud_flat_p0152_1536x1024.png	lilith-ai	PD-own
clothing/kids/9382_gen_products-clothing-kids_puffer-vest_ghost_p0153_1024x1536.png	9382	products	gen_products-clothing-kids_puffer-vest_ghost_p0153	1024	1536	png	1203181	9382_gen_products-clothing-kids_puffer-vest_ghost_p0153_1024x1536.png	lilith-ai	PD-own
clothing/kids/9383_gen_products-clothing-kids_rainbow-graphic-tee-set_flat_p0154_4096x4096.jpg	9383	products	gen_products-clothing-kids_rainbow-graphic-tee-set_flat_p0154	4096	4096	jpg	1513014	9383_gen_products-clothing-kids_rainbow-graphic-tee-set_flat_p0154_4096x4096.jpg	lilith-ai	PD-own
clothing/kids/9384_gen_products-clothing-kids_rainbow-tee_p0155_2160x3840.png	9384	products	gen_products-clothing-kids_rainbow-tee_p0155	2160	3840	png	6749368	9384_gen_products-clothing-kids_rainbow-tee_p0155_2160x3840.png	lilith-ai	PD-own
clothing/kids/9385_gen_products-clothing-kids_rainbow-tee-set_flat_p0156_1536x1024.png	9385	products	gen_products-clothing-kids_rainbow-tee-set_flat_p0156	1536	1024	png	787679	9385_gen_products-clothing-kids_rainbow-tee-set_flat_p0156_1536x1024.png	lilith-ai	PD-own
clothing/kids/9386_gen_products-clothing-kids_romper-summer_ghost_p0157_1024x1536.png	9386	products	gen_products-clothing-kids_romper-summer_ghost_p0157	1024	1536	png	1196360	9386_gen_products-clothing-kids_romper-summer_ghost_p0157_1024x1536.png	lilith-ai	PD-own
clothing/kids/9387_gen_products-clothing-kids_shorts-cargo_flat_p0158_1024x1024.png	9387	products	gen_products-clothing-kids_shorts-cargo_flat_p0158	1024	1024	png	1446577	9387_gen_products-clothing-kids_shorts-cargo_flat_p0158_1024x1024.png	lilith-ai	PD-own
clothing/kids/9388_gen_products-clothing-kids_skirt-tulle_onmodel_p0159_1024x1536.png	9388	products	gen_products-clothing-kids_skirt-tulle_onmodel_p0159	1024	1536	png	939319	9388_gen_products-clothing-kids_skirt-tulle_onmodel_p0159_1024x1536.png	lilith-ai	PD-own
clothing/kids/9389_gen_products-clothing-kids_sneaker-canvas_flat_p0160_1024x1024.png	9389	products	gen_products-clothing-kids_sneaker-canvas_flat_p0160	1024	1024	png	1004727	9389_gen_products-clothing-kids_sneaker-canvas_flat_p0160_1024x1024.png	lilith-ai	PD-own
clothing/kids/9390_gen_products-clothing-kids_tee-graphic-truck_p0161_1024x1024.png	9390	products	gen_products-clothing-kids_tee-graphic-truck_p0161	1024	1024	png	993807	9390_gen_products-clothing-kids_tee-graphic-truck_p0161_1024x1024.png	lilith-ai	PD-own
clothing/kids/9391_gen_products-clothing-kids_tshirt-stripe_onmodel_p0162_1024x1536.png	9391	products	gen_products-clothing-kids_tshirt-stripe_onmodel_p0162	1024	1536	png	1337249	9391_gen_products-clothing-kids_tshirt-stripe_onmodel_p0162_1024x1536.png	lilith-ai	PD-own
clothing/kids/9392_gen_products-clothing-kids_tutu_onmodel_p0163_1024x1536.png	9392	products	gen_products-clothing-kids_tutu_onmodel_p0163	1024	1536	png	947944	9392_gen_products-clothing-kids_tutu_onmodel_p0163_1024x1536.png	lilith-ai	PD-own
clothing/kids/9393_gen_products-clothing-kids_twopiece-set-stripe_flat_p0164_1536x1024.png	9393	products	gen_products-clothing-kids_twopiece-set-stripe_flat_p0164	1536	1024	png	834035	9393_gen_products-clothing-kids_twopiece-set-stripe_flat_p0164_1536x1024.png	lilith-ai	PD-own
clothing/mens/9394_gen_products-clothing-mens_cobalt-satin-bomber_p0165_2160x3840.png	9394	products	gen_products-clothing-mens_cobalt-satin-bomber_p0165	2160	3840	png	8722680	9394_gen_products-clothing-mens_cobalt-satin-bomber_p0165_2160x3840.png	lilith-ai	PD-own
clothing/mens/9395_gen_products-clothing-mens_electric-purple-cargo-co-ord_onmodel_p0166_2160x3840.png	9395	products	gen_products-clothing-mens_electric-purple-cargo-co-ord_onmodel_p0166	2160	3840	png	8636120	9395_gen_products-clothing-mens_electric-purple-cargo-co-ord_onmodel_p0166_2160x3840.png	lilith-ai	PD-own
clothing/mens/9396_gen_products-clothing-mens_grid-fleece-quarter-zip_p0167_2160x3840.png	9396	products	gen_products-clothing-mens_grid-fleece-quarter-zip_p0167	2160	3840	png	10892858	9396_gen_products-clothing-mens_grid-fleece-quarter-zip_p0167_2160x3840.png	lilith-ai	PD-own
clothing/mens/9397_gen_products-clothing-mens_lime-satin-bomber-jacket_ghost_p0168_1024x1536.png	9397	products	gen_products-clothing-mens_lime-satin-bomber-jacket_ghost_p0168	1024	1536	png	1689303	9397_gen_products-clothing-mens_lime-satin-bomber-jacket_ghost_p0168_1024x1536.png	lilith-ai	PD-own
clothing/mens/9398_gen_products-clothing-mens_bomber-jacket_ghost_p0169_1024x1536.png	9398	products	gen_products-clothing-mens_bomber-jacket_ghost_p0169	1024	1536	png	1226062	9398_gen_products-clothing-mens_bomber-jacket_ghost_p0169_1024x1536.png	lilith-ai	PD-own
clothing/mens/9399_gen_products-clothing-mens_canvas-belt_flat_p0170_1536x1024.png	9399	products	gen_products-clothing-mens_canvas-belt_flat_p0170	1536	1024	png	989502	9399_gen_products-clothing-mens_canvas-belt_flat_p0170_1536x1024.png	lilith-ai	PD-own
clothing/mens/9400_gen_products-clothing-mens_cap-five-panel_flat_p0171_1024x1024.png	9400	products	gen_products-clothing-mens_cap-five-panel_flat_p0171	1024	1024	png	1483906	9400_gen_products-clothing-mens_cap-five-panel_flat_p0171_1024x1024.png	lilith-ai	PD-own
clothing/mens/9401_gen_products-clothing-mens_chambray-shirt_flat_p0172_1024x1024.png	9401	products	gen_products-clothing-mens_chambray-shirt_flat_p0172	1024	1024	png	1323903	9401_gen_products-clothing-mens_chambray-shirt_flat_p0172_1024x1024.png	lilith-ai	PD-own
clothing/mens/9402_gen_products-clothing-mens_charcoal-pleated-trouser_ghost_p0173_1024x1536.png	9402	products	gen_products-clothing-mens_charcoal-pleated-trouser_ghost_p0173	1024	1536	png	1105520	9402_gen_products-clothing-mens_charcoal-pleated-trouser_ghost_p0173_1024x1536.png	lilith-ai	PD-own
clothing/mens/9403_gen_products-clothing-mens_chino-pant_ghost_p0174_1024x1536.png	9403	products	gen_products-clothing-mens_chino-pant_ghost_p0174	1024	1536	png	953046	9403_gen_products-clothing-mens_chino-pant_ghost_p0174_1024x1536.png	lilith-ai	PD-own
clothing/mens/9404_gen_products-clothing-mens_denim-jacket_ghost_p0175_1024x1536.png	9404	products	gen_products-clothing-mens_denim-jacket_ghost_p0175	1024	1536	png	2320139	9404_gen_products-clothing-mens_denim-jacket_ghost_p0175_1024x1536.png	lilith-ai	PD-own
clothing/mens/9405_gen_products-clothing-mens_flannel-shirt_onmodel_p0176_1024x1536.png	9405	products	gen_products-clothing-mens_flannel-shirt_onmodel_p0176	1024	1536	png	1689904	9405_gen_products-clothing-mens_flannel-shirt_onmodel_p0176_1024x1536.png	lilith-ai	PD-own
clothing/mens/9406_gen_products-clothing-mens_graphic-tee-mountain_p0177_1024x1536.png	9406	products	gen_products-clothing-mens_graphic-tee-mountain_p0177	1024	1536	png	1682696	9406_gen_products-clothing-mens_graphic-tee-mountain_p0177_1024x1536.png	lilith-ai	PD-own
clothing/mens/9407_gen_products-clothing-mens_graphic-tee-zine_p0178_1024x1536.png	9407	products	gen_products-clothing-mens_graphic-tee-zine_p0178	1024	1536	png	2059276	9407_gen_products-clothing-mens_graphic-tee-zine_p0178_1024x1536.png	lilith-ai	PD-own
clothing/mens/9408_gen_products-clothing-mens_heather-gray-tee_onmodel_p0179_1024x1536.png	9408	products	gen_products-clothing-mens_heather-gray-tee_onmodel_p0179	1024	1536	png	1419863	9408_gen_products-clothing-mens_heather-gray-tee_onmodel_p0179_1024x1536.png	lilith-ai	PD-own
clothing/mens/9409_gen_products-clothing-mens_henley-shirt_flat_p0180_1024x1024.png	9409	products	gen_products-clothing-mens_henley-shirt_flat_p0180	1024	1024	png	1868120	9409_gen_products-clothing-mens_henley-shirt_flat_p0180_1024x1024.png	lilith-ai	PD-own
clothing/mens/9410_gen_products-clothing-mens_hoodie-sage_onmodel_p0181_1024x1536.png	9410	products	gen_products-clothing-mens_hoodie-sage_onmodel_p0181	1024	1536	png	1835630	9410_gen_products-clothing-mens_hoodie-sage_onmodel_p0181_1024x1536.png	lilith-ai	PD-own
clothing/mens/9411_gen_products-clothing-mens_jogger-pant_flat_p0182_1536x1024.png	9411	products	gen_products-clothing-mens_jogger-pant_flat_p0182	1536	1024	png	997716	9411_gen_products-clothing-mens_jogger-pant_flat_p0182_1536x1024.png	lilith-ai	PD-own
clothing/mens/9412_gen_products-clothing-mens_marled-merino-crewneck_ghost_p0183_1024x1536.png	9412	products	gen_products-clothing-mens_marled-merino-crewneck_ghost_p0183	1024	1536	png	3063927	9412_gen_products-clothing-mens_marled-merino-crewneck_ghost_p0183_1024x1536.png	lilith-ai	PD-own
clothing/mens/9413_gen_products-clothing-mens_navy-pique-polo_flat_p0184_1024x1024.png	9413	products	gen_products-clothing-mens_navy-pique-polo_flat_p0184	1024	1024	png	1429223	9413_gen_products-clothing-mens_navy-pique-polo_flat_p0184_1024x1024.png	lilith-ai	PD-own
clothing/mens/9414_gen_products-clothing-mens_olive-cargo-shorts_flat_p0185_1024x1536.png	9414	products	gen_products-clothing-mens_olive-cargo-shorts_flat_p0185	1024	1536	png	2103995	9414_gen_products-clothing-mens_olive-cargo-shorts_flat_p0185_1024x1536.png	lilith-ai	PD-own
clothing/mens/9415_gen_products-clothing-mens_overshirt-olive_ghost_p0186_1024x1536.png	9415	products	gen_products-clothing-mens_overshirt-olive_ghost_p0186	1024	1536	png	2172424	9415_gen_products-clothing-mens_overshirt-olive_ghost_p0186_1024x1536.png	lilith-ai	PD-own
clothing/mens/9416_gen_products-clothing-mens_oxford-shirt_flat_p0187_1024x1024.png	9416	products	gen_products-clothing-mens_oxford-shirt_flat_p0187	1024	1024	png	1201744	9416_gen_products-clothing-mens_oxford-shirt_flat_p0187_1024x1024.png	lilith-ai	PD-own
clothing/mens/9417_gen_products-clothing-mens_poppy-swim-trunks_flat_p0188_1024x1536.png	9417	products	gen_products-clothing-mens_poppy-swim-trunks_flat_p0188	1024	1536	png	1161891	9417_gen_products-clothing-mens_poppy-swim-trunks_flat_p0188_1024x1536.png	lilith-ai	PD-own
clothing/mens/9418_gen_products-clothing-mens_quarter-zip-pullover_onmodel_p0189_1024x1536.png	9418	products	gen_products-clothing-mens_quarter-zip-pullover_onmodel_p0189	1024	1536	png	2206618	9418_gen_products-clothing-mens_quarter-zip-pullover_onmodel_p0189_1024x1536.png	lilith-ai	PD-own
clothing/mens/9419_gen_products-clothing-mens_saffron-camp-shirt_onmodel_p0190_1024x1536.png	9419	products	gen_products-clothing-mens_saffron-camp-shirt_onmodel_p0190	1024	1536	png	2327573	9419_gen_products-clothing-mens_saffron-camp-shirt_onmodel_p0190_1024x1536.png	lilith-ai	PD-own
clothing/mens/9420_gen_products-clothing-mens_shorts-stripe_flat_p0191_1024x1024.png	9420	products	gen_products-clothing-mens_shorts-stripe_flat_p0191	1024	1024	png	1076746	9420_gen_products-clothing-mens_shorts-stripe_flat_p0191_1024x1024.png	lilith-ai	PD-own
clothing/mens/9421_gen_products-clothing-mens_socks-stripe_flat_p0192_1024x1024.png	9421	products	gen_products-clothing-mens_socks-stripe_flat_p0192	1024	1024	png	784252	9421_gen_products-clothing-mens_socks-stripe_flat_p0192_1024x1024.png	lilith-ai	PD-own
clothing/mens/9422_gen_products-clothing-mens_sweatshirt-crew_onmodel_p0193_1024x1536.png	9422	products	gen_products-clothing-mens_sweatshirt-crew_onmodel_p0193	1024	1536	png	1478355	9422_gen_products-clothing-mens_sweatshirt-crew_onmodel_p0193_1024x1536.png	lilith-ai	PD-own
clothing/mens/9423_gen_products-clothing-mens_swim-trunk_flat_p0194_1536x1024.png	9423	products	gen_products-clothing-mens_swim-trunk_flat_p0194	1536	1024	png	2171724	9423_gen_products-clothing-mens_swim-trunk_flat_p0194_1536x1024.png	lilith-ai	PD-own
clothing/mens/9424_gen_products-clothing-mens_tee-baseball-raglan_flat_p0195_1024x1024.png	9424	products	gen_products-clothing-mens_tee-baseball-raglan_flat_p0195	1024	1024	png	1246621	9424_gen_products-clothing-mens_tee-baseball-raglan_flat_p0195_1024x1024.png	lilith-ai	PD-own
clothing/mens/9425_gen_products-clothing-mens_tee-pocket-cream_flat_p0196_1024x1024.png	9425	products	gen_products-clothing-mens_tee-pocket-cream_flat_p0196	1024	1024	png	921458	9425_gen_products-clothing-mens_tee-pocket-cream_flat_p0196_1024x1024.png	lilith-ai	PD-own
clothing/mens/9426_gen_products-clothing-mens_tee-summer-blue_onmodel_p0197_1024x1536.png	9426	products	gen_products-clothing-mens_tee-summer-blue_onmodel_p0197	1024	1536	png	1792240	9426_gen_products-clothing-mens_tee-summer-blue_onmodel_p0197_1024x1536.png	lilith-ai	PD-own
clothing/mens/9427_gen_products-clothing-mens_tobacco-leather-jacket_onmodel_p0198_1024x1536.png	9427	products	gen_products-clothing-mens_tobacco-leather-jacket_onmodel_p0198	1024	1536	png	2024158	9427_gen_products-clothing-mens_tobacco-leather-jacket_onmodel_p0198_1024x1536.png	lilith-ai	PD-own
clothing/mens/9428_gen_products-clothing-mens_merino-wool-crew-socks-charcoal-teal_flat_p0199_2048x2048.png	9428	products	gen_products-clothing-mens_merino-wool-crew-socks-charcoal-teal_flat_p0199	2048	2048	png	3591216	9428_gen_products-clothing-mens_merino-wool-crew-socks-charcoal-teal_flat_p0199_2048x2048.png	lilith-ai	PD-own
clothing/mens/9429_gen_products-clothing-mens_scarlet-mens-overshirt_onmodel_p0200_1024x1536.png	9429	products	gen_products-clothing-mens_scarlet-mens-overshirt_onmodel_p0200	1024	1536	png	2410329	9429_gen_products-clothing-mens_scarlet-mens-overshirt_onmodel_p0200_1024x1536.png	lilith-ai	PD-own
clothing/mens/9430_gen_products-clothing-mens_waxed-shacket_p0201_2160x3840.png	9430	products	gen_products-clothing-mens_waxed-shacket_p0201	2160	3840	png	8199004	9430_gen_products-clothing-mens_waxed-shacket_p0201_2160x3840.png	lilith-ai	PD-own
clothing/womens/activewear/9431_gen_products-clothing-womens-activewear_bike-short-bra-yellow_flat_p0202_1536x1024.png	9431	products	gen_products-clothing-womens-activewear_bike-short-bra-yellow_flat_p0202	1536	1024	png	620202	9431_gen_products-clothing-womens-activewear_bike-short-bra-yellow_flat_p0202_1536x1024.png	lilith-ai	PD-own
clothing/womens/activewear/9432_gen_products-clothing-womens-activewear_flare-leggings-crop-terracotta_flat_p0203_1024x1536.png	9432	products	gen_products-clothing-womens-activewear_flare-leggings-crop-terracotta_flat_p0203	1024	1536	png	1201352	9432_gen_products-clothing-womens-activewear_flare-leggings-crop-terracotta_flat_p0203_1024x1536.png	lilith-ai	PD-own
clothing/womens/activewear/9433_gen_products-clothing-womens-activewear_hoodie-jogger-set-dustyblue_flat_p0204_1536x1024.png	9433	products	gen_products-clothing-womens-activewear_hoodie-jogger-set-dustyblue_flat_p0204	1536	1024	png	1249084	9433_gen_products-clothing-womens-activewear_hoodie-jogger-set-dustyblue_flat_p0204_1536x1024.png	lilith-ai	PD-own
clothing/womens/activewear/9434_gen_products-clothing-womens-activewear_longsleeve-leggings-mustard_flat_p0205_1536x1024.png	9434	products	gen_products-clothing-womens-activewear_longsleeve-leggings-mustard_flat_p0205	1536	1024	png	582343	9434_gen_products-clothing-womens-activewear_longsleeve-leggings-mustard_flat_p0205_1536x1024.png	lilith-ai	PD-own
clothing/womens/activewear/9435_gen_products-clothing-womens-activewear_quarter-zip-leggings-teal_flat_p0206_1536x1024.png	9435	products	gen_products-clothing-womens-activewear_quarter-zip-leggings-teal_flat_p0206	1536	1024	png	956885	9435_gen_products-clothing-womens-activewear_quarter-zip-leggings-teal_flat_p0206_1536x1024.png	lilith-ai	PD-own
clothing/womens/activewear/9436_gen_products-clothing-womens-activewear_romper-active-sage_flat_p0207_1024x1536.png	9436	products	gen_products-clothing-womens-activewear_romper-active-sage_flat_p0207	1024	1536	png	1280855	9436_gen_products-clothing-womens-activewear_romper-active-sage_flat_p0207_1024x1536.png	lilith-ai	PD-own
clothing/womens/activewear/9437_gen_products-clothing-womens-activewear_sportsbra-leggings-set-coral_flat_p0208_1536x1024.png	9437	products	gen_products-clothing-womens-activewear_sportsbra-leggings-set-coral_flat_p0208	1536	1024	png	389266	9437_gen_products-clothing-womens-activewear_sportsbra-leggings-set-coral_flat_p0208_1536x1024.png	lilith-ai	PD-own
clothing/womens/activewear/9438_gen_products-clothing-womens-activewear_tennis-dress-cream_flat_p0209_1024x1536.png	9438	products	gen_products-clothing-womens-activewear_tennis-dress-cream_flat_p0209	1024	1536	png	1384734	9438_gen_products-clothing-womens-activewear_tennis-dress-cream_flat_p0209_1024x1536.png	lilith-ai	PD-own
clothing/womens/activewear/9439_gen_products-clothing-womens-activewear_windbreaker-shorts-coral_flat_p0210_1536x1024.png	9439	products	gen_products-clothing-womens-activewear_windbreaker-shorts-coral_flat_p0210	1536	1024	png	1161687	9439_gen_products-clothing-womens-activewear_windbreaker-shorts-coral_flat_p0210_1536x1024.png	lilith-ai	PD-own
clothing/womens/activewear/9440_gen_products-clothing-womens-activewear_bike-shorts-bra-yellow_onmodel_p0202_1024x1536.png	9440	products	gen_products-clothing-womens-activewear_bike-shorts-bra-yellow_onmodel_p0202	1024	1536	png	948134	9440_gen_products-clothing-womens-activewear_bike-shorts-bra-yellow_onmodel_p0202_1024x1536.png	lilith-ai	PD-own
clothing/womens/activewear/9441_gen_products-clothing-womens-activewear_crop-hoodie-flare-cream_onmodel_p0212_1024x1536.png	9441	products	gen_products-clothing-womens-activewear_crop-hoodie-flare-cream_onmodel_p0212	1024	1536	png	1685884	9441_gen_products-clothing-womens-activewear_crop-hoodie-flare-cream_onmodel_p0212_1024x1536.png	lilith-ai	PD-own
clothing/womens/activewear/9442_gen_products-clothing-womens-activewear_flare-leggings-terracotta_onmodel_p0203_1024x1536.png	9442	products	gen_products-clothing-womens-activewear_flare-leggings-terracotta_onmodel_p0203	1024	1536	png	1005371	9442_gen_products-clothing-womens-activewear_flare-leggings-terracotta_onmodel_p0203_1024x1536.png	lilith-ai	PD-own
clothing/womens/activewear/9443_gen_products-clothing-womens-activewear_hoodie-jogger-dustyblue_onmodel_p0204_1024x1536.png	9443	products	gen_products-clothing-womens-activewear_hoodie-jogger-dustyblue_onmodel_p0204	1024	1536	png	1282009	9443_gen_products-clothing-womens-activewear_hoodie-jogger-dustyblue_onmodel_p0204_1024x1536.png	lilith-ai	PD-own
clothing/womens/activewear/9444_gen_products-clothing-womens-activewear_longsleeve-tee-leggings-mustard_onmodel_p0205_1024x1536.png	9444	products	gen_products-clothing-womens-activewear_longsleeve-tee-leggings-mustard_onmodel_p0205	1024	1536	png	1067096	9444_gen_products-clothing-womens-activewear_longsleeve-tee-leggings-mustard_onmodel_p0205_1024x1536.png	lilith-ai	PD-own
clothing/womens/activewear/9445_gen_products-clothing-womens-activewear_quarter-zip-leggings-teal_onmodel_p0206_1024x1536.png	9445	products	gen_products-clothing-womens-activewear_quarter-zip-leggings-teal_onmodel_p0206	1024	1536	png	1409461	9445_gen_products-clothing-womens-activewear_quarter-zip-leggings-teal_onmodel_p0206_1024x1536.png	lilith-ai	PD-own
clothing/womens/activewear/9446_gen_products-clothing-womens-activewear_romper-active-sage_onmodel_p0207_1024x1536.png	9446	products	gen_products-clothing-womens-activewear_romper-active-sage_onmodel_p0207	1024	1536	png	1324119	9446_gen_products-clothing-womens-activewear_romper-active-sage_onmodel_p0207_1024x1536.png	lilith-ai	PD-own
clothing/womens/activewear/9447_gen_products-clothing-womens-activewear_sportsbra-leggings-coral_onmodel_p0208_1024x1536.png	9447	products	gen_products-clothing-womens-activewear_sportsbra-leggings-coral_onmodel_p0208	1024	1536	png	1755911	9447_gen_products-clothing-womens-activewear_sportsbra-leggings-coral_onmodel_p0208_1024x1536.png	lilith-ai	PD-own
clothing/womens/activewear/9448_gen_products-clothing-womens-activewear_tank-shorts-sage_onmodel_p0219_1024x1536.png	9448	products	gen_products-clothing-womens-activewear_tank-shorts-sage_onmodel_p0219	1024	1536	png	1848524	9448_gen_products-clothing-womens-activewear_tank-shorts-sage_onmodel_p0219_1024x1536.png	lilith-ai	PD-own
clothing/womens/activewear/9449_gen_products-clothing-womens-activewear_tennis-dress-cream_onmodel_p0209_1024x1536.png	9449	products	gen_products-clothing-womens-activewear_tennis-dress-cream_onmodel_p0209	1024	1536	png	1288132	9449_gen_products-clothing-womens-activewear_tennis-dress-cream_onmodel_p0209_1024x1536.png	lilith-ai	PD-own
clothing/womens/activewear/9450_gen_products-clothing-womens-activewear_windbreaker-shorts-coral_onmodel_p0210_1024x1536.png	9450	products	gen_products-clothing-womens-activewear_windbreaker-shorts-coral_onmodel_p0210	1024	1536	png	1290168	9450_gen_products-clothing-womens-activewear_windbreaker-shorts-coral_onmodel_p0210_1024x1536.png	lilith-ai	PD-own
clothing/womens/activewear/9451_gen_products-clothing-womens-activewear_leggings-pack-two_p0222_1536x1024.png	9451	products	gen_products-clothing-womens-activewear_leggings-pack-two_p0222	1536	1024	png	1295671	9451_gen_products-clothing-womens-activewear_leggings-pack-two_p0222_1536x1024.png	lilith-ai	PD-own
clothing/womens/activewear/9452_gen_products-clothing-womens-activewear_oversized-tee-trio_p0223_1536x1024.png	9452	products	gen_products-clothing-womens-activewear_oversized-tee-trio_p0223	1536	1024	png	936345	9452_gen_products-clothing-womens-activewear_oversized-tee-trio_p0223_1536x1024.png	lilith-ai	PD-own
clothing/womens/activewear/9453_gen_products-clothing-womens-activewear_seamless-bra-pack-three_p0224_1536x1024.png	9453	products	gen_products-clothing-womens-activewear_seamless-bra-pack-three_p0224	1536	1024	png	1114818	9453_gen_products-clothing-womens-activewear_seamless-bra-pack-three_p0224_1536x1024.png	lilith-ai	PD-own
clothing/womens/activewear/9454_gen_products-clothing-womens-activewear_cherry-red-short-set_onmodel_p0225_2160x3840.png	9454	products	gen_products-clothing-womens-activewear_cherry-red-short-set_onmodel_p0225	2160	3840	png	9445397	9454_gen_products-clothing-womens-activewear_cherry-red-short-set_onmodel_p0225_2160x3840.png	lilith-ai	PD-own
clothing/womens/activewear/9455_gen_products-clothing-womens-activewear_cherry-red-short-set_onmodel_p0225_1536x2752.jpg	9455	products	gen_products-clothing-womens-activewear_cherry-red-short-set_onmodel_p0225	1536	2752	jpg	234784	9455_gen_products-clothing-womens-activewear_cherry-red-short-set_onmodel_p0225_1536x2752.jpg	lilith-ai	PD-own
clothing/womens/activewear/9456_gen_products-clothing-womens-activewear_electric-bike-shorts_p0226_2160x3840.png	9456	products	gen_products-clothing-womens-activewear_electric-bike-shorts_p0226	2160	3840	png	6869054	9456_gen_products-clothing-womens-activewear_electric-bike-shorts_p0226_2160x3840.png	lilith-ai	PD-own
clothing/womens/activewear/9457_gen_products-clothing-womens-activewear_sculpt-leggings_p0227_2160x3840.png	9457	products	gen_products-clothing-womens-activewear_sculpt-leggings_p0227	2160	3840	png	4198086	9457_gen_products-clothing-womens-activewear_sculpt-leggings_p0227_2160x3840.png	lilith-ai	PD-own
clothing/womens/activewear/9458_gen_products-clothing-womens-activewear_tennis-skirt-jewel_onmodel_p0228_1024x1536.png	9458	products	gen_products-clothing-womens-activewear_tennis-skirt-jewel_onmodel_p0228	1024	1536	png	1483213	9458_gen_products-clothing-womens-activewear_tennis-skirt-jewel_onmodel_p0228_1024x1536.png	lilith-ai	PD-own
clothing/womens/activewear/9459_gen_products-clothing-womens-activewear_high-waist-pocket-leggings-cobalt_onmodel_p0229_3072x5504.jpg	9459	products	gen_products-clothing-womens-activewear_high-waist-pocket-leggings-cobalt_onmodel_p0229	3072	5504	jpg	981386	9459_gen_products-clothing-womens-activewear_high-waist-pocket-leggings-cobalt_onmodel_p0229_3072x5504.jpg	lilith-ai	PD-own
clothing/womens/activewear/9460_gen_products-clothing-womens-activewear_highwaist-leggings-sage_onmodel_p0230_3072x5504.jpg	9460	products	gen_products-clothing-womens-activewear_highwaist-leggings-sage_onmodel_p0230	3072	5504	jpg	965853	9460_gen_products-clothing-womens-activewear_highwaist-leggings-sage_onmodel_p0230_3072x5504.jpg	lilith-ai	PD-own
clothing/womens/activewear/9461_gen_products-clothing-womens-activewear_packable-down-jacket-teal_onmodel_p0231_3072x5504.jpg	9461	products	gen_products-clothing-womens-activewear_packable-down-jacket-teal_onmodel_p0231	3072	5504	jpg	1631052	9461_gen_products-clothing-womens-activewear_packable-down-jacket-teal_onmodel_p0231_3072x5504.jpg	lilith-ai	PD-own
clothing/womens/activewear/9462_gen_products-clothing-womens-activewear_softshell-jacket-slate_onmodel_p0232_3072x5504.jpg	9462	products	gen_products-clothing-womens-activewear_softshell-jacket-slate_onmodel_p0232	3072	5504	jpg	1520034	9462_gen_products-clothing-womens-activewear_softshell-jacket-slate_onmodel_p0232_3072x5504.jpg	lilith-ai	PD-own
clothing/womens/activewear/9463_gen_products-clothing-womens-activewear_swim-onepiece_flat_p0233_1024x1024.png	9463	products	gen_products-clothing-womens-activewear_swim-onepiece_flat_p0233	1024	1024	png	572305	9463_gen_products-clothing-womens-activewear_swim-onepiece_flat_p0233_1024x1024.png	lilith-ai	PD-own
clothing/womens/activewear/9464_gen_products-clothing-womens-activewear_trail-leggings-set-teal-charcoal_flat_p0234_2048x2048.png	9464	products	gen_products-clothing-womens-activewear_trail-leggings-set-teal-charcoal_flat_p0234	2048	2048	png	4505368	9464_gen_products-clothing-womens-activewear_trail-leggings-set-teal-charcoal_flat_p0234_2048x2048.png	lilith-ai	PD-own
clothing/womens/dark-bg/9465_gen_products-clothing-womens-dark-bg_acid-lime-trench_p0235_2160x3840.png	9465	products	gen_products-clothing-womens-dark-bg_acid-lime-trench_p0235	2160	3840	png	8569724	9465_gen_products-clothing-womens-dark-bg_acid-lime-trench_p0235_2160x3840.png	lilith-ai	PD-own
clothing/womens/dark-bg/9466_gen_products-clothing-womens-dark-bg_chartreuse-fringe-mini-dress_onmodel_p0236_2160x3840.png	9466	products	gen_products-clothing-womens-dark-bg_chartreuse-fringe-mini-dress_onmodel_p0236	2160	3840	png	9826393	9466_gen_products-clothing-womens-dark-bg_chartreuse-fringe-mini-dress_onmodel_p0236_2160x3840.png	lilith-ai	PD-own
clothing/womens/dark-bg/9467_gen_products-clothing-womens-dark-bg_chartreuse-pleated-midi-skirt_onmodel_p0237_1024x1536.png	9467	products	gen_products-clothing-womens-dark-bg_chartreuse-pleated-midi-skirt_onmodel_p0237	1024	1536	png	2298157	9467_gen_products-clothing-womens-dark-bg_chartreuse-pleated-midi-skirt_onmodel_p0237_1024x1536.png	lilith-ai	PD-own
clothing/womens/dark-bg/9468_gen_products-clothing-womens-dark-bg_cobalt-one-shoulder-dress_p0238_2160x3840.png	9468	products	gen_products-clothing-womens-dark-bg_cobalt-one-shoulder-dress_p0238	2160	3840	png	8376083	9468_gen_products-clothing-womens-dark-bg_cobalt-one-shoulder-dress_p0238_2160x3840.png	lilith-ai	PD-own
clothing/womens/dark-bg/9469_gen_products-clothing-womens-dark-bg_cobalt-trailing-hem-slip-dress_onmodel_p0239_2160x3840.png	9469	products	gen_products-clothing-womens-dark-bg_cobalt-trailing-hem-slip-dress_onmodel_p0239	2160	3840	png	8273059	9469_gen_products-clothing-womens-dark-bg_cobalt-trailing-hem-slip-dress_onmodel_p0239_2160x3840.png	lilith-ai	PD-own
clothing/womens/dark-bg/9470_gen_products-clothing-womens-dark-bg_emerald-cutout-knit-dress_p0240_2160x3840.png	9470	products	gen_products-clothing-womens-dark-bg_emerald-cutout-knit-dress_p0240	2160	3840	png	7650938	9470_gen_products-clothing-womens-dark-bg_emerald-cutout-knit-dress_p0240_2160x3840.png	lilith-ai	PD-own
clothing/womens/dark-bg/9471_gen_products-clothing-womens-dark-bg_emerald-velvet-bow-mini_onmodel_p0241_1536x2752.jpg	9471	products	gen_products-clothing-womens-dark-bg_emerald-velvet-bow-mini_onmodel_p0241	1536	2752	jpg	2318652	9471_gen_products-clothing-womens-dark-bg_emerald-velvet-bow-mini_onmodel_p0241_1536x2752.jpg	lilith-ai	PD-own
clothing/womens/dark-bg/9472_gen_products-clothing-womens-dark-bg_emerald-velvet-bow-mini_onmodel_p0241_2160x3840.png	9472	products	gen_products-clothing-womens-dark-bg_emerald-velvet-bow-mini_onmodel_p0241	2160	3840	png	8266790	9472_gen_products-clothing-womens-dark-bg_emerald-velvet-bow-mini_onmodel_p0241_2160x3840.png	lilith-ai	PD-own
clothing/womens/dark-bg/9473_gen_products-clothing-womens-dark-bg_fuchsia-faux-fur-cropped-coat_onmodel_p0242_2160x3840.png	9473	products	gen_products-clothing-womens-dark-bg_fuchsia-faux-fur-cropped-coat_onmodel_p0242	2160	3840	png	8431633	9473_gen_products-clothing-womens-dark-bg_fuchsia-faux-fur-cropped-coat_onmodel_p0242_2160x3840.png	lilith-ai	PD-own
clothing/womens/dark-bg/9474_gen_products-clothing-womens-dark-bg_magenta-leopard-sequin-gown_onmodel_p0243_2160x3840.png	9474	products	gen_products-clothing-womens-dark-bg_magenta-leopard-sequin-gown_onmodel_p0243	2160	3840	png	11929890	9474_gen_products-clothing-womens-dark-bg_magenta-leopard-sequin-gown_onmodel_p0243_2160x3840.png	lilith-ai	PD-own
clothing/womens/dark-bg/9475_gen_products-clothing-womens-dark-bg_magenta-sequin-mini_p0244_2160x3840.png	9475	products	gen_products-clothing-womens-dark-bg_magenta-sequin-mini_p0244	2160	3840	png	8585040	9475_gen_products-clothing-womens-dark-bg_magenta-sequin-mini_p0244_2160x3840.png	lilith-ai	PD-own
clothing/womens/dark-bg/9476_gen_products-clothing-womens-dark-bg_neon-colorblock-sports-set_p0245_2160x3840.png	9476	products	gen_products-clothing-womens-dark-bg_neon-colorblock-sports-set_p0245	2160	3840	png	7829827	9476_gen_products-clothing-womens-dark-bg_neon-colorblock-sports-set_p0245_2160x3840.png	lilith-ai	PD-own
clothing/womens/dark-bg/9477_gen_products-clothing-womens-dark-bg_silver-sequin-fringe-flapper-dress_onmodel_p0246_2160x3840.png	9477	products	gen_products-clothing-womens-dark-bg_silver-sequin-fringe-flapper-dress_onmodel_p0246	2160	3840	png	11016044	9477_gen_products-clothing-womens-dark-bg_silver-sequin-fringe-flapper-dress_onmodel_p0246_2160x3840.png	lilith-ai	PD-own
clothing/womens/dark-bg/9478_gen_products-clothing-womens-dark-bg_silver-sequin-suit_p0247_2160x3840.png	9478	products	gen_products-clothing-womens-dark-bg_silver-sequin-suit_p0247	2160	3840	png	12533673	9478_gen_products-clothing-womens-dark-bg_silver-sequin-suit_p0247_2160x3840.png	lilith-ai	PD-own
clothing/womens/dark-bg/9479_gen_products-clothing-womens-dark-bg_swim-onepiece-onmodel-pool_onmodel_p0248_1024x1536.png	9479	products	gen_products-clothing-womens-dark-bg_swim-onepiece-onmodel-pool_onmodel_p0248	1024	1536	png	2080312	9479_gen_products-clothing-womens-dark-bg_swim-onepiece-onmodel-pool_onmodel_p0248_1024x1536.png	lilith-ai	PD-own
clothing/womens/dark-bg/9480_gen_products-clothing-womens-dark-bg_tropical-floral-maxi_p0249_2160x3840.png	9480	products	gen_products-clothing-womens-dark-bg_tropical-floral-maxi_p0249	2160	3840	png	10821485	9480_gen_products-clothing-womens-dark-bg_tropical-floral-maxi_p0249_2160x3840.png	lilith-ai	PD-own
clothing/womens/dark-bg/9481_gen_products-clothing-womens-dark-bg_ultraviolet-knit-coord_p0250_2160x3840.png	9481	products	gen_products-clothing-womens-dark-bg_ultraviolet-knit-coord_p0250	2160	3840	png	9147772	9481_gen_products-clothing-womens-dark-bg_ultraviolet-knit-coord_p0250_2160x3840.png	lilith-ai	PD-own
clothing/womens/dark-bg/9482_gen_products-clothing-womens-dark-bg_wedding-guest-onmodel-editorial_onmodel_p0251_1024x1536.png	9482	products	gen_products-clothing-womens-dark-bg_wedding-guest-onmodel-editorial_onmodel_p0251	1024	1536	png	1858079	9482_gen_products-clothing-womens-dark-bg_wedding-guest-onmodel-editorial_onmodel_p0251_1024x1536.png	lilith-ai	PD-own
clothing/womens/general/9483_gen_products-clothing-womens-general_abstract-print-silk-shirt_p0252_2160x3840.png	9483	products	gen_products-clothing-womens-general_abstract-print-silk-shirt_p0252	2160	3840	png	7881837	9483_gen_products-clothing-womens-general_abstract-print-silk-shirt_p0252_2160x3840.png	lilith-ai	PD-own
clothing/womens/general/9484_gen_products-clothing-womens-general_acid-green-oversized-graphic-tee_onmodel_p0253_2160x3840.png	9484	products	gen_products-clothing-womens-general_acid-green-oversized-graphic-tee_onmodel_p0253	2160	3840	png	14012266	9484_gen_products-clothing-womens-general_acid-green-oversized-graphic-tee_onmodel_p0253_2160x3840.png	lilith-ai	PD-own
clothing/womens/general/9485_gen_products-clothing-womens-general_blush-trench-coat_onmodel_p0254_1024x1536.png	9485	products	gen_products-clothing-womens-general_blush-trench-coat_onmodel_p0254	1024	1536	png	915581	9485_gen_products-clothing-womens-general_blush-trench-coat_onmodel_p0254_1024x1536.png	lilith-ai	PD-own
clothing/womens/general/9486_gen_products-clothing-womens-general_burgundy-tee-pomegranate_p0255_1024x1536.png	9486	products	gen_products-clothing-womens-general_burgundy-tee-pomegranate_p0255	1024	1536	png	969800	9486_gen_products-clothing-womens-general_burgundy-tee-pomegranate_p0255_1024x1536.png	lilith-ai	PD-own
clothing/womens/general/9487_gen_products-clothing-womens-general_cherry-retro-ski-intarsia-sweater_onmodel_p0256_2160x3840.png	9487	products	gen_products-clothing-womens-general_cherry-retro-ski-intarsia-sweater_onmodel_p0256	2160	3840	png	13488564	9487_gen_products-clothing-womens-general_cherry-retro-ski-intarsia-sweater_onmodel_p0256_2160x3840.png	lilith-ai	PD-own
clothing/womens/general/9488_gen_products-clothing-womens-general_cobalt-embroidered-baggy-jeans_onmodel_p0257_2160x3840.png	9488	products	gen_products-clothing-womens-general_cobalt-embroidered-baggy-jeans_onmodel_p0257	2160	3840	png	13186922	9488_gen_products-clothing-womens-general_cobalt-embroidered-baggy-jeans_onmodel_p0257_2160x3840.png	lilith-ai	PD-own
clothing/womens/general/9489_gen_products-clothing-womens-general_cobalt-faux-leather-pants_p0258_2160x3840.png	9489	products	gen_products-clothing-womens-general_cobalt-faux-leather-pants_p0258	2160	3840	png	3195897	9489_gen_products-clothing-womens-general_cobalt-faux-leather-pants_p0258_2160x3840.png	lilith-ai	PD-own
clothing/womens/general/9490_gen_products-clothing-womens-general_cobalt-puff-sleeve-mini_onmodel_p0259_1024x1536.png	9490	products	gen_products-clothing-womens-general_cobalt-puff-sleeve-mini_onmodel_p0259	1024	1536	png	1014768	9490_gen_products-clothing-womens-general_cobalt-puff-sleeve-mini_onmodel_p0259_1024x1536.png	lilith-ai	PD-own
clothing/womens/general/9491_gen_products-clothing-womens-general_colorblock-fleece-half-zip_onmodel_p0260_2160x3840.png	9491	products	gen_products-clothing-womens-general_colorblock-fleece-half-zip_onmodel_p0260	2160	3840	png	17070012	9491_gen_products-clothing-womens-general_colorblock-fleece-half-zip_onmodel_p0260_2160x3840.png	lilith-ai	PD-own
clothing/womens/general/9492_gen_products-clothing-womens-general_colorblock-mohair-sweater_p0261_2160x3840.png	9492	products	gen_products-clothing-womens-general_colorblock-mohair-sweater_p0261	2160	3840	png	8150801	9492_gen_products-clothing-womens-general_colorblock-mohair-sweater_p0261_2160x3840.png	lilith-ai	PD-own
clothing/womens/general/9493_gen_products-clothing-womens-general_cream-mohair-cardigan_onmodel_p0262_1024x1536.png	9493	products	gen_products-clothing-womens-general_cream-mohair-cardigan_onmodel_p0262	1024	1536	png	2379696	9493_gen_products-clothing-womens-general_cream-mohair-cardigan_onmodel_p0262_1024x1536.png	lilith-ai	PD-own
clothing/womens/general/9494_gen_products-clothing-womens-general_denim-jacket-women-flat_detail_p0263_1024x1024.png	9494	products	gen_products-clothing-womens-general_denim-jacket-women-flat_detail_p0263	1024	1024	png	2466251	9494_gen_products-clothing-womens-general_denim-jacket-women-flat_detail_p0263_1024x1024.png	lilith-ai	PD-own
clothing/womens/general/9495_gen_products-clothing-womens-general_denim-jumpsuit-flat-lifestyle_flat_p0264_1024x1536.png	9495	products	gen_products-clothing-womens-general_denim-jumpsuit-flat-lifestyle_flat_p0264	1024	1536	png	1700423	9495_gen_products-clothing-womens-general_denim-jumpsuit-flat-lifestyle_flat_p0264_1024x1536.png	lilith-ai	PD-own
clothing/womens/general/9496_gen_products-clothing-womens-general_emerald-cutout-knit-dress_onmodel_p0240_2160x3840.png	9496	products	gen_products-clothing-womens-general_emerald-cutout-knit-dress_onmodel_p0240	2160	3840	png	5684505	9496_gen_products-clothing-womens-general_emerald-cutout-knit-dress_onmodel_p0240_2160x3840.png	lilith-ai	PD-own
clothing/womens/general/9497_gen_products-clothing-womens-general_emerald-velvet-tuxedo-trouser_flat_p0265_1024x1536.png	9497	products	gen_products-clothing-womens-general_emerald-velvet-tuxedo-trouser_flat_p0265	1024	1536	png	1154540	9497_gen_products-clothing-womens-general_emerald-velvet-tuxedo-trouser_flat_p0265_1024x1536.png	lilith-ai	PD-own
clothing/womens/general/9498_gen_products-clothing-womens-general_fuchsia-blazer_onmodel_p0266_1024x1536.png	9498	products	gen_products-clothing-womens-general_fuchsia-blazer_onmodel_p0266	1024	1536	png	1459547	9498_gen_products-clothing-womens-general_fuchsia-blazer_onmodel_p0266_1024x1536.png	lilith-ai	PD-own
clothing/womens/general/9499_gen_products-clothing-womens-general_fuchsia-blazer-dress_p0267_2160x3840.png	9499	products	gen_products-clothing-womens-general_fuchsia-blazer-dress_p0267	2160	3840	png	8518823	9499_gen_products-clothing-womens-general_fuchsia-blazer-dress_p0267_2160x3840.png	lilith-ai	PD-own
clothing/womens/general/9500_gen_products-clothing-womens-general_garnet-navy-tartan-tea-dress_onmodel_p0268_2160x3840.png	9500	products	gen_products-clothing-womens-general_garnet-navy-tartan-tea-dress_onmodel_p0268	2160	3840	png	9714526	9500_gen_products-clothing-womens-general_garnet-navy-tartan-tea-dress_onmodel_p0268_2160x3840.png	lilith-ai	PD-own
clothing/womens/general/9501_gen_products-clothing-womens-general_graphic-tee-girls-band-flat_p0269_1024x1536.png	9501	products	gen_products-clothing-womens-general_graphic-tee-girls-band-flat_p0269	1024	1536	png	1646389	9501_gen_products-clothing-womens-general_graphic-tee-girls-band-flat_p0269_1024x1536.png	lilith-ai	PD-own
clothing/womens/general/9502_gen_products-clothing-womens-general_indigo-utility-jumpsuit_onmodel_p0270_1024x1536.png	9502	products	gen_products-clothing-womens-general_indigo-utility-jumpsuit_onmodel_p0270	1024	1536	png	686470	9502_gen_products-clothing-womens-general_indigo-utility-jumpsuit_onmodel_p0270_1024x1536.png	lilith-ai	PD-own
clothing/womens/general/9503_gen_products-clothing-womens-general_ivory-cable-knit-cardigan_ghost_p0271_1024x1536.png	9503	products	gen_products-clothing-womens-general_ivory-cable-knit-cardigan_ghost_p0271	1024	1536	png	2232820	9503_gen_products-clothing-womens-general_ivory-cable-knit-cardigan_ghost_p0271_1024x1536.png	lilith-ai	PD-own
clothing/womens/general/9504_gen_products-clothing-womens-general_lemon-tank-shirt-set_onmodel_p0272_1024x1536.png	9504	products	gen_products-clothing-womens-general_lemon-tank-shirt-set_onmodel_p0272	1024	1536	png	1613174	9504_gen_products-clothing-womens-general_lemon-tank-shirt-set_onmodel_p0272_1024x1536.png	lilith-ai	PD-own
clothing/womens/general/9505_gen_products-clothing-womens-general_marigold-corduroy-overalls_onmodel_p0273_1024x1536.png	9505	products	gen_products-clothing-womens-general_marigold-corduroy-overalls_onmodel_p0273	1024	1536	png	1854432	9505_gen_products-clothing-womens-general_marigold-corduroy-overalls_onmodel_p0273_1024x1536.png	lilith-ai	PD-own
clothing/womens/general/9506_gen_products-clothing-womens-general_marigold-funnel-neck-volume-top_onmodel_p0274_2160x3840.png	9506	products	gen_products-clothing-womens-general_marigold-funnel-neck-volume-top_onmodel_p0274	2160	3840	png	12097314	9506_gen_products-clothing-womens-general_marigold-funnel-neck-volume-top_onmodel_p0274_2160x3840.png	lilith-ai	PD-own
clothing/womens/general/9507_gen_products-clothing-womens-general_marigold-palazzo-trousers_p0275_2160x3840.png	9507	products	gen_products-clothing-womens-general_marigold-palazzo-trousers_p0275	2160	3840	png	4061439	9507_gen_products-clothing-womens-general_marigold-palazzo-trousers_p0275_2160x3840.png	lilith-ai	PD-own
clothing/womens/general/9508_gen_products-clothing-womens-general_marigold-palazzo-trousers_onmodel_p0275_2160x3840.png	9508	products	gen_products-clothing-womens-general_marigold-palazzo-trousers_onmodel_p0275	2160	3840	png	9319194	9508_gen_products-clothing-womens-general_marigold-palazzo-trousers_onmodel_p0275_2160x3840.png	lilith-ai	PD-own
clothing/womens/general/9509_gen_products-clothing-womens-general_mens-buffalo-check-flannel-shirt_onmodel_p0276_3072x5504.jpg	9509	products	gen_products-clothing-womens-general_mens-buffalo-check-flannel-shirt_onmodel_p0276	3072	5504	jpg	2298994	9509_gen_products-clothing-womens-general_mens-buffalo-check-flannel-shirt_onmodel_p0276_3072x5504.jpg	lilith-ai	PD-own
clothing/womens/general/9510_gen_products-clothing-womens-general_mens-oxford-button-down-dusty-blue_onmodel_p0277_3072x5504.jpg	9510	products	gen_products-clothing-womens-general_mens-oxford-button-down-dusty-blue_onmodel_p0277	3072	5504	jpg	977711	9510_gen_products-clothing-womens-general_mens-oxford-button-down-dusty-blue_onmodel_p0277_3072x5504.jpg	lilith-ai	PD-own
clothing/womens/general/9511_gen_products-clothing-womens-general_ochre-wide-leg-jeans_flat_p0278_1024x1536.png	9511	products	gen_products-clothing-womens-general_ochre-wide-leg-jeans_flat_p0278	1024	1536	png	1976215	9511_gen_products-clothing-womens-general_ochre-wide-leg-jeans_flat_p0278_1024x1536.png	lilith-ai	PD-own
clothing/womens/general/9512_gen_products-clothing-womens-general_plisse-metallic-skirt_p0279_2160x3840.png	9512	products	gen_products-clothing-womens-general_plisse-metallic-skirt_p0279	2160	3840	png	7800977	9512_gen_products-clothing-womens-general_plisse-metallic-skirt_p0279_2160x3840.png	lilith-ai	PD-own
clothing/womens/general/9513_gen_products-clothing-womens-general_purple-deconstructed-skirt-suit_onmodel_p0280_2160x3840.png	9513	products	gen_products-clothing-womens-general_purple-deconstructed-skirt-suit_onmodel_p0280	2160	3840	png	10013415	9513_gen_products-clothing-womens-general_purple-deconstructed-skirt-suit_onmodel_p0280_2160x3840.png	lilith-ai	PD-own
clothing/womens/general/9514_gen_products-clothing-womens-general_red-skyblue-colorblock-shirtdress_onmodel_p0281_2160x3840.png	9514	products	gen_products-clothing-womens-general_red-skyblue-colorblock-shirtdress_onmodel_p0281	2160	3840	png	5206848	9514_gen_products-clothing-womens-general_red-skyblue-colorblock-shirtdress_onmodel_p0281_2160x3840.png	lilith-ai	PD-own
clothing/womens/general/9515_gen_products-clothing-womens-general_royal-purple-slip-dress-flatlay_flat_p0282_1024x1536.png	9515	products	gen_products-clothing-womens-general_royal-purple-slip-dress-flatlay_flat_p0282	1024	1536	png	1195977	9515_gen_products-clothing-womens-general_royal-purple-slip-dress-flatlay_flat_p0282_1024x1536.png	lilith-ai	PD-own
clothing/womens/general/9516_gen_products-clothing-womens-general_scarlet-puff-blouse_p0283_2160x3840.png	9516	products	gen_products-clothing-womens-general_scarlet-puff-blouse_p0283	2160	3840	png	5905399	9516_gen_products-clothing-womens-general_scarlet-puff-blouse_p0283_2160x3840.png	lilith-ai	PD-own
clothing/womens/general/9517_gen_products-clothing-womens-general_scarlet-puff-blouse_onmodel_p0283_2160x3840.png	9517	products	gen_products-clothing-womens-general_scarlet-puff-blouse_onmodel_p0283	2160	3840	png	10479208	9517_gen_products-clothing-womens-general_scarlet-puff-blouse_onmodel_p0283_2160x3840.png	lilith-ai	PD-own
clothing/womens/general/9518_gen_products-clothing-womens-general_silver-metallic-statement-puffer_ghost_p0284_2160x3840.png	9518	products	gen_products-clothing-womens-general_silver-metallic-statement-puffer_ghost_p0284	2160	3840	png	7248508	9518_gen_products-clothing-womens-general_silver-metallic-statement-puffer_ghost_p0284_2160x3840.png	lilith-ai	PD-own
clothing/womens/general/9519_gen_products-clothing-womens-general_silver-metallic-statement-puffer_onmodel_p0284_2160x3840.png	9519	products	gen_products-clothing-womens-general_silver-metallic-statement-puffer_onmodel_p0284	2160	3840	png	6682390	9519_gen_products-clothing-womens-general_silver-metallic-statement-puffer_onmodel_p0284_2160x3840.png	lilith-ai	PD-own
clothing/womens/general/9520_gen_products-clothing-womens-general_slogan-out-of-office-tee_p0285_2880x2880.png	9520	products	gen_products-clothing-womens-general_slogan-out-of-office-tee_p0285	2880	2880	png	6118038	9520_gen_products-clothing-womens-general_slogan-out-of-office-tee_p0285_2880x2880.png	lilith-ai	PD-own
clothing/womens/general/9521_gen_products-clothing-womens-general_tangerine-power-blazer_p0286_2160x3840.png	9521	products	gen_products-clothing-womens-general_tangerine-power-blazer_p0286	2160	3840	png	7551215	9521_gen_products-clothing-womens-general_tangerine-power-blazer_p0286_2160x3840.png	lilith-ai	PD-own
clothing/womens/general/9522_gen_products-clothing-womens-general_tomato-mock-neck-knit_onmodel_p0287_1024x1536.png	9522	products	gen_products-clothing-womens-general_tomato-mock-neck-knit_onmodel_p0287	1024	1536	png	1920914	9522_gen_products-clothing-womens-general_tomato-mock-neck-knit_onmodel_p0287_1024x1536.png	lilith-ai	PD-own
clothing/womens/general/9523_gen_products-clothing-womens-general_turquoise-ruffle-bralette-slip_onmodel_p0288_2160x3840.png	9523	products	gen_products-clothing-womens-general_turquoise-ruffle-bralette-slip_onmodel_p0288	2160	3840	png	7513978	9523_gen_products-clothing-womens-general_turquoise-ruffle-bralette-slip_onmodel_p0288_2160x3840.png	lilith-ai	PD-own
clothing/womens/general/9524_gen_products-clothing-womens-general_coral-relaxed-tee_onmodel_p0289_1024x1536.png	9524	products	gen_products-clothing-womens-general_coral-relaxed-tee_onmodel_p0289	1024	1536	png	1541454	9524_gen_products-clothing-womens-general_coral-relaxed-tee_onmodel_p0289_1024x1536.png	lilith-ai	PD-own
clothing/womens/general/9525_gen_products-clothing-womens-general_cream-knit-cardigan_onmodel_p0290_1024x1536.png	9525	products	gen_products-clothing-womens-general_cream-knit-cardigan_onmodel_p0290	1024	1536	png	1683400	9525_gen_products-clothing-womens-general_cream-knit-cardigan_onmodel_p0290_1024x1536.png	lilith-ai	PD-own
clothing/womens/general/9526_gen_products-clothing-womens-general_denim-jacket_flat_p0291_1024x1024.png	9526	products	gen_products-clothing-womens-general_denim-jacket_flat_p0291	1024	1024	png	1626979	9526_gen_products-clothing-womens-general_denim-jacket_flat_p0291_1024x1024.png	lilith-ai	PD-own
clothing/womens/general/9527_gen_products-clothing-womens-general_ditsy-floral-sundress_onmodel_p0292_1024x1536.png	9527	products	gen_products-clothing-womens-general_ditsy-floral-sundress_onmodel_p0292	1024	1536	png	1751210	9527_gen_products-clothing-womens-general_ditsy-floral-sundress_onmodel_p0292_1024x1536.png	lilith-ai	PD-own
clothing/womens/general/9528_gen_products-clothing-womens-general_dusty-blue-blouse_onmodel_p0293_1024x1536.png	9528	products	gen_products-clothing-womens-general_dusty-blue-blouse_onmodel_p0293	1024	1536	png	1634887	9528_gen_products-clothing-womens-general_dusty-blue-blouse_onmodel_p0293_1024x1536.png	lilith-ai	PD-own
clothing/womens/general/9529_gen_products-clothing-womens-general_everyday-tshirt-dress-dusty-teal_onmodel_p0294_3072x5504.jpg	9529	products	gen_products-clothing-womens-general_everyday-tshirt-dress-dusty-teal_onmodel_p0294	3072	5504	jpg	930055	9529_gen_products-clothing-womens-general_everyday-tshirt-dress-dusty-teal_onmodel_p0294_3072x5504.jpg	lilith-ai	PD-own
clothing/womens/general/9530_gen_products-clothing-womens-general_floral-midi-sundress-blush_onmodel_p0295_3072x5504.jpg	9530	products	gen_products-clothing-womens-general_floral-midi-sundress-blush_onmodel_p0295	3072	5504	jpg	1485915	9530_gen_products-clothing-womens-general_floral-midi-sundress-blush_onmodel_p0295_3072x5504.jpg	lilith-ai	PD-own
clothing/womens/general/9531_gen_products-clothing-womens-general_floral-wrap-dress_onmodel_p0296_1024x1536.png	9531	products	gen_products-clothing-womens-general_floral-wrap-dress_onmodel_p0296	1024	1536	png	2189506	9531_gen_products-clothing-womens-general_floral-wrap-dress_onmodel_p0296_1024x1536.png	lilith-ai	PD-own
clothing/womens/general/9532_gen_products-clothing-womens-general_gingham-shirt-dress_ghost_p0297_1024x1536.png	9532	products	gen_products-clothing-womens-general_gingham-shirt-dress_ghost_p0297	1024	1536	png	2069810	9532_gen_products-clothing-womens-general_gingham-shirt-dress_ghost_p0297_1024x1536.png	lilith-ai	PD-own
clothing/womens/general/9533_gen_products-clothing-womens-general_graphic-sweatshirt_p0298_1024x1536.png	9533	products	gen_products-clothing-womens-general_graphic-sweatshirt_p0298	1024	1536	png	1750941	9533_gen_products-clothing-womens-general_graphic-sweatshirt_p0298_1024x1536.png	lilith-ai	PD-own
clothing/womens/general/9534_gen_products-clothing-womens-general_lilac-blazer_ghost_p0299_1024x1536.png	9534	products	gen_products-clothing-womens-general_lilac-blazer_ghost_p0299	1024	1536	png	1729908	9534_gen_products-clothing-womens-general_lilac-blazer_ghost_p0299_1024x1536.png	lilith-ai	PD-own
clothing/womens/general/9535_gen_products-clothing-womens-general_linen-button-shirt_flat_p0300_1024x1024.png	9535	products	gen_products-clothing-womens-general_linen-button-shirt_flat_p0300	1024	1024	png	1046452	9535_gen_products-clothing-womens-general_linen-button-shirt_flat_p0300_1024x1024.png	lilith-ai	PD-own
clothing/womens/general/9536_gen_products-clothing-womens-general_olive-cargo-pant_ghost_p0301_1024x1536.png	9536	products	gen_products-clothing-womens-general_olive-cargo-pant_ghost_p0301	1024	1536	png	1078525	9536_gen_products-clothing-womens-general_olive-cargo-pant_ghost_p0301_1024x1536.png	lilith-ai	PD-own
clothing/womens/general/9537_gen_products-clothing-womens-general_plus-jumpsuit_onmodel_p0302_1024x1536.png	9537	products	gen_products-clothing-womens-general_plus-jumpsuit_onmodel_p0302	1024	1536	png	1018189	9537_gen_products-clothing-womens-general_plus-jumpsuit_onmodel_p0302_1024x1536.png	lilith-ai	PD-own
clothing/womens/general/9538_gen_products-clothing-womens-general_puff-sleeve-blouse_flat_p0303_1024x1024.png	9538	products	gen_products-clothing-womens-general_puff-sleeve-blouse_flat_p0303	1024	1024	png	897544	9538_gen_products-clothing-womens-general_puff-sleeve-blouse_flat_p0303_1024x1024.png	lilith-ai	PD-own
clothing/womens/general/9539_gen_products-clothing-womens-general_ribbed-tank_flat_p0304_1024x1024.png	9539	products	gen_products-clothing-womens-general_ribbed-tank_flat_p0304	1024	1024	png	974395	9539_gen_products-clothing-womens-general_ribbed-tank_flat_p0304_1024x1024.png	lilith-ai	PD-own
clothing/womens/general/9540_gen_products-clothing-womens-general_rust-corduroy-skirt_ghost_p0305_1024x1536.png	9540	products	gen_products-clothing-womens-general_rust-corduroy-skirt_ghost_p0305	1024	1536	png	1776840	9540_gen_products-clothing-womens-general_rust-corduroy-skirt_ghost_p0305_1024x1536.png	lilith-ai	PD-own
clothing/womens/general/9541_gen_products-clothing-womens-general_sage-cardigan_flat_p0306_1024x1024.png	9541	products	gen_products-clothing-womens-general_sage-cardigan_flat_p0306	1024	1024	png	1926898	9541_gen_products-clothing-womens-general_sage-cardigan_flat_p0306_1024x1024.png	lilith-ai	PD-own
clothing/womens/general/9542_gen_products-clothing-womens-general_stripe-tee-dress_onmodel_p0307_1024x1536.png	9542	products	gen_products-clothing-womens-general_stripe-tee-dress_onmodel_p0307	1024	1536	png	850617	9542_gen_products-clothing-womens-general_stripe-tee-dress_onmodel_p0307_1024x1536.png	lilith-ai	PD-own
clothing/womens/general/9543_gen_products-clothing-womens-general_teal-graphic-tee_p0308_1024x1536.png	9543	products	gen_products-clothing-womens-general_teal-graphic-tee_p0308	1024	1536	png	1390020	9543_gen_products-clothing-womens-general_teal-graphic-tee_p0308_1024x1536.png	lilith-ai	PD-own
clothing/womens/general/9544_gen_products-clothing-womens-general_terracotta-knit-dress_onmodel_p0309_1024x1536.png	9544	products	gen_products-clothing-womens-general_terracotta-knit-dress_onmodel_p0309	1024	1536	png	1179571	9544_gen_products-clothing-womens-general_terracotta-knit-dress_onmodel_p0309_1024x1536.png	lilith-ai	PD-own
clothing/womens/general/9545_gen_products-clothing-womens-general_wide-leg-jean_ghost_p0310_1024x1536.png	9545	products	gen_products-clothing-womens-general_wide-leg-jean_ghost_p0310	1024	1536	png	1907153	9545_gen_products-clothing-womens-general_wide-leg-jean_ghost_p0310_1024x1536.png	lilith-ai	PD-own
clothing/womens/general/9546_gen_products-clothing-womens-general_yellow-cropped-cardigan_onmodel_p0311_1024x1536.png	9546	products	gen_products-clothing-womens-general_yellow-cropped-cardigan_onmodel_p0311	1024	1536	png	2288746	9546_gen_products-clothing-womens-general_yellow-cropped-cardigan_onmodel_p0311_1024x1536.png	lilith-ai	PD-own
clothing/womens/general/9547_gen_products-clothing-womens-general_wordmark-bloom-minimal-tee_p0312_2048x2048.jpg	9547	products	gen_products-clothing-womens-general_wordmark-bloom-minimal-tee_p0312	2048	2048	jpg	239573	9547_gen_products-clothing-womens-general_wordmark-bloom-minimal-tee_p0312_2048x2048.jpg	lilith-ai	PD-own
clothing/womens/general/9548_gen_products-clothing-womens-general_wordmark-sundaze-tee_p0313_2880x2880.png	9548	products	gen_products-clothing-womens-general_wordmark-sundaze-tee_p0313	2880	2880	png	7000571	9548_gen_products-clothing-womens-general_wordmark-sundaze-tee_p0313_2880x2880.png	lilith-ai	PD-own
clothing/womens/loungewear/9549_gen_products-clothing-womens-loungewear_blush-floral-pajama-set_flat_p0314_1024x1536.png	9549	products	gen_products-clothing-womens-loungewear_blush-floral-pajama-set_flat_p0314	1024	1536	png	1639768	9549_gen_products-clothing-womens-loungewear_blush-floral-pajama-set_flat_p0314_1024x1536.png	lilith-ai	PD-own
clothing/womens/loungewear/9550_gen_products-clothing-womens-loungewear_blush-fuzzy-slippers_flat_p0315_1536x1024.png	9550	products	gen_products-clothing-womens-loungewear_blush-fuzzy-slippers_flat_p0315	1536	1024	png	1421697	9550_gen_products-clothing-womens-loungewear_blush-fuzzy-slippers_flat_p0315_1536x1024.png	lilith-ai	PD-own
clothing/womens/loungewear/9551_gen_products-clothing-womens-loungewear_blush-robe_onmodel_p0316_1024x1536.png	9551	products	gen_products-clothing-womens-loungewear_blush-robe_onmodel_p0316	1024	1536	png	1064244	9551_gen_products-clothing-womens-loungewear_blush-robe_onmodel_p0316_1024x1536.png	lilith-ai	PD-own
clothing/womens/loungewear/9552_gen_products-clothing-womens-loungewear_blush-satin-robe_flat_p0317_1024x1536.png	9552	products	gen_products-clothing-womens-loungewear_blush-satin-robe_flat_p0317	1024	1536	png	1109900	9552_gen_products-clothing-womens-loungewear_blush-satin-robe_flat_p0317_1024x1536.png	lilith-ai	PD-own
clothing/womens/loungewear/9553_gen_products-clothing-womens-loungewear_buttery-yellow-tank-short-set_flat_p0318_1024x1024.png	9553	products	gen_products-clothing-womens-loungewear_buttery-yellow-tank-short-set_flat_p0318	1024	1024	png	607675	9553_gen_products-clothing-womens-loungewear_buttery-yellow-tank-short-set_flat_p0318_1024x1024.png	lilith-ai	PD-own
clothing/womens/loungewear/9554_gen_products-clothing-womens-loungewear_coral-lounge-shorts_flat_p0319_1536x1024.png	9554	products	gen_products-clothing-womens-loungewear_coral-lounge-shorts_flat_p0319	1536	1024	png	1250065	9554_gen_products-clothing-womens-loungewear_coral-lounge-shorts_flat_p0319_1536x1024.png	lilith-ai	PD-own
clothing/womens/loungewear/9555_gen_products-clothing-womens-loungewear_coral-pajama-set_onmodel_p0320_1024x1536.png	9555	products	gen_products-clothing-womens-loungewear_coral-pajama-set_onmodel_p0320	1024	1536	png	1472304	9555_gen_products-clothing-womens-loungewear_coral-pajama-set_onmodel_p0320_1024x1536.png	lilith-ai	PD-own
clothing/womens/loungewear/9556_gen_products-clothing-womens-loungewear_coral-ribbed-bralette_flat_p0321_1024x1024.png	9556	products	gen_products-clothing-womens-loungewear_coral-ribbed-bralette_flat_p0321	1024	1024	png	1018874	9556_gen_products-clothing-womens-loungewear_coral-ribbed-bralette_flat_p0321_1024x1024.png	lilith-ai	PD-own
clothing/womens/loungewear/9557_gen_products-clothing-womens-loungewear_cream-thermal-henley-pants_flat_p0322_1024x1536.png	9557	products	gen_products-clothing-womens-loungewear_cream-thermal-henley-pants_flat_p0322	1024	1536	png	1805901	9557_gen_products-clothing-womens-loungewear_cream-thermal-henley-pants_flat_p0322_1024x1536.png	lilith-ai	PD-own
clothing/womens/loungewear/9558_gen_products-clothing-womens-loungewear_cream-thermal-set_onmodel_p0323_1024x1536.png	9558	products	gen_products-clothing-womens-loungewear_cream-thermal-set_onmodel_p0323	1024	1536	png	1792880	9558_gen_products-clothing-womens-loungewear_cream-thermal-set_onmodel_p0323_1024x1536.png	lilith-ai	PD-own
clothing/womens/loungewear/9559_gen_products-clothing-womens-loungewear_dusty-blue-floral-pajamas_onmodel_p0324_1024x1536.png	9559	products	gen_products-clothing-womens-loungewear_dusty-blue-floral-pajamas_onmodel_p0324	1024	1536	png	1651287	9559_gen_products-clothing-womens-loungewear_dusty-blue-floral-pajamas_onmodel_p0324_1024x1536.png	lilith-ai	PD-own
clothing/womens/loungewear/9560_gen_products-clothing-womens-loungewear_dusty-blue-modal-robe_flat_p0325_1024x1536.png	9560	products	gen_products-clothing-womens-loungewear_dusty-blue-modal-robe_flat_p0325	1024	1536	png	1870314	9560_gen_products-clothing-womens-loungewear_dusty-blue-modal-robe_flat_p0325_1024x1536.png	lilith-ai	PD-own
clothing/womens/loungewear/9561_gen_products-clothing-womens-loungewear_dusty-blue-pajama-set_flat_p0326_1024x1536.png	9561	products	gen_products-clothing-womens-loungewear_dusty-blue-pajama-set_flat_p0326	1024	1536	png	1616865	9561_gen_products-clothing-womens-loungewear_dusty-blue-pajama-set_flat_p0326_1024x1536.png	lilith-ai	PD-own
clothing/womens/loungewear/9562_gen_products-clothing-womens-loungewear_ivory-cable-knit-slippers_flat_p0327_1536x1024.png	9562	products	gen_products-clothing-womens-loungewear_ivory-cable-knit-slippers_flat_p0327	1536	1024	png	1039658	9562_gen_products-clothing-womens-loungewear_ivory-cable-knit-slippers_flat_p0327_1536x1024.png	lilith-ai	PD-own
clothing/womens/loungewear/9563_gen_products-clothing-womens-loungewear_ivory-lounge-set_onmodel_p0328_1024x1536.png	9563	products	gen_products-clothing-womens-loungewear_ivory-lounge-set_onmodel_p0328	1024	1536	png	1023519	9563_gen_products-clothing-womens-loungewear_ivory-lounge-set_onmodel_p0328_1024x1536.png	lilith-ai	PD-own
clothing/womens/loungewear/9564_gen_products-clothing-womens-loungewear_ivory-wireless-bralette_flat_p0329_1024x1024.png	9564	products	gen_products-clothing-womens-loungewear_ivory-wireless-bralette_flat_p0329	1024	1024	png	941713	9564_gen_products-clothing-womens-loungewear_ivory-wireless-bralette_flat_p0329_1024x1024.png	lilith-ai	PD-own
clothing/womens/loungewear/9565_gen_products-clothing-womens-loungewear_lavender-modal-cami-set_flat_p0330_1024x1024.png	9565	products	gen_products-clothing-womens-loungewear_lavender-modal-cami-set_flat_p0330	1024	1024	png	680198	9565_gen_products-clothing-womens-loungewear_lavender-modal-cami-set_flat_p0330_1024x1024.png	lilith-ai	PD-own
clothing/womens/loungewear/9566_gen_products-clothing-womens-loungewear_set-tonal-flatlay_flat_p0331_1024x1024.png	9566	products	gen_products-clothing-womens-loungewear_set-tonal-flatlay_flat_p0331	1024	1024	png	1208572	9566_gen_products-clothing-womens-loungewear_set-tonal-flatlay_flat_p0331_1024x1024.png	lilith-ai	PD-own
clothing/womens/loungewear/9567_gen_products-clothing-womens-loungewear_navy-stripe-pajama-set_flat_p0332_1024x1536.png	9567	products	gen_products-clothing-womens-loungewear_navy-stripe-pajama-set_flat_p0332	1024	1536	png	774271	9567_gen_products-clothing-womens-loungewear_navy-stripe-pajama-set_flat_p0332_1024x1536.png	lilith-ai	PD-own
clothing/womens/loungewear/9568_gen_products-clothing-womens-loungewear_sage-bralette-brief-set_flat_p0333_1024x1024.png	9568	products	gen_products-clothing-womens-loungewear_sage-bralette-brief-set_flat_p0333	1024	1024	png	773694	9568_gen_products-clothing-womens-loungewear_sage-bralette-brief-set_flat_p0333_1024x1024.png	lilith-ai	PD-own
clothing/womens/loungewear/9569_gen_products-clothing-womens-loungewear_sage-ribbed-lounge-set_flat_p0334_1024x1024.png	9569	products	gen_products-clothing-womens-loungewear_sage-ribbed-lounge-set_flat_p0334	1024	1024	png	736775	9569_gen_products-clothing-womens-loungewear_sage-ribbed-lounge-set_flat_p0334_1024x1024.png	lilith-ai	PD-own
clothing/womens/loungewear/9570_gen_products-clothing-womens-loungewear_sage-ribbed-set_onmodel_p0335_1024x1536.png	9570	products	gen_products-clothing-womens-loungewear_sage-ribbed-set_onmodel_p0335	1024	1536	png	2284569	9570_gen_products-clothing-womens-loungewear_sage-ribbed-set_onmodel_p0335_1024x1536.png	lilith-ai	PD-own
clothing/womens/loungewear/9571_gen_products-clothing-womens-loungewear_teal-waffle-robe_flat_p0336_1024x1536.png	9571	products	gen_products-clothing-womens-loungewear_teal-waffle-robe_flat_p0336	1024	1536	png	2687215	9571_gen_products-clothing-womens-loungewear_teal-waffle-robe_flat_p0336_1024x1536.png	lilith-ai	PD-own
clothing/womens/loungewear/9572_gen_products-clothing-womens-loungewear_terracotta-french-terry_onmodel_p0337_1024x1536.png	9572	products	gen_products-clothing-womens-loungewear_terracotta-french-terry_onmodel_p0337	1024	1536	png	1064094	9572_gen_products-clothing-womens-loungewear_terracotta-french-terry_onmodel_p0337_1024x1536.png	lilith-ai	PD-own
clothing/womens/loungewear/9573_gen_products-clothing-womens-loungewear_terracotta-lounge-set_flat_p0338_1024x1024.png	9573	products	gen_products-clothing-womens-loungewear_terracotta-lounge-set_flat_p0338	1024	1024	png	578932	9573_gen_products-clothing-womens-loungewear_terracotta-lounge-set_flat_p0338_1024x1024.png	lilith-ai	PD-own
clothing/womens/loungewear/9574_gen_products-clothing-womens-loungewear_white-faux-fur-apres-coat_onmodel_p0339_2160x3840.png	9574	products	gen_products-clothing-womens-loungewear_white-faux-fur-apres-coat_onmodel_p0339	2160	3840	png	7765637	9574_gen_products-clothing-womens-loungewear_white-faux-fur-apres-coat_onmodel_p0339_2160x3840.png	lilith-ai	PD-own
clothing/womens/loungewear/9575_gen_products-clothing-womens-loungewear_blush-pajama-set_flat_p0340_1536x1024.png	9575	products	gen_products-clothing-womens-loungewear_blush-pajama-set_flat_p0340	1536	1024	png	1337278	9575_gen_products-clothing-womens-loungewear_blush-pajama-set_flat_p0340_1536x1024.png	lilith-ai	PD-own
clothing/womens/loungewear/9576_gen_products-clothing-womens-loungewear_bralette_flat_p0341_1024x1024.png	9576	products	gen_products-clothing-womens-loungewear_bralette_flat_p0341	1024	1024	png	1252518	9576_gen_products-clothing-womens-loungewear_bralette_flat_p0341_1024x1024.png	lilith-ai	PD-own
clothing/womens/loungewear/9577_gen_products-clothing-womens-loungewear_knit-tank-set_flat_p0342_1536x1024.png	9577	products	gen_products-clothing-womens-loungewear_knit-tank-set_flat_p0342	1536	1024	png	768335	9577_gen_products-clothing-womens-loungewear_knit-tank-set_flat_p0342_1536x1024.png	lilith-ai	PD-own
clothing/womens/loungewear/9578_gen_products-clothing-womens-loungewear_lounge-set-blush_onmodel_p0343_3072x5504.jpg	9578	products	gen_products-clothing-womens-loungewear_lounge-set-blush_onmodel_p0343	3072	5504	jpg	841956	9578_gen_products-clothing-womens-loungewear_lounge-set-blush_onmodel_p0343_3072x5504.jpg	lilith-ai	PD-own
clothing/womens/loungewear/9579_gen_products-clothing-womens-loungewear_yellow-tank-short_onmodel_p0344_1024x1536.png	9579	products	gen_products-clothing-womens-loungewear_yellow-tank-short_onmodel_p0344	1024	1536	png	2050723	9579_gen_products-clothing-womens-loungewear_yellow-tank-short_onmodel_p0344_1024x1536.png	lilith-ai	PD-own
electronics/9580_gen_products-electronics_axion-laptop-closed_p0345_1536x1024.png	9580	products	gen_products-electronics_axion-laptop-closed_p0345	1536	1024	png	1668768	9580_gen_products-electronics_axion-laptop-closed_p0345_1536x1024.png	lilith-ai	PD-own
electronics/9581_gen_products-electronics_axion-laptop-open_p0345_1536x1024.png	9581	products	gen_products-electronics_axion-laptop-open_p0345	1536	1024	png	1171923	9581_gen_products-electronics_axion-laptop-open_p0345_1536x1024.png	lilith-ai	PD-own
electronics/9582_gen_products-electronics_axion-monitor_p0346_1536x1024.png	9582	products	gen_products-electronics_axion-monitor_p0346	1536	1024	png	1072929	9582_gen_products-electronics_axion-monitor_p0346_1536x1024.png	lilith-ai	PD-own
electronics/9583_gen_products-electronics_axion-mouse-pad_p0347_1536x1024.png	9583	products	gen_products-electronics_axion-mouse-pad_p0347	1536	1024	png	2389256	9583_gen_products-electronics_axion-mouse-pad_p0347_1536x1024.png	lilith-ai	PD-own
electronics/9584_gen_products-electronics_axion-smart-speaker_p0348_1024x1536.png	9584	products	gen_products-electronics_axion-smart-speaker_p0348	1024	1536	png	1922711	9584_gen_products-electronics_axion-smart-speaker_p0348_1024x1536.png	lilith-ai	PD-own
electronics/9585_gen_products-electronics_axion-usbc-dock_p0349_1536x1024.png	9585	products	gen_products-electronics_axion-usbc-dock_p0349	1536	1024	png	1955938	9585_gen_products-electronics_axion-usbc-dock_p0349_1536x1024.png	lilith-ai	PD-own
electronics/9586_gen_products-electronics_axion-webcam_p0350_1536x1024.png	9586	products	gen_products-electronics_axion-webcam_p0350	1536	1024	png	952826	9586_gen_products-electronics_axion-webcam_p0350_1536x1024.png	lilith-ai	PD-own
electronics/9587_gen_products-electronics_axion-wireless-mouse_p0351_1024x1024.png	9587	products	gen_products-electronics_axion-wireless-mouse_p0351	1024	1024	png	994833	9587_gen_products-electronics_axion-wireless-mouse_p0351_1024x1024.png	lilith-ai	PD-own
electronics/9588_gen_products-electronics_halcyon-phone-case_p0352_1024x1536.png	9588	products	gen_products-electronics_halcyon-phone-case_p0352	1024	1536	png	1210898	9588_gen_products-electronics_halcyon-phone-case_p0352_1024x1536.png	lilith-ai	PD-own
electronics/9589_gen_products-electronics_halcyon-phone-holder_p0353_1024x1024.png	9589	products	gen_products-electronics_halcyon-phone-holder_p0353	1024	1024	png	624796	9589_gen_products-electronics_halcyon-phone-holder_p0353_1024x1024.png	lilith-ai	PD-own
electronics/9590_gen_products-electronics_halcyon-screen-protector-pack_p0354_1024x1536.png	9590	products	gen_products-electronics_halcyon-screen-protector-pack_p0354	1024	1536	png	1258617	9590_gen_products-electronics_halcyon-screen-protector-pack_p0354_1024x1536.png	lilith-ai	PD-own
electronics/9591_gen_products-electronics_harmonix-av-receiver_p0355_1536x1024.png	9591	products	gen_products-electronics_harmonix-av-receiver_p0355	1536	1024	png	1764030	9591_gen_products-electronics_harmonix-av-receiver_p0355_1536x1024.png	lilith-ai	PD-own
electronics/9592_gen_products-electronics_harmonix-bluetooth-speaker_p0356_1024x1024.png	9592	products	gen_products-electronics_harmonix-bluetooth-speaker_p0356	1024	1024	png	1405049	9592_gen_products-electronics_harmonix-bluetooth-speaker_p0356_1024x1024.png	lilith-ai	PD-own
electronics/9593_gen_products-electronics_harmonix-bookshelf-speakers_p0357_1536x1024.png	9593	products	gen_products-electronics_harmonix-bookshelf-speakers_p0357	1536	1024	png	2112706	9593_gen_products-electronics_harmonix-bookshelf-speakers_p0357_1536x1024.png	lilith-ai	PD-own
electronics/9594_gen_products-electronics_harmonix-gaming-headset_p0358_1024x1536.png	9594	products	gen_products-electronics_harmonix-gaming-headset_p0358	1024	1536	png	1312705	9594_gen_products-electronics_harmonix-gaming-headset_p0358_1024x1536.png	lilith-ai	PD-own
electronics/9595_gen_products-electronics_harmonix-over-ear-headphones_p0359_1024x1536.png	9595	products	gen_products-electronics_harmonix-over-ear-headphones_p0359	1024	1536	png	1622944	9595_gen_products-electronics_harmonix-over-ear-headphones_p0359_1024x1536.png	lilith-ai	PD-own
electronics/9596_gen_products-electronics_harmonix-soundbar_p0360_1536x1024.png	9596	products	gen_products-electronics_harmonix-soundbar_p0360	1536	1024	png	1788523	9596_gen_products-electronics_harmonix-soundbar_p0360_1536x1024.png	lilith-ai	PD-own
electronics/9597_gen_products-electronics_harmonix-studio-monitors_p0361_1536x1024.png	9597	products	gen_products-electronics_harmonix-studio-monitors_p0361	1536	1024	png	1821191	9597_gen_products-electronics_harmonix-studio-monitors_p0361_1536x1024.png	lilith-ai	PD-own
electronics/9598_gen_products-electronics_harmonix-turntable_p0362_1024x1024.png	9598	products	gen_products-electronics_harmonix-turntable_p0362	1024	1024	png	942040	9598_gen_products-electronics_harmonix-turntable_p0362_1024x1024.png	lilith-ai	PD-own
electronics/9599_gen_products-electronics_harmonix-usb-microphone_p0363_1024x1536.png	9599	products	gen_products-electronics_harmonix-usb-microphone_p0363	1024	1536	png	1156560	9599_gen_products-electronics_harmonix-usb-microphone_p0363_1024x1536.png	lilith-ai	PD-own
electronics/9600_gen_products-electronics_kestrel-gps-sport-watch_p0364_1024x1024.png	9600	products	gen_products-electronics_kestrel-gps-sport-watch_p0364	1024	1024	png	974066	9600_gen_products-electronics_kestrel-gps-sport-watch_p0364_1024x1024.png	lilith-ai	PD-own
electronics/9601_gen_products-electronics_kestrel-phone-tripod_p0365_1024x1536.png	9601	products	gen_products-electronics_kestrel-phone-tripod_p0365	1024	1536	png	799303	9601_gen_products-electronics_kestrel-phone-tripod_p0365_1024x1536.png	lilith-ai	PD-own
electronics/9602_gen_products-electronics_lumen-ereader_p0366_1024x1536.png	9602	products	gen_products-electronics_lumen-ereader_p0366	1024	1536	png	1965453	9602_gen_products-electronics_lumen-ereader_p0366_1024x1536.png	lilith-ai	PD-own
electronics/9603_gen_products-electronics_lumen-led-desk-lamp_p0367_1024x1536.png	9603	products	gen_products-electronics_lumen-led-desk-lamp_p0367	1024	1536	png	484420	9603_gen_products-electronics_lumen-led-desk-lamp_p0367_1024x1536.png	lilith-ai	PD-own
electronics/9604_gen_products-electronics_lumen-mini-projector_p0368_1536x1024.png	9604	products	gen_products-electronics_lumen-mini-projector_p0368	1536	1024	png	1074649	9604_gen_products-electronics_lumen-mini-projector_p0368_1536x1024.png	lilith-ai	PD-own
electronics/9605_gen_products-electronics_lumen-ring-light_p0369_1024x1024.png	9605	products	gen_products-electronics_lumen-ring-light_p0369	1024	1024	png	518475	9605_gen_products-electronics_lumen-ring-light_p0369_1024x1024.png	lilith-ai	PD-own
electronics/9606_gen_products-electronics_lumen-stylus_p0370_1536x1024.png	9606	products	gen_products-electronics_lumen-stylus_p0370	1536	1024	png	1017410	9606_gen_products-electronics_lumen-stylus_p0370_1536x1024.png	lilith-ai	PD-own
electronics/9607_gen_products-electronics_meridian-earbuds-case-open_p0371_1536x1024.png	9607	products	gen_products-electronics_meridian-earbuds-case-open_p0371	1536	1024	png	754537	9607_gen_products-electronics_meridian-earbuds-case-open_p0371_1536x1024.png	lilith-ai	PD-own
electronics/9608_gen_products-electronics_meridian-single-earbud_p0372_1024x1024.png	9608	products	gen_products-electronics_meridian-single-earbud_p0372	1024	1024	png	293168	9608_gen_products-electronics_meridian-single-earbud_p0372_1024x1024.png	lilith-ai	PD-own
electronics/9609_gen_products-electronics_meridian-smartphone-back_p0373_1024x1536.png	9609	products	gen_products-electronics_meridian-smartphone-back_p0373	1024	1536	png	1193735	9609_gen_products-electronics_meridian-smartphone-back_p0373_1024x1536.png	lilith-ai	PD-own
electronics/9610_gen_products-electronics_meridian-smartphone-front_p0373_1024x1536.png	9610	products	gen_products-electronics_meridian-smartphone-front_p0373	1024	1536	png	751017	9610_gen_products-electronics_meridian-smartphone-front_p0373_1024x1536.png	lilith-ai	PD-own
electronics/9611_gen_products-electronics_meridian-tablet-front_p0374_1536x1024.png	9611	products	gen_products-electronics_meridian-tablet-front_p0374	1536	1024	png	1072355	9611_gen_products-electronics_meridian-tablet-front_p0374_1536x1024.png	lilith-ai	PD-own
electronics/9612_gen_products-electronics_meridian-tablet-side_p0374_1536x1024.png	9612	products	gen_products-electronics_meridian-tablet-side_p0374	1536	1024	png	841147	9612_gen_products-electronics_meridian-tablet-side_p0374_1536x1024.png	lilith-ai	PD-own
electronics/9613_gen_products-electronics_meridian-wireless-charger_p0375_1024x1024.png	9613	products	gen_products-electronics_meridian-wireless-charger_p0375	1024	1024	png	1266649	9613_gen_products-electronics_meridian-wireless-charger_p0375_1024x1024.png	lilith-ai	PD-own
electronics/9614_gen_products-electronics_northkey-mechanical-keyboard_p0376_1536x1024.png	9614	products	gen_products-electronics_northkey-mechanical-keyboard_p0376	1536	1024	png	2006245	9614_gen_products-electronics_northkey-mechanical-keyboard_p0376_1536x1024.png	lilith-ai	PD-own
electronics/9615_gen_products-electronics_orbit-smart-ring_p0377_1024x1024.png	9615	products	gen_products-electronics_orbit-smart-ring_p0377	1024	1024	png	592595	9615_gen_products-electronics_orbit-smart-ring_p0377_1024x1024.png	lilith-ai	PD-own
electronics/9616_gen_products-electronics_orbit-smartwatch_p0378_1024x1024.png	9616	products	gen_products-electronics_orbit-smartwatch_p0378	1024	1024	png	499649	9616_gen_products-electronics_orbit-smartwatch_p0378_1024x1024.png	lilith-ai	PD-own
electronics/9617_gen_products-electronics_pixelforge-gaming-controller_p0379_1536x1024.png	9617	products	gen_products-electronics_pixelforge-gaming-controller_p0379	1536	1024	png	1586695	9617_gen_products-electronics_pixelforge-gaming-controller_p0379_1536x1024.png	lilith-ai	PD-own
electronics/9618_gen_products-electronics_pixelforge-handheld-console_p0380_1536x1024.png	9618	products	gen_products-electronics_pixelforge-handheld-console_p0380	1536	1024	png	1483932	9618_gen_products-electronics_pixelforge-handheld-console_p0380_1536x1024.png	lilith-ai	PD-own
electronics/9619_gen_products-electronics_pixelforge-retro-mini-console_p0381_1536x1024.png	9619	products	gen_products-electronics_pixelforge-retro-mini-console_p0381	1536	1024	png	1319041	9619_gen_products-electronics_pixelforge-retro-mini-console_p0381_1536x1024.png	lilith-ai	PD-own
electronics/9620_gen_products-electronics_pulse-fitness-band_p0382_1536x1024.png	9620	products	gen_products-electronics_pulse-fitness-band_p0382	1536	1024	png	1371559	9620_gen_products-electronics_pulse-fitness-band_p0382_1536x1024.png	lilith-ai	PD-own
electronics/9621_gen_products-electronics_skylark-compact-drone_p0383_1536x1024.png	9621	products	gen_products-electronics_skylark-compact-drone_p0383	1536	1024	png	1755320	9621_gen_products-electronics_skylark-compact-drone_p0383_1536x1024.png	lilith-ai	PD-own
electronics/9622_gen_products-electronics_voltflux-action-camera_p0384_1024x1024.png	9622	products	gen_products-electronics_voltflux-action-camera_p0384	1024	1024	png	1061391	9622_gen_products-electronics_voltflux-action-camera_p0384_1024x1024.png	lilith-ai	PD-own
electronics/9623_gen_products-electronics_voltflux-dashcam_p0385_1536x1024.png	9623	products	gen_products-electronics_voltflux-dashcam_p0385	1536	1024	png	1044620	9623_gen_products-electronics_voltflux-dashcam_p0385_1536x1024.png	lilith-ai	PD-own
electronics/9624_gen_products-electronics_voltflux-external-hdd_p0386_1536x1024.png	9624	products	gen_products-electronics_voltflux-external-hdd_p0386	1536	1024	png	1634440	9624_gen_products-electronics_voltflux-external-hdd_p0386_1536x1024.png	lilith-ai	PD-own
electronics/9625_gen_products-electronics_voltflux-external-ssd_p0387_1024x1024.png	9625	products	gen_products-electronics_voltflux-external-ssd_p0387	1024	1024	png	734559	9625_gen_products-electronics_voltflux-external-ssd_p0387_1024x1024.png	lilith-ai	PD-own
electronics/9626_gen_products-electronics_voltflux-mobile-hotspot_p0388_1024x1536.png	9626	products	gen_products-electronics_voltflux-mobile-hotspot_p0388	1024	1536	png	946937	9626_gen_products-electronics_voltflux-mobile-hotspot_p0388_1024x1536.png	lilith-ai	PD-own
electronics/9627_gen_products-electronics_voltflux-mobile-printer_p0389_1536x1024.png	9627	products	gen_products-electronics_voltflux-mobile-printer_p0389	1536	1024	png	1346197	9627_gen_products-electronics_voltflux-mobile-printer_p0389_1536x1024.png	lilith-ai	PD-own
electronics/9628_gen_products-electronics_voltflux-power-bank_p0390_1536x1024.png	9628	products	gen_products-electronics_voltflux-power-bank_p0390	1536	1024	png	1056763	9628_gen_products-electronics_voltflux-power-bank_p0390_1536x1024.png	lilith-ai	PD-own
electronics/9629_gen_products-electronics_voltflux-streaming-stick_p0391_1536x1024.png	9629	products	gen_products-electronics_voltflux-streaming-stick_p0391	1536	1024	png	883728	9629_gen_products-electronics_voltflux-streaming-stick_p0391_1536x1024.png	lilith-ai	PD-own
footwear/9630_gen_products-footwear_amber-canvas-skate-sneaker_p0392_1536x1024.png	9630	products	gen_products-footwear_amber-canvas-skate-sneaker_p0392	1536	1024	png	1770450	9630_gen_products-footwear_amber-canvas-skate-sneaker_p0392_1536x1024.png	lilith-ai	PD-own
footwear/9631_gen_products-footwear_buttercup-jelly-sandal_p0393_1024x1536.png	9631	products	gen_products-footwear_buttercup-jelly-sandal_p0393	1024	1536	png	381031	9631_gen_products-footwear_buttercup-jelly-sandal_p0393_1024x1536.png	lilith-ai	PD-own
footwear/9632_gen_products-footwear_chartreuse-strappy-stilettos_p0394_3840x2160.png	9632	products	gen_products-footwear_chartreuse-strappy-stilettos_p0394	3840	2160	png	3880130	9632_gen_products-footwear_chartreuse-strappy-stilettos_p0394_3840x2160.png	lilith-ai	PD-own
footwear/9633_gen_products-footwear_chartreuse-trail-runner_p0395_1536x1024.png	9633	products	gen_products-footwear_chartreuse-trail-runner_p0395	1536	1024	png	1028252	9633_gen_products-footwear_chartreuse-trail-runner_p0395_1536x1024.png	lilith-ai	PD-own
footwear/9634_gen_products-footwear_chunky-dad-sneakers_p0396_3840x2160.png	9634	products	gen_products-footwear_chunky-dad-sneakers_p0396	3840	2160	png	6737102	9634_gen_products-footwear_chunky-dad-sneakers_p0396_3840x2160.png	lilith-ai	PD-own
footwear/9635_gen_products-footwear_chunky-dad-sneakers_detail_p0396_3840x2160.png	9635	products	gen_products-footwear_chunky-dad-sneakers_detail_p0396	3840	2160	png	6880416	9635_gen_products-footwear_chunky-dad-sneakers_detail_p0396_3840x2160.png	lilith-ai	PD-own
footwear/9636_gen_products-footwear_cobalt-lime-knit-racer_p0397_2816x1536.png	9636	products	gen_products-footwear_cobalt-lime-knit-racer_p0397	2816	1536	png	3708399	9636_gen_products-footwear_cobalt-lime-knit-racer_p0397_2816x1536.png	lilith-ai	PD-own
footwear/9637_gen_products-footwear_cobalt-star-western-boots_p0398_3840x2160.png	9637	products	gen_products-footwear_cobalt-star-western-boots_p0398	3840	2160	png	5085112	9637_gen_products-footwear_cobalt-star-western-boots_p0398_3840x2160.png	lilith-ai	PD-own
footwear/9638_gen_products-footwear_cobalt-suede-cowboy-boot_p0399_1024x1536.png	9638	products	gen_products-footwear_cobalt-suede-cowboy-boot_p0399	1024	1536	png	1048051	9638_gen_products-footwear_cobalt-suede-cowboy-boot_p0399_1024x1536.png	lilith-ai	PD-own
footwear/9639_gen_products-footwear_cobalt-western-boots_p0400_3840x2160.png	9639	products	gen_products-footwear_cobalt-western-boots_p0400	3840	2160	png	3006930	9639_gen_products-footwear_cobalt-western-boots_p0400_3840x2160.png	lilith-ai	PD-own
footwear/9640_gen_products-footwear_coral-black-daily-trainer_p0401_2816x1536.png	9640	products	gen_products-footwear_coral-black-daily-trainer_p0401	2816	1536	png	4618190	9640_gen_products-footwear_coral-black-daily-trainer_p0401_2816x1536.png	lilith-ai	PD-own
footwear/9641_gen_products-footwear_kids-rain-boot-rainbow_p0402_1536x1024.png	9641	products	gen_products-footwear_kids-rain-boot-rainbow_p0402	1536	1024	png	907145	9641_gen_products-footwear_kids-rain-boot-rainbow_p0402_1536x1024.png	lilith-ai	PD-own
footwear/9642_gen_products-footwear_kids-sandal-closed-toe-sage_p0403_1536x1024.png	9642	products	gen_products-footwear_kids-sandal-closed-toe-sage_p0403	1536	1024	png	1776639	9642_gen_products-footwear_kids-sandal-closed-toe-sage_p0403_1536x1024.png	lilith-ai	PD-own
footwear/9643_gen_products-footwear_mens-chukka-boot-camel_p0404_1536x1024.png	9643	products	gen_products-footwear_mens-chukka-boot-camel_p0404	1536	1024	png	1431528	9643_gen_products-footwear_mens-chukka-boot-camel_p0404_1536x1024.png	lilith-ai	PD-own
footwear/9644_gen_products-footwear_mens-flip-flop-olive_p0405_1536x1024.png	9644	products	gen_products-footwear_mens-flip-flop-olive_p0405	1536	1024	png	1110825	9644_gen_products-footwear_mens-flip-flop-olive_p0405_1536x1024.png	lilith-ai	PD-own
footwear/9645_gen_products-footwear_mens-loafer-penny-brown_p0406_1536x1024.png	9645	products	gen_products-footwear_mens-loafer-penny-brown_p0406	1536	1024	png	1574499	9645_gen_products-footwear_mens-loafer-penny-brown_p0406_1536x1024.png	lilith-ai	PD-own
footwear/9646_gen_products-footwear_mens-slide-sport-charcoal_p0407_1536x1024.png	9646	products	gen_products-footwear_mens-slide-sport-charcoal_p0407	1536	1024	png	1148504	9646_gen_products-footwear_mens-slide-sport-charcoal_p0407_1536x1024.png	lilith-ai	PD-own
footwear/9647_gen_products-footwear_womens-ankle-boot-tan_p0408_1536x1024.png	9647	products	gen_products-footwear_womens-ankle-boot-tan_p0408	1536	1024	png	1953861	9647_gen_products-footwear_womens-ankle-boot-tan_p0408_1536x1024.png	lilith-ai	PD-own
footwear/9648_gen_products-footwear_womens-espadrille-terracotta_p0409_1536x1024.png	9648	products	gen_products-footwear_womens-espadrille-terracotta_p0409	1536	1024	png	1510617	9648_gen_products-footwear_womens-espadrille-terracotta_p0409_1536x1024.png	lilith-ai	PD-own
footwear/9649_gen_products-footwear_womens-mary-jane-flat-black_p0410_1536x1024.png	9649	products	gen_products-footwear_womens-mary-jane-flat-black_p0410	1536	1024	png	1182822	9649_gen_products-footwear_womens-mary-jane-flat-black_p0410_1536x1024.png	lilith-ai	PD-own
footwear/9650_gen_products-footwear_womens-mule-loafer-sage_p0411_1536x1024.png	9650	products	gen_products-footwear_womens-mule-loafer-sage_p0411	1536	1024	png	1291109	9650_gen_products-footwear_womens-mule-loafer-sage_p0411_1536x1024.png	lilith-ai	PD-own
footwear/9651_gen_products-footwear_womens-rain-boot-short-yellow_p0412_1536x1024.png	9651	products	gen_products-footwear_womens-rain-boot-short-yellow_p0412	1536	1024	png	958533	9651_gen_products-footwear_womens-rain-boot-short-yellow_p0412_1536x1024.png	lilith-ai	PD-own
footwear/9652_gen_products-footwear_womens-slide-sandal-coral_p0413_1536x1024.png	9652	products	gen_products-footwear_womens-slide-sandal-coral_p0413	1536	1024	png	890977	9652_gen_products-footwear_womens-slide-sandal-coral_p0413_1536x1024.png	lilith-ai	PD-own
footwear/9653_gen_products-footwear_womens-strappy-sandal-teal_p0414_1536x1024.png	9653	products	gen_products-footwear_womens-strappy-sandal-teal_p0414	1536	1024	png	851314	9653_gen_products-footwear_womens-strappy-sandal-teal_p0414_1536x1024.png	lilith-ai	PD-own
footwear/9654_gen_products-footwear_womens-wedge-sandal-cream_p0415_1536x1024.png	9654	products	gen_products-footwear_womens-wedge-sandal-cream_p0415	1536	1024	png	1229843	9654_gen_products-footwear_womens-wedge-sandal-cream_p0415_1536x1024.png	lilith-ai	PD-own
footwear/9655_gen_products-footwear_green-retro-low-trainers_p0416_3840x2160.png	9655	products	gen_products-footwear_green-retro-low-trainers_p0416	3840	2160	png	6699653	9655_gen_products-footwear_green-retro-low-trainers_p0416_3840x2160.png	lilith-ai	PD-own
footwear/9656_gen_products-footwear_ivory-snow-puffer-boot_p0417_1024x1536.png	9656	products	gen_products-footwear_ivory-snow-puffer-boot_p0417	1024	1536	png	807921	9656_gen_products-footwear_ivory-snow-puffer-boot_p0417_1024x1536.png	lilith-ai	PD-own
footwear/9657_gen_products-footwear_kids-hiking-shoes-navy-orange_p0418_2816x1536.png	9657	products	gen_products-footwear_kids-hiking-shoes-navy-orange_p0418	2816	1536	png	2771733	9657_gen_products-footwear_kids-hiking-shoes-navy-orange_p0418_2816x1536.png	lilith-ai	PD-own
footwear/9658_gen_products-footwear_kids-hook-loop-sneakers-coral-teal_p0419_5504x3072.jpg	9658	products	gen_products-footwear_kids-hook-loop-sneakers-coral-teal_p0419	5504	3072	jpg	934959	9658_gen_products-footwear_kids-hook-loop-sneakers-coral-teal_p0419_5504x3072.jpg	lilith-ai	PD-own
footwear/9659_gen_products-footwear_mens-casual-canvas-sneakers-tan_p0420_2816x1536.png	9659	products	gen_products-footwear_mens-casual-canvas-sneakers-tan_p0420	2816	1536	png	3436020	9659_gen_products-footwear_mens-casual-canvas-sneakers-tan_p0420_2816x1536.png	lilith-ai	PD-own
footwear/9660_gen_products-footwear_mens-sport-sandals-olive_p0421_2816x1536.png	9660	products	gen_products-footwear_mens-sport-sandals-olive_p0421	2816	1536	png	2622068	9660_gen_products-footwear_mens-sport-sandals-olive_p0421_2816x1536.png	lilith-ai	PD-own
footwear/9661_gen_products-footwear_mens-waterproof-hiking-boots-brown_p0422_2816x1536.png	9661	products	gen_products-footwear_mens-waterproof-hiking-boots-brown_p0422	2816	1536	png	4720211	9661_gen_products-footwear_mens-waterproof-hiking-boots-brown_p0422_2816x1536.png	lilith-ai	PD-own
footwear/9662_gen_products-footwear_metallic-block-sandals_p0423_3840x2160.png	9662	products	gen_products-footwear_metallic-block-sandals_p0423	3840	2160	png	4571643	9662_gen_products-footwear_metallic-block-sandals_p0423_3840x2160.png	lilith-ai	PD-own
footwear/9663_gen_products-footwear_midnight-glitter-pump_p0424_1024x1536.png	9663	products	gen_products-footwear_midnight-glitter-pump_p0424	1024	1536	png	709706	9663_gen_products-footwear_midnight-glitter-pump_p0424_1024x1536.png	lilith-ai	PD-own
footwear/9664_gen_products-footwear_neon-coral-clog-mule_p0425_1024x1536.png	9664	products	gen_products-footwear_neon-coral-clog-mule_p0425	1024	1536	png	385465	9664_gen_products-footwear_neon-coral-clog-mule_p0425_1024x1536.png	lilith-ai	PD-own
footwear/9665_gen_products-footwear_olive-suede-chelsea-boot_p0426_1024x1536.png	9665	products	gen_products-footwear_olive-suede-chelsea-boot_p0426	1024	1536	png	1092979	9665_gen_products-footwear_olive-suede-chelsea-boot_p0426_1024x1536.png	lilith-ai	PD-own
footwear/9666_gen_products-footwear_red-mary-jane-ballet-sneakers_p0427_3840x2160.png	9666	products	gen_products-footwear_red-mary-jane-ballet-sneakers_p0427	3840	2160	png	5471794	9666_gen_products-footwear_red-mary-jane-ballet-sneakers_p0427_3840x2160.png	lilith-ai	PD-own
footwear/9667_gen_products-footwear_rose-quartz-strappy-sandal_p0428_1024x1536.png	9667	products	gen_products-footwear_rose-quartz-strappy-sandal_p0428	1024	1536	png	536880	9667_gen_products-footwear_rose-quartz-strappy-sandal_p0428_1024x1536.png	lilith-ai	PD-own
footwear/9668_gen_products-footwear_scarlet-patent-pumps_p0429_3840x2160.png	9668	products	gen_products-footwear_scarlet-patent-pumps_p0429	3840	2160	png	3876866	9668_gen_products-footwear_scarlet-patent-pumps_p0429_3840x2160.png	lilith-ai	PD-own
footwear/9669_gen_products-footwear_silver-fringe-party-flats_p0430_3840x2160.png	9669	products	gen_products-footwear_silver-fringe-party-flats_p0430	3840	2160	png	6061221	9669_gen_products-footwear_silver-fringe-party-flats_p0430_3840x2160.png	lilith-ai	PD-own
footwear/9670_gen_products-footwear_tomato-leather-platform-loafer_p0431_1024x1536.png	9670	products	gen_products-footwear_tomato-leather-platform-loafer_p0431	1024	1536	png	526346	9670_gen_products-footwear_tomato-leather-platform-loafer_p0431_1024x1536.png	lilith-ai	PD-own
footwear/9671_gen_products-footwear_womens-canvas-sneakers-white_p0432_5504x3072.jpg	9671	products	gen_products-footwear_womens-canvas-sneakers-white_p0432	5504	3072	jpg	902472	9671_gen_products-footwear_womens-canvas-sneakers-white_p0432_5504x3072.jpg	lilith-ai	PD-own
footwear/9672_gen_products-footwear_womens-insulated-snow-boots-charcoal_p0433_2816x1536.png	9672	products	gen_products-footwear_womens-insulated-snow-boots-charcoal_p0433	2816	1536	png	5063901	9672_gen_products-footwear_womens-insulated-snow-boots-charcoal_p0433_2816x1536.png	lilith-ai	PD-own
footwear/9673_gen_products-footwear_womens-slide-sandals-tan_p0434_5504x3072.jpg	9673	products	gen_products-footwear_womens-slide-sandals-tan_p0434	5504	3072	jpg	944927	9673_gen_products-footwear_womens-slide-sandals-tan_p0434_5504x3072.jpg	lilith-ai	PD-own
footwear/9674_gen_products-footwear_womens-trail-running-shoes-teal_p0435_2816x1536.png	9674	products	gen_products-footwear_womens-trail-running-shoes-teal_p0435	2816	1536	png	3827605	9674_gen_products-footwear_womens-trail-running-shoes-teal_p0435_2816x1536.png	lilith-ai	PD-own
grocery/9675_gen_products-grocery_blackpine-french-roast-whole-bean-coffee-bag_p0436_1024x1536.png	9675	products	gen_products-grocery_blackpine-french-roast-whole-bean-coffee-bag_p0436	1024	1536	png	1287472	9675_gen_products-grocery_blackpine-french-roast-whole-bean-coffee-bag_p0436_1024x1536.png	lilith-ai	PD-own
grocery/9676_gen_products-grocery_cocoavera-72-dark-chocolate-bar_p0437_1024x1536.png	9676	products	gen_products-grocery_cocoavera-72-dark-chocolate-bar_p0437	1024	1536	png	1312580	9676_gen_products-grocery_cocoavera-72-dark-chocolate-bar_p0437_1024x1536.png	lilith-ai	PD-own
grocery/9677_gen_products-grocery_emberlane-chipotle-hot-sauce-bottle_p0438_1024x1536.png	9677	products	gen_products-grocery_emberlane-chipotle-hot-sauce-bottle_p0438	1024	1536	png	764363	9677_gen_products-grocery_emberlane-chipotle-hot-sauce-bottle_p0438_1024x1536.png	lilith-ai	PD-own
grocery/9678_gen_products-grocery_cereal-box-coral_p0439_1024x1536.png	9678	products	gen_products-grocery_cereal-box-coral_p0439	1024	1536	png	1628863	9678_gen_products-grocery_cereal-box-coral_p0439_1024x1536.png	lilith-ai	PD-own
grocery/9679_gen_products-grocery_harborhouse-chicken-rice-frozen-meal-box_p0440_1536x1024.png	9679	products	gen_products-grocery_harborhouse-chicken-rice-frozen-meal-box_p0440	1536	1024	png	1810477	9679_gen_products-grocery_harborhouse-chicken-rice-frozen-meal-box_p0440_1536x1024.png	lilith-ai	PD-own
grocery/9680_gen_products-grocery_harborhouse-creamy-tomato-soup-can_p0441_1024x1536.png	9680	products	gen_products-grocery_harborhouse-creamy-tomato-soup-can_p0441	1024	1536	png	1374453	9680_gen_products-grocery_harborhouse-creamy-tomato-soup-can_p0441_1024x1536.png	lilith-ai	PD-own
grocery/9681_gen_products-grocery_hearthrow-sea-salt-crackers-box_p0442_1536x1024.png	9681	products	gen_products-grocery_hearthrow-sea-salt-crackers-box_p0442	1536	1024	png	1146902	9681_gen_products-grocery_hearthrow-sea-salt-crackers-box_p0442_1536x1024.png	lilith-ai	PD-own
grocery/9682_gen_products-grocery_honeyrun-creamy-peanut-butter-jar_p0443_1024x1536.png	9682	products	gen_products-grocery_honeyrun-creamy-peanut-butter-jar_p0443	1024	1536	png	1513385	9682_gen_products-grocery_honeyrun-creamy-peanut-butter-jar_p0443_1024x1536.png	lilith-ai	PD-own
grocery/9683_gen_products-grocery_honeyrun-wildflower-honey-jar_p0444_1024x1536.png	9683	products	gen_products-grocery_honeyrun-wildflower-honey-jar_p0444	1024	1536	png	1304778	9683_gen_products-grocery_honeyrun-wildflower-honey-jar_p0444_1024x1536.png	lilith-ai	PD-own
grocery/9684_gen_products-grocery_kettlebloom-white-cheddar-popcorn-bag_p0445_1024x1536.png	9684	products	gen_products-grocery_kettlebloom-white-cheddar-popcorn-bag_p0445	1024	1536	png	1270758	9684_gen_products-grocery_kettlebloom-white-cheddar-popcorn-bag_p0445_1024x1536.png	lilith-ai	PD-own
grocery/9685_gen_products-grocery_mesa-azul-blue-corn-tortilla-chips-bag_p0446_1024x1536.png	9685	products	gen_products-grocery_mesa-azul-blue-corn-tortilla-chips-bag_p0446	1024	1536	png	1613361	9685_gen_products-grocery_mesa-azul-blue-corn-tortilla-chips-bag_p0446_1024x1536.png	lilith-ai	PD-own
grocery/9686_gen_products-grocery_mossfield-earl-grey-tea-box_p0447_1024x1536.png	9686	products	gen_products-grocery_mossfield-earl-grey-tea-box_p0447	1024	1536	png	1362612	9686_gen_products-grocery_mossfield-earl-grey-tea-box_p0447_1024x1536.png	lilith-ai	PD-own
grocery/9687_gen_products-grocery_northvale-almond-honey-snack-bars-multipack_p0448_1536x1024.png	9687	products	gen_products-grocery_northvale-almond-honey-snack-bars-multipack_p0448	1536	1024	png	1143574	9687_gen_products-grocery_northvale-almond-honey-snack-bars-multipack_p0448_1536x1024.png	lilith-ai	PD-own
grocery/9688_gen_products-grocery_olivetto-extra-virgin-olive-oil-bottle_p0449_1024x1536.png	9688	products	gen_products-grocery_olivetto-extra-virgin-olive-oil-bottle_p0449	1024	1536	png	674176	9688_gen_products-grocery_olivetto-extra-virgin-olive-oil-bottle_p0449_1024x1536.png	lilith-ai	PD-own
grocery/9689_gen_products-grocery_orchardmark-strawberry-rhubarb-jam-jar_p0450_1024x1536.png	9689	products	gen_products-grocery_orchardmark-strawberry-rhubarb-jam-jar_p0450	1024	1536	png	1497186	9689_gen_products-grocery_orchardmark-strawberry-rhubarb-jam-jar_p0450_1024x1536.png	lilith-ai	PD-own
grocery/9690_gen_products-grocery_porto-fino-bronze-cut-penne-box_p0451_1024x1536.png	9690	products	gen_products-grocery_porto-fino-bronze-cut-penne-box_p0451	1024	1536	png	1473988	9690_gen_products-grocery_porto-fino-bronze-cut-penne-box_p0451_1024x1536.png	lilith-ai	PD-own
grocery/9691_gen_products-grocery_portofino-spaghetti-dried-pasta-box_p0452_1024x1536.png	9691	products	gen_products-grocery_portofino-spaghetti-dried-pasta-box_p0452	1024	1536	png	1130368	9691_gen_products-grocery_portofino-spaghetti-dried-pasta-box_p0452_1024x1536.png	lilith-ai	PD-own
grocery/9692_gen_products-grocery_saltcellar-himalayan-pink-salt-grinder_p0453_1024x1536.png	9692	products	gen_products-grocery_saltcellar-himalayan-pink-salt-grinder_p0453	1024	1536	png	986190	9692_gen_products-grocery_saltcellar-himalayan-pink-salt-grinder_p0453_1024x1536.png	lilith-ai	PD-own
grocery/9693_gen_products-grocery_saltcellar-tellicherry-pepper-grinder_p0454_1024x1536.png	9693	products	gen_products-grocery_saltcellar-tellicherry-pepper-grinder_p0454	1024	1536	png	1016757	9693_gen_products-grocery_saltcellar-tellicherry-pepper-grinder_p0454_1024x1536.png	lilith-ai	PD-own
grocery/9694_gen_products-grocery_shoyumaru-naturally-brewed-soy-sauce-bottle_p0455_1024x1536.png	9694	products	gen_products-grocery_shoyumaru-naturally-brewed-soy-sauce-bottle_p0455	1024	1536	png	1053078	9694_gen_products-grocery_shoyumaru-naturally-brewed-soy-sauce-bottle_p0455_1024x1536.png	lilith-ai	PD-own
grocery/9695_gen_products-grocery_smokybluff-avocado-cooking-spray-can_p0456_1024x1536.png	9695	products	gen_products-grocery_smokybluff-avocado-cooking-spray-can_p0456	1024	1536	png	648056	9695_gen_products-grocery_smokybluff-avocado-cooking-spray-can_p0456_1024x1536.png	lilith-ai	PD-own
grocery/9696_gen_products-grocery_smokybluff-classic-yellow-mustard-squeeze-bottle_p0457_1024x1536.png	9696	products	gen_products-grocery_smokybluff-classic-yellow-mustard-squeeze-bottle_p0457	1024	1536	png	1031553	9696_gen_products-grocery_smokybluff-classic-yellow-mustard-squeeze-bottle_p0457_1024x1536.png	lilith-ai	PD-own
grocery/9697_gen_products-grocery_verdecasa-roasted-tomato-salsa-jar_p0458_1024x1536.png	9697	products	gen_products-grocery_verdecasa-roasted-tomato-salsa-jar_p0458	1024	1536	png	1811168	9697_gen_products-grocery_verdecasa-roasted-tomato-salsa-jar_p0458_1024x1536.png	lilith-ai	PD-own
grocery/9698_gen_products-grocery_wildoak-honey-oat-cereal-box_p0459_1024x1536.png	9698	products	gen_products-grocery_wildoak-honey-oat-cereal-box_p0459	1024	1536	png	1867638	9698_gen_products-grocery_wildoak-honey-oat-cereal-box_p0459_1024x1536.png	lilith-ai	PD-own
grocery/9699_gen_products-grocery_wildoak-maple-pecan-granola-bag_p0460_1024x1536.png	9699	products	gen_products-grocery_wildoak-maple-pecan-granola-bag_p0460	1024	1536	png	1428532	9699_gen_products-grocery_wildoak-maple-pecan-granola-bag_p0460_1024x1536.png	lilith-ai	PD-own
grocery/9700_gen_products-grocery_wildoak-old-fashioned-oats-canister_p0461_1024x1536.png	9700	products	gen_products-grocery_wildoak-old-fashioned-oats-canister_p0461	1024	1536	png	1481507	9700_gen_products-grocery_wildoak-old-fashioned-oats-canister_p0461_1024x1536.png	lilith-ai	PD-own
grocery/whitelabel/9701_gen_products-grocery-whitelabel_coffee-bag-whole-bean_p0462_1024x1536.png	9701	products	gen_products-grocery-whitelabel_coffee-bag-whole-bean_p0462	1024	1536	png	927013	9701_gen_products-grocery-whitelabel_coffee-bag-whole-bean_p0462_1024x1536.png	lilith-ai	PD-own
grocery/whitelabel/9702_gen_products-grocery-whitelabel_condiment-squeeze-bottle_p0463_1024x1536.png	9702	products	gen_products-grocery-whitelabel_condiment-squeeze-bottle_p0463	1024	1536	png	691435	9702_gen_products-grocery-whitelabel_condiment-squeeze-bottle_p0463_1024x1536.png	lilith-ai	PD-own
grocery/whitelabel/9703_gen_products-grocery-whitelabel_cooking-spray-can_p0464_1024x1536.png	9703	products	gen_products-grocery-whitelabel_cooking-spray-can_p0464	1024	1536	png	565728	9703_gen_products-grocery-whitelabel_cooking-spray-can_p0464_1024x1536.png	lilith-ai	PD-own
grocery/whitelabel/9704_gen_products-grocery-whitelabel_crackers-box-sage_p0465_1536x1024.png	9704	products	gen_products-grocery-whitelabel_crackers-box-sage_p0465	1536	1024	png	1030310	9704_gen_products-grocery-whitelabel_crackers-box-sage_p0465_1536x1024.png	lilith-ai	PD-own
grocery/whitelabel/9705_gen_products-grocery-whitelabel_dark-chocolate-bar_p0466_1024x1536.png	9705	products	gen_products-grocery-whitelabel_dark-chocolate-bar_p0466	1024	1536	png	1158268	9705_gen_products-grocery-whitelabel_dark-chocolate-bar_p0466_1024x1536.png	lilith-ai	PD-own
grocery/whitelabel/9706_gen_products-grocery-whitelabel_dried-pasta-spaghetti_p0467_1024x1536.png	9706	products	gen_products-grocery-whitelabel_dried-pasta-spaghetti_p0467	1024	1536	png	788415	9706_gen_products-grocery-whitelabel_dried-pasta-spaghetti_p0467_1024x1536.png	lilith-ai	PD-own
grocery/whitelabel/9707_gen_products-grocery-whitelabel_frozen-meal-box_p0468_1536x1024.png	9707	products	gen_products-grocery-whitelabel_frozen-meal-box_p0468	1536	1024	png	1283333	9707_gen_products-grocery-whitelabel_frozen-meal-box_p0468_1536x1024.png	lilith-ai	PD-own
grocery/whitelabel/9708_gen_products-grocery-whitelabel_granola-bag-kraft_p0469_1024x1536.png	9708	products	gen_products-grocery-whitelabel_granola-bag-kraft_p0469	1024	1536	png	1424953	9708_gen_products-grocery-whitelabel_granola-bag-kraft_p0469_1024x1536.png	lilith-ai	PD-own
grocery/whitelabel/9709_gen_products-grocery-whitelabel_honey-jar-hex_p0470_1024x1536.png	9709	products	gen_products-grocery-whitelabel_honey-jar-hex_p0470	1024	1536	png	746110	9709_gen_products-grocery-whitelabel_honey-jar-hex_p0470_1024x1536.png	lilith-ai	PD-own
grocery/whitelabel/9710_gen_products-grocery-whitelabel_hot-sauce-bottle_p0471_1024x1536.png	9710	products	gen_products-grocery-whitelabel_hot-sauce-bottle_p0471	1024	1536	png	533760	9710_gen_products-grocery-whitelabel_hot-sauce-bottle_p0471_1024x1536.png	lilith-ai	PD-own
grocery/whitelabel/9711_gen_products-grocery-whitelabel_jam-jar-strawberry_p0472_1024x1536.png	9711	products	gen_products-grocery-whitelabel_jam-jar-strawberry_p0472	1024	1536	png	827761	9711_gen_products-grocery-whitelabel_jam-jar-strawberry_p0472_1024x1536.png	lilith-ai	PD-own
grocery/whitelabel/9712_gen_products-grocery-whitelabel_oatmeal-canister_p0473_1024x1536.png	9712	products	gen_products-grocery-whitelabel_oatmeal-canister_p0473	1024	1536	png	1117092	9712_gen_products-grocery-whitelabel_oatmeal-canister_p0473_1024x1536.png	lilith-ai	PD-own
grocery/whitelabel/9713_gen_products-grocery-whitelabel_olive-oil-bottle_p0474_1024x1536.png	9713	products	gen_products-grocery-whitelabel_olive-oil-bottle_p0474	1024	1536	png	477609	9713_gen_products-grocery-whitelabel_olive-oil-bottle_p0474_1024x1536.png	lilith-ai	PD-own
grocery/whitelabel/9714_gen_products-grocery-whitelabel_peanut-butter-jar_p0475_1024x1536.png	9714	products	gen_products-grocery-whitelabel_peanut-butter-jar_p0475	1024	1536	png	748627	9714_gen_products-grocery-whitelabel_peanut-butter-jar_p0475_1024x1536.png	lilith-ai	PD-own
grocery/whitelabel/9715_gen_products-grocery-whitelabel_pepper-grinder_p0476_1024x1536.png	9715	products	gen_products-grocery-whitelabel_pepper-grinder_p0476	1024	1536	png	809484	9715_gen_products-grocery-whitelabel_pepper-grinder_p0476_1024x1536.png	lilith-ai	PD-own
grocery/whitelabel/9716_gen_products-grocery-whitelabel_popcorn-bag-blush_p0477_1024x1536.png	9716	products	gen_products-grocery-whitelabel_popcorn-bag-blush_p0477	1024	1536	png	836124	9716_gen_products-grocery-whitelabel_popcorn-bag-blush_p0477_1024x1536.png	lilith-ai	PD-own
grocery/whitelabel/9717_gen_products-grocery-whitelabel_salsa-jar-medium_p0478_1024x1536.png	9717	products	gen_products-grocery-whitelabel_salsa-jar-medium_p0478	1024	1536	png	863552	9717_gen_products-grocery-whitelabel_salsa-jar-medium_p0478_1024x1536.png	lilith-ai	PD-own
grocery/whitelabel/9718_gen_products-grocery-whitelabel_salt-grinder_p0479_1024x1536.png	9718	products	gen_products-grocery-whitelabel_salt-grinder_p0479	1024	1536	png	619334	9718_gen_products-grocery-whitelabel_salt-grinder_p0479_1024x1536.png	lilith-ai	PD-own
grocery/whitelabel/9719_gen_products-grocery-whitelabel_snack-bar-multipack-teal_p0480_1024x1536.png	9719	products	gen_products-grocery-whitelabel_snack-bar-multipack-teal_p0480	1024	1536	png	1240546	9719_gen_products-grocery-whitelabel_snack-bar-multipack-teal_p0480_1024x1536.png	lilith-ai	PD-own
grocery/whitelabel/9720_gen_products-grocery-whitelabel_snack-bar-single-yellow_p0481_1536x1024.png	9720	products	gen_products-grocery-whitelabel_snack-bar-single-yellow_p0481	1536	1024	png	798934	9720_gen_products-grocery-whitelabel_snack-bar-single-yellow_p0481_1536x1024.png	lilith-ai	PD-own
grocery/whitelabel/9721_gen_products-grocery-whitelabel_soup-can-tomato_p0482_1024x1536.png	9721	products	gen_products-grocery-whitelabel_soup-can-tomato_p0482	1024	1536	png	740006	9721_gen_products-grocery-whitelabel_soup-can-tomato_p0482_1024x1536.png	lilith-ai	PD-own
grocery/whitelabel/9722_gen_products-grocery-whitelabel_soy-sauce-bottle_p0483_1024x1536.png	9722	products	gen_products-grocery-whitelabel_soy-sauce-bottle_p0483	1024	1536	png	725982	9722_gen_products-grocery-whitelabel_soy-sauce-bottle_p0483_1024x1536.png	lilith-ai	PD-own
grocery/whitelabel/9723_gen_products-grocery-whitelabel_tea-box-dusty-blue_p0484_1024x1536.png	9723	products	gen_products-grocery-whitelabel_tea-box-dusty-blue_p0484	1024	1536	png	1150275	9723_gen_products-grocery-whitelabel_tea-box-dusty-blue_p0484_1024x1536.png	lilith-ai	PD-own
grocery/whitelabel/9724_gen_products-grocery-whitelabel_tortilla-chips-bag_p0485_1024x1536.png	9724	products	gen_products-grocery-whitelabel_tortilla-chips-bag_p0485	1024	1536	png	1042018	9724_gen_products-grocery-whitelabel_tortilla-chips-bag_p0485_1024x1536.png	lilith-ai	PD-own
home/decor/9725_gen_products-home-decor_abstract-resin-sculpture_p0486_1024x1536.png	9725	products	gen_products-home-decor_abstract-resin-sculpture_p0486	1024	1536	png	888037	9725_gen_products-home-decor_abstract-resin-sculpture_p0486_1024x1536.png	lilith-ai	PD-own
home/decor/9726_gen_products-home-decor_amber-glass-bud-vase-trio_flat_p0487_1536x1024.png	9726	products	gen_products-home-decor_amber-glass-bud-vase-trio_flat_p0487	1536	1024	png	1442246	9726_gen_products-home-decor_amber-glass-bud-vase-trio_flat_p0487_1536x1024.png	lilith-ai	PD-own
home/decor/9727_gen_products-home-decor_art-print-citrus-poster_p0488_1024x1536.png	9727	products	gen_products-home-decor_art-print-citrus-poster_p0488	1024	1536	png	2231559	9727_gen_products-home-decor_art-print-citrus-poster_p0488_1024x1536.png	lilith-ai	PD-own
home/decor/9728_gen_products-home-decor_bedding-flatlay-warm_detail_p0489_1024x1024.png	9728	products	gen_products-home-decor_bedding-flatlay-warm_detail_p0489	1024	1024	png	1822572	9728_gen_products-home-decor_bedding-flatlay-warm_detail_p0489_1024x1024.png	lilith-ai	PD-own
home/decor/9729_gen_products-home-decor_beveled-table-mirror_p0490_1024x1536.png	9729	products	gen_products-home-decor_beveled-table-mirror_p0490	1024	1536	png	1131728	9729_gen_products-home-decor_beveled-table-mirror_p0490_1024x1536.png	lilith-ai	PD-own
home/decor/9730_gen_products-home-decor_blush-glass-jar-candle_p0491_1024x1536.png	9730	products	gen_products-home-decor_blush-glass-jar-candle_p0491	1024	1536	png	791495	9730_gen_products-home-decor_blush-glass-jar-candle_p0491_1024x1536.png	lilith-ai	PD-own
home/decor/9731_gen_products-home-decor_blush-pink-throw-pillow-tassel_p0492_1024x1024.png	9731	products	gen_products-home-decor_blush-pink-throw-pillow-tassel_p0492	1024	1024	png	1405523	9731_gen_products-home-decor_blush-pink-throw-pillow-tassel_p0492_1024x1024.png	lilith-ai	PD-own
home/decor/9732_gen_products-home-decor_boho-throw-pillow-terracotta_p0493_4096x4096.jpg	9732	products	gen_products-home-decor_boho-throw-pillow-terracotta_p0493	4096	4096	jpg	1777331	9732_gen_products-home-decor_boho-throw-pillow-terracotta_p0493_4096x4096.jpg	lilith-ai	PD-own
home/decor/9733_gen_products-home-decor_brass-arc-floor-lamp_p0494_1024x1536.png	9733	products	gen_products-home-decor_brass-arc-floor-lamp_p0494	1024	1536	png	284253	9733_gen_products-home-decor_brass-arc-floor-lamp_p0494_1024x1536.png	lilith-ai	PD-own
home/decor/9734_gen_products-home-decor_brass-candleholder-set_p0495_1536x1024.png	9734	products	gen_products-home-decor_brass-candleholder-set_p0495	1536	1024	png	433942	9734_gen_products-home-decor_brass-candleholder-set_p0495_1536x1024.png	lilith-ai	PD-own
home/decor/9735_gen_products-home-decor_brass-geometric-bookends_p0496_1536x1024.png	9735	products	gen_products-home-decor_brass-geometric-bookends_p0496	1536	1024	png	854755	9735_gen_products-home-decor_brass-geometric-bookends_p0496_1536x1024.png	lilith-ai	PD-own
home/decor/9736_gen_products-home-decor_brass-table-clock_p0497_1024x1024.png	9736	products	gen_products-home-decor_brass-table-clock_p0497	1024	1024	png	910103	9736_gen_products-home-decor_brass-table-clock_p0497_1024x1024.png	lilith-ai	PD-own
home/decor/9737_gen_products-home-decor_brass-wall-sconce_p0498_1024x1536.png	9737	products	gen_products-home-decor_brass-wall-sconce_p0498	1024	1536	png	619379	9737_gen_products-home-decor_brass-wall-sconce_p0498_1024x1536.png	lilith-ai	PD-own
home/decor/9738_gen_products-home-decor_candle-tobacco-vetiver-product_p0499_1024x1536.png	9738	products	gen_products-home-decor_candle-tobacco-vetiver-product_p0499	1024	1536	png	1006369	9738_gen_products-home-decor_candle-tobacco-vetiver-product_p0499_1024x1536.png	lilith-ai	PD-own
home/decor/9739_gen_products-home-decor_ceramic-table-lamp-linen-shade_p0500_1024x1536.png	9739	products	gen_products-home-decor_ceramic-table-lamp-linen-shade_p0500	1024	1536	png	1375658	9739_gen_products-home-decor_ceramic-table-lamp-linen-shade_p0500_1024x1536.png	lilith-ai	PD-own
home/decor/9740_gen_products-home-decor_ceramic-vase-trio_p0501_1536x1024.png	9740	products	gen_products-home-decor_ceramic-vase-trio_p0501	1536	1024	png	912625	9740_gen_products-home-decor_ceramic-vase-trio_p0501_1536x1024.png	lilith-ai	PD-own
home/decor/9741_gen_products-home-decor_chunky-knit-throw-blanket_p0502_1024x1024.png	9741	products	gen_products-home-decor_chunky-knit-throw-blanket_p0502	1024	1024	png	1126747	9741_gen_products-home-decor_chunky-knit-throw-blanket_p0502_1024x1024.png	lilith-ai	PD-own
home/decor/9742_gen_products-home-decor_coral-velvet-throw-pillow_p0503_1024x1024.png	9742	products	gen_products-home-decor_coral-velvet-throw-pillow_p0503	1024	1024	png	1659219	9742_gen_products-home-decor_coral-velvet-throw-pillow_p0503_1024x1024.png	lilith-ai	PD-own
home/decor/9743_gen_products-home-decor_cream-cable-knit-throw_flat_p0504_1024x1024.png	9743	products	gen_products-home-decor_cream-cable-knit-throw_flat_p0504	1024	1024	png	1197447	9743_gen_products-home-decor_cream-cable-knit-throw_flat_p0504_1024x1024.png	lilith-ai	PD-own
home/decor/9744_gen_products-home-decor_pillow-textured_p0505_1024x1024.png	9744	products	gen_products-home-decor_pillow-textured_p0505	1024	1024	png	1690882	9744_gen_products-home-decor_pillow-textured_p0505_1024x1024.png	lilith-ai	PD-own
home/decor/9745_gen_products-home-decor_dusty-blue-faux-fur-pillow_p0506_1024x1024.png	9745	products	gen_products-home-decor_dusty-blue-faux-fur-pillow_p0506	1024	1024	png	1753326	9745_gen_products-home-decor_dusty-blue-faux-fur-pillow_p0506_1024x1024.png	lilith-ai	PD-own
home/decor/9746_gen_products-home-decor_dusty-blue-quilted-coverlet_flat_p0507_1536x1024.png	9746	products	gen_products-home-decor_dusty-blue-quilted-coverlet_flat_p0507	1536	1024	png	2282287	9746_gen_products-home-decor_dusty-blue-quilted-coverlet_flat_p0507_1536x1024.png	lilith-ai	PD-own
home/decor/9747_gen_products-home-decor_duvet-set-cobalt_detail_p0508_1536x1024.png	9747	products	gen_products-home-decor_duvet-set-cobalt_detail_p0508	1536	1024	png	2612585	9747_gen_products-home-decor_duvet-set-cobalt_detail_p0508_1536x1024.png	lilith-ai	PD-own
home/decor/9748_gen_products-home-decor_framed-abstract-art-print_p0509_1024x1536.png	9748	products	gen_products-home-decor_framed-abstract-art-print_p0509	1024	1536	png	1884235	9748_gen_products-home-decor_framed-abstract-art-print_p0509_1024x1536.png	lilith-ai	PD-own
home/decor/9749_gen_products-home-decor_framed-botanical-art-print_p0510_1024x1536.png	9749	products	gen_products-home-decor_framed-botanical-art-print_p0510	1024	1536	png	1469795	9749_gen_products-home-decor_framed-botanical-art-print_p0510_1024x1536.png	lilith-ai	PD-own
home/decor/9750_gen_products-home-decor_gallery-frame-set_p0511_1536x1024.png	9750	products	gen_products-home-decor_gallery-frame-set_p0511	1536	1024	png	1156029	9750_gen_products-home-decor_gallery-frame-set_p0511_1536x1024.png	lilith-ai	PD-own
home/decor/9751_gen_products-home-decor_glass-cloche-display-dome_p0512_1024x1536.png	9751	products	gen_products-home-decor_glass-cloche-display-dome_p0512	1024	1536	png	798810	9751_gen_products-home-decor_glass-cloche-display-dome_p0512_1024x1536.png	lilith-ai	PD-own
home/decor/9752_gen_products-home-decor_matte-black-table-lamp_p0513_1024x1536.png	9752	products	gen_products-home-decor_matte-black-table-lamp_p0513	1024	1536	png	1264441	9752_gen_products-home-decor_matte-black-table-lamp_p0513_1024x1536.png	lilith-ai	PD-own
home/decor/9753_gen_products-home-decor_merch-art-print_p0514_1152x2048.png	9753	products	gen_products-home-decor_merch-art-print_p0514	1152	2048	png	2744711	9753_gen_products-home-decor_merch-art-print_p0514_1152x2048.png	lilith-ai	PD-own
home/decor/9754_gen_products-home-decor_modern-wall-clock_p0515_1024x1024.png	9754	products	gen_products-home-decor_modern-wall-clock_p0515	1024	1024	png	940868	9754_gen_products-home-decor_modern-wall-clock_p0515_1024x1024.png	lilith-ai	PD-own
home/decor/9755_gen_products-home-decor_monstera-in-stoneware-pot_p0516_1024x1536.png	9755	products	gen_products-home-decor_monstera-in-stoneware-pot_p0516	1024	1536	png	1525574	9755_gen_products-home-decor_monstera-in-stoneware-pot_p0516_1024x1536.png	lilith-ai	PD-own
home/decor/9756_gen_products-home-decor_natural-jute-basket-round_p0517_1024x1024.png	9756	products	gen_products-home-decor_natural-jute-basket-round_p0517	1024	1024	png	1247278	9756_gen_products-home-decor_natural-jute-basket-round_p0517_1024x1024.png	lilith-ai	PD-own
home/decor/9757_gen_products-home-decor_natural-wood-picture-frame_p0518_1024x1536.png	9757	products	gen_products-home-decor_natural-wood-picture-frame_p0518	1024	1536	png	1483545	9757_gen_products-home-decor_natural-wood-picture-frame_p0518_1024x1536.png	lilith-ai	PD-own
home/decor/9758_gen_products-home-decor_navy-stripe-throw-blanket_flat_p0519_1024x1024.png	9758	products	gen_products-home-decor_navy-stripe-throw-blanket_flat_p0519	1024	1024	png	1585612	9758_gen_products-home-decor_navy-stripe-throw-blanket_flat_p0519_1024x1024.png	lilith-ai	PD-own
home/decor/9759_gen_products-home-decor_reed-diffuser-amber-glass_p0520_1024x1536.png	9759	products	gen_products-home-decor_reed-diffuser-amber-glass_p0520	1024	1536	png	848274	9759_gen_products-home-decor_reed-diffuser-amber-glass_p0520_1024x1536.png	lilith-ai	PD-own
home/decor/9760_gen_products-home-decor_round-wall-mirror-brass_p0521_1024x1024.png	9760	products	gen_products-home-decor_round-wall-mirror-brass_p0521	1024	1024	png	760549	9760_gen_products-home-decor_round-wall-mirror-brass_p0521_1024x1024.png	lilith-ai	PD-own
home/decor/9761_gen_products-home-decor_sage-cotton-shower-curtain_flat_p0522_1024x1536.png	9761	products	gen_products-home-decor_sage-cotton-shower-curtain_flat_p0522	1024	1536	png	2187911	9761_gen_products-home-decor_sage-cotton-shower-curtain_flat_p0522_1024x1536.png	lilith-ai	PD-own
home/decor/9762_gen_products-home-decor_sage-linen-duvet-set_flat_p0523_1536x1024.png	9762	products	gen_products-home-decor_sage-linen-duvet-set_flat_p0523	1536	1024	png	2232099	9762_gen_products-home-decor_sage-linen-duvet-set_flat_p0523_1536x1024.png	lilith-ai	PD-own
home/decor/9763_gen_products-home-decor_sage-percale-sheet-set_flat_p0524_1536x1024.png	9763	products	gen_products-home-decor_sage-percale-sheet-set_flat_p0524	1536	1024	png	1049190	9763_gen_products-home-decor_sage-percale-sheet-set_flat_p0524_1536x1024.png	lilith-ai	PD-own
home/decor/9764_gen_products-home-decor_scented-candle-glass-jar_p0525_1024x1536.png	9764	products	gen_products-home-decor_scented-candle-glass-jar_p0525	1024	1536	png	1177363	9764_gen_products-home-decor_scented-candle-glass-jar_p0525_1024x1536.png	lilith-ai	PD-own
home/decor/9765_gen_products-home-decor_soy-jar-candle-amber-glass_p0526_3072x5504.jpg	9765	products	gen_products-home-decor_soy-jar-candle-amber-glass_p0526	3072	5504	jpg	656206	9765_gen_products-home-decor_soy-jar-candle-amber-glass_p0526_3072x5504.jpg	lilith-ai	PD-own
home/decor/9766_gen_products-home-decor_sunny-yellow-hand-towel-set_flat_p0527_1536x1024.png	9766	products	gen_products-home-decor_sunny-yellow-hand-towel-set_flat_p0527	1536	1024	png	1818803	9766_gen_products-home-decor_sunny-yellow-hand-towel-set_flat_p0527_1536x1024.png	lilith-ai	PD-own
home/decor/9767_gen_products-home-decor_terracotta-planter-pot_p0528_1024x1024.png	9767	products	gen_products-home-decor_terracotta-planter-pot_p0528	1024	1024	png	646395	9767_gen_products-home-decor_terracotta-planter-pot_p0528_1024x1024.png	lilith-ai	PD-own
home/decor/9768_gen_products-home-decor_terracotta-tufted-bath-mat_p0529_1536x1024.png	9768	products	gen_products-home-decor_terracotta-tufted-bath-mat_p0529	1536	1024	png	3325457	9768_gen_products-home-decor_terracotta-tufted-bath-mat_p0529_1536x1024.png	lilith-ai	PD-own
home/decor/9769_gen_products-home-decor_terracotta-vase-tall_p0530_1024x1536.png	9769	products	gen_products-home-decor_terracotta-vase-tall_p0530	1024	1536	png	1140069	9769_gen_products-home-decor_terracotta-vase-tall_p0530_1024x1536.png	lilith-ai	PD-own
home/decor/9770_gen_products-home-decor_washed-linen-bedding-set-sage_flat_p0531_5504x3072.jpg	9770	products	gen_products-home-decor_washed-linen-bedding-set-sage_flat_p0531	5504	3072	jpg	859194	9770_gen_products-home-decor_washed-linen-bedding-set-sage_flat_p0531_5504x3072.jpg	lilith-ai	PD-own
home/decor/9771_gen_products-home-decor_white-ceramic-vase-organic_p0532_1024x1536.png	9771	products	gen_products-home-decor_white-ceramic-vase-organic_p0532	1024	1536	png	731620	9771_gen_products-home-decor_white-ceramic-vase-organic_p0532_1024x1536.png	lilith-ai	PD-own
home/decor/9772_gen_products-home-decor_woven-magazine-basket_p0533_1024x1536.png	9772	products	gen_products-home-decor_woven-magazine-basket_p0533	1024	1536	png	1738457	9772_gen_products-home-decor_woven-magazine-basket_p0533_1024x1536.png	lilith-ai	PD-own
home/decor/9773_gen_products-home-decor_woven-planter-with-plant_p0534_1024x1536.png	9773	products	gen_products-home-decor_woven-planter-with-plant_p0534	1024	1536	png	1442125	9773_gen_products-home-decor_woven-planter-with-plant_p0534_1024x1536.png	lilith-ai	PD-own
home/decor/9774_gen_products-home-decor_woven-rattan-pendant-light_p0535_1024x1536.png	9774	products	gen_products-home-decor_woven-rattan-pendant-light_p0535	1024	1536	png	847989	9774_gen_products-home-decor_woven-rattan-pendant-light_p0535_1024x1536.png	lilith-ai	PD-own
home/furniture/9775_gen_products-home-furniture_accent-cabinet-cane-doors_p0536_1024x1536.png	9775	products	gen_products-home-furniture_accent-cabinet-cane-doors_p0536	1024	1536	png	1920806	9775_gen_products-home-furniture_accent-cabinet-cane-doors_p0536_1024x1536.png	lilith-ai	PD-own
home/furniture/9776_gen_products-home-furniture_ergonomic-desk-chair_p0537_1024x1536.png	9776	products	gen_products-home-furniture_ergonomic-desk-chair_p0537	1024	1536	png	1556913	9776_gen_products-home-furniture_ergonomic-desk-chair_p0537_1024x1536.png	lilith-ai	PD-own
home/furniture/9777_gen_products-home-furniture_freestanding-garment-rack_p0538_1024x1536.png	9777	products	gen_products-home-furniture_freestanding-garment-rack_p0538	1024	1536	png	823421	9777_gen_products-home-furniture_freestanding-garment-rack_p0538_1024x1536.png	lilith-ai	PD-own
home/furniture/9778_gen_products-home-furniture_kitchen-island-cart_p0539_1024x1536.png	9778	products	gen_products-home-furniture_kitchen-island-cart_p0539	1024	1536	png	1505896	9778_gen_products-home-furniture_kitchen-island-cart_p0539_1024x1536.png	lilith-ai	PD-own
home/furniture/9779_gen_products-home-furniture_l-shaped-sectional-sofa_p0540_1536x1024.png	9779	products	gen_products-home-furniture_l-shaped-sectional-sofa_p0540	1536	1024	png	1049681	9779_gen_products-home-furniture_l-shaped-sectional-sofa_p0540_1536x1024.png	lilith-ai	PD-own
home/furniture/9780_gen_products-home-furniture_leather-bar-stool_p0541_1024x1536.png	9780	products	gen_products-home-furniture_leather-bar-stool_p0541	1024	1536	png	940980	9780_gen_products-home-furniture_leather-bar-stool_p0541_1024x1536.png	lilith-ai	PD-own
home/furniture/9781_gen_products-home-furniture_low-tv-media-stand_p0542_1536x1024.png	9781	products	gen_products-home-furniture_low-tv-media-stand_p0542	1536	1024	png	1104556	9781_gen_products-home-furniture_low-tv-media-stand_p0542_1536x1024.png	lilith-ai	PD-own
home/furniture/9782_gen_products-home-furniture_mid-century-lounge-chair_p0543_1024x1536.png	9782	products	gen_products-home-furniture_mid-century-lounge-chair_p0543	1024	1536	png	1285700	9782_gen_products-home-furniture_mid-century-lounge-chair_p0543_1024x1536.png	lilith-ai	PD-own
home/furniture/9783_gen_products-home-furniture_open-bookcase-five-shelf_p0544_1024x1536.png	9783	products	gen_products-home-furniture_open-bookcase-five-shelf_p0544	1024	1536	png	1368105	9783_gen_products-home-furniture_open-bookcase-five-shelf_p0544_1024x1536.png	lilith-ai	PD-own
home/furniture/9784_gen_products-home-furniture_oval-coffee-table_p0545_1536x1024.png	9784	products	gen_products-home-furniture_oval-coffee-table_p0545	1536	1024	png	906111	9784_gen_products-home-furniture_oval-coffee-table_p0545_1536x1024.png	lilith-ai	PD-own
home/furniture/9785_gen_products-home-furniture_queen-platform-bed-frame_p0546_1536x1024.png	9785	products	gen_products-home-furniture_queen-platform-bed-frame_p0546	1536	1024	png	973754	9785_gen_products-home-furniture_queen-platform-bed-frame_p0546_1536x1024.png	lilith-ai	PD-own
home/furniture/9786_gen_products-home-furniture_rectangular-dining-table_p0547_1536x1024.png	9786	products	gen_products-home-furniture_rectangular-dining-table_p0547	1536	1024	png	1027593	9786_gen_products-home-furniture_rectangular-dining-table_p0547_1536x1024.png	lilith-ai	PD-own
home/furniture/9787_gen_products-home-furniture_rounded-upholstered-ottoman_p0548_1024x1024.png	9787	products	gen_products-home-furniture_rounded-upholstered-ottoman_p0548	1024	1024	png	1173999	9787_gen_products-home-furniture_rounded-upholstered-ottoman_p0548_1024x1024.png	lilith-ai	PD-own
home/furniture/9788_gen_products-home-furniture_six-drawer-dresser_p0549_1536x1024.png	9788	products	gen_products-home-furniture_six-drawer-dresser_p0549	1536	1024	png	1516131	9788_gen_products-home-furniture_six-drawer-dresser_p0549_1536x1024.png	lilith-ai	PD-own
home/furniture/9789_gen_products-home-furniture_slim-entry-console-table_p0550_1536x1024.png	9789	products	gen_products-home-furniture_slim-entry-console-table_p0550	1536	1024	png	1098469	9789_gen_products-home-furniture_slim-entry-console-table_p0550_1536x1024.png	lilith-ai	PD-own
home/furniture/9790_gen_products-home-furniture_storage-bench-upholstered_p0551_1536x1024.png	9790	products	gen_products-home-furniture_storage-bench-upholstered_p0551	1536	1024	png	1552155	9790_gen_products-home-furniture_storage-bench-upholstered_p0551_1536x1024.png	lilith-ai	PD-own
home/furniture/9791_gen_products-home-furniture_three-seat-sofa_p0552_1536x1024.png	9791	products	gen_products-home-furniture_three-seat-sofa_p0552	1536	1024	png	1477141	9791_gen_products-home-furniture_three-seat-sofa_p0552_1536x1024.png	lilith-ai	PD-own
home/furniture/9792_gen_products-home-furniture_two-drawer-nightstand_p0553_1024x1536.png	9792	products	gen_products-home-furniture_two-drawer-nightstand_p0553	1024	1536	png	1561037	9792_gen_products-home-furniture_two-drawer-nightstand_p0553_1024x1536.png	lilith-ai	PD-own
home/furniture/9793_gen_products-home-furniture_two-seat-loveseat_p0554_1536x1024.png	9793	products	gen_products-home-furniture_two-seat-loveseat_p0554	1536	1024	png	1573171	9793_gen_products-home-furniture_two-seat-loveseat_p0554_1536x1024.png	lilith-ai	PD-own
home/furniture/9794_gen_products-home-furniture_upholstered-accent-armchair_p0555_1024x1536.png	9794	products	gen_products-home-furniture_upholstered-accent-armchair_p0555	1024	1536	png	1827383	9794_gen_products-home-furniture_upholstered-accent-armchair_p0555_1024x1536.png	lilith-ai	PD-own
home/furniture/9795_gen_products-home-furniture_upholstered-dining-chair_p0556_1024x1536.png	9795	products	gen_products-home-furniture_upholstered-dining-chair_p0556	1024	1536	png	1282007	9795_gen_products-home-furniture_upholstered-dining-chair_p0556_1024x1536.png	lilith-ai	PD-own
home/furniture/9796_gen_products-home-furniture_upholstered-headboard_p0557_1536x1024.png	9796	products	gen_products-home-furniture_upholstered-headboard_p0557	1536	1024	png	1807155	9796_gen_products-home-furniture_upholstered-headboard_p0557_1536x1024.png	lilith-ai	PD-own
home/furniture/9797_gen_products-home-furniture_vanity-table-with-mirror_p0558_1024x1536.png	9797	products	gen_products-home-furniture_vanity-table-with-mirror_p0558	1024	1536	png	965881	9797_gen_products-home-furniture_vanity-table-with-mirror_p0558_1024x1536.png	lilith-ai	PD-own
home/furniture/9798_gen_products-home-furniture_walnut-side-table_p0559_1024x1536.png	9798	products	gen_products-home-furniture_walnut-side-table_p0559	1024	1536	png	802532	9798_gen_products-home-furniture_walnut-side-table_p0559_1024x1536.png	lilith-ai	PD-own
home/furniture/9799_gen_products-home-furniture_writing-desk-walnut_p0560_1536x1024.png	9799	products	gen_products-home-furniture_writing-desk-walnut_p0560	1536	1024	png	1128755	9799_gen_products-home-furniture_writing-desk-walnut_p0560_1536x1024.png	lilith-ai	PD-own
home/kitchen/9800_gen_products-home-kitchen_ashridge-chef-knife_p0561_1536x1024.png	9800	products	gen_products-home-kitchen_ashridge-chef-knife_p0561	1536	1024	png	599690	9800_gen_products-home-kitchen_ashridge-chef-knife_p0561_1536x1024.png	lilith-ai	PD-own
home/kitchen/9801_gen_products-home-kitchen_ashridge-cutting-board_p0562_1536x1024.png	9801	products	gen_products-home-kitchen_ashridge-cutting-board_p0562	1536	1024	png	1836722	9801_gen_products-home-kitchen_ashridge-cutting-board_p0562_1536x1024.png	lilith-ai	PD-own
home/kitchen/9802_gen_products-home-kitchen_ashridge-espresso-cups_p0563_1536x1024.png	9802	products	gen_products-home-kitchen_ashridge-espresso-cups_p0563	1536	1024	png	828204	9802_gen_products-home-kitchen_ashridge-espresso-cups_p0563_1536x1024.png	lilith-ai	PD-own
home/kitchen/9803_gen_products-home-kitchen_ashridge-french-press_p0564_1024x1536.png	9803	products	gen_products-home-kitchen_ashridge-french-press_p0564	1024	1536	png	1052085	9803_gen_products-home-kitchen_ashridge-french-press_p0564_1024x1536.png	lilith-ai	PD-own
home/kitchen/9804_gen_products-home-kitchen_ashridge-garlic-press_p0565_1536x1024.png	9804	products	gen_products-home-kitchen_ashridge-garlic-press_p0565	1536	1024	png	878017	9804_gen_products-home-kitchen_ashridge-garlic-press_p0565_1536x1024.png	lilith-ai	PD-own
home/kitchen/9805_gen_products-home-kitchen_ashridge-gooseneck-tea-kettle_p0566_1024x1024.png	9805	products	gen_products-home-kitchen_ashridge-gooseneck-tea-kettle_p0566	1024	1024	png	784594	9805_gen_products-home-kitchen_ashridge-gooseneck-tea-kettle_p0566_1024x1024.png	lilith-ai	PD-own
home/kitchen/9806_gen_products-home-kitchen_ashridge-vegetable-peeler_p0567_1536x1024.png	9806	products	gen_products-home-kitchen_ashridge-vegetable-peeler_p0567	1536	1024	png	754100	9806_gen_products-home-kitchen_ashridge-vegetable-peeler_p0567_1536x1024.png	lilith-ai	PD-own
home/kitchen/9807_gen_products-home-kitchen_ashridge-wooden-spoons_p0568_1024x1536.png	9807	products	gen_products-home-kitchen_ashridge-wooden-spoons_p0568	1024	1536	png	1372262	9807_gen_products-home-kitchen_ashridge-wooden-spoons_p0568_1024x1536.png	lilith-ai	PD-own
home/kitchen/9808_gen_products-home-kitchen_ceramic-coral-coffee-mug_p0569_1024x1024.png	9808	products	gen_products-home-kitchen_ceramic-coral-coffee-mug_p0569	1024	1024	png	1004513	9808_gen_products-home-kitchen_ceramic-coral-coffee-mug_p0569_1024x1024.png	lilith-ai	PD-own
home/kitchen/9809_gen_products-home-kitchen_ceramic-mug-watercolor_p0570_1024x1024.png	9809	products	gen_products-home-kitchen_ceramic-mug-watercolor_p0570	1024	1024	png	886679	9809_gen_products-home-kitchen_ceramic-mug-watercolor_p0570_1024x1024.png	lilith-ai	PD-own
home/kitchen/9810_gen_products-home-kitchen_cream-ribbed-tumbler-set_p0571_1536x1024.png	9810	products	gen_products-home-kitchen_cream-ribbed-tumbler-set_p0571	1536	1024	png	854449	9810_gen_products-home-kitchen_cream-ribbed-tumbler-set_p0571_1536x1024.png	lilith-ai	PD-own
home/kitchen/9811_gen_products-home-kitchen_fieldstone-baking-pan-set_p0572_1536x1024.png	9811	products	gen_products-home-kitchen_fieldstone-baking-pan-set_p0572	1536	1024	png	881152	9811_gen_products-home-kitchen_fieldstone-baking-pan-set_p0572_1536x1024.png	lilith-ai	PD-own
home/kitchen/9812_gen_products-home-kitchen_fieldstone-baking-sheet_p0573_1536x1024.png	9812	products	gen_products-home-kitchen_fieldstone-baking-sheet_p0573	1536	1024	png	929080	9812_gen_products-home-kitchen_fieldstone-baking-sheet_p0573_1536x1024.png	lilith-ai	PD-own
home/kitchen/9813_gen_products-home-kitchen_fieldstone-cast-iron-skillet_p0574_1024x1024.png	9813	products	gen_products-home-kitchen_fieldstone-cast-iron-skillet_p0574	1024	1024	png	1292053	9813_gen_products-home-kitchen_fieldstone-cast-iron-skillet_p0574_1024x1024.png	lilith-ai	PD-own
home/kitchen/9814_gen_products-home-kitchen_fieldstone-dinnerware-plates_p0575_1536x1024.png	9814	products	gen_products-home-kitchen_fieldstone-dinnerware-plates_p0575	1536	1024	png	1322442	9814_gen_products-home-kitchen_fieldstone-dinnerware-plates_p0575_1536x1024.png	lilith-ai	PD-own
home/kitchen/9815_gen_products-home-kitchen_fieldstone-dutch-oven_p0576_1024x1024.png	9815	products	gen_products-home-kitchen_fieldstone-dutch-oven_p0576	1024	1024	png	851866	9815_gen_products-home-kitchen_fieldstone-dutch-oven_p0576_1024x1024.png	lilith-ai	PD-own
home/kitchen/9816_gen_products-home-kitchen_fieldstone-glass-pitcher_p0577_1024x1536.png	9816	products	gen_products-home-kitchen_fieldstone-glass-pitcher_p0577	1024	1536	png	933808	9816_gen_products-home-kitchen_fieldstone-glass-pitcher_p0577_1024x1536.png	lilith-ai	PD-own
home/kitchen/9817_gen_products-home-kitchen_fieldstone-glass-storage-set_p0578_1536x1024.png	9817	products	gen_products-home-kitchen_fieldstone-glass-storage-set_p0578	1536	1024	png	1349881	9817_gen_products-home-kitchen_fieldstone-glass-storage-set_p0578_1536x1024.png	lilith-ai	PD-own
home/kitchen/9818_gen_products-home-kitchen_fieldstone-mixing-bowls_p0579_1536x1024.png	9818	products	gen_products-home-kitchen_fieldstone-mixing-bowls_p0579	1536	1024	png	979153	9818_gen_products-home-kitchen_fieldstone-mixing-bowls_p0579_1536x1024.png	lilith-ai	PD-own
home/kitchen/9819_gen_products-home-kitchen_fieldstone-mug-set_p0580_1536x1024.png	9819	products	gen_products-home-kitchen_fieldstone-mug-set_p0580	1536	1024	png	837373	9819_gen_products-home-kitchen_fieldstone-mug-set_p0580_1536x1024.png	lilith-ai	PD-own
home/kitchen/9820_gen_products-home-kitchen_fieldstone-nonstick-pan_p0581_1024x1024.png	9820	products	gen_products-home-kitchen_fieldstone-nonstick-pan_p0581	1024	1024	png	601882	9820_gen_products-home-kitchen_fieldstone-nonstick-pan_p0581_1024x1024.png	lilith-ai	PD-own
home/kitchen/9821_gen_products-home-kitchen_fieldstone-salad-bowl_p0582_1024x1024.png	9821	products	gen_products-home-kitchen_fieldstone-salad-bowl_p0582	1024	1024	png	956248	9821_gen_products-home-kitchen_fieldstone-salad-bowl_p0582_1024x1024.png	lilith-ai	PD-own
home/kitchen/9822_gen_products-home-kitchen_fieldstone-silicone-spatula_p0583_1024x1536.png	9822	products	gen_products-home-kitchen_fieldstone-silicone-spatula_p0583	1024	1536	png	455475	9822_gen_products-home-kitchen_fieldstone-silicone-spatula_p0583_1024x1536.png	lilith-ai	PD-own
home/kitchen/9823_gen_products-home-kitchen_ivory-fluted-stoneware-bowl_p0584_1024x1024.png	9823	products	gen_products-home-kitchen_ivory-fluted-stoneware-bowl_p0584	1024	1024	png	554817	9823_gen_products-home-kitchen_ivory-fluted-stoneware-bowl_p0584_1024x1024.png	lilith-ai	PD-own
home/kitchen/9824_gen_products-home-kitchen_marble-serving-tray_p0585_1536x1024.png	9824	products	gen_products-home-kitchen_marble-serving-tray_p0585	1536	1024	png	1021511	9824_gen_products-home-kitchen_marble-serving-tray_p0585_1536x1024.png	lilith-ai	PD-own
home/kitchen/9825_gen_products-home-kitchen_merch-ceramic-mug_p0586_2048x2048.png	9825	products	gen_products-home-kitchen_merch-ceramic-mug_p0586	2048	2048	png	1992976	9825_gen_products-home-kitchen_merch-ceramic-mug_p0586_2048x2048.png	lilith-ai	PD-own
home/kitchen/9826_gen_products-home-kitchen_merch-mug-coffee-club_p0587_1024x1536.png	9826	products	gen_products-home-kitchen_merch-mug-coffee-club_p0587	1024	1536	png	988444	9826_gen_products-home-kitchen_merch-mug-coffee-club_p0587_1024x1536.png	lilith-ai	PD-own
home/kitchen/9827_gen_products-home-kitchen_stoneware-dinnerware-set_flat_p0588_1536x1024.png	9827	products	gen_products-home-kitchen_stoneware-dinnerware-set_flat_p0588	1536	1024	png	934070	9827_gen_products-home-kitchen_stoneware-dinnerware-set_flat_p0588_1536x1024.png	lilith-ai	PD-own
home/kitchen/9828_gen_products-home-kitchen_stoneware-mug-speckled-cream_p0589_4096x4096.jpg	9828	products	gen_products-home-kitchen_stoneware-mug-speckled-cream_p0589	4096	4096	jpg	1107393	9828_gen_products-home-kitchen_stoneware-mug-speckled-cream_p0589_4096x4096.jpg	lilith-ai	PD-own
home/kitchen/9829_gen_products-home-kitchen_warm-wood-cutting-board_p0590_1536x1024.png	9829	products	gen_products-home-kitchen_warm-wood-cutting-board_p0590	1536	1024	png	2227895	9829_gen_products-home-kitchen_warm-wood-cutting-board_p0590_1536x1024.png	lilith-ai	PD-own
home/small-appliances/9830_gen_products-home-small-appliances_anchor-anvil-2-slice-toaster_p0591_1536x1024.png	9830	products	gen_products-home-small-appliances_anchor-anvil-2-slice-toaster_p0591	1536	1024	png	1084279	9830_gen_products-home-small-appliances_anchor-anvil-2-slice-toaster_p0591_1536x1024.png	lilith-ai	PD-own
home/small-appliances/9831_gen_products-home-small-appliances_anchor-anvil-countertop-blender_p0592_1024x1536.png	9831	products	gen_products-home-small-appliances_anchor-anvil-countertop-blender_p0592	1024	1536	png	1206903	9831_gen_products-home-small-appliances_anchor-anvil-countertop-blender_p0592_1024x1536.png	lilith-ai	PD-own
home/small-appliances/9832_gen_products-home-small-appliances_anchor-anvil-electric-kettle_p0593_1024x1536.png	9832	products	gen_products-home-small-appliances_anchor-anvil-electric-kettle_p0593	1024	1536	png	1250086	9832_gen_products-home-small-appliances_anchor-anvil-electric-kettle_p0593_1024x1536.png	lilith-ai	PD-own
home/small-appliances/9833_gen_products-home-small-appliances_anchor-anvil-popcorn-maker_p0594_1024x1536.png	9833	products	gen_products-home-small-appliances_anchor-anvil-popcorn-maker_p0594	1024	1536	png	1164300	9833_gen_products-home-small-appliances_anchor-anvil-popcorn-maker_p0594_1024x1536.png	lilith-ai	PD-own
home/small-appliances/9834_gen_products-home-small-appliances_anchor-anvil-rice-cooker_p0595_1024x1536.png	9834	products	gen_products-home-small-appliances_anchor-anvil-rice-cooker_p0595	1024	1536	png	1012766	9834_gen_products-home-small-appliances_anchor-anvil-rice-cooker_p0595_1024x1536.png	lilith-ai	PD-own
home/small-appliances/9835_gen_products-home-small-appliances_anchor-anvil-sandwich-press_p0596_1536x1024.png	9835	products	gen_products-home-small-appliances_anchor-anvil-sandwich-press_p0596	1536	1024	png	1542518	9835_gen_products-home-small-appliances_anchor-anvil-sandwich-press_p0596_1536x1024.png	lilith-ai	PD-own
home/small-appliances/9836_gen_products-home-small-appliances_anchor-anvil-stand-mixer_p0597_1024x1536.png	9836	products	gen_products-home-small-appliances_anchor-anvil-stand-mixer_p0597	1024	1536	png	1358469	9836_gen_products-home-small-appliances_anchor-anvil-stand-mixer_p0597_1024x1536.png	lilith-ai	PD-own
home/small-appliances/9837_gen_products-home-small-appliances_anchor-anvil-toaster-oven_p0598_1536x1024.png	9837	products	gen_products-home-small-appliances_anchor-anvil-toaster-oven_p0598	1536	1024	png	1353341	9837_gen_products-home-small-appliances_anchor-anvil-toaster-oven_p0598_1536x1024.png	lilith-ai	PD-own
home/small-appliances/9838_gen_products-home-small-appliances_appliance-blender-countertop-teal_p0599_1024x1536.png	9838	products	gen_products-home-small-appliances_appliance-blender-countertop-teal_p0599	1024	1536	png	847315	9838_gen_products-home-small-appliances_appliance-blender-countertop-teal_p0599_1024x1536.png	lilith-ai	PD-own
home/small-appliances/9839_gen_products-home-small-appliances_blackpine-conical-burr-grinder_p0600_1024x1536.png	9839	products	gen_products-home-small-appliances_blackpine-conical-burr-grinder_p0600	1024	1536	png	1149220	9839_gen_products-home-small-appliances_blackpine-conical-burr-grinder_p0600_1024x1536.png	lilith-ai	PD-own
home/small-appliances/9840_gen_products-home-small-appliances_blackpine-gooseneck-kettle_p0601_1024x1536.png	9840	products	gen_products-home-small-appliances_blackpine-gooseneck-kettle_p0601	1024	1536	png	997248	9840_gen_products-home-small-appliances_blackpine-gooseneck-kettle_p0601_1024x1536.png	lilith-ai	PD-own
home/small-appliances/9841_gen_products-home-small-appliances_ironvale-countertop-microwave_p0602_1536x1024.png	9841	products	gen_products-home-small-appliances_ironvale-countertop-microwave_p0602	1536	1024	png	1692637	9841_gen_products-home-small-appliances_ironvale-countertop-microwave_p0602_1536x1024.png	lilith-ai	PD-own
home/small-appliances/9842_gen_products-home-small-appliances_ironvale-digital-air-fryer_p0603_1024x1536.png	9842	products	gen_products-home-small-appliances_ironvale-digital-air-fryer_p0603	1024	1536	png	1292324	9842_gen_products-home-small-appliances_ironvale-digital-air-fryer_p0603_1024x1536.png	lilith-ai	PD-own
home/small-appliances/9843_gen_products-home-small-appliances_ironvale-food-processor_p0604_1024x1536.png	9843	products	gen_products-home-small-appliances_ironvale-food-processor_p0604	1024	1536	png	1202984	9843_gen_products-home-small-appliances_ironvale-food-processor_p0604_1024x1536.png	lilith-ai	PD-own
home/small-appliances/9844_gen_products-home-small-appliances_ironvale-multi-cooker-pressure-cooker_p0605_1024x1536.png	9844	products	gen_products-home-small-appliances_ironvale-multi-cooker-pressure-cooker_p0605	1024	1536	png	1308495	9844_gen_products-home-small-appliances_ironvale-multi-cooker-pressure-cooker_p0605_1024x1536.png	lilith-ai	PD-own
home/small-appliances/9845_gen_products-home-small-appliances_ironvale-slow-cooker_p0606_1536x1024.png	9845	products	gen_products-home-small-appliances_ironvale-slow-cooker_p0606	1536	1024	png	1154435	9845_gen_products-home-small-appliances_ironvale-slow-cooker_p0606_1536x1024.png	lilith-ai	PD-own
home/small-appliances/9846_gen_products-home-small-appliances_kettlebay-12-cup-drip-coffee-maker_p0607_1024x1536.png	9846	products	gen_products-home-small-appliances_kettlebay-12-cup-drip-coffee-maker_p0607	1024	1536	png	1286835	9846_gen_products-home-small-appliances_kettlebay-12-cup-drip-coffee-maker_p0607_1024x1536.png	lilith-ai	PD-own
home/small-appliances/9847_gen_products-home-small-appliances_kettlebay-belgian-waffle-iron_p0608_1536x1024.png	9847	products	gen_products-home-small-appliances_kettlebay-belgian-waffle-iron_p0608	1536	1024	png	1180950	9847_gen_products-home-small-appliances_kettlebay-belgian-waffle-iron_p0608_1536x1024.png	lilith-ai	PD-own
home/small-appliances/9848_gen_products-home-small-appliances_kettlebay-centrifugal-juicer_p0609_1024x1536.png	9848	products	gen_products-home-small-appliances_kettlebay-centrifugal-juicer_p0609	1024	1536	png	1290970	9848_gen_products-home-small-appliances_kettlebay-centrifugal-juicer_p0609_1024x1536.png	lilith-ai	PD-own
home/small-appliances/9849_gen_products-home-small-appliances_kettlebay-electric-griddle_p0610_1536x1024.png	9849	products	gen_products-home-small-appliances_kettlebay-electric-griddle_p0610	1536	1024	png	973180	9849_gen_products-home-small-appliances_kettlebay-electric-griddle_p0610_1536x1024.png	lilith-ai	PD-own
home/small-appliances/9850_gen_products-home-small-appliances_kettlebay-espresso-machine_p0611_1024x1536.png	9850	products	gen_products-home-small-appliances_kettlebay-espresso-machine_p0611	1024	1536	png	1368577	9850_gen_products-home-small-appliances_kettlebay-espresso-machine_p0611_1024x1536.png	lilith-ai	PD-own
home/small-appliances/9851_gen_products-home-small-appliances_kettlebay-handheld-mixer_p0612_1536x1024.png	9851	products	gen_products-home-small-appliances_kettlebay-handheld-mixer_p0612	1536	1024	png	925353	9851_gen_products-home-small-appliances_kettlebay-handheld-mixer_p0612_1536x1024.png	lilith-ai	PD-own
home/small-appliances/9852_gen_products-home-small-appliances_kettlebay-ice-cream-maker_p0613_1024x1536.png	9852	products	gen_products-home-small-appliances_kettlebay-ice-cream-maker_p0613	1024	1536	png	1200597	9852_gen_products-home-small-appliances_kettlebay-ice-cream-maker_p0613_1024x1536.png	lilith-ai	PD-own
home/small-appliances/9853_gen_products-home-small-appliances_kettlebay-immersion-blender_p0614_1024x1536.png	9853	products	gen_products-home-small-appliances_kettlebay-immersion-blender_p0614	1024	1536	png	458686	9853_gen_products-home-small-appliances_kettlebay-immersion-blender_p0614_1024x1536.png	lilith-ai	PD-own
home/small-appliances/9854_gen_products-home-small-appliances_kettlebay-milk-frother_p0615_1024x1536.png	9854	products	gen_products-home-small-appliances_kettlebay-milk-frother_p0615	1024	1536	png	956194	9854_gen_products-home-small-appliances_kettlebay-milk-frother_p0615_1024x1536.png	lilith-ai	PD-own
home/small-appliances/9855_gen_products-home-small-appliances_portofino-stovetop-espresso-maker_p0616_1024x1536.png	9855	products	gen_products-home-small-appliances_portofino-stovetop-espresso-maker_p0616	1024	1536	png	953403	9855_gen_products-home-small-appliances_portofino-stovetop-espresso-maker_p0616_1024x1536.png	lilith-ai	PD-own
sporting-goods/9856_gen_products-sporting-goods_daypack-22l-rust_p0617_2816x1536.png	9856	products	gen_products-sporting-goods_daypack-22l-rust_p0617	2816	1536	png	5044341	9856_gen_products-sporting-goods_daypack-22l-rust_p0617_2816x1536.png	lilith-ai	PD-own
sporting-goods/9857_gen_products-sporting-goods_down-puffer-vest_p0618_2160x3840.png	9857	products	gen_products-sporting-goods_down-puffer-vest_p0618	2160	3840	png	7518471	9857_gen_products-sporting-goods_down-puffer-vest_p0618_2160x3840.png	lilith-ai	PD-own
sporting-goods/9858_gen_products-sporting-goods_duffel-bag-60l-charcoal_p0619_2816x1536.png	9858	products	gen_products-sporting-goods_duffel-bag-60l-charcoal_p0619	2816	1536	png	2387044	9858_gen_products-sporting-goods_duffel-bag-60l-charcoal_p0619_2816x1536.png	lilith-ai	PD-own
sporting-goods/9859_gen_products-sporting-goods_folding-camp-chair-navy_p0620_5504x3072.jpg	9859	products	gen_products-sporting-goods_folding-camp-chair-navy_p0620	5504	3072	jpg	787718	9859_gen_products-sporting-goods_folding-camp-chair-navy_p0620_5504x3072.jpg	lilith-ai	PD-own
sporting-goods/9860_gen_products-sporting-goods_insulated-tumbler-40oz-teal_p0621_4096x4096.jpg	9860	products	gen_products-sporting-goods_insulated-tumbler-40oz-teal_p0621	4096	4096	jpg	729292	9860_gen_products-sporting-goods_insulated-tumbler-40oz-teal_p0621_4096x4096.jpg	lilith-ai	PD-own
sporting-goods/9861_gen_products-sporting-goods_insulated-water-bottle-orange_p0622_3072x5504.jpg	9861	products	gen_products-sporting-goods_insulated-water-bottle-orange_p0622	3072	5504	jpg	804878	9861_gen_products-sporting-goods_insulated-water-bottle-orange_p0622_3072x5504.jpg	lilith-ai	PD-own
sporting-goods/9862_gen_products-sporting-goods_internal-frame-backpack-50l-slate_p0623_1536x2816.png	9862	products	gen_products-sporting-goods_internal-frame-backpack-50l-slate_p0623	1536	2816	png	4509927	9862_gen_products-sporting-goods_internal-frame-backpack-50l-slate_p0623_1536x2816.png	lilith-ai	PD-own
sporting-goods/9863_gen_products-sporting-goods_mens-beanie-rib_flat_p0624_1024x1024.png	9863	products	gen_products-sporting-goods_mens-beanie-rib_flat_p0624	1024	1024	png	1609842	9863_gen_products-sporting-goods_mens-beanie-rib_flat_p0624_1024x1024.png	lilith-ai	PD-own
sporting-goods/9864_gen_products-sporting-goods_merch-dad-cap_p0625_2048x2048.png	9864	products	gen_products-sporting-goods_merch-dad-cap_p0625	2048	2048	png	3896884	9864_gen_products-sporting-goods_merch-dad-cap_p0625_2048x2048.png	lilith-ai	PD-own
sporting-goods/9865_gen_products-sporting-goods_merch-steel-water-bottle_p0626_1152x2048.png	9865	products	gen_products-sporting-goods_merch-steel-water-bottle_p0626	1152	2048	png	1129168	9865_gen_products-sporting-goods_merch-steel-water-bottle_p0626_1152x2048.png	lilith-ai	PD-own
sporting-goods/9866_gen_products-sporting-goods_mummy-sleeping-bag-teal_p0627_2816x1536.png	9866	products	gen_products-sporting-goods_mummy-sleeping-bag-teal_p0627	2816	1536	png	3096764	9866_gen_products-sporting-goods_mummy-sleeping-bag-teal_p0627_2816x1536.png	lilith-ai	PD-own
sporting-goods/9867_gen_products-sporting-goods_puffer-vest-mens_detail_p0628_1536x1024.png	9867	products	gen_products-sporting-goods_puffer-vest-mens_detail_p0628	1536	1024	png	2751336	9867_gen_products-sporting-goods_puffer-vest-mens_detail_p0628_1536x1024.png	lilith-ai	PD-own
sporting-goods/9868_gen_products-sporting-goods_rain-shell-jacket_feature_p0629_1024x1536.png	9868	products	gen_products-sporting-goods_rain-shell-jacket_feature_p0629	1024	1536	png	1134160	9868_gen_products-sporting-goods_rain-shell-jacket_feature_p0629_1024x1536.png	lilith-ai	PD-own
sporting-goods/9869_gen_products-sporting-goods_rechargeable-headlamp-black-orange_p0630_1536x1024.png	9869	products	gen_products-sporting-goods_rechargeable-headlamp-black-orange_p0630	1536	1024	png	1495395	9869_gen_products-sporting-goods_rechargeable-headlamp-black-orange_p0630_1536x1024.png	lilith-ai	PD-own
sporting-goods/9870_gen_products-sporting-goods_ribbed-knit-beanie-mustard_p0631_4096x4096.jpg	9870	products	gen_products-sporting-goods_ribbed-knit-beanie-mustard_p0631	4096	4096	jpg	1549499	9870_gen_products-sporting-goods_ribbed-knit-beanie-mustard_p0631_4096x4096.jpg	lilith-ai	PD-own
sporting-goods/9871_gen_products-sporting-goods_ski-glove-product_feature_p0632_1536x1024.png	9871	products	gen_products-sporting-goods_ski-glove-product_feature_p0632	1536	1024	png	1595723	9871_gen_products-sporting-goods_ski-glove-product_feature_p0632_1536x1024.png	lilith-ai	PD-own
sporting-goods/9872_gen_products-sporting-goods_ski-helmet-product-electric_p0633_1024x1536.png	9872	products	gen_products-sporting-goods_ski-helmet-product-electric_p0633	1024	1536	png	1040992	9872_gen_products-sporting-goods_ski-helmet-product-electric_p0633_1024x1536.png	lilith-ai	PD-own
sporting-goods/9873_gen_products-sporting-goods_ski-pants-mens_flat_p0634_1024x1536.png	9873	products	gen_products-sporting-goods_ski-pants-mens_flat_p0634	1024	1536	png	1369105	9873_gen_products-sporting-goods_ski-pants-mens_flat_p0634_1024x1536.png	lilith-ai	PD-own
sporting-goods/9874_gen_products-sporting-goods_wrap-sunglasses-orange_p0635_1536x1024.png	9874	products	gen_products-sporting-goods_wrap-sunglasses-orange_p0635	1536	1024	png	1248165	9874_gen_products-sporting-goods_wrap-sunglasses-orange_p0635_1536x1024.png	lilith-ai	PD-own
sporting-goods/9875_gen_products-sporting-goods_teal-alignment-yoga-mat_p0636_1536x2816.png	9875	products	gen_products-sporting-goods_teal-alignment-yoga-mat_p0636	1536	2816	png	4335091	9875_gen_products-sporting-goods_teal-alignment-yoga-mat_p0636_1536x2816.png	lilith-ai	PD-own
sporting-goods/9876_gen_products-sporting-goods_trail-backpack-marigold_p0637_1024x1536.png	9876	products	gen_products-sporting-goods_trail-backpack-marigold_p0637	1024	1536	png	2063345	9876_gen_products-sporting-goods_trail-backpack-marigold_p0637_1024x1536.png	lilith-ai	PD-own
sporting-goods/9877_gen_products-sporting-goods_two-person-backpacking-tent-orange_p0638_2816x1536.png	9877	products	gen_products-sporting-goods_two-person-backpacking-tent-orange_p0638	2816	1536	png	4840247	9877_gen_products-sporting-goods_two-person-backpacking-tent-orange_p0638_2816x1536.png	lilith-ai	PD-own
sporting-goods/9878_gen_products-sporting-goods_water-bottle-tomato-product_p0639_1024x1536.png	9878	products	gen_products-sporting-goods_water-bottle-tomato-product_p0639	1024	1536	png	625125	9878_gen_products-sporting-goods_water-bottle-tomato-product_p0639_1024x1536.png	lilith-ai	PD-own
sporting-goods/9879_gen_products-sporting-goods_wide-brim-sun-hat-tan_p0640_2048x2048.png	9879	products	gen_products-sporting-goods_wide-brim-sun-hat-tan_p0640	2048	2048	png	2811823	9879_gen_products-sporting-goods_wide-brim-sun-hat-tan_p0640_2048x2048.png	lilith-ai	PD-own
sporting-goods/9880_gen_products-sporting-goods_yoga-mat-jewel-tone_p0641_1536x1024.png	9880	products	gen_products-sporting-goods_yoga-mat-jewel-tone_p0641	1536	1024	png	2213619	9880_gen_products-sporting-goods_yoga-mat-jewel-tone_p0641_1536x1024.png	lilith-ai	PD-own
toys/9881_gen_products-toys_action-figure-blister-card_p0642_1024x1536.png	9881	products	gen_products-toys_action-figure-blister-card_p0642	1024	1536	png	2072610	9881_gen_products-toys_action-figure-blister-card_p0642_1024x1536.png	lilith-ai	PD-own
toys/9882_gen_products-toys_baby-wooden-rattle_p0643_1024x1024.png	9882	products	gen_products-toys_baby-wooden-rattle_p0643	1024	1024	png	581245	9882_gen_products-toys_baby-wooden-rattle_p0643_1024x1024.png	lilith-ai	PD-own
toys/9883_gen_products-toys_beach-ball-classic_p0644_1024x1024.png	9883	products	gen_products-toys_beach-ball-classic_p0644	1024	1024	png	753344	9883_gen_products-toys_beach-ball-classic_p0644_1024x1024.png	lilith-ai	PD-own
toys/9884_gen_products-toys_board-game-box-strategy_p0645_1024x1024.png	9884	products	gen_products-toys_board-game-box-strategy_p0645	1024	1024	png	1558456	9884_gen_products-toys_board-game-box-strategy_p0645_1024x1024.png	lilith-ai	PD-own
toys/9885_gen_products-toys_building-bricks-generic-set_p0646_1024x1024.png	9885	products	gen_products-toys_building-bricks-generic-set_p0646	1024	1024	png	1151615	9885_gen_products-toys_building-bricks-generic-set_p0646_1024x1024.png	lilith-ai	PD-own
toys/9886_gen_products-toys_card-game-deck-box_p0647_1024x1536.png	9886	products	gen_products-toys_card-game-deck-box_p0647	1024	1536	png	1449106	9886_gen_products-toys_card-game-deck-box_p0647_1024x1536.png	lilith-ai	PD-own
toys/9887_gen_products-toys_doctor-play-kit-box_p0648_1536x1024.png	9887	products	gen_products-toys_doctor-play-kit-box_p0648	1536	1024	png	1540146	9887_gen_products-toys_doctor-play-kit-box_p0648_1536x1024.png	lilith-ai	PD-own
toys/9888_gen_products-toys_jigsaw-puzzle-1000-piece_p0649_1536x1024.png	9888	products	gen_products-toys_jigsaw-puzzle-1000-piece_p0649	1536	1024	png	2059115	9888_gen_products-toys_jigsaw-puzzle-1000-piece_p0649_1536x1024.png	lilith-ai	PD-own
toys/9889_gen_products-toys_jump-rope-wooden-handles_p0650_1024x1024.png	9889	products	gen_products-toys_jump-rope-wooden-handles_p0650	1024	1024	png	1200775	9889_gen_products-toys_jump-rope-wooden-handles_p0650_1024x1024.png	lilith-ai	PD-own
toys/9890_gen_products-toys_kids-art-supply-caddy_p0651_1024x1024.png	9890	products	gen_products-toys_kids-art-supply-caddy_p0651	1024	1024	png	849137	9890_gen_products-toys_kids-art-supply-caddy_p0651_1024x1024.png	lilith-ai	PD-own
toys/9891_gen_products-toys_kids-basketball_p0652_1024x1024.png	9891	products	gen_products-toys_kids-basketball_p0652	1024	1024	png	977556	9891_gen_products-toys_kids-basketball_p0652_1024x1024.png	lilith-ai	PD-own
toys/9892_gen_products-toys_kids-soccer-ball_p0653_1024x1024.png	9892	products	gen_products-toys_kids-soccer-ball_p0653	1024	1024	png	809796	9892_gen_products-toys_kids-soccer-ball_p0653_1024x1024.png	lilith-ai	PD-own
toys/9893_gen_products-toys_kids-telescope-box_p0654_1024x1536.png	9893	products	gen_products-toys_kids-telescope-box_p0654	1024	1536	png	1661472	9893_gen_products-toys_kids-telescope-box_p0654_1024x1536.png	lilith-ai	PD-own
toys/9894_gen_products-toys_kids-three-wheel-scooter_p0655_1024x1536.png	9894	products	gen_products-toys_kids-three-wheel-scooter_p0655	1024	1536	png	521066	9894_gen_products-toys_kids-three-wheel-scooter_p0655_1024x1536.png	lilith-ai	PD-own
toys/9895_gen_products-toys_kitchen-play-set-box_p0656_1024x1536.png	9895	products	gen_products-toys_kitchen-play-set-box_p0656	1024	1536	png	1523779	9895_gen_products-toys_kitchen-play-set-box_p0656_1024x1536.png	lilith-ai	PD-own
toys/9896_gen_products-toys_modeling-clay-set-box_p0657_1536x1024.png	9896	products	gen_products-toys_modeling-clay-set-box_p0657	1536	1024	png	1484159	9896_gen_products-toys_modeling-clay-set-box_p0657_1536x1024.png	lilith-ai	PD-own
toys/9897_gen_products-toys_plush-bunny-rabbit_p0658_1024x1536.png	9897	products	gen_products-toys_plush-bunny-rabbit_p0658	1024	1536	png	1528062	9897_gen_products-toys_plush-bunny-rabbit_p0658_1024x1536.png	lilith-ai	PD-own
toys/9898_gen_products-toys_plush-teddy-bear_p0659_1024x1536.png	9898	products	gen_products-toys_plush-teddy-bear_p0659	1024	1536	png	1791367	9898_gen_products-toys_plush-teddy-bear_p0659_1024x1536.png	lilith-ai	PD-own
toys/9899_gen_products-toys_puzzle-box-art-product_p0660_1536x1024.png	9899	products	gen_products-toys_puzzle-box-art-product_p0660	1536	1024	png	1808375	9899_gen_products-toys_puzzle-box-art-product_p0660_1536x1024.png	lilith-ai	PD-own
toys/9900_gen_products-toys_sand-toy-bucket-set_p0661_1024x1024.png	9900	products	gen_products-toys_sand-toy-bucket-set_p0661	1024	1024	png	697111	9900_gen_products-toys_sand-toy-bucket-set_p0661_1024x1024.png	lilith-ai	PD-own
toys/9901_gen_products-toys_wooden-building-blocks-set_p0662_1024x1024.png	9901	products	gen_products-toys_wooden-building-blocks-set_p0662	1024	1024	png	1057406	9901_gen_products-toys_wooden-building-blocks-set_p0662_1024x1024.png	lilith-ai	PD-own
toys/9902_gen_products-toys_wooden-dollhouse_p0663_1024x1536.png	9902	products	gen_products-toys_wooden-dollhouse_p0663	1024	1536	png	1384251	9902_gen_products-toys_wooden-dollhouse_p0663_1024x1536.png	lilith-ai	PD-own
toys/9903_gen_products-toys_wooden-stacking-rings_p0664_1024x1536.png	9903	products	gen_products-toys_wooden-stacking-rings_p0664	1024	1536	png	1215451	9903_gen_products-toys_wooden-stacking-rings_p0664_1024x1536.png	lilith-ai	PD-own
toys/9904_gen_products-toys_wooden-toddler-tricycle_p0665_1024x1536.png	9904	products	gen_products-toys_wooden-toddler-tricycle_p0665	1024	1536	png	933787	9904_gen_products-toys_wooden-toddler-tricycle_p0665_1024x1536.png	lilith-ai	PD-own
toys/9905_gen_products-toys_wooden-train-set-box_p0666_1536x1024.png	9905	products	gen_products-toys_wooden-train-set-box_p0666	1536	1024	png	1695688	9905_gen_products-toys_wooden-train-set-box_p0666_1536x1024.png	lilith-ai	PD-own
whitelabeled-beauty/9906_gen_products-whitelabeled-beauty_amber-face-oil-dropper_p0667_1024x1536.png	9906	products	gen_products-whitelabeled-beauty_amber-face-oil-dropper_p0667	1024	1536	png	495964	9906_gen_products-whitelabeled-beauty_amber-face-oil-dropper_p0667_1024x1536.png	lilith-ai	PD-own
whitelabeled-beauty/9907_gen_products-whitelabeled-beauty_amber-glass-serum-bottle_p0668_1024x1536.png	9907	products	gen_products-whitelabeled-beauty_amber-glass-serum-bottle_p0668	1024	1536	png	672959	9907_gen_products-whitelabeled-beauty_amber-glass-serum-bottle_p0668_1024x1536.png	lilith-ai	PD-own
whitelabeled-beauty/9908_gen_products-whitelabeled-beauty_amber-serum-bottle-skincare_p0669_1024x1536.png	9908	products	gen_products-whitelabeled-beauty_amber-serum-bottle-skincare_p0669	1024	1536	png	519573	9908_gen_products-whitelabeled-beauty_amber-serum-bottle-skincare_p0669_1024x1536.png	lilith-ai	PD-own
whitelabeled-beauty/9909_gen_products-whitelabeled-beauty_black-mascara-tube_p0670_1024x1536.png	9909	products	gen_products-whitelabeled-beauty_black-mascara-tube_p0670	1024	1536	png	431374	9909_gen_products-whitelabeled-beauty_black-mascara-tube_p0670_1024x1536.png	lilith-ai	PD-own
whitelabeled-beauty/9910_gen_products-whitelabeled-beauty_blush-cleanser-pump-bottle_p0671_1024x1536.png	9910	products	gen_products-whitelabeled-beauty_blush-cleanser-pump-bottle_p0671	1024	1536	png	541203	9910_gen_products-whitelabeled-beauty_blush-cleanser-pump-bottle_p0671_1024x1536.png	lilith-ai	PD-own
whitelabeled-beauty/9911_gen_products-whitelabeled-beauty_blush-perfume-bottle_p0672_1024x1536.png	9911	products	gen_products-whitelabeled-beauty_blush-perfume-bottle_p0672	1024	1536	png	544942	9911_gen_products-whitelabeled-beauty_blush-perfume-bottle_p0672_1024x1536.png	lilith-ai	PD-own
whitelabeled-beauty/9912_gen_products-whitelabeled-beauty_blush-powder-compact_p0673_1024x1024.png	9912	products	gen_products-whitelabeled-beauty_blush-powder-compact_p0673	1024	1024	png	625047	9912_gen_products-whitelabeled-beauty_blush-powder-compact_p0673_1024x1024.png	lilith-ai	PD-own
whitelabeled-beauty/9913_gen_products-whitelabeled-beauty_cleanser-tube-white_p0674_2048x2048.png	9913	products	gen_products-whitelabeled-beauty_cleanser-tube-white_p0674	2048	2048	png	2360661	9913_gen_products-whitelabeled-beauty_cleanser-tube-white_p0674_2048x2048.png	lilith-ai	PD-own
whitelabeled-beauty/9914_gen_products-whitelabeled-beauty_cleansing-balm-jar_p0675_1024x1024.png	9914	products	gen_products-whitelabeled-beauty_cleansing-balm-jar_p0675	1024	1024	png	441869	9914_gen_products-whitelabeled-beauty_cleansing-balm-jar_p0675_1024x1024.png	lilith-ai	PD-own
whitelabeled-beauty/9915_gen_products-whitelabeled-beauty_clear-lip-gloss-tube_p0676_1024x1536.png	9915	products	gen_products-whitelabeled-beauty_clear-lip-gloss-tube_p0676	1024	1536	png	401740	9915_gen_products-whitelabeled-beauty_clear-lip-gloss-tube_p0676_1024x1536.png	lilith-ai	PD-own
whitelabeled-beauty/9916_gen_products-whitelabeled-beauty_concealer-wand-tube_p0677_1024x1536.png	9916	products	gen_products-whitelabeled-beauty_concealer-wand-tube_p0677	1024	1536	png	415983	9916_gen_products-whitelabeled-beauty_concealer-wand-tube_p0677_1024x1536.png	lilith-ai	PD-own
whitelabeled-beauty/9917_gen_products-whitelabeled-beauty_conditioner-pump-bottle_p0678_1024x1536.png	9917	products	gen_products-whitelabeled-beauty_conditioner-pump-bottle_p0678	1024	1536	png	530837	9917_gen_products-whitelabeled-beauty_conditioner-pump-bottle_p0678_1024x1536.png	lilith-ai	PD-own
whitelabeled-beauty/9918_gen_products-whitelabeled-beauty_coral-lipstick-tube_p0679_1024x1536.png	9918	products	gen_products-whitelabeled-beauty_coral-lipstick-tube_p0679	1024	1536	png	400313	9918_gen_products-whitelabeled-beauty_coral-lipstick-tube_p0679_1024x1536.png	lilith-ai	PD-own
whitelabeled-beauty/9919_gen_products-whitelabeled-beauty_exfoliating-toner-bottle_p0680_1024x1536.png	9919	products	gen_products-whitelabeled-beauty_exfoliating-toner-bottle_p0680	1024	1536	png	527022	9919_gen_products-whitelabeled-beauty_exfoliating-toner-bottle_p0680_1024x1536.png	lilith-ai	PD-own
whitelabeled-beauty/9920_gen_products-whitelabeled-beauty_facial-oil-amber_p0681_2048x2048.png	9920	products	gen_products-whitelabeled-beauty_facial-oil-amber_p0681	2048	2048	png	3391258	9920_gen_products-whitelabeled-beauty_facial-oil-amber_p0681_2048x2048.png	lilith-ai	PD-own
whitelabeled-beauty/9921_gen_products-whitelabeled-beauty_foundation-glass-bottle_p0682_1024x1536.png	9921	products	gen_products-whitelabeled-beauty_foundation-glass-bottle_p0682	1024	1536	png	562618	9921_gen_products-whitelabeled-beauty_foundation-glass-bottle_p0682_1024x1536.png	lilith-ai	PD-own
whitelabeled-beauty/9922_gen_products-whitelabeled-beauty_frosted-eye-cream-jar_p0683_1024x1024.png	9922	products	gen_products-whitelabeled-beauty_frosted-eye-cream-jar_p0683	1024	1024	png	387300	9922_gen_products-whitelabeled-beauty_frosted-eye-cream-jar_p0683_1024x1024.png	lilith-ai	PD-own
whitelabeled-beauty/9923_gen_products-whitelabeled-beauty_hair-mask-treatment-jar_p0684_1024x1024.png	9923	products	gen_products-whitelabeled-beauty_hair-mask-treatment-jar_p0684	1024	1024	png	484133	9923_gen_products-whitelabeled-beauty_hair-mask-treatment-jar_p0684_1024x1024.png	lilith-ai	PD-own
whitelabeled-beauty/9924_gen_products-whitelabeled-beauty_highlighter-stick-tube_p0685_1024x1536.png	9924	products	gen_products-whitelabeled-beauty_highlighter-stick-tube_p0685	1024	1536	png	417585	9924_gen_products-whitelabeled-beauty_highlighter-stick-tube_p0685_1024x1536.png	lilith-ai	PD-own
whitelabeled-beauty/9925_gen_products-whitelabeled-beauty_lipstick-set-jewel-tones_p0686_1536x1024.png	9925	products	gen_products-whitelabeled-beauty_lipstick-set-jewel-tones_p0686	1536	1024	png	1239251	9925_gen_products-whitelabeled-beauty_lipstick-set-jewel-tones_p0686_1536x1024.png	lilith-ai	PD-own
whitelabeled-beauty/9926_gen_products-whitelabeled-beauty_moisturizer-jar-sage_p0687_2048x2048.png	9926	products	gen_products-whitelabeled-beauty_moisturizer-jar-sage_p0687	2048	2048	png	4360867	9926_gen_products-whitelabeled-beauty_moisturizer-jar-sage_p0687_2048x2048.png	lilith-ai	PD-own
whitelabeled-beauty/9927_gen_products-whitelabeled-beauty_neon-pink-blush-stick_p0688_1024x1536.png	9927	products	gen_products-whitelabeled-beauty_neon-pink-blush-stick_p0688	1024	1536	png	870517	9927_gen_products-whitelabeled-beauty_neon-pink-blush-stick_p0688_1024x1536.png	lilith-ai	PD-own
whitelabeled-beauty/9928_gen_products-whitelabeled-beauty_perfume-bottle-amber-glass_p0689_1024x1536.png	9928	products	gen_products-whitelabeled-beauty_perfume-bottle-amber-glass_p0689	1024	1536	png	785496	9928_gen_products-whitelabeled-beauty_perfume-bottle-amber-glass_p0689_1024x1536.png	lilith-ai	PD-own
whitelabeled-beauty/9929_gen_products-whitelabeled-beauty_rollerball-fragrance-tube_p0690_1024x1536.png	9929	products	gen_products-whitelabeled-beauty_rollerball-fragrance-tube_p0690	1024	1536	png	277539	9929_gen_products-whitelabeled-beauty_rollerball-fragrance-tube_p0690_1024x1536.png	lilith-ai	PD-own
whitelabeled-beauty/9930_gen_products-whitelabeled-beauty_serum-dropper-blush_p0691_2880x2880.png	9930	products	gen_products-whitelabeled-beauty_serum-dropper-blush_p0691	2880	2880	png	2126277	9930_gen_products-whitelabeled-beauty_serum-dropper-blush_p0691_2880x2880.png	lilith-ai	PD-own
whitelabeled-beauty/9931_gen_products-whitelabeled-beauty_serum-dropper-blush_p0691_2048x2048.png	9931	products	gen_products-whitelabeled-beauty_serum-dropper-blush_p0691	2048	2048	png	4197126	9931_gen_products-whitelabeled-beauty_serum-dropper-blush_p0691_2048x2048.png	lilith-ai	PD-own
whitelabeled-beauty/9932_gen_products-whitelabeled-beauty_serum-dropper-blush_feature_p0691_3840x2160.png	9932	products	gen_products-whitelabeled-beauty_serum-dropper-blush_feature_p0691	3840	2160	png	1511155	9932_gen_products-whitelabeled-beauty_serum-dropper-blush_feature_p0691_3840x2160.png	lilith-ai	PD-own
whitelabeled-beauty/9933_gen_products-whitelabeled-beauty_serum-dropper-blush_feature_p0691_5504x3072.jpg	9933	products	gen_products-whitelabeled-beauty_serum-dropper-blush_feature_p0691	5504	3072	jpg	632733	9933_gen_products-whitelabeled-beauty_serum-dropper-blush_feature_p0691_5504x3072.jpg	lilith-ai	PD-own
whitelabeled-beauty/9934_gen_products-whitelabeled-beauty_shampoo-pump-bottle_p0692_1024x1536.png	9934	products	gen_products-whitelabeled-beauty_shampoo-pump-bottle_p0692	1024	1536	png	552184	9934_gen_products-whitelabeled-beauty_shampoo-pump-bottle_p0692_1024x1536.png	lilith-ai	PD-own
whitelabeled-beauty/9935_gen_products-whitelabeled-beauty_skincare-routine-set_p0693_2816x1536.png	9935	products	gen_products-whitelabeled-beauty_skincare-routine-set_p0693	2816	1536	png	1189477	9935_gen_products-whitelabeled-beauty_skincare-routine-set_p0693_2816x1536.png	lilith-ai	PD-own
whitelabeled-beauty/9936_gen_products-whitelabeled-beauty_sunscreen-tube-yellow_p0694_2048x2048.png	9936	products	gen_products-whitelabeled-beauty_sunscreen-tube-yellow_p0694	2048	2048	png	3769115	9936_gen_products-whitelabeled-beauty_sunscreen-tube-yellow_p0694_2048x2048.png	lilith-ai	PD-own
whitelabeled-beauty/9937_gen_products-whitelabeled-beauty_tinted-lip-balm-pot_p0695_1024x1024.png	9937	products	gen_products-whitelabeled-beauty_tinted-lip-balm-pot_p0695	1024	1024	png	427651	9937_gen_products-whitelabeled-beauty_tinted-lip-balm-pot_p0695_1024x1024.png	lilith-ai	PD-own
whitelabeled-beauty/9938_gen_products-whitelabeled-beauty_vitamin-c-serum-bottle_p0696_1024x1536.png	9938	products	gen_products-whitelabeled-beauty_vitamin-c-serum-bottle_p0696	1024	1536	png	554108	9938_gen_products-whitelabeled-beauty_vitamin-c-serum-bottle_p0696_1024x1536.png	lilith-ai	PD-own
whitelabeled-beauty/9939_gen_products-whitelabeled-beauty_frosted-moisturizer-jar_p0697_1024x1024.png	9939	products	gen_products-whitelabeled-beauty_frosted-moisturizer-jar_p0697	1024	1024	png	476196	9939_gen_products-whitelabeled-beauty_frosted-moisturizer-jar_p0697_1024x1024.png	lilith-ai	PD-own
whitelabeled-beauty/9940_gen_products-whitelabeled-beauty_sunscreen-tube_p0698_1024x1536.png	9940	products	gen_products-whitelabeled-beauty_sunscreen-tube_p0698	1024	1536	png	508358	9940_gen_products-whitelabeled-beauty_sunscreen-tube_p0698_1024x1536.png	lilith-ai	PD-own
whitelabeled-beverages/9941_gen_products-whitelabeled-beverages_beverage-almond-milk-bottle_p0699_1024x1536.png	9941	products	gen_products-whitelabeled-beverages_beverage-almond-milk-bottle_p0699	1024	1536	png	662058	9941_gen_products-whitelabeled-beverages_beverage-almond-milk-bottle_p0699_1024x1536.png	lilith-ai	PD-own
whitelabeled-beverages/9942_gen_products-whitelabeled-beverages_beverage-beer-bottle-amber_p0700_1024x1536.png	9942	products	gen_products-whitelabeled-beverages_beverage-beer-bottle-amber_p0700	1024	1536	png	488928	9942_gen_products-whitelabeled-beverages_beverage-beer-bottle-amber_p0700_1024x1536.png	lilith-ai	PD-own
whitelabeled-beverages/9943_gen_products-whitelabeled-beverages_beverage-beer-can-craft_p0701_1024x1536.png	9943	products	gen_products-whitelabeled-beverages_beverage-beer-can-craft_p0701	1024	1536	png	808724	9943_gen_products-whitelabeled-beverages_beverage-beer-can-craft_p0701_1024x1536.png	lilith-ai	PD-own
whitelabeled-beverages/9944_gen_products-whitelabeled-beverages_beverage-canned-coffee-latte_p0702_1024x1536.png	9944	products	gen_products-whitelabeled-beverages_beverage-canned-coffee-latte_p0702	1024	1536	png	613699	9944_gen_products-whitelabeled-beverages_beverage-canned-coffee-latte_p0702_1024x1536.png	lilith-ai	PD-own
whitelabeled-beverages/9945_gen_products-whitelabeled-beverages_beverage-cold-brew-can_p0703_1024x1536.png	9945	products	gen_products-whitelabeled-beverages_beverage-cold-brew-can_p0703	1024	1536	png	784651	9945_gen_products-whitelabeled-beverages_beverage-cold-brew-can_p0703_1024x1536.png	lilith-ai	PD-own
whitelabeled-beverages/9946_gen_products-whitelabeled-beverages_beverage-electrolyte-drink-bottle_p0704_1024x1536.png	9946	products	gen_products-whitelabeled-beverages_beverage-electrolyte-drink-bottle_p0704	1024	1536	png	683853	9946_gen_products-whitelabeled-beverages_beverage-electrolyte-drink-bottle_p0704_1024x1536.png	lilith-ai	PD-own
whitelabeled-beverages/9947_gen_products-whitelabeled-beverages_beverage-energy-drink-can_p0705_1024x1536.png	9947	products	gen_products-whitelabeled-beverages_beverage-energy-drink-can_p0705	1024	1536	png	885767	9947_gen_products-whitelabeled-beverages_beverage-energy-drink-can_p0705_1024x1536.png	lilith-ai	PD-own
whitelabeled-beverages/9948_gen_products-whitelabeled-beverages_beverage-ginger-beer-bottle_p0706_1024x1536.png	9948	products	gen_products-whitelabeled-beverages_beverage-ginger-beer-bottle_p0706	1024	1536	png	579850	9948_gen_products-whitelabeled-beverages_beverage-ginger-beer-bottle_p0706_1024x1536.png	lilith-ai	PD-own
whitelabeled-beverages/9949_gen_products-whitelabeled-beverages_beverage-hard-seltzer-can_p0707_1024x1536.png	9949	products	gen_products-whitelabeled-beverages_beverage-hard-seltzer-can_p0707	1024	1536	png	835932	9949_gen_products-whitelabeled-beverages_beverage-hard-seltzer-can_p0707_1024x1536.png	lilith-ai	PD-own
whitelabeled-beverages/9950_gen_products-whitelabeled-beverages_beverage-iced-tea-bottle_p0708_1024x1536.png	9950	products	gen_products-whitelabeled-beverages_beverage-iced-tea-bottle_p0708	1024	1536	png	704990	9950_gen_products-whitelabeled-beverages_beverage-iced-tea-bottle_p0708_1024x1536.png	lilith-ai	PD-own
whitelabeled-beverages/9951_gen_products-whitelabeled-beverages_beverage-juice-bottle-orange_p0709_1024x1536.png	9951	products	gen_products-whitelabeled-beverages_beverage-juice-bottle-orange_p0709	1024	1536	png	598312	9951_gen_products-whitelabeled-beverages_beverage-juice-bottle-orange_p0709_1024x1536.png	lilith-ai	PD-own
whitelabeled-beverages/9952_gen_products-whitelabeled-beverages_beverage-kombucha-bottle_p0710_1024x1536.png	9952	products	gen_products-whitelabeled-beverages_beverage-kombucha-bottle_p0710	1024	1536	png	847674	9952_gen_products-whitelabeled-beverages_beverage-kombucha-bottle_p0710_1024x1536.png	lilith-ai	PD-own
whitelabeled-beverages/9953_gen_products-whitelabeled-beverages_beverage-lemonade-carton_p0711_1024x1536.png	9953	products	gen_products-whitelabeled-beverages_beverage-lemonade-carton_p0711	1024	1536	png	899820	9953_gen_products-whitelabeled-beverages_beverage-lemonade-carton_p0711_1024x1536.png	lilith-ai	PD-own
whitelabeled-beverages/9954_gen_products-whitelabeled-beverages_beverage-mixer-can_p0712_1024x1536.png	9954	products	gen_products-whitelabeled-beverages_beverage-mixer-can_p0712	1024	1536	png	695063	9954_gen_products-whitelabeled-beverages_beverage-mixer-can_p0712_1024x1536.png	lilith-ai	PD-own
whitelabeled-beverages/9955_gen_products-whitelabeled-beverages_beverage-oat-milk-carton_p0713_1024x1536.png	9955	products	gen_products-whitelabeled-beverages_beverage-oat-milk-carton_p0713	1024	1536	png	747631	9955_gen_products-whitelabeled-beverages_beverage-oat-milk-carton_p0713_1024x1536.png	lilith-ai	PD-own
whitelabeled-beverages/9956_gen_products-whitelabeled-beverages_beverage-plant-milk-carton_p0714_1024x1536.png	9956	products	gen_products-whitelabeled-beverages_beverage-plant-milk-carton_p0714	1024	1536	png	718239	9956_gen_products-whitelabeled-beverages_beverage-plant-milk-carton_p0714_1024x1536.png	lilith-ai	PD-own
whitelabeled-beverages/9957_gen_products-whitelabeled-beverages_beverage-prosecco-bottle_p0715_1024x1536.png	9957	products	gen_products-whitelabeled-beverages_beverage-prosecco-bottle_p0715	1024	1536	png	627207	9957_gen_products-whitelabeled-beverages_beverage-prosecco-bottle_p0715_1024x1536.png	lilith-ai	PD-own
whitelabeled-beverages/9958_gen_products-whitelabeled-beverages_beverage-smoothie-bottle_p0716_1024x1536.png	9958	products	gen_products-whitelabeled-beverages_beverage-smoothie-bottle_p0716	1024	1536	png	835563	9958_gen_products-whitelabeled-beverages_beverage-smoothie-bottle_p0716_1024x1536.png	lilith-ai	PD-own
whitelabeled-beverages/9959_gen_products-whitelabeled-beverages_beverage-soda-can-cola_p0717_1024x1536.png	9959	products	gen_products-whitelabeled-beverages_beverage-soda-can-cola_p0717	1024	1536	png	803806	9959_gen_products-whitelabeled-beverages_beverage-soda-can-cola_p0717_1024x1536.png	lilith-ai	PD-own
whitelabeled-beverages/9960_gen_products-whitelabeled-beverages_beverage-sparkling-water-can_p0718_1024x1536.png	9960	products	gen_products-whitelabeled-beverages_beverage-sparkling-water-can_p0718	1024	1536	png	639384	9960_gen_products-whitelabeled-beverages_beverage-sparkling-water-can_p0718_1024x1536.png	lilith-ai	PD-own
whitelabeled-beverages/9961_gen_products-whitelabeled-beverages_beverage-sports-drink-bottle_p0719_1024x1536.png	9961	products	gen_products-whitelabeled-beverages_beverage-sports-drink-bottle_p0719	1024	1536	png	773240	9961_gen_products-whitelabeled-beverages_beverage-sports-drink-bottle_p0719_1024x1536.png	lilith-ai	PD-own
whitelabeled-beverages/9962_gen_products-whitelabeled-beverages_beverage-spring-water-bottle_p0720_1024x1536.png	9962	products	gen_products-whitelabeled-beverages_beverage-spring-water-bottle_p0720	1024	1536	png	559660	9962_gen_products-whitelabeled-beverages_beverage-spring-water-bottle_p0720_1024x1536.png	lilith-ai	PD-own
whitelabeled-beverages/9963_gen_products-whitelabeled-beverages_beverage-tonic-water-bottle_p0721_1024x1536.png	9963	products	gen_products-whitelabeled-beverages_beverage-tonic-water-bottle_p0721	1024	1536	png	567645	9963_gen_products-whitelabeled-beverages_beverage-tonic-water-bottle_p0721_1024x1536.png	lilith-ai	PD-own
whitelabeled-beverages/9964_gen_products-whitelabeled-beverages_beverage-wine-bottle-red_p0722_1024x1536.png	9964	products	gen_products-whitelabeled-beverages_beverage-wine-bottle-red_p0722	1024	1536	png	537467	9964_gen_products-whitelabeled-beverages_beverage-wine-bottle-red_p0722_1024x1536.png	lilith-ai	PD-own
whitelabeled-beverages/9965_gen_products-whitelabeled-beverages_beverage-wine-bottle-white_p0723_1024x1536.png	9965	products	gen_products-whitelabeled-beverages_beverage-wine-bottle-white_p0723	1024	1536	png	520370	9965_gen_products-whitelabeled-beverages_beverage-wine-bottle-white_p0723_1024x1536.png	lilith-ai	PD-own
products-with-callouts/9966_gen_products-with-callouts_cherry-red-short-set_spec_p0225_3840x2160.png	9966	products	gen_products-with-callouts_cherry-red-short-set_spec_p0225	3840	2160	png	2280798	9966_gen_products-with-callouts_cherry-red-short-set_spec_p0225_3840x2160.png	lilith-ai	PD-own
products-with-callouts/9967_gen_products-with-callouts_chunky-dad-sneakers_feature_p0396_3840x2160.png	9967	products	gen_products-with-callouts_chunky-dad-sneakers_feature_p0396	3840	2160	png	3991267	9967_gen_products-with-callouts_chunky-dad-sneakers_feature_p0396_3840x2160.png	lilith-ai	PD-own
products-with-callouts/9968_gen_products-with-callouts_mens-waterproof-hiking-boots-brown_feature_p0422_5504x3072.jpg	9968	products	gen_products-with-callouts_mens-waterproof-hiking-boots-brown_feature_p0422	5504	3072	jpg	911717	9968_gen_products-with-callouts_mens-waterproof-hiking-boots-brown_feature_p0422_5504x3072.jpg	lilith-ai	PD-own
products-with-callouts/9969_gen_products-with-callouts_moisturizer-jar-sage_feature_p0687_5504x3072.jpg	9969	products	gen_products-with-callouts_moisturizer-jar-sage_feature_p0687	5504	3072	jpg	708031	9969_gen_products-with-callouts_moisturizer-jar-sage_feature_p0687_5504x3072.jpg	lilith-ai	PD-own
products-with-callouts/9970_gen_products-with-callouts_sculpt-leggings_feature_p0227_2160x3840.png	9970	products	gen_products-with-callouts_sculpt-leggings_feature_p0227	2160	3840	png	3476333	9970_gen_products-with-callouts_sculpt-leggings_feature_p0227_2160x3840.png	lilith-ai	PD-own
products-with-callouts/9971_gen_products-with-callouts_sculpt-leggings_spec_p0227_3840x2160.png	9971	products	gen_products-with-callouts_sculpt-leggings_spec_p0227	3840	2160	png	2360623	9971_gen_products-with-callouts_sculpt-leggings_spec_p0227_3840x2160.png	lilith-ai	PD-own
products-with-callouts/9972_gen_products-with-callouts_serum-dropper-blush_feature_p0691_5504x3072.jpg	9972	products	gen_products-with-callouts_serum-dropper-blush_feature_p0691	5504	3072	jpg	632733	9972_gen_products-with-callouts_serum-dropper-blush_feature_p0691_5504x3072.jpg	lilith-ai	PD-own
products-with-callouts/9973_gen_products-with-callouts_silver-metallic-statement-puffer_feature_p0284_3840x2160.png	9973	products	gen_products-with-callouts_silver-metallic-statement-puffer_feature_p0284	3840	2160	png	3845478	9973_gen_products-with-callouts_silver-metallic-statement-puffer_feature_p0284_3840x2160.png	lilith-ai	PD-own
products-with-callouts/9974_gen_products-with-callouts_spec-sneaker-cutaway_spec_p0724_1536x1024.png	9974	products	gen_products-with-callouts_spec-sneaker-cutaway_spec_p0724	1536	1024	png	1188328	9974_gen_products-with-callouts_spec-sneaker-cutaway_spec_p0724_1536x1024.png	lilith-ai	PD-own
products-with-callouts/9975_gen_products-with-callouts_womens-packable-down-jacket-teal_feature_p0231_3072x3106.png	9975	products	gen_products-with-callouts_womens-packable-down-jacket-teal_feature_p0231	3072	3106	png	7248363	9975_gen_products-with-callouts_womens-packable-down-jacket-teal_feature_p0231_3072x3106.png	lilith-ai	PD-own
