id	path	sdr_url	sdr_present	hdr_url	stem_differs
1000	1000-lilith-photos-general/1000_general_red-convertible-car_mission-hills-san-diego-california_note9_iso50-f2p4_20190514-100811_4032x3024.jpg	https://codec-corpus.r2.imazen.org/imazen-26-png-v3/1000-lilith-photos-general/1000_general_red-convertible-car_mission-hills-san-diego-california_note9_iso50-f2p4_20190514-100811_4032x3024.sdr.png	1		0
1001	1000-lilith-photos-general/1001_general_oceanfront-resort-view_sheraton-waikiki-east-honolulu_s21u_iso32-f1p8_20210602-055442_4000x3000.jpg	https://codec-corpus.r2.imazen.org/imazen-26-png-v3/1000-lilith-photos-general/1001_general_oceanfront-resort-view_sheraton-waikiki-east-honolulu_s21u_iso32-f1p8_20210602-055442_4000x3000.sdr.png	1		0
1002	1000-lilith-photos-general/1002_general_oceanfront-hotel-building_ka-anapali-beach-kaanapali_s21u_iso640-f1p8_20210608-052615_4000x3000.jpg	https://codec-corpus.r2.imazen.org/imazen-26-png-v3/1000-lilith-photos-general/1002_general_oceanfront-hotel-building_ka-anapali-beach-kaanapali_s21u_iso640-f1p8_20210608-052615_4000x3000.sdr.png	1		0
1003	1000-lilith-photos-general/1003_general_docked-boat-pier_brick-palace-lahaina_s21u_iso50-f2p2_20210609-124821_4000x3000.jpg	https://codec-corpus.r2.imazen.org/imazen-26-png-v3/1000-lilith-photos-general/1003_general_docked-boat-pier_brick-palace-lahaina_s21u_iso50-f2p2_20210609-124821_4000x3000.sdr.png	1		0
1004	1000-lilith-photos-general/1004_general_paint-color-samples_s21u_iso200-f1p8_20220304-144007_4000x3000.jpg	https://codec-corpus.r2.imazen.org/imazen-26-png-v3/1000-lilith-photos-general/1004_general_paint-color-samples_s21u_iso200-f1p8_20220304-144007_3000x4000.sdr.png	1		1
1005	1000-lilith-photos-general/1005_general_la-pedrera-rooftop-terrace_l-eixample-barcelona-spain_s21u_iso50-f2p2_20220304-165729_4000x3000.jpg	https://codec-corpus.r2.imazen.org/imazen-26-png-v3/1000-lilith-photos-general/1005_general_la-pedrera-rooftop-terrace_l-eixample-barcelona-spain_s21u_iso50-f2p2_20220304-165729_4000x3000.sdr.png	1		0
1006	1000-lilith-photos-general/1006_general_church-steeple-among-trees_s21u_iso50-f1p8_20220304-182325_4000x3000.jpg	https://codec-corpus.r2.imazen.org/imazen-26-png-v3/1000-lilith-photos-general/1006_general_church-steeple-among-trees_s21u_iso50-f1p8_20220304-182325_3000x4000.sdr.png	1		1
1007	1000-lilith-photos-general/1007_general_street-building-with-trees_shinjuku-gyoen-national-garden-shinjuku_s23u_iso10-f1p7_20230702-090345_4000x3000.jpg	https://codec-corpus.r2.imazen.org/imazen-26-png-v3/1000-lilith-photos-general/1007_general_street-building-with-trees_shinjuku-gyoen-national-garden-shinjuku_s23u_iso10-f1p7_20230702-090345_3000x4000.sdr.png	1		1
1008	1000-lilith-photos-general/1008_general_city-view-through-window_tokyo-skytree-sumida_s23u_iso50-f2p2_20230706-142333_4000x3000.jpg	https://codec-corpus.r2.imazen.org/imazen-26-png-v3/1000-lilith-photos-general/1008_general_city-view-through-window_tokyo-skytree-sumida_s23u_iso50-f2p2_20230706-142333_3000x4000.sdr.png	1		1
1009	1000-lilith-photos-general/1009_general_aerial-cityscape_tokyo-skytree-sumida_s23u_iso50-f2p4_20230706-144950_4000x3000.jpg	https://codec-corpus.r2.imazen.org/imazen-26-png-v3/1000-lilith-photos-general/1009_general_aerial-cityscape_tokyo-skytree-sumida_s23u_iso50-f2p4_20230706-144950_3000x4000.sdr.png	1		1
1010	1000-lilith-photos-general/1010_general_floating-dock-on-lake_hakone-ekiden-museum-hakone_s23u_iso80-f4p9_20230707-172043_4000x3000.jpg	https://codec-corpus.r2.imazen.org/imazen-26-png-v3/1000-lilith-photos-general/1010_general_floating-dock-on-lake_hakone-ekiden-museum-hakone_s23u_iso80-f4p9_20230707-172043_3000x4000.sdr.png	1		1
1011	1000-lilith-photos-general/1011_general_city-street-at-night_s23u_iso80-f1p7_20230711-19230_4000x2252.jpg	https://codec-corpus.r2.imazen.org/imazen-26-png-v3/1000-lilith-photos-general/1011_general_city-street-at-night_s23u_iso80-f1p7_20230711-19230_2252x4000.sdr.png	1		1
1012	1000-lilith-photos-general/1012_general_spiky-crystal-display_seattle-center-seattle_s23u_iso1000-f1p7_20230727-173012_2190x3131.jpg	https://codec-corpus.r2.imazen.org/imazen-26-png-v3/1000-lilith-photos-general/1012_general_spiky-crystal-display_seattle-center-seattle_s23u_iso1000-f1p7_20230727-173012_2190x3131.sdr.png	1		0
1013	1000-lilith-photos-general/1013_general_colorful-glass-sculpture_seattle-center-seattle_s23u_iso800-f1p7_20230727-173318_4000x3000.jpg	https://codec-corpus.r2.imazen.org/imazen-26-png-v3/1000-lilith-photos-general/1013_general_colorful-glass-sculpture_seattle-center-seattle_s23u_iso800-f1p7_20230727-173318_3000x4000.sdr.png	1		1
1014	1000-lilith-photos-general/1014_general_colorful-glass-spheres_seattle-center-seattle_s23u_iso500-f1p7_20230727-173515_4000x3000.jpg	https://codec-corpus.r2.imazen.org/imazen-26-png-v3/1000-lilith-photos-general/1014_general_colorful-glass-spheres_seattle-center-seattle_s23u_iso500-f1p7_20230727-173515_4000x3000.sdr.png	1		0
1015	1000-lilith-photos-general/1015_general_colorful-glass-sculpture_seattle-center-seattle_s23u_iso400-f2p4_20230727-173537_4000x3000.jpg	https://codec-corpus.r2.imazen.org/imazen-26-png-v3/1000-lilith-photos-general/1015_general_colorful-glass-sculpture_seattle-center-seattle_s23u_iso400-f2p4_20230727-173537_4000x3000.sdr.png	1		0
1016	1000-lilith-photos-general/1016_general_hanging-glass-lamp_seattle-center-seattle_s23u_iso250-f1p7_20230727-173815_4000x2252.jpg	https://codec-corpus.r2.imazen.org/imazen-26-png-v3/1000-lilith-photos-general/1016_general_hanging-glass-lamp_seattle-center-seattle_s23u_iso250-f1p7_20230727-173815_2252x4000.sdr.png	1		1
1017	1000-lilith-photos-general/1017_general_abstract-sculpture-installation_seattle-center-seattle_s23u_iso500-f1p7_20230727-173843_4000x2252.jpg	https://codec-corpus.r2.imazen.org/imazen-26-png-v3/1000-lilith-photos-general/1017_general_abstract-sculpture-installation_seattle-center-seattle_s23u_iso500-f1p7_20230727-173843_2252x4000.sdr.png	1		1
1018	1000-lilith-photos-general/1018_general_hanging-glass-sculptures_seattle-center-seattle_s23u_iso50-f2p4_20230727-174134_4000x3000.jpg	https://codec-corpus.r2.imazen.org/imazen-26-png-v3/1000-lilith-photos-general/1018_general_hanging-glass-sculptures_seattle-center-seattle_s23u_iso50-f2p4_20230727-174134_3000x4000.sdr.png	1		1
1019	1000-lilith-photos-general/1019_general_tower-against-blue-sky_seattle-center-seattle_s23u_iso10-f1p7_20230727-174406_4000x3000.jpg	https://codec-corpus.r2.imazen.org/imazen-26-png-v3/1000-lilith-photos-general/1019_general_tower-against-blue-sky_seattle-center-seattle_s23u_iso10-f1p7_20230727-174406_3000x4000.sdr.png	1		1
1020	1000-lilith-photos-general/1020_general_space-needle-sculpture-garden_seattle-center-seattle_s23u_iso50-f2p2_20230727-174418_4000x3000.jpg	https://codec-corpus.r2.imazen.org/imazen-26-png-v3/1000-lilith-photos-general/1020_general_space-needle-sculpture-garden_seattle-center-seattle_s23u_iso50-f2p2_20230727-174418_3000x4000.sdr.png	1		1
1021	1000-lilith-photos-general/1021_general_sunset-cityscape-waterfront_seattle-center-seattle_s23u_iso50-f2p2_20230729-204147_4000x3000.jpg	https://codec-corpus.r2.imazen.org/imazen-26-png-v3/1000-lilith-photos-general/1021_general_sunset-cityscape-waterfront_seattle-center-seattle_s23u_iso50-f2p2_20230729-204147_4000x3000.sdr.png	1		0
1022	1000-lilith-photos-general/1022_general_thatched-roof-fence_azulik-city-arts-francisco-uh-may_s23u_iso50-f2p2_20230917-141034_4000x3000.jpg	https://codec-corpus.r2.imazen.org/imazen-26-png-v3/1000-lilith-photos-general/1022_general_thatched-roof-fence_azulik-city-arts-francisco-uh-may_s23u_iso50-f2p2_20230917-141034_3000x4000.sdr.png	1		1
1023	1000-lilith-photos-general/1023_general_outdoor-lounge-sofa_azulik-city-arts-francisco-uh-may_s23u_iso12-f1p7_20230917-152324_4000x3000.jpg	https://codec-corpus.r2.imazen.org/imazen-26-png-v3/1000-lilith-photos-general/1023_general_outdoor-lounge-sofa_azulik-city-arts-francisco-uh-may_s23u_iso12-f1p7_20230917-152324_4000x3000.sdr.png	1		0
1024	1000-lilith-photos-general/1024_general_outdoor-dining-table_azulik-city-arts-francisco-uh-may_s23u_iso100-f2p2_20230917-152718_4000x3000.jpg	https://codec-corpus.r2.imazen.org/imazen-26-png-v3/1000-lilith-photos-general/1024_general_outdoor-dining-table_azulik-city-arts-francisco-uh-may_s23u_iso100-f2p2_20230917-152718_3000x4000.sdr.png	1		1
1025	1000-lilith-photos-general/1025_general_restaurant-table-setting_placa-pedro-infante-valladolid_s23u_iso2000-f2p2_20230917-193017_4000x3000.jpg	https://codec-corpus.r2.imazen.org/imazen-26-png-v3/1000-lilith-photos-general/1025_general_restaurant-table-setting_placa-pedro-infante-valladolid_s23u_iso2000-f2p2_20230917-193017_3000x4000.sdr.png	1		1
1026	1000-lilith-photos-general/1026_general_two-turtles-on-rock_hotel-zentik-project-valladolid_s23u_iso50-f4p9_20230918-105440_4000x3000.jpg	https://codec-corpus.r2.imazen.org/imazen-26-png-v3/1000-lilith-photos-general/1026_general_two-turtles-on-rock_hotel-zentik-project-valladolid_s23u_iso50-f4p9_20230918-105440_3000x4000.sdr.png	1		1
1027	1000-lilith-photos-general/1027_general_turtle-on-rock_hotel-zentik-project-valladolid_s23u_iso50-f4p9_20230918-105522_4000x2252.jpg	https://codec-corpus.r2.imazen.org/imazen-26-png-v3/1000-lilith-photos-general/1027_general_turtle-on-rock_hotel-zentik-project-valladolid_s23u_iso50-f4p9_20230918-105522_2252x4000.sdr.png	1		1
1028	1000-lilith-photos-general/1028_general_hands-holding-small-turtle_hotel-zentik-project-valladolid_s23u_iso25-f1p7_20230918-105607_4000x2252.jpg	https://codec-corpus.r2.imazen.org/imazen-26-png-v3/1000-lilith-photos-general/1028_general_hands-holding-small-turtle_hotel-zentik-project-valladolid_s23u_iso25-f1p7_20230918-105607_2252x4000.sdr.png	1		1
1029	1000-lilith-photos-general/1029_general_decorative-planter-bed_hotel-zentik-project-valladolid_s23u_iso80-f1p7_20230918-105926_4000x3000.jpg	https://codec-corpus.r2.imazen.org/imazen-26-png-v3/1000-lilith-photos-general/1029_general_decorative-planter-bed_hotel-zentik-project-valladolid_s23u_iso80-f1p7_20230918-105926_4000x3000.sdr.png	1		0
1030	1000-lilith-photos-general/1030_general_wooden-figure-planter_hotel-zentik-project-valladolid_s23u_iso200-f2p4_20230918-105951_4000x3000.jpg	https://codec-corpus.r2.imazen.org/imazen-26-png-v3/1000-lilith-photos-general/1030_general_wooden-figure-planter_hotel-zentik-project-valladolid_s23u_iso200-f2p4_20230918-105951_3000x4000.sdr.png	1		1
1031	1000-lilith-photos-general/1031_general_poolside-jungle-mural_fraccionamiento-jardines-de-oriente-valladolid-m_s23u_iso50-f2p4_20230918-110218_4000x3000.jpg	https://codec-corpus.r2.imazen.org/imazen-26-png-v3/1000-lilith-photos-general/1031_general_poolside-jungle-mural_fraccionamiento-jardines-de-oriente-valladolid-m_s23u_iso50-f2p4_20230918-110218_4000x3000.sdr.png	1		0
1032	1000-lilith-photos-general/1032_general_colorful-wall-mural_hotel-zentik-project-valladolid_s23u_iso20-f1p7_20230918-110521_4000x3000.jpg	https://codec-corpus.r2.imazen.org/imazen-26-png-v3/1000-lilith-photos-general/1032_general_colorful-wall-mural_hotel-zentik-project-valladolid_s23u_iso20-f1p7_20230918-110521_4000x3000.sdr.png	1		0
1033	1000-lilith-photos-general/1033_general_stone-tunnel-lights_placa-pedro-infante-valladolid_s23u_iso800-f1p7_20230918-111620_4000x3000.jpg	https://codec-corpus.r2.imazen.org/imazen-26-png-v3/1000-lilith-photos-general/1033_general_stone-tunnel-lights_placa-pedro-infante-valladolid_s23u_iso800-f1p7_20230918-111620_3000x4000.sdr.png	1		1
1034	1000-lilith-photos-general/1034_general_rainbow-painted-staircase_placa-pedro-infante-valladolid_s23u_iso50-f1p7_20230918-111645_2574x3432.jpg	https://codec-corpus.r2.imazen.org/imazen-26-png-v3/1000-lilith-photos-general/1034_general_rainbow-painted-staircase_placa-pedro-infante-valladolid_s23u_iso50-f1p7_20230918-111645_2574x3432.sdr.png	1		0
1035	1000-lilith-photos-general/1035_general_portrait-illustration_placa-pedro-infante-valladolid_s23u_iso32-f1p7_20230918-111959_4000x3000.jpg	https://codec-corpus.r2.imazen.org/imazen-26-png-v3/1000-lilith-photos-general/1035_general_portrait-illustration_placa-pedro-infante-valladolid_s23u_iso32-f1p7_20230918-111959_3000x4000.sdr.png	1		1
1036	1000-lilith-photos-general/1036_general_stone-temple-carvings_ek-balam_s23u_iso16-f1p7_20230918-152107_4000x3000.jpg	https://codec-corpus.r2.imazen.org/imazen-26-png-v3/1000-lilith-photos-general/1036_general_stone-temple-carvings_ek-balam_s23u_iso16-f1p7_20230918-152107_3000x4000.sdr.png	1		1
1037	1000-lilith-photos-general/1037_general_stone-carved-archway_ek-balam_s23u_iso64-f2p2_20230918-152337_4000x2252.jpg	https://codec-corpus.r2.imazen.org/imazen-26-png-v3/1000-lilith-photos-general/1037_general_stone-carved-archway_ek-balam_s23u_iso64-f2p2_20230918-152337_2252x4000.sdr.png	1		1
1038	1000-lilith-photos-general/1038_general_stone-building-entrance_ek-balam_s23u_iso20-f1p7_20230918-152619_4000x3000.jpg	https://codec-corpus.r2.imazen.org/imazen-26-png-v3/1000-lilith-photos-general/1038_general_stone-building-entrance_ek-balam_s23u_iso20-f1p7_20230918-152619_3000x4000.sdr.png	1		1
1039	1000-lilith-photos-general/1039_general_sun-over-forest_ek-balam_s23u_iso50-f2p2_20230918-160739_4000x3000.jpg	https://codec-corpus.r2.imazen.org/imazen-26-png-v3/1000-lilith-photos-general/1039_general_sun-over-forest_ek-balam_s23u_iso50-f2p2_20230918-160739_4000x3000.sdr.png	1		0
1040	1000-lilith-photos-general/1040_general_roller-coaster-ride_fuji-q-highland-fujikawaguchiko_s23u_iso50-f2p4_20231030-160417_4000x3000.jpg	https://codec-corpus.r2.imazen.org/imazen-26-png-v3/1000-lilith-photos-general/1040_general_roller-coaster-ride_fuji-q-highland-fujikawaguchiko_s23u_iso50-f2p4_20231030-160417_3000x4000.sdr.png	1		1
1041	1000-lilith-photos-general/1041_general_hydration-warning-sign_s23u_iso320-f2p2_20231105-152839_4000x3000.heic	https://codec-corpus.r2.imazen.org/imazen-26-png-v3/1000-lilith-photos-general/1041_general_hydration-warning-sign_s23u_iso320-f2p2_20231105-152839_4000x3000.sdr.png	1		0
1042	1000-lilith-photos-general/1042_general_dragon-fountain-statue_monument-inochi-kyoto_s23u_iso100-f1p7_20231107-111520_4000x3000.heic	https://codec-corpus.r2.imazen.org/imazen-26-png-v3/1000-lilith-photos-general/1042_general_dragon-fountain-statue_monument-inochi-kyoto_s23u_iso100-f1p7_20231107-111520_4000x3000.sdr.png	1		0
1043	1000-lilith-photos-general/1043_general_rows-of-flowering-plants_garden-fine-arts-kyoto_s23u_iso50-f2p4_20231107-134320_4000x3000.heic	https://codec-corpus.r2.imazen.org/imazen-26-png-v3/1000-lilith-photos-general/1043_general_rows-of-flowering-plants_garden-fine-arts-kyoto_s23u_iso50-f2p4_20231107-134320_3000x4000.sdr.png	1		1
1044	1000-lilith-photos-general/1044_general_sticker-covered-wall-panel_gljufrabui-rangarthing-eystra_s23u_iso125-f1p7_20231206-150232_4000x3000.heic	https://codec-corpus.r2.imazen.org/imazen-26-png-v3/1000-lilith-photos-general/1044_general_sticker-covered-wall-panel_gljufrabui-rangarthing-eystra_s23u_iso125-f1p7_20231206-150232_3000x4000.sdr.png	1		1
1045	1000-lilith-photos-general/1045_general_gemstones-in-wooden-bowls_tivoli-gardens-copenhagen_s23u_iso250-f1p7_20231212-185715_4000x3000.heic	https://codec-corpus.r2.imazen.org/imazen-26-png-v3/1000-lilith-photos-general/1045_general_gemstones-in-wooden-bowls_tivoli-gardens-copenhagen_s23u_iso250-f1p7_20231212-185715_3000x4000.sdr.png	1		1
1046	1000-lilith-photos-general/1046_general_canal-night-cityscape_memorial-anchor-copenhagen_s23u_iso800-f2p4_20231213-173257_4000x3000.heic	https://codec-corpus.r2.imazen.org/imazen-26-png-v3/1000-lilith-photos-general/1046_general_canal-night-cityscape_memorial-anchor-copenhagen_s23u_iso800-f2p4_20231213-173257_4000x3000.sdr.png	1		0
1047	1000-lilith-photos-general/1047_general_flowers-and-lit-candle_magasin-du-nord-museum-copenhagen_s23u_iso640-f2p4_20231213-182125_4000x3000.heic	https://codec-corpus.r2.imazen.org/imazen-26-png-v3/1000-lilith-photos-general/1047_general_flowers-and-lit-candle_magasin-du-nord-museum-copenhagen_s23u_iso640-f2p4_20231213-182125_3000x4000.sdr.png	1		1
1048	1000-lilith-photos-general/1048_general_people-snowboarding-in-snow_colorado_s23u_iso12-f1p7_20240325-104900_4000x3000.jpg	https://codec-corpus.r2.imazen.org/imazen-26-png-v3/1000-lilith-photos-general/1048_general_people-snowboarding-in-snow_colorado_s23u_iso12-f1p7_20240325-104900_3000x4000.sdr.png	1		1
1049	1000-lilith-photos-general/1049_general_river-bridge-cityscape_louvre-palace-paris_s23u_iso50-f4p9_20240425-154623_4000x3000.jpg	https://codec-corpus.r2.imazen.org/imazen-26-png-v3/1000-lilith-photos-general/1049_general_river-bridge-cityscape_louvre-palace-paris_s23u_iso50-f4p9_20240425-154623_4000x3000.sdr.png	1		0
1050	1000-lilith-photos-general/1050_general_riverside-walkway-and-river_louvre-palace-paris_s23u_iso50-f2p2_20240425-154625_4000x3000.jpg	https://codec-corpus.r2.imazen.org/imazen-26-png-v3/1000-lilith-photos-general/1050_general_riverside-walkway-and-river_louvre-palace-paris_s23u_iso50-f2p2_20240425-154625_4000x3000.sdr.png	1		0
1051	1000-lilith-photos-general/1051_general_people-in-rowboat_7th-arrondissement-paris-france_s23u_iso800-f1p7_20240425-184958_4000x3000.jpg	https://codec-corpus.r2.imazen.org/imazen-26-png-v3/1000-lilith-photos-general/1051_general_people-in-rowboat_7th-arrondissement-paris-france_s23u_iso800-f1p7_20240425-184958_4000x3000.sdr.png	1		0
1052	1000-lilith-photos-general/1052_general_framed-building-painting_museum-orsay-paris_s23u_iso500-f2p4_20240425-185701_4000x3000.jpg	https://codec-corpus.r2.imazen.org/imazen-26-png-v3/1000-lilith-photos-general/1052_general_framed-building-painting_museum-orsay-paris_s23u_iso500-f2p4_20240425-185701_3000x4000.sdr.png	1		1
1053	1000-lilith-photos-general/1053_general_statue-in-arched-alcove_louvre-palace-paris_s23u_iso500-f2p2_20240426-175831_4000x3000.jpg	https://codec-corpus.r2.imazen.org/imazen-26-png-v3/1000-lilith-photos-general/1053_general_statue-in-arched-alcove_louvre-palace-paris_s23u_iso500-f2p2_20240426-175831_3000x4000.sdr.png	1		1
1054	1000-lilith-photos-general/1054_general_modern-art-museum-exterior-paris_s23u_iso10-f1p7_20240427-165529_4000x3000.jpg	https://codec-corpus.r2.imazen.org/imazen-26-png-v3/1000-lilith-photos-general/1054_general_modern-art-museum-exterior-paris_s23u_iso10-f1p7_20240427-165529_3000x4000.sdr.png	1		1
1055	1000-lilith-photos-general/1055_general_bread-and-coffee-table_blue-lagoon-grindavik_s23u_iso50-f2p2_20240429-174632_4000x3000.jpg	https://codec-corpus.r2.imazen.org/imazen-26-png-v3/1000-lilith-photos-general/1055_general_bread-and-coffee-table_blue-lagoon-grindavik_s23u_iso50-f2p2_20240429-174632_3000x4000.sdr.png	1		1
1056	1000-lilith-photos-general/1056_general_flower-bouquet-and-cards_colorado_s23u_iso80-f2p4_20240505-172513_4000x3000.jpg	https://codec-corpus.r2.imazen.org/imazen-26-png-v3/1000-lilith-photos-general/1056_general_flower-bouquet-and-cards_colorado_s23u_iso80-f2p4_20240505-172513_3000x4000.sdr.png	1		1
1057	1000-lilith-photos-general/1057_general_dragon-statue-in-garden_placa-pedro-infante-valladolid_s23u_iso640-f1p7_20240528-210945_4000x3000.jpg	https://codec-corpus.r2.imazen.org/imazen-26-png-v3/1000-lilith-photos-general/1057_general_dragon-statue-in-garden_placa-pedro-infante-valladolid_s23u_iso640-f1p7_20240528-210945_3000x4000.sdr.png	1		1
1058	1000-lilith-photos-general/1058_general_balcony-building-facade_waikiki-beach-east-honolulu_s23u_iso25-f1p7_20241104-163816_4000x3000.jpg	https://codec-corpus.r2.imazen.org/imazen-26-png-v3/1000-lilith-photos-general/1058_general_balcony-building-facade_waikiki-beach-east-honolulu_s23u_iso25-f1p7_20241104-163816_3000x4000.sdr.png	1		1
1059	1000-lilith-photos-general/1059_general_colorful-sailboat-sails_waikiki-mlcd-east-honolulu_s23u_iso10-f1p7_20241112-171358_2841x3788.jpg	https://codec-corpus.r2.imazen.org/imazen-26-png-v3/1000-lilith-photos-general/1059_general_colorful-sailboat-sails_waikiki-mlcd-east-honolulu_s23u_iso10-f1p7_20241112-171358_2841x3788.sdr.png	1		0
1060	1000-lilith-photos-general/1060_general_tiered-floral-cake_colorado_s23u_iso125-f1p7_20250202-141907_4000x3000.jpg	https://codec-corpus.r2.imazen.org/imazen-26-png-v3/1000-lilith-photos-general/1060_general_tiered-floral-cake_colorado_s23u_iso125-f1p7_20250202-141907_3000x4000.sdr.png	1		1
1061	1000-lilith-photos-general/1061_general_city-skyline-at-dusk_tokyo-skytree-sumida_s23u_iso320-f2p4_20250228-174759_4000x3000.jpg	https://codec-corpus.r2.imazen.org/imazen-26-png-v3/1000-lilith-photos-general/1061_general_city-skyline-at-dusk_tokyo-skytree-sumida_s23u_iso320-f2p4_20250228-174759_4000x3000.sdr.png	1		0
1062	1000-lilith-photos-general/1062_general_boat-on-water_numazu-japan_s23u_iso50-f2p2_20250307-173047_4000x3000.jpg	https://codec-corpus.r2.imazen.org/imazen-26-png-v3/1000-lilith-photos-general/1062_general_boat-on-water_numazu-japan_s23u_iso50-f2p2_20250307-173047_3000x4000.sdr.png	1		1
1063	1000-lilith-photos-general/1063_general_uefi-bios-boot-menu_colorado_s23u_iso640-f1p7_20250416-033546_4000x2763.jpg	https://codec-corpus.r2.imazen.org/imazen-26-png-v3/1000-lilith-photos-general/1063_general_uefi-bios-boot-menu_colorado_s23u_iso640-f1p7_20250416-033546_4000x2763.sdr.png	1		0
1064	1000-lilith-photos-general/1064_general_castle-bridge-moat_montjuic-castle-barcelona_zfold7_iso40-f1p7_20260315-175347_4000x3000.jpg	https://codec-corpus.r2.imazen.org/imazen-26-png-v3/1000-lilith-photos-general/1064_general_castle-bridge-moat_montjuic-castle-barcelona_zfold7_iso40-f1p7_20260315-175347_3000x4000.sdr.png	1	https://codec-corpus.r2.imazen.org/imazen-26-png-v3/1000-lilith-photos-general/1064_general_castle-bridge-moat_montjuic-castle-barcelona_zfold7_iso40-f1p7_20260315-175347_3000x4000.hdr.png	1
1065	1000-lilith-photos-general/1065_general_cathedral-model-workshop_sagrada-familia-barcelona_zfold7_iso64-f1p7_20260317-165822_4000x3000.jpg	https://codec-corpus.r2.imazen.org/imazen-26-png-v3/1000-lilith-photos-general/1065_general_cathedral-model-workshop_sagrada-familia-barcelona_zfold7_iso64-f1p7_20260317-165822_3000x4000.sdr.png	1	https://codec-corpus.r2.imazen.org/imazen-26-png-v3/1000-lilith-photos-general/1065_general_cathedral-model-workshop_sagrada-familia-barcelona_zfold7_iso64-f1p7_20260317-165822_3000x4000.hdr.png	1
1066	1000-lilith-photos-general/1066_general_stone-building-facade_park-guell-barcelona_zfold7_iso80-f1p7_20260318-172109_4000x3000.jpg	https://codec-corpus.r2.imazen.org/imazen-26-png-v3/1000-lilith-photos-general/1066_general_stone-building-facade_park-guell-barcelona_zfold7_iso80-f1p7_20260318-172109_3000x4000.sdr.png	1	https://codec-corpus.r2.imazen.org/imazen-26-png-v3/1000-lilith-photos-general/1066_general_stone-building-facade_park-guell-barcelona_zfold7_iso80-f1p7_20260318-172109_3000x4000.hdr.png	1
1067	1000-lilith-photos-general/1067_general_architectural-model-display_la-pedrera-barcelona_zfold7_iso500-f1p7_20260319-185645_4000x3000.jpg	https://codec-corpus.r2.imazen.org/imazen-26-png-v3/1000-lilith-photos-general/1067_general_architectural-model-display_la-pedrera-barcelona_zfold7_iso500-f1p7_20260319-185645_3000x4000.sdr.png	1	https://codec-corpus.r2.imazen.org/imazen-26-png-v3/1000-lilith-photos-general/1067_general_architectural-model-display_la-pedrera-barcelona_zfold7_iso500-f1p7_20260319-185645_3000x4000.hdr.png	1
1068	1000-lilith-photos-general/1068_general_glowing-blue-glass-sphere_house-eternal-return-meow-wolf-santa-fe_ip8plus_iso100-f1p8_img-7632_4032x3024.heic	https://codec-corpus.r2.imazen.org/imazen-26-png-v3/1000-lilith-photos-general/1068_general_glowing-blue-glass-sphere_house-eternal-return-meow-wolf-santa-fe_ip8plus_iso100-f1p8_img-7632_3024x4032.sdr.png	1		1
1069	1000-lilith-photos-general/1069_general_illuminated-castle-night_cinderella-castle-orange_ip13pro_iso500-f1p5_img-7653_2870x3827.heic	https://codec-corpus.r2.imazen.org/imazen-26-png-v3/1000-lilith-photos-general/1069_general_illuminated-castle-night_cinderella-castle-orange_ip13pro_iso500-f1p5_img-7653_2870x3827.sdr.png	1	https://codec-corpus.r2.imazen.org/imazen-26-png-v3/1000-lilith-photos-general/1069_general_illuminated-castle-night_cinderella-castle-orange_ip13pro_iso500-f1p5_img-7653_2870x3827.hdr.png	0
1070	1000-lilith-photos-general/1070_general_stone-temple-ruins_ip13pro_iso50-f1p5_img-8852_4032x3024.heic	https://codec-corpus.r2.imazen.org/imazen-26-png-v3/1000-lilith-photos-general/1070_general_stone-temple-ruins_ip13pro_iso50-f1p5_img-8852_4032x3024.sdr.png	1	https://codec-corpus.r2.imazen.org/imazen-26-png-v3/1000-lilith-photos-general/1070_general_stone-temple-ruins_ip13pro_iso50-f1p5_img-8852_4032x3024.hdr.png	0
1071	1000-lilith-photos-general/1071_general_illuminated-castle-night_flight-hippogriff-orlando_ip8plus_iso160-f1p8_img-9988_4032x3024.heic	https://codec-corpus.r2.imazen.org/imazen-26-png-v3/1000-lilith-photos-general/1071_general_illuminated-castle-night_flight-hippogriff-orlando_ip8plus_iso160-f1p8_img-9988_4032x3024.sdr.png	1		0
1200	1200-lilith-interiors/1200_interiors_reflective-egg-sculptures_s23u_iso10-f1p7_20230704-121114_4000x3000.jpg	https://codec-corpus.r2.imazen.org/imazen-26-png-v3/1200-lilith-interiors/1200_interiors_reflective-egg-sculptures_s23u_iso10-f1p7_20230704-121114_4000x3000.sdr.png	1		0
1201	1200-lilith-interiors/1201_interiors_bar-sign-outside-window_shinjuku-2-shinjuku-japan_s23u_iso12-f1p7_20230706-124619_4000x3000.jpg	https://codec-corpus.r2.imazen.org/imazen-26-png-v3/1200-lilith-interiors/1201_interiors_bar-sign-outside-window_shinjuku-2-shinjuku-japan_s23u_iso12-f1p7_20230706-124619_3000x4000.sdr.png	1		1
1202	1200-lilith-interiors/1202_interiors_abstract-textured-pattern_seattle-center-seattle_s23u_iso1000-f1p7_20230727-164305_4000x3000.jpg	https://codec-corpus.r2.imazen.org/imazen-26-png-v3/1200-lilith-interiors/1202_interiors_abstract-textured-pattern_seattle-center-seattle_s23u_iso1000-f1p7_20230727-164305_3000x4000.sdr.png	1		1
1203	1200-lilith-interiors/1203_interiors_person-in-room_belltown-seattle-washington_s23u_iso800-f1p7_20230727-165257_4000x3000.jpg	https://codec-corpus.r2.imazen.org/imazen-26-png-v3/1200-lilith-interiors/1203_interiors_person-in-room_belltown-seattle-washington_s23u_iso800-f1p7_20230727-165257_4000x3000.sdr.png	1		0
1204	1200-lilith-interiors/1204_interiors_rustic-outdoor-dining-area_s23u_iso125-f2p2_20230915-124518_4000x3000.jpg	https://codec-corpus.r2.imazen.org/imazen-26-png-v3/1200-lilith-interiors/1204_interiors_rustic-outdoor-dining-area_s23u_iso125-f2p2_20230915-124518_3000x4000.sdr.png	1		1
1205	1200-lilith-interiors/1205_interiors_modern-living-room_tulum-mexico_s23u_iso160-f1p7_20230917-114545_4000x3000.jpg	https://codec-corpus.r2.imazen.org/imazen-26-png-v3/1200-lilith-interiors/1205_interiors_modern-living-room_tulum-mexico_s23u_iso160-f1p7_20230917-114545_3000x4000.sdr.png	1		1
1206	1200-lilith-interiors/1206_interiors_tree-like-sculpture-ceiling_azulik-city-arts-francisco-uh-may_s23u_iso80-f2p2_20230917-143302_4000x3000.jpg	https://codec-corpus.r2.imazen.org/imazen-26-png-v3/1200-lilith-interiors/1206_interiors_tree-like-sculpture-ceiling_azulik-city-arts-francisco-uh-may_s23u_iso80-f2p2_20230917-143302_3000x4000.sdr.png	1		1
1207	1200-lilith-interiors/1207_interiors_bedroom-with-bed_hotel-zentik-project-valladolid_s23u_iso1600-f1p7_20230917-183439_4000x3000.jpg	https://codec-corpus.r2.imazen.org/imazen-26-png-v3/1200-lilith-interiors/1207_interiors_bedroom-with-bed_hotel-zentik-project-valladolid_s23u_iso1600-f1p7_20230917-183439_4000x3000.sdr.png	1		0
1208	1200-lilith-interiors/1208_interiors_woven-hammock-by-beach_hotel-zentik-project-valladolid_s23u_iso20-f1p7_20230918-110558_4000x3000.jpg	https://codec-corpus.r2.imazen.org/imazen-26-png-v3/1200-lilith-interiors/1208_interiors_woven-hammock-by-beach_hotel-zentik-project-valladolid_s23u_iso20-f1p7_20230918-110558_3000x4000.sdr.png	1		1
1209	1200-lilith-interiors/1209_interiors_traditional-tiled-roof-building_himeji-castle-himeji_s23u_iso64-f2p2_20231105-153905_4000x3000.heic	https://codec-corpus.r2.imazen.org/imazen-26-png-v3/1200-lilith-interiors/1209_interiors_traditional-tiled-roof-building_himeji-castle-himeji_s23u_iso64-f2p2_20231105-153905_3000x4000.sdr.png	1		1
1210	1200-lilith-interiors/1210_interiors_sunlit-living-room_square-du-temple-elie-wiesel-paris_s23u_iso100-f1p7_20240421-153756_4000x3000.jpg	https://codec-corpus.r2.imazen.org/imazen-26-png-v3/1200-lilith-interiors/1210_interiors_sunlit-living-room_square-du-temple-elie-wiesel-paris_s23u_iso100-f1p7_20240421-153756_3000x4000.sdr.png	1		1
1211	1200-lilith-interiors/1211_interiors_ornate-chandelier-ceiling_s23u_iso160-f2p4_20240423-192716_4000x3000.jpg	https://codec-corpus.r2.imazen.org/imazen-26-png-v3/1200-lilith-interiors/1211_interiors_ornate-chandelier-ceiling_s23u_iso160-f2p4_20240423-192716_4000x3000.sdr.png	1		0
1212	1200-lilith-interiors/1212_interiors_ornate-ceiling-mural_opera-garnier-paris_s23u_iso800-f1p7_20240423-220507_4000x3000.jpg	https://codec-corpus.r2.imazen.org/imazen-26-png-v3/1200-lilith-interiors/1212_interiors_ornate-ceiling-mural_opera-garnier-paris_s23u_iso800-f1p7_20240423-220507_3000x4000.sdr.png	1		1
1213	1200-lilith-interiors/1213_interiors_ornate-painted-ceiling_opera-garnier-paris_s23u_iso800-f2p4_20240423-220536_4000x3000.jpg	https://codec-corpus.r2.imazen.org/imazen-26-png-v3/1200-lilith-interiors/1213_interiors_ornate-painted-ceiling_opera-garnier-paris_s23u_iso800-f2p4_20240423-220536_3000x4000.sdr.png	1		1
1214	1200-lilith-interiors/1214_interiors_ornate-painted-ceiling_queen-s-grand-apartment-versailles_s23u_iso80-f2p2_20240424-123020_3000x3556.jpg	https://codec-corpus.r2.imazen.org/imazen-26-png-v3/1200-lilith-interiors/1214_interiors_ornate-painted-ceiling_queen-s-grand-apartment-versailles_s23u_iso80-f2p2_20240424-123020_3000x3556.sdr.png	1		0
1215	1200-lilith-interiors/1215_interiors_living-room-interior_square-du-temple-elie-wiesel-paris_s23u_iso25-f1p7_20240429-114925_4000x3000.jpg	https://codec-corpus.r2.imazen.org/imazen-26-png-v3/1200-lilith-interiors/1215_interiors_living-room-interior_square-du-temple-elie-wiesel-paris_s23u_iso25-f1p7_20240429-114925_3000x4000.sdr.png	1		1
1216	1200-lilith-interiors/1216_interiors_ornate-standing-mirror_square-du-temple-elie-wiesel-paris_s23u_iso200-f1p7_20240429-114934-1_4000x3000.jpg	https://codec-corpus.r2.imazen.org/imazen-26-png-v3/1200-lilith-interiors/1216_interiors_ornate-standing-mirror_square-du-temple-elie-wiesel-paris_s23u_iso200-f1p7_20240429-114934-1_3000x4000.sdr.png	1		1
1217	1200-lilith-interiors/1217_interiors_modern-lounge-seating-area_s23u_iso640-f1p7_20240429-231830_4000x3000.jpg	https://codec-corpus.r2.imazen.org/imazen-26-png-v3/1200-lilith-interiors/1217_interiors_modern-lounge-seating-area_s23u_iso640-f1p7_20240429-231830_3000x4000.sdr.png	1		1
1218	1200-lilith-interiors/1218_interiors_bathroom-sinks-mirror_las-5-calles-valladolid_s23u_iso320-f1p7_20240529-081045_3000x4000.jpg	https://codec-corpus.r2.imazen.org/imazen-26-png-v3/1200-lilith-interiors/1218_interiors_bathroom-sinks-mirror_las-5-calles-valladolid_s23u_iso320-f1p7_20240529-081045_3000x4000.sdr.png	1		0
1219	1200-lilith-interiors/1219_interiors_kitchen-dining-area_las-5-calles-valladolid_s23u_iso160-f1p7_20240529-081209_4000x3000.jpg	https://codec-corpus.r2.imazen.org/imazen-26-png-v3/1200-lilith-interiors/1219_interiors_kitchen-dining-area_las-5-calles-valladolid_s23u_iso160-f1p7_20240529-081209_3000x4000.sdr.png	1		1
1220	1200-lilith-interiors/1220_interiors_tree-covered-walkway_azulik-city-arts-francisco-uh-may_s23u_iso400-f2p2_20240601-153248_4000x3000.jpg	https://codec-corpus.r2.imazen.org/imazen-26-png-v3/1200-lilith-interiors/1220_interiors_tree-covered-walkway_azulik-city-arts-francisco-uh-may_s23u_iso400-f2p2_20240601-153248_3000x4000.sdr.png	1		1
1221	1200-lilith-interiors/1221_interiors_hotel-room-bed_hilton-waikiki-beach-east-honolulu_s23u_iso100-f1p7_20241107-134702_4000x3000.jpg	https://codec-corpus.r2.imazen.org/imazen-26-png-v3/1200-lilith-interiors/1221_interiors_hotel-room-bed_hilton-waikiki-beach-east-honolulu_s23u_iso100-f1p7_20241107-134702_3000x4000.sdr.png	1		1
1222	1200-lilith-interiors/1222_interiors_japanese-style-room_tatsuta-izu_s23u_iso320-f2p2_20250304-160906_4000x3000.jpg	https://codec-corpus.r2.imazen.org/imazen-26-png-v3/1200-lilith-interiors/1222_interiors_japanese-style-room_tatsuta-izu_s23u_iso320-f2p2_20250304-160906_4000x3000.sdr.png	1		0
1223	1200-lilith-interiors/1223_interiors_ocean-view-dining-room_monument-wakayama-bokusui-s-poem-shimoda_s23u_iso20-f1p7_20250306-090336_4000x3000.jpg	https://codec-corpus.r2.imazen.org/imazen-26-png-v3/1200-lilith-interiors/1223_interiors_ocean-view-dining-room_monument-wakayama-bokusui-s-poem-shimoda_s23u_iso20-f1p7_20250306-090336_4000x3000.sdr.png	1		0
1224	1200-lilith-interiors/1224_interiors_screened-porch-ocean-view_minamiizu-japan_s23u_iso16-f1p7_20250306-162953_4000x3000.jpg	https://codec-corpus.r2.imazen.org/imazen-26-png-v3/1200-lilith-interiors/1224_interiors_screened-porch-ocean-view_minamiizu-japan_s23u_iso16-f1p7_20250306-162953_4000x3000.sdr.png	1		0
1225	1200-lilith-interiors/1225_interiors_kitchen-appliances-overhead_minamiizu-japan_s23u_iso200-f1p7_20250307-112014_4000x3000.jpg	https://codec-corpus.r2.imazen.org/imazen-26-png-v3/1200-lilith-interiors/1225_interiors_kitchen-appliances-overhead_minamiizu-japan_s23u_iso200-f1p7_20250307-112014_3000x4000.sdr.png	1		1
1226	1200-lilith-interiors/1226_interiors_hotel-lobby-interior_mt-awashima-numazu_s23u_iso250-f2p2_20250307-195449_4000x3000.jpg	https://codec-corpus.r2.imazen.org/imazen-26-png-v3/1200-lilith-interiors/1226_interiors_hotel-lobby-interior_mt-awashima-numazu_s23u_iso250-f2p2_20250307-195449_4000x3000.sdr.png	1		0
1227	1200-lilith-interiors/1227_interiors_stained-glass-window_casa-batllo-barcelona_zfold7_iso1600-f1p7_20260315-205230_4000x3000.jpg	https://codec-corpus.r2.imazen.org/imazen-26-png-v3/1200-lilith-interiors/1227_interiors_stained-glass-window_casa-batllo-barcelona_zfold7_iso1600-f1p7_20260315-205230_3000x4000.sdr.png	1	https://codec-corpus.r2.imazen.org/imazen-26-png-v3/1200-lilith-interiors/1227_interiors_stained-glass-window_casa-batllo-barcelona_zfold7_iso1600-f1p7_20260315-205230_3000x4000.hdr.png	1
1228	1200-lilith-interiors/1228_interiors_stained-glass-windows_casa-batllo-barcelona_zfold7_iso2500-f1p7_20260315-205328_4000x3000.jpg	https://codec-corpus.r2.imazen.org/imazen-26-png-v3/1200-lilith-interiors/1228_interiors_stained-glass-windows_casa-batllo-barcelona_zfold7_iso2500-f1p7_20260315-205328_4000x3000.sdr.png	1	https://codec-corpus.r2.imazen.org/imazen-26-png-v3/1200-lilith-interiors/1228_interiors_stained-glass-windows_casa-batllo-barcelona_zfold7_iso2500-f1p7_20260315-205328_4000x3000.hdr.png	0
1229	1200-lilith-interiors/1229_interiors_lighted-archway-ceiling_casa-batllo-barcelona_zfold7_iso1250-f1p7_20260315-210321_4000x3000.jpg	https://codec-corpus.r2.imazen.org/imazen-26-png-v3/1200-lilith-interiors/1229_interiors_lighted-archway-ceiling_casa-batllo-barcelona_zfold7_iso1250-f1p7_20260315-210321_3000x4000.sdr.png	1	https://codec-corpus.r2.imazen.org/imazen-26-png-v3/1200-lilith-interiors/1229_interiors_lighted-archway-ceiling_casa-batllo-barcelona_zfold7_iso1250-f1p7_20260315-210321_3000x4000.hdr.png	1
1230	1200-lilith-interiors/1230_interiors_empty-tiled-pool_casa-batllo-barcelona_zfold7_iso640-f1p7_20260315-210432_4000x3000.jpg	https://codec-corpus.r2.imazen.org/imazen-26-png-v3/1200-lilith-interiors/1230_interiors_empty-tiled-pool_casa-batllo-barcelona_zfold7_iso640-f1p7_20260315-210432_3000x4000.sdr.png	1	https://codec-corpus.r2.imazen.org/imazen-26-png-v3/1200-lilith-interiors/1230_interiors_empty-tiled-pool_casa-batllo-barcelona_zfold7_iso640-f1p7_20260315-210432_3000x4000.hdr.png	1
1231	1200-lilith-interiors/1231_interiors_tiled-arched-interior_casa-batllo-barcelona_zfold7_iso640-f2p2_20260315-211323_4000x2252.jpg	https://codec-corpus.r2.imazen.org/imazen-26-png-v3/1200-lilith-interiors/1231_interiors_tiled-arched-interior_casa-batllo-barcelona_zfold7_iso640-f2p2_20260315-211323_4000x2252.sdr.png	1	https://codec-corpus.r2.imazen.org/imazen-26-png-v3/1200-lilith-interiors/1231_interiors_tiled-arched-interior_casa-batllo-barcelona_zfold7_iso640-f2p2_20260315-211323_4000x2252.hdr.png	0
1232	1200-lilith-interiors/1232_interiors_stained-glass-windows_sagrada-familia-barcelona_zfold7_iso400-f1p7_20260317-144409_4000x3000.jpg	https://codec-corpus.r2.imazen.org/imazen-26-png-v3/1200-lilith-interiors/1232_interiors_stained-glass-windows_sagrada-familia-barcelona_zfold7_iso400-f1p7_20260317-144409_3000x4000.sdr.png	1	https://codec-corpus.r2.imazen.org/imazen-26-png-v3/1200-lilith-interiors/1232_interiors_stained-glass-windows_sagrada-familia-barcelona_zfold7_iso400-f1p7_20260317-144409_3000x4000.hdr.png	1
1233	1200-lilith-interiors/1233_interiors_cathedral-ceiling-interior_sagrada-familia-barcelona_zfold7_iso250-f2p2_20260317-151912_4000x3000.jpg	https://codec-corpus.r2.imazen.org/imazen-26-png-v3/1200-lilith-interiors/1233_interiors_cathedral-ceiling-interior_sagrada-familia-barcelona_zfold7_iso250-f2p2_20260317-151912_4000x3000.sdr.png	1	https://codec-corpus.r2.imazen.org/imazen-26-png-v3/1200-lilith-interiors/1233_interiors_cathedral-ceiling-interior_sagrada-familia-barcelona_zfold7_iso250-f2p2_20260317-151912_4000x3000.hdr.png	0
1234	1200-lilith-interiors/1234_interiors_cathedral-ceiling-columns_sagrada-familia-barcelona_zfold7_iso400-f1p7_20260317-154023_4000x3000.jpg	https://codec-corpus.r2.imazen.org/imazen-26-png-v3/1200-lilith-interiors/1234_interiors_cathedral-ceiling-columns_sagrada-familia-barcelona_zfold7_iso400-f1p7_20260317-154023_3000x4000.sdr.png	1	https://codec-corpus.r2.imazen.org/imazen-26-png-v3/1200-lilith-interiors/1234_interiors_cathedral-ceiling-columns_sagrada-familia-barcelona_zfold7_iso400-f1p7_20260317-154023_3000x4000.hdr.png	1
1235	1200-lilith-interiors/1235_interiors_floral-wall-mural_casa-vicens-barcelona_zfold7_iso1600-f1p7_20260319-165522_4000x3000.jpg	https://codec-corpus.r2.imazen.org/imazen-26-png-v3/1200-lilith-interiors/1235_interiors_floral-wall-mural_casa-vicens-barcelona_zfold7_iso1600-f1p7_20260319-165522_3000x4000.sdr.png	1	https://codec-corpus.r2.imazen.org/imazen-26-png-v3/1200-lilith-interiors/1235_interiors_floral-wall-mural_casa-vicens-barcelona_zfold7_iso1600-f1p7_20260319-165522_3000x4000.hdr.png	1
1236	1200-lilith-interiors/1236_interiors_ornate-arched-interior_casa-vicens-barcelona_zfold7_iso400-f2p2_20260319-165702_4000x3000.jpg	https://codec-corpus.r2.imazen.org/imazen-26-png-v3/1200-lilith-interiors/1236_interiors_ornate-arched-interior_casa-vicens-barcelona_zfold7_iso400-f2p2_20260319-165702_3000x4000.sdr.png	1	https://codec-corpus.r2.imazen.org/imazen-26-png-v3/1200-lilith-interiors/1236_interiors_ornate-arched-interior_casa-vicens-barcelona_zfold7_iso400-f2p2_20260319-165702_3000x4000.hdr.png	1
1237	1200-lilith-interiors/1237_interiors_person-standing-by-window_casa-vicens-barcelona_zfold7_iso800-f2p2_20260319-170017_4000x3000.jpg	https://codec-corpus.r2.imazen.org/imazen-26-png-v3/1200-lilith-interiors/1237_interiors_person-standing-by-window_casa-vicens-barcelona_zfold7_iso800-f2p2_20260319-170017_3000x4000.sdr.png	1	https://codec-corpus.r2.imazen.org/imazen-26-png-v3/1200-lilith-interiors/1237_interiors_person-standing-by-window_casa-vicens-barcelona_zfold7_iso800-f2p2_20260319-170017_3000x4000.hdr.png	1
1238	1200-lilith-interiors/1238_interiors_open-doorway-interior_casa-vicens-barcelona_zfold7_iso250-f2p2_20260319-170237_4000x3000.jpg	https://codec-corpus.r2.imazen.org/imazen-26-png-v3/1200-lilith-interiors/1238_interiors_open-doorway-interior_casa-vicens-barcelona_zfold7_iso250-f2p2_20260319-170237_3000x4000.sdr.png	1	https://codec-corpus.r2.imazen.org/imazen-26-png-v3/1200-lilith-interiors/1238_interiors_open-doorway-interior_casa-vicens-barcelona_zfold7_iso250-f2p2_20260319-170237_3000x4000.hdr.png	1
1239	1200-lilith-interiors/1239_interiors_decorative-coffered-ceiling_casa-vicens-barcelona_zfold7_iso800-f2p2_20260319-170252_4000x3000.jpg	https://codec-corpus.r2.imazen.org/imazen-26-png-v3/1200-lilith-interiors/1239_interiors_decorative-coffered-ceiling_casa-vicens-barcelona_zfold7_iso800-f2p2_20260319-170252_4000x3000.sdr.png	1	https://codec-corpus.r2.imazen.org/imazen-26-png-v3/1200-lilith-interiors/1239_interiors_decorative-coffered-ceiling_casa-vicens-barcelona_zfold7_iso800-f2p2_20260319-170252_4000x3000.hdr.png	0
1240	1200-lilith-interiors/1240_interiors_bathroom-with-bathtub_casa-vicens-barcelona_zfold7_iso1000-f2p2_20260319-170336_4000x3000.jpg	https://codec-corpus.r2.imazen.org/imazen-26-png-v3/1200-lilith-interiors/1240_interiors_bathroom-with-bathtub_casa-vicens-barcelona_zfold7_iso1000-f2p2_20260319-170336_3000x4000.sdr.png	1	https://codec-corpus.r2.imazen.org/imazen-26-png-v3/1200-lilith-interiors/1240_interiors_bathroom-with-bathtub_casa-vicens-barcelona_zfold7_iso1000-f2p2_20260319-170336_3000x4000.hdr.png	1
1241	1200-lilith-interiors/1241_interiors_living-room-sofa_la-pedrera-barcelona_zfold7_iso1000-f1p7_20260319-183640_4000x3000.jpg	https://codec-corpus.r2.imazen.org/imazen-26-png-v3/1200-lilith-interiors/1241_interiors_living-room-sofa_la-pedrera-barcelona_zfold7_iso1000-f1p7_20260319-183640_3000x4000.sdr.png	1	https://codec-corpus.r2.imazen.org/imazen-26-png-v3/1200-lilith-interiors/1241_interiors_living-room-sofa_la-pedrera-barcelona_zfold7_iso1000-f1p7_20260319-183640_3000x4000.hdr.png	1
1242	1200-lilith-interiors/1242_interiors_storage-room-clutter_la-pedrera-barcelona_zfold7_iso640-f2p2_20260319-183704_4000x3000.jpg	https://codec-corpus.r2.imazen.org/imazen-26-png-v3/1200-lilith-interiors/1242_interiors_storage-room-clutter_la-pedrera-barcelona_zfold7_iso640-f2p2_20260319-183704_3000x4000.sdr.png	1	https://codec-corpus.r2.imazen.org/imazen-26-png-v3/1200-lilith-interiors/1242_interiors_storage-room-clutter_la-pedrera-barcelona_zfold7_iso640-f2p2_20260319-183704_3000x4000.hdr.png	1
1243	1200-lilith-interiors/1243_interiors_vintage-living-room_la-pedrera-barcelona_zfold7_iso400-f2p2_20260319-183921_4000x3000.jpg	https://codec-corpus.r2.imazen.org/imazen-26-png-v3/1200-lilith-interiors/1243_interiors_vintage-living-room_la-pedrera-barcelona_zfold7_iso400-f2p2_20260319-183921_3000x4000.sdr.png	1	https://codec-corpus.r2.imazen.org/imazen-26-png-v3/1200-lilith-interiors/1243_interiors_vintage-living-room_la-pedrera-barcelona_zfold7_iso400-f2p2_20260319-183921_3000x4000.hdr.png	1
1244	1200-lilith-interiors/1244_interiors_painted-ceiling-columns_la-pedrera-barcelona_zfold7_iso800-f1p7_20260319-194130_4000x3000.jpg	https://codec-corpus.r2.imazen.org/imazen-26-png-v3/1200-lilith-interiors/1244_interiors_painted-ceiling-columns_la-pedrera-barcelona_zfold7_iso800-f1p7_20260319-194130_3000x4000.sdr.png	1	https://codec-corpus.r2.imazen.org/imazen-26-png-v3/1200-lilith-interiors/1244_interiors_painted-ceiling-columns_la-pedrera-barcelona_zfold7_iso800-f1p7_20260319-194130_3000x4000.hdr.png	1
1245	1200-lilith-interiors/1245_interiors_circular-building-interior_la-pedrera-barcelona_zfold7_iso1000-f2p2_20260319-194139_4000x3000.jpg	https://codec-corpus.r2.imazen.org/imazen-26-png-v3/1200-lilith-interiors/1245_interiors_circular-building-interior_la-pedrera-barcelona_zfold7_iso1000-f2p2_20260319-194139_4000x3000.sdr.png	1	https://codec-corpus.r2.imazen.org/imazen-26-png-v3/1200-lilith-interiors/1245_interiors_circular-building-interior_la-pedrera-barcelona_zfold7_iso1000-f2p2_20260319-194139_4000x3000.hdr.png	0
1246	1200-lilith-interiors/1246_interiors_woven-roof-structure_azulik-city-arts-francisco-uh-may_ip13pro_iso32-f1p8_img-8944_4032x3024.heic	https://codec-corpus.r2.imazen.org/imazen-26-png-v3/1200-lilith-interiors/1246_interiors_woven-roof-structure_azulik-city-arts-francisco-uh-may_ip13pro_iso32-f1p8_img-8944_4032x3024.sdr.png	1	https://codec-corpus.r2.imazen.org/imazen-26-png-v3/1200-lilith-interiors/1246_interiors_woven-roof-structure_azulik-city-arts-francisco-uh-may_ip13pro_iso32-f1p8_img-8944_4032x3024.hdr.png	0
1247	1200-lilith-interiors/1247_interiors_hotel-lobby-interior_screenshot-20260526-073738-photos_1966x1527.png	https://codec-corpus.r2.imazen.org/imazen-26-png-v3/1200-lilith-interiors/1247_interiors_hotel-lobby-interior_screenshot-20260526-073738-photos_1966x1527.sdr.png	1		0
1248	1200-lilith-interiors/1248_interiors_stone-staircase-tunnel_screenshot-20260526-075919-gallery_1638x2116.png	https://codec-corpus.r2.imazen.org/imazen-26-png-v3/1200-lilith-interiors/1248_interiors_stone-staircase-tunnel_screenshot-20260526-075919-gallery_1638x2116.sdr.png	1		0
1400	1400-lilith-nature/1400_nature_snowy-mountain-landscape_colorado_s10_iso50-f2p2_20200226-105616_4608x3456.jpg	https://codec-corpus.r2.imazen.org/imazen-26-png-v3/1400-lilith-nature/1400_nature_snowy-mountain-landscape_colorado_s10_iso50-f2p2_20200226-105616_4608x3456.sdr.png	1		0
1401	1400-lilith-nature/1401_nature_dolphin-in-ocean_ala-moana-east-honolulu-hawaii_s21u_iso50-f2p4_20210605-072339_4000x3000.jpg	https://codec-corpus.r2.imazen.org/imazen-26-png-v3/1400-lilith-nature/1401_nature_dolphin-in-ocean_ala-moana-east-honolulu-hawaii_s21u_iso50-f2p4_20210605-072339_4000x3000.sdr.png	1		0
1402	1400-lilith-nature/1402_nature_rocky-ocean-coast_spitting-caves-east-honolulu_s21u_iso16-f1p8_20210605-110609_4000x3000.jpg	https://codec-corpus.r2.imazen.org/imazen-26-png-v3/1400-lilith-nature/1402_nature_rocky-ocean-coast_spitting-caves-east-honolulu_s21u_iso16-f1p8_20210605-110609_4000x3000.sdr.png	1		0
1403	1400-lilith-nature/1403_nature_large-tree-canopy_honolulu-zoo-east-honolulu_s21u_iso50-f2p2_20210605-154933-3_4000x3000.jpg	https://codec-corpus.r2.imazen.org/imazen-26-png-v3/1400-lilith-nature/1403_nature_large-tree-canopy_honolulu-zoo-east-honolulu_s21u_iso50-f2p2_20210605-154933-3_4000x3000.sdr.png	1		0
1404	1400-lilith-nature/1404_nature_palm-trees-sunset_ka-anapali-beach-kaanapali_s21u_iso16-f1p8_20210607-180007_4000x3000.jpg	https://codec-corpus.r2.imazen.org/imazen-26-png-v3/1400-lilith-nature/1404_nature_palm-trees-sunset_ka-anapali-beach-kaanapali_s21u_iso16-f1p8_20210607-180007_4000x3000.sdr.png	1		0
1405	1400-lilith-nature/1405_nature_sea-cave-waves_keawaiki-bay-hana_s21u_iso16-f1p8_20210608-123424_4000x3000.jpg	https://codec-corpus.r2.imazen.org/imazen-26-png-v3/1400-lilith-nature/1405_nature_sea-cave-waves_keawaiki-bay-hana_s21u_iso16-f1p8_20210608-123424_4000x3000.sdr.png	1		0
1406	1400-lilith-nature/1406_nature_tropical-coastline-bay_waianapanapa-state-park-hana_s21u_iso50-f2p2_20210608-132330_4000x2252.jpg	https://codec-corpus.r2.imazen.org/imazen-26-png-v3/1400-lilith-nature/1406_nature_tropical-coastline-bay_waianapanapa-state-park-hana_s21u_iso50-f2p2_20210608-132330_4000x2252.sdr.png	1		0
1407	1400-lilith-nature/1407_nature_rocky-coastline-ocean_20210608-132404-2_8160x6120.jpg	https://codec-corpus.r2.imazen.org/imazen-26-png-v3/1400-lilith-nature/1407_nature_rocky-coastline-ocean_20210608-132404-2_8160x6120.sdr.png	1		0
1408	1400-lilith-nature/1408_nature_coastal-cliff-road_maui-hawaii_s21u_iso16-f1p8_20210608-162813_4000x3000.jpg	https://codec-corpus.r2.imazen.org/imazen-26-png-v3/1400-lilith-nature/1408_nature_coastal-cliff-road_maui-hawaii_s21u_iso16-f1p8_20210608-162813_4000x3000.sdr.png	1		0
1409	1400-lilith-nature/1409_nature_rainbow-over-landscape_maui-hawaii_s21u_iso16-f1p8_20210608-165509_4000x3000.jpg	https://codec-corpus.r2.imazen.org/imazen-26-png-v3/1400-lilith-nature/1409_nature_rainbow-over-landscape_maui-hawaii_s21u_iso16-f1p8_20210608-165509_4000x3000.sdr.png	1		0
1410	1400-lilith-nature/1410_nature_coastal-road-view_maui-hawaii_s21u_iso50-f2p4_20210608-170946_4000x3000.jpg	https://codec-corpus.r2.imazen.org/imazen-26-png-v3/1400-lilith-nature/1410_nature_coastal-road-view_maui-hawaii_s21u_iso50-f2p4_20210608-170946_4000x3000.sdr.png	1		0
1411	1400-lilith-nature/1411_nature_cow-on-coastal-hill_pakowai-maui_s21u_iso50-f2p4_20210608-171206_4000x3000.jpg	https://codec-corpus.r2.imazen.org/imazen-26-png-v3/1400-lilith-nature/1411_nature_cow-on-coastal-hill_pakowai-maui_s21u_iso50-f2p4_20210608-171206_4000x3000.sdr.png	1		0
1412	1400-lilith-nature/1412_nature_mountain-stream-forest_s21u_iso50-f2p4_20210707-140102_4000x3000.jpg	https://codec-corpus.r2.imazen.org/imazen-26-png-v3/1400-lilith-nature/1412_nature_mountain-stream-forest_s21u_iso50-f2p4_20210707-140102_4000x3000.sdr.png	1		0
1413	1400-lilith-nature/1413_nature_mountain-landscape-clouds_colorado_s21u_iso50-f2p2_20210707-143408_4000x3000.jpg	https://codec-corpus.r2.imazen.org/imazen-26-png-v3/1400-lilith-nature/1413_nature_mountain-landscape-clouds_colorado_s21u_iso50-f2p2_20210707-143408_4000x3000.sdr.png	1		0
1414	1400-lilith-nature/1414_nature_forest-lake-landscape_mason-washington_s21u_iso50-f2p2_20220616-102219_4000x3000.jpg	https://codec-corpus.r2.imazen.org/imazen-26-png-v3/1400-lilith-nature/1414_nature_forest-lake-landscape_mason-washington_s21u_iso50-f2p2_20220616-102219_4000x3000.sdr.png	1		0
1415	1400-lilith-nature/1415_nature_tropical-coastline-view_kee-beach-kauai_s21u_iso16-f1p8_20221001-133315-1_12000x9000.jpg	https://codec-corpus.r2.imazen.org/imazen-26-png-v3/1400-lilith-nature/1415_nature_tropical-coastline-view_kee-beach-kauai_s21u_iso16-f1p8_20221001-133315-1_12000x9000.sdr.png	1		0
1416	1400-lilith-nature/1416_nature_ocean-sunset-silhouette_keauhou-kahaluu-heritage-center-kahaluu-keauhou_s21u_iso50-f4p9_20221031-174022_4000x3000.jpg	https://codec-corpus.r2.imazen.org/imazen-26-png-v3/1400-lilith-nature/1416_nature_ocean-sunset-silhouette_keauhou-kahaluu-heritage-center-kahaluu-keauhou_s21u_iso50-f4p9_20221031-174022_4000x3000.sdr.png	1		0
1417	1400-lilith-nature/1417_nature_person-snowboarding-downhill_colorado_s21u_iso50-f2p2_20230129-121215_4000x3000.jpg	https://codec-corpus.r2.imazen.org/imazen-26-png-v3/1400-lilith-nature/1417_nature_person-snowboarding-downhill_colorado_s21u_iso50-f2p2_20230129-121215_3000x4000.sdr.png	1		1
1418	1400-lilith-nature/1418_nature_pink-flower-bush_colorado_s23u_iso50-f2p4_20230627-154802_4000x3000.jpg	https://codec-corpus.r2.imazen.org/imazen-26-png-v3/1400-lilith-nature/1418_nature_pink-flower-bush_colorado_s23u_iso50-f2p4_20230627-154802_3000x4000.sdr.png	1		1
1419	1400-lilith-nature/1419_nature_red-flower-leaves_shinjuku-gyoen-national-garden-shinjuku_s23u_iso50-f4p9_20230702-113738_4000x3000.jpg	https://codec-corpus.r2.imazen.org/imazen-26-png-v3/1400-lilith-nature/1419_nature_red-flower-leaves_shinjuku-gyoen-national-garden-shinjuku_s23u_iso50-f4p9_20230702-113738_3000x4000.sdr.png	1		1
1420	1400-lilith-nature/1420_nature_red-flower-plant_shinjuku-gyoen-national-garden-shinjuku_s23u_iso200-f4p9_20230702-113825_4000x3000.jpg	https://codec-corpus.r2.imazen.org/imazen-26-png-v3/1400-lilith-nature/1420_nature_red-flower-plant_shinjuku-gyoen-national-garden-shinjuku_s23u_iso200-f4p9_20230702-113825_3000x4000.sdr.png	1		1
1421	1400-lilith-nature/1421_nature_potted-orchids-table_shinjuku-gyoen-national-garden-shinjuku_s23u_iso16-f1p7_20230702-114223_4000x3000.jpg	https://codec-corpus.r2.imazen.org/imazen-26-png-v3/1400-lilith-nature/1421_nature_potted-orchids-table_shinjuku-gyoen-national-garden-shinjuku_s23u_iso16-f1p7_20230702-114223_3000x4000.sdr.png	1		1
1422	1400-lilith-nature/1422_nature_pink-orchid-flowers_s23u_iso125-f4p9_20230704-122020_4000x3000.jpg	https://codec-corpus.r2.imazen.org/imazen-26-png-v3/1400-lilith-nature/1422_nature_pink-orchid-flowers_s23u_iso125-f4p9_20230704-122020_3000x4000.sdr.png	1		1
1423	1400-lilith-nature/1423_nature_stone-steps-garden_ninna-temple-kyoto_s23u_iso50-f1p7_20230710-141257_4000x3000.jpg	https://codec-corpus.r2.imazen.org/imazen-26-png-v3/1400-lilith-nature/1423_nature_stone-steps-garden_ninna-temple-kyoto_s23u_iso50-f1p7_20230710-141257_3000x4000.sdr.png	1		1
1424	1400-lilith-nature/1424_nature_orchid-on-tree-bark_fraccionamiento-jardines-de-oriente-valladolid-m_s23u_iso125-f2p4_20230918-110655_4000x3000.jpg	https://codec-corpus.r2.imazen.org/imazen-26-png-v3/1400-lilith-nature/1424_nature_orchid-on-tree-bark_fraccionamiento-jardines-de-oriente-valladolid-m_s23u_iso125-f2p4_20230918-110655_3000x4000.sdr.png	1		1
1425	1400-lilith-nature/1425_nature_cloudy-sky_fujikawaguchiko-japan_s23u_iso50-f4p9_20231101-072553_4000x3000.jpg	https://codec-corpus.r2.imazen.org/imazen-26-png-v3/1400-lilith-nature/1425_nature_cloudy-sky_fujikawaguchiko-japan_s23u_iso50-f4p9_20231101-072553_3000x4000.sdr.png	1		1
1426	1400-lilith-nature/1426_nature_mountain-over-lake_kawaguchiko-music-forest-fujikawaguchiko_s23u_iso50-f2p4_20231101-103646_4000x3000.jpg	https://codec-corpus.r2.imazen.org/imazen-26-png-v3/1400-lilith-nature/1426_nature_mountain-over-lake_kawaguchiko-music-forest-fujikawaguchiko_s23u_iso50-f2p4_20231101-103646_3000x4000.sdr.png	1		1
1427	1400-lilith-nature/1427_nature_bee-on-pink-flower_monument-inochi-kyoto_s23u_iso64-f4p9_20231107-111746_4000x3000.heic	https://codec-corpus.r2.imazen.org/imazen-26-png-v3/1400-lilith-nature/1427_nature_bee-on-pink-flower_monument-inochi-kyoto_s23u_iso64-f4p9_20231107-111746_3000x4000.sdr.png	1		1
1428	1400-lilith-nature/1428_nature_red-flower-cluster_shimogamo-hangicho-kyoto-japan_s23u_iso50-f4p9_20231107-135711_4000x3000.heic	https://codec-corpus.r2.imazen.org/imazen-26-png-v3/1400-lilith-nature/1428_nature_red-flower-cluster_shimogamo-hangicho-kyoto-japan_s23u_iso50-f4p9_20231107-135711_3000x4000.sdr.png	1		1
1429	1400-lilith-nature/1429_nature_red-rose-flower_kyoto-botanical-garden-kyoto_s23u_iso50-f2p4_20231107-140027_4000x3000.heic	https://codec-corpus.r2.imazen.org/imazen-26-png-v3/1400-lilith-nature/1429_nature_red-rose-flower_kyoto-botanical-garden-kyoto_s23u_iso50-f2p4_20231107-140027_3000x4000.sdr.png	1		1
1430	1400-lilith-nature/1430_nature_pink-rose-flower_kyoto-botanical-garden-kyoto_s23u_iso10-f1p7_20231107-140117_4000x3000.heic	https://codec-corpus.r2.imazen.org/imazen-26-png-v3/1400-lilith-nature/1430_nature_pink-rose-flower_kyoto-botanical-garden-kyoto_s23u_iso10-f1p7_20231107-140117_3000x4000.sdr.png	1		1
1431	1400-lilith-nature/1431_nature_pink-rose-flower_kyoto-botanical-garden-kyoto_s23u_iso50-f4p9_20231107-140207_4000x3000.heic	https://codec-corpus.r2.imazen.org/imazen-26-png-v3/1400-lilith-nature/1431_nature_pink-rose-flower_kyoto-botanical-garden-kyoto_s23u_iso50-f4p9_20231107-140207_3000x4000.sdr.png	1		1
1432	1400-lilith-nature/1432_nature_pink-rose-flower_kyoto-botanical-garden-kyoto_s23u_iso50-f2p4_20231107-140705_4000x3000.jpg	https://codec-corpus.r2.imazen.org/imazen-26-png-v3/1400-lilith-nature/1432_nature_pink-rose-flower_kyoto-botanical-garden-kyoto_s23u_iso50-f2p4_20231107-140705_3000x4000.sdr.png	1		1
1433	1400-lilith-nature/1433_nature_purple-water-lily_kyoto-botanical-garden-kyoto_s23u_iso80-f4p9_20231107-142537_4000x3000.heic	https://codec-corpus.r2.imazen.org/imazen-26-png-v3/1400-lilith-nature/1433_nature_purple-water-lily_kyoto-botanical-garden-kyoto_s23u_iso80-f4p9_20231107-142537_3000x4000.sdr.png	1		1
1434	1400-lilith-nature/1434_nature_purple-water-lily_kyoto-botanical-garden-kyoto_s23u_iso80-f2p4_20231107-142619_4000x3000.heic	https://codec-corpus.r2.imazen.org/imazen-26-png-v3/1400-lilith-nature/1434_nature_purple-water-lily_kyoto-botanical-garden-kyoto_s23u_iso80-f2p4_20231107-142619_3000x4000.sdr.png	1		1
1435	1400-lilith-nature/1435_nature_pandanus-fruit-closeup_kyoto-botanical-garden-kyoto_s23u_iso250-f2p4_20231107-142912_4000x3000.heic	https://codec-corpus.r2.imazen.org/imazen-26-png-v3/1400-lilith-nature/1435_nature_pandanus-fruit-closeup_kyoto-botanical-garden-kyoto_s23u_iso250-f2p4_20231107-142912_3000x4000.sdr.png	1		1
1436	1400-lilith-nature/1436_nature_red-flower-cluster_kyoto-botanical-garden-kyoto_s23u_iso160-f2p4_20231107-143500_4000x3000.heic	https://codec-corpus.r2.imazen.org/imazen-26-png-v3/1400-lilith-nature/1436_nature_red-flower-cluster_kyoto-botanical-garden-kyoto_s23u_iso160-f2p4_20231107-143500_3000x4000.sdr.png	1		1
1437	1400-lilith-nature/1437_nature_potted-orchid-closeup_kyoto-botanical-garden-kyoto_s23u_iso100-f4p9_20231107-143832_4000x3000.heic	https://codec-corpus.r2.imazen.org/imazen-26-png-v3/1400-lilith-nature/1437_nature_potted-orchid-closeup_kyoto-botanical-garden-kyoto_s23u_iso100-f4p9_20231107-143832_3000x4000.sdr.png	1		1
1438	1400-lilith-nature/1438_nature_orange-flowers-closeup_kyoto-botanical-garden-kyoto_s23u_iso200-f4p9_20231107-143950_4000x3000.heic	https://codec-corpus.r2.imazen.org/imazen-26-png-v3/1400-lilith-nature/1438_nature_orange-flowers-closeup_kyoto-botanical-garden-kyoto_s23u_iso200-f4p9_20231107-143950_3000x4000.sdr.png	1		1
1439	1400-lilith-nature/1439_nature_potted-purple-orchid_kyoto-botanical-garden-kyoto_s23u_iso200-f2p4_20231107-145307_4000x3000.heic	https://codec-corpus.r2.imazen.org/imazen-26-png-v3/1400-lilith-nature/1439_nature_potted-purple-orchid_kyoto-botanical-garden-kyoto_s23u_iso200-f2p4_20231107-145307_3000x4000.sdr.png	1		1
1440	1400-lilith-nature/1440_nature_monkeys-on-tree-branch_monkey-park-iwatayama-kyoto_s23u_iso50-f4p9_20231108-134707_4000x3000.heic	https://codec-corpus.r2.imazen.org/imazen-26-png-v3/1400-lilith-nature/1440_nature_monkeys-on-tree-branch_monkey-park-iwatayama-kyoto_s23u_iso50-f4p9_20231108-134707_3000x4000.sdr.png	1		1
1441	1400-lilith-nature/1441_nature_monkey-on-roof_monkey-park-iwatayama-kyoto_s23u_iso50-f4p9_20231108-135953-001_4000x3000.jpg	https://codec-corpus.r2.imazen.org/imazen-26-png-v3/1400-lilith-nature/1441_nature_monkey-on-roof_monkey-park-iwatayama-kyoto_s23u_iso50-f4p9_20231108-135953-001_4000x3000.sdr.png	1		0
1442	1400-lilith-nature/1442_nature_airplane-wing-aurora_s23u_iso800-f1p7_20231204-222129_4000x3000.jpg	https://codec-corpus.r2.imazen.org/imazen-26-png-v3/1400-lilith-nature/1442_nature_airplane-wing-aurora_s23u_iso800-f1p7_20231204-222129_4000x3000.sdr.png	1		0
1443	1400-lilith-nature/1443_nature_northern-lights-over-mountains_oskjuhlid-reykjavik_s23u_iso800-f1p7_20231205-111212_4000x3000.heic	https://codec-corpus.r2.imazen.org/imazen-26-png-v3/1400-lilith-nature/1443_nature_northern-lights-over-mountains_oskjuhlid-reykjavik_s23u_iso800-f1p7_20231205-111212_3000x4000.sdr.png	1		1
1444	1400-lilith-nature/1444_nature_aurora-night-sky_landhotel-rangarthing-ytra_s23u_iso800-f1p7_20231205-231136_4000x3000.dng	https://codec-corpus.r2.imazen.org/imazen-26-png-v3/1400-lilith-nature/1444_nature_aurora-night-sky_landhotel-rangarthing-ytra_s23u_iso800-f1p7_20231205-231136_4000x3000.sdr.png	0		0
1445	1400-lilith-nature/1445_nature_waterfall-on-cliff_rangarthing-eystra-iceland_s23u_iso320-f1p7_20231206-154234_4000x3000.jpg	https://codec-corpus.r2.imazen.org/imazen-26-png-v3/1400-lilith-nature/1445_nature_waterfall-on-cliff_rangarthing-eystra-iceland_s23u_iso320-f1p7_20231206-154234_3000x4000.sdr.png	1		1
1446	1400-lilith-nature/1446_nature_icy-coastal-landscape_hornafjordur-iceland_s23u_iso20-f1p7_20231207-114310_4000x1868.heic	https://codec-corpus.r2.imazen.org/imazen-26-png-v3/1400-lilith-nature/1446_nature_icy-coastal-landscape_hornafjordur-iceland_s23u_iso20-f1p7_20231207-114310_4000x1868.sdr.png	1		0
1447	1400-lilith-nature/1447_nature_glacier-ice-formations_hornafjordur-iceland_s23u_iso50-f1p7_20231207-114532_4000x1868.heic	https://codec-corpus.r2.imazen.org/imazen-26-png-v3/1400-lilith-nature/1447_nature_glacier-ice-formations_hornafjordur-iceland_s23u_iso50-f1p7_20231207-114532_1868x4000.sdr.png	1		1
1448	1400-lilith-nature/1448_nature_snow-on-ice_hornafjordur-iceland_s23u_iso200-f1p7_20231207-115005_4000x1868.heic	https://codec-corpus.r2.imazen.org/imazen-26-png-v3/1400-lilith-nature/1448_nature_snow-on-ice_hornafjordur-iceland_s23u_iso200-f1p7_20231207-115005_1868x4000.sdr.png	1		1
1449	1400-lilith-nature/1449_nature_glacier-mountain-landscape_hornafjordur-iceland_s23u_iso12-f1p7_20231207-130740_16320x7612.heic	https://codec-corpus.r2.imazen.org/imazen-26-png-v3/1400-lilith-nature/1449_nature_glacier-mountain-landscape_hornafjordur-iceland_s23u_iso12-f1p7_20231207-130740_16320x7612.sdr.png	1		0
1450	1400-lilith-nature/1450_nature_icebergs-in-lagoon_hornafjordur-iceland_s23u_iso500-f1p7_20231207-153457_4000x1868.heic	https://codec-corpus.r2.imazen.org/imazen-26-png-v3/1400-lilith-nature/1450_nature_icebergs-in-lagoon_hornafjordur-iceland_s23u_iso500-f1p7_20231207-153457_4000x1868.sdr.png	1		0
1451	1400-lilith-nature/1451_nature_icebergs-on-lake_hornafjordur-iceland_s23u_20231207-154044-pano_3609x3394.jpg	https://codec-corpus.r2.imazen.org/imazen-26-png-v3/1400-lilith-nature/1451_nature_icebergs-on-lake_hornafjordur-iceland_s23u_20231207-154044-pano_3609x3394.sdr.png	1		0
1452	1400-lilith-nature/1452_nature_ice-strewn-beach_diamond-beach-hornafjordur_s23u_iso1600-f1p7_20231207-161801_4000x1868.heic	https://codec-corpus.r2.imazen.org/imazen-26-png-v3/1400-lilith-nature/1452_nature_ice-strewn-beach_diamond-beach-hornafjordur_s23u_iso1600-f1p7_20231207-161801_1868x4000.sdr.png	1		1
1453	1400-lilith-nature/1453_nature_basalt-column-cliff_reynisfjara-beach-myrdalshreppur_s23u_iso64-f1p7_20231209-113914_4000x3000.heic	https://codec-corpus.r2.imazen.org/imazen-26-png-v3/1400-lilith-nature/1453_nature_basalt-column-cliff_reynisfjara-beach-myrdalshreppur_s23u_iso64-f1p7_20231209-113914_3000x4000.sdr.png	1		1
1454	1400-lilith-nature/1454_nature_coastal-sunset-reflection_myrdalshreppur-iceland_s23u_iso10-f1p7_20231209-121716_8160x6120.heic	https://codec-corpus.r2.imazen.org/imazen-26-png-v3/1400-lilith-nature/1454_nature_coastal-sunset-reflection_myrdalshreppur-iceland_s23u_iso10-f1p7_20231209-121716_8160x6120.sdr.png	1		0
1455	1400-lilith-nature/1455_nature_lighthouse-on-hillside_dyrholaey-lighthouse-myrdalshreppur_s23u_iso10-f1p7_20231209-123918_8160x6120.dng	https://codec-corpus.r2.imazen.org/imazen-26-png-v3/1400-lilith-nature/1455_nature_lighthouse-on-hillside_dyrholaey-lighthouse-myrdalshreppur_s23u_iso10-f1p7_20231209-123918_8160x6120.sdr.png	0		0
1456	1400-lilith-nature/1456_nature_frozen-waterfall-landscape_gullfoss-falls-blaskogabyggd_s23u_iso125-f2p4_20231209-152815_4000x3000.heic	https://codec-corpus.r2.imazen.org/imazen-26-png-v3/1400-lilith-nature/1456_nature_frozen-waterfall-landscape_gullfoss-falls-blaskogabyggd_s23u_iso125-f2p4_20231209-152815_3000x4000.sdr.png	1		1
1457	1400-lilith-nature/1457_nature_rocky-coastal-landscape_thingvellir-exhibition-heart-iceland-blaskogabyggd_s23u_iso32-f1p7_20231210-113549_4000x3000.heic	https://codec-corpus.r2.imazen.org/imazen-26-png-v3/1400-lilith-nature/1457_nature_rocky-coastal-landscape_thingvellir-exhibition-heart-iceland-blaskogabyggd_s23u_iso32-f1p7_20231210-113549_3000x4000.sdr.png	1		1
1458	1400-lilith-nature/1458_nature_rocky-coastline-sunset_blaskogabyggd-iceland_s23u_iso12-f1p7_20231210-113947_8160x6120.dng	https://codec-corpus.r2.imazen.org/imazen-26-png-v3/1400-lilith-nature/1458_nature_rocky-coastline-sunset_blaskogabyggd-iceland_s23u_iso12-f1p7_20231210-113947_8160x6120.sdr.png	0		0
1459	1400-lilith-nature/1459_nature_person-on-snowy-slope_colorado_s23u_iso10-f1p7_20240103-131940-0_4000x3000.jpg	https://codec-corpus.r2.imazen.org/imazen-26-png-v3/1400-lilith-nature/1459_nature_person-on-snowy-slope_colorado_s23u_iso10-f1p7_20240103-131940-0_3000x4000.sdr.png	1		1
1460	1400-lilith-nature/1460_nature_tropical-flower-cluster_cahuita-costa-rica_s23u_iso1000-f1p7_20240211-170302_4000x3000.jpg	https://codec-corpus.r2.imazen.org/imazen-26-png-v3/1400-lilith-nature/1460_nature_tropical-flower-cluster_cahuita-costa-rica_s23u_iso1000-f1p7_20240211-170302_3000x4000.sdr.png	1		1
1461	1400-lilith-nature/1461_nature_aerial-coastline-clouds_iceland_s23u_iso10-f1p7_20240421-074547_4000x3000.jpg	https://codec-corpus.r2.imazen.org/imazen-26-png-v3/1400-lilith-nature/1461_nature_aerial-coastline-clouds_iceland_s23u_iso10-f1p7_20240421-074547_3000x4000.sdr.png	1		1
1462	1400-lilith-nature/1462_nature_clouds-from-above_iceland_s23u_iso10-f1p7_20240421-074801_4000x3000.jpg	https://codec-corpus.r2.imazen.org/imazen-26-png-v3/1400-lilith-nature/1462_nature_clouds-from-above_iceland_s23u_iso10-f1p7_20240421-074801_3000x4000.sdr.png	1		1
1463	1400-lilith-nature/1463_nature_wooden-bridge-over-river_temple-de-l-amour-versailles_s23u_iso10-f1p7_20240424-164457_4000x3000.jpg	https://codec-corpus.r2.imazen.org/imazen-26-png-v3/1400-lilith-nature/1463_nature_wooden-bridge-over-river_temple-de-l-amour-versailles_s23u_iso10-f1p7_20240424-164457_3000x4000.sdr.png	1		1
1464	1400-lilith-nature/1464_nature_flower-bed-by-pond_grotte-versailles_s23u_iso200-f4p9_20240424-182412_4000x3000.jpg	https://codec-corpus.r2.imazen.org/imazen-26-png-v3/1400-lilith-nature/1464_nature_flower-bed-by-pond_grotte-versailles_s23u_iso200-f4p9_20240424-182412_3000x4000.sdr.png	1		1
1465	1400-lilith-nature/1465_nature_formal-garden-pathway_notre-dame-versailles-france_s23u_iso50-f2p4_20240424-183031_4000x3000.jpg	https://codec-corpus.r2.imazen.org/imazen-26-png-v3/1400-lilith-nature/1465_nature_formal-garden-pathway_notre-dame-versailles-france_s23u_iso50-f2p4_20240424-183031_3000x4000.sdr.png	1		1
1466	1400-lilith-nature/1466_nature_sun-glare-on-water_blue-lagoon-grindavik_s23u_iso10-f1p7_20240429-202505_4000x3000.jpg	https://codec-corpus.r2.imazen.org/imazen-26-png-v3/1400-lilith-nature/1466_nature_sun-glare-on-water_blue-lagoon-grindavik_s23u_iso10-f1p7_20240429-202505_4000x3000.sdr.png	1		0
1467	1400-lilith-nature/1467_nature_riverside-walkway-cliff_cenote-x-canche-ek-balam_s23u_iso10-f1p7_20240529-130630_4000x3000.jpg	https://codec-corpus.r2.imazen.org/imazen-26-png-v3/1400-lilith-nature/1467_nature_riverside-walkway-cliff_cenote-x-canche-ek-balam_s23u_iso10-f1p7_20240529-130630_3000x4000.sdr.png	1		1
1468	1400-lilith-nature/1468_nature_sun-behind-clouds_phippsburg-maine_s23u_iso10-f1p7_20240913-140504_4000x3000.jpg	https://codec-corpus.r2.imazen.org/imazen-26-png-v3/1400-lilith-nature/1468_nature_sun-behind-clouds_phippsburg-maine_s23u_iso10-f1p7_20240913-140504_3000x4000.sdr.png	1		1
1469	1400-lilith-nature/1469_nature_beach-sunset-sailboats_waikiki-east-honolulu-hawaii_s23u_iso10-f1p7_20241106-173958_4000x3000.jpg	https://codec-corpus.r2.imazen.org/imazen-26-png-v3/1400-lilith-nature/1469_nature_beach-sunset-sailboats_waikiki-east-honolulu-hawaii_s23u_iso10-f1p7_20241106-173958_4000x3000.sdr.png	1		0
1470	1400-lilith-nature/1470_nature_sunset-over-water_waikiki-east-honolulu-hawaii_s23u_iso50-f4p9_20241106-175105_4000x3000.jpg	https://codec-corpus.r2.imazen.org/imazen-26-png-v3/1400-lilith-nature/1470_nature_sunset-over-water_waikiki-east-honolulu-hawaii_s23u_iso50-f4p9_20241106-175105_3000x4000.sdr.png	1		1
1471	1400-lilith-nature/1471_nature_ocean-sunset-coastline_haleiwa-waialua-hawaii_s23u_iso50-f2p4_20241110-174752_4000x3000.jpg	https://codec-corpus.r2.imazen.org/imazen-26-png-v3/1400-lilith-nature/1471_nature_ocean-sunset-coastline_haleiwa-waialua-hawaii_s23u_iso50-f2p4_20241110-174752_4000x3000.sdr.png	1		0
1472	1400-lilith-nature/1472_nature_sunset-over-parking-lot_colorado_s23u_iso25-f1p7_20241220-165246_4000x3000.jpg	https://codec-corpus.r2.imazen.org/imazen-26-png-v3/1400-lilith-nature/1472_nature_sunset-over-parking-lot_colorado_s23u_iso25-f1p7_20241220-165246_4000x3000.sdr.png	1		0
1473	1400-lilith-nature/1473_nature_orange-tree-branches_kawazu-japan_s23u_iso16-f1p7_20250305-153750_4000x3000.jpg	https://codec-corpus.r2.imazen.org/imazen-26-png-v3/1400-lilith-nature/1473_nature_orange-tree-branches_kawazu-japan_s23u_iso16-f1p7_20250305-153750_3000x4000.sdr.png	1		1
1474	1400-lilith-nature/1474_nature_sunset-over-water_minamiizu-japan_s23u_iso50-f2p4_20250306-174348_4000x3000.jpg	https://codec-corpus.r2.imazen.org/imazen-26-png-v3/1400-lilith-nature/1474_nature_sunset-over-water_minamiizu-japan_s23u_iso50-f2p4_20250306-174348_3000x4000.sdr.png	1		1
1475	1400-lilith-nature/1475_nature_tree-silhouette-sunset-coast_minamiizu-japan_s23u_iso50-f2p2_20250306-174456_4000x3000.jpg	https://codec-corpus.r2.imazen.org/imazen-26-png-v3/1400-lilith-nature/1475_nature_tree-silhouette-sunset-coast_minamiizu-japan_s23u_iso50-f2p2_20250306-174456_4000x3000.sdr.png	1		0
1476	1400-lilith-nature/1476_nature_ocean-sunset-horizon_minamiizu-japan_s23u_iso125-f4p9_20250306-174535_4000x3000.jpg	https://codec-corpus.r2.imazen.org/imazen-26-png-v3/1400-lilith-nature/1476_nature_ocean-sunset-horizon_minamiizu-japan_s23u_iso125-f4p9_20250306-174535_3000x4000.sdr.png	1		1
1477	1400-lilith-nature/1477_nature_ocean-sunset-sky_minamiizu-japan_s23u_iso125-f4p9_20250306-174712_4000x3000.jpg	https://codec-corpus.r2.imazen.org/imazen-26-png-v3/1400-lilith-nature/1477_nature_ocean-sunset-sky_minamiizu-japan_s23u_iso125-f4p9_20250306-174712_3000x4000.sdr.png	1		1
1478	1400-lilith-nature/1478_nature_tree-branches-ocean-horizon_minamiizu-japan_s23u_iso80-f2p2_20250306-174732_4000x3000.jpg	https://codec-corpus.r2.imazen.org/imazen-26-png-v3/1400-lilith-nature/1478_nature_tree-branches-ocean-horizon_minamiizu-japan_s23u_iso80-f2p2_20250306-174732_4000x3000.sdr.png	1		0
1479	1400-lilith-nature/1479_nature_blossoming-tree-overlook_minamiizu-japan_s23u_iso10-f1p7_20250307-113455_4000x3000.jpg	https://codec-corpus.r2.imazen.org/imazen-26-png-v3/1400-lilith-nature/1479_nature_blossoming-tree-overlook_minamiizu-japan_s23u_iso10-f1p7_20250307-113455_4000x3000.sdr.png	1		0
1480	1400-lilith-nature/1480_nature_snowcapped-mountain-seascape_kumomi-matsuzaki-japan_s23u_iso50-f4p9_20250307-122938_4000x3000.jpg	https://codec-corpus.r2.imazen.org/imazen-26-png-v3/1400-lilith-nature/1480_nature_snowcapped-mountain-seascape_kumomi-matsuzaki-japan_s23u_iso50-f4p9_20250307-122938_4000x3000.sdr.png	1		0
1481	1400-lilith-nature/1481_nature_rock-arch-seascape_kumomi-matsuzaki-japan_s23u_iso50-f4p9_20250307-124034_4000x3000.jpg	https://codec-corpus.r2.imazen.org/imazen-26-png-v3/1400-lilith-nature/1481_nature_rock-arch-seascape_kumomi-matsuzaki-japan_s23u_iso50-f4p9_20250307-124034_3000x4000.sdr.png	1		1
1482	1400-lilith-nature/1482_nature_snowcapped-mountain-landscape_iwachi-matsuzaki-japan_s23u_iso50-f4p9_20250307-131518_4000x3000.jpg	https://codec-corpus.r2.imazen.org/imazen-26-png-v3/1400-lilith-nature/1482_nature_snowcapped-mountain-landscape_iwachi-matsuzaki-japan_s23u_iso50-f4p9_20250307-131518_3000x4000.sdr.png	1		1
1483	1400-lilith-nature/1483_nature_snow-capped-mountain-clouds_numazu-japan_s23u_iso50-f4p9_20250307-163902_4000x3000.jpg	https://codec-corpus.r2.imazen.org/imazen-26-png-v3/1400-lilith-nature/1483_nature_snow-capped-mountain-clouds_numazu-japan_s23u_iso50-f4p9_20250307-163902_4000x3000.sdr.png	1		0
1484	1400-lilith-nature/1484_nature_snowy-mountain-over-water_uchiura-koumi-numazu-japan_s23u_iso80-f4p9_20250307-173056_4000x3000.jpg	https://codec-corpus.r2.imazen.org/imazen-26-png-v3/1400-lilith-nature/1484_nature_snowy-mountain-over-water_uchiura-koumi-numazu-japan_s23u_iso80-f4p9_20250307-173056_3000x4000.sdr.png	1		1
1485	1400-lilith-nature/1485_nature_sea-urchin-underwater_uchiura-koumi-numazu-japan_s23u_iso400-f1p7_20250308-121144_4000x3000.jpg	https://codec-corpus.r2.imazen.org/imazen-26-png-v3/1400-lilith-nature/1485_nature_sea-urchin-underwater_uchiura-koumi-numazu-japan_s23u_iso400-f1p7_20250308-121144_3000x4000.sdr.png	1		1
1486	1400-lilith-nature/1486_nature_steaming-red-hot-spring_miyuki-beppu-japan_s23u_iso10-f1p7_20250311-151632_4000x3000.jpg	https://codec-corpus.r2.imazen.org/imazen-26-png-v3/1400-lilith-nature/1486_nature_steaming-red-hot-spring_miyuki-beppu-japan_s23u_iso10-f1p7_20250311-151632_3000x4000.sdr.png	1		1
1487	1400-lilith-nature/1487_nature_glacier-over-water_kenai-peninsula-borough-alaska_s25u_iso40-f1p7_20250801-135016_4000x3000.jpg	https://codec-corpus.r2.imazen.org/imazen-26-png-v3/1400-lilith-nature/1487_nature_glacier-over-water_kenai-peninsula-borough-alaska_s25u_iso40-f1p7_20250801-135016_3000x4000.sdr.png	1	https://codec-corpus.r2.imazen.org/imazen-26-png-v3/1400-lilith-nature/1487_nature_glacier-over-water_kenai-peninsula-borough-alaska_s25u_iso40-f1p7_20250801-135016_3000x4000.hdr.png	1
1488	1400-lilith-nature/1488_nature_iceberg-ocean-landscape_yakutat-alaska_s25u_iso80-f1p7_20250803-185104_4000x3000.jpg	https://codec-corpus.r2.imazen.org/imazen-26-png-v3/1400-lilith-nature/1488_nature_iceberg-ocean-landscape_yakutat-alaska_s25u_iso80-f1p7_20250803-185104_3000x4000.sdr.png	1	https://codec-corpus.r2.imazen.org/imazen-26-png-v3/1400-lilith-nature/1488_nature_iceberg-ocean-landscape_yakutat-alaska_s25u_iso80-f1p7_20250803-185104_3000x4000.hdr.png	1
1489	1400-lilith-nature/1489_nature_cruise-ship-deck_unorganized-borough-alaska_s25u_iso125-f1p7_20250804-210918_4000x3000.jpg	https://codec-corpus.r2.imazen.org/imazen-26-png-v3/1400-lilith-nature/1489_nature_cruise-ship-deck_unorganized-borough-alaska_s25u_iso125-f1p7_20250804-210918_3000x4000.sdr.png	1	https://codec-corpus.r2.imazen.org/imazen-26-png-v3/1400-lilith-nature/1489_nature_cruise-ship-deck_unorganized-borough-alaska_s25u_iso125-f1p7_20250804-210918_3000x4000.hdr.png	1
1490	1400-lilith-nature/1490_nature_boat-wake-at-sunset_unorganized-borough-alaska_s25u_iso200-f1p7_20250804-211018_4000x3000.jpg	https://codec-corpus.r2.imazen.org/imazen-26-png-v3/1400-lilith-nature/1490_nature_boat-wake-at-sunset_unorganized-borough-alaska_s25u_iso200-f1p7_20250804-211018_3000x4000.sdr.png	1	https://codec-corpus.r2.imazen.org/imazen-26-png-v3/1400-lilith-nature/1490_nature_boat-wake-at-sunset_unorganized-borough-alaska_s25u_iso200-f1p7_20250804-211018_3000x4000.hdr.png	1
1491	1400-lilith-nature/1491_nature_ocean-sunset-clouds_unorganized-borough-alaska_s25u_iso100-f3p4_20250804-211059_4000x3000.jpg	https://codec-corpus.r2.imazen.org/imazen-26-png-v3/1400-lilith-nature/1491_nature_ocean-sunset-clouds_unorganized-borough-alaska_s25u_iso100-f3p4_20250804-211059_3000x4000.sdr.png	1	https://codec-corpus.r2.imazen.org/imazen-26-png-v3/1400-lilith-nature/1491_nature_ocean-sunset-clouds_unorganized-borough-alaska_s25u_iso100-f3p4_20250804-211059_3000x4000.hdr.png	1
1492	1400-lilith-nature/1492_nature_mountain-lake-landscape_whitehorse-canada_s25u_iso64-f1p7_20250805-162506_4000x3000.jpg	https://codec-corpus.r2.imazen.org/imazen-26-png-v3/1400-lilith-nature/1492_nature_mountain-lake-landscape_whitehorse-canada_s25u_iso64-f1p7_20250805-162506_3000x4000.sdr.png	1	https://codec-corpus.r2.imazen.org/imazen-26-png-v3/1400-lilith-nature/1492_nature_mountain-lake-landscape_whitehorse-canada_s25u_iso64-f1p7_20250805-162506_3000x4000.hdr.png	1
1493	1400-lilith-nature/1493_nature_sunset-over-sea_lower-davie-vancouver-canada_s25u_iso64-f3p4_20250809-203408_4000x3000.jpg	https://codec-corpus.r2.imazen.org/imazen-26-png-v3/1400-lilith-nature/1493_nature_sunset-over-sea_lower-davie-vancouver-canada_s25u_iso64-f3p4_20250809-203408_4000x3000.sdr.png	1	https://codec-corpus.r2.imazen.org/imazen-26-png-v3/1400-lilith-nature/1493_nature_sunset-over-sea_lower-davie-vancouver-canada_s25u_iso64-f3p4_20250809-203408_4000x3000.hdr.png	0
1494	1400-lilith-nature/1494_nature_sunset-over-forest_colorado_zfold7_iso250-f1p7_20251110-170409_4000x3000.jpg	https://codec-corpus.r2.imazen.org/imazen-26-png-v3/1400-lilith-nature/1494_nature_sunset-over-forest_colorado_zfold7_iso250-f1p7_20251110-170409_4000x3000.sdr.png	1	https://codec-corpus.r2.imazen.org/imazen-26-png-v3/1400-lilith-nature/1494_nature_sunset-over-forest_colorado_zfold7_iso250-f1p7_20251110-170409_4000x3000.hdr.png	0
1495	1400-lilith-nature/1495_nature_lighthouse-on-island_york-maine_ip13pro_iso50-f1p5_fullsizerender-1_3855x2891.heic	https://codec-corpus.r2.imazen.org/imazen-26-png-v3/1400-lilith-nature/1495_nature_lighthouse-on-island_york-maine_ip13pro_iso50-f1p5_fullsizerender-1_3855x2891.sdr.png	1	https://codec-corpus.r2.imazen.org/imazen-26-png-v3/1400-lilith-nature/1495_nature_lighthouse-on-island_york-maine_ip13pro_iso50-f1p5_fullsizerender-1_3855x2891.hdr.png	0
1496	1400-lilith-nature/1496_nature_lake-with-boats_winthrop-maine_ip13pro_iso50-f1p5_fullsizerender-2_3411x2765.heic	https://codec-corpus.r2.imazen.org/imazen-26-png-v3/1400-lilith-nature/1496_nature_lake-with-boats_winthrop-maine_ip13pro_iso50-f1p5_fullsizerender-2_3411x2765.sdr.png	1	https://codec-corpus.r2.imazen.org/imazen-26-png-v3/1400-lilith-nature/1496_nature_lake-with-boats_winthrop-maine_ip13pro_iso50-f1p5_fullsizerender-2_3411x2765.hdr.png	0
1497	1400-lilith-nature/1497_nature_pink-flower-on-vine_belltown-seattle-washington_ip16pro_iso80-f1p8_fullsizerender-3_3745x5333.heic	https://codec-corpus.r2.imazen.org/imazen-26-png-v3/1400-lilith-nature/1497_nature_pink-flower-on-vine_belltown-seattle-washington_ip16pro_iso80-f1p8_fullsizerender-3_3745x5333.sdr.png	1	https://codec-corpus.r2.imazen.org/imazen-26-png-v3/1400-lilith-nature/1497_nature_pink-flower-on-vine_belltown-seattle-washington_ip16pro_iso80-f1p8_fullsizerender-3_3745x5333.hdr.png	0
1498	1400-lilith-nature/1498_nature_yellow-flowers-garden-bed_colorado_ip13pro_iso50-f1p5_fullsizerender_2773x3709.heic	https://codec-corpus.r2.imazen.org/imazen-26-png-v3/1400-lilith-nature/1498_nature_yellow-flowers-garden-bed_colorado_ip13pro_iso50-f1p5_fullsizerender_2773x3709.sdr.png	1	https://codec-corpus.r2.imazen.org/imazen-26-png-v3/1400-lilith-nature/1498_nature_yellow-flowers-garden-bed_colorado_ip13pro_iso50-f1p5_fullsizerender_2773x3709.hdr.png	0
1499	1400-lilith-nature/1499_nature_snowy-forest-trail_colorado_hero7_iso100-f2p8_g0048992_4000x3000.jpg	https://codec-corpus.r2.imazen.org/imazen-26-png-v3/1400-lilith-nature/1499_nature_snowy-forest-trail_colorado_hero7_iso100-f2p8_g0048992_4000x3000.sdr.png	1		0
1500	1400-lilith-nature/1500_nature_snowy-trail-tracks_colorado_hero7_iso100-f2p8_g0049019_4000x3000.jpg	https://codec-corpus.r2.imazen.org/imazen-26-png-v3/1400-lilith-nature/1500_nature_snowy-trail-tracks_colorado_hero7_iso100-f2p8_g0049019_4000x3000.sdr.png	1		0
1501	1400-lilith-nature/1501_nature_snowy-ski-slope_colorado_hero7_iso100-f2p8_g0051091_4000x3000.jpg	https://codec-corpus.r2.imazen.org/imazen-26-png-v3/1400-lilith-nature/1501_nature_snowy-ski-slope_colorado_hero7_iso100-f2p8_g0051091_4000x3000.sdr.png	1		0
1502	1400-lilith-nature/1502_nature_ice-cave-opening_hornafjordur-iceland_ip13pro_iso32-f1p8_img-0341_4032x3024.heic	https://codec-corpus.r2.imazen.org/imazen-26-png-v3/1400-lilith-nature/1502_nature_ice-cave-opening_hornafjordur-iceland_ip13pro_iso32-f1p8_img-0341_3024x4032.sdr.png	1	https://codec-corpus.r2.imazen.org/imazen-26-png-v3/1400-lilith-nature/1502_nature_ice-cave-opening_hornafjordur-iceland_ip13pro_iso32-f1p8_img-0341_3024x4032.hdr.png	1
1503	1400-lilith-nature/1503_nature_passionflower-on-vine_centrum-amsterdam-netherlands_ip16pro_iso50-f1p8_img-0354_4032x3024.heic	https://codec-corpus.r2.imazen.org/imazen-26-png-v3/1400-lilith-nature/1503_nature_passionflower-on-vine_centrum-amsterdam-netherlands_ip16pro_iso50-f1p8_img-0354_3024x4032.sdr.png	1	https://codec-corpus.r2.imazen.org/imazen-26-png-v3/1400-lilith-nature/1503_nature_passionflower-on-vine_centrum-amsterdam-netherlands_ip16pro_iso50-f1p8_img-0354_3024x4032.hdr.png	1
1504	1400-lilith-nature/1504_nature_cloudy-sky-over-field_colorado_ip13pro_iso50-f1p5_img-0374_4032x3024.heic	https://codec-corpus.r2.imazen.org/imazen-26-png-v3/1400-lilith-nature/1504_nature_cloudy-sky-over-field_colorado_ip13pro_iso50-f1p5_img-0374_4032x3024.sdr.png	1	https://codec-corpus.r2.imazen.org/imazen-26-png-v3/1400-lilith-nature/1504_nature_cloudy-sky-over-field_colorado_ip13pro_iso50-f1p5_img-0374_4032x3024.hdr.png	0
1505	1400-lilith-nature/1505_nature_ice-canyon-sky-view_hornafjordur-iceland_ip13pro_iso32-f1p8_img-0393_4032x3024.heic	https://codec-corpus.r2.imazen.org/imazen-26-png-v3/1400-lilith-nature/1505_nature_ice-canyon-sky-view_hornafjordur-iceland_ip13pro_iso32-f1p8_img-0393_3024x4032.sdr.png	1		1
1506	1400-lilith-nature/1506_nature_glacier-ice-landscape_hornafjordur-iceland_ip13pro_iso50-f1p5_img-0423_4032x3024.heic	https://codec-corpus.r2.imazen.org/imazen-26-png-v3/1400-lilith-nature/1506_nature_glacier-ice-landscape_hornafjordur-iceland_ip13pro_iso50-f1p5_img-0423_4032x3024.sdr.png	1		0
1507	1400-lilith-nature/1507_nature_ice-cave-waterfall_hornafjordur-iceland_ip13pro_iso200-f1p5_img-0468_4032x3024.heic	https://codec-corpus.r2.imazen.org/imazen-26-png-v3/1400-lilith-nature/1507_nature_ice-cave-waterfall_hornafjordur-iceland_ip13pro_iso200-f1p5_img-0468_3024x4032.sdr.png	1	https://codec-corpus.r2.imazen.org/imazen-26-png-v3/1400-lilith-nature/1507_nature_ice-cave-waterfall_hornafjordur-iceland_ip13pro_iso200-f1p5_img-0468_3024x4032.hdr.png	1
1508	1400-lilith-nature/1508_nature_ice-cave-interior_hornafjordur-iceland_ip13pro_iso1000-f1p8_img-0474_4032x3024.heic	https://codec-corpus.r2.imazen.org/imazen-26-png-v3/1400-lilith-nature/1508_nature_ice-cave-interior_hornafjordur-iceland_ip13pro_iso1000-f1p8_img-0474_4032x3024.sdr.png	1	https://codec-corpus.r2.imazen.org/imazen-26-png-v3/1400-lilith-nature/1508_nature_ice-cave-interior_hornafjordur-iceland_ip13pro_iso1000-f1p8_img-0474_4032x3024.hdr.png	0
1509	1400-lilith-nature/1509_nature_ice-cave-opening_hornafjordur-iceland_ip13pro_iso1000-f1p8_img-0480_4032x3024.heic	https://codec-corpus.r2.imazen.org/imazen-26-png-v3/1400-lilith-nature/1509_nature_ice-cave-opening_hornafjordur-iceland_ip13pro_iso1000-f1p8_img-0480_3024x4032.sdr.png	1	https://codec-corpus.r2.imazen.org/imazen-26-png-v3/1400-lilith-nature/1509_nature_ice-cave-opening_hornafjordur-iceland_ip13pro_iso1000-f1p8_img-0480_3024x4032.hdr.png	1
1510	1400-lilith-nature/1510_nature_purple-iris-flowers_colorado_ip8plus_iso40-f2p8_img-0803_4032x3024.heic	https://codec-corpus.r2.imazen.org/imazen-26-png-v3/1400-lilith-nature/1510_nature_purple-iris-flowers_colorado_ip8plus_iso40-f2p8_img-0803_3024x4032.sdr.png	1		1
1511	1400-lilith-nature/1511_nature_purple-iris-flowers_colorado_ip8plus_iso125-f2p8_img-0945_4032x3024.heic	https://codec-corpus.r2.imazen.org/imazen-26-png-v3/1400-lilith-nature/1511_nature_purple-iris-flowers_colorado_ip8plus_iso125-f2p8_img-0945_3024x4032.sdr.png	1		1
1512	1400-lilith-nature/1512_nature_purple-white-flowers_colorado_ip8plus_iso20-f2p8_img-1029_4032x3024.heic	https://codec-corpus.r2.imazen.org/imazen-26-png-v3/1400-lilith-nature/1512_nature_purple-white-flowers_colorado_ip8plus_iso20-f2p8_img-1029_3024x4032.sdr.png	1		1
1513	1400-lilith-nature/1513_nature_orange-flowers-field_colorado_ip8plus_iso20-f2p8_img-1129_4032x3024.heic	https://codec-corpus.r2.imazen.org/imazen-26-png-v3/1400-lilith-nature/1513_nature_orange-flowers-field_colorado_ip8plus_iso20-f2p8_img-1129_3024x4032.sdr.png	1		1
1514	1400-lilith-nature/1514_nature_purple-allium-flowers_colorado_ip8plus_iso20-f2p8_img-1310_4032x3024.heic	https://codec-corpus.r2.imazen.org/imazen-26-png-v3/1400-lilith-nature/1514_nature_purple-allium-flowers_colorado_ip8plus_iso20-f2p8_img-1310_3024x4032.sdr.png	1		1
1515	1400-lilith-nature/1515_nature_orange-flower-closeup_colorado_ip17pro_iso320-f1p8_img-1420_4032x3024.heic	https://codec-corpus.r2.imazen.org/imazen-26-png-v3/1400-lilith-nature/1515_nature_orange-flower-closeup_colorado_ip17pro_iso320-f1p8_img-1420_3024x4032.sdr.png	1	https://codec-corpus.r2.imazen.org/imazen-26-png-v3/1400-lilith-nature/1515_nature_orange-flower-closeup_colorado_ip17pro_iso320-f1p8_img-1420_3024x4032.hdr.png	1
1516	1400-lilith-nature/1516_nature_pink-flower-in-bottle_colorado_ip17pro_iso50-f1p8_img-1509_2355x3308.heic	https://codec-corpus.r2.imazen.org/imazen-26-png-v3/1400-lilith-nature/1516_nature_pink-flower-in-bottle_colorado_ip17pro_iso50-f1p8_img-1509_2355x3308.sdr.png	1	https://codec-corpus.r2.imazen.org/imazen-26-png-v3/1400-lilith-nature/1516_nature_pink-flower-in-bottle_colorado_ip17pro_iso50-f1p8_img-1509_2355x3308.hdr.png	0
1517	1400-lilith-nature/1517_nature_bee-on-pink-flowers_colorado_ip8plus_iso20-f2p8_img-2463_4032x3024.heic	https://codec-corpus.r2.imazen.org/imazen-26-png-v3/1400-lilith-nature/1517_nature_bee-on-pink-flowers_colorado_ip8plus_iso20-f2p8_img-2463_3024x4032.sdr.png	1		1
1518	1400-lilith-nature/1518_nature_pink-flowers-and-bee_colorado_ip8plus_iso40-f2p8_img-2464_4032x3024.heic	https://codec-corpus.r2.imazen.org/imazen-26-png-v3/1400-lilith-nature/1518_nature_pink-flowers-and-bee_colorado_ip8plus_iso40-f2p8_img-2464_3024x4032.sdr.png	1		1
1519	1400-lilith-nature/1519_nature_orange-rose-vase_colorado_ip17pro_iso200-f1p8_img-2700_3961x4825.heic	https://codec-corpus.r2.imazen.org/imazen-26-png-v3/1400-lilith-nature/1519_nature_orange-rose-vase_colorado_ip17pro_iso200-f1p8_img-2700_3961x4825.sdr.png	1	https://codec-corpus.r2.imazen.org/imazen-26-png-v3/1400-lilith-nature/1519_nature_orange-rose-vase_colorado_ip17pro_iso200-f1p8_img-2700_3961x4825.hdr.png	0
1520	1400-lilith-nature/1520_nature_tulips-in-garden_notre-dame-versailles-france_ip15pro_iso80-f1p8_img-3545_5712x4284.heic	https://codec-corpus.r2.imazen.org/imazen-26-png-v3/1400-lilith-nature/1520_nature_tulips-in-garden_notre-dame-versailles-france_ip15pro_iso80-f1p8_img-3545_4284x5712.sdr.png	1	https://codec-corpus.r2.imazen.org/imazen-26-png-v3/1400-lilith-nature/1520_nature_tulips-in-garden_notre-dame-versailles-france_ip15pro_iso80-f1p8_img-3545_4284x5712.hdr.png	1
1521	1400-lilith-nature/1521_nature_potted-tulips-garden_notre-dame-versailles-france_ip15pro_iso80-f1p8_img-3547_5712x4284.heic	https://codec-corpus.r2.imazen.org/imazen-26-png-v3/1400-lilith-nature/1521_nature_potted-tulips-garden_notre-dame-versailles-france_ip15pro_iso80-f1p8_img-3547_4284x5712.sdr.png	1	https://codec-corpus.r2.imazen.org/imazen-26-png-v3/1400-lilith-nature/1521_nature_potted-tulips-garden_notre-dame-versailles-france_ip15pro_iso80-f1p8_img-3547_4284x5712.hdr.png	1
1522	1400-lilith-nature/1522_nature_water-lilies-pond_colorado_ip13pro_iso50-f1p5_img-3764_4032x3024.heic	https://codec-corpus.r2.imazen.org/imazen-26-png-v3/1400-lilith-nature/1522_nature_water-lilies-pond_colorado_ip13pro_iso50-f1p5_img-3764_4032x3024.sdr.png	1	https://codec-corpus.r2.imazen.org/imazen-26-png-v3/1400-lilith-nature/1522_nature_water-lilies-pond_colorado_ip13pro_iso50-f1p5_img-3764_4032x3024.hdr.png	0
1523	1400-lilith-nature/1523_nature_yellow-flowers-garden_colorado_ip13pro_iso50-f1p5_img-3767_4032x3024.heic	https://codec-corpus.r2.imazen.org/imazen-26-png-v3/1400-lilith-nature/1523_nature_yellow-flowers-garden_colorado_ip13pro_iso50-f1p5_img-3767_3024x4032.sdr.png	1	https://codec-corpus.r2.imazen.org/imazen-26-png-v3/1400-lilith-nature/1523_nature_yellow-flowers-garden_colorado_ip13pro_iso50-f1p5_img-3767_3024x4032.hdr.png	1
1524	1400-lilith-nature/1524_nature_yellow-flowers-garden_colorado_ip13pro_iso50-f1p5_img-3841_4032x3024.heic	https://codec-corpus.r2.imazen.org/imazen-26-png-v3/1400-lilith-nature/1524_nature_yellow-flowers-garden_colorado_ip13pro_iso50-f1p5_img-3841_3024x4032.sdr.png	1	https://codec-corpus.r2.imazen.org/imazen-26-png-v3/1400-lilith-nature/1524_nature_yellow-flowers-garden_colorado_ip13pro_iso50-f1p5_img-3841_3024x4032.hdr.png	1
1525	1400-lilith-nature/1525_nature_wildflowers-in-garden_colorado_ip13pro_iso50-f1p5_img-3861_4032x3024.heic	https://codec-corpus.r2.imazen.org/imazen-26-png-v3/1400-lilith-nature/1525_nature_wildflowers-in-garden_colorado_ip13pro_iso50-f1p5_img-3861_3024x4032.sdr.png	1	https://codec-corpus.r2.imazen.org/imazen-26-png-v3/1400-lilith-nature/1525_nature_wildflowers-in-garden_colorado_ip13pro_iso50-f1p5_img-3861_3024x4032.hdr.png	1
1526	1400-lilith-nature/1526_nature_pink-flowers-garden_colorado_ip13pro_iso50-f1p5_img-4543_4032x3024.heic	https://codec-corpus.r2.imazen.org/imazen-26-png-v3/1400-lilith-nature/1526_nature_pink-flowers-garden_colorado_ip13pro_iso50-f1p5_img-4543_3024x4032.sdr.png	1	https://codec-corpus.r2.imazen.org/imazen-26-png-v3/1400-lilith-nature/1526_nature_pink-flowers-garden_colorado_ip13pro_iso50-f1p5_img-4543_3024x4032.hdr.png	1
1527	1400-lilith-nature/1527_nature_mountain-wildflowers-landscape_stikine-region-canada_ip16pro_iso100-f1p8_img-4768_5712x4284.heic	https://codec-corpus.r2.imazen.org/imazen-26-png-v3/1400-lilith-nature/1527_nature_mountain-wildflowers-landscape_stikine-region-canada_ip16pro_iso100-f1p8_img-4768_4284x5712.sdr.png	1	https://codec-corpus.r2.imazen.org/imazen-26-png-v3/1400-lilith-nature/1527_nature_mountain-wildflowers-landscape_stikine-region-canada_ip16pro_iso100-f1p8_img-4768_4284x5712.hdr.png	1
1528	1400-lilith-nature/1528_nature_pink-blossom-branch_kawazu-japan_ip16pro_iso80-f1p8_img-4931_5712x4284.heic	https://codec-corpus.r2.imazen.org/imazen-26-png-v3/1400-lilith-nature/1528_nature_pink-blossom-branch_kawazu-japan_ip16pro_iso80-f1p8_img-4931_5712x4284.sdr.png	1	https://codec-corpus.r2.imazen.org/imazen-26-png-v3/1400-lilith-nature/1528_nature_pink-blossom-branch_kawazu-japan_ip16pro_iso80-f1p8_img-4931_5712x4284.hdr.png	0
1529	1400-lilith-nature/1529_nature_whale-tail-ocean_ip13pro_iso32-f2p8_img-5573_4032x3024.heic	https://codec-corpus.r2.imazen.org/imazen-26-png-v3/1400-lilith-nature/1529_nature_whale-tail-ocean_ip13pro_iso32-f2p8_img-5573_3024x4032.sdr.png	1	https://codec-corpus.r2.imazen.org/imazen-26-png-v3/1400-lilith-nature/1529_nature_whale-tail-ocean_ip13pro_iso32-f2p8_img-5573_3024x4032.hdr.png	1
1530	1400-lilith-nature/1530_nature_whale-tail-ocean_ip13pro_iso32-f2p8_img-5574_4032x3024.heic	https://codec-corpus.r2.imazen.org/imazen-26-png-v3/1400-lilith-nature/1530_nature_whale-tail-ocean_ip13pro_iso32-f2p8_img-5574_3024x4032.sdr.png	1	https://codec-corpus.r2.imazen.org/imazen-26-png-v3/1400-lilith-nature/1530_nature_whale-tail-ocean_ip13pro_iso32-f2p8_img-5574_3024x4032.hdr.png	1
1531	1400-lilith-nature/1531_nature_red-poppy-flowers_taos-new-mexico_ip17pro_iso80-f1p8_img-6189_5712x4284.heic	https://codec-corpus.r2.imazen.org/imazen-26-png-v3/1400-lilith-nature/1531_nature_red-poppy-flowers_taos-new-mexico_ip17pro_iso80-f1p8_img-6189_4284x5712.sdr.png	1	https://codec-corpus.r2.imazen.org/imazen-26-png-v3/1400-lilith-nature/1531_nature_red-poppy-flowers_taos-new-mexico_ip17pro_iso80-f1p8_img-6189_4284x5712.hdr.png	1
1532	1400-lilith-nature/1532_nature_red-poppy-flowers_taos-new-mexico_ip17pro_iso80-f1p8_img-6194_5712x4284.heic	https://codec-corpus.r2.imazen.org/imazen-26-png-v3/1400-lilith-nature/1532_nature_red-poppy-flowers_taos-new-mexico_ip17pro_iso80-f1p8_img-6194_4284x5712.sdr.png	1	https://codec-corpus.r2.imazen.org/imazen-26-png-v3/1400-lilith-nature/1532_nature_red-poppy-flowers_taos-new-mexico_ip17pro_iso80-f1p8_img-6194_4284x5712.hdr.png	1
1533	1400-lilith-nature/1533_nature_purple-water-lily_koyama-kamiuchikawaracho-kyoto-japan_ip13pro_iso125-f2p8_img-6205_4032x3024.heic	https://codec-corpus.r2.imazen.org/imazen-26-png-v3/1400-lilith-nature/1533_nature_purple-water-lily_koyama-kamiuchikawaracho-kyoto-japan_ip13pro_iso125-f2p8_img-6205_3024x4032.sdr.png	1	https://codec-corpus.r2.imazen.org/imazen-26-png-v3/1400-lilith-nature/1533_nature_purple-water-lily_koyama-kamiuchikawaracho-kyoto-japan_ip13pro_iso125-f2p8_img-6205_3024x4032.hdr.png	1
1534	1400-lilith-nature/1534_nature_red-flowers-closeup_ketchikan-alaska_ip16pro_iso125-f1p8_img-6286_4032x3024.heic	https://codec-corpus.r2.imazen.org/imazen-26-png-v3/1400-lilith-nature/1534_nature_red-flowers-closeup_ketchikan-alaska_ip16pro_iso125-f1p8_img-6286_3024x4032.sdr.png	1	https://codec-corpus.r2.imazen.org/imazen-26-png-v3/1400-lilith-nature/1534_nature_red-flowers-closeup_ketchikan-alaska_ip16pro_iso125-f1p8_img-6286_3024x4032.hdr.png	1
1535	1400-lilith-nature/1535_nature_sea-turtle-underwater_ip13pro_iso32-f1p8_img-8579_4032x3024.heic	https://codec-corpus.r2.imazen.org/imazen-26-png-v3/1400-lilith-nature/1535_nature_sea-turtle-underwater_ip13pro_iso32-f1p8_img-8579_3024x4032.sdr.png	1		1
1536	1400-lilith-nature/1536_nature_purple-flowers-walkway_seward-alaska_ip16pro_iso80-f1p8_img-8763_5712x4284.heic	https://codec-corpus.r2.imazen.org/imazen-26-png-v3/1400-lilith-nature/1536_nature_purple-flowers-walkway_seward-alaska_ip16pro_iso80-f1p8_img-8763_4284x5712.sdr.png	1	https://codec-corpus.r2.imazen.org/imazen-26-png-v3/1400-lilith-nature/1536_nature_purple-flowers-walkway_seward-alaska_ip16pro_iso80-f1p8_img-8763_4284x5712.hdr.png	1
1537	1400-lilith-nature/1537_nature_purple-flowers-closeup_seward-alaska_ip16pro_iso100-f1p8_img-8764_5712x4284.heic	https://codec-corpus.r2.imazen.org/imazen-26-png-v3/1400-lilith-nature/1537_nature_purple-flowers-closeup_seward-alaska_ip16pro_iso100-f1p8_img-8764_4284x5712.sdr.png	1	https://codec-corpus.r2.imazen.org/imazen-26-png-v3/1400-lilith-nature/1537_nature_purple-flowers-closeup_seward-alaska_ip16pro_iso100-f1p8_img-8764_4284x5712.hdr.png	1
1538	1400-lilith-nature/1538_nature_boat-on-narrow-channel_muyil-chunyaxche-mexico_ip13pro_iso50-f1p5_img-8787_4032x3024.heic	https://codec-corpus.r2.imazen.org/imazen-26-png-v3/1400-lilith-nature/1538_nature_boat-on-narrow-channel_muyil-chunyaxche-mexico_ip13pro_iso50-f1p5_img-8787_3024x4032.sdr.png	1		1
1539	1400-lilith-nature/1539_nature_legs-in-water_felipe-carrillo-puerto-mexico_ip13pro_iso32-f1p8_img-8809_4032x3024.heic	https://codec-corpus.r2.imazen.org/imazen-26-png-v3/1400-lilith-nature/1539_nature_legs-in-water_felipe-carrillo-puerto-mexico_ip13pro_iso32-f1p8_img-8809_3024x4032.sdr.png	1	https://codec-corpus.r2.imazen.org/imazen-26-png-v3/1400-lilith-nature/1539_nature_legs-in-water_felipe-carrillo-puerto-mexico_ip13pro_iso32-f1p8_img-8809_3024x4032.hdr.png	1
1540	1400-lilith-nature/1540_nature_purple-flowers-garden_belltown-seattle-washington_ip16pro_iso100-f1p8_img-9109_5712x4284.heic	https://codec-corpus.r2.imazen.org/imazen-26-png-v3/1400-lilith-nature/1540_nature_purple-flowers-garden_belltown-seattle-washington_ip16pro_iso100-f1p8_img-9109_4284x5712.sdr.png	1	https://codec-corpus.r2.imazen.org/imazen-26-png-v3/1400-lilith-nature/1540_nature_purple-flowers-garden_belltown-seattle-washington_ip16pro_iso100-f1p8_img-9109_4284x5712.hdr.png	1
1541	1400-lilith-nature/1541_nature_blue-wildflower-grass_snaefellsbaer-iceland_ip16pro_iso64-f1p8_img-9110_4032x3024.heic	https://codec-corpus.r2.imazen.org/imazen-26-png-v3/1400-lilith-nature/1541_nature_blue-wildflower-grass_snaefellsbaer-iceland_ip16pro_iso64-f1p8_img-9110_3024x4032.sdr.png	1	https://codec-corpus.r2.imazen.org/imazen-26-png-v3/1400-lilith-nature/1541_nature_blue-wildflower-grass_snaefellsbaer-iceland_ip16pro_iso64-f1p8_img-9110_3024x4032.hdr.png	1
1542	1400-lilith-nature/1542_nature_orange-lily-flower_belltown-seattle-washington_ip16pro_iso80-f1p8_img-9149_5712x4284.heic	https://codec-corpus.r2.imazen.org/imazen-26-png-v3/1400-lilith-nature/1542_nature_orange-lily-flower_belltown-seattle-washington_ip16pro_iso80-f1p8_img-9149_4284x5712.sdr.png	1	https://codec-corpus.r2.imazen.org/imazen-26-png-v3/1400-lilith-nature/1542_nature_orange-lily-flower_belltown-seattle-washington_ip16pro_iso80-f1p8_img-9149_4284x5712.hdr.png	1
1543	1400-lilith-nature/1543_nature_water-lilies-pond_miyuki-beppu-japan_ip16pro_iso80-f1p8_img-9522_5712x4284.heic	https://codec-corpus.r2.imazen.org/imazen-26-png-v3/1400-lilith-nature/1543_nature_water-lilies-pond_miyuki-beppu-japan_ip16pro_iso80-f1p8_img-9522_4284x5712.sdr.png	1	https://codec-corpus.r2.imazen.org/imazen-26-png-v3/1400-lilith-nature/1543_nature_water-lilies-pond_miyuki-beppu-japan_ip16pro_iso80-f1p8_img-9522_4284x5712.hdr.png	1
1544	1400-lilith-nature/1544_nature_purple-water-lily-flower_miyuki-beppu-japan_ip16pro_iso64-f1p8_img-9550_4032x3024.heic	https://codec-corpus.r2.imazen.org/imazen-26-png-v3/1400-lilith-nature/1544_nature_purple-water-lily-flower_miyuki-beppu-japan_ip16pro_iso64-f1p8_img-9550_3024x4032.sdr.png	1	https://codec-corpus.r2.imazen.org/imazen-26-png-v3/1400-lilith-nature/1544_nature_purple-water-lily-flower_miyuki-beppu-japan_ip16pro_iso64-f1p8_img-9550_3024x4032.hdr.png	1
1545	1400-lilith-nature/1545_nature_stalactite-cave-lake_playa-del-carmen-mexico_ip13pro_iso1600-f1p5_img-9591_4032x3024.heic	https://codec-corpus.r2.imazen.org/imazen-26-png-v3/1400-lilith-nature/1545_nature_stalactite-cave-lake_playa-del-carmen-mexico_ip13pro_iso1600-f1p5_img-9591_4032x3024.sdr.png	1	https://codec-corpus.r2.imazen.org/imazen-26-png-v3/1400-lilith-nature/1545_nature_stalactite-cave-lake_playa-del-carmen-mexico_ip13pro_iso1600-f1p5_img-9591_4032x3024.hdr.png	0
1546	1400-lilith-nature/1546_nature_underground-cave-lake_playa-del-carmen-mexico_ip13pro_iso2000-f1p5_img-9608_4032x3024.heic	https://codec-corpus.r2.imazen.org/imazen-26-png-v3/1400-lilith-nature/1546_nature_underground-cave-lake_playa-del-carmen-mexico_ip13pro_iso2000-f1p5_img-9608_3024x4032.sdr.png	1	https://codec-corpus.r2.imazen.org/imazen-26-png-v3/1400-lilith-nature/1546_nature_underground-cave-lake_playa-del-carmen-mexico_ip13pro_iso2000-f1p5_img-9608_3024x4032.hdr.png	1
1547	1400-lilith-nature/1547_nature_orange-flowers-garden_colorado_ip16pro_iso80-f1p8_img-9652_5712x4284.heic	https://codec-corpus.r2.imazen.org/imazen-26-png-v3/1400-lilith-nature/1547_nature_orange-flowers-garden_colorado_ip16pro_iso80-f1p8_img-9652_4284x5712.sdr.png	1	https://codec-corpus.r2.imazen.org/imazen-26-png-v3/1400-lilith-nature/1547_nature_orange-flowers-garden_colorado_ip16pro_iso80-f1p8_img-9652_4284x5712.hdr.png	1
1548	1400-lilith-nature/1548_nature_purple-blossom-branches_colorado_ip8plus_iso32-f2p8_img-9831_4032x3024.heic	https://codec-corpus.r2.imazen.org/imazen-26-png-v3/1400-lilith-nature/1548_nature_purple-blossom-branches_colorado_ip8plus_iso32-f2p8_img-9831_3024x4032.sdr.png	1		1
1549	1400-lilith-nature/1549_nature_ocean-sunset-sailboat_screenshot-20260526-073037-photos_1079x1440.png	https://codec-corpus.r2.imazen.org/imazen-26-png-v3/1400-lilith-nature/1549_nature_ocean-sunset-sailboat_screenshot-20260526-073037-photos_1079x1440.sdr.png	1		0
1550	1400-lilith-nature/1550_nature_sunset-clouds-over-parkinglot_screenshot-20260526-073143-photos_1079x1439.png	https://codec-corpus.r2.imazen.org/imazen-26-png-v3/1400-lilith-nature/1550_nature_sunset-clouds-over-parkinglot_screenshot-20260526-073143-photos_1079x1439.sdr.png	1		0
1551	1400-lilith-nature/1551_nature_snowy-mountain-above-clouds_screenshot-20260526-073506-photos_1966x1476.png	https://codec-corpus.r2.imazen.org/imazen-26-png-v3/1400-lilith-nature/1551_nature_snowy-mountain-above-clouds_screenshot-20260526-073506-photos_1966x1476.sdr.png	1		0
1552	1400-lilith-nature/1552_nature_sunset-skyline-silhouette_screenshot-20260526-074733-gallery_1924x1400.png	https://codec-corpus.r2.imazen.org/imazen-26-png-v3/1400-lilith-nature/1552_nature_sunset-skyline-silhouette_screenshot-20260526-074733-gallery_1924x1400.sdr.png	1		0
1553	1400-lilith-nature/1553_nature_airplane-wing-northern-lights_screenshot-20260526-074909-gallery_1966x1424.png	https://codec-corpus.r2.imazen.org/imazen-26-png-v3/1400-lilith-nature/1553_nature_airplane-wing-northern-lights_screenshot-20260526-074909-gallery_1966x1424.sdr.png	1		0
1554	1400-lilith-nature/1554_nature_person-on-driftwood_screenshot-20260526-075607-gallery_1561x2131.png	https://codec-corpus.r2.imazen.org/imazen-26-png-v3/1400-lilith-nature/1554_nature_person-on-driftwood_screenshot-20260526-075607-gallery_1561x2131.sdr.png	1		0
1555	1400-lilith-nature/1555_nature_purple-water-lily_screenshot-20260526-080203-gallery_1617x2004.png	https://codec-corpus.r2.imazen.org/imazen-26-png-v3/1400-lilith-nature/1555_nature_purple-water-lily_screenshot-20260526-080203-gallery_1617x2004.sdr.png	1		0
1556	1400-lilith-nature/1556_nature_abstract-ice-texture_screenshot-20260526-080327-gallery_1020x2183.png	https://codec-corpus.r2.imazen.org/imazen-26-png-v3/1400-lilith-nature/1556_nature_abstract-ice-texture_screenshot-20260526-080327-gallery_1020x2183.sdr.png	1		0
1600	1600-lilith-food/1600_food_steamed-dumplings-basket_university-city-san-diego-california_note9_iso64-f2p4_20190516-185153_4032x3024.jpg	https://codec-corpus.r2.imazen.org/imazen-26-png-v3/1600-lilith-food/1600_food_steamed-dumplings-basket_university-city-san-diego-california_note9_iso64-f2p4_20190516-185153_4032x3024.sdr.png	1		0
1601	1600-lilith-food/1601_food_sushi-roll-platter_colorado_s10_iso320-f2p4_20200212-181250_4032x3024.jpg	https://codec-corpus.r2.imazen.org/imazen-26-png-v3/1600-lilith-food/1601_food_sushi-roll-platter_colorado_s10_iso320-f2p4_20200212-181250_4032x3024.sdr.png	1		0
1602	1600-lilith-food/1602_food_caprese-salad-plate_s21u_iso250-f2p4_20210709-193445_4000x3000.jpg	https://codec-corpus.r2.imazen.org/imazen-26-png-v3/1600-lilith-food/1602_food_caprese-salad-plate_s21u_iso250-f2p4_20210709-193445_4000x3000.sdr.png	1		0
1603	1600-lilith-food/1603_food_salad-plate-fork_colorado_s21u_iso40-f1p8_20210801-190732_4000x3000.jpg	https://codec-corpus.r2.imazen.org/imazen-26-png-v3/1600-lilith-food/1603_food_salad-plate-fork_colorado_s21u_iso40-f1p8_20210801-190732_3000x4000.sdr.png	1		1
1604	1600-lilith-food/1604_food_meat-and-fried-vegetables_l-eixample-barcelona-spain_s21u_iso640-f1p8_20220304-124452_4000x3000.jpg	https://codec-corpus.r2.imazen.org/imazen-26-png-v3/1600-lilith-food/1604_food_meat-and-fried-vegetables_l-eixample-barcelona-spain_s21u_iso640-f1p8_20220304-124452_3000x4000.sdr.png	1		1
1605	1600-lilith-food/1605_food_sushi-roll-platter_s21u_iso1250-f1p8_20220817-200800_4000x3000.jpg	https://codec-corpus.r2.imazen.org/imazen-26-png-v3/1600-lilith-food/1605_food_sushi-roll-platter_s21u_iso1250-f1p8_20220817-200800_4000x3000.sdr.png	1		0
1606	1600-lilith-food/1606_food_fried-calamari-salad_hanalei-hawaii_s21u_iso32-f1p8_20221001-155420_3462x2150.jpg	https://codec-corpus.r2.imazen.org/imazen-26-png-v3/1600-lilith-food/1606_food_fried-calamari-salad_hanalei-hawaii_s21u_iso32-f1p8_20221001-155420_3462x2150.sdr.png	1		0
1607	1600-lilith-food/1607_food_grilled-seafood-plate_s21u_iso1250-f1p8_20221210-191616_4000x3000.jpg	https://codec-corpus.r2.imazen.org/imazen-26-png-v3/1600-lilith-food/1607_food_grilled-seafood-plate_s21u_iso1250-f1p8_20221210-191616_3000x4000.sdr.png	1		1
1608	1600-lilith-food/1608_food_single-cake-slice-plate_anedaitocho-kyoto-japan_s23u_iso320-f2p2_20230709-194142_4000x3000.jpg	https://codec-corpus.r2.imazen.org/imazen-26-png-v3/1600-lilith-food/1608_food_single-cake-slice-plate_anedaitocho-kyoto-japan_s23u_iso320-f2p2_20230709-194142_4000x3000.sdr.png	1		0
1609	1600-lilith-food/1609_food_tray-of-food_kurama-kibune-cho-kyoto-japan_s23u_iso100-f2p2_20230711-123756_4000x3000.jpg	https://codec-corpus.r2.imazen.org/imazen-26-png-v3/1600-lilith-food/1609_food_tray-of-food_kurama-kibune-cho-kyoto-japan_s23u_iso100-f2p2_20230711-123756_4000x3000.sdr.png	1		0
1610	1600-lilith-food/1610_food_rice-bowl-vegetables_mapunapuna-honolulu-hawaii_s23u_iso50-f2p2_20230712-183013_4000x3000.jpg	https://codec-corpus.r2.imazen.org/imazen-26-png-v3/1600-lilith-food/1610_food_rice-bowl-vegetables_mapunapuna-honolulu-hawaii_s23u_iso50-f2p2_20230712-183013_3000x4000.sdr.png	1		1
1611	1600-lilith-food/1611_food_blue-geode-cake_s20_iso64-f1p8_20230715-143732_4032x3024.jpg	https://codec-corpus.r2.imazen.org/imazen-26-png-v3/1600-lilith-food/1611_food_blue-geode-cake_s20_iso64-f1p8_20230715-143732_3024x4032.sdr.png	1		1
1612	1600-lilith-food/1612_food_fried-fish-and-fries_s23u_iso25-f1p7_20230730-142545-0_4000x3000.jpg	https://codec-corpus.r2.imazen.org/imazen-26-png-v3/1600-lilith-food/1612_food_fried-fish-and-fries_s23u_iso25-f1p7_20230730-142545-0_4000x3000.sdr.png	1		0
1613	1600-lilith-food/1613_food_peaches-in-box_colorado_s23u_iso250-f1p7_20230821-073156_4000x3000.jpg	https://codec-corpus.r2.imazen.org/imazen-26-png-v3/1600-lilith-food/1613_food_peaches-in-box_colorado_s23u_iso250-f1p7_20230821-073156_3000x4000.sdr.png	1		1
1614	1600-lilith-food/1614_food_dessert-plate-upside-down_valladolid-mexico_s23u_iso640-f1p7_20230917-213342_4000x3000.jpg	https://codec-corpus.r2.imazen.org/imazen-26-png-v3/1600-lilith-food/1614_food_dessert-plate-upside-down_valladolid-mexico_s23u_iso640-f1p7_20230917-213342_4000x3000.sdr.png	1		0
1615	1600-lilith-food/1615_food_savory-plated-dish_valladolid-mexico_s23u_iso250-f2p2_20230918-103053_4000x3000.jpg	https://codec-corpus.r2.imazen.org/imazen-26-png-v3/1600-lilith-food/1615_food_savory-plated-dish_valladolid-mexico_s23u_iso250-f2p2_20230918-103053_3000x4000.sdr.png	1		1
1616	1600-lilith-food/1616_food_plated-dessert-closeup_minami-kugahara-2-ota-japan_s23u_iso500-f2p2_20231028-120453-001_4000x3000.jpg	https://codec-corpus.r2.imazen.org/imazen-26-png-v3/1600-lilith-food/1616_food_plated-dessert-closeup_minami-kugahara-2-ota-japan_s23u_iso500-f2p2_20231028-120453-001_4000x3000.sdr.png	1		0
1617	1600-lilith-food/1617_food_ice-cream_s23u_iso64-f1p7_20231104-123933_4000x3000.jpg	https://codec-corpus.r2.imazen.org/imazen-26-png-v3/1600-lilith-food/1617_food_ice-cream_s23u_iso64-f1p7_20231104-123933_3000x4000.sdr.png	1		1
1618	1600-lilith-food/1618_food_fruit-platter-with-dip_colorado_s23u_iso250-f2p4_20231126-035155_4000x3000.heic	https://codec-corpus.r2.imazen.org/imazen-26-png-v3/1600-lilith-food/1618_food_fruit-platter-with-dip_colorado_s23u_iso250-f2p4_20231126-035155_3000x4000.sdr.png	1		1
1619	1600-lilith-food/1619_food_strawberries-and-blackberries_3rd-arrondissement-paris-france_s23u_iso500-f2p4_20240421-153750_4000x3000.jpg	https://codec-corpus.r2.imazen.org/imazen-26-png-v3/1600-lilith-food/1619_food_strawberries-and-blackberries_3rd-arrondissement-paris-france_s23u_iso500-f2p4_20240421-153750_3000x4000.sdr.png	1		1
1620	1600-lilith-food/1620_food_plated-dessert-closeup_1st-arrondissement-paris-france_s23u_iso160-f2p2_20240426-140041_4000x3000.jpg	https://codec-corpus.r2.imazen.org/imazen-26-png-v3/1600-lilith-food/1620_food_plated-dessert-closeup_1st-arrondissement-paris-france_s23u_iso160-f2p2_20240426-140041_3000x4000.sdr.png	1		1
1621	1600-lilith-food/1621_food_dessert-on-plate_grindavik-iceland_s23u_iso40-f1p7_20240429-184401_4000x3000.jpg	https://codec-corpus.r2.imazen.org/imazen-26-png-v3/1600-lilith-food/1621_food_dessert-on-plate_grindavik-iceland_s23u_iso40-f1p7_20240429-184401_3000x4000.sdr.png	1		1
1622	1600-lilith-food/1622_food_strawberry-layer-cake_colorado_s23u_iso80-f2p4_20240505-164658_4000x3000.jpg	https://codec-corpus.r2.imazen.org/imazen-26-png-v3/1600-lilith-food/1622_food_strawberry-layer-cake_colorado_s23u_iso80-f2p4_20240505-164658_3000x4000.sdr.png	1		1
1623	1600-lilith-food/1623_food_breakfast_colorado_s23u_iso12-f1p7_20240507-145123_4000x3000.jpg	https://codec-corpus.r2.imazen.org/imazen-26-png-v3/1600-lilith-food/1623_food_breakfast_colorado_s23u_iso12-f1p7_20240507-145123_3000x4000.sdr.png	1		1
1624	1600-lilith-food/1624_food_french-toast_colorado_s23u_iso50-f2p2_20240507-145130_4000x3000.jpg	https://codec-corpus.r2.imazen.org/imazen-26-png-v3/1600-lilith-food/1624_food_french-toast_colorado_s23u_iso50-f2p2_20240507-145130_4000x3000.sdr.png	1		0
1625	1600-lilith-food/1625_food_bowl_colorado_s23u_iso500-f1p7_20240510-210653_4000x3000.jpg	https://codec-corpus.r2.imazen.org/imazen-26-png-v3/1600-lilith-food/1625_food_bowl_colorado_s23u_iso500-f1p7_20240510-210653_3000x4000.sdr.png	1		1
1626	1600-lilith-food/1626_food_chocolate-cake-dessert-plate_colorado_s23u_iso800-f2p4_20240510-221014_4000x3000.jpg	https://codec-corpus.r2.imazen.org/imazen-26-png-v3/1600-lilith-food/1626_food_chocolate-cake-dessert-plate_colorado_s23u_iso800-f2p4_20240510-221014_3000x4000.sdr.png	1		1
1627	1600-lilith-food/1627_food_assorted-mochi-platter_colorado_s23u_iso500-f1p7_20240522-202407_4000x3000.jpg	https://codec-corpus.r2.imazen.org/imazen-26-png-v3/1600-lilith-food/1627_food_assorted-mochi-platter_colorado_s23u_iso500-f1p7_20240522-202407_3000x4000.sdr.png	1		1
1628	1600-lilith-food/1628_food_french-toast_s23u_iso250-f1p7_20240907-133934_4000x3000.jpg	https://codec-corpus.r2.imazen.org/imazen-26-png-v3/1600-lilith-food/1628_food_french-toast_s23u_iso250-f1p7_20240907-133934_3000x4000.sdr.png	1		1
1629	1600-lilith-food/1629_food_floral-tiered-cake_colorado_s23u_iso320-f1p7_20250202-141904_4000x3000.jpg	https://codec-corpus.r2.imazen.org/imazen-26-png-v3/1600-lilith-food/1629_food_floral-tiered-cake_colorado_s23u_iso320-f1p7_20250202-141904_3000x4000.sdr.png	1		1
1630	1600-lilith-food/1630_food_tea-and-dessert-table_wadahamaminamicho-atami-japan_s23u_iso320-f1p7_20250303-154752_4000x3000.jpg	https://codec-corpus.r2.imazen.org/imazen-26-png-v3/1600-lilith-food/1630_food_tea-and-dessert-table_wadahamaminamicho-atami-japan_s23u_iso320-f1p7_20250303-154752_4000x3000.sdr.png	1		0
1631	1600-lilith-food/1631_food_fried-food-meal-table_3-chome-shimoda-japan_s23u_iso40-f1p7_20250306-130255_4000x3000.jpg	https://codec-corpus.r2.imazen.org/imazen-26-png-v3/1600-lilith-food/1631_food_fried-food-meal-table_3-chome-shimoda-japan_s23u_iso40-f1p7_20250306-130255_4000x3000.sdr.png	1		0
1632	1600-lilith-food/1632_food_orange-juice-glass_uchiura-shigedera-numazu-japan_s23u_iso125-f2p4_20250307-182432_4000x3000.jpg	https://codec-corpus.r2.imazen.org/imazen-26-png-v3/1600-lilith-food/1632_food_orange-juice-glass_uchiura-shigedera-numazu-japan_s23u_iso125-f2p4_20250307-182432_3000x4000.sdr.png	1		1
1633	1600-lilith-food/1633_food_gourmet-plated-dish_uchiura-shigedera-numazu-japan_s23u_iso125-f1p7_20250307-182828-0_4000x3000.jpg	https://codec-corpus.r2.imazen.org/imazen-26-png-v3/1600-lilith-food/1633_food_gourmet-plated-dish_uchiura-shigedera-numazu-japan_s23u_iso125-f1p7_20250307-182828-0_3000x4000.sdr.png	1		1
1634	1600-lilith-food/1634_food_breakfast-table-setting_uchiura-shigedera-numazu-japan_s23u_iso16-f1p7_20250308-091451_4000x3000.jpg	https://codec-corpus.r2.imazen.org/imazen-26-png-v3/1600-lilith-food/1634_food_breakfast-table-setting_uchiura-shigedera-numazu-japan_s23u_iso16-f1p7_20250308-091451_3000x4000.sdr.png	1		1
1635	1600-lilith-food/1635_food_breakfast-tray-table_uchiura-shigedera-numazu-japan_s23u_iso100-f1p7_20250308-091457_4000x3000.jpg	https://codec-corpus.r2.imazen.org/imazen-26-png-v3/1600-lilith-food/1635_food_breakfast-tray-table_uchiura-shigedera-numazu-japan_s23u_iso100-f1p7_20250308-091457_4000x3000.sdr.png	1		0
1636	1600-lilith-food/1636_food_breakfast-table-spread_ogura-beppu-japan_s23u_iso200-f1p7_20250311-100529_4000x3000.jpg	https://codec-corpus.r2.imazen.org/imazen-26-png-v3/1600-lilith-food/1636_food_breakfast-table-spread_ogura-beppu-japan_s23u_iso200-f1p7_20250311-100529_4000x3000.sdr.png	1		0
1637	1600-lilith-food/1637_food_plated-food-dish_colorado_s23u_iso400-f1p7_20250411-204431_4000x3000.jpg	https://codec-corpus.r2.imazen.org/imazen-26-png-v3/1600-lilith-food/1637_food_plated-food-dish_colorado_s23u_iso400-f1p7_20250411-204431_4000x3000.sdr.png	1		0
1638	1600-lilith-food/1638_food_sliced-fish-dish_colorado_s25u_iso800-f1p7_20250425-213810_4000x3000.jpg	https://codec-corpus.r2.imazen.org/imazen-26-png-v3/1600-lilith-food/1638_food_sliced-fish-dish_colorado_s25u_iso800-f1p7_20250425-213810_3000x4000.sdr.png	1	https://codec-corpus.r2.imazen.org/imazen-26-png-v3/1600-lilith-food/1638_food_sliced-fish-dish_colorado_s25u_iso800-f1p7_20250425-213810_3000x4000.hdr.png	1
1639	1600-lilith-food/1639_food_sashimi-on-plate_colorado_s25u_iso200-f1p7_20250425-214145_4000x3000.jpg	https://codec-corpus.r2.imazen.org/imazen-26-png-v3/1600-lilith-food/1639_food_sashimi-on-plate_colorado_s25u_iso200-f1p7_20250425-214145_4000x3000.sdr.png	1	https://codec-corpus.r2.imazen.org/imazen-26-png-v3/1600-lilith-food/1639_food_sashimi-on-plate_colorado_s25u_iso200-f1p7_20250425-214145_4000x3000.hdr.png	0
1640	1600-lilith-food/1640_food_birthday-cake-table_colorado_ip16pro_iso125-f1p8_img-2666_5712x4284.heic	https://codec-corpus.r2.imazen.org/imazen-26-png-v3/1600-lilith-food/1640_food_birthday-cake-table_colorado_ip16pro_iso125-f1p8_img-2666_4284x5712.sdr.png	1	https://codec-corpus.r2.imazen.org/imazen-26-png-v3/1600-lilith-food/1640_food_birthday-cake-table_colorado_ip16pro_iso125-f1p8_img-2666_4284x5712.hdr.png	1
2000	2000-unsplash-people/2000_people_by-alexander-aguero-enppvuxbcce-unsplash_4400x6600.jpg	https://codec-corpus.r2.imazen.org/imazen-26-png-v3/2000-unsplash-people/2000_people_by-alexander-aguero-enppvuxbcce-unsplash_4400x6600.sdr.png	1		0
2001	2000-unsplash-people/2001_people_by-anastasia-pivnenko-prng6r1nspq-unsplash_2272x3072.jpg	https://codec-corpus.r2.imazen.org/imazen-26-png-v3/2000-unsplash-people/2001_people_by-anastasia-pivnenko-prng6r1nspq-unsplash_2272x3072.sdr.png	1		0
2002	2000-unsplash-people/2002_people_by-ashford-marx-5nemkak1wqs-unsplash_3915x5872.jpg	https://codec-corpus.r2.imazen.org/imazen-26-png-v3/2000-unsplash-people/2002_people_by-ashford-marx-5nemkak1wqs-unsplash_3915x5872.sdr.png	1		0
2003	2000-unsplash-people/2003_people_by-bjorn-pierre-ureo1xiikao-unsplash_3336x4170.jpg	https://codec-corpus.r2.imazen.org/imazen-26-png-v3/2000-unsplash-people/2003_people_by-bjorn-pierre-ureo1xiikao-unsplash_3336x4170.sdr.png	1		0
2004	2000-unsplash-people/2004_people_by-christian-agbede-a1gwjze3il4-unsplash_2945x4417.jpg	https://codec-corpus.r2.imazen.org/imazen-26-png-v3/2000-unsplash-people/2004_people_by-christian-agbede-a1gwjze3il4-unsplash_2945x4417.sdr.png	1		0
2005	2000-unsplash-people/2005_people_by-david-utt-9p-v5mudkly-unsplash_4471x6700.jpg	https://codec-corpus.r2.imazen.org/imazen-26-png-v3/2000-unsplash-people/2005_people_by-david-utt-9p-v5mudkly-unsplash_4471x6700.sdr.png	1		0
2006	2000-unsplash-people/2006_people_by-dwayne-joe-1qjf4jk8bh0-unsplash_2624x3936.jpg	https://codec-corpus.r2.imazen.org/imazen-26-png-v3/2000-unsplash-people/2006_people_by-dwayne-joe-1qjf4jk8bh0-unsplash_2624x3936.sdr.png	1		0
2007	2000-unsplash-people/2007_people_by-dwayne-joe-6-rwiq8vbks-unsplash_2624x3936.jpg	https://codec-corpus.r2.imazen.org/imazen-26-png-v3/2000-unsplash-people/2007_people_by-dwayne-joe-6-rwiq8vbks-unsplash_2624x3936.sdr.png	1		0
2008	2000-unsplash-people/2008_people_by-ehsan-ahmadi-vswy6nchcos-unsplash_3304x4129.jpg	https://codec-corpus.r2.imazen.org/imazen-26-png-v3/2000-unsplash-people/2008_people_by-ehsan-ahmadi-vswy6nchcos-unsplash_3304x4129.sdr.png	1		0
2009	2000-unsplash-people/2009_people_by-ellen-qin-l0wmb86ymi8-unsplash_2304x4096.jpg	https://codec-corpus.r2.imazen.org/imazen-26-png-v3/2000-unsplash-people/2009_people_by-ellen-qin-l0wmb86ymi8-unsplash_2304x4096.sdr.png	1		0
2010	2000-unsplash-people/2010_people_by-emmanuel-black-j7lc6bzguzs-unsplash_3944x4930.jpg	https://codec-corpus.r2.imazen.org/imazen-26-png-v3/2000-unsplash-people/2010_people_by-emmanuel-black-j7lc6bzguzs-unsplash_3944x4930.sdr.png	1		0
2011	2000-unsplash-people/2011_people_by-filipp-romanovski-tpjt04-gxvk-unsplash_4499x6745.jpg	https://codec-corpus.r2.imazen.org/imazen-26-png-v3/2000-unsplash-people/2011_people_by-filipp-romanovski-tpjt04-gxvk-unsplash_4499x6745.sdr.png	1		0
2012	2000-unsplash-people/2012_people_by-ian-taylor-blopn4jci7s-unsplash_4000x3000.jpg	https://codec-corpus.r2.imazen.org/imazen-26-png-v3/2000-unsplash-people/2012_people_by-ian-taylor-blopn4jci7s-unsplash_4000x3000.sdr.png	1		0
2013	2000-unsplash-people/2013_people_by-jadon-johnson-25z-vyspuna-unsplash_4000x6000.jpg	https://codec-corpus.r2.imazen.org/imazen-26-png-v3/2000-unsplash-people/2013_people_by-jadon-johnson-25z-vyspuna-unsplash_4000x6000.sdr.png	1		0
2014	2000-unsplash-people/2014_people_by-jing-chen-sld5c8su-ue-unsplash_6240x4160.jpg	https://codec-corpus.r2.imazen.org/imazen-26-png-v3/2000-unsplash-people/2014_people_by-jing-chen-sld5c8su-ue-unsplash_6240x4160.sdr.png	1		0
2015	2000-unsplash-people/2015_people_by-jr-clavant-andn4su2f0a-unsplash_3255x4883.jpg	https://codec-corpus.r2.imazen.org/imazen-26-png-v3/2000-unsplash-people/2015_people_by-jr-clavant-andn4su2f0a-unsplash_3255x4883.sdr.png	1		0
2016	2000-unsplash-people/2016_people_by-jr-clavant-gk26zebuw48-unsplash_2208x3314.jpg	https://codec-corpus.r2.imazen.org/imazen-26-png-v3/2000-unsplash-people/2016_people_by-jr-clavant-gk26zebuw48-unsplash_2208x3314.sdr.png	1		0
2017	2000-unsplash-people/2017_people_by-kateryna-hliznitsova-ttpz0t24e0c-unsplash_3157x4712.jpg	https://codec-corpus.r2.imazen.org/imazen-26-png-v3/2000-unsplash-people/2017_people_by-kateryna-hliznitsova-ttpz0t24e0c-unsplash_3157x4712.sdr.png	1		0
2018	2000-unsplash-people/2018_people_by-luigi-ritchie-eljmmcgmega-unsplash_4774x4774.jpg	https://codec-corpus.r2.imazen.org/imazen-26-png-v3/2000-unsplash-people/2018_people_by-luigi-ritchie-eljmmcgmega-unsplash_4774x4774.sdr.png	1		0
2019	2000-unsplash-people/2019_people_by-michael-kyule-a0y-e10h8e8-unsplash_4160x5536.jpg	https://codec-corpus.r2.imazen.org/imazen-26-png-v3/2000-unsplash-people/2019_people_by-michael-kyule-a0y-e10h8e8-unsplash_4160x5536.sdr.png	1		0
2020	2000-unsplash-people/2020_people_by-mrtiger-xime2yd4gdw-unsplash_4672x7008.jpg	https://codec-corpus.r2.imazen.org/imazen-26-png-v3/2000-unsplash-people/2020_people_by-mrtiger-xime2yd4gdw-unsplash_4672x7008.sdr.png	1		0
2021	2000-unsplash-people/2021_people_by-pete-walls-rac2iyyyy4a-unsplash_2000x3000.jpg	https://codec-corpus.r2.imazen.org/imazen-26-png-v3/2000-unsplash-people/2021_people_by-pete-walls-rac2iyyyy4a-unsplash_2000x3000.sdr.png	1		0
2022	2000-unsplash-people/2022_people_by-ravi-sharma-ko7-phdhbo-unsplash_4160x6240.jpg	https://codec-corpus.r2.imazen.org/imazen-26-png-v3/2000-unsplash-people/2022_people_by-ravi-sharma-ko7-phdhbo-unsplash_4160x6240.sdr.png	1		0
2023	2000-unsplash-people/2023_people_by-richard-stachmann-es-yoqocsm-unsplash_2207x3130.jpg	https://codec-corpus.r2.imazen.org/imazen-26-png-v3/2000-unsplash-people/2023_people_by-richard-stachmann-es-yoqocsm-unsplash_2207x3130.sdr.png	1		0
2024	2000-unsplash-people/2024_people_by-sammy-swae-jaip1hvdvbg-unsplash_4672x7008.jpg	https://codec-corpus.r2.imazen.org/imazen-26-png-v3/2000-unsplash-people/2024_people_by-sammy-swae-jaip1hvdvbg-unsplash_4672x7008.sdr.png	1		0
2025	2000-unsplash-people/2025_people_by-spenser-sembrat-jrjzsmtgvlm-unsplash_2880x3600.jpg	https://codec-corpus.r2.imazen.org/imazen-26-png-v3/2000-unsplash-people/2025_people_by-spenser-sembrat-jrjzsmtgvlm-unsplash_2880x3600.sdr.png	1		0
2026	2000-unsplash-people/2026_people_by-willian-justen-de-vasconcellos-3f1eju2ib4u-unsplash_5637x3758.jpg	https://codec-corpus.r2.imazen.org/imazen-26-png-v3/2000-unsplash-people/2026_people_by-willian-justen-de-vasconcellos-3f1eju2ib4u-unsplash_5637x3758.sdr.png	1		0
2027	2000-unsplash-people/2027_people_by-yash-rai-yl6qi4fn66m-unsplash_3072x4608.jpg	https://codec-corpus.r2.imazen.org/imazen-26-png-v3/2000-unsplash-people/2027_people_by-yash-rai-yl6qi4fn66m-unsplash_3072x4608.sdr.png	1		0
2200	2200-unsplash-renders/2200_renders_abstract-folded-ribbons_by-a-chosen-soul-moigsaj8te0-unsplash_7680x4320.jpg	https://codec-corpus.r2.imazen.org/imazen-26-png-v3/2200-unsplash-renders/2200_renders_abstract-folded-ribbons_by-a-chosen-soul-moigsaj8te0-unsplash_7680x4320.sdr.png	1		0
2201	2200-unsplash-renders/2201_renders_abstract-dark-curves_by-anton-sobotyak-g7ayfxxntva-unsplash_3840x2160.jpg	https://codec-corpus.r2.imazen.org/imazen-26-png-v3/2200-unsplash-renders/2201_renders_abstract-dark-curves_by-anton-sobotyak-g7ayfxxntva-unsplash_3840x2160.sdr.png	1		0
2202	2200-unsplash-renders/2202_renders_planet-with-city-lights_by-itsiken-pmyoy3wafpu-unsplash_3000x3000.jpg	https://codec-corpus.r2.imazen.org/imazen-26-png-v3/2200-unsplash-renders/2202_renders_planet-with-city-lights_by-itsiken-pmyoy3wafpu-unsplash_3000x3000.sdr.png	1		0
2203	2200-unsplash-renders/2203_renders_abstract-radial-pattern_by-logan-voss-ym9b8fkeo3w-unsplash_4320x7680.jpg	https://codec-corpus.r2.imazen.org/imazen-26-png-v3/2200-unsplash-renders/2203_renders_abstract-radial-pattern_by-logan-voss-ym9b8fkeo3w-unsplash_4320x7680.sdr.png	1		0
2204	2200-unsplash-renders/2204_renders_abstract-line-pattern_by-logan-voss-z-e-zrfty00-unsplash_4320x7680.jpg	https://codec-corpus.r2.imazen.org/imazen-26-png-v3/2200-unsplash-renders/2204_renders_abstract-line-pattern_by-logan-voss-z-e-zrfty00-unsplash_4320x7680.sdr.png	1		0
2205	2200-unsplash-renders/2205_renders_abstract-flower-render_by-luthfi-alfarizi-worzbphy654-unsplash_3000x4000.jpg	https://codec-corpus.r2.imazen.org/imazen-26-png-v3/2200-unsplash-renders/2205_renders_abstract-flower-render_by-luthfi-alfarizi-worzbphy654-unsplash_3000x4000.sdr.png	1		0
2206	2200-unsplash-renders/2206_renders_abstract-color-pattern_by-marek-pavlik-fozwxagka1o-unsplash_3840x2160.jpg	https://codec-corpus.r2.imazen.org/imazen-26-png-v3/2200-unsplash-renders/2206_renders_abstract-color-pattern_by-marek-pavlik-fozwxagka1o-unsplash_3840x2160.sdr.png	1		0
2207	2200-unsplash-renders/2207_renders_abstract-contour-pattern_by-matt-str-l5btvo8eeyq-unsplash_11514x8635.jpg	https://codec-corpus.r2.imazen.org/imazen-26-png-v3/2200-unsplash-renders/2207_renders_abstract-contour-pattern_by-matt-str-l5btvo8eeyq-unsplash_11514x8635.sdr.png	1		0
2208	2200-unsplash-renders/2208_renders_arched-room-round-window_by-mehrab-sium-wfxnp8g8-7q-unsplash_3240x4860.jpg	https://codec-corpus.r2.imazen.org/imazen-26-png-v3/2200-unsplash-renders/2208_renders_arched-room-round-window_by-mehrab-sium-wfxnp8g8-7q-unsplash_3240x4860.sdr.png	1		0
2209	2200-unsplash-renders/2209_renders_human-figure-render_by-nick-andreka-ynebo2q91oq-unsplash_2160x2700.jpg	https://codec-corpus.r2.imazen.org/imazen-26-png-v3/2200-unsplash-renders/2209_renders_human-figure-render_by-nick-andreka-ynebo2q91oq-unsplash_2160x2700.sdr.png	1		0
2210	2200-unsplash-renders/2210_renders_abstract-line-pattern_by-resource-database-xp6ngsgxck0-unsplash_4000x5000.jpg	https://codec-corpus.r2.imazen.org/imazen-26-png-v3/2200-unsplash-renders/2210_renders_abstract-line-pattern_by-resource-database-xp6ngsgxck0-unsplash_4000x5000.sdr.png	1		0
2211	2200-unsplash-renders/2211_renders_dropper-bottle-on-flowers_by-route4design-wkmy-s2wmdk-unsplash_2400x3840.jpg	https://codec-corpus.r2.imazen.org/imazen-26-png-v3/2200-unsplash-renders/2211_renders_dropper-bottle-on-flowers_by-route4design-wkmy-s2wmdk-unsplash_2400x3840.sdr.png	1		0
2212	2200-unsplash-renders/2212_renders_bear_by-zoha-gohar-ekvbymo0qzg-unsplash_6144x4608.jpg	https://codec-corpus.r2.imazen.org/imazen-26-png-v3/2200-unsplash-renders/2212_renders_bear_by-zoha-gohar-ekvbymo0qzg-unsplash_6144x4608.sdr.png	1		0
2400	2400-unsplash-textures/2400_textures_flower-stem-blob_by-anca-gabriela-zosin-bmonybmqxha-unsplash_4000x5350.jpg	https://codec-corpus.r2.imazen.org/imazen-26-png-v3/2400-unsplash-textures/2400_textures_flower-stem-blob_by-anca-gabriela-zosin-bmonybmqxha-unsplash_4000x5350.sdr.png	1		0
2401	2400-unsplash-textures/2401_textures_aerial-golf-course_by-bernd-dittrich-3mdshe3iiok-unsplash_4608x8192.jpg	https://codec-corpus.r2.imazen.org/imazen-26-png-v3/2400-unsplash-textures/2401_textures_aerial-golf-course_by-bernd-dittrich-3mdshe3iiok-unsplash_4608x8192.sdr.png	1		0
2402	2400-unsplash-textures/2402_textures_glow-in-dark_by-haberdoedas-5bsnvq1qtis-unsplash_8736x11648.jpg	https://codec-corpus.r2.imazen.org/imazen-26-png-v3/2400-unsplash-textures/2402_textures_glow-in-dark_by-haberdoedas-5bsnvq1qtis-unsplash_8736x11648.sdr.png	1		0
2403	2400-unsplash-textures/2403_textures_building-balconies-pattern_by-han-hyunjun-zd1u-c1bf8a-unsplash_3750x5000.jpg	https://codec-corpus.r2.imazen.org/imazen-26-png-v3/2400-unsplash-textures/2403_textures_building-balconies-pattern_by-han-hyunjun-zd1u-c1bf8a-unsplash_3750x5000.sdr.png	1		0
2404	2400-unsplash-textures/2404_textures_tree-bark-texture_by-hwang-sanguk-k0tljwrabxg-unsplash_3024x3024.jpg	https://codec-corpus.r2.imazen.org/imazen-26-png-v3/2400-unsplash-textures/2404_textures_tree-bark-texture_by-hwang-sanguk-k0tljwrabxg-unsplash_3024x3024.sdr.png	1		0
2405	2400-unsplash-textures/2405_textures_green-galaxy-speckle_by-logan-voss-bsfdgf4xtac-unsplash_4320x7680.jpg	https://codec-corpus.r2.imazen.org/imazen-26-png-v3/2400-unsplash-textures/2405_textures_green-galaxy-speckle_by-logan-voss-bsfdgf4xtac-unsplash_4320x7680.sdr.png	1		0
2406	2400-unsplash-textures/2406_textures_purple-flower-clusters_by-nastia-petruk-fkm3bds8f3e-unsplash_6190x8253.jpg	https://codec-corpus.r2.imazen.org/imazen-26-png-v3/2400-unsplash-textures/2406_textures_purple-flower-clusters_by-nastia-petruk-fkm3bds8f3e-unsplash_6190x8253.sdr.png	1		0
2407	2400-unsplash-textures/2407_textures_blue-wabring-threads_by-pawel-czerwinski-kra9zndplra-unsplash_4000x6000.jpg	https://codec-corpus.r2.imazen.org/imazen-26-png-v3/2400-unsplash-textures/2407_textures_blue-wabring-threads_by-pawel-czerwinski-kra9zndplra-unsplash_4000x6000.sdr.png	1		0
2408	2400-unsplash-textures/2408_textures_marble-slab-artillery_by-teresa-xchefhoppxe-unsplash_2048x2732.jpg	https://codec-corpus.r2.imazen.org/imazen-26-png-v3/2400-unsplash-textures/2408_textures_marble-slab-artillery_by-teresa-xchefhoppxe-unsplash_2048x2732.sdr.png	1		0
2409	2400-unsplash-textures/2409_textures_blue-abstract-texture_by-tim-mossholder-shmrlyrv-s0-unsplash_5504x8256.jpg	https://codec-corpus.r2.imazen.org/imazen-26-png-v3/2400-unsplash-textures/2409_textures_blue-abstract-texture_by-tim-mossholder-shmrlyrv-s0-unsplash_5504x8256.sdr.png	1		0
3000	3000-art-institute-of-chicago-photos/3000_aic_for-sunday-s-dinner_111377_1269x2250.jpg	https://codec-corpus.r2.imazen.org/imazen-26-png-v3/3000-art-institute-of-chicago-photos/3000_aic_for-sunday-s-dinner_111377_1269x2250.sdr.png	1		0
3001	3000-art-institute-of-chicago-photos/3001_aic_self-portrait_11_4000x5226.jpg	https://codec-corpus.r2.imazen.org/imazen-26-png-v3/3000-art-institute-of-chicago-photos/3001_aic_self-portrait_11_4000x5226.sdr.png	1		0
3002	3000-art-institute-of-chicago-photos/3002_aic_the-irish-question_181777_4000x4860.jpg	https://codec-corpus.r2.imazen.org/imazen-26-png-v3/3000-art-institute-of-chicago-photos/3002_aic_the-irish-question_181777_4000x4860.sdr.png	1		0
3003	3000-art-institute-of-chicago-photos/3003_aic_village-among-the-trees_23119_4000x2832.jpg	https://codec-corpus.r2.imazen.org/imazen-26-png-v3/3000-art-institute-of-chicago-photos/3003_aic_village-among-the-trees_23119_4000x2832.sdr.png	1		0
3004	3000-art-institute-of-chicago-photos/3004_aic_hydria-water-jar_253_1169x1559.jpg	https://codec-corpus.r2.imazen.org/imazen-26-png-v3/3000-art-institute-of-chicago-photos/3004_aic_hydria-water-jar_253_1169x1559.sdr.png	1		0
3005	3000-art-institute-of-chicago-photos/3005_aic_mitsuke-ferries-crossing-the-tenryu-river-mitsuk_4368_3000x2240.jpg	https://codec-corpus.r2.imazen.org/imazen-26-png-v3/3000-art-institute-of-chicago-photos/3005_aic_mitsuke-ferries-crossing-the-tenryu-river-mitsuk_4368_3000x2240.sdr.png	1		0
3006	3000-art-institute-of-chicago-photos/3006_aic_hamamatsu-from-the-series-fifty-three-stations-o_4371_3000x2235.jpg	https://codec-corpus.r2.imazen.org/imazen-26-png-v3/3000-art-institute-of-chicago-photos/3006_aic_hamamatsu-from-the-series-fifty-three-stations-o_4371_3000x2235.sdr.png	1		0
3007	3000-art-institute-of-chicago-photos/3007_aic_rounded-jar-depicting-abstract-fish-or-sharks_4715_2848x2250.jpg	https://codec-corpus.r2.imazen.org/imazen-26-png-v3/3000-art-institute-of-chicago-photos/3007_aic_rounded-jar-depicting-abstract-fish-or-sharks_4715_2848x2250.sdr.png	1		0
3008	3000-art-institute-of-chicago-photos/3008_aic_trompe-l-oeil-still-life-with-a-flower-garland-a_66042_4000x2883.jpg	https://codec-corpus.r2.imazen.org/imazen-26-png-v3/3000-art-institute-of-chicago-photos/3008_aic_trompe-l-oeil-still-life-with-a-flower-garland-a_66042_4000x2883.sdr.png	1		0
3009	3000-art-institute-of-chicago-photos/3009_aic_komurasaki-of-the-miuraya-and-shirai-gompachi-mi_7624_676x3000.jpg	https://codec-corpus.r2.imazen.org/imazen-26-png-v3/3000-art-institute-of-chicago-photos/3009_aic_komurasaki-of-the-miuraya-and-shirai-gompachi-mi_7624_676x3000.sdr.png	1		0
3010	3000-art-institute-of-chicago-photos/3010_aic_self-portrait_80607_4000x5097.jpg	https://codec-corpus.r2.imazen.org/imazen-26-png-v3/3000-art-institute-of-chicago-photos/3010_aic_self-portrait_80607_4000x5097.sdr.png	1		0
3011	3000-art-institute-of-chicago-photos/3011_aic_portrait-of-an-artist_862_1783x2250.jpg	https://codec-corpus.r2.imazen.org/imazen-26-png-v3/3000-art-institute-of-chicago-photos/3011_aic_portrait-of-an-artist_862_1783x2250.sdr.png	1		0
3012	3000-art-institute-of-chicago-photos/3012_aic_landscape_874_2829x2250.jpg	https://codec-corpus.r2.imazen.org/imazen-26-png-v3/3000-art-institute-of-chicago-photos/3012_aic_landscape_874_2829x2250.sdr.png	1		0
3013	3000-art-institute-of-chicago-photos/3013_aic_distant-view-of-niagara-falls_90048_4000x3099.jpg	https://codec-corpus.r2.imazen.org/imazen-26-png-v3/3000-art-institute-of-chicago-photos/3013_aic_distant-view-of-niagara-falls_90048_4000x3099.sdr.png	1		0
3014	3000-art-institute-of-chicago-photos/3014_aic_single-spout-vessel-with-molded-abstract-figure_9119_2719x2250.jpg	https://codec-corpus.r2.imazen.org/imazen-26-png-v3/3000-art-institute-of-chicago-photos/3014_aic_single-spout-vessel-with-molded-abstract-figure_9119_2719x2250.sdr.png	1		0
3300	3300-met-museum-photos/3300_met_still-life-violin-and-music_10997_2832x3722.jpg	https://codec-corpus.r2.imazen.org/imazen-26-png-v3/3300-met-museum-photos/3300_met_still-life-violin-and-music_10997_2832x3722.sdr.png	1		0
3301	3300-met-museum-photos/3301_met_marine_11597_1801x2140.jpg	https://codec-corpus.r2.imazen.org/imazen-26-png-v3/3300-met-museum-photos/3301_met_marine_11597_1801x2140.sdr.png	1		0
3302	3300-met-museum-photos/3302_met_landscape_11774_2362x1585.jpg	https://codec-corpus.r2.imazen.org/imazen-26-png-v3/3300-met-museum-photos/3302_met_landscape_11774_2362x1585.sdr.png	1		0
3303	3300-met-museum-photos/3303_met_wall-light-one-of-a-pair_206979_3811x3049.jpg	https://codec-corpus.r2.imazen.org/imazen-26-png-v3/3300-met-museum-photos/3303_met_wall-light-one-of-a-pair_206979_3811x3049.sdr.png	1		0
3304	3300-met-museum-photos/3304_met_chinese-figure-with-bird_207138_2978x3722.jpg	https://codec-corpus.r2.imazen.org/imazen-26-png-v3/3300-met-museum-photos/3304_met_chinese-figure-with-bird_207138_2978x3722.sdr.png	1		0
3305	3300-met-museum-photos/3305_met_portrait_226943_2257x2665.jpg	https://codec-corpus.r2.imazen.org/imazen-26-png-v3/3300-met-museum-photos/3305_met_portrait_226943_2257x2665.sdr.png	1		0
3306	3300-met-museum-photos/3306_met_shield_24693_4000x4000.jpg	https://codec-corpus.r2.imazen.org/imazen-26-png-v3/3300-met-museum-photos/3306_met_shield_24693_4000x4000.sdr.png	1		0
3307	3300-met-museum-photos/3307_met_marine_337532_3795x2667.jpg	https://codec-corpus.r2.imazen.org/imazen-26-png-v3/3300-met-museum-photos/3307_met_marine_337532_3795x2667.sdr.png	1		0
3308	3300-met-museum-photos/3308_met_marine_337533_3790x2664.jpg	https://codec-corpus.r2.imazen.org/imazen-26-png-v3/3300-met-museum-photos/3308_met_marine_337533_3790x2664.sdr.png	1		0
3309	3300-met-museum-photos/3309_met_portrait_340070_2872x3623.jpg	https://codec-corpus.r2.imazen.org/imazen-26-png-v3/3300-met-museum-photos/3309_met_portrait_340070_2872x3623.sdr.png	1		0
3310	3300-met-museum-photos/3310_met_landscape_359362_3869x2896.jpg	https://codec-corpus.r2.imazen.org/imazen-26-png-v3/3300-met-museum-photos/3310_met_landscape_359362_3869x2896.sdr.png	1		0
3311	3300-met-museum-photos/3311_met_jamb-stove_3689_2002x1717.jpg	https://codec-corpus.r2.imazen.org/imazen-26-png-v3/3300-met-museum-photos/3311_met_jamb-stove_3689_2002x1717.sdr.png	1		0
3312	3300-met-museum-photos/3312_met_portrait_374222_3150x4000.jpg	https://codec-corpus.r2.imazen.org/imazen-26-png-v3/3300-met-museum-photos/3312_met_portrait_374222_3150x4000.sdr.png	1		0
3313	3300-met-museum-photos/3313_met_manuscript_38059_900x239.jpg	https://codec-corpus.r2.imazen.org/imazen-26-png-v3/3300-met-museum-photos/3313_met_manuscript_38059_900x239.sdr.png	1		0
3314	3300-met-museum-photos/3314_met_shiraito-waterfall-at-hakone_40336_4000x2826.jpg	https://codec-corpus.r2.imazen.org/imazen-26-png-v3/3300-met-museum-photos/3314_met_shiraito-waterfall-at-hakone_40336_4000x2826.sdr.png	1		0
3315	3300-met-museum-photos/3315_met_still-life-with-a-skull-and-a-writing-quill_435904_3811x2569.jpg	https://codec-corpus.r2.imazen.org/imazen-26-png-v3/3300-met-museum-photos/3315_met_still-life-with-a-skull-and-a-writing-quill_435904_3811x2569.sdr.png	1		0
3316	3300-met-museum-photos/3316_met_a-brazilian-landscape_437323_3811x2513.jpg	https://codec-corpus.r2.imazen.org/imazen-26-png-v3/3300-met-museum-photos/3316_met_a-brazilian-landscape_437323_3811x2513.sdr.png	1		0
3317	3300-met-museum-photos/3317_met_manuscript_447107_1200x912.jpg	https://codec-corpus.r2.imazen.org/imazen-26-png-v3/3300-met-museum-photos/3317_met_manuscript_447107_1200x912.sdr.png	1		0
3318	3300-met-museum-photos/3318_met_vessel_479496_2505x2596.jpg	https://codec-corpus.r2.imazen.org/imazen-26-png-v3/3300-met-museum-photos/3318_met_vessel_479496_2505x2596.sdr.png	1		0
3319	3300-met-museum-photos/3319_met_manuscript_4938_1925x2366.jpg	https://codec-corpus.r2.imazen.org/imazen-26-png-v3/3300-met-museum-photos/3319_met_manuscript_4938_1925x2366.sdr.png	1		0
3320	3300-met-museum-photos/3320_met_six-jewel-rivers_53427_3841x2149.jpg	https://codec-corpus.r2.imazen.org/imazen-26-png-v3/3300-met-museum-photos/3320_met_six-jewel-rivers_53427_3841x2149.sdr.png	1		0
3321	3300-met-museum-photos/3321_met_interior_632414_2632x3607.jpg	https://codec-corpus.r2.imazen.org/imazen-26-png-v3/3300-met-museum-photos/3321_met_interior_632414_2632x3607.sdr.png	1		0
3322	3300-met-museum-photos/3322_met_a-molted-cicada-shell-utsusemi-soga-gor-tokimune_789145_3000x4000.jpg	https://codec-corpus.r2.imazen.org/imazen-26-png-v3/3300-met-museum-photos/3322_met_a-molted-cicada-shell-utsusemi-soga-gor-tokimune_789145_3000x4000.sdr.png	1		0
3323	3300-met-museum-photos/3323_met_still-life_898372_3743x4000.jpg	https://codec-corpus.r2.imazen.org/imazen-26-png-v3/3300-met-museum-photos/3323_met_still-life_898372_3743x4000.sdr.png	1		0
5000	5000-national-park-service-brochures/color/5000_nps_bibe-2023-wild-and-scenic-rivers_color_p01_4961x7016.png	https://codec-corpus.r2.imazen.org/imazen-26-png-v3/5000-national-park-service-brochures/color/5000_nps_bibe-2023-wild-and-scenic-rivers_color_p01_4961x7016.sdr.png	1		0
5001	5000-national-park-service-brochures/color/5001_nps_bibe-2023-wild-and-scenic-rivers_color_p02_7016x4961.png	https://codec-corpus.r2.imazen.org/imazen-26-png-v3/5000-national-park-service-brochures/color/5001_nps_bibe-2023-wild-and-scenic-rivers_color_p02_7016x4961.sdr.png	1		0
5002	5000-national-park-service-brochures/color/5002_nps_biho-biho-side-1-6_color_p01_5561x7616.png	https://codec-corpus.r2.imazen.org/imazen-26-png-v3/5000-national-park-service-brochures/color/5002_nps_biho-biho-side-1-6_color_p01_5561x7616.sdr.png	1		0
5003	5000-national-park-service-brochures/color/5003_nps_blca-black-canyon-2023_color_p01_7016x4961.png	https://codec-corpus.r2.imazen.org/imazen-26-png-v3/5000-national-park-service-brochures/color/5003_nps_blca-black-canyon-2023_color_p01_7016x4961.sdr.png	1		0
5004	5000-national-park-service-brochures/color/5004_nps_blca-black-canyon-2023_color_p02_7016x4961.png	https://codec-corpus.r2.imazen.org/imazen-26-png-v3/5000-national-park-service-brochures/color/5004_nps_blca-black-canyon-2023_color_p02_7016x4961.sdr.png	1		0
5005	5000-national-park-service-brochures/color/5005_nps_cany-isky-backcountry-zone-map_color_p01_2550x3300.png	https://codec-corpus.r2.imazen.org/imazen-26-png-v3/5000-national-park-service-brochures/color/5005_nps_cany-isky-backcountry-zone-map_color_p01_2550x3300.sdr.png	1		0
5006	5000-national-park-service-brochures/color/5006_nps_care-care-map-2021_color_p01_4961x7016.png	https://codec-corpus.r2.imazen.org/imazen-26-png-v3/5000-national-park-service-brochures/color/5006_nps_care-care-map-2021_color_p01_4961x7016.sdr.png	1		0
5007	5000-national-park-service-brochures/color/5007_nps_choh-great-falls-hiking-map_color_p01_3300x2550.png	https://codec-corpus.r2.imazen.org/imazen-26-png-v3/5000-national-park-service-brochures/color/5007_nps_choh-great-falls-hiking-map_color_p01_3300x2550.sdr.png	1		0
5008	5000-national-park-service-brochures/color/5008_nps_dena-trail-map-letter-size_color_p01_2550x3300.png	https://codec-corpus.r2.imazen.org/imazen-26-png-v3/5000-national-park-service-brochures/color/5008_nps_dena-trail-map-letter-size_color_p01_2550x3300.sdr.png	1		0
5009	5000-national-park-service-brochures/color/5009_nps_deva-backcountry-and-wilderness-access-map_color_p01_4800x6900.png	https://codec-corpus.r2.imazen.org/imazen-26-png-v3/5000-national-park-service-brochures/color/5009_nps_deva-backcountry-and-wilderness-access-map_color_p01_4800x6900.sdr.png	1		0
5010	5000-national-park-service-brochures/color/5010_nps_deva-backcountry-and-wilderness-access-map_color_p02_4800x6900.png	https://codec-corpus.r2.imazen.org/imazen-26-png-v3/5000-national-park-service-brochures/color/5010_nps_deva-backcountry-and-wilderness-access-map_color_p02_4800x6900.sdr.png	1		0
5011	5000-national-park-service-brochures/color/5011_nps_dewa-dingmanscampgroundmap-1_color_p01_2550x3300.png	https://codec-corpus.r2.imazen.org/imazen-26-png-v3/5000-national-park-service-brochures/color/5011_nps_dewa-dingmanscampgroundmap-1_color_p01_2550x3300.sdr.png	1		0
5012	5000-national-park-service-brochures/color/5012_nps_fova-mcho-map_color_p01_716x714.png	https://codec-corpus.r2.imazen.org/imazen-26-png-v3/5000-national-park-service-brochures/color/5012_nps_fova-mcho-map_color_p01_716x714.sdr.png	1		0
5013	5000-national-park-service-brochures/color/5013_nps_grca-grcamap2_color_p01_3000x2250.png	https://codec-corpus.r2.imazen.org/imazen-26-png-v3/5000-national-park-service-brochures/color/5013_nps_grca-grcamap2_color_p01_3000x2250.sdr.png	1		0
5014	5000-national-park-service-brochures/color/5014_nps_grca-sr-pocket-map_color_p01_9355x2481.png	https://codec-corpus.r2.imazen.org/imazen-26-png-v3/5000-national-park-service-brochures/color/5014_nps_grca-sr-pocket-map_color_p01_9355x2481.sdr.png	1		0
5015	5000-national-park-service-brochures/color/5015_nps_grca-sr-pocket-map_color_p02_9355x2481.png	https://codec-corpus.r2.imazen.org/imazen-26-png-v3/5000-national-park-service-brochures/color/5015_nps_grca-sr-pocket-map_color_p02_9355x2481.sdr.png	1		0
5016	5000-national-park-service-brochures/color/5016_nps_grsm-grsm-area-map_color_p01_10182x5460.png	https://codec-corpus.r2.imazen.org/imazen-26-png-v3/5000-national-park-service-brochures/color/5016_nps_grsm-grsm-area-map_color_p01_10182x5460.sdr.png	1		0
5017	5000-national-park-service-brochures/color/5017_nps_grsm-grsm-trail-map_color_p01_9146x5272.png	https://codec-corpus.r2.imazen.org/imazen-26-png-v3/5000-national-park-service-brochures/color/5017_nps_grsm-grsm-trail-map_color_p01_9146x5272.sdr.png	1		0
5018	5000-national-park-service-brochures/color/5018_nps_katm-katm-park-map_color_p01_5650x5200.png	https://codec-corpus.r2.imazen.org/imazen-26-png-v3/5000-national-park-service-brochures/color/5018_nps_katm-katm-park-map_color_p01_5650x5200.sdr.png	1		0
5019	5000-national-park-service-brochures/color/5019_nps_npsa-area-map_color_p01_6300x2475.png	https://codec-corpus.r2.imazen.org/imazen-26-png-v3/5000-national-park-service-brochures/color/5019_nps_npsa-area-map_color_p01_6300x2475.sdr.png	1		0
5020	5000-national-park-service-brochures/color/5020_nps_npsa-area-map_color_p02_6300x2475.png	https://codec-corpus.r2.imazen.org/imazen-26-png-v3/5000-national-park-service-brochures/color/5020_nps_npsa-area-map_color_p02_6300x2475.sdr.png	1		0
5021	5000-national-park-service-brochures/color/5021_nps_pinn-2019-map-update-draft-2_color_p01_4800x7200.png	https://codec-corpus.r2.imazen.org/imazen-26-png-v3/5000-national-park-service-brochures/color/5021_nps_pinn-2019-map-update-draft-2_color_p01_4800x7200.sdr.png	1		0
5022	5000-national-park-service-brochures/color/5022_nps_pinn-2019-map-update-draft-cropped2_color_p01_1685x1305.png	https://codec-corpus.r2.imazen.org/imazen-26-png-v3/5000-national-park-service-brochures/color/5022_nps_pinn-2019-map-update-draft-cropped2_color_p01_1685x1305.sdr.png	1		0
5023	5000-national-park-service-brochures/color/5023_nps_redw-horsetrails-sb-2021-2_color_p03_2550x4200.png	https://codec-corpus.r2.imazen.org/imazen-26-png-v3/5000-national-park-service-brochures/color/5023_nps_redw-horsetrails-sb-2021-2_color_p03_2550x4200.sdr.png	1		0
5024	5000-national-park-service-brochures/color/5024_nps_samo-backbonetrail-2023_color_p01_2550x4200.png	https://codec-corpus.r2.imazen.org/imazen-26-png-v3/5000-national-park-service-brochures/color/5024_nps_samo-backbonetrail-2023_color_p01_2550x4200.sdr.png	1		0
5025	5000-national-park-service-brochures/color/5025_nps_samo-backbonetrail-2023_color_p02_2550x4200.png	https://codec-corpus.r2.imazen.org/imazen-26-png-v3/5000-national-park-service-brochures/color/5025_nps_samo-backbonetrail-2023_color_p02_2550x4200.sdr.png	1		0
5026	5000-national-park-service-brochures/color/5026_nps_whsa-whsa-2022_color_p01_4961x5847.png	https://codec-corpus.r2.imazen.org/imazen-26-png-v3/5000-national-park-service-brochures/color/5026_nps_whsa-whsa-2022_color_p01_4961x5847.sdr.png	1		0
5027	5000-national-park-service-brochures/color/5027_nps_whsa-whsa-2022_color_p02_4961x5847.png	https://codec-corpus.r2.imazen.org/imazen-26-png-v3/5000-national-park-service-brochures/color/5027_nps_whsa-whsa-2022_color_p02_4961x5847.sdr.png	1		0
5028	5000-national-park-service-brochures/color/5028_nps_wrst-wrst-chinese-reduced_color_p01_4961x7016.png	https://codec-corpus.r2.imazen.org/imazen-26-png-v3/5000-national-park-service-brochures/color/5028_nps_wrst-wrst-chinese-reduced_color_p01_4961x7016.sdr.png	1		0
5029	5000-national-park-service-brochures/color/5029_nps_wrst-wrst-chinese-reduced_color_p02_4961x7016.png	https://codec-corpus.r2.imazen.org/imazen-26-png-v3/5000-national-park-service-brochures/color/5029_nps_wrst-wrst-chinese-reduced_color_p02_4961x7016.sdr.png	1		0
5030	5000-national-park-service-brochures/color/5030_nps_yell-2025-yellowstone_color_p01_4961x7016.png	https://codec-corpus.r2.imazen.org/imazen-26-png-v3/5000-national-park-service-brochures/color/5030_nps_yell-2025-yellowstone_color_p01_4961x7016.sdr.png	1		0
5031	5000-national-park-service-brochures/color/5031_nps_yell-2025-yellowstone_color_p02_4961x7016.png	https://codec-corpus.r2.imazen.org/imazen-26-png-v3/5000-national-park-service-brochures/color/5031_nps_yell-2025-yellowstone_color_p02_4961x7016.sdr.png	1		0
5032	5000-national-park-service-brochures/color/5032_nps_yose-yosemitecampgroundmap2013_color_p01_2590x3209.png	https://codec-corpus.r2.imazen.org/imazen-26-png-v3/5000-national-park-service-brochures/color/5032_nps_yose-yosemitecampgroundmap2013_color_p01_2590x3209.sdr.png	1		0
5033	5000-national-park-service-brochures/grayscale/5033_nps_cany-islandroadsandtrailsupdated24-508forweb_gray_p01_2550x4200.png	https://codec-corpus.r2.imazen.org/imazen-26-png-v3/5000-national-park-service-brochures/grayscale/5033_nps_cany-islandroadsandtrailsupdated24-508forweb_gray_p01_2550x4200.sdr.png	1		0
5034	5000-national-park-service-brochures/grayscale/5034_nps_cany-islandroadsandtrailsupdated24-508forweb_gray_p02_2550x4200.png	https://codec-corpus.r2.imazen.org/imazen-26-png-v3/5000-national-park-service-brochures/grayscale/5034_nps_cany-islandroadsandtrailsupdated24-508forweb_gray_p02_2550x4200.sdr.png	1		0
5035	5000-national-park-service-brochures/grayscale/5035_nps_care-fruita-area-map-and-guide_gray_p01_3300x5100.png	https://codec-corpus.r2.imazen.org/imazen-26-png-v3/5000-national-park-service-brochures/grayscale/5035_nps_care-fruita-area-map-and-guide_gray_p01_3300x5100.sdr.png	1		0
5036	5000-national-park-service-brochures/grayscale/5036_nps_care-fruita-area-map-and-guide_gray_p02_3300x5100.png	https://codec-corpus.r2.imazen.org/imazen-26-png-v3/5000-national-park-service-brochures/grayscale/5036_nps_care-fruita-area-map-and-guide_gray_p02_3300x5100.sdr.png	1		0
5037	5000-national-park-service-brochures/grayscale/5037_nps_chis-santa-rosa-hiking-map-and_gray_p01_2550x4200.png	https://codec-corpus.r2.imazen.org/imazen-26-png-v3/5000-national-park-service-brochures/grayscale/5037_nps_chis-santa-rosa-hiking-map-and_gray_p01_2550x4200.sdr.png	1		0
5038	5000-national-park-service-brochures/grayscale/5038_nps_chis-santa-rosa-hiking-map-and_gray_p02_2550x4200.png	https://codec-corpus.r2.imazen.org/imazen-26-png-v3/5000-national-park-service-brochures/grayscale/5038_nps_chis-santa-rosa-hiking-map-and_gray_p02_2550x4200.sdr.png	1		0
5039	5000-national-park-service-brochures/grayscale/5039_nps_chis-ai-hiking-2022-ada_gray_p01_2550x3300.png	https://codec-corpus.r2.imazen.org/imazen-26-png-v3/5000-national-park-service-brochures/grayscale/5039_nps_chis-ai-hiking-2022-ada_gray_p01_2550x3300.sdr.png	1		0
5040	5000-national-park-service-brochures/grayscale/5040_nps_chis-ai-hiking-2022-ada_gray_p02_2550x3300.png	https://codec-corpus.r2.imazen.org/imazen-26-png-v3/5000-national-park-service-brochures/grayscale/5040_nps_chis-ai-hiking-2022-ada_gray_p02_2550x3300.sdr.png	1		0
5041	5000-national-park-service-brochures/grayscale/5041_nps_deva-routes-from-las-vegas_gray_p01_2550x3300.png	https://codec-corpus.r2.imazen.org/imazen-26-png-v3/5000-national-park-service-brochures/grayscale/5041_nps_deva-routes-from-las-vegas_gray_p01_2550x3300.sdr.png	1		0
5042	5000-national-park-service-brochures/grayscale/5042_nps_lake-approved-backcountry-roads-hoover-dam_gray_p01_2550x3300.png	https://codec-corpus.r2.imazen.org/imazen-26-png-v3/5000-national-park-service-brochures/grayscale/5042_nps_lake-approved-backcountry-roads-hoover-dam_gray_p01_2550x3300.sdr.png	1		0
5043	5000-national-park-service-brochures/grayscale/5043_nps_mora-cougarrock2006_gray_p01_3300x2550.png	https://codec-corpus.r2.imazen.org/imazen-26-png-v3/5000-national-park-service-brochures/grayscale/5043_nps_mora-cougarrock2006_gray_p01_3300x2550.sdr.png	1		0
5044	5000-national-park-service-brochures/grayscale/5044_nps_mora-ohanapecosh7-2019_gray_p01_2550x3300.png	https://codec-corpus.r2.imazen.org/imazen-26-png-v3/5000-national-park-service-brochures/grayscale/5044_nps_mora-ohanapecosh7-2019_gray_p01_2550x3300.sdr.png	1		0
5045	5000-national-park-service-brochures/grayscale/5045_nps_muwo-map-muwo-trail-2019-small_gray_p01_3300x2550.png	https://codec-corpus.r2.imazen.org/imazen-26-png-v3/5000-national-park-service-brochures/grayscale/5045_nps_muwo-map-muwo-trail-2019-small_gray_p01_3300x2550.sdr.png	1		0
5046	5000-national-park-service-brochures/grayscale/5046_nps_muwo-map-muwo-trail-2019-small_gray_p02_3300x2550.png	https://codec-corpus.r2.imazen.org/imazen-26-png-v3/5000-national-park-service-brochures/grayscale/5046_nps_muwo-map-muwo-trail-2019-small_gray_p02_3300x2550.sdr.png	1		0
5047	5000-national-park-service-brochures/grayscale/5047_nps_redw-horsetrails-sb-2021-2_gray_p01_2550x4200.png	https://codec-corpus.r2.imazen.org/imazen-26-png-v3/5000-national-park-service-brochures/grayscale/5047_nps_redw-horsetrails-sb-2021-2_gray_p01_2550x4200.sdr.png	1		0
5048	5000-national-park-service-brochures/grayscale/5048_nps_romo-2018-longs-peak-keyhole-route_gray_p01_2550x4200.png	https://codec-corpus.r2.imazen.org/imazen-26-png-v3/5000-national-park-service-brochures/grayscale/5048_nps_romo-2018-longs-peak-keyhole-route_gray_p01_2550x4200.sdr.png	1		0
5049	5000-national-park-service-brochures/grayscale/5049_nps_romo-2018-longs-peak-keyhole-route_gray_p02_2550x4200.png	https://codec-corpus.r2.imazen.org/imazen-26-png-v3/5000-national-park-service-brochures/grayscale/5049_nps_romo-2018-longs-peak-keyhole-route_gray_p02_2550x4200.sdr.png	1		0
5050	5000-national-park-service-brochures/grayscale/5050_nps_romo-moraine-park-campground-map-2025_gray_p01_4200x2550.png	https://codec-corpus.r2.imazen.org/imazen-26-png-v3/5000-national-park-service-brochures/grayscale/5050_nps_romo-moraine-park-campground-map-2025_gray_p01_4200x2550.sdr.png	1		0
5051	5000-national-park-service-brochures/grayscale/5051_nps_seki-20210826-french_gray_p01_2550x4200.png	https://codec-corpus.r2.imazen.org/imazen-26-png-v3/5000-national-park-service-brochures/grayscale/5051_nps_seki-20210826-french_gray_p01_2550x4200.sdr.png	1		0
5052	5000-national-park-service-brochures/grayscale/5052_nps_seki-20210826-french_gray_p02_2550x4200.png	https://codec-corpus.r2.imazen.org/imazen-26-png-v3/5000-national-park-service-brochures/grayscale/5052_nps_seki-20210826-french_gray_p02_2550x4200.sdr.png	1		0
5053	5000-national-park-service-brochures/grayscale/5053_nps_seki-20210826-german_gray_p01_2550x4200.png	https://codec-corpus.r2.imazen.org/imazen-26-png-v3/5000-national-park-service-brochures/grayscale/5053_nps_seki-20210826-german_gray_p01_2550x4200.sdr.png	1		0
5054	5000-national-park-service-brochures/grayscale/5054_nps_seki-20210826-german_gray_p02_2550x4200.png	https://codec-corpus.r2.imazen.org/imazen-26-png-v3/5000-national-park-service-brochures/grayscale/5054_nps_seki-20210826-german_gray_p02_2550x4200.sdr.png	1		0
5055	5000-national-park-service-brochures/grayscale/5055_nps_shen-bearfence-roadtrail_gray_p01_2550x3300.png	https://codec-corpus.r2.imazen.org/imazen-26-png-v3/5000-national-park-service-brochures/grayscale/5055_nps_shen-bearfence-roadtrail_gray_p01_2550x3300.sdr.png	1		0
5056	5000-national-park-service-brochures/grayscale/5056_nps_shen-bearfence-roadtrail_gray_p02_2550x3300.png	https://codec-corpus.r2.imazen.org/imazen-26-png-v3/5000-national-park-service-brochures/grayscale/5056_nps_shen-bearfence-roadtrail_gray_p02_2550x3300.sdr.png	1		0
5057	5000-national-park-service-brochures/grayscale/5057_nps_shen-bigmeadows-roadtrail_gray_p01_2550x3300.png	https://codec-corpus.r2.imazen.org/imazen-26-png-v3/5000-national-park-service-brochures/grayscale/5057_nps_shen-bigmeadows-roadtrail_gray_p01_2550x3300.sdr.png	1		0
5058	5000-national-park-service-brochures/grayscale/5058_nps_shen-bigmeadows-roadtrail_gray_p02_2550x3300.png	https://codec-corpus.r2.imazen.org/imazen-26-png-v3/5000-national-park-service-brochures/grayscale/5058_nps_shen-bigmeadows-roadtrail_gray_p02_2550x3300.sdr.png	1		0
5200	5200-epa-climate-impact-2021-report/5200_epa_climate-impact-2021_cover_p001_2968x3841.png	https://codec-corpus.r2.imazen.org/imazen-26-png-v3/5200-epa-climate-impact-2021-report/5200_epa_climate-impact-2021_cover_p001_2968x3841.sdr.png	1		0
5201	5200-epa-climate-impact-2021-report/5201_epa_climate-impact-2021_exec-summary-vulnerable-groups-table_p004_2968x3841.png	https://codec-corpus.r2.imazen.org/imazen-26-png-v3/5200-epa-climate-impact-2021-report/5201_epa_climate-impact-2021_exec-summary-vulnerable-groups-table_p004_2968x3841.sdr.png	1		0
5202	5200-epa-climate-impact-2021-report/5202_epa_climate-impact-2021_fig-es1-six-impacts_p005_2968x3841.png	https://codec-corpus.r2.imazen.org/imazen-26-png-v3/5200-epa-climate-impact-2021-report/5202_epa_climate-impact-2021_fig-es1-six-impacts_p005_2968x3841.sdr.png	1		0
5203	5200-epa-climate-impact-2021-report/5203_epa_climate-impact-2021_key-findings-by-race-ethnicity_p006_2968x3841.png	https://codec-corpus.r2.imazen.org/imazen-26-png-v3/5200-epa-climate-impact-2021-report/5203_epa_climate-impact-2021_key-findings-by-race-ethnicity_p006_2968x3841.sdr.png	1		0
5204	5200-epa-climate-impact-2021-report/5204_epa_climate-impact-2021_key-findings-income-education-age_p007_2968x3841.png	https://codec-corpus.r2.imazen.org/imazen-26-png-v3/5200-epa-climate-impact-2021-report/5204_epa_climate-impact-2021_key-findings-income-education-age_p007_2968x3841.sdr.png	1		0
5205	5200-epa-climate-impact-2021-report/5205_epa_climate-impact-2021_fig-es2-disproportionate-risk-chart_p008_2968x3841.png	https://codec-corpus.r2.imazen.org/imazen-26-png-v3/5200-epa-climate-impact-2021-report/5205_epa_climate-impact-2021_fig-es2-disproportionate-risk-chart_p008_2968x3841.sdr.png	1		0
5206	5200-epa-climate-impact-2021-report/5206_epa_climate-impact-2021_introduction-who-is-vulnerable_p009_2968x3841.png	https://codec-corpus.r2.imazen.org/imazen-26-png-v3/5200-epa-climate-impact-2021-report/5206_epa_climate-impact-2021_introduction-who-is-vulnerable_p009_2968x3841.sdr.png	1		0
5207	5200-epa-climate-impact-2021-report/5207_epa_climate-impact-2021_approach-4-step-methodology_p011_2968x3841.png	https://codec-corpus.r2.imazen.org/imazen-26-png-v3/5200-epa-climate-impact-2021-report/5207_epa_climate-impact-2021_approach-4-step-methodology_p011_2968x3841.sdr.png	1		0
5208	5200-epa-climate-impact-2021-report/5208_epa_climate-impact-2021_airquality-results-maps_p022_2968x3841.png	https://codec-corpus.r2.imazen.org/imazen-26-png-v3/5200-epa-climate-impact-2021-report/5208_epa_climate-impact-2021_airquality-results-maps_p022_2968x3841.sdr.png	1		0
5209	5200-epa-climate-impact-2021-report/5209_epa_climate-impact-2021_airquality-key-findings-childhood-asthma_p030_2968x3841.png	https://codec-corpus.r2.imazen.org/imazen-26-png-v3/5200-epa-climate-impact-2021-report/5209_epa_climate-impact-2021_airquality-key-findings-childhood-asthma_p030_2968x3841.sdr.png	1		0
5210	5200-epa-climate-impact-2021-report/5210_epa_climate-impact-2021_extreme-temp-health-mortality-map_p034_2968x3841.png	https://codec-corpus.r2.imazen.org/imazen-26-png-v3/5200-epa-climate-impact-2021-report/5210_epa_climate-impact-2021_extreme-temp-health-mortality-map_p034_2968x3841.sdr.png	1		0
5211	5200-epa-climate-impact-2021-report/5211_epa_climate-impact-2021_extreme-temp-labor-heatloss-maps_p039_2968x3841.png	https://codec-corpus.r2.imazen.org/imazen-26-png-v3/5200-epa-climate-impact-2021-report/5211_epa_climate-impact-2021_extreme-temp-labor-heatloss-maps_p039_2968x3841.sdr.png	1		0
5212	5200-epa-climate-impact-2021-report/5212_epa_climate-impact-2021_extreme-temp-labor-key-findings_p043_2968x3841.png	https://codec-corpus.r2.imazen.org/imazen-26-png-v3/5200-epa-climate-impact-2021-report/5212_epa_climate-impact-2021_extreme-temp-labor-key-findings_p043_2968x3841.sdr.png	1		0
5213	5200-epa-climate-impact-2021-report/5213_epa_climate-impact-2021_coastal-flooding-traffic-findings_p048_2968x3841.png	https://codec-corpus.r2.imazen.org/imazen-26-png-v3/5200-epa-climate-impact-2021-report/5213_epa_climate-impact-2021_coastal-flooding-traffic-findings_p048_2968x3841.sdr.png	1		0
5214	5200-epa-climate-impact-2021-report/5214_epa_climate-impact-2021_coastal-flooding-property-inundation-maps_p057_2968x3841.png	https://codec-corpus.r2.imazen.org/imazen-26-png-v3/5200-epa-climate-impact-2021-report/5214_epa_climate-impact-2021_coastal-flooding-property-inundation-maps_p057_2968x3841.sdr.png	1		0
5215	5200-epa-climate-impact-2021-report/5215_epa_climate-impact-2021_coastal-flooding-property-key-findings_p058_2968x3841.png	https://codec-corpus.r2.imazen.org/imazen-26-png-v3/5200-epa-climate-impact-2021-report/5215_epa_climate-impact-2021_coastal-flooding-property-key-findings_p058_2968x3841.sdr.png	1		0
5216	5200-epa-climate-impact-2021-report/5216_epa_climate-impact-2021_inland-flooding-opener_p068_2968x3841.png	https://codec-corpus.r2.imazen.org/imazen-26-png-v3/5200-epa-climate-impact-2021-report/5216_epa_climate-impact-2021_inland-flooding-opener_p068_2968x3841.sdr.png	1		0
5217	5200-epa-climate-impact-2021-report/5217_epa_climate-impact-2021_inland-flooding-national-risk-map_p069_2968x3841.png	https://codec-corpus.r2.imazen.org/imazen-26-png-v3/5200-epa-climate-impact-2021-report/5217_epa_climate-impact-2021_inland-flooding-national-risk-map_p069_2968x3841.sdr.png	1		0
5218	5200-epa-climate-impact-2021-report/5218_epa_climate-impact-2021_national-results-narrative_p076_2968x3841.png	https://codec-corpus.r2.imazen.org/imazen-26-png-v3/5200-epa-climate-impact-2021-report/5218_epa_climate-impact-2021_national-results-narrative_p076_2968x3841.sdr.png	1		0
5219	5200-epa-climate-impact-2021-report/5219_epa_climate-impact-2021_fig-9-1-master-chart-4groups-6impacts_p077_2968x3841.png	https://codec-corpus.r2.imazen.org/imazen-26-png-v3/5200-epa-climate-impact-2021-report/5219_epa_climate-impact-2021_fig-9-1-master-chart-4groups-6impacts_p077_2968x3841.sdr.png	1		0
5220	5200-epa-climate-impact-2021-report/5220_epa_climate-impact-2021_fig-9-2-amerindian-alaskanative-asian_p078_2968x3841.png	https://codec-corpus.r2.imazen.org/imazen-26-png-v3/5200-epa-climate-impact-2021-report/5220_epa_climate-impact-2021_fig-9-2-amerindian-alaskanative-asian_p078_2968x3841.sdr.png	1		0
5221	5200-epa-climate-impact-2021-report/5221_epa_climate-impact-2021_fig-9-2-black-aa-hispanic-latino_p079_2968x3841.png	https://codec-corpus.r2.imazen.org/imazen-26-png-v3/5200-epa-climate-impact-2021-report/5221_epa_climate-impact-2021_fig-9-2-black-aa-hispanic-latino_p079_2968x3841.sdr.png	1		0
5222	5200-epa-climate-impact-2021-report/5222_epa_climate-impact-2021_fig-9-2-pacificislander-white_p080_2968x3841.png	https://codec-corpus.r2.imazen.org/imazen-26-png-v3/5200-epa-climate-impact-2021-report/5222_epa_climate-impact-2021_fig-9-2-pacificislander-white_p080_2968x3841.sdr.png	1		0
5223	5200-epa-climate-impact-2021-report/5223_epa_climate-impact-2021_regional-results-map_p081_2968x3841.png	https://codec-corpus.r2.imazen.org/imazen-26-png-v3/5200-epa-climate-impact-2021-report/5223_epa_climate-impact-2021_regional-results-map_p081_2968x3841.sdr.png	1		0
5224	5200-epa-climate-impact-2021-report/5224_epa_climate-impact-2021_southern-great-plains-77pct-asthma_p085_2968x3841.png	https://codec-corpus.r2.imazen.org/imazen-26-png-v3/5200-epa-climate-impact-2021-report/5224_epa_climate-impact-2021_southern-great-plains-77pct-asthma_p085_2968x3841.sdr.png	1		0
5300	5300-noaa-hurricane-documents/5300_noaa_nhc-verification-report-2024_page1_p01_2550x3300.png	https://codec-corpus.r2.imazen.org/imazen-26-png-v3/5300-noaa-hurricane-documents/5300_noaa_nhc-verification-report-2024_page1_p01_2550x3300.sdr.png	1		0
5301	5300-noaa-hurricane-documents/5301_noaa_nhc-verification-report-2024_charts_p05_2550x3300.png	https://codec-corpus.r2.imazen.org/imazen-26-png-v3/5300-noaa-hurricane-documents/5301_noaa_nhc-verification-report-2024_charts_p05_2550x3300.sdr.png	1		0
5302	5300-noaa-hurricane-documents/5302_noaa_nhc-helene-al092024_cover_p01_2550x3300.png	https://codec-corpus.r2.imazen.org/imazen-26-png-v3/5300-noaa-hurricane-documents/5302_noaa_nhc-helene-al092024_cover_p01_2550x3300.sdr.png	1		0
5303	5300-noaa-hurricane-documents/5303_noaa_nhc-helene-al092024_map_p09_2550x3300.png	https://codec-corpus.r2.imazen.org/imazen-26-png-v3/5300-noaa-hurricane-documents/5303_noaa_nhc-helene-al092024_map_p09_2550x3300.sdr.png	1		0
5304	5300-noaa-hurricane-documents/5304_noaa_nhc-helene-al092024_text-body_p25_2550x3300.png	https://codec-corpus.r2.imazen.org/imazen-26-png-v3/5300-noaa-hurricane-documents/5304_noaa_nhc-helene-al092024_text-body_p25_2550x3300.sdr.png	1		0
5305	5300-noaa-hurricane-documents/5305_noaa_nhc-milton-al142024_cover_p01_2550x3300.png	https://codec-corpus.r2.imazen.org/imazen-26-png-v3/5300-noaa-hurricane-documents/5305_noaa_nhc-milton-al142024_cover_p01_2550x3300.sdr.png	1		0
5306	5300-noaa-hurricane-documents/5306_noaa_nhc-milton-al142024_map_p07_2550x3300.png	https://codec-corpus.r2.imazen.org/imazen-26-png-v3/5300-noaa-hurricane-documents/5306_noaa_nhc-milton-al142024_map_p07_2550x3300.sdr.png	1		0
5307	5300-noaa-hurricane-documents/5307_noaa_nhc-milton-al142024_text-body_p19_2550x3300.png	https://codec-corpus.r2.imazen.org/imazen-26-png-v3/5300-noaa-hurricane-documents/5307_noaa_nhc-milton-al142024_text-body_p19_2550x3300.sdr.png	1		0
5308	5300-noaa-hurricane-documents/5308_noaa_nhc-al022024-beryl_p01_2550x3300.png	https://codec-corpus.r2.imazen.org/imazen-26-png-v3/5300-noaa-hurricane-documents/5308_noaa_nhc-al022024-beryl_p01_2550x3300.sdr.png	1		0
5309	5300-noaa-hurricane-documents/5309_noaa_nhc-al022024-beryl_p26_2550x3300.png	https://codec-corpus.r2.imazen.org/imazen-26-png-v3/5300-noaa-hurricane-documents/5309_noaa_nhc-al022024-beryl_p26_2550x3300.sdr.png	1		0
5310	5300-noaa-hurricane-documents/5310_noaa_nhc-al022024-beryl_p51_2550x3300.png	https://codec-corpus.r2.imazen.org/imazen-26-png-v3/5300-noaa-hurricane-documents/5310_noaa_nhc-al022024-beryl_p51_2550x3300.sdr.png	1		0
5311	5300-noaa-hurricane-documents/5311_noaa_nhc-al042024-debby_p01_2550x3300.png	https://codec-corpus.r2.imazen.org/imazen-26-png-v3/5300-noaa-hurricane-documents/5311_noaa_nhc-al042024-debby_p01_2550x3300.sdr.png	1		0
5312	5300-noaa-hurricane-documents/5312_noaa_nhc-al042024-debby_p19_2550x3300.png	https://codec-corpus.r2.imazen.org/imazen-26-png-v3/5300-noaa-hurricane-documents/5312_noaa_nhc-al042024-debby_p19_2550x3300.sdr.png	1		0
5313	5300-noaa-hurricane-documents/5313_noaa_nhc-al042024-debby_p37_3300x2550.png	https://codec-corpus.r2.imazen.org/imazen-26-png-v3/5300-noaa-hurricane-documents/5313_noaa_nhc-al042024-debby_p37_3300x2550.sdr.png	1		0
5314	5300-noaa-hurricane-documents/5314_noaa_nhc-al062024-francine_p01_2550x3300.png	https://codec-corpus.r2.imazen.org/imazen-26-png-v3/5300-noaa-hurricane-documents/5314_noaa_nhc-al062024-francine_p01_2550x3300.sdr.png	1		0
5315	5300-noaa-hurricane-documents/5315_noaa_nhc-al062024-francine_p12_2550x3300.png	https://codec-corpus.r2.imazen.org/imazen-26-png-v3/5300-noaa-hurricane-documents/5315_noaa_nhc-al062024-francine_p12_2550x3300.sdr.png	1		0
5316	5300-noaa-hurricane-documents/5316_noaa_nhc-al062024-francine_p24_3300x2550.png	https://codec-corpus.r2.imazen.org/imazen-26-png-v3/5300-noaa-hurricane-documents/5316_noaa_nhc-al062024-francine_p24_3300x2550.sdr.png	1		0
5317	5300-noaa-hurricane-documents/5317_noaa_nhc-al072022-fiona_p01_2550x3300.png	https://codec-corpus.r2.imazen.org/imazen-26-png-v3/5300-noaa-hurricane-documents/5317_noaa_nhc-al072022-fiona_p01_2550x3300.sdr.png	1		0
5318	5300-noaa-hurricane-documents/5318_noaa_nhc-al072022-fiona_p21_2550x3300.png	https://codec-corpus.r2.imazen.org/imazen-26-png-v3/5300-noaa-hurricane-documents/5318_noaa_nhc-al072022-fiona_p21_2550x3300.sdr.png	1		0
5319	5300-noaa-hurricane-documents/5319_noaa_nhc-al072022-fiona_p41_2550x3300.png	https://codec-corpus.r2.imazen.org/imazen-26-png-v3/5300-noaa-hurricane-documents/5319_noaa_nhc-al072022-fiona_p41_2550x3300.sdr.png	1		0
5320	5300-noaa-hurricane-documents/5320_noaa_nhc-al082023-franklin_p01_2550x3300.png	https://codec-corpus.r2.imazen.org/imazen-26-png-v3/5300-noaa-hurricane-documents/5320_noaa_nhc-al082023-franklin_p01_2550x3300.sdr.png	1		0
5321	5300-noaa-hurricane-documents/5321_noaa_nhc-al082023-franklin_p10_2550x3300.png	https://codec-corpus.r2.imazen.org/imazen-26-png-v3/5300-noaa-hurricane-documents/5321_noaa_nhc-al082023-franklin_p10_2550x3300.sdr.png	1		0
5322	5300-noaa-hurricane-documents/5322_noaa_nhc-al082023-franklin_p20_2550x3300.png	https://codec-corpus.r2.imazen.org/imazen-26-png-v3/5300-noaa-hurricane-documents/5322_noaa_nhc-al082023-franklin_p20_2550x3300.sdr.png	1		0
5323	5300-noaa-hurricane-documents/5323_noaa_nhc-al092022-ian_p01_2550x3300.png	https://codec-corpus.r2.imazen.org/imazen-26-png-v3/5300-noaa-hurricane-documents/5323_noaa_nhc-al092022-ian_p01_2550x3300.sdr.png	1		0
5324	5300-noaa-hurricane-documents/5324_noaa_nhc-al092022-ian_p25_2550x3300.png	https://codec-corpus.r2.imazen.org/imazen-26-png-v3/5300-noaa-hurricane-documents/5324_noaa_nhc-al092022-ian_p25_2550x3300.sdr.png	1		0
5325	5300-noaa-hurricane-documents/5325_noaa_nhc-al092022-ian_p49_3300x2550.png	https://codec-corpus.r2.imazen.org/imazen-26-png-v3/5300-noaa-hurricane-documents/5325_noaa_nhc-al092022-ian_p49_3300x2550.sdr.png	1		0
5326	5300-noaa-hurricane-documents/5326_noaa_nhc-al102023-idalia_p01_2550x3300.png	https://codec-corpus.r2.imazen.org/imazen-26-png-v3/5300-noaa-hurricane-documents/5326_noaa_nhc-al102023-idalia_p01_2550x3300.sdr.png	1		0
5327	5300-noaa-hurricane-documents/5327_noaa_nhc-al102023-idalia_p16_2550x3300.png	https://codec-corpus.r2.imazen.org/imazen-26-png-v3/5300-noaa-hurricane-documents/5327_noaa_nhc-al102023-idalia_p16_2550x3300.sdr.png	1		0
5328	5300-noaa-hurricane-documents/5328_noaa_nhc-al102023-idalia_p32_3300x2550.png	https://codec-corpus.r2.imazen.org/imazen-26-png-v3/5300-noaa-hurricane-documents/5328_noaa_nhc-al102023-idalia_p32_3300x2550.sdr.png	1		0
5329	5300-noaa-hurricane-documents/5329_noaa_nhc-al122024-kirk_p01_2550x3300.png	https://codec-corpus.r2.imazen.org/imazen-26-png-v3/5300-noaa-hurricane-documents/5329_noaa_nhc-al122024-kirk_p01_2550x3300.sdr.png	1		0
5330	5300-noaa-hurricane-documents/5330_noaa_nhc-al122024-kirk_p05_2550x3300.png	https://codec-corpus.r2.imazen.org/imazen-26-png-v3/5300-noaa-hurricane-documents/5330_noaa_nhc-al122024-kirk_p05_2550x3300.sdr.png	1		0
5331	5300-noaa-hurricane-documents/5331_noaa_nhc-al122024-kirk_p10_2550x3300.png	https://codec-corpus.r2.imazen.org/imazen-26-png-v3/5300-noaa-hurricane-documents/5331_noaa_nhc-al122024-kirk_p10_2550x3300.sdr.png	1		0
5332	5300-noaa-hurricane-documents/5332_noaa_nhc-al132023-lee_p01_2550x3300.png	https://codec-corpus.r2.imazen.org/imazen-26-png-v3/5300-noaa-hurricane-documents/5332_noaa_nhc-al132023-lee_p01_2550x3300.sdr.png	1		0
5333	5300-noaa-hurricane-documents/5333_noaa_nhc-al132023-lee_p11_2550x3300.png	https://codec-corpus.r2.imazen.org/imazen-26-png-v3/5300-noaa-hurricane-documents/5333_noaa_nhc-al132023-lee_p11_2550x3300.sdr.png	1		0
5334	5300-noaa-hurricane-documents/5334_noaa_nhc-al132023-lee_p21_2550x3300.png	https://codec-corpus.r2.imazen.org/imazen-26-png-v3/5300-noaa-hurricane-documents/5334_noaa_nhc-al132023-lee_p21_2550x3300.sdr.png	1		0
5335	5300-noaa-hurricane-documents/5335_noaa_nhc-al132024-leslie_p01_2550x3300.png	https://codec-corpus.r2.imazen.org/imazen-26-png-v3/5300-noaa-hurricane-documents/5335_noaa_nhc-al132024-leslie_p01_2550x3300.sdr.png	1		0
5336	5300-noaa-hurricane-documents/5336_noaa_nhc-al132024-leslie_p05_2550x3300.png	https://codec-corpus.r2.imazen.org/imazen-26-png-v3/5300-noaa-hurricane-documents/5336_noaa_nhc-al132024-leslie_p05_2550x3300.sdr.png	1		0
5337	5300-noaa-hurricane-documents/5337_noaa_nhc-al132024-leslie_p09_2550x3300.png	https://codec-corpus.r2.imazen.org/imazen-26-png-v3/5300-noaa-hurricane-documents/5337_noaa_nhc-al132024-leslie_p09_2550x3300.sdr.png	1		0
5338	5300-noaa-hurricane-documents/5338_noaa_nhc-al172022-nicole_p01_2550x3300.png	https://codec-corpus.r2.imazen.org/imazen-26-png-v3/5300-noaa-hurricane-documents/5338_noaa_nhc-al172022-nicole_p01_2550x3300.sdr.png	1		0
5339	5300-noaa-hurricane-documents/5339_noaa_nhc-al172022-nicole_p20_2550x3300.png	https://codec-corpus.r2.imazen.org/imazen-26-png-v3/5300-noaa-hurricane-documents/5339_noaa_nhc-al172022-nicole_p20_2550x3300.sdr.png	1		0
5340	5300-noaa-hurricane-documents/5340_noaa_nhc-al172022-nicole_p40_2550x3300.png	https://codec-corpus.r2.imazen.org/imazen-26-png-v3/5300-noaa-hurricane-documents/5340_noaa_nhc-al172022-nicole_p40_2550x3300.sdr.png	1		0
5341	5300-noaa-hurricane-documents/5341_noaa_nhc-al182024-rafael_p01_2550x3300.png	https://codec-corpus.r2.imazen.org/imazen-26-png-v3/5300-noaa-hurricane-documents/5341_noaa_nhc-al182024-rafael_p01_2550x3300.sdr.png	1		0
5342	5300-noaa-hurricane-documents/5342_noaa_nhc-al182024-rafael_p10_2550x3300.png	https://codec-corpus.r2.imazen.org/imazen-26-png-v3/5300-noaa-hurricane-documents/5342_noaa_nhc-al182024-rafael_p10_2550x3300.sdr.png	1		0
5343	5300-noaa-hurricane-documents/5343_noaa_nhc-al182024-rafael_p19_2550x3300.png	https://codec-corpus.r2.imazen.org/imazen-26-png-v3/5300-noaa-hurricane-documents/5343_noaa_nhc-al182024-rafael_p19_2550x3300.sdr.png	1		0
6000	6000-lilith-scans-public-patents/lynn_conway_us5046022_1bitoriginal/6000_scans-patents_lynn-conway-us5046022-1bit_p001_2320x3408.png	https://codec-corpus.r2.imazen.org/imazen-26-png-v3/6000-lilith-scans-public-patents/lynn_conway_us5046022_1bitoriginal/6000_scans-patents_lynn-conway-us5046022-1bit_p001_2320x3408.sdr.png	1		0
6001	6000-lilith-scans-public-patents/lynn_conway_us5046022_1bitoriginal/6001_scans-patents_lynn-conway-us5046022-1bit_p002_2320x3408.png	https://codec-corpus.r2.imazen.org/imazen-26-png-v3/6000-lilith-scans-public-patents/lynn_conway_us5046022_1bitoriginal/6001_scans-patents_lynn-conway-us5046022-1bit_p002_2320x3408.sdr.png	1		0
6002	6000-lilith-scans-public-patents/lynn_conway_us5046022_1bitoriginal/6002_scans-patents_lynn-conway-us5046022-1bit_p003_2320x3408.png	https://codec-corpus.r2.imazen.org/imazen-26-png-v3/6000-lilith-scans-public-patents/lynn_conway_us5046022_1bitoriginal/6002_scans-patents_lynn-conway-us5046022-1bit_p003_2320x3408.sdr.png	1		0
6003	6000-lilith-scans-public-patents/lynn_conway_us5046022_1bitoriginal/6003_scans-patents_lynn-conway-us5046022-1bit_p004_2320x3408.png	https://codec-corpus.r2.imazen.org/imazen-26-png-v3/6000-lilith-scans-public-patents/lynn_conway_us5046022_1bitoriginal/6003_scans-patents_lynn-conway-us5046022-1bit_p004_2320x3408.sdr.png	1		0
6004	6000-lilith-scans-public-patents/lynn_conway_us5046022_1bitoriginal/6004_scans-patents_lynn-conway-us5046022-1bit_p005_2320x3408.png	https://codec-corpus.r2.imazen.org/imazen-26-png-v3/6000-lilith-scans-public-patents/lynn_conway_us5046022_1bitoriginal/6004_scans-patents_lynn-conway-us5046022-1bit_p005_2320x3408.sdr.png	1		0
6005	6000-lilith-scans-public-patents/lynn_conway_us5046022_1bitoriginal/6005_scans-patents_lynn-conway-us5046022-1bit_p006_2320x3408.png	https://codec-corpus.r2.imazen.org/imazen-26-png-v3/6000-lilith-scans-public-patents/lynn_conway_us5046022_1bitoriginal/6005_scans-patents_lynn-conway-us5046022-1bit_p006_2320x3408.sdr.png	1		0
6006	6000-lilith-scans-public-patents/lynn_conway_us5046022_1bitoriginal/6006_scans-patents_lynn-conway-us5046022-1bit_p007_2320x3408.png	https://codec-corpus.r2.imazen.org/imazen-26-png-v3/6000-lilith-scans-public-patents/lynn_conway_us5046022_1bitoriginal/6006_scans-patents_lynn-conway-us5046022-1bit_p007_2320x3408.sdr.png	1		0
6007	6000-lilith-scans-public-patents/lynn_conway_us5046022_1bitoriginal/6007_scans-patents_lynn-conway-us5046022-1bit_p008_2320x3408.png	https://codec-corpus.r2.imazen.org/imazen-26-png-v3/6000-lilith-scans-public-patents/lynn_conway_us5046022_1bitoriginal/6007_scans-patents_lynn-conway-us5046022-1bit_p008_2320x3408.sdr.png	1		0
6008	6000-lilith-scans-public-patents/lynn_conway_us5046022_1bitoriginal/6008_scans-patents_lynn-conway-us5046022-1bit_p009_2320x3408.png	https://codec-corpus.r2.imazen.org/imazen-26-png-v3/6000-lilith-scans-public-patents/lynn_conway_us5046022_1bitoriginal/6008_scans-patents_lynn-conway-us5046022-1bit_p009_2320x3408.sdr.png	1		0
6009	6000-lilith-scans-public-patents/lynn_conway_us5046022_1bitoriginal/6009_scans-patents_lynn-conway-us5046022-1bit_p010_2320x3408.png	https://codec-corpus.r2.imazen.org/imazen-26-png-v3/6000-lilith-scans-public-patents/lynn_conway_us5046022_1bitoriginal/6009_scans-patents_lynn-conway-us5046022-1bit_p010_2320x3408.sdr.png	1		0
6010	6000-lilith-scans-public-patents/lynn_conway_us5046022_1bitoriginal/6010_scans-patents_lynn-conway-us5046022-1bit_p011_2320x3408.png	https://codec-corpus.r2.imazen.org/imazen-26-png-v3/6000-lilith-scans-public-patents/lynn_conway_us5046022_1bitoriginal/6010_scans-patents_lynn-conway-us5046022-1bit_p011_2320x3408.sdr.png	1		0
6011	6000-lilith-scans-public-patents/lynn_conway_us5046022_1bitoriginal/6011_scans-patents_lynn-conway-us5046022-1bit_p012_2320x3408.png	https://codec-corpus.r2.imazen.org/imazen-26-png-v3/6000-lilith-scans-public-patents/lynn_conway_us5046022_1bitoriginal/6011_scans-patents_lynn-conway-us5046022-1bit_p012_2320x3408.sdr.png	1		0
6012	6000-lilith-scans-public-patents/lynn_conway_us5046022_1bitoriginal/6012_scans-patents_lynn-conway-us5046022-1bit_p013_2320x3408.png	https://codec-corpus.r2.imazen.org/imazen-26-png-v3/6000-lilith-scans-public-patents/lynn_conway_us5046022_1bitoriginal/6012_scans-patents_lynn-conway-us5046022-1bit_p013_2320x3408.sdr.png	1		0
6013	6000-lilith-scans-public-patents/lynn_conway_us5046022_1bitoriginal/6013_scans-patents_lynn-conway-us5046022-1bit_p014_2320x3408.png	https://codec-corpus.r2.imazen.org/imazen-26-png-v3/6000-lilith-scans-public-patents/lynn_conway_us5046022_1bitoriginal/6013_scans-patents_lynn-conway-us5046022-1bit_p014_2320x3408.sdr.png	1		0
6014	6000-lilith-scans-public-patents/lynn_conway_us5046022_1bitoriginal/6014_scans-patents_lynn-conway-us5046022-1bit_p015_2320x3408.png	https://codec-corpus.r2.imazen.org/imazen-26-png-v3/6000-lilith-scans-public-patents/lynn_conway_us5046022_1bitoriginal/6014_scans-patents_lynn-conway-us5046022-1bit_p015_2320x3408.sdr.png	1		0
6015	6000-lilith-scans-public-patents/lynn_conway_us5046022_1bitoriginal/6015_scans-patents_lynn-conway-us5046022-1bit_p016_2320x3408.png	https://codec-corpus.r2.imazen.org/imazen-26-png-v3/6000-lilith-scans-public-patents/lynn_conway_us5046022_1bitoriginal/6015_scans-patents_lynn-conway-us5046022-1bit_p016_2320x3408.sdr.png	1		0
6016	6000-lilith-scans-public-patents/lynn_conway_us5046022_1bitoriginal/6016_scans-patents_lynn-conway-us5046022-1bit_p017_2320x3408.png	https://codec-corpus.r2.imazen.org/imazen-26-png-v3/6000-lilith-scans-public-patents/lynn_conway_us5046022_1bitoriginal/6016_scans-patents_lynn-conway-us5046022-1bit_p017_2320x3408.sdr.png	1		0
6017	6000-lilith-scans-public-patents/lynn_conway_us5046022_1bitoriginal/6017_scans-patents_lynn-conway-us5046022-1bit_p018_2320x3408.png	https://codec-corpus.r2.imazen.org/imazen-26-png-v3/6000-lilith-scans-public-patents/lynn_conway_us5046022_1bitoriginal/6017_scans-patents_lynn-conway-us5046022-1bit_p018_2320x3408.sdr.png	1		0
6018	6000-lilith-scans-public-patents/lynn_conway_us5046022_1bitoriginal/6018_scans-patents_lynn-conway-us5046022-1bit_p019_2320x3408.png	https://codec-corpus.r2.imazen.org/imazen-26-png-v3/6000-lilith-scans-public-patents/lynn_conway_us5046022_1bitoriginal/6018_scans-patents_lynn-conway-us5046022-1bit_p019_2320x3408.sdr.png	1		0
6019	6000-lilith-scans-public-patents/lynn_conway_us5046022_1bitoriginal/6019_scans-patents_lynn-conway-us5046022-1bit_p020_2320x3408.png	https://codec-corpus.r2.imazen.org/imazen-26-png-v3/6000-lilith-scans-public-patents/lynn_conway_us5046022_1bitoriginal/6019_scans-patents_lynn-conway-us5046022-1bit_p020_2320x3408.sdr.png	1		0
6020	6000-lilith-scans-public-patents/lynn_conway_us5046022_1bitoriginal/6020_scans-patents_lynn-conway-us5046022-1bit_p021_2320x3408.png	https://codec-corpus.r2.imazen.org/imazen-26-png-v3/6000-lilith-scans-public-patents/lynn_conway_us5046022_1bitoriginal/6020_scans-patents_lynn-conway-us5046022-1bit_p021_2320x3408.sdr.png	1		0
6021	6000-lilith-scans-public-patents/lynn_conway_us5046022_1bitoriginal/6021_scans-patents_lynn-conway-us5046022-1bit_p022_2320x3408.png	https://codec-corpus.r2.imazen.org/imazen-26-png-v3/6000-lilith-scans-public-patents/lynn_conway_us5046022_1bitoriginal/6021_scans-patents_lynn-conway-us5046022-1bit_p022_2320x3408.sdr.png	1		0
6022	6000-lilith-scans-public-patents/lynn_conway_us5046022_1bitoriginal/6022_scans-patents_lynn-conway-us5046022-1bit_p023_2320x3408.png	https://codec-corpus.r2.imazen.org/imazen-26-png-v3/6000-lilith-scans-public-patents/lynn_conway_us5046022_1bitoriginal/6022_scans-patents_lynn-conway-us5046022-1bit_p023_2320x3408.sdr.png	1		0
6023	6000-lilith-scans-public-patents/lynn_conway_us5046022_1bitoriginal/6023_scans-patents_lynn-conway-us5046022-1bit_p024_2320x3408.png	https://codec-corpus.r2.imazen.org/imazen-26-png-v3/6000-lilith-scans-public-patents/lynn_conway_us5046022_1bitoriginal/6023_scans-patents_lynn-conway-us5046022-1bit_p024_2320x3408.sdr.png	1		0
6024	6000-lilith-scans-public-patents/lynn_conway_us5046022_1bitoriginal/6024_scans-patents_lynn-conway-us5046022-1bit_p025_2320x3408.png	https://codec-corpus.r2.imazen.org/imazen-26-png-v3/6000-lilith-scans-public-patents/lynn_conway_us5046022_1bitoriginal/6024_scans-patents_lynn-conway-us5046022-1bit_p025_2320x3408.sdr.png	1		0
6025	6000-lilith-scans-public-patents/lynn_conway_us5046022_1bitoriginal/6025_scans-patents_lynn-conway-us5046022-1bit_p026_2320x3408.png	https://codec-corpus.r2.imazen.org/imazen-26-png-v3/6000-lilith-scans-public-patents/lynn_conway_us5046022_1bitoriginal/6025_scans-patents_lynn-conway-us5046022-1bit_p026_2320x3408.sdr.png	1		0
6026	6000-lilith-scans-public-patents/lynn_conway_us5046022_1bitoriginal/6026_scans-patents_lynn-conway-us5046022-1bit_p027_2320x3408.png	https://codec-corpus.r2.imazen.org/imazen-26-png-v3/6000-lilith-scans-public-patents/lynn_conway_us5046022_1bitoriginal/6026_scans-patents_lynn-conway-us5046022-1bit_p027_2320x3408.sdr.png	1		0
6027	6000-lilith-scans-public-patents/lynn_conway_us5046022_1bitoriginal/6027_scans-patents_lynn-conway-us5046022-1bit_p028_2320x3408.png	https://codec-corpus.r2.imazen.org/imazen-26-png-v3/6000-lilith-scans-public-patents/lynn_conway_us5046022_1bitoriginal/6027_scans-patents_lynn-conway-us5046022-1bit_p028_2320x3408.sdr.png	1		0
6028	6000-lilith-scans-public-patents/lynn_conway_us5046022_1bitoriginal/6028_scans-patents_lynn-conway-us5046022-1bit_p029_2320x3408.png	https://codec-corpus.r2.imazen.org/imazen-26-png-v3/6000-lilith-scans-public-patents/lynn_conway_us5046022_1bitoriginal/6028_scans-patents_lynn-conway-us5046022-1bit_p029_2320x3408.sdr.png	1		0
6029	6000-lilith-scans-public-patents/lynn_conway_us5046022_printrescancolor300/6029_scans-patents_lynn-conway-us5046022-rescan-color_p001_2479x3230.jpg	https://codec-corpus.r2.imazen.org/imazen-26-png-v3/6000-lilith-scans-public-patents/lynn_conway_us5046022_printrescancolor300/6029_scans-patents_lynn-conway-us5046022-rescan-color_p001_2479x3230.sdr.png	1		0
6030	6000-lilith-scans-public-patents/lynn_conway_us5046022_printrescancolor300/6030_scans-patents_lynn-conway-us5046022-rescan-color_p002_2479x3230.jpg	https://codec-corpus.r2.imazen.org/imazen-26-png-v3/6000-lilith-scans-public-patents/lynn_conway_us5046022_printrescancolor300/6030_scans-patents_lynn-conway-us5046022-rescan-color_p002_2479x3230.sdr.png	1		0
6031	6000-lilith-scans-public-patents/lynn_conway_us5046022_printrescancolor300/6031_scans-patents_lynn-conway-us5046022-rescan-color_p003_2479x3230.jpg	https://codec-corpus.r2.imazen.org/imazen-26-png-v3/6000-lilith-scans-public-patents/lynn_conway_us5046022_printrescancolor300/6031_scans-patents_lynn-conway-us5046022-rescan-color_p003_2479x3230.sdr.png	1		0
6032	6000-lilith-scans-public-patents/lynn_conway_us5046022_printrescancolor300/6032_scans-patents_lynn-conway-us5046022-rescan-color_p004_2479x3230.jpg	https://codec-corpus.r2.imazen.org/imazen-26-png-v3/6000-lilith-scans-public-patents/lynn_conway_us5046022_printrescancolor300/6032_scans-patents_lynn-conway-us5046022-rescan-color_p004_2479x3230.sdr.png	1		0
6033	6000-lilith-scans-public-patents/lynn_conway_us5046022_printrescancolor300/6033_scans-patents_lynn-conway-us5046022-rescan-color_p005_2479x3230.jpg	https://codec-corpus.r2.imazen.org/imazen-26-png-v3/6000-lilith-scans-public-patents/lynn_conway_us5046022_printrescancolor300/6033_scans-patents_lynn-conway-us5046022-rescan-color_p005_2479x3230.sdr.png	1		0
6034	6000-lilith-scans-public-patents/lynn_conway_us5046022_printrescancolor300/6034_scans-patents_lynn-conway-us5046022-rescan-color_p006_2479x3230.jpg	https://codec-corpus.r2.imazen.org/imazen-26-png-v3/6000-lilith-scans-public-patents/lynn_conway_us5046022_printrescancolor300/6034_scans-patents_lynn-conway-us5046022-rescan-color_p006_2479x3230.sdr.png	1		0
6035	6000-lilith-scans-public-patents/lynn_conway_us5046022_printrescancolor300/6035_scans-patents_lynn-conway-us5046022-rescan-color_p007_2479x3230.jpg	https://codec-corpus.r2.imazen.org/imazen-26-png-v3/6000-lilith-scans-public-patents/lynn_conway_us5046022_printrescancolor300/6035_scans-patents_lynn-conway-us5046022-rescan-color_p007_2479x3230.sdr.png	1		0
6036	6000-lilith-scans-public-patents/lynn_conway_us5046022_printrescancolor300/6036_scans-patents_lynn-conway-us5046022-rescan-color_p008_2479x3230.jpg	https://codec-corpus.r2.imazen.org/imazen-26-png-v3/6000-lilith-scans-public-patents/lynn_conway_us5046022_printrescancolor300/6036_scans-patents_lynn-conway-us5046022-rescan-color_p008_2479x3230.sdr.png	1		0
6037	6000-lilith-scans-public-patents/lynn_conway_us5046022_printrescancolor300/6037_scans-patents_lynn-conway-us5046022-rescan-color_p009_2479x3230.jpg	https://codec-corpus.r2.imazen.org/imazen-26-png-v3/6000-lilith-scans-public-patents/lynn_conway_us5046022_printrescancolor300/6037_scans-patents_lynn-conway-us5046022-rescan-color_p009_2479x3230.sdr.png	1		0
6038	6000-lilith-scans-public-patents/lynn_conway_us5046022_printrescancolor300/6038_scans-patents_lynn-conway-us5046022-rescan-color_p010_2479x3230.jpg	https://codec-corpus.r2.imazen.org/imazen-26-png-v3/6000-lilith-scans-public-patents/lynn_conway_us5046022_printrescancolor300/6038_scans-patents_lynn-conway-us5046022-rescan-color_p010_2479x3230.sdr.png	1		0
6039	6000-lilith-scans-public-patents/lynn_conway_us5046022_printrescancolor300/6039_scans-patents_lynn-conway-us5046022-rescan-color_p011_2479x3230.jpg	https://codec-corpus.r2.imazen.org/imazen-26-png-v3/6000-lilith-scans-public-patents/lynn_conway_us5046022_printrescancolor300/6039_scans-patents_lynn-conway-us5046022-rescan-color_p011_2479x3230.sdr.png	1		0
6040	6000-lilith-scans-public-patents/lynn_conway_us5046022_printrescancolor300/6040_scans-patents_lynn-conway-us5046022-rescan-color_p012_2479x3230.jpg	https://codec-corpus.r2.imazen.org/imazen-26-png-v3/6000-lilith-scans-public-patents/lynn_conway_us5046022_printrescancolor300/6040_scans-patents_lynn-conway-us5046022-rescan-color_p012_2479x3230.sdr.png	1		0
6041	6000-lilith-scans-public-patents/lynn_conway_us5046022_printrescancolor300/6041_scans-patents_lynn-conway-us5046022-rescan-color_p013_2479x3230.jpg	https://codec-corpus.r2.imazen.org/imazen-26-png-v3/6000-lilith-scans-public-patents/lynn_conway_us5046022_printrescancolor300/6041_scans-patents_lynn-conway-us5046022-rescan-color_p013_2479x3230.sdr.png	1		0
6042	6000-lilith-scans-public-patents/lynn_conway_us5046022_printrescancolor300/6042_scans-patents_lynn-conway-us5046022-rescan-color_p014_2479x3230.jpg	https://codec-corpus.r2.imazen.org/imazen-26-png-v3/6000-lilith-scans-public-patents/lynn_conway_us5046022_printrescancolor300/6042_scans-patents_lynn-conway-us5046022-rescan-color_p014_2479x3230.sdr.png	1		0
6043	6000-lilith-scans-public-patents/lynn_conway_us5046022_printrescancolor300/6043_scans-patents_lynn-conway-us5046022-rescan-color_p015_2479x3230.jpg	https://codec-corpus.r2.imazen.org/imazen-26-png-v3/6000-lilith-scans-public-patents/lynn_conway_us5046022_printrescancolor300/6043_scans-patents_lynn-conway-us5046022-rescan-color_p015_2479x3230.sdr.png	1		0
6044	6000-lilith-scans-public-patents/lynn_conway_us5046022_printrescancolor300/6044_scans-patents_lynn-conway-us5046022-rescan-color_p016_2479x3230.jpg	https://codec-corpus.r2.imazen.org/imazen-26-png-v3/6000-lilith-scans-public-patents/lynn_conway_us5046022_printrescancolor300/6044_scans-patents_lynn-conway-us5046022-rescan-color_p016_2479x3230.sdr.png	1		0
6045	6000-lilith-scans-public-patents/lynn_conway_us5046022_printrescancolor300/6045_scans-patents_lynn-conway-us5046022-rescan-color_p017_2479x3230.jpg	https://codec-corpus.r2.imazen.org/imazen-26-png-v3/6000-lilith-scans-public-patents/lynn_conway_us5046022_printrescancolor300/6045_scans-patents_lynn-conway-us5046022-rescan-color_p017_2479x3230.sdr.png	1		0
6046	6000-lilith-scans-public-patents/lynn_conway_us5046022_printrescancolor300/6046_scans-patents_lynn-conway-us5046022-rescan-color_p018_2479x3230.jpg	https://codec-corpus.r2.imazen.org/imazen-26-png-v3/6000-lilith-scans-public-patents/lynn_conway_us5046022_printrescancolor300/6046_scans-patents_lynn-conway-us5046022-rescan-color_p018_2479x3230.sdr.png	1		0
6047	6000-lilith-scans-public-patents/lynn_conway_us5046022_printrescancolor300/6047_scans-patents_lynn-conway-us5046022-rescan-color_p019_2479x3230.jpg	https://codec-corpus.r2.imazen.org/imazen-26-png-v3/6000-lilith-scans-public-patents/lynn_conway_us5046022_printrescancolor300/6047_scans-patents_lynn-conway-us5046022-rescan-color_p019_2479x3230.sdr.png	1		0
6048	6000-lilith-scans-public-patents/lynn_conway_us5046022_printrescancolor300/6048_scans-patents_lynn-conway-us5046022-rescan-color_p020_2479x3230.jpg	https://codec-corpus.r2.imazen.org/imazen-26-png-v3/6000-lilith-scans-public-patents/lynn_conway_us5046022_printrescancolor300/6048_scans-patents_lynn-conway-us5046022-rescan-color_p020_2479x3230.sdr.png	1		0
6049	6000-lilith-scans-public-patents/lynn_conway_us5046022_printrescancolor300/6049_scans-patents_lynn-conway-us5046022-rescan-color_p021_2479x3230.jpg	https://codec-corpus.r2.imazen.org/imazen-26-png-v3/6000-lilith-scans-public-patents/lynn_conway_us5046022_printrescancolor300/6049_scans-patents_lynn-conway-us5046022-rescan-color_p021_2479x3230.sdr.png	1		0
6050	6000-lilith-scans-public-patents/lynn_conway_us5046022_printrescancolor300/6050_scans-patents_lynn-conway-us5046022-rescan-color_p022_2479x3230.jpg	https://codec-corpus.r2.imazen.org/imazen-26-png-v3/6000-lilith-scans-public-patents/lynn_conway_us5046022_printrescancolor300/6050_scans-patents_lynn-conway-us5046022-rescan-color_p022_2479x3230.sdr.png	1		0
6051	6000-lilith-scans-public-patents/lynn_conway_us5046022_printrescancolor300/6051_scans-patents_lynn-conway-us5046022-rescan-color_p023_2479x3230.jpg	https://codec-corpus.r2.imazen.org/imazen-26-png-v3/6000-lilith-scans-public-patents/lynn_conway_us5046022_printrescancolor300/6051_scans-patents_lynn-conway-us5046022-rescan-color_p023_2479x3230.sdr.png	1		0
6052	6000-lilith-scans-public-patents/lynn_conway_us5046022_printrescancolor300/6052_scans-patents_lynn-conway-us5046022-rescan-color_p024_2479x3230.jpg	https://codec-corpus.r2.imazen.org/imazen-26-png-v3/6000-lilith-scans-public-patents/lynn_conway_us5046022_printrescancolor300/6052_scans-patents_lynn-conway-us5046022-rescan-color_p024_2479x3230.sdr.png	1		0
6053	6000-lilith-scans-public-patents/lynn_conway_us5046022_printrescancolor300/6053_scans-patents_lynn-conway-us5046022-rescan-color_p025_2479x3230.jpg	https://codec-corpus.r2.imazen.org/imazen-26-png-v3/6000-lilith-scans-public-patents/lynn_conway_us5046022_printrescancolor300/6053_scans-patents_lynn-conway-us5046022-rescan-color_p025_2479x3230.sdr.png	1		0
6054	6000-lilith-scans-public-patents/lynn_conway_us5046022_printrescancolor300/6054_scans-patents_lynn-conway-us5046022-rescan-color_p026_2479x3230.jpg	https://codec-corpus.r2.imazen.org/imazen-26-png-v3/6000-lilith-scans-public-patents/lynn_conway_us5046022_printrescancolor300/6054_scans-patents_lynn-conway-us5046022-rescan-color_p026_2479x3230.sdr.png	1		0
6055	6000-lilith-scans-public-patents/lynn_conway_us5046022_printrescancolor300/6055_scans-patents_lynn-conway-us5046022-rescan-color_p027_2479x3230.jpg	https://codec-corpus.r2.imazen.org/imazen-26-png-v3/6000-lilith-scans-public-patents/lynn_conway_us5046022_printrescancolor300/6055_scans-patents_lynn-conway-us5046022-rescan-color_p027_2479x3230.sdr.png	1		0
6056	6000-lilith-scans-public-patents/lynn_conway_us5046022_printrescancolor300/6056_scans-patents_lynn-conway-us5046022-rescan-color_p028_2479x3230.jpg	https://codec-corpus.r2.imazen.org/imazen-26-png-v3/6000-lilith-scans-public-patents/lynn_conway_us5046022_printrescancolor300/6056_scans-patents_lynn-conway-us5046022-rescan-color_p028_2479x3230.sdr.png	1		0
6057	6000-lilith-scans-public-patents/lynn_conway_us5046022_printrescancolor300/6057_scans-patents_lynn-conway-us5046022-rescan-color_p029_2479x3230.jpg	https://codec-corpus.r2.imazen.org/imazen-26-png-v3/6000-lilith-scans-public-patents/lynn_conway_us5046022_printrescancolor300/6057_scans-patents_lynn-conway-us5046022-rescan-color_p029_2479x3230.sdr.png	1		0
6058	6000-lilith-scans-public-patents/lynn_conway_us5046022_printrescancolor300/6058_scans-patents_lynn-conway-us5046022-rescan-color_p030_2479x3230.jpg	https://codec-corpus.r2.imazen.org/imazen-26-png-v3/6000-lilith-scans-public-patents/lynn_conway_us5046022_printrescancolor300/6058_scans-patents_lynn-conway-us5046022-rescan-color_p030_2479x3230.sdr.png	1		0
6059	6000-lilith-scans-public-patents/lynn_conway_us5046022_printrescangray300/6059_scans-patents_lynn-conway-us5046022-rescan-gray_p001_2479x3230.jpg	https://codec-corpus.r2.imazen.org/imazen-26-png-v3/6000-lilith-scans-public-patents/lynn_conway_us5046022_printrescangray300/6059_scans-patents_lynn-conway-us5046022-rescan-gray_p001_2479x3230.sdr.png	1		0
6060	6000-lilith-scans-public-patents/lynn_conway_us5046022_printrescangray300/6060_scans-patents_lynn-conway-us5046022-rescan-gray_p002_2479x3230.jpg	https://codec-corpus.r2.imazen.org/imazen-26-png-v3/6000-lilith-scans-public-patents/lynn_conway_us5046022_printrescangray300/6060_scans-patents_lynn-conway-us5046022-rescan-gray_p002_2479x3230.sdr.png	1		0
6061	6000-lilith-scans-public-patents/lynn_conway_us5046022_printrescangray300/6061_scans-patents_lynn-conway-us5046022-rescan-gray_p003_2479x3230.jpg	https://codec-corpus.r2.imazen.org/imazen-26-png-v3/6000-lilith-scans-public-patents/lynn_conway_us5046022_printrescangray300/6061_scans-patents_lynn-conway-us5046022-rescan-gray_p003_2479x3230.sdr.png	1		0
6062	6000-lilith-scans-public-patents/lynn_conway_us5046022_printrescangray300/6062_scans-patents_lynn-conway-us5046022-rescan-gray_p004_2479x3230.jpg	https://codec-corpus.r2.imazen.org/imazen-26-png-v3/6000-lilith-scans-public-patents/lynn_conway_us5046022_printrescangray300/6062_scans-patents_lynn-conway-us5046022-rescan-gray_p004_2479x3230.sdr.png	1		0
6063	6000-lilith-scans-public-patents/lynn_conway_us5046022_printrescangray300/6063_scans-patents_lynn-conway-us5046022-rescan-gray_p005_2479x3230.jpg	https://codec-corpus.r2.imazen.org/imazen-26-png-v3/6000-lilith-scans-public-patents/lynn_conway_us5046022_printrescangray300/6063_scans-patents_lynn-conway-us5046022-rescan-gray_p005_2479x3230.sdr.png	1		0
6064	6000-lilith-scans-public-patents/lynn_conway_us5046022_printrescangray300/6064_scans-patents_lynn-conway-us5046022-rescan-gray_p006_2479x3230.jpg	https://codec-corpus.r2.imazen.org/imazen-26-png-v3/6000-lilith-scans-public-patents/lynn_conway_us5046022_printrescangray300/6064_scans-patents_lynn-conway-us5046022-rescan-gray_p006_2479x3230.sdr.png	1		0
6065	6000-lilith-scans-public-patents/lynn_conway_us5046022_printrescangray300/6065_scans-patents_lynn-conway-us5046022-rescan-gray_p007_2479x3230.jpg	https://codec-corpus.r2.imazen.org/imazen-26-png-v3/6000-lilith-scans-public-patents/lynn_conway_us5046022_printrescangray300/6065_scans-patents_lynn-conway-us5046022-rescan-gray_p007_2479x3230.sdr.png	1		0
6066	6000-lilith-scans-public-patents/lynn_conway_us5046022_printrescangray300/6066_scans-patents_lynn-conway-us5046022-rescan-gray_p008_2479x3230.jpg	https://codec-corpus.r2.imazen.org/imazen-26-png-v3/6000-lilith-scans-public-patents/lynn_conway_us5046022_printrescangray300/6066_scans-patents_lynn-conway-us5046022-rescan-gray_p008_2479x3230.sdr.png	1		0
6067	6000-lilith-scans-public-patents/lynn_conway_us5046022_printrescangray300/6067_scans-patents_lynn-conway-us5046022-rescan-gray_p009_2479x3230.jpg	https://codec-corpus.r2.imazen.org/imazen-26-png-v3/6000-lilith-scans-public-patents/lynn_conway_us5046022_printrescangray300/6067_scans-patents_lynn-conway-us5046022-rescan-gray_p009_2479x3230.sdr.png	1		0
6068	6000-lilith-scans-public-patents/lynn_conway_us5046022_printrescangray300/6068_scans-patents_lynn-conway-us5046022-rescan-gray_p010_2479x3230.jpg	https://codec-corpus.r2.imazen.org/imazen-26-png-v3/6000-lilith-scans-public-patents/lynn_conway_us5046022_printrescangray300/6068_scans-patents_lynn-conway-us5046022-rescan-gray_p010_2479x3230.sdr.png	1		0
6069	6000-lilith-scans-public-patents/lynn_conway_us5046022_printrescangray300/6069_scans-patents_lynn-conway-us5046022-rescan-gray_p011_2479x3230.jpg	https://codec-corpus.r2.imazen.org/imazen-26-png-v3/6000-lilith-scans-public-patents/lynn_conway_us5046022_printrescangray300/6069_scans-patents_lynn-conway-us5046022-rescan-gray_p011_2479x3230.sdr.png	1		0
6070	6000-lilith-scans-public-patents/lynn_conway_us5046022_printrescangray300/6070_scans-patents_lynn-conway-us5046022-rescan-gray_p012_2479x3230.jpg	https://codec-corpus.r2.imazen.org/imazen-26-png-v3/6000-lilith-scans-public-patents/lynn_conway_us5046022_printrescangray300/6070_scans-patents_lynn-conway-us5046022-rescan-gray_p012_2479x3230.sdr.png	1		0
6071	6000-lilith-scans-public-patents/lynn_conway_us5046022_printrescangray300/6071_scans-patents_lynn-conway-us5046022-rescan-gray_p013_2479x3230.jpg	https://codec-corpus.r2.imazen.org/imazen-26-png-v3/6000-lilith-scans-public-patents/lynn_conway_us5046022_printrescangray300/6071_scans-patents_lynn-conway-us5046022-rescan-gray_p013_2479x3230.sdr.png	1		0
6072	6000-lilith-scans-public-patents/lynn_conway_us5046022_printrescangray300/6072_scans-patents_lynn-conway-us5046022-rescan-gray_p014_2479x3230.jpg	https://codec-corpus.r2.imazen.org/imazen-26-png-v3/6000-lilith-scans-public-patents/lynn_conway_us5046022_printrescangray300/6072_scans-patents_lynn-conway-us5046022-rescan-gray_p014_2479x3230.sdr.png	1		0
6073	6000-lilith-scans-public-patents/lynn_conway_us5046022_printrescangray300/6073_scans-patents_lynn-conway-us5046022-rescan-gray_p015_2479x3230.jpg	https://codec-corpus.r2.imazen.org/imazen-26-png-v3/6000-lilith-scans-public-patents/lynn_conway_us5046022_printrescangray300/6073_scans-patents_lynn-conway-us5046022-rescan-gray_p015_2479x3230.sdr.png	1		0
6074	6000-lilith-scans-public-patents/lynn_conway_us5046022_printrescangray300/6074_scans-patents_lynn-conway-us5046022-rescan-gray_p016_2479x3230.jpg	https://codec-corpus.r2.imazen.org/imazen-26-png-v3/6000-lilith-scans-public-patents/lynn_conway_us5046022_printrescangray300/6074_scans-patents_lynn-conway-us5046022-rescan-gray_p016_2479x3230.sdr.png	1		0
6075	6000-lilith-scans-public-patents/lynn_conway_us5046022_printrescangray300/6075_scans-patents_lynn-conway-us5046022-rescan-gray_p017_2479x3230.jpg	https://codec-corpus.r2.imazen.org/imazen-26-png-v3/6000-lilith-scans-public-patents/lynn_conway_us5046022_printrescangray300/6075_scans-patents_lynn-conway-us5046022-rescan-gray_p017_2479x3230.sdr.png	1		0
6076	6000-lilith-scans-public-patents/lynn_conway_us5046022_printrescangray300/6076_scans-patents_lynn-conway-us5046022-rescan-gray_p018_2479x3230.jpg	https://codec-corpus.r2.imazen.org/imazen-26-png-v3/6000-lilith-scans-public-patents/lynn_conway_us5046022_printrescangray300/6076_scans-patents_lynn-conway-us5046022-rescan-gray_p018_2479x3230.sdr.png	1		0
6077	6000-lilith-scans-public-patents/lynn_conway_us5046022_printrescangray300/6077_scans-patents_lynn-conway-us5046022-rescan-gray_p019_2479x3230.jpg	https://codec-corpus.r2.imazen.org/imazen-26-png-v3/6000-lilith-scans-public-patents/lynn_conway_us5046022_printrescangray300/6077_scans-patents_lynn-conway-us5046022-rescan-gray_p019_2479x3230.sdr.png	1		0
6078	6000-lilith-scans-public-patents/lynn_conway_us5046022_printrescangray300/6078_scans-patents_lynn-conway-us5046022-rescan-gray_p020_2479x3230.jpg	https://codec-corpus.r2.imazen.org/imazen-26-png-v3/6000-lilith-scans-public-patents/lynn_conway_us5046022_printrescangray300/6078_scans-patents_lynn-conway-us5046022-rescan-gray_p020_2479x3230.sdr.png	1		0
6079	6000-lilith-scans-public-patents/lynn_conway_us5046022_printrescangray300/6079_scans-patents_lynn-conway-us5046022-rescan-gray_p021_2479x3230.jpg	https://codec-corpus.r2.imazen.org/imazen-26-png-v3/6000-lilith-scans-public-patents/lynn_conway_us5046022_printrescangray300/6079_scans-patents_lynn-conway-us5046022-rescan-gray_p021_2479x3230.sdr.png	1		0
6080	6000-lilith-scans-public-patents/lynn_conway_us5046022_printrescangray300/6080_scans-patents_lynn-conway-us5046022-rescan-gray_p022_2479x3230.jpg	https://codec-corpus.r2.imazen.org/imazen-26-png-v3/6000-lilith-scans-public-patents/lynn_conway_us5046022_printrescangray300/6080_scans-patents_lynn-conway-us5046022-rescan-gray_p022_2479x3230.sdr.png	1		0
6081	6000-lilith-scans-public-patents/lynn_conway_us5046022_printrescangray300/6081_scans-patents_lynn-conway-us5046022-rescan-gray_p023_2479x3230.jpg	https://codec-corpus.r2.imazen.org/imazen-26-png-v3/6000-lilith-scans-public-patents/lynn_conway_us5046022_printrescangray300/6081_scans-patents_lynn-conway-us5046022-rescan-gray_p023_2479x3230.sdr.png	1		0
6082	6000-lilith-scans-public-patents/lynn_conway_us5046022_printrescangray300/6082_scans-patents_lynn-conway-us5046022-rescan-gray_p024_2479x3230.jpg	https://codec-corpus.r2.imazen.org/imazen-26-png-v3/6000-lilith-scans-public-patents/lynn_conway_us5046022_printrescangray300/6082_scans-patents_lynn-conway-us5046022-rescan-gray_p024_2479x3230.sdr.png	1		0
6083	6000-lilith-scans-public-patents/lynn_conway_us5046022_printrescangray300/6083_scans-patents_lynn-conway-us5046022-rescan-gray_p025_2479x3230.jpg	https://codec-corpus.r2.imazen.org/imazen-26-png-v3/6000-lilith-scans-public-patents/lynn_conway_us5046022_printrescangray300/6083_scans-patents_lynn-conway-us5046022-rescan-gray_p025_2479x3230.sdr.png	1		0
6084	6000-lilith-scans-public-patents/lynn_conway_us5046022_printrescangray300/6084_scans-patents_lynn-conway-us5046022-rescan-gray_p026_2479x3230.jpg	https://codec-corpus.r2.imazen.org/imazen-26-png-v3/6000-lilith-scans-public-patents/lynn_conway_us5046022_printrescangray300/6084_scans-patents_lynn-conway-us5046022-rescan-gray_p026_2479x3230.sdr.png	1		0
6085	6000-lilith-scans-public-patents/lynn_conway_us5046022_printrescangray300/6085_scans-patents_lynn-conway-us5046022-rescan-gray_p027_2479x3230.jpg	https://codec-corpus.r2.imazen.org/imazen-26-png-v3/6000-lilith-scans-public-patents/lynn_conway_us5046022_printrescangray300/6085_scans-patents_lynn-conway-us5046022-rescan-gray_p027_2479x3230.sdr.png	1		0
6086	6000-lilith-scans-public-patents/lynn_conway_us5046022_printrescangray300/6086_scans-patents_lynn-conway-us5046022-rescan-gray_p028_2479x3230.jpg	https://codec-corpus.r2.imazen.org/imazen-26-png-v3/6000-lilith-scans-public-patents/lynn_conway_us5046022_printrescangray300/6086_scans-patents_lynn-conway-us5046022-rescan-gray_p028_2479x3230.sdr.png	1		0
6087	6000-lilith-scans-public-patents/lynn_conway_us5046022_printrescangray300/6087_scans-patents_lynn-conway-us5046022-rescan-gray_p029_2479x3230.jpg	https://codec-corpus.r2.imazen.org/imazen-26-png-v3/6000-lilith-scans-public-patents/lynn_conway_us5046022_printrescangray300/6087_scans-patents_lynn-conway-us5046022-rescan-gray_p029_2479x3230.sdr.png	1		0
6088	6000-lilith-scans-public-patents/lynn_conway_us5046022_printrescangray300/6088_scans-patents_lynn-conway-us5046022-rescan-gray_p030_2479x3230.jpg	https://codec-corpus.r2.imazen.org/imazen-26-png-v3/6000-lilith-scans-public-patents/lynn_conway_us5046022_printrescangray300/6088_scans-patents_lynn-conway-us5046022-rescan-gray_p030_2479x3230.sdr.png	1		0
6089	6000-lilith-scans-public-patents/martha_jones_us77494_1bitoriginal/6089_scans-patents_martha-jones-us77494-1bit_p001_2320x3408.png	https://codec-corpus.r2.imazen.org/imazen-26-png-v3/6000-lilith-scans-public-patents/martha_jones_us77494_1bitoriginal/6089_scans-patents_martha-jones-us77494-1bit_p001_2320x3408.sdr.png	1		0
6090	6000-lilith-scans-public-patents/martha_jones_us77494_1bitoriginal/6090_scans-patents_martha-jones-us77494-1bit_p002_2320x3408.png	https://codec-corpus.r2.imazen.org/imazen-26-png-v3/6000-lilith-scans-public-patents/martha_jones_us77494_1bitoriginal/6090_scans-patents_martha-jones-us77494-1bit_p002_2320x3408.sdr.png	1		0
6091	6000-lilith-scans-public-patents/martha_jones_us77494_1bitoriginal/6091_scans-patents_martha-jones-us77494-1bit_p003_2320x3408.png	https://codec-corpus.r2.imazen.org/imazen-26-png-v3/6000-lilith-scans-public-patents/martha_jones_us77494_1bitoriginal/6091_scans-patents_martha-jones-us77494-1bit_p003_2320x3408.sdr.png	1		0
6092	6000-lilith-scans-public-patents/martha_jones_us77494_printrescancolor300/6092_scans-patents_martha-jones-us77494-rescan-color_p001_2479x3230.jpg	https://codec-corpus.r2.imazen.org/imazen-26-png-v3/6000-lilith-scans-public-patents/martha_jones_us77494_printrescancolor300/6092_scans-patents_martha-jones-us77494-rescan-color_p001_2479x3230.sdr.png	1		0
6093	6000-lilith-scans-public-patents/martha_jones_us77494_printrescancolor300/6093_scans-patents_martha-jones-us77494-rescan-color_p002_2479x3230.jpg	https://codec-corpus.r2.imazen.org/imazen-26-png-v3/6000-lilith-scans-public-patents/martha_jones_us77494_printrescancolor300/6093_scans-patents_martha-jones-us77494-rescan-color_p002_2479x3230.sdr.png	1		0
6094	6000-lilith-scans-public-patents/martha_jones_us77494_printrescancolor300/6094_scans-patents_martha-jones-us77494-rescan-color_p003_2479x3230.jpg	https://codec-corpus.r2.imazen.org/imazen-26-png-v3/6000-lilith-scans-public-patents/martha_jones_us77494_printrescancolor300/6094_scans-patents_martha-jones-us77494-rescan-color_p003_2479x3230.sdr.png	1		0
6095	6000-lilith-scans-public-patents/martha_jones_us77494_printrescangrayscale300/6095_scans-patents_martha-jones-us77494-rescan-gray_p001_2479x3230.jpg	https://codec-corpus.r2.imazen.org/imazen-26-png-v3/6000-lilith-scans-public-patents/martha_jones_us77494_printrescangrayscale300/6095_scans-patents_martha-jones-us77494-rescan-gray_p001_2479x3230.sdr.png	1		0
6096	6000-lilith-scans-public-patents/martha_jones_us77494_printrescangrayscale300/6096_scans-patents_martha-jones-us77494-rescan-gray_p002_2479x3230.jpg	https://codec-corpus.r2.imazen.org/imazen-26-png-v3/6000-lilith-scans-public-patents/martha_jones_us77494_printrescangrayscale300/6096_scans-patents_martha-jones-us77494-rescan-gray_p002_2479x3230.sdr.png	1		0
6097	6000-lilith-scans-public-patents/martha_jones_us77494_printrescangrayscale300/6097_scans-patents_martha-jones-us77494-rescan-gray_p003_2479x3230.jpg	https://codec-corpus.r2.imazen.org/imazen-26-png-v3/6000-lilith-scans-public-patents/martha_jones_us77494_printrescangrayscale300/6097_scans-patents_martha-jones-us77494-rescan-gray_p003_2479x3230.sdr.png	1		0
6098	6000-lilith-scans-public-patents/yvonne_brill_us3807657_1bitoriginal/6098_scans-patents_yvonne-brill-us3807657-1bit_p001_2320x3408.png	https://codec-corpus.r2.imazen.org/imazen-26-png-v3/6000-lilith-scans-public-patents/yvonne_brill_us3807657_1bitoriginal/6098_scans-patents_yvonne-brill-us3807657-1bit_p001_2320x3408.sdr.png	1		0
6099	6000-lilith-scans-public-patents/yvonne_brill_us3807657_1bitoriginal/6099_scans-patents_yvonne-brill-us3807657-1bit_p002_2320x3408.png	https://codec-corpus.r2.imazen.org/imazen-26-png-v3/6000-lilith-scans-public-patents/yvonne_brill_us3807657_1bitoriginal/6099_scans-patents_yvonne-brill-us3807657-1bit_p002_2320x3408.sdr.png	1		0
6100	6000-lilith-scans-public-patents/yvonne_brill_us3807657_1bitoriginal/6100_scans-patents_yvonne-brill-us3807657-1bit_p003_2320x3408.png	https://codec-corpus.r2.imazen.org/imazen-26-png-v3/6000-lilith-scans-public-patents/yvonne_brill_us3807657_1bitoriginal/6100_scans-patents_yvonne-brill-us3807657-1bit_p003_2320x3408.sdr.png	1		0
6101	6000-lilith-scans-public-patents/yvonne_brill_us3807657_1bitoriginal/6101_scans-patents_yvonne-brill-us3807657-1bit_p004_2320x3408.png	https://codec-corpus.r2.imazen.org/imazen-26-png-v3/6000-lilith-scans-public-patents/yvonne_brill_us3807657_1bitoriginal/6101_scans-patents_yvonne-brill-us3807657-1bit_p004_2320x3408.sdr.png	1		0
6102	6000-lilith-scans-public-patents/yvonne_brill_us3807657_1bitoriginal/6102_scans-patents_yvonne-brill-us3807657-1bit_p005_2320x3408.png	https://codec-corpus.r2.imazen.org/imazen-26-png-v3/6000-lilith-scans-public-patents/yvonne_brill_us3807657_1bitoriginal/6102_scans-patents_yvonne-brill-us3807657-1bit_p005_2320x3408.sdr.png	1		0
6103	6000-lilith-scans-public-patents/yvonne_brill_us3807657_1bitoriginal/6103_scans-patents_yvonne-brill-us3807657-1bit_p006_2320x3408.png	https://codec-corpus.r2.imazen.org/imazen-26-png-v3/6000-lilith-scans-public-patents/yvonne_brill_us3807657_1bitoriginal/6103_scans-patents_yvonne-brill-us3807657-1bit_p006_2320x3408.sdr.png	1		0
6104	6000-lilith-scans-public-patents/yvonne_brill_us3807657_1bitoriginal/6104_scans-patents_yvonne-brill-us3807657-1bit_p007_2320x3408.png	https://codec-corpus.r2.imazen.org/imazen-26-png-v3/6000-lilith-scans-public-patents/yvonne_brill_us3807657_1bitoriginal/6104_scans-patents_yvonne-brill-us3807657-1bit_p007_2320x3408.sdr.png	1		0
6105	6000-lilith-scans-public-patents/yvonne_brill_us3807657_printrescancolor300/6105_scans-patents_yvonne-brill-us3807657-rescan-color_p001_2479x3230.jpg	https://codec-corpus.r2.imazen.org/imazen-26-png-v3/6000-lilith-scans-public-patents/yvonne_brill_us3807657_printrescancolor300/6105_scans-patents_yvonne-brill-us3807657-rescan-color_p001_2479x3230.sdr.png	1		0
6106	6000-lilith-scans-public-patents/yvonne_brill_us3807657_printrescancolor300/6106_scans-patents_yvonne-brill-us3807657-rescan-color_p002_2479x3230.jpg	https://codec-corpus.r2.imazen.org/imazen-26-png-v3/6000-lilith-scans-public-patents/yvonne_brill_us3807657_printrescancolor300/6106_scans-patents_yvonne-brill-us3807657-rescan-color_p002_2479x3230.sdr.png	1		0
6107	6000-lilith-scans-public-patents/yvonne_brill_us3807657_printrescancolor300/6107_scans-patents_yvonne-brill-us3807657-rescan-color_p003_2479x3230.jpg	https://codec-corpus.r2.imazen.org/imazen-26-png-v3/6000-lilith-scans-public-patents/yvonne_brill_us3807657_printrescancolor300/6107_scans-patents_yvonne-brill-us3807657-rescan-color_p003_2479x3230.sdr.png	1		0
6108	6000-lilith-scans-public-patents/yvonne_brill_us3807657_printrescancolor300/6108_scans-patents_yvonne-brill-us3807657-rescan-color_p004_2479x3230.jpg	https://codec-corpus.r2.imazen.org/imazen-26-png-v3/6000-lilith-scans-public-patents/yvonne_brill_us3807657_printrescancolor300/6108_scans-patents_yvonne-brill-us3807657-rescan-color_p004_2479x3230.sdr.png	1		0
6109	6000-lilith-scans-public-patents/yvonne_brill_us3807657_printrescangray300/6109_scans-patents_yvonne-brill-us3807657-rescan-gray_p001_2479x3230.jpg	https://codec-corpus.r2.imazen.org/imazen-26-png-v3/6000-lilith-scans-public-patents/yvonne_brill_us3807657_printrescangray300/6109_scans-patents_yvonne-brill-us3807657-rescan-gray_p001_2479x3230.sdr.png	1		0
6110	6000-lilith-scans-public-patents/yvonne_brill_us3807657_printrescangray300/6110_scans-patents_yvonne-brill-us3807657-rescan-gray_p002_2479x3230.jpg	https://codec-corpus.r2.imazen.org/imazen-26-png-v3/6000-lilith-scans-public-patents/yvonne_brill_us3807657_printrescangray300/6110_scans-patents_yvonne-brill-us3807657-rescan-gray_p002_2479x3230.sdr.png	1		0
6111	6000-lilith-scans-public-patents/yvonne_brill_us3807657_printrescangray300/6111_scans-patents_yvonne-brill-us3807657-rescan-gray_p003_2479x3230.jpg	https://codec-corpus.r2.imazen.org/imazen-26-png-v3/6000-lilith-scans-public-patents/yvonne_brill_us3807657_printrescangray300/6111_scans-patents_yvonne-brill-us3807657-rescan-gray_p003_2479x3230.sdr.png	1		0
6112	6000-lilith-scans-public-patents/yvonne_brill_us3807657_printrescangray300/6112_scans-patents_yvonne-brill-us3807657-rescan-gray_p004_2479x3230.jpg	https://codec-corpus.r2.imazen.org/imazen-26-png-v3/6000-lilith-scans-public-patents/yvonne_brill_us3807657_printrescangray300/6112_scans-patents_yvonne-brill-us3807657-rescan-gray_p004_2479x3230.sdr.png	1		0
6600	6600-ia-scans-manuscript-illustrations/6600_scans-illustrations_haeckel-cephalopods_plate0007_4988x7151.png	https://codec-corpus.r2.imazen.org/imazen-26-png-v3/6600-ia-scans-manuscript-illustrations/6600_scans-illustrations_haeckel-cephalopods_plate0007_4988x7151.sdr.png	1		0
6601	6600-ia-scans-manuscript-illustrations/6601_scans-illustrations_haeckel-radiolaria-green_plate0034_4892x7178.png	https://codec-corpus.r2.imazen.org/imazen-26-png-v3/6600-ia-scans-manuscript-illustrations/6601_scans-illustrations_haeckel-radiolaria-green_plate0034_4892x7178.sdr.png	1		0
6602	6600-ia-scans-manuscript-illustrations/6602_scans-illustrations_haeckel-starfish_plate0040_4961x7277.png	https://codec-corpus.r2.imazen.org/imazen-26-png-v3/6600-ia-scans-manuscript-illustrations/6602_scans-illustrations_haeckel-starfish_plate0040_4961x7277.sdr.png	1		0
6603	6600-ia-scans-manuscript-illustrations/6603_scans-illustrations_haeckel-trilobites_plate0047_4808x7108.png	https://codec-corpus.r2.imazen.org/imazen-26-png-v3/6600-ia-scans-manuscript-illustrations/6603_scans-illustrations_haeckel-trilobites_plate0047_4808x7108.sdr.png	1		0
6604	6600-ia-scans-manuscript-illustrations/6604_scans-illustrations_haeckel-moths_plate0058_4865x7207.png	https://codec-corpus.r2.imazen.org/imazen-26-png-v3/6600-ia-scans-manuscript-illustrations/6604_scans-illustrations_haeckel-moths_plate0058_4865x7207.sdr.png	1		0
6605	6600-ia-scans-manuscript-illustrations/6605_scans-illustrations_haeckel-pitcher-plants_plate0062_4988x7412.png	https://codec-corpus.r2.imazen.org/imazen-26-png-v3/6600-ia-scans-manuscript-illustrations/6605_scans-illustrations_haeckel-pitcher-plants_plate0062_4988x7412.sdr.png	1		0
6606	6600-ia-scans-manuscript-illustrations/6606_scans-illustrations_haeckel-red-algae_plate0065_5015x7275.png	https://codec-corpus.r2.imazen.org/imazen-26-png-v3/6600-ia-scans-manuscript-illustrations/6606_scans-illustrations_haeckel-red-algae_plate0065_5015x7275.sdr.png	1		0
6607	6600-ia-scans-manuscript-illustrations/6607_scans-illustrations_haeckel-radiolaria-spheres_plate0090_4918x7246.png	https://codec-corpus.r2.imazen.org/imazen-26-png-v3/6600-ia-scans-manuscript-illustrations/6607_scans-illustrations_haeckel-radiolaria-spheres_plate0090_4918x7246.sdr.png	1		0
6608	6600-ia-scans-manuscript-illustrations/6608_scans-illustrations_hokusai-figure-studies_plate0006_6030x4806.png	https://codec-corpus.r2.imazen.org/imazen-26-png-v3/6600-ia-scans-manuscript-illustrations/6608_scans-illustrations_hokusai-figure-studies_plate0006_6030x4806.sdr.png	1		0
6609	6600-ia-scans-manuscript-illustrations/6609_scans-illustrations_hokusai-insects-creatures_plate0019_6234x4925.png	https://codec-corpus.r2.imazen.org/imazen-26-png-v3/6600-ia-scans-manuscript-illustrations/6609_scans-illustrations_hokusai-insects-creatures_plate0019_6234x4925.sdr.png	1		0
6610	6600-ia-scans-manuscript-illustrations/6610_scans-illustrations_hokusai-boats-waves_plate0024_6147x4840.png	https://codec-corpus.r2.imazen.org/imazen-26-png-v3/6600-ia-scans-manuscript-illustrations/6610_scans-illustrations_hokusai-boats-waves_plate0024_6147x4840.sdr.png	1		0
6611	6600-ia-scans-manuscript-illustrations/6611_scans-illustrations_hokusai-landscape-bridges_plate0027_6166x4823.png	https://codec-corpus.r2.imazen.org/imazen-26-png-v3/6600-ia-scans-manuscript-illustrations/6611_scans-illustrations_hokusai-landscape-bridges_plate0027_6166x4823.sdr.png	1		0
6612	6600-ia-scans-manuscript-illustrations/6612_scans-illustrations_owenjones-egyptian-columns_plate0050_2071x3000.png	https://codec-corpus.r2.imazen.org/imazen-26-png-v3/6600-ia-scans-manuscript-illustrations/6612_scans-illustrations_owenjones-egyptian-columns_plate0050_2071x3000.sdr.png	1		0
6613	6600-ia-scans-manuscript-illustrations/6613_scans-illustrations_owenjones-colour-bands_plate0070_1996x3000.png	https://codec-corpus.r2.imazen.org/imazen-26-png-v3/6600-ia-scans-manuscript-illustrations/6613_scans-illustrations_owenjones-colour-bands_plate0070_1996x3000.sdr.png	1		0
6614	6600-ia-scans-manuscript-illustrations/6614_scans-illustrations_owenjones-moorish-arches_plate0248_2016x3000.png	https://codec-corpus.r2.imazen.org/imazen-26-png-v3/6600-ia-scans-manuscript-illustrations/6614_scans-illustrations_owenjones-moorish-arches_plate0248_2016x3000.sdr.png	1		0
6615	6600-ia-scans-manuscript-illustrations/6615_scans-illustrations_owenjones-moorish-tiles_plate0418_2075x3000.png	https://codec-corpus.r2.imazen.org/imazen-26-png-v3/6600-ia-scans-manuscript-illustrations/6615_scans-illustrations_owenjones-moorish-tiles_plate0418_2075x3000.sdr.png	1		0
6616	6600-ia-scans-manuscript-illustrations/6616_scans-illustrations_owenjones-renaissance-panels_plate0540_2055x3000.png	https://codec-corpus.r2.imazen.org/imazen-26-png-v3/6600-ia-scans-manuscript-illustrations/6616_scans-illustrations_owenjones-renaissance-panels_plate0540_2055x3000.sdr.png	1		0
6617	6600-ia-scans-manuscript-illustrations/6617_scans-illustrations_owenjones-persian-medallion_plate0556_2055x3000.png	https://codec-corpus.r2.imazen.org/imazen-26-png-v3/6600-ia-scans-manuscript-illustrations/6617_scans-illustrations_owenjones-persian-medallion_plate0556_2055x3000.sdr.png	1		0
6618	6600-ia-scans-manuscript-illustrations/6618_scans-illustrations_redoute-rose-magenta_plate0047_2912x4368.png	https://codec-corpus.r2.imazen.org/imazen-26-png-v3/6600-ia-scans-manuscript-illustrations/6618_scans-illustrations_redoute-rose-magenta_plate0047_2912x4368.sdr.png	1		0
6619	6600-ia-scans-manuscript-illustrations/6619_scans-illustrations_redoute-rose-pale-pink_plate0057_2912x4368.png	https://codec-corpus.r2.imazen.org/imazen-26-png-v3/6600-ia-scans-manuscript-illustrations/6619_scans-illustrations_redoute-rose-pale-pink_plate0057_2912x4368.sdr.png	1		0
6620	6600-ia-scans-manuscript-illustrations/6620_scans-illustrations_redoute-rose-red-cluster_plate0173_2912x4368.png	https://codec-corpus.r2.imazen.org/imazen-26-png-v3/6600-ia-scans-manuscript-illustrations/6620_scans-illustrations_redoute-rose-red-cluster_plate0173_2912x4368.sdr.png	1		0
6621	6600-ia-scans-manuscript-illustrations/6621_scans-illustrations_redoute-rose-pink-cluster_plate0243_2912x4368.png	https://codec-corpus.r2.imazen.org/imazen-26-png-v3/6600-ia-scans-manuscript-illustrations/6621_scans-illustrations_redoute-rose-pink-cluster_plate0243_2912x4368.sdr.png	1		0
6622	6600-ia-scans-manuscript-illustrations/6622_scans-illustrations_redoute-rose-deep-pink_plate0255_2912x4368.png	https://codec-corpus.r2.imazen.org/imazen-26-png-v3/6600-ia-scans-manuscript-illustrations/6622_scans-illustrations_redoute-rose-deep-pink_plate0255_2912x4368.sdr.png	1		0
6623	6600-ia-scans-manuscript-illustrations/6623_scans-illustrations_shinbijutsukai-chrysanthemum_plate0003_2844x4410.png	https://codec-corpus.r2.imazen.org/imazen-26-png-v3/6600-ia-scans-manuscript-illustrations/6623_scans-illustrations_shinbijutsukai-chrysanthemum_plate0003_2844x4410.sdr.png	1		0
6624	6600-ia-scans-manuscript-illustrations/6624_scans-illustrations_shinbijutsukai-flame-flower_plate0005_2844x4410.png	https://codec-corpus.r2.imazen.org/imazen-26-png-v3/6600-ia-scans-manuscript-illustrations/6624_scans-illustrations_shinbijutsukai-flame-flower_plate0005_2844x4410.sdr.png	1		0
6625	6600-ia-scans-manuscript-illustrations/6625_scans-illustrations_shinbijutsukai-geometric-lattice_plate0010_2844x4410.png	https://codec-corpus.r2.imazen.org/imazen-26-png-v3/6600-ia-scans-manuscript-illustrations/6625_scans-illustrations_shinbijutsukai-geometric-lattice_plate0010_2844x4410.sdr.png	1		0
6626	6600-ia-scans-manuscript-illustrations/6626_scans-illustrations_shinbijutsukai-flowing-lines_plate0016_2844x4410.png	https://codec-corpus.r2.imazen.org/imazen-26-png-v3/6600-ia-scans-manuscript-illustrations/6626_scans-illustrations_shinbijutsukai-flowing-lines_plate0016_2844x4410.sdr.png	1		0
6627	6600-ia-scans-manuscript-illustrations/6627_scans-illustrations_shinbijutsukai-cherry-blossoms_plate0020_2844x4410.png	https://codec-corpus.r2.imazen.org/imazen-26-png-v3/6600-ia-scans-manuscript-illustrations/6627_scans-illustrations_shinbijutsukai-cherry-blossoms_plate0020_2844x4410.sdr.png	1		0
6628	6600-ia-scans-manuscript-illustrations/6628_scans-illustrations_trouvelot-sunspots_plate01_5133x4944.png	https://codec-corpus.r2.imazen.org/imazen-26-png-v3/6600-ia-scans-manuscript-illustrations/6628_scans-illustrations_trouvelot-sunspots_plate01_5133x4944.sdr.png	1		0
6629	6600-ia-scans-manuscript-illustrations/6629_scans-illustrations_trouvelot-solar-eclipse_plate03_4943x4583.png	https://codec-corpus.r2.imazen.org/imazen-26-png-v3/6600-ia-scans-manuscript-illustrations/6629_scans-illustrations_trouvelot-solar-eclipse_plate03_4943x4583.sdr.png	1		0
6630	6600-ia-scans-manuscript-illustrations/6630_scans-illustrations_trouvelot-aurora_plate04_5133x4773.png	https://codec-corpus.r2.imazen.org/imazen-26-png-v3/6600-ia-scans-manuscript-illustrations/6630_scans-illustrations_trouvelot-aurora_plate04_5133x4773.sdr.png	1		0
6631	6600-ia-scans-manuscript-illustrations/6631_scans-illustrations_trouvelot-mars_plate08_5140x4467.png	https://codec-corpus.r2.imazen.org/imazen-26-png-v3/6600-ia-scans-manuscript-illustrations/6631_scans-illustrations_trouvelot-mars_plate08_5140x4467.sdr.png	1		0
6632	6600-ia-scans-manuscript-illustrations/6632_scans-illustrations_trouvelot-jupiter_plate09_5133x4709.png	https://codec-corpus.r2.imazen.org/imazen-26-png-v3/6600-ia-scans-manuscript-illustrations/6632_scans-illustrations_trouvelot-jupiter_plate09_5133x4709.sdr.png	1		0
6633	6600-ia-scans-manuscript-illustrations/6633_scans-illustrations_trouvelot-saturn_plate10_5140x4467.png	https://codec-corpus.r2.imazen.org/imazen-26-png-v3/6600-ia-scans-manuscript-illustrations/6633_scans-illustrations_trouvelot-saturn_plate10_5140x4467.sdr.png	1		0
6634	6600-ia-scans-manuscript-illustrations/6634_scans-illustrations_trouvelot-comet_plate11_4427x5133.png	https://codec-corpus.r2.imazen.org/imazen-26-png-v3/6600-ia-scans-manuscript-illustrations/6634_scans-illustrations_trouvelot-comet_plate11_4427x5133.sdr.png	1		0
6635	6600-ia-scans-manuscript-illustrations/6635_scans-illustrations_trouvelot-orion-nebula_plate15_5133x4712.png	https://codec-corpus.r2.imazen.org/imazen-26-png-v3/6600-ia-scans-manuscript-illustrations/6635_scans-illustrations_trouvelot-orion-nebula_plate15_5133x4712.sdr.png	1		0
6800	6800-ia-scans-manuscript-text/6800_scans-text_haeckel-de-title_p0007_2548x3909.png	https://codec-corpus.r2.imazen.org/imazen-26-png-v3/6800-ia-scans-manuscript-text/6800_scans-text_haeckel-de-title_p0007_2548x3909.sdr.png	1		0
6801	6800-ia-scans-manuscript-text/6801_scans-text_haeckel-de-preface_p0009_2581x3909.png	https://codec-corpus.r2.imazen.org/imazen-26-png-v3/6800-ia-scans-manuscript-text/6801_scans-text_haeckel-de-preface_p0009_2581x3909.sdr.png	1		0
6802	6800-ia-scans-manuscript-text/6802_scans-text_haeckel-de-systematic_p0011_2581x3909.png	https://codec-corpus.r2.imazen.org/imazen-26-png-v3/6800-ia-scans-manuscript-text/6802_scans-text_haeckel-de-systematic_p0011_2581x3909.sdr.png	1		0
6803	6800-ia-scans-manuscript-text/6803_scans-text_haeckel-de-description_p0013_2581x3909.png	https://codec-corpus.r2.imazen.org/imazen-26-png-v3/6800-ia-scans-manuscript-text/6803_scans-text_haeckel-de-description_p0013_2581x3909.sdr.png	1		0
6804	6800-ia-scans-manuscript-text/6804_scans-text_haeckel-de-description_p0017_2581x3909.png	https://codec-corpus.r2.imazen.org/imazen-26-png-v3/6800-ia-scans-manuscript-text/6804_scans-text_haeckel-de-description_p0017_2581x3909.sdr.png	1		0
6805	6800-ia-scans-manuscript-text/6805_scans-text_haeckel-de-description_p0023_2581x3909.png	https://codec-corpus.r2.imazen.org/imazen-26-png-v3/6800-ia-scans-manuscript-text/6805_scans-text_haeckel-de-description_p0023_2581x3909.sdr.png	1		0
6806	6800-ia-scans-manuscript-text/6806_scans-text_hokusai-ja-woodblock_p0002_6081x4806.png	https://codec-corpus.r2.imazen.org/imazen-26-png-v3/6800-ia-scans-manuscript-text/6806_scans-text_hokusai-ja-woodblock_p0002_6081x4806.sdr.png	1		0
6807	6800-ia-scans-manuscript-text/6807_scans-text_hokusai-ja-woodblock_p0029_6166x4857.png	https://codec-corpus.r2.imazen.org/imazen-26-png-v3/6800-ia-scans-manuscript-text/6807_scans-text_hokusai-ja-woodblock_p0029_6166x4857.sdr.png	1		0
6808	6800-ia-scans-manuscript-text/6808_scans-text_hokusai-ja-woodblock_p0030_6196x4845.png	https://codec-corpus.r2.imazen.org/imazen-26-png-v3/6800-ia-scans-manuscript-text/6808_scans-text_hokusai-ja-woodblock_p0030_6196x4845.sdr.png	1		0
6809	6800-ia-scans-manuscript-text/6809_scans-text_owenjones-en-title_p0008_2002x3000.png	https://codec-corpus.r2.imazen.org/imazen-26-png-v3/6800-ia-scans-manuscript-text/6809_scans-text_owenjones-en-title_p0008_2002x3000.sdr.png	1		0
6810	6800-ia-scans-manuscript-text/6810_scans-text_owenjones-en-preface_p0010_2002x3000.png	https://codec-corpus.r2.imazen.org/imazen-26-png-v3/6800-ia-scans-manuscript-text/6810_scans-text_owenjones-en-preface_p0010_2002x3000.sdr.png	1		0
6811	6800-ia-scans-manuscript-text/6811_scans-text_owenjones-en-preface_p0011_2046x3000.png	https://codec-corpus.r2.imazen.org/imazen-26-png-v3/6800-ia-scans-manuscript-text/6811_scans-text_owenjones-en-preface_p0011_2046x3000.sdr.png	1		0
6812	6800-ia-scans-manuscript-text/6812_scans-text_owenjones-en-preface_p0012_2003x3000.png	https://codec-corpus.r2.imazen.org/imazen-26-png-v3/6800-ia-scans-manuscript-text/6812_scans-text_owenjones-en-preface_p0012_2003x3000.sdr.png	1		0
6813	6800-ia-scans-manuscript-text/6813_scans-text_owenjones-en-preface_p0018_1999x3000.png	https://codec-corpus.r2.imazen.org/imazen-26-png-v3/6800-ia-scans-manuscript-text/6813_scans-text_owenjones-en-preface_p0018_1999x3000.sdr.png	1		0
6814	6800-ia-scans-manuscript-text/6814_scans-text_owenjones-en-plate-list_p0020_2002x3000.png	https://codec-corpus.r2.imazen.org/imazen-26-png-v3/6800-ia-scans-manuscript-text/6814_scans-text_owenjones-en-plate-list_p0020_2002x3000.sdr.png	1		0
6815	6800-ia-scans-manuscript-text/6815_scans-text_owenjones-en-plate-list_p0021_2046x3000.png	https://codec-corpus.r2.imazen.org/imazen-26-png-v3/6800-ia-scans-manuscript-text/6815_scans-text_owenjones-en-plate-list_p0021_2046x3000.sdr.png	1		0
6816	6800-ia-scans-manuscript-text/6816_scans-text_owenjones-en-essay_p0041_2027x3000.png	https://codec-corpus.r2.imazen.org/imazen-26-png-v3/6800-ia-scans-manuscript-text/6816_scans-text_owenjones-en-essay_p0041_2027x3000.sdr.png	1		0
6817	6800-ia-scans-manuscript-text/6817_scans-text_owenjones-en-essay_p0043_2027x3000.png	https://codec-corpus.r2.imazen.org/imazen-26-png-v3/6800-ia-scans-manuscript-text/6817_scans-text_owenjones-en-essay_p0043_2027x3000.sdr.png	1		0
6818	6800-ia-scans-manuscript-text/6818_scans-text_owenjones-en-essay_p0045_2040x3000.png	https://codec-corpus.r2.imazen.org/imazen-26-png-v3/6800-ia-scans-manuscript-text/6818_scans-text_owenjones-en-essay_p0045_2040x3000.sdr.png	1		0
6819	6800-ia-scans-manuscript-text/6819_scans-text_owenjones-en-essay_p0047_2040x3000.png	https://codec-corpus.r2.imazen.org/imazen-26-png-v3/6800-ia-scans-manuscript-text/6819_scans-text_owenjones-en-essay_p0047_2040x3000.sdr.png	1		0
6820	6800-ia-scans-manuscript-text/6820_scans-text_redoute-fr-description_p0040_2415x3528.png	https://codec-corpus.r2.imazen.org/imazen-26-png-v3/6800-ia-scans-manuscript-text/6820_scans-text_redoute-fr-description_p0040_2415x3528.sdr.png	1		0
6821	6800-ia-scans-manuscript-text/6821_scans-text_redoute-fr-description_p0045_2387x3519.png	https://codec-corpus.r2.imazen.org/imazen-26-png-v3/6800-ia-scans-manuscript-text/6821_scans-text_redoute-fr-description_p0045_2387x3519.sdr.png	1		0
6822	6800-ia-scans-manuscript-text/6822_scans-text_redoute-fr-description_p0046_2415x3528.png	https://codec-corpus.r2.imazen.org/imazen-26-png-v3/6800-ia-scans-manuscript-text/6822_scans-text_redoute-fr-description_p0046_2415x3528.sdr.png	1		0
6823	6800-ia-scans-manuscript-text/6823_scans-text_redoute-fr-description_p0051_2387x3519.png	https://codec-corpus.r2.imazen.org/imazen-26-png-v3/6800-ia-scans-manuscript-text/6823_scans-text_redoute-fr-description_p0051_2387x3519.sdr.png	1		0
6824	6800-ia-scans-manuscript-text/6824_scans-text_redoute-fr-description_p0052_2415x3528.png	https://codec-corpus.r2.imazen.org/imazen-26-png-v3/6800-ia-scans-manuscript-text/6824_scans-text_redoute-fr-description_p0052_2415x3528.sdr.png	1		0
6825	6800-ia-scans-manuscript-text/6825_scans-text_redoute-fr-description_p0060_2415x3528.png	https://codec-corpus.r2.imazen.org/imazen-26-png-v3/6800-ia-scans-manuscript-text/6825_scans-text_redoute-fr-description_p0060_2415x3528.sdr.png	1		0
6826	6800-ia-scans-manuscript-text/6826_scans-text_redoute-fr-description_p0066_2415x3528.png	https://codec-corpus.r2.imazen.org/imazen-26-png-v3/6800-ia-scans-manuscript-text/6826_scans-text_redoute-fr-description_p0066_2415x3528.sdr.png	1		0
6827	6800-ia-scans-manuscript-text/6827_scans-text_redoute-fr-description_p0079_2445x3519.png	https://codec-corpus.r2.imazen.org/imazen-26-png-v3/6800-ia-scans-manuscript-text/6827_scans-text_redoute-fr-description_p0079_2445x3519.sdr.png	1		0
6828	6800-ia-scans-manuscript-text/6828_scans-text_redoute-fr-description_p0095_2445x3519.png	https://codec-corpus.r2.imazen.org/imazen-26-png-v3/6800-ia-scans-manuscript-text/6828_scans-text_redoute-fr-description_p0095_2445x3519.sdr.png	1		0
6829	6800-ia-scans-manuscript-text/6829_scans-text_redoute-fr-description_p0121_2445x3519.png	https://codec-corpus.r2.imazen.org/imazen-26-png-v3/6800-ia-scans-manuscript-text/6829_scans-text_redoute-fr-description_p0121_2445x3519.sdr.png	1		0
6830	6800-ia-scans-manuscript-text/6830_scans-text_redoute-fr-description_p0122_2415x3528.png	https://codec-corpus.r2.imazen.org/imazen-26-png-v3/6800-ia-scans-manuscript-text/6830_scans-text_redoute-fr-description_p0122_2415x3528.sdr.png	1		0
6831	6800-ia-scans-manuscript-text/6831_scans-text_redoute-fr-description_p0133_2445x3519.png	https://codec-corpus.r2.imazen.org/imazen-26-png-v3/6800-ia-scans-manuscript-text/6831_scans-text_redoute-fr-description_p0133_2445x3519.sdr.png	1		0
6832	6800-ia-scans-manuscript-text/6832_scans-text_redoute-fr-description_p0139_2445x3519.png	https://codec-corpus.r2.imazen.org/imazen-26-png-v3/6800-ia-scans-manuscript-text/6832_scans-text_redoute-fr-description_p0139_2445x3519.sdr.png	1		0
6833	6800-ia-scans-manuscript-text/6833_scans-text_redoute-fr-description_p0146_2415x3528.png	https://codec-corpus.r2.imazen.org/imazen-26-png-v3/6800-ia-scans-manuscript-text/6833_scans-text_redoute-fr-description_p0146_2415x3528.sdr.png	1		0
6834	6800-ia-scans-manuscript-text/6834_scans-text_redoute-fr-description_p0156_2415x3528.png	https://codec-corpus.r2.imazen.org/imazen-26-png-v3/6800-ia-scans-manuscript-text/6834_scans-text_redoute-fr-description_p0156_2415x3528.sdr.png	1		0
6835	6800-ia-scans-manuscript-text/6835_scans-text_shinbijutsukai-ja-letterpress_p0023_2844x4410.png	https://codec-corpus.r2.imazen.org/imazen-26-png-v3/6800-ia-scans-manuscript-text/6835_scans-text_shinbijutsukai-ja-letterpress_p0023_2844x4410.sdr.png	1		0
7000	7000-lilith-plots/aliased-line-patterns/7000_plots_line-00056-s6bcec02a_1024x1024.png	https://codec-corpus.r2.imazen.org/imazen-26-png-v3/7000-lilith-plots/aliased-line-patterns/7000_plots_line-00056-s6bcec02a_1024x1024.sdr.png	1		0
7001	7000-lilith-plots/aliased-line-patterns/7001_plots_line-00099-s07ea3f1a_1024x1024.png	https://codec-corpus.r2.imazen.org/imazen-26-png-v3/7000-lilith-plots/aliased-line-patterns/7001_plots_line-00099-s07ea3f1a_1024x1024.sdr.png	1		0
7002	7000-lilith-plots/aliased-line-patterns/7002_plots_line-00118-s306ca2bd_1024x1024.png	https://codec-corpus.r2.imazen.org/imazen-26-png-v3/7000-lilith-plots/aliased-line-patterns/7002_plots_line-00118-s306ca2bd_1024x1024.sdr.png	1		0
7003	7000-lilith-plots/aliased-line-patterns/7003_plots_line-00208-s6c4f8551_1024x1024.png	https://codec-corpus.r2.imazen.org/imazen-26-png-v3/7000-lilith-plots/aliased-line-patterns/7003_plots_line-00208-s6c4f8551_1024x1024.sdr.png	1		0
7004	7000-lilith-plots/aliased-line-patterns/7004_plots_line-00248-s7c5ddcfb_1024x1024.png	https://codec-corpus.r2.imazen.org/imazen-26-png-v3/7000-lilith-plots/aliased-line-patterns/7004_plots_line-00248-s7c5ddcfb_1024x1024.sdr.png	1		0
7005	7000-lilith-plots/aliased-line-patterns/7005_plots_line-00260-s5da77574_1024x1024.png	https://codec-corpus.r2.imazen.org/imazen-26-png-v3/7000-lilith-plots/aliased-line-patterns/7005_plots_line-00260-s5da77574_1024x1024.sdr.png	1		0
7006	7000-lilith-plots/aliased-lines/7006_plots_line-00012-s2be0c08d_1024x1024.png	https://codec-corpus.r2.imazen.org/imazen-26-png-v3/7000-lilith-plots/aliased-lines/7006_plots_line-00012-s2be0c08d_1024x1024.sdr.png	1		0
7007	7000-lilith-plots/aliased-lines/7007_plots_line-00020-s1aac7045_1024x1024.png	https://codec-corpus.r2.imazen.org/imazen-26-png-v3/7000-lilith-plots/aliased-lines/7007_plots_line-00020-s1aac7045_1024x1024.sdr.png	1		0
7008	7000-lilith-plots/aliased-lines/7008_plots_line-00027-s195cfe6a_1024x1024.png	https://codec-corpus.r2.imazen.org/imazen-26-png-v3/7000-lilith-plots/aliased-lines/7008_plots_line-00027-s195cfe6a_1024x1024.sdr.png	1		0
7009	7000-lilith-plots/aliased-lines/7009_plots_line-00057-s0433bb30_1024x1024.png	https://codec-corpus.r2.imazen.org/imazen-26-png-v3/7000-lilith-plots/aliased-lines/7009_plots_line-00057-s0433bb30_1024x1024.sdr.png	1		0
7010	7000-lilith-plots/aliased-lines/7010_plots_line-00069-s46326869_1024x1024.png	https://codec-corpus.r2.imazen.org/imazen-26-png-v3/7000-lilith-plots/aliased-lines/7010_plots_line-00069-s46326869_1024x1024.sdr.png	1		0
7011	7000-lilith-plots/aliased-lines/7011_plots_line-00121-s3491d29b_1024x1024.png	https://codec-corpus.r2.imazen.org/imazen-26-png-v3/7000-lilith-plots/aliased-lines/7011_plots_line-00121-s3491d29b_1024x1024.sdr.png	1		0
7012	7000-lilith-plots/aliased-lines/7012_plots_line-00127-s7957de6d_1024x1024.png	https://codec-corpus.r2.imazen.org/imazen-26-png-v3/7000-lilith-plots/aliased-lines/7012_plots_line-00127-s7957de6d_1024x1024.sdr.png	1		0
7013	7000-lilith-plots/aliased-lines/7013_plots_line-00146-s6f881573_1024x1024.png	https://codec-corpus.r2.imazen.org/imazen-26-png-v3/7000-lilith-plots/aliased-lines/7013_plots_line-00146-s6f881573_1024x1024.sdr.png	1		0
7014	7000-lilith-plots/aliased-lines/7014_plots_line-00147-s01eaff1e_1024x1024.png	https://codec-corpus.r2.imazen.org/imazen-26-png-v3/7000-lilith-plots/aliased-lines/7014_plots_line-00147-s01eaff1e_1024x1024.sdr.png	1		0
7015	7000-lilith-plots/aliased-lines/7015_plots_line-00151-s49cff644_1024x1024.png	https://codec-corpus.r2.imazen.org/imazen-26-png-v3/7000-lilith-plots/aliased-lines/7015_plots_line-00151-s49cff644_1024x1024.sdr.png	1		0
7016	7000-lilith-plots/aliased-lines/7016_plots_line-00169-s646cb006_1024x1024.png	https://codec-corpus.r2.imazen.org/imazen-26-png-v3/7000-lilith-plots/aliased-lines/7016_plots_line-00169-s646cb006_1024x1024.sdr.png	1		0
7017	7000-lilith-plots/aliased-lines/7017_plots_line-00230-s6a3b9505_1024x1024.png	https://codec-corpus.r2.imazen.org/imazen-26-png-v3/7000-lilith-plots/aliased-lines/7017_plots_line-00230-s6a3b9505_1024x1024.sdr.png	1		0
7018	7000-lilith-plots/aliased-lines/7018_plots_line-00266-s0bc1d2a4_1024x1024.png	https://codec-corpus.r2.imazen.org/imazen-26-png-v3/7000-lilith-plots/aliased-lines/7018_plots_line-00266-s0bc1d2a4_1024x1024.sdr.png	1		0
7019	7000-lilith-plots/aliased-lines/7019_plots_line-00267-s683152f3_1024x1024.png	https://codec-corpus.r2.imazen.org/imazen-26-png-v3/7000-lilith-plots/aliased-lines/7019_plots_line-00267-s683152f3_1024x1024.sdr.png	1		0
7020	7000-lilith-plots/aliased-lines/7020_plots_line-00268-s2f977bbb_1024x1024.png	https://codec-corpus.r2.imazen.org/imazen-26-png-v3/7000-lilith-plots/aliased-lines/7020_plots_line-00268-s2f977bbb_1024x1024.sdr.png	1		0
7021	7000-lilith-plots/aliased-lines/7021_plots_line-00269-s0382639b_1024x1024.png	https://codec-corpus.r2.imazen.org/imazen-26-png-v3/7000-lilith-plots/aliased-lines/7021_plots_line-00269-s0382639b_1024x1024.sdr.png	1		0
7022	7000-lilith-plots/aliased-polygons/7022_plots_line-00001-s4fc8f443_1024x1024.png	https://codec-corpus.r2.imazen.org/imazen-26-png-v3/7000-lilith-plots/aliased-polygons/7022_plots_line-00001-s4fc8f443_1024x1024.sdr.png	1		0
7023	7000-lilith-plots/aliased-polygons/7023_plots_line-00032-s620ec516_1024x1024.png	https://codec-corpus.r2.imazen.org/imazen-26-png-v3/7000-lilith-plots/aliased-polygons/7023_plots_line-00032-s620ec516_1024x1024.sdr.png	1		0
7024	7000-lilith-plots/aliased-polygons/7024_plots_line-00038-s335b5033_1024x1024.png	https://codec-corpus.r2.imazen.org/imazen-26-png-v3/7000-lilith-plots/aliased-polygons/7024_plots_line-00038-s335b5033_1024x1024.sdr.png	1		0
7025	7000-lilith-plots/aliased-polygons/7025_plots_line-00070-s6eb82597_1024x1024.png	https://codec-corpus.r2.imazen.org/imazen-26-png-v3/7000-lilith-plots/aliased-polygons/7025_plots_line-00070-s6eb82597_1024x1024.sdr.png	1		0
7026	7000-lilith-plots/aliased-polygons/7026_plots_line-00081-s68404bb1_1024x1024.png	https://codec-corpus.r2.imazen.org/imazen-26-png-v3/7000-lilith-plots/aliased-polygons/7026_plots_line-00081-s68404bb1_1024x1024.sdr.png	1		0
7027	7000-lilith-plots/aliased-polygons/7027_plots_line-00105-s5b0fe6d1_1024x1024.png	https://codec-corpus.r2.imazen.org/imazen-26-png-v3/7000-lilith-plots/aliased-polygons/7027_plots_line-00105-s5b0fe6d1_1024x1024.sdr.png	1		0
7028	7000-lilith-plots/aliased-polygons/7028_plots_line-00119-s142edf29_1024x1024.png	https://codec-corpus.r2.imazen.org/imazen-26-png-v3/7000-lilith-plots/aliased-polygons/7028_plots_line-00119-s142edf29_1024x1024.sdr.png	1		0
7029	7000-lilith-plots/aliased-polygons/7029_plots_line-00120-s410edf16_1024x1024.png	https://codec-corpus.r2.imazen.org/imazen-26-png-v3/7000-lilith-plots/aliased-polygons/7029_plots_line-00120-s410edf16_1024x1024.sdr.png	1		0
7030	7000-lilith-plots/aliased-polygons/7030_plots_line-00168-s4e34287f_1024x1024.png	https://codec-corpus.r2.imazen.org/imazen-26-png-v3/7000-lilith-plots/aliased-polygons/7030_plots_line-00168-s4e34287f_1024x1024.sdr.png	1		0
7031	7000-lilith-plots/aliased-polygons/7031_plots_line-00184-s02a80f0a_1024x1024.png	https://codec-corpus.r2.imazen.org/imazen-26-png-v3/7000-lilith-plots/aliased-polygons/7031_plots_line-00184-s02a80f0a_1024x1024.sdr.png	1		0
7032	7000-lilith-plots/aliased-polygons/7032_plots_line-00210-s2771b783_1024x1024.png	https://codec-corpus.r2.imazen.org/imazen-26-png-v3/7000-lilith-plots/aliased-polygons/7032_plots_line-00210-s2771b783_1024x1024.sdr.png	1		0
7033	7000-lilith-plots/aliased-polygons/7033_plots_line-00227-s7fca561d_1024x1024.png	https://codec-corpus.r2.imazen.org/imazen-26-png-v3/7000-lilith-plots/aliased-polygons/7033_plots_line-00227-s7fca561d_1024x1024.sdr.png	1		0
7034	7000-lilith-plots/aliased-polygons/7034_plots_line-00232-s0b160660_1024x1024.png	https://codec-corpus.r2.imazen.org/imazen-26-png-v3/7000-lilith-plots/aliased-polygons/7034_plots_line-00232-s0b160660_1024x1024.sdr.png	1		0
7035	7000-lilith-plots/aliased-polygons/7035_plots_line-00240-s51df1e6b_1024x1024.png	https://codec-corpus.r2.imazen.org/imazen-26-png-v3/7000-lilith-plots/aliased-polygons/7035_plots_line-00240-s51df1e6b_1024x1024.sdr.png	1		0
7036	7000-lilith-plots/aliased-polygons/7036_plots_line-00291-s625cdbd7_1024x1024.png	https://codec-corpus.r2.imazen.org/imazen-26-png-v3/7000-lilith-plots/aliased-polygons/7036_plots_line-00291-s625cdbd7_1024x1024.sdr.png	1		0
7037	7000-lilith-plots/grids/7037_plots_chart-heatmap-01-corporate-1024sq-mpl_1024x1024.png	https://codec-corpus.r2.imazen.org/imazen-26-png-v3/7000-lilith-plots/grids/7037_plots_chart-heatmap-01-corporate-1024sq-mpl_1024x1024.sdr.png	1		0
7038	7000-lilith-plots/grids/7038_plots_chart-00144-s2f4e8e1b_1024x1024.png	https://codec-corpus.r2.imazen.org/imazen-26-png-v3/7000-lilith-plots/grids/7038_plots_chart-00144-s2f4e8e1b_1024x1024.sdr.png	1		0
7039	7000-lilith-plots/grids/7039_plots_chart-00220-s782a7764_1024x1024.png	https://codec-corpus.r2.imazen.org/imazen-26-png-v3/7000-lilith-plots/grids/7039_plots_chart-00220-s782a7764_1024x1024.sdr.png	1		0
7040	7000-lilith-plots/grids/7040_plots_chart-00265-s5af4c1ef_1024x1024.png	https://codec-corpus.r2.imazen.org/imazen-26-png-v3/7000-lilith-plots/grids/7040_plots_chart-00265-s5af4c1ef_1024x1024.sdr.png	1		0
7041	7000-lilith-plots/grids/7041_plots_chart-00283-s5b0fe6d1_1024x1024.png	https://codec-corpus.r2.imazen.org/imazen-26-png-v3/7000-lilith-plots/grids/7041_plots_chart-00283-s5b0fe6d1_1024x1024.sdr.png	1		0
7042	7000-lilith-plots/grids/7042_plots_chart-00290-s4b1661bd_1024x1024.png	https://codec-corpus.r2.imazen.org/imazen-26-png-v3/7000-lilith-plots/grids/7042_plots_chart-00290-s4b1661bd_1024x1024.sdr.png	1		0
7043	7000-lilith-plots/grids/7043_plots_chart-00304-s1ea912ef_1024x1024.png	https://codec-corpus.r2.imazen.org/imazen-26-png-v3/7000-lilith-plots/grids/7043_plots_chart-00304-s1ea912ef_1024x1024.sdr.png	1		0
7044	7000-lilith-plots/grids/7044_plots_chart-00338-s6215c94e_1024x1024.png	https://codec-corpus.r2.imazen.org/imazen-26-png-v3/7000-lilith-plots/grids/7044_plots_chart-00338-s6215c94e_1024x1024.sdr.png	1		0
7045	7000-lilith-plots/grids/7045_plots_chart-00418-s51df1e6b_1024x1024.png	https://codec-corpus.r2.imazen.org/imazen-26-png-v3/7000-lilith-plots/grids/7045_plots_chart-00418-s51df1e6b_1024x1024.sdr.png	1		0
7046	7000-lilith-plots/grids/7046_plots_line-00050-s221fd453_1024x1024.png	https://codec-corpus.r2.imazen.org/imazen-26-png-v3/7000-lilith-plots/grids/7046_plots_line-00050-s221fd453_1024x1024.sdr.png	1		0
7047	7000-lilith-plots/grids/7047_plots_line-00065-s0b64cf58_1024x1024.png	https://codec-corpus.r2.imazen.org/imazen-26-png-v3/7000-lilith-plots/grids/7047_plots_line-00065-s0b64cf58_1024x1024.sdr.png	1		0
7048	7000-lilith-plots/grids/7048_plots_line-00136-s3e377a73_1024x1024.png	https://codec-corpus.r2.imazen.org/imazen-26-png-v3/7000-lilith-plots/grids/7048_plots_line-00136-s3e377a73_1024x1024.sdr.png	1		0
7049	7000-lilith-plots/grids/7049_plots_line-00160-s6215c94e_1024x1024.png	https://codec-corpus.r2.imazen.org/imazen-26-png-v3/7000-lilith-plots/grids/7049_plots_line-00160-s6215c94e_1024x1024.sdr.png	1		0
7050	7000-lilith-plots/grids/7050_plots_line-00166-s010fb6d2_1024x1024.png	https://codec-corpus.r2.imazen.org/imazen-26-png-v3/7000-lilith-plots/grids/7050_plots_line-00166-s010fb6d2_1024x1024.sdr.png	1		0
7051	7000-lilith-plots/grids/7051_plots_line-00196-s211c1f1f_1024x1024.png	https://codec-corpus.r2.imazen.org/imazen-26-png-v3/7000-lilith-plots/grids/7051_plots_line-00196-s211c1f1f_1024x1024.sdr.png	1		0
7052	7000-lilith-plots/grids/7052_plots_line-00222-s2f495179_1024x1024.png	https://codec-corpus.r2.imazen.org/imazen-26-png-v3/7000-lilith-plots/grids/7052_plots_line-00222-s2f495179_1024x1024.sdr.png	1		0
7053	7000-lilith-plots/grids/7053_plots_line-00252-s1b3f1017_1024x1024.png	https://codec-corpus.r2.imazen.org/imazen-26-png-v3/7000-lilith-plots/grids/7053_plots_line-00252-s1b3f1017_1024x1024.sdr.png	1		0
7054	7000-lilith-plots/line-patterns/7054_plots_line-tiling-00056-s6bcec02a_1024x1024.png	https://codec-corpus.r2.imazen.org/imazen-26-png-v3/7000-lilith-plots/line-patterns/7054_plots_line-tiling-00056-s6bcec02a_1024x1024.sdr.png	1		0
7055	7000-lilith-plots/line-patterns/7055_plots_line-tiling-00099-s07ea3f1a_1024x1024.png	https://codec-corpus.r2.imazen.org/imazen-26-png-v3/7000-lilith-plots/line-patterns/7055_plots_line-tiling-00099-s07ea3f1a_1024x1024.sdr.png	1		0
7056	7000-lilith-plots/line-patterns/7056_plots_line-tiling-00118-s306ca2bd_1024x1024.png	https://codec-corpus.r2.imazen.org/imazen-26-png-v3/7000-lilith-plots/line-patterns/7056_plots_line-tiling-00118-s306ca2bd_1024x1024.sdr.png	1		0
7057	7000-lilith-plots/line-patterns/7057_plots_line-tiling-00208-s6c4f8551_1024x1024.png	https://codec-corpus.r2.imazen.org/imazen-26-png-v3/7000-lilith-plots/line-patterns/7057_plots_line-tiling-00208-s6c4f8551_1024x1024.sdr.png	1		0
7058	7000-lilith-plots/line-patterns/7058_plots_line-tiling-00248-s7c5ddcfb_1024x1024.png	https://codec-corpus.r2.imazen.org/imazen-26-png-v3/7000-lilith-plots/line-patterns/7058_plots_line-tiling-00248-s7c5ddcfb_1024x1024.sdr.png	1		0
7059	7000-lilith-plots/line-patterns/7059_plots_line-tiling-00260-s5da77574_1024x1024.png	https://codec-corpus.r2.imazen.org/imazen-26-png-v3/7000-lilith-plots/line-patterns/7059_plots_line-tiling-00260-s5da77574_1024x1024.sdr.png	1		0
7060	7000-lilith-plots/lines/7060_plots_line-concentric-00020-s1aac7045_1024x1024.png	https://codec-corpus.r2.imazen.org/imazen-26-png-v3/7000-lilith-plots/lines/7060_plots_line-concentric-00020-s1aac7045_1024x1024.sdr.png	1		0
7061	7000-lilith-plots/lines/7061_plots_line-concentric-00146-s6f881573_1024x1024.png	https://codec-corpus.r2.imazen.org/imazen-26-png-v3/7000-lilith-plots/lines/7061_plots_line-concentric-00146-s6f881573_1024x1024.sdr.png	1		0
7062	7000-lilith-plots/lines/7062_plots_line-concentric-00151-s49cff644_1024x1024.png	https://codec-corpus.r2.imazen.org/imazen-26-png-v3/7000-lilith-plots/lines/7062_plots_line-concentric-00151-s49cff644_1024x1024.sdr.png	1		0
7063	7000-lilith-plots/lines/7063_plots_line-concentric-00169-s646cb006_1024x1024.png	https://codec-corpus.r2.imazen.org/imazen-26-png-v3/7000-lilith-plots/lines/7063_plots_line-concentric-00169-s646cb006_1024x1024.sdr.png	1		0
7064	7000-lilith-plots/lines/7064_plots_line-concentric-00230-s6a3b9505_1024x1024.png	https://codec-corpus.r2.imazen.org/imazen-26-png-v3/7000-lilith-plots/lines/7064_plots_line-concentric-00230-s6a3b9505_1024x1024.sdr.png	1		0
7065	7000-lilith-plots/lines/7065_plots_line-concentric-00266-s0bc1d2a4_1024x1024.png	https://codec-corpus.r2.imazen.org/imazen-26-png-v3/7000-lilith-plots/lines/7065_plots_line-concentric-00266-s0bc1d2a4_1024x1024.sdr.png	1		0
7066	7000-lilith-plots/lines/7066_plots_line-concentric-00268-s2f977bbb_1024x1024.png	https://codec-corpus.r2.imazen.org/imazen-26-png-v3/7000-lilith-plots/lines/7066_plots_line-concentric-00268-s2f977bbb_1024x1024.sdr.png	1		0
7067	7000-lilith-plots/lines/7067_plots_line-concentric-00269-s0382639b_1024x1024.png	https://codec-corpus.r2.imazen.org/imazen-26-png-v3/7000-lilith-plots/lines/7067_plots_line-concentric-00269-s0382639b_1024x1024.sdr.png	1		0
7068	7000-lilith-plots/lines/7068_plots_line-starburst-00027-s195cfe6a_1024x1024.png	https://codec-corpus.r2.imazen.org/imazen-26-png-v3/7000-lilith-plots/lines/7068_plots_line-starburst-00027-s195cfe6a_1024x1024.sdr.png	1		0
7069	7000-lilith-plots/lines/7069_plots_line-starburst-00147-s01eaff1e_1024x1024.png	https://codec-corpus.r2.imazen.org/imazen-26-png-v3/7000-lilith-plots/lines/7069_plots_line-starburst-00147-s01eaff1e_1024x1024.sdr.png	1		0
7070	7000-lilith-plots/lines/7070_plots_line-voronoi-00012-s2be0c08d_1024x1024.png	https://codec-corpus.r2.imazen.org/imazen-26-png-v3/7000-lilith-plots/lines/7070_plots_line-voronoi-00012-s2be0c08d_1024x1024.sdr.png	1		0
7071	7000-lilith-plots/lines/7071_plots_line-voronoi-00057-s0433bb30_1024x1024.png	https://codec-corpus.r2.imazen.org/imazen-26-png-v3/7000-lilith-plots/lines/7071_plots_line-voronoi-00057-s0433bb30_1024x1024.sdr.png	1		0
7072	7000-lilith-plots/lines/7072_plots_line-voronoi-00069-s46326869_1024x1024.png	https://codec-corpus.r2.imazen.org/imazen-26-png-v3/7000-lilith-plots/lines/7072_plots_line-voronoi-00069-s46326869_1024x1024.sdr.png	1		0
7073	7000-lilith-plots/lines/7073_plots_line-voronoi-00121-s3491d29b_1024x1024.png	https://codec-corpus.r2.imazen.org/imazen-26-png-v3/7000-lilith-plots/lines/7073_plots_line-voronoi-00121-s3491d29b_1024x1024.sdr.png	1		0
7074	7000-lilith-plots/lines/7074_plots_line-voronoi-00127-s7957de6d_1024x1024.png	https://codec-corpus.r2.imazen.org/imazen-26-png-v3/7000-lilith-plots/lines/7074_plots_line-voronoi-00127-s7957de6d_1024x1024.sdr.png	1		0
7075	7000-lilith-plots/lines/7075_plots_line-voronoi-00267-s683152f3_1024x1024.png	https://codec-corpus.r2.imazen.org/imazen-26-png-v3/7000-lilith-plots/lines/7075_plots_line-voronoi-00267-s683152f3_1024x1024.sdr.png	1		0
7076	7000-lilith-plots/polygons/7076_plots_line-polygons-00001-s4fc8f443_1024x1024.png	https://codec-corpus.r2.imazen.org/imazen-26-png-v3/7000-lilith-plots/polygons/7076_plots_line-polygons-00001-s4fc8f443_1024x1024.sdr.png	1		0
7077	7000-lilith-plots/polygons/7077_plots_line-polygons-00032-s620ec516_1024x1024.png	https://codec-corpus.r2.imazen.org/imazen-26-png-v3/7000-lilith-plots/polygons/7077_plots_line-polygons-00032-s620ec516_1024x1024.sdr.png	1		0
7078	7000-lilith-plots/polygons/7078_plots_line-polygons-00038-s335b5033_1024x1024.png	https://codec-corpus.r2.imazen.org/imazen-26-png-v3/7000-lilith-plots/polygons/7078_plots_line-polygons-00038-s335b5033_1024x1024.sdr.png	1		0
7079	7000-lilith-plots/polygons/7079_plots_line-polygons-00070-s6eb82597_1024x1024.png	https://codec-corpus.r2.imazen.org/imazen-26-png-v3/7000-lilith-plots/polygons/7079_plots_line-polygons-00070-s6eb82597_1024x1024.sdr.png	1		0
7080	7000-lilith-plots/polygons/7080_plots_line-polygons-00081-s68404bb1_1024x1024.png	https://codec-corpus.r2.imazen.org/imazen-26-png-v3/7000-lilith-plots/polygons/7080_plots_line-polygons-00081-s68404bb1_1024x1024.sdr.png	1		0
7081	7000-lilith-plots/polygons/7081_plots_line-polygons-00105-s5b0fe6d1_1024x1024.png	https://codec-corpus.r2.imazen.org/imazen-26-png-v3/7000-lilith-plots/polygons/7081_plots_line-polygons-00105-s5b0fe6d1_1024x1024.sdr.png	1		0
7082	7000-lilith-plots/polygons/7082_plots_line-polygons-00119-s142edf29_1024x1024.png	https://codec-corpus.r2.imazen.org/imazen-26-png-v3/7000-lilith-plots/polygons/7082_plots_line-polygons-00119-s142edf29_1024x1024.sdr.png	1		0
7083	7000-lilith-plots/polygons/7083_plots_line-polygons-00120-s410edf16_1024x1024.png	https://codec-corpus.r2.imazen.org/imazen-26-png-v3/7000-lilith-plots/polygons/7083_plots_line-polygons-00120-s410edf16_1024x1024.sdr.png	1		0
7084	7000-lilith-plots/polygons/7084_plots_line-polygons-00168-s4e34287f_1024x1024.png	https://codec-corpus.r2.imazen.org/imazen-26-png-v3/7000-lilith-plots/polygons/7084_plots_line-polygons-00168-s4e34287f_1024x1024.sdr.png	1		0
7085	7000-lilith-plots/polygons/7085_plots_line-polygons-00184-s02a80f0a_1024x1024.png	https://codec-corpus.r2.imazen.org/imazen-26-png-v3/7000-lilith-plots/polygons/7085_plots_line-polygons-00184-s02a80f0a_1024x1024.sdr.png	1		0
7086	7000-lilith-plots/polygons/7086_plots_line-polygons-00210-s2771b783_1024x1024.png	https://codec-corpus.r2.imazen.org/imazen-26-png-v3/7000-lilith-plots/polygons/7086_plots_line-polygons-00210-s2771b783_1024x1024.sdr.png	1		0
7087	7000-lilith-plots/polygons/7087_plots_line-polygons-00227-s7fca561d_1024x1024.png	https://codec-corpus.r2.imazen.org/imazen-26-png-v3/7000-lilith-plots/polygons/7087_plots_line-polygons-00227-s7fca561d_1024x1024.sdr.png	1		0
7088	7000-lilith-plots/polygons/7088_plots_line-polygons-00232-s0b160660_1024x1024.png	https://codec-corpus.r2.imazen.org/imazen-26-png-v3/7000-lilith-plots/polygons/7088_plots_line-polygons-00232-s0b160660_1024x1024.sdr.png	1		0
7089	7000-lilith-plots/polygons/7089_plots_line-polygons-00240-s51df1e6b_1024x1024.png	https://codec-corpus.r2.imazen.org/imazen-26-png-v3/7000-lilith-plots/polygons/7089_plots_line-polygons-00240-s51df1e6b_1024x1024.sdr.png	1		0
7090	7000-lilith-plots/polygons/7090_plots_line-polygons-00291-s625cdbd7_1024x1024.png	https://codec-corpus.r2.imazen.org/imazen-26-png-v3/7000-lilith-plots/polygons/7090_plots_line-polygons-00291-s625cdbd7_1024x1024.sdr.png	1		0
7091	7000-lilith-plots/random-charts/7091_plots_chart-00062-s17ba7d45_1024x1024.png	https://codec-corpus.r2.imazen.org/imazen-26-png-v3/7000-lilith-plots/random-charts/7091_plots_chart-00062-s17ba7d45_1024x1024.sdr.png	1		0
7092	7000-lilith-plots/random-charts/7092_plots_chart-00118-s37436075_1024x1024.png	https://codec-corpus.r2.imazen.org/imazen-26-png-v3/7000-lilith-plots/random-charts/7092_plots_chart-00118-s37436075_1024x1024.sdr.png	1		0
7093	7000-lilith-plots/random-charts/7093_plots_chart-00119-s0610e7ff_1024x1024.png	https://codec-corpus.r2.imazen.org/imazen-26-png-v3/7000-lilith-plots/random-charts/7093_plots_chart-00119-s0610e7ff_1024x1024.sdr.png	1		0
7094	7000-lilith-plots/random-charts/7094_plots_chart-00132-s681da868_1024x1024.png	https://codec-corpus.r2.imazen.org/imazen-26-png-v3/7000-lilith-plots/random-charts/7094_plots_chart-00132-s681da868_1024x1024.sdr.png	1		0
7095	7000-lilith-plots/random-charts/7095_plots_chart-00152-s5a1f19a0_1024x1024.png	https://codec-corpus.r2.imazen.org/imazen-26-png-v3/7000-lilith-plots/random-charts/7095_plots_chart-00152-s5a1f19a0_1024x1024.sdr.png	1		0
7096	7000-lilith-plots/random-charts/7096_plots_chart-00202-s0ec4ccf0_1024x1024.png	https://codec-corpus.r2.imazen.org/imazen-26-png-v3/7000-lilith-plots/random-charts/7096_plots_chart-00202-s0ec4ccf0_1024x1024.sdr.png	1		0
7097	7000-lilith-plots/random-charts/7097_plots_chart-00237-s77afa41b_1024x1024.png	https://codec-corpus.r2.imazen.org/imazen-26-png-v3/7000-lilith-plots/random-charts/7097_plots_chart-00237-s77afa41b_1024x1024.sdr.png	1		0
7098	7000-lilith-plots/random-charts/7098_plots_chart-00268-s32c66252_1024x1024.png	https://codec-corpus.r2.imazen.org/imazen-26-png-v3/7000-lilith-plots/random-charts/7098_plots_chart-00268-s32c66252_1024x1024.sdr.png	1		0
7099	7000-lilith-plots/random-charts/7099_plots_chart-00311-s6e92c9b6_1024x1024.png	https://codec-corpus.r2.imazen.org/imazen-26-png-v3/7000-lilith-plots/random-charts/7099_plots_chart-00311-s6e92c9b6_1024x1024.sdr.png	1		0
7100	7000-lilith-plots/random-charts/7100_plots_chart-00329-s49cff644_1024x1024.png	https://codec-corpus.r2.imazen.org/imazen-26-png-v3/7000-lilith-plots/random-charts/7100_plots_chart-00329-s49cff644_1024x1024.sdr.png	1		0
7101	7000-lilith-plots/random-charts/7101_plots_chart-00363-s4e589110_1024x1024.png	https://codec-corpus.r2.imazen.org/imazen-26-png-v3/7000-lilith-plots/random-charts/7101_plots_chart-00363-s4e589110_1024x1024.sdr.png	1		0
7102	7000-lilith-plots/random-charts/7102_plots_chart-00417-s2b748aba_1024x1024.png	https://codec-corpus.r2.imazen.org/imazen-26-png-v3/7000-lilith-plots/random-charts/7102_plots_chart-00417-s2b748aba_1024x1024.sdr.png	1		0
7103	7000-lilith-plots/random-charts/7103_plots_chart-00433-s6c53a027_1024x1024.png	https://codec-corpus.r2.imazen.org/imazen-26-png-v3/7000-lilith-plots/random-charts/7103_plots_chart-00433-s6c53a027_1024x1024.sdr.png	1		0
7104	7000-lilith-plots/random-charts/7104_plots_chart-00462-s33459e94_1024x1024.png	https://codec-corpus.r2.imazen.org/imazen-26-png-v3/7000-lilith-plots/random-charts/7104_plots_chart-00462-s33459e94_1024x1024.sdr.png	1		0
7105	7000-lilith-plots/random-charts/7105_plots_chart-00486-s53f6eb34_1024x1024.png	https://codec-corpus.r2.imazen.org/imazen-26-png-v3/7000-lilith-plots/random-charts/7105_plots_chart-00486-s53f6eb34_1024x1024.sdr.png	1		0
7106	7000-lilith-plots/real-charts/7106_plots_chart-bar-01-light_1024x1024.png	https://codec-corpus.r2.imazen.org/imazen-26-png-v3/7000-lilith-plots/real-charts/7106_plots_chart-bar-01-light_1024x1024.sdr.png	1		0
7107	7000-lilith-plots/real-charts/7107_plots_chart-boxplot-15-sunset_1024x1024.png	https://codec-corpus.r2.imazen.org/imazen-26-png-v3/7000-lilith-plots/real-charts/7107_plots_chart-boxplot-15-sunset_1024x1024.sdr.png	1		0
7108	7000-lilith-plots/real-charts/7108_plots_chart-bubble-10-slate_1024x1024.png	https://codec-corpus.r2.imazen.org/imazen-26-png-v3/7000-lilith-plots/real-charts/7108_plots_chart-bubble-10-slate_1024x1024.sdr.png	1		0
7109	7000-lilith-plots/real-charts/7109_plots_chart-candlestick-17-light_1024x1024.png	https://codec-corpus.r2.imazen.org/imazen-26-png-v3/7000-lilith-plots/real-charts/7109_plots_chart-candlestick-17-light_1024x1024.sdr.png	1		0
7110	7000-lilith-plots/real-charts/7110_plots_chart-doughnut-06-contrast_1024x1024.png	https://codec-corpus.r2.imazen.org/imazen-26-png-v3/7000-lilith-plots/real-charts/7110_plots_chart-doughnut-06-contrast_1024x1024.sdr.png	1		0
7111	7000-lilith-plots/real-charts/7111_plots_chart-gauge-12-pastel_1024x1024.png	https://codec-corpus.r2.imazen.org/imazen-26-png-v3/7000-lilith-plots/real-charts/7111_plots_chart-gauge-12-pastel_1024x1024.sdr.png	1		0
7112	7000-lilith-plots/real-charts/7112_plots_chart-horizontalbar-02-slate_1024x1024.png	https://codec-corpus.r2.imazen.org/imazen-26-png-v3/7000-lilith-plots/real-charts/7112_plots_chart-horizontalbar-02-slate_1024x1024.sdr.png	1		0
7113	7000-lilith-plots/real-charts/7113_plots_chart-line-03-solarized_1024x1024.png	https://codec-corpus.r2.imazen.org/imazen-26-png-v3/7000-lilith-plots/real-charts/7113_plots_chart-line-03-solarized_1024x1024.sdr.png	1		0
7114	7000-lilith-plots/real-charts/7114_plots_chart-ohlc-18-slate_1024x1024.png	https://codec-corpus.r2.imazen.org/imazen-26-png-v3/7000-lilith-plots/real-charts/7114_plots_chart-ohlc-18-slate_1024x1024.sdr.png	1		0
7115	7000-lilith-plots/real-charts/7115_plots_chart-pie-01-light_1024x1024.png	https://codec-corpus.r2.imazen.org/imazen-26-png-v3/7000-lilith-plots/real-charts/7115_plots_chart-pie-01-light_1024x1024.sdr.png	1		0
7116	7000-lilith-plots/real-charts/7116_plots_chart-pie-02-slate_1024x1024.png	https://codec-corpus.r2.imazen.org/imazen-26-png-v3/7000-lilith-plots/real-charts/7116_plots_chart-pie-02-slate_1024x1024.sdr.png	1		0
7117	7000-lilith-plots/real-charts/7117_plots_chart-pie-03-solarized_1024x1024.png	https://codec-corpus.r2.imazen.org/imazen-26-png-v3/7000-lilith-plots/real-charts/7117_plots_chart-pie-03-solarized_1024x1024.sdr.png	1		0
7118	7000-lilith-plots/real-charts/7118_plots_chart-pie-07-sunset_1024x1024.png	https://codec-corpus.r2.imazen.org/imazen-26-png-v3/7000-lilith-plots/real-charts/7118_plots_chart-pie-07-sunset_1024x1024.sdr.png	1		0
7119	7000-lilith-plots/real-charts/7119_plots_chart-pie-08-forest_1024x1024.png	https://codec-corpus.r2.imazen.org/imazen-26-png-v3/7000-lilith-plots/real-charts/7119_plots_chart-pie-08-forest_1024x1024.sdr.png	1		0
7120	7000-lilith-plots/real-charts/7120_plots_chart-polararea-07-sunset_1024x1024.png	https://codec-corpus.r2.imazen.org/imazen-26-png-v3/7000-lilith-plots/real-charts/7120_plots_chart-polararea-07-sunset_1024x1024.sdr.png	1		0
7121	7000-lilith-plots/real-charts/7121_plots_chart-radar-08-forest_1024x1024.png	https://codec-corpus.r2.imazen.org/imazen-26-png-v3/7000-lilith-plots/real-charts/7121_plots_chart-radar-08-forest_1024x1024.sdr.png	1		0
7122	7000-lilith-plots/real-charts/7122_plots_chart-sankey-19-solarized_1024x1024.png	https://codec-corpus.r2.imazen.org/imazen-26-png-v3/7000-lilith-plots/real-charts/7122_plots_chart-sankey-19-solarized_1024x1024.sdr.png	1		0
7123	7000-lilith-plots/real-charts/7123_plots_chart-scatter-09-light_1024x1024.png	https://codec-corpus.r2.imazen.org/imazen-26-png-v3/7000-lilith-plots/real-charts/7123_plots_chart-scatter-09-light_1024x1024.sdr.png	1		0
7124	7000-lilith-plots/real-charts/7124_plots_chart-stackedbar-05-corporate_1024x1024.png	https://codec-corpus.r2.imazen.org/imazen-26-png-v3/7000-lilith-plots/real-charts/7124_plots_chart-stackedbar-05-corporate_1024x1024.sdr.png	1		0
7125	7000-lilith-plots/real-charts/7125_plots_chart-violin-16-forest_1024x1024.png	https://codec-corpus.r2.imazen.org/imazen-26-png-v3/7000-lilith-plots/real-charts/7125_plots_chart-violin-16-forest_1024x1024.sdr.png	1		0
8000	8000-lilith-mobile-screenshots/8000_mobile-screenshots_imageflow-server_screenshot-20260526-065435-brave_1968x2184.png	https://codec-corpus.r2.imazen.org/imazen-26-png-v3/8000-lilith-mobile-screenshots/8000_mobile-screenshots_imageflow-server_screenshot-20260526-065435-brave_1968x2184.sdr.png	1		0
8001	8000-lilith-mobile-screenshots/8001_mobile-screenshots_imageflow-server_screenshot-20260526-065450-brave_1968x2184.png	https://codec-corpus.r2.imazen.org/imazen-26-png-v3/8000-lilith-mobile-screenshots/8001_mobile-screenshots_imageflow-server_screenshot-20260526-065450-brave_1968x2184.sdr.png	1		0
8002	8000-lilith-mobile-screenshots/8002_mobile-screenshots_imageflow-server_screenshot-20260526-065522-brave_1080x2520.png	https://codec-corpus.r2.imazen.org/imazen-26-png-v3/8000-lilith-mobile-screenshots/8002_mobile-screenshots_imageflow-server_screenshot-20260526-065522-brave_1080x2520.sdr.png	1		0
8003	8000-lilith-mobile-screenshots/8003_mobile-screenshots_park-guell_screenshot-20260526-065653-tripadvisor_1080x2520.png	https://codec-corpus.r2.imazen.org/imazen-26-png-v3/8000-lilith-mobile-screenshots/8003_mobile-screenshots_park-guell_screenshot-20260526-065653-tripadvisor_1080x2520.sdr.png	1		0
8004	8000-lilith-mobile-screenshots/8004_mobile-screenshots_mobile-app-dashboard_screenshot-20260526-065758-github_1080x2520.png	https://codec-corpus.r2.imazen.org/imazen-26-png-v3/8000-lilith-mobile-screenshots/8004_mobile-screenshots_mobile-app-dashboard_screenshot-20260526-065758-github_1080x2520.sdr.png	1		0
8005	8000-lilith-mobile-screenshots/8005_mobile-screenshots_archmage-intrinsics-search_screenshot-20260526-065904-brave_1080x2520.png	https://codec-corpus.r2.imazen.org/imazen-26-png-v3/8000-lilith-mobile-screenshots/8005_mobile-screenshots_archmage-intrinsics-search_screenshot-20260526-065904-brave_1080x2520.sdr.png	1		0
8006	8000-lilith-mobile-screenshots/8006_mobile-screenshots_zenquant-quantizer-comparison_screenshot-20260526-070305-brave_1968x2184.png	https://codec-corpus.r2.imazen.org/imazen-26-png-v3/8000-lilith-mobile-screenshots/8006_mobile-screenshots_zenquant-quantizer-comparison_screenshot-20260526-070305-brave_1968x2184.sdr.png	1		0
8007	8000-lilith-mobile-screenshots/8007_mobile-screenshots_imageflow-site-layout_screenshot-20260526-070339-brave_1080x2520.png	https://codec-corpus.r2.imazen.org/imazen-26-png-v3/8000-lilith-mobile-screenshots/8007_mobile-screenshots_imageflow-site-layout_screenshot-20260526-070339-brave_1080x2520.sdr.png	1		0
8008	8000-lilith-mobile-screenshots/8008_mobile-screenshots_yellowstone-national-park_screenshot-20260526-070435-maps_1968x2184.png	https://codec-corpus.r2.imazen.org/imazen-26-png-v3/8000-lilith-mobile-screenshots/8008_mobile-screenshots_yellowstone-national-park_screenshot-20260526-070435-maps_1968x2184.sdr.png	1		0
8009	8000-lilith-mobile-screenshots/8009_mobile-screenshots_yellowstone-national-park_screenshot-20260526-070456-maps_1080x2520.png	https://codec-corpus.r2.imazen.org/imazen-26-png-v3/8000-lilith-mobile-screenshots/8009_mobile-screenshots_yellowstone-national-park_screenshot-20260526-070456-maps_1080x2520.sdr.png	1		0
8010	8000-lilith-mobile-screenshots/8010_mobile-screenshots_yellowstone-national-park_screenshot-20260526-070520-maps_1080x2520.png	https://codec-corpus.r2.imazen.org/imazen-26-png-v3/8000-lilith-mobile-screenshots/8010_mobile-screenshots_yellowstone-national-park_screenshot-20260526-070520-maps_1080x2520.sdr.png	1		0
8011	8000-lilith-mobile-screenshots/8011_mobile-screenshots_beach-clear-sky_screenshot-20260526-070835-photos_1080x2520.png	https://codec-corpus.r2.imazen.org/imazen-26-png-v3/8000-lilith-mobile-screenshots/8011_mobile-screenshots_beach-clear-sky_screenshot-20260526-070835-photos_1080x2520.sdr.png	1		0
8012	8000-lilith-mobile-screenshots/8012_mobile-screenshots_on-screen-keyboard_screenshot-20260526-070935-calculator_1080x2520.png	https://codec-corpus.r2.imazen.org/imazen-26-png-v3/8000-lilith-mobile-screenshots/8012_mobile-screenshots_on-screen-keyboard_screenshot-20260526-070935-calculator_1080x2520.sdr.png	1		0
8013	8000-lilith-mobile-screenshots/8013_mobile-screenshots_northern-lights-display_screenshot-20260526-071011-brave_1080x2520.png	https://codec-corpus.r2.imazen.org/imazen-26-png-v3/8000-lilith-mobile-screenshots/8013_mobile-screenshots_northern-lights-display_screenshot-20260526-071011-brave_1080x2520.sdr.png	1		0
8014	8000-lilith-mobile-screenshots/8014_mobile-screenshots_summer-vacation-must_screenshot-20260526-071037-brave_1080x2520.png	https://codec-corpus.r2.imazen.org/imazen-26-png-v3/8000-lilith-mobile-screenshots/8014_mobile-screenshots_summer-vacation-must_screenshot-20260526-071037-brave_1080x2520.sdr.png	1		0
8015	8000-lilith-mobile-screenshots/8015_mobile-screenshots_zenbench-microbenchmarking_screenshot-20260526-071215-brave_1968x2184.png	https://codec-corpus.r2.imazen.org/imazen-26-png-v3/8000-lilith-mobile-screenshots/8015_mobile-screenshots_zenbench-microbenchmarking_screenshot-20260526-071215-brave_1968x2184.sdr.png	1		0
8016	8000-lilith-mobile-screenshots/8016_mobile-screenshots_black-and-white_screenshot-20260526-071251-brave_1968x2184.png	https://codec-corpus.r2.imazen.org/imazen-26-png-v3/8000-lilith-mobile-screenshots/8016_mobile-screenshots_black-and-white_screenshot-20260526-071251-brave_1968x2184.sdr.png	1		0
8017	8000-lilith-mobile-screenshots/8017_mobile-screenshots_zenbench-benchmark-results_screenshot-20260526-071330-brave_1968x2184.png	https://codec-corpus.r2.imazen.org/imazen-26-png-v3/8000-lilith-mobile-screenshots/8017_mobile-screenshots_zenbench-benchmark-results_screenshot-20260526-071330-brave_1968x2184.sdr.png	1		0
8018	8000-lilith-mobile-screenshots/8018_mobile-screenshots_zenpng-readme-page_screenshot-20260526-071349-brave_1968x2184.png	https://codec-corpus.r2.imazen.org/imazen-26-png-v3/8000-lilith-mobile-screenshots/8018_mobile-screenshots_zenpng-readme-page_screenshot-20260526-071349-brave_1968x2184.sdr.png	1		0
8019	8000-lilith-mobile-screenshots/8019_mobile-screenshots_chart-gallery-illustration_screenshot-20260526-071432-brave_1968x2184.png	https://codec-corpus.r2.imazen.org/imazen-26-png-v3/8000-lilith-mobile-screenshots/8019_mobile-screenshots_chart-gallery-illustration_screenshot-20260526-071432-brave_1968x2184.sdr.png	1		0
8020	8000-lilith-mobile-screenshots/8020_mobile-screenshots_dashboard-analytics_screenshot-20260526-071748-brave_1968x2184.png	https://codec-corpus.r2.imazen.org/imazen-26-png-v3/8000-lilith-mobile-screenshots/8020_mobile-screenshots_dashboard-analytics_screenshot-20260526-071748-brave_1968x2184.sdr.png	1		0
8021	8000-lilith-mobile-screenshots/8021_mobile-screenshots_trump-pac-donation_screenshot-20260526-072032-substack_1080x2520.png	https://codec-corpus.r2.imazen.org/imazen-26-png-v3/8000-lilith-mobile-screenshots/8021_mobile-screenshots_trump-pac-donation_screenshot-20260526-072032-substack_1080x2520.sdr.png	1		0
8022	8000-lilith-mobile-screenshots/8022_mobile-screenshots_kansas-judge-writes_screenshot-20260526-072125-substack_1080x2520.png	https://codec-corpus.r2.imazen.org/imazen-26-png-v3/8000-lilith-mobile-screenshots/8022_mobile-screenshots_kansas-judge-writes_screenshot-20260526-072125-substack_1080x2520.sdr.png	1		0
8023	8000-lilith-mobile-screenshots/8023_mobile-screenshots_judge_screenshot-20260526-072139-substack_1080x5192.jpg	https://codec-corpus.r2.imazen.org/imazen-26-png-v3/8000-lilith-mobile-screenshots/8023_mobile-screenshots_judge_screenshot-20260526-072139-substack_1080x5192.sdr.png	1		0
8024	8000-lilith-mobile-screenshots/8024_mobile-screenshots_rhode-island-hospital_screenshot-20260526-072206-substack_1080x2520.png	https://codec-corpus.r2.imazen.org/imazen-26-png-v3/8000-lilith-mobile-screenshots/8024_mobile-screenshots_rhode-island-hospital_screenshot-20260526-072206-substack_1080x2520.sdr.png	1		0
8025	8000-lilith-mobile-screenshots/8025_mobile-screenshots_federal-judge-trans_screenshot-20260526-072218-substack_1080x2520.png	https://codec-corpus.r2.imazen.org/imazen-26-png-v3/8000-lilith-mobile-screenshots/8025_mobile-screenshots_federal-judge-trans_screenshot-20260526-072218-substack_1080x2520.sdr.png	1		0
8026	8000-lilith-mobile-screenshots/8026_mobile-screenshots_news-channel-anchor_screenshot-20260526-072252-substack_1080x2520.png	https://codec-corpus.r2.imazen.org/imazen-26-png-v3/8000-lilith-mobile-screenshots/8026_mobile-screenshots_news-channel-anchor_screenshot-20260526-072252-substack_1080x2520.sdr.png	1		0
8027	8000-lilith-mobile-screenshots/8027_mobile-screenshots_sandals-shoes-bags_screenshot-20260526-072934-brave_1080x2520.png	https://codec-corpus.r2.imazen.org/imazen-26-png-v3/8000-lilith-mobile-screenshots/8027_mobile-screenshots_sandals-shoes-bags_screenshot-20260526-072934-brave_1080x2520.sdr.png	1		0
8028	8000-lilith-mobile-screenshots/8028_mobile-screenshots_flats-loafers-product_screenshot-20260526-072956-brave_1080x2152.png	https://codec-corpus.r2.imazen.org/imazen-26-png-v3/8000-lilith-mobile-screenshots/8028_mobile-screenshots_flats-loafers-product_screenshot-20260526-072956-brave_1080x2152.sdr.png	1		0
8029	8000-lilith-mobile-screenshots/8029_mobile-screenshots_sunset-over-water_screenshot-20260526-073120-photos_1080x2520.png	https://codec-corpus.r2.imazen.org/imazen-26-png-v3/8000-lilith-mobile-screenshots/8029_mobile-screenshots_sunset-over-water_screenshot-20260526-073120-photos_1080x2520.sdr.png	1		0
8030	8000-lilith-mobile-screenshots/8030_mobile-screenshots_seaside-viewpoint-pic_screenshot-20260526-073431-photos_1968x2184.png	https://codec-corpus.r2.imazen.org/imazen-26-png-v3/8000-lilith-mobile-screenshots/8030_mobile-screenshots_seaside-viewpoint-pic_screenshot-20260526-073431-photos_1968x2184.sdr.png	1		0
8031	8000-lilith-mobile-screenshots/8031_mobile-screenshots_pom-businessman_screenshot-20260526-074244-photos_1968x2184.png	https://codec-corpus.r2.imazen.org/imazen-26-png-v3/8000-lilith-mobile-screenshots/8031_mobile-screenshots_pom-businessman_screenshot-20260526-074244-photos_1968x2184.sdr.png	1		0
8100	8100-lilith-web-screenshots/1440x900/8100_web-screenshots_archive-wayback-search_dpr1_page1_1440x900.png	https://codec-corpus.r2.imazen.org/imazen-26-png-v3/8100-lilith-web-screenshots/1440x900/8100_web-screenshots_archive-wayback-search_dpr1_page1_1440x900.sdr.png	1		0
8101	8100-lilith-web-screenshots/1440x900/8101_web-screenshots_archives-exhibits_dpr1_page1_1440x900.png	https://codec-corpus.r2.imazen.org/imazen-26-png-v3/8100-lilith-web-screenshots/1440x900/8101_web-screenshots_archives-exhibits_dpr1_page1_1440x900.sdr.png	1		0
8102	8100-lilith-web-screenshots/1440x900/8102_web-screenshots_archives-exhibits_dpr1_page2_1440x900.png	https://codec-corpus.r2.imazen.org/imazen-26-png-v3/8100-lilith-web-screenshots/1440x900/8102_web-screenshots_archives-exhibits_dpr1_page2_1440x900.sdr.png	1		0
8103	8100-lilith-web-screenshots/1440x900/8103_web-screenshots_bls-employment-situation_dpr1_page1_1440x900.png	https://codec-corpus.r2.imazen.org/imazen-26-png-v3/8100-lilith-web-screenshots/1440x900/8103_web-screenshots_bls-employment-situation_dpr1_page1_1440x900.sdr.png	1		0
8104	8100-lilith-web-screenshots/1440x900/8104_web-screenshots_climate-gov-home_dpr1_page1_1440x900.png	https://codec-corpus.r2.imazen.org/imazen-26-png-v3/8100-lilith-web-screenshots/1440x900/8104_web-screenshots_climate-gov-home_dpr1_page1_1440x900.sdr.png	1		0
8105	8100-lilith-web-screenshots/1440x900/8105_web-screenshots_climate-gov-home_dpr1_page2_1440x900.png	https://codec-corpus.r2.imazen.org/imazen-26-png-v3/8100-lilith-web-screenshots/1440x900/8105_web-screenshots_climate-gov-home_dpr1_page2_1440x900.sdr.png	1		0
8106	8100-lilith-web-screenshots/1440x900/8106_web-screenshots_climate-news_dpr1_page1_1440x900.png	https://codec-corpus.r2.imazen.org/imazen-26-png-v3/8100-lilith-web-screenshots/1440x900/8106_web-screenshots_climate-news_dpr1_page1_1440x900.sdr.png	1		0
8107	8100-lilith-web-screenshots/1440x900/8107_web-screenshots_climate-news_dpr1_page2_1440x900.png	https://codec-corpus.r2.imazen.org/imazen-26-png-v3/8100-lilith-web-screenshots/1440x900/8107_web-screenshots_climate-news_dpr1_page2_1440x900.sdr.png	1		0
8108	8100-lilith-web-screenshots/1440x900/8108_web-screenshots_datagov-catalog_dpr1_page1_1440x900.png	https://codec-corpus.r2.imazen.org/imazen-26-png-v3/8100-lilith-web-screenshots/1440x900/8108_web-screenshots_datagov-catalog_dpr1_page1_1440x900.sdr.png	1		0
8109	8100-lilith-web-screenshots/1440x900/8109_web-screenshots_datagov-catalog_dpr1_page2_1440x900.png	https://codec-corpus.r2.imazen.org/imazen-26-png-v3/8100-lilith-web-screenshots/1440x900/8109_web-screenshots_datagov-catalog_dpr1_page2_1440x900.sdr.png	1		0
8110	8100-lilith-web-screenshots/1440x900/8110_web-screenshots_federalreserve-data_dpr1_page1_1440x900.png	https://codec-corpus.r2.imazen.org/imazen-26-png-v3/8100-lilith-web-screenshots/1440x900/8110_web-screenshots_federalreserve-data_dpr1_page1_1440x900.sdr.png	1		0
8111	8100-lilith-web-screenshots/1440x900/8111_web-screenshots_gutenberg-top_dpr1_page1_1440x900.png	https://codec-corpus.r2.imazen.org/imazen-26-png-v3/8100-lilith-web-screenshots/1440x900/8111_web-screenshots_gutenberg-top_dpr1_page1_1440x900.sdr.png	1		0
8112	8100-lilith-web-screenshots/1440x900/8112_web-screenshots_gutenberg-top_dpr1_page2_1440x900.png	https://codec-corpus.r2.imazen.org/imazen-26-png-v3/8100-lilith-web-screenshots/1440x900/8112_web-screenshots_gutenberg-top_dpr1_page2_1440x900.sdr.png	1		0
8113	8100-lilith-web-screenshots/1440x900/8113_web-screenshots_lkml-lists-index_dpr1_page1_1440x900.png	https://codec-corpus.r2.imazen.org/imazen-26-png-v3/8100-lilith-web-screenshots/1440x900/8113_web-screenshots_lkml-lists-index_dpr1_page1_1440x900.sdr.png	1		0
8114	8100-lilith-web-screenshots/1440x900/8114_web-screenshots_lkml-lists-index_dpr1_page2_1440x900.png	https://codec-corpus.r2.imazen.org/imazen-26-png-v3/8100-lilith-web-screenshots/1440x900/8114_web-screenshots_lkml-lists-index_dpr1_page2_1440x900.sdr.png	1		0
8115	8100-lilith-web-screenshots/1440x900/8115_web-screenshots_loc-exhibits_dpr1_page1_1440x900.png	https://codec-corpus.r2.imazen.org/imazen-26-png-v3/8100-lilith-web-screenshots/1440x900/8115_web-screenshots_loc-exhibits_dpr1_page1_1440x900.sdr.png	1		0
8116	8100-lilith-web-screenshots/1440x900/8116_web-screenshots_loc-free-to-use_dpr1_page1_1440x900.png	https://codec-corpus.r2.imazen.org/imazen-26-png-v3/8100-lilith-web-screenshots/1440x900/8116_web-screenshots_loc-free-to-use_dpr1_page1_1440x900.sdr.png	1		0
8117	8100-lilith-web-screenshots/1440x900/8117_web-screenshots_loc-free-to-use_dpr1_page2_1440x900.png	https://codec-corpus.r2.imazen.org/imazen-26-png-v3/8100-lilith-web-screenshots/1440x900/8117_web-screenshots_loc-free-to-use_dpr1_page2_1440x900.sdr.png	1		0
8118	8100-lilith-web-screenshots/1440x900/8118_web-screenshots_loc-pictures_dpr1_page1_1440x900.png	https://codec-corpus.r2.imazen.org/imazen-26-png-v3/8100-lilith-web-screenshots/1440x900/8118_web-screenshots_loc-pictures_dpr1_page1_1440x900.sdr.png	1		0
8119	8100-lilith-web-screenshots/1440x900/8119_web-screenshots_loc-pictures_dpr1_page2_1440x900.png	https://codec-corpus.r2.imazen.org/imazen-26-png-v3/8100-lilith-web-screenshots/1440x900/8119_web-screenshots_loc-pictures_dpr1_page2_1440x900.sdr.png	1		0
8120	8100-lilith-web-screenshots/1440x900/8120_web-screenshots_nasa-artemis_dpr1_page1_1440x900.png	https://codec-corpus.r2.imazen.org/imazen-26-png-v3/8100-lilith-web-screenshots/1440x900/8120_web-screenshots_nasa-artemis_dpr1_page1_1440x900.sdr.png	1		0
8121	8100-lilith-web-screenshots/1440x900/8121_web-screenshots_nasa-artemis_dpr1_page2_1440x900.png	https://codec-corpus.r2.imazen.org/imazen-26-png-v3/8100-lilith-web-screenshots/1440x900/8121_web-screenshots_nasa-artemis_dpr1_page2_1440x900.sdr.png	1		0
8122	8100-lilith-web-screenshots/1440x900/8122_web-screenshots_nasa-home_dpr1_page1_1440x900.png	https://codec-corpus.r2.imazen.org/imazen-26-png-v3/8100-lilith-web-screenshots/1440x900/8122_web-screenshots_nasa-home_dpr1_page1_1440x900.sdr.png	1		0
8123	8100-lilith-web-screenshots/1440x900/8123_web-screenshots_nasa-home_dpr1_page2_1440x900.png	https://codec-corpus.r2.imazen.org/imazen-26-png-v3/8100-lilith-web-screenshots/1440x900/8123_web-screenshots_nasa-home_dpr1_page2_1440x900.sdr.png	1		0
8124	8100-lilith-web-screenshots/1440x900/8124_web-screenshots_nasa-image-of-day_dpr1_page1_1440x900.png	https://codec-corpus.r2.imazen.org/imazen-26-png-v3/8100-lilith-web-screenshots/1440x900/8124_web-screenshots_nasa-image-of-day_dpr1_page1_1440x900.sdr.png	1		0
8125	8100-lilith-web-screenshots/1440x900/8125_web-screenshots_nasa-image-of-day_dpr1_page2_1440x900.png	https://codec-corpus.r2.imazen.org/imazen-26-png-v3/8100-lilith-web-screenshots/1440x900/8125_web-screenshots_nasa-image-of-day_dpr1_page2_1440x900.sdr.png	1		0
8126	8100-lilith-web-screenshots/1440x900/8126_web-screenshots_nasa-missions_dpr1_page1_1440x900.png	https://codec-corpus.r2.imazen.org/imazen-26-png-v3/8100-lilith-web-screenshots/1440x900/8126_web-screenshots_nasa-missions_dpr1_page1_1440x900.sdr.png	1		0
8127	8100-lilith-web-screenshots/1440x900/8127_web-screenshots_nasa-missions_dpr1_page2_1440x900.png	https://codec-corpus.r2.imazen.org/imazen-26-png-v3/8100-lilith-web-screenshots/1440x900/8127_web-screenshots_nasa-missions_dpr1_page2_1440x900.sdr.png	1		0
8128	8100-lilith-web-screenshots/1440x900/8128_web-screenshots_nasa-news_dpr1_page1_1440x900.png	https://codec-corpus.r2.imazen.org/imazen-26-png-v3/8100-lilith-web-screenshots/1440x900/8128_web-screenshots_nasa-news_dpr1_page1_1440x900.sdr.png	1		0
8129	8100-lilith-web-screenshots/1440x900/8129_web-screenshots_nasa-news_dpr1_page2_1440x900.png	https://codec-corpus.r2.imazen.org/imazen-26-png-v3/8100-lilith-web-screenshots/1440x900/8129_web-screenshots_nasa-news_dpr1_page2_1440x900.sdr.png	1		0
8130	8100-lilith-web-screenshots/1440x900/8130_web-screenshots_nih-recipes-keep-the-beat_dpr1_page1_1440x900.png	https://codec-corpus.r2.imazen.org/imazen-26-png-v3/8100-lilith-web-screenshots/1440x900/8130_web-screenshots_nih-recipes-keep-the-beat_dpr1_page1_1440x900.sdr.png	1		0
8131	8100-lilith-web-screenshots/1440x900/8131_web-screenshots_nih-home_dpr1_page1_1440x900.png	https://codec-corpus.r2.imazen.org/imazen-26-png-v3/8100-lilith-web-screenshots/1440x900/8131_web-screenshots_nih-home_dpr1_page1_1440x900.sdr.png	1		0
8132	8100-lilith-web-screenshots/1440x900/8132_web-screenshots_nih-home_dpr1_page2_1440x900.png	https://codec-corpus.r2.imazen.org/imazen-26-png-v3/8100-lilith-web-screenshots/1440x900/8132_web-screenshots_nih-home_dpr1_page2_1440x900.sdr.png	1		0
8133	8100-lilith-web-screenshots/1440x900/8133_web-screenshots_noaa-home_dpr1_page1_1440x900.png	https://codec-corpus.r2.imazen.org/imazen-26-png-v3/8100-lilith-web-screenshots/1440x900/8133_web-screenshots_noaa-home_dpr1_page1_1440x900.sdr.png	1		0
8134	8100-lilith-web-screenshots/1440x900/8134_web-screenshots_nps-grand-canyon_dpr1_page1_1440x900.png	https://codec-corpus.r2.imazen.org/imazen-26-png-v3/8100-lilith-web-screenshots/1440x900/8134_web-screenshots_nps-grand-canyon_dpr1_page1_1440x900.sdr.png	1		0
8135	8100-lilith-web-screenshots/1440x900/8135_web-screenshots_nps-grand-canyon_dpr1_page2_1440x900.png	https://codec-corpus.r2.imazen.org/imazen-26-png-v3/8100-lilith-web-screenshots/1440x900/8135_web-screenshots_nps-grand-canyon_dpr1_page2_1440x900.sdr.png	1		0
8136	8100-lilith-web-screenshots/1440x900/8136_web-screenshots_nps-grca_dpr1_page1_1440x900.png	https://codec-corpus.r2.imazen.org/imazen-26-png-v3/8100-lilith-web-screenshots/1440x900/8136_web-screenshots_nps-grca_dpr1_page1_1440x900.sdr.png	1		0
8137	8100-lilith-web-screenshots/1440x900/8137_web-screenshots_nps-grca_dpr1_page2_1440x900.png	https://codec-corpus.r2.imazen.org/imazen-26-png-v3/8100-lilith-web-screenshots/1440x900/8137_web-screenshots_nps-grca_dpr1_page2_1440x900.sdr.png	1		0
8138	8100-lilith-web-screenshots/1440x900/8138_web-screenshots_nps-yellowstone_dpr1_page1_1440x900.png	https://codec-corpus.r2.imazen.org/imazen-26-png-v3/8100-lilith-web-screenshots/1440x900/8138_web-screenshots_nps-yellowstone_dpr1_page1_1440x900.sdr.png	1		0
8139	8100-lilith-web-screenshots/1440x900/8139_web-screenshots_nps-yellowstone_dpr1_page2_1440x900.png	https://codec-corpus.r2.imazen.org/imazen-26-png-v3/8100-lilith-web-screenshots/1440x900/8139_web-screenshots_nps-yellowstone_dpr1_page2_1440x900.sdr.png	1		0
8140	8100-lilith-web-screenshots/1440x900/8140_web-screenshots_nps-yosemite_dpr1_page1_1440x900.png	https://codec-corpus.r2.imazen.org/imazen-26-png-v3/8100-lilith-web-screenshots/1440x900/8140_web-screenshots_nps-yosemite_dpr1_page1_1440x900.sdr.png	1		0
8141	8100-lilith-web-screenshots/1440x900/8141_web-screenshots_nps-yosemite_dpr1_page2_1440x900.png	https://codec-corpus.r2.imazen.org/imazen-26-png-v3/8100-lilith-web-screenshots/1440x900/8141_web-screenshots_nps-yosemite_dpr1_page2_1440x900.sdr.png	1		0
8142	8100-lilith-web-screenshots/1440x900/8142_web-screenshots_nps-zion_dpr1_page1_1440x900.png	https://codec-corpus.r2.imazen.org/imazen-26-png-v3/8100-lilith-web-screenshots/1440x900/8142_web-screenshots_nps-zion_dpr1_page1_1440x900.sdr.png	1		0
8143	8100-lilith-web-screenshots/1440x900/8143_web-screenshots_nps-zion_dpr1_page2_1440x900.png	https://codec-corpus.r2.imazen.org/imazen-26-png-v3/8100-lilith-web-screenshots/1440x900/8143_web-screenshots_nps-zion_dpr1_page2_1440x900.sdr.png	1		0
8144	8100-lilith-web-screenshots/1440x900/8144_web-screenshots_si-edu-exhibitions_dpr1_page1_1440x900.png	https://codec-corpus.r2.imazen.org/imazen-26-png-v3/8100-lilith-web-screenshots/1440x900/8144_web-screenshots_si-edu-exhibitions_dpr1_page1_1440x900.sdr.png	1		0
8145	8100-lilith-web-screenshots/1440x900/8145_web-screenshots_si-edu-exhibitions_dpr1_page2_1440x900.png	https://codec-corpus.r2.imazen.org/imazen-26-png-v3/8100-lilith-web-screenshots/1440x900/8145_web-screenshots_si-edu-exhibitions_dpr1_page2_1440x900.sdr.png	1		0
8146	8100-lilith-web-screenshots/1440x900/8146_web-screenshots_terminal-python-repl_dpr1_page1_1440x900.png	https://codec-corpus.r2.imazen.org/imazen-26-png-v3/8100-lilith-web-screenshots/1440x900/8146_web-screenshots_terminal-python-repl_dpr1_page1_1440x900.sdr.png	1		0
8147	8100-lilith-web-screenshots/1440x900/8147_web-screenshots_usaspending-explorer_dpr1_page1_1440x900.png	https://codec-corpus.r2.imazen.org/imazen-26-png-v3/8100-lilith-web-screenshots/1440x900/8147_web-screenshots_usaspending-explorer_dpr1_page1_1440x900.sdr.png	1		0
8148	8100-lilith-web-screenshots/1440x900/8148_web-screenshots_usgs-main-home_dpr1_page1_1440x900.png	https://codec-corpus.r2.imazen.org/imazen-26-png-v3/8100-lilith-web-screenshots/1440x900/8148_web-screenshots_usgs-main-home_dpr1_page1_1440x900.sdr.png	1		0
8149	8100-lilith-web-screenshots/1440x900/8149_web-screenshots_usgs-main-home_dpr1_page2_1440x900.png	https://codec-corpus.r2.imazen.org/imazen-26-png-v3/8100-lilith-web-screenshots/1440x900/8149_web-screenshots_usgs-main-home_dpr1_page2_1440x900.sdr.png	1		0
8150	8100-lilith-web-screenshots/1440x900/8150_web-screenshots_usgs-news_dpr1_page1_1440x900.png	https://codec-corpus.r2.imazen.org/imazen-26-png-v3/8100-lilith-web-screenshots/1440x900/8150_web-screenshots_usgs-news_dpr1_page1_1440x900.sdr.png	1		0
8151	8100-lilith-web-screenshots/1440x900/8151_web-screenshots_usgs-news_dpr1_page2_1440x900.png	https://codec-corpus.r2.imazen.org/imazen-26-png-v3/8100-lilith-web-screenshots/1440x900/8151_web-screenshots_usgs-news_dpr1_page2_1440x900.sdr.png	1		0
8152	8100-lilith-web-screenshots/1440x900/8152_web-screenshots_usgs-topoview_dpr1_page1_1440x900.png	https://codec-corpus.r2.imazen.org/imazen-26-png-v3/8100-lilith-web-screenshots/1440x900/8152_web-screenshots_usgs-topoview_dpr1_page1_1440x900.sdr.png	1		0
8153	8100-lilith-web-screenshots/1440x900/8153_web-screenshots_weather-forecast-nyc_dpr1_page1_1440x900.png	https://codec-corpus.r2.imazen.org/imazen-26-png-v3/8100-lilith-web-screenshots/1440x900/8153_web-screenshots_weather-forecast-nyc_dpr1_page1_1440x900.sdr.png	1		0
8154	8100-lilith-web-screenshots/1440x900/8154_web-screenshots_weather-forecast-nyc_dpr1_page2_1440x900.png	https://codec-corpus.r2.imazen.org/imazen-26-png-v3/8100-lilith-web-screenshots/1440x900/8154_web-screenshots_weather-forecast-nyc_dpr1_page2_1440x900.sdr.png	1		0
8155	8100-lilith-web-screenshots/1440x900/8155_web-screenshots_weather-satellites_dpr1_page1_1440x900.png	https://codec-corpus.r2.imazen.org/imazen-26-png-v3/8100-lilith-web-screenshots/1440x900/8155_web-screenshots_weather-satellites_dpr1_page1_1440x900.sdr.png	1		0
8156	8100-lilith-web-screenshots/1440x900/8156_web-screenshots_weatherportal-home_dpr1_page1_1440x900.png	https://codec-corpus.r2.imazen.org/imazen-26-png-v3/8100-lilith-web-screenshots/1440x900/8156_web-screenshots_weatherportal-home_dpr1_page1_1440x900.sdr.png	1		0
8157	8100-lilith-web-screenshots/1440x900/8157_web-screenshots_whitehouse-briefing_dpr1_page1_1440x900.png	https://codec-corpus.r2.imazen.org/imazen-26-png-v3/8100-lilith-web-screenshots/1440x900/8157_web-screenshots_whitehouse-briefing_dpr1_page1_1440x900.sdr.png	1		0
8158	8100-lilith-web-screenshots/1440x900/8158_web-screenshots_whitehouse-briefing_dpr1_page2_1440x900.png	https://codec-corpus.r2.imazen.org/imazen-26-png-v3/8100-lilith-web-screenshots/1440x900/8158_web-screenshots_whitehouse-briefing_dpr1_page2_1440x900.sdr.png	1		0
8159	8100-lilith-web-screenshots/1920x1080/8159_web-screenshots_archive-wayback-search_dpr1_page1_1920x1080.png	https://codec-corpus.r2.imazen.org/imazen-26-png-v3/8100-lilith-web-screenshots/1920x1080/8159_web-screenshots_archive-wayback-search_dpr1_page1_1920x1080.sdr.png	1		0
8160	8100-lilith-web-screenshots/1920x1080/8160_web-screenshots_archives-exhibits_dpr1_page1_1920x1080.png	https://codec-corpus.r2.imazen.org/imazen-26-png-v3/8100-lilith-web-screenshots/1920x1080/8160_web-screenshots_archives-exhibits_dpr1_page1_1920x1080.sdr.png	1		0
8161	8100-lilith-web-screenshots/1920x1080/8161_web-screenshots_archives-exhibits_dpr1_page2_1920x1080.png	https://codec-corpus.r2.imazen.org/imazen-26-png-v3/8100-lilith-web-screenshots/1920x1080/8161_web-screenshots_archives-exhibits_dpr1_page2_1920x1080.sdr.png	1		0
8162	8100-lilith-web-screenshots/1920x1080/8162_web-screenshots_bls-employment-situation_dpr1_page1_1920x1080.png	https://codec-corpus.r2.imazen.org/imazen-26-png-v3/8100-lilith-web-screenshots/1920x1080/8162_web-screenshots_bls-employment-situation_dpr1_page1_1920x1080.sdr.png	1		0
8163	8100-lilith-web-screenshots/1920x1080/8163_web-screenshots_climate-gov-home_dpr1_page1_1920x1080.png	https://codec-corpus.r2.imazen.org/imazen-26-png-v3/8100-lilith-web-screenshots/1920x1080/8163_web-screenshots_climate-gov-home_dpr1_page1_1920x1080.sdr.png	1		0
8164	8100-lilith-web-screenshots/1920x1080/8164_web-screenshots_climate-gov-home_dpr1_page2_1920x1080.png	https://codec-corpus.r2.imazen.org/imazen-26-png-v3/8100-lilith-web-screenshots/1920x1080/8164_web-screenshots_climate-gov-home_dpr1_page2_1920x1080.sdr.png	1		0
8165	8100-lilith-web-screenshots/1920x1080/8165_web-screenshots_datagov-catalog_dpr1_page1_1920x1080.png	https://codec-corpus.r2.imazen.org/imazen-26-png-v3/8100-lilith-web-screenshots/1920x1080/8165_web-screenshots_datagov-catalog_dpr1_page1_1920x1080.sdr.png	1		0
8166	8100-lilith-web-screenshots/1920x1080/8166_web-screenshots_datagov-catalog_dpr1_page2_1920x1080.png	https://codec-corpus.r2.imazen.org/imazen-26-png-v3/8100-lilith-web-screenshots/1920x1080/8166_web-screenshots_datagov-catalog_dpr1_page2_1920x1080.sdr.png	1		0
8167	8100-lilith-web-screenshots/1920x1080/8167_web-screenshots_federalreserve-data_dpr1_page1_1920x1080.png	https://codec-corpus.r2.imazen.org/imazen-26-png-v3/8100-lilith-web-screenshots/1920x1080/8167_web-screenshots_federalreserve-data_dpr1_page1_1920x1080.sdr.png	1		0
8168	8100-lilith-web-screenshots/1920x1080/8168_web-screenshots_federalreserve-data_dpr1_page2_1920x1080.png	https://codec-corpus.r2.imazen.org/imazen-26-png-v3/8100-lilith-web-screenshots/1920x1080/8168_web-screenshots_federalreserve-data_dpr1_page2_1920x1080.sdr.png	1		0
8169	8100-lilith-web-screenshots/1920x1080/8169_web-screenshots_gutenberg-top_dpr1_page1_1920x1080.png	https://codec-corpus.r2.imazen.org/imazen-26-png-v3/8100-lilith-web-screenshots/1920x1080/8169_web-screenshots_gutenberg-top_dpr1_page1_1920x1080.sdr.png	1		0
8170	8100-lilith-web-screenshots/1920x1080/8170_web-screenshots_gutenberg-top_dpr1_page2_1920x1080.png	https://codec-corpus.r2.imazen.org/imazen-26-png-v3/8100-lilith-web-screenshots/1920x1080/8170_web-screenshots_gutenberg-top_dpr1_page2_1920x1080.sdr.png	1		0
8171	8100-lilith-web-screenshots/1920x1080/8171_web-screenshots_lkml-lists-index_dpr1_page1_1920x1080.png	https://codec-corpus.r2.imazen.org/imazen-26-png-v3/8100-lilith-web-screenshots/1920x1080/8171_web-screenshots_lkml-lists-index_dpr1_page1_1920x1080.sdr.png	1		0
8172	8100-lilith-web-screenshots/1920x1080/8172_web-screenshots_lkml-lists-index_dpr1_page2_1920x1080.png	https://codec-corpus.r2.imazen.org/imazen-26-png-v3/8100-lilith-web-screenshots/1920x1080/8172_web-screenshots_lkml-lists-index_dpr1_page2_1920x1080.sdr.png	1		0
8173	8100-lilith-web-screenshots/1920x1080/8173_web-screenshots_loc-exhibits_dpr1_page1_1920x1080.png	https://codec-corpus.r2.imazen.org/imazen-26-png-v3/8100-lilith-web-screenshots/1920x1080/8173_web-screenshots_loc-exhibits_dpr1_page1_1920x1080.sdr.png	1		0
8174	8100-lilith-web-screenshots/1920x1080/8174_web-screenshots_loc-free-to-use_dpr1_page1_1920x1080.png	https://codec-corpus.r2.imazen.org/imazen-26-png-v3/8100-lilith-web-screenshots/1920x1080/8174_web-screenshots_loc-free-to-use_dpr1_page1_1920x1080.sdr.png	1		0
8175	8100-lilith-web-screenshots/1920x1080/8175_web-screenshots_loc-free-to-use_dpr1_page2_1920x1080.png	https://codec-corpus.r2.imazen.org/imazen-26-png-v3/8100-lilith-web-screenshots/1920x1080/8175_web-screenshots_loc-free-to-use_dpr1_page2_1920x1080.sdr.png	1		0
8176	8100-lilith-web-screenshots/1920x1080/8176_web-screenshots_loc-pictures_dpr1_page1_1920x1080.png	https://codec-corpus.r2.imazen.org/imazen-26-png-v3/8100-lilith-web-screenshots/1920x1080/8176_web-screenshots_loc-pictures_dpr1_page1_1920x1080.sdr.png	1		0
8177	8100-lilith-web-screenshots/1920x1080/8177_web-screenshots_loc-pictures_dpr1_page2_1920x1080.png	https://codec-corpus.r2.imazen.org/imazen-26-png-v3/8100-lilith-web-screenshots/1920x1080/8177_web-screenshots_loc-pictures_dpr1_page2_1920x1080.sdr.png	1		0
8178	8100-lilith-web-screenshots/1920x1080/8178_web-screenshots_nasa-artemis_dpr1_page1_1920x1080.png	https://codec-corpus.r2.imazen.org/imazen-26-png-v3/8100-lilith-web-screenshots/1920x1080/8178_web-screenshots_nasa-artemis_dpr1_page1_1920x1080.sdr.png	1		0
8179	8100-lilith-web-screenshots/1920x1080/8179_web-screenshots_nasa-artemis_dpr1_page2_1920x1080.png	https://codec-corpus.r2.imazen.org/imazen-26-png-v3/8100-lilith-web-screenshots/1920x1080/8179_web-screenshots_nasa-artemis_dpr1_page2_1920x1080.sdr.png	1		0
8180	8100-lilith-web-screenshots/1920x1080/8180_web-screenshots_nasa-home_dpr1_page1_1920x1080.png	https://codec-corpus.r2.imazen.org/imazen-26-png-v3/8100-lilith-web-screenshots/1920x1080/8180_web-screenshots_nasa-home_dpr1_page1_1920x1080.sdr.png	1		0
8181	8100-lilith-web-screenshots/1920x1080/8181_web-screenshots_nasa-home_dpr1_page2_1920x1080.png	https://codec-corpus.r2.imazen.org/imazen-26-png-v3/8100-lilith-web-screenshots/1920x1080/8181_web-screenshots_nasa-home_dpr1_page2_1920x1080.sdr.png	1		0
8182	8100-lilith-web-screenshots/1920x1080/8182_web-screenshots_nasa-image-of-day_dpr1_page1_1920x1080.png	https://codec-corpus.r2.imazen.org/imazen-26-png-v3/8100-lilith-web-screenshots/1920x1080/8182_web-screenshots_nasa-image-of-day_dpr1_page1_1920x1080.sdr.png	1		0
8183	8100-lilith-web-screenshots/1920x1080/8183_web-screenshots_nasa-image-of-day_dpr1_page2_1920x1080.png	https://codec-corpus.r2.imazen.org/imazen-26-png-v3/8100-lilith-web-screenshots/1920x1080/8183_web-screenshots_nasa-image-of-day_dpr1_page2_1920x1080.sdr.png	1		0
8184	8100-lilith-web-screenshots/1920x1080/8184_web-screenshots_nasa-missions_dpr1_page1_1920x1080.png	https://codec-corpus.r2.imazen.org/imazen-26-png-v3/8100-lilith-web-screenshots/1920x1080/8184_web-screenshots_nasa-missions_dpr1_page1_1920x1080.sdr.png	1		0
8185	8100-lilith-web-screenshots/1920x1080/8185_web-screenshots_nasa-missions_dpr1_page2_1920x1080.png	https://codec-corpus.r2.imazen.org/imazen-26-png-v3/8100-lilith-web-screenshots/1920x1080/8185_web-screenshots_nasa-missions_dpr1_page2_1920x1080.sdr.png	1		0
8186	8100-lilith-web-screenshots/1920x1080/8186_web-screenshots_nasa-news_dpr1_page1_1920x1080.png	https://codec-corpus.r2.imazen.org/imazen-26-png-v3/8100-lilith-web-screenshots/1920x1080/8186_web-screenshots_nasa-news_dpr1_page1_1920x1080.sdr.png	1		0
8187	8100-lilith-web-screenshots/1920x1080/8187_web-screenshots_nasa-news_dpr1_page2_1920x1080.png	https://codec-corpus.r2.imazen.org/imazen-26-png-v3/8100-lilith-web-screenshots/1920x1080/8187_web-screenshots_nasa-news_dpr1_page2_1920x1080.sdr.png	1		0
8188	8100-lilith-web-screenshots/1920x1080/8188_web-screenshots_nasa-perseverance_dpr1_page1_1920x1080.png	https://codec-corpus.r2.imazen.org/imazen-26-png-v3/8100-lilith-web-screenshots/1920x1080/8188_web-screenshots_nasa-perseverance_dpr1_page1_1920x1080.sdr.png	1		0
8189	8100-lilith-web-screenshots/1920x1080/8189_web-screenshots_nasa-perseverance_dpr1_page2_1920x1080.png	https://codec-corpus.r2.imazen.org/imazen-26-png-v3/8100-lilith-web-screenshots/1920x1080/8189_web-screenshots_nasa-perseverance_dpr1_page2_1920x1080.sdr.png	1		0
8190	8100-lilith-web-screenshots/1920x1080/8190_web-screenshots_nih-recipes-keep-the-beat_dpr1_page1_1920x1080.png	https://codec-corpus.r2.imazen.org/imazen-26-png-v3/8100-lilith-web-screenshots/1920x1080/8190_web-screenshots_nih-recipes-keep-the-beat_dpr1_page1_1920x1080.sdr.png	1		0
8191	8100-lilith-web-screenshots/1920x1080/8191_web-screenshots_nih-home_dpr1_page1_1920x1080.png	https://codec-corpus.r2.imazen.org/imazen-26-png-v3/8100-lilith-web-screenshots/1920x1080/8191_web-screenshots_nih-home_dpr1_page1_1920x1080.sdr.png	1		0
8192	8100-lilith-web-screenshots/1920x1080/8192_web-screenshots_nih-home_dpr1_page2_1920x1080.png	https://codec-corpus.r2.imazen.org/imazen-26-png-v3/8100-lilith-web-screenshots/1920x1080/8192_web-screenshots_nih-home_dpr1_page2_1920x1080.sdr.png	1		0
8193	8100-lilith-web-screenshots/1920x1080/8193_web-screenshots_noaa-home_dpr1_page1_1920x1080.png	https://codec-corpus.r2.imazen.org/imazen-26-png-v3/8100-lilith-web-screenshots/1920x1080/8193_web-screenshots_noaa-home_dpr1_page1_1920x1080.sdr.png	1		0
8194	8100-lilith-web-screenshots/1920x1080/8194_web-screenshots_noaa-ocean_dpr1_page1_1920x1080.png	https://codec-corpus.r2.imazen.org/imazen-26-png-v3/8100-lilith-web-screenshots/1920x1080/8194_web-screenshots_noaa-ocean_dpr1_page1_1920x1080.sdr.png	1		0
8195	8100-lilith-web-screenshots/1920x1080/8195_web-screenshots_noaa-ocean_dpr1_page2_1920x1080.png	https://codec-corpus.r2.imazen.org/imazen-26-png-v3/8100-lilith-web-screenshots/1920x1080/8195_web-screenshots_noaa-ocean_dpr1_page2_1920x1080.sdr.png	1		0
8196	8100-lilith-web-screenshots/1920x1080/8196_web-screenshots_nps-grand-canyon_dpr1_page1_1920x1080.png	https://codec-corpus.r2.imazen.org/imazen-26-png-v3/8100-lilith-web-screenshots/1920x1080/8196_web-screenshots_nps-grand-canyon_dpr1_page1_1920x1080.sdr.png	1		0
8197	8100-lilith-web-screenshots/1920x1080/8197_web-screenshots_nps-grand-canyon_dpr1_page2_1920x1080.png	https://codec-corpus.r2.imazen.org/imazen-26-png-v3/8100-lilith-web-screenshots/1920x1080/8197_web-screenshots_nps-grand-canyon_dpr1_page2_1920x1080.sdr.png	1		0
8198	8100-lilith-web-screenshots/1920x1080/8198_web-screenshots_nps-grca_dpr1_page1_1920x1080.png	https://codec-corpus.r2.imazen.org/imazen-26-png-v3/8100-lilith-web-screenshots/1920x1080/8198_web-screenshots_nps-grca_dpr1_page1_1920x1080.sdr.png	1		0
8199	8100-lilith-web-screenshots/1920x1080/8199_web-screenshots_nps-grca_dpr1_page2_1920x1080.png	https://codec-corpus.r2.imazen.org/imazen-26-png-v3/8100-lilith-web-screenshots/1920x1080/8199_web-screenshots_nps-grca_dpr1_page2_1920x1080.sdr.png	1		0
8200	8100-lilith-web-screenshots/1920x1080/8200_web-screenshots_nps-yellowstone_dpr1_page1_1920x1080.png	https://codec-corpus.r2.imazen.org/imazen-26-png-v3/8100-lilith-web-screenshots/1920x1080/8200_web-screenshots_nps-yellowstone_dpr1_page1_1920x1080.sdr.png	1		0
8201	8100-lilith-web-screenshots/1920x1080/8201_web-screenshots_nps-yellowstone_dpr1_page2_1920x1080.png	https://codec-corpus.r2.imazen.org/imazen-26-png-v3/8100-lilith-web-screenshots/1920x1080/8201_web-screenshots_nps-yellowstone_dpr1_page2_1920x1080.sdr.png	1		0
8202	8100-lilith-web-screenshots/1920x1080/8202_web-screenshots_nps-yosemite_dpr1_page1_1920x1080.png	https://codec-corpus.r2.imazen.org/imazen-26-png-v3/8100-lilith-web-screenshots/1920x1080/8202_web-screenshots_nps-yosemite_dpr1_page1_1920x1080.sdr.png	1		0
8203	8100-lilith-web-screenshots/1920x1080/8203_web-screenshots_nps-yosemite_dpr1_page2_1920x1080.png	https://codec-corpus.r2.imazen.org/imazen-26-png-v3/8100-lilith-web-screenshots/1920x1080/8203_web-screenshots_nps-yosemite_dpr1_page2_1920x1080.sdr.png	1		0
8204	8100-lilith-web-screenshots/1920x1080/8204_web-screenshots_nps-zion_dpr1_page1_1920x1080.png	https://codec-corpus.r2.imazen.org/imazen-26-png-v3/8100-lilith-web-screenshots/1920x1080/8204_web-screenshots_nps-zion_dpr1_page1_1920x1080.sdr.png	1		0
8205	8100-lilith-web-screenshots/1920x1080/8205_web-screenshots_nps-zion_dpr1_page2_1920x1080.png	https://codec-corpus.r2.imazen.org/imazen-26-png-v3/8100-lilith-web-screenshots/1920x1080/8205_web-screenshots_nps-zion_dpr1_page2_1920x1080.sdr.png	1		0
8206	8100-lilith-web-screenshots/1920x1080/8206_web-screenshots_si-edu-exhibitions_dpr1_page1_1920x1080.png	https://codec-corpus.r2.imazen.org/imazen-26-png-v3/8100-lilith-web-screenshots/1920x1080/8206_web-screenshots_si-edu-exhibitions_dpr1_page1_1920x1080.sdr.png	1		0
8207	8100-lilith-web-screenshots/1920x1080/8207_web-screenshots_si-edu-exhibitions_dpr1_page2_1920x1080.png	https://codec-corpus.r2.imazen.org/imazen-26-png-v3/8100-lilith-web-screenshots/1920x1080/8207_web-screenshots_si-edu-exhibitions_dpr1_page2_1920x1080.sdr.png	1		0
8208	8100-lilith-web-screenshots/1920x1080/8208_web-screenshots_usaspending-explorer_dpr1_page1_1920x1080.png	https://codec-corpus.r2.imazen.org/imazen-26-png-v3/8100-lilith-web-screenshots/1920x1080/8208_web-screenshots_usaspending-explorer_dpr1_page1_1920x1080.sdr.png	1		0
8209	8100-lilith-web-screenshots/1920x1080/8209_web-screenshots_usgs-main-home_dpr1_page1_1920x1080.png	https://codec-corpus.r2.imazen.org/imazen-26-png-v3/8100-lilith-web-screenshots/1920x1080/8209_web-screenshots_usgs-main-home_dpr1_page1_1920x1080.sdr.png	1		0
8210	8100-lilith-web-screenshots/1920x1080/8210_web-screenshots_usgs-main-home_dpr1_page2_1920x1080.png	https://codec-corpus.r2.imazen.org/imazen-26-png-v3/8100-lilith-web-screenshots/1920x1080/8210_web-screenshots_usgs-main-home_dpr1_page2_1920x1080.sdr.png	1		0
8211	8100-lilith-web-screenshots/1920x1080/8211_web-screenshots_usgs-home_dpr1_page1_1920x1080.png	https://codec-corpus.r2.imazen.org/imazen-26-png-v3/8100-lilith-web-screenshots/1920x1080/8211_web-screenshots_usgs-home_dpr1_page1_1920x1080.sdr.png	1		0
8212	8100-lilith-web-screenshots/1920x1080/8212_web-screenshots_usgs-home_dpr1_page2_1920x1080.png	https://codec-corpus.r2.imazen.org/imazen-26-png-v3/8100-lilith-web-screenshots/1920x1080/8212_web-screenshots_usgs-home_dpr1_page2_1920x1080.sdr.png	1		0
8213	8100-lilith-web-screenshots/1920x1080/8213_web-screenshots_usgs-topoview_dpr1_page1_1920x1080.png	https://codec-corpus.r2.imazen.org/imazen-26-png-v3/8100-lilith-web-screenshots/1920x1080/8213_web-screenshots_usgs-topoview_dpr1_page1_1920x1080.sdr.png	1		0
8214	8100-lilith-web-screenshots/1920x1080/8214_web-screenshots_weather-forecast-nyc_dpr1_page1_1920x1080.png	https://codec-corpus.r2.imazen.org/imazen-26-png-v3/8100-lilith-web-screenshots/1920x1080/8214_web-screenshots_weather-forecast-nyc_dpr1_page1_1920x1080.sdr.png	1		0
8215	8100-lilith-web-screenshots/1920x1080/8215_web-screenshots_weather-forecast-nyc_dpr1_page2_1920x1080.png	https://codec-corpus.r2.imazen.org/imazen-26-png-v3/8100-lilith-web-screenshots/1920x1080/8215_web-screenshots_weather-forecast-nyc_dpr1_page2_1920x1080.sdr.png	1		0
8216	8100-lilith-web-screenshots/1920x1080/8216_web-screenshots_weatherportal-home_dpr1_page1_1920x1080.png	https://codec-corpus.r2.imazen.org/imazen-26-png-v3/8100-lilith-web-screenshots/1920x1080/8216_web-screenshots_weatherportal-home_dpr1_page1_1920x1080.sdr.png	1		0
8217	8100-lilith-web-screenshots/1920x1080/8217_web-screenshots_whitehouse-briefing_dpr1_page1_1920x1080.png	https://codec-corpus.r2.imazen.org/imazen-26-png-v3/8100-lilith-web-screenshots/1920x1080/8217_web-screenshots_whitehouse-briefing_dpr1_page1_1920x1080.sdr.png	1		0
8218	8100-lilith-web-screenshots/1920x1080/8218_web-screenshots_whitehouse-briefing_dpr1_page2_1920x1080.png	https://codec-corpus.r2.imazen.org/imazen-26-png-v3/8100-lilith-web-screenshots/1920x1080/8218_web-screenshots_whitehouse-briefing_dpr1_page2_1920x1080.sdr.png	1		0
8219	8100-lilith-web-screenshots/2880x1800/8219_web-screenshots_archive-wayback-search_dpr2_page1_2880x1800.png	https://codec-corpus.r2.imazen.org/imazen-26-png-v3/8100-lilith-web-screenshots/2880x1800/8219_web-screenshots_archive-wayback-search_dpr2_page1_2880x1800.sdr.png	1		0
8220	8100-lilith-web-screenshots/2880x1800/8220_web-screenshots_archives-exhibits_dpr2_page1_2880x1800.png	https://codec-corpus.r2.imazen.org/imazen-26-png-v3/8100-lilith-web-screenshots/2880x1800/8220_web-screenshots_archives-exhibits_dpr2_page1_2880x1800.sdr.png	1		0
8221	8100-lilith-web-screenshots/2880x1800/8221_web-screenshots_archives-exhibits_dpr2_page2_2880x1800.png	https://codec-corpus.r2.imazen.org/imazen-26-png-v3/8100-lilith-web-screenshots/2880x1800/8221_web-screenshots_archives-exhibits_dpr2_page2_2880x1800.sdr.png	1		0
8222	8100-lilith-web-screenshots/2880x1800/8222_web-screenshots_bls-employment-situation_dpr2_page1_2880x1800.png	https://codec-corpus.r2.imazen.org/imazen-26-png-v3/8100-lilith-web-screenshots/2880x1800/8222_web-screenshots_bls-employment-situation_dpr2_page1_2880x1800.sdr.png	1		0
8223	8100-lilith-web-screenshots/2880x1800/8223_web-screenshots_climate-gov-home_dpr2_page1_2880x1800.png	https://codec-corpus.r2.imazen.org/imazen-26-png-v3/8100-lilith-web-screenshots/2880x1800/8223_web-screenshots_climate-gov-home_dpr2_page1_2880x1800.sdr.png	1		0
8224	8100-lilith-web-screenshots/2880x1800/8224_web-screenshots_climate-gov-home_dpr2_page2_2880x1800.png	https://codec-corpus.r2.imazen.org/imazen-26-png-v3/8100-lilith-web-screenshots/2880x1800/8224_web-screenshots_climate-gov-home_dpr2_page2_2880x1800.sdr.png	1		0
8225	8100-lilith-web-screenshots/2880x1800/8225_web-screenshots_datagov-catalog_dpr2_page1_2880x1800.png	https://codec-corpus.r2.imazen.org/imazen-26-png-v3/8100-lilith-web-screenshots/2880x1800/8225_web-screenshots_datagov-catalog_dpr2_page1_2880x1800.sdr.png	1		0
8226	8100-lilith-web-screenshots/2880x1800/8226_web-screenshots_datagov-catalog_dpr2_page2_2880x1800.png	https://codec-corpus.r2.imazen.org/imazen-26-png-v3/8100-lilith-web-screenshots/2880x1800/8226_web-screenshots_datagov-catalog_dpr2_page2_2880x1800.sdr.png	1		0
8227	8100-lilith-web-screenshots/2880x1800/8227_web-screenshots_federalreserve-data_dpr2_page1_2880x1800.png	https://codec-corpus.r2.imazen.org/imazen-26-png-v3/8100-lilith-web-screenshots/2880x1800/8227_web-screenshots_federalreserve-data_dpr2_page1_2880x1800.sdr.png	1		0
8228	8100-lilith-web-screenshots/2880x1800/8228_web-screenshots_gutenberg-top_dpr2_page1_2880x1800.png	https://codec-corpus.r2.imazen.org/imazen-26-png-v3/8100-lilith-web-screenshots/2880x1800/8228_web-screenshots_gutenberg-top_dpr2_page1_2880x1800.sdr.png	1		0
8229	8100-lilith-web-screenshots/2880x1800/8229_web-screenshots_gutenberg-top_dpr2_page2_2880x1800.png	https://codec-corpus.r2.imazen.org/imazen-26-png-v3/8100-lilith-web-screenshots/2880x1800/8229_web-screenshots_gutenberg-top_dpr2_page2_2880x1800.sdr.png	1		0
8230	8100-lilith-web-screenshots/2880x1800/8230_web-screenshots_lkml-lists-index_dpr2_page1_2880x1800.png	https://codec-corpus.r2.imazen.org/imazen-26-png-v3/8100-lilith-web-screenshots/2880x1800/8230_web-screenshots_lkml-lists-index_dpr2_page1_2880x1800.sdr.png	1		0
8231	8100-lilith-web-screenshots/2880x1800/8231_web-screenshots_lkml-lists-index_dpr2_page2_2880x1800.png	https://codec-corpus.r2.imazen.org/imazen-26-png-v3/8100-lilith-web-screenshots/2880x1800/8231_web-screenshots_lkml-lists-index_dpr2_page2_2880x1800.sdr.png	1		0
8232	8100-lilith-web-screenshots/2880x1800/8232_web-screenshots_loc-exhibitions_dpr2_page1_2880x1800.png	https://codec-corpus.r2.imazen.org/imazen-26-png-v3/8100-lilith-web-screenshots/2880x1800/8232_web-screenshots_loc-exhibitions_dpr2_page1_2880x1800.sdr.png	1		0
8233	8100-lilith-web-screenshots/2880x1800/8233_web-screenshots_loc-exhibits_dpr2_page1_2880x1800.png	https://codec-corpus.r2.imazen.org/imazen-26-png-v3/8100-lilith-web-screenshots/2880x1800/8233_web-screenshots_loc-exhibits_dpr2_page1_2880x1800.sdr.png	1		0
8234	8100-lilith-web-screenshots/2880x1800/8234_web-screenshots_loc-pictures_dpr2_page1_2880x1800.png	https://codec-corpus.r2.imazen.org/imazen-26-png-v3/8100-lilith-web-screenshots/2880x1800/8234_web-screenshots_loc-pictures_dpr2_page1_2880x1800.sdr.png	1		0
8235	8100-lilith-web-screenshots/2880x1800/8235_web-screenshots_loc-pictures_dpr2_page2_2880x1800.png	https://codec-corpus.r2.imazen.org/imazen-26-png-v3/8100-lilith-web-screenshots/2880x1800/8235_web-screenshots_loc-pictures_dpr2_page2_2880x1800.sdr.png	1		0
8236	8100-lilith-web-screenshots/2880x1800/8236_web-screenshots_nasa-artemis_dpr2_page1_2880x1800.png	https://codec-corpus.r2.imazen.org/imazen-26-png-v3/8100-lilith-web-screenshots/2880x1800/8236_web-screenshots_nasa-artemis_dpr2_page1_2880x1800.sdr.png	1		0
8237	8100-lilith-web-screenshots/2880x1800/8237_web-screenshots_nasa-artemis_dpr2_page2_2880x1800.png	https://codec-corpus.r2.imazen.org/imazen-26-png-v3/8100-lilith-web-screenshots/2880x1800/8237_web-screenshots_nasa-artemis_dpr2_page2_2880x1800.sdr.png	1		0
8238	8100-lilith-web-screenshots/2880x1800/8238_web-screenshots_nasa-home_dpr2_page1_2880x1800.png	https://codec-corpus.r2.imazen.org/imazen-26-png-v3/8100-lilith-web-screenshots/2880x1800/8238_web-screenshots_nasa-home_dpr2_page1_2880x1800.sdr.png	1		0
8239	8100-lilith-web-screenshots/2880x1800/8239_web-screenshots_nasa-home_dpr2_page2_2880x1800.png	https://codec-corpus.r2.imazen.org/imazen-26-png-v3/8100-lilith-web-screenshots/2880x1800/8239_web-screenshots_nasa-home_dpr2_page2_2880x1800.sdr.png	1		0
8240	8100-lilith-web-screenshots/2880x1800/8240_web-screenshots_nasa-image-of-day_dpr2_page1_2880x1800.png	https://codec-corpus.r2.imazen.org/imazen-26-png-v3/8100-lilith-web-screenshots/2880x1800/8240_web-screenshots_nasa-image-of-day_dpr2_page1_2880x1800.sdr.png	1		0
8241	8100-lilith-web-screenshots/2880x1800/8241_web-screenshots_nasa-image-of-day_dpr2_page2_2880x1800.png	https://codec-corpus.r2.imazen.org/imazen-26-png-v3/8100-lilith-web-screenshots/2880x1800/8241_web-screenshots_nasa-image-of-day_dpr2_page2_2880x1800.sdr.png	1		0
8242	8100-lilith-web-screenshots/2880x1800/8242_web-screenshots_nasa-missions_dpr2_page1_2880x1800.png	https://codec-corpus.r2.imazen.org/imazen-26-png-v3/8100-lilith-web-screenshots/2880x1800/8242_web-screenshots_nasa-missions_dpr2_page1_2880x1800.sdr.png	1		0
8243	8100-lilith-web-screenshots/2880x1800/8243_web-screenshots_nasa-missions_dpr2_page2_2880x1800.png	https://codec-corpus.r2.imazen.org/imazen-26-png-v3/8100-lilith-web-screenshots/2880x1800/8243_web-screenshots_nasa-missions_dpr2_page2_2880x1800.sdr.png	1		0
8244	8100-lilith-web-screenshots/2880x1800/8244_web-screenshots_nasa-news_dpr2_page1_2880x1800.png	https://codec-corpus.r2.imazen.org/imazen-26-png-v3/8100-lilith-web-screenshots/2880x1800/8244_web-screenshots_nasa-news_dpr2_page1_2880x1800.sdr.png	1		0
8245	8100-lilith-web-screenshots/2880x1800/8245_web-screenshots_nasa-news_dpr2_page2_2880x1800.png	https://codec-corpus.r2.imazen.org/imazen-26-png-v3/8100-lilith-web-screenshots/2880x1800/8245_web-screenshots_nasa-news_dpr2_page2_2880x1800.sdr.png	1		0
8246	8100-lilith-web-screenshots/2880x1800/8246_web-screenshots_nasa-webb_dpr2_page1_2880x1800.png	https://codec-corpus.r2.imazen.org/imazen-26-png-v3/8100-lilith-web-screenshots/2880x1800/8246_web-screenshots_nasa-webb_dpr2_page1_2880x1800.sdr.png	1		0
8247	8100-lilith-web-screenshots/2880x1800/8247_web-screenshots_nasa-webb_dpr2_page2_2880x1800.png	https://codec-corpus.r2.imazen.org/imazen-26-png-v3/8100-lilith-web-screenshots/2880x1800/8247_web-screenshots_nasa-webb_dpr2_page2_2880x1800.sdr.png	1		0
8248	8100-lilith-web-screenshots/2880x1800/8248_web-screenshots_nih-recipes-keep-the-beat_dpr2_page1_2880x1800.png	https://codec-corpus.r2.imazen.org/imazen-26-png-v3/8100-lilith-web-screenshots/2880x1800/8248_web-screenshots_nih-recipes-keep-the-beat_dpr2_page1_2880x1800.sdr.png	1		0
8249	8100-lilith-web-screenshots/2880x1800/8249_web-screenshots_nih-home_dpr2_page1_2880x1800.png	https://codec-corpus.r2.imazen.org/imazen-26-png-v3/8100-lilith-web-screenshots/2880x1800/8249_web-screenshots_nih-home_dpr2_page1_2880x1800.sdr.png	1		0
8250	8100-lilith-web-screenshots/2880x1800/8250_web-screenshots_nih-home_dpr2_page2_2880x1800.png	https://codec-corpus.r2.imazen.org/imazen-26-png-v3/8100-lilith-web-screenshots/2880x1800/8250_web-screenshots_nih-home_dpr2_page2_2880x1800.sdr.png	1		0
8251	8100-lilith-web-screenshots/2880x1800/8251_web-screenshots_noaa-home_dpr2_page1_2880x1800.png	https://codec-corpus.r2.imazen.org/imazen-26-png-v3/8100-lilith-web-screenshots/2880x1800/8251_web-screenshots_noaa-home_dpr2_page1_2880x1800.sdr.png	1		0
8252	8100-lilith-web-screenshots/2880x1800/8252_web-screenshots_nps-grand-canyon_dpr2_page1_2880x1800.png	https://codec-corpus.r2.imazen.org/imazen-26-png-v3/8100-lilith-web-screenshots/2880x1800/8252_web-screenshots_nps-grand-canyon_dpr2_page1_2880x1800.sdr.png	1		0
8253	8100-lilith-web-screenshots/2880x1800/8253_web-screenshots_nps-grand-canyon_dpr2_page2_2880x1800.png	https://codec-corpus.r2.imazen.org/imazen-26-png-v3/8100-lilith-web-screenshots/2880x1800/8253_web-screenshots_nps-grand-canyon_dpr2_page2_2880x1800.sdr.png	1		0
8254	8100-lilith-web-screenshots/2880x1800/8254_web-screenshots_nps-yellowstone_dpr2_page1_2880x1800.png	https://codec-corpus.r2.imazen.org/imazen-26-png-v3/8100-lilith-web-screenshots/2880x1800/8254_web-screenshots_nps-yellowstone_dpr2_page1_2880x1800.sdr.png	1		0
8255	8100-lilith-web-screenshots/2880x1800/8255_web-screenshots_nps-yellowstone_dpr2_page2_2880x1800.png	https://codec-corpus.r2.imazen.org/imazen-26-png-v3/8100-lilith-web-screenshots/2880x1800/8255_web-screenshots_nps-yellowstone_dpr2_page2_2880x1800.sdr.png	1		0
8256	8100-lilith-web-screenshots/2880x1800/8256_web-screenshots_nps-yose_dpr2_page1_2880x1800.png	https://codec-corpus.r2.imazen.org/imazen-26-png-v3/8100-lilith-web-screenshots/2880x1800/8256_web-screenshots_nps-yose_dpr2_page1_2880x1800.sdr.png	1		0
8257	8100-lilith-web-screenshots/2880x1800/8257_web-screenshots_nps-yose_dpr2_page2_2880x1800.png	https://codec-corpus.r2.imazen.org/imazen-26-png-v3/8100-lilith-web-screenshots/2880x1800/8257_web-screenshots_nps-yose_dpr2_page2_2880x1800.sdr.png	1		0
8258	8100-lilith-web-screenshots/2880x1800/8258_web-screenshots_nps-yosemite_dpr2_page1_2880x1800.png	https://codec-corpus.r2.imazen.org/imazen-26-png-v3/8100-lilith-web-screenshots/2880x1800/8258_web-screenshots_nps-yosemite_dpr2_page1_2880x1800.sdr.png	1		0
8259	8100-lilith-web-screenshots/2880x1800/8259_web-screenshots_nps-yosemite_dpr2_page2_2880x1800.png	https://codec-corpus.r2.imazen.org/imazen-26-png-v3/8100-lilith-web-screenshots/2880x1800/8259_web-screenshots_nps-yosemite_dpr2_page2_2880x1800.sdr.png	1		0
8260	8100-lilith-web-screenshots/2880x1800/8260_web-screenshots_nps-zion_dpr2_page1_2880x1800.png	https://codec-corpus.r2.imazen.org/imazen-26-png-v3/8100-lilith-web-screenshots/2880x1800/8260_web-screenshots_nps-zion_dpr2_page1_2880x1800.sdr.png	1		0
8261	8100-lilith-web-screenshots/2880x1800/8261_web-screenshots_nps-zion_dpr2_page2_2880x1800.png	https://codec-corpus.r2.imazen.org/imazen-26-png-v3/8100-lilith-web-screenshots/2880x1800/8261_web-screenshots_nps-zion_dpr2_page2_2880x1800.sdr.png	1		0
8262	8100-lilith-web-screenshots/2880x1800/8262_web-screenshots_si-edu-exhibitions_dpr2_page1_2880x1800.png	https://codec-corpus.r2.imazen.org/imazen-26-png-v3/8100-lilith-web-screenshots/2880x1800/8262_web-screenshots_si-edu-exhibitions_dpr2_page1_2880x1800.sdr.png	1		0
8263	8100-lilith-web-screenshots/2880x1800/8263_web-screenshots_si-edu-exhibitions_dpr2_page2_2880x1800.png	https://codec-corpus.r2.imazen.org/imazen-26-png-v3/8100-lilith-web-screenshots/2880x1800/8263_web-screenshots_si-edu-exhibitions_dpr2_page2_2880x1800.sdr.png	1		0
8264	8100-lilith-web-screenshots/2880x1800/8264_web-screenshots_usaspending-explorer_dpr2_page1_2880x1800.png	https://codec-corpus.r2.imazen.org/imazen-26-png-v3/8100-lilith-web-screenshots/2880x1800/8264_web-screenshots_usaspending-explorer_dpr2_page1_2880x1800.sdr.png	1		0
8265	8100-lilith-web-screenshots/2880x1800/8265_web-screenshots_usgs-main-home_dpr2_page1_2880x1800.png	https://codec-corpus.r2.imazen.org/imazen-26-png-v3/8100-lilith-web-screenshots/2880x1800/8265_web-screenshots_usgs-main-home_dpr2_page1_2880x1800.sdr.png	1		0
8266	8100-lilith-web-screenshots/2880x1800/8266_web-screenshots_usgs-main-home_dpr2_page2_2880x1800.png	https://codec-corpus.r2.imazen.org/imazen-26-png-v3/8100-lilith-web-screenshots/2880x1800/8266_web-screenshots_usgs-main-home_dpr2_page2_2880x1800.sdr.png	1		0
8267	8100-lilith-web-screenshots/2880x1800/8267_web-screenshots_usgs-topoview_dpr2_page1_2880x1800.png	https://codec-corpus.r2.imazen.org/imazen-26-png-v3/8100-lilith-web-screenshots/2880x1800/8267_web-screenshots_usgs-topoview_dpr2_page1_2880x1800.sdr.png	1		0
8268	8100-lilith-web-screenshots/2880x1800/8268_web-screenshots_weather-forecast-nyc_dpr2_page1_2880x1800.png	https://codec-corpus.r2.imazen.org/imazen-26-png-v3/8100-lilith-web-screenshots/2880x1800/8268_web-screenshots_weather-forecast-nyc_dpr2_page1_2880x1800.sdr.png	1		0
8269	8100-lilith-web-screenshots/2880x1800/8269_web-screenshots_weather-forecast-nyc_dpr2_page2_2880x1800.png	https://codec-corpus.r2.imazen.org/imazen-26-png-v3/8100-lilith-web-screenshots/2880x1800/8269_web-screenshots_weather-forecast-nyc_dpr2_page2_2880x1800.sdr.png	1		0
8270	8100-lilith-web-screenshots/2880x1800/8270_web-screenshots_weatherportal-home_dpr2_page1_2880x1800.png	https://codec-corpus.r2.imazen.org/imazen-26-png-v3/8100-lilith-web-screenshots/2880x1800/8270_web-screenshots_weatherportal-home_dpr2_page1_2880x1800.sdr.png	1		0
8271	8100-lilith-web-screenshots/375x667/8271_web-screenshots_archive-wayback-search_dpr1_page1_375x667.png	https://codec-corpus.r2.imazen.org/imazen-26-png-v3/8100-lilith-web-screenshots/375x667/8271_web-screenshots_archive-wayback-search_dpr1_page1_375x667.sdr.png	1		0
8272	8100-lilith-web-screenshots/375x667/8272_web-screenshots_archives-exhibits_dpr1_page1_375x667.png	https://codec-corpus.r2.imazen.org/imazen-26-png-v3/8100-lilith-web-screenshots/375x667/8272_web-screenshots_archives-exhibits_dpr1_page1_375x667.sdr.png	1		0
8273	8100-lilith-web-screenshots/375x667/8273_web-screenshots_archives-exhibits_dpr1_page2_375x667.png	https://codec-corpus.r2.imazen.org/imazen-26-png-v3/8100-lilith-web-screenshots/375x667/8273_web-screenshots_archives-exhibits_dpr1_page2_375x667.sdr.png	1		0
8274	8100-lilith-web-screenshots/375x667/8274_web-screenshots_bls-employment-situation_dpr1_page1_375x667.png	https://codec-corpus.r2.imazen.org/imazen-26-png-v3/8100-lilith-web-screenshots/375x667/8274_web-screenshots_bls-employment-situation_dpr1_page1_375x667.sdr.png	1		0
8275	8100-lilith-web-screenshots/375x667/8275_web-screenshots_climate-gov-home_dpr1_page1_375x667.png	https://codec-corpus.r2.imazen.org/imazen-26-png-v3/8100-lilith-web-screenshots/375x667/8275_web-screenshots_climate-gov-home_dpr1_page1_375x667.sdr.png	1		0
8276	8100-lilith-web-screenshots/375x667/8276_web-screenshots_climate-gov-home_dpr1_page2_375x667.png	https://codec-corpus.r2.imazen.org/imazen-26-png-v3/8100-lilith-web-screenshots/375x667/8276_web-screenshots_climate-gov-home_dpr1_page2_375x667.sdr.png	1		0
8277	8100-lilith-web-screenshots/375x667/8277_web-screenshots_datagov-catalog_dpr1_page1_375x667.png	https://codec-corpus.r2.imazen.org/imazen-26-png-v3/8100-lilith-web-screenshots/375x667/8277_web-screenshots_datagov-catalog_dpr1_page1_375x667.sdr.png	1		0
8278	8100-lilith-web-screenshots/375x667/8278_web-screenshots_datagov-catalog_dpr1_page2_375x667.png	https://codec-corpus.r2.imazen.org/imazen-26-png-v3/8100-lilith-web-screenshots/375x667/8278_web-screenshots_datagov-catalog_dpr1_page2_375x667.sdr.png	1		0
8279	8100-lilith-web-screenshots/375x667/8279_web-screenshots_federalreserve-data_dpr1_page1_375x667.png	https://codec-corpus.r2.imazen.org/imazen-26-png-v3/8100-lilith-web-screenshots/375x667/8279_web-screenshots_federalreserve-data_dpr1_page1_375x667.sdr.png	1		0
8280	8100-lilith-web-screenshots/375x667/8280_web-screenshots_gutenberg-top_dpr1_page1_375x667.png	https://codec-corpus.r2.imazen.org/imazen-26-png-v3/8100-lilith-web-screenshots/375x667/8280_web-screenshots_gutenberg-top_dpr1_page1_375x667.sdr.png	1		0
8281	8100-lilith-web-screenshots/375x667/8281_web-screenshots_gutenberg-top_dpr1_page2_375x667.png	https://codec-corpus.r2.imazen.org/imazen-26-png-v3/8100-lilith-web-screenshots/375x667/8281_web-screenshots_gutenberg-top_dpr1_page2_375x667.sdr.png	1		0
8282	8100-lilith-web-screenshots/375x667/8282_web-screenshots_lkml-lists-index_dpr1_page1_375x667.png	https://codec-corpus.r2.imazen.org/imazen-26-png-v3/8100-lilith-web-screenshots/375x667/8282_web-screenshots_lkml-lists-index_dpr1_page1_375x667.sdr.png	1		0
8283	8100-lilith-web-screenshots/375x667/8283_web-screenshots_lkml-lists-index_dpr1_page2_375x667.png	https://codec-corpus.r2.imazen.org/imazen-26-png-v3/8100-lilith-web-screenshots/375x667/8283_web-screenshots_lkml-lists-index_dpr1_page2_375x667.sdr.png	1		0
8284	8100-lilith-web-screenshots/375x667/8284_web-screenshots_loc-exhibits_dpr1_page1_375x667.png	https://codec-corpus.r2.imazen.org/imazen-26-png-v3/8100-lilith-web-screenshots/375x667/8284_web-screenshots_loc-exhibits_dpr1_page1_375x667.sdr.png	1		0
8285	8100-lilith-web-screenshots/375x667/8285_web-screenshots_loc-exhibits_dpr1_page2_375x667.png	https://codec-corpus.r2.imazen.org/imazen-26-png-v3/8100-lilith-web-screenshots/375x667/8285_web-screenshots_loc-exhibits_dpr1_page2_375x667.sdr.png	1		0
8286	8100-lilith-web-screenshots/375x667/8286_web-screenshots_loc-free-to-use_dpr1_page1_375x667.png	https://codec-corpus.r2.imazen.org/imazen-26-png-v3/8100-lilith-web-screenshots/375x667/8286_web-screenshots_loc-free-to-use_dpr1_page1_375x667.sdr.png	1		0
8287	8100-lilith-web-screenshots/375x667/8287_web-screenshots_loc-free-to-use_dpr1_page2_375x667.png	https://codec-corpus.r2.imazen.org/imazen-26-png-v3/8100-lilith-web-screenshots/375x667/8287_web-screenshots_loc-free-to-use_dpr1_page2_375x667.sdr.png	1		0
8288	8100-lilith-web-screenshots/375x667/8288_web-screenshots_loc-pictures_dpr1_page1_375x667.png	https://codec-corpus.r2.imazen.org/imazen-26-png-v3/8100-lilith-web-screenshots/375x667/8288_web-screenshots_loc-pictures_dpr1_page1_375x667.sdr.png	1		0
8289	8100-lilith-web-screenshots/375x667/8289_web-screenshots_loc-pictures_dpr1_page2_375x667.png	https://codec-corpus.r2.imazen.org/imazen-26-png-v3/8100-lilith-web-screenshots/375x667/8289_web-screenshots_loc-pictures_dpr1_page2_375x667.sdr.png	1		0
8290	8100-lilith-web-screenshots/375x667/8290_web-screenshots_nasa-artemis_dpr1_page1_375x667.png	https://codec-corpus.r2.imazen.org/imazen-26-png-v3/8100-lilith-web-screenshots/375x667/8290_web-screenshots_nasa-artemis_dpr1_page1_375x667.sdr.png	1		0
8291	8100-lilith-web-screenshots/375x667/8291_web-screenshots_nasa-artemis_dpr1_page2_375x667.png	https://codec-corpus.r2.imazen.org/imazen-26-png-v3/8100-lilith-web-screenshots/375x667/8291_web-screenshots_nasa-artemis_dpr1_page2_375x667.sdr.png	1		0
8292	8100-lilith-web-screenshots/375x667/8292_web-screenshots_nasa-home_dpr1_page1_375x667.png	https://codec-corpus.r2.imazen.org/imazen-26-png-v3/8100-lilith-web-screenshots/375x667/8292_web-screenshots_nasa-home_dpr1_page1_375x667.sdr.png	1		0
8293	8100-lilith-web-screenshots/375x667/8293_web-screenshots_nasa-home_dpr1_page2_375x667.png	https://codec-corpus.r2.imazen.org/imazen-26-png-v3/8100-lilith-web-screenshots/375x667/8293_web-screenshots_nasa-home_dpr1_page2_375x667.sdr.png	1		0
8294	8100-lilith-web-screenshots/375x667/8294_web-screenshots_nasa-image-of-day_dpr1_page1_375x667.png	https://codec-corpus.r2.imazen.org/imazen-26-png-v3/8100-lilith-web-screenshots/375x667/8294_web-screenshots_nasa-image-of-day_dpr1_page1_375x667.sdr.png	1		0
8295	8100-lilith-web-screenshots/375x667/8295_web-screenshots_nasa-image-of-day_dpr1_page2_375x667.png	https://codec-corpus.r2.imazen.org/imazen-26-png-v3/8100-lilith-web-screenshots/375x667/8295_web-screenshots_nasa-image-of-day_dpr1_page2_375x667.sdr.png	1		0
8296	8100-lilith-web-screenshots/375x667/8296_web-screenshots_nasa-missions_dpr1_page1_375x667.png	https://codec-corpus.r2.imazen.org/imazen-26-png-v3/8100-lilith-web-screenshots/375x667/8296_web-screenshots_nasa-missions_dpr1_page1_375x667.sdr.png	1		0
8297	8100-lilith-web-screenshots/375x667/8297_web-screenshots_nasa-missions_dpr1_page2_375x667.png	https://codec-corpus.r2.imazen.org/imazen-26-png-v3/8100-lilith-web-screenshots/375x667/8297_web-screenshots_nasa-missions_dpr1_page2_375x667.sdr.png	1		0
8298	8100-lilith-web-screenshots/375x667/8298_web-screenshots_nasa-news_dpr1_page1_375x667.png	https://codec-corpus.r2.imazen.org/imazen-26-png-v3/8100-lilith-web-screenshots/375x667/8298_web-screenshots_nasa-news_dpr1_page1_375x667.sdr.png	1		0
8299	8100-lilith-web-screenshots/375x667/8299_web-screenshots_nasa-news_dpr1_page2_375x667.png	https://codec-corpus.r2.imazen.org/imazen-26-png-v3/8100-lilith-web-screenshots/375x667/8299_web-screenshots_nasa-news_dpr1_page2_375x667.sdr.png	1		0
8300	8100-lilith-web-screenshots/375x667/8300_web-screenshots_nasa-webb_dpr1_page1_375x667.png	https://codec-corpus.r2.imazen.org/imazen-26-png-v3/8100-lilith-web-screenshots/375x667/8300_web-screenshots_nasa-webb_dpr1_page1_375x667.sdr.png	1		0
8301	8100-lilith-web-screenshots/375x667/8301_web-screenshots_nasa-webb_dpr1_page2_375x667.png	https://codec-corpus.r2.imazen.org/imazen-26-png-v3/8100-lilith-web-screenshots/375x667/8301_web-screenshots_nasa-webb_dpr1_page2_375x667.sdr.png	1		0
8302	8100-lilith-web-screenshots/375x667/8302_web-screenshots_nih-recipes-keep-the-beat_dpr1_page1_375x667.png	https://codec-corpus.r2.imazen.org/imazen-26-png-v3/8100-lilith-web-screenshots/375x667/8302_web-screenshots_nih-recipes-keep-the-beat_dpr1_page1_375x667.sdr.png	1		0
8303	8100-lilith-web-screenshots/375x667/8303_web-screenshots_nih-home_dpr1_page1_375x667.png	https://codec-corpus.r2.imazen.org/imazen-26-png-v3/8100-lilith-web-screenshots/375x667/8303_web-screenshots_nih-home_dpr1_page1_375x667.sdr.png	1		0
8304	8100-lilith-web-screenshots/375x667/8304_web-screenshots_nih-home_dpr1_page2_375x667.png	https://codec-corpus.r2.imazen.org/imazen-26-png-v3/8100-lilith-web-screenshots/375x667/8304_web-screenshots_nih-home_dpr1_page2_375x667.sdr.png	1		0
8305	8100-lilith-web-screenshots/375x667/8305_web-screenshots_noaa-home_dpr1_page1_375x667.png	https://codec-corpus.r2.imazen.org/imazen-26-png-v3/8100-lilith-web-screenshots/375x667/8305_web-screenshots_noaa-home_dpr1_page1_375x667.sdr.png	1		0
8306	8100-lilith-web-screenshots/375x667/8306_web-screenshots_noaa-home_dpr1_page2_375x667.png	https://codec-corpus.r2.imazen.org/imazen-26-png-v3/8100-lilith-web-screenshots/375x667/8306_web-screenshots_noaa-home_dpr1_page2_375x667.sdr.png	1		0
8307	8100-lilith-web-screenshots/375x667/8307_web-screenshots_nps-grand-canyon_dpr1_page1_375x667.png	https://codec-corpus.r2.imazen.org/imazen-26-png-v3/8100-lilith-web-screenshots/375x667/8307_web-screenshots_nps-grand-canyon_dpr1_page1_375x667.sdr.png	1		0
8308	8100-lilith-web-screenshots/375x667/8308_web-screenshots_nps-grand-canyon_dpr1_page2_375x667.png	https://codec-corpus.r2.imazen.org/imazen-26-png-v3/8100-lilith-web-screenshots/375x667/8308_web-screenshots_nps-grand-canyon_dpr1_page2_375x667.sdr.png	1		0
8309	8100-lilith-web-screenshots/375x667/8309_web-screenshots_nps-yellowstone_dpr1_page1_375x667.png	https://codec-corpus.r2.imazen.org/imazen-26-png-v3/8100-lilith-web-screenshots/375x667/8309_web-screenshots_nps-yellowstone_dpr1_page1_375x667.sdr.png	1		0
8310	8100-lilith-web-screenshots/375x667/8310_web-screenshots_nps-yellowstone_dpr1_page2_375x667.png	https://codec-corpus.r2.imazen.org/imazen-26-png-v3/8100-lilith-web-screenshots/375x667/8310_web-screenshots_nps-yellowstone_dpr1_page2_375x667.sdr.png	1		0
8311	8100-lilith-web-screenshots/375x667/8311_web-screenshots_nps-yose_dpr1_page1_375x667.png	https://codec-corpus.r2.imazen.org/imazen-26-png-v3/8100-lilith-web-screenshots/375x667/8311_web-screenshots_nps-yose_dpr1_page1_375x667.sdr.png	1		0
8312	8100-lilith-web-screenshots/375x667/8312_web-screenshots_nps-yose_dpr1_page2_375x667.png	https://codec-corpus.r2.imazen.org/imazen-26-png-v3/8100-lilith-web-screenshots/375x667/8312_web-screenshots_nps-yose_dpr1_page2_375x667.sdr.png	1		0
8313	8100-lilith-web-screenshots/375x667/8313_web-screenshots_nps-yosemite_dpr1_page1_375x667.png	https://codec-corpus.r2.imazen.org/imazen-26-png-v3/8100-lilith-web-screenshots/375x667/8313_web-screenshots_nps-yosemite_dpr1_page1_375x667.sdr.png	1		0
8314	8100-lilith-web-screenshots/375x667/8314_web-screenshots_nps-yosemite_dpr1_page2_375x667.png	https://codec-corpus.r2.imazen.org/imazen-26-png-v3/8100-lilith-web-screenshots/375x667/8314_web-screenshots_nps-yosemite_dpr1_page2_375x667.sdr.png	1		0
8315	8100-lilith-web-screenshots/375x667/8315_web-screenshots_nps-zion_dpr1_page1_375x667.png	https://codec-corpus.r2.imazen.org/imazen-26-png-v3/8100-lilith-web-screenshots/375x667/8315_web-screenshots_nps-zion_dpr1_page1_375x667.sdr.png	1		0
8316	8100-lilith-web-screenshots/375x667/8316_web-screenshots_nps-zion_dpr1_page2_375x667.png	https://codec-corpus.r2.imazen.org/imazen-26-png-v3/8100-lilith-web-screenshots/375x667/8316_web-screenshots_nps-zion_dpr1_page2_375x667.sdr.png	1		0
8317	8100-lilith-web-screenshots/375x667/8317_web-screenshots_si-edu-exhibitions_dpr1_page1_375x667.png	https://codec-corpus.r2.imazen.org/imazen-26-png-v3/8100-lilith-web-screenshots/375x667/8317_web-screenshots_si-edu-exhibitions_dpr1_page1_375x667.sdr.png	1		0
8318	8100-lilith-web-screenshots/375x667/8318_web-screenshots_si-edu-exhibitions_dpr1_page2_375x667.png	https://codec-corpus.r2.imazen.org/imazen-26-png-v3/8100-lilith-web-screenshots/375x667/8318_web-screenshots_si-edu-exhibitions_dpr1_page2_375x667.sdr.png	1		0
8319	8100-lilith-web-screenshots/375x667/8319_web-screenshots_usaspending-explorer_dpr1_page1_375x667.png	https://codec-corpus.r2.imazen.org/imazen-26-png-v3/8100-lilith-web-screenshots/375x667/8319_web-screenshots_usaspending-explorer_dpr1_page1_375x667.sdr.png	1		0
8320	8100-lilith-web-screenshots/375x667/8320_web-screenshots_usaspending-explorer_dpr1_page2_375x667.png	https://codec-corpus.r2.imazen.org/imazen-26-png-v3/8100-lilith-web-screenshots/375x667/8320_web-screenshots_usaspending-explorer_dpr1_page2_375x667.sdr.png	1		0
8321	8100-lilith-web-screenshots/375x667/8321_web-screenshots_usgs-main-home_dpr1_page1_375x667.png	https://codec-corpus.r2.imazen.org/imazen-26-png-v3/8100-lilith-web-screenshots/375x667/8321_web-screenshots_usgs-main-home_dpr1_page1_375x667.sdr.png	1		0
8322	8100-lilith-web-screenshots/375x667/8322_web-screenshots_usgs-main-home_dpr1_page2_375x667.png	https://codec-corpus.r2.imazen.org/imazen-26-png-v3/8100-lilith-web-screenshots/375x667/8322_web-screenshots_usgs-main-home_dpr1_page2_375x667.sdr.png	1		0
8323	8100-lilith-web-screenshots/375x667/8323_web-screenshots_usgs-topoview_dpr1_page1_375x667.png	https://codec-corpus.r2.imazen.org/imazen-26-png-v3/8100-lilith-web-screenshots/375x667/8323_web-screenshots_usgs-topoview_dpr1_page1_375x667.sdr.png	1		0
8324	8100-lilith-web-screenshots/375x667/8324_web-screenshots_weather-forecast-nyc_dpr1_page1_375x667.png	https://codec-corpus.r2.imazen.org/imazen-26-png-v3/8100-lilith-web-screenshots/375x667/8324_web-screenshots_weather-forecast-nyc_dpr1_page1_375x667.sdr.png	1		0
8325	8100-lilith-web-screenshots/375x667/8325_web-screenshots_weather-forecast-nyc_dpr1_page2_375x667.png	https://codec-corpus.r2.imazen.org/imazen-26-png-v3/8100-lilith-web-screenshots/375x667/8325_web-screenshots_weather-forecast-nyc_dpr1_page2_375x667.sdr.png	1		0
8326	8100-lilith-web-screenshots/375x667/8326_web-screenshots_weatherportal-home_dpr1_page1_375x667.png	https://codec-corpus.r2.imazen.org/imazen-26-png-v3/8100-lilith-web-screenshots/375x667/8326_web-screenshots_weatherportal-home_dpr1_page1_375x667.sdr.png	1		0
8327	8100-lilith-web-screenshots/375x667/8327_web-screenshots_weatherportal-home_dpr1_page2_375x667.png	https://codec-corpus.r2.imazen.org/imazen-26-png-v3/8100-lilith-web-screenshots/375x667/8327_web-screenshots_weatherportal-home_dpr1_page2_375x667.sdr.png	1		0
8328	8100-lilith-web-screenshots/375x667/8328_web-screenshots_whitehouse-briefing_dpr1_page1_375x667.png	https://codec-corpus.r2.imazen.org/imazen-26-png-v3/8100-lilith-web-screenshots/375x667/8328_web-screenshots_whitehouse-briefing_dpr1_page1_375x667.sdr.png	1		0
8329	8100-lilith-web-screenshots/375x667/8329_web-screenshots_whitehouse-briefing_dpr1_page2_375x667.png	https://codec-corpus.r2.imazen.org/imazen-26-png-v3/8100-lilith-web-screenshots/375x667/8329_web-screenshots_whitehouse-briefing_dpr1_page2_375x667.sdr.png	1		0
8330	8100-lilith-web-screenshots/768x1024/8330_web-screenshots_archive-wayback-search_dpr1_page1_768x1024.png	https://codec-corpus.r2.imazen.org/imazen-26-png-v3/8100-lilith-web-screenshots/768x1024/8330_web-screenshots_archive-wayback-search_dpr1_page1_768x1024.sdr.png	1		0
8331	8100-lilith-web-screenshots/768x1024/8331_web-screenshots_archives-exhibits_dpr1_page1_768x1024.png	https://codec-corpus.r2.imazen.org/imazen-26-png-v3/8100-lilith-web-screenshots/768x1024/8331_web-screenshots_archives-exhibits_dpr1_page1_768x1024.sdr.png	1		0
8332	8100-lilith-web-screenshots/768x1024/8332_web-screenshots_archives-exhibits_dpr1_page2_768x1024.png	https://codec-corpus.r2.imazen.org/imazen-26-png-v3/8100-lilith-web-screenshots/768x1024/8332_web-screenshots_archives-exhibits_dpr1_page2_768x1024.sdr.png	1		0
8333	8100-lilith-web-screenshots/768x1024/8333_web-screenshots_bls-employment-situation_dpr1_page1_768x1024.png	https://codec-corpus.r2.imazen.org/imazen-26-png-v3/8100-lilith-web-screenshots/768x1024/8333_web-screenshots_bls-employment-situation_dpr1_page1_768x1024.sdr.png	1		0
8334	8100-lilith-web-screenshots/768x1024/8334_web-screenshots_climate-gov-home_dpr1_page1_768x1024.png	https://codec-corpus.r2.imazen.org/imazen-26-png-v3/8100-lilith-web-screenshots/768x1024/8334_web-screenshots_climate-gov-home_dpr1_page1_768x1024.sdr.png	1		0
8335	8100-lilith-web-screenshots/768x1024/8335_web-screenshots_climate-gov-home_dpr1_page2_768x1024.png	https://codec-corpus.r2.imazen.org/imazen-26-png-v3/8100-lilith-web-screenshots/768x1024/8335_web-screenshots_climate-gov-home_dpr1_page2_768x1024.sdr.png	1		0
8336	8100-lilith-web-screenshots/768x1024/8336_web-screenshots_datagov-catalog_dpr1_page1_768x1024.png	https://codec-corpus.r2.imazen.org/imazen-26-png-v3/8100-lilith-web-screenshots/768x1024/8336_web-screenshots_datagov-catalog_dpr1_page1_768x1024.sdr.png	1		0
8337	8100-lilith-web-screenshots/768x1024/8337_web-screenshots_datagov-catalog_dpr1_page2_768x1024.png	https://codec-corpus.r2.imazen.org/imazen-26-png-v3/8100-lilith-web-screenshots/768x1024/8337_web-screenshots_datagov-catalog_dpr1_page2_768x1024.sdr.png	1		0
8338	8100-lilith-web-screenshots/768x1024/8338_web-screenshots_federalreserve-data_dpr1_page1_768x1024.png	https://codec-corpus.r2.imazen.org/imazen-26-png-v3/8100-lilith-web-screenshots/768x1024/8338_web-screenshots_federalreserve-data_dpr1_page1_768x1024.sdr.png	1		0
8339	8100-lilith-web-screenshots/768x1024/8339_web-screenshots_gutenberg-top_dpr1_page1_768x1024.png	https://codec-corpus.r2.imazen.org/imazen-26-png-v3/8100-lilith-web-screenshots/768x1024/8339_web-screenshots_gutenberg-top_dpr1_page1_768x1024.sdr.png	1		0
8340	8100-lilith-web-screenshots/768x1024/8340_web-screenshots_gutenberg-top_dpr1_page2_768x1024.png	https://codec-corpus.r2.imazen.org/imazen-26-png-v3/8100-lilith-web-screenshots/768x1024/8340_web-screenshots_gutenberg-top_dpr1_page2_768x1024.sdr.png	1		0
8341	8100-lilith-web-screenshots/768x1024/8341_web-screenshots_lkml-lists-index_dpr1_page1_768x1024.png	https://codec-corpus.r2.imazen.org/imazen-26-png-v3/8100-lilith-web-screenshots/768x1024/8341_web-screenshots_lkml-lists-index_dpr1_page1_768x1024.sdr.png	1		0
8342	8100-lilith-web-screenshots/768x1024/8342_web-screenshots_lkml-lists-index_dpr1_page2_768x1024.png	https://codec-corpus.r2.imazen.org/imazen-26-png-v3/8100-lilith-web-screenshots/768x1024/8342_web-screenshots_lkml-lists-index_dpr1_page2_768x1024.sdr.png	1		0
8343	8100-lilith-web-screenshots/768x1024/8343_web-screenshots_loc-exhibitions_dpr1_page1_768x1024.png	https://codec-corpus.r2.imazen.org/imazen-26-png-v3/8100-lilith-web-screenshots/768x1024/8343_web-screenshots_loc-exhibitions_dpr1_page1_768x1024.sdr.png	1		0
8344	8100-lilith-web-screenshots/768x1024/8344_web-screenshots_loc-exhibits_dpr1_page1_768x1024.png	https://codec-corpus.r2.imazen.org/imazen-26-png-v3/8100-lilith-web-screenshots/768x1024/8344_web-screenshots_loc-exhibits_dpr1_page1_768x1024.sdr.png	1		0
8345	8100-lilith-web-screenshots/768x1024/8345_web-screenshots_loc-pictures_dpr1_page1_768x1024.png	https://codec-corpus.r2.imazen.org/imazen-26-png-v3/8100-lilith-web-screenshots/768x1024/8345_web-screenshots_loc-pictures_dpr1_page1_768x1024.sdr.png	1		0
8346	8100-lilith-web-screenshots/768x1024/8346_web-screenshots_loc-pictures_dpr1_page2_768x1024.png	https://codec-corpus.r2.imazen.org/imazen-26-png-v3/8100-lilith-web-screenshots/768x1024/8346_web-screenshots_loc-pictures_dpr1_page2_768x1024.sdr.png	1		0
8347	8100-lilith-web-screenshots/768x1024/8347_web-screenshots_nasa-artemis_dpr1_page1_768x1024.png	https://codec-corpus.r2.imazen.org/imazen-26-png-v3/8100-lilith-web-screenshots/768x1024/8347_web-screenshots_nasa-artemis_dpr1_page1_768x1024.sdr.png	1		0
8348	8100-lilith-web-screenshots/768x1024/8348_web-screenshots_nasa-artemis_dpr1_page2_768x1024.png	https://codec-corpus.r2.imazen.org/imazen-26-png-v3/8100-lilith-web-screenshots/768x1024/8348_web-screenshots_nasa-artemis_dpr1_page2_768x1024.sdr.png	1		0
8349	8100-lilith-web-screenshots/768x1024/8349_web-screenshots_nasa-home_dpr1_page1_768x1024.png	https://codec-corpus.r2.imazen.org/imazen-26-png-v3/8100-lilith-web-screenshots/768x1024/8349_web-screenshots_nasa-home_dpr1_page1_768x1024.sdr.png	1		0
8350	8100-lilith-web-screenshots/768x1024/8350_web-screenshots_nasa-home_dpr1_page2_768x1024.png	https://codec-corpus.r2.imazen.org/imazen-26-png-v3/8100-lilith-web-screenshots/768x1024/8350_web-screenshots_nasa-home_dpr1_page2_768x1024.sdr.png	1		0
8351	8100-lilith-web-screenshots/768x1024/8351_web-screenshots_nasa-image-of-day_dpr1_page1_768x1024.png	https://codec-corpus.r2.imazen.org/imazen-26-png-v3/8100-lilith-web-screenshots/768x1024/8351_web-screenshots_nasa-image-of-day_dpr1_page1_768x1024.sdr.png	1		0
8352	8100-lilith-web-screenshots/768x1024/8352_web-screenshots_nasa-image-of-day_dpr1_page2_768x1024.png	https://codec-corpus.r2.imazen.org/imazen-26-png-v3/8100-lilith-web-screenshots/768x1024/8352_web-screenshots_nasa-image-of-day_dpr1_page2_768x1024.sdr.png	1		0
8353	8100-lilith-web-screenshots/768x1024/8353_web-screenshots_nasa-missions_dpr1_page1_768x1024.png	https://codec-corpus.r2.imazen.org/imazen-26-png-v3/8100-lilith-web-screenshots/768x1024/8353_web-screenshots_nasa-missions_dpr1_page1_768x1024.sdr.png	1		0
8354	8100-lilith-web-screenshots/768x1024/8354_web-screenshots_nasa-missions_dpr1_page2_768x1024.png	https://codec-corpus.r2.imazen.org/imazen-26-png-v3/8100-lilith-web-screenshots/768x1024/8354_web-screenshots_nasa-missions_dpr1_page2_768x1024.sdr.png	1		0
8355	8100-lilith-web-screenshots/768x1024/8355_web-screenshots_nasa-news_dpr1_page1_768x1024.png	https://codec-corpus.r2.imazen.org/imazen-26-png-v3/8100-lilith-web-screenshots/768x1024/8355_web-screenshots_nasa-news_dpr1_page1_768x1024.sdr.png	1		0
8356	8100-lilith-web-screenshots/768x1024/8356_web-screenshots_nasa-news_dpr1_page2_768x1024.png	https://codec-corpus.r2.imazen.org/imazen-26-png-v3/8100-lilith-web-screenshots/768x1024/8356_web-screenshots_nasa-news_dpr1_page2_768x1024.sdr.png	1		0
8357	8100-lilith-web-screenshots/768x1024/8357_web-screenshots_nasa-perseverance_dpr1_page1_768x1024.png	https://codec-corpus.r2.imazen.org/imazen-26-png-v3/8100-lilith-web-screenshots/768x1024/8357_web-screenshots_nasa-perseverance_dpr1_page1_768x1024.sdr.png	1		0
8358	8100-lilith-web-screenshots/768x1024/8358_web-screenshots_nasa-perseverance_dpr1_page2_768x1024.png	https://codec-corpus.r2.imazen.org/imazen-26-png-v3/8100-lilith-web-screenshots/768x1024/8358_web-screenshots_nasa-perseverance_dpr1_page2_768x1024.sdr.png	1		0
8359	8100-lilith-web-screenshots/768x1024/8359_web-screenshots_nih-recipes-keep-the-beat_dpr1_page1_768x1024.png	https://codec-corpus.r2.imazen.org/imazen-26-png-v3/8100-lilith-web-screenshots/768x1024/8359_web-screenshots_nih-recipes-keep-the-beat_dpr1_page1_768x1024.sdr.png	1		0
8360	8100-lilith-web-screenshots/768x1024/8360_web-screenshots_nih-home_dpr1_page1_768x1024.png	https://codec-corpus.r2.imazen.org/imazen-26-png-v3/8100-lilith-web-screenshots/768x1024/8360_web-screenshots_nih-home_dpr1_page1_768x1024.sdr.png	1		0
8361	8100-lilith-web-screenshots/768x1024/8361_web-screenshots_nih-home_dpr1_page2_768x1024.png	https://codec-corpus.r2.imazen.org/imazen-26-png-v3/8100-lilith-web-screenshots/768x1024/8361_web-screenshots_nih-home_dpr1_page2_768x1024.sdr.png	1		0
8362	8100-lilith-web-screenshots/768x1024/8362_web-screenshots_noaa-home_dpr1_page1_768x1024.png	https://codec-corpus.r2.imazen.org/imazen-26-png-v3/8100-lilith-web-screenshots/768x1024/8362_web-screenshots_noaa-home_dpr1_page1_768x1024.sdr.png	1		0
8363	8100-lilith-web-screenshots/768x1024/8363_web-screenshots_noaa-ocean_dpr1_page1_768x1024.png	https://codec-corpus.r2.imazen.org/imazen-26-png-v3/8100-lilith-web-screenshots/768x1024/8363_web-screenshots_noaa-ocean_dpr1_page1_768x1024.sdr.png	1		0
8364	8100-lilith-web-screenshots/768x1024/8364_web-screenshots_noaa-ocean_dpr1_page2_768x1024.png	https://codec-corpus.r2.imazen.org/imazen-26-png-v3/8100-lilith-web-screenshots/768x1024/8364_web-screenshots_noaa-ocean_dpr1_page2_768x1024.sdr.png	1		0
8365	8100-lilith-web-screenshots/768x1024/8365_web-screenshots_nps-grand-canyon_dpr1_page1_768x1024.png	https://codec-corpus.r2.imazen.org/imazen-26-png-v3/8100-lilith-web-screenshots/768x1024/8365_web-screenshots_nps-grand-canyon_dpr1_page1_768x1024.sdr.png	1		0
8366	8100-lilith-web-screenshots/768x1024/8366_web-screenshots_nps-grand-canyon_dpr1_page2_768x1024.png	https://codec-corpus.r2.imazen.org/imazen-26-png-v3/8100-lilith-web-screenshots/768x1024/8366_web-screenshots_nps-grand-canyon_dpr1_page2_768x1024.sdr.png	1		0
8367	8100-lilith-web-screenshots/768x1024/8367_web-screenshots_nps-yellowstone_dpr1_page1_768x1024.png	https://codec-corpus.r2.imazen.org/imazen-26-png-v3/8100-lilith-web-screenshots/768x1024/8367_web-screenshots_nps-yellowstone_dpr1_page1_768x1024.sdr.png	1		0
8368	8100-lilith-web-screenshots/768x1024/8368_web-screenshots_nps-yellowstone_dpr1_page2_768x1024.png	https://codec-corpus.r2.imazen.org/imazen-26-png-v3/8100-lilith-web-screenshots/768x1024/8368_web-screenshots_nps-yellowstone_dpr1_page2_768x1024.sdr.png	1		0
8369	8100-lilith-web-screenshots/768x1024/8369_web-screenshots_nps-yose_dpr1_page1_768x1024.png	https://codec-corpus.r2.imazen.org/imazen-26-png-v3/8100-lilith-web-screenshots/768x1024/8369_web-screenshots_nps-yose_dpr1_page1_768x1024.sdr.png	1		0
8370	8100-lilith-web-screenshots/768x1024/8370_web-screenshots_nps-yose_dpr1_page2_768x1024.png	https://codec-corpus.r2.imazen.org/imazen-26-png-v3/8100-lilith-web-screenshots/768x1024/8370_web-screenshots_nps-yose_dpr1_page2_768x1024.sdr.png	1		0
8371	8100-lilith-web-screenshots/768x1024/8371_web-screenshots_nps-yosemite_dpr1_page1_768x1024.png	https://codec-corpus.r2.imazen.org/imazen-26-png-v3/8100-lilith-web-screenshots/768x1024/8371_web-screenshots_nps-yosemite_dpr1_page1_768x1024.sdr.png	1		0
8372	8100-lilith-web-screenshots/768x1024/8372_web-screenshots_nps-yosemite_dpr1_page2_768x1024.png	https://codec-corpus.r2.imazen.org/imazen-26-png-v3/8100-lilith-web-screenshots/768x1024/8372_web-screenshots_nps-yosemite_dpr1_page2_768x1024.sdr.png	1		0
8373	8100-lilith-web-screenshots/768x1024/8373_web-screenshots_nps-zion_dpr1_page1_768x1024.png	https://codec-corpus.r2.imazen.org/imazen-26-png-v3/8100-lilith-web-screenshots/768x1024/8373_web-screenshots_nps-zion_dpr1_page1_768x1024.sdr.png	1		0
8374	8100-lilith-web-screenshots/768x1024/8374_web-screenshots_nps-zion_dpr1_page2_768x1024.png	https://codec-corpus.r2.imazen.org/imazen-26-png-v3/8100-lilith-web-screenshots/768x1024/8374_web-screenshots_nps-zion_dpr1_page2_768x1024.sdr.png	1		0
8375	8100-lilith-web-screenshots/768x1024/8375_web-screenshots_si-edu-exhibitions_dpr1_page1_768x1024.png	https://codec-corpus.r2.imazen.org/imazen-26-png-v3/8100-lilith-web-screenshots/768x1024/8375_web-screenshots_si-edu-exhibitions_dpr1_page1_768x1024.sdr.png	1		0
8376	8100-lilith-web-screenshots/768x1024/8376_web-screenshots_si-edu-exhibitions_dpr1_page2_768x1024.png	https://codec-corpus.r2.imazen.org/imazen-26-png-v3/8100-lilith-web-screenshots/768x1024/8376_web-screenshots_si-edu-exhibitions_dpr1_page2_768x1024.sdr.png	1		0
8377	8100-lilith-web-screenshots/768x1024/8377_web-screenshots_usaspending-explorer_dpr1_page1_768x1024.png	https://codec-corpus.r2.imazen.org/imazen-26-png-v3/8100-lilith-web-screenshots/768x1024/8377_web-screenshots_usaspending-explorer_dpr1_page1_768x1024.sdr.png	1		0
8378	8100-lilith-web-screenshots/768x1024/8378_web-screenshots_usaspending-explorer_dpr1_page2_768x1024.png	https://codec-corpus.r2.imazen.org/imazen-26-png-v3/8100-lilith-web-screenshots/768x1024/8378_web-screenshots_usaspending-explorer_dpr1_page2_768x1024.sdr.png	1		0
8379	8100-lilith-web-screenshots/768x1024/8379_web-screenshots_usgs-main-home_dpr1_page1_768x1024.png	https://codec-corpus.r2.imazen.org/imazen-26-png-v3/8100-lilith-web-screenshots/768x1024/8379_web-screenshots_usgs-main-home_dpr1_page1_768x1024.sdr.png	1		0
8380	8100-lilith-web-screenshots/768x1024/8380_web-screenshots_usgs-main-home_dpr1_page2_768x1024.png	https://codec-corpus.r2.imazen.org/imazen-26-png-v3/8100-lilith-web-screenshots/768x1024/8380_web-screenshots_usgs-main-home_dpr1_page2_768x1024.sdr.png	1		0
8381	8100-lilith-web-screenshots/768x1024/8381_web-screenshots_usgs-home_dpr1_page1_768x1024.png	https://codec-corpus.r2.imazen.org/imazen-26-png-v3/8100-lilith-web-screenshots/768x1024/8381_web-screenshots_usgs-home_dpr1_page1_768x1024.sdr.png	1		0
8382	8100-lilith-web-screenshots/768x1024/8382_web-screenshots_usgs-home_dpr1_page2_768x1024.png	https://codec-corpus.r2.imazen.org/imazen-26-png-v3/8100-lilith-web-screenshots/768x1024/8382_web-screenshots_usgs-home_dpr1_page2_768x1024.sdr.png	1		0
8383	8100-lilith-web-screenshots/768x1024/8383_web-screenshots_usgs-topoview_dpr1_page1_768x1024.png	https://codec-corpus.r2.imazen.org/imazen-26-png-v3/8100-lilith-web-screenshots/768x1024/8383_web-screenshots_usgs-topoview_dpr1_page1_768x1024.sdr.png	1		0
8384	8100-lilith-web-screenshots/768x1024/8384_web-screenshots_usgs-topoview_dpr1_page2_768x1024.png	https://codec-corpus.r2.imazen.org/imazen-26-png-v3/8100-lilith-web-screenshots/768x1024/8384_web-screenshots_usgs-topoview_dpr1_page2_768x1024.sdr.png	1		0
8385	8100-lilith-web-screenshots/768x1024/8385_web-screenshots_weather-forecast-nyc_dpr1_page1_768x1024.png	https://codec-corpus.r2.imazen.org/imazen-26-png-v3/8100-lilith-web-screenshots/768x1024/8385_web-screenshots_weather-forecast-nyc_dpr1_page1_768x1024.sdr.png	1		0
8386	8100-lilith-web-screenshots/768x1024/8386_web-screenshots_weather-forecast-nyc_dpr1_page2_768x1024.png	https://codec-corpus.r2.imazen.org/imazen-26-png-v3/8100-lilith-web-screenshots/768x1024/8386_web-screenshots_weather-forecast-nyc_dpr1_page2_768x1024.sdr.png	1		0
8387	8100-lilith-web-screenshots/768x1024/8387_web-screenshots_weather-home_dpr1_page1_768x1024.png	https://codec-corpus.r2.imazen.org/imazen-26-png-v3/8100-lilith-web-screenshots/768x1024/8387_web-screenshots_weather-home_dpr1_page1_768x1024.sdr.png	1		0
8388	8100-lilith-web-screenshots/768x1024/8388_web-screenshots_weatherportal-home_dpr1_page1_768x1024.png	https://codec-corpus.r2.imazen.org/imazen-26-png-v3/8100-lilith-web-screenshots/768x1024/8388_web-screenshots_weatherportal-home_dpr1_page1_768x1024.sdr.png	1		0
8389	8100-lilith-web-screenshots/other/8389_web-screenshots_archives-exhibits_dpr1_page1_1280x800.png	https://codec-corpus.r2.imazen.org/imazen-26-png-v3/8100-lilith-web-screenshots/other/8389_web-screenshots_archives-exhibits_dpr1_page1_1280x800.sdr.png	1		0
8390	8100-lilith-web-screenshots/other/8390_web-screenshots_archives-exhibits_dpr1_page2_1280x800.png	https://codec-corpus.r2.imazen.org/imazen-26-png-v3/8100-lilith-web-screenshots/other/8390_web-screenshots_archives-exhibits_dpr1_page2_1280x800.sdr.png	1		0
8391	8100-lilith-web-screenshots/other/8391_web-screenshots_archives-exhibits_dpr1_page1_667x375.png	https://codec-corpus.r2.imazen.org/imazen-26-png-v3/8100-lilith-web-screenshots/other/8391_web-screenshots_archives-exhibits_dpr1_page1_667x375.sdr.png	1		0
8392	8100-lilith-web-screenshots/other/8392_web-screenshots_archives-exhibits_dpr1_page2_667x375.png	https://codec-corpus.r2.imazen.org/imazen-26-png-v3/8100-lilith-web-screenshots/other/8392_web-screenshots_archives-exhibits_dpr1_page2_667x375.sdr.png	1		0
8393	8100-lilith-web-screenshots/other/8393_web-screenshots_archives-home_dpr1_page1_1280x800.png	https://codec-corpus.r2.imazen.org/imazen-26-png-v3/8100-lilith-web-screenshots/other/8393_web-screenshots_archives-home_dpr1_page1_1280x800.sdr.png	1		0
8394	8100-lilith-web-screenshots/other/8394_web-screenshots_archives-home_dpr1_page1_414x896.png	https://codec-corpus.r2.imazen.org/imazen-26-png-v3/8100-lilith-web-screenshots/other/8394_web-screenshots_archives-home_dpr1_page1_414x896.sdr.png	1		0
8395	8100-lilith-web-screenshots/other/8395_web-screenshots_archives-home_dpr1_page2_414x896.png	https://codec-corpus.r2.imazen.org/imazen-26-png-v3/8100-lilith-web-screenshots/other/8395_web-screenshots_archives-home_dpr1_page2_414x896.sdr.png	1		0
8396	8100-lilith-web-screenshots/other/8396_web-screenshots_bls-employment-situation_dpr1_page1_1280x800.png	https://codec-corpus.r2.imazen.org/imazen-26-png-v3/8100-lilith-web-screenshots/other/8396_web-screenshots_bls-employment-situation_dpr1_page1_1280x800.sdr.png	1		0
8397	8100-lilith-web-screenshots/other/8397_web-screenshots_bls-employment-situation_dpr1_page1_414x896.png	https://codec-corpus.r2.imazen.org/imazen-26-png-v3/8100-lilith-web-screenshots/other/8397_web-screenshots_bls-employment-situation_dpr1_page1_414x896.sdr.png	1		0
8398	8100-lilith-web-screenshots/other/8398_web-screenshots_cdc-home_dpr1_page1_1280x800.png	https://codec-corpus.r2.imazen.org/imazen-26-png-v3/8100-lilith-web-screenshots/other/8398_web-screenshots_cdc-home_dpr1_page1_1280x800.sdr.png	1		0
8399	8100-lilith-web-screenshots/other/8399_web-screenshots_cdc-home_dpr1_page2_1280x800.png	https://codec-corpus.r2.imazen.org/imazen-26-png-v3/8100-lilith-web-screenshots/other/8399_web-screenshots_cdc-home_dpr1_page2_1280x800.sdr.png	1		0
8400	8100-lilith-web-screenshots/other/8400_web-screenshots_cdc-home_dpr1_page1_2560x1440.png	https://codec-corpus.r2.imazen.org/imazen-26-png-v3/8100-lilith-web-screenshots/other/8400_web-screenshots_cdc-home_dpr1_page1_2560x1440.sdr.png	1		0
8401	8100-lilith-web-screenshots/other/8401_web-screenshots_cdc-home_dpr1_page2_2560x1440.png	https://codec-corpus.r2.imazen.org/imazen-26-png-v3/8100-lilith-web-screenshots/other/8401_web-screenshots_cdc-home_dpr1_page2_2560x1440.sdr.png	1		0
8402	8100-lilith-web-screenshots/other/8402_web-screenshots_cdc-home_dpr1_page1_414x896.png	https://codec-corpus.r2.imazen.org/imazen-26-png-v3/8100-lilith-web-screenshots/other/8402_web-screenshots_cdc-home_dpr1_page1_414x896.sdr.png	1		0
8403	8100-lilith-web-screenshots/other/8403_web-screenshots_cdc-home_dpr1_page2_414x896.png	https://codec-corpus.r2.imazen.org/imazen-26-png-v3/8100-lilith-web-screenshots/other/8403_web-screenshots_cdc-home_dpr1_page2_414x896.sdr.png	1		0
8404	8100-lilith-web-screenshots/other/8404_web-screenshots_climate-gov-home_dpr1_page1_1280x800.png	https://codec-corpus.r2.imazen.org/imazen-26-png-v3/8100-lilith-web-screenshots/other/8404_web-screenshots_climate-gov-home_dpr1_page1_1280x800.sdr.png	1		0
8405	8100-lilith-web-screenshots/other/8405_web-screenshots_climate-gov-home_dpr1_page2_1280x800.png	https://codec-corpus.r2.imazen.org/imazen-26-png-v3/8100-lilith-web-screenshots/other/8405_web-screenshots_climate-gov-home_dpr1_page2_1280x800.sdr.png	1		0
8406	8100-lilith-web-screenshots/other/8406_web-screenshots_climate-news_dpr1_page1_667x375.png	https://codec-corpus.r2.imazen.org/imazen-26-png-v3/8100-lilith-web-screenshots/other/8406_web-screenshots_climate-news_dpr1_page1_667x375.sdr.png	1		0
8407	8100-lilith-web-screenshots/other/8407_web-screenshots_climate-news_dpr1_page2_667x375.png	https://codec-corpus.r2.imazen.org/imazen-26-png-v3/8100-lilith-web-screenshots/other/8407_web-screenshots_climate-news_dpr1_page2_667x375.sdr.png	1		0
8408	8100-lilith-web-screenshots/other/8408_web-screenshots_datagov-catalog_dpr1_page1_1280x800.png	https://codec-corpus.r2.imazen.org/imazen-26-png-v3/8100-lilith-web-screenshots/other/8408_web-screenshots_datagov-catalog_dpr1_page1_1280x800.sdr.png	1		0
8409	8100-lilith-web-screenshots/other/8409_web-screenshots_datagov-catalog_dpr1_page2_1280x800.png	https://codec-corpus.r2.imazen.org/imazen-26-png-v3/8100-lilith-web-screenshots/other/8409_web-screenshots_datagov-catalog_dpr1_page2_1280x800.sdr.png	1		0
8410	8100-lilith-web-screenshots/other/8410_web-screenshots_gutenberg-top_dpr1_page1_1280x800.png	https://codec-corpus.r2.imazen.org/imazen-26-png-v3/8100-lilith-web-screenshots/other/8410_web-screenshots_gutenberg-top_dpr1_page1_1280x800.sdr.png	1		0
8411	8100-lilith-web-screenshots/other/8411_web-screenshots_gutenberg-top_dpr1_page2_1280x800.png	https://codec-corpus.r2.imazen.org/imazen-26-png-v3/8100-lilith-web-screenshots/other/8411_web-screenshots_gutenberg-top_dpr1_page2_1280x800.sdr.png	1		0
8412	8100-lilith-web-screenshots/other/8412_web-screenshots_gutenberg-top_dpr2_page1_750x1334.png	https://codec-corpus.r2.imazen.org/imazen-26-png-v3/8100-lilith-web-screenshots/other/8412_web-screenshots_gutenberg-top_dpr2_page1_750x1334.sdr.png	1		0
8413	8100-lilith-web-screenshots/other/8413_web-screenshots_gutenberg-top_dpr2_page2_750x1334.png	https://codec-corpus.r2.imazen.org/imazen-26-png-v3/8100-lilith-web-screenshots/other/8413_web-screenshots_gutenberg-top_dpr2_page2_750x1334.sdr.png	1		0
8414	8100-lilith-web-screenshots/other/8414_web-screenshots_lkml-lists-index_dpr1_page1_1280x800.png	https://codec-corpus.r2.imazen.org/imazen-26-png-v3/8100-lilith-web-screenshots/other/8414_web-screenshots_lkml-lists-index_dpr1_page1_1280x800.sdr.png	1		0
8415	8100-lilith-web-screenshots/other/8415_web-screenshots_lkml-lists-index_dpr1_page2_1280x800.png	https://codec-corpus.r2.imazen.org/imazen-26-png-v3/8100-lilith-web-screenshots/other/8415_web-screenshots_lkml-lists-index_dpr1_page2_1280x800.sdr.png	1		0
8416	8100-lilith-web-screenshots/other/8416_web-screenshots_loc-pictures_dpr1_page1_360x640.png	https://codec-corpus.r2.imazen.org/imazen-26-png-v3/8100-lilith-web-screenshots/other/8416_web-screenshots_loc-pictures_dpr1_page1_360x640.sdr.png	1		0
8417	8100-lilith-web-screenshots/other/8417_web-screenshots_loc-pictures_dpr1_page2_360x640.png	https://codec-corpus.r2.imazen.org/imazen-26-png-v3/8100-lilith-web-screenshots/other/8417_web-screenshots_loc-pictures_dpr1_page2_360x640.sdr.png	1		0
8418	8100-lilith-web-screenshots/other/8418_web-screenshots_nasa-artemis_dpr1_page1_1280x800.png	https://codec-corpus.r2.imazen.org/imazen-26-png-v3/8100-lilith-web-screenshots/other/8418_web-screenshots_nasa-artemis_dpr1_page1_1280x800.sdr.png	1		0
8419	8100-lilith-web-screenshots/other/8419_web-screenshots_nasa-artemis_dpr1_page2_1280x800.png	https://codec-corpus.r2.imazen.org/imazen-26-png-v3/8100-lilith-web-screenshots/other/8419_web-screenshots_nasa-artemis_dpr1_page2_1280x800.sdr.png	1		0
8420	8100-lilith-web-screenshots/other/8420_web-screenshots_nasa-missions_dpr1_page1_1024x768.png	https://codec-corpus.r2.imazen.org/imazen-26-png-v3/8100-lilith-web-screenshots/other/8420_web-screenshots_nasa-missions_dpr1_page1_1024x768.sdr.png	1		0
8421	8100-lilith-web-screenshots/other/8421_web-screenshots_nasa-missions_dpr1_page2_1024x768.png	https://codec-corpus.r2.imazen.org/imazen-26-png-v3/8100-lilith-web-screenshots/other/8421_web-screenshots_nasa-missions_dpr1_page2_1024x768.sdr.png	1		0
8422	8100-lilith-web-screenshots/other/8422_web-screenshots_nasa-missions_dpr1_page1_2560x1440.png	https://codec-corpus.r2.imazen.org/imazen-26-png-v3/8100-lilith-web-screenshots/other/8422_web-screenshots_nasa-missions_dpr1_page1_2560x1440.sdr.png	1		0
8423	8100-lilith-web-screenshots/other/8423_web-screenshots_nasa-missions_dpr1_page2_2560x1440.png	https://codec-corpus.r2.imazen.org/imazen-26-png-v3/8100-lilith-web-screenshots/other/8423_web-screenshots_nasa-missions_dpr1_page2_2560x1440.sdr.png	1		0
8424	8100-lilith-web-screenshots/other/8424_web-screenshots_nasa-missions_dpr1_page1_667x375.png	https://codec-corpus.r2.imazen.org/imazen-26-png-v3/8100-lilith-web-screenshots/other/8424_web-screenshots_nasa-missions_dpr1_page1_667x375.sdr.png	1		0
8425	8100-lilith-web-screenshots/other/8425_web-screenshots_nasa-missions_dpr1_page2_667x375.png	https://codec-corpus.r2.imazen.org/imazen-26-png-v3/8100-lilith-web-screenshots/other/8425_web-screenshots_nasa-missions_dpr1_page2_667x375.sdr.png	1		0
8426	8100-lilith-web-screenshots/other/8426_web-screenshots_nasa-news_dpr1_page1_414x896.png	https://codec-corpus.r2.imazen.org/imazen-26-png-v3/8100-lilith-web-screenshots/other/8426_web-screenshots_nasa-news_dpr1_page1_414x896.sdr.png	1		0
8427	8100-lilith-web-screenshots/other/8427_web-screenshots_nasa-news_dpr1_page2_414x896.png	https://codec-corpus.r2.imazen.org/imazen-26-png-v3/8100-lilith-web-screenshots/other/8427_web-screenshots_nasa-news_dpr1_page2_414x896.sdr.png	1		0
8428	8100-lilith-web-screenshots/other/8428_web-screenshots_nasa-voyager_dpr1_page1_1280x800.png	https://codec-corpus.r2.imazen.org/imazen-26-png-v3/8100-lilith-web-screenshots/other/8428_web-screenshots_nasa-voyager_dpr1_page1_1280x800.sdr.png	1		0
8429	8100-lilith-web-screenshots/other/8429_web-screenshots_nasa-voyager_dpr1_page2_1280x800.png	https://codec-corpus.r2.imazen.org/imazen-26-png-v3/8100-lilith-web-screenshots/other/8429_web-screenshots_nasa-voyager_dpr1_page2_1280x800.sdr.png	1		0
8430	8100-lilith-web-screenshots/other/8430_web-screenshots_nasa-voyager_dpr1_page1_667x375.png	https://codec-corpus.r2.imazen.org/imazen-26-png-v3/8100-lilith-web-screenshots/other/8430_web-screenshots_nasa-voyager_dpr1_page1_667x375.sdr.png	1		0
8431	8100-lilith-web-screenshots/other/8431_web-screenshots_nasa-voyager_dpr1_page2_667x375.png	https://codec-corpus.r2.imazen.org/imazen-26-png-v3/8100-lilith-web-screenshots/other/8431_web-screenshots_nasa-voyager_dpr1_page2_667x375.sdr.png	1		0
8432	8100-lilith-web-screenshots/other/8432_web-screenshots_nih-recipes-keep-the-beat_dpr1_page1_1280x800.png	https://codec-corpus.r2.imazen.org/imazen-26-png-v3/8100-lilith-web-screenshots/other/8432_web-screenshots_nih-recipes-keep-the-beat_dpr1_page1_1280x800.sdr.png	1		0
8433	8100-lilith-web-screenshots/other/8433_web-screenshots_nih-recipes-keep-the-beat_dpr1_page2_1280x800.png	https://codec-corpus.r2.imazen.org/imazen-26-png-v3/8100-lilith-web-screenshots/other/8433_web-screenshots_nih-recipes-keep-the-beat_dpr1_page2_1280x800.sdr.png	1		0
8434	8100-lilith-web-screenshots/other/8434_web-screenshots_nih-home_dpr1_page1_414x896.png	https://codec-corpus.r2.imazen.org/imazen-26-png-v3/8100-lilith-web-screenshots/other/8434_web-screenshots_nih-home_dpr1_page1_414x896.sdr.png	1		0
8435	8100-lilith-web-screenshots/other/8435_web-screenshots_nih-home_dpr1_page2_414x896.png	https://codec-corpus.r2.imazen.org/imazen-26-png-v3/8100-lilith-web-screenshots/other/8435_web-screenshots_nih-home_dpr1_page2_414x896.sdr.png	1		0
8436	8100-lilith-web-screenshots/other/8436_web-screenshots_noaa-home_dpr2_page1_750x1334.png	https://codec-corpus.r2.imazen.org/imazen-26-png-v3/8100-lilith-web-screenshots/other/8436_web-screenshots_noaa-home_dpr2_page1_750x1334.sdr.png	1		0
8437	8100-lilith-web-screenshots/other/8437_web-screenshots_noaa-home_dpr2_page2_750x1334.png	https://codec-corpus.r2.imazen.org/imazen-26-png-v3/8100-lilith-web-screenshots/other/8437_web-screenshots_noaa-home_dpr2_page2_750x1334.sdr.png	1		0
8438	8100-lilith-web-screenshots/other/8438_web-screenshots_nps-acad_dpr1_page1_1280x800.png	https://codec-corpus.r2.imazen.org/imazen-26-png-v3/8100-lilith-web-screenshots/other/8438_web-screenshots_nps-acad_dpr1_page1_1280x800.sdr.png	1		0
8439	8100-lilith-web-screenshots/other/8439_web-screenshots_nps-acad_dpr1_page2_1280x800.png	https://codec-corpus.r2.imazen.org/imazen-26-png-v3/8100-lilith-web-screenshots/other/8439_web-screenshots_nps-acad_dpr1_page2_1280x800.sdr.png	1		0
8440	8100-lilith-web-screenshots/other/8440_web-screenshots_nps-acad_dpr1_page1_667x375.png	https://codec-corpus.r2.imazen.org/imazen-26-png-v3/8100-lilith-web-screenshots/other/8440_web-screenshots_nps-acad_dpr1_page1_667x375.sdr.png	1		0
8441	8100-lilith-web-screenshots/other/8441_web-screenshots_nps-acad_dpr1_page2_667x375.png	https://codec-corpus.r2.imazen.org/imazen-26-png-v3/8100-lilith-web-screenshots/other/8441_web-screenshots_nps-acad_dpr1_page2_667x375.sdr.png	1		0
8442	8100-lilith-web-screenshots/other/8442_web-screenshots_nps-grca_dpr1_page1_414x896.png	https://codec-corpus.r2.imazen.org/imazen-26-png-v3/8100-lilith-web-screenshots/other/8442_web-screenshots_nps-grca_dpr1_page1_414x896.sdr.png	1		0
8443	8100-lilith-web-screenshots/other/8443_web-screenshots_nps-grca_dpr1_page2_414x896.png	https://codec-corpus.r2.imazen.org/imazen-26-png-v3/8100-lilith-web-screenshots/other/8443_web-screenshots_nps-grca_dpr1_page2_414x896.sdr.png	1		0
8444	8100-lilith-web-screenshots/other/8444_web-screenshots_nps-yell_dpr1_page1_1024x768.png	https://codec-corpus.r2.imazen.org/imazen-26-png-v3/8100-lilith-web-screenshots/other/8444_web-screenshots_nps-yell_dpr1_page1_1024x768.sdr.png	1		0
8445	8100-lilith-web-screenshots/other/8445_web-screenshots_nps-yell_dpr1_page2_1024x768.png	https://codec-corpus.r2.imazen.org/imazen-26-png-v3/8100-lilith-web-screenshots/other/8445_web-screenshots_nps-yell_dpr1_page2_1024x768.sdr.png	1		0
8446	8100-lilith-web-screenshots/other/8446_web-screenshots_nps-yell_dpr1_page1_2560x1440.png	https://codec-corpus.r2.imazen.org/imazen-26-png-v3/8100-lilith-web-screenshots/other/8446_web-screenshots_nps-yell_dpr1_page1_2560x1440.sdr.png	1		0
8447	8100-lilith-web-screenshots/other/8447_web-screenshots_nps-yell_dpr1_page2_2560x1440.png	https://codec-corpus.r2.imazen.org/imazen-26-png-v3/8100-lilith-web-screenshots/other/8447_web-screenshots_nps-yell_dpr1_page2_2560x1440.sdr.png	1		0
8448	8100-lilith-web-screenshots/other/8448_web-screenshots_nps-yellowstone_dpr1_page1_1280x800.png	https://codec-corpus.r2.imazen.org/imazen-26-png-v3/8100-lilith-web-screenshots/other/8448_web-screenshots_nps-yellowstone_dpr1_page1_1280x800.sdr.png	1		0
8449	8100-lilith-web-screenshots/other/8449_web-screenshots_nps-yellowstone_dpr1_page2_1280x800.png	https://codec-corpus.r2.imazen.org/imazen-26-png-v3/8100-lilith-web-screenshots/other/8449_web-screenshots_nps-yellowstone_dpr1_page2_1280x800.sdr.png	1		0
8450	8100-lilith-web-screenshots/other/8450_web-screenshots_nps-yellowstone_dpr1_page1_414x896.png	https://codec-corpus.r2.imazen.org/imazen-26-png-v3/8100-lilith-web-screenshots/other/8450_web-screenshots_nps-yellowstone_dpr1_page1_414x896.sdr.png	1		0
8451	8100-lilith-web-screenshots/other/8451_web-screenshots_nps-yellowstone_dpr1_page2_414x896.png	https://codec-corpus.r2.imazen.org/imazen-26-png-v3/8100-lilith-web-screenshots/other/8451_web-screenshots_nps-yellowstone_dpr1_page2_414x896.sdr.png	1		0
8452	8100-lilith-web-screenshots/other/8452_web-screenshots_si-edu-exhibitions_dpr1_page1_1280x800.png	https://codec-corpus.r2.imazen.org/imazen-26-png-v3/8100-lilith-web-screenshots/other/8452_web-screenshots_si-edu-exhibitions_dpr1_page1_1280x800.sdr.png	1		0
8453	8100-lilith-web-screenshots/other/8453_web-screenshots_si-edu-exhibitions_dpr1_page2_1280x800.png	https://codec-corpus.r2.imazen.org/imazen-26-png-v3/8100-lilith-web-screenshots/other/8453_web-screenshots_si-edu-exhibitions_dpr1_page2_1280x800.sdr.png	1		0
8454	8100-lilith-web-screenshots/other/8454_web-screenshots_terminal-cargo-build_dpr1_page1_1280x1100.png	https://codec-corpus.r2.imazen.org/imazen-26-png-v3/8100-lilith-web-screenshots/other/8454_web-screenshots_terminal-cargo-build_dpr1_page1_1280x1100.sdr.png	1		0
8455	8100-lilith-web-screenshots/other/8455_web-screenshots_terminal-htop_dpr1_page1_1280x800.png	https://codec-corpus.r2.imazen.org/imazen-26-png-v3/8100-lilith-web-screenshots/other/8455_web-screenshots_terminal-htop_dpr1_page1_1280x800.sdr.png	1		0
8456	8100-lilith-web-screenshots/other/8456_web-screenshots_terminal-ls-git-log_dpr1_page1_1280x900.png	https://codec-corpus.r2.imazen.org/imazen-26-png-v3/8100-lilith-web-screenshots/other/8456_web-screenshots_terminal-ls-git-log_dpr1_page1_1280x900.sdr.png	1		0
8457	8100-lilith-web-screenshots/other/8457_web-screenshots_terminal-nvim-edit_dpr1_page1_1440x800.png	https://codec-corpus.r2.imazen.org/imazen-26-png-v3/8100-lilith-web-screenshots/other/8457_web-screenshots_terminal-nvim-edit_dpr1_page1_1440x800.sdr.png	1		0
8458	8100-lilith-web-screenshots/other/8458_web-screenshots_usgs-home_dpr1_page1_667x375.png	https://codec-corpus.r2.imazen.org/imazen-26-png-v3/8100-lilith-web-screenshots/other/8458_web-screenshots_usgs-home_dpr1_page1_667x375.sdr.png	1		0
8459	8100-lilith-web-screenshots/other/8459_web-screenshots_usgs-home_dpr1_page2_667x375.png	https://codec-corpus.r2.imazen.org/imazen-26-png-v3/8100-lilith-web-screenshots/other/8459_web-screenshots_usgs-home_dpr1_page2_667x375.sdr.png	1		0
8460	8100-lilith-web-screenshots/other/8460_web-screenshots_usgs-news_dpr2_page1_750x1334.png	https://codec-corpus.r2.imazen.org/imazen-26-png-v3/8100-lilith-web-screenshots/other/8460_web-screenshots_usgs-news_dpr2_page1_750x1334.sdr.png	1		0
8461	8100-lilith-web-screenshots/other/8461_web-screenshots_usgs-news_dpr2_page2_750x1334.png	https://codec-corpus.r2.imazen.org/imazen-26-png-v3/8100-lilith-web-screenshots/other/8461_web-screenshots_usgs-news_dpr2_page2_750x1334.sdr.png	1		0
8462	8100-lilith-web-screenshots/other/8462_web-screenshots_usgs-topoview_dpr1_page1_1280x800.png	https://codec-corpus.r2.imazen.org/imazen-26-png-v3/8100-lilith-web-screenshots/other/8462_web-screenshots_usgs-topoview_dpr1_page1_1280x800.sdr.png	1		0
8463	8100-lilith-web-screenshots/other/8463_web-screenshots_usgs-topoview_dpr1_page2_1280x800.png	https://codec-corpus.r2.imazen.org/imazen-26-png-v3/8100-lilith-web-screenshots/other/8463_web-screenshots_usgs-topoview_dpr1_page2_1280x800.sdr.png	1		0
8464	8100-lilith-web-screenshots/other/8464_web-screenshots_weather-forecast-nyc_dpr1_page1_667x375.png	https://codec-corpus.r2.imazen.org/imazen-26-png-v3/8100-lilith-web-screenshots/other/8464_web-screenshots_weather-forecast-nyc_dpr1_page1_667x375.sdr.png	1		0
8465	8100-lilith-web-screenshots/other/8465_web-screenshots_weather-forecast-nyc_dpr1_page2_667x375.png	https://codec-corpus.r2.imazen.org/imazen-26-png-v3/8100-lilith-web-screenshots/other/8465_web-screenshots_weather-forecast-nyc_dpr1_page2_667x375.sdr.png	1		0
8466	8100-lilith-web-screenshots/other/8466_web-screenshots_weather-home_dpr1_page1_1280x800.png	https://codec-corpus.r2.imazen.org/imazen-26-png-v3/8100-lilith-web-screenshots/other/8466_web-screenshots_weather-home_dpr1_page1_1280x800.sdr.png	1		0
8467	8100-lilith-web-screenshots/other/8467_web-screenshots_weather-home_dpr1_page1_414x896.png	https://codec-corpus.r2.imazen.org/imazen-26-png-v3/8100-lilith-web-screenshots/other/8467_web-screenshots_weather-home_dpr1_page1_414x896.sdr.png	1		0
8468	8100-lilith-web-screenshots/other/8468_web-screenshots_weather-satellites_dpr1_page1_414x896.png	https://codec-corpus.r2.imazen.org/imazen-26-png-v3/8100-lilith-web-screenshots/other/8468_web-screenshots_weather-satellites_dpr1_page1_414x896.sdr.png	1		0
8469	8100-lilith-web-screenshots/other/8469_web-screenshots_weather-satellites_dpr1_page2_414x896.png	https://codec-corpus.r2.imazen.org/imazen-26-png-v3/8100-lilith-web-screenshots/other/8469_web-screenshots_weather-satellites_dpr1_page2_414x896.sdr.png	1		0
9000	9000-lilith-ai-clipart/9000_gen_clipart_avocado-half_1024x1536.png	https://codec-corpus.r2.imazen.org/imazen-26-png-v3/9000-lilith-ai-clipart/9000_gen_clipart_avocado-half_1024x1536.sdr.png	1		0
9001	9000-lilith-ai-clipart/9001_gen_clipart_axolotl-friend_1024x1024.png	https://codec-corpus.r2.imazen.org/imazen-26-png-v3/9000-lilith-ai-clipart/9001_gen_clipart_axolotl-friend_1024x1024.sdr.png	1		0
9002	9000-lilith-ai-clipart/9002_gen_clipart_baguette-loaf_1024x1536.png	https://codec-corpus.r2.imazen.org/imazen-26-png-v3/9000-lilith-ai-clipart/9002_gen_clipart_baguette-loaf_1024x1536.sdr.png	1		0
9003	9000-lilith-ai-clipart/9003_gen_clipart_balloons-bunch_1024x1536.png	https://codec-corpus.r2.imazen.org/imazen-26-png-v3/9000-lilith-ai-clipart/9003_gen_clipart_balloons-bunch_1024x1536.sdr.png	1		0
9004	9000-lilith-ai-clipart/9004_gen_clipart_bathtub-bubbles_1024x1536.png	https://codec-corpus.r2.imazen.org/imazen-26-png-v3/9000-lilith-ai-clipart/9004_gen_clipart_bathtub-bubbles_1024x1536.sdr.png	1		0
9005	9000-lilith-ai-clipart/9005_gen_clipart_bee-honey_1024x1536.png	https://codec-corpus.r2.imazen.org/imazen-26-png-v3/9000-lilith-ai-clipart/9005_gen_clipart_bee-honey_1024x1536.sdr.png	1		0
9006	9000-lilith-ai-clipart/9006_gen_clipart_bicycle-side_1024x1536.png	https://codec-corpus.r2.imazen.org/imazen-26-png-v3/9000-lilith-ai-clipart/9006_gen_clipart_bicycle-side_1024x1536.sdr.png	1		0
9007	9000-lilith-ai-clipart/9007_gen_clipart_boba-tea-cup_1024x1024.png	https://codec-corpus.r2.imazen.org/imazen-26-png-v3/9000-lilith-ai-clipart/9007_gen_clipart_boba-tea-cup_1024x1024.sdr.png	1		0
9008	9000-lilith-ai-clipart/9008_gen_clipart_bonsai-tree_1024x1536.png	https://codec-corpus.r2.imazen.org/imazen-26-png-v3/9000-lilith-ai-clipart/9008_gen_clipart_bonsai-tree_1024x1536.sdr.png	1		0
9009	9000-lilith-ai-clipart/9009_gen_clipart_book-stack_1024x1536.png	https://codec-corpus.r2.imazen.org/imazen-26-png-v3/9000-lilith-ai-clipart/9009_gen_clipart_book-stack_1024x1536.sdr.png	1		0
9010	9000-lilith-ai-clipart/9010_gen_clipart_bunny-with-carrot_1024x1536.png	https://codec-corpus.r2.imazen.org/imazen-26-png-v3/9000-lilith-ai-clipart/9010_gen_clipart_bunny-with-carrot_1024x1536.sdr.png	1		0
9011	9000-lilith-ai-clipart/9011_gen_clipart_butterfly-symmetric_1024x1536.png	https://codec-corpus.r2.imazen.org/imazen-26-png-v3/9000-lilith-ai-clipart/9011_gen_clipart_butterfly-symmetric_1024x1536.sdr.png	1		0
9012	9000-lilith-ai-clipart/9012_gen_clipart_cactus-in-pot_1024x1024.png	https://codec-corpus.r2.imazen.org/imazen-26-png-v3/9000-lilith-ai-clipart/9012_gen_clipart_cactus-in-pot_1024x1024.sdr.png	1		0
9013	9000-lilith-ai-clipart/9013_gen_clipart_campfire-single-color_1024x1024.png	https://codec-corpus.r2.imazen.org/imazen-26-png-v3/9000-lilith-ai-clipart/9013_gen_clipart_campfire-single-color_1024x1024.sdr.png	1		0
9014	9000-lilith-ai-clipart/9014_gen_clipart_candle-flame_1024x1536.png	https://codec-corpus.r2.imazen.org/imazen-26-png-v3/9000-lilith-ai-clipart/9014_gen_clipart_candle-flame_1024x1536.sdr.png	1		0
9015	9000-lilith-ai-clipart/9015_gen_clipart_cherry-blossom-branch_1024x1536.png	https://codec-corpus.r2.imazen.org/imazen-26-png-v3/9000-lilith-ai-clipart/9015_gen_clipart_cherry-blossom-branch_1024x1536.sdr.png	1		0
9016	9000-lilith-ai-clipart/9016_gen_clipart_cupcake-pastel_1024x1024.png	https://codec-corpus.r2.imazen.org/imazen-26-png-v3/9000-lilith-ai-clipart/9016_gen_clipart_cupcake-pastel_1024x1024.sdr.png	1		0
9017	9000-lilith-ai-clipart/9017_gen_clipart_dandelion-puff_1024x1536.png	https://codec-corpus.r2.imazen.org/imazen-26-png-v3/9000-lilith-ai-clipart/9017_gen_clipart_dandelion-puff_1024x1536.sdr.png	1		0
9018	9000-lilith-ai-clipart/9018_gen_clipart_dolphin-leap_1024x1536.png	https://codec-corpus.r2.imazen.org/imazen-26-png-v3/9000-lilith-ai-clipart/9018_gen_clipart_dolphin-leap_1024x1536.sdr.png	1		0
9019	9000-lilith-ai-clipart/9019_gen_clipart_donut-sprinkles_1024x1536.png	https://codec-corpus.r2.imazen.org/imazen-26-png-v3/9000-lilith-ai-clipart/9019_gen_clipart_donut-sprinkles_1024x1536.sdr.png	1		0
9020	9000-lilith-ai-clipart/9020_gen_clipart_egg-with-face_1024x1536.png	https://codec-corpus.r2.imazen.org/imazen-26-png-v3/9000-lilith-ai-clipart/9020_gen_clipart_egg-with-face_1024x1536.sdr.png	1		0
9021	9000-lilith-ai-clipart/9021_gen_clipart_fairy-lights-string_1024x1024.png	https://codec-corpus.r2.imazen.org/imazen-26-png-v3/9000-lilith-ai-clipart/9021_gen_clipart_fairy-lights-string_1024x1024.sdr.png	1		0
9022	9000-lilith-ai-clipart/9022_gen_clipart_fern-frond_1024x1536.png	https://codec-corpus.r2.imazen.org/imazen-26-png-v3/9000-lilith-ai-clipart/9022_gen_clipart_fern-frond_1024x1536.sdr.png	1		0
9023	9000-lilith-ai-clipart/9023_gen_clipart_foggy-hill_1024x1536.png	https://codec-corpus.r2.imazen.org/imazen-26-png-v3/9000-lilith-ai-clipart/9023_gen_clipart_foggy-hill_1024x1536.sdr.png	1		0
9024	9000-lilith-ai-clipart/9024_gen_clipart_foliage-cluster_1024x1024.png	https://codec-corpus.r2.imazen.org/imazen-26-png-v3/9000-lilith-ai-clipart/9024_gen_clipart_foliage-cluster_1024x1024.sdr.png	1		0
9025	9000-lilith-ai-clipart/9025_gen_clipart_frog-on-lilypad_1024x1536.png	https://codec-corpus.r2.imazen.org/imazen-26-png-v3/9000-lilith-ai-clipart/9025_gen_clipart_frog-on-lilypad_1024x1536.sdr.png	1		0
9026	9000-lilith-ai-clipart/9026_gen_clipart_gift-box-bow_1024x1536.png	https://codec-corpus.r2.imazen.org/imazen-26-png-v3/9000-lilith-ai-clipart/9026_gen_clipart_gift-box-bow_1024x1536.sdr.png	1		0
9027	9000-lilith-ai-clipart/9027_gen_clipart_guitar-acoustic_1024x1536.png	https://codec-corpus.r2.imazen.org/imazen-26-png-v3/9000-lilith-ai-clipart/9027_gen_clipart_guitar-acoustic_1024x1536.sdr.png	1		0
9028	9000-lilith-ai-clipart/9028_gen_clipart_headphones_1024x1024.png	https://codec-corpus.r2.imazen.org/imazen-26-png-v3/9000-lilith-ai-clipart/9028_gen_clipart_headphones_1024x1024.sdr.png	1		0
9029	9000-lilith-ai-clipart/9029_gen_clipart_heart-sparkle_1024x1536.png	https://codec-corpus.r2.imazen.org/imazen-26-png-v3/9000-lilith-ai-clipart/9029_gen_clipart_heart-sparkle_1024x1536.sdr.png	1		0
9030	9000-lilith-ai-clipart/9030_gen_clipart_hibiscus-bloom_1024x1536.png	https://codec-corpus.r2.imazen.org/imazen-26-png-v3/9000-lilith-ai-clipart/9030_gen_clipart_hibiscus-bloom_1024x1536.sdr.png	1		0
9031	9000-lilith-ai-clipart/9031_gen_clipart_hot-air-balloon_1024x1024.png	https://codec-corpus.r2.imazen.org/imazen-26-png-v3/9000-lilith-ai-clipart/9031_gen_clipart_hot-air-balloon_1024x1024.sdr.png	1		0
9032	9000-lilith-ai-clipart/9032_gen_clipart_ice-cream-sundae_1024x1536.png	https://codec-corpus.r2.imazen.org/imazen-26-png-v3/9000-lilith-ai-clipart/9032_gen_clipart_ice-cream-sundae_1024x1536.sdr.png	1		0
9033	9000-lilith-ai-clipart/9033_gen_clipart_juice-box_1024x1536.png	https://codec-corpus.r2.imazen.org/imazen-26-png-v3/9000-lilith-ai-clipart/9033_gen_clipart_juice-box_1024x1536.sdr.png	1		0
9034	9000-lilith-ai-clipart/9034_gen_clipart_key-tassel_1024x1536.png	https://codec-corpus.r2.imazen.org/imazen-26-png-v3/9000-lilith-ai-clipart/9034_gen_clipart_key-tassel_1024x1536.sdr.png	1		0
9035	9000-lilith-ai-clipart/9035_gen_clipart_ladybug_1024x1536.png	https://codec-corpus.r2.imazen.org/imazen-26-png-v3/9000-lilith-ai-clipart/9035_gen_clipart_ladybug_1024x1536.sdr.png	1		0
9036	9000-lilith-ai-clipart/9036_gen_clipart_laptop-coffee_1024x1024.png	https://codec-corpus.r2.imazen.org/imazen-26-png-v3/9000-lilith-ai-clipart/9036_gen_clipart_laptop-coffee_1024x1024.sdr.png	1		0
9037	9000-lilith-ai-clipart/9037_gen_clipart_latte-art_1024x1536.png	https://codec-corpus.r2.imazen.org/imazen-26-png-v3/9000-lilith-ai-clipart/9037_gen_clipart_latte-art_1024x1536.sdr.png	1		0
9038	9000-lilith-ai-clipart/9038_gen_clipart_lavender-stem_1024x1536.png	https://codec-corpus.r2.imazen.org/imazen-26-png-v3/9000-lilith-ai-clipart/9038_gen_clipart_lavender-stem_1024x1536.sdr.png	1		0
9039	9000-lilith-ai-clipart/9039_gen_clipart_lighthouse-cliff_1024x1536.png	https://codec-corpus.r2.imazen.org/imazen-26-png-v3/9000-lilith-ai-clipart/9039_gen_clipart_lighthouse-cliff_1024x1536.sdr.png	1		0
9040	9000-lilith-ai-clipart/9040_gen_clipart_lightning-bolt_1024x1536.png	https://codec-corpus.r2.imazen.org/imazen-26-png-v3/9000-lilith-ai-clipart/9040_gen_clipart_lightning-bolt_1024x1536.sdr.png	1		0
9041	9000-lilith-ai-clipart/9041_gen_clipart_magnifying-glass-eye_1024x1536.png	https://codec-corpus.r2.imazen.org/imazen-26-png-v3/9000-lilith-ai-clipart/9041_gen_clipart_magnifying-glass-eye_1024x1536.sdr.png	1		0
9042	9000-lilith-ai-clipart/9042_gen_clipart_monstera-leaf_1024x1024.png	https://codec-corpus.r2.imazen.org/imazen-26-png-v3/9000-lilith-ai-clipart/9042_gen_clipart_monstera-leaf_1024x1024.sdr.png	1		0
9043	9000-lilith-ai-clipart/9043_gen_clipart_moon-phases_1024x1536.png	https://codec-corpus.r2.imazen.org/imazen-26-png-v3/9000-lilith-ai-clipart/9043_gen_clipart_moon-phases_1024x1536.sdr.png	1		0
9044	9000-lilith-ai-clipart/9044_gen_clipart_mountain-set_1536x1024.png	https://codec-corpus.r2.imazen.org/imazen-26-png-v3/9000-lilith-ai-clipart/9044_gen_clipart_mountain-set_1536x1024.sdr.png	1		0
9045	9000-lilith-ai-clipart/9045_gen_clipart_mushroom-cluster_1024x1024.png	https://codec-corpus.r2.imazen.org/imazen-26-png-v3/9000-lilith-ai-clipart/9045_gen_clipart_mushroom-cluster_1024x1024.sdr.png	1		0
9046	9000-lilith-ai-clipart/9046_gen_clipart_octopus-friend_1024x1024.png	https://codec-corpus.r2.imazen.org/imazen-26-png-v3/9000-lilith-ai-clipart/9046_gen_clipart_octopus-friend_1024x1024.sdr.png	1		0
9047	9000-lilith-ai-clipart/9047_gen_clipart_owl-night_1024x1536.png	https://codec-corpus.r2.imazen.org/imazen-26-png-v3/9000-lilith-ai-clipart/9047_gen_clipart_owl-night_1024x1536.sdr.png	1		0
9048	9000-lilith-ai-clipart/9048_gen_clipart_paint-palette-brush_1024x1024.png	https://codec-corpus.r2.imazen.org/imazen-26-png-v3/9000-lilith-ai-clipart/9048_gen_clipart_paint-palette-brush_1024x1024.sdr.png	1		0
9049	9000-lilith-ai-clipart/9049_gen_clipart_panda-bamboo_1024x1536.png	https://codec-corpus.r2.imazen.org/imazen-26-png-v3/9000-lilith-ai-clipart/9049_gen_clipart_panda-bamboo_1024x1536.sdr.png	1		0
9050	9000-lilith-ai-clipart/9050_gen_clipart_parrot-tropical_1024x1536.png	https://codec-corpus.r2.imazen.org/imazen-26-png-v3/9000-lilith-ai-clipart/9050_gen_clipart_parrot-tropical_1024x1536.sdr.png	1		0
9051	9000-lilith-ai-clipart/9051_gen_clipart_peace-sign-hand_1024x1024.png	https://codec-corpus.r2.imazen.org/imazen-26-png-v3/9000-lilith-ai-clipart/9051_gen_clipart_peace-sign-hand_1024x1024.sdr.png	1		0
9052	9000-lilith-ai-clipart/9052_gen_clipart_pencil-tilted_1024x1536.png	https://codec-corpus.r2.imazen.org/imazen-26-png-v3/9000-lilith-ai-clipart/9052_gen_clipart_pencil-tilted_1024x1536.sdr.png	1		0
9053	9000-lilith-ai-clipart/9053_gen_clipart_penguin-waddle_1024x1536.png	https://codec-corpus.r2.imazen.org/imazen-26-png-v3/9000-lilith-ai-clipart/9053_gen_clipart_penguin-waddle_1024x1536.sdr.png	1		0
9054	9000-lilith-ai-clipart/9054_gen_clipart_pizza-slice_1024x1024.png	https://codec-corpus.r2.imazen.org/imazen-26-png-v3/9000-lilith-ai-clipart/9054_gen_clipart_pizza-slice_1024x1024.sdr.png	1		0
9055	9000-lilith-ai-clipart/9055_gen_clipart_rainbow-cloud_1024x1024.png	https://codec-corpus.r2.imazen.org/imazen-26-png-v3/9000-lilith-ai-clipart/9055_gen_clipart_rainbow-cloud_1024x1024.sdr.png	1		0
9056	9000-lilith-ai-clipart/9056_gen_clipart_rose-bloom_1024x1536.png	https://codec-corpus.r2.imazen.org/imazen-26-png-v3/9000-lilith-ai-clipart/9056_gen_clipart_rose-bloom_1024x1536.sdr.png	1		0
9057	9000-lilith-ai-clipart/9057_gen_clipart_running-shoe_1024x1536.png	https://codec-corpus.r2.imazen.org/imazen-26-png-v3/9000-lilith-ai-clipart/9057_gen_clipart_running-shoe_1024x1536.sdr.png	1		0
9058	9000-lilith-ai-clipart/9058_gen_clipart_sandcastle_1024x1536.png	https://codec-corpus.r2.imazen.org/imazen-26-png-v3/9000-lilith-ai-clipart/9058_gen_clipart_sandcastle_1024x1536.sdr.png	1		0
9059	9000-lilith-ai-clipart/9059_gen_clipart_scissors-craft_1024x1536.png	https://codec-corpus.r2.imazen.org/imazen-26-png-v3/9000-lilith-ai-clipart/9059_gen_clipart_scissors-craft_1024x1536.sdr.png	1		0
9060	9000-lilith-ai-clipart/9060_gen_clipart_shooting-star_1024x1536.png	https://codec-corpus.r2.imazen.org/imazen-26-png-v3/9000-lilith-ai-clipart/9060_gen_clipart_shooting-star_1024x1536.sdr.png	1		0
9061	9000-lilith-ai-clipart/9061_gen_clipart_sleeping-fox-curl_1024x1024.png	https://codec-corpus.r2.imazen.org/imazen-26-png-v3/9000-lilith-ai-clipart/9061_gen_clipart_sleeping-fox-curl_1024x1024.sdr.png	1		0
9062	9000-lilith-ai-clipart/9062_gen_clipart_smiling-sun_1024x1024.png	https://codec-corpus.r2.imazen.org/imazen-26-png-v3/9000-lilith-ai-clipart/9062_gen_clipart_smiling-sun_1024x1024.sdr.png	1		0
9063	9000-lilith-ai-clipart/9063_gen_clipart_smoothie-cup_1024x1536.png	https://codec-corpus.r2.imazen.org/imazen-26-png-v3/9000-lilith-ai-clipart/9063_gen_clipart_smoothie-cup_1024x1536.sdr.png	1		0
9064	9000-lilith-ai-clipart/9064_gen_clipart_snow-globe_1024x1536.png	https://codec-corpus.r2.imazen.org/imazen-26-png-v3/9000-lilith-ai-clipart/9064_gen_clipart_snow-globe_1024x1536.sdr.png	1		0
9065	9000-lilith-ai-clipart/9065_gen_clipart_snowflake-cluster_1024x1536.png	https://codec-corpus.r2.imazen.org/imazen-26-png-v3/9000-lilith-ai-clipart/9065_gen_clipart_snowflake-cluster_1024x1536.sdr.png	1		0
9066	9000-lilith-ai-clipart/9066_gen_clipart_speech-bubble-hi_1024x1536.png	https://codec-corpus.r2.imazen.org/imazen-26-png-v3/9000-lilith-ai-clipart/9066_gen_clipart_speech-bubble-hi_1024x1536.sdr.png	1		0
9067	9000-lilith-ai-clipart/9067_gen_clipart_steaming-ramen-bowl_1024x1024.png	https://codec-corpus.r2.imazen.org/imazen-26-png-v3/9000-lilith-ai-clipart/9067_gen_clipart_steaming-ramen-bowl_1024x1024.sdr.png	1		0
9068	9000-lilith-ai-clipart/9068_gen_clipart_succulent-trio_1024x1536.png	https://codec-corpus.r2.imazen.org/imazen-26-png-v3/9000-lilith-ai-clipart/9068_gen_clipart_succulent-trio_1024x1536.sdr.png	1		0
9069	9000-lilith-ai-clipart/9069_gen_clipart_suitcase-travel_1024x1024.png	https://codec-corpus.r2.imazen.org/imazen-26-png-v3/9000-lilith-ai-clipart/9069_gen_clipart_suitcase-travel_1024x1024.sdr.png	1		0
9070	9000-lilith-ai-clipart/9070_gen_clipart_sunflower-cheerful_1024x1536.png	https://codec-corpus.r2.imazen.org/imazen-26-png-v3/9000-lilith-ai-clipart/9070_gen_clipart_sunflower-cheerful_1024x1536.sdr.png	1		0
9071	9000-lilith-ai-clipart/9071_gen_clipart_surfboard-wave_1024x1536.png	https://codec-corpus.r2.imazen.org/imazen-26-png-v3/9000-lilith-ai-clipart/9071_gen_clipart_surfboard-wave_1024x1536.sdr.png	1		0
9072	9000-lilith-ai-clipart/9072_gen_clipart_sushi-roll-trio_1024x1536.png	https://codec-corpus.r2.imazen.org/imazen-26-png-v3/9000-lilith-ai-clipart/9072_gen_clipart_sushi-roll-trio_1024x1536.sdr.png	1		0
9073	9000-lilith-ai-clipart/9073_gen_clipart_taco-fiesta_1024x1536.png	https://codec-corpus.r2.imazen.org/imazen-26-png-v3/9000-lilith-ai-clipart/9073_gen_clipart_taco-fiesta_1024x1536.sdr.png	1		0
9074	9000-lilith-ai-clipart/9074_gen_clipart_teapot-classic_1024x1536.png	https://codec-corpus.r2.imazen.org/imazen-26-png-v3/9000-lilith-ai-clipart/9074_gen_clipart_teapot-classic_1024x1536.sdr.png	1		0
9075	9000-lilith-ai-clipart/9075_gen_clipart_telescope-stars_1024x1536.png	https://codec-corpus.r2.imazen.org/imazen-26-png-v3/9000-lilith-ai-clipart/9075_gen_clipart_telescope-stars_1024x1536.sdr.png	1		0
9076	9000-lilith-ai-clipart/9076_gen_clipart_thumbs-up-hand_1024x1536.png	https://codec-corpus.r2.imazen.org/imazen-26-png-v3/9000-lilith-ai-clipart/9076_gen_clipart_thumbs-up-hand_1024x1536.sdr.png	1		0
9077	9000-lilith-ai-clipart/9077_gen_clipart_tiny-shiba-sticker_1024x1024.png	https://codec-corpus.r2.imazen.org/imazen-26-png-v3/9000-lilith-ai-clipart/9077_gen_clipart_tiny-shiba-sticker_1024x1024.sdr.png	1		0
9078	9000-lilith-ai-clipart/9078_gen_clipart_tulip-trio_1024x1536.png	https://codec-corpus.r2.imazen.org/imazen-26-png-v3/9000-lilith-ai-clipart/9078_gen_clipart_tulip-trio_1024x1536.sdr.png	1		0
9079	9000-lilith-ai-clipart/9079_gen_clipart_turtle-shell-pattern_1024x1536.png	https://codec-corpus.r2.imazen.org/imazen-26-png-v3/9000-lilith-ai-clipart/9079_gen_clipart_turtle-shell-pattern_1024x1536.sdr.png	1		0
9080	9000-lilith-ai-clipart/9080_gen_clipart_vintage-camera_1024x1024.png	https://codec-corpus.r2.imazen.org/imazen-26-png-v3/9000-lilith-ai-clipart/9080_gen_clipart_vintage-camera_1024x1024.sdr.png	1		0
9081	9000-lilith-ai-clipart/9081_gen_clipart_vinyl-record_1024x1536.png	https://codec-corpus.r2.imazen.org/imazen-26-png-v3/9000-lilith-ai-clipart/9081_gen_clipart_vinyl-record_1024x1536.sdr.png	1		0
9082	9000-lilith-ai-clipart/9082_gen_clipart_watermelon-slice-face_1024x1024.png	https://codec-corpus.r2.imazen.org/imazen-26-png-v3/9000-lilith-ai-clipart/9082_gen_clipart_watermelon-slice-face_1024x1024.sdr.png	1		0
9083	9000-lilith-ai-clipart/9083_gen_clipart_whale-spout_1024x1536.png	https://codec-corpus.r2.imazen.org/imazen-26-png-v3/9000-lilith-ai-clipart/9083_gen_clipart_whale-spout_1024x1536.sdr.png	1		0
9084	9000-lilith-ai-clipart/9084_gen_clipart_yoga-mat-roll_1024x1536.png	https://codec-corpus.r2.imazen.org/imazen-26-png-v3/9000-lilith-ai-clipart/9084_gen_clipart_yoga-mat-roll_1024x1536.sdr.png	1		0
9085	9000-lilith-ai-clipart/9085_gen_clipart_manga-chibi-mascot-wave_1024x1024.png	https://codec-corpus.r2.imazen.org/imazen-26-png-v3/9000-lilith-ai-clipart/9085_gen_clipart_manga-chibi-mascot-wave_1024x1024.sdr.png	1		0
9094	9094-lilith-ai-illustrations/9094_gen_illustrations_abstract-floral-gouache_1024x1536.png	https://codec-corpus.r2.imazen.org/imazen-26-png-v3/9094-lilith-ai-illustrations/9094_gen_illustrations_abstract-floral-gouache_1024x1536.sdr.png	1		0
9095	9094-lilith-ai-illustrations/9095_gen_illustrations_after-rain-street_1024x1536.png	https://codec-corpus.r2.imazen.org/imazen-26-png-v3/9094-lilith-ai-illustrations/9095_gen_illustrations_after-rain-street_1024x1536.sdr.png	1		0
9096	9094-lilith-ai-illustrations/9096_gen_illustrations_alpine-meadow-summer_1024x1536.png	https://codec-corpus.r2.imazen.org/imazen-26-png-v3/9094-lilith-ai-illustrations/9096_gen_illustrations_alpine-meadow-summer_1024x1536.sdr.png	1		0
9097	9094-lilith-ai-illustrations/9097_gen_illustrations_autumn-deciduous-path_1024x1536.png	https://codec-corpus.r2.imazen.org/imazen-26-png-v3/9094-lilith-ai-illustrations/9097_gen_illustrations_autumn-deciduous-path_1024x1536.sdr.png	1		0
9098	9094-lilith-ai-illustrations/9098_gen_illustrations_baker-flour-dust-light_1024x1536.png	https://codec-corpus.r2.imazen.org/imazen-26-png-v3/9094-lilith-ai-illustrations/9098_gen_illustrations_baker-flour-dust-light_1024x1536.sdr.png	1		0
9099	9094-lilith-ai-illustrations/9099_gen_illustrations_ballet-shoes-ribbon-flat-lay_1024x1536.png	https://codec-corpus.r2.imazen.org/imazen-26-png-v3/9094-lilith-ai-illustrations/9099_gen_illustrations_ballet-shoes-ribbon-flat-lay_1024x1536.sdr.png	1		0
9100	9094-lilith-ai-illustrations/9100_gen_illustrations_bath-candles-evening_1024x1536.png	https://codec-corpus.r2.imazen.org/imazen-26-png-v3/9094-lilith-ai-illustrations/9100_gen_illustrations_bath-candles-evening_1024x1536.sdr.png	1		0
9101	9094-lilith-ai-illustrations/9101_gen_illustrations_bear-walking-through-ferns_1024x1536.png	https://codec-corpus.r2.imazen.org/imazen-26-png-v3/9094-lilith-ai-illustrations/9101_gen_illustrations_bear-walking-through-ferns_1024x1536.sdr.png	1		0
9102	9094-lilith-ai-illustrations/9102_gen_illustrations_bicycle-fruit-crates-wall_1024x1536.png	https://codec-corpus.r2.imazen.org/imazen-26-png-v3/9094-lilith-ai-illustrations/9102_gen_illustrations_bicycle-fruit-crates-wall_1024x1536.sdr.png	1		0
9103	9094-lilith-ai-illustrations/9103_gen_illustrations_breakfast-in-bed_1024x1536.png	https://codec-corpus.r2.imazen.org/imazen-26-png-v3/9094-lilith-ai-illustrations/9103_gen_illustrations_breakfast-in-bed_1024x1536.sdr.png	1		0
9104	9094-lilith-ai-illustrations/9104_gen_illustrations_cellist-rehearsing-attic_1024x1536.png	https://codec-corpus.r2.imazen.org/imazen-26-png-v3/9094-lilith-ai-illustrations/9104_gen_illustrations_cellist-rehearsing-attic_1024x1536.sdr.png	1		0
9105	9094-lilith-ai-illustrations/9105_gen_illustrations_cheese-board-pears_1024x1536.png	https://codec-corpus.r2.imazen.org/imazen-26-png-v3/9094-lilith-ai-illustrations/9105_gen_illustrations_cheese-board-pears_1024x1536.sdr.png	1		0
9106	9094-lilith-ai-illustrations/9106_gen_illustrations_child-fox-snowy-forest_1024x1536.png	https://codec-corpus.r2.imazen.org/imazen-26-png-v3/9094-lilith-ai-illustrations/9106_gen_illustrations_child-fox-snowy-forest_1024x1536.sdr.png	1		0
9107	9094-lilith-ai-illustrations/9107_gen_illustrations_choir-scene-cathedral_1024x1536.png	https://codec-corpus.r2.imazen.org/imazen-26-png-v3/9094-lilith-ai-illustrations/9107_gen_illustrations_choir-scene-cathedral_1024x1536.sdr.png	1		0
9108	9094-lilith-ai-illustrations/9108_gen_illustrations_citrus-harvest-table_1024x1536.png	https://codec-corpus.r2.imazen.org/imazen-26-png-v3/9094-lilith-ai-illustrations/9108_gen_illustrations_citrus-harvest-table_1024x1536.sdr.png	1		0
9109	9094-lilith-ai-illustrations/9109_gen_illustrations_coastal-cliff-seabirds_1024x1536.png	https://codec-corpus.r2.imazen.org/imazen-26-png-v3/9094-lilith-ai-illustrations/9109_gen_illustrations_coastal-cliff-seabirds_1024x1536.sdr.png	1		0
9110	9094-lilith-ai-illustrations/9110_gen_illustrations_coffee-shop-dusk_1536x1024.png	https://codec-corpus.r2.imazen.org/imazen-26-png-v3/9094-lilith-ai-illustrations/9110_gen_illustrations_coffee-shop-dusk_1536x1024.sdr.png	1		0
9111	9094-lilith-ai-illustrations/9111_gen_illustrations_constellation-myth-map_1024x1536.png	https://codec-corpus.r2.imazen.org/imazen-26-png-v3/9094-lilith-ai-illustrations/9111_gen_illustrations_constellation-myth-map_1024x1536.sdr.png	1		0
9112	9094-lilith-ai-illustrations/9112_gen_illustrations_croissants-morning-coffee_1024x1536.png	https://codec-corpus.r2.imazen.org/imazen-26-png-v3/9094-lilith-ai-illustrations/9112_gen_illustrations_croissants-morning-coffee_1024x1536.sdr.png	1		0
9113	9094-lilith-ai-illustrations/9113_gen_illustrations_cyclist-bridge-golden-hour_1536x1024.png	https://codec-corpus.r2.imazen.org/imazen-26-png-v3/9094-lilith-ai-illustrations/9113_gen_illustrations_cyclist-bridge-golden-hour_1536x1024.sdr.png	1		0
9114	9094-lilith-ai-illustrations/9114_gen_illustrations_cyclist-mountain-pass_1024x1536.png	https://codec-corpus.r2.imazen.org/imazen-26-png-v3/9094-lilith-ai-illustrations/9114_gen_illustrations_cyclist-mountain-pass_1024x1536.sdr.png	1		0
9115	9094-lilith-ai-illustrations/9115_gen_illustrations_dancer-mid-pose-studio_1024x1536.png	https://codec-corpus.r2.imazen.org/imazen-26-png-v3/9094-lilith-ai-illustrations/9115_gen_illustrations_dancer-mid-pose-studio_1024x1536.sdr.png	1		0
9116	9094-lilith-ai-illustrations/9116_gen_illustrations_desert-twilight-saguaro_1024x1536.png	https://codec-corpus.r2.imazen.org/imazen-26-png-v3/9094-lilith-ai-illustrations/9116_gen_illustrations_desert-twilight-saguaro_1024x1536.sdr.png	1		0
9117	9094-lilith-ai-illustrations/9117_gen_illustrations_evening-writing-desk_1024x1536.png	https://codec-corpus.r2.imazen.org/imazen-26-png-v3/9094-lilith-ai-illustrations/9117_gen_illustrations_evening-writing-desk_1024x1536.sdr.png	1		0
9118	9094-lilith-ai-illustrations/9118_gen_illustrations_farmers-market-stall_1536x1024.png	https://codec-corpus.r2.imazen.org/imazen-26-png-v3/9094-lilith-ai-illustrations/9118_gen_illustrations_farmers-market-stall_1536x1024.sdr.png	1		0
9119	9094-lilith-ai-illustrations/9119_gen_illustrations_figure-with-stars-shoulders_1024x1536.png	https://codec-corpus.r2.imazen.org/imazen-26-png-v3/9094-lilith-ai-illustrations/9119_gen_illustrations_figure-with-stars-shoulders_1024x1536.sdr.png	1		0
9120	9094-lilith-ai-illustrations/9120_gen_illustrations_fog-bound-lake_1024x1536.png	https://codec-corpus.r2.imazen.org/imazen-26-png-v3/9094-lilith-ai-illustrations/9120_gen_illustrations_fog-bound-lake_1024x1536.sdr.png	1		0
9121	9094-lilith-ai-illustrations/9121_gen_illustrations_fox-in-autumn-leaves_1024x1536.png	https://codec-corpus.r2.imazen.org/imazen-26-png-v3/9094-lilith-ai-illustrations/9121_gen_illustrations_fox-in-autumn-leaves_1024x1536.sdr.png	1		0
9122	9094-lilith-ai-illustrations/9122_gen_illustrations_fox-resting-winter_1024x1536.png	https://codec-corpus.r2.imazen.org/imazen-26-png-v3/9094-lilith-ai-illustrations/9122_gen_illustrations_fox-resting-winter_1024x1536.sdr.png	1		0
9123	9094-lilith-ai-illustrations/9123_gen_illustrations_gardener-pulling-carrots_1024x1536.png	https://codec-corpus.r2.imazen.org/imazen-26-png-v3/9094-lilith-ai-illustrations/9123_gen_illustrations_gardener-pulling-carrots_1024x1536.sdr.png	1		0
9124	9094-lilith-ai-illustrations/9124_gen_illustrations_greenhouse-botanist_1024x1536.png	https://codec-corpus.r2.imazen.org/imazen-26-png-v3/9094-lilith-ai-illustrations/9124_gen_illustrations_greenhouse-botanist_1024x1536.sdr.png	1		0
9125	9094-lilith-ai-illustrations/9125_gen_illustrations_herb-garden-windowsill_1024x1536.png	https://codec-corpus.r2.imazen.org/imazen-26-png-v3/9094-lilith-ai-illustrations/9125_gen_illustrations_herb-garden-windowsill_1024x1536.sdr.png	1		0
9126	9094-lilith-ai-illustrations/9126_gen_illustrations_horse-in-storm_1024x1536.png	https://codec-corpus.r2.imazen.org/imazen-26-png-v3/9094-lilith-ai-illustrations/9126_gen_illustrations_horse-in-storm_1024x1536.sdr.png	1		0
9127	9094-lilith-ai-illustrations/9127_gen_illustrations_hummingbird-at-flower_1024x1536.png	https://codec-corpus.r2.imazen.org/imazen-26-png-v3/9094-lilith-ai-illustrations/9127_gen_illustrations_hummingbird-at-flower_1024x1536.sdr.png	1		0
9128	9094-lilith-ai-illustrations/9128_gen_illustrations_invented-tarot-card_1024x1536.png	https://codec-corpus.r2.imazen.org/imazen-26-png-v3/9094-lilith-ai-illustrations/9128_gen_illustrations_invented-tarot-card_1024x1536.sdr.png	1		0
9129	9094-lilith-ai-illustrations/9129_gen_illustrations_jazz-bar-trio_1536x1024.png	https://codec-corpus.r2.imazen.org/imazen-26-png-v3/9094-lilith-ai-illustrations/9129_gen_illustrations_jazz-bar-trio_1536x1024.sdr.png	1		0
9130	9094-lilith-ai-illustrations/9130_gen_illustrations_kitchen-dawn-kettle-steam_1024x1536.png	https://codec-corpus.r2.imazen.org/imazen-26-png-v3/9094-lilith-ai-illustrations/9130_gen_illustrations_kitchen-dawn-kettle-steam_1024x1536.sdr.png	1		0
9131	9094-lilith-ai-illustrations/9131_gen_illustrations_knitting-basket-cat_1024x1536.png	https://codec-corpus.r2.imazen.org/imazen-26-png-v3/9094-lilith-ai-illustrations/9131_gen_illustrations_knitting-basket-cat_1024x1536.sdr.png	1		0
9132	9094-lilith-ai-illustrations/9132_gen_illustrations_market-vegetable-basket_1024x1536.png	https://codec-corpus.r2.imazen.org/imazen-26-png-v3/9094-lilith-ai-illustrations/9132_gen_illustrations_market-vegetable-basket_1024x1536.sdr.png	1		0
9133	9094-lilith-ai-illustrations/9133_gen_illustrations_mother-braiding-daughter-hair_1024x1536.png	https://codec-corpus.r2.imazen.org/imazen-26-png-v3/9094-lilith-ai-illustrations/9133_gen_illustrations_mother-braiding-daughter-hair_1024x1536.sdr.png	1		0
9134	9094-lilith-ai-illustrations/9134_gen_illustrations_night-market-lanterns_1024x1536.png	https://codec-corpus.r2.imazen.org/imazen-26-png-v3/9094-lilith-ai-illustrations/9134_gen_illustrations_night-market-lanterns_1024x1536.sdr.png	1		0
9135	9094-lilith-ai-illustrations/9135_gen_illustrations_old-fisherman-river_1024x1536.png	https://codec-corpus.r2.imazen.org/imazen-26-png-v3/9094-lilith-ai-illustrations/9135_gen_illustrations_old-fisherman-river_1024x1536.sdr.png	1		0
9136	9094-lilith-ai-illustrations/9136_gen_illustrations_paper-lantern-festival_1024x1536.png	https://codec-corpus.r2.imazen.org/imazen-26-png-v3/9094-lilith-ai-illustrations/9136_gen_illustrations_paper-lantern-festival_1024x1536.sdr.png	1		0
9137	9094-lilith-ai-illustrations/9137_gen_illustrations_perched-owl-portrait_1024x1536.png	https://codec-corpus.r2.imazen.org/imazen-26-png-v3/9094-lilith-ai-illustrations/9137_gen_illustrations_perched-owl-portrait_1024x1536.sdr.png	1		0
9138	9094-lilith-ai-illustrations/9138_gen_illustrations_plant-watering-ritual_1024x1536.png	https://codec-corpus.r2.imazen.org/imazen-26-png-v3/9094-lilith-ai-illustrations/9138_gen_illustrations_plant-watering-ritual_1024x1536.sdr.png	1		0
9139	9094-lilith-ai-illustrations/9139_gen_illustrations_rainy-cafe-from-outside_1024x1536.png	https://codec-corpus.r2.imazen.org/imazen-26-png-v3/9094-lilith-ai-illustrations/9139_gen_illustrations_rainy-cafe-from-outside_1024x1536.sdr.png	1		0
9140	9094-lilith-ai-illustrations/9140_gen_illustrations_reading-nook-hot-chocolate_1024x1536.png	https://codec-corpus.r2.imazen.org/imazen-26-png-v3/9094-lilith-ai-illustrations/9140_gen_illustrations_reading-nook-hot-chocolate_1024x1536.sdr.png	1		0
9141	9094-lilith-ai-illustrations/9141_gen_illustrations_river-fishing-bend_1024x1536.png	https://codec-corpus.r2.imazen.org/imazen-26-png-v3/9094-lilith-ai-illustrations/9141_gen_illustrations_river-fishing-bend_1024x1536.sdr.png	1		0
9142	9094-lilith-ai-illustrations/9142_gen_illustrations_rooftop-sunset-gathering_1024x1536.png	https://codec-corpus.r2.imazen.org/imazen-26-png-v3/9094-lilith-ai-illustrations/9142_gen_illustrations_rooftop-sunset-gathering_1024x1536.sdr.png	1		0
9143	9094-lilith-ai-illustrations/9143_gen_illustrations_runner-golden-field_1024x1536.png	https://codec-corpus.r2.imazen.org/imazen-26-png-v3/9094-lilith-ai-illustrations/9143_gen_illustrations_runner-golden-field_1024x1536.sdr.png	1		0
9144	9094-lilith-ai-illustrations/9144_gen_illustrations_runway-coat-figure_1024x1536.png	https://codec-corpus.r2.imazen.org/imazen-26-png-v3/9094-lilith-ai-illustrations/9144_gen_illustrations_runway-coat-figure_1024x1536.sdr.png	1		0
9145	9094-lilith-ai-illustrations/9145_gen_illustrations_scientist-microscope-lab_1024x1536.png	https://codec-corpus.r2.imazen.org/imazen-26-png-v3/9094-lilith-ai-illustrations/9145_gen_illustrations_scientist-microscope-lab_1024x1536.sdr.png	1		0
9146	9094-lilith-ai-illustrations/9146_gen_illustrations_snowy-village-overhead_1024x1536.png	https://codec-corpus.r2.imazen.org/imazen-26-png-v3/9094-lilith-ai-illustrations/9146_gen_illustrations_snowy-village-overhead_1024x1536.sdr.png	1		0
9147	9094-lilith-ai-illustrations/9147_gen_illustrations_street-style-modern-sketch_1024x1536.png	https://codec-corpus.r2.imazen.org/imazen-26-png-v3/9094-lilith-ai-illustrations/9147_gen_illustrations_street-style-modern-sketch_1024x1536.sdr.png	1		0
9148	9094-lilith-ai-illustrations/9148_gen_illustrations_subway-commuter-sketch_1024x1536.png	https://codec-corpus.r2.imazen.org/imazen-26-png-v3/9094-lilith-ai-illustrations/9148_gen_illustrations_subway-commuter-sketch_1024x1536.sdr.png	1		0
9149	9094-lilith-ai-illustrations/9149_gen_illustrations_summer-wheat-field_1024x1536.png	https://codec-corpus.r2.imazen.org/imazen-26-png-v3/9094-lilith-ai-illustrations/9149_gen_illustrations_summer-wheat-field_1024x1536.sdr.png	1		0
9150	9094-lilith-ai-illustrations/9150_gen_illustrations_swimmer-poolside-climbing-out_1024x1536.png	https://codec-corpus.r2.imazen.org/imazen-26-png-v3/9094-lilith-ai-illustrations/9150_gen_illustrations_swimmer-poolside-climbing-out_1024x1536.sdr.png	1		0
9151	9094-lilith-ai-illustrations/9151_gen_illustrations_swimming-otter_1024x1536.png	https://codec-corpus.r2.imazen.org/imazen-26-png-v3/9094-lilith-ai-illustrations/9151_gen_illustrations_swimming-otter_1024x1536.sdr.png	1		0
9152	9094-lilith-ai-illustrations/9152_gen_illustrations_taxi-rainy-evening_1024x1536.png	https://codec-corpus.r2.imazen.org/imazen-26-png-v3/9094-lilith-ai-illustrations/9152_gen_illustrations_taxi-rainy-evening_1024x1536.sdr.png	1		0
9153	9094-lilith-ai-illustrations/9153_gen_illustrations_tea-ceremony-quiet_1024x1536.png	https://codec-corpus.r2.imazen.org/imazen-26-png-v3/9094-lilith-ai-illustrations/9153_gen_illustrations_tea-ceremony-quiet_1024x1536.sdr.png	1		0
9154	9094-lilith-ai-illustrations/9154_gen_illustrations_tiny-mossy-friend_1024x1536.png	https://codec-corpus.r2.imazen.org/imazen-26-png-v3/9094-lilith-ai-illustrations/9154_gen_illustrations_tiny-mossy-friend_1024x1536.sdr.png	1		0
9155	9094-lilith-ai-illustrations/9155_gen_illustrations_urban-garden-patio_1024x1536.png	https://codec-corpus.r2.imazen.org/imazen-26-png-v3/9094-lilith-ai-illustrations/9155_gen_illustrations_urban-garden-patio_1024x1536.sdr.png	1		0
9156	9094-lilith-ai-illustrations/9156_gen_illustrations_vintage-couture-pose_1024x1536.png	https://codec-corpus.r2.imazen.org/imazen-26-png-v3/9094-lilith-ai-illustrations/9156_gen_illustrations_vintage-couture-pose_1024x1536.sdr.png	1		0
9157	9094-lilith-ai-illustrations/9157_gen_illustrations_vintage-travel-poster-mountain_1024x1536.png	https://codec-corpus.r2.imazen.org/imazen-26-png-v3/9094-lilith-ai-illustrations/9157_gen_illustrations_vintage-travel-poster-mountain_1024x1536.sdr.png	1		0
9158	9094-lilith-ai-illustrations/9158_gen_illustrations_vinyl-listening-room_1024x1536.png	https://codec-corpus.r2.imazen.org/imazen-26-png-v3/9094-lilith-ai-illustrations/9158_gen_illustrations_vinyl-listening-room_1024x1536.sdr.png	1		0
9159	9094-lilith-ai-illustrations/9159_gen_illustrations_watercolor-fashion-summer-dress_1024x1536.png	https://codec-corpus.r2.imazen.org/imazen-26-png-v3/9094-lilith-ai-illustrations/9159_gen_illustrations_watercolor-fashion-summer-dress_1024x1536.sdr.png	1		0
9160	9094-lilith-ai-illustrations/9160_gen_illustrations_window-watching-cat_1024x1536.png	https://codec-corpus.r2.imazen.org/imazen-26-png-v3/9094-lilith-ai-illustrations/9160_gen_illustrations_window-watching-cat_1024x1536.sdr.png	1		0
9161	9094-lilith-ai-illustrations/9161_gen_illustrations_woman-cat-lap-reading_1024x1536.png	https://codec-corpus.r2.imazen.org/imazen-26-png-v3/9094-lilith-ai-illustrations/9161_gen_illustrations_woman-cat-lap-reading_1024x1536.sdr.png	1		0
9162	9094-lilith-ai-illustrations/9162_gen_illustrations_young-woman-tea-portrait_1024x1536.png	https://codec-corpus.r2.imazen.org/imazen-26-png-v3/9094-lilith-ai-illustrations/9162_gen_illustrations_young-woman-tea-portrait_1024x1536.sdr.png	1		0
9163	9094-lilith-ai-illustrations/9163_gen_illustrations_manga-after-battle-rest_1536x1024.png	https://codec-corpus.r2.imazen.org/imazen-26-png-v3/9094-lilith-ai-illustrations/9163_gen_illustrations_manga-after-battle-rest_1536x1024.sdr.png	1		0
9164	9094-lilith-ai-illustrations/9164_gen_illustrations_manga-battle-shonen-whoosh_1024x1536.png	https://codec-corpus.r2.imazen.org/imazen-26-png-v3/9094-lilith-ai-illustrations/9164_gen_illustrations_manga-battle-shonen-whoosh_1024x1536.sdr.png	1		0
9165	9094-lilith-ai-illustrations/9165_gen_illustrations_manga-heroine-catching-key_1024x1536.png	https://codec-corpus.r2.imazen.org/imazen-26-png-v3/9094-lilith-ai-illustrations/9165_gen_illustrations_manga-heroine-catching-key_1024x1536.sdr.png	1		0
9166	9094-lilith-ai-illustrations/9166_gen_illustrations_manga-magical-girl-transformation_1024x1536.png	https://codec-corpus.r2.imazen.org/imazen-26-png-v3/9094-lilith-ai-illustrations/9166_gen_illustrations_manga-magical-girl-transformation_1024x1536.sdr.png	1		0
9167	9094-lilith-ai-illustrations/9167_gen_illustrations_manga-rooftop-rain-cape_1024x1536.png	https://codec-corpus.r2.imazen.org/imazen-26-png-v3/9094-lilith-ai-illustrations/9167_gen_illustrations_manga-rooftop-rain-cape_1024x1536.sdr.png	1		0
9168	9094-lilith-ai-illustrations/9168_gen_illustrations_manga-yatai-noodles-slice-of-life_1536x1024.png	https://codec-corpus.r2.imazen.org/imazen-26-png-v3/9094-lilith-ai-illustrations/9168_gen_illustrations_manga-yatai-noodles-slice-of-life_1536x1024.sdr.png	1		0
9226	9226-lilith-ai-products/accessories/9226_gen_products-accessories_amethyst-slouchy-shoulder-bag_p0001_2160x3840.png	https://codec-corpus.r2.imazen.org/imazen-26-png-v3/9226-lilith-ai-products/accessories/9226_gen_products-accessories_amethyst-slouchy-shoulder-bag_p0001_2160x3840.sdr.png	1		0
9227	9226-lilith-ai-products/accessories/9227_gen_products-accessories_bucket-hat-checkerboard_p0002_1024x1536.png	https://codec-corpus.r2.imazen.org/imazen-26-png-v3/9226-lilith-ai-products/accessories/9227_gen_products-accessories_bucket-hat-checkerboard_p0002_1024x1536.sdr.png	1		0
9228	9226-lilith-ai-products/accessories/9228_gen_products-accessories_cateye-sunglasses_p0003_3840x2160.png	https://codec-corpus.r2.imazen.org/imazen-26-png-v3/9226-lilith-ai-products/accessories/9228_gen_products-accessories_cateye-sunglasses_p0003_3840x2160.sdr.png	1		0
9229	9226-lilith-ai-products/accessories/9229_gen_products-accessories_chunky-gold-statement-necklace_p0004_2880x2880.png	https://codec-corpus.r2.imazen.org/imazen-26-png-v3/9226-lilith-ai-products/accessories/9229_gen_products-accessories_chunky-gold-statement-necklace_p0004_2880x2880.sdr.png	1		0
9230	9226-lilith-ai-products/accessories/9230_gen_products-accessories_chunky-resin-bangle-stack_p0005_1024x1024.png	https://codec-corpus.r2.imazen.org/imazen-26-png-v3/9226-lilith-ai-products/accessories/9230_gen_products-accessories_chunky-resin-bangle-stack_p0005_1024x1024.sdr.png	1		0
9231	9226-lilith-ai-products/accessories/9231_gen_products-accessories_cognac-crossbody_p0006_1024x1536.png	https://codec-corpus.r2.imazen.org/imazen-26-png-v3/9226-lilith-ai-products/accessories/9231_gen_products-accessories_cognac-crossbody_p0006_1024x1536.sdr.png	1		0
9232	9226-lilith-ai-products/accessories/9232_gen_products-accessories_cognac-crossbody_detail_p0006_3840x2160.png	https://codec-corpus.r2.imazen.org/imazen-26-png-v3/9226-lilith-ai-products/accessories/9232_gen_products-accessories_cognac-crossbody_detail_p0006_3840x2160.sdr.png	1		0
9233	9226-lilith-ai-products/accessories/9233_gen_products-accessories_enamel-pin-set-product_p0007_1024x1024.png	https://codec-corpus.r2.imazen.org/imazen-26-png-v3/9226-lilith-ai-products/accessories/9233_gen_products-accessories_enamel-pin-set-product_p0007_1024x1024.sdr.png	1		0
9234	9226-lilith-ai-products/accessories/9234_gen_products-accessories_fuchsia-shoulder-bag_p0008_2160x3840.png	https://codec-corpus.r2.imazen.org/imazen-26-png-v3/9226-lilith-ai-products/accessories/9234_gen_products-accessories_fuchsia-shoulder-bag_p0008_2160x3840.sdr.png	1		0
9235	9226-lilith-ai-products/accessories/9235_gen_products-accessories_kelly-green-mini-tote_p0009_1024x1536.png	https://codec-corpus.r2.imazen.org/imazen-26-png-v3/9226-lilith-ai-products/accessories/9235_gen_products-accessories_kelly-green-mini-tote_p0009_1024x1536.sdr.png	1		0
9236	9226-lilith-ai-products/accessories/9236_gen_products-accessories_knit-beanie-strawberry_p0010_1024x1536.png	https://codec-corpus.r2.imazen.org/imazen-26-png-v3/9226-lilith-ai-products/accessories/9236_gen_products-accessories_knit-beanie-strawberry_p0010_1024x1536.sdr.png	1		0
9237	9226-lilith-ai-products/accessories/9237_gen_products-accessories_marigold-statement-belt_p0011_3840x2160.png	https://codec-corpus.r2.imazen.org/imazen-26-png-v3/9226-lilith-ai-products/accessories/9237_gen_products-accessories_marigold-statement-belt_p0011_3840x2160.sdr.png	1		0
9238	9226-lilith-ai-products/accessories/9238_gen_products-accessories_merch-canvas-tote_p0012_1152x2048.png	https://codec-corpus.r2.imazen.org/imazen-26-png-v3/9226-lilith-ai-products/accessories/9238_gen_products-accessories_merch-canvas-tote_p0012_1152x2048.sdr.png	1		0
9239	9226-lilith-ai-products/accessories/9239_gen_products-accessories_merch-enamel-pins_flat_p0013_2048x1152.png	https://codec-corpus.r2.imazen.org/imazen-26-png-v3/9226-lilith-ai-products/accessories/9239_gen_products-accessories_merch-enamel-pins_flat_p0013_2048x1152.sdr.png	1		0
9240	9226-lilith-ai-products/accessories/9240_gen_products-accessories_merch-sticker-sheet_flat_p0014_2048x2048.png	https://codec-corpus.r2.imazen.org/imazen-26-png-v3/9226-lilith-ai-products/accessories/9240_gen_products-accessories_merch-sticker-sheet_flat_p0014_2048x2048.sdr.png	1		0
9241	9226-lilith-ai-products/accessories/9241_gen_products-accessories_merch-tote-mug-set_flat_p0015_2048x1152.png	https://codec-corpus.r2.imazen.org/imazen-26-png-v3/9226-lilith-ai-products/accessories/9241_gen_products-accessories_merch-tote-mug-set_flat_p0015_2048x1152.sdr.png	1		0
9242	9226-lilith-ai-products/accessories/9242_gen_products-accessories_merch-tote-tomato-print_p0016_1024x1536.png	https://codec-corpus.r2.imazen.org/imazen-26-png-v3/9226-lilith-ai-products/accessories/9242_gen_products-accessories_merch-tote-tomato-print_p0016_1024x1536.sdr.png	1		0
9243	9226-lilith-ai-products/accessories/9243_gen_products-accessories_pearl-pendant-asymmetric_p0017_1024x1024.png	https://codec-corpus.r2.imazen.org/imazen-26-png-v3/9226-lilith-ai-products/accessories/9243_gen_products-accessories_pearl-pendant-asymmetric_p0017_1024x1024.sdr.png	1		0
9244	9226-lilith-ai-products/accessories/9244_gen_products-accessories_red-butterfly-shield-sunglasses_p0018_3840x2160.png	https://codec-corpus.r2.imazen.org/imazen-26-png-v3/9226-lilith-ai-products/accessories/9244_gen_products-accessories_red-butterfly-shield-sunglasses_p0018_3840x2160.sdr.png	1		0
9245	9226-lilith-ai-products/accessories/9245_gen_products-accessories_ruby-croc-bowler-bag_p0019_2160x3840.png	https://codec-corpus.r2.imazen.org/imazen-26-png-v3/9226-lilith-ai-products/accessories/9245_gen_products-accessories_ruby-croc-bowler-bag_p0019_2160x3840.sdr.png	1		0
9246	9226-lilith-ai-products/accessories/9246_gen_products-accessories_ruby-croc-bowler-bag_detail_p0019_3840x2160.png	https://codec-corpus.r2.imazen.org/imazen-26-png-v3/9226-lilith-ai-products/accessories/9246_gen_products-accessories_ruby-croc-bowler-bag_detail_p0019_3840x2160.sdr.png	1		0
9247	9226-lilith-ai-products/accessories/9247_gen_products-accessories_sculptural-gold-hoops_p0020_2880x2880.png	https://codec-corpus.r2.imazen.org/imazen-26-png-v3/9226-lilith-ai-products/accessories/9247_gen_products-accessories_sculptural-gold-hoops_p0020_2880x2880.sdr.png	1		0
9248	9226-lilith-ai-products/accessories/9248_gen_products-accessories_sticker-pack-flatlay_p0021_1024x1024.png	https://codec-corpus.r2.imazen.org/imazen-26-png-v3/9226-lilith-ai-products/accessories/9248_gen_products-accessories_sticker-pack-flatlay_p0021_1024x1024.sdr.png	1		0
9249	9226-lilith-ai-products/accessories/9249_gen_products-accessories_straw-sun-hat_p0022_2048x2048.png	https://codec-corpus.r2.imazen.org/imazen-26-png-v3/9226-lilith-ai-products/accessories/9249_gen_products-accessories_straw-sun-hat_p0022_2048x2048.sdr.png	1		0
9250	9226-lilith-ai-products/accessories/9250_gen_products-accessories_straw-sun-hat_p0022_2048x2048.png	https://codec-corpus.r2.imazen.org/imazen-26-png-v3/9226-lilith-ai-products/accessories/9250_gen_products-accessories_straw-sun-hat_p0022_2048x2048.sdr.png	1		0
9251	9226-lilith-ai-products/accessories/9251_gen_products-accessories_straw-tote-bag-natural_p0023_4096x4096.jpg	https://codec-corpus.r2.imazen.org/imazen-26-png-v3/9226-lilith-ai-products/accessories/9251_gen_products-accessories_straw-tote-bag-natural_p0023_4096x4096.sdr.png	1		0
9252	9226-lilith-ai-products/accessories/9252_gen_products-accessories_tomato-statement-earrings_p0024_1024x1024.png	https://codec-corpus.r2.imazen.org/imazen-26-png-v3/9226-lilith-ai-products/accessories/9252_gen_products-accessories_tomato-statement-earrings_p0024_1024x1024.sdr.png	1		0
9253	9226-lilith-ai-products/accessories/9253_gen_products-accessories_tortoiseshell-cat-eye-sunglasses_p0025_1536x1024.png	https://codec-corpus.r2.imazen.org/imazen-26-png-v3/9226-lilith-ai-products/accessories/9253_gen_products-accessories_tortoiseshell-cat-eye-sunglasses_p0025_1536x1024.sdr.png	1		0
9254	9226-lilith-ai-products/accessories/9254_gen_products-accessories_tote-bag-bookish-merch_p0026_1024x1536.png	https://codec-corpus.r2.imazen.org/imazen-26-png-v3/9226-lilith-ai-products/accessories/9254_gen_products-accessories_tote-bag-bookish-merch_p0026_1024x1536.sdr.png	1		0
9255	9226-lilith-ai-products/accessories/9255_gen_products-accessories_weekender-bag-canvas-product_p0027_1536x1024.png	https://codec-corpus.r2.imazen.org/imazen-26-png-v3/9226-lilith-ai-products/accessories/9255_gen_products-accessories_weekender-bag-canvas-product_p0027_1536x1024.sdr.png	1		0
9256	9226-lilith-ai-products/accessories/9256_gen_products-accessories_wide-brim-coral-felt-hat_p0028_1024x1536.png	https://codec-corpus.r2.imazen.org/imazen-26-png-v3/9226-lilith-ai-products/accessories/9256_gen_products-accessories_wide-brim-coral-felt-hat_p0028_1024x1536.sdr.png	1		0
9257	9226-lilith-ai-products/accessories/9257_gen_products-accessories_woven-beach-tote_p0029_1536x2816.png	https://codec-corpus.r2.imazen.org/imazen-26-png-v3/9226-lilith-ai-products/accessories/9257_gen_products-accessories_woven-beach-tote_p0029_1536x2816.sdr.png	1		0
9258	9226-lilith-ai-products/baby/9258_gen_products-baby_animal-bodysuit-3pack_flat_p0030_4096x4096.jpg	https://codec-corpus.r2.imazen.org/imazen-26-png-v3/9226-lilith-ai-products/baby/9258_gen_products-baby_animal-bodysuit-3pack_flat_p0030_4096x4096.sdr.png	1		0
9259	9226-lilith-ai-products/baby/9259_gen_products-baby_bib-multipack-six-prints_flat_p0031_1536x1024.png	https://codec-corpus.r2.imazen.org/imazen-26-png-v3/9226-lilith-ai-products/baby/9259_gen_products-baby_bib-multipack-six-prints_flat_p0031_1536x1024.sdr.png	1		0
9260	9226-lilith-ai-products/baby/9260_gen_products-baby_blanket-receiving-sun-print_flat_p0032_1024x1024.png	https://codec-corpus.r2.imazen.org/imazen-26-png-v3/9226-lilith-ai-products/baby/9260_gen_products-baby_blanket-receiving-sun-print_flat_p0032_1024x1024.sdr.png	1		0
9261	9226-lilith-ai-products/baby/9261_gen_products-baby_burp-cloth-set-four_flat_p0033_1536x1024.png	https://codec-corpus.r2.imazen.org/imazen-26-png-v3/9226-lilith-ai-products/baby/9261_gen_products-baby_burp-cloth-set-four_flat_p0033_1536x1024.sdr.png	1		0
9262	9226-lilith-ai-products/baby/9262_gen_products-baby_cardigan-cream-cable_flat_p0034_1024x1536.png	https://codec-corpus.r2.imazen.org/imazen-26-png-v3/9226-lilith-ai-products/baby/9262_gen_products-baby_cardigan-cream-cable_flat_p0034_1024x1536.sdr.png	1		0
9263	9226-lilith-ai-products/baby/9263_gen_products-baby_coverall-stripe-mustard_flat_p0035_1024x1536.png	https://codec-corpus.r2.imazen.org/imazen-26-png-v3/9226-lilith-ai-products/baby/9263_gen_products-baby_coverall-stripe-mustard_flat_p0035_1024x1536.sdr.png	1		0
9264	9226-lilith-ai-products/baby/9264_gen_products-baby_footed-sleeper-sky-blue_flat_p0036_3072x5504.jpg	https://codec-corpus.r2.imazen.org/imazen-26-png-v3/9226-lilith-ai-products/baby/9264_gen_products-baby_footed-sleeper-sky-blue_flat_p0036_3072x5504.sdr.png	1		0
9265	9226-lilith-ai-products/baby/9265_gen_products-baby_footed-sleeper-terracotta-fox_flat_p0037_1024x1536.png	https://codec-corpus.r2.imazen.org/imazen-26-png-v3/9226-lilith-ai-products/baby/9265_gen_products-baby_footed-sleeper-terracotta-fox_flat_p0037_1024x1536.sdr.png	1		0
9267	9226-lilith-ai-products/baby/9267_gen_products-baby_kimono-wrap-top-blush_flat_p0039_1024x1536.png	https://codec-corpus.r2.imazen.org/imazen-26-png-v3/9226-lilith-ai-products/baby/9267_gen_products-baby_kimono-wrap-top-blush_flat_p0039_1024x1536.sdr.png	1		0
9268	9226-lilith-ai-products/baby/9268_gen_products-baby_knit-hat-mitten-set-blush_flat_p0040_1024x1024.png	https://codec-corpus.r2.imazen.org/imazen-26-png-v3/9226-lilith-ai-products/baby/9268_gen_products-baby_knit-hat-mitten-set-blush_flat_p0040_1024x1024.sdr.png	1		0
9269	9226-lilith-ai-products/baby/9269_gen_products-baby_knit-romper-overalls-sage_flat_p0041_1024x1536.png	https://codec-corpus.r2.imazen.org/imazen-26-png-v3/9226-lilith-ai-products/baby/9269_gen_products-baby_knit-romper-overalls-sage_flat_p0041_1024x1536.sdr.png	1		0
9270	9226-lilith-ai-products/baby/9270_gen_products-baby_leggings-fivepack-prints_flat_p0042_1536x1024.png	https://codec-corpus.r2.imazen.org/imazen-26-png-v3/9226-lilith-ai-products/baby/9270_gen_products-baby_leggings-fivepack-prints_flat_p0042_1536x1024.sdr.png	1		0
9271	9226-lilith-ai-products/baby/9271_gen_products-baby_mustard-fleece-onesie_flat_p0043_1024x1536.png	https://codec-corpus.r2.imazen.org/imazen-26-png-v3/9226-lilith-ai-products/baby/9271_gen_products-baby_mustard-fleece-onesie_flat_p0043_1024x1536.sdr.png	1		0
9272	9226-lilith-ai-products/baby/9272_gen_products-baby_onesie-multipack-coral-sage-cream_flat_p0044_1024x1024.png	https://codec-corpus.r2.imazen.org/imazen-26-png-v3/9226-lilith-ai-products/baby/9272_gen_products-baby_onesie-multipack-coral-sage-cream_flat_p0044_1024x1024.sdr.png	1		0
9273	9226-lilith-ai-products/baby/9273_gen_products-baby_sleeper-zip-giggle_onmodel_p0045_1024x1536.png	https://codec-corpus.r2.imazen.org/imazen-26-png-v3/9226-lilith-ai-products/baby/9273_gen_products-baby_sleeper-zip-giggle_onmodel_p0045_1024x1536.sdr.png	1		0
9274	9226-lilith-ai-products/baby/9274_gen_products-baby_tutu-dress-twirl_onmodel_p0046_1024x1536.png	https://codec-corpus.r2.imazen.org/imazen-26-png-v3/9226-lilith-ai-products/baby/9274_gen_products-baby_tutu-dress-twirl_onmodel_p0046_1024x1536.sdr.png	1		0
9275	9226-lilith-ai-products/baby/9275_gen_products-baby_romper-yellow-gingham_flat_p0047_1024x1536.png	https://codec-corpus.r2.imazen.org/imazen-26-png-v3/9226-lilith-ai-products/baby/9275_gen_products-baby_romper-yellow-gingham_flat_p0047_1024x1536.sdr.png	1		0
9276	9226-lilith-ai-products/baby/9276_gen_products-baby_sleep-sack-sage-bunny_flat_p0048_1024x1536.png	https://codec-corpus.r2.imazen.org/imazen-26-png-v3/9226-lilith-ai-products/baby/9276_gen_products-baby_sleep-sack-sage-bunny_flat_p0048_1024x1536.sdr.png	1		0
9277	9226-lilith-ai-products/baby/9277_gen_products-baby_sun-hat-bucket-floral_flat_p0049_1024x1024.png	https://codec-corpus.r2.imazen.org/imazen-26-png-v3/9226-lilith-ai-products/baby/9277_gen_products-baby_sun-hat-bucket-floral_flat_p0049_1024x1024.sdr.png	1		0
9278	9226-lilith-ai-products/baby/9278_gen_products-baby_swaddle-set-dusty-blue-stars_flat_p0050_1024x1024.png	https://codec-corpus.r2.imazen.org/imazen-26-png-v3/9226-lilith-ai-products/baby/9278_gen_products-baby_swaddle-set-dusty-blue-stars_flat_p0050_1024x1024.sdr.png	1		0
9279	9226-lilith-ai-products/baby/9279_gen_products-baby_tee-stripe-three-pack_flat_p0051_1536x1024.png	https://codec-corpus.r2.imazen.org/imazen-26-png-v3/9226-lilith-ai-products/baby/9279_gen_products-baby_tee-stripe-three-pack_flat_p0051_1536x1024.sdr.png	1		0
9280	9226-lilith-ai-products/baby/9280_gen_products-baby_tutu-dress-coral-tulle_flat_p0052_1024x1536.png	https://codec-corpus.r2.imazen.org/imazen-26-png-v3/9226-lilith-ai-products/baby/9280_gen_products-baby_tutu-dress-coral-tulle_flat_p0052_1024x1536.sdr.png	1		0
9281	9226-lilith-ai-products/baby/9281_gen_products-baby_kids-rainbow-stripe-romper_flat_p0053_1024x1536.png	https://codec-corpus.r2.imazen.org/imazen-26-png-v3/9226-lilith-ai-products/baby/9281_gen_products-baby_kids-rainbow-stripe-romper_flat_p0053_1024x1536.sdr.png	1		0
9282	9226-lilith-ai-products/baby/9282_gen_products-baby_kids-ruffle-floral-dress-teal_flat_p0054_2880x2880.png	https://codec-corpus.r2.imazen.org/imazen-26-png-v3/9226-lilith-ai-products/baby/9282_gen_products-baby_kids-ruffle-floral-dress-teal_flat_p0054_2880x2880.sdr.png	1		0
9283	9226-lilith-ai-products/beauty/9283_gen_products-beauty_auremor_feature_p0055_1024x1536.png	https://codec-corpus.r2.imazen.org/imazen-26-png-v3/9226-lilith-ai-products/beauty/9283_gen_products-beauty_auremor_feature_p0055_1024x1536.sdr.png	1		0
9284	9226-lilith-ai-products/beauty/9284_gen_products-beauty_auremor-brand-set_flat_p0056_1536x1024.png	https://codec-corpus.r2.imazen.org/imazen-26-png-v3/9226-lilith-ai-products/beauty/9284_gen_products-beauty_auremor-brand-set_flat_p0056_1536x1024.sdr.png	1		0
9285	9226-lilith-ai-products/beauty/9285_gen_products-beauty_auremor-lip-oil_p0057_1024x1024.png	https://codec-corpus.r2.imazen.org/imazen-26-png-v3/9226-lilith-ai-products/beauty/9285_gen_products-beauty_auremor-lip-oil_p0057_1024x1024.sdr.png	1		0
9286	9226-lilith-ai-products/beauty/9286_gen_products-beauty_auremor-retinol-back_ingredients_p0058_1024x1536.png	https://codec-corpus.r2.imazen.org/imazen-26-png-v3/9226-lilith-ai-products/beauty/9286_gen_products-beauty_auremor-retinol-back_ingredients_p0058_1024x1536.sdr.png	1		0
9287	9226-lilith-ai-products/beauty/9287_gen_products-beauty_auremor-retinol-night-serum_p0059_1024x1536.png	https://codec-corpus.r2.imazen.org/imazen-26-png-v3/9226-lilith-ai-products/beauty/9287_gen_products-beauty_auremor-retinol-night-serum_p0059_1024x1536.sdr.png	1		0
9288	9226-lilith-ai-products/beauty/9288_gen_products-beauty_auremor-solid-perfume-compact_p0060_1024x1024.png	https://codec-corpus.r2.imazen.org/imazen-26-png-v3/9226-lilith-ai-products/beauty/9288_gen_products-beauty_auremor-solid-perfume-compact_p0060_1024x1024.sdr.png	1		0
9289	9226-lilith-ai-products/beauty/9289_gen_products-beauty_bryn-birch_feature_p0061_1024x1536.png	https://codec-corpus.r2.imazen.org/imazen-26-png-v3/9226-lilith-ai-products/beauty/9289_gen_products-beauty_bryn-birch_feature_p0061_1024x1536.sdr.png	1		0
9290	9226-lilith-ai-products/beauty/9290_gen_products-beauty_bryn-birch-beard-oil_p0062_1024x1536.png	https://codec-corpus.r2.imazen.org/imazen-26-png-v3/9226-lilith-ai-products/beauty/9290_gen_products-beauty_bryn-birch-beard-oil_p0062_1024x1536.sdr.png	1		0
9291	9226-lilith-ai-products/beauty/9291_gen_products-beauty_bryn-birch-beard-oil-back_ingredients_p0062_1024x1536.png	https://codec-corpus.r2.imazen.org/imazen-26-png-v3/9226-lilith-ai-products/beauty/9291_gen_products-beauty_bryn-birch-beard-oil-back_ingredients_p0062_1024x1536.sdr.png	1		0
9292	9226-lilith-ai-products/beauty/9292_gen_products-beauty_bryn-birch-brand-set_flat_p0063_1536x1024.png	https://codec-corpus.r2.imazen.org/imazen-26-png-v3/9226-lilith-ai-products/beauty/9292_gen_products-beauty_bryn-birch-brand-set_flat_p0063_1536x1024.sdr.png	1		0
9293	9226-lilith-ai-products/beauty/9293_gen_products-beauty_bryn-birch-charcoal-clay-mask_p0064_1024x1024.png	https://codec-corpus.r2.imazen.org/imazen-26-png-v3/9226-lilith-ai-products/beauty/9293_gen_products-beauty_bryn-birch-charcoal-clay-mask_p0064_1024x1024.sdr.png	1		0
9294	9226-lilith-ai-products/beauty/9294_gen_products-beauty_bryn-birch-scalp-hair-oil_p0065_1024x1536.png	https://codec-corpus.r2.imazen.org/imazen-26-png-v3/9226-lilith-ai-products/beauty/9294_gen_products-beauty_bryn-birch-scalp-hair-oil_p0065_1024x1536.sdr.png	1		0
9295	9226-lilith-ai-products/beauty/9295_gen_products-beauty_ceramic-cream-jar_spec_p0066_1024x1536.png	https://codec-corpus.r2.imazen.org/imazen-26-png-v3/9226-lilith-ai-products/beauty/9295_gen_products-beauty_ceramic-cream-jar_spec_p0066_1024x1536.sdr.png	1		0
9296	9226-lilith-ai-products/beauty/9296_gen_products-beauty_dewmark_feature_p0067_1024x1536.png	https://codec-corpus.r2.imazen.org/imazen-26-png-v3/9226-lilith-ai-products/beauty/9296_gen_products-beauty_dewmark_feature_p0067_1024x1536.sdr.png	1		0
9297	9226-lilith-ai-products/beauty/9297_gen_products-beauty_dewmark-aqua-peptide-back_ingredients_p0068_1024x1536.png	https://codec-corpus.r2.imazen.org/imazen-26-png-v3/9226-lilith-ai-products/beauty/9297_gen_products-beauty_dewmark-aqua-peptide-back_ingredients_p0068_1024x1536.sdr.png	1		0
9298	9226-lilith-ai-products/beauty/9298_gen_products-beauty_dewmark-aqua-peptide-gel-cream_p0069_1024x1024.png	https://codec-corpus.r2.imazen.org/imazen-26-png-v3/9226-lilith-ai-products/beauty/9298_gen_products-beauty_dewmark-aqua-peptide-gel-cream_p0069_1024x1024.sdr.png	1		0
9299	9226-lilith-ai-products/beauty/9299_gen_products-beauty_dewmark-brand-set_flat_p0070_1536x1024.png	https://codec-corpus.r2.imazen.org/imazen-26-png-v3/9226-lilith-ai-products/beauty/9299_gen_products-beauty_dewmark-brand-set_flat_p0070_1536x1024.sdr.png	1		0
9300	9226-lilith-ai-products/beauty/9300_gen_products-beauty_dewmark-glass-mist-setting-spray_p0071_1024x1536.png	https://codec-corpus.r2.imazen.org/imazen-26-png-v3/9226-lilith-ai-products/beauty/9300_gen_products-beauty_dewmark-glass-mist-setting-spray_p0071_1024x1536.sdr.png	1		0
9301	9226-lilith-ai-products/beauty/9301_gen_products-beauty_dewmark-micellar-cleansing-water_p0072_1024x1536.png	https://codec-corpus.r2.imazen.org/imazen-26-png-v3/9226-lilith-ai-products/beauty/9301_gen_products-beauty_dewmark-micellar-cleansing-water_p0072_1024x1536.sdr.png	1		0
9302	9226-lilith-ai-products/beauty/9302_gen_products-beauty_florwell_feature_p0073_1536x1024.png	https://codec-corpus.r2.imazen.org/imazen-26-png-v3/9226-lilith-ai-products/beauty/9302_gen_products-beauty_florwell_feature_p0073_1536x1024.sdr.png	1		0
9303	9226-lilith-ai-products/beauty/9303_gen_products-beauty_florwell-bath-soak-back_ingredients_p0074_1024x1536.png	https://codec-corpus.r2.imazen.org/imazen-26-png-v3/9226-lilith-ai-products/beauty/9303_gen_products-beauty_florwell-bath-soak-back_ingredients_p0074_1024x1536.sdr.png	1		0
9304	9226-lilith-ai-products/beauty/9304_gen_products-beauty_florwell-botanical-body-wash_p0075_1024x1536.png	https://codec-corpus.r2.imazen.org/imazen-26-png-v3/9226-lilith-ai-products/beauty/9304_gen_products-beauty_florwell-botanical-body-wash_p0075_1024x1536.sdr.png	1		0
9305	9226-lilith-ai-products/beauty/9305_gen_products-beauty_florwell-brand-set_flat_p0076_1536x1024.png	https://codec-corpus.r2.imazen.org/imazen-26-png-v3/9226-lilith-ai-products/beauty/9305_gen_products-beauty_florwell-brand-set_flat_p0076_1536x1024.sdr.png	1		0
9306	9226-lilith-ai-products/beauty/9306_gen_products-beauty_florwell-mineral-bath-soak_p0077_1024x1024.png	https://codec-corpus.r2.imazen.org/imazen-26-png-v3/9226-lilith-ai-products/beauty/9306_gen_products-beauty_florwell-mineral-bath-soak_p0077_1024x1024.sdr.png	1		0
9307	9226-lilith-ai-products/beauty/9307_gen_products-beauty_florwell-rose-oat-bar-soap_p0078_1024x1024.png	https://codec-corpus.r2.imazen.org/imazen-26-png-v3/9226-lilith-ai-products/beauty/9307_gen_products-beauty_florwell-rose-oat-bar-soap_p0078_1024x1024.sdr.png	1		0
9308	9226-lilith-ai-products/beauty/9308_gen_products-beauty_ingredients-back-rosehip-oil_ingredients_p0079_1024x1536.png	https://codec-corpus.r2.imazen.org/imazen-26-png-v3/9226-lilith-ai-products/beauty/9308_gen_products-beauty_ingredients-back-rosehip-oil_ingredients_p0079_1024x1536.sdr.png	1		0
9309	9226-lilith-ai-products/beauty/9309_gen_products-beauty_lip-balm-trio-product_p0080_1536x1024.png	https://codec-corpus.r2.imazen.org/imazen-26-png-v3/9226-lilith-ai-products/beauty/9309_gen_products-beauty_lip-balm-trio-product_p0080_1536x1024.sdr.png	1		0
9310	9226-lilith-ai-products/beauty/9310_gen_products-beauty_lip-mask-pot-overnight_p0081_1024x1024.png	https://codec-corpus.r2.imazen.org/imazen-26-png-v3/9226-lilith-ai-products/beauty/9310_gen_products-beauty_lip-mask-pot-overnight_p0081_1024x1024.sdr.png	1		0
9311	9226-lilith-ai-products/beauty/9311_gen_products-beauty_makeup-brush-set_flat_p0082_1536x1024.png	https://codec-corpus.r2.imazen.org/imazen-26-png-v3/9226-lilith-ai-products/beauty/9311_gen_products-beauty_makeup-brush-set_flat_p0082_1536x1024.sdr.png	1		0
9312	9226-lilith-ai-products/beauty/9312_gen_products-beauty_makeup-sponge-pair_p0083_1536x1024.png	https://codec-corpus.r2.imazen.org/imazen-26-png-v3/9226-lilith-ai-products/beauty/9312_gen_products-beauty_makeup-sponge-pair_p0083_1536x1024.sdr.png	1		0
9313	9226-lilith-ai-products/beauty/9313_gen_products-beauty_moisturizer-back-sage_ingredients_p0084_2048x2048.png	https://codec-corpus.r2.imazen.org/imazen-26-png-v3/9226-lilith-ai-products/beauty/9313_gen_products-beauty_moisturizer-back-sage_ingredients_p0084_2048x2048.sdr.png	1		0
9314	9226-lilith-ai-products/beauty/9314_gen_products-beauty_skin-cleanser_p0085_2048x2048.jpg	https://codec-corpus.r2.imazen.org/imazen-26-png-v3/9226-lilith-ai-products/beauty/9314_gen_products-beauty_skin-cleanser_p0085_2048x2048.sdr.png	1		0
9315	9226-lilith-ai-products/beauty/9315_gen_products-beauty_tintwell_feature_p0086_1024x1536.png	https://codec-corpus.r2.imazen.org/imazen-26-png-v3/9226-lilith-ai-products/beauty/9315_gen_products-beauty_tintwell_feature_p0086_1024x1536.sdr.png	1		0
9316	9226-lilith-ai-products/beauty/9316_gen_products-beauty_tintwell-brand-set_flat_p0087_1536x1024.png	https://codec-corpus.r2.imazen.org/imazen-26-png-v3/9226-lilith-ai-products/beauty/9316_gen_products-beauty_tintwell-brand-set_flat_p0087_1536x1024.sdr.png	1		0
9317	9226-lilith-ai-products/beauty/9317_gen_products-beauty_tintwell-cheek-lip-tint-back_ingredients_p0088_1024x1536.png	https://codec-corpus.r2.imazen.org/imazen-26-png-v3/9226-lilith-ai-products/beauty/9317_gen_products-beauty_tintwell-cheek-lip-tint-back_ingredients_p0088_1024x1536.sdr.png	1		0
9318	9226-lilith-ai-products/beauty/9318_gen_products-beauty_tintwell-cheek-lip-tint-stick_p0089_1024x1024.png	https://codec-corpus.r2.imazen.org/imazen-26-png-v3/9226-lilith-ai-products/beauty/9318_gen_products-beauty_tintwell-cheek-lip-tint-stick_p0089_1024x1024.sdr.png	1		0
9319	9226-lilith-ai-products/beauty/9319_gen_products-beauty_tintwell-nail-polish-duo_p0090_1536x1024.png	https://codec-corpus.r2.imazen.org/imazen-26-png-v3/9226-lilith-ai-products/beauty/9319_gen_products-beauty_tintwell-nail-polish-duo_p0090_1536x1024.sdr.png	1		0
9320	9226-lilith-ai-products/beauty/9320_gen_products-beauty_tintwell-tinted-brow-gel_p0091_1024x1024.png	https://codec-corpus.r2.imazen.org/imazen-26-png-v3/9226-lilith-ai-products/beauty/9320_gen_products-beauty_tintwell-tinted-brow-gel_p0091_1024x1024.sdr.png	1		0
9321	9226-lilith-ai-products/beauty/9321_gen_products-beauty_veraloe_feature_p0092_1024x1536.png	https://codec-corpus.r2.imazen.org/imazen-26-png-v3/9226-lilith-ai-products/beauty/9321_gen_products-beauty_veraloe_feature_p0092_1024x1536.sdr.png	1		0
9322	9226-lilith-ai-products/beauty/9322_gen_products-beauty_veraloe-after-sun-back_ingredients_p0093_1024x1536.png	https://codec-corpus.r2.imazen.org/imazen-26-png-v3/9226-lilith-ai-products/beauty/9322_gen_products-beauty_veraloe-after-sun-back_ingredients_p0093_1024x1536.sdr.png	1		0
9323	9226-lilith-ai-products/beauty/9323_gen_products-beauty_veraloe-after-sun-aloe-gel_p0094_1024x1536.png	https://codec-corpus.r2.imazen.org/imazen-26-png-v3/9226-lilith-ai-products/beauty/9323_gen_products-beauty_veraloe-after-sun-aloe-gel_p0094_1024x1536.sdr.png	1		0
9324	9226-lilith-ai-products/beauty/9324_gen_products-beauty_veraloe-brand-set_flat_p0095_1536x1024.png	https://codec-corpus.r2.imazen.org/imazen-26-png-v3/9226-lilith-ai-products/beauty/9324_gen_products-beauty_veraloe-brand-set_flat_p0095_1536x1024.sdr.png	1		0
9325	9226-lilith-ai-products/beauty/9325_gen_products-beauty_veraloe-nourishing-hand-cream_p0096_1024x1024.png	https://codec-corpus.r2.imazen.org/imazen-26-png-v3/9226-lilith-ai-products/beauty/9325_gen_products-beauty_veraloe-nourishing-hand-cream_p0096_1024x1024.sdr.png	1		0
9326	9226-lilith-ai-products/beauty/9326_gen_products-beauty_veraloe-whipped-body-butter_p0097_1024x1024.png	https://codec-corpus.r2.imazen.org/imazen-26-png-v3/9226-lilith-ai-products/beauty/9326_gen_products-beauty_veraloe-whipped-body-butter_p0097_1024x1024.sdr.png	1		0
9327	9226-lilith-ai-products/beverages/9327_gen_products-beverages_blackpine-cold-brew-can_p0098_1024x1536.png	https://codec-corpus.r2.imazen.org/imazen-26-png-v3/9226-lilith-ai-products/beverages/9327_gen_products-beverages_blackpine-cold-brew-can_p0098_1024x1536.sdr.png	1		0
9328	9226-lilith-ai-products/beverages/9328_gen_products-beverages_blackpine-vanilla-latte-canned-coffee_p0099_1024x1536.png	https://codec-corpus.r2.imazen.org/imazen-26-png-v3/9226-lilith-ai-products/beverages/9328_gen_products-beverages_blackpine-vanilla-latte-canned-coffee_p0099_1024x1536.sdr.png	1		0
9329	9226-lilith-ai-products/beverages/9329_gen_products-beverages_citrine-grapefruit-sparkling-water-can_p0100_1024x1536.png	https://codec-corpus.r2.imazen.org/imazen-26-png-v3/9226-lilith-ai-products/beverages/9329_gen_products-beverages_citrine-grapefruit-sparkling-water-can_p0100_1024x1536.sdr.png	1		0
9330	9226-lilith-ai-products/beverages/9330_gen_products-beverages_citrine-spring-water-bottle_p0101_1024x1536.png	https://codec-corpus.r2.imazen.org/imazen-26-png-v3/9226-lilith-ai-products/beverages/9330_gen_products-beverages_citrine-spring-water-bottle_p0101_1024x1536.sdr.png	1		0
9331	9226-lilith-ai-products/beverages/9331_gen_products-beverages_drypine-classic-tonic-water-bottle_p0102_1024x1536.png	https://codec-corpus.r2.imazen.org/imazen-26-png-v3/9226-lilith-ai-products/beverages/9331_gen_products-beverages_drypine-classic-tonic-water-bottle_p0102_1024x1536.sdr.png	1		0
9332	9226-lilith-ai-products/beverages/9332_gen_products-beverages_drypine-club-soda-mixer-can_p0103_1024x1536.png	https://codec-corpus.r2.imazen.org/imazen-26-png-v3/9226-lilith-ai-products/beverages/9332_gen_products-beverages_drypine-club-soda-mixer-can_p0103_1024x1536.sdr.png	1		0
9333	9226-lilith-ai-products/beverages/9333_gen_products-beverages_fieldfuel-blue-raspberry-sports-drink-bottle_p0104_1024x1536.png	https://codec-corpus.r2.imazen.org/imazen-26-png-v3/9226-lilith-ai-products/beverages/9333_gen_products-beverages_fieldfuel-blue-raspberry-sports-drink-bottle_p0104_1024x1536.sdr.png	1		0
9334	9226-lilith-ai-products/beverages/9334_gen_products-beverages_fizzwell-cola-soda-can_p0105_1024x1536.png	https://codec-corpus.r2.imazen.org/imazen-26-png-v3/9226-lilith-ai-products/beverages/9334_gen_products-beverages_fizzwell-cola-soda-can_p0105_1024x1536.sdr.png	1		0
9335	9226-lilith-ai-products/beverages/9335_gen_products-beverages_greenmeadow-mango-smoothie-bottle_p0106_1024x1536.png	https://codec-corpus.r2.imazen.org/imazen-26-png-v3/9226-lilith-ai-products/beverages/9335_gen_products-beverages_greenmeadow-mango-smoothie-bottle_p0106_1024x1536.sdr.png	1		0
9336	9226-lilith-ai-products/beverages/9336_gen_products-beverages_harvest-lane-black-cherry-hard-seltzer-can_p0107_1024x1536.png	https://codec-corpus.r2.imazen.org/imazen-26-png-v3/9226-lilith-ai-products/beverages/9336_gen_products-beverages_harvest-lane-black-cherry-hard-seltzer-can_p0107_1024x1536.sdr.png	1		0
9337	9226-lilith-ai-products/beverages/9337_gen_products-beverages_ironhart-amber-lager-bottle_p0108_1024x1536.png	https://codec-corpus.r2.imazen.org/imazen-26-png-v3/9226-lilith-ai-products/beverages/9337_gen_products-beverages_ironhart-amber-lager-bottle_p0108_1024x1536.sdr.png	1		0
9338	9226-lilith-ai-products/beverages/9338_gen_products-beverages_ironhart-citra-ipa-craft-beer-can_p0109_1024x1536.png	https://codec-corpus.r2.imazen.org/imazen-26-png-v3/9226-lilith-ai-products/beverages/9338_gen_products-beverages_ironhart-citra-ipa-craft-beer-can_p0109_1024x1536.sdr.png	1		0
9339	9226-lilith-ai-products/beverages/9339_gen_products-beverages_lumiera-prosecco-bottle_p0110_1024x1536.png	https://codec-corpus.r2.imazen.org/imazen-26-png-v3/9226-lilith-ai-products/beverages/9339_gen_products-beverages_lumiera-prosecco-bottle_p0110_1024x1536.sdr.png	1		0
9340	9226-lilith-ai-products/beverages/9340_gen_products-beverages_meadowmilk-almond-milk-bottle_p0111_1024x1536.png	https://codec-corpus.r2.imazen.org/imazen-26-png-v3/9226-lilith-ai-products/beverages/9340_gen_products-beverages_meadowmilk-almond-milk-bottle_p0111_1024x1536.sdr.png	1		0
9341	9226-lilith-ai-products/beverages/9341_gen_products-beverages_meadowmilk-oat-milk-carton_p0112_1024x1536.png	https://codec-corpus.r2.imazen.org/imazen-26-png-v3/9226-lilith-ai-products/beverages/9341_gen_products-beverages_meadowmilk-oat-milk-carton_p0112_1024x1536.sdr.png	1		0
9342	9226-lilith-ai-products/beverages/9342_gen_products-beverages_meadowmilk-vanilla-oat-milk-carton_p0113_1024x1536.png	https://codec-corpus.r2.imazen.org/imazen-26-png-v3/9226-lilith-ai-products/beverages/9342_gen_products-beverages_meadowmilk-vanilla-oat-milk-carton_p0113_1024x1536.sdr.png	1		0
9343	9226-lilith-ai-products/beverages/9343_gen_products-beverages_mossfield-peach-iced-tea-bottle_p0114_1024x1536.png	https://codec-corpus.r2.imazen.org/imazen-26-png-v3/9226-lilith-ai-products/beverages/9343_gen_products-beverages_mossfield-peach-iced-tea-bottle_p0114_1024x1536.sdr.png	1		0
9344	9226-lilith-ai-products/beverages/9344_gen_products-beverages_orchardmark-cloudy-apple-juice-bottle_p0115_1024x1536.png	https://codec-corpus.r2.imazen.org/imazen-26-png-v3/9226-lilith-ai-products/beverages/9344_gen_products-beverages_orchardmark-cloudy-apple-juice-bottle_p0115_1024x1536.sdr.png	1		0
9345	9226-lilith-ai-products/beverages/9345_gen_products-beverages_pulsewater-watermelon-electrolyte-bottle_p0116_1024x1536.png	https://codec-corpus.r2.imazen.org/imazen-26-png-v3/9226-lilith-ai-products/beverages/9345_gen_products-beverages_pulsewater-watermelon-electrolyte-bottle_p0116_1024x1536.sdr.png	1		0
9346	9226-lilith-ai-products/beverages/9346_gen_products-beverages_sunpitcher-classic-lemonade-carton_p0117_1024x1536.png	https://codec-corpus.r2.imazen.org/imazen-26-png-v3/9226-lilith-ai-products/beverages/9346_gen_products-beverages_sunpitcher-classic-lemonade-carton_p0117_1024x1536.sdr.png	1		0
9347	9226-lilith-ai-products/beverages/9347_gen_products-beverages_valdimora-cabernet-red-wine-bottle_p0118_1024x1536.png	https://codec-corpus.r2.imazen.org/imazen-26-png-v3/9226-lilith-ai-products/beverages/9347_gen_products-beverages_valdimora-cabernet-red-wine-bottle_p0118_1024x1536.sdr.png	1		0
9348	9226-lilith-ai-products/beverages/9348_gen_products-beverages_valdimora-sauvignon-blanc-white-wine-bottle_p0119_1024x1536.png	https://codec-corpus.r2.imazen.org/imazen-26-png-v3/9226-lilith-ai-products/beverages/9348_gen_products-beverages_valdimora-sauvignon-blanc-white-wine-bottle_p0119_1024x1536.sdr.png	1		0
9349	9226-lilith-ai-products/beverages/9349_gen_products-beverages_voltbeam-tropical-energy-drink-can_p0120_1024x1536.png	https://codec-corpus.r2.imazen.org/imazen-26-png-v3/9226-lilith-ai-products/beverages/9349_gen_products-beverages_voltbeam-tropical-energy-drink-can_p0120_1024x1536.sdr.png	1		0
9350	9226-lilith-ai-products/beverages/9350_gen_products-beverages_wildferment-ginger-beer-bottle_p0121_1024x1536.png	https://codec-corpus.r2.imazen.org/imazen-26-png-v3/9226-lilith-ai-products/beverages/9350_gen_products-beverages_wildferment-ginger-beer-bottle_p0121_1024x1536.sdr.png	1		0
9351	9226-lilith-ai-products/beverages/9351_gen_products-beverages_wildferment-ginger-kombucha-bottle_p0122_1024x1536.png	https://codec-corpus.r2.imazen.org/imazen-26-png-v3/9226-lilith-ai-products/beverages/9351_gen_products-beverages_wildferment-ginger-kombucha-bottle_p0122_1024x1536.sdr.png	1		0
9352	9226-lilith-ai-products/clothing/fabric-textures/9352_gen_products-clothing-fabric-textures_swatch-buffalo-check-flannel_p0123_2048x2048.png	https://codec-corpus.r2.imazen.org/imazen-26-png-v3/9226-lilith-ai-products/clothing/fabric-textures/9352_gen_products-clothing-fabric-textures_swatch-buffalo-check-flannel_p0123_2048x2048.sdr.png	1		0
9353	9226-lilith-ai-products/clothing/fabric-textures/9353_gen_products-clothing-fabric-textures_swatch-rust-ripstop-nylon_p0124_4096x4096.jpg	https://codec-corpus.r2.imazen.org/imazen-26-png-v3/9226-lilith-ai-products/clothing/fabric-textures/9353_gen_products-clothing-fabric-textures_swatch-rust-ripstop-nylon_p0124_4096x4096.sdr.png	1		0
9354	9226-lilith-ai-products/clothing/fabric-textures/9354_gen_products-clothing-fabric-textures_swatch-tan-full-grain-leather_p0125_4096x4096.jpg	https://codec-corpus.r2.imazen.org/imazen-26-png-v3/9226-lilith-ai-products/clothing/fabric-textures/9354_gen_products-clothing-fabric-textures_swatch-tan-full-grain-leather_p0125_4096x4096.sdr.png	1		0
9355	9226-lilith-ai-products/clothing/fabric-textures/9355_gen_products-clothing-fabric-textures_swatch-teal-merino-ribbed_p0126_4096x4096.jpg	https://codec-corpus.r2.imazen.org/imazen-26-png-v3/9226-lilith-ai-products/clothing/fabric-textures/9355_gen_products-clothing-fabric-textures_swatch-teal-merino-ribbed_p0126_4096x4096.sdr.png	1		0
9356	9226-lilith-ai-products/clothing/fabric-textures/9356_gen_products-clothing-fabric-textures_texture-emerald-velvet_detail_p0127_3840x2160.png	https://codec-corpus.r2.imazen.org/imazen-26-png-v3/9226-lilith-ai-products/clothing/fabric-textures/9356_gen_products-clothing-fabric-textures_texture-emerald-velvet_detail_p0127_3840x2160.sdr.png	1		0
9357	9226-lilith-ai-products/clothing/fabric-textures/9357_gen_products-clothing-fabric-textures_texture-magenta-leopard-sequin_detail_p0128_3840x2160.png	https://codec-corpus.r2.imazen.org/imazen-26-png-v3/9226-lilith-ai-products/clothing/fabric-textures/9357_gen_products-clothing-fabric-textures_texture-magenta-leopard-sequin_detail_p0128_3840x2160.sdr.png	1		0
9358	9226-lilith-ai-products/clothing/fabric-textures/9358_gen_products-clothing-fabric-textures_texture-white-faux-fur_detail_p0129_3840x2160.png	https://codec-corpus.r2.imazen.org/imazen-26-png-v3/9226-lilith-ai-products/clothing/fabric-textures/9358_gen_products-clothing-fabric-textures_texture-white-faux-fur_detail_p0129_3840x2160.sdr.png	1		0
9359	9226-lilith-ai-products/clothing/kids/9359_gen_products-clothing-kids_baby-onmodel-overalls-walking-smile_onmodel_p0130_1024x1536.png	https://codec-corpus.r2.imazen.org/imazen-26-png-v3/9226-lilith-ai-products/clothing/kids/9359_gen_products-clothing-kids_baby-onmodel-overalls-walking-smile_onmodel_p0130_1024x1536.sdr.png	1		0
9360	9226-lilith-ai-products/clothing/kids/9360_gen_products-clothing-kids_baby-overalls-denim-light-wash_flat_p0131_1024x1536.png	https://codec-corpus.r2.imazen.org/imazen-26-png-v3/9226-lilith-ai-products/clothing/kids/9360_gen_products-clothing-kids_baby-overalls-denim-light-wash_flat_p0131_1024x1536.sdr.png	1		0
9361	9226-lilith-ai-products/clothing/kids/9361_gen_products-clothing-kids_footwear-kids-velcro-sneaker-coral_p0132_1536x1024.png	https://codec-corpus.r2.imazen.org/imazen-26-png-v3/9226-lilith-ai-products/clothing/kids/9361_gen_products-clothing-kids_footwear-kids-velcro-sneaker-coral_p0132_1536x1024.sdr.png	1		0
9362	9226-lilith-ai-products/clothing/kids/9362_gen_products-clothing-kids_footwear-womens-ballet-flat-blush_p0133_1536x1024.png	https://codec-corpus.r2.imazen.org/imazen-26-png-v3/9226-lilith-ai-products/clothing/kids/9362_gen_products-clothing-kids_footwear-womens-ballet-flat-blush_p0133_1536x1024.sdr.png	1		0
9363	9226-lilith-ai-products/clothing/kids/9363_gen_products-clothing-kids_baby-romper_flat_p0134_1024x1024.png	https://codec-corpus.r2.imazen.org/imazen-26-png-v3/9226-lilith-ai-products/clothing/kids/9363_gen_products-clothing-kids_baby-romper_flat_p0134_1024x1024.sdr.png	1		0
9364	9226-lilith-ai-products/clothing/kids/9364_gen_products-clothing-kids_bomber-jacket-teal_ghost_p0135_1024x1536.png	https://codec-corpus.r2.imazen.org/imazen-26-png-v3/9226-lilith-ai-products/clothing/kids/9364_gen_products-clothing-kids_bomber-jacket-teal_ghost_p0135_1024x1536.sdr.png	1		0
9365	9226-lilith-ai-products/clothing/kids/9365_gen_products-clothing-kids_cardigan-blush_onmodel_p0136_1024x1536.png	https://codec-corpus.r2.imazen.org/imazen-26-png-v3/9226-lilith-ai-products/clothing/kids/9365_gen_products-clothing-kids_cardigan-blush_onmodel_p0136_1024x1536.sdr.png	1		0
9366	9226-lilith-ai-products/clothing/kids/9366_gen_products-clothing-kids_cherry-print-overalls_onmodel_p0137_1024x1536.png	https://codec-corpus.r2.imazen.org/imazen-26-png-v3/9226-lilith-ai-products/clothing/kids/9366_gen_products-clothing-kids_cherry-print-overalls_onmodel_p0137_1024x1536.sdr.png	1		0
9367	9226-lilith-ai-products/clothing/kids/9367_gen_products-clothing-kids_citrus-rain-jacket_ghost_p0138_1024x1536.png	https://codec-corpus.r2.imazen.org/imazen-26-png-v3/9226-lilith-ai-products/clothing/kids/9367_gen_products-clothing-kids_citrus-rain-jacket_ghost_p0138_1024x1536.sdr.png	1		0
9368	9226-lilith-ai-products/clothing/kids/9368_gen_products-clothing-kids_denim-overalls-mid-wash_onmodel_p0139_3072x5504.jpg	https://codec-corpus.r2.imazen.org/imazen-26-png-v3/9226-lilith-ai-products/clothing/kids/9368_gen_products-clothing-kids_denim-overalls-mid-wash_onmodel_p0139_3072x5504.sdr.png	1		0
9369	9226-lilith-ai-products/clothing/kids/9369_gen_products-clothing-kids_dino-pajama-set_flat_p0140_1536x1024.png	https://codec-corpus.r2.imazen.org/imazen-26-png-v3/9226-lilith-ai-products/clothing/kids/9369_gen_products-clothing-kids_dino-pajama-set_flat_p0140_1536x1024.sdr.png	1		0
9370	9226-lilith-ai-products/clothing/kids/9370_gen_products-clothing-kids_dress-corduroy_onmodel_p0141_1024x1536.png	https://codec-corpus.r2.imazen.org/imazen-26-png-v3/9226-lilith-ai-products/clothing/kids/9370_gen_products-clothing-kids_dress-corduroy_onmodel_p0141_1024x1536.sdr.png	1		0
9371	9226-lilith-ai-products/clothing/kids/9371_gen_products-clothing-kids_flannel-shirt_ghost_p0142_1024x1536.png	https://codec-corpus.r2.imazen.org/imazen-26-png-v3/9226-lilith-ai-products/clothing/kids/9371_gen_products-clothing-kids_flannel-shirt_ghost_p0142_1024x1536.sdr.png	1		0
9372	9226-lilith-ai-products/clothing/kids/9372_gen_products-clothing-kids_floral-dress_onmodel_p0143_1024x1536.png	https://codec-corpus.r2.imazen.org/imazen-26-png-v3/9226-lilith-ai-products/clothing/kids/9372_gen_products-clothing-kids_floral-dress_onmodel_p0143_1024x1536.sdr.png	1		0
9373	9226-lilith-ai-products/clothing/kids/9373_gen_products-clothing-kids_graphic-tee-space_p0144_1024x1024.png	https://codec-corpus.r2.imazen.org/imazen-26-png-v3/9226-lilith-ai-products/clothing/kids/9373_gen_products-clothing-kids_graphic-tee-space_p0144_1024x1024.sdr.png	1		0
9374	9226-lilith-ai-products/clothing/kids/9374_gen_products-clothing-kids_hoodie-zip-yellow_onmodel_p0145_1024x1536.png	https://codec-corpus.r2.imazen.org/imazen-26-png-v3/9226-lilith-ai-products/clothing/kids/9374_gen_products-clothing-kids_hoodie-zip-yellow_onmodel_p0145_1024x1536.sdr.png	1		0
9375	9226-lilith-ai-products/clothing/kids/9375_gen_products-clothing-kids_jeans_flat_p0146_1024x1536.png	https://codec-corpus.r2.imazen.org/imazen-26-png-v3/9226-lilith-ai-products/clothing/kids/9375_gen_products-clothing-kids_jeans_flat_p0146_1024x1536.sdr.png	1		0
9376	9226-lilith-ai-products/clothing/kids/9376_gen_products-clothing-kids_joggers-gray_flat_p0147_1024x1024.png	https://codec-corpus.r2.imazen.org/imazen-26-png-v3/9226-lilith-ai-products/clothing/kids/9376_gen_products-clothing-kids_joggers-gray_flat_p0147_1024x1024.sdr.png	1		0
9377	9226-lilith-ai-products/clothing/kids/9377_gen_products-clothing-kids_leggings-coral_flat_p0148_1024x1024.png	https://codec-corpus.r2.imazen.org/imazen-26-png-v3/9226-lilith-ai-products/clothing/kids/9377_gen_products-clothing-kids_leggings-coral_flat_p0148_1024x1024.sdr.png	1		0
9378	9226-lilith-ai-products/clothing/kids/9378_gen_products-clothing-kids_magenta-tutu-dress_onmodel_p0149_1024x1536.png	https://codec-corpus.r2.imazen.org/imazen-26-png-v3/9226-lilith-ai-products/clothing/kids/9378_gen_products-clothing-kids_magenta-tutu-dress_onmodel_p0149_1024x1536.sdr.png	1		0
9379	9226-lilith-ai-products/clothing/kids/9379_gen_products-clothing-kids_onesie-baby_flat_p0150_1024x1024.png	https://codec-corpus.r2.imazen.org/imazen-26-png-v3/9226-lilith-ai-products/clothing/kids/9379_gen_products-clothing-kids_onesie-baby_flat_p0150_1024x1024.sdr.png	1		0
9380	9226-lilith-ai-products/clothing/kids/9380_gen_products-clothing-kids_overall-toddler_ghost_p0151_1024x1536.png	https://codec-corpus.r2.imazen.org/imazen-26-png-v3/9226-lilith-ai-products/clothing/kids/9380_gen_products-clothing-kids_overall-toddler_ghost_p0151_1024x1536.sdr.png	1		0
9381	9226-lilith-ai-products/clothing/kids/9381_gen_products-clothing-kids_pajama-cloud_flat_p0152_1536x1024.png	https://codec-corpus.r2.imazen.org/imazen-26-png-v3/9226-lilith-ai-products/clothing/kids/9381_gen_products-clothing-kids_pajama-cloud_flat_p0152_1536x1024.sdr.png	1		0
9382	9226-lilith-ai-products/clothing/kids/9382_gen_products-clothing-kids_puffer-vest_ghost_p0153_1024x1536.png	https://codec-corpus.r2.imazen.org/imazen-26-png-v3/9226-lilith-ai-products/clothing/kids/9382_gen_products-clothing-kids_puffer-vest_ghost_p0153_1024x1536.sdr.png	1		0
9383	9226-lilith-ai-products/clothing/kids/9383_gen_products-clothing-kids_rainbow-graphic-tee-set_flat_p0154_4096x4096.jpg	https://codec-corpus.r2.imazen.org/imazen-26-png-v3/9226-lilith-ai-products/clothing/kids/9383_gen_products-clothing-kids_rainbow-graphic-tee-set_flat_p0154_4096x4096.sdr.png	1		0
9384	9226-lilith-ai-products/clothing/kids/9384_gen_products-clothing-kids_rainbow-tee_p0155_2160x3840.png	https://codec-corpus.r2.imazen.org/imazen-26-png-v3/9226-lilith-ai-products/clothing/kids/9384_gen_products-clothing-kids_rainbow-tee_p0155_2160x3840.sdr.png	1		0
9385	9226-lilith-ai-products/clothing/kids/9385_gen_products-clothing-kids_rainbow-tee-set_flat_p0156_1536x1024.png	https://codec-corpus.r2.imazen.org/imazen-26-png-v3/9226-lilith-ai-products/clothing/kids/9385_gen_products-clothing-kids_rainbow-tee-set_flat_p0156_1536x1024.sdr.png	1		0
9386	9226-lilith-ai-products/clothing/kids/9386_gen_products-clothing-kids_romper-summer_ghost_p0157_1024x1536.png	https://codec-corpus.r2.imazen.org/imazen-26-png-v3/9226-lilith-ai-products/clothing/kids/9386_gen_products-clothing-kids_romper-summer_ghost_p0157_1024x1536.sdr.png	1		0
9387	9226-lilith-ai-products/clothing/kids/9387_gen_products-clothing-kids_shorts-cargo_flat_p0158_1024x1024.png	https://codec-corpus.r2.imazen.org/imazen-26-png-v3/9226-lilith-ai-products/clothing/kids/9387_gen_products-clothing-kids_shorts-cargo_flat_p0158_1024x1024.sdr.png	1		0
9388	9226-lilith-ai-products/clothing/kids/9388_gen_products-clothing-kids_skirt-tulle_onmodel_p0159_1024x1536.png	https://codec-corpus.r2.imazen.org/imazen-26-png-v3/9226-lilith-ai-products/clothing/kids/9388_gen_products-clothing-kids_skirt-tulle_onmodel_p0159_1024x1536.sdr.png	1		0
9389	9226-lilith-ai-products/clothing/kids/9389_gen_products-clothing-kids_sneaker-canvas_flat_p0160_1024x1024.png	https://codec-corpus.r2.imazen.org/imazen-26-png-v3/9226-lilith-ai-products/clothing/kids/9389_gen_products-clothing-kids_sneaker-canvas_flat_p0160_1024x1024.sdr.png	1		0
9390	9226-lilith-ai-products/clothing/kids/9390_gen_products-clothing-kids_tee-graphic-truck_p0161_1024x1024.png	https://codec-corpus.r2.imazen.org/imazen-26-png-v3/9226-lilith-ai-products/clothing/kids/9390_gen_products-clothing-kids_tee-graphic-truck_p0161_1024x1024.sdr.png	1		0
9391	9226-lilith-ai-products/clothing/kids/9391_gen_products-clothing-kids_tshirt-stripe_onmodel_p0162_1024x1536.png	https://codec-corpus.r2.imazen.org/imazen-26-png-v3/9226-lilith-ai-products/clothing/kids/9391_gen_products-clothing-kids_tshirt-stripe_onmodel_p0162_1024x1536.sdr.png	1		0
9392	9226-lilith-ai-products/clothing/kids/9392_gen_products-clothing-kids_tutu_onmodel_p0163_1024x1536.png	https://codec-corpus.r2.imazen.org/imazen-26-png-v3/9226-lilith-ai-products/clothing/kids/9392_gen_products-clothing-kids_tutu_onmodel_p0163_1024x1536.sdr.png	1		0
9393	9226-lilith-ai-products/clothing/kids/9393_gen_products-clothing-kids_twopiece-set-stripe_flat_p0164_1536x1024.png	https://codec-corpus.r2.imazen.org/imazen-26-png-v3/9226-lilith-ai-products/clothing/kids/9393_gen_products-clothing-kids_twopiece-set-stripe_flat_p0164_1536x1024.sdr.png	1		0
9394	9226-lilith-ai-products/clothing/mens/9394_gen_products-clothing-mens_cobalt-satin-bomber_p0165_2160x3840.png	https://codec-corpus.r2.imazen.org/imazen-26-png-v3/9226-lilith-ai-products/clothing/mens/9394_gen_products-clothing-mens_cobalt-satin-bomber_p0165_2160x3840.sdr.png	1		0
9395	9226-lilith-ai-products/clothing/mens/9395_gen_products-clothing-mens_electric-purple-cargo-co-ord_onmodel_p0166_2160x3840.png	https://codec-corpus.r2.imazen.org/imazen-26-png-v3/9226-lilith-ai-products/clothing/mens/9395_gen_products-clothing-mens_electric-purple-cargo-co-ord_onmodel_p0166_2160x3840.sdr.png	1		0
9396	9226-lilith-ai-products/clothing/mens/9396_gen_products-clothing-mens_grid-fleece-quarter-zip_p0167_2160x3840.png	https://codec-corpus.r2.imazen.org/imazen-26-png-v3/9226-lilith-ai-products/clothing/mens/9396_gen_products-clothing-mens_grid-fleece-quarter-zip_p0167_2160x3840.sdr.png	1		0
9397	9226-lilith-ai-products/clothing/mens/9397_gen_products-clothing-mens_lime-satin-bomber-jacket_ghost_p0168_1024x1536.png	https://codec-corpus.r2.imazen.org/imazen-26-png-v3/9226-lilith-ai-products/clothing/mens/9397_gen_products-clothing-mens_lime-satin-bomber-jacket_ghost_p0168_1024x1536.sdr.png	1		0
9398	9226-lilith-ai-products/clothing/mens/9398_gen_products-clothing-mens_bomber-jacket_ghost_p0169_1024x1536.png	https://codec-corpus.r2.imazen.org/imazen-26-png-v3/9226-lilith-ai-products/clothing/mens/9398_gen_products-clothing-mens_bomber-jacket_ghost_p0169_1024x1536.sdr.png	1		0
9399	9226-lilith-ai-products/clothing/mens/9399_gen_products-clothing-mens_canvas-belt_flat_p0170_1536x1024.png	https://codec-corpus.r2.imazen.org/imazen-26-png-v3/9226-lilith-ai-products/clothing/mens/9399_gen_products-clothing-mens_canvas-belt_flat_p0170_1536x1024.sdr.png	1		0
9400	9226-lilith-ai-products/clothing/mens/9400_gen_products-clothing-mens_cap-five-panel_flat_p0171_1024x1024.png	https://codec-corpus.r2.imazen.org/imazen-26-png-v3/9226-lilith-ai-products/clothing/mens/9400_gen_products-clothing-mens_cap-five-panel_flat_p0171_1024x1024.sdr.png	1		0
9401	9226-lilith-ai-products/clothing/mens/9401_gen_products-clothing-mens_chambray-shirt_flat_p0172_1024x1024.png	https://codec-corpus.r2.imazen.org/imazen-26-png-v3/9226-lilith-ai-products/clothing/mens/9401_gen_products-clothing-mens_chambray-shirt_flat_p0172_1024x1024.sdr.png	1		0
9402	9226-lilith-ai-products/clothing/mens/9402_gen_products-clothing-mens_charcoal-pleated-trouser_ghost_p0173_1024x1536.png	https://codec-corpus.r2.imazen.org/imazen-26-png-v3/9226-lilith-ai-products/clothing/mens/9402_gen_products-clothing-mens_charcoal-pleated-trouser_ghost_p0173_1024x1536.sdr.png	1		0
9403	9226-lilith-ai-products/clothing/mens/9403_gen_products-clothing-mens_chino-pant_ghost_p0174_1024x1536.png	https://codec-corpus.r2.imazen.org/imazen-26-png-v3/9226-lilith-ai-products/clothing/mens/9403_gen_products-clothing-mens_chino-pant_ghost_p0174_1024x1536.sdr.png	1		0
9404	9226-lilith-ai-products/clothing/mens/9404_gen_products-clothing-mens_denim-jacket_ghost_p0175_1024x1536.png	https://codec-corpus.r2.imazen.org/imazen-26-png-v3/9226-lilith-ai-products/clothing/mens/9404_gen_products-clothing-mens_denim-jacket_ghost_p0175_1024x1536.sdr.png	1		0
9405	9226-lilith-ai-products/clothing/mens/9405_gen_products-clothing-mens_flannel-shirt_onmodel_p0176_1024x1536.png	https://codec-corpus.r2.imazen.org/imazen-26-png-v3/9226-lilith-ai-products/clothing/mens/9405_gen_products-clothing-mens_flannel-shirt_onmodel_p0176_1024x1536.sdr.png	1		0
9406	9226-lilith-ai-products/clothing/mens/9406_gen_products-clothing-mens_graphic-tee-mountain_p0177_1024x1536.png	https://codec-corpus.r2.imazen.org/imazen-26-png-v3/9226-lilith-ai-products/clothing/mens/9406_gen_products-clothing-mens_graphic-tee-mountain_p0177_1024x1536.sdr.png	1		0
9407	9226-lilith-ai-products/clothing/mens/9407_gen_products-clothing-mens_graphic-tee-zine_p0178_1024x1536.png	https://codec-corpus.r2.imazen.org/imazen-26-png-v3/9226-lilith-ai-products/clothing/mens/9407_gen_products-clothing-mens_graphic-tee-zine_p0178_1024x1536.sdr.png	1		0
9408	9226-lilith-ai-products/clothing/mens/9408_gen_products-clothing-mens_heather-gray-tee_onmodel_p0179_1024x1536.png	https://codec-corpus.r2.imazen.org/imazen-26-png-v3/9226-lilith-ai-products/clothing/mens/9408_gen_products-clothing-mens_heather-gray-tee_onmodel_p0179_1024x1536.sdr.png	1		0
9409	9226-lilith-ai-products/clothing/mens/9409_gen_products-clothing-mens_henley-shirt_flat_p0180_1024x1024.png	https://codec-corpus.r2.imazen.org/imazen-26-png-v3/9226-lilith-ai-products/clothing/mens/9409_gen_products-clothing-mens_henley-shirt_flat_p0180_1024x1024.sdr.png	1		0
9410	9226-lilith-ai-products/clothing/mens/9410_gen_products-clothing-mens_hoodie-sage_onmodel_p0181_1024x1536.png	https://codec-corpus.r2.imazen.org/imazen-26-png-v3/9226-lilith-ai-products/clothing/mens/9410_gen_products-clothing-mens_hoodie-sage_onmodel_p0181_1024x1536.sdr.png	1		0
9411	9226-lilith-ai-products/clothing/mens/9411_gen_products-clothing-mens_jogger-pant_flat_p0182_1536x1024.png	https://codec-corpus.r2.imazen.org/imazen-26-png-v3/9226-lilith-ai-products/clothing/mens/9411_gen_products-clothing-mens_jogger-pant_flat_p0182_1536x1024.sdr.png	1		0
9412	9226-lilith-ai-products/clothing/mens/9412_gen_products-clothing-mens_marled-merino-crewneck_ghost_p0183_1024x1536.png	https://codec-corpus.r2.imazen.org/imazen-26-png-v3/9226-lilith-ai-products/clothing/mens/9412_gen_products-clothing-mens_marled-merino-crewneck_ghost_p0183_1024x1536.sdr.png	1		0
9413	9226-lilith-ai-products/clothing/mens/9413_gen_products-clothing-mens_navy-pique-polo_flat_p0184_1024x1024.png	https://codec-corpus.r2.imazen.org/imazen-26-png-v3/9226-lilith-ai-products/clothing/mens/9413_gen_products-clothing-mens_navy-pique-polo_flat_p0184_1024x1024.sdr.png	1		0
9414	9226-lilith-ai-products/clothing/mens/9414_gen_products-clothing-mens_olive-cargo-shorts_flat_p0185_1024x1536.png	https://codec-corpus.r2.imazen.org/imazen-26-png-v3/9226-lilith-ai-products/clothing/mens/9414_gen_products-clothing-mens_olive-cargo-shorts_flat_p0185_1024x1536.sdr.png	1		0
9415	9226-lilith-ai-products/clothing/mens/9415_gen_products-clothing-mens_overshirt-olive_ghost_p0186_1024x1536.png	https://codec-corpus.r2.imazen.org/imazen-26-png-v3/9226-lilith-ai-products/clothing/mens/9415_gen_products-clothing-mens_overshirt-olive_ghost_p0186_1024x1536.sdr.png	1		0
9416	9226-lilith-ai-products/clothing/mens/9416_gen_products-clothing-mens_oxford-shirt_flat_p0187_1024x1024.png	https://codec-corpus.r2.imazen.org/imazen-26-png-v3/9226-lilith-ai-products/clothing/mens/9416_gen_products-clothing-mens_oxford-shirt_flat_p0187_1024x1024.sdr.png	1		0
9417	9226-lilith-ai-products/clothing/mens/9417_gen_products-clothing-mens_poppy-swim-trunks_flat_p0188_1024x1536.png	https://codec-corpus.r2.imazen.org/imazen-26-png-v3/9226-lilith-ai-products/clothing/mens/9417_gen_products-clothing-mens_poppy-swim-trunks_flat_p0188_1024x1536.sdr.png	1		0
9418	9226-lilith-ai-products/clothing/mens/9418_gen_products-clothing-mens_quarter-zip-pullover_onmodel_p0189_1024x1536.png	https://codec-corpus.r2.imazen.org/imazen-26-png-v3/9226-lilith-ai-products/clothing/mens/9418_gen_products-clothing-mens_quarter-zip-pullover_onmodel_p0189_1024x1536.sdr.png	1		0
9419	9226-lilith-ai-products/clothing/mens/9419_gen_products-clothing-mens_saffron-camp-shirt_onmodel_p0190_1024x1536.png	https://codec-corpus.r2.imazen.org/imazen-26-png-v3/9226-lilith-ai-products/clothing/mens/9419_gen_products-clothing-mens_saffron-camp-shirt_onmodel_p0190_1024x1536.sdr.png	1		0
9420	9226-lilith-ai-products/clothing/mens/9420_gen_products-clothing-mens_shorts-stripe_flat_p0191_1024x1024.png	https://codec-corpus.r2.imazen.org/imazen-26-png-v3/9226-lilith-ai-products/clothing/mens/9420_gen_products-clothing-mens_shorts-stripe_flat_p0191_1024x1024.sdr.png	1		0
9421	9226-lilith-ai-products/clothing/mens/9421_gen_products-clothing-mens_socks-stripe_flat_p0192_1024x1024.png	https://codec-corpus.r2.imazen.org/imazen-26-png-v3/9226-lilith-ai-products/clothing/mens/9421_gen_products-clothing-mens_socks-stripe_flat_p0192_1024x1024.sdr.png	1		0
9422	9226-lilith-ai-products/clothing/mens/9422_gen_products-clothing-mens_sweatshirt-crew_onmodel_p0193_1024x1536.png	https://codec-corpus.r2.imazen.org/imazen-26-png-v3/9226-lilith-ai-products/clothing/mens/9422_gen_products-clothing-mens_sweatshirt-crew_onmodel_p0193_1024x1536.sdr.png	1		0
9423	9226-lilith-ai-products/clothing/mens/9423_gen_products-clothing-mens_swim-trunk_flat_p0194_1536x1024.png	https://codec-corpus.r2.imazen.org/imazen-26-png-v3/9226-lilith-ai-products/clothing/mens/9423_gen_products-clothing-mens_swim-trunk_flat_p0194_1536x1024.sdr.png	1		0
9424	9226-lilith-ai-products/clothing/mens/9424_gen_products-clothing-mens_tee-baseball-raglan_flat_p0195_1024x1024.png	https://codec-corpus.r2.imazen.org/imazen-26-png-v3/9226-lilith-ai-products/clothing/mens/9424_gen_products-clothing-mens_tee-baseball-raglan_flat_p0195_1024x1024.sdr.png	1		0
9425	9226-lilith-ai-products/clothing/mens/9425_gen_products-clothing-mens_tee-pocket-cream_flat_p0196_1024x1024.png	https://codec-corpus.r2.imazen.org/imazen-26-png-v3/9226-lilith-ai-products/clothing/mens/9425_gen_products-clothing-mens_tee-pocket-cream_flat_p0196_1024x1024.sdr.png	1		0
9426	9226-lilith-ai-products/clothing/mens/9426_gen_products-clothing-mens_tee-summer-blue_onmodel_p0197_1024x1536.png	https://codec-corpus.r2.imazen.org/imazen-26-png-v3/9226-lilith-ai-products/clothing/mens/9426_gen_products-clothing-mens_tee-summer-blue_onmodel_p0197_1024x1536.sdr.png	1		0
9427	9226-lilith-ai-products/clothing/mens/9427_gen_products-clothing-mens_tobacco-leather-jacket_onmodel_p0198_1024x1536.png	https://codec-corpus.r2.imazen.org/imazen-26-png-v3/9226-lilith-ai-products/clothing/mens/9427_gen_products-clothing-mens_tobacco-leather-jacket_onmodel_p0198_1024x1536.sdr.png	1		0
9428	9226-lilith-ai-products/clothing/mens/9428_gen_products-clothing-mens_merino-wool-crew-socks-charcoal-teal_flat_p0199_2048x2048.png	https://codec-corpus.r2.imazen.org/imazen-26-png-v3/9226-lilith-ai-products/clothing/mens/9428_gen_products-clothing-mens_merino-wool-crew-socks-charcoal-teal_flat_p0199_2048x2048.sdr.png	1		0
9429	9226-lilith-ai-products/clothing/mens/9429_gen_products-clothing-mens_scarlet-mens-overshirt_onmodel_p0200_1024x1536.png	https://codec-corpus.r2.imazen.org/imazen-26-png-v3/9226-lilith-ai-products/clothing/mens/9429_gen_products-clothing-mens_scarlet-mens-overshirt_onmodel_p0200_1024x1536.sdr.png	1		0
9430	9226-lilith-ai-products/clothing/mens/9430_gen_products-clothing-mens_waxed-shacket_p0201_2160x3840.png	https://codec-corpus.r2.imazen.org/imazen-26-png-v3/9226-lilith-ai-products/clothing/mens/9430_gen_products-clothing-mens_waxed-shacket_p0201_2160x3840.sdr.png	1		0
9431	9226-lilith-ai-products/clothing/womens/activewear/9431_gen_products-clothing-womens-activewear_bike-short-bra-yellow_flat_p0202_1536x1024.png	https://codec-corpus.r2.imazen.org/imazen-26-png-v3/9226-lilith-ai-products/clothing/womens/activewear/9431_gen_products-clothing-womens-activewear_bike-short-bra-yellow_flat_p0202_1536x1024.sdr.png	1		0
9432	9226-lilith-ai-products/clothing/womens/activewear/9432_gen_products-clothing-womens-activewear_flare-leggings-crop-terracotta_flat_p0203_1024x1536.png	https://codec-corpus.r2.imazen.org/imazen-26-png-v3/9226-lilith-ai-products/clothing/womens/activewear/9432_gen_products-clothing-womens-activewear_flare-leggings-crop-terracotta_flat_p0203_1024x1536.sdr.png	1		0
9433	9226-lilith-ai-products/clothing/womens/activewear/9433_gen_products-clothing-womens-activewear_hoodie-jogger-set-dustyblue_flat_p0204_1536x1024.png	https://codec-corpus.r2.imazen.org/imazen-26-png-v3/9226-lilith-ai-products/clothing/womens/activewear/9433_gen_products-clothing-womens-activewear_hoodie-jogger-set-dustyblue_flat_p0204_1536x1024.sdr.png	1		0
9434	9226-lilith-ai-products/clothing/womens/activewear/9434_gen_products-clothing-womens-activewear_longsleeve-leggings-mustard_flat_p0205_1536x1024.png	https://codec-corpus.r2.imazen.org/imazen-26-png-v3/9226-lilith-ai-products/clothing/womens/activewear/9434_gen_products-clothing-womens-activewear_longsleeve-leggings-mustard_flat_p0205_1536x1024.sdr.png	1		0
9435	9226-lilith-ai-products/clothing/womens/activewear/9435_gen_products-clothing-womens-activewear_quarter-zip-leggings-teal_flat_p0206_1536x1024.png	https://codec-corpus.r2.imazen.org/imazen-26-png-v3/9226-lilith-ai-products/clothing/womens/activewear/9435_gen_products-clothing-womens-activewear_quarter-zip-leggings-teal_flat_p0206_1536x1024.sdr.png	1		0
9436	9226-lilith-ai-products/clothing/womens/activewear/9436_gen_products-clothing-womens-activewear_romper-active-sage_flat_p0207_1024x1536.png	https://codec-corpus.r2.imazen.org/imazen-26-png-v3/9226-lilith-ai-products/clothing/womens/activewear/9436_gen_products-clothing-womens-activewear_romper-active-sage_flat_p0207_1024x1536.sdr.png	1		0
9437	9226-lilith-ai-products/clothing/womens/activewear/9437_gen_products-clothing-womens-activewear_sportsbra-leggings-set-coral_flat_p0208_1536x1024.png	https://codec-corpus.r2.imazen.org/imazen-26-png-v3/9226-lilith-ai-products/clothing/womens/activewear/9437_gen_products-clothing-womens-activewear_sportsbra-leggings-set-coral_flat_p0208_1536x1024.sdr.png	1		0
9438	9226-lilith-ai-products/clothing/womens/activewear/9438_gen_products-clothing-womens-activewear_tennis-dress-cream_flat_p0209_1024x1536.png	https://codec-corpus.r2.imazen.org/imazen-26-png-v3/9226-lilith-ai-products/clothing/womens/activewear/9438_gen_products-clothing-womens-activewear_tennis-dress-cream_flat_p0209_1024x1536.sdr.png	1		0
9439	9226-lilith-ai-products/clothing/womens/activewear/9439_gen_products-clothing-womens-activewear_windbreaker-shorts-coral_flat_p0210_1536x1024.png	https://codec-corpus.r2.imazen.org/imazen-26-png-v3/9226-lilith-ai-products/clothing/womens/activewear/9439_gen_products-clothing-womens-activewear_windbreaker-shorts-coral_flat_p0210_1536x1024.sdr.png	1		0
9440	9226-lilith-ai-products/clothing/womens/activewear/9440_gen_products-clothing-womens-activewear_bike-shorts-bra-yellow_onmodel_p0202_1024x1536.png	https://codec-corpus.r2.imazen.org/imazen-26-png-v3/9226-lilith-ai-products/clothing/womens/activewear/9440_gen_products-clothing-womens-activewear_bike-shorts-bra-yellow_onmodel_p0202_1024x1536.sdr.png	1		0
9441	9226-lilith-ai-products/clothing/womens/activewear/9441_gen_products-clothing-womens-activewear_crop-hoodie-flare-cream_onmodel_p0212_1024x1536.png	https://codec-corpus.r2.imazen.org/imazen-26-png-v3/9226-lilith-ai-products/clothing/womens/activewear/9441_gen_products-clothing-womens-activewear_crop-hoodie-flare-cream_onmodel_p0212_1024x1536.sdr.png	1		0
9442	9226-lilith-ai-products/clothing/womens/activewear/9442_gen_products-clothing-womens-activewear_flare-leggings-terracotta_onmodel_p0203_1024x1536.png	https://codec-corpus.r2.imazen.org/imazen-26-png-v3/9226-lilith-ai-products/clothing/womens/activewear/9442_gen_products-clothing-womens-activewear_flare-leggings-terracotta_onmodel_p0203_1024x1536.sdr.png	1		0
9443	9226-lilith-ai-products/clothing/womens/activewear/9443_gen_products-clothing-womens-activewear_hoodie-jogger-dustyblue_onmodel_p0204_1024x1536.png	https://codec-corpus.r2.imazen.org/imazen-26-png-v3/9226-lilith-ai-products/clothing/womens/activewear/9443_gen_products-clothing-womens-activewear_hoodie-jogger-dustyblue_onmodel_p0204_1024x1536.sdr.png	1		0
9444	9226-lilith-ai-products/clothing/womens/activewear/9444_gen_products-clothing-womens-activewear_longsleeve-tee-leggings-mustard_onmodel_p0205_1024x1536.png	https://codec-corpus.r2.imazen.org/imazen-26-png-v3/9226-lilith-ai-products/clothing/womens/activewear/9444_gen_products-clothing-womens-activewear_longsleeve-tee-leggings-mustard_onmodel_p0205_1024x1536.sdr.png	1		0
9445	9226-lilith-ai-products/clothing/womens/activewear/9445_gen_products-clothing-womens-activewear_quarter-zip-leggings-teal_onmodel_p0206_1024x1536.png	https://codec-corpus.r2.imazen.org/imazen-26-png-v3/9226-lilith-ai-products/clothing/womens/activewear/9445_gen_products-clothing-womens-activewear_quarter-zip-leggings-teal_onmodel_p0206_1024x1536.sdr.png	1		0
9446	9226-lilith-ai-products/clothing/womens/activewear/9446_gen_products-clothing-womens-activewear_romper-active-sage_onmodel_p0207_1024x1536.png	https://codec-corpus.r2.imazen.org/imazen-26-png-v3/9226-lilith-ai-products/clothing/womens/activewear/9446_gen_products-clothing-womens-activewear_romper-active-sage_onmodel_p0207_1024x1536.sdr.png	1		0
9447	9226-lilith-ai-products/clothing/womens/activewear/9447_gen_products-clothing-womens-activewear_sportsbra-leggings-coral_onmodel_p0208_1024x1536.png	https://codec-corpus.r2.imazen.org/imazen-26-png-v3/9226-lilith-ai-products/clothing/womens/activewear/9447_gen_products-clothing-womens-activewear_sportsbra-leggings-coral_onmodel_p0208_1024x1536.sdr.png	1		0
9448	9226-lilith-ai-products/clothing/womens/activewear/9448_gen_products-clothing-womens-activewear_tank-shorts-sage_onmodel_p0219_1024x1536.png	https://codec-corpus.r2.imazen.org/imazen-26-png-v3/9226-lilith-ai-products/clothing/womens/activewear/9448_gen_products-clothing-womens-activewear_tank-shorts-sage_onmodel_p0219_1024x1536.sdr.png	1		0
9449	9226-lilith-ai-products/clothing/womens/activewear/9449_gen_products-clothing-womens-activewear_tennis-dress-cream_onmodel_p0209_1024x1536.png	https://codec-corpus.r2.imazen.org/imazen-26-png-v3/9226-lilith-ai-products/clothing/womens/activewear/9449_gen_products-clothing-womens-activewear_tennis-dress-cream_onmodel_p0209_1024x1536.sdr.png	1		0
9450	9226-lilith-ai-products/clothing/womens/activewear/9450_gen_products-clothing-womens-activewear_windbreaker-shorts-coral_onmodel_p0210_1024x1536.png	https://codec-corpus.r2.imazen.org/imazen-26-png-v3/9226-lilith-ai-products/clothing/womens/activewear/9450_gen_products-clothing-womens-activewear_windbreaker-shorts-coral_onmodel_p0210_1024x1536.sdr.png	1		0
9451	9226-lilith-ai-products/clothing/womens/activewear/9451_gen_products-clothing-womens-activewear_leggings-pack-two_p0222_1536x1024.png	https://codec-corpus.r2.imazen.org/imazen-26-png-v3/9226-lilith-ai-products/clothing/womens/activewear/9451_gen_products-clothing-womens-activewear_leggings-pack-two_p0222_1536x1024.sdr.png	1		0
9452	9226-lilith-ai-products/clothing/womens/activewear/9452_gen_products-clothing-womens-activewear_oversized-tee-trio_p0223_1536x1024.png	https://codec-corpus.r2.imazen.org/imazen-26-png-v3/9226-lilith-ai-products/clothing/womens/activewear/9452_gen_products-clothing-womens-activewear_oversized-tee-trio_p0223_1536x1024.sdr.png	1		0
9453	9226-lilith-ai-products/clothing/womens/activewear/9453_gen_products-clothing-womens-activewear_seamless-bra-pack-three_p0224_1536x1024.png	https://codec-corpus.r2.imazen.org/imazen-26-png-v3/9226-lilith-ai-products/clothing/womens/activewear/9453_gen_products-clothing-womens-activewear_seamless-bra-pack-three_p0224_1536x1024.sdr.png	1		0
9454	9226-lilith-ai-products/clothing/womens/activewear/9454_gen_products-clothing-womens-activewear_cherry-red-short-set_onmodel_p0225_2160x3840.png	https://codec-corpus.r2.imazen.org/imazen-26-png-v3/9226-lilith-ai-products/clothing/womens/activewear/9454_gen_products-clothing-womens-activewear_cherry-red-short-set_onmodel_p0225_2160x3840.sdr.png	1		0
9455	9226-lilith-ai-products/clothing/womens/activewear/9455_gen_products-clothing-womens-activewear_cherry-red-short-set_onmodel_p0225_1536x2752.jpg	https://codec-corpus.r2.imazen.org/imazen-26-png-v3/9226-lilith-ai-products/clothing/womens/activewear/9455_gen_products-clothing-womens-activewear_cherry-red-short-set_onmodel_p0225_1536x2752.sdr.png	1		0
9456	9226-lilith-ai-products/clothing/womens/activewear/9456_gen_products-clothing-womens-activewear_electric-bike-shorts_p0226_2160x3840.png	https://codec-corpus.r2.imazen.org/imazen-26-png-v3/9226-lilith-ai-products/clothing/womens/activewear/9456_gen_products-clothing-womens-activewear_electric-bike-shorts_p0226_2160x3840.sdr.png	1		0
9457	9226-lilith-ai-products/clothing/womens/activewear/9457_gen_products-clothing-womens-activewear_sculpt-leggings_p0227_2160x3840.png	https://codec-corpus.r2.imazen.org/imazen-26-png-v3/9226-lilith-ai-products/clothing/womens/activewear/9457_gen_products-clothing-womens-activewear_sculpt-leggings_p0227_2160x3840.sdr.png	1		0
9458	9226-lilith-ai-products/clothing/womens/activewear/9458_gen_products-clothing-womens-activewear_tennis-skirt-jewel_onmodel_p0228_1024x1536.png	https://codec-corpus.r2.imazen.org/imazen-26-png-v3/9226-lilith-ai-products/clothing/womens/activewear/9458_gen_products-clothing-womens-activewear_tennis-skirt-jewel_onmodel_p0228_1024x1536.sdr.png	1		0
9459	9226-lilith-ai-products/clothing/womens/activewear/9459_gen_products-clothing-womens-activewear_high-waist-pocket-leggings-cobalt_onmodel_p0229_3072x5504.jpg	https://codec-corpus.r2.imazen.org/imazen-26-png-v3/9226-lilith-ai-products/clothing/womens/activewear/9459_gen_products-clothing-womens-activewear_high-waist-pocket-leggings-cobalt_onmodel_p0229_3072x5504.sdr.png	1		0
9460	9226-lilith-ai-products/clothing/womens/activewear/9460_gen_products-clothing-womens-activewear_highwaist-leggings-sage_onmodel_p0230_3072x5504.jpg	https://codec-corpus.r2.imazen.org/imazen-26-png-v3/9226-lilith-ai-products/clothing/womens/activewear/9460_gen_products-clothing-womens-activewear_highwaist-leggings-sage_onmodel_p0230_3072x5504.sdr.png	1		0
9461	9226-lilith-ai-products/clothing/womens/activewear/9461_gen_products-clothing-womens-activewear_packable-down-jacket-teal_onmodel_p0231_3072x5504.jpg	https://codec-corpus.r2.imazen.org/imazen-26-png-v3/9226-lilith-ai-products/clothing/womens/activewear/9461_gen_products-clothing-womens-activewear_packable-down-jacket-teal_onmodel_p0231_3072x5504.sdr.png	1		0
9462	9226-lilith-ai-products/clothing/womens/activewear/9462_gen_products-clothing-womens-activewear_softshell-jacket-slate_onmodel_p0232_3072x5504.jpg	https://codec-corpus.r2.imazen.org/imazen-26-png-v3/9226-lilith-ai-products/clothing/womens/activewear/9462_gen_products-clothing-womens-activewear_softshell-jacket-slate_onmodel_p0232_3072x5504.sdr.png	1		0
9463	9226-lilith-ai-products/clothing/womens/activewear/9463_gen_products-clothing-womens-activewear_swim-onepiece_flat_p0233_1024x1024.png	https://codec-corpus.r2.imazen.org/imazen-26-png-v3/9226-lilith-ai-products/clothing/womens/activewear/9463_gen_products-clothing-womens-activewear_swim-onepiece_flat_p0233_1024x1024.sdr.png	1		0
9464	9226-lilith-ai-products/clothing/womens/activewear/9464_gen_products-clothing-womens-activewear_trail-leggings-set-teal-charcoal_flat_p0234_2048x2048.png	https://codec-corpus.r2.imazen.org/imazen-26-png-v3/9226-lilith-ai-products/clothing/womens/activewear/9464_gen_products-clothing-womens-activewear_trail-leggings-set-teal-charcoal_flat_p0234_2048x2048.sdr.png	1		0
9465	9226-lilith-ai-products/clothing/womens/dark-bg/9465_gen_products-clothing-womens-dark-bg_acid-lime-trench_p0235_2160x3840.png	https://codec-corpus.r2.imazen.org/imazen-26-png-v3/9226-lilith-ai-products/clothing/womens/dark-bg/9465_gen_products-clothing-womens-dark-bg_acid-lime-trench_p0235_2160x3840.sdr.png	1		0
9466	9226-lilith-ai-products/clothing/womens/dark-bg/9466_gen_products-clothing-womens-dark-bg_chartreuse-fringe-mini-dress_onmodel_p0236_2160x3840.png	https://codec-corpus.r2.imazen.org/imazen-26-png-v3/9226-lilith-ai-products/clothing/womens/dark-bg/9466_gen_products-clothing-womens-dark-bg_chartreuse-fringe-mini-dress_onmodel_p0236_2160x3840.sdr.png	1		0
9467	9226-lilith-ai-products/clothing/womens/dark-bg/9467_gen_products-clothing-womens-dark-bg_chartreuse-pleated-midi-skirt_onmodel_p0237_1024x1536.png	https://codec-corpus.r2.imazen.org/imazen-26-png-v3/9226-lilith-ai-products/clothing/womens/dark-bg/9467_gen_products-clothing-womens-dark-bg_chartreuse-pleated-midi-skirt_onmodel_p0237_1024x1536.sdr.png	1		0
9468	9226-lilith-ai-products/clothing/womens/dark-bg/9468_gen_products-clothing-womens-dark-bg_cobalt-one-shoulder-dress_p0238_2160x3840.png	https://codec-corpus.r2.imazen.org/imazen-26-png-v3/9226-lilith-ai-products/clothing/womens/dark-bg/9468_gen_products-clothing-womens-dark-bg_cobalt-one-shoulder-dress_p0238_2160x3840.sdr.png	1		0
9469	9226-lilith-ai-products/clothing/womens/dark-bg/9469_gen_products-clothing-womens-dark-bg_cobalt-trailing-hem-slip-dress_onmodel_p0239_2160x3840.png	https://codec-corpus.r2.imazen.org/imazen-26-png-v3/9226-lilith-ai-products/clothing/womens/dark-bg/9469_gen_products-clothing-womens-dark-bg_cobalt-trailing-hem-slip-dress_onmodel_p0239_2160x3840.sdr.png	1		0
9470	9226-lilith-ai-products/clothing/womens/dark-bg/9470_gen_products-clothing-womens-dark-bg_emerald-cutout-knit-dress_p0240_2160x3840.png	https://codec-corpus.r2.imazen.org/imazen-26-png-v3/9226-lilith-ai-products/clothing/womens/dark-bg/9470_gen_products-clothing-womens-dark-bg_emerald-cutout-knit-dress_p0240_2160x3840.sdr.png	1		0
9471	9226-lilith-ai-products/clothing/womens/dark-bg/9471_gen_products-clothing-womens-dark-bg_emerald-velvet-bow-mini_onmodel_p0241_1536x2752.jpg	https://codec-corpus.r2.imazen.org/imazen-26-png-v3/9226-lilith-ai-products/clothing/womens/dark-bg/9471_gen_products-clothing-womens-dark-bg_emerald-velvet-bow-mini_onmodel_p0241_1536x2752.sdr.png	1		0
9472	9226-lilith-ai-products/clothing/womens/dark-bg/9472_gen_products-clothing-womens-dark-bg_emerald-velvet-bow-mini_onmodel_p0241_2160x3840.png	https://codec-corpus.r2.imazen.org/imazen-26-png-v3/9226-lilith-ai-products/clothing/womens/dark-bg/9472_gen_products-clothing-womens-dark-bg_emerald-velvet-bow-mini_onmodel_p0241_2160x3840.sdr.png	1		0
9473	9226-lilith-ai-products/clothing/womens/dark-bg/9473_gen_products-clothing-womens-dark-bg_fuchsia-faux-fur-cropped-coat_onmodel_p0242_2160x3840.png	https://codec-corpus.r2.imazen.org/imazen-26-png-v3/9226-lilith-ai-products/clothing/womens/dark-bg/9473_gen_products-clothing-womens-dark-bg_fuchsia-faux-fur-cropped-coat_onmodel_p0242_2160x3840.sdr.png	1		0
9474	9226-lilith-ai-products/clothing/womens/dark-bg/9474_gen_products-clothing-womens-dark-bg_magenta-leopard-sequin-gown_onmodel_p0243_2160x3840.png	https://codec-corpus.r2.imazen.org/imazen-26-png-v3/9226-lilith-ai-products/clothing/womens/dark-bg/9474_gen_products-clothing-womens-dark-bg_magenta-leopard-sequin-gown_onmodel_p0243_2160x3840.sdr.png	1		0
9475	9226-lilith-ai-products/clothing/womens/dark-bg/9475_gen_products-clothing-womens-dark-bg_magenta-sequin-mini_p0244_2160x3840.png	https://codec-corpus.r2.imazen.org/imazen-26-png-v3/9226-lilith-ai-products/clothing/womens/dark-bg/9475_gen_products-clothing-womens-dark-bg_magenta-sequin-mini_p0244_2160x3840.sdr.png	1		0
9476	9226-lilith-ai-products/clothing/womens/dark-bg/9476_gen_products-clothing-womens-dark-bg_neon-colorblock-sports-set_p0245_2160x3840.png	https://codec-corpus.r2.imazen.org/imazen-26-png-v3/9226-lilith-ai-products/clothing/womens/dark-bg/9476_gen_products-clothing-womens-dark-bg_neon-colorblock-sports-set_p0245_2160x3840.sdr.png	1		0
9477	9226-lilith-ai-products/clothing/womens/dark-bg/9477_gen_products-clothing-womens-dark-bg_silver-sequin-fringe-flapper-dress_onmodel_p0246_2160x3840.png	https://codec-corpus.r2.imazen.org/imazen-26-png-v3/9226-lilith-ai-products/clothing/womens/dark-bg/9477_gen_products-clothing-womens-dark-bg_silver-sequin-fringe-flapper-dress_onmodel_p0246_2160x3840.sdr.png	1		0
9478	9226-lilith-ai-products/clothing/womens/dark-bg/9478_gen_products-clothing-womens-dark-bg_silver-sequin-suit_p0247_2160x3840.png	https://codec-corpus.r2.imazen.org/imazen-26-png-v3/9226-lilith-ai-products/clothing/womens/dark-bg/9478_gen_products-clothing-womens-dark-bg_silver-sequin-suit_p0247_2160x3840.sdr.png	1		0
9479	9226-lilith-ai-products/clothing/womens/dark-bg/9479_gen_products-clothing-womens-dark-bg_swim-onepiece-onmodel-pool_onmodel_p0248_1024x1536.png	https://codec-corpus.r2.imazen.org/imazen-26-png-v3/9226-lilith-ai-products/clothing/womens/dark-bg/9479_gen_products-clothing-womens-dark-bg_swim-onepiece-onmodel-pool_onmodel_p0248_1024x1536.sdr.png	1		0
9480	9226-lilith-ai-products/clothing/womens/dark-bg/9480_gen_products-clothing-womens-dark-bg_tropical-floral-maxi_p0249_2160x3840.png	https://codec-corpus.r2.imazen.org/imazen-26-png-v3/9226-lilith-ai-products/clothing/womens/dark-bg/9480_gen_products-clothing-womens-dark-bg_tropical-floral-maxi_p0249_2160x3840.sdr.png	1		0
9481	9226-lilith-ai-products/clothing/womens/dark-bg/9481_gen_products-clothing-womens-dark-bg_ultraviolet-knit-coord_p0250_2160x3840.png	https://codec-corpus.r2.imazen.org/imazen-26-png-v3/9226-lilith-ai-products/clothing/womens/dark-bg/9481_gen_products-clothing-womens-dark-bg_ultraviolet-knit-coord_p0250_2160x3840.sdr.png	1		0
9482	9226-lilith-ai-products/clothing/womens/dark-bg/9482_gen_products-clothing-womens-dark-bg_wedding-guest-onmodel-editorial_onmodel_p0251_1024x1536.png	https://codec-corpus.r2.imazen.org/imazen-26-png-v3/9226-lilith-ai-products/clothing/womens/dark-bg/9482_gen_products-clothing-womens-dark-bg_wedding-guest-onmodel-editorial_onmodel_p0251_1024x1536.sdr.png	1		0
9483	9226-lilith-ai-products/clothing/womens/general/9483_gen_products-clothing-womens-general_abstract-print-silk-shirt_p0252_2160x3840.png	https://codec-corpus.r2.imazen.org/imazen-26-png-v3/9226-lilith-ai-products/clothing/womens/general/9483_gen_products-clothing-womens-general_abstract-print-silk-shirt_p0252_2160x3840.sdr.png	1		0
9484	9226-lilith-ai-products/clothing/womens/general/9484_gen_products-clothing-womens-general_acid-green-oversized-graphic-tee_onmodel_p0253_2160x3840.png	https://codec-corpus.r2.imazen.org/imazen-26-png-v3/9226-lilith-ai-products/clothing/womens/general/9484_gen_products-clothing-womens-general_acid-green-oversized-graphic-tee_onmodel_p0253_2160x3840.sdr.png	1		0
9485	9226-lilith-ai-products/clothing/womens/general/9485_gen_products-clothing-womens-general_blush-trench-coat_onmodel_p0254_1024x1536.png	https://codec-corpus.r2.imazen.org/imazen-26-png-v3/9226-lilith-ai-products/clothing/womens/general/9485_gen_products-clothing-womens-general_blush-trench-coat_onmodel_p0254_1024x1536.sdr.png	1		0
9486	9226-lilith-ai-products/clothing/womens/general/9486_gen_products-clothing-womens-general_burgundy-tee-pomegranate_p0255_1024x1536.png	https://codec-corpus.r2.imazen.org/imazen-26-png-v3/9226-lilith-ai-products/clothing/womens/general/9486_gen_products-clothing-womens-general_burgundy-tee-pomegranate_p0255_1024x1536.sdr.png	1		0
9487	9226-lilith-ai-products/clothing/womens/general/9487_gen_products-clothing-womens-general_cherry-retro-ski-intarsia-sweater_onmodel_p0256_2160x3840.png	https://codec-corpus.r2.imazen.org/imazen-26-png-v3/9226-lilith-ai-products/clothing/womens/general/9487_gen_products-clothing-womens-general_cherry-retro-ski-intarsia-sweater_onmodel_p0256_2160x3840.sdr.png	1		0
9488	9226-lilith-ai-products/clothing/womens/general/9488_gen_products-clothing-womens-general_cobalt-embroidered-baggy-jeans_onmodel_p0257_2160x3840.png	https://codec-corpus.r2.imazen.org/imazen-26-png-v3/9226-lilith-ai-products/clothing/womens/general/9488_gen_products-clothing-womens-general_cobalt-embroidered-baggy-jeans_onmodel_p0257_2160x3840.sdr.png	1		0
9489	9226-lilith-ai-products/clothing/womens/general/9489_gen_products-clothing-womens-general_cobalt-faux-leather-pants_p0258_2160x3840.png	https://codec-corpus.r2.imazen.org/imazen-26-png-v3/9226-lilith-ai-products/clothing/womens/general/9489_gen_products-clothing-womens-general_cobalt-faux-leather-pants_p0258_2160x3840.sdr.png	1		0
9490	9226-lilith-ai-products/clothing/womens/general/9490_gen_products-clothing-womens-general_cobalt-puff-sleeve-mini_onmodel_p0259_1024x1536.png	https://codec-corpus.r2.imazen.org/imazen-26-png-v3/9226-lilith-ai-products/clothing/womens/general/9490_gen_products-clothing-womens-general_cobalt-puff-sleeve-mini_onmodel_p0259_1024x1536.sdr.png	1		0
9491	9226-lilith-ai-products/clothing/womens/general/9491_gen_products-clothing-womens-general_colorblock-fleece-half-zip_onmodel_p0260_2160x3840.png	https://codec-corpus.r2.imazen.org/imazen-26-png-v3/9226-lilith-ai-products/clothing/womens/general/9491_gen_products-clothing-womens-general_colorblock-fleece-half-zip_onmodel_p0260_2160x3840.sdr.png	1		0
9492	9226-lilith-ai-products/clothing/womens/general/9492_gen_products-clothing-womens-general_colorblock-mohair-sweater_p0261_2160x3840.png	https://codec-corpus.r2.imazen.org/imazen-26-png-v3/9226-lilith-ai-products/clothing/womens/general/9492_gen_products-clothing-womens-general_colorblock-mohair-sweater_p0261_2160x3840.sdr.png	1		0
9493	9226-lilith-ai-products/clothing/womens/general/9493_gen_products-clothing-womens-general_cream-mohair-cardigan_onmodel_p0262_1024x1536.png	https://codec-corpus.r2.imazen.org/imazen-26-png-v3/9226-lilith-ai-products/clothing/womens/general/9493_gen_products-clothing-womens-general_cream-mohair-cardigan_onmodel_p0262_1024x1536.sdr.png	1		0
9494	9226-lilith-ai-products/clothing/womens/general/9494_gen_products-clothing-womens-general_denim-jacket-women-flat_detail_p0263_1024x1024.png	https://codec-corpus.r2.imazen.org/imazen-26-png-v3/9226-lilith-ai-products/clothing/womens/general/9494_gen_products-clothing-womens-general_denim-jacket-women-flat_detail_p0263_1024x1024.sdr.png	1		0
9495	9226-lilith-ai-products/clothing/womens/general/9495_gen_products-clothing-womens-general_denim-jumpsuit-flat-lifestyle_flat_p0264_1024x1536.png	https://codec-corpus.r2.imazen.org/imazen-26-png-v3/9226-lilith-ai-products/clothing/womens/general/9495_gen_products-clothing-womens-general_denim-jumpsuit-flat-lifestyle_flat_p0264_1024x1536.sdr.png	1		0
9496	9226-lilith-ai-products/clothing/womens/general/9496_gen_products-clothing-womens-general_emerald-cutout-knit-dress_onmodel_p0240_2160x3840.png	https://codec-corpus.r2.imazen.org/imazen-26-png-v3/9226-lilith-ai-products/clothing/womens/general/9496_gen_products-clothing-womens-general_emerald-cutout-knit-dress_onmodel_p0240_2160x3840.sdr.png	1		0
9497	9226-lilith-ai-products/clothing/womens/general/9497_gen_products-clothing-womens-general_emerald-velvet-tuxedo-trouser_flat_p0265_1024x1536.png	https://codec-corpus.r2.imazen.org/imazen-26-png-v3/9226-lilith-ai-products/clothing/womens/general/9497_gen_products-clothing-womens-general_emerald-velvet-tuxedo-trouser_flat_p0265_1024x1536.sdr.png	1		0
9498	9226-lilith-ai-products/clothing/womens/general/9498_gen_products-clothing-womens-general_fuchsia-blazer_onmodel_p0266_1024x1536.png	https://codec-corpus.r2.imazen.org/imazen-26-png-v3/9226-lilith-ai-products/clothing/womens/general/9498_gen_products-clothing-womens-general_fuchsia-blazer_onmodel_p0266_1024x1536.sdr.png	1		0
9499	9226-lilith-ai-products/clothing/womens/general/9499_gen_products-clothing-womens-general_fuchsia-blazer-dress_p0267_2160x3840.png	https://codec-corpus.r2.imazen.org/imazen-26-png-v3/9226-lilith-ai-products/clothing/womens/general/9499_gen_products-clothing-womens-general_fuchsia-blazer-dress_p0267_2160x3840.sdr.png	1		0
9500	9226-lilith-ai-products/clothing/womens/general/9500_gen_products-clothing-womens-general_garnet-navy-tartan-tea-dress_onmodel_p0268_2160x3840.png	https://codec-corpus.r2.imazen.org/imazen-26-png-v3/9226-lilith-ai-products/clothing/womens/general/9500_gen_products-clothing-womens-general_garnet-navy-tartan-tea-dress_onmodel_p0268_2160x3840.sdr.png	1		0
9501	9226-lilith-ai-products/clothing/womens/general/9501_gen_products-clothing-womens-general_graphic-tee-girls-band-flat_p0269_1024x1536.png	https://codec-corpus.r2.imazen.org/imazen-26-png-v3/9226-lilith-ai-products/clothing/womens/general/9501_gen_products-clothing-womens-general_graphic-tee-girls-band-flat_p0269_1024x1536.sdr.png	1		0
9502	9226-lilith-ai-products/clothing/womens/general/9502_gen_products-clothing-womens-general_indigo-utility-jumpsuit_onmodel_p0270_1024x1536.png	https://codec-corpus.r2.imazen.org/imazen-26-png-v3/9226-lilith-ai-products/clothing/womens/general/9502_gen_products-clothing-womens-general_indigo-utility-jumpsuit_onmodel_p0270_1024x1536.sdr.png	1		0
9503	9226-lilith-ai-products/clothing/womens/general/9503_gen_products-clothing-womens-general_ivory-cable-knit-cardigan_ghost_p0271_1024x1536.png	https://codec-corpus.r2.imazen.org/imazen-26-png-v3/9226-lilith-ai-products/clothing/womens/general/9503_gen_products-clothing-womens-general_ivory-cable-knit-cardigan_ghost_p0271_1024x1536.sdr.png	1		0
9504	9226-lilith-ai-products/clothing/womens/general/9504_gen_products-clothing-womens-general_lemon-tank-shirt-set_onmodel_p0272_1024x1536.png	https://codec-corpus.r2.imazen.org/imazen-26-png-v3/9226-lilith-ai-products/clothing/womens/general/9504_gen_products-clothing-womens-general_lemon-tank-shirt-set_onmodel_p0272_1024x1536.sdr.png	1		0
9505	9226-lilith-ai-products/clothing/womens/general/9505_gen_products-clothing-womens-general_marigold-corduroy-overalls_onmodel_p0273_1024x1536.png	https://codec-corpus.r2.imazen.org/imazen-26-png-v3/9226-lilith-ai-products/clothing/womens/general/9505_gen_products-clothing-womens-general_marigold-corduroy-overalls_onmodel_p0273_1024x1536.sdr.png	1		0
9506	9226-lilith-ai-products/clothing/womens/general/9506_gen_products-clothing-womens-general_marigold-funnel-neck-volume-top_onmodel_p0274_2160x3840.png	https://codec-corpus.r2.imazen.org/imazen-26-png-v3/9226-lilith-ai-products/clothing/womens/general/9506_gen_products-clothing-womens-general_marigold-funnel-neck-volume-top_onmodel_p0274_2160x3840.sdr.png	1		0
9507	9226-lilith-ai-products/clothing/womens/general/9507_gen_products-clothing-womens-general_marigold-palazzo-trousers_p0275_2160x3840.png	https://codec-corpus.r2.imazen.org/imazen-26-png-v3/9226-lilith-ai-products/clothing/womens/general/9507_gen_products-clothing-womens-general_marigold-palazzo-trousers_p0275_2160x3840.sdr.png	1		0
9508	9226-lilith-ai-products/clothing/womens/general/9508_gen_products-clothing-womens-general_marigold-palazzo-trousers_onmodel_p0275_2160x3840.png	https://codec-corpus.r2.imazen.org/imazen-26-png-v3/9226-lilith-ai-products/clothing/womens/general/9508_gen_products-clothing-womens-general_marigold-palazzo-trousers_onmodel_p0275_2160x3840.sdr.png	1		0
9509	9226-lilith-ai-products/clothing/womens/general/9509_gen_products-clothing-womens-general_mens-buffalo-check-flannel-shirt_onmodel_p0276_3072x5504.jpg	https://codec-corpus.r2.imazen.org/imazen-26-png-v3/9226-lilith-ai-products/clothing/womens/general/9509_gen_products-clothing-womens-general_mens-buffalo-check-flannel-shirt_onmodel_p0276_3072x5504.sdr.png	1		0
9510	9226-lilith-ai-products/clothing/womens/general/9510_gen_products-clothing-womens-general_mens-oxford-button-down-dusty-blue_onmodel_p0277_3072x5504.jpg	https://codec-corpus.r2.imazen.org/imazen-26-png-v3/9226-lilith-ai-products/clothing/womens/general/9510_gen_products-clothing-womens-general_mens-oxford-button-down-dusty-blue_onmodel_p0277_3072x5504.sdr.png	1		0
9511	9226-lilith-ai-products/clothing/womens/general/9511_gen_products-clothing-womens-general_ochre-wide-leg-jeans_flat_p0278_1024x1536.png	https://codec-corpus.r2.imazen.org/imazen-26-png-v3/9226-lilith-ai-products/clothing/womens/general/9511_gen_products-clothing-womens-general_ochre-wide-leg-jeans_flat_p0278_1024x1536.sdr.png	1		0
9512	9226-lilith-ai-products/clothing/womens/general/9512_gen_products-clothing-womens-general_plisse-metallic-skirt_p0279_2160x3840.png	https://codec-corpus.r2.imazen.org/imazen-26-png-v3/9226-lilith-ai-products/clothing/womens/general/9512_gen_products-clothing-womens-general_plisse-metallic-skirt_p0279_2160x3840.sdr.png	1		0
9513	9226-lilith-ai-products/clothing/womens/general/9513_gen_products-clothing-womens-general_purple-deconstructed-skirt-suit_onmodel_p0280_2160x3840.png	https://codec-corpus.r2.imazen.org/imazen-26-png-v3/9226-lilith-ai-products/clothing/womens/general/9513_gen_products-clothing-womens-general_purple-deconstructed-skirt-suit_onmodel_p0280_2160x3840.sdr.png	1		0
9514	9226-lilith-ai-products/clothing/womens/general/9514_gen_products-clothing-womens-general_red-skyblue-colorblock-shirtdress_onmodel_p0281_2160x3840.png	https://codec-corpus.r2.imazen.org/imazen-26-png-v3/9226-lilith-ai-products/clothing/womens/general/9514_gen_products-clothing-womens-general_red-skyblue-colorblock-shirtdress_onmodel_p0281_2160x3840.sdr.png	1		0
9515	9226-lilith-ai-products/clothing/womens/general/9515_gen_products-clothing-womens-general_royal-purple-slip-dress-flatlay_flat_p0282_1024x1536.png	https://codec-corpus.r2.imazen.org/imazen-26-png-v3/9226-lilith-ai-products/clothing/womens/general/9515_gen_products-clothing-womens-general_royal-purple-slip-dress-flatlay_flat_p0282_1024x1536.sdr.png	1		0
9516	9226-lilith-ai-products/clothing/womens/general/9516_gen_products-clothing-womens-general_scarlet-puff-blouse_p0283_2160x3840.png	https://codec-corpus.r2.imazen.org/imazen-26-png-v3/9226-lilith-ai-products/clothing/womens/general/9516_gen_products-clothing-womens-general_scarlet-puff-blouse_p0283_2160x3840.sdr.png	1		0
9517	9226-lilith-ai-products/clothing/womens/general/9517_gen_products-clothing-womens-general_scarlet-puff-blouse_onmodel_p0283_2160x3840.png	https://codec-corpus.r2.imazen.org/imazen-26-png-v3/9226-lilith-ai-products/clothing/womens/general/9517_gen_products-clothing-womens-general_scarlet-puff-blouse_onmodel_p0283_2160x3840.sdr.png	1		0
9518	9226-lilith-ai-products/clothing/womens/general/9518_gen_products-clothing-womens-general_silver-metallic-statement-puffer_ghost_p0284_2160x3840.png	https://codec-corpus.r2.imazen.org/imazen-26-png-v3/9226-lilith-ai-products/clothing/womens/general/9518_gen_products-clothing-womens-general_silver-metallic-statement-puffer_ghost_p0284_2160x3840.sdr.png	1		0
9519	9226-lilith-ai-products/clothing/womens/general/9519_gen_products-clothing-womens-general_silver-metallic-statement-puffer_onmodel_p0284_2160x3840.png	https://codec-corpus.r2.imazen.org/imazen-26-png-v3/9226-lilith-ai-products/clothing/womens/general/9519_gen_products-clothing-womens-general_silver-metallic-statement-puffer_onmodel_p0284_2160x3840.sdr.png	1		0
9520	9226-lilith-ai-products/clothing/womens/general/9520_gen_products-clothing-womens-general_slogan-out-of-office-tee_p0285_2880x2880.png	https://codec-corpus.r2.imazen.org/imazen-26-png-v3/9226-lilith-ai-products/clothing/womens/general/9520_gen_products-clothing-womens-general_slogan-out-of-office-tee_p0285_2880x2880.sdr.png	1		0
9521	9226-lilith-ai-products/clothing/womens/general/9521_gen_products-clothing-womens-general_tangerine-power-blazer_p0286_2160x3840.png	https://codec-corpus.r2.imazen.org/imazen-26-png-v3/9226-lilith-ai-products/clothing/womens/general/9521_gen_products-clothing-womens-general_tangerine-power-blazer_p0286_2160x3840.sdr.png	1		0
9522	9226-lilith-ai-products/clothing/womens/general/9522_gen_products-clothing-womens-general_tomato-mock-neck-knit_onmodel_p0287_1024x1536.png	https://codec-corpus.r2.imazen.org/imazen-26-png-v3/9226-lilith-ai-products/clothing/womens/general/9522_gen_products-clothing-womens-general_tomato-mock-neck-knit_onmodel_p0287_1024x1536.sdr.png	1		0
9523	9226-lilith-ai-products/clothing/womens/general/9523_gen_products-clothing-womens-general_turquoise-ruffle-bralette-slip_onmodel_p0288_2160x3840.png	https://codec-corpus.r2.imazen.org/imazen-26-png-v3/9226-lilith-ai-products/clothing/womens/general/9523_gen_products-clothing-womens-general_turquoise-ruffle-bralette-slip_onmodel_p0288_2160x3840.sdr.png	1		0
9524	9226-lilith-ai-products/clothing/womens/general/9524_gen_products-clothing-womens-general_coral-relaxed-tee_onmodel_p0289_1024x1536.png	https://codec-corpus.r2.imazen.org/imazen-26-png-v3/9226-lilith-ai-products/clothing/womens/general/9524_gen_products-clothing-womens-general_coral-relaxed-tee_onmodel_p0289_1024x1536.sdr.png	1		0
9525	9226-lilith-ai-products/clothing/womens/general/9525_gen_products-clothing-womens-general_cream-knit-cardigan_onmodel_p0290_1024x1536.png	https://codec-corpus.r2.imazen.org/imazen-26-png-v3/9226-lilith-ai-products/clothing/womens/general/9525_gen_products-clothing-womens-general_cream-knit-cardigan_onmodel_p0290_1024x1536.sdr.png	1		0
9526	9226-lilith-ai-products/clothing/womens/general/9526_gen_products-clothing-womens-general_denim-jacket_flat_p0291_1024x1024.png	https://codec-corpus.r2.imazen.org/imazen-26-png-v3/9226-lilith-ai-products/clothing/womens/general/9526_gen_products-clothing-womens-general_denim-jacket_flat_p0291_1024x1024.sdr.png	1		0
9527	9226-lilith-ai-products/clothing/womens/general/9527_gen_products-clothing-womens-general_ditsy-floral-sundress_onmodel_p0292_1024x1536.png	https://codec-corpus.r2.imazen.org/imazen-26-png-v3/9226-lilith-ai-products/clothing/womens/general/9527_gen_products-clothing-womens-general_ditsy-floral-sundress_onmodel_p0292_1024x1536.sdr.png	1		0
9528	9226-lilith-ai-products/clothing/womens/general/9528_gen_products-clothing-womens-general_dusty-blue-blouse_onmodel_p0293_1024x1536.png	https://codec-corpus.r2.imazen.org/imazen-26-png-v3/9226-lilith-ai-products/clothing/womens/general/9528_gen_products-clothing-womens-general_dusty-blue-blouse_onmodel_p0293_1024x1536.sdr.png	1		0
9529	9226-lilith-ai-products/clothing/womens/general/9529_gen_products-clothing-womens-general_everyday-tshirt-dress-dusty-teal_onmodel_p0294_3072x5504.jpg	https://codec-corpus.r2.imazen.org/imazen-26-png-v3/9226-lilith-ai-products/clothing/womens/general/9529_gen_products-clothing-womens-general_everyday-tshirt-dress-dusty-teal_onmodel_p0294_3072x5504.sdr.png	1		0
9530	9226-lilith-ai-products/clothing/womens/general/9530_gen_products-clothing-womens-general_floral-midi-sundress-blush_onmodel_p0295_3072x5504.jpg	https://codec-corpus.r2.imazen.org/imazen-26-png-v3/9226-lilith-ai-products/clothing/womens/general/9530_gen_products-clothing-womens-general_floral-midi-sundress-blush_onmodel_p0295_3072x5504.sdr.png	1		0
9531	9226-lilith-ai-products/clothing/womens/general/9531_gen_products-clothing-womens-general_floral-wrap-dress_onmodel_p0296_1024x1536.png	https://codec-corpus.r2.imazen.org/imazen-26-png-v3/9226-lilith-ai-products/clothing/womens/general/9531_gen_products-clothing-womens-general_floral-wrap-dress_onmodel_p0296_1024x1536.sdr.png	1		0
9532	9226-lilith-ai-products/clothing/womens/general/9532_gen_products-clothing-womens-general_gingham-shirt-dress_ghost_p0297_1024x1536.png	https://codec-corpus.r2.imazen.org/imazen-26-png-v3/9226-lilith-ai-products/clothing/womens/general/9532_gen_products-clothing-womens-general_gingham-shirt-dress_ghost_p0297_1024x1536.sdr.png	1		0
9533	9226-lilith-ai-products/clothing/womens/general/9533_gen_products-clothing-womens-general_graphic-sweatshirt_p0298_1024x1536.png	https://codec-corpus.r2.imazen.org/imazen-26-png-v3/9226-lilith-ai-products/clothing/womens/general/9533_gen_products-clothing-womens-general_graphic-sweatshirt_p0298_1024x1536.sdr.png	1		0
9534	9226-lilith-ai-products/clothing/womens/general/9534_gen_products-clothing-womens-general_lilac-blazer_ghost_p0299_1024x1536.png	https://codec-corpus.r2.imazen.org/imazen-26-png-v3/9226-lilith-ai-products/clothing/womens/general/9534_gen_products-clothing-womens-general_lilac-blazer_ghost_p0299_1024x1536.sdr.png	1		0
9535	9226-lilith-ai-products/clothing/womens/general/9535_gen_products-clothing-womens-general_linen-button-shirt_flat_p0300_1024x1024.png	https://codec-corpus.r2.imazen.org/imazen-26-png-v3/9226-lilith-ai-products/clothing/womens/general/9535_gen_products-clothing-womens-general_linen-button-shirt_flat_p0300_1024x1024.sdr.png	1		0
9536	9226-lilith-ai-products/clothing/womens/general/9536_gen_products-clothing-womens-general_olive-cargo-pant_ghost_p0301_1024x1536.png	https://codec-corpus.r2.imazen.org/imazen-26-png-v3/9226-lilith-ai-products/clothing/womens/general/9536_gen_products-clothing-womens-general_olive-cargo-pant_ghost_p0301_1024x1536.sdr.png	1		0
9537	9226-lilith-ai-products/clothing/womens/general/9537_gen_products-clothing-womens-general_plus-jumpsuit_onmodel_p0302_1024x1536.png	https://codec-corpus.r2.imazen.org/imazen-26-png-v3/9226-lilith-ai-products/clothing/womens/general/9537_gen_products-clothing-womens-general_plus-jumpsuit_onmodel_p0302_1024x1536.sdr.png	1		0
9538	9226-lilith-ai-products/clothing/womens/general/9538_gen_products-clothing-womens-general_puff-sleeve-blouse_flat_p0303_1024x1024.png	https://codec-corpus.r2.imazen.org/imazen-26-png-v3/9226-lilith-ai-products/clothing/womens/general/9538_gen_products-clothing-womens-general_puff-sleeve-blouse_flat_p0303_1024x1024.sdr.png	1		0
9539	9226-lilith-ai-products/clothing/womens/general/9539_gen_products-clothing-womens-general_ribbed-tank_flat_p0304_1024x1024.png	https://codec-corpus.r2.imazen.org/imazen-26-png-v3/9226-lilith-ai-products/clothing/womens/general/9539_gen_products-clothing-womens-general_ribbed-tank_flat_p0304_1024x1024.sdr.png	1		0
9540	9226-lilith-ai-products/clothing/womens/general/9540_gen_products-clothing-womens-general_rust-corduroy-skirt_ghost_p0305_1024x1536.png	https://codec-corpus.r2.imazen.org/imazen-26-png-v3/9226-lilith-ai-products/clothing/womens/general/9540_gen_products-clothing-womens-general_rust-corduroy-skirt_ghost_p0305_1024x1536.sdr.png	1		0
9541	9226-lilith-ai-products/clothing/womens/general/9541_gen_products-clothing-womens-general_sage-cardigan_flat_p0306_1024x1024.png	https://codec-corpus.r2.imazen.org/imazen-26-png-v3/9226-lilith-ai-products/clothing/womens/general/9541_gen_products-clothing-womens-general_sage-cardigan_flat_p0306_1024x1024.sdr.png	1		0
9542	9226-lilith-ai-products/clothing/womens/general/9542_gen_products-clothing-womens-general_stripe-tee-dress_onmodel_p0307_1024x1536.png	https://codec-corpus.r2.imazen.org/imazen-26-png-v3/9226-lilith-ai-products/clothing/womens/general/9542_gen_products-clothing-womens-general_stripe-tee-dress_onmodel_p0307_1024x1536.sdr.png	1		0
9543	9226-lilith-ai-products/clothing/womens/general/9543_gen_products-clothing-womens-general_teal-graphic-tee_p0308_1024x1536.png	https://codec-corpus.r2.imazen.org/imazen-26-png-v3/9226-lilith-ai-products/clothing/womens/general/9543_gen_products-clothing-womens-general_teal-graphic-tee_p0308_1024x1536.sdr.png	1		0
9544	9226-lilith-ai-products/clothing/womens/general/9544_gen_products-clothing-womens-general_terracotta-knit-dress_onmodel_p0309_1024x1536.png	https://codec-corpus.r2.imazen.org/imazen-26-png-v3/9226-lilith-ai-products/clothing/womens/general/9544_gen_products-clothing-womens-general_terracotta-knit-dress_onmodel_p0309_1024x1536.sdr.png	1		0
9545	9226-lilith-ai-products/clothing/womens/general/9545_gen_products-clothing-womens-general_wide-leg-jean_ghost_p0310_1024x1536.png	https://codec-corpus.r2.imazen.org/imazen-26-png-v3/9226-lilith-ai-products/clothing/womens/general/9545_gen_products-clothing-womens-general_wide-leg-jean_ghost_p0310_1024x1536.sdr.png	1		0
9546	9226-lilith-ai-products/clothing/womens/general/9546_gen_products-clothing-womens-general_yellow-cropped-cardigan_onmodel_p0311_1024x1536.png	https://codec-corpus.r2.imazen.org/imazen-26-png-v3/9226-lilith-ai-products/clothing/womens/general/9546_gen_products-clothing-womens-general_yellow-cropped-cardigan_onmodel_p0311_1024x1536.sdr.png	1		0
9547	9226-lilith-ai-products/clothing/womens/general/9547_gen_products-clothing-womens-general_wordmark-bloom-minimal-tee_p0312_2048x2048.jpg	https://codec-corpus.r2.imazen.org/imazen-26-png-v3/9226-lilith-ai-products/clothing/womens/general/9547_gen_products-clothing-womens-general_wordmark-bloom-minimal-tee_p0312_2048x2048.sdr.png	1		0
9548	9226-lilith-ai-products/clothing/womens/general/9548_gen_products-clothing-womens-general_wordmark-sundaze-tee_p0313_2880x2880.png	https://codec-corpus.r2.imazen.org/imazen-26-png-v3/9226-lilith-ai-products/clothing/womens/general/9548_gen_products-clothing-womens-general_wordmark-sundaze-tee_p0313_2880x2880.sdr.png	1		0
9549	9226-lilith-ai-products/clothing/womens/loungewear/9549_gen_products-clothing-womens-loungewear_blush-floral-pajama-set_flat_p0314_1024x1536.png	https://codec-corpus.r2.imazen.org/imazen-26-png-v3/9226-lilith-ai-products/clothing/womens/loungewear/9549_gen_products-clothing-womens-loungewear_blush-floral-pajama-set_flat_p0314_1024x1536.sdr.png	1		0
9550	9226-lilith-ai-products/clothing/womens/loungewear/9550_gen_products-clothing-womens-loungewear_blush-fuzzy-slippers_flat_p0315_1536x1024.png	https://codec-corpus.r2.imazen.org/imazen-26-png-v3/9226-lilith-ai-products/clothing/womens/loungewear/9550_gen_products-clothing-womens-loungewear_blush-fuzzy-slippers_flat_p0315_1536x1024.sdr.png	1		0
9551	9226-lilith-ai-products/clothing/womens/loungewear/9551_gen_products-clothing-womens-loungewear_blush-robe_onmodel_p0316_1024x1536.png	https://codec-corpus.r2.imazen.org/imazen-26-png-v3/9226-lilith-ai-products/clothing/womens/loungewear/9551_gen_products-clothing-womens-loungewear_blush-robe_onmodel_p0316_1024x1536.sdr.png	1		0
9552	9226-lilith-ai-products/clothing/womens/loungewear/9552_gen_products-clothing-womens-loungewear_blush-satin-robe_flat_p0317_1024x1536.png	https://codec-corpus.r2.imazen.org/imazen-26-png-v3/9226-lilith-ai-products/clothing/womens/loungewear/9552_gen_products-clothing-womens-loungewear_blush-satin-robe_flat_p0317_1024x1536.sdr.png	1		0
9553	9226-lilith-ai-products/clothing/womens/loungewear/9553_gen_products-clothing-womens-loungewear_buttery-yellow-tank-short-set_flat_p0318_1024x1024.png	https://codec-corpus.r2.imazen.org/imazen-26-png-v3/9226-lilith-ai-products/clothing/womens/loungewear/9553_gen_products-clothing-womens-loungewear_buttery-yellow-tank-short-set_flat_p0318_1024x1024.sdr.png	1		0
9554	9226-lilith-ai-products/clothing/womens/loungewear/9554_gen_products-clothing-womens-loungewear_coral-lounge-shorts_flat_p0319_1536x1024.png	https://codec-corpus.r2.imazen.org/imazen-26-png-v3/9226-lilith-ai-products/clothing/womens/loungewear/9554_gen_products-clothing-womens-loungewear_coral-lounge-shorts_flat_p0319_1536x1024.sdr.png	1		0
9555	9226-lilith-ai-products/clothing/womens/loungewear/9555_gen_products-clothing-womens-loungewear_coral-pajama-set_onmodel_p0320_1024x1536.png	https://codec-corpus.r2.imazen.org/imazen-26-png-v3/9226-lilith-ai-products/clothing/womens/loungewear/9555_gen_products-clothing-womens-loungewear_coral-pajama-set_onmodel_p0320_1024x1536.sdr.png	1		0
9556	9226-lilith-ai-products/clothing/womens/loungewear/9556_gen_products-clothing-womens-loungewear_coral-ribbed-bralette_flat_p0321_1024x1024.png	https://codec-corpus.r2.imazen.org/imazen-26-png-v3/9226-lilith-ai-products/clothing/womens/loungewear/9556_gen_products-clothing-womens-loungewear_coral-ribbed-bralette_flat_p0321_1024x1024.sdr.png	1		0
9557	9226-lilith-ai-products/clothing/womens/loungewear/9557_gen_products-clothing-womens-loungewear_cream-thermal-henley-pants_flat_p0322_1024x1536.png	https://codec-corpus.r2.imazen.org/imazen-26-png-v3/9226-lilith-ai-products/clothing/womens/loungewear/9557_gen_products-clothing-womens-loungewear_cream-thermal-henley-pants_flat_p0322_1024x1536.sdr.png	1		0
9558	9226-lilith-ai-products/clothing/womens/loungewear/9558_gen_products-clothing-womens-loungewear_cream-thermal-set_onmodel_p0323_1024x1536.png	https://codec-corpus.r2.imazen.org/imazen-26-png-v3/9226-lilith-ai-products/clothing/womens/loungewear/9558_gen_products-clothing-womens-loungewear_cream-thermal-set_onmodel_p0323_1024x1536.sdr.png	1		0
9559	9226-lilith-ai-products/clothing/womens/loungewear/9559_gen_products-clothing-womens-loungewear_dusty-blue-floral-pajamas_onmodel_p0324_1024x1536.png	https://codec-corpus.r2.imazen.org/imazen-26-png-v3/9226-lilith-ai-products/clothing/womens/loungewear/9559_gen_products-clothing-womens-loungewear_dusty-blue-floral-pajamas_onmodel_p0324_1024x1536.sdr.png	1		0
9560	9226-lilith-ai-products/clothing/womens/loungewear/9560_gen_products-clothing-womens-loungewear_dusty-blue-modal-robe_flat_p0325_1024x1536.png	https://codec-corpus.r2.imazen.org/imazen-26-png-v3/9226-lilith-ai-products/clothing/womens/loungewear/9560_gen_products-clothing-womens-loungewear_dusty-blue-modal-robe_flat_p0325_1024x1536.sdr.png	1		0
9561	9226-lilith-ai-products/clothing/womens/loungewear/9561_gen_products-clothing-womens-loungewear_dusty-blue-pajama-set_flat_p0326_1024x1536.png	https://codec-corpus.r2.imazen.org/imazen-26-png-v3/9226-lilith-ai-products/clothing/womens/loungewear/9561_gen_products-clothing-womens-loungewear_dusty-blue-pajama-set_flat_p0326_1024x1536.sdr.png	1		0
9562	9226-lilith-ai-products/clothing/womens/loungewear/9562_gen_products-clothing-womens-loungewear_ivory-cable-knit-slippers_flat_p0327_1536x1024.png	https://codec-corpus.r2.imazen.org/imazen-26-png-v3/9226-lilith-ai-products/clothing/womens/loungewear/9562_gen_products-clothing-womens-loungewear_ivory-cable-knit-slippers_flat_p0327_1536x1024.sdr.png	1		0
9563	9226-lilith-ai-products/clothing/womens/loungewear/9563_gen_products-clothing-womens-loungewear_ivory-lounge-set_onmodel_p0328_1024x1536.png	https://codec-corpus.r2.imazen.org/imazen-26-png-v3/9226-lilith-ai-products/clothing/womens/loungewear/9563_gen_products-clothing-womens-loungewear_ivory-lounge-set_onmodel_p0328_1024x1536.sdr.png	1		0
9564	9226-lilith-ai-products/clothing/womens/loungewear/9564_gen_products-clothing-womens-loungewear_ivory-wireless-bralette_flat_p0329_1024x1024.png	https://codec-corpus.r2.imazen.org/imazen-26-png-v3/9226-lilith-ai-products/clothing/womens/loungewear/9564_gen_products-clothing-womens-loungewear_ivory-wireless-bralette_flat_p0329_1024x1024.sdr.png	1		0
9565	9226-lilith-ai-products/clothing/womens/loungewear/9565_gen_products-clothing-womens-loungewear_lavender-modal-cami-set_flat_p0330_1024x1024.png	https://codec-corpus.r2.imazen.org/imazen-26-png-v3/9226-lilith-ai-products/clothing/womens/loungewear/9565_gen_products-clothing-womens-loungewear_lavender-modal-cami-set_flat_p0330_1024x1024.sdr.png	1		0
9566	9226-lilith-ai-products/clothing/womens/loungewear/9566_gen_products-clothing-womens-loungewear_set-tonal-flatlay_flat_p0331_1024x1024.png	https://codec-corpus.r2.imazen.org/imazen-26-png-v3/9226-lilith-ai-products/clothing/womens/loungewear/9566_gen_products-clothing-womens-loungewear_set-tonal-flatlay_flat_p0331_1024x1024.sdr.png	1		0
9567	9226-lilith-ai-products/clothing/womens/loungewear/9567_gen_products-clothing-womens-loungewear_navy-stripe-pajama-set_flat_p0332_1024x1536.png	https://codec-corpus.r2.imazen.org/imazen-26-png-v3/9226-lilith-ai-products/clothing/womens/loungewear/9567_gen_products-clothing-womens-loungewear_navy-stripe-pajama-set_flat_p0332_1024x1536.sdr.png	1		0
9568	9226-lilith-ai-products/clothing/womens/loungewear/9568_gen_products-clothing-womens-loungewear_sage-bralette-brief-set_flat_p0333_1024x1024.png	https://codec-corpus.r2.imazen.org/imazen-26-png-v3/9226-lilith-ai-products/clothing/womens/loungewear/9568_gen_products-clothing-womens-loungewear_sage-bralette-brief-set_flat_p0333_1024x1024.sdr.png	1		0
9569	9226-lilith-ai-products/clothing/womens/loungewear/9569_gen_products-clothing-womens-loungewear_sage-ribbed-lounge-set_flat_p0334_1024x1024.png	https://codec-corpus.r2.imazen.org/imazen-26-png-v3/9226-lilith-ai-products/clothing/womens/loungewear/9569_gen_products-clothing-womens-loungewear_sage-ribbed-lounge-set_flat_p0334_1024x1024.sdr.png	1		0
9570	9226-lilith-ai-products/clothing/womens/loungewear/9570_gen_products-clothing-womens-loungewear_sage-ribbed-set_onmodel_p0335_1024x1536.png	https://codec-corpus.r2.imazen.org/imazen-26-png-v3/9226-lilith-ai-products/clothing/womens/loungewear/9570_gen_products-clothing-womens-loungewear_sage-ribbed-set_onmodel_p0335_1024x1536.sdr.png	1		0
9571	9226-lilith-ai-products/clothing/womens/loungewear/9571_gen_products-clothing-womens-loungewear_teal-waffle-robe_flat_p0336_1024x1536.png	https://codec-corpus.r2.imazen.org/imazen-26-png-v3/9226-lilith-ai-products/clothing/womens/loungewear/9571_gen_products-clothing-womens-loungewear_teal-waffle-robe_flat_p0336_1024x1536.sdr.png	1		0
9572	9226-lilith-ai-products/clothing/womens/loungewear/9572_gen_products-clothing-womens-loungewear_terracotta-french-terry_onmodel_p0337_1024x1536.png	https://codec-corpus.r2.imazen.org/imazen-26-png-v3/9226-lilith-ai-products/clothing/womens/loungewear/9572_gen_products-clothing-womens-loungewear_terracotta-french-terry_onmodel_p0337_1024x1536.sdr.png	1		0
9573	9226-lilith-ai-products/clothing/womens/loungewear/9573_gen_products-clothing-womens-loungewear_terracotta-lounge-set_flat_p0338_1024x1024.png	https://codec-corpus.r2.imazen.org/imazen-26-png-v3/9226-lilith-ai-products/clothing/womens/loungewear/9573_gen_products-clothing-womens-loungewear_terracotta-lounge-set_flat_p0338_1024x1024.sdr.png	1		0
9574	9226-lilith-ai-products/clothing/womens/loungewear/9574_gen_products-clothing-womens-loungewear_white-faux-fur-apres-coat_onmodel_p0339_2160x3840.png	https://codec-corpus.r2.imazen.org/imazen-26-png-v3/9226-lilith-ai-products/clothing/womens/loungewear/9574_gen_products-clothing-womens-loungewear_white-faux-fur-apres-coat_onmodel_p0339_2160x3840.sdr.png	1		0
9575	9226-lilith-ai-products/clothing/womens/loungewear/9575_gen_products-clothing-womens-loungewear_blush-pajama-set_flat_p0340_1536x1024.png	https://codec-corpus.r2.imazen.org/imazen-26-png-v3/9226-lilith-ai-products/clothing/womens/loungewear/9575_gen_products-clothing-womens-loungewear_blush-pajama-set_flat_p0340_1536x1024.sdr.png	1		0
9576	9226-lilith-ai-products/clothing/womens/loungewear/9576_gen_products-clothing-womens-loungewear_bralette_flat_p0341_1024x1024.png	https://codec-corpus.r2.imazen.org/imazen-26-png-v3/9226-lilith-ai-products/clothing/womens/loungewear/9576_gen_products-clothing-womens-loungewear_bralette_flat_p0341_1024x1024.sdr.png	1		0
9577	9226-lilith-ai-products/clothing/womens/loungewear/9577_gen_products-clothing-womens-loungewear_knit-tank-set_flat_p0342_1536x1024.png	https://codec-corpus.r2.imazen.org/imazen-26-png-v3/9226-lilith-ai-products/clothing/womens/loungewear/9577_gen_products-clothing-womens-loungewear_knit-tank-set_flat_p0342_1536x1024.sdr.png	1		0
9578	9226-lilith-ai-products/clothing/womens/loungewear/9578_gen_products-clothing-womens-loungewear_lounge-set-blush_onmodel_p0343_3072x5504.jpg	https://codec-corpus.r2.imazen.org/imazen-26-png-v3/9226-lilith-ai-products/clothing/womens/loungewear/9578_gen_products-clothing-womens-loungewear_lounge-set-blush_onmodel_p0343_3072x5504.sdr.png	1		0
9579	9226-lilith-ai-products/clothing/womens/loungewear/9579_gen_products-clothing-womens-loungewear_yellow-tank-short_onmodel_p0344_1024x1536.png	https://codec-corpus.r2.imazen.org/imazen-26-png-v3/9226-lilith-ai-products/clothing/womens/loungewear/9579_gen_products-clothing-womens-loungewear_yellow-tank-short_onmodel_p0344_1024x1536.sdr.png	1		0
9580	9226-lilith-ai-products/electronics/9580_gen_products-electronics_axion-laptop-closed_p0345_1536x1024.png	https://codec-corpus.r2.imazen.org/imazen-26-png-v3/9226-lilith-ai-products/electronics/9580_gen_products-electronics_axion-laptop-closed_p0345_1536x1024.sdr.png	1		0
9581	9226-lilith-ai-products/electronics/9581_gen_products-electronics_axion-laptop-open_p0345_1536x1024.png	https://codec-corpus.r2.imazen.org/imazen-26-png-v3/9226-lilith-ai-products/electronics/9581_gen_products-electronics_axion-laptop-open_p0345_1536x1024.sdr.png	1		0
9582	9226-lilith-ai-products/electronics/9582_gen_products-electronics_axion-monitor_p0346_1536x1024.png	https://codec-corpus.r2.imazen.org/imazen-26-png-v3/9226-lilith-ai-products/electronics/9582_gen_products-electronics_axion-monitor_p0346_1536x1024.sdr.png	1		0
9583	9226-lilith-ai-products/electronics/9583_gen_products-electronics_axion-mouse-pad_p0347_1536x1024.png	https://codec-corpus.r2.imazen.org/imazen-26-png-v3/9226-lilith-ai-products/electronics/9583_gen_products-electronics_axion-mouse-pad_p0347_1536x1024.sdr.png	1		0
9584	9226-lilith-ai-products/electronics/9584_gen_products-electronics_axion-smart-speaker_p0348_1024x1536.png	https://codec-corpus.r2.imazen.org/imazen-26-png-v3/9226-lilith-ai-products/electronics/9584_gen_products-electronics_axion-smart-speaker_p0348_1024x1536.sdr.png	1		0
9585	9226-lilith-ai-products/electronics/9585_gen_products-electronics_axion-usbc-dock_p0349_1536x1024.png	https://codec-corpus.r2.imazen.org/imazen-26-png-v3/9226-lilith-ai-products/electronics/9585_gen_products-electronics_axion-usbc-dock_p0349_1536x1024.sdr.png	1		0
9586	9226-lilith-ai-products/electronics/9586_gen_products-electronics_axion-webcam_p0350_1536x1024.png	https://codec-corpus.r2.imazen.org/imazen-26-png-v3/9226-lilith-ai-products/electronics/9586_gen_products-electronics_axion-webcam_p0350_1536x1024.sdr.png	1		0
9587	9226-lilith-ai-products/electronics/9587_gen_products-electronics_axion-wireless-mouse_p0351_1024x1024.png	https://codec-corpus.r2.imazen.org/imazen-26-png-v3/9226-lilith-ai-products/electronics/9587_gen_products-electronics_axion-wireless-mouse_p0351_1024x1024.sdr.png	1		0
9588	9226-lilith-ai-products/electronics/9588_gen_products-electronics_halcyon-phone-case_p0352_1024x1536.png	https://codec-corpus.r2.imazen.org/imazen-26-png-v3/9226-lilith-ai-products/electronics/9588_gen_products-electronics_halcyon-phone-case_p0352_1024x1536.sdr.png	1		0
9589	9226-lilith-ai-products/electronics/9589_gen_products-electronics_halcyon-phone-holder_p0353_1024x1024.png	https://codec-corpus.r2.imazen.org/imazen-26-png-v3/9226-lilith-ai-products/electronics/9589_gen_products-electronics_halcyon-phone-holder_p0353_1024x1024.sdr.png	1		0
9590	9226-lilith-ai-products/electronics/9590_gen_products-electronics_halcyon-screen-protector-pack_p0354_1024x1536.png	https://codec-corpus.r2.imazen.org/imazen-26-png-v3/9226-lilith-ai-products/electronics/9590_gen_products-electronics_halcyon-screen-protector-pack_p0354_1024x1536.sdr.png	1		0
9591	9226-lilith-ai-products/electronics/9591_gen_products-electronics_harmonix-av-receiver_p0355_1536x1024.png	https://codec-corpus.r2.imazen.org/imazen-26-png-v3/9226-lilith-ai-products/electronics/9591_gen_products-electronics_harmonix-av-receiver_p0355_1536x1024.sdr.png	1		0
9592	9226-lilith-ai-products/electronics/9592_gen_products-electronics_harmonix-bluetooth-speaker_p0356_1024x1024.png	https://codec-corpus.r2.imazen.org/imazen-26-png-v3/9226-lilith-ai-products/electronics/9592_gen_products-electronics_harmonix-bluetooth-speaker_p0356_1024x1024.sdr.png	1		0
9593	9226-lilith-ai-products/electronics/9593_gen_products-electronics_harmonix-bookshelf-speakers_p0357_1536x1024.png	https://codec-corpus.r2.imazen.org/imazen-26-png-v3/9226-lilith-ai-products/electronics/9593_gen_products-electronics_harmonix-bookshelf-speakers_p0357_1536x1024.sdr.png	1		0
9594	9226-lilith-ai-products/electronics/9594_gen_products-electronics_harmonix-gaming-headset_p0358_1024x1536.png	https://codec-corpus.r2.imazen.org/imazen-26-png-v3/9226-lilith-ai-products/electronics/9594_gen_products-electronics_harmonix-gaming-headset_p0358_1024x1536.sdr.png	1		0
9595	9226-lilith-ai-products/electronics/9595_gen_products-electronics_harmonix-over-ear-headphones_p0359_1024x1536.png	https://codec-corpus.r2.imazen.org/imazen-26-png-v3/9226-lilith-ai-products/electronics/9595_gen_products-electronics_harmonix-over-ear-headphones_p0359_1024x1536.sdr.png	1		0
9596	9226-lilith-ai-products/electronics/9596_gen_products-electronics_harmonix-soundbar_p0360_1536x1024.png	https://codec-corpus.r2.imazen.org/imazen-26-png-v3/9226-lilith-ai-products/electronics/9596_gen_products-electronics_harmonix-soundbar_p0360_1536x1024.sdr.png	1		0
9597	9226-lilith-ai-products/electronics/9597_gen_products-electronics_harmonix-studio-monitors_p0361_1536x1024.png	https://codec-corpus.r2.imazen.org/imazen-26-png-v3/9226-lilith-ai-products/electronics/9597_gen_products-electronics_harmonix-studio-monitors_p0361_1536x1024.sdr.png	1		0
9598	9226-lilith-ai-products/electronics/9598_gen_products-electronics_harmonix-turntable_p0362_1024x1024.png	https://codec-corpus.r2.imazen.org/imazen-26-png-v3/9226-lilith-ai-products/electronics/9598_gen_products-electronics_harmonix-turntable_p0362_1024x1024.sdr.png	1		0
9599	9226-lilith-ai-products/electronics/9599_gen_products-electronics_harmonix-usb-microphone_p0363_1024x1536.png	https://codec-corpus.r2.imazen.org/imazen-26-png-v3/9226-lilith-ai-products/electronics/9599_gen_products-electronics_harmonix-usb-microphone_p0363_1024x1536.sdr.png	1		0
9600	9226-lilith-ai-products/electronics/9600_gen_products-electronics_kestrel-gps-sport-watch_p0364_1024x1024.png	https://codec-corpus.r2.imazen.org/imazen-26-png-v3/9226-lilith-ai-products/electronics/9600_gen_products-electronics_kestrel-gps-sport-watch_p0364_1024x1024.sdr.png	1		0
9601	9226-lilith-ai-products/electronics/9601_gen_products-electronics_kestrel-phone-tripod_p0365_1024x1536.png	https://codec-corpus.r2.imazen.org/imazen-26-png-v3/9226-lilith-ai-products/electronics/9601_gen_products-electronics_kestrel-phone-tripod_p0365_1024x1536.sdr.png	1		0
9602	9226-lilith-ai-products/electronics/9602_gen_products-electronics_lumen-ereader_p0366_1024x1536.png	https://codec-corpus.r2.imazen.org/imazen-26-png-v3/9226-lilith-ai-products/electronics/9602_gen_products-electronics_lumen-ereader_p0366_1024x1536.sdr.png	1		0
9603	9226-lilith-ai-products/electronics/9603_gen_products-electronics_lumen-led-desk-lamp_p0367_1024x1536.png	https://codec-corpus.r2.imazen.org/imazen-26-png-v3/9226-lilith-ai-products/electronics/9603_gen_products-electronics_lumen-led-desk-lamp_p0367_1024x1536.sdr.png	1		0
9604	9226-lilith-ai-products/electronics/9604_gen_products-electronics_lumen-mini-projector_p0368_1536x1024.png	https://codec-corpus.r2.imazen.org/imazen-26-png-v3/9226-lilith-ai-products/electronics/9604_gen_products-electronics_lumen-mini-projector_p0368_1536x1024.sdr.png	1		0
9605	9226-lilith-ai-products/electronics/9605_gen_products-electronics_lumen-ring-light_p0369_1024x1024.png	https://codec-corpus.r2.imazen.org/imazen-26-png-v3/9226-lilith-ai-products/electronics/9605_gen_products-electronics_lumen-ring-light_p0369_1024x1024.sdr.png	1		0
9606	9226-lilith-ai-products/electronics/9606_gen_products-electronics_lumen-stylus_p0370_1536x1024.png	https://codec-corpus.r2.imazen.org/imazen-26-png-v3/9226-lilith-ai-products/electronics/9606_gen_products-electronics_lumen-stylus_p0370_1536x1024.sdr.png	1		0
9607	9226-lilith-ai-products/electronics/9607_gen_products-electronics_meridian-earbuds-case-open_p0371_1536x1024.png	https://codec-corpus.r2.imazen.org/imazen-26-png-v3/9226-lilith-ai-products/electronics/9607_gen_products-electronics_meridian-earbuds-case-open_p0371_1536x1024.sdr.png	1		0
9608	9226-lilith-ai-products/electronics/9608_gen_products-electronics_meridian-single-earbud_p0372_1024x1024.png	https://codec-corpus.r2.imazen.org/imazen-26-png-v3/9226-lilith-ai-products/electronics/9608_gen_products-electronics_meridian-single-earbud_p0372_1024x1024.sdr.png	1		0
9609	9226-lilith-ai-products/electronics/9609_gen_products-electronics_meridian-smartphone-back_p0373_1024x1536.png	https://codec-corpus.r2.imazen.org/imazen-26-png-v3/9226-lilith-ai-products/electronics/9609_gen_products-electronics_meridian-smartphone-back_p0373_1024x1536.sdr.png	1		0
9610	9226-lilith-ai-products/electronics/9610_gen_products-electronics_meridian-smartphone-front_p0373_1024x1536.png	https://codec-corpus.r2.imazen.org/imazen-26-png-v3/9226-lilith-ai-products/electronics/9610_gen_products-electronics_meridian-smartphone-front_p0373_1024x1536.sdr.png	1		0
9611	9226-lilith-ai-products/electronics/9611_gen_products-electronics_meridian-tablet-front_p0374_1536x1024.png	https://codec-corpus.r2.imazen.org/imazen-26-png-v3/9226-lilith-ai-products/electronics/9611_gen_products-electronics_meridian-tablet-front_p0374_1536x1024.sdr.png	1		0
9612	9226-lilith-ai-products/electronics/9612_gen_products-electronics_meridian-tablet-side_p0374_1536x1024.png	https://codec-corpus.r2.imazen.org/imazen-26-png-v3/9226-lilith-ai-products/electronics/9612_gen_products-electronics_meridian-tablet-side_p0374_1536x1024.sdr.png	1		0
9613	9226-lilith-ai-products/electronics/9613_gen_products-electronics_meridian-wireless-charger_p0375_1024x1024.png	https://codec-corpus.r2.imazen.org/imazen-26-png-v3/9226-lilith-ai-products/electronics/9613_gen_products-electronics_meridian-wireless-charger_p0375_1024x1024.sdr.png	1		0
9614	9226-lilith-ai-products/electronics/9614_gen_products-electronics_northkey-mechanical-keyboard_p0376_1536x1024.png	https://codec-corpus.r2.imazen.org/imazen-26-png-v3/9226-lilith-ai-products/electronics/9614_gen_products-electronics_northkey-mechanical-keyboard_p0376_1536x1024.sdr.png	1		0
9615	9226-lilith-ai-products/electronics/9615_gen_products-electronics_orbit-smart-ring_p0377_1024x1024.png	https://codec-corpus.r2.imazen.org/imazen-26-png-v3/9226-lilith-ai-products/electronics/9615_gen_products-electronics_orbit-smart-ring_p0377_1024x1024.sdr.png	1		0
9616	9226-lilith-ai-products/electronics/9616_gen_products-electronics_orbit-smartwatch_p0378_1024x1024.png	https://codec-corpus.r2.imazen.org/imazen-26-png-v3/9226-lilith-ai-products/electronics/9616_gen_products-electronics_orbit-smartwatch_p0378_1024x1024.sdr.png	1		0
9617	9226-lilith-ai-products/electronics/9617_gen_products-electronics_pixelforge-gaming-controller_p0379_1536x1024.png	https://codec-corpus.r2.imazen.org/imazen-26-png-v3/9226-lilith-ai-products/electronics/9617_gen_products-electronics_pixelforge-gaming-controller_p0379_1536x1024.sdr.png	1		0
9618	9226-lilith-ai-products/electronics/9618_gen_products-electronics_pixelforge-handheld-console_p0380_1536x1024.png	https://codec-corpus.r2.imazen.org/imazen-26-png-v3/9226-lilith-ai-products/electronics/9618_gen_products-electronics_pixelforge-handheld-console_p0380_1536x1024.sdr.png	1		0
9619	9226-lilith-ai-products/electronics/9619_gen_products-electronics_pixelforge-retro-mini-console_p0381_1536x1024.png	https://codec-corpus.r2.imazen.org/imazen-26-png-v3/9226-lilith-ai-products/electronics/9619_gen_products-electronics_pixelforge-retro-mini-console_p0381_1536x1024.sdr.png	1		0
9620	9226-lilith-ai-products/electronics/9620_gen_products-electronics_pulse-fitness-band_p0382_1536x1024.png	https://codec-corpus.r2.imazen.org/imazen-26-png-v3/9226-lilith-ai-products/electronics/9620_gen_products-electronics_pulse-fitness-band_p0382_1536x1024.sdr.png	1		0
9621	9226-lilith-ai-products/electronics/9621_gen_products-electronics_skylark-compact-drone_p0383_1536x1024.png	https://codec-corpus.r2.imazen.org/imazen-26-png-v3/9226-lilith-ai-products/electronics/9621_gen_products-electronics_skylark-compact-drone_p0383_1536x1024.sdr.png	1		0
9622	9226-lilith-ai-products/electronics/9622_gen_products-electronics_voltflux-action-camera_p0384_1024x1024.png	https://codec-corpus.r2.imazen.org/imazen-26-png-v3/9226-lilith-ai-products/electronics/9622_gen_products-electronics_voltflux-action-camera_p0384_1024x1024.sdr.png	1		0
9623	9226-lilith-ai-products/electronics/9623_gen_products-electronics_voltflux-dashcam_p0385_1536x1024.png	https://codec-corpus.r2.imazen.org/imazen-26-png-v3/9226-lilith-ai-products/electronics/9623_gen_products-electronics_voltflux-dashcam_p0385_1536x1024.sdr.png	1		0
9624	9226-lilith-ai-products/electronics/9624_gen_products-electronics_voltflux-external-hdd_p0386_1536x1024.png	https://codec-corpus.r2.imazen.org/imazen-26-png-v3/9226-lilith-ai-products/electronics/9624_gen_products-electronics_voltflux-external-hdd_p0386_1536x1024.sdr.png	1		0
9625	9226-lilith-ai-products/electronics/9625_gen_products-electronics_voltflux-external-ssd_p0387_1024x1024.png	https://codec-corpus.r2.imazen.org/imazen-26-png-v3/9226-lilith-ai-products/electronics/9625_gen_products-electronics_voltflux-external-ssd_p0387_1024x1024.sdr.png	1		0
9626	9226-lilith-ai-products/electronics/9626_gen_products-electronics_voltflux-mobile-hotspot_p0388_1024x1536.png	https://codec-corpus.r2.imazen.org/imazen-26-png-v3/9226-lilith-ai-products/electronics/9626_gen_products-electronics_voltflux-mobile-hotspot_p0388_1024x1536.sdr.png	1		0
9627	9226-lilith-ai-products/electronics/9627_gen_products-electronics_voltflux-mobile-printer_p0389_1536x1024.png	https://codec-corpus.r2.imazen.org/imazen-26-png-v3/9226-lilith-ai-products/electronics/9627_gen_products-electronics_voltflux-mobile-printer_p0389_1536x1024.sdr.png	1		0
9628	9226-lilith-ai-products/electronics/9628_gen_products-electronics_voltflux-power-bank_p0390_1536x1024.png	https://codec-corpus.r2.imazen.org/imazen-26-png-v3/9226-lilith-ai-products/electronics/9628_gen_products-electronics_voltflux-power-bank_p0390_1536x1024.sdr.png	1		0
9629	9226-lilith-ai-products/electronics/9629_gen_products-electronics_voltflux-streaming-stick_p0391_1536x1024.png	https://codec-corpus.r2.imazen.org/imazen-26-png-v3/9226-lilith-ai-products/electronics/9629_gen_products-electronics_voltflux-streaming-stick_p0391_1536x1024.sdr.png	1		0
9630	9226-lilith-ai-products/footwear/9630_gen_products-footwear_amber-canvas-skate-sneaker_p0392_1536x1024.png	https://codec-corpus.r2.imazen.org/imazen-26-png-v3/9226-lilith-ai-products/footwear/9630_gen_products-footwear_amber-canvas-skate-sneaker_p0392_1536x1024.sdr.png	1		0
9631	9226-lilith-ai-products/footwear/9631_gen_products-footwear_buttercup-jelly-sandal_p0393_1024x1536.png	https://codec-corpus.r2.imazen.org/imazen-26-png-v3/9226-lilith-ai-products/footwear/9631_gen_products-footwear_buttercup-jelly-sandal_p0393_1024x1536.sdr.png	1		0
9632	9226-lilith-ai-products/footwear/9632_gen_products-footwear_chartreuse-strappy-stilettos_p0394_3840x2160.png	https://codec-corpus.r2.imazen.org/imazen-26-png-v3/9226-lilith-ai-products/footwear/9632_gen_products-footwear_chartreuse-strappy-stilettos_p0394_3840x2160.sdr.png	1		0
9633	9226-lilith-ai-products/footwear/9633_gen_products-footwear_chartreuse-trail-runner_p0395_1536x1024.png	https://codec-corpus.r2.imazen.org/imazen-26-png-v3/9226-lilith-ai-products/footwear/9633_gen_products-footwear_chartreuse-trail-runner_p0395_1536x1024.sdr.png	1		0
9634	9226-lilith-ai-products/footwear/9634_gen_products-footwear_chunky-dad-sneakers_p0396_3840x2160.png	https://codec-corpus.r2.imazen.org/imazen-26-png-v3/9226-lilith-ai-products/footwear/9634_gen_products-footwear_chunky-dad-sneakers_p0396_3840x2160.sdr.png	1		0
9635	9226-lilith-ai-products/footwear/9635_gen_products-footwear_chunky-dad-sneakers_detail_p0396_3840x2160.png	https://codec-corpus.r2.imazen.org/imazen-26-png-v3/9226-lilith-ai-products/footwear/9635_gen_products-footwear_chunky-dad-sneakers_detail_p0396_3840x2160.sdr.png	1		0
9636	9226-lilith-ai-products/footwear/9636_gen_products-footwear_cobalt-lime-knit-racer_p0397_2816x1536.png	https://codec-corpus.r2.imazen.org/imazen-26-png-v3/9226-lilith-ai-products/footwear/9636_gen_products-footwear_cobalt-lime-knit-racer_p0397_2816x1536.sdr.png	1		0
9637	9226-lilith-ai-products/footwear/9637_gen_products-footwear_cobalt-star-western-boots_p0398_3840x2160.png	https://codec-corpus.r2.imazen.org/imazen-26-png-v3/9226-lilith-ai-products/footwear/9637_gen_products-footwear_cobalt-star-western-boots_p0398_3840x2160.sdr.png	1		0
9638	9226-lilith-ai-products/footwear/9638_gen_products-footwear_cobalt-suede-cowboy-boot_p0399_1024x1536.png	https://codec-corpus.r2.imazen.org/imazen-26-png-v3/9226-lilith-ai-products/footwear/9638_gen_products-footwear_cobalt-suede-cowboy-boot_p0399_1024x1536.sdr.png	1		0
9639	9226-lilith-ai-products/footwear/9639_gen_products-footwear_cobalt-western-boots_p0400_3840x2160.png	https://codec-corpus.r2.imazen.org/imazen-26-png-v3/9226-lilith-ai-products/footwear/9639_gen_products-footwear_cobalt-western-boots_p0400_3840x2160.sdr.png	1		0
9640	9226-lilith-ai-products/footwear/9640_gen_products-footwear_coral-black-daily-trainer_p0401_2816x1536.png	https://codec-corpus.r2.imazen.org/imazen-26-png-v3/9226-lilith-ai-products/footwear/9640_gen_products-footwear_coral-black-daily-trainer_p0401_2816x1536.sdr.png	1		0
9641	9226-lilith-ai-products/footwear/9641_gen_products-footwear_kids-rain-boot-rainbow_p0402_1536x1024.png	https://codec-corpus.r2.imazen.org/imazen-26-png-v3/9226-lilith-ai-products/footwear/9641_gen_products-footwear_kids-rain-boot-rainbow_p0402_1536x1024.sdr.png	1		0
9642	9226-lilith-ai-products/footwear/9642_gen_products-footwear_kids-sandal-closed-toe-sage_p0403_1536x1024.png	https://codec-corpus.r2.imazen.org/imazen-26-png-v3/9226-lilith-ai-products/footwear/9642_gen_products-footwear_kids-sandal-closed-toe-sage_p0403_1536x1024.sdr.png	1		0
9643	9226-lilith-ai-products/footwear/9643_gen_products-footwear_mens-chukka-boot-camel_p0404_1536x1024.png	https://codec-corpus.r2.imazen.org/imazen-26-png-v3/9226-lilith-ai-products/footwear/9643_gen_products-footwear_mens-chukka-boot-camel_p0404_1536x1024.sdr.png	1		0
9644	9226-lilith-ai-products/footwear/9644_gen_products-footwear_mens-flip-flop-olive_p0405_1536x1024.png	https://codec-corpus.r2.imazen.org/imazen-26-png-v3/9226-lilith-ai-products/footwear/9644_gen_products-footwear_mens-flip-flop-olive_p0405_1536x1024.sdr.png	1		0
9645	9226-lilith-ai-products/footwear/9645_gen_products-footwear_mens-loafer-penny-brown_p0406_1536x1024.png	https://codec-corpus.r2.imazen.org/imazen-26-png-v3/9226-lilith-ai-products/footwear/9645_gen_products-footwear_mens-loafer-penny-brown_p0406_1536x1024.sdr.png	1		0
9646	9226-lilith-ai-products/footwear/9646_gen_products-footwear_mens-slide-sport-charcoal_p0407_1536x1024.png	https://codec-corpus.r2.imazen.org/imazen-26-png-v3/9226-lilith-ai-products/footwear/9646_gen_products-footwear_mens-slide-sport-charcoal_p0407_1536x1024.sdr.png	1		0
9647	9226-lilith-ai-products/footwear/9647_gen_products-footwear_womens-ankle-boot-tan_p0408_1536x1024.png	https://codec-corpus.r2.imazen.org/imazen-26-png-v3/9226-lilith-ai-products/footwear/9647_gen_products-footwear_womens-ankle-boot-tan_p0408_1536x1024.sdr.png	1		0
9648	9226-lilith-ai-products/footwear/9648_gen_products-footwear_womens-espadrille-terracotta_p0409_1536x1024.png	https://codec-corpus.r2.imazen.org/imazen-26-png-v3/9226-lilith-ai-products/footwear/9648_gen_products-footwear_womens-espadrille-terracotta_p0409_1536x1024.sdr.png	1		0
9649	9226-lilith-ai-products/footwear/9649_gen_products-footwear_womens-mary-jane-flat-black_p0410_1536x1024.png	https://codec-corpus.r2.imazen.org/imazen-26-png-v3/9226-lilith-ai-products/footwear/9649_gen_products-footwear_womens-mary-jane-flat-black_p0410_1536x1024.sdr.png	1		0
9650	9226-lilith-ai-products/footwear/9650_gen_products-footwear_womens-mule-loafer-sage_p0411_1536x1024.png	https://codec-corpus.r2.imazen.org/imazen-26-png-v3/9226-lilith-ai-products/footwear/9650_gen_products-footwear_womens-mule-loafer-sage_p0411_1536x1024.sdr.png	1		0
9651	9226-lilith-ai-products/footwear/9651_gen_products-footwear_womens-rain-boot-short-yellow_p0412_1536x1024.png	https://codec-corpus.r2.imazen.org/imazen-26-png-v3/9226-lilith-ai-products/footwear/9651_gen_products-footwear_womens-rain-boot-short-yellow_p0412_1536x1024.sdr.png	1		0
9652	9226-lilith-ai-products/footwear/9652_gen_products-footwear_womens-slide-sandal-coral_p0413_1536x1024.png	https://codec-corpus.r2.imazen.org/imazen-26-png-v3/9226-lilith-ai-products/footwear/9652_gen_products-footwear_womens-slide-sandal-coral_p0413_1536x1024.sdr.png	1		0
9653	9226-lilith-ai-products/footwear/9653_gen_products-footwear_womens-strappy-sandal-teal_p0414_1536x1024.png	https://codec-corpus.r2.imazen.org/imazen-26-png-v3/9226-lilith-ai-products/footwear/9653_gen_products-footwear_womens-strappy-sandal-teal_p0414_1536x1024.sdr.png	1		0
9654	9226-lilith-ai-products/footwear/9654_gen_products-footwear_womens-wedge-sandal-cream_p0415_1536x1024.png	https://codec-corpus.r2.imazen.org/imazen-26-png-v3/9226-lilith-ai-products/footwear/9654_gen_products-footwear_womens-wedge-sandal-cream_p0415_1536x1024.sdr.png	1		0
9655	9226-lilith-ai-products/footwear/9655_gen_products-footwear_green-retro-low-trainers_p0416_3840x2160.png	https://codec-corpus.r2.imazen.org/imazen-26-png-v3/9226-lilith-ai-products/footwear/9655_gen_products-footwear_green-retro-low-trainers_p0416_3840x2160.sdr.png	1		0
9656	9226-lilith-ai-products/footwear/9656_gen_products-footwear_ivory-snow-puffer-boot_p0417_1024x1536.png	https://codec-corpus.r2.imazen.org/imazen-26-png-v3/9226-lilith-ai-products/footwear/9656_gen_products-footwear_ivory-snow-puffer-boot_p0417_1024x1536.sdr.png	1		0
9657	9226-lilith-ai-products/footwear/9657_gen_products-footwear_kids-hiking-shoes-navy-orange_p0418_2816x1536.png	https://codec-corpus.r2.imazen.org/imazen-26-png-v3/9226-lilith-ai-products/footwear/9657_gen_products-footwear_kids-hiking-shoes-navy-orange_p0418_2816x1536.sdr.png	1		0
9658	9226-lilith-ai-products/footwear/9658_gen_products-footwear_kids-hook-loop-sneakers-coral-teal_p0419_5504x3072.jpg	https://codec-corpus.r2.imazen.org/imazen-26-png-v3/9226-lilith-ai-products/footwear/9658_gen_products-footwear_kids-hook-loop-sneakers-coral-teal_p0419_5504x3072.sdr.png	1		0
9659	9226-lilith-ai-products/footwear/9659_gen_products-footwear_mens-casual-canvas-sneakers-tan_p0420_2816x1536.png	https://codec-corpus.r2.imazen.org/imazen-26-png-v3/9226-lilith-ai-products/footwear/9659_gen_products-footwear_mens-casual-canvas-sneakers-tan_p0420_2816x1536.sdr.png	1		0
9660	9226-lilith-ai-products/footwear/9660_gen_products-footwear_mens-sport-sandals-olive_p0421_2816x1536.png	https://codec-corpus.r2.imazen.org/imazen-26-png-v3/9226-lilith-ai-products/footwear/9660_gen_products-footwear_mens-sport-sandals-olive_p0421_2816x1536.sdr.png	1		0
9661	9226-lilith-ai-products/footwear/9661_gen_products-footwear_mens-waterproof-hiking-boots-brown_p0422_2816x1536.png	https://codec-corpus.r2.imazen.org/imazen-26-png-v3/9226-lilith-ai-products/footwear/9661_gen_products-footwear_mens-waterproof-hiking-boots-brown_p0422_2816x1536.sdr.png	1		0
9662	9226-lilith-ai-products/footwear/9662_gen_products-footwear_metallic-block-sandals_p0423_3840x2160.png	https://codec-corpus.r2.imazen.org/imazen-26-png-v3/9226-lilith-ai-products/footwear/9662_gen_products-footwear_metallic-block-sandals_p0423_3840x2160.sdr.png	1		0
9663	9226-lilith-ai-products/footwear/9663_gen_products-footwear_midnight-glitter-pump_p0424_1024x1536.png	https://codec-corpus.r2.imazen.org/imazen-26-png-v3/9226-lilith-ai-products/footwear/9663_gen_products-footwear_midnight-glitter-pump_p0424_1024x1536.sdr.png	1		0
9664	9226-lilith-ai-products/footwear/9664_gen_products-footwear_neon-coral-clog-mule_p0425_1024x1536.png	https://codec-corpus.r2.imazen.org/imazen-26-png-v3/9226-lilith-ai-products/footwear/9664_gen_products-footwear_neon-coral-clog-mule_p0425_1024x1536.sdr.png	1		0
9665	9226-lilith-ai-products/footwear/9665_gen_products-footwear_olive-suede-chelsea-boot_p0426_1024x1536.png	https://codec-corpus.r2.imazen.org/imazen-26-png-v3/9226-lilith-ai-products/footwear/9665_gen_products-footwear_olive-suede-chelsea-boot_p0426_1024x1536.sdr.png	1		0
9666	9226-lilith-ai-products/footwear/9666_gen_products-footwear_red-mary-jane-ballet-sneakers_p0427_3840x2160.png	https://codec-corpus.r2.imazen.org/imazen-26-png-v3/9226-lilith-ai-products/footwear/9666_gen_products-footwear_red-mary-jane-ballet-sneakers_p0427_3840x2160.sdr.png	1		0
9667	9226-lilith-ai-products/footwear/9667_gen_products-footwear_rose-quartz-strappy-sandal_p0428_1024x1536.png	https://codec-corpus.r2.imazen.org/imazen-26-png-v3/9226-lilith-ai-products/footwear/9667_gen_products-footwear_rose-quartz-strappy-sandal_p0428_1024x1536.sdr.png	1		0
9668	9226-lilith-ai-products/footwear/9668_gen_products-footwear_scarlet-patent-pumps_p0429_3840x2160.png	https://codec-corpus.r2.imazen.org/imazen-26-png-v3/9226-lilith-ai-products/footwear/9668_gen_products-footwear_scarlet-patent-pumps_p0429_3840x2160.sdr.png	1		0
9669	9226-lilith-ai-products/footwear/9669_gen_products-footwear_silver-fringe-party-flats_p0430_3840x2160.png	https://codec-corpus.r2.imazen.org/imazen-26-png-v3/9226-lilith-ai-products/footwear/9669_gen_products-footwear_silver-fringe-party-flats_p0430_3840x2160.sdr.png	1		0
9670	9226-lilith-ai-products/footwear/9670_gen_products-footwear_tomato-leather-platform-loafer_p0431_1024x1536.png	https://codec-corpus.r2.imazen.org/imazen-26-png-v3/9226-lilith-ai-products/footwear/9670_gen_products-footwear_tomato-leather-platform-loafer_p0431_1024x1536.sdr.png	1		0
9671	9226-lilith-ai-products/footwear/9671_gen_products-footwear_womens-canvas-sneakers-white_p0432_5504x3072.jpg	https://codec-corpus.r2.imazen.org/imazen-26-png-v3/9226-lilith-ai-products/footwear/9671_gen_products-footwear_womens-canvas-sneakers-white_p0432_5504x3072.sdr.png	1		0
9672	9226-lilith-ai-products/footwear/9672_gen_products-footwear_womens-insulated-snow-boots-charcoal_p0433_2816x1536.png	https://codec-corpus.r2.imazen.org/imazen-26-png-v3/9226-lilith-ai-products/footwear/9672_gen_products-footwear_womens-insulated-snow-boots-charcoal_p0433_2816x1536.sdr.png	1		0
9673	9226-lilith-ai-products/footwear/9673_gen_products-footwear_womens-slide-sandals-tan_p0434_5504x3072.jpg	https://codec-corpus.r2.imazen.org/imazen-26-png-v3/9226-lilith-ai-products/footwear/9673_gen_products-footwear_womens-slide-sandals-tan_p0434_5504x3072.sdr.png	1		0
9674	9226-lilith-ai-products/footwear/9674_gen_products-footwear_womens-trail-running-shoes-teal_p0435_2816x1536.png	https://codec-corpus.r2.imazen.org/imazen-26-png-v3/9226-lilith-ai-products/footwear/9674_gen_products-footwear_womens-trail-running-shoes-teal_p0435_2816x1536.sdr.png	1		0
9675	9226-lilith-ai-products/grocery/9675_gen_products-grocery_blackpine-french-roast-whole-bean-coffee-bag_p0436_1024x1536.png	https://codec-corpus.r2.imazen.org/imazen-26-png-v3/9226-lilith-ai-products/grocery/9675_gen_products-grocery_blackpine-french-roast-whole-bean-coffee-bag_p0436_1024x1536.sdr.png	1		0
9676	9226-lilith-ai-products/grocery/9676_gen_products-grocery_cocoavera-72-dark-chocolate-bar_p0437_1024x1536.png	https://codec-corpus.r2.imazen.org/imazen-26-png-v3/9226-lilith-ai-products/grocery/9676_gen_products-grocery_cocoavera-72-dark-chocolate-bar_p0437_1024x1536.sdr.png	1		0
9677	9226-lilith-ai-products/grocery/9677_gen_products-grocery_emberlane-chipotle-hot-sauce-bottle_p0438_1024x1536.png	https://codec-corpus.r2.imazen.org/imazen-26-png-v3/9226-lilith-ai-products/grocery/9677_gen_products-grocery_emberlane-chipotle-hot-sauce-bottle_p0438_1024x1536.sdr.png	1		0
9678	9226-lilith-ai-products/grocery/9678_gen_products-grocery_cereal-box-coral_p0439_1024x1536.png	https://codec-corpus.r2.imazen.org/imazen-26-png-v3/9226-lilith-ai-products/grocery/9678_gen_products-grocery_cereal-box-coral_p0439_1024x1536.sdr.png	1		0
9679	9226-lilith-ai-products/grocery/9679_gen_products-grocery_harborhouse-chicken-rice-frozen-meal-box_p0440_1536x1024.png	https://codec-corpus.r2.imazen.org/imazen-26-png-v3/9226-lilith-ai-products/grocery/9679_gen_products-grocery_harborhouse-chicken-rice-frozen-meal-box_p0440_1536x1024.sdr.png	1		0
9680	9226-lilith-ai-products/grocery/9680_gen_products-grocery_harborhouse-creamy-tomato-soup-can_p0441_1024x1536.png	https://codec-corpus.r2.imazen.org/imazen-26-png-v3/9226-lilith-ai-products/grocery/9680_gen_products-grocery_harborhouse-creamy-tomato-soup-can_p0441_1024x1536.sdr.png	1		0
9681	9226-lilith-ai-products/grocery/9681_gen_products-grocery_hearthrow-sea-salt-crackers-box_p0442_1536x1024.png	https://codec-corpus.r2.imazen.org/imazen-26-png-v3/9226-lilith-ai-products/grocery/9681_gen_products-grocery_hearthrow-sea-salt-crackers-box_p0442_1536x1024.sdr.png	1		0
9682	9226-lilith-ai-products/grocery/9682_gen_products-grocery_honeyrun-creamy-peanut-butter-jar_p0443_1024x1536.png	https://codec-corpus.r2.imazen.org/imazen-26-png-v3/9226-lilith-ai-products/grocery/9682_gen_products-grocery_honeyrun-creamy-peanut-butter-jar_p0443_1024x1536.sdr.png	1		0
9683	9226-lilith-ai-products/grocery/9683_gen_products-grocery_honeyrun-wildflower-honey-jar_p0444_1024x1536.png	https://codec-corpus.r2.imazen.org/imazen-26-png-v3/9226-lilith-ai-products/grocery/9683_gen_products-grocery_honeyrun-wildflower-honey-jar_p0444_1024x1536.sdr.png	1		0
9684	9226-lilith-ai-products/grocery/9684_gen_products-grocery_kettlebloom-white-cheddar-popcorn-bag_p0445_1024x1536.png	https://codec-corpus.r2.imazen.org/imazen-26-png-v3/9226-lilith-ai-products/grocery/9684_gen_products-grocery_kettlebloom-white-cheddar-popcorn-bag_p0445_1024x1536.sdr.png	1		0
9685	9226-lilith-ai-products/grocery/9685_gen_products-grocery_mesa-azul-blue-corn-tortilla-chips-bag_p0446_1024x1536.png	https://codec-corpus.r2.imazen.org/imazen-26-png-v3/9226-lilith-ai-products/grocery/9685_gen_products-grocery_mesa-azul-blue-corn-tortilla-chips-bag_p0446_1024x1536.sdr.png	1		0
9686	9226-lilith-ai-products/grocery/9686_gen_products-grocery_mossfield-earl-grey-tea-box_p0447_1024x1536.png	https://codec-corpus.r2.imazen.org/imazen-26-png-v3/9226-lilith-ai-products/grocery/9686_gen_products-grocery_mossfield-earl-grey-tea-box_p0447_1024x1536.sdr.png	1		0
9687	9226-lilith-ai-products/grocery/9687_gen_products-grocery_northvale-almond-honey-snack-bars-multipack_p0448_1536x1024.png	https://codec-corpus.r2.imazen.org/imazen-26-png-v3/9226-lilith-ai-products/grocery/9687_gen_products-grocery_northvale-almond-honey-snack-bars-multipack_p0448_1536x1024.sdr.png	1		0
9688	9226-lilith-ai-products/grocery/9688_gen_products-grocery_olivetto-extra-virgin-olive-oil-bottle_p0449_1024x1536.png	https://codec-corpus.r2.imazen.org/imazen-26-png-v3/9226-lilith-ai-products/grocery/9688_gen_products-grocery_olivetto-extra-virgin-olive-oil-bottle_p0449_1024x1536.sdr.png	1		0
9689	9226-lilith-ai-products/grocery/9689_gen_products-grocery_orchardmark-strawberry-rhubarb-jam-jar_p0450_1024x1536.png	https://codec-corpus.r2.imazen.org/imazen-26-png-v3/9226-lilith-ai-products/grocery/9689_gen_products-grocery_orchardmark-strawberry-rhubarb-jam-jar_p0450_1024x1536.sdr.png	1		0
9690	9226-lilith-ai-products/grocery/9690_gen_products-grocery_porto-fino-bronze-cut-penne-box_p0451_1024x1536.png	https://codec-corpus.r2.imazen.org/imazen-26-png-v3/9226-lilith-ai-products/grocery/9690_gen_products-grocery_porto-fino-bronze-cut-penne-box_p0451_1024x1536.sdr.png	1		0
9691	9226-lilith-ai-products/grocery/9691_gen_products-grocery_portofino-spaghetti-dried-pasta-box_p0452_1024x1536.png	https://codec-corpus.r2.imazen.org/imazen-26-png-v3/9226-lilith-ai-products/grocery/9691_gen_products-grocery_portofino-spaghetti-dried-pasta-box_p0452_1024x1536.sdr.png	1		0
9692	9226-lilith-ai-products/grocery/9692_gen_products-grocery_saltcellar-himalayan-pink-salt-grinder_p0453_1024x1536.png	https://codec-corpus.r2.imazen.org/imazen-26-png-v3/9226-lilith-ai-products/grocery/9692_gen_products-grocery_saltcellar-himalayan-pink-salt-grinder_p0453_1024x1536.sdr.png	1		0
9693	9226-lilith-ai-products/grocery/9693_gen_products-grocery_saltcellar-tellicherry-pepper-grinder_p0454_1024x1536.png	https://codec-corpus.r2.imazen.org/imazen-26-png-v3/9226-lilith-ai-products/grocery/9693_gen_products-grocery_saltcellar-tellicherry-pepper-grinder_p0454_1024x1536.sdr.png	1		0
9694	9226-lilith-ai-products/grocery/9694_gen_products-grocery_shoyumaru-naturally-brewed-soy-sauce-bottle_p0455_1024x1536.png	https://codec-corpus.r2.imazen.org/imazen-26-png-v3/9226-lilith-ai-products/grocery/9694_gen_products-grocery_shoyumaru-naturally-brewed-soy-sauce-bottle_p0455_1024x1536.sdr.png	1		0
9695	9226-lilith-ai-products/grocery/9695_gen_products-grocery_smokybluff-avocado-cooking-spray-can_p0456_1024x1536.png	https://codec-corpus.r2.imazen.org/imazen-26-png-v3/9226-lilith-ai-products/grocery/9695_gen_products-grocery_smokybluff-avocado-cooking-spray-can_p0456_1024x1536.sdr.png	1		0
9696	9226-lilith-ai-products/grocery/9696_gen_products-grocery_smokybluff-classic-yellow-mustard-squeeze-bottle_p0457_1024x1536.png	https://codec-corpus.r2.imazen.org/imazen-26-png-v3/9226-lilith-ai-products/grocery/9696_gen_products-grocery_smokybluff-classic-yellow-mustard-squeeze-bottle_p0457_1024x1536.sdr.png	1		0
9697	9226-lilith-ai-products/grocery/9697_gen_products-grocery_verdecasa-roasted-tomato-salsa-jar_p0458_1024x1536.png	https://codec-corpus.r2.imazen.org/imazen-26-png-v3/9226-lilith-ai-products/grocery/9697_gen_products-grocery_verdecasa-roasted-tomato-salsa-jar_p0458_1024x1536.sdr.png	1		0
9698	9226-lilith-ai-products/grocery/9698_gen_products-grocery_wildoak-honey-oat-cereal-box_p0459_1024x1536.png	https://codec-corpus.r2.imazen.org/imazen-26-png-v3/9226-lilith-ai-products/grocery/9698_gen_products-grocery_wildoak-honey-oat-cereal-box_p0459_1024x1536.sdr.png	1		0
9699	9226-lilith-ai-products/grocery/9699_gen_products-grocery_wildoak-maple-pecan-granola-bag_p0460_1024x1536.png	https://codec-corpus.r2.imazen.org/imazen-26-png-v3/9226-lilith-ai-products/grocery/9699_gen_products-grocery_wildoak-maple-pecan-granola-bag_p0460_1024x1536.sdr.png	1		0
9700	9226-lilith-ai-products/grocery/9700_gen_products-grocery_wildoak-old-fashioned-oats-canister_p0461_1024x1536.png	https://codec-corpus.r2.imazen.org/imazen-26-png-v3/9226-lilith-ai-products/grocery/9700_gen_products-grocery_wildoak-old-fashioned-oats-canister_p0461_1024x1536.sdr.png	1		0
9701	9226-lilith-ai-products/grocery/whitelabel/9701_gen_products-grocery-whitelabel_coffee-bag-whole-bean_p0462_1024x1536.png	https://codec-corpus.r2.imazen.org/imazen-26-png-v3/9226-lilith-ai-products/grocery/whitelabel/9701_gen_products-grocery-whitelabel_coffee-bag-whole-bean_p0462_1024x1536.sdr.png	1		0
9702	9226-lilith-ai-products/grocery/whitelabel/9702_gen_products-grocery-whitelabel_condiment-squeeze-bottle_p0463_1024x1536.png	https://codec-corpus.r2.imazen.org/imazen-26-png-v3/9226-lilith-ai-products/grocery/whitelabel/9702_gen_products-grocery-whitelabel_condiment-squeeze-bottle_p0463_1024x1536.sdr.png	1		0
9703	9226-lilith-ai-products/grocery/whitelabel/9703_gen_products-grocery-whitelabel_cooking-spray-can_p0464_1024x1536.png	https://codec-corpus.r2.imazen.org/imazen-26-png-v3/9226-lilith-ai-products/grocery/whitelabel/9703_gen_products-grocery-whitelabel_cooking-spray-can_p0464_1024x1536.sdr.png	1		0
9704	9226-lilith-ai-products/grocery/whitelabel/9704_gen_products-grocery-whitelabel_crackers-box-sage_p0465_1536x1024.png	https://codec-corpus.r2.imazen.org/imazen-26-png-v3/9226-lilith-ai-products/grocery/whitelabel/9704_gen_products-grocery-whitelabel_crackers-box-sage_p0465_1536x1024.sdr.png	1		0
9705	9226-lilith-ai-products/grocery/whitelabel/9705_gen_products-grocery-whitelabel_dark-chocolate-bar_p0466_1024x1536.png	https://codec-corpus.r2.imazen.org/imazen-26-png-v3/9226-lilith-ai-products/grocery/whitelabel/9705_gen_products-grocery-whitelabel_dark-chocolate-bar_p0466_1024x1536.sdr.png	1		0
9706	9226-lilith-ai-products/grocery/whitelabel/9706_gen_products-grocery-whitelabel_dried-pasta-spaghetti_p0467_1024x1536.png	https://codec-corpus.r2.imazen.org/imazen-26-png-v3/9226-lilith-ai-products/grocery/whitelabel/9706_gen_products-grocery-whitelabel_dried-pasta-spaghetti_p0467_1024x1536.sdr.png	1		0
9707	9226-lilith-ai-products/grocery/whitelabel/9707_gen_products-grocery-whitelabel_frozen-meal-box_p0468_1536x1024.png	https://codec-corpus.r2.imazen.org/imazen-26-png-v3/9226-lilith-ai-products/grocery/whitelabel/9707_gen_products-grocery-whitelabel_frozen-meal-box_p0468_1536x1024.sdr.png	1		0
9708	9226-lilith-ai-products/grocery/whitelabel/9708_gen_products-grocery-whitelabel_granola-bag-kraft_p0469_1024x1536.png	https://codec-corpus.r2.imazen.org/imazen-26-png-v3/9226-lilith-ai-products/grocery/whitelabel/9708_gen_products-grocery-whitelabel_granola-bag-kraft_p0469_1024x1536.sdr.png	1		0
9709	9226-lilith-ai-products/grocery/whitelabel/9709_gen_products-grocery-whitelabel_honey-jar-hex_p0470_1024x1536.png	https://codec-corpus.r2.imazen.org/imazen-26-png-v3/9226-lilith-ai-products/grocery/whitelabel/9709_gen_products-grocery-whitelabel_honey-jar-hex_p0470_1024x1536.sdr.png	1		0
9710	9226-lilith-ai-products/grocery/whitelabel/9710_gen_products-grocery-whitelabel_hot-sauce-bottle_p0471_1024x1536.png	https://codec-corpus.r2.imazen.org/imazen-26-png-v3/9226-lilith-ai-products/grocery/whitelabel/9710_gen_products-grocery-whitelabel_hot-sauce-bottle_p0471_1024x1536.sdr.png	1		0
9711	9226-lilith-ai-products/grocery/whitelabel/9711_gen_products-grocery-whitelabel_jam-jar-strawberry_p0472_1024x1536.png	https://codec-corpus.r2.imazen.org/imazen-26-png-v3/9226-lilith-ai-products/grocery/whitelabel/9711_gen_products-grocery-whitelabel_jam-jar-strawberry_p0472_1024x1536.sdr.png	1		0
9712	9226-lilith-ai-products/grocery/whitelabel/9712_gen_products-grocery-whitelabel_oatmeal-canister_p0473_1024x1536.png	https://codec-corpus.r2.imazen.org/imazen-26-png-v3/9226-lilith-ai-products/grocery/whitelabel/9712_gen_products-grocery-whitelabel_oatmeal-canister_p0473_1024x1536.sdr.png	1		0
9713	9226-lilith-ai-products/grocery/whitelabel/9713_gen_products-grocery-whitelabel_olive-oil-bottle_p0474_1024x1536.png	https://codec-corpus.r2.imazen.org/imazen-26-png-v3/9226-lilith-ai-products/grocery/whitelabel/9713_gen_products-grocery-whitelabel_olive-oil-bottle_p0474_1024x1536.sdr.png	1		0
9714	9226-lilith-ai-products/grocery/whitelabel/9714_gen_products-grocery-whitelabel_peanut-butter-jar_p0475_1024x1536.png	https://codec-corpus.r2.imazen.org/imazen-26-png-v3/9226-lilith-ai-products/grocery/whitelabel/9714_gen_products-grocery-whitelabel_peanut-butter-jar_p0475_1024x1536.sdr.png	1		0
9715	9226-lilith-ai-products/grocery/whitelabel/9715_gen_products-grocery-whitelabel_pepper-grinder_p0476_1024x1536.png	https://codec-corpus.r2.imazen.org/imazen-26-png-v3/9226-lilith-ai-products/grocery/whitelabel/9715_gen_products-grocery-whitelabel_pepper-grinder_p0476_1024x1536.sdr.png	1		0
9716	9226-lilith-ai-products/grocery/whitelabel/9716_gen_products-grocery-whitelabel_popcorn-bag-blush_p0477_1024x1536.png	https://codec-corpus.r2.imazen.org/imazen-26-png-v3/9226-lilith-ai-products/grocery/whitelabel/9716_gen_products-grocery-whitelabel_popcorn-bag-blush_p0477_1024x1536.sdr.png	1		0
9717	9226-lilith-ai-products/grocery/whitelabel/9717_gen_products-grocery-whitelabel_salsa-jar-medium_p0478_1024x1536.png	https://codec-corpus.r2.imazen.org/imazen-26-png-v3/9226-lilith-ai-products/grocery/whitelabel/9717_gen_products-grocery-whitelabel_salsa-jar-medium_p0478_1024x1536.sdr.png	1		0
9718	9226-lilith-ai-products/grocery/whitelabel/9718_gen_products-grocery-whitelabel_salt-grinder_p0479_1024x1536.png	https://codec-corpus.r2.imazen.org/imazen-26-png-v3/9226-lilith-ai-products/grocery/whitelabel/9718_gen_products-grocery-whitelabel_salt-grinder_p0479_1024x1536.sdr.png	1		0
9719	9226-lilith-ai-products/grocery/whitelabel/9719_gen_products-grocery-whitelabel_snack-bar-multipack-teal_p0480_1024x1536.png	https://codec-corpus.r2.imazen.org/imazen-26-png-v3/9226-lilith-ai-products/grocery/whitelabel/9719_gen_products-grocery-whitelabel_snack-bar-multipack-teal_p0480_1024x1536.sdr.png	1		0
9720	9226-lilith-ai-products/grocery/whitelabel/9720_gen_products-grocery-whitelabel_snack-bar-single-yellow_p0481_1536x1024.png	https://codec-corpus.r2.imazen.org/imazen-26-png-v3/9226-lilith-ai-products/grocery/whitelabel/9720_gen_products-grocery-whitelabel_snack-bar-single-yellow_p0481_1536x1024.sdr.png	1		0
9721	9226-lilith-ai-products/grocery/whitelabel/9721_gen_products-grocery-whitelabel_soup-can-tomato_p0482_1024x1536.png	https://codec-corpus.r2.imazen.org/imazen-26-png-v3/9226-lilith-ai-products/grocery/whitelabel/9721_gen_products-grocery-whitelabel_soup-can-tomato_p0482_1024x1536.sdr.png	1		0
9722	9226-lilith-ai-products/grocery/whitelabel/9722_gen_products-grocery-whitelabel_soy-sauce-bottle_p0483_1024x1536.png	https://codec-corpus.r2.imazen.org/imazen-26-png-v3/9226-lilith-ai-products/grocery/whitelabel/9722_gen_products-grocery-whitelabel_soy-sauce-bottle_p0483_1024x1536.sdr.png	1		0
9723	9226-lilith-ai-products/grocery/whitelabel/9723_gen_products-grocery-whitelabel_tea-box-dusty-blue_p0484_1024x1536.png	https://codec-corpus.r2.imazen.org/imazen-26-png-v3/9226-lilith-ai-products/grocery/whitelabel/9723_gen_products-grocery-whitelabel_tea-box-dusty-blue_p0484_1024x1536.sdr.png	1		0
9724	9226-lilith-ai-products/grocery/whitelabel/9724_gen_products-grocery-whitelabel_tortilla-chips-bag_p0485_1024x1536.png	https://codec-corpus.r2.imazen.org/imazen-26-png-v3/9226-lilith-ai-products/grocery/whitelabel/9724_gen_products-grocery-whitelabel_tortilla-chips-bag_p0485_1024x1536.sdr.png	1		0
9725	9226-lilith-ai-products/home/decor/9725_gen_products-home-decor_abstract-resin-sculpture_p0486_1024x1536.png	https://codec-corpus.r2.imazen.org/imazen-26-png-v3/9226-lilith-ai-products/home/decor/9725_gen_products-home-decor_abstract-resin-sculpture_p0486_1024x1536.sdr.png	1		0
9726	9226-lilith-ai-products/home/decor/9726_gen_products-home-decor_amber-glass-bud-vase-trio_flat_p0487_1536x1024.png	https://codec-corpus.r2.imazen.org/imazen-26-png-v3/9226-lilith-ai-products/home/decor/9726_gen_products-home-decor_amber-glass-bud-vase-trio_flat_p0487_1536x1024.sdr.png	1		0
9727	9226-lilith-ai-products/home/decor/9727_gen_products-home-decor_art-print-citrus-poster_p0488_1024x1536.png	https://codec-corpus.r2.imazen.org/imazen-26-png-v3/9226-lilith-ai-products/home/decor/9727_gen_products-home-decor_art-print-citrus-poster_p0488_1024x1536.sdr.png	1		0
9728	9226-lilith-ai-products/home/decor/9728_gen_products-home-decor_bedding-flatlay-warm_detail_p0489_1024x1024.png	https://codec-corpus.r2.imazen.org/imazen-26-png-v3/9226-lilith-ai-products/home/decor/9728_gen_products-home-decor_bedding-flatlay-warm_detail_p0489_1024x1024.sdr.png	1		0
9729	9226-lilith-ai-products/home/decor/9729_gen_products-home-decor_beveled-table-mirror_p0490_1024x1536.png	https://codec-corpus.r2.imazen.org/imazen-26-png-v3/9226-lilith-ai-products/home/decor/9729_gen_products-home-decor_beveled-table-mirror_p0490_1024x1536.sdr.png	1		0
9730	9226-lilith-ai-products/home/decor/9730_gen_products-home-decor_blush-glass-jar-candle_p0491_1024x1536.png	https://codec-corpus.r2.imazen.org/imazen-26-png-v3/9226-lilith-ai-products/home/decor/9730_gen_products-home-decor_blush-glass-jar-candle_p0491_1024x1536.sdr.png	1		0
9731	9226-lilith-ai-products/home/decor/9731_gen_products-home-decor_blush-pink-throw-pillow-tassel_p0492_1024x1024.png	https://codec-corpus.r2.imazen.org/imazen-26-png-v3/9226-lilith-ai-products/home/decor/9731_gen_products-home-decor_blush-pink-throw-pillow-tassel_p0492_1024x1024.sdr.png	1		0
9732	9226-lilith-ai-products/home/decor/9732_gen_products-home-decor_boho-throw-pillow-terracotta_p0493_4096x4096.jpg	https://codec-corpus.r2.imazen.org/imazen-26-png-v3/9226-lilith-ai-products/home/decor/9732_gen_products-home-decor_boho-throw-pillow-terracotta_p0493_4096x4096.sdr.png	1		0
9733	9226-lilith-ai-products/home/decor/9733_gen_products-home-decor_brass-arc-floor-lamp_p0494_1024x1536.png	https://codec-corpus.r2.imazen.org/imazen-26-png-v3/9226-lilith-ai-products/home/decor/9733_gen_products-home-decor_brass-arc-floor-lamp_p0494_1024x1536.sdr.png	1		0
9734	9226-lilith-ai-products/home/decor/9734_gen_products-home-decor_brass-candleholder-set_p0495_1536x1024.png	https://codec-corpus.r2.imazen.org/imazen-26-png-v3/9226-lilith-ai-products/home/decor/9734_gen_products-home-decor_brass-candleholder-set_p0495_1536x1024.sdr.png	1		0
9735	9226-lilith-ai-products/home/decor/9735_gen_products-home-decor_brass-geometric-bookends_p0496_1536x1024.png	https://codec-corpus.r2.imazen.org/imazen-26-png-v3/9226-lilith-ai-products/home/decor/9735_gen_products-home-decor_brass-geometric-bookends_p0496_1536x1024.sdr.png	1		0
9736	9226-lilith-ai-products/home/decor/9736_gen_products-home-decor_brass-table-clock_p0497_1024x1024.png	https://codec-corpus.r2.imazen.org/imazen-26-png-v3/9226-lilith-ai-products/home/decor/9736_gen_products-home-decor_brass-table-clock_p0497_1024x1024.sdr.png	1		0
9737	9226-lilith-ai-products/home/decor/9737_gen_products-home-decor_brass-wall-sconce_p0498_1024x1536.png	https://codec-corpus.r2.imazen.org/imazen-26-png-v3/9226-lilith-ai-products/home/decor/9737_gen_products-home-decor_brass-wall-sconce_p0498_1024x1536.sdr.png	1		0
9738	9226-lilith-ai-products/home/decor/9738_gen_products-home-decor_candle-tobacco-vetiver-product_p0499_1024x1536.png	https://codec-corpus.r2.imazen.org/imazen-26-png-v3/9226-lilith-ai-products/home/decor/9738_gen_products-home-decor_candle-tobacco-vetiver-product_p0499_1024x1536.sdr.png	1		0
9739	9226-lilith-ai-products/home/decor/9739_gen_products-home-decor_ceramic-table-lamp-linen-shade_p0500_1024x1536.png	https://codec-corpus.r2.imazen.org/imazen-26-png-v3/9226-lilith-ai-products/home/decor/9739_gen_products-home-decor_ceramic-table-lamp-linen-shade_p0500_1024x1536.sdr.png	1		0
9740	9226-lilith-ai-products/home/decor/9740_gen_products-home-decor_ceramic-vase-trio_p0501_1536x1024.png	https://codec-corpus.r2.imazen.org/imazen-26-png-v3/9226-lilith-ai-products/home/decor/9740_gen_products-home-decor_ceramic-vase-trio_p0501_1536x1024.sdr.png	1		0
9741	9226-lilith-ai-products/home/decor/9741_gen_products-home-decor_chunky-knit-throw-blanket_p0502_1024x1024.png	https://codec-corpus.r2.imazen.org/imazen-26-png-v3/9226-lilith-ai-products/home/decor/9741_gen_products-home-decor_chunky-knit-throw-blanket_p0502_1024x1024.sdr.png	1		0
9742	9226-lilith-ai-products/home/decor/9742_gen_products-home-decor_coral-velvet-throw-pillow_p0503_1024x1024.png	https://codec-corpus.r2.imazen.org/imazen-26-png-v3/9226-lilith-ai-products/home/decor/9742_gen_products-home-decor_coral-velvet-throw-pillow_p0503_1024x1024.sdr.png	1		0
9743	9226-lilith-ai-products/home/decor/9743_gen_products-home-decor_cream-cable-knit-throw_flat_p0504_1024x1024.png	https://codec-corpus.r2.imazen.org/imazen-26-png-v3/9226-lilith-ai-products/home/decor/9743_gen_products-home-decor_cream-cable-knit-throw_flat_p0504_1024x1024.sdr.png	1		0
9744	9226-lilith-ai-products/home/decor/9744_gen_products-home-decor_pillow-textured_p0505_1024x1024.png	https://codec-corpus.r2.imazen.org/imazen-26-png-v3/9226-lilith-ai-products/home/decor/9744_gen_products-home-decor_pillow-textured_p0505_1024x1024.sdr.png	1		0
9745	9226-lilith-ai-products/home/decor/9745_gen_products-home-decor_dusty-blue-faux-fur-pillow_p0506_1024x1024.png	https://codec-corpus.r2.imazen.org/imazen-26-png-v3/9226-lilith-ai-products/home/decor/9745_gen_products-home-decor_dusty-blue-faux-fur-pillow_p0506_1024x1024.sdr.png	1		0
9746	9226-lilith-ai-products/home/decor/9746_gen_products-home-decor_dusty-blue-quilted-coverlet_flat_p0507_1536x1024.png	https://codec-corpus.r2.imazen.org/imazen-26-png-v3/9226-lilith-ai-products/home/decor/9746_gen_products-home-decor_dusty-blue-quilted-coverlet_flat_p0507_1536x1024.sdr.png	1		0
9747	9226-lilith-ai-products/home/decor/9747_gen_products-home-decor_duvet-set-cobalt_detail_p0508_1536x1024.png	https://codec-corpus.r2.imazen.org/imazen-26-png-v3/9226-lilith-ai-products/home/decor/9747_gen_products-home-decor_duvet-set-cobalt_detail_p0508_1536x1024.sdr.png	1		0
9748	9226-lilith-ai-products/home/decor/9748_gen_products-home-decor_framed-abstract-art-print_p0509_1024x1536.png	https://codec-corpus.r2.imazen.org/imazen-26-png-v3/9226-lilith-ai-products/home/decor/9748_gen_products-home-decor_framed-abstract-art-print_p0509_1024x1536.sdr.png	1		0
9749	9226-lilith-ai-products/home/decor/9749_gen_products-home-decor_framed-botanical-art-print_p0510_1024x1536.png	https://codec-corpus.r2.imazen.org/imazen-26-png-v3/9226-lilith-ai-products/home/decor/9749_gen_products-home-decor_framed-botanical-art-print_p0510_1024x1536.sdr.png	1		0
9750	9226-lilith-ai-products/home/decor/9750_gen_products-home-decor_gallery-frame-set_p0511_1536x1024.png	https://codec-corpus.r2.imazen.org/imazen-26-png-v3/9226-lilith-ai-products/home/decor/9750_gen_products-home-decor_gallery-frame-set_p0511_1536x1024.sdr.png	1		0
9751	9226-lilith-ai-products/home/decor/9751_gen_products-home-decor_glass-cloche-display-dome_p0512_1024x1536.png	https://codec-corpus.r2.imazen.org/imazen-26-png-v3/9226-lilith-ai-products/home/decor/9751_gen_products-home-decor_glass-cloche-display-dome_p0512_1024x1536.sdr.png	1		0
9752	9226-lilith-ai-products/home/decor/9752_gen_products-home-decor_matte-black-table-lamp_p0513_1024x1536.png	https://codec-corpus.r2.imazen.org/imazen-26-png-v3/9226-lilith-ai-products/home/decor/9752_gen_products-home-decor_matte-black-table-lamp_p0513_1024x1536.sdr.png	1		0
9753	9226-lilith-ai-products/home/decor/9753_gen_products-home-decor_merch-art-print_p0514_1152x2048.png	https://codec-corpus.r2.imazen.org/imazen-26-png-v3/9226-lilith-ai-products/home/decor/9753_gen_products-home-decor_merch-art-print_p0514_1152x2048.sdr.png	1		0
9754	9226-lilith-ai-products/home/decor/9754_gen_products-home-decor_modern-wall-clock_p0515_1024x1024.png	https://codec-corpus.r2.imazen.org/imazen-26-png-v3/9226-lilith-ai-products/home/decor/9754_gen_products-home-decor_modern-wall-clock_p0515_1024x1024.sdr.png	1		0
9755	9226-lilith-ai-products/home/decor/9755_gen_products-home-decor_monstera-in-stoneware-pot_p0516_1024x1536.png	https://codec-corpus.r2.imazen.org/imazen-26-png-v3/9226-lilith-ai-products/home/decor/9755_gen_products-home-decor_monstera-in-stoneware-pot_p0516_1024x1536.sdr.png	1		0
9756	9226-lilith-ai-products/home/decor/9756_gen_products-home-decor_natural-jute-basket-round_p0517_1024x1024.png	https://codec-corpus.r2.imazen.org/imazen-26-png-v3/9226-lilith-ai-products/home/decor/9756_gen_products-home-decor_natural-jute-basket-round_p0517_1024x1024.sdr.png	1		0
9757	9226-lilith-ai-products/home/decor/9757_gen_products-home-decor_natural-wood-picture-frame_p0518_1024x1536.png	https://codec-corpus.r2.imazen.org/imazen-26-png-v3/9226-lilith-ai-products/home/decor/9757_gen_products-home-decor_natural-wood-picture-frame_p0518_1024x1536.sdr.png	1		0
9758	9226-lilith-ai-products/home/decor/9758_gen_products-home-decor_navy-stripe-throw-blanket_flat_p0519_1024x1024.png	https://codec-corpus.r2.imazen.org/imazen-26-png-v3/9226-lilith-ai-products/home/decor/9758_gen_products-home-decor_navy-stripe-throw-blanket_flat_p0519_1024x1024.sdr.png	1		0
9759	9226-lilith-ai-products/home/decor/9759_gen_products-home-decor_reed-diffuser-amber-glass_p0520_1024x1536.png	https://codec-corpus.r2.imazen.org/imazen-26-png-v3/9226-lilith-ai-products/home/decor/9759_gen_products-home-decor_reed-diffuser-amber-glass_p0520_1024x1536.sdr.png	1		0
9760	9226-lilith-ai-products/home/decor/9760_gen_products-home-decor_round-wall-mirror-brass_p0521_1024x1024.png	https://codec-corpus.r2.imazen.org/imazen-26-png-v3/9226-lilith-ai-products/home/decor/9760_gen_products-home-decor_round-wall-mirror-brass_p0521_1024x1024.sdr.png	1		0
9761	9226-lilith-ai-products/home/decor/9761_gen_products-home-decor_sage-cotton-shower-curtain_flat_p0522_1024x1536.png	https://codec-corpus.r2.imazen.org/imazen-26-png-v3/9226-lilith-ai-products/home/decor/9761_gen_products-home-decor_sage-cotton-shower-curtain_flat_p0522_1024x1536.sdr.png	1		0
9762	9226-lilith-ai-products/home/decor/9762_gen_products-home-decor_sage-linen-duvet-set_flat_p0523_1536x1024.png	https://codec-corpus.r2.imazen.org/imazen-26-png-v3/9226-lilith-ai-products/home/decor/9762_gen_products-home-decor_sage-linen-duvet-set_flat_p0523_1536x1024.sdr.png	1		0
9763	9226-lilith-ai-products/home/decor/9763_gen_products-home-decor_sage-percale-sheet-set_flat_p0524_1536x1024.png	https://codec-corpus.r2.imazen.org/imazen-26-png-v3/9226-lilith-ai-products/home/decor/9763_gen_products-home-decor_sage-percale-sheet-set_flat_p0524_1536x1024.sdr.png	1		0
9764	9226-lilith-ai-products/home/decor/9764_gen_products-home-decor_scented-candle-glass-jar_p0525_1024x1536.png	https://codec-corpus.r2.imazen.org/imazen-26-png-v3/9226-lilith-ai-products/home/decor/9764_gen_products-home-decor_scented-candle-glass-jar_p0525_1024x1536.sdr.png	1		0
9765	9226-lilith-ai-products/home/decor/9765_gen_products-home-decor_soy-jar-candle-amber-glass_p0526_3072x5504.jpg	https://codec-corpus.r2.imazen.org/imazen-26-png-v3/9226-lilith-ai-products/home/decor/9765_gen_products-home-decor_soy-jar-candle-amber-glass_p0526_3072x5504.sdr.png	1		0
9766	9226-lilith-ai-products/home/decor/9766_gen_products-home-decor_sunny-yellow-hand-towel-set_flat_p0527_1536x1024.png	https://codec-corpus.r2.imazen.org/imazen-26-png-v3/9226-lilith-ai-products/home/decor/9766_gen_products-home-decor_sunny-yellow-hand-towel-set_flat_p0527_1536x1024.sdr.png	1		0
9767	9226-lilith-ai-products/home/decor/9767_gen_products-home-decor_terracotta-planter-pot_p0528_1024x1024.png	https://codec-corpus.r2.imazen.org/imazen-26-png-v3/9226-lilith-ai-products/home/decor/9767_gen_products-home-decor_terracotta-planter-pot_p0528_1024x1024.sdr.png	1		0
9768	9226-lilith-ai-products/home/decor/9768_gen_products-home-decor_terracotta-tufted-bath-mat_p0529_1536x1024.png	https://codec-corpus.r2.imazen.org/imazen-26-png-v3/9226-lilith-ai-products/home/decor/9768_gen_products-home-decor_terracotta-tufted-bath-mat_p0529_1536x1024.sdr.png	1		0
9769	9226-lilith-ai-products/home/decor/9769_gen_products-home-decor_terracotta-vase-tall_p0530_1024x1536.png	https://codec-corpus.r2.imazen.org/imazen-26-png-v3/9226-lilith-ai-products/home/decor/9769_gen_products-home-decor_terracotta-vase-tall_p0530_1024x1536.sdr.png	1		0
9770	9226-lilith-ai-products/home/decor/9770_gen_products-home-decor_washed-linen-bedding-set-sage_flat_p0531_5504x3072.jpg	https://codec-corpus.r2.imazen.org/imazen-26-png-v3/9226-lilith-ai-products/home/decor/9770_gen_products-home-decor_washed-linen-bedding-set-sage_flat_p0531_5504x3072.sdr.png	1		0
9771	9226-lilith-ai-products/home/decor/9771_gen_products-home-decor_white-ceramic-vase-organic_p0532_1024x1536.png	https://codec-corpus.r2.imazen.org/imazen-26-png-v3/9226-lilith-ai-products/home/decor/9771_gen_products-home-decor_white-ceramic-vase-organic_p0532_1024x1536.sdr.png	1		0
9772	9226-lilith-ai-products/home/decor/9772_gen_products-home-decor_woven-magazine-basket_p0533_1024x1536.png	https://codec-corpus.r2.imazen.org/imazen-26-png-v3/9226-lilith-ai-products/home/decor/9772_gen_products-home-decor_woven-magazine-basket_p0533_1024x1536.sdr.png	1		0
9773	9226-lilith-ai-products/home/decor/9773_gen_products-home-decor_woven-planter-with-plant_p0534_1024x1536.png	https://codec-corpus.r2.imazen.org/imazen-26-png-v3/9226-lilith-ai-products/home/decor/9773_gen_products-home-decor_woven-planter-with-plant_p0534_1024x1536.sdr.png	1		0
9774	9226-lilith-ai-products/home/decor/9774_gen_products-home-decor_woven-rattan-pendant-light_p0535_1024x1536.png	https://codec-corpus.r2.imazen.org/imazen-26-png-v3/9226-lilith-ai-products/home/decor/9774_gen_products-home-decor_woven-rattan-pendant-light_p0535_1024x1536.sdr.png	1		0
9775	9226-lilith-ai-products/home/furniture/9775_gen_products-home-furniture_accent-cabinet-cane-doors_p0536_1024x1536.png	https://codec-corpus.r2.imazen.org/imazen-26-png-v3/9226-lilith-ai-products/home/furniture/9775_gen_products-home-furniture_accent-cabinet-cane-doors_p0536_1024x1536.sdr.png	1		0
9776	9226-lilith-ai-products/home/furniture/9776_gen_products-home-furniture_ergonomic-desk-chair_p0537_1024x1536.png	https://codec-corpus.r2.imazen.org/imazen-26-png-v3/9226-lilith-ai-products/home/furniture/9776_gen_products-home-furniture_ergonomic-desk-chair_p0537_1024x1536.sdr.png	1		0
9777	9226-lilith-ai-products/home/furniture/9777_gen_products-home-furniture_freestanding-garment-rack_p0538_1024x1536.png	https://codec-corpus.r2.imazen.org/imazen-26-png-v3/9226-lilith-ai-products/home/furniture/9777_gen_products-home-furniture_freestanding-garment-rack_p0538_1024x1536.sdr.png	1		0
9778	9226-lilith-ai-products/home/furniture/9778_gen_products-home-furniture_kitchen-island-cart_p0539_1024x1536.png	https://codec-corpus.r2.imazen.org/imazen-26-png-v3/9226-lilith-ai-products/home/furniture/9778_gen_products-home-furniture_kitchen-island-cart_p0539_1024x1536.sdr.png	1		0
9779	9226-lilith-ai-products/home/furniture/9779_gen_products-home-furniture_l-shaped-sectional-sofa_p0540_1536x1024.png	https://codec-corpus.r2.imazen.org/imazen-26-png-v3/9226-lilith-ai-products/home/furniture/9779_gen_products-home-furniture_l-shaped-sectional-sofa_p0540_1536x1024.sdr.png	1		0
9780	9226-lilith-ai-products/home/furniture/9780_gen_products-home-furniture_leather-bar-stool_p0541_1024x1536.png	https://codec-corpus.r2.imazen.org/imazen-26-png-v3/9226-lilith-ai-products/home/furniture/9780_gen_products-home-furniture_leather-bar-stool_p0541_1024x1536.sdr.png	1		0
9781	9226-lilith-ai-products/home/furniture/9781_gen_products-home-furniture_low-tv-media-stand_p0542_1536x1024.png	https://codec-corpus.r2.imazen.org/imazen-26-png-v3/9226-lilith-ai-products/home/furniture/9781_gen_products-home-furniture_low-tv-media-stand_p0542_1536x1024.sdr.png	1		0
9782	9226-lilith-ai-products/home/furniture/9782_gen_products-home-furniture_mid-century-lounge-chair_p0543_1024x1536.png	https://codec-corpus.r2.imazen.org/imazen-26-png-v3/9226-lilith-ai-products/home/furniture/9782_gen_products-home-furniture_mid-century-lounge-chair_p0543_1024x1536.sdr.png	1		0
9783	9226-lilith-ai-products/home/furniture/9783_gen_products-home-furniture_open-bookcase-five-shelf_p0544_1024x1536.png	https://codec-corpus.r2.imazen.org/imazen-26-png-v3/9226-lilith-ai-products/home/furniture/9783_gen_products-home-furniture_open-bookcase-five-shelf_p0544_1024x1536.sdr.png	1		0
9784	9226-lilith-ai-products/home/furniture/9784_gen_products-home-furniture_oval-coffee-table_p0545_1536x1024.png	https://codec-corpus.r2.imazen.org/imazen-26-png-v3/9226-lilith-ai-products/home/furniture/9784_gen_products-home-furniture_oval-coffee-table_p0545_1536x1024.sdr.png	1		0
9785	9226-lilith-ai-products/home/furniture/9785_gen_products-home-furniture_queen-platform-bed-frame_p0546_1536x1024.png	https://codec-corpus.r2.imazen.org/imazen-26-png-v3/9226-lilith-ai-products/home/furniture/9785_gen_products-home-furniture_queen-platform-bed-frame_p0546_1536x1024.sdr.png	1		0
9786	9226-lilith-ai-products/home/furniture/9786_gen_products-home-furniture_rectangular-dining-table_p0547_1536x1024.png	https://codec-corpus.r2.imazen.org/imazen-26-png-v3/9226-lilith-ai-products/home/furniture/9786_gen_products-home-furniture_rectangular-dining-table_p0547_1536x1024.sdr.png	1		0
9787	9226-lilith-ai-products/home/furniture/9787_gen_products-home-furniture_rounded-upholstered-ottoman_p0548_1024x1024.png	https://codec-corpus.r2.imazen.org/imazen-26-png-v3/9226-lilith-ai-products/home/furniture/9787_gen_products-home-furniture_rounded-upholstered-ottoman_p0548_1024x1024.sdr.png	1		0
9788	9226-lilith-ai-products/home/furniture/9788_gen_products-home-furniture_six-drawer-dresser_p0549_1536x1024.png	https://codec-corpus.r2.imazen.org/imazen-26-png-v3/9226-lilith-ai-products/home/furniture/9788_gen_products-home-furniture_six-drawer-dresser_p0549_1536x1024.sdr.png	1		0
9789	9226-lilith-ai-products/home/furniture/9789_gen_products-home-furniture_slim-entry-console-table_p0550_1536x1024.png	https://codec-corpus.r2.imazen.org/imazen-26-png-v3/9226-lilith-ai-products/home/furniture/9789_gen_products-home-furniture_slim-entry-console-table_p0550_1536x1024.sdr.png	1		0
9790	9226-lilith-ai-products/home/furniture/9790_gen_products-home-furniture_storage-bench-upholstered_p0551_1536x1024.png	https://codec-corpus.r2.imazen.org/imazen-26-png-v3/9226-lilith-ai-products/home/furniture/9790_gen_products-home-furniture_storage-bench-upholstered_p0551_1536x1024.sdr.png	1		0
9791	9226-lilith-ai-products/home/furniture/9791_gen_products-home-furniture_three-seat-sofa_p0552_1536x1024.png	https://codec-corpus.r2.imazen.org/imazen-26-png-v3/9226-lilith-ai-products/home/furniture/9791_gen_products-home-furniture_three-seat-sofa_p0552_1536x1024.sdr.png	1		0
9792	9226-lilith-ai-products/home/furniture/9792_gen_products-home-furniture_two-drawer-nightstand_p0553_1024x1536.png	https://codec-corpus.r2.imazen.org/imazen-26-png-v3/9226-lilith-ai-products/home/furniture/9792_gen_products-home-furniture_two-drawer-nightstand_p0553_1024x1536.sdr.png	1		0
9793	9226-lilith-ai-products/home/furniture/9793_gen_products-home-furniture_two-seat-loveseat_p0554_1536x1024.png	https://codec-corpus.r2.imazen.org/imazen-26-png-v3/9226-lilith-ai-products/home/furniture/9793_gen_products-home-furniture_two-seat-loveseat_p0554_1536x1024.sdr.png	1		0
9794	9226-lilith-ai-products/home/furniture/9794_gen_products-home-furniture_upholstered-accent-armchair_p0555_1024x1536.png	https://codec-corpus.r2.imazen.org/imazen-26-png-v3/9226-lilith-ai-products/home/furniture/9794_gen_products-home-furniture_upholstered-accent-armchair_p0555_1024x1536.sdr.png	1		0
9795	9226-lilith-ai-products/home/furniture/9795_gen_products-home-furniture_upholstered-dining-chair_p0556_1024x1536.png	https://codec-corpus.r2.imazen.org/imazen-26-png-v3/9226-lilith-ai-products/home/furniture/9795_gen_products-home-furniture_upholstered-dining-chair_p0556_1024x1536.sdr.png	1		0
9796	9226-lilith-ai-products/home/furniture/9796_gen_products-home-furniture_upholstered-headboard_p0557_1536x1024.png	https://codec-corpus.r2.imazen.org/imazen-26-png-v3/9226-lilith-ai-products/home/furniture/9796_gen_products-home-furniture_upholstered-headboard_p0557_1536x1024.sdr.png	1		0
9797	9226-lilith-ai-products/home/furniture/9797_gen_products-home-furniture_vanity-table-with-mirror_p0558_1024x1536.png	https://codec-corpus.r2.imazen.org/imazen-26-png-v3/9226-lilith-ai-products/home/furniture/9797_gen_products-home-furniture_vanity-table-with-mirror_p0558_1024x1536.sdr.png	1		0
9798	9226-lilith-ai-products/home/furniture/9798_gen_products-home-furniture_walnut-side-table_p0559_1024x1536.png	https://codec-corpus.r2.imazen.org/imazen-26-png-v3/9226-lilith-ai-products/home/furniture/9798_gen_products-home-furniture_walnut-side-table_p0559_1024x1536.sdr.png	1		0
9799	9226-lilith-ai-products/home/furniture/9799_gen_products-home-furniture_writing-desk-walnut_p0560_1536x1024.png	https://codec-corpus.r2.imazen.org/imazen-26-png-v3/9226-lilith-ai-products/home/furniture/9799_gen_products-home-furniture_writing-desk-walnut_p0560_1536x1024.sdr.png	1		0
9800	9226-lilith-ai-products/home/kitchen/9800_gen_products-home-kitchen_ashridge-chef-knife_p0561_1536x1024.png	https://codec-corpus.r2.imazen.org/imazen-26-png-v3/9226-lilith-ai-products/home/kitchen/9800_gen_products-home-kitchen_ashridge-chef-knife_p0561_1536x1024.sdr.png	1		0
9801	9226-lilith-ai-products/home/kitchen/9801_gen_products-home-kitchen_ashridge-cutting-board_p0562_1536x1024.png	https://codec-corpus.r2.imazen.org/imazen-26-png-v3/9226-lilith-ai-products/home/kitchen/9801_gen_products-home-kitchen_ashridge-cutting-board_p0562_1536x1024.sdr.png	1		0
9802	9226-lilith-ai-products/home/kitchen/9802_gen_products-home-kitchen_ashridge-espresso-cups_p0563_1536x1024.png	https://codec-corpus.r2.imazen.org/imazen-26-png-v3/9226-lilith-ai-products/home/kitchen/9802_gen_products-home-kitchen_ashridge-espresso-cups_p0563_1536x1024.sdr.png	1		0
9803	9226-lilith-ai-products/home/kitchen/9803_gen_products-home-kitchen_ashridge-french-press_p0564_1024x1536.png	https://codec-corpus.r2.imazen.org/imazen-26-png-v3/9226-lilith-ai-products/home/kitchen/9803_gen_products-home-kitchen_ashridge-french-press_p0564_1024x1536.sdr.png	1		0
9804	9226-lilith-ai-products/home/kitchen/9804_gen_products-home-kitchen_ashridge-garlic-press_p0565_1536x1024.png	https://codec-corpus.r2.imazen.org/imazen-26-png-v3/9226-lilith-ai-products/home/kitchen/9804_gen_products-home-kitchen_ashridge-garlic-press_p0565_1536x1024.sdr.png	1		0
9805	9226-lilith-ai-products/home/kitchen/9805_gen_products-home-kitchen_ashridge-gooseneck-tea-kettle_p0566_1024x1024.png	https://codec-corpus.r2.imazen.org/imazen-26-png-v3/9226-lilith-ai-products/home/kitchen/9805_gen_products-home-kitchen_ashridge-gooseneck-tea-kettle_p0566_1024x1024.sdr.png	1		0
9806	9226-lilith-ai-products/home/kitchen/9806_gen_products-home-kitchen_ashridge-vegetable-peeler_p0567_1536x1024.png	https://codec-corpus.r2.imazen.org/imazen-26-png-v3/9226-lilith-ai-products/home/kitchen/9806_gen_products-home-kitchen_ashridge-vegetable-peeler_p0567_1536x1024.sdr.png	1		0
9807	9226-lilith-ai-products/home/kitchen/9807_gen_products-home-kitchen_ashridge-wooden-spoons_p0568_1024x1536.png	https://codec-corpus.r2.imazen.org/imazen-26-png-v3/9226-lilith-ai-products/home/kitchen/9807_gen_products-home-kitchen_ashridge-wooden-spoons_p0568_1024x1536.sdr.png	1		0
9808	9226-lilith-ai-products/home/kitchen/9808_gen_products-home-kitchen_ceramic-coral-coffee-mug_p0569_1024x1024.png	https://codec-corpus.r2.imazen.org/imazen-26-png-v3/9226-lilith-ai-products/home/kitchen/9808_gen_products-home-kitchen_ceramic-coral-coffee-mug_p0569_1024x1024.sdr.png	1		0
9809	9226-lilith-ai-products/home/kitchen/9809_gen_products-home-kitchen_ceramic-mug-watercolor_p0570_1024x1024.png	https://codec-corpus.r2.imazen.org/imazen-26-png-v3/9226-lilith-ai-products/home/kitchen/9809_gen_products-home-kitchen_ceramic-mug-watercolor_p0570_1024x1024.sdr.png	1		0
9810	9226-lilith-ai-products/home/kitchen/9810_gen_products-home-kitchen_cream-ribbed-tumbler-set_p0571_1536x1024.png	https://codec-corpus.r2.imazen.org/imazen-26-png-v3/9226-lilith-ai-products/home/kitchen/9810_gen_products-home-kitchen_cream-ribbed-tumbler-set_p0571_1536x1024.sdr.png	1		0
9811	9226-lilith-ai-products/home/kitchen/9811_gen_products-home-kitchen_fieldstone-baking-pan-set_p0572_1536x1024.png	https://codec-corpus.r2.imazen.org/imazen-26-png-v3/9226-lilith-ai-products/home/kitchen/9811_gen_products-home-kitchen_fieldstone-baking-pan-set_p0572_1536x1024.sdr.png	1		0
9812	9226-lilith-ai-products/home/kitchen/9812_gen_products-home-kitchen_fieldstone-baking-sheet_p0573_1536x1024.png	https://codec-corpus.r2.imazen.org/imazen-26-png-v3/9226-lilith-ai-products/home/kitchen/9812_gen_products-home-kitchen_fieldstone-baking-sheet_p0573_1536x1024.sdr.png	1		0
9813	9226-lilith-ai-products/home/kitchen/9813_gen_products-home-kitchen_fieldstone-cast-iron-skillet_p0574_1024x1024.png	https://codec-corpus.r2.imazen.org/imazen-26-png-v3/9226-lilith-ai-products/home/kitchen/9813_gen_products-home-kitchen_fieldstone-cast-iron-skillet_p0574_1024x1024.sdr.png	1		0
9814	9226-lilith-ai-products/home/kitchen/9814_gen_products-home-kitchen_fieldstone-dinnerware-plates_p0575_1536x1024.png	https://codec-corpus.r2.imazen.org/imazen-26-png-v3/9226-lilith-ai-products/home/kitchen/9814_gen_products-home-kitchen_fieldstone-dinnerware-plates_p0575_1536x1024.sdr.png	1		0
9815	9226-lilith-ai-products/home/kitchen/9815_gen_products-home-kitchen_fieldstone-dutch-oven_p0576_1024x1024.png	https://codec-corpus.r2.imazen.org/imazen-26-png-v3/9226-lilith-ai-products/home/kitchen/9815_gen_products-home-kitchen_fieldstone-dutch-oven_p0576_1024x1024.sdr.png	1		0
9816	9226-lilith-ai-products/home/kitchen/9816_gen_products-home-kitchen_fieldstone-glass-pitcher_p0577_1024x1536.png	https://codec-corpus.r2.imazen.org/imazen-26-png-v3/9226-lilith-ai-products/home/kitchen/9816_gen_products-home-kitchen_fieldstone-glass-pitcher_p0577_1024x1536.sdr.png	1		0
9817	9226-lilith-ai-products/home/kitchen/9817_gen_products-home-kitchen_fieldstone-glass-storage-set_p0578_1536x1024.png	https://codec-corpus.r2.imazen.org/imazen-26-png-v3/9226-lilith-ai-products/home/kitchen/9817_gen_products-home-kitchen_fieldstone-glass-storage-set_p0578_1536x1024.sdr.png	1		0
9818	9226-lilith-ai-products/home/kitchen/9818_gen_products-home-kitchen_fieldstone-mixing-bowls_p0579_1536x1024.png	https://codec-corpus.r2.imazen.org/imazen-26-png-v3/9226-lilith-ai-products/home/kitchen/9818_gen_products-home-kitchen_fieldstone-mixing-bowls_p0579_1536x1024.sdr.png	1		0
9819	9226-lilith-ai-products/home/kitchen/9819_gen_products-home-kitchen_fieldstone-mug-set_p0580_1536x1024.png	https://codec-corpus.r2.imazen.org/imazen-26-png-v3/9226-lilith-ai-products/home/kitchen/9819_gen_products-home-kitchen_fieldstone-mug-set_p0580_1536x1024.sdr.png	1		0
9820	9226-lilith-ai-products/home/kitchen/9820_gen_products-home-kitchen_fieldstone-nonstick-pan_p0581_1024x1024.png	https://codec-corpus.r2.imazen.org/imazen-26-png-v3/9226-lilith-ai-products/home/kitchen/9820_gen_products-home-kitchen_fieldstone-nonstick-pan_p0581_1024x1024.sdr.png	1		0
9821	9226-lilith-ai-products/home/kitchen/9821_gen_products-home-kitchen_fieldstone-salad-bowl_p0582_1024x1024.png	https://codec-corpus.r2.imazen.org/imazen-26-png-v3/9226-lilith-ai-products/home/kitchen/9821_gen_products-home-kitchen_fieldstone-salad-bowl_p0582_1024x1024.sdr.png	1		0
9822	9226-lilith-ai-products/home/kitchen/9822_gen_products-home-kitchen_fieldstone-silicone-spatula_p0583_1024x1536.png	https://codec-corpus.r2.imazen.org/imazen-26-png-v3/9226-lilith-ai-products/home/kitchen/9822_gen_products-home-kitchen_fieldstone-silicone-spatula_p0583_1024x1536.sdr.png	1		0
9823	9226-lilith-ai-products/home/kitchen/9823_gen_products-home-kitchen_ivory-fluted-stoneware-bowl_p0584_1024x1024.png	https://codec-corpus.r2.imazen.org/imazen-26-png-v3/9226-lilith-ai-products/home/kitchen/9823_gen_products-home-kitchen_ivory-fluted-stoneware-bowl_p0584_1024x1024.sdr.png	1		0
9824	9226-lilith-ai-products/home/kitchen/9824_gen_products-home-kitchen_marble-serving-tray_p0585_1536x1024.png	https://codec-corpus.r2.imazen.org/imazen-26-png-v3/9226-lilith-ai-products/home/kitchen/9824_gen_products-home-kitchen_marble-serving-tray_p0585_1536x1024.sdr.png	1		0
9825	9226-lilith-ai-products/home/kitchen/9825_gen_products-home-kitchen_merch-ceramic-mug_p0586_2048x2048.png	https://codec-corpus.r2.imazen.org/imazen-26-png-v3/9226-lilith-ai-products/home/kitchen/9825_gen_products-home-kitchen_merch-ceramic-mug_p0586_2048x2048.sdr.png	1		0
9826	9226-lilith-ai-products/home/kitchen/9826_gen_products-home-kitchen_merch-mug-coffee-club_p0587_1024x1536.png	https://codec-corpus.r2.imazen.org/imazen-26-png-v3/9226-lilith-ai-products/home/kitchen/9826_gen_products-home-kitchen_merch-mug-coffee-club_p0587_1024x1536.sdr.png	1		0
9827	9226-lilith-ai-products/home/kitchen/9827_gen_products-home-kitchen_stoneware-dinnerware-set_flat_p0588_1536x1024.png	https://codec-corpus.r2.imazen.org/imazen-26-png-v3/9226-lilith-ai-products/home/kitchen/9827_gen_products-home-kitchen_stoneware-dinnerware-set_flat_p0588_1536x1024.sdr.png	1		0
9828	9226-lilith-ai-products/home/kitchen/9828_gen_products-home-kitchen_stoneware-mug-speckled-cream_p0589_4096x4096.jpg	https://codec-corpus.r2.imazen.org/imazen-26-png-v3/9226-lilith-ai-products/home/kitchen/9828_gen_products-home-kitchen_stoneware-mug-speckled-cream_p0589_4096x4096.sdr.png	1		0
9829	9226-lilith-ai-products/home/kitchen/9829_gen_products-home-kitchen_warm-wood-cutting-board_p0590_1536x1024.png	https://codec-corpus.r2.imazen.org/imazen-26-png-v3/9226-lilith-ai-products/home/kitchen/9829_gen_products-home-kitchen_warm-wood-cutting-board_p0590_1536x1024.sdr.png	1		0
9830	9226-lilith-ai-products/home/small-appliances/9830_gen_products-home-small-appliances_anchor-anvil-2-slice-toaster_p0591_1536x1024.png	https://codec-corpus.r2.imazen.org/imazen-26-png-v3/9226-lilith-ai-products/home/small-appliances/9830_gen_products-home-small-appliances_anchor-anvil-2-slice-toaster_p0591_1536x1024.sdr.png	1		0
9831	9226-lilith-ai-products/home/small-appliances/9831_gen_products-home-small-appliances_anchor-anvil-countertop-blender_p0592_1024x1536.png	https://codec-corpus.r2.imazen.org/imazen-26-png-v3/9226-lilith-ai-products/home/small-appliances/9831_gen_products-home-small-appliances_anchor-anvil-countertop-blender_p0592_1024x1536.sdr.png	1		0
9832	9226-lilith-ai-products/home/small-appliances/9832_gen_products-home-small-appliances_anchor-anvil-electric-kettle_p0593_1024x1536.png	https://codec-corpus.r2.imazen.org/imazen-26-png-v3/9226-lilith-ai-products/home/small-appliances/9832_gen_products-home-small-appliances_anchor-anvil-electric-kettle_p0593_1024x1536.sdr.png	1		0
9833	9226-lilith-ai-products/home/small-appliances/9833_gen_products-home-small-appliances_anchor-anvil-popcorn-maker_p0594_1024x1536.png	https://codec-corpus.r2.imazen.org/imazen-26-png-v3/9226-lilith-ai-products/home/small-appliances/9833_gen_products-home-small-appliances_anchor-anvil-popcorn-maker_p0594_1024x1536.sdr.png	1		0
9834	9226-lilith-ai-products/home/small-appliances/9834_gen_products-home-small-appliances_anchor-anvil-rice-cooker_p0595_1024x1536.png	https://codec-corpus.r2.imazen.org/imazen-26-png-v3/9226-lilith-ai-products/home/small-appliances/9834_gen_products-home-small-appliances_anchor-anvil-rice-cooker_p0595_1024x1536.sdr.png	1		0
9835	9226-lilith-ai-products/home/small-appliances/9835_gen_products-home-small-appliances_anchor-anvil-sandwich-press_p0596_1536x1024.png	https://codec-corpus.r2.imazen.org/imazen-26-png-v3/9226-lilith-ai-products/home/small-appliances/9835_gen_products-home-small-appliances_anchor-anvil-sandwich-press_p0596_1536x1024.sdr.png	1		0
9836	9226-lilith-ai-products/home/small-appliances/9836_gen_products-home-small-appliances_anchor-anvil-stand-mixer_p0597_1024x1536.png	https://codec-corpus.r2.imazen.org/imazen-26-png-v3/9226-lilith-ai-products/home/small-appliances/9836_gen_products-home-small-appliances_anchor-anvil-stand-mixer_p0597_1024x1536.sdr.png	1		0
9837	9226-lilith-ai-products/home/small-appliances/9837_gen_products-home-small-appliances_anchor-anvil-toaster-oven_p0598_1536x1024.png	https://codec-corpus.r2.imazen.org/imazen-26-png-v3/9226-lilith-ai-products/home/small-appliances/9837_gen_products-home-small-appliances_anchor-anvil-toaster-oven_p0598_1536x1024.sdr.png	1		0
9838	9226-lilith-ai-products/home/small-appliances/9838_gen_products-home-small-appliances_appliance-blender-countertop-teal_p0599_1024x1536.png	https://codec-corpus.r2.imazen.org/imazen-26-png-v3/9226-lilith-ai-products/home/small-appliances/9838_gen_products-home-small-appliances_appliance-blender-countertop-teal_p0599_1024x1536.sdr.png	1		0
9839	9226-lilith-ai-products/home/small-appliances/9839_gen_products-home-small-appliances_blackpine-conical-burr-grinder_p0600_1024x1536.png	https://codec-corpus.r2.imazen.org/imazen-26-png-v3/9226-lilith-ai-products/home/small-appliances/9839_gen_products-home-small-appliances_blackpine-conical-burr-grinder_p0600_1024x1536.sdr.png	1		0
9840	9226-lilith-ai-products/home/small-appliances/9840_gen_products-home-small-appliances_blackpine-gooseneck-kettle_p0601_1024x1536.png	https://codec-corpus.r2.imazen.org/imazen-26-png-v3/9226-lilith-ai-products/home/small-appliances/9840_gen_products-home-small-appliances_blackpine-gooseneck-kettle_p0601_1024x1536.sdr.png	1		0
9841	9226-lilith-ai-products/home/small-appliances/9841_gen_products-home-small-appliances_ironvale-countertop-microwave_p0602_1536x1024.png	https://codec-corpus.r2.imazen.org/imazen-26-png-v3/9226-lilith-ai-products/home/small-appliances/9841_gen_products-home-small-appliances_ironvale-countertop-microwave_p0602_1536x1024.sdr.png	1		0
9842	9226-lilith-ai-products/home/small-appliances/9842_gen_products-home-small-appliances_ironvale-digital-air-fryer_p0603_1024x1536.png	https://codec-corpus.r2.imazen.org/imazen-26-png-v3/9226-lilith-ai-products/home/small-appliances/9842_gen_products-home-small-appliances_ironvale-digital-air-fryer_p0603_1024x1536.sdr.png	1		0
9843	9226-lilith-ai-products/home/small-appliances/9843_gen_products-home-small-appliances_ironvale-food-processor_p0604_1024x1536.png	https://codec-corpus.r2.imazen.org/imazen-26-png-v3/9226-lilith-ai-products/home/small-appliances/9843_gen_products-home-small-appliances_ironvale-food-processor_p0604_1024x1536.sdr.png	1		0
9844	9226-lilith-ai-products/home/small-appliances/9844_gen_products-home-small-appliances_ironvale-multi-cooker-pressure-cooker_p0605_1024x1536.png	https://codec-corpus.r2.imazen.org/imazen-26-png-v3/9226-lilith-ai-products/home/small-appliances/9844_gen_products-home-small-appliances_ironvale-multi-cooker-pressure-cooker_p0605_1024x1536.sdr.png	1		0
9845	9226-lilith-ai-products/home/small-appliances/9845_gen_products-home-small-appliances_ironvale-slow-cooker_p0606_1536x1024.png	https://codec-corpus.r2.imazen.org/imazen-26-png-v3/9226-lilith-ai-products/home/small-appliances/9845_gen_products-home-small-appliances_ironvale-slow-cooker_p0606_1536x1024.sdr.png	1		0
9846	9226-lilith-ai-products/home/small-appliances/9846_gen_products-home-small-appliances_kettlebay-12-cup-drip-coffee-maker_p0607_1024x1536.png	https://codec-corpus.r2.imazen.org/imazen-26-png-v3/9226-lilith-ai-products/home/small-appliances/9846_gen_products-home-small-appliances_kettlebay-12-cup-drip-coffee-maker_p0607_1024x1536.sdr.png	1		0
9847	9226-lilith-ai-products/home/small-appliances/9847_gen_products-home-small-appliances_kettlebay-belgian-waffle-iron_p0608_1536x1024.png	https://codec-corpus.r2.imazen.org/imazen-26-png-v3/9226-lilith-ai-products/home/small-appliances/9847_gen_products-home-small-appliances_kettlebay-belgian-waffle-iron_p0608_1536x1024.sdr.png	1		0
9848	9226-lilith-ai-products/home/small-appliances/9848_gen_products-home-small-appliances_kettlebay-centrifugal-juicer_p0609_1024x1536.png	https://codec-corpus.r2.imazen.org/imazen-26-png-v3/9226-lilith-ai-products/home/small-appliances/9848_gen_products-home-small-appliances_kettlebay-centrifugal-juicer_p0609_1024x1536.sdr.png	1		0
9849	9226-lilith-ai-products/home/small-appliances/9849_gen_products-home-small-appliances_kettlebay-electric-griddle_p0610_1536x1024.png	https://codec-corpus.r2.imazen.org/imazen-26-png-v3/9226-lilith-ai-products/home/small-appliances/9849_gen_products-home-small-appliances_kettlebay-electric-griddle_p0610_1536x1024.sdr.png	1		0
9850	9226-lilith-ai-products/home/small-appliances/9850_gen_products-home-small-appliances_kettlebay-espresso-machine_p0611_1024x1536.png	https://codec-corpus.r2.imazen.org/imazen-26-png-v3/9226-lilith-ai-products/home/small-appliances/9850_gen_products-home-small-appliances_kettlebay-espresso-machine_p0611_1024x1536.sdr.png	1		0
9851	9226-lilith-ai-products/home/small-appliances/9851_gen_products-home-small-appliances_kettlebay-handheld-mixer_p0612_1536x1024.png	https://codec-corpus.r2.imazen.org/imazen-26-png-v3/9226-lilith-ai-products/home/small-appliances/9851_gen_products-home-small-appliances_kettlebay-handheld-mixer_p0612_1536x1024.sdr.png	1		0
9852	9226-lilith-ai-products/home/small-appliances/9852_gen_products-home-small-appliances_kettlebay-ice-cream-maker_p0613_1024x1536.png	https://codec-corpus.r2.imazen.org/imazen-26-png-v3/9226-lilith-ai-products/home/small-appliances/9852_gen_products-home-small-appliances_kettlebay-ice-cream-maker_p0613_1024x1536.sdr.png	1		0
9853	9226-lilith-ai-products/home/small-appliances/9853_gen_products-home-small-appliances_kettlebay-immersion-blender_p0614_1024x1536.png	https://codec-corpus.r2.imazen.org/imazen-26-png-v3/9226-lilith-ai-products/home/small-appliances/9853_gen_products-home-small-appliances_kettlebay-immersion-blender_p0614_1024x1536.sdr.png	1		0
9854	9226-lilith-ai-products/home/small-appliances/9854_gen_products-home-small-appliances_kettlebay-milk-frother_p0615_1024x1536.png	https://codec-corpus.r2.imazen.org/imazen-26-png-v3/9226-lilith-ai-products/home/small-appliances/9854_gen_products-home-small-appliances_kettlebay-milk-frother_p0615_1024x1536.sdr.png	1		0
9855	9226-lilith-ai-products/home/small-appliances/9855_gen_products-home-small-appliances_portofino-stovetop-espresso-maker_p0616_1024x1536.png	https://codec-corpus.r2.imazen.org/imazen-26-png-v3/9226-lilith-ai-products/home/small-appliances/9855_gen_products-home-small-appliances_portofino-stovetop-espresso-maker_p0616_1024x1536.sdr.png	1		0
9856	9226-lilith-ai-products/sporting-goods/9856_gen_products-sporting-goods_daypack-22l-rust_p0617_2816x1536.png	https://codec-corpus.r2.imazen.org/imazen-26-png-v3/9226-lilith-ai-products/sporting-goods/9856_gen_products-sporting-goods_daypack-22l-rust_p0617_2816x1536.sdr.png	1		0
9857	9226-lilith-ai-products/sporting-goods/9857_gen_products-sporting-goods_down-puffer-vest_p0618_2160x3840.png	https://codec-corpus.r2.imazen.org/imazen-26-png-v3/9226-lilith-ai-products/sporting-goods/9857_gen_products-sporting-goods_down-puffer-vest_p0618_2160x3840.sdr.png	1		0
9858	9226-lilith-ai-products/sporting-goods/9858_gen_products-sporting-goods_duffel-bag-60l-charcoal_p0619_2816x1536.png	https://codec-corpus.r2.imazen.org/imazen-26-png-v3/9226-lilith-ai-products/sporting-goods/9858_gen_products-sporting-goods_duffel-bag-60l-charcoal_p0619_2816x1536.sdr.png	1		0
9859	9226-lilith-ai-products/sporting-goods/9859_gen_products-sporting-goods_folding-camp-chair-navy_p0620_5504x3072.jpg	https://codec-corpus.r2.imazen.org/imazen-26-png-v3/9226-lilith-ai-products/sporting-goods/9859_gen_products-sporting-goods_folding-camp-chair-navy_p0620_5504x3072.sdr.png	1		0
9860	9226-lilith-ai-products/sporting-goods/9860_gen_products-sporting-goods_insulated-tumbler-40oz-teal_p0621_4096x4096.jpg	https://codec-corpus.r2.imazen.org/imazen-26-png-v3/9226-lilith-ai-products/sporting-goods/9860_gen_products-sporting-goods_insulated-tumbler-40oz-teal_p0621_4096x4096.sdr.png	1		0
9861	9226-lilith-ai-products/sporting-goods/9861_gen_products-sporting-goods_insulated-water-bottle-orange_p0622_3072x5504.jpg	https://codec-corpus.r2.imazen.org/imazen-26-png-v3/9226-lilith-ai-products/sporting-goods/9861_gen_products-sporting-goods_insulated-water-bottle-orange_p0622_3072x5504.sdr.png	1		0
9862	9226-lilith-ai-products/sporting-goods/9862_gen_products-sporting-goods_internal-frame-backpack-50l-slate_p0623_1536x2816.png	https://codec-corpus.r2.imazen.org/imazen-26-png-v3/9226-lilith-ai-products/sporting-goods/9862_gen_products-sporting-goods_internal-frame-backpack-50l-slate_p0623_1536x2816.sdr.png	1		0
9863	9226-lilith-ai-products/sporting-goods/9863_gen_products-sporting-goods_mens-beanie-rib_flat_p0624_1024x1024.png	https://codec-corpus.r2.imazen.org/imazen-26-png-v3/9226-lilith-ai-products/sporting-goods/9863_gen_products-sporting-goods_mens-beanie-rib_flat_p0624_1024x1024.sdr.png	1		0
9864	9226-lilith-ai-products/sporting-goods/9864_gen_products-sporting-goods_merch-dad-cap_p0625_2048x2048.png	https://codec-corpus.r2.imazen.org/imazen-26-png-v3/9226-lilith-ai-products/sporting-goods/9864_gen_products-sporting-goods_merch-dad-cap_p0625_2048x2048.sdr.png	1		0
9865	9226-lilith-ai-products/sporting-goods/9865_gen_products-sporting-goods_merch-steel-water-bottle_p0626_1152x2048.png	https://codec-corpus.r2.imazen.org/imazen-26-png-v3/9226-lilith-ai-products/sporting-goods/9865_gen_products-sporting-goods_merch-steel-water-bottle_p0626_1152x2048.sdr.png	1		0
9866	9226-lilith-ai-products/sporting-goods/9866_gen_products-sporting-goods_mummy-sleeping-bag-teal_p0627_2816x1536.png	https://codec-corpus.r2.imazen.org/imazen-26-png-v3/9226-lilith-ai-products/sporting-goods/9866_gen_products-sporting-goods_mummy-sleeping-bag-teal_p0627_2816x1536.sdr.png	1		0
9867	9226-lilith-ai-products/sporting-goods/9867_gen_products-sporting-goods_puffer-vest-mens_detail_p0628_1536x1024.png	https://codec-corpus.r2.imazen.org/imazen-26-png-v3/9226-lilith-ai-products/sporting-goods/9867_gen_products-sporting-goods_puffer-vest-mens_detail_p0628_1536x1024.sdr.png	1		0
9868	9226-lilith-ai-products/sporting-goods/9868_gen_products-sporting-goods_rain-shell-jacket_feature_p0629_1024x1536.png	https://codec-corpus.r2.imazen.org/imazen-26-png-v3/9226-lilith-ai-products/sporting-goods/9868_gen_products-sporting-goods_rain-shell-jacket_feature_p0629_1024x1536.sdr.png	1		0
9869	9226-lilith-ai-products/sporting-goods/9869_gen_products-sporting-goods_rechargeable-headlamp-black-orange_p0630_1536x1024.png	https://codec-corpus.r2.imazen.org/imazen-26-png-v3/9226-lilith-ai-products/sporting-goods/9869_gen_products-sporting-goods_rechargeable-headlamp-black-orange_p0630_1536x1024.sdr.png	1		0
9870	9226-lilith-ai-products/sporting-goods/9870_gen_products-sporting-goods_ribbed-knit-beanie-mustard_p0631_4096x4096.jpg	https://codec-corpus.r2.imazen.org/imazen-26-png-v3/9226-lilith-ai-products/sporting-goods/9870_gen_products-sporting-goods_ribbed-knit-beanie-mustard_p0631_4096x4096.sdr.png	1		0
9871	9226-lilith-ai-products/sporting-goods/9871_gen_products-sporting-goods_ski-glove-product_feature_p0632_1536x1024.png	https://codec-corpus.r2.imazen.org/imazen-26-png-v3/9226-lilith-ai-products/sporting-goods/9871_gen_products-sporting-goods_ski-glove-product_feature_p0632_1536x1024.sdr.png	1		0
9872	9226-lilith-ai-products/sporting-goods/9872_gen_products-sporting-goods_ski-helmet-product-electric_p0633_1024x1536.png	https://codec-corpus.r2.imazen.org/imazen-26-png-v3/9226-lilith-ai-products/sporting-goods/9872_gen_products-sporting-goods_ski-helmet-product-electric_p0633_1024x1536.sdr.png	1		0
9873	9226-lilith-ai-products/sporting-goods/9873_gen_products-sporting-goods_ski-pants-mens_flat_p0634_1024x1536.png	https://codec-corpus.r2.imazen.org/imazen-26-png-v3/9226-lilith-ai-products/sporting-goods/9873_gen_products-sporting-goods_ski-pants-mens_flat_p0634_1024x1536.sdr.png	1		0
9874	9226-lilith-ai-products/sporting-goods/9874_gen_products-sporting-goods_wrap-sunglasses-orange_p0635_1536x1024.png	https://codec-corpus.r2.imazen.org/imazen-26-png-v3/9226-lilith-ai-products/sporting-goods/9874_gen_products-sporting-goods_wrap-sunglasses-orange_p0635_1536x1024.sdr.png	1		0
9875	9226-lilith-ai-products/sporting-goods/9875_gen_products-sporting-goods_teal-alignment-yoga-mat_p0636_1536x2816.png	https://codec-corpus.r2.imazen.org/imazen-26-png-v3/9226-lilith-ai-products/sporting-goods/9875_gen_products-sporting-goods_teal-alignment-yoga-mat_p0636_1536x2816.sdr.png	1		0
9876	9226-lilith-ai-products/sporting-goods/9876_gen_products-sporting-goods_trail-backpack-marigold_p0637_1024x1536.png	https://codec-corpus.r2.imazen.org/imazen-26-png-v3/9226-lilith-ai-products/sporting-goods/9876_gen_products-sporting-goods_trail-backpack-marigold_p0637_1024x1536.sdr.png	1		0
9877	9226-lilith-ai-products/sporting-goods/9877_gen_products-sporting-goods_two-person-backpacking-tent-orange_p0638_2816x1536.png	https://codec-corpus.r2.imazen.org/imazen-26-png-v3/9226-lilith-ai-products/sporting-goods/9877_gen_products-sporting-goods_two-person-backpacking-tent-orange_p0638_2816x1536.sdr.png	1		0
9878	9226-lilith-ai-products/sporting-goods/9878_gen_products-sporting-goods_water-bottle-tomato-product_p0639_1024x1536.png	https://codec-corpus.r2.imazen.org/imazen-26-png-v3/9226-lilith-ai-products/sporting-goods/9878_gen_products-sporting-goods_water-bottle-tomato-product_p0639_1024x1536.sdr.png	1		0
9879	9226-lilith-ai-products/sporting-goods/9879_gen_products-sporting-goods_wide-brim-sun-hat-tan_p0640_2048x2048.png	https://codec-corpus.r2.imazen.org/imazen-26-png-v3/9226-lilith-ai-products/sporting-goods/9879_gen_products-sporting-goods_wide-brim-sun-hat-tan_p0640_2048x2048.sdr.png	1		0
9880	9226-lilith-ai-products/sporting-goods/9880_gen_products-sporting-goods_yoga-mat-jewel-tone_p0641_1536x1024.png	https://codec-corpus.r2.imazen.org/imazen-26-png-v3/9226-lilith-ai-products/sporting-goods/9880_gen_products-sporting-goods_yoga-mat-jewel-tone_p0641_1536x1024.sdr.png	1		0
9881	9226-lilith-ai-products/toys/9881_gen_products-toys_action-figure-blister-card_p0642_1024x1536.png	https://codec-corpus.r2.imazen.org/imazen-26-png-v3/9226-lilith-ai-products/toys/9881_gen_products-toys_action-figure-blister-card_p0642_1024x1536.sdr.png	1		0
9882	9226-lilith-ai-products/toys/9882_gen_products-toys_baby-wooden-rattle_p0643_1024x1024.png	https://codec-corpus.r2.imazen.org/imazen-26-png-v3/9226-lilith-ai-products/toys/9882_gen_products-toys_baby-wooden-rattle_p0643_1024x1024.sdr.png	1		0
9883	9226-lilith-ai-products/toys/9883_gen_products-toys_beach-ball-classic_p0644_1024x1024.png	https://codec-corpus.r2.imazen.org/imazen-26-png-v3/9226-lilith-ai-products/toys/9883_gen_products-toys_beach-ball-classic_p0644_1024x1024.sdr.png	1		0
9884	9226-lilith-ai-products/toys/9884_gen_products-toys_board-game-box-strategy_p0645_1024x1024.png	https://codec-corpus.r2.imazen.org/imazen-26-png-v3/9226-lilith-ai-products/toys/9884_gen_products-toys_board-game-box-strategy_p0645_1024x1024.sdr.png	1		0
9885	9226-lilith-ai-products/toys/9885_gen_products-toys_building-bricks-generic-set_p0646_1024x1024.png	https://codec-corpus.r2.imazen.org/imazen-26-png-v3/9226-lilith-ai-products/toys/9885_gen_products-toys_building-bricks-generic-set_p0646_1024x1024.sdr.png	1		0
9886	9226-lilith-ai-products/toys/9886_gen_products-toys_card-game-deck-box_p0647_1024x1536.png	https://codec-corpus.r2.imazen.org/imazen-26-png-v3/9226-lilith-ai-products/toys/9886_gen_products-toys_card-game-deck-box_p0647_1024x1536.sdr.png	1		0
9887	9226-lilith-ai-products/toys/9887_gen_products-toys_doctor-play-kit-box_p0648_1536x1024.png	https://codec-corpus.r2.imazen.org/imazen-26-png-v3/9226-lilith-ai-products/toys/9887_gen_products-toys_doctor-play-kit-box_p0648_1536x1024.sdr.png	1		0
9888	9226-lilith-ai-products/toys/9888_gen_products-toys_jigsaw-puzzle-1000-piece_p0649_1536x1024.png	https://codec-corpus.r2.imazen.org/imazen-26-png-v3/9226-lilith-ai-products/toys/9888_gen_products-toys_jigsaw-puzzle-1000-piece_p0649_1536x1024.sdr.png	1		0
9889	9226-lilith-ai-products/toys/9889_gen_products-toys_jump-rope-wooden-handles_p0650_1024x1024.png	https://codec-corpus.r2.imazen.org/imazen-26-png-v3/9226-lilith-ai-products/toys/9889_gen_products-toys_jump-rope-wooden-handles_p0650_1024x1024.sdr.png	1		0
9890	9226-lilith-ai-products/toys/9890_gen_products-toys_kids-art-supply-caddy_p0651_1024x1024.png	https://codec-corpus.r2.imazen.org/imazen-26-png-v3/9226-lilith-ai-products/toys/9890_gen_products-toys_kids-art-supply-caddy_p0651_1024x1024.sdr.png	1		0
9891	9226-lilith-ai-products/toys/9891_gen_products-toys_kids-basketball_p0652_1024x1024.png	https://codec-corpus.r2.imazen.org/imazen-26-png-v3/9226-lilith-ai-products/toys/9891_gen_products-toys_kids-basketball_p0652_1024x1024.sdr.png	1		0
9892	9226-lilith-ai-products/toys/9892_gen_products-toys_kids-soccer-ball_p0653_1024x1024.png	https://codec-corpus.r2.imazen.org/imazen-26-png-v3/9226-lilith-ai-products/toys/9892_gen_products-toys_kids-soccer-ball_p0653_1024x1024.sdr.png	1		0
9893	9226-lilith-ai-products/toys/9893_gen_products-toys_kids-telescope-box_p0654_1024x1536.png	https://codec-corpus.r2.imazen.org/imazen-26-png-v3/9226-lilith-ai-products/toys/9893_gen_products-toys_kids-telescope-box_p0654_1024x1536.sdr.png	1		0
9894	9226-lilith-ai-products/toys/9894_gen_products-toys_kids-three-wheel-scooter_p0655_1024x1536.png	https://codec-corpus.r2.imazen.org/imazen-26-png-v3/9226-lilith-ai-products/toys/9894_gen_products-toys_kids-three-wheel-scooter_p0655_1024x1536.sdr.png	1		0
9895	9226-lilith-ai-products/toys/9895_gen_products-toys_kitchen-play-set-box_p0656_1024x1536.png	https://codec-corpus.r2.imazen.org/imazen-26-png-v3/9226-lilith-ai-products/toys/9895_gen_products-toys_kitchen-play-set-box_p0656_1024x1536.sdr.png	1		0
9896	9226-lilith-ai-products/toys/9896_gen_products-toys_modeling-clay-set-box_p0657_1536x1024.png	https://codec-corpus.r2.imazen.org/imazen-26-png-v3/9226-lilith-ai-products/toys/9896_gen_products-toys_modeling-clay-set-box_p0657_1536x1024.sdr.png	1		0
9897	9226-lilith-ai-products/toys/9897_gen_products-toys_plush-bunny-rabbit_p0658_1024x1536.png	https://codec-corpus.r2.imazen.org/imazen-26-png-v3/9226-lilith-ai-products/toys/9897_gen_products-toys_plush-bunny-rabbit_p0658_1024x1536.sdr.png	1		0
9898	9226-lilith-ai-products/toys/9898_gen_products-toys_plush-teddy-bear_p0659_1024x1536.png	https://codec-corpus.r2.imazen.org/imazen-26-png-v3/9226-lilith-ai-products/toys/9898_gen_products-toys_plush-teddy-bear_p0659_1024x1536.sdr.png	1		0
9899	9226-lilith-ai-products/toys/9899_gen_products-toys_puzzle-box-art-product_p0660_1536x1024.png	https://codec-corpus.r2.imazen.org/imazen-26-png-v3/9226-lilith-ai-products/toys/9899_gen_products-toys_puzzle-box-art-product_p0660_1536x1024.sdr.png	1		0
9900	9226-lilith-ai-products/toys/9900_gen_products-toys_sand-toy-bucket-set_p0661_1024x1024.png	https://codec-corpus.r2.imazen.org/imazen-26-png-v3/9226-lilith-ai-products/toys/9900_gen_products-toys_sand-toy-bucket-set_p0661_1024x1024.sdr.png	1		0
9901	9226-lilith-ai-products/toys/9901_gen_products-toys_wooden-building-blocks-set_p0662_1024x1024.png	https://codec-corpus.r2.imazen.org/imazen-26-png-v3/9226-lilith-ai-products/toys/9901_gen_products-toys_wooden-building-blocks-set_p0662_1024x1024.sdr.png	1		0
9902	9226-lilith-ai-products/toys/9902_gen_products-toys_wooden-dollhouse_p0663_1024x1536.png	https://codec-corpus.r2.imazen.org/imazen-26-png-v3/9226-lilith-ai-products/toys/9902_gen_products-toys_wooden-dollhouse_p0663_1024x1536.sdr.png	1		0
9903	9226-lilith-ai-products/toys/9903_gen_products-toys_wooden-stacking-rings_p0664_1024x1536.png	https://codec-corpus.r2.imazen.org/imazen-26-png-v3/9226-lilith-ai-products/toys/9903_gen_products-toys_wooden-stacking-rings_p0664_1024x1536.sdr.png	1		0
9904	9226-lilith-ai-products/toys/9904_gen_products-toys_wooden-toddler-tricycle_p0665_1024x1536.png	https://codec-corpus.r2.imazen.org/imazen-26-png-v3/9226-lilith-ai-products/toys/9904_gen_products-toys_wooden-toddler-tricycle_p0665_1024x1536.sdr.png	1		0
9905	9226-lilith-ai-products/toys/9905_gen_products-toys_wooden-train-set-box_p0666_1536x1024.png	https://codec-corpus.r2.imazen.org/imazen-26-png-v3/9226-lilith-ai-products/toys/9905_gen_products-toys_wooden-train-set-box_p0666_1536x1024.sdr.png	1		0
9906	9226-lilith-ai-products/whitelabeled-beauty/9906_gen_products-whitelabeled-beauty_amber-face-oil-dropper_p0667_1024x1536.png	https://codec-corpus.r2.imazen.org/imazen-26-png-v3/9226-lilith-ai-products/whitelabeled-beauty/9906_gen_products-whitelabeled-beauty_amber-face-oil-dropper_p0667_1024x1536.sdr.png	1		0
9907	9226-lilith-ai-products/whitelabeled-beauty/9907_gen_products-whitelabeled-beauty_amber-glass-serum-bottle_p0668_1024x1536.png	https://codec-corpus.r2.imazen.org/imazen-26-png-v3/9226-lilith-ai-products/whitelabeled-beauty/9907_gen_products-whitelabeled-beauty_amber-glass-serum-bottle_p0668_1024x1536.sdr.png	1		0
9908	9226-lilith-ai-products/whitelabeled-beauty/9908_gen_products-whitelabeled-beauty_amber-serum-bottle-skincare_p0669_1024x1536.png	https://codec-corpus.r2.imazen.org/imazen-26-png-v3/9226-lilith-ai-products/whitelabeled-beauty/9908_gen_products-whitelabeled-beauty_amber-serum-bottle-skincare_p0669_1024x1536.sdr.png	1		0
9909	9226-lilith-ai-products/whitelabeled-beauty/9909_gen_products-whitelabeled-beauty_black-mascara-tube_p0670_1024x1536.png	https://codec-corpus.r2.imazen.org/imazen-26-png-v3/9226-lilith-ai-products/whitelabeled-beauty/9909_gen_products-whitelabeled-beauty_black-mascara-tube_p0670_1024x1536.sdr.png	1		0
9910	9226-lilith-ai-products/whitelabeled-beauty/9910_gen_products-whitelabeled-beauty_blush-cleanser-pump-bottle_p0671_1024x1536.png	https://codec-corpus.r2.imazen.org/imazen-26-png-v3/9226-lilith-ai-products/whitelabeled-beauty/9910_gen_products-whitelabeled-beauty_blush-cleanser-pump-bottle_p0671_1024x1536.sdr.png	1		0
9911	9226-lilith-ai-products/whitelabeled-beauty/9911_gen_products-whitelabeled-beauty_blush-perfume-bottle_p0672_1024x1536.png	https://codec-corpus.r2.imazen.org/imazen-26-png-v3/9226-lilith-ai-products/whitelabeled-beauty/9911_gen_products-whitelabeled-beauty_blush-perfume-bottle_p0672_1024x1536.sdr.png	1		0
9912	9226-lilith-ai-products/whitelabeled-beauty/9912_gen_products-whitelabeled-beauty_blush-powder-compact_p0673_1024x1024.png	https://codec-corpus.r2.imazen.org/imazen-26-png-v3/9226-lilith-ai-products/whitelabeled-beauty/9912_gen_products-whitelabeled-beauty_blush-powder-compact_p0673_1024x1024.sdr.png	1		0
9913	9226-lilith-ai-products/whitelabeled-beauty/9913_gen_products-whitelabeled-beauty_cleanser-tube-white_p0674_2048x2048.png	https://codec-corpus.r2.imazen.org/imazen-26-png-v3/9226-lilith-ai-products/whitelabeled-beauty/9913_gen_products-whitelabeled-beauty_cleanser-tube-white_p0674_2048x2048.sdr.png	1		0
9914	9226-lilith-ai-products/whitelabeled-beauty/9914_gen_products-whitelabeled-beauty_cleansing-balm-jar_p0675_1024x1024.png	https://codec-corpus.r2.imazen.org/imazen-26-png-v3/9226-lilith-ai-products/whitelabeled-beauty/9914_gen_products-whitelabeled-beauty_cleansing-balm-jar_p0675_1024x1024.sdr.png	1		0
9915	9226-lilith-ai-products/whitelabeled-beauty/9915_gen_products-whitelabeled-beauty_clear-lip-gloss-tube_p0676_1024x1536.png	https://codec-corpus.r2.imazen.org/imazen-26-png-v3/9226-lilith-ai-products/whitelabeled-beauty/9915_gen_products-whitelabeled-beauty_clear-lip-gloss-tube_p0676_1024x1536.sdr.png	1		0
9916	9226-lilith-ai-products/whitelabeled-beauty/9916_gen_products-whitelabeled-beauty_concealer-wand-tube_p0677_1024x1536.png	https://codec-corpus.r2.imazen.org/imazen-26-png-v3/9226-lilith-ai-products/whitelabeled-beauty/9916_gen_products-whitelabeled-beauty_concealer-wand-tube_p0677_1024x1536.sdr.png	1		0
9917	9226-lilith-ai-products/whitelabeled-beauty/9917_gen_products-whitelabeled-beauty_conditioner-pump-bottle_p0678_1024x1536.png	https://codec-corpus.r2.imazen.org/imazen-26-png-v3/9226-lilith-ai-products/whitelabeled-beauty/9917_gen_products-whitelabeled-beauty_conditioner-pump-bottle_p0678_1024x1536.sdr.png	1		0
9918	9226-lilith-ai-products/whitelabeled-beauty/9918_gen_products-whitelabeled-beauty_coral-lipstick-tube_p0679_1024x1536.png	https://codec-corpus.r2.imazen.org/imazen-26-png-v3/9226-lilith-ai-products/whitelabeled-beauty/9918_gen_products-whitelabeled-beauty_coral-lipstick-tube_p0679_1024x1536.sdr.png	1		0
9919	9226-lilith-ai-products/whitelabeled-beauty/9919_gen_products-whitelabeled-beauty_exfoliating-toner-bottle_p0680_1024x1536.png	https://codec-corpus.r2.imazen.org/imazen-26-png-v3/9226-lilith-ai-products/whitelabeled-beauty/9919_gen_products-whitelabeled-beauty_exfoliating-toner-bottle_p0680_1024x1536.sdr.png	1		0
9920	9226-lilith-ai-products/whitelabeled-beauty/9920_gen_products-whitelabeled-beauty_facial-oil-amber_p0681_2048x2048.png	https://codec-corpus.r2.imazen.org/imazen-26-png-v3/9226-lilith-ai-products/whitelabeled-beauty/9920_gen_products-whitelabeled-beauty_facial-oil-amber_p0681_2048x2048.sdr.png	1		0
9921	9226-lilith-ai-products/whitelabeled-beauty/9921_gen_products-whitelabeled-beauty_foundation-glass-bottle_p0682_1024x1536.png	https://codec-corpus.r2.imazen.org/imazen-26-png-v3/9226-lilith-ai-products/whitelabeled-beauty/9921_gen_products-whitelabeled-beauty_foundation-glass-bottle_p0682_1024x1536.sdr.png	1		0
9922	9226-lilith-ai-products/whitelabeled-beauty/9922_gen_products-whitelabeled-beauty_frosted-eye-cream-jar_p0683_1024x1024.png	https://codec-corpus.r2.imazen.org/imazen-26-png-v3/9226-lilith-ai-products/whitelabeled-beauty/9922_gen_products-whitelabeled-beauty_frosted-eye-cream-jar_p0683_1024x1024.sdr.png	1		0
9923	9226-lilith-ai-products/whitelabeled-beauty/9923_gen_products-whitelabeled-beauty_hair-mask-treatment-jar_p0684_1024x1024.png	https://codec-corpus.r2.imazen.org/imazen-26-png-v3/9226-lilith-ai-products/whitelabeled-beauty/9923_gen_products-whitelabeled-beauty_hair-mask-treatment-jar_p0684_1024x1024.sdr.png	1		0
9924	9226-lilith-ai-products/whitelabeled-beauty/9924_gen_products-whitelabeled-beauty_highlighter-stick-tube_p0685_1024x1536.png	https://codec-corpus.r2.imazen.org/imazen-26-png-v3/9226-lilith-ai-products/whitelabeled-beauty/9924_gen_products-whitelabeled-beauty_highlighter-stick-tube_p0685_1024x1536.sdr.png	1		0
9925	9226-lilith-ai-products/whitelabeled-beauty/9925_gen_products-whitelabeled-beauty_lipstick-set-jewel-tones_p0686_1536x1024.png	https://codec-corpus.r2.imazen.org/imazen-26-png-v3/9226-lilith-ai-products/whitelabeled-beauty/9925_gen_products-whitelabeled-beauty_lipstick-set-jewel-tones_p0686_1536x1024.sdr.png	1		0
9926	9226-lilith-ai-products/whitelabeled-beauty/9926_gen_products-whitelabeled-beauty_moisturizer-jar-sage_p0687_2048x2048.png	https://codec-corpus.r2.imazen.org/imazen-26-png-v3/9226-lilith-ai-products/whitelabeled-beauty/9926_gen_products-whitelabeled-beauty_moisturizer-jar-sage_p0687_2048x2048.sdr.png	1		0
9927	9226-lilith-ai-products/whitelabeled-beauty/9927_gen_products-whitelabeled-beauty_neon-pink-blush-stick_p0688_1024x1536.png	https://codec-corpus.r2.imazen.org/imazen-26-png-v3/9226-lilith-ai-products/whitelabeled-beauty/9927_gen_products-whitelabeled-beauty_neon-pink-blush-stick_p0688_1024x1536.sdr.png	1		0
9928	9226-lilith-ai-products/whitelabeled-beauty/9928_gen_products-whitelabeled-beauty_perfume-bottle-amber-glass_p0689_1024x1536.png	https://codec-corpus.r2.imazen.org/imazen-26-png-v3/9226-lilith-ai-products/whitelabeled-beauty/9928_gen_products-whitelabeled-beauty_perfume-bottle-amber-glass_p0689_1024x1536.sdr.png	1		0
9929	9226-lilith-ai-products/whitelabeled-beauty/9929_gen_products-whitelabeled-beauty_rollerball-fragrance-tube_p0690_1024x1536.png	https://codec-corpus.r2.imazen.org/imazen-26-png-v3/9226-lilith-ai-products/whitelabeled-beauty/9929_gen_products-whitelabeled-beauty_rollerball-fragrance-tube_p0690_1024x1536.sdr.png	1		0
9930	9226-lilith-ai-products/whitelabeled-beauty/9930_gen_products-whitelabeled-beauty_serum-dropper-blush_p0691_2880x2880.png	https://codec-corpus.r2.imazen.org/imazen-26-png-v3/9226-lilith-ai-products/whitelabeled-beauty/9930_gen_products-whitelabeled-beauty_serum-dropper-blush_p0691_2880x2880.sdr.png	1		0
9931	9226-lilith-ai-products/whitelabeled-beauty/9931_gen_products-whitelabeled-beauty_serum-dropper-blush_p0691_2048x2048.png	https://codec-corpus.r2.imazen.org/imazen-26-png-v3/9226-lilith-ai-products/whitelabeled-beauty/9931_gen_products-whitelabeled-beauty_serum-dropper-blush_p0691_2048x2048.sdr.png	1		0
9932	9226-lilith-ai-products/whitelabeled-beauty/9932_gen_products-whitelabeled-beauty_serum-dropper-blush_feature_p0691_3840x2160.png	https://codec-corpus.r2.imazen.org/imazen-26-png-v3/9226-lilith-ai-products/whitelabeled-beauty/9932_gen_products-whitelabeled-beauty_serum-dropper-blush_feature_p0691_3840x2160.sdr.png	1		0
9933	9226-lilith-ai-products/whitelabeled-beauty/9933_gen_products-whitelabeled-beauty_serum-dropper-blush_feature_p0691_5504x3072.jpg	https://codec-corpus.r2.imazen.org/imazen-26-png-v3/9226-lilith-ai-products/whitelabeled-beauty/9933_gen_products-whitelabeled-beauty_serum-dropper-blush_feature_p0691_5504x3072.sdr.png	1		0
9934	9226-lilith-ai-products/whitelabeled-beauty/9934_gen_products-whitelabeled-beauty_shampoo-pump-bottle_p0692_1024x1536.png	https://codec-corpus.r2.imazen.org/imazen-26-png-v3/9226-lilith-ai-products/whitelabeled-beauty/9934_gen_products-whitelabeled-beauty_shampoo-pump-bottle_p0692_1024x1536.sdr.png	1		0
9935	9226-lilith-ai-products/whitelabeled-beauty/9935_gen_products-whitelabeled-beauty_skincare-routine-set_p0693_2816x1536.png	https://codec-corpus.r2.imazen.org/imazen-26-png-v3/9226-lilith-ai-products/whitelabeled-beauty/9935_gen_products-whitelabeled-beauty_skincare-routine-set_p0693_2816x1536.sdr.png	1		0
9936	9226-lilith-ai-products/whitelabeled-beauty/9936_gen_products-whitelabeled-beauty_sunscreen-tube-yellow_p0694_2048x2048.png	https://codec-corpus.r2.imazen.org/imazen-26-png-v3/9226-lilith-ai-products/whitelabeled-beauty/9936_gen_products-whitelabeled-beauty_sunscreen-tube-yellow_p0694_2048x2048.sdr.png	1		0
9937	9226-lilith-ai-products/whitelabeled-beauty/9937_gen_products-whitelabeled-beauty_tinted-lip-balm-pot_p0695_1024x1024.png	https://codec-corpus.r2.imazen.org/imazen-26-png-v3/9226-lilith-ai-products/whitelabeled-beauty/9937_gen_products-whitelabeled-beauty_tinted-lip-balm-pot_p0695_1024x1024.sdr.png	1		0
9938	9226-lilith-ai-products/whitelabeled-beauty/9938_gen_products-whitelabeled-beauty_vitamin-c-serum-bottle_p0696_1024x1536.png	https://codec-corpus.r2.imazen.org/imazen-26-png-v3/9226-lilith-ai-products/whitelabeled-beauty/9938_gen_products-whitelabeled-beauty_vitamin-c-serum-bottle_p0696_1024x1536.sdr.png	1		0
9939	9226-lilith-ai-products/whitelabeled-beauty/9939_gen_products-whitelabeled-beauty_frosted-moisturizer-jar_p0697_1024x1024.png	https://codec-corpus.r2.imazen.org/imazen-26-png-v3/9226-lilith-ai-products/whitelabeled-beauty/9939_gen_products-whitelabeled-beauty_frosted-moisturizer-jar_p0697_1024x1024.sdr.png	1		0
9940	9226-lilith-ai-products/whitelabeled-beauty/9940_gen_products-whitelabeled-beauty_sunscreen-tube_p0698_1024x1536.png	https://codec-corpus.r2.imazen.org/imazen-26-png-v3/9226-lilith-ai-products/whitelabeled-beauty/9940_gen_products-whitelabeled-beauty_sunscreen-tube_p0698_1024x1536.sdr.png	1		0
9941	9226-lilith-ai-products/whitelabeled-beverages/9941_gen_products-whitelabeled-beverages_beverage-almond-milk-bottle_p0699_1024x1536.png	https://codec-corpus.r2.imazen.org/imazen-26-png-v3/9226-lilith-ai-products/whitelabeled-beverages/9941_gen_products-whitelabeled-beverages_beverage-almond-milk-bottle_p0699_1024x1536.sdr.png	1		0
9942	9226-lilith-ai-products/whitelabeled-beverages/9942_gen_products-whitelabeled-beverages_beverage-beer-bottle-amber_p0700_1024x1536.png	https://codec-corpus.r2.imazen.org/imazen-26-png-v3/9226-lilith-ai-products/whitelabeled-beverages/9942_gen_products-whitelabeled-beverages_beverage-beer-bottle-amber_p0700_1024x1536.sdr.png	1		0
9943	9226-lilith-ai-products/whitelabeled-beverages/9943_gen_products-whitelabeled-beverages_beverage-beer-can-craft_p0701_1024x1536.png	https://codec-corpus.r2.imazen.org/imazen-26-png-v3/9226-lilith-ai-products/whitelabeled-beverages/9943_gen_products-whitelabeled-beverages_beverage-beer-can-craft_p0701_1024x1536.sdr.png	1		0
9944	9226-lilith-ai-products/whitelabeled-beverages/9944_gen_products-whitelabeled-beverages_beverage-canned-coffee-latte_p0702_1024x1536.png	https://codec-corpus.r2.imazen.org/imazen-26-png-v3/9226-lilith-ai-products/whitelabeled-beverages/9944_gen_products-whitelabeled-beverages_beverage-canned-coffee-latte_p0702_1024x1536.sdr.png	1		0
9945	9226-lilith-ai-products/whitelabeled-beverages/9945_gen_products-whitelabeled-beverages_beverage-cold-brew-can_p0703_1024x1536.png	https://codec-corpus.r2.imazen.org/imazen-26-png-v3/9226-lilith-ai-products/whitelabeled-beverages/9945_gen_products-whitelabeled-beverages_beverage-cold-brew-can_p0703_1024x1536.sdr.png	1		0
9946	9226-lilith-ai-products/whitelabeled-beverages/9946_gen_products-whitelabeled-beverages_beverage-electrolyte-drink-bottle_p0704_1024x1536.png	https://codec-corpus.r2.imazen.org/imazen-26-png-v3/9226-lilith-ai-products/whitelabeled-beverages/9946_gen_products-whitelabeled-beverages_beverage-electrolyte-drink-bottle_p0704_1024x1536.sdr.png	1		0
9947	9226-lilith-ai-products/whitelabeled-beverages/9947_gen_products-whitelabeled-beverages_beverage-energy-drink-can_p0705_1024x1536.png	https://codec-corpus.r2.imazen.org/imazen-26-png-v3/9226-lilith-ai-products/whitelabeled-beverages/9947_gen_products-whitelabeled-beverages_beverage-energy-drink-can_p0705_1024x1536.sdr.png	1		0
9948	9226-lilith-ai-products/whitelabeled-beverages/9948_gen_products-whitelabeled-beverages_beverage-ginger-beer-bottle_p0706_1024x1536.png	https://codec-corpus.r2.imazen.org/imazen-26-png-v3/9226-lilith-ai-products/whitelabeled-beverages/9948_gen_products-whitelabeled-beverages_beverage-ginger-beer-bottle_p0706_1024x1536.sdr.png	1		0
9949	9226-lilith-ai-products/whitelabeled-beverages/9949_gen_products-whitelabeled-beverages_beverage-hard-seltzer-can_p0707_1024x1536.png	https://codec-corpus.r2.imazen.org/imazen-26-png-v3/9226-lilith-ai-products/whitelabeled-beverages/9949_gen_products-whitelabeled-beverages_beverage-hard-seltzer-can_p0707_1024x1536.sdr.png	1		0
9950	9226-lilith-ai-products/whitelabeled-beverages/9950_gen_products-whitelabeled-beverages_beverage-iced-tea-bottle_p0708_1024x1536.png	https://codec-corpus.r2.imazen.org/imazen-26-png-v3/9226-lilith-ai-products/whitelabeled-beverages/9950_gen_products-whitelabeled-beverages_beverage-iced-tea-bottle_p0708_1024x1536.sdr.png	1		0
9951	9226-lilith-ai-products/whitelabeled-beverages/9951_gen_products-whitelabeled-beverages_beverage-juice-bottle-orange_p0709_1024x1536.png	https://codec-corpus.r2.imazen.org/imazen-26-png-v3/9226-lilith-ai-products/whitelabeled-beverages/9951_gen_products-whitelabeled-beverages_beverage-juice-bottle-orange_p0709_1024x1536.sdr.png	1		0
9952	9226-lilith-ai-products/whitelabeled-beverages/9952_gen_products-whitelabeled-beverages_beverage-kombucha-bottle_p0710_1024x1536.png	https://codec-corpus.r2.imazen.org/imazen-26-png-v3/9226-lilith-ai-products/whitelabeled-beverages/9952_gen_products-whitelabeled-beverages_beverage-kombucha-bottle_p0710_1024x1536.sdr.png	1		0
9953	9226-lilith-ai-products/whitelabeled-beverages/9953_gen_products-whitelabeled-beverages_beverage-lemonade-carton_p0711_1024x1536.png	https://codec-corpus.r2.imazen.org/imazen-26-png-v3/9226-lilith-ai-products/whitelabeled-beverages/9953_gen_products-whitelabeled-beverages_beverage-lemonade-carton_p0711_1024x1536.sdr.png	1		0
9954	9226-lilith-ai-products/whitelabeled-beverages/9954_gen_products-whitelabeled-beverages_beverage-mixer-can_p0712_1024x1536.png	https://codec-corpus.r2.imazen.org/imazen-26-png-v3/9226-lilith-ai-products/whitelabeled-beverages/9954_gen_products-whitelabeled-beverages_beverage-mixer-can_p0712_1024x1536.sdr.png	1		0
9955	9226-lilith-ai-products/whitelabeled-beverages/9955_gen_products-whitelabeled-beverages_beverage-oat-milk-carton_p0713_1024x1536.png	https://codec-corpus.r2.imazen.org/imazen-26-png-v3/9226-lilith-ai-products/whitelabeled-beverages/9955_gen_products-whitelabeled-beverages_beverage-oat-milk-carton_p0713_1024x1536.sdr.png	1		0
9956	9226-lilith-ai-products/whitelabeled-beverages/9956_gen_products-whitelabeled-beverages_beverage-plant-milk-carton_p0714_1024x1536.png	https://codec-corpus.r2.imazen.org/imazen-26-png-v3/9226-lilith-ai-products/whitelabeled-beverages/9956_gen_products-whitelabeled-beverages_beverage-plant-milk-carton_p0714_1024x1536.sdr.png	1		0
9957	9226-lilith-ai-products/whitelabeled-beverages/9957_gen_products-whitelabeled-beverages_beverage-prosecco-bottle_p0715_1024x1536.png	https://codec-corpus.r2.imazen.org/imazen-26-png-v3/9226-lilith-ai-products/whitelabeled-beverages/9957_gen_products-whitelabeled-beverages_beverage-prosecco-bottle_p0715_1024x1536.sdr.png	1		0
9958	9226-lilith-ai-products/whitelabeled-beverages/9958_gen_products-whitelabeled-beverages_beverage-smoothie-bottle_p0716_1024x1536.png	https://codec-corpus.r2.imazen.org/imazen-26-png-v3/9226-lilith-ai-products/whitelabeled-beverages/9958_gen_products-whitelabeled-beverages_beverage-smoothie-bottle_p0716_1024x1536.sdr.png	1		0
9959	9226-lilith-ai-products/whitelabeled-beverages/9959_gen_products-whitelabeled-beverages_beverage-soda-can-cola_p0717_1024x1536.png	https://codec-corpus.r2.imazen.org/imazen-26-png-v3/9226-lilith-ai-products/whitelabeled-beverages/9959_gen_products-whitelabeled-beverages_beverage-soda-can-cola_p0717_1024x1536.sdr.png	1		0
9960	9226-lilith-ai-products/whitelabeled-beverages/9960_gen_products-whitelabeled-beverages_beverage-sparkling-water-can_p0718_1024x1536.png	https://codec-corpus.r2.imazen.org/imazen-26-png-v3/9226-lilith-ai-products/whitelabeled-beverages/9960_gen_products-whitelabeled-beverages_beverage-sparkling-water-can_p0718_1024x1536.sdr.png	1		0
9961	9226-lilith-ai-products/whitelabeled-beverages/9961_gen_products-whitelabeled-beverages_beverage-sports-drink-bottle_p0719_1024x1536.png	https://codec-corpus.r2.imazen.org/imazen-26-png-v3/9226-lilith-ai-products/whitelabeled-beverages/9961_gen_products-whitelabeled-beverages_beverage-sports-drink-bottle_p0719_1024x1536.sdr.png	1		0
9962	9226-lilith-ai-products/whitelabeled-beverages/9962_gen_products-whitelabeled-beverages_beverage-spring-water-bottle_p0720_1024x1536.png	https://codec-corpus.r2.imazen.org/imazen-26-png-v3/9226-lilith-ai-products/whitelabeled-beverages/9962_gen_products-whitelabeled-beverages_beverage-spring-water-bottle_p0720_1024x1536.sdr.png	1		0
9963	9226-lilith-ai-products/whitelabeled-beverages/9963_gen_products-whitelabeled-beverages_beverage-tonic-water-bottle_p0721_1024x1536.png	https://codec-corpus.r2.imazen.org/imazen-26-png-v3/9226-lilith-ai-products/whitelabeled-beverages/9963_gen_products-whitelabeled-beverages_beverage-tonic-water-bottle_p0721_1024x1536.sdr.png	1		0
9964	9226-lilith-ai-products/whitelabeled-beverages/9964_gen_products-whitelabeled-beverages_beverage-wine-bottle-red_p0722_1024x1536.png	https://codec-corpus.r2.imazen.org/imazen-26-png-v3/9226-lilith-ai-products/whitelabeled-beverages/9964_gen_products-whitelabeled-beverages_beverage-wine-bottle-red_p0722_1024x1536.sdr.png	1		0
9965	9226-lilith-ai-products/whitelabeled-beverages/9965_gen_products-whitelabeled-beverages_beverage-wine-bottle-white_p0723_1024x1536.png	https://codec-corpus.r2.imazen.org/imazen-26-png-v3/9226-lilith-ai-products/whitelabeled-beverages/9965_gen_products-whitelabeled-beverages_beverage-wine-bottle-white_p0723_1024x1536.sdr.png	1		0
9966	9226-lilith-ai-products/products-with-callouts/9966_gen_products-with-callouts_cherry-red-short-set_spec_p0225_3840x2160.png	https://codec-corpus.r2.imazen.org/imazen-26-png-v3/9226-lilith-ai-products/products-with-callouts/9966_gen_products-with-callouts_cherry-red-short-set_spec_p0225_3840x2160.sdr.png	1		0
9967	9226-lilith-ai-products/products-with-callouts/9967_gen_products-with-callouts_chunky-dad-sneakers_feature_p0396_3840x2160.png	https://codec-corpus.r2.imazen.org/imazen-26-png-v3/9226-lilith-ai-products/products-with-callouts/9967_gen_products-with-callouts_chunky-dad-sneakers_feature_p0396_3840x2160.sdr.png	1		0
9968	9226-lilith-ai-products/products-with-callouts/9968_gen_products-with-callouts_mens-waterproof-hiking-boots-brown_feature_p0422_5504x3072.jpg	https://codec-corpus.r2.imazen.org/imazen-26-png-v3/9226-lilith-ai-products/products-with-callouts/9968_gen_products-with-callouts_mens-waterproof-hiking-boots-brown_feature_p0422_5504x3072.sdr.png	1		0
9969	9226-lilith-ai-products/products-with-callouts/9969_gen_products-with-callouts_moisturizer-jar-sage_feature_p0687_5504x3072.jpg	https://codec-corpus.r2.imazen.org/imazen-26-png-v3/9226-lilith-ai-products/products-with-callouts/9969_gen_products-with-callouts_moisturizer-jar-sage_feature_p0687_5504x3072.sdr.png	1		0
9970	9226-lilith-ai-products/products-with-callouts/9970_gen_products-with-callouts_sculpt-leggings_feature_p0227_2160x3840.png	https://codec-corpus.r2.imazen.org/imazen-26-png-v3/9226-lilith-ai-products/products-with-callouts/9970_gen_products-with-callouts_sculpt-leggings_feature_p0227_2160x3840.sdr.png	1		0
9971	9226-lilith-ai-products/products-with-callouts/9971_gen_products-with-callouts_sculpt-leggings_spec_p0227_3840x2160.png	https://codec-corpus.r2.imazen.org/imazen-26-png-v3/9226-lilith-ai-products/products-with-callouts/9971_gen_products-with-callouts_sculpt-leggings_spec_p0227_3840x2160.sdr.png	1		0
9972	9226-lilith-ai-products/products-with-callouts/9972_gen_products-with-callouts_serum-dropper-blush_feature_p0691_5504x3072.jpg	https://codec-corpus.r2.imazen.org/imazen-26-png-v3/9226-lilith-ai-products/products-with-callouts/9972_gen_products-with-callouts_serum-dropper-blush_feature_p0691_5504x3072.sdr.png	1		0
9973	9226-lilith-ai-products/products-with-callouts/9973_gen_products-with-callouts_silver-metallic-statement-puffer_feature_p0284_3840x2160.png	https://codec-corpus.r2.imazen.org/imazen-26-png-v3/9226-lilith-ai-products/products-with-callouts/9973_gen_products-with-callouts_silver-metallic-statement-puffer_feature_p0284_3840x2160.sdr.png	1		0
9974	9226-lilith-ai-products/products-with-callouts/9974_gen_products-with-callouts_spec-sneaker-cutaway_spec_p0724_1536x1024.png	https://codec-corpus.r2.imazen.org/imazen-26-png-v3/9226-lilith-ai-products/products-with-callouts/9974_gen_products-with-callouts_spec-sneaker-cutaway_spec_p0724_1536x1024.sdr.png	1		0
9975	9226-lilith-ai-products/products-with-callouts/9975_gen_products-with-callouts_womens-packable-down-jacket-teal_feature_p0231_3072x3106.png	https://codec-corpus.r2.imazen.org/imazen-26-png-v3/9226-lilith-ai-products/products-with-callouts/9975_gen_products-with-callouts_womens-packable-down-jacket-teal_feature_p0231_3072x3106.sdr.png	1		0
