set	format	file	ns
cleanpicker	jxl1t	o_1011.png.scale108x192.jxl	8180891
cleanpicker	jxl1t	o_1011.png.scale144x256.jxl	11096709
cleanpicker	jxl1t	o_1011.png.scale216x384.jxl	20369467
cleanpicker	jxl1t	o_1011.png.scale288x512.jxl	32221070
cleanpicker	jxl1t	o_1011.png.scale360x640.jxl	45232370
cleanpicker	jxl1t	o_1011.png.scale36x64.jxl	4093525
cleanpicker	jxl1t	o_1011.png.scale432x768.jxl	57592007
cleanpicker	jxl1t	o_1011.png.scale504x896.jxl	70340736
cleanpicker	jxl1t	o_1011.png.scale54x96.jxl	4238896
cleanpicker	jxl1t	o_1011.png.scale577x1024.jxl	83935040
cleanpicker	jxl1t	o_1011.png.scale72x128.jxl	4546978
cleanpicker	jxl1t	o_1015.png.scale1024x768.jxl	108481893
cleanpicker	jxl1t	o_1015.png.scale128x96.jxl	4575188
cleanpicker	jxl1t	o_1015.png.scale192x144.jxl	7055594
cleanpicker	jxl1t	o_1015.png.scale256x192.jxl	10860437
cleanpicker	jxl1t	o_1015.png.scale384x288.jxl	20302366
cleanpicker	jxl1t	o_1015.png.scale512x384.jxl	31739967
cleanpicker	jxl1t	o_1015.png.scale640x480.jxl	46329067
cleanpicker	jxl1t	o_1015.png.scale64x48.jxl	3623402
cleanpicker	jxl1t	o_1015.png.scale768x576.jxl	64478190
cleanpicker	jxl1t	o_1015.png.scale896x672.jxl	81891888
cleanpicker	jxl1t	o_1015.png.scale96x72.jxl	4649289
cleanpicker	jxl1t	o_1016.png.scale108x192.jxl	5935597
cleanpicker	jxl1t	o_1016.png.scale144x256.jxl	7998990
cleanpicker	jxl1t	o_1016.png.scale216x384.jxl	13982236
cleanpicker	jxl1t	o_1016.png.scale288x512.jxl	22278328
cleanpicker	jxl1t	o_1016.png.scale360x640.jxl	32428711
cleanpicker	jxl1t	o_1016.png.scale36x64.jxl	3436051
cleanpicker	jxl1t	o_1016.png.scale432x768.jxl	49778779
cleanpicker	jxl1t	o_1016.png.scale504x896.jxl	63722894
cleanpicker	jxl1t	o_1016.png.scale54x96.jxl	3739563
cleanpicker	jxl1t	o_1016.png.scale577x1024.jxl	73550885
cleanpicker	jxl1t	o_1016.png.scale72x128.jxl	4223626
cleanpicker	jxl1t	o_1019.png.scale144x192.jxl	6548790
cleanpicker	jxl1t	o_1019.png.scale192x256.jxl	9600399
cleanpicker	jxl1t	o_1019.png.scale288x384.jxl	18461845
cleanpicker	jxl1t	o_1019.png.scale384x512.jxl	26372354
cleanpicker	jxl1t	o_1019.png.scale480x640.jxl	43100767
cleanpicker	jxl1t	o_1019.png.scale48x64.jxl	3695353
cleanpicker	jxl1t	o_1019.png.scale576x768.jxl	55241763
cleanpicker	jxl1t	o_1019.png.scale672x896.jxl	72195068
cleanpicker	jxl1t	o_1019.png.scale72x96.jxl	4899680
cleanpicker	jxl1t	o_1019.png.scale768x1024.jxl	80208107
cleanpicker	jxl1t	o_1019.png.scale96x128.jxl	4994671
cleanpicker	jxl1t	o_1023.png.scale1024x768.jxl	100847105
cleanpicker	jxl1t	o_1023.png.scale128x96.jxl	4749299
cleanpicker	jxl1t	o_1023.png.scale192x144.jxl	7359406
cleanpicker	jxl1t	o_1023.png.scale256x192.jxl	10344384
cleanpicker	jxl1t	o_1023.png.scale384x288.jxl	20077084
cleanpicker	jxl1t	o_1023.png.scale512x384.jxl	29054590
cleanpicker	jxl1t	o_1023.png.scale640x480.jxl	47975778
cleanpicker	jxl1t	o_1023.png.scale64x48.jxl	3585172
cleanpicker	jxl1t	o_1023.png.scale768x576.jxl	60396444
cleanpicker	jxl1t	o_1023.png.scale896x672.jxl	80911591
cleanpicker	jxl1t	o_1023.png.scale96x72.jxl	3712543
cleanpicker	jxl1t	o_1027.png.scale108x192.jxl	5656145
cleanpicker	jxl1t	o_1027.png.scale144x256.jxl	8865445
cleanpicker	jxl1t	o_1027.png.scale216x384.jxl	15121494
cleanpicker	jxl1t	o_1027.png.scale288x512.jxl	21094621
cleanpicker	jxl1t	o_1027.png.scale360x640.jxl	33187056
cleanpicker	jxl1t	o_1027.png.scale36x64.jxl	3051889
cleanpicker	jxl1t	o_1027.png.scale432x768.jxl	46880851
cleanpicker	jxl1t	o_1027.png.scale504x896.jxl	63903446
cleanpicker	jxl1t	o_1027.png.scale54x96.jxl	3905284
cleanpicker	jxl1t	o_1027.png.scale577x1024.jxl	75038305
cleanpicker	jxl1t	o_1027.png.scale72x128.jxl	4139426
cleanpicker	jxl1t	o_1029.png.scale1024x768.jxl	105022651
cleanpicker	jxl1t	o_1029.png.scale128x96.jxl	5215363
cleanpicker	jxl1t	o_1029.png.scale192x144.jxl	6744802
cleanpicker	jxl1t	o_1029.png.scale256x192.jxl	10549806
cleanpicker	jxl1t	o_1029.png.scale384x288.jxl	18725206
cleanpicker	jxl1t	o_1029.png.scale512x384.jxl	30061037
cleanpicker	jxl1t	o_1029.png.scale640x480.jxl	45777414
cleanpicker	jxl1t	o_1029.png.scale64x48.jxl	3474302
cleanpicker	jxl1t	o_1029.png.scale768x576.jxl	62710629
cleanpicker	jxl1t	o_1029.png.scale896x672.jxl	82230160
cleanpicker	jxl1t	o_1029.png.scale96x72.jxl	4326587
cleanpicker	jxl1t	o_1042.png.scale1024x768.jxl	111580511
cleanpicker	jxl1t	o_1042.png.scale128x96.jxl	4979371
cleanpicker	jxl1t	o_1042.png.scale192x144.jxl	7947159
cleanpicker	jxl1t	o_1042.png.scale256x192.jxl	10060433
cleanpicker	jxl1t	o_1042.png.scale384x288.jxl	20756989
cleanpicker	jxl1t	o_1042.png.scale512x384.jxl	31426705
cleanpicker	jxl1t	o_1042.png.scale640x480.jxl	47230303
cleanpicker	jxl1t	o_1042.png.scale64x48.jxl	3594372
cleanpicker	jxl1t	o_1042.png.scale768x576.jxl	63877785
cleanpicker	jxl1t	o_1042.png.scale896x672.jxl	84878456
cleanpicker	jxl1t	o_1042.png.scale96x72.jxl	4014865
cleanpicker	jxl1t	o_1043.png.scale144x192.jxl	7286165
cleanpicker	jxl1t	o_1043.png.scale192x256.jxl	10478836
cleanpicker	jxl1t	o_1043.png.scale288x384.jxl	21498174
cleanpicker	jxl1t	o_1043.png.scale384x512.jxl	31391915
cleanpicker	jxl1t	o_1043.png.scale480x640.jxl	47657625
cleanpicker	jxl1t	o_1043.png.scale48x64.jxl	3731414
cleanpicker	jxl1t	o_1043.png.scale576x768.jxl	64810102
cleanpicker	jxl1t	o_1043.png.scale672x896.jxl	83014515
cleanpicker	jxl1t	o_1043.png.scale72x96.jxl	4065166
cleanpicker	jxl1t	o_1043.png.scale768x1024.jxl	104736499
cleanpicker	jxl1t	o_1043.png.scale96x128.jxl	5562805
cleanpicker	jxl1t	o_1046.png.scale1024x768.jxl	101611120
cleanpicker	jxl1t	o_1046.png.scale128x96.jxl	4800700
cleanpicker	jxl1t	o_1046.png.scale192x144.jxl	7456986
cleanpicker	jxl1t	o_1046.png.scale256x192.jxl	9853411
cleanpicker	jxl1t	o_1046.png.scale384x288.jxl	19607841
cleanpicker	jxl1t	o_1046.png.scale512x384.jxl	29179520
cleanpicker	jxl1t	o_1046.png.scale640x480.jxl	42968566
cleanpicker	jxl1t	o_1046.png.scale64x48.jxl	3163610
cleanpicker	jxl1t	o_1046.png.scale768x576.jxl	57366015
cleanpicker	jxl1t	o_1046.png.scale896x672.jxl	77215248
cleanpicker	jxl1t	o_1046.png.scale96x72.jxl	4230486
cleanpicker	jxl1t	o_1050.png.scale1024x768.jxl	94822908
cleanpicker	jxl1t	o_1050.png.scale128x96.jxl	4279276
cleanpicker	jxl1t	o_1050.png.scale192x144.jxl	6924483
cleanpicker	jxl1t	o_1050.png.scale256x192.jxl	9336178
cleanpicker	jxl1t	o_1050.png.scale384x288.jxl	18756826
cleanpicker	jxl1t	o_1050.png.scale512x384.jxl	28818468
cleanpicker	jxl1t	o_1050.png.scale640x480.jxl	43773341
cleanpicker	jxl1t	o_1050.png.scale64x48.jxl	3205799
cleanpicker	jxl1t	o_1050.png.scale768x576.jxl	55334833
cleanpicker	jxl1t	o_1050.png.scale896x672.jxl	72638950
cleanpicker	jxl1t	o_1050.png.scale96x72.jxl	3945254
cleanpicker	jxl1t	o_1054.png.scale144x192.jxl	7465916
cleanpicker	jxl1t	o_1054.png.scale192x256.jxl	10154013
cleanpicker	jxl1t	o_1054.png.scale288x384.jxl	20089504
cleanpicker	jxl1t	o_1054.png.scale384x512.jxl	31303574
cleanpicker	jxl1t	o_1054.png.scale480x640.jxl	47845956
cleanpicker	jxl1t	o_1054.png.scale48x64.jxl	3339471
cleanpicker	jxl1t	o_1054.png.scale576x768.jxl	60152573
cleanpicker	jxl1t	o_1054.png.scale672x896.jxl	77230369
cleanpicker	jxl1t	o_1054.png.scale72x96.jxl	3875934
cleanpicker	jxl1t	o_1054.png.scale768x1024.jxl	97778045
cleanpicker	jxl1t	o_1054.png.scale96x128.jxl	5056972
cleanpicker	jxl1t	o_1056.png.scale144x192.jxl	6916823
cleanpicker	jxl1t	o_1056.png.scale192x256.jxl	9729600
cleanpicker	jxl1t	o_1056.png.scale288x384.jxl	18701646
cleanpicker	jxl1t	o_1056.png.scale384x512.jxl	30148796
cleanpicker	jxl1t	o_1056.png.scale480x640.jxl	45636123
cleanpicker	jxl1t	o_1056.png.scale48x64.jxl	3855384
cleanpicker	jxl1t	o_1056.png.scale576x768.jxl	57141434
cleanpicker	jxl1t	o_1056.png.scale672x896.jxl	79080250
cleanpicker	jxl1t	o_1056.png.scale72x96.jxl	4342967
cleanpicker	jxl1t	o_1056.png.scale768x1024.jxl	100990175
cleanpicker	jxl1t	o_1056.png.scale96x128.jxl	5474304
cleanpicker	jxl1t	o_1060.png.scale144x192.jxl	6749852
cleanpicker	jxl1t	o_1060.png.scale192x256.jxl	9990202
cleanpicker	jxl1t	o_1060.png.scale288x384.jxl	19348970
cleanpicker	jxl1t	o_1060.png.scale384x512.jxl	30311658
cleanpicker	jxl1t	o_1060.png.scale480x640.jxl	45815474
cleanpicker	jxl1t	o_1060.png.scale48x64.jxl	3447482
cleanpicker	jxl1t	o_1060.png.scale576x768.jxl	60836807
cleanpicker	jxl1t	o_1060.png.scale672x896.jxl	80826031
cleanpicker	jxl1t	o_1060.png.scale72x96.jxl	3722193
cleanpicker	jxl1t	o_1060.png.scale768x1024.jxl	109200677
cleanpicker	jxl1t	o_1060.png.scale96x128.jxl	5252123
cleanpicker	jxl1t	o_1068.png.scale144x192.jxl	7675068
cleanpicker	jxl1t	o_1068.png.scale192x256.jxl	9841141
cleanpicker	jxl1t	o_1068.png.scale288x384.jxl	19892513
cleanpicker	jxl1t	o_1068.png.scale384x512.jxl	30788161
cleanpicker	jxl1t	o_1068.png.scale480x640.jxl	46676419
cleanpicker	jxl1t	o_1068.png.scale48x64.jxl	3333121
cleanpicker	jxl1t	o_1068.png.scale576x768.jxl	60512675
cleanpicker	jxl1t	o_1068.png.scale672x896.jxl	82485201
cleanpicker	jxl1t	o_1068.png.scale72x96.jxl	4595319
cleanpicker	jxl1t	o_1068.png.scale768x1024.jxl	107965419
cleanpicker	jxl1t	o_1068.png.scale96x128.jxl	4775929
cleanpicker	jxl1t	o_1200.png.scale1024x768.jxl	100659133
cleanpicker	jxl1t	o_1200.png.scale128x96.jxl	5118912
cleanpicker	jxl1t	o_1200.png.scale192x144.jxl	7193865
cleanpicker	jxl1t	o_1200.png.scale256x192.jxl	10425405
cleanpicker	jxl1t	o_1200.png.scale384x288.jxl	19612672
cleanpicker	jxl1t	o_1200.png.scale512x384.jxl	29549053
cleanpicker	jxl1t	o_1200.png.scale640x480.jxl	45912655
cleanpicker	jxl1t	o_1200.png.scale64x48.jxl	3873434
cleanpicker	jxl1t	o_1200.png.scale768x576.jxl	59888291
cleanpicker	jxl1t	o_1200.png.scale896x672.jxl	80180017
cleanpicker	jxl1t	o_1200.png.scale96x72.jxl	4740669
cleanpicker	jxl1t	o_1205.png.scale144x192.jxl	6948003
cleanpicker	jxl1t	o_1205.png.scale192x256.jxl	9663360
cleanpicker	jxl1t	o_1205.png.scale288x384.jxl	19317019
cleanpicker	jxl1t	o_1205.png.scale384x512.jxl	29491743
cleanpicker	jxl1t	o_1205.png.scale480x640.jxl	44578997
cleanpicker	jxl1t	o_1205.png.scale48x64.jxl	3036099
cleanpicker	jxl1t	o_1205.png.scale576x768.jxl	59706300
cleanpicker	jxl1t	o_1205.png.scale672x896.jxl	80595589
cleanpicker	jxl1t	o_1205.png.scale72x96.jxl	4596269
cleanpicker	jxl1t	o_1205.png.scale768x1024.jxl	107039563
cleanpicker	jxl1t	o_1205.png.scale96x128.jxl	4880120
cleanpicker	jxl1t	o_1212.png.scale144x192.jxl	7340966
cleanpicker	jxl1t	o_1212.png.scale192x256.jxl	11654932
cleanpicker	jxl1t	o_1212.png.scale288x384.jxl	21954026
cleanpicker	jxl1t	o_1212.png.scale384x512.jxl	33447288
cleanpicker	jxl1t	o_1212.png.scale480x640.jxl	50716285
cleanpicker	jxl1t	o_1212.png.scale48x64.jxl	3428111
cleanpicker	jxl1t	o_1212.png.scale576x768.jxl	63860555
cleanpicker	jxl1t	o_1212.png.scale672x896.jxl	85141888
cleanpicker	jxl1t	o_1212.png.scale72x96.jxl	4243976
cleanpicker	jxl1t	o_1212.png.scale768x1024.jxl	109808490
cleanpicker	jxl1t	o_1212.png.scale96x128.jxl	4846070
cleanpicker	jxl1t	o_1214.png.scale108x128.jxl	4803920
cleanpicker	jxl1t	o_1214.png.scale162x192.jxl	7122484
cleanpicker	jxl1t	o_1214.png.scale216x256.jxl	11769633
cleanpicker	jxl1t	o_1214.png.scale324x384.jxl	21086370
cleanpicker	jxl1t	o_1214.png.scale432x512.jxl	34261322
cleanpicker	jxl1t	o_1214.png.scale540x640.jxl	48521871
cleanpicker	jxl1t	o_1214.png.scale54x64.jxl	3632762
cleanpicker	jxl1t	o_1214.png.scale648x768.jxl	65762008
cleanpicker	jxl1t	o_1214.png.scale756x896.jxl	90619251
cleanpicker	jxl1t	o_1214.png.scale81x96.jxl	4323427
cleanpicker	jxl1t	o_1214.png.scale864x1024.jxl	118831246
cleanpicker	jxl1t	o_1220.png.scale144x192.jxl	6725412
cleanpicker	jxl1t	o_1220.png.scale192x256.jxl	11113979
cleanpicker	jxl1t	o_1220.png.scale288x384.jxl	21006470
cleanpicker	jxl1t	o_1220.png.scale384x512.jxl	30107807
cleanpicker	jxl1t	o_1220.png.scale480x640.jxl	46982801
cleanpicker	jxl1t	o_1220.png.scale48x64.jxl	3976635
cleanpicker	jxl1t	o_1220.png.scale576x768.jxl	61746773
cleanpicker	jxl1t	o_1220.png.scale672x896.jxl	80612039
cleanpicker	jxl1t	o_1220.png.scale72x96.jxl	4134325
cleanpicker	jxl1t	o_1220.png.scale768x1024.jxl	105079371
cleanpicker	jxl1t	o_1220.png.scale96x128.jxl	5031991
cleanpicker	jxl1t	o_1224.png.scale1024x768.jxl	94339644
cleanpicker	jxl1t	o_1224.png.scale128x96.jxl	4581088
cleanpicker	jxl1t	o_1224.png.scale192x144.jxl	6357110
cleanpicker	jxl1t	o_1224.png.scale256x192.jxl	10282274
cleanpicker	jxl1t	o_1224.png.scale384x288.jxl	18170943
cleanpicker	jxl1t	o_1224.png.scale512x384.jxl	28318915
cleanpicker	jxl1t	o_1224.png.scale640x480.jxl	44452936
cleanpicker	jxl1t	o_1224.png.scale64x48.jxl	3117339
cleanpicker	jxl1t	o_1224.png.scale768x576.jxl	57547467
cleanpicker	jxl1t	o_1224.png.scale896x672.jxl	76234153
cleanpicker	jxl1t	o_1224.png.scale96x72.jxl	3549302
cleanpicker	jxl1t	o_1228.png.scale1024x768.jxl	103986905
cleanpicker	jxl1t	o_1228.png.scale128x96.jxl	5369204
cleanpicker	jxl1t	o_1228.png.scale192x144.jxl	7246265
cleanpicker	jxl1t	o_1228.png.scale256x192.jxl	9986212
cleanpicker	jxl1t	o_1228.png.scale384x288.jxl	19824844
cleanpicker	jxl1t	o_1228.png.scale512x384.jxl	30319778
cleanpicker	jxl1t	o_1228.png.scale640x480.jxl	46617398
cleanpicker	jxl1t	o_1228.png.scale64x48.jxl	3203559
cleanpicker	jxl1t	o_1228.png.scale768x576.jxl	61477911
cleanpicker	jxl1t	o_1228.png.scale896x672.jxl	81332184
cleanpicker	jxl1t	o_1228.png.scale96x72.jxl	4393218
cleanpicker	jxl1t	o_1239.png.scale1024x768.jxl	97637586
cleanpicker	jxl1t	o_1239.png.scale128x96.jxl	4592159
cleanpicker	jxl1t	o_1239.png.scale192x144.jxl	7269045
cleanpicker	jxl1t	o_1239.png.scale256x192.jxl	9766791
cleanpicker	jxl1t	o_1239.png.scale384x288.jxl	19775162
cleanpicker	jxl1t	o_1239.png.scale512x384.jxl	30182737
cleanpicker	jxl1t	o_1239.png.scale640x480.jxl	44611887
cleanpicker	jxl1t	o_1239.png.scale64x48.jxl	3512902
cleanpicker	jxl1t	o_1239.png.scale768x576.jxl	55621265
cleanpicker	jxl1t	o_1239.png.scale896x672.jxl	73157744
cleanpicker	jxl1t	o_1239.png.scale96x72.jxl	3769294
cleanpicker	jxl1t	o_1242.png.scale144x192.jxl	6933913
cleanpicker	jxl1t	o_1242.png.scale192x256.jxl	10034792
cleanpicker	jxl1t	o_1242.png.scale288x384.jxl	18984807
cleanpicker	jxl1t	o_1242.png.scale384x512.jxl	30619619
cleanpicker	jxl1t	o_1242.png.scale480x640.jxl	44525406
cleanpicker	jxl1t	o_1242.png.scale48x64.jxl	3260720
cleanpicker	jxl1t	o_1242.png.scale576x768.jxl	57405336
cleanpicker	jxl1t	o_1242.png.scale672x896.jxl	79819525
cleanpicker	jxl1t	o_1242.png.scale72x96.jxl	4064515
cleanpicker	jxl1t	o_1242.png.scale768x1024.jxl	98126268
cleanpicker	jxl1t	o_1242.png.scale96x128.jxl	4344407
cleanpicker	jxl1t	o_1402.png.scale1024x768.jxl	95177050
cleanpicker	jxl1t	o_1402.png.scale128x96.jxl	4812899
cleanpicker	jxl1t	o_1402.png.scale192x144.jxl	6993383
cleanpicker	jxl1t	o_1402.png.scale256x192.jxl	9001735
cleanpicker	jxl1t	o_1402.png.scale384x288.jxl	18556135
cleanpicker	jxl1t	o_1402.png.scale512x384.jxl	28454026
cleanpicker	jxl1t	o_1402.png.scale640x480.jxl	44800078
cleanpicker	jxl1t	o_1402.png.scale64x48.jxl	3454032
cleanpicker	jxl1t	o_1402.png.scale768x576.jxl	56111948
cleanpicker	jxl1t	o_1402.png.scale896x672.jxl	70557137
cleanpicker	jxl1t	o_1402.png.scale96x72.jxl	3841894
cleanpicker	jxl1t	o_1405.png.scale1024x768.jxl	88550639
cleanpicker	jxl1t	o_1405.png.scale128x96.jxl	4552379
cleanpicker	jxl1t	o_1405.png.scale192x144.jxl	6725572
cleanpicker	jxl1t	o_1405.png.scale256x192.jxl	8922995
cleanpicker	jxl1t	o_1405.png.scale384x288.jxl	18831496
cleanpicker	jxl1t	o_1405.png.scale512x384.jxl	26928556
cleanpicker	jxl1t	o_1405.png.scale640x480.jxl	41173185
cleanpicker	jxl1t	o_1405.png.scale64x48.jxl	3887754
cleanpicker	jxl1t	o_1405.png.scale768x576.jxl	53897504
cleanpicker	jxl1t	o_1405.png.scale896x672.jxl	71857916
cleanpicker	jxl1t	o_1405.png.scale96x72.jxl	4364347
cleanpicker	jxl1t	o_1413.png.scale1024x768.jxl	96783799
cleanpicker	jxl1t	o_1413.png.scale128x96.jxl	4912631
cleanpicker	jxl1t	o_1413.png.scale192x144.jxl	6626111
cleanpicker	jxl1t	o_1413.png.scale256x192.jxl	9506959
cleanpicker	jxl1t	o_1413.png.scale384x288.jxl	18990888
cleanpicker	jxl1t	o_1413.png.scale512x384.jxl	28730238
cleanpicker	jxl1t	o_1413.png.scale640x480.jxl	44988339
cleanpicker	jxl1t	o_1413.png.scale64x48.jxl	3417141
cleanpicker	jxl1t	o_1413.png.scale768x576.jxl	54721040
cleanpicker	jxl1t	o_1413.png.scale896x672.jxl	73478295
cleanpicker	jxl1t	o_1413.png.scale96x72.jxl	3988295
cleanpicker	jxl1t	o_1420.png.scale144x192.jxl	6838432
cleanpicker	jxl1t	o_1420.png.scale192x256.jxl	10291304
cleanpicker	jxl1t	o_1420.png.scale288x384.jxl	19581561
cleanpicker	jxl1t	o_1420.png.scale384x512.jxl	30995602
cleanpicker	jxl1t	o_1420.png.scale480x640.jxl	46477088
cleanpicker	jxl1t	o_1420.png.scale48x64.jxl	3377041
cleanpicker	jxl1t	o_1420.png.scale576x768.jxl	60776756
cleanpicker	jxl1t	o_1420.png.scale672x896.jxl	81332474
cleanpicker	jxl1t	o_1420.png.scale72x96.jxl	4215107
cleanpicker	jxl1t	o_1420.png.scale768x1024.jxl	105048811
cleanpicker	jxl1t	o_1420.png.scale96x128.jxl	4946710
cleanpicker	jxl1t	o_1423.png.scale144x192.jxl	7723658
cleanpicker	jxl1t	o_1423.png.scale192x256.jxl	10760916
cleanpicker	jxl1t	o_1423.png.scale288x384.jxl	20905920
cleanpicker	jxl1t	o_1423.png.scale384x512.jxl	29241142
cleanpicker	jxl1t	o_1423.png.scale480x640.jxl	43655280
cleanpicker	jxl1t	o_1423.png.scale48x64.jxl	3771123
cleanpicker	jxl1t	o_1423.png.scale576x768.jxl	58966075
cleanpicker	jxl1t	o_1423.png.scale672x896.jxl	79678684
cleanpicker	jxl1t	o_1423.png.scale72x96.jxl	4242956
cleanpicker	jxl1t	o_1423.png.scale768x1024.jxl	101400678
cleanpicker	jxl1t	o_1423.png.scale96x128.jxl	4579229
cleanpicker	jxl1t	o_1427.png.scale144x192.jxl	7146285
cleanpicker	jxl1t	o_1427.png.scale192x256.jxl	10465835
cleanpicker	jxl1t	o_1427.png.scale288x384.jxl	20391496
cleanpicker	jxl1t	o_1427.png.scale384x512.jxl	29883155
cleanpicker	jxl1t	o_1427.png.scale480x640.jxl	47726116
cleanpicker	jxl1t	o_1427.png.scale48x64.jxl	3676623
cleanpicker	jxl1t	o_1427.png.scale576x768.jxl	63263292
cleanpicker	jxl1t	o_1427.png.scale672x896.jxl	82651412
cleanpicker	jxl1t	o_1427.png.scale72x96.jxl	4599298
cleanpicker	jxl1t	o_1427.png.scale768x1024.jxl	106670491
cleanpicker	jxl1t	o_1427.png.scale96x128.jxl	5280453
cleanpicker	jxl1t	o_1437.png.scale144x192.jxl	6622171
cleanpicker	jxl1t	o_1437.png.scale192x256.jxl	10070752
cleanpicker	jxl1t	o_1437.png.scale288x384.jxl	18089032
cleanpicker	jxl1t	o_1437.png.scale384x512.jxl	29590674
cleanpicker	jxl1t	o_1437.png.scale480x640.jxl	44659516
cleanpicker	jxl1t	o_1437.png.scale48x64.jxl	3437411
cleanpicker	jxl1t	o_1437.png.scale576x768.jxl	56376939
cleanpicker	jxl1t	o_1437.png.scale672x896.jxl	74271600
cleanpicker	jxl1t	o_1437.png.scale72x96.jxl	4369257
cleanpicker	jxl1t	o_1437.png.scale768x1024.jxl	93107707
cleanpicker	jxl1t	o_1437.png.scale96x128.jxl	4423927
cleanpicker	jxl1t	o_1441.png.scale1024x768.jxl	101583970
cleanpicker	jxl1t	o_1441.png.scale128x96.jxl	4946980
cleanpicker	jxl1t	o_1441.png.scale192x144.jxl	7583297
cleanpicker	jxl1t	o_1441.png.scale256x192.jxl	9673839
cleanpicker	jxl1t	o_1441.png.scale384x288.jxl	19622952
cleanpicker	jxl1t	o_1441.png.scale512x384.jxl	29463273
cleanpicker	jxl1t	o_1441.png.scale640x480.jxl	44285984
cleanpicker	jxl1t	o_1441.png.scale64x48.jxl	3622213
cleanpicker	jxl1t	o_1441.png.scale768x576.jxl	57611117
cleanpicker	jxl1t	o_1441.png.scale896x672.jxl	78003714
cleanpicker	jxl1t	o_1441.png.scale96x72.jxl	4354957
cleanpicker	jxl1t	o_1442.png.scale1024x768.jxl	90786732
cleanpicker	jxl1t	o_1442.png.scale128x96.jxl	4512138
cleanpicker	jxl1t	o_1442.png.scale192x144.jxl	6003187
cleanpicker	jxl1t	o_1442.png.scale256x192.jxl	9583090
cleanpicker	jxl1t	o_1442.png.scale384x288.jxl	17616589
cleanpicker	jxl1t	o_1442.png.scale512x384.jxl	28443077
cleanpicker	jxl1t	o_1442.png.scale640x480.jxl	41626428
cleanpicker	jxl1t	o_1442.png.scale64x48.jxl	3553242
cleanpicker	jxl1t	o_1442.png.scale768x576.jxl	52550226
cleanpicker	jxl1t	o_1442.png.scale896x672.jxl	71779524
cleanpicker	jxl1t	o_1442.png.scale96x72.jxl	3584942
cleanpicker	jxl1t	o_1453.png.scale144x192.jxl	6410479
cleanpicker	jxl1t	o_1453.png.scale192x256.jxl	9753461
cleanpicker	jxl1t	o_1453.png.scale288x384.jxl	18400534
cleanpicker	jxl1t	o_1453.png.scale384x512.jxl	29817175
cleanpicker	jxl1t	o_1453.png.scale480x640.jxl	45268761
cleanpicker	jxl1t	o_1453.png.scale48x64.jxl	3915255
cleanpicker	jxl1t	o_1453.png.scale576x768.jxl	54388607
cleanpicker	jxl1t	o_1453.png.scale672x896.jxl	74431051
cleanpicker	jxl1t	o_1453.png.scale72x96.jxl	3718233
cleanpicker	jxl1t	o_1453.png.scale768x1024.jxl	95161699
cleanpicker	jxl1t	o_1453.png.scale96x128.jxl	4647889
cleanpicker	jxl1t	o_1461.png.scale144x192.jxl	5922157
cleanpicker	jxl1t	o_1461.png.scale192x256.jxl	9299108
cleanpicker	jxl1t	o_1461.png.scale288x384.jxl	17408378
cleanpicker	jxl1t	o_1461.png.scale384x512.jxl	28285905
cleanpicker	jxl1t	o_1461.png.scale480x640.jxl	43866131
cleanpicker	jxl1t	o_1461.png.scale48x64.jxl	3472302
cleanpicker	jxl1t	o_1461.png.scale576x768.jxl	54561598
cleanpicker	jxl1t	o_1461.png.scale672x896.jxl	69700312
cleanpicker	jxl1t	o_1461.png.scale72x96.jxl	3596932
cleanpicker	jxl1t	o_1461.png.scale768x1024.jxl	95145899
cleanpicker	jxl1t	o_1461.png.scale96x128.jxl	4599999
cleanpicker	jxl1t	o_1462.png.scale144x192.jxl	6456800
cleanpicker	jxl1t	o_1462.png.scale192x256.jxl	8815605
cleanpicker	jxl1t	o_1462.png.scale288x384.jxl	17044096
cleanpicker	jxl1t	o_1462.png.scale384x512.jxl	29313141
cleanpicker	jxl1t	o_1462.png.scale480x640.jxl	42768635
cleanpicker	jxl1t	o_1462.png.scale48x64.jxl	3722903
cleanpicker	jxl1t	o_1462.png.scale576x768.jxl	49235975
cleanpicker	jxl1t	o_1462.png.scale672x896.jxl	68141442
cleanpicker	jxl1t	o_1462.png.scale72x96.jxl	4326457
cleanpicker	jxl1t	o_1462.png.scale768x1024.jxl	85994853
cleanpicker	jxl1t	o_1462.png.scale96x128.jxl	4846420
cleanpicker	jxl1t	o_1463.png.scale144x192.jxl	6846742
cleanpicker	jxl1t	o_1463.png.scale192x256.jxl	10070662
cleanpicker	jxl1t	o_1463.png.scale288x384.jxl	18687896
cleanpicker	jxl1t	o_1463.png.scale384x512.jxl	28817208
cleanpicker	jxl1t	o_1463.png.scale480x640.jxl	42945346
cleanpicker	jxl1t	o_1463.png.scale48x64.jxl	3197089
cleanpicker	jxl1t	o_1463.png.scale576x768.jxl	56016688
cleanpicker	jxl1t	o_1463.png.scale672x896.jxl	76567675
cleanpicker	jxl1t	o_1463.png.scale72x96.jxl	4460947
cleanpicker	jxl1t	o_1463.png.scale768x1024.jxl	85302628
cleanpicker	jxl1t	o_1463.png.scale96x128.jxl	4518638
cleanpicker	jxl1t	o_1464.png.scale144x192.jxl	6875112
cleanpicker	jxl1t	o_1464.png.scale192x256.jxl	11479341
cleanpicker	jxl1t	o_1464.png.scale288x384.jxl	20934799
cleanpicker	jxl1t	o_1464.png.scale384x512.jxl	31088053
cleanpicker	jxl1t	o_1464.png.scale480x640.jxl	49056154
cleanpicker	jxl1t	o_1464.png.scale48x64.jxl	3981995
cleanpicker	jxl1t	o_1464.png.scale576x768.jxl	63015021
cleanpicker	jxl1t	o_1464.png.scale672x896.jxl	81142823
cleanpicker	jxl1t	o_1464.png.scale72x96.jxl	3707713
cleanpicker	jxl1t	o_1464.png.scale768x1024.jxl	107619776
cleanpicker	jxl1t	o_1464.png.scale96x128.jxl	5404763
cleanpicker	jxl1t	o_1467.png.scale144x192.jxl	6535440
cleanpicker	jxl1t	o_1467.png.scale192x256.jxl	10587646
cleanpicker	jxl1t	o_1467.png.scale288x384.jxl	19312370
cleanpicker	jxl1t	o_1467.png.scale384x512.jxl	29192841
cleanpicker	jxl1t	o_1467.png.scale480x640.jxl	44830558
cleanpicker	jxl1t	o_1467.png.scale48x64.jxl	3843304
cleanpicker	jxl1t	o_1467.png.scale576x768.jxl	59036836
cleanpicker	jxl1t	o_1467.png.scale672x896.jxl	75567998
cleanpicker	jxl1t	o_1467.png.scale72x96.jxl	4049575
cleanpicker	jxl1t	o_1467.png.scale768x1024.jxl	97315883
cleanpicker	jxl1t	o_1467.png.scale96x128.jxl	5396404
cleanpicker	jxl1t	o_1471.png.scale1024x768.jxl	96528658
cleanpicker	jxl1t	o_1471.png.scale128x96.jxl	4660999
cleanpicker	jxl1t	o_1471.png.scale192x144.jxl	6377700
cleanpicker	jxl1t	o_1471.png.scale256x192.jxl	9507519
cleanpicker	jxl1t	o_1471.png.scale384x288.jxl	18016261
cleanpicker	jxl1t	o_1471.png.scale512x384.jxl	28489586
cleanpicker	jxl1t	o_1471.png.scale640x480.jxl	42090331
cleanpicker	jxl1t	o_1471.png.scale64x48.jxl	3620292
cleanpicker	jxl1t	o_1471.png.scale768x576.jxl	55546844
cleanpicker	jxl1t	o_1471.png.scale896x672.jxl	74515472
cleanpicker	jxl1t	o_1471.png.scale96x72.jxl	3996295
cleanpicker	jxl1t	o_1472.png.scale1024x768.jxl	97022341
cleanpicker	jxl1t	o_1472.png.scale128x96.jxl	4258566
cleanpicker	jxl1t	o_1472.png.scale192x144.jxl	6096578
cleanpicker	jxl1t	o_1472.png.scale256x192.jxl	9922641
cleanpicker	jxl1t	o_1472.png.scale384x288.jxl	17355517
cleanpicker	jxl1t	o_1472.png.scale512x384.jxl	28637538
cleanpicker	jxl1t	o_1472.png.scale640x480.jxl	42850846
cleanpicker	jxl1t	o_1472.png.scale64x48.jxl	3189990
cleanpicker	jxl1t	o_1472.png.scale768x576.jxl	56651031
cleanpicker	jxl1t	o_1472.png.scale896x672.jxl	73984439
cleanpicker	jxl1t	o_1472.png.scale96x72.jxl	4047136
cleanpicker	jxl1t	o_1479.png.scale1024x768.jxl	102176363
cleanpicker	jxl1t	o_1479.png.scale128x96.jxl	4988411
cleanpicker	jxl1t	o_1479.png.scale192x144.jxl	7369135
cleanpicker	jxl1t	o_1479.png.scale256x192.jxl	10293043
cleanpicker	jxl1t	o_1479.png.scale384x288.jxl	20902179
cleanpicker	jxl1t	o_1479.png.scale512x384.jxl	30061446
cleanpicker	jxl1t	o_1479.png.scale640x480.jxl	46501739
cleanpicker	jxl1t	o_1479.png.scale64x48.jxl	3801094
cleanpicker	jxl1t	o_1479.png.scale768x576.jxl	59807791
cleanpicker	jxl1t	o_1479.png.scale896x672.jxl	80244567
cleanpicker	jxl1t	o_1479.png.scale96x72.jxl	4093435
cleanpicker	jxl1t	o_1480.png.scale1024x768.jxl	84403563
cleanpicker	jxl1t	o_1480.png.scale128x96.jxl	5197962
cleanpicker	jxl1t	o_1480.png.scale192x144.jxl	7282325
cleanpicker	jxl1t	o_1480.png.scale256x192.jxl	9193217
cleanpicker	jxl1t	o_1480.png.scale384x288.jxl	17231126
cleanpicker	jxl1t	o_1480.png.scale512x384.jxl	27901753
cleanpicker	jxl1t	o_1480.png.scale640x480.jxl	40573022
cleanpicker	jxl1t	o_1480.png.scale64x48.jxl	3581142
cleanpicker	jxl1t	o_1480.png.scale768x576.jxl	51426329
cleanpicker	jxl1t	o_1480.png.scale896x672.jxl	70348066
cleanpicker	jxl1t	o_1480.png.scale96x72.jxl	3597372
cleanpicker	jxl1t	o_1481.png.scale144x192.jxl	6658331
cleanpicker	jxl1t	o_1481.png.scale192x256.jxl	10042022
cleanpicker	jxl1t	o_1481.png.scale288x384.jxl	18567545
cleanpicker	jxl1t	o_1481.png.scale384x512.jxl	29759125
cleanpicker	jxl1t	o_1481.png.scale480x640.jxl	45122680
cleanpicker	jxl1t	o_1481.png.scale48x64.jxl	3065029
cleanpicker	jxl1t	o_1481.png.scale576x768.jxl	57979219
cleanpicker	jxl1t	o_1481.png.scale672x896.jxl	72209637
cleanpicker	jxl1t	o_1481.png.scale72x96.jxl	4340777
cleanpicker	jxl1t	o_1481.png.scale768x1024.jxl	94088413
cleanpicker	jxl1t	o_1481.png.scale96x128.jxl	5516294
cleanpicker	jxl1t	o_1484.png.scale144x192.jxl	7021033
cleanpicker	jxl1t	o_1484.png.scale192x256.jxl	9484719
cleanpicker	jxl1t	o_1484.png.scale288x384.jxl	18531074
cleanpicker	jxl1t	o_1484.png.scale384x512.jxl	30108337
cleanpicker	jxl1t	o_1484.png.scale480x640.jxl	45809234
cleanpicker	jxl1t	o_1484.png.scale48x64.jxl	3666493
cleanpicker	jxl1t	o_1484.png.scale576x768.jxl	54860150
cleanpicker	jxl1t	o_1484.png.scale672x896.jxl	72602450
cleanpicker	jxl1t	o_1484.png.scale72x96.jxl	3672373
cleanpicker	jxl1t	o_1484.png.scale768x1024.jxl	96941300
cleanpicker	jxl1t	o_1484.png.scale96x128.jxl	4301477
cleanpicker	jxl1t	o_1492.png.scale144x192.jxl	7231424
cleanpicker	jxl1t	o_1492.png.scale192x256.jxl	10304964
cleanpicker	jxl1t	o_1492.png.scale288x384.jxl	19219539
cleanpicker	jxl1t	o_1492.png.scale384x512.jxl	28494147
cleanpicker	jxl1t	o_1492.png.scale480x640.jxl	43512570
cleanpicker	jxl1t	o_1492.png.scale48x64.jxl	3244941
cleanpicker	jxl1t	o_1492.png.scale576x768.jxl	57498106
cleanpicker	jxl1t	o_1492.png.scale672x896.jxl	77847792
cleanpicker	jxl1t	o_1492.png.scale72x96.jxl	3693553
cleanpicker	jxl1t	o_1492.png.scale768x1024.jxl	98604381
cleanpicker	jxl1t	o_1492.png.scale96x128.jxl	5176222
cleanpicker	jxl1t	o_1497.png.scale135x192.jxl	7892199
cleanpicker	jxl1t	o_1497.png.scale180x256.jxl	10075082
cleanpicker	jxl1t	o_1497.png.scale270x384.jxl	18408334
cleanpicker	jxl1t	o_1497.png.scale360x512.jxl	29064630
cleanpicker	jxl1t	o_1497.png.scale449x640.jxl	44184964
cleanpicker	jxl1t	o_1497.png.scale45x64.jxl	3321641
cleanpicker	jxl1t	o_1497.png.scale539x768.jxl	55328973
cleanpicker	jxl1t	o_1497.png.scale629x896.jxl	73026992
cleanpicker	jxl1t	o_1497.png.scale67x96.jxl	3751474
cleanpicker	jxl1t	o_1497.png.scale719x1024.jxl	94771078
cleanpicker	jxl1t	o_1497.png.scale90x128.jxl	4922460
cleanpicker	jxl1t	o_1506.png.scale1024x768.jxl	90913003
cleanpicker	jxl1t	o_1506.png.scale128x96.jxl	4218546
cleanpicker	jxl1t	o_1506.png.scale192x144.jxl	6010707
cleanpicker	jxl1t	o_1506.png.scale256x192.jxl	8961025
cleanpicker	jxl1t	o_1506.png.scale384x288.jxl	17501599
cleanpicker	jxl1t	o_1506.png.scale512x384.jxl	28578867
cleanpicker	jxl1t	o_1506.png.scale640x480.jxl	41935750
cleanpicker	jxl1t	o_1506.png.scale64x48.jxl	3622223
cleanpicker	jxl1t	o_1506.png.scale768x576.jxl	55538644
cleanpicker	jxl1t	o_1506.png.scale896x672.jxl	74841243
cleanpicker	jxl1t	o_1506.png.scale96x72.jxl	3917545
cleanpicker	jxl1t	o_1508.png.scale1024x768.jxl	96013995
cleanpicker	jxl1t	o_1508.png.scale128x96.jxl	4230316
cleanpicker	jxl1t	o_1508.png.scale192x144.jxl	6623841
cleanpicker	jxl1t	o_1508.png.scale256x192.jxl	8993166
cleanpicker	jxl1t	o_1508.png.scale384x288.jxl	17388708
cleanpicker	jxl1t	o_1508.png.scale512x384.jxl	26605305
cleanpicker	jxl1t	o_1508.png.scale640x480.jxl	40110668
cleanpicker	jxl1t	o_1508.png.scale64x48.jxl	3361961
cleanpicker	jxl1t	o_1508.png.scale768x576.jxl	53233859
cleanpicker	jxl1t	o_1508.png.scale896x672.jxl	75966571
cleanpicker	jxl1t	o_1508.png.scale96x72.jxl	4209056
cleanpicker	jxl1t	o_1529.png.scale144x192.jxl	7255885
cleanpicker	jxl1t	o_1529.png.scale192x256.jxl	9452708
cleanpicker	jxl1t	o_1529.png.scale288x384.jxl	17417798
cleanpicker	jxl1t	o_1529.png.scale384x512.jxl	28991310
cleanpicker	jxl1t	o_1529.png.scale480x640.jxl	42214071
cleanpicker	jxl1t	o_1529.png.scale48x64.jxl	3894194
cleanpicker	jxl1t	o_1529.png.scale576x768.jxl	53609872
cleanpicker	jxl1t	o_1529.png.scale672x896.jxl	70597207
cleanpicker	jxl1t	o_1529.png.scale72x96.jxl	4644529
cleanpicker	jxl1t	o_1529.png.scale768x1024.jxl	93832282
cleanpicker	jxl1t	o_1529.png.scale96x128.jxl	4894840
cleanpicker	jxl1t	o_1544.png.scale144x192.jxl	6378880
cleanpicker	jxl1t	o_1544.png.scale192x256.jxl	9362728
cleanpicker	jxl1t	o_1544.png.scale288x384.jxl	17502398
cleanpicker	jxl1t	o_1544.png.scale384x512.jxl	27241799
cleanpicker	jxl1t	o_1544.png.scale480x640.jxl	43279488
cleanpicker	jxl1t	o_1544.png.scale48x64.jxl	3527812
cleanpicker	jxl1t	o_1544.png.scale576x768.jxl	54151575
cleanpicker	jxl1t	o_1544.png.scale672x896.jxl	71045040
cleanpicker	jxl1t	o_1544.png.scale72x96.jxl	4476738
cleanpicker	jxl1t	o_1544.png.scale768x1024.jxl	94505185
cleanpicker	jxl1t	o_1544.png.scale96x128.jxl	4644978
cleanpicker	jxl1t	o_1551.png.scale1024x769.jxl	92459102
cleanpicker	jxl1t	o_1551.png.scale128x96.jxl	4244067
cleanpicker	jxl1t	o_1551.png.scale192x144.jxl	5922947
cleanpicker	jxl1t	o_1551.png.scale256x192.jxl	9601850
cleanpicker	jxl1t	o_1551.png.scale384x288.jxl	17356758
cleanpicker	jxl1t	o_1551.png.scale512x384.jxl	26387164
cleanpicker	jxl1t	o_1551.png.scale640x480.jxl	41934580
cleanpicker	jxl1t	o_1551.png.scale64x48.jxl	3310620
cleanpicker	jxl1t	o_1551.png.scale768x577.jxl	52797657
cleanpicker	jxl1t	o_1551.png.scale896x673.jxl	68594105
cleanpicker	jxl1t	o_1551.png.scale96x72.jxl	4387397
cleanpicker	jxl1t	o_1556.png.scale120x256.jxl	6456790
cleanpicker	jxl1t	o_1556.png.scale179x384.jxl	13278832
cleanpicker	jxl1t	o_1556.png.scale239x512.jxl	17543389
cleanpicker	jxl1t	o_1556.png.scale299x640.jxl	27567721
cleanpicker	jxl1t	o_1556.png.scale30x64.jxl	3711483
cleanpicker	jxl1t	o_1556.png.scale359x768.jxl	37258171
cleanpicker	jxl1t	o_1556.png.scale419x896.jxl	50952666
cleanpicker	jxl1t	o_1556.png.scale45x96.jxl	3223420
cleanpicker	jxl1t	o_1556.png.scale478x1024.jxl	67778400
cleanpicker	jxl1t	o_1556.png.scale60x128.jxl	4127286
cleanpicker	jxl1t	o_1556.png.scale90x192.jxl	5275583
cleanpicker	jxl1t	o_1606.png.scale1024x636.jxl	84839285
cleanpicker	jxl1t	o_1606.png.scale128x79.jxl	5295333
cleanpicker	jxl1t	o_1606.png.scale192x119.jxl	6607891
cleanpicker	jxl1t	o_1606.png.scale256x159.jxl	9672760
cleanpicker	jxl1t	o_1606.png.scale384x238.jxl	16493592
cleanpicker	jxl1t	o_1606.png.scale512x318.jxl	24103330
cleanpicker	jxl1t	o_1606.png.scale640x397.jxl	38769330
cleanpicker	jxl1t	o_1606.png.scale64x40.jxl	3365881
cleanpicker	jxl1t	o_1606.png.scale768x477.jxl	55551554
cleanpicker	jxl1t	o_1606.png.scale896x556.jxl	66508882
cleanpicker	jxl1t	o_1606.png.scale96x60.jxl	4192106
cleanpicker	jxl1t	o_1607.png.scale144x192.jxl	6607261
cleanpicker	jxl1t	o_1607.png.scale192x256.jxl	9688590
cleanpicker	jxl1t	o_1607.png.scale288x384.jxl	19619552
cleanpicker	jxl1t	o_1607.png.scale384x512.jxl	29844345
cleanpicker	jxl1t	o_1607.png.scale480x640.jxl	44022762
cleanpicker	jxl1t	o_1607.png.scale48x64.jxl	3260230
cleanpicker	jxl1t	o_1607.png.scale576x768.jxl	57046104
cleanpicker	jxl1t	o_1607.png.scale672x896.jxl	78176304
cleanpicker	jxl1t	o_1607.png.scale72x96.jxl	4935561
cleanpicker	jxl1t	o_1607.png.scale768x1024.jxl	94225123
cleanpicker	jxl1t	o_1607.png.scale96x128.jxl	4317826
cleanpicker	jxl1t	o_1609.png.scale1024x768.jxl	101908832
cleanpicker	jxl1t	o_1609.png.scale128x96.jxl	4825360
cleanpicker	jxl1t	o_1609.png.scale192x144.jxl	7646297
cleanpicker	jxl1t	o_1609.png.scale256x192.jxl	9731751
cleanpicker	jxl1t	o_1609.png.scale384x288.jxl	19382120
cleanpicker	jxl1t	o_1609.png.scale512x384.jxl	29160091
cleanpicker	jxl1t	o_1609.png.scale640x480.jxl	44424876
cleanpicker	jxl1t	o_1609.png.scale64x48.jxl	3549612
cleanpicker	jxl1t	o_1609.png.scale768x576.jxl	61775902
cleanpicker	jxl1t	o_1609.png.scale896x672.jxl	80874331
cleanpicker	jxl1t	o_1609.png.scale96x72.jxl	4673649
cleanpicker	jxl1t	o_1625.png.scale144x192.jxl	6915043
cleanpicker	jxl1t	o_1625.png.scale192x256.jxl	10361975
cleanpicker	jxl1t	o_1625.png.scale288x384.jxl	18987807
cleanpicker	jxl1t	o_1625.png.scale384x512.jxl	28212515
cleanpicker	jxl1t	o_1625.png.scale480x640.jxl	45256030
cleanpicker	jxl1t	o_1625.png.scale48x64.jxl	3528392
cleanpicker	jxl1t	o_1625.png.scale576x768.jxl	57445836
cleanpicker	jxl1t	o_1625.png.scale672x896.jxl	75977871
cleanpicker	jxl1t	o_1625.png.scale72x96.jxl	3723843
cleanpicker	jxl1t	o_1625.png.scale768x1024.jxl	94651226
cleanpicker	jxl1t	o_1625.png.scale96x128.jxl	4265327
cleanpicker	jxl1t	o_1627.png.scale144x192.jxl	6981864
cleanpicker	jxl1t	o_1627.png.scale192x256.jxl	10321264
cleanpicker	jxl1t	o_1627.png.scale288x384.jxl	18783656
cleanpicker	jxl1t	o_1627.png.scale384x512.jxl	28924249
cleanpicker	jxl1t	o_1627.png.scale480x640.jxl	42037051
cleanpicker	jxl1t	o_1627.png.scale48x64.jxl	3453251
cleanpicker	jxl1t	o_1627.png.scale576x768.jxl	55276722
cleanpicker	jxl1t	o_1627.png.scale672x896.jxl	73647227
cleanpicker	jxl1t	o_1627.png.scale72x96.jxl	3682952
cleanpicker	jxl1t	o_1627.png.scale768x1024.jxl	92239432
cleanpicker	jxl1t	o_1627.png.scale96x128.jxl	4904680
cleanpicker	jxl1t	o_1628.png.scale144x192.jxl	7291325
cleanpicker	jxl1t	o_1628.png.scale192x256.jxl	9904981
cleanpicker	jxl1t	o_1628.png.scale288x384.jxl	19183379
cleanpicker	jxl1t	o_1628.png.scale384x512.jxl	29113270
cleanpicker	jxl1t	o_1628.png.scale480x640.jxl	45670423
cleanpicker	jxl1t	o_1628.png.scale48x64.jxl	3591702
cleanpicker	jxl1t	o_1628.png.scale576x768.jxl	58194621
cleanpicker	jxl1t	o_1628.png.scale672x896.jxl	77991583
cleanpicker	jxl1t	o_1628.png.scale72x96.jxl	3839174
cleanpicker	jxl1t	o_1628.png.scale768x1024.jxl	98143158
cleanpicker	jxl1t	o_1628.png.scale96x128.jxl	4472927
cleanpicker	jxl1t	o_1638.png.scale144x192.jxl	6540121
cleanpicker	jxl1t	o_1638.png.scale192x256.jxl	10487675
cleanpicker	jxl1t	o_1638.png.scale288x384.jxl	19234349
cleanpicker	jxl1t	o_1638.png.scale384x512.jxl	29376402
cleanpicker	jxl1t	o_1638.png.scale480x640.jxl	44291995
cleanpicker	jxl1t	o_1638.png.scale48x64.jxl	3487342
cleanpicker	jxl1t	o_1638.png.scale576x768.jxl	56202098
cleanpicker	jxl1t	o_1638.png.scale672x896.jxl	74692303
cleanpicker	jxl1t	o_1638.png.scale72x96.jxl	4020924
cleanpicker	jxl1t	o_1638.png.scale768x1024.jxl	97853656
cleanpicker	jxl1t	o_1638.png.scale96x128.jxl	4718950
cleanpicker	jxl1t	o_2001.png.scale142x192.jxl	6738312
cleanpicker	jxl1t	o_2001.png.scale189x256.jxl	9919862
cleanpicker	jxl1t	o_2001.png.scale284x384.jxl	18402154
cleanpicker	jxl1t	o_2001.png.scale379x512.jxl	28501197
cleanpicker	jxl1t	o_2001.png.scale473x640.jxl	43018746
cleanpicker	jxl1t	o_2001.png.scale47x64.jxl	3588793
cleanpicker	jxl1t	o_2001.png.scale568x768.jxl	53264950
cleanpicker	jxl1t	o_2001.png.scale663x896.jxl	66700513
cleanpicker	jxl1t	o_2001.png.scale71x96.jxl	4178276
cleanpicker	jxl1t	o_2001.png.scale757x1024.jxl	92517713
cleanpicker	jxl1t	o_2001.png.scale95x128.jxl	4331287
cleanpicker	jxl1t	o_2003.png.scale102x128.jxl	4492848
cleanpicker	jxl1t	o_2003.png.scale154x192.jxl	6755552
cleanpicker	jxl1t	o_2003.png.scale205x256.jxl	9721710
cleanpicker	jxl1t	o_2003.png.scale307x384.jxl	19897153
cleanpicker	jxl1t	o_2003.png.scale410x512.jxl	29379983
cleanpicker	jxl1t	o_2003.png.scale512x640.jxl	46878341
cleanpicker	jxl1t	o_2003.png.scale51x64.jxl	3446611
cleanpicker	jxl1t	o_2003.png.scale614x768.jxl	58670353
cleanpicker	jxl1t	o_2003.png.scale717x896.jxl	84571094
cleanpicker	jxl1t	o_2003.png.scale77x96.jxl	4347807
cleanpicker	jxl1t	o_2003.png.scale819x1024.jxl	107844548
cleanpicker	jxl1t	o_2004.png.scale128x192.jxl	7046984
cleanpicker	jxl1t	o_2004.png.scale171x256.jxl	9628860
cleanpicker	jxl1t	o_2004.png.scale256x384.jxl	16463682
cleanpicker	jxl1t	o_2004.png.scale341x512.jxl	25944341
cleanpicker	jxl1t	o_2004.png.scale427x640.jxl	40385650
cleanpicker	jxl1t	o_2004.png.scale43x64.jxl	3557722
cleanpicker	jxl1t	o_2004.png.scale512x768.jxl	55291603
cleanpicker	jxl1t	o_2004.png.scale597x896.jxl	64862222
cleanpicker	jxl1t	o_2004.png.scale64x96.jxl	4066205
cleanpicker	jxl1t	o_2004.png.scale683x1024.jxl	82126319
cleanpicker	jxl1t	o_2004.png.scale85x128.jxl	4715909
cleanpicker	jxl1t	o_2010.png.scale102x128.jxl	4675639
cleanpicker	jxl1t	o_2010.png.scale154x192.jxl	7117644
cleanpicker	jxl1t	o_2010.png.scale205x256.jxl	10797987
cleanpicker	jxl1t	o_2010.png.scale307x384.jxl	21280002
cleanpicker	jxl1t	o_2010.png.scale410x512.jxl	33435057
cleanpicker	jxl1t	o_2010.png.scale512x640.jxl	51570880
cleanpicker	jxl1t	o_2010.png.scale51x64.jxl	3386041
cleanpicker	jxl1t	o_2010.png.scale614x768.jxl	67194316
cleanpicker	jxl1t	o_2010.png.scale717x896.jxl	86551216
cleanpicker	jxl1t	o_2010.png.scale77x96.jxl	4648189
cleanpicker	jxl1t	o_2010.png.scale819x1024.jxl	112276736
cleanpicker	jxl1t	o_2012.png.scale1024x768.jxl	40324099
cleanpicker	jxl1t	o_2012.png.scale128x96.jxl	4275757
cleanpicker	jxl1t	o_2012.png.scale192x144.jxl	4440457
cleanpicker	jxl1t	o_2012.png.scale256x192.jxl	6015388
cleanpicker	jxl1t	o_2012.png.scale384x288.jxl	8741434
cleanpicker	jxl1t	o_2012.png.scale512x384.jxl	13324252
cleanpicker	jxl1t	o_2012.png.scale640x480.jxl	18704576
cleanpicker	jxl1t	o_2012.png.scale64x48.jxl	3834224
cleanpicker	jxl1t	o_2012.png.scale768x576.jxl	25223846
cleanpicker	jxl1t	o_2012.png.scale896x672.jxl	31499386
cleanpicker	jxl1t	o_2012.png.scale96x72.jxl	3390371
cleanpicker	jxl1t	o_2202.png.scale1024x1024.jxl	122674570
cleanpicker	jxl1t	o_2202.png.scale128x128.jxl	4927170
cleanpicker	jxl1t	o_2202.png.scale192x192.jxl	8199331
cleanpicker	jxl1t	o_2202.png.scale256x256.jxl	11463871
cleanpicker	jxl1t	o_2202.png.scale384x384.jxl	22789131
cleanpicker	jxl1t	o_2202.png.scale512x512.jxl	36318885
cleanpicker	jxl1t	o_2202.png.scale640x640.jxl	51373688
cleanpicker	jxl1t	o_2202.png.scale64x64.jxl	3581792
cleanpicker	jxl1t	o_2202.png.scale768x768.jxl	70764499
cleanpicker	jxl1t	o_2202.png.scale896x896.jxl	88769161
cleanpicker	jxl1t	o_2202.png.scale96x96.jxl	4904420
cleanpicker	jxl1t	o_2210.png.scale102x128.jxl	4331837
cleanpicker	jxl1t	o_2210.png.scale154x192.jxl	6329079
cleanpicker	jxl1t	o_2210.png.scale205x256.jxl	9417128
cleanpicker	jxl1t	o_2210.png.scale307x384.jxl	19039278
cleanpicker	jxl1t	o_2210.png.scale410x512.jxl	30712730
cleanpicker	jxl1t	o_2210.png.scale512x640.jxl	45936165
cleanpicker	jxl1t	o_2210.png.scale51x64.jxl	3351921
cleanpicker	jxl1t	o_2210.png.scale614x768.jxl	63396273
cleanpicker	jxl1t	o_2210.png.scale717x896.jxl	87446272
cleanpicker	jxl1t	o_2210.png.scale77x96.jxl	4074425
cleanpicker	jxl1t	o_2210.png.scale819x1024.jxl	114152497
cleanpicker	jxl1t	o_2403.png.scale144x192.jxl	7567057
cleanpicker	jxl1t	o_2403.png.scale192x256.jxl	9705040
cleanpicker	jxl1t	o_2403.png.scale288x384.jxl	18349094
cleanpicker	jxl1t	o_2403.png.scale384x512.jxl	30152827
cleanpicker	jxl1t	o_2403.png.scale480x640.jxl	46731870
cleanpicker	jxl1t	o_2403.png.scale48x64.jxl	3874124
cleanpicker	jxl1t	o_2403.png.scale576x768.jxl	62215826
cleanpicker	jxl1t	o_2403.png.scale672x896.jxl	82364180
cleanpicker	jxl1t	o_2403.png.scale72x96.jxl	3832884
cleanpicker	jxl1t	o_2403.png.scale768x1024.jxl	106399989
cleanpicker	jxl1t	o_2403.png.scale96x128.jxl	4440878
cleanpicker	jxl1t	o_2405.png.scale108x192.jxl	6504050
cleanpicker	jxl1t	o_2405.png.scale144x256.jxl	9300917
cleanpicker	jxl1t	o_2405.png.scale216x384.jxl	17396438
cleanpicker	jxl1t	o_2405.png.scale288x512.jxl	25084876
cleanpicker	jxl1t	o_2405.png.scale360x640.jxl	37667324
cleanpicker	jxl1t	o_2405.png.scale36x64.jxl	3782463
cleanpicker	jxl1t	o_2405.png.scale432x768.jxl	55601764
cleanpicker	jxl1t	o_2405.png.scale504x896.jxl	75656789
cleanpicker	jxl1t	o_2405.png.scale54x96.jxl	4188106
cleanpicker	jxl1t	o_2405.png.scale576x1024.jxl	87099709
cleanpicker	jxl1t	o_2405.png.scale72x128.jxl	4022305
cleanpicker	jxl1t	o_2407.png.scale128x192.jxl	6537970
cleanpicker	jxl1t	o_2407.png.scale171x256.jxl	9596519
cleanpicker	jxl1t	o_2407.png.scale256x384.jxl	17268107
cleanpicker	jxl1t	o_2407.png.scale341x512.jxl	28894429
cleanpicker	jxl1t	o_2407.png.scale427x640.jxl	43082327
cleanpicker	jxl1t	o_2407.png.scale43x64.jxl	3610303
cleanpicker	jxl1t	o_2407.png.scale512x768.jxl	60386684
cleanpicker	jxl1t	o_2407.png.scale597x896.jxl	74484081
cleanpicker	jxl1t	o_2407.png.scale64x96.jxl	4010855
cleanpicker	jxl1t	o_2407.png.scale683x1024.jxl	90866293
cleanpicker	jxl1t	o_2407.png.scale85x128.jxl	4995291
cleanpicker	jxl1t	o_2409.png.scale128x192.jxl	6004648
cleanpicker	jxl1t	o_2409.png.scale171x256.jxl	9162096
cleanpicker	jxl1t	o_2409.png.scale256x384.jxl	19146969
cleanpicker	jxl1t	o_2409.png.scale341x512.jxl	29398672
cleanpicker	jxl1t	o_2409.png.scale427x640.jxl	42757835
cleanpicker	jxl1t	o_2409.png.scale43x64.jxl	3566362
cleanpicker	jxl1t	o_2409.png.scale512x768.jxl	62253346
cleanpicker	jxl1t	o_2409.png.scale597x896.jxl	69973604
cleanpicker	jxl1t	o_2409.png.scale64x96.jxl	3324210
cleanpicker	jxl1t	o_2409.png.scale683x1024.jxl	93370539
cleanpicker	jxl1t	o_2409.png.scale85x128.jxl	3974744
cleanpicker	jxl1t	o_3001.png.scale147x192.jxl	6693851
cleanpicker	jxl1t	o_3001.png.scale196x256.jxl	9123686
cleanpicker	jxl1t	o_3001.png.scale294x384.jxl	17750120
cleanpicker	jxl1t	o_3001.png.scale392x512.jxl	26444854
cleanpicker	jxl1t	o_3001.png.scale490x640.jxl	41593958
cleanpicker	jxl1t	o_3001.png.scale49x64.jxl	3766633
cleanpicker	jxl1t	o_3001.png.scale588x768.jxl	54234226
cleanpicker	jxl1t	o_3001.png.scale686x896.jxl	69913833
cleanpicker	jxl1t	o_3001.png.scale73x96.jxl	3972045
cleanpicker	jxl1t	o_3001.png.scale784x1024.jxl	87411112
cleanpicker	jxl1t	o_3001.png.scale98x128.jxl	4259266
cleanpicker	jxl1t	o_3003.png.scale1024x725.jxl	87352961
cleanpicker	jxl1t	o_3003.png.scale128x91.jxl	4823530
cleanpicker	jxl1t	o_3003.png.scale192x136.jxl	6305659
cleanpicker	jxl1t	o_3003.png.scale256x181.jxl	8729454
cleanpicker	jxl1t	o_3003.png.scale384x272.jxl	16785814
cleanpicker	jxl1t	o_3003.png.scale512x362.jxl	25710410
cleanpicker	jxl1t	o_3003.png.scale640x453.jxl	40921783
cleanpicker	jxl1t	o_3003.png.scale64x45.jxl	3420221
cleanpicker	jxl1t	o_3003.png.scale768x544.jxl	51291638
cleanpicker	jxl1t	o_3003.png.scale896x634.jxl	69315539
cleanpicker	jxl1t	o_3003.png.scale96x68.jxl	3454892
cleanpicker	jxl1t	o_3006.png.scale1024x763.jxl	98956763
cleanpicker	jxl1t	o_3006.png.scale128x95.jxl	4861180
cleanpicker	jxl1t	o_3006.png.scale192x143.jxl	7096324
cleanpicker	jxl1t	o_3006.png.scale256x191.jxl	9724630
cleanpicker	jxl1t	o_3006.png.scale384x286.jxl	18760787
cleanpicker	jxl1t	o_3006.png.scale512x381.jxl	28587507
cleanpicker	jxl1t	o_3006.png.scale640x477.jxl	43297328
cleanpicker	jxl1t	o_3006.png.scale64x48.jxl	3666593
cleanpicker	jxl1t	o_3006.png.scale768x572.jxl	55906046
cleanpicker	jxl1t	o_3006.png.scale896x668.jxl	73646086
cleanpicker	jxl1t	o_3006.png.scale96x72.jxl	3951464
cleanpicker	jxl1t	o_3008.png.scale1024x738.jxl	95432292
cleanpicker	jxl1t	o_3008.png.scale128x92.jxl	4817700
cleanpicker	jxl1t	o_3008.png.scale192x138.jxl	6888433
cleanpicker	jxl1t	o_3008.png.scale256x185.jxl	9389248
cleanpicker	jxl1t	o_3008.png.scale384x277.jxl	17549539
cleanpicker	jxl1t	o_3008.png.scale512x369.jxl	27577811
cleanpicker	jxl1t	o_3008.png.scale640x461.jxl	43367219
cleanpicker	jxl1t	o_3008.png.scale64x46.jxl	3872454
cleanpicker	jxl1t	o_3008.png.scale768x554.jxl	55014581
cleanpicker	jxl1t	o_3008.png.scale896x646.jxl	72088437
cleanpicker	jxl1t	o_3008.png.scale96x69.jxl	4155276
cleanpicker	jxl1t	o_3009.png.scale115x512.jxl	11180549
cleanpicker	jxl1t	o_3009.png.scale144x640.jxl	15329865
cleanpicker	jxl1t	o_3009.png.scale14x64.jxl	3047849
cleanpicker	jxl1t	o_3009.png.scale173x768.jxl	20722458
cleanpicker	jxl1t	o_3009.png.scale202x896.jxl	26221283
cleanpicker	jxl1t	o_3009.png.scale22x96.jxl	3290950
cleanpicker	jxl1t	o_3009.png.scale231x1024.jxl	33857760
cleanpicker	jxl1t	o_3009.png.scale29x128.jxl	3828323
cleanpicker	jxl1t	o_3009.png.scale43x192.jxl	4502728
cleanpicker	jxl1t	o_3009.png.scale58x256.jxl	5845897
cleanpicker	jxl1t	o_3009.png.scale87x384.jxl	7685928
cleanpicker	jxl1t	o_3010.png.scale100x128.jxl	5271293
cleanpicker	jxl1t	o_3010.png.scale151x192.jxl	7475886
cleanpicker	jxl1t	o_3010.png.scale201x256.jxl	11434111
cleanpicker	jxl1t	o_3010.png.scale301x384.jxl	20626188
cleanpicker	jxl1t	o_3010.png.scale402x512.jxl	30990742
cleanpicker	jxl1t	o_3010.png.scale502x640.jxl	46975441
cleanpicker	jxl1t	o_3010.png.scale50x64.jxl	3225670
cleanpicker	jxl1t	o_3010.png.scale603x768.jxl	60288423
cleanpicker	jxl1t	o_3010.png.scale703x896.jxl	83429317
cleanpicker	jxl1t	o_3010.png.scale75x96.jxl	4188296
cleanpicker	jxl1t	o_3010.png.scale804x1024.jxl	109289527
cleanpicker	jxl1t	o_3014.png.scale1024x847.jxl	85492010
cleanpicker	jxl1t	o_3014.png.scale128x106.jxl	5141042
cleanpicker	jxl1t	o_3014.png.scale192x159.jxl	6341380
cleanpicker	jxl1t	o_3014.png.scale256x212.jxl	9688270
cleanpicker	jxl1t	o_3014.png.scale384x318.jxl	17322657
cleanpicker	jxl1t	o_3014.png.scale512x424.jxl	28147604
cleanpicker	jxl1t	o_3014.png.scale640x530.jxl	34739025
cleanpicker	jxl1t	o_3014.png.scale64x53.jxl	3901395
cleanpicker	jxl1t	o_3014.png.scale768x636.jxl	49303916
cleanpicker	jxl1t	o_3014.png.scale896x741.jxl	70391136
cleanpicker	jxl1t	o_3014.png.scale96x79.jxl	4690069
cleanpicker	jxl1t	o_3301.png.scale108x128.jxl	3629683
cleanpicker	jxl1t	o_3301.png.scale162x192.jxl	4738869
cleanpicker	jxl1t	o_3301.png.scale215x256.jxl	6026108
cleanpicker	jxl1t	o_3301.png.scale323x384.jxl	9392618
cleanpicker	jxl1t	o_3301.png.scale431x512.jxl	13978597
cleanpicker	jxl1t	o_3301.png.scale539x640.jxl	20346386
cleanpicker	jxl1t	o_3301.png.scale54x64.jxl	3050229
cleanpicker	jxl1t	o_3301.png.scale646x768.jxl	29571263
cleanpicker	jxl1t	o_3301.png.scale754x896.jxl	38817021
cleanpicker	jxl1t	o_3301.png.scale81x96.jxl	3628092
cleanpicker	jxl1t	o_3301.png.scale862x1024.jxl	48386880
cleanpicker	jxl1t	o_3302.png.scale1024x687.jxl	40545942
cleanpicker	jxl1t	o_3302.png.scale128x86.jxl	3878994
cleanpicker	jxl1t	o_3302.png.scale192x129.jxl	4590758
cleanpicker	jxl1t	o_3302.png.scale256x172.jxl	5107152
cleanpicker	jxl1t	o_3302.png.scale384x258.jxl	8821244
cleanpicker	jxl1t	o_3302.png.scale512x344.jxl	12950360
cleanpicker	jxl1t	o_3302.png.scale640x429.jxl	17480529
cleanpicker	jxl1t	o_3302.png.scale64x43.jxl	3058389
cleanpicker	jxl1t	o_3302.png.scale768x515.jxl	24568083
cleanpicker	jxl1t	o_3302.png.scale896x601.jxl	30679080
cleanpicker	jxl1t	o_3302.png.scale96x64.jxl	3409471
cleanpicker	jxl1t	o_3305.png.scale108x128.jxl	4051765
cleanpicker	jxl1t	o_3305.png.scale163x192.jxl	4557729
cleanpicker	jxl1t	o_3305.png.scale217x256.jxl	5906236
cleanpicker	jxl1t	o_3305.png.scale325x384.jxl	10384514
cleanpicker	jxl1t	o_3305.png.scale434x512.jxl	15954578
cleanpicker	jxl1t	o_3305.png.scale542x640.jxl	22220818
cleanpicker	jxl1t	o_3305.png.scale54x64.jxl	3129179
cleanpicker	jxl1t	o_3305.png.scale650x768.jxl	29959886
cleanpicker	jxl1t	o_3305.png.scale759x896.jxl	40877353
cleanpicker	jxl1t	o_3305.png.scale81x96.jxl	3278911
cleanpicker	jxl1t	o_3305.png.scale867x1024.jxl	51185267
cleanpicker	jxl1t	o_3311.png.scale1024x878.jxl	46948061
cleanpicker	jxl1t	o_3311.png.scale128x110.jxl	4226666
cleanpicker	jxl1t	o_3311.png.scale192x165.jxl	4810200
cleanpicker	jxl1t	o_3311.png.scale256x220.jxl	6647351
cleanpicker	jxl1t	o_3311.png.scale384x329.jxl	10630536
cleanpicker	jxl1t	o_3311.png.scale512x439.jxl	14276459
cleanpicker	jxl1t	o_3311.png.scale640x549.jxl	20808789
cleanpicker	jxl1t	o_3311.png.scale64x55.jxl	3150079
cleanpicker	jxl1t	o_3311.png.scale768x659.jxl	28201735
cleanpicker	jxl1t	o_3311.png.scale896x768.jxl	38856520
cleanpicker	jxl1t	o_3311.png.scale96x82.jxl	3282400
cleanpicker	jxl1t	o_3320.png.scale1024x573.jxl	76469444
cleanpicker	jxl1t	o_3320.png.scale128x72.jxl	4680268
cleanpicker	jxl1t	o_3320.png.scale192x107.jxl	5902367
cleanpicker	jxl1t	o_3320.png.scale256x143.jxl	8192561
cleanpicker	jxl1t	o_3320.png.scale384x215.jxl	15642147
cleanpicker	jxl1t	o_3320.png.scale512x286.jxl	23745158
cleanpicker	jxl1t	o_3320.png.scale640x358.jxl	35522030
cleanpicker	jxl1t	o_3320.png.scale64x36.jxl	3370551
cleanpicker	jxl1t	o_3320.png.scale768x430.jxl	48616151
cleanpicker	jxl1t	o_3320.png.scale896x501.jxl	71979816
cleanpicker	jxl1t	o_3320.png.scale96x54.jxl	4024875
cleanpicker	jxl1t	o_3323.png.scale120x128.jxl	5887207
cleanpicker	jxl1t	o_3323.png.scale180x192.jxl	8224001
cleanpicker	jxl1t	o_3323.png.scale240x256.jxl	11756763
cleanpicker	jxl1t	o_3323.png.scale359x384.jxl	22206927
cleanpicker	jxl1t	o_3323.png.scale479x512.jxl	35550240
cleanpicker	jxl1t	o_3323.png.scale599x640.jxl	49899400
cleanpicker	jxl1t	o_3323.png.scale60x64.jxl	4575868
cleanpicker	jxl1t	o_3323.png.scale719x768.jxl	68318493
cleanpicker	jxl1t	o_3323.png.scale838x896.jxl	93493369
cleanpicker	jxl1t	o_3323.png.scale90x96.jxl	4183666
cleanpicker	jxl1t	o_3323.png.scale958x1024.jxl	127285199
cleanpicker	jxl1t	o_5004.png.scale1024x724.jxl	97909517
cleanpicker	jxl1t	o_5004.png.scale128x91.jxl	4908471
cleanpicker	jxl1t	o_5004.png.scale192x136.jxl	7050493
cleanpicker	jxl1t	o_5004.png.scale256x181.jxl	9823951
cleanpicker	jxl1t	o_5004.png.scale384x272.jxl	17595229
cleanpicker	jxl1t	o_5004.png.scale512x362.jxl	28757509
cleanpicker	jxl1t	o_5004.png.scale640x453.jxl	44709847
cleanpicker	jxl1t	o_5004.png.scale64x45.jxl	3119249
cleanpicker	jxl1t	o_5004.png.scale768x543.jxl	56922723
cleanpicker	jxl1t	o_5004.png.scale896x634.jxl	74435742
cleanpicker	jxl1t	o_5004.png.scale96x68.jxl	4187985
cleanpicker	jxl1t	o_5008.png.scale148x192.jxl	6200898
cleanpicker	jxl1t	o_5008.png.scale198x256.jxl	9182427
cleanpicker	jxl1t	o_5008.png.scale297x384.jxl	16960165
cleanpicker	jxl1t	o_5008.png.scale396x512.jxl	25673009
cleanpicker	jxl1t	o_5008.png.scale495x640.jxl	38788041
cleanpicker	jxl1t	o_5008.png.scale49x64.jxl	3870524
cleanpicker	jxl1t	o_5008.png.scale593x768.jxl	53922314
cleanpicker	jxl1t	o_5008.png.scale692x896.jxl	67788110
cleanpicker	jxl1t	o_5008.png.scale74x96.jxl	4441077
cleanpicker	jxl1t	o_5008.png.scale791x1024.jxl	90732222
cleanpicker	jxl1t	o_5008.png.scale99x128.jxl	4984981
cleanpicker	jxl1t	o_5016.png.scale1024x549.jxl	71427632
cleanpicker	jxl1t	o_5016.png.scale128x69.jxl	4210126
cleanpicker	jxl1t	o_5016.png.scale192x103.jxl	5707415
cleanpicker	jxl1t	o_5016.png.scale256x137.jxl	7739188
cleanpicker	jxl1t	o_5016.png.scale384x206.jxl	14391549
cleanpicker	jxl1t	o_5016.png.scale512x275.jxl	22148348
cleanpicker	jxl1t	o_5016.png.scale640x343.jxl	31600115
cleanpicker	jxl1t	o_5016.png.scale64x34.jxl	3219560
cleanpicker	jxl1t	o_5016.png.scale768x412.jxl	43446319
cleanpicker	jxl1t	o_5016.png.scale896x480.jxl	55427223
cleanpicker	jxl1t	o_5016.png.scale96x51.jxl	3800033
cleanpicker	jxl1t	o_5028.png.scale136x192.jxl	7144114
cleanpicker	jxl1t	o_5028.png.scale181x256.jxl	9623759
cleanpicker	jxl1t	o_5028.png.scale272x384.jxl	18916777
cleanpicker	jxl1t	o_5028.png.scale362x512.jxl	27630172
cleanpicker	jxl1t	o_5028.png.scale453x640.jxl	40440440
cleanpicker	jxl1t	o_5028.png.scale45x64.jxl	3706093
cleanpicker	jxl1t	o_5028.png.scale543x768.jxl	55039771
cleanpicker	jxl1t	o_5028.png.scale634x896.jxl	70718338
cleanpicker	jxl1t	o_5028.png.scale68x96.jxl	4348447
cleanpicker	jxl1t	o_5028.png.scale724x1024.jxl	92115621
cleanpicker	jxl1t	o_5028.png.scale91x128.jxl	5117882
cleanpicker	jxl1t	o_5035.png.scale124x192.jxl	5078981
cleanpicker	jxl1t	o_5035.png.scale166x256.jxl	7426297
cleanpicker	jxl1t	o_5035.png.scale248x384.jxl	12817249
cleanpicker	jxl1t	o_5035.png.scale331x512.jxl	20435227
cleanpicker	jxl1t	o_5035.png.scale414x640.jxl	28963749
cleanpicker	jxl1t	o_5035.png.scale41x64.jxl	3148150
cleanpicker	jxl1t	o_5035.png.scale497x768.jxl	38986861
cleanpicker	jxl1t	o_5035.png.scale580x896.jxl	50416382
cleanpicker	jxl1t	o_5035.png.scale62x96.jxl	4143736
cleanpicker	jxl1t	o_5035.png.scale663x1024.jxl	67850410
cleanpicker	jxl1t	o_5035.png.scale83x128.jxl	4652148
cleanpicker	jxl1t	o_5036.png.scale124x192.jxl	5364884
cleanpicker	jxl1t	o_5036.png.scale166x256.jxl	7546756
cleanpicker	jxl1t	o_5036.png.scale248x384.jxl	13964817
cleanpicker	jxl1t	o_5036.png.scale331x512.jxl	21198592
cleanpicker	jxl1t	o_5036.png.scale414x640.jxl	31820557
cleanpicker	jxl1t	o_5036.png.scale41x64.jxl	3041909
cleanpicker	jxl1t	o_5036.png.scale497x768.jxl	42043620
cleanpicker	jxl1t	o_5036.png.scale580x896.jxl	53095149
cleanpicker	jxl1t	o_5036.png.scale62x96.jxl	4219696
cleanpicker	jxl1t	o_5036.png.scale663x1024.jxl	70296986
cleanpicker	jxl1t	o_5036.png.scale83x128.jxl	4023185
cleanpicker	jxl1t	o_5038.png.scale117x192.jxl	5411394
cleanpicker	jxl1t	o_5038.png.scale155x256.jxl	8079390
cleanpicker	jxl1t	o_5038.png.scale233x384.jxl	13987217
cleanpicker	jxl1t	o_5038.png.scale311x512.jxl	20828709
cleanpicker	jxl1t	o_5038.png.scale389x640.jxl	31029812
cleanpicker	jxl1t	o_5038.png.scale39x64.jxl	3305081
cleanpicker	jxl1t	o_5038.png.scale466x768.jxl	43822802
cleanpicker	jxl1t	o_5038.png.scale544x896.jxl	58696634
cleanpicker	jxl1t	o_5038.png.scale58x96.jxl	3503691
cleanpicker	jxl1t	o_5038.png.scale622x1024.jxl	75763410
cleanpicker	jxl1t	o_5038.png.scale78x128.jxl	4072995
cleanpicker	jxl1t	o_5044.png.scale148x192.jxl	5609104
cleanpicker	jxl1t	o_5044.png.scale198x256.jxl	7803359
cleanpicker	jxl1t	o_5044.png.scale297x384.jxl	13942466
cleanpicker	jxl1t	o_5044.png.scale396x512.jxl	21925006
cleanpicker	jxl1t	o_5044.png.scale495x640.jxl	28782419
cleanpicker	jxl1t	o_5044.png.scale49x64.jxl	3365041
cleanpicker	jxl1t	o_5044.png.scale593x768.jxl	44441705
cleanpicker	jxl1t	o_5044.png.scale692x896.jxl	57919759
cleanpicker	jxl1t	o_5044.png.scale74x96.jxl	3450151
cleanpicker	jxl1t	o_5044.png.scale791x1024.jxl	75842280
cleanpicker	jxl1t	o_5044.png.scale99x128.jxl	4169406
cleanpicker	jxl1t	o_5200.png.scale148x192.jxl	6766002
cleanpicker	jxl1t	o_5200.png.scale198x256.jxl	8606423
cleanpicker	jxl1t	o_5200.png.scale297x384.jxl	16751744
cleanpicker	jxl1t	o_5200.png.scale396x512.jxl	25253826
cleanpicker	jxl1t	o_5200.png.scale495x640.jxl	33176836
cleanpicker	jxl1t	o_5200.png.scale49x64.jxl	3285621
cleanpicker	jxl1t	o_5200.png.scale593x768.jxl	46577339
cleanpicker	jxl1t	o_5200.png.scale692x896.jxl	64145567
cleanpicker	jxl1t	o_5200.png.scale74x96.jxl	4094395
cleanpicker	jxl1t	o_5200.png.scale791x1024.jxl	74435841
cleanpicker	jxl1t	o_5200.png.scale99x128.jxl	4823370
cleanpicker	jxl1t	o_5202.png.scale148x192.jxl	6201068
cleanpicker	jxl1t	o_5202.png.scale198x256.jxl	8930576
cleanpicker	jxl1t	o_5202.png.scale297x384.jxl	16053860
cleanpicker	jxl1t	o_5202.png.scale396x512.jxl	24216360
cleanpicker	jxl1t	o_5202.png.scale495x640.jxl	32543402
cleanpicker	jxl1t	o_5202.png.scale49x64.jxl	3626052
cleanpicker	jxl1t	o_5202.png.scale593x768.jxl	42417653
cleanpicker	jxl1t	o_5202.png.scale692x896.jxl	60830687
cleanpicker	jxl1t	o_5202.png.scale74x96.jxl	3558242
cleanpicker	jxl1t	o_5202.png.scale791x1024.jxl	74267570
cleanpicker	jxl1t	o_5202.png.scale99x128.jxl	4550629
cleanpicker	jxl1t	o_5300.png.scale148x192.jxl	5824736
cleanpicker	jxl1t	o_5300.png.scale198x256.jxl	8624824
cleanpicker	jxl1t	o_5300.png.scale297x384.jxl	15779587
cleanpicker	jxl1t	o_5300.png.scale396x512.jxl	23908148
cleanpicker	jxl1t	o_5300.png.scale495x640.jxl	35892642
cleanpicker	jxl1t	o_5300.png.scale49x64.jxl	3085909
cleanpicker	jxl1t	o_5300.png.scale593x768.jxl	45661963
cleanpicker	jxl1t	o_5300.png.scale692x896.jxl	63126711
cleanpicker	jxl1t	o_5300.png.scale74x96.jxl	4010815
cleanpicker	jxl1t	o_5300.png.scale791x1024.jxl	75895260
cleanpicker	jxl1t	o_5300.png.scale99x128.jxl	4530108
cleanpicker	jxl1t	o_5303.png.scale148x192.jxl	5525014
cleanpicker	jxl1t	o_5303.png.scale198x256.jxl	7941300
cleanpicker	jxl1t	o_5303.png.scale297x384.jxl	13928776
cleanpicker	jxl1t	o_5303.png.scale396x512.jxl	17018316
cleanpicker	jxl1t	o_5303.png.scale495x640.jxl	22349638
cleanpicker	jxl1t	o_5303.png.scale49x64.jxl	3715453
cleanpicker	jxl1t	o_5303.png.scale593x768.jxl	26475854
cleanpicker	jxl1t	o_5303.png.scale692x896.jxl	35636971
cleanpicker	jxl1t	o_5303.png.scale74x96.jxl	4318587
cleanpicker	jxl1t	o_5303.png.scale791x1024.jxl	46955271
cleanpicker	jxl1t	o_5303.png.scale99x128.jxl	3985045
cleanpicker	jxl1t	o_5309.png.scale148x192.jxl	6423640
cleanpicker	jxl1t	o_5309.png.scale198x256.jxl	8765864
cleanpicker	jxl1t	o_5309.png.scale297x384.jxl	16418802
cleanpicker	jxl1t	o_5309.png.scale396x512.jxl	25507398
cleanpicker	jxl1t	o_5309.png.scale495x640.jxl	37142930
cleanpicker	jxl1t	o_5309.png.scale49x64.jxl	3189949
cleanpicker	jxl1t	o_5309.png.scale593x768.jxl	48145828
cleanpicker	jxl1t	o_5309.png.scale692x896.jxl	59447309
cleanpicker	jxl1t	o_5309.png.scale74x96.jxl	4355097
cleanpicker	jxl1t	o_5309.png.scale791x1024.jxl	80178477
cleanpicker	jxl1t	o_5309.png.scale99x128.jxl	5067911
cleanpicker	jxl1t	o_5312.png.scale148x192.jxl	6553140
cleanpicker	jxl1t	o_5312.png.scale198x256.jxl	9467809
cleanpicker	jxl1t	o_5312.png.scale297x384.jxl	15347025
cleanpicker	jxl1t	o_5312.png.scale396x512.jxl	23489986
cleanpicker	jxl1t	o_5312.png.scale495x640.jxl	35329199
cleanpicker	jxl1t	o_5312.png.scale49x64.jxl	3929325
cleanpicker	jxl1t	o_5312.png.scale593x768.jxl	44269204
cleanpicker	jxl1t	o_5312.png.scale692x896.jxl	57081774
cleanpicker	jxl1t	o_5312.png.scale74x96.jxl	4349517
cleanpicker	jxl1t	o_5312.png.scale791x1024.jxl	77852573
cleanpicker	jxl1t	o_5312.png.scale99x128.jxl	4283947
cleanpicker	jxl1t	o_5315.png.scale148x192.jxl	6290089
cleanpicker	jxl1t	o_5315.png.scale198x256.jxl	8923566
cleanpicker	jxl1t	o_5315.png.scale297x384.jxl	14298379
cleanpicker	jxl1t	o_5315.png.scale396x512.jxl	16983185
cleanpicker	jxl1t	o_5315.png.scale495x640.jxl	21342122
cleanpicker	jxl1t	o_5315.png.scale49x64.jxl	3070529
cleanpicker	jxl1t	o_5315.png.scale593x768.jxl	25913000
cleanpicker	jxl1t	o_5315.png.scale692x896.jxl	34922466
cleanpicker	jxl1t	o_5315.png.scale74x96.jxl	4625349
cleanpicker	jxl1t	o_5315.png.scale791x1024.jxl	40516351
cleanpicker	jxl1t	o_5315.png.scale99x128.jxl	5680506
cleanpicker	jxl1t	o_5338.png.scale148x192.jxl	6037847
cleanpicker	jxl1t	o_5338.png.scale198x256.jxl	8416562
cleanpicker	jxl1t	o_5338.png.scale297x384.jxl	13838275
cleanpicker	jxl1t	o_5338.png.scale396x512.jxl	21692374
cleanpicker	jxl1t	o_5338.png.scale495x640.jxl	29463123
cleanpicker	jxl1t	o_5338.png.scale49x64.jxl	3253220
cleanpicker	jxl1t	o_5338.png.scale593x768.jxl	38016205
cleanpicker	jxl1t	o_5338.png.scale692x896.jxl	48263469
cleanpicker	jxl1t	o_5338.png.scale74x96.jxl	3768233
cleanpicker	jxl1t	o_5338.png.scale791x1024.jxl	65592977
cleanpicker	jxl1t	o_5338.png.scale99x128.jxl	4544278
cleanpicker	jxl1t	o_5339.png.scale148x192.jxl	6987713
cleanpicker	jxl1t	o_5339.png.scale198x256.jxl	8697244
cleanpicker	jxl1t	o_5339.png.scale297x384.jxl	15098153
cleanpicker	jxl1t	o_5339.png.scale396x512.jxl	23620197
cleanpicker	jxl1t	o_5339.png.scale495x640.jxl	33460017
cleanpicker	jxl1t	o_5339.png.scale49x64.jxl	3734583
cleanpicker	jxl1t	o_5339.png.scale593x768.jxl	45634312
cleanpicker	jxl1t	o_5339.png.scale692x896.jxl	54405277
cleanpicker	jxl1t	o_5339.png.scale74x96.jxl	3640433
cleanpicker	jxl1t	o_5339.png.scale791x1024.jxl	70497607
cleanpicker	jxl1t	o_5339.png.scale99x128.jxl	4722660
cleanpicker	jxl1t	o_6001.png.scale131x192.jxl	4211416
cleanpicker	jxl1t	o_6001.png.scale174x256.jxl	5576554
cleanpicker	jxl1t	o_6001.png.scale261x384.jxl	7250005
cleanpicker	jxl1t	o_6001.png.scale349x512.jxl	9893861
cleanpicker	jxl1t	o_6001.png.scale436x640.jxl	13629995
cleanpicker	jxl1t	o_6001.png.scale44x64.jxl	2963269
cleanpicker	jxl1t	o_6001.png.scale523x768.jxl	17455608
cleanpicker	jxl1t	o_6001.png.scale610x896.jxl	24291021
cleanpicker	jxl1t	o_6001.png.scale65x96.jxl	3792253
cleanpicker	jxl1t	o_6001.png.scale697x1024.jxl	30081156
cleanpicker	jxl1t	o_6001.png.scale87x128.jxl	3810544
cleanpicker	jxl1t	o_6003.png.scale131x192.jxl	4243936
cleanpicker	jxl1t	o_6003.png.scale174x256.jxl	4778840
cleanpicker	jxl1t	o_6003.png.scale261x384.jxl	6926043
cleanpicker	jxl1t	o_6003.png.scale349x512.jxl	10886148
cleanpicker	jxl1t	o_6003.png.scale436x640.jxl	15487086
cleanpicker	jxl1t	o_6003.png.scale44x64.jxl	3034629
cleanpicker	jxl1t	o_6003.png.scale523x768.jxl	18603635
cleanpicker	jxl1t	o_6003.png.scale610x896.jxl	24636502
cleanpicker	jxl1t	o_6003.png.scale65x96.jxl	3629543
cleanpicker	jxl1t	o_6003.png.scale697x1024.jxl	29079500
cleanpicker	jxl1t	o_6003.png.scale87x128.jxl	4129885
cleanpicker	jxl1t	o_6014.png.scale131x192.jxl	4797790
cleanpicker	jxl1t	o_6014.png.scale174x256.jxl	5731196
cleanpicker	jxl1t	o_6014.png.scale261x384.jxl	8513303
cleanpicker	jxl1t	o_6014.png.scale349x512.jxl	13010930
cleanpicker	jxl1t	o_6014.png.scale436x640.jxl	17600089
cleanpicker	jxl1t	o_6014.png.scale44x64.jxl	3225320
cleanpicker	jxl1t	o_6014.png.scale523x768.jxl	23255394
cleanpicker	jxl1t	o_6014.png.scale610x896.jxl	30412368
cleanpicker	jxl1t	o_6014.png.scale65x96.jxl	3117929
cleanpicker	jxl1t	o_6014.png.scale697x1024.jxl	37865725
cleanpicker	jxl1t	o_6014.png.scale87x128.jxl	3397431
cleanpicker	jxl1t	o_6016.png.scale131x192.jxl	5135182
cleanpicker	jxl1t	o_6016.png.scale174x256.jxl	5863457
cleanpicker	jxl1t	o_6016.png.scale261x384.jxl	8970916
cleanpicker	jxl1t	o_6016.png.scale349x512.jxl	12101105
cleanpicker	jxl1t	o_6016.png.scale436x640.jxl	17785510
cleanpicker	jxl1t	o_6016.png.scale44x64.jxl	3260131
cleanpicker	jxl1t	o_6016.png.scale523x768.jxl	22526180
cleanpicker	jxl1t	o_6016.png.scale610x896.jxl	29238612
cleanpicker	jxl1t	o_6016.png.scale65x96.jxl	3010298
cleanpicker	jxl1t	o_6016.png.scale697x1024.jxl	37763644
cleanpicker	jxl1t	o_6016.png.scale87x128.jxl	4235836
cleanpicker	jxl1t	o_6034.png.scale147x192.jxl	6822642
cleanpicker	jxl1t	o_6034.png.scale196x256.jxl	9251637
cleanpicker	jxl1t	o_6034.png.scale295x384.jxl	15829118
cleanpicker	jxl1t	o_6034.png.scale393x512.jxl	26892917
cleanpicker	jxl1t	o_6034.png.scale491x640.jxl	38473199
cleanpicker	jxl1t	o_6034.png.scale49x64.jxl	3737503
cleanpicker	jxl1t	o_6034.png.scale589x768.jxl	50920025
cleanpicker	jxl1t	o_6034.png.scale688x896.jxl	72335858
cleanpicker	jxl1t	o_6034.png.scale74x96.jxl	4221476
cleanpicker	jxl1t	o_6034.png.scale786x1024.jxl	90436140
cleanpicker	jxl1t	o_6034.png.scale98x128.jxl	4623898
cleanpicker	jxl1t	o_6038.png.scale147x192.jxl	6372479
cleanpicker	jxl1t	o_6038.png.scale196x256.jxl	8734434
cleanpicker	jxl1t	o_6038.png.scale295x384.jxl	16727783
cleanpicker	jxl1t	o_6038.png.scale393x512.jxl	28714588
cleanpicker	jxl1t	o_6038.png.scale491x640.jxl	43040397
cleanpicker	jxl1t	o_6038.png.scale49x64.jxl	3146250
cleanpicker	jxl1t	o_6038.png.scale589x768.jxl	53383641
cleanpicker	jxl1t	o_6038.png.scale688x896.jxl	77266179
cleanpicker	jxl1t	o_6038.png.scale74x96.jxl	3624483
cleanpicker	jxl1t	o_6038.png.scale786x1024.jxl	99527826
cleanpicker	jxl1t	o_6038.png.scale98x128.jxl	4699099
cleanpicker	jxl1t	o_6043.png.scale147x192.jxl	6277209
cleanpicker	jxl1t	o_6043.png.scale196x256.jxl	8970326
cleanpicker	jxl1t	o_6043.png.scale295x384.jxl	16684314
cleanpicker	jxl1t	o_6043.png.scale393x512.jxl	27057247
cleanpicker	jxl1t	o_6043.png.scale491x640.jxl	41155955
cleanpicker	jxl1t	o_6043.png.scale49x64.jxl	3628762
cleanpicker	jxl1t	o_6043.png.scale589x768.jxl	50337462
cleanpicker	jxl1t	o_6043.png.scale688x896.jxl	69565661
cleanpicker	jxl1t	o_6043.png.scale74x96.jxl	4654179
cleanpicker	jxl1t	o_6043.png.scale786x1024.jxl	89697976
cleanpicker	jxl1t	o_6043.png.scale98x128.jxl	4626509
cleanpicker	jxl1t	o_6044.png.scale147x192.jxl	6486290
cleanpicker	jxl1t	o_6044.png.scale196x256.jxl	9454098
cleanpicker	jxl1t	o_6044.png.scale295x384.jxl	17345658
cleanpicker	jxl1t	o_6044.png.scale393x512.jxl	26833826
cleanpicker	jxl1t	o_6044.png.scale491x640.jxl	42823785
cleanpicker	jxl1t	o_6044.png.scale49x64.jxl	4319797
cleanpicker	jxl1t	o_6044.png.scale589x768.jxl	55385413
cleanpicker	jxl1t	o_6044.png.scale688x896.jxl	79654563
cleanpicker	jxl1t	o_6044.png.scale74x96.jxl	4161656
cleanpicker	jxl1t	o_6044.png.scale786x1024.jxl	103108419
cleanpicker	jxl1t	o_6044.png.scale98x128.jxl	4776829
cleanpicker	jxl1t	o_6049.png.scale147x192.jxl	5857316
cleanpicker	jxl1t	o_6049.png.scale196x256.jxl	8910865
cleanpicker	jxl1t	o_6049.png.scale295x384.jxl	16214411
cleanpicker	jxl1t	o_6049.png.scale393x512.jxl	25937390
cleanpicker	jxl1t	o_6049.png.scale491x640.jxl	37934695
cleanpicker	jxl1t	o_6049.png.scale49x64.jxl	3899834
cleanpicker	jxl1t	o_6049.png.scale589x768.jxl	52075743
cleanpicker	jxl1t	o_6049.png.scale688x896.jxl	71859295
cleanpicker	jxl1t	o_6049.png.scale74x96.jxl	4522448
cleanpicker	jxl1t	o_6049.png.scale786x1024.jxl	90286249
cleanpicker	jxl1t	o_6049.png.scale98x128.jxl	4605069
cleanpicker	jxl1t	o_6050.png.scale147x192.jxl	6594451
cleanpicker	jxl1t	o_6050.png.scale196x256.jxl	9280337
cleanpicker	jxl1t	o_6050.png.scale295x384.jxl	17854471
cleanpicker	jxl1t	o_6050.png.scale393x512.jxl	28226815
cleanpicker	jxl1t	o_6050.png.scale491x640.jxl	45045340
cleanpicker	jxl1t	o_6050.png.scale49x64.jxl	2984129
cleanpicker	jxl1t	o_6050.png.scale589x768.jxl	56150478
cleanpicker	jxl1t	o_6050.png.scale688x896.jxl	79726554
cleanpicker	jxl1t	o_6050.png.scale74x96.jxl	4305596
cleanpicker	jxl1t	o_6050.png.scale786x1024.jxl	99987070
cleanpicker	jxl1t	o_6050.png.scale98x128.jxl	4478288
cleanpicker	jxl1t	o_6059.png.scale147x192.jxl	4692819
cleanpicker	jxl1t	o_6059.png.scale196x256.jxl	5504914
cleanpicker	jxl1t	o_6059.png.scale295x384.jxl	8919345
cleanpicker	jxl1t	o_6059.png.scale393x512.jxl	12292766
cleanpicker	jxl1t	o_6059.png.scale491x640.jxl	16328941
cleanpicker	jxl1t	o_6059.png.scale49x64.jxl	2914418
cleanpicker	jxl1t	o_6059.png.scale589x768.jxl	21601954
cleanpicker	jxl1t	o_6059.png.scale688x896.jxl	30120276
cleanpicker	jxl1t	o_6059.png.scale74x96.jxl	3308591
cleanpicker	jxl1t	o_6059.png.scale786x1024.jxl	36954379
cleanpicker	jxl1t	o_6059.png.scale98x128.jxl	3836404
cleanpicker	jxl1t	o_6063.png.scale147x192.jxl	5313393
cleanpicker	jxl1t	o_6063.png.scale196x256.jxl	5501364
cleanpicker	jxl1t	o_6063.png.scale295x384.jxl	8067340
cleanpicker	jxl1t	o_6063.png.scale393x512.jxl	12507688
cleanpicker	jxl1t	o_6063.png.scale491x640.jxl	16288231
cleanpicker	jxl1t	o_6063.png.scale49x64.jxl	3515232
cleanpicker	jxl1t	o_6063.png.scale589x768.jxl	21737134
cleanpicker	jxl1t	o_6063.png.scale688x896.jxl	29129571
cleanpicker	jxl1t	o_6063.png.scale74x96.jxl	3508012
cleanpicker	jxl1t	o_6063.png.scale786x1024.jxl	33298287
cleanpicker	jxl1t	o_6063.png.scale98x128.jxl	3684243
cleanpicker	jxl1t	o_6064.png.scale147x192.jxl	4965690
cleanpicker	jxl1t	o_6064.png.scale196x256.jxl	5268513
cleanpicker	jxl1t	o_6064.png.scale295x384.jxl	8630343
cleanpicker	jxl1t	o_6064.png.scale393x512.jxl	11071479
cleanpicker	jxl1t	o_6064.png.scale491x640.jxl	17136416
cleanpicker	jxl1t	o_6064.png.scale49x64.jxl	3382361
cleanpicker	jxl1t	o_6064.png.scale589x768.jxl	21920076
cleanpicker	jxl1t	o_6064.png.scale688x896.jxl	28955730
cleanpicker	jxl1t	o_6064.png.scale74x96.jxl	3352661
cleanpicker	jxl1t	o_6064.png.scale786x1024.jxl	35824822
cleanpicker	jxl1t	o_6064.png.scale98x128.jxl	3219660
cleanpicker	jxl1t	o_6067.png.scale147x192.jxl	5141801
cleanpicker	jxl1t	o_6067.png.scale196x256.jxl	5384273
cleanpicker	jxl1t	o_6067.png.scale295x384.jxl	8950625
cleanpicker	jxl1t	o_6067.png.scale393x512.jxl	13049171
cleanpicker	jxl1t	o_6067.png.scale491x640.jxl	18825046
cleanpicker	jxl1t	o_6067.png.scale49x64.jxl	3923585
cleanpicker	jxl1t	o_6067.png.scale589x768.jxl	25115956
cleanpicker	jxl1t	o_6067.png.scale688x896.jxl	30997452
cleanpicker	jxl1t	o_6067.png.scale74x96.jxl	3621323
cleanpicker	jxl1t	o_6067.png.scale786x1024.jxl	40963963
cleanpicker	jxl1t	o_6067.png.scale98x128.jxl	4114885
cleanpicker	jxl1t	o_6068.png.scale147x192.jxl	4264477
cleanpicker	jxl1t	o_6068.png.scale196x256.jxl	5678845
cleanpicker	jxl1t	o_6068.png.scale295x384.jxl	8733504
cleanpicker	jxl1t	o_6068.png.scale393x512.jxl	13355203
cleanpicker	jxl1t	o_6068.png.scale491x640.jxl	19572901
cleanpicker	jxl1t	o_6068.png.scale49x64.jxl	3271030
cleanpicker	jxl1t	o_6068.png.scale589x768.jxl	27191768
cleanpicker	jxl1t	o_6068.png.scale688x896.jxl	35440459
cleanpicker	jxl1t	o_6068.png.scale74x96.jxl	3194400
cleanpicker	jxl1t	o_6068.png.scale786x1024.jxl	44219664
cleanpicker	jxl1t	o_6068.png.scale98x128.jxl	4170396
cleanpicker	jxl1t	o_6070.png.scale147x192.jxl	4795209
cleanpicker	jxl1t	o_6070.png.scale196x256.jxl	5282303
cleanpicker	jxl1t	o_6070.png.scale295x384.jxl	10137593
cleanpicker	jxl1t	o_6070.png.scale393x512.jxl	12917970
cleanpicker	jxl1t	o_6070.png.scale491x640.jxl	20814849
cleanpicker	jxl1t	o_6070.png.scale49x64.jxl	3046389
cleanpicker	jxl1t	o_6070.png.scale589x768.jxl	26982127
cleanpicker	jxl1t	o_6070.png.scale688x896.jxl	34332823
cleanpicker	jxl1t	o_6070.png.scale74x96.jxl	3278730
cleanpicker	jxl1t	o_6070.png.scale786x1024.jxl	45210530
cleanpicker	jxl1t	o_6070.png.scale98x128.jxl	4010275
cleanpicker	jxl1t	o_6080.png.scale147x192.jxl	4334587
cleanpicker	jxl1t	o_6080.png.scale196x256.jxl	6022878
cleanpicker	jxl1t	o_6080.png.scale295x384.jxl	8886265
cleanpicker	jxl1t	o_6080.png.scale393x512.jxl	13659105
cleanpicker	jxl1t	o_6080.png.scale491x640.jxl	19863943
cleanpicker	jxl1t	o_6080.png.scale49x64.jxl	3238700
cleanpicker	jxl1t	o_6080.png.scale589x768.jxl	25278997
cleanpicker	jxl1t	o_6080.png.scale688x896.jxl	36315995
cleanpicker	jxl1t	o_6080.png.scale74x96.jxl	3614713
cleanpicker	jxl1t	o_6080.png.scale786x1024.jxl	43574740
cleanpicker	jxl1t	o_6080.png.scale98x128.jxl	4118955
cleanpicker	jxl1t	o_6083.png.scale147x192.jxl	4257576
cleanpicker	jxl1t	o_6083.png.scale196x256.jxl	5636565
cleanpicker	jxl1t	o_6083.png.scale295x384.jxl	8249261
cleanpicker	jxl1t	o_6083.png.scale393x512.jxl	11978314
cleanpicker	jxl1t	o_6083.png.scale491x640.jxl	18071742
cleanpicker	jxl1t	o_6083.png.scale49x64.jxl	3417111
cleanpicker	jxl1t	o_6083.png.scale589x768.jxl	24230191
cleanpicker	jxl1t	o_6083.png.scale688x896.jxl	31176403
cleanpicker	jxl1t	o_6083.png.scale74x96.jxl	3417011
cleanpicker	jxl1t	o_6083.png.scale786x1024.jxl	38192107
cleanpicker	jxl1t	o_6083.png.scale98x128.jxl	3705623
cleanpicker	jxl1t	o_6101.png.scale131x192.jxl	4518478
cleanpicker	jxl1t	o_6101.png.scale174x256.jxl	6416000
cleanpicker	jxl1t	o_6101.png.scale261x384.jxl	8670134
cleanpicker	jxl1t	o_6101.png.scale349x512.jxl	13217382
cleanpicker	jxl1t	o_6101.png.scale436x640.jxl	17169387
cleanpicker	jxl1t	o_6101.png.scale44x64.jxl	2720317
cleanpicker	jxl1t	o_6101.png.scale523x768.jxl	23291964
cleanpicker	jxl1t	o_6101.png.scale610x896.jxl	29620304
cleanpicker	jxl1t	o_6101.png.scale65x96.jxl	3138199
cleanpicker	jxl1t	o_6101.png.scale697x1024.jxl	37426812
cleanpicker	jxl1t	o_6101.png.scale87x128.jxl	4511258
cleanpicker	jxl1t	o_6105.png.scale147x192.jxl	5602815
cleanpicker	jxl1t	o_6105.png.scale196x256.jxl	7953440
cleanpicker	jxl1t	o_6105.png.scale295x384.jxl	15090313
cleanpicker	jxl1t	o_6105.png.scale393x512.jxl	22526879
cleanpicker	jxl1t	o_6105.png.scale491x640.jxl	32634863
cleanpicker	jxl1t	o_6105.png.scale49x64.jxl	3282071
cleanpicker	jxl1t	o_6105.png.scale589x768.jxl	45605463
cleanpicker	jxl1t	o_6105.png.scale688x896.jxl	62666138
cleanpicker	jxl1t	o_6105.png.scale74x96.jxl	4084075
cleanpicker	jxl1t	o_6105.png.scale786x1024.jxl	78614698
cleanpicker	jxl1t	o_6105.png.scale98x128.jxl	4854430
cleanpicker	jxl1t	o_6107.png.scale147x192.jxl	6412530
cleanpicker	jxl1t	o_6107.png.scale196x256.jxl	8254092
cleanpicker	jxl1t	o_6107.png.scale295x384.jxl	16331851
cleanpicker	jxl1t	o_6107.png.scale393x512.jxl	26358344
cleanpicker	jxl1t	o_6107.png.scale491x640.jxl	38602569
cleanpicker	jxl1t	o_6107.png.scale49x64.jxl	3544052
cleanpicker	jxl1t	o_6107.png.scale589x768.jxl	49531557
cleanpicker	jxl1t	o_6107.png.scale688x896.jxl	69897433
cleanpicker	jxl1t	o_6107.png.scale74x96.jxl	3511682
cleanpicker	jxl1t	o_6107.png.scale786x1024.jxl	89754696
cleanpicker	jxl1t	o_6107.png.scale98x128.jxl	4946650
cleanpicker	jxl1t	o_6600.png.scale134x192.jxl	6749552
cleanpicker	jxl1t	o_6600.png.scale179x256.jxl	10605175
cleanpicker	jxl1t	o_6600.png.scale268x384.jxl	19904324
cleanpicker	jxl1t	o_6600.png.scale357x512.jxl	29436552
cleanpicker	jxl1t	o_6600.png.scale446x640.jxl	46134696
cleanpicker	jxl1t	o_6600.png.scale45x64.jxl	3657223
cleanpicker	jxl1t	o_6600.png.scale536x768.jxl	60965308
cleanpicker	jxl1t	o_6600.png.scale625x896.jxl	82419621
cleanpicker	jxl1t	o_6600.png.scale67x96.jxl	3726423
cleanpicker	jxl1t	o_6600.png.scale714x1024.jxl	108537453
cleanpicker	jxl1t	o_6600.png.scale89x128.jxl	5304893
cleanpicker	jxl1t	o_6601.png.scale131x192.jxl	7061423
cleanpicker	jxl1t	o_6601.png.scale174x256.jxl	10668936
cleanpicker	jxl1t	o_6601.png.scale262x384.jxl	19559151
cleanpicker	jxl1t	o_6601.png.scale349x512.jxl	29174721
cleanpicker	jxl1t	o_6601.png.scale436x640.jxl	46304256
cleanpicker	jxl1t	o_6601.png.scale44x64.jxl	3891364
cleanpicker	jxl1t	o_6601.png.scale523x768.jxl	63667744
cleanpicker	jxl1t	o_6601.png.scale611x896.jxl	81769546
cleanpicker	jxl1t	o_6601.png.scale65x96.jxl	4006885
cleanpicker	jxl1t	o_6601.png.scale698x1024.jxl	108010979
cleanpicker	jxl1t	o_6601.png.scale87x128.jxl	4933071
cleanpicker	jxl1t	o_6602.png.scale131x192.jxl	6557041
cleanpicker	jxl1t	o_6602.png.scale175x256.jxl	10694387
cleanpicker	jxl1t	o_6602.png.scale262x384.jxl	19795343
cleanpicker	jxl1t	o_6602.png.scale349x512.jxl	28896639
cleanpicker	jxl1t	o_6602.png.scale436x640.jxl	45961734
cleanpicker	jxl1t	o_6602.png.scale44x64.jxl	3428491
cleanpicker	jxl1t	o_6602.png.scale524x768.jxl	59849961
cleanpicker	jxl1t	o_6602.png.scale611x896.jxl	83345816
cleanpicker	jxl1t	o_6602.png.scale65x96.jxl	4299276
cleanpicker	jxl1t	o_6602.png.scale698x1024.jxl	104179745
cleanpicker	jxl1t	o_6602.png.scale87x128.jxl	4796690
cleanpicker	jxl1t	o_6603.png.scale130x192.jxl	6712762
cleanpicker	jxl1t	o_6603.png.scale173x256.jxl	9172677
cleanpicker	jxl1t	o_6603.png.scale260x384.jxl	17640299
cleanpicker	jxl1t	o_6603.png.scale346x512.jxl	27472221
cleanpicker	jxl1t	o_6603.png.scale433x640.jxl	41940119
cleanpicker	jxl1t	o_6603.png.scale43x64.jxl	3404441
cleanpicker	jxl1t	o_6603.png.scale519x768.jxl	60463404
cleanpicker	jxl1t	o_6603.png.scale606x896.jxl	79275301
cleanpicker	jxl1t	o_6603.png.scale65x96.jxl	3451752
cleanpicker	jxl1t	o_6603.png.scale693x1024.jxl	101929752
cleanpicker	jxl1t	o_6603.png.scale87x128.jxl	4631909
cleanpicker	jxl1t	o_6604.png.scale130x192.jxl	6418539
cleanpicker	jxl1t	o_6604.png.scale173x256.jxl	8573143
cleanpicker	jxl1t	o_6604.png.scale259x384.jxl	16155800
cleanpicker	jxl1t	o_6604.png.scale346x512.jxl	27973243
cleanpicker	jxl1t	o_6604.png.scale432x640.jxl	42036030
cleanpicker	jxl1t	o_6604.png.scale43x64.jxl	2990159
cleanpicker	jxl1t	o_6604.png.scale518x768.jxl	55343303
cleanpicker	jxl1t	o_6604.png.scale605x896.jxl	74389231
cleanpicker	jxl1t	o_6604.png.scale65x96.jxl	4018075
cleanpicker	jxl1t	o_6604.png.scale691x1024.jxl	96072545
cleanpicker	jxl1t	o_6604.png.scale86x128.jxl	4925350
cleanpicker	jxl1t	o_6606.png.scale132x192.jxl	7283065
cleanpicker	jxl1t	o_6606.png.scale176x256.jxl	10911658
cleanpicker	jxl1t	o_6606.png.scale265x384.jxl	20146185
cleanpicker	jxl1t	o_6606.png.scale353x512.jxl	30178377
cleanpicker	jxl1t	o_6606.png.scale441x640.jxl	44469906
cleanpicker	jxl1t	o_6606.png.scale44x64.jxl	3578522
cleanpicker	jxl1t	o_6606.png.scale529x768.jxl	63166801
cleanpicker	jxl1t	o_6606.png.scale618x896.jxl	78851378
cleanpicker	jxl1t	o_6606.png.scale66x96.jxl	4922070
cleanpicker	jxl1t	o_6606.png.scale706x1024.jxl	103064858
cleanpicker	jxl1t	o_6606.png.scale88x128.jxl	5441364
cleanpicker	jxl1t	o_6607.png.scale130x192.jxl	6640261
cleanpicker	jxl1t	o_6607.png.scale174x256.jxl	8930405
cleanpicker	jxl1t	o_6607.png.scale261x384.jxl	17515359
cleanpicker	jxl1t	o_6607.png.scale348x512.jxl	27654751
cleanpicker	jxl1t	o_6607.png.scale434x640.jxl	40838933
cleanpicker	jxl1t	o_6607.png.scale43x64.jxl	3499942
cleanpicker	jxl1t	o_6607.png.scale521x768.jxl	60485865
cleanpicker	jxl1t	o_6607.png.scale608x896.jxl	79352181
cleanpicker	jxl1t	o_6607.png.scale65x96.jxl	3922925
cleanpicker	jxl1t	o_6607.png.scale695x1024.jxl	105570985
cleanpicker	jxl1t	o_6607.png.scale87x128.jxl	4512047
cleanpicker	jxl1t	o_6610.png.scale1024x806.jxl	96680739
cleanpicker	jxl1t	o_6610.png.scale128x101.jxl	4751900
cleanpicker	jxl1t	o_6610.png.scale192x151.jxl	6660681
cleanpicker	jxl1t	o_6610.png.scale256x202.jxl	10082822
cleanpicker	jxl1t	o_6610.png.scale384x302.jxl	20133914
cleanpicker	jxl1t	o_6610.png.scale512x403.jxl	29404692
cleanpicker	jxl1t	o_6610.png.scale640x504.jxl	46561389
cleanpicker	jxl1t	o_6610.png.scale64x50.jxl	3576382
cleanpicker	jxl1t	o_6610.png.scale768x605.jxl	57908359
cleanpicker	jxl1t	o_6610.png.scale896x705.jxl	78982969
cleanpicker	jxl1t	o_6610.png.scale96x76.jxl	3762933
cleanpicker	jxl1t	o_6612.png.scale133x192.jxl	7739978
cleanpicker	jxl1t	o_6612.png.scale177x256.jxl	9740210
cleanpicker	jxl1t	o_6612.png.scale265x384.jxl	18345994
cleanpicker	jxl1t	o_6612.png.scale353x512.jxl	29523393
cleanpicker	jxl1t	o_6612.png.scale442x640.jxl	45183980
cleanpicker	jxl1t	o_6612.png.scale44x64.jxl	3299250
cleanpicker	jxl1t	o_6612.png.scale530x768.jxl	56468370
cleanpicker	jxl1t	o_6612.png.scale619x896.jxl	76842096
cleanpicker	jxl1t	o_6612.png.scale66x96.jxl	3870404
cleanpicker	jxl1t	o_6612.png.scale707x1024.jxl	97725115
cleanpicker	jxl1t	o_6612.png.scale88x128.jxl	4900210
cleanpicker	jxl1t	o_6613.png.scale128x192.jxl	6907293
cleanpicker	jxl1t	o_6613.png.scale170x256.jxl	9078106
cleanpicker	jxl1t	o_6613.png.scale255x384.jxl	18765606
cleanpicker	jxl1t	o_6613.png.scale341x512.jxl	30967642
cleanpicker	jxl1t	o_6613.png.scale426x640.jxl	44275694
cleanpicker	jxl1t	o_6613.png.scale43x64.jxl	3361730
cleanpicker	jxl1t	o_6613.png.scale511x768.jxl	62966701
cleanpicker	jxl1t	o_6613.png.scale596x896.jxl	79294051
cleanpicker	jxl1t	o_6613.png.scale64x96.jxl	4085446
cleanpicker	jxl1t	o_6613.png.scale681x1024.jxl	106926593
cleanpicker	jxl1t	o_6613.png.scale85x128.jxl	4459528
cleanpicker	jxl1t	o_6616.png.scale132x192.jxl	7766239
cleanpicker	jxl1t	o_6616.png.scale175x256.jxl	10212824
cleanpicker	jxl1t	o_6616.png.scale263x384.jxl	18179983
cleanpicker	jxl1t	o_6616.png.scale351x512.jxl	29030839
cleanpicker	jxl1t	o_6616.png.scale438x640.jxl	43739511
cleanpicker	jxl1t	o_6616.png.scale44x64.jxl	3549522
cleanpicker	jxl1t	o_6616.png.scale526x768.jxl	58072899
cleanpicker	jxl1t	o_6616.png.scale614x896.jxl	77030838
cleanpicker	jxl1t	o_6616.png.scale66x96.jxl	3789643
cleanpicker	jxl1t	o_6616.png.scale701x1024.jxl	103598072
cleanpicker	jxl1t	o_6616.png.scale88x128.jxl	5210333
cleanpicker	jxl1t	o_6619.png.scale128x192.jxl	6141978
cleanpicker	jxl1t	o_6619.png.scale171x256.jxl	8144661
cleanpicker	jxl1t	o_6619.png.scale256x384.jxl	15338055
cleanpicker	jxl1t	o_6619.png.scale341x512.jxl	24406951
cleanpicker	jxl1t	o_6619.png.scale427x640.jxl	37162960
cleanpicker	jxl1t	o_6619.png.scale43x64.jxl	2999459
cleanpicker	jxl1t	o_6619.png.scale512x768.jxl	51265107
cleanpicker	jxl1t	o_6619.png.scale597x896.jxl	61764743
cleanpicker	jxl1t	o_6619.png.scale64x96.jxl	4552318
cleanpicker	jxl1t	o_6619.png.scale683x1024.jxl	85414109
cleanpicker	jxl1t	o_6619.png.scale85x128.jxl	5790756
cleanpicker	jxl1t	o_6629.png.scale1024x949.jxl	119700702
cleanpicker	jxl1t	o_6629.png.scale128x119.jxl	5061961
cleanpicker	jxl1t	o_6629.png.scale192x178.jxl	6970913
cleanpicker	jxl1t	o_6629.png.scale256x237.jxl	10634946
cleanpicker	jxl1t	o_6629.png.scale384x356.jxl	21069981
cleanpicker	jxl1t	o_6629.png.scale512x475.jxl	32815244
cleanpicker	jxl1t	o_6629.png.scale640x593.jxl	48403870
cleanpicker	jxl1t	o_6629.png.scale64x59.jxl	3572182
cleanpicker	jxl1t	o_6629.png.scale768x712.jxl	68297214
cleanpicker	jxl1t	o_6629.png.scale896x831.jxl	94371654
cleanpicker	jxl1t	o_6629.png.scale96x89.jxl	4243836
cleanpicker	jxl1t	o_6632.png.scale1024x939.jxl	116379471
cleanpicker	jxl1t	o_6632.png.scale128x117.jxl	5472164
cleanpicker	jxl1t	o_6632.png.scale192x176.jxl	7256485
cleanpicker	jxl1t	o_6632.png.scale256x235.jxl	11417731
cleanpicker	jxl1t	o_6632.png.scale384x352.jxl	21370753
cleanpicker	jxl1t	o_6632.png.scale512x470.jxl	34141501
cleanpicker	jxl1t	o_6632.png.scale640x587.jxl	48129528
cleanpicker	jxl1t	o_6632.png.scale64x59.jxl	3536132
cleanpicker	jxl1t	o_6632.png.scale768x705.jxl	70961900
cleanpicker	jxl1t	o_6632.png.scale896x822.jxl	86895189
cleanpicker	jxl1t	o_6632.png.scale96x88.jxl	4774919
cleanpicker	jxl1t	o_6801.png.scale127x192.jxl	6413890
cleanpicker	jxl1t	o_6801.png.scale169x256.jxl	7730538
cleanpicker	jxl1t	o_6801.png.scale254x384.jxl	14477760
cleanpicker	jxl1t	o_6801.png.scale338x512.jxl	25209226
cleanpicker	jxl1t	o_6801.png.scale423x640.jxl	34824166
cleanpicker	jxl1t	o_6801.png.scale42x64.jxl	3571133
cleanpicker	jxl1t	o_6801.png.scale507x768.jxl	50661544
cleanpicker	jxl1t	o_6801.png.scale592x896.jxl	68290373
cleanpicker	jxl1t	o_6801.png.scale63x96.jxl	4880470
cleanpicker	jxl1t	o_6801.png.scale676x1024.jxl	87874834
cleanpicker	jxl1t	o_6801.png.scale85x128.jxl	3809364
cleanpicker	jxl1t	o_6818.png.scale131x192.jxl	6718082
cleanpicker	jxl1t	o_6818.png.scale174x256.jxl	8927846
cleanpicker	jxl1t	o_6818.png.scale261x384.jxl	17549599
cleanpicker	jxl1t	o_6818.png.scale348x512.jxl	28237875
cleanpicker	jxl1t	o_6818.png.scale435x640.jxl	40256509
cleanpicker	jxl1t	o_6818.png.scale44x64.jxl	3569192
cleanpicker	jxl1t	o_6818.png.scale522x768.jxl	55844936
cleanpicker	jxl1t	o_6818.png.scale609x896.jxl	69659681
cleanpicker	jxl1t	o_6818.png.scale65x96.jxl	3515282
cleanpicker	jxl1t	o_6818.png.scale696x1024.jxl	92319822
cleanpicker	jxl1t	o_6818.png.scale87x128.jxl	4247127
cleanpicker	jxl1t	o_6819.png.scale131x192.jxl	6392909
cleanpicker	jxl1t	o_6819.png.scale174x256.jxl	8786385
cleanpicker	jxl1t	o_6819.png.scale261x384.jxl	14834062
cleanpicker	jxl1t	o_6819.png.scale348x512.jxl	24691013
cleanpicker	jxl1t	o_6819.png.scale435x640.jxl	35701371
cleanpicker	jxl1t	o_6819.png.scale44x64.jxl	3929634
cleanpicker	jxl1t	o_6819.png.scale522x768.jxl	46199747
cleanpicker	jxl1t	o_6819.png.scale609x896.jxl	61838613
cleanpicker	jxl1t	o_6819.png.scale65x96.jxl	4237746
cleanpicker	jxl1t	o_6819.png.scale696x1024.jxl	73844698
cleanpicker	jxl1t	o_6819.png.scale87x128.jxl	4169036
cleanpicker	jxl1t	o_6823.png.scale130x192.jxl	6407160
cleanpicker	jxl1t	o_6823.png.scale174x256.jxl	9389538
cleanpicker	jxl1t	o_6823.png.scale260x384.jxl	16894804
cleanpicker	jxl1t	o_6823.png.scale347x512.jxl	27272979
cleanpicker	jxl1t	o_6823.png.scale434x640.jxl	39675756
cleanpicker	jxl1t	o_6823.png.scale43x64.jxl	2985159
cleanpicker	jxl1t	o_6823.png.scale521x768.jxl	54499518
cleanpicker	jxl1t	o_6823.png.scale608x896.jxl	71854195
cleanpicker	jxl1t	o_6823.png.scale65x96.jxl	3987054
cleanpicker	jxl1t	o_6823.png.scale695x1024.jxl	94563186
cleanpicker	jxl1t	o_6823.png.scale87x128.jxl	4831350
cleanpicker	jxl1t	o_6825.png.scale131x192.jxl	5675925
cleanpicker	jxl1t	o_6825.png.scale175x256.jxl	7817468
cleanpicker	jxl1t	o_6825.png.scale263x384.jxl	15231784
cleanpicker	jxl1t	o_6825.png.scale350x512.jxl	25449768
cleanpicker	jxl1t	o_6825.png.scale438x640.jxl	38794540
cleanpicker	jxl1t	o_6825.png.scale44x64.jxl	3256570
cleanpicker	jxl1t	o_6825.png.scale526x768.jxl	51332339
cleanpicker	jxl1t	o_6825.png.scale613x896.jxl	71532043
cleanpicker	jxl1t	o_6825.png.scale66x96.jxl	3845203
cleanpicker	jxl1t	o_6825.png.scale701x1024.jxl	92638234
cleanpicker	jxl1t	o_6825.png.scale88x128.jxl	4678829
cleanpicker	jxl1t	o_6827.png.scale133x192.jxl	6141948
cleanpicker	jxl1t	o_6827.png.scale178x256.jxl	10116482
cleanpicker	jxl1t	o_6827.png.scale267x384.jxl	17168507
cleanpicker	jxl1t	o_6827.png.scale356x512.jxl	27862762
cleanpicker	jxl1t	o_6827.png.scale445x640.jxl	41444717
cleanpicker	jxl1t	o_6827.png.scale44x64.jxl	3325751
cleanpicker	jxl1t	o_6827.png.scale534x768.jxl	55361163
cleanpicker	jxl1t	o_6827.png.scale623x896.jxl	71769745
cleanpicker	jxl1t	o_6827.png.scale67x96.jxl	4394187
cleanpicker	jxl1t	o_6827.png.scale711x1024.jxl	94019923
cleanpicker	jxl1t	o_6827.png.scale89x128.jxl	4691279
cleanpicker	jxl1t	o_6829.png.scale133x192.jxl	6671341
cleanpicker	jxl1t	o_6829.png.scale178x256.jxl	9383128
cleanpicker	jxl1t	o_6829.png.scale267x384.jxl	17730450
cleanpicker	jxl1t	o_6829.png.scale356x512.jxl	26501444
cleanpicker	jxl1t	o_6829.png.scale445x640.jxl	40249929
cleanpicker	jxl1t	o_6829.png.scale44x64.jxl	3788564
cleanpicker	jxl1t	o_6829.png.scale534x768.jxl	54052985
cleanpicker	jxl1t	o_6829.png.scale623x896.jxl	71893815
cleanpicker	jxl1t	o_6829.png.scale67x96.jxl	4475278
cleanpicker	jxl1t	o_6829.png.scale711x1024.jxl	94596617
cleanpicker	jxl1t	o_6829.png.scale89x128.jxl	4777600
cleanpicker	jxl1t	o_6833.png.scale131x192.jxl	6125608
cleanpicker	jxl1t	o_6833.png.scale175x256.jxl	9190937
cleanpicker	jxl1t	o_6833.png.scale263x384.jxl	16724663
cleanpicker	jxl1t	o_6833.png.scale350x512.jxl	26868447
cleanpicker	jxl1t	o_6833.png.scale438x640.jxl	37299251
cleanpicker	jxl1t	o_6833.png.scale44x64.jxl	3435161
cleanpicker	jxl1t	o_6833.png.scale526x768.jxl	49531367
cleanpicker	jxl1t	o_6833.png.scale613x896.jxl	58048220
cleanpicker	jxl1t	o_6833.png.scale66x96.jxl	3938834
cleanpicker	jxl1t	o_6833.png.scale701x1024.jxl	80456149
cleanpicker	jxl1t	o_6833.png.scale88x128.jxl	4867170
cleanpicker	jxl1t	o_7000.png.scale1024x1024.jxl	51083997
cleanpicker	jxl1t	o_7000.png.scale128x128.jxl	5977967
cleanpicker	jxl1t	o_7000.png.scale192x192.jxl	8786025
cleanpicker	jxl1t	o_7000.png.scale256x256.jxl	14108558
cleanpicker	jxl1t	o_7000.png.scale384x384.jxl	25316427
cleanpicker	jxl1t	o_7000.png.scale512x512.jxl	42790615
cleanpicker	jxl1t	o_7000.png.scale640x640.jxl	59320808
cleanpicker	jxl1t	o_7000.png.scale64x64.jxl	4064705
cleanpicker	jxl1t	o_7000.png.scale768x768.jxl	83599598
cleanpicker	jxl1t	o_7000.png.scale896x896.jxl	109517108
cleanpicker	jxl1t	o_7000.png.scale96x96.jxl	4834050
cleanpicker	jxl1t	o_7001.png.scale1024x1024.jxl	39958098
cleanpicker	jxl1t	o_7001.png.scale128x128.jxl	5485293
cleanpicker	jxl1t	o_7001.png.scale192x192.jxl	7603747
cleanpicker	jxl1t	o_7001.png.scale256x256.jxl	11557752
cleanpicker	jxl1t	o_7001.png.scale384x384.jxl	20114874
cleanpicker	jxl1t	o_7001.png.scale512x512.jxl	29287512
cleanpicker	jxl1t	o_7001.png.scale640x640.jxl	45186279
cleanpicker	jxl1t	o_7001.png.scale64x64.jxl	4174475
cleanpicker	jxl1t	o_7001.png.scale768x768.jxl	66486982
cleanpicker	jxl1t	o_7001.png.scale896x896.jxl	85334929
cleanpicker	jxl1t	o_7001.png.scale96x96.jxl	4040055
cleanpicker	jxl1t	o_7002.png.scale1024x1024.jxl	48246169
cleanpicker	jxl1t	o_7002.png.scale128x128.jxl	5414103
cleanpicker	jxl1t	o_7002.png.scale192x192.jxl	8680744
cleanpicker	jxl1t	o_7002.png.scale256x256.jxl	13732745
cleanpicker	jxl1t	o_7002.png.scale384x384.jxl	28538907
cleanpicker	jxl1t	o_7002.png.scale512x512.jxl	48035947
cleanpicker	jxl1t	o_7002.png.scale640x640.jxl	69944314
cleanpicker	jxl1t	o_7002.png.scale64x64.jxl	3652433
cleanpicker	jxl1t	o_7002.png.scale768x768.jxl	97227262
cleanpicker	jxl1t	o_7002.png.scale896x896.jxl	128073824
cleanpicker	jxl1t	o_7002.png.scale96x96.jxl	4916211
cleanpicker	jxl1t	o_7003.png.scale1024x1024.jxl	47649135
cleanpicker	jxl1t	o_7003.png.scale128x128.jxl	5771485
cleanpicker	jxl1t	o_7003.png.scale192x192.jxl	8708534
cleanpicker	jxl1t	o_7003.png.scale256x256.jxl	14742841
cleanpicker	jxl1t	o_7003.png.scale384x384.jxl	26924857
cleanpicker	jxl1t	o_7003.png.scale512x512.jxl	47231972
cleanpicker	jxl1t	o_7003.png.scale640x640.jxl	65942848
cleanpicker	jxl1t	o_7003.png.scale64x64.jxl	3428431
cleanpicker	jxl1t	o_7003.png.scale768x768.jxl	95076819
cleanpicker	jxl1t	o_7003.png.scale896x896.jxl	128963430
cleanpicker	jxl1t	o_7003.png.scale96x96.jxl	4850930
cleanpicker	jxl1t	o_7005.png.scale1024x1024.jxl	44838507
cleanpicker	jxl1t	o_7005.png.scale128x128.jxl	5564144
cleanpicker	jxl1t	o_7005.png.scale192x192.jxl	8271521
cleanpicker	jxl1t	o_7005.png.scale256x256.jxl	13185462
cleanpicker	jxl1t	o_7005.png.scale384x384.jxl	23190364
cleanpicker	jxl1t	o_7005.png.scale512x512.jxl	35571471
cleanpicker	jxl1t	o_7005.png.scale640x640.jxl	53173730
cleanpicker	jxl1t	o_7005.png.scale64x64.jxl	3598303
cleanpicker	jxl1t	o_7005.png.scale768x768.jxl	74206260
cleanpicker	jxl1t	o_7005.png.scale896x896.jxl	97944037
cleanpicker	jxl1t	o_7005.png.scale96x96.jxl	5119462
cleanpicker	jxl1t	o_7007.png.scale1024x1024.jxl	41046884
cleanpicker	jxl1t	o_7007.png.scale128x128.jxl	5768296
cleanpicker	jxl1t	o_7007.png.scale192x192.jxl	8230301
cleanpicker	jxl1t	o_7007.png.scale256x256.jxl	11849793
cleanpicker	jxl1t	o_7007.png.scale384x384.jxl	24109259
cleanpicker	jxl1t	o_7007.png.scale512x512.jxl	39513164
cleanpicker	jxl1t	o_7007.png.scale640x640.jxl	54722149
cleanpicker	jxl1t	o_7007.png.scale64x64.jxl	3769543
cleanpicker	jxl1t	o_7007.png.scale768x768.jxl	75869000
cleanpicker	jxl1t	o_7007.png.scale896x896.jxl	94887608
cleanpicker	jxl1t	o_7007.png.scale96x96.jxl	4545718
cleanpicker	jxl1t	o_7008.png.scale1024x1024.jxl	38057166
cleanpicker	jxl1t	o_7008.png.scale128x128.jxl	4910391
cleanpicker	jxl1t	o_7008.png.scale192x192.jxl	7463546
cleanpicker	jxl1t	o_7008.png.scale256x256.jxl	9894971
cleanpicker	jxl1t	o_7008.png.scale384x384.jxl	18311343
cleanpicker	jxl1t	o_7008.png.scale512x512.jxl	28947680
cleanpicker	jxl1t	o_7008.png.scale640x640.jxl	37001169
cleanpicker	jxl1t	o_7008.png.scale64x64.jxl	3690013
cleanpicker	jxl1t	o_7008.png.scale768x768.jxl	44895309
cleanpicker	jxl1t	o_7008.png.scale896x896.jxl	75270936
cleanpicker	jxl1t	o_7008.png.scale96x96.jxl	4243166
cleanpicker	jxl1t	o_7010.png.scale1024x1024.jxl	39590836
cleanpicker	jxl1t	o_7010.png.scale128x128.jxl	5231363
cleanpicker	jxl1t	o_7010.png.scale192x192.jxl	7325425
cleanpicker	jxl1t	o_7010.png.scale256x256.jxl	11476931
cleanpicker	jxl1t	o_7010.png.scale384x384.jxl	20914339
cleanpicker	jxl1t	o_7010.png.scale512x512.jxl	32797893
cleanpicker	jxl1t	o_7010.png.scale640x640.jxl	50796954
cleanpicker	jxl1t	o_7010.png.scale64x64.jxl	3809474
cleanpicker	jxl1t	o_7010.png.scale768x768.jxl	70912780
cleanpicker	jxl1t	o_7010.png.scale896x896.jxl	92954816
cleanpicker	jxl1t	o_7010.png.scale96x96.jxl	4029485
cleanpicker	jxl1t	o_7011.png.scale1024x1024.jxl	35600400
cleanpicker	jxl1t	o_7011.png.scale128x128.jxl	4535678
cleanpicker	jxl1t	o_7011.png.scale192x192.jxl	7890409
cleanpicker	jxl1t	o_7011.png.scale256x256.jxl	10455695
cleanpicker	jxl1t	o_7011.png.scale384x384.jxl	19750812
cleanpicker	jxl1t	o_7011.png.scale512x512.jxl	31259254
cleanpicker	jxl1t	o_7011.png.scale640x640.jxl	44510826
cleanpicker	jxl1t	o_7011.png.scale64x64.jxl	3791014
cleanpicker	jxl1t	o_7011.png.scale768x768.jxl	68734546
cleanpicker	jxl1t	o_7011.png.scale896x896.jxl	85566901
cleanpicker	jxl1t	o_7011.png.scale96x96.jxl	3784143
cleanpicker	jxl1t	o_7013.png.scale1024x1024.jxl	44468985
cleanpicker	jxl1t	o_7013.png.scale128x128.jxl	5931327
cleanpicker	jxl1t	o_7013.png.scale192x192.jxl	8648994
cleanpicker	jxl1t	o_7013.png.scale256x256.jxl	12612398
cleanpicker	jxl1t	o_7013.png.scale384x384.jxl	25206637
cleanpicker	jxl1t	o_7013.png.scale512x512.jxl	40898723
cleanpicker	jxl1t	o_7013.png.scale640x640.jxl	57263555
cleanpicker	jxl1t	o_7013.png.scale64x64.jxl	3587362
cleanpicker	jxl1t	o_7013.png.scale768x768.jxl	78764458
cleanpicker	jxl1t	o_7013.png.scale896x896.jxl	103234929
cleanpicker	jxl1t	o_7013.png.scale96x96.jxl	4180836
cleanpicker	jxl1t	o_7015.png.scale1024x1024.jxl	41866049
cleanpicker	jxl1t	o_7015.png.scale128x128.jxl	5473554
cleanpicker	jxl1t	o_7015.png.scale192x192.jxl	7524677
cleanpicker	jxl1t	o_7015.png.scale256x256.jxl	11684502
cleanpicker	jxl1t	o_7015.png.scale384x384.jxl	22132838
cleanpicker	jxl1t	o_7015.png.scale512x512.jxl	34097831
cleanpicker	jxl1t	o_7015.png.scale640x640.jxl	50391362
cleanpicker	jxl1t	o_7015.png.scale64x64.jxl	3413201
cleanpicker	jxl1t	o_7015.png.scale768x768.jxl	69947373
cleanpicker	jxl1t	o_7015.png.scale896x896.jxl	85962593
cleanpicker	jxl1t	o_7015.png.scale96x96.jxl	5101962
cleanpicker	jxl1t	o_7017.png.scale1024x1024.jxl	42150411
cleanpicker	jxl1t	o_7017.png.scale128x128.jxl	5479474
cleanpicker	jxl1t	o_7017.png.scale192x192.jxl	8027660
cleanpicker	jxl1t	o_7017.png.scale256x256.jxl	11655172
cleanpicker	jxl1t	o_7017.png.scale384x384.jxl	22310408
cleanpicker	jxl1t	o_7017.png.scale512x512.jxl	33545628
cleanpicker	jxl1t	o_7017.png.scale640x640.jxl	47059611
cleanpicker	jxl1t	o_7017.png.scale64x64.jxl	3944205
cleanpicker	jxl1t	o_7017.png.scale768x768.jxl	64027197
cleanpicker	jxl1t	o_7017.png.scale896x896.jxl	83227896
cleanpicker	jxl1t	o_7017.png.scale96x96.jxl	4420877
cleanpicker	jxl1t	o_7020.png.scale1024x1024.jxl	40878624
cleanpicker	jxl1t	o_7020.png.scale128x128.jxl	5758766
cleanpicker	jxl1t	o_7020.png.scale192x192.jxl	8699124
cleanpicker	jxl1t	o_7020.png.scale256x256.jxl	11775783
cleanpicker	jxl1t	o_7020.png.scale384x384.jxl	22995022
cleanpicker	jxl1t	o_7020.png.scale512x512.jxl	36252424
cleanpicker	jxl1t	o_7020.png.scale640x640.jxl	49919739
cleanpicker	jxl1t	o_7020.png.scale64x64.jxl	3797754
cleanpicker	jxl1t	o_7020.png.scale768x768.jxl	69503320
cleanpicker	jxl1t	o_7020.png.scale896x896.jxl	92040930
cleanpicker	jxl1t	o_7020.png.scale96x96.jxl	4048405
cleanpicker	jxl1t	o_7021.png.scale1024x1024.jxl	44365595
cleanpicker	jxl1t	o_7021.png.scale128x128.jxl	5444623
cleanpicker	jxl1t	o_7021.png.scale192x192.jxl	8322532
cleanpicker	jxl1t	o_7021.png.scale256x256.jxl	13897756
cleanpicker	jxl1t	o_7021.png.scale384x384.jxl	23888868
cleanpicker	jxl1t	o_7021.png.scale512x512.jxl	37787274
cleanpicker	jxl1t	o_7021.png.scale640x640.jxl	53992415
cleanpicker	jxl1t	o_7021.png.scale64x64.jxl	3216910
cleanpicker	jxl1t	o_7021.png.scale768x768.jxl	72290788
cleanpicker	jxl1t	o_7021.png.scale896x896.jxl	99545747
cleanpicker	jxl1t	o_7021.png.scale96x96.jxl	4512418
cleanpicker	jxl1t	o_7023.png.scale1024x1024.jxl	37812165
cleanpicker	jxl1t	o_7023.png.scale128x128.jxl	4389007
cleanpicker	jxl1t	o_7023.png.scale192x192.jxl	7700278
cleanpicker	jxl1t	o_7023.png.scale256x256.jxl	10192753
cleanpicker	jxl1t	o_7023.png.scale384x384.jxl	19536541
cleanpicker	jxl1t	o_7023.png.scale512x512.jxl	22221478
cleanpicker	jxl1t	o_7023.png.scale640x640.jxl	39237204
cleanpicker	jxl1t	o_7023.png.scale64x64.jxl	3354901
cleanpicker	jxl1t	o_7023.png.scale768x768.jxl	39321734
cleanpicker	jxl1t	o_7023.png.scale896x896.jxl	61552801
cleanpicker	jxl1t	o_7023.png.scale96x96.jxl	4080795
cleanpicker	jxl1t	o_7024.png.scale1024x1024.jxl	37598203
cleanpicker	jxl1t	o_7024.png.scale128x128.jxl	5640275
cleanpicker	jxl1t	o_7024.png.scale192x192.jxl	7516057
cleanpicker	jxl1t	o_7024.png.scale256x256.jxl	9840381
cleanpicker	jxl1t	o_7024.png.scale384x384.jxl	19246039
cleanpicker	jxl1t	o_7024.png.scale512x512.jxl	27084298
cleanpicker	jxl1t	o_7024.png.scale640x640.jxl	41133774
cleanpicker	jxl1t	o_7024.png.scale64x64.jxl	3620243
cleanpicker	jxl1t	o_7024.png.scale768x768.jxl	48644542
cleanpicker	jxl1t	o_7024.png.scale896x896.jxl	69837073
cleanpicker	jxl1t	o_7024.png.scale96x96.jxl	4076155
cleanpicker	jxl1t	o_7025.png.scale1024x1024.jxl	36710888
cleanpicker	jxl1t	o_7025.png.scale128x128.jxl	4558728
cleanpicker	jxl1t	o_7025.png.scale192x192.jxl	7285355
cleanpicker	jxl1t	o_7025.png.scale256x256.jxl	10337404
cleanpicker	jxl1t	o_7025.png.scale384x384.jxl	19982444
cleanpicker	jxl1t	o_7025.png.scale512x512.jxl	27712532
cleanpicker	jxl1t	o_7025.png.scale640x640.jxl	42473313
cleanpicker	jxl1t	o_7025.png.scale64x64.jxl	4160466
cleanpicker	jxl1t	o_7025.png.scale768x768.jxl	57357115
cleanpicker	jxl1t	o_7025.png.scale896x896.jxl	73985348
cleanpicker	jxl1t	o_7025.png.scale96x96.jxl	4586508
cleanpicker	jxl1t	o_7026.png.scale1024x1024.jxl	36697908
cleanpicker	jxl1t	o_7026.png.scale128x128.jxl	5072132
cleanpicker	jxl1t	o_7026.png.scale192x192.jxl	6446399
cleanpicker	jxl1t	o_7026.png.scale256x256.jxl	10244343
cleanpicker	jxl1t	o_7026.png.scale384x384.jxl	18231143
cleanpicker	jxl1t	o_7026.png.scale512x512.jxl	22198757
cleanpicker	jxl1t	o_7026.png.scale640x640.jxl	41971930
cleanpicker	jxl1t	o_7026.png.scale64x64.jxl	3323300
cleanpicker	jxl1t	o_7026.png.scale768x768.jxl	53753343
cleanpicker	jxl1t	o_7026.png.scale896x896.jxl	66937305
cleanpicker	jxl1t	o_7026.png.scale96x96.jxl	3880844
cleanpicker	jxl1t	o_7027.png.scale1024x1024.jxl	39536215
cleanpicker	jxl1t	o_7027.png.scale128x128.jxl	5181502
cleanpicker	jxl1t	o_7027.png.scale192x192.jxl	6837072
cleanpicker	jxl1t	o_7027.png.scale256x256.jxl	10245424
cleanpicker	jxl1t	o_7027.png.scale384x384.jxl	19438691
cleanpicker	jxl1t	o_7027.png.scale512x512.jxl	26572575
cleanpicker	jxl1t	o_7027.png.scale640x640.jxl	42130691
cleanpicker	jxl1t	o_7027.png.scale64x64.jxl	4178356
cleanpicker	jxl1t	o_7027.png.scale768x768.jxl	55947817
cleanpicker	jxl1t	o_7027.png.scale896x896.jxl	73090893
cleanpicker	jxl1t	o_7027.png.scale96x96.jxl	4589118
cleanpicker	jxl1t	o_7032.png.scale1024x1024.jxl	36290925
cleanpicker	jxl1t	o_7032.png.scale128x128.jxl	5743225
cleanpicker	jxl1t	o_7032.png.scale192x192.jxl	7961720
cleanpicker	jxl1t	o_7032.png.scale256x256.jxl	10512665
cleanpicker	jxl1t	o_7032.png.scale384x384.jxl	19672642
cleanpicker	jxl1t	o_7032.png.scale512x512.jxl	30908271
cleanpicker	jxl1t	o_7032.png.scale640x640.jxl	46146046
cleanpicker	jxl1t	o_7032.png.scale64x64.jxl	3517352
cleanpicker	jxl1t	o_7032.png.scale768x768.jxl	57087404
cleanpicker	jxl1t	o_7032.png.scale896x896.jxl	75235507
cleanpicker	jxl1t	o_7032.png.scale96x96.jxl	4362477
cleanpicker	jxl1t	o_7038.png.scale1024x1024.jxl	39158472
cleanpicker	jxl1t	o_7038.png.scale128x128.jxl	5531425
cleanpicker	jxl1t	o_7038.png.scale192x192.jxl	9306387
cleanpicker	jxl1t	o_7038.png.scale256x256.jxl	12531587
cleanpicker	jxl1t	o_7038.png.scale384x384.jxl	21735524
cleanpicker	jxl1t	o_7038.png.scale512x512.jxl	33246226
cleanpicker	jxl1t	o_7038.png.scale640x640.jxl	45144560
cleanpicker	jxl1t	o_7038.png.scale64x64.jxl	4098875
cleanpicker	jxl1t	o_7038.png.scale768x768.jxl	59793700
cleanpicker	jxl1t	o_7038.png.scale896x896.jxl	80078726
cleanpicker	jxl1t	o_7038.png.scale96x96.jxl	4586039
cleanpicker	jxl1t	o_7039.png.scale1024x1024.jxl	36987979
cleanpicker	jxl1t	o_7039.png.scale128x128.jxl	5462914
cleanpicker	jxl1t	o_7039.png.scale192x192.jxl	8379262
cleanpicker	jxl1t	o_7039.png.scale256x256.jxl	13133691
cleanpicker	jxl1t	o_7039.png.scale384x384.jxl	20940250
cleanpicker	jxl1t	o_7039.png.scale512x512.jxl	34406083
cleanpicker	jxl1t	o_7039.png.scale640x640.jxl	45186940
cleanpicker	jxl1t	o_7039.png.scale64x64.jxl	3610643
cleanpicker	jxl1t	o_7039.png.scale768x768.jxl	64996422
cleanpicker	jxl1t	o_7039.png.scale896x896.jxl	83349586
cleanpicker	jxl1t	o_7039.png.scale96x96.jxl	4767010
cleanpicker	jxl1t	o_7040.png.scale1024x1024.jxl	34445693
cleanpicker	jxl1t	o_7040.png.scale128x128.jxl	5281293
cleanpicker	jxl1t	o_7040.png.scale192x192.jxl	7313525
cleanpicker	jxl1t	o_7040.png.scale256x256.jxl	10144353
cleanpicker	jxl1t	o_7040.png.scale384x384.jxl	16481712
cleanpicker	jxl1t	o_7040.png.scale512x512.jxl	25130696
cleanpicker	jxl1t	o_7040.png.scale640x640.jxl	38412288
cleanpicker	jxl1t	o_7040.png.scale64x64.jxl	3307791
cleanpicker	jxl1t	o_7040.png.scale768x768.jxl	51444899
cleanpicker	jxl1t	o_7040.png.scale896x896.jxl	44971199
cleanpicker	jxl1t	o_7040.png.scale96x96.jxl	3972824
cleanpicker	jxl1t	o_7042.png.scale1024x1024.jxl	37314231
cleanpicker	jxl1t	o_7042.png.scale128x128.jxl	5589524
cleanpicker	jxl1t	o_7042.png.scale192x192.jxl	7441636
cleanpicker	jxl1t	o_7042.png.scale256x256.jxl	10544936
cleanpicker	jxl1t	o_7042.png.scale384x384.jxl	19240969
cleanpicker	jxl1t	o_7042.png.scale512x512.jxl	29972536
cleanpicker	jxl1t	o_7042.png.scale640x640.jxl	43306699
cleanpicker	jxl1t	o_7042.png.scale64x64.jxl	3376381
cleanpicker	jxl1t	o_7042.png.scale768x768.jxl	56018777
cleanpicker	jxl1t	o_7042.png.scale896x896.jxl	76750685
cleanpicker	jxl1t	o_7042.png.scale96x96.jxl	4468337
cleanpicker	jxl1t	o_7044.png.scale1024x1024.jxl	38833441
cleanpicker	jxl1t	o_7044.png.scale128x128.jxl	5866316
cleanpicker	jxl1t	o_7044.png.scale192x192.jxl	8147191
cleanpicker	jxl1t	o_7044.png.scale256x256.jxl	12125846
cleanpicker	jxl1t	o_7044.png.scale384x384.jxl	22093707
cleanpicker	jxl1t	o_7044.png.scale512x512.jxl	33239726
cleanpicker	jxl1t	o_7044.png.scale640x640.jxl	47673196
cleanpicker	jxl1t	o_7044.png.scale64x64.jxl	3926014
cleanpicker	jxl1t	o_7044.png.scale768x768.jxl	62350846
cleanpicker	jxl1t	o_7044.png.scale896x896.jxl	83848709
cleanpicker	jxl1t	o_7044.png.scale96x96.jxl	4576229
cleanpicker	jxl1t	o_7045.png.scale1024x1024.jxl	37128600
cleanpicker	jxl1t	o_7045.png.scale128x128.jxl	5150962
cleanpicker	jxl1t	o_7045.png.scale192x192.jxl	6824182
cleanpicker	jxl1t	o_7045.png.scale256x256.jxl	9495939
cleanpicker	jxl1t	o_7045.png.scale384x384.jxl	17682119
cleanpicker	jxl1t	o_7045.png.scale512x512.jxl	26334944
cleanpicker	jxl1t	o_7045.png.scale640x640.jxl	38336838
cleanpicker	jxl1t	o_7045.png.scale64x64.jxl	3575412
cleanpicker	jxl1t	o_7045.png.scale768x768.jxl	53337570
cleanpicker	jxl1t	o_7045.png.scale896x896.jxl	58520742
cleanpicker	jxl1t	o_7045.png.scale96x96.jxl	4027445
cleanpicker	jxl1t	o_7046.png.scale1024x1024.jxl	39687436
cleanpicker	jxl1t	o_7046.png.scale128x128.jxl	4864250
cleanpicker	jxl1t	o_7046.png.scale192x192.jxl	7771368
cleanpicker	jxl1t	o_7046.png.scale256x256.jxl	10242254
cleanpicker	jxl1t	o_7046.png.scale384x384.jxl	19737422
cleanpicker	jxl1t	o_7046.png.scale512x512.jxl	31631546
cleanpicker	jxl1t	o_7046.png.scale640x640.jxl	41527637
cleanpicker	jxl1t	o_7046.png.scale64x64.jxl	4113035
cleanpicker	jxl1t	o_7046.png.scale768x768.jxl	23764167
cleanpicker	jxl1t	o_7046.png.scale896x896.jxl	35229928
cleanpicker	jxl1t	o_7046.png.scale96x96.jxl	4776330
cleanpicker	jxl1t	o_7047.png.scale1024x1024.jxl	39217293
cleanpicker	jxl1t	o_7047.png.scale128x128.jxl	5126111
cleanpicker	jxl1t	o_7047.png.scale192x192.jxl	6846922
cleanpicker	jxl1t	o_7047.png.scale256x256.jxl	10284664
cleanpicker	jxl1t	o_7047.png.scale384x384.jxl	19447331
cleanpicker	jxl1t	o_7047.png.scale512x512.jxl	28127484
cleanpicker	jxl1t	o_7047.png.scale640x640.jxl	28543237
cleanpicker	jxl1t	o_7047.png.scale64x64.jxl	4691629
cleanpicker	jxl1t	o_7047.png.scale768x768.jxl	23401345
cleanpicker	jxl1t	o_7047.png.scale896x896.jxl	29853935
cleanpicker	jxl1t	o_7047.png.scale96x96.jxl	4671549
cleanpicker	jxl1t	o_7049.png.scale1024x1024.jxl	37452142
cleanpicker	jxl1t	o_7049.png.scale128x128.jxl	5018511
cleanpicker	jxl1t	o_7049.png.scale192x192.jxl	7193364
cleanpicker	jxl1t	o_7049.png.scale256x256.jxl	10691927
cleanpicker	jxl1t	o_7049.png.scale384x384.jxl	19043798
cleanpicker	jxl1t	o_7049.png.scale512x512.jxl	31654506
cleanpicker	jxl1t	o_7049.png.scale640x640.jxl	37770424
cleanpicker	jxl1t	o_7049.png.scale64x64.jxl	3276861
cleanpicker	jxl1t	o_7049.png.scale768x768.jxl	25920351
cleanpicker	jxl1t	o_7049.png.scale896x896.jxl	40158999
cleanpicker	jxl1t	o_7049.png.scale96x96.jxl	3733523
cleanpicker	jxl1t	o_7050.png.scale1024x1024.jxl	37966245
cleanpicker	jxl1t	o_7050.png.scale128x128.jxl	5667345
cleanpicker	jxl1t	o_7050.png.scale192x192.jxl	7524127
cleanpicker	jxl1t	o_7050.png.scale256x256.jxl	10087933
cleanpicker	jxl1t	o_7050.png.scale384x384.jxl	17676510
cleanpicker	jxl1t	o_7050.png.scale512x512.jxl	17107876
cleanpicker	jxl1t	o_7050.png.scale640x640.jxl	28302645
cleanpicker	jxl1t	o_7050.png.scale64x64.jxl	3500432
cleanpicker	jxl1t	o_7050.png.scale768x768.jxl	26410554
cleanpicker	jxl1t	o_7050.png.scale896x896.jxl	46125925
cleanpicker	jxl1t	o_7050.png.scale96x96.jxl	3905555
cleanpicker	jxl1t	o_7052.png.scale1024x1024.jxl	43347508
cleanpicker	jxl1t	o_7052.png.scale128x128.jxl	4612519
cleanpicker	jxl1t	o_7052.png.scale192x192.jxl	6415630
cleanpicker	jxl1t	o_7052.png.scale256x256.jxl	9874272
cleanpicker	jxl1t	o_7052.png.scale384x384.jxl	18160683
cleanpicker	jxl1t	o_7052.png.scale512x512.jxl	16664143
cleanpicker	jxl1t	o_7052.png.scale640x640.jxl	21014970
cleanpicker	jxl1t	o_7052.png.scale64x64.jxl	3661563
cleanpicker	jxl1t	o_7052.png.scale768x768.jxl	25783520
cleanpicker	jxl1t	o_7052.png.scale896x896.jxl	38246917
cleanpicker	jxl1t	o_7052.png.scale96x96.jxl	3746434
cleanpicker	jxl1t	o_7053.png.scale1024x1024.jxl	37701574
cleanpicker	jxl1t	o_7053.png.scale128x128.jxl	4668829
cleanpicker	jxl1t	o_7053.png.scale192x192.jxl	7954460
cleanpicker	jxl1t	o_7053.png.scale256x256.jxl	5557624
cleanpicker	jxl1t	o_7053.png.scale384x384.jxl	16873965
cleanpicker	jxl1t	o_7053.png.scale512x512.jxl	13820256
cleanpicker	jxl1t	o_7053.png.scale640x640.jxl	22224458
cleanpicker	jxl1t	o_7053.png.scale64x64.jxl	3992635
cleanpicker	jxl1t	o_7053.png.scale768x768.jxl	27071538
cleanpicker	jxl1t	o_7053.png.scale896x896.jxl	39120083
cleanpicker	jxl1t	o_7053.png.scale96x96.jxl	3669872
cleanpicker	jxl1t	o_7054.png.scale1024x1024.jxl	131637516
cleanpicker	jxl1t	o_7054.png.scale128x128.jxl	5532614
cleanpicker	jxl1t	o_7054.png.scale192x192.jxl	8662284
cleanpicker	jxl1t	o_7054.png.scale256x256.jxl	13127361
cleanpicker	jxl1t	o_7054.png.scale384x384.jxl	28288066
cleanpicker	jxl1t	o_7054.png.scale512x512.jxl	41006805
cleanpicker	jxl1t	o_7054.png.scale640x640.jxl	63606214
cleanpicker	jxl1t	o_7054.png.scale64x64.jxl	3319091
cleanpicker	jxl1t	o_7054.png.scale768x768.jxl	88478069
cleanpicker	jxl1t	o_7054.png.scale896x896.jxl	113231472
cleanpicker	jxl1t	o_7054.png.scale96x96.jxl	4667609
cleanpicker	jxl1t	o_7056.png.scale1024x1024.jxl	156017597
cleanpicker	jxl1t	o_7056.png.scale128x128.jxl	5681045
cleanpicker	jxl1t	o_7056.png.scale192x192.jxl	8550943
cleanpicker	jxl1t	o_7056.png.scale256x256.jxl	14254058
cleanpicker	jxl1t	o_7056.png.scale384x384.jxl	29616174
cleanpicker	jxl1t	o_7056.png.scale512x512.jxl	47309054
cleanpicker	jxl1t	o_7056.png.scale640x640.jxl	69395500
cleanpicker	jxl1t	o_7056.png.scale64x64.jxl	3678172
cleanpicker	jxl1t	o_7056.png.scale768x768.jxl	100594813
cleanpicker	jxl1t	o_7056.png.scale896x896.jxl	133511778
cleanpicker	jxl1t	o_7056.png.scale96x96.jxl	4705489
cleanpicker	jxl1t	o_7057.png.scale1024x1024.jxl	161010768
cleanpicker	jxl1t	o_7057.png.scale128x128.jxl	5323763
cleanpicker	jxl1t	o_7057.png.scale192x192.jxl	8869055
cleanpicker	jxl1t	o_7057.png.scale256x256.jxl	13605374
cleanpicker	jxl1t	o_7057.png.scale384x384.jxl	28185105
cleanpicker	jxl1t	o_7057.png.scale512x512.jxl	46936601
cleanpicker	jxl1t	o_7057.png.scale640x640.jxl	67403367
cleanpicker	jxl1t	o_7057.png.scale64x64.jxl	3627452
cleanpicker	jxl1t	o_7057.png.scale768x768.jxl	99506136
cleanpicker	jxl1t	o_7057.png.scale896x896.jxl	129331482
cleanpicker	jxl1t	o_7057.png.scale96x96.jxl	4314357
cleanpicker	jxl1t	o_7059.png.scale1024x1024.jxl	114058077
cleanpicker	jxl1t	o_7059.png.scale128x128.jxl	5727236
cleanpicker	jxl1t	o_7059.png.scale192x192.jxl	9112987
cleanpicker	jxl1t	o_7059.png.scale256x256.jxl	13412413
cleanpicker	jxl1t	o_7059.png.scale384x384.jxl	25273406
cleanpicker	jxl1t	o_7059.png.scale512x512.jxl	34342563
cleanpicker	jxl1t	o_7059.png.scale640x640.jxl	52822238
cleanpicker	jxl1t	o_7059.png.scale64x64.jxl	4159286
cleanpicker	jxl1t	o_7059.png.scale768x768.jxl	74482862
cleanpicker	jxl1t	o_7059.png.scale896x896.jxl	98955973
cleanpicker	jxl1t	o_7059.png.scale96x96.jxl	4249266
cleanpicker	jxl1t	o_7060.png.scale1024x1024.jxl	132212389
cleanpicker	jxl1t	o_7060.png.scale128x128.jxl	5339213
cleanpicker	jxl1t	o_7060.png.scale192x192.jxl	8353691
cleanpicker	jxl1t	o_7060.png.scale256x256.jxl	12541508
cleanpicker	jxl1t	o_7060.png.scale384x384.jxl	24241220
cleanpicker	jxl1t	o_7060.png.scale512x512.jxl	38995692
cleanpicker	jxl1t	o_7060.png.scale640x640.jxl	55698785
cleanpicker	jxl1t	o_7060.png.scale64x64.jxl	3399071
cleanpicker	jxl1t	o_7060.png.scale768x768.jxl	79086460
cleanpicker	jxl1t	o_7060.png.scale896x896.jxl	103770873
cleanpicker	jxl1t	o_7060.png.scale96x96.jxl	4933281
cleanpicker	jxl1t	o_7065.png.scale1024x1024.jxl	131271463
cleanpicker	jxl1t	o_7065.png.scale128x128.jxl	5435433
cleanpicker	jxl1t	o_7065.png.scale192x192.jxl	8447282
cleanpicker	jxl1t	o_7065.png.scale256x256.jxl	12426747
cleanpicker	jxl1t	o_7065.png.scale384x384.jxl	25126966
cleanpicker	jxl1t	o_7065.png.scale512x512.jxl	38291907
cleanpicker	jxl1t	o_7065.png.scale640x640.jxl	52138033
cleanpicker	jxl1t	o_7065.png.scale64x64.jxl	3604893
cleanpicker	jxl1t	o_7065.png.scale768x768.jxl	76284823
cleanpicker	jxl1t	o_7065.png.scale896x896.jxl	97128872
cleanpicker	jxl1t	o_7065.png.scale96x96.jxl	4549218
cleanpicker	jxl1t	o_7066.png.scale1024x1024.jxl	117982271
cleanpicker	jxl1t	o_7066.png.scale128x128.jxl	5439294
cleanpicker	jxl1t	o_7066.png.scale192x192.jxl	8198930
cleanpicker	jxl1t	o_7066.png.scale256x256.jxl	12343626
cleanpicker	jxl1t	o_7066.png.scale384x384.jxl	23177814
cleanpicker	jxl1t	o_7066.png.scale512x512.jxl	36598617
cleanpicker	jxl1t	o_7066.png.scale640x640.jxl	53927184
cleanpicker	jxl1t	o_7066.png.scale64x64.jxl	3350221
cleanpicker	jxl1t	o_7066.png.scale768x768.jxl	71460393
cleanpicker	jxl1t	o_7066.png.scale896x896.jxl	97412503
cleanpicker	jxl1t	o_7066.png.scale96x96.jxl	4026485
cleanpicker	jxl1t	o_7067.png.scale1024x1024.jxl	125552608
cleanpicker	jxl1t	o_7067.png.scale128x128.jxl	5845286
cleanpicker	jxl1t	o_7067.png.scale192x192.jxl	8747924
cleanpicker	jxl1t	o_7067.png.scale256x256.jxl	13085201
cleanpicker	jxl1t	o_7067.png.scale384x384.jxl	25272767
cleanpicker	jxl1t	o_7067.png.scale512x512.jxl	37236180
cleanpicker	jxl1t	o_7067.png.scale640x640.jxl	52899648
cleanpicker	jxl1t	o_7067.png.scale64x64.jxl	4378247
cleanpicker	jxl1t	o_7067.png.scale768x768.jxl	76031591
cleanpicker	jxl1t	o_7067.png.scale896x896.jxl	99487957
cleanpicker	jxl1t	o_7067.png.scale96x96.jxl	4689539
cleanpicker	jxl1t	o_7070.png.scale1024x1024.jxl	51238618
cleanpicker	jxl1t	o_7070.png.scale128x128.jxl	4463068
cleanpicker	jxl1t	o_7070.png.scale192x192.jxl	5821146
cleanpicker	jxl1t	o_7070.png.scale256x256.jxl	7175344
cleanpicker	jxl1t	o_7070.png.scale384x384.jxl	11405070
cleanpicker	jxl1t	o_7070.png.scale512x512.jxl	16852725
cleanpicker	jxl1t	o_7070.png.scale640x640.jxl	24226450
cleanpicker	jxl1t	o_7070.png.scale64x64.jxl	4145966
cleanpicker	jxl1t	o_7070.png.scale768x768.jxl	31028602
cleanpicker	jxl1t	o_7070.png.scale896x896.jxl	63309532
cleanpicker	jxl1t	o_7070.png.scale96x96.jxl	4289607
cleanpicker	jxl1t	o_7071.png.scale1024x1024.jxl	54167586
cleanpicker	jxl1t	o_7071.png.scale128x128.jxl	4268286
cleanpicker	jxl1t	o_7071.png.scale192x192.jxl	5615665
cleanpicker	jxl1t	o_7071.png.scale256x256.jxl	6863243
cleanpicker	jxl1t	o_7071.png.scale384x384.jxl	11761973
cleanpicker	jxl1t	o_7071.png.scale512x512.jxl	17009245
cleanpicker	jxl1t	o_7071.png.scale640x640.jxl	23410895
cleanpicker	jxl1t	o_7071.png.scale64x64.jxl	3198990
cleanpicker	jxl1t	o_7071.png.scale768x768.jxl	33767979
cleanpicker	jxl1t	o_7071.png.scale896x896.jxl	59544499
cleanpicker	jxl1t	o_7071.png.scale96x96.jxl	4425867
cleanpicker	jxl1t	o_7073.png.scale1024x1024.jxl	102642496
cleanpicker	jxl1t	o_7073.png.scale128x128.jxl	4697509
cleanpicker	jxl1t	o_7073.png.scale192x192.jxl	7719748
cleanpicker	jxl1t	o_7073.png.scale256x256.jxl	10685276
cleanpicker	jxl1t	o_7073.png.scale384x384.jxl	20303776
cleanpicker	jxl1t	o_7073.png.scale512x512.jxl	32694872
cleanpicker	jxl1t	o_7073.png.scale640x640.jxl	44193744
cleanpicker	jxl1t	o_7073.png.scale64x64.jxl	3288121
cleanpicker	jxl1t	o_7073.png.scale768x768.jxl	67643379
cleanpicker	jxl1t	o_7073.png.scale896x896.jxl	84316973
cleanpicker	jxl1t	o_7073.png.scale96x96.jxl	4158665
cleanpicker	jxl1t	o_7077.png.scale1024x1024.jxl	59670480
cleanpicker	jxl1t	o_7077.png.scale128x128.jxl	4547168
cleanpicker	jxl1t	o_7077.png.scale192x192.jxl	6573251
cleanpicker	jxl1t	o_7077.png.scale256x256.jxl	9077876
cleanpicker	jxl1t	o_7077.png.scale384x384.jxl	16902265
cleanpicker	jxl1t	o_7077.png.scale512x512.jxl	25987781
cleanpicker	jxl1t	o_7077.png.scale640x640.jxl	33279816
cleanpicker	jxl1t	o_7077.png.scale64x64.jxl	3312750
cleanpicker	jxl1t	o_7077.png.scale768x768.jxl	42645734
cleanpicker	jxl1t	o_7077.png.scale896x896.jxl	54244046
cleanpicker	jxl1t	o_7077.png.scale96x96.jxl	4461698
cleanpicker	jxl1t	o_7080.png.scale1024x1024.jxl	57840978
cleanpicker	jxl1t	o_7080.png.scale128x128.jxl	5127851
cleanpicker	jxl1t	o_7080.png.scale192x192.jxl	7646778
cleanpicker	jxl1t	o_7080.png.scale256x256.jxl	10427565
cleanpicker	jxl1t	o_7080.png.scale384x384.jxl	16873625
cleanpicker	jxl1t	o_7080.png.scale512x512.jxl	26138022
cleanpicker	jxl1t	o_7080.png.scale640x640.jxl	38516399
cleanpicker	jxl1t	o_7080.png.scale64x64.jxl	3901804
cleanpicker	jxl1t	o_7080.png.scale768x768.jxl	53448581
cleanpicker	jxl1t	o_7080.png.scale896x896.jxl	64156537
cleanpicker	jxl1t	o_7080.png.scale96x96.jxl	4227386
cleanpicker	jxl1t	o_7081.png.scale1024x1024.jxl	69841263
cleanpicker	jxl1t	o_7081.png.scale128x128.jxl	5749685
cleanpicker	jxl1t	o_7081.png.scale192x192.jxl	8007219
cleanpicker	jxl1t	o_7081.png.scale256x256.jxl	9920532
cleanpicker	jxl1t	o_7081.png.scale384x384.jxl	18500434
cleanpicker	jxl1t	o_7081.png.scale512x512.jxl	27672192
cleanpicker	jxl1t	o_7081.png.scale640x640.jxl	43711671
cleanpicker	jxl1t	o_7081.png.scale64x64.jxl	3651363
cleanpicker	jxl1t	o_7081.png.scale768x768.jxl	63215182
cleanpicker	jxl1t	o_7081.png.scale896x896.jxl	66223471
cleanpicker	jxl1t	o_7081.png.scale96x96.jxl	4416258
cleanpicker	jxl1t	o_7095.png.scale1024x1024.jxl	38820641
cleanpicker	jxl1t	o_7095.png.scale128x128.jxl	4819690
cleanpicker	jxl1t	o_7095.png.scale192x192.jxl	7033554
cleanpicker	jxl1t	o_7095.png.scale256x256.jxl	9404258
cleanpicker	jxl1t	o_7095.png.scale384x384.jxl	18464415
cleanpicker	jxl1t	o_7095.png.scale512x512.jxl	18804677
cleanpicker	jxl1t	o_7095.png.scale640x640.jxl	22305718
cleanpicker	jxl1t	o_7095.png.scale64x64.jxl	3839324
cleanpicker	jxl1t	o_7095.png.scale768x768.jxl	27445380
cleanpicker	jxl1t	o_7095.png.scale896x896.jxl	30554830
cleanpicker	jxl1t	o_7095.png.scale96x96.jxl	4332726
cleanpicker	jxl1t	o_7098.png.scale1024x1024.jxl	47626545
cleanpicker	jxl1t	o_7098.png.scale128x128.jxl	4788250
cleanpicker	jxl1t	o_7098.png.scale192x192.jxl	7700897
cleanpicker	jxl1t	o_7098.png.scale256x256.jxl	10623386
cleanpicker	jxl1t	o_7098.png.scale384x384.jxl	20384257
cleanpicker	jxl1t	o_7098.png.scale512x512.jxl	29542293
cleanpicker	jxl1t	o_7098.png.scale640x640.jxl	46628469
cleanpicker	jxl1t	o_7098.png.scale64x64.jxl	3958414
cleanpicker	jxl1t	o_7098.png.scale768x768.jxl	57006503
cleanpicker	jxl1t	o_7098.png.scale896x896.jxl	80367638
cleanpicker	jxl1t	o_7098.png.scale96x96.jxl	4393457
cleanpicker	jxl1t	o_7100.png.scale1024x1024.jxl	38311507
cleanpicker	jxl1t	o_7100.png.scale128x128.jxl	4705670
cleanpicker	jxl1t	o_7100.png.scale192x192.jxl	7711858
cleanpicker	jxl1t	o_7100.png.scale256x256.jxl	8743194
cleanpicker	jxl1t	o_7100.png.scale384x384.jxl	16833374
cleanpicker	jxl1t	o_7100.png.scale512x512.jxl	20430166
cleanpicker	jxl1t	o_7100.png.scale640x640.jxl	32497761
cleanpicker	jxl1t	o_7100.png.scale64x64.jxl	3238870
cleanpicker	jxl1t	o_7100.png.scale768x768.jxl	41552098
cleanpicker	jxl1t	o_7100.png.scale896x896.jxl	49729818
cleanpicker	jxl1t	o_7100.png.scale96x96.jxl	4706979
cleanpicker	jxl1t	o_7101.png.scale1024x1024.jxl	53577292
cleanpicker	jxl1t	o_7101.png.scale128x128.jxl	5441063
cleanpicker	jxl1t	o_7101.png.scale192x192.jxl	7729498
cleanpicker	jxl1t	o_7101.png.scale256x256.jxl	11395011
cleanpicker	jxl1t	o_7101.png.scale384x384.jxl	20046284
cleanpicker	jxl1t	o_7101.png.scale512x512.jxl	29242691
cleanpicker	jxl1t	o_7101.png.scale640x640.jxl	46691029
cleanpicker	jxl1t	o_7101.png.scale64x64.jxl	3760483
cleanpicker	jxl1t	o_7101.png.scale768x768.jxl	61229319
cleanpicker	jxl1t	o_7101.png.scale896x896.jxl	70493817
cleanpicker	jxl1t	o_7101.png.scale96x96.jxl	4746709
cleanpicker	jxl1t	o_7102.png.scale1024x1024.jxl	52053332
cleanpicker	jxl1t	o_7102.png.scale128x128.jxl	6381890
cleanpicker	jxl1t	o_7102.png.scale192x192.jxl	8109530
cleanpicker	jxl1t	o_7102.png.scale256x256.jxl	11496741
cleanpicker	jxl1t	o_7102.png.scale384x384.jxl	18939517
cleanpicker	jxl1t	o_7102.png.scale512x512.jxl	31584305
cleanpicker	jxl1t	o_7102.png.scale640x640.jxl	44944978
cleanpicker	jxl1t	o_7102.png.scale64x64.jxl	3878394
cleanpicker	jxl1t	o_7102.png.scale768x768.jxl	54472998
cleanpicker	jxl1t	o_7102.png.scale896x896.jxl	75689259
cleanpicker	jxl1t	o_7102.png.scale96x96.jxl	4563629
cleanpicker	jxl1t	o_7104.png.scale1024x1024.jxl	68868737
cleanpicker	jxl1t	o_7104.png.scale128x128.jxl	5911147
cleanpicker	jxl1t	o_7104.png.scale192x192.jxl	8353792
cleanpicker	jxl1t	o_7104.png.scale256x256.jxl	12202696
cleanpicker	jxl1t	o_7104.png.scale384x384.jxl	19487031
cleanpicker	jxl1t	o_7104.png.scale512x512.jxl	32321020
cleanpicker	jxl1t	o_7104.png.scale640x640.jxl	48570321
cleanpicker	jxl1t	o_7104.png.scale64x64.jxl	3698773
cleanpicker	jxl1t	o_7104.png.scale768x768.jxl	63874545
cleanpicker	jxl1t	o_7104.png.scale896x896.jxl	84321403
cleanpicker	jxl1t	o_7104.png.scale96x96.jxl	5171442
cleanpicker	jxl1t	o_7111.png.scale1024x1024.jxl	51810971
cleanpicker	jxl1t	o_7111.png.scale128x128.jxl	4677508
cleanpicker	jxl1t	o_7111.png.scale192x192.jxl	6443180
cleanpicker	jxl1t	o_7111.png.scale256x256.jxl	8546033
cleanpicker	jxl1t	o_7111.png.scale384x384.jxl	15826448
cleanpicker	jxl1t	o_7111.png.scale512x512.jxl	24552312
cleanpicker	jxl1t	o_7111.png.scale640x640.jxl	25233766
cleanpicker	jxl1t	o_7111.png.scale64x64.jxl	3510182
cleanpicker	jxl1t	o_7111.png.scale768x768.jxl	29120600
cleanpicker	jxl1t	o_7111.png.scale896x896.jxl	49026934
cleanpicker	jxl1t	o_7111.png.scale96x96.jxl	4356717
cleanpicker	jxl1t	o_7115.png.scale1024x1024.jxl	42772235
cleanpicker	jxl1t	o_7115.png.scale128x128.jxl	4701369
cleanpicker	jxl1t	o_7115.png.scale192x192.jxl	5918477
cleanpicker	jxl1t	o_7115.png.scale256x256.jxl	8637753
cleanpicker	jxl1t	o_7115.png.scale384x384.jxl	15069283
cleanpicker	jxl1t	o_7115.png.scale512x512.jxl	21949626
cleanpicker	jxl1t	o_7115.png.scale640x640.jxl	26237162
cleanpicker	jxl1t	o_7115.png.scale64x64.jxl	3321040
cleanpicker	jxl1t	o_7115.png.scale768x768.jxl	31326824
cleanpicker	jxl1t	o_7115.png.scale896x896.jxl	48045847
cleanpicker	jxl1t	o_7115.png.scale96x96.jxl	4767610
cleanpicker	jxl1t	o_7116.png.scale1024x1024.jxl	48673141
cleanpicker	jxl1t	o_7116.png.scale128x128.jxl	4317777
cleanpicker	jxl1t	o_7116.png.scale192x192.jxl	6281349
cleanpicker	jxl1t	o_7116.png.scale256x256.jxl	8964866
cleanpicker	jxl1t	o_7116.png.scale384x384.jxl	15144084
cleanpicker	jxl1t	o_7116.png.scale512x512.jxl	21177731
cleanpicker	jxl1t	o_7116.png.scale640x640.jxl	28488837
cleanpicker	jxl1t	o_7116.png.scale64x64.jxl	3523662
cleanpicker	jxl1t	o_7116.png.scale768x768.jxl	33236126
cleanpicker	jxl1t	o_7116.png.scale896x896.jxl	53458851
cleanpicker	jxl1t	o_7116.png.scale96x96.jxl	3777284
cleanpicker	jxl1t	o_7125.png.scale1024x1024.jxl	48331149
cleanpicker	jxl1t	o_7125.png.scale128x128.jxl	4669049
cleanpicker	jxl1t	o_7125.png.scale192x192.jxl	6200328
cleanpicker	jxl1t	o_7125.png.scale256x256.jxl	8544593
cleanpicker	jxl1t	o_7125.png.scale384x384.jxl	15751858
cleanpicker	jxl1t	o_7125.png.scale512x512.jxl	22791601
cleanpicker	jxl1t	o_7125.png.scale640x640.jxl	29389333
cleanpicker	jxl1t	o_7125.png.scale64x64.jxl	3469211
cleanpicker	jxl1t	o_7125.png.scale768x768.jxl	34611864
cleanpicker	jxl1t	o_7125.png.scale896x896.jxl	52561666
cleanpicker	jxl1t	o_7125.png.scale96x96.jxl	3926765
cleanpicker	jxl1t	o_8009.png.scale110x256.jxl	6666701
cleanpicker	jxl1t	o_8009.png.scale165x384.jxl	11712753
cleanpicker	jxl1t	o_8009.png.scale219x512.jxl	16350331
cleanpicker	jxl1t	o_8009.png.scale274x640.jxl	24051389
cleanpicker	jxl1t	o_8009.png.scale27x64.jxl	3211240
cleanpicker	jxl1t	o_8009.png.scale329x768.jxl	33615559
cleanpicker	jxl1t	o_8009.png.scale384x896.jxl	43843361
cleanpicker	jxl1t	o_8009.png.scale41x96.jxl	3648313
cleanpicker	jxl1t	o_8009.png.scale439x1024.jxl	57552527
cleanpicker	jxl1t	o_8009.png.scale55x128.jxl	3783053
cleanpicker	jxl1t	o_8009.png.scale82x192.jxl	5603805
cleanpicker	jxl1t	o_8012.png.scale110x256.jxl	5654354
cleanpicker	jxl1t	o_8012.png.scale165x384.jxl	8494113
cleanpicker	jxl1t	o_8012.png.scale219x512.jxl	12294826
cleanpicker	jxl1t	o_8012.png.scale274x640.jxl	13684585
cleanpicker	jxl1t	o_8012.png.scale27x64.jxl	3395581
cleanpicker	jxl1t	o_8012.png.scale329x768.jxl	15481316
cleanpicker	jxl1t	o_8012.png.scale384x896.jxl	20286826
cleanpicker	jxl1t	o_8012.png.scale41x96.jxl	3209400
cleanpicker	jxl1t	o_8012.png.scale439x1024.jxl	26816776
cleanpicker	jxl1t	o_8012.png.scale55x128.jxl	4497108
cleanpicker	jxl1t	o_8012.png.scale82x192.jxl	4856700
cleanpicker	jxl1t	o_8014.png.scale110x256.jxl	6191658
cleanpicker	jxl1t	o_8014.png.scale165x384.jxl	10830407
cleanpicker	jxl1t	o_8014.png.scale219x512.jxl	15926089
cleanpicker	jxl1t	o_8014.png.scale274x640.jxl	21760125
cleanpicker	jxl1t	o_8014.png.scale27x64.jxl	3150970
cleanpicker	jxl1t	o_8014.png.scale329x768.jxl	30052606
cleanpicker	jxl1t	o_8014.png.scale384x896.jxl	39792836
cleanpicker	jxl1t	o_8014.png.scale41x96.jxl	3296940
cleanpicker	jxl1t	o_8014.png.scale439x1024.jxl	51264688
cleanpicker	jxl1t	o_8014.png.scale55x128.jxl	3887564
cleanpicker	jxl1t	o_8014.png.scale82x192.jxl	5045151
cleanpicker	jxl1t	o_8106.png.scale1024x640.jxl	47401053
cleanpicker	jxl1t	o_8106.png.scale128x80.jxl	4060385
cleanpicker	jxl1t	o_8106.png.scale192x120.jxl	5080981
cleanpicker	jxl1t	o_8106.png.scale256x160.jxl	6775282
cleanpicker	jxl1t	o_8106.png.scale384x240.jxl	11264950
cleanpicker	jxl1t	o_8106.png.scale512x320.jxl	17551679
cleanpicker	jxl1t	o_8106.png.scale640x400.jxl	24822044
cleanpicker	jxl1t	o_8106.png.scale64x40.jxl	3014119
cleanpicker	jxl1t	o_8106.png.scale768x480.jxl	33056605
cleanpicker	jxl1t	o_8106.png.scale896x560.jxl	39896737
cleanpicker	jxl1t	o_8106.png.scale96x60.jxl	3660763
cleanpicker	jxl1t	o_8107.png.scale1024x640.jxl	46363248
cleanpicker	jxl1t	o_8107.png.scale128x80.jxl	3992435
cleanpicker	jxl1t	o_8107.png.scale192x120.jxl	4926981
cleanpicker	jxl1t	o_8107.png.scale256x160.jxl	6896623
cleanpicker	jxl1t	o_8107.png.scale384x240.jxl	11340630
cleanpicker	jxl1t	o_8107.png.scale512x320.jxl	15823338
cleanpicker	jxl1t	o_8107.png.scale640x400.jxl	26466324
cleanpicker	jxl1t	o_8107.png.scale64x40.jxl	3821603
cleanpicker	jxl1t	o_8107.png.scale768x480.jxl	29596604
cleanpicker	jxl1t	o_8107.png.scale896x560.jxl	37495613
cleanpicker	jxl1t	o_8107.png.scale96x60.jxl	3501892
cleanpicker	jxl1t	o_8110.png.scale1024x640.jxl	65647547
cleanpicker	jxl1t	o_8110.png.scale128x80.jxl	4156995
cleanpicker	jxl1t	o_8110.png.scale192x120.jxl	5623355
cleanpicker	jxl1t	o_8110.png.scale256x160.jxl	7736548
cleanpicker	jxl1t	o_8110.png.scale384x240.jxl	13085551
cleanpicker	jxl1t	o_8110.png.scale512x320.jxl	20548757
cleanpicker	jxl1t	o_8110.png.scale640x400.jxl	27895533
cleanpicker	jxl1t	o_8110.png.scale64x40.jxl	3402101
cleanpicker	jxl1t	o_8110.png.scale768x480.jxl	40608271
cleanpicker	jxl1t	o_8110.png.scale896x560.jxl	51411388
cleanpicker	jxl1t	o_8110.png.scale96x60.jxl	4000465
cleanpicker	jxl1t	o_8113.png.scale1024x640.jxl	65154084
cleanpicker	jxl1t	o_8113.png.scale128x80.jxl	4447937
cleanpicker	jxl1t	o_8113.png.scale192x120.jxl	6307489
cleanpicker	jxl1t	o_8113.png.scale256x160.jxl	7585077
cleanpicker	jxl1t	o_8113.png.scale384x240.jxl	13314423
cleanpicker	jxl1t	o_8113.png.scale512x320.jxl	21907126
cleanpicker	jxl1t	o_8113.png.scale640x400.jxl	28547237
cleanpicker	jxl1t	o_8113.png.scale64x40.jxl	3505792
cleanpicker	jxl1t	o_8113.png.scale768x480.jxl	45002168
cleanpicker	jxl1t	o_8113.png.scale896x560.jxl	53284400
cleanpicker	jxl1t	o_8113.png.scale96x60.jxl	3339961
cleanpicker	jxl1t	o_8114.png.scale1024x640.jxl	68094322
cleanpicker	jxl1t	o_8114.png.scale128x80.jxl	3959085
cleanpicker	jxl1t	o_8114.png.scale192x120.jxl	5956337
cleanpicker	jxl1t	o_8114.png.scale256x160.jxl	7876459
cleanpicker	jxl1t	o_8114.png.scale384x240.jxl	14007587
cleanpicker	jxl1t	o_8114.png.scale512x320.jxl	23494656
cleanpicker	jxl1t	o_8114.png.scale640x400.jxl	30735361
cleanpicker	jxl1t	o_8114.png.scale64x40.jxl	3928865
cleanpicker	jxl1t	o_8114.png.scale768x480.jxl	48869732
cleanpicker	jxl1t	o_8114.png.scale896x560.jxl	60452215
cleanpicker	jxl1t	o_8114.png.scale96x60.jxl	3882184
cleanpicker	jxl1t	o_8121.png.scale1024x640.jxl	75537318
cleanpicker	jxl1t	o_8121.png.scale128x80.jxl	4573878
cleanpicker	jxl1t	o_8121.png.scale192x120.jxl	5962087
cleanpicker	jxl1t	o_8121.png.scale256x160.jxl	7487536
cleanpicker	jxl1t	o_8121.png.scale384x240.jxl	14229159
cleanpicker	jxl1t	o_8121.png.scale512x320.jxl	20912549
cleanpicker	jxl1t	o_8121.png.scale640x400.jxl	32492651
cleanpicker	jxl1t	o_8121.png.scale64x40.jxl	3447741
cleanpicker	jxl1t	o_8121.png.scale768x480.jxl	47646735
cleanpicker	jxl1t	o_8121.png.scale896x560.jxl	58798365
cleanpicker	jxl1t	o_8121.png.scale96x60.jxl	4352707
cleanpicker	jxl1t	o_8124.png.scale1024x640.jxl	69697502
cleanpicker	jxl1t	o_8124.png.scale128x80.jxl	4558519
cleanpicker	jxl1t	o_8124.png.scale192x120.jxl	5703065
cleanpicker	jxl1t	o_8124.png.scale256x160.jxl	7920629
cleanpicker	jxl1t	o_8124.png.scale384x240.jxl	14593240
cleanpicker	jxl1t	o_8124.png.scale512x320.jxl	22205767
cleanpicker	jxl1t	o_8124.png.scale640x400.jxl	32971084
cleanpicker	jxl1t	o_8124.png.scale64x40.jxl	3670942
cleanpicker	jxl1t	o_8124.png.scale768x480.jxl	46510129
cleanpicker	jxl1t	o_8124.png.scale896x560.jxl	56186128
cleanpicker	jxl1t	o_8124.png.scale96x60.jxl	4001695
cleanpicker	jxl1t	o_8126.png.scale1024x640.jxl	52794948
cleanpicker	jxl1t	o_8126.png.scale128x80.jxl	3796204
cleanpicker	jxl1t	o_8126.png.scale192x120.jxl	5421923
cleanpicker	jxl1t	o_8126.png.scale256x160.jxl	6991334
cleanpicker	jxl1t	o_8126.png.scale384x240.jxl	13800245
cleanpicker	jxl1t	o_8126.png.scale512x320.jxl	17635789
cleanpicker	jxl1t	o_8126.png.scale640x400.jxl	25359718
cleanpicker	jxl1t	o_8126.png.scale64x40.jxl	3302631
cleanpicker	jxl1t	o_8126.png.scale768x480.jxl	36918389
cleanpicker	jxl1t	o_8126.png.scale896x560.jxl	48006288
cleanpicker	jxl1t	o_8126.png.scale96x60.jxl	3658222
cleanpicker	jxl1t	o_8131.png.scale1024x640.jxl	71575794
cleanpicker	jxl1t	o_8131.png.scale128x80.jxl	4082265
cleanpicker	jxl1t	o_8131.png.scale192x120.jxl	5462783
cleanpicker	jxl1t	o_8131.png.scale256x160.jxl	8439233
cleanpicker	jxl1t	o_8131.png.scale384x240.jxl	14292328
cleanpicker	jxl1t	o_8131.png.scale512x320.jxl	21663155
cleanpicker	jxl1t	o_8131.png.scale640x400.jxl	32679443
cleanpicker	jxl1t	o_8131.png.scale64x40.jxl	4129826
cleanpicker	jxl1t	o_8131.png.scale768x480.jxl	46710410
cleanpicker	jxl1t	o_8131.png.scale896x560.jxl	59017296
cleanpicker	jxl1t	o_8131.png.scale96x60.jxl	3497022
cleanpicker	jxl1t	o_8134.png.scale1024x640.jxl	68707136
cleanpicker	jxl1t	o_8134.png.scale128x80.jxl	4457708
cleanpicker	jxl1t	o_8134.png.scale192x120.jxl	5928567
cleanpicker	jxl1t	o_8134.png.scale256x160.jxl	7939539
cleanpicker	jxl1t	o_8134.png.scale384x240.jxl	14523569
cleanpicker	jxl1t	o_8134.png.scale512x320.jxl	20721838
cleanpicker	jxl1t	o_8134.png.scale640x400.jxl	32296200
cleanpicker	jxl1t	o_8134.png.scale64x40.jxl	3349421
cleanpicker	jxl1t	o_8134.png.scale768x480.jxl	44195534
cleanpicker	jxl1t	o_8134.png.scale896x560.jxl	55684765
cleanpicker	jxl1t	o_8134.png.scale96x60.jxl	4114356
cleanpicker	jxl1t	o_8135.png.scale1024x640.jxl	75195076
cleanpicker	jxl1t	o_8135.png.scale128x80.jxl	4883670
cleanpicker	jxl1t	o_8135.png.scale192x120.jxl	5644025
cleanpicker	jxl1t	o_8135.png.scale256x160.jxl	8115100
cleanpicker	jxl1t	o_8135.png.scale384x240.jxl	15095823
cleanpicker	jxl1t	o_8135.png.scale512x320.jxl	22863252
cleanpicker	jxl1t	o_8135.png.scale640x400.jxl	34457174
cleanpicker	jxl1t	o_8135.png.scale64x40.jxl	3438412
cleanpicker	jxl1t	o_8135.png.scale768x480.jxl	46705089
cleanpicker	jxl1t	o_8135.png.scale896x560.jxl	59905302
cleanpicker	jxl1t	o_8135.png.scale96x60.jxl	4303096
cleanpicker	jxl1t	o_8139.png.scale1024x640.jxl	74076429
cleanpicker	jxl1t	o_8139.png.scale128x80.jxl	3888004
cleanpicker	jxl1t	o_8139.png.scale192x120.jxl	5794656
cleanpicker	jxl1t	o_8139.png.scale256x160.jxl	8490363
cleanpicker	jxl1t	o_8139.png.scale384x240.jxl	15548456
cleanpicker	jxl1t	o_8139.png.scale512x320.jxl	22200867
cleanpicker	jxl1t	o_8139.png.scale640x400.jxl	34368163
cleanpicker	jxl1t	o_8139.png.scale64x40.jxl	3585872
cleanpicker	jxl1t	o_8139.png.scale768x480.jxl	51085687
cleanpicker	jxl1t	o_8139.png.scale896x560.jxl	59515979
cleanpicker	jxl1t	o_8139.png.scale96x60.jxl	3618073
cleanpicker	jxl1t	o_8140.png.scale1024x640.jxl	65936189
cleanpicker	jxl1t	o_8140.png.scale128x80.jxl	4397108
cleanpicker	jxl1t	o_8140.png.scale192x120.jxl	6420230
cleanpicker	jxl1t	o_8140.png.scale256x160.jxl	7474456
cleanpicker	jxl1t	o_8140.png.scale384x240.jxl	14184518
cleanpicker	jxl1t	o_8140.png.scale512x320.jxl	20851470
cleanpicker	jxl1t	o_8140.png.scale640x400.jxl	30010876
cleanpicker	jxl1t	o_8140.png.scale64x40.jxl	3554262
cleanpicker	jxl1t	o_8140.png.scale768x480.jxl	45027909
cleanpicker	jxl1t	o_8140.png.scale896x560.jxl	54111025
cleanpicker	jxl1t	o_8140.png.scale96x60.jxl	3905834
cleanpicker	jxl1t	o_8148.png.scale1024x640.jxl	69331350
cleanpicker	jxl1t	o_8148.png.scale128x80.jxl	4314017
cleanpicker	jxl1t	o_8148.png.scale192x120.jxl	5852186
cleanpicker	jxl1t	o_8148.png.scale256x160.jxl	7702578
cleanpicker	jxl1t	o_8148.png.scale384x240.jxl	14233898
cleanpicker	jxl1t	o_8148.png.scale512x320.jxl	21213351
cleanpicker	jxl1t	o_8148.png.scale640x400.jxl	32395381
cleanpicker	jxl1t	o_8148.png.scale64x40.jxl	2992358
cleanpicker	jxl1t	o_8148.png.scale768x480.jxl	45064389
cleanpicker	jxl1t	o_8148.png.scale896x560.jxl	57337765
cleanpicker	jxl1t	o_8148.png.scale96x60.jxl	3914804
cleanpicker	jxl1t	o_8153.png.scale1024x640.jxl	61627312
cleanpicker	jxl1t	o_8153.png.scale128x80.jxl	3913934
cleanpicker	jxl1t	o_8153.png.scale192x120.jxl	5570744
cleanpicker	jxl1t	o_8153.png.scale256x160.jxl	7840569
cleanpicker	jxl1t	o_8153.png.scale384x240.jxl	13878166
cleanpicker	jxl1t	o_8153.png.scale512x320.jxl	20060294
cleanpicker	jxl1t	o_8153.png.scale640x400.jxl	26544494
cleanpicker	jxl1t	o_8153.png.scale64x40.jxl	3489052
cleanpicker	jxl1t	o_8153.png.scale768x480.jxl	38540379
cleanpicker	jxl1t	o_8153.png.scale896x560.jxl	48188969
cleanpicker	jxl1t	o_8153.png.scale96x60.jxl	3840733
cleanpicker	jxl1t	o_8160.png.scale1024x576.jxl	59079316
cleanpicker	jxl1t	o_8160.png.scale128x72.jxl	4094645
cleanpicker	jxl1t	o_8160.png.scale192x108.jxl	5149612
cleanpicker	jxl1t	o_8160.png.scale256x144.jxl	6714342
cleanpicker	jxl1t	o_8160.png.scale384x216.jxl	12208545
cleanpicker	jxl1t	o_8160.png.scale512x288.jxl	17406788
cleanpicker	jxl1t	o_8160.png.scale640x360.jxl	26461114
cleanpicker	jxl1t	o_8160.png.scale64x36.jxl	2997959
cleanpicker	jxl1t	o_8160.png.scale768x432.jxl	34141362
cleanpicker	jxl1t	o_8160.png.scale896x504.jxl	42636104
cleanpicker	jxl1t	o_8160.png.scale96x54.jxl	3282841
cleanpicker	jxl1t	o_8170.png.scale1024x576.jxl	57848139
cleanpicker	jxl1t	o_8170.png.scale128x72.jxl	4221136
cleanpicker	jxl1t	o_8170.png.scale192x108.jxl	4942301
cleanpicker	jxl1t	o_8170.png.scale256x144.jxl	6387240
cleanpicker	jxl1t	o_8170.png.scale384x216.jxl	6662662
cleanpicker	jxl1t	o_8170.png.scale512x288.jxl	13938446
cleanpicker	jxl1t	o_8170.png.scale640x360.jxl	21799845
cleanpicker	jxl1t	o_8170.png.scale64x36.jxl	2830348
cleanpicker	jxl1t	o_8170.png.scale768x432.jxl	37087560
cleanpicker	jxl1t	o_8170.png.scale896x504.jxl	49545597
cleanpicker	jxl1t	o_8170.png.scale96x54.jxl	3893354
cleanpicker	jxl1t	o_8171.png.scale1024x576.jxl	58007050
cleanpicker	jxl1t	o_8171.png.scale128x72.jxl	4074445
cleanpicker	jxl1t	o_8171.png.scale192x108.jxl	5459704
cleanpicker	jxl1t	o_8171.png.scale256x144.jxl	6997324
cleanpicker	jxl1t	o_8171.png.scale384x216.jxl	12972750
cleanpicker	jxl1t	o_8171.png.scale512x288.jxl	18522915
cleanpicker	jxl1t	o_8171.png.scale640x360.jxl	25962701
cleanpicker	jxl1t	o_8171.png.scale64x36.jxl	3008909
cleanpicker	jxl1t	o_8171.png.scale768x432.jxl	33185476
cleanpicker	jxl1t	o_8171.png.scale896x504.jxl	42171811
cleanpicker	jxl1t	o_8171.png.scale96x54.jxl	3562482
cleanpicker	jxl1t	o_8176.png.scale1024x576.jxl	41895159
cleanpicker	jxl1t	o_8176.png.scale128x72.jxl	4019785
cleanpicker	jxl1t	o_8176.png.scale192x108.jxl	5402434
cleanpicker	jxl1t	o_8176.png.scale256x144.jxl	7016294
cleanpicker	jxl1t	o_8176.png.scale384x216.jxl	10684866
cleanpicker	jxl1t	o_8176.png.scale512x288.jxl	16501422
cleanpicker	jxl1t	o_8176.png.scale640x360.jxl	23814617
cleanpicker	jxl1t	o_8176.png.scale64x36.jxl	3167549
cleanpicker	jxl1t	o_8176.png.scale768x432.jxl	29382182
cleanpicker	jxl1t	o_8176.png.scale896x504.jxl	39840317
cleanpicker	jxl1t	o_8176.png.scale96x54.jxl	3289151
cleanpicker	jxl1t	o_8177.png.scale1024x576.jxl	40282929
cleanpicker	jxl1t	o_8177.png.scale128x72.jxl	4133986
cleanpicker	jxl1t	o_8177.png.scale192x108.jxl	5091942
cleanpicker	jxl1t	o_8177.png.scale256x144.jxl	6533071
cleanpicker	jxl1t	o_8177.png.scale384x216.jxl	10535825
cleanpicker	jxl1t	o_8177.png.scale512x288.jxl	15706287
cleanpicker	jxl1t	o_8177.png.scale640x360.jxl	25129716
cleanpicker	jxl1t	o_8177.png.scale64x36.jxl	3441931
cleanpicker	jxl1t	o_8177.png.scale768x432.jxl	21212722
cleanpicker	jxl1t	o_8177.png.scale896x504.jxl	36012163
cleanpicker	jxl1t	o_8177.png.scale96x54.jxl	3855254
cleanpicker	jxl1t	o_8183.png.scale1024x576.jxl	68154273
cleanpicker	jxl1t	o_8183.png.scale128x72.jxl	4424598
cleanpicker	jxl1t	o_8183.png.scale192x108.jxl	5671146
cleanpicker	jxl1t	o_8183.png.scale256x144.jxl	8110950
cleanpicker	jxl1t	o_8183.png.scale384x216.jxl	15242405
cleanpicker	jxl1t	o_8183.png.scale512x288.jxl	22346798
cleanpicker	jxl1t	o_8183.png.scale640x360.jxl	33574968
cleanpicker	jxl1t	o_8183.png.scale64x36.jxl	3251690
cleanpicker	jxl1t	o_8183.png.scale768x432.jxl	47325674
cleanpicker	jxl1t	o_8183.png.scale896x504.jxl	66480392
cleanpicker	jxl1t	o_8183.png.scale96x54.jxl	3918424
cleanpicker	jxl1t	o_8184.png.scale1024x576.jxl	47837776
cleanpicker	jxl1t	o_8184.png.scale128x72.jxl	4395528
cleanpicker	jxl1t	o_8184.png.scale192x108.jxl	4842990
cleanpicker	jxl1t	o_8184.png.scale256x144.jxl	6158728
cleanpicker	jxl1t	o_8184.png.scale384x216.jxl	11521421
cleanpicker	jxl1t	o_8184.png.scale512x288.jxl	17145986
cleanpicker	jxl1t	o_8184.png.scale640x360.jxl	26479964
cleanpicker	jxl1t	o_8184.png.scale64x36.jxl	3362911
cleanpicker	jxl1t	o_8184.png.scale768x432.jxl	31519465
cleanpicker	jxl1t	o_8184.png.scale896x504.jxl	37193061
cleanpicker	jxl1t	o_8184.png.scale96x54.jxl	3347780
cleanpicker	jxl1t	o_8203.png.scale1024x576.jxl	62262336
cleanpicker	jxl1t	o_8203.png.scale128x72.jxl	3933724
cleanpicker	jxl1t	o_8203.png.scale192x108.jxl	5096781
cleanpicker	jxl1t	o_8203.png.scale256x144.jxl	7417516
cleanpicker	jxl1t	o_8203.png.scale384x216.jxl	12834580
cleanpicker	jxl1t	o_8203.png.scale512x288.jxl	19174779
cleanpicker	jxl1t	o_8203.png.scale640x360.jxl	27680411
cleanpicker	jxl1t	o_8203.png.scale64x36.jxl	3038929
cleanpicker	jxl1t	o_8203.png.scale768x432.jxl	37859554
cleanpicker	jxl1t	o_8203.png.scale896x504.jxl	51121976
cleanpicker	jxl1t	o_8203.png.scale96x54.jxl	4002505
cleanpicker	jxl1t	o_8206.png.scale1024x576.jxl	45688403
cleanpicker	jxl1t	o_8206.png.scale128x72.jxl	3939424
cleanpicker	jxl1t	o_8206.png.scale192x108.jxl	5185002
cleanpicker	jxl1t	o_8206.png.scale256x144.jxl	6351019
cleanpicker	jxl1t	o_8206.png.scale384x216.jxl	10017652
cleanpicker	jxl1t	o_8206.png.scale512x288.jxl	16660933
cleanpicker	jxl1t	o_8206.png.scale640x360.jxl	20393526
cleanpicker	jxl1t	o_8206.png.scale64x36.jxl	2944638
cleanpicker	jxl1t	o_8206.png.scale768x432.jxl	31191913
cleanpicker	jxl1t	o_8206.png.scale896x504.jxl	36181894
cleanpicker	jxl1t	o_8206.png.scale96x54.jxl	3727743
cleanpicker	jxl1t	o_8210.png.scale1024x576.jxl	51235517
cleanpicker	jxl1t	o_8210.png.scale128x72.jxl	3883225
cleanpicker	jxl1t	o_8210.png.scale192x108.jxl	4985381
cleanpicker	jxl1t	o_8210.png.scale256x144.jxl	7068714
cleanpicker	jxl1t	o_8210.png.scale384x216.jxl	12037745
cleanpicker	jxl1t	o_8210.png.scale512x288.jxl	17567839
cleanpicker	jxl1t	o_8210.png.scale640x360.jxl	25341397
cleanpicker	jxl1t	o_8210.png.scale64x36.jxl	3871134
cleanpicker	jxl1t	o_8210.png.scale768x432.jxl	36113194
cleanpicker	jxl1t	o_8210.png.scale896x504.jxl	47687045
cleanpicker	jxl1t	o_8210.png.scale96x54.jxl	3379371
cleanpicker	jxl1t	o_8216.png.scale1024x576.jxl	44710377
cleanpicker	jxl1t	o_8216.png.scale128x72.jxl	3872494
cleanpicker	jxl1t	o_8216.png.scale192x108.jxl	5124432
cleanpicker	jxl1t	o_8216.png.scale256x144.jxl	8189521
cleanpicker	jxl1t	o_8216.png.scale384x216.jxl	11842913
cleanpicker	jxl1t	o_8216.png.scale512x288.jxl	19174569
cleanpicker	jxl1t	o_8216.png.scale640x360.jxl	24784613
cleanpicker	jxl1t	o_8216.png.scale64x36.jxl	3046639
cleanpicker	jxl1t	o_8216.png.scale768x432.jxl	36773288
cleanpicker	jxl1t	o_8216.png.scale896x504.jxl	39408364
cleanpicker	jxl1t	o_8216.png.scale96x54.jxl	4233126
cleanpicker	jxl1t	o_8224.png.scale1024x640.jxl	69160908
cleanpicker	jxl1t	o_8224.png.scale128x80.jxl	4363537
cleanpicker	jxl1t	o_8224.png.scale192x120.jxl	5616554
cleanpicker	jxl1t	o_8224.png.scale256x160.jxl	7676418
cleanpicker	jxl1t	o_8224.png.scale384x240.jxl	12747499
cleanpicker	jxl1t	o_8224.png.scale512x320.jxl	19793172
cleanpicker	jxl1t	o_8224.png.scale640x400.jxl	30078696
cleanpicker	jxl1t	o_8224.png.scale64x40.jxl	3460841
cleanpicker	jxl1t	o_8224.png.scale768x480.jxl	38343228
cleanpicker	jxl1t	o_8224.png.scale896x560.jxl	52354324
cleanpicker	jxl1t	o_8224.png.scale96x60.jxl	4419778
cleanpicker	jxl1t	o_8229.png.scale1024x640.jxl	63878056
cleanpicker	jxl1t	o_8229.png.scale128x80.jxl	3831404
cleanpicker	jxl1t	o_8229.png.scale192x120.jxl	5651686
cleanpicker	jxl1t	o_8229.png.scale256x160.jxl	8155321
cleanpicker	jxl1t	o_8229.png.scale384x240.jxl	13310252
cleanpicker	jxl1t	o_8229.png.scale512x320.jxl	17108256
cleanpicker	jxl1t	o_8229.png.scale640x400.jxl	31236584
cleanpicker	jxl1t	o_8229.png.scale64x40.jxl	3564452
cleanpicker	jxl1t	o_8229.png.scale768x480.jxl	37645693
cleanpicker	jxl1t	o_8229.png.scale896x560.jxl	47579095
cleanpicker	jxl1t	o_8229.png.scale96x60.jxl	4137666
cleanpicker	jxl1t	o_8230.png.scale1024x640.jxl	69130268
cleanpicker	jxl1t	o_8230.png.scale128x80.jxl	4722079
cleanpicker	jxl1t	o_8230.png.scale192x120.jxl	5553844
cleanpicker	jxl1t	o_8230.png.scale256x160.jxl	7450716
cleanpicker	jxl1t	o_8230.png.scale384x240.jxl	12979850
cleanpicker	jxl1t	o_8230.png.scale512x320.jxl	20828870
cleanpicker	jxl1t	o_8230.png.scale640x400.jxl	29702274
cleanpicker	jxl1t	o_8230.png.scale64x40.jxl	3129989
cleanpicker	jxl1t	o_8230.png.scale768x480.jxl	45176260
cleanpicker	jxl1t	o_8230.png.scale896x560.jxl	54649209
cleanpicker	jxl1t	o_8230.png.scale96x60.jxl	3936465
cleanpicker	jxl1t	o_8231.png.scale1024x640.jxl	67067026
cleanpicker	jxl1t	o_8231.png.scale128x80.jxl	5213562
cleanpicker	jxl1t	o_8231.png.scale192x120.jxl	6077438
cleanpicker	jxl1t	o_8231.png.scale256x160.jxl	7936859
cleanpicker	jxl1t	o_8231.png.scale384x240.jxl	15501596
cleanpicker	jxl1t	o_8231.png.scale512x320.jxl	23057523
cleanpicker	jxl1t	o_8231.png.scale640x400.jxl	31414505
cleanpicker	jxl1t	o_8231.png.scale64x40.jxl	3655642
cleanpicker	jxl1t	o_8231.png.scale768x480.jxl	48032618
cleanpicker	jxl1t	o_8231.png.scale896x560.jxl	58923055
cleanpicker	jxl1t	o_8231.png.scale96x60.jxl	4285547
cleanpicker	jxl1t	o_8232.png.scale1024x640.jxl	59491389
cleanpicker	jxl1t	o_8232.png.scale128x80.jxl	3639663
cleanpicker	jxl1t	o_8232.png.scale192x120.jxl	5029541
cleanpicker	jxl1t	o_8232.png.scale256x160.jxl	7111534
cleanpicker	jxl1t	o_8232.png.scale384x240.jxl	12827480
cleanpicker	jxl1t	o_8232.png.scale512x320.jxl	18917307
cleanpicker	jxl1t	o_8232.png.scale640x400.jxl	26871517
cleanpicker	jxl1t	o_8232.png.scale64x40.jxl	2988108
cleanpicker	jxl1t	o_8232.png.scale768x480.jxl	37499743
cleanpicker	jxl1t	o_8232.png.scale896x560.jxl	45666194
cleanpicker	jxl1t	o_8232.png.scale96x60.jxl	3908255
cleanpicker	jxl1t	o_8234.png.scale1024x640.jxl	56966373
cleanpicker	jxl1t	o_8234.png.scale128x80.jxl	4594048
cleanpicker	jxl1t	o_8234.png.scale192x120.jxl	5192842
cleanpicker	jxl1t	o_8234.png.scale256x160.jxl	7170815
cleanpicker	jxl1t	o_8234.png.scale384x240.jxl	12131006
cleanpicker	jxl1t	o_8234.png.scale512x320.jxl	18929577
cleanpicker	jxl1t	o_8234.png.scale640x400.jxl	23921198
cleanpicker	jxl1t	o_8234.png.scale64x40.jxl	3311221
cleanpicker	jxl1t	o_8234.png.scale768x480.jxl	36347646
cleanpicker	jxl1t	o_8234.png.scale896x560.jxl	46496928
cleanpicker	jxl1t	o_8234.png.scale96x60.jxl	3929885
cleanpicker	jxl1t	o_8236.png.scale1024x640.jxl	56595571
cleanpicker	jxl1t	o_8236.png.scale128x80.jxl	4877530
cleanpicker	jxl1t	o_8236.png.scale192x120.jxl	6107088
cleanpicker	jxl1t	o_8236.png.scale256x160.jxl	7304015
cleanpicker	jxl1t	o_8236.png.scale384x240.jxl	12378177
cleanpicker	jxl1t	o_8236.png.scale512x320.jxl	19811043
cleanpicker	jxl1t	o_8236.png.scale640x400.jxl	25892290
cleanpicker	jxl1t	o_8236.png.scale64x40.jxl	3396811
cleanpicker	jxl1t	o_8236.png.scale768x480.jxl	37095540
cleanpicker	jxl1t	o_8236.png.scale896x560.jxl	39393864
cleanpicker	jxl1t	o_8236.png.scale96x60.jxl	3499871
cleanpicker	jxl1t	o_8237.png.scale1024x640.jxl	77464651
cleanpicker	jxl1t	o_8237.png.scale128x80.jxl	4855050
cleanpicker	jxl1t	o_8237.png.scale192x120.jxl	6049968
cleanpicker	jxl1t	o_8237.png.scale256x160.jxl	8179331
cleanpicker	jxl1t	o_8237.png.scale384x240.jxl	15426785
cleanpicker	jxl1t	o_8237.png.scale512x320.jxl	22898031
cleanpicker	jxl1t	o_8237.png.scale640x400.jxl	34280513
cleanpicker	jxl1t	o_8237.png.scale64x40.jxl	3474102
cleanpicker	jxl1t	o_8237.png.scale768x480.jxl	48524721
cleanpicker	jxl1t	o_8237.png.scale896x560.jxl	60752946
cleanpicker	jxl1t	o_8237.png.scale96x60.jxl	4304127
cleanpicker	jxl1t	o_8257.png.scale1024x640.jxl	76338793
cleanpicker	jxl1t	o_8257.png.scale128x80.jxl	4401268
cleanpicker	jxl1t	o_8257.png.scale192x120.jxl	5997337
cleanpicker	jxl1t	o_8257.png.scale256x160.jxl	8735244
cleanpicker	jxl1t	o_8257.png.scale384x240.jxl	15220154
cleanpicker	jxl1t	o_8257.png.scale512x320.jxl	22903292
cleanpicker	jxl1t	o_8257.png.scale640x400.jxl	32276560
cleanpicker	jxl1t	o_8257.png.scale64x40.jxl	3662203
cleanpicker	jxl1t	o_8257.png.scale768x480.jxl	47181123
cleanpicker	jxl1t	o_8257.png.scale896x560.jxl	58826724
cleanpicker	jxl1t	o_8257.png.scale96x60.jxl	4170475
cleanpicker	jxl1t	o_8271.png.scale108x192.jxl	5751546
cleanpicker	jxl1t	o_8271.png.scale144x256.jxl	6970833
cleanpicker	jxl1t	o_8271.png.scale216x384.jxl	10971548
cleanpicker	jxl1t	o_8271.png.scale288x512.jxl	16135810
cleanpicker	jxl1t	o_8271.png.scale360x640.jxl	23965029
cleanpicker	jxl1t	o_8271.png.scale36x64.jxl	4098006
cleanpicker	jxl1t	o_8271.png.scale54x96.jxl	3391371
cleanpicker	jxl1t	o_8271.png.scale72x128.jxl	4243826
cleanpicker	jxl1t	o_8275.png.scale108x192.jxl	5647295
cleanpicker	jxl1t	o_8275.png.scale144x256.jxl	6699842
cleanpicker	jxl1t	o_8275.png.scale216x384.jxl	13046581
cleanpicker	jxl1t	o_8275.png.scale288x512.jxl	18487475
cleanpicker	jxl1t	o_8275.png.scale360x640.jxl	26093252
cleanpicker	jxl1t	o_8275.png.scale36x64.jxl	2939438
cleanpicker	jxl1t	o_8275.png.scale54x96.jxl	4027054
cleanpicker	jxl1t	o_8275.png.scale72x128.jxl	4458228
cleanpicker	jxl1t	o_8276.png.scale108x192.jxl	4309537
cleanpicker	jxl1t	o_8276.png.scale144x256.jxl	5638065
cleanpicker	jxl1t	o_8276.png.scale216x384.jxl	6774002
cleanpicker	jxl1t	o_8276.png.scale288x512.jxl	10053752
cleanpicker	jxl1t	o_8276.png.scale360x640.jxl	13787825
cleanpicker	jxl1t	o_8276.png.scale36x64.jxl	3251260
cleanpicker	jxl1t	o_8276.png.scale54x96.jxl	3861194
cleanpicker	jxl1t	o_8276.png.scale72x128.jxl	3278101
cleanpicker	jxl1t	o_8278.png.scale108x192.jxl	5733506
cleanpicker	jxl1t	o_8278.png.scale144x256.jxl	6989173
cleanpicker	jxl1t	o_8278.png.scale216x384.jxl	12041235
cleanpicker	jxl1t	o_8278.png.scale288x512.jxl	18857637
cleanpicker	jxl1t	o_8278.png.scale360x640.jxl	26525634
cleanpicker	jxl1t	o_8278.png.scale36x64.jxl	3506411
cleanpicker	jxl1t	o_8278.png.scale54x96.jxl	3862903
cleanpicker	jxl1t	o_8278.png.scale72x128.jxl	4428177
cleanpicker	jxl1t	o_8282.png.scale108x192.jxl	5012821
cleanpicker	jxl1t	o_8282.png.scale144x256.jxl	7164674
cleanpicker	jxl1t	o_8282.png.scale216x384.jxl	10805997
cleanpicker	jxl1t	o_8282.png.scale288x512.jxl	16541723
cleanpicker	jxl1t	o_8282.png.scale360x640.jxl	24860164
cleanpicker	jxl1t	o_8282.png.scale36x64.jxl	3050799
cleanpicker	jxl1t	o_8282.png.scale54x96.jxl	3351700
cleanpicker	jxl1t	o_8282.png.scale72x128.jxl	3722083
cleanpicker	jxl1t	o_8283.png.scale108x192.jxl	5393074
cleanpicker	jxl1t	o_8283.png.scale144x256.jxl	7392716
cleanpicker	jxl1t	o_8283.png.scale216x384.jxl	12780129
cleanpicker	jxl1t	o_8283.png.scale288x512.jxl	18763456
cleanpicker	jxl1t	o_8283.png.scale360x640.jxl	25227486
cleanpicker	jxl1t	o_8283.png.scale36x64.jxl	4275967
cleanpicker	jxl1t	o_8283.png.scale54x96.jxl	3251680
cleanpicker	jxl1t	o_8283.png.scale72x128.jxl	4293767
cleanpicker	jxl1t	o_8284.png.scale108x192.jxl	5668185
cleanpicker	jxl1t	o_8284.png.scale144x256.jxl	7612047
cleanpicker	jxl1t	o_8284.png.scale216x384.jxl	11247130
cleanpicker	jxl1t	o_8284.png.scale288x512.jxl	18414034
cleanpicker	jxl1t	o_8284.png.scale360x640.jxl	25735409
cleanpicker	jxl1t	o_8284.png.scale36x64.jxl	3477172
cleanpicker	jxl1t	o_8284.png.scale54x96.jxl	4373577
cleanpicker	jxl1t	o_8284.png.scale72x128.jxl	4161006
cleanpicker	jxl1t	o_8286.png.scale108x192.jxl	5486324
cleanpicker	jxl1t	o_8286.png.scale144x256.jxl	7227854
cleanpicker	jxl1t	o_8286.png.scale216x384.jxl	11246240
cleanpicker	jxl1t	o_8286.png.scale288x512.jxl	16559162
cleanpicker	jxl1t	o_8286.png.scale360x640.jxl	19414381
cleanpicker	jxl1t	o_8286.png.scale36x64.jxl	3017099
cleanpicker	jxl1t	o_8286.png.scale54x96.jxl	4307356
cleanpicker	jxl1t	o_8286.png.scale72x128.jxl	3523382
cleanpicker	jxl1t	o_8289.png.scale108x192.jxl	4930371
cleanpicker	jxl1t	o_8289.png.scale144x256.jxl	6572141
cleanpicker	jxl1t	o_8289.png.scale216x384.jxl	11046798
cleanpicker	jxl1t	o_8289.png.scale288x512.jxl	16706544
cleanpicker	jxl1t	o_8289.png.scale360x640.jxl	26123792
cleanpicker	jxl1t	o_8289.png.scale36x64.jxl	3014269
cleanpicker	jxl1t	o_8289.png.scale54x96.jxl	4371787
cleanpicker	jxl1t	o_8289.png.scale72x128.jxl	4164285
cleanpicker	jxl1t	o_8295.png.scale108x192.jxl	5591715
cleanpicker	jxl1t	o_8295.png.scale144x256.jxl	7959599
cleanpicker	jxl1t	o_8295.png.scale216x384.jxl	13556374
cleanpicker	jxl1t	o_8295.png.scale288x512.jxl	20382226
cleanpicker	jxl1t	o_8295.png.scale360x640.jxl	29593854
cleanpicker	jxl1t	o_8295.png.scale36x64.jxl	3856054
cleanpicker	jxl1t	o_8295.png.scale54x96.jxl	3481401
cleanpicker	jxl1t	o_8295.png.scale72x128.jxl	4553468
cleanpicker	jxl1t	o_8299.png.scale108x192.jxl	5228973
cleanpicker	jxl1t	o_8299.png.scale144x256.jxl	6726152
cleanpicker	jxl1t	o_8299.png.scale216x384.jxl	12820459
cleanpicker	jxl1t	o_8299.png.scale288x512.jxl	17720620
cleanpicker	jxl1t	o_8299.png.scale360x640.jxl	27883653
cleanpicker	jxl1t	o_8299.png.scale36x64.jxl	4094995
cleanpicker	jxl1t	o_8299.png.scale54x96.jxl	3890584
cleanpicker	jxl1t	o_8299.png.scale72x128.jxl	3911984
cleanpicker	jxl1t	o_8300.png.scale108x192.jxl	4989421
cleanpicker	jxl1t	o_8300.png.scale144x256.jxl	7602157
cleanpicker	jxl1t	o_8300.png.scale216x384.jxl	12269166
cleanpicker	jxl1t	o_8300.png.scale288x512.jxl	18938637
cleanpicker	jxl1t	o_8300.png.scale360x640.jxl	27105588
cleanpicker	jxl1t	o_8300.png.scale36x64.jxl	3827754
cleanpicker	jxl1t	o_8300.png.scale54x96.jxl	3726453
cleanpicker	jxl1t	o_8300.png.scale72x128.jxl	4244976
cleanpicker	jxl1t	o_8301.png.scale108x192.jxl	4562798
cleanpicker	jxl1t	o_8301.png.scale144x256.jxl	4766490
cleanpicker	jxl1t	o_8301.png.scale216x384.jxl	6577490
cleanpicker	jxl1t	o_8301.png.scale288x512.jxl	8505023
cleanpicker	jxl1t	o_8301.png.scale360x640.jxl	12236566
cleanpicker	jxl1t	o_8301.png.scale36x64.jxl	3430951
cleanpicker	jxl1t	o_8301.png.scale54x96.jxl	3884124
cleanpicker	jxl1t	o_8301.png.scale72x128.jxl	3535572
cleanpicker	jxl1t	o_8305.png.scale108x192.jxl	5670365
cleanpicker	jxl1t	o_8305.png.scale144x256.jxl	7344305
cleanpicker	jxl1t	o_8305.png.scale216x384.jxl	12628568
cleanpicker	jxl1t	o_8305.png.scale288x512.jxl	19347140
cleanpicker	jxl1t	o_8305.png.scale360x640.jxl	28842359
cleanpicker	jxl1t	o_8305.png.scale36x64.jxl	3469042
cleanpicker	jxl1t	o_8305.png.scale54x96.jxl	3687183
cleanpicker	jxl1t	o_8305.png.scale72x128.jxl	3959504
cleanpicker	jxl1t	o_8308.png.scale108x192.jxl	6389089
cleanpicker	jxl1t	o_8308.png.scale144x256.jxl	7665598
cleanpicker	jxl1t	o_8308.png.scale216x384.jxl	12022135
cleanpicker	jxl1t	o_8308.png.scale288x512.jxl	18244253
cleanpicker	jxl1t	o_8308.png.scale360x640.jxl	22084487
cleanpicker	jxl1t	o_8308.png.scale36x64.jxl	3107780
cleanpicker	jxl1t	o_8308.png.scale54x96.jxl	3820164
cleanpicker	jxl1t	o_8308.png.scale72x128.jxl	4183376
cleanpicker	jxl1t	o_8315.png.scale108x192.jxl	5263443
cleanpicker	jxl1t	o_8315.png.scale144x256.jxl	7147625
cleanpicker	jxl1t	o_8315.png.scale216x384.jxl	13371763
cleanpicker	jxl1t	o_8315.png.scale288x512.jxl	19676642
cleanpicker	jxl1t	o_8315.png.scale360x640.jxl	25099786
cleanpicker	jxl1t	o_8315.png.scale36x64.jxl	3498831
cleanpicker	jxl1t	o_8315.png.scale54x96.jxl	3734694
cleanpicker	jxl1t	o_8315.png.scale72x128.jxl	3778883
cleanpicker	jxl1t	o_8326.png.scale108x192.jxl	5475334
cleanpicker	jxl1t	o_8326.png.scale144x256.jxl	7990259
cleanpicker	jxl1t	o_8326.png.scale216x384.jxl	13434364
cleanpicker	jxl1t	o_8326.png.scale288x512.jxl	18581286
cleanpicker	jxl1t	o_8326.png.scale360x640.jxl	28784919
cleanpicker	jxl1t	o_8326.png.scale36x64.jxl	3504162
cleanpicker	jxl1t	o_8326.png.scale54x96.jxl	4040195
cleanpicker	jxl1t	o_8326.png.scale72x128.jxl	3907934
cleanpicker	jxl1t	o_8336.png.scale144x192.jxl	5575385
cleanpicker	jxl1t	o_8336.png.scale192x256.jxl	9653020
cleanpicker	jxl1t	o_8336.png.scale288x384.jxl	15530736
cleanpicker	jxl1t	o_8336.png.scale384x512.jxl	24284421
cleanpicker	jxl1t	o_8336.png.scale480x640.jxl	33144365
cleanpicker	jxl1t	o_8336.png.scale48x64.jxl	4088075
cleanpicker	jxl1t	o_8336.png.scale576x768.jxl	44218984
cleanpicker	jxl1t	o_8336.png.scale672x896.jxl	60514355
cleanpicker	jxl1t	o_8336.png.scale72x96.jxl	4197376
cleanpicker	jxl1t	o_8336.png.scale768x1024.jxl	37098050
cleanpicker	jxl1t	o_8336.png.scale96x128.jxl	4115035
cleanpicker	jxl1t	o_8339.png.scale144x192.jxl	6735492
cleanpicker	jxl1t	o_8339.png.scale192x256.jxl	8191131
cleanpicker	jxl1t	o_8339.png.scale288x384.jxl	14581731
cleanpicker	jxl1t	o_8339.png.scale384x512.jxl	22810481
cleanpicker	jxl1t	o_8339.png.scale480x640.jxl	32329490
cleanpicker	jxl1t	o_8339.png.scale48x64.jxl	3676342
cleanpicker	jxl1t	o_8339.png.scale576x768.jxl	42234001
cleanpicker	jxl1t	o_8339.png.scale672x896.jxl	57987680
cleanpicker	jxl1t	o_8339.png.scale72x96.jxl	4148675
cleanpicker	jxl1t	o_8339.png.scale768x1024.jxl	42170611
cleanpicker	jxl1t	o_8339.png.scale96x128.jxl	4755390
cleanpicker	jxl1t	o_8341.png.scale144x192.jxl	6666421
cleanpicker	jxl1t	o_8341.png.scale192x256.jxl	9863111
cleanpicker	jxl1t	o_8341.png.scale288x384.jxl	16421662
cleanpicker	jxl1t	o_8341.png.scale384x512.jxl	25801190
cleanpicker	jxl1t	o_8341.png.scale480x640.jxl	37032530
cleanpicker	jxl1t	o_8341.png.scale48x64.jxl	3113139
cleanpicker	jxl1t	o_8341.png.scale576x768.jxl	50526453
cleanpicker	jxl1t	o_8341.png.scale672x896.jxl	63554754
cleanpicker	jxl1t	o_8341.png.scale72x96.jxl	4049285
cleanpicker	jxl1t	o_8341.png.scale768x1024.jxl	33785070
cleanpicker	jxl1t	o_8341.png.scale96x128.jxl	4598288
cleanpicker	jxl1t	o_8345.png.scale144x192.jxl	6447780
cleanpicker	jxl1t	o_8345.png.scale192x256.jxl	9172307
cleanpicker	jxl1t	o_8345.png.scale288x384.jxl	16049250
cleanpicker	jxl1t	o_8345.png.scale384x512.jxl	22982222
cleanpicker	jxl1t	o_8345.png.scale480x640.jxl	35771482
cleanpicker	jxl1t	o_8345.png.scale48x64.jxl	3219350
cleanpicker	jxl1t	o_8345.png.scale576x768.jxl	44051103
cleanpicker	jxl1t	o_8345.png.scale672x896.jxl	59825461
cleanpicker	jxl1t	o_8345.png.scale72x96.jxl	3563272
cleanpicker	jxl1t	o_8345.png.scale768x1024.jxl	68577015
cleanpicker	jxl1t	o_8345.png.scale96x128.jxl	4581678
cleanpicker	jxl1t	o_8346.png.scale144x192.jxl	6353699
cleanpicker	jxl1t	o_8346.png.scale192x256.jxl	8824415
cleanpicker	jxl1t	o_8346.png.scale288x384.jxl	14902123
cleanpicker	jxl1t	o_8346.png.scale384x512.jxl	22989602
cleanpicker	jxl1t	o_8346.png.scale480x640.jxl	34714055
cleanpicker	jxl1t	o_8346.png.scale48x64.jxl	3594473
cleanpicker	jxl1t	o_8346.png.scale576x768.jxl	49441577
cleanpicker	jxl1t	o_8346.png.scale672x896.jxl	64598320
cleanpicker	jxl1t	o_8346.png.scale72x96.jxl	3827214
cleanpicker	jxl1t	o_8346.png.scale768x1024.jxl	69175489
cleanpicker	jxl1t	o_8346.png.scale96x128.jxl	4267646
cleanpicker	jxl1t	o_8351.png.scale144x192.jxl	6194178
cleanpicker	jxl1t	o_8351.png.scale192x256.jxl	9157017
cleanpicker	jxl1t	o_8351.png.scale288x384.jxl	17159717
cleanpicker	jxl1t	o_8351.png.scale384x512.jxl	26718805
cleanpicker	jxl1t	o_8351.png.scale480x640.jxl	39603935
cleanpicker	jxl1t	o_8351.png.scale48x64.jxl	3991845
cleanpicker	jxl1t	o_8351.png.scale576x768.jxl	51115327
cleanpicker	jxl1t	o_8351.png.scale672x896.jxl	66473441
cleanpicker	jxl1t	o_8351.png.scale72x96.jxl	4125456
cleanpicker	jxl1t	o_8351.png.scale768x1024.jxl	84372213
cleanpicker	jxl1t	o_8351.png.scale96x128.jxl	4335077
cleanpicker	jxl1t	o_8357.png.scale144x192.jxl	5566164
cleanpicker	jxl1t	o_8357.png.scale192x256.jxl	8455743
cleanpicker	jxl1t	o_8357.png.scale288x384.jxl	14457059
cleanpicker	jxl1t	o_8357.png.scale384x512.jxl	19752702
cleanpicker	jxl1t	o_8357.png.scale480x640.jxl	31411675
cleanpicker	jxl1t	o_8357.png.scale48x64.jxl	3799604
cleanpicker	jxl1t	o_8357.png.scale576x768.jxl	37147200
cleanpicker	jxl1t	o_8357.png.scale672x896.jxl	48432720
cleanpicker	jxl1t	o_8357.png.scale72x96.jxl	3982285
cleanpicker	jxl1t	o_8357.png.scale768x1024.jxl	53943565
cleanpicker	jxl1t	o_8357.png.scale96x128.jxl	4845259
cleanpicker	jxl1t	o_8359.png.scale144x192.jxl	5501284
cleanpicker	jxl1t	o_8359.png.scale192x256.jxl	7637087
cleanpicker	jxl1t	o_8359.png.scale288x384.jxl	12506217
cleanpicker	jxl1t	o_8359.png.scale384x512.jxl	18475915
cleanpicker	jxl1t	o_8359.png.scale480x640.jxl	25464778
cleanpicker	jxl1t	o_8359.png.scale48x64.jxl	3597312
cleanpicker	jxl1t	o_8359.png.scale576x768.jxl	36685357
cleanpicker	jxl1t	o_8359.png.scale672x896.jxl	47604905
cleanpicker	jxl1t	o_8359.png.scale72x96.jxl	3401641
cleanpicker	jxl1t	o_8359.png.scale768x1024.jxl	36553296
cleanpicker	jxl1t	o_8359.png.scale96x128.jxl	3866814
cleanpicker	jxl1t	o_8376.png.scale144x192.jxl	6272809
cleanpicker	jxl1t	o_8376.png.scale192x256.jxl	9746701
cleanpicker	jxl1t	o_8376.png.scale288x384.jxl	17622049
cleanpicker	jxl1t	o_8376.png.scale384x512.jxl	27683901
cleanpicker	jxl1t	o_8376.png.scale480x640.jxl	39301753
cleanpicker	jxl1t	o_8376.png.scale48x64.jxl	3933855
cleanpicker	jxl1t	o_8376.png.scale576x768.jxl	53911884
cleanpicker	jxl1t	o_8376.png.scale672x896.jxl	73668517
cleanpicker	jxl1t	o_8376.png.scale72x96.jxl	3676703
cleanpicker	jxl1t	o_8376.png.scale768x1024.jxl	98745362
cleanpicker	jxl1t	o_8376.png.scale96x128.jxl	4872330
cleanpicker	jxl1t	o_8383.png.scale144x192.jxl	6142169
cleanpicker	jxl1t	o_8383.png.scale192x256.jxl	8489622
cleanpicker	jxl1t	o_8383.png.scale288x384.jxl	14914752
cleanpicker	jxl1t	o_8383.png.scale384x512.jxl	17983881
cleanpicker	jxl1t	o_8383.png.scale480x640.jxl	23628286
cleanpicker	jxl1t	o_8383.png.scale48x64.jxl	3682413
cleanpicker	jxl1t	o_8383.png.scale576x768.jxl	32186899
cleanpicker	jxl1t	o_8383.png.scale672x896.jxl	39660656
cleanpicker	jxl1t	o_8383.png.scale72x96.jxl	4060845
cleanpicker	jxl1t	o_8383.png.scale768x1024.jxl	44062533
cleanpicker	jxl1t	o_8383.png.scale96x128.jxl	4027485
cleanpicker	jxl1t	o_8384.png.scale144x192.jxl	5028741
cleanpicker	jxl1t	o_8384.png.scale192x256.jxl	6445700
cleanpicker	jxl1t	o_8384.png.scale288x384.jxl	8454742
cleanpicker	jxl1t	o_8384.png.scale384x512.jxl	12679509
cleanpicker	jxl1t	o_8384.png.scale480x640.jxl	17421448
cleanpicker	jxl1t	o_8384.png.scale48x64.jxl	3597062
cleanpicker	jxl1t	o_8384.png.scale576x768.jxl	23673967
cleanpicker	jxl1t	o_8384.png.scale672x896.jxl	30311818
cleanpicker	jxl1t	o_8384.png.scale72x96.jxl	4137346
cleanpicker	jxl1t	o_8384.png.scale768x1024.jxl	30720560
cleanpicker	jxl1t	o_8384.png.scale96x128.jxl	4390257
cleanpicker	jxl1t	o_8387.png.scale144x192.jxl	6069407
cleanpicker	jxl1t	o_8387.png.scale192x256.jxl	8568823
cleanpicker	jxl1t	o_8387.png.scale288x384.jxl	15782428
cleanpicker	jxl1t	o_8387.png.scale384x512.jxl	25071035
cleanpicker	jxl1t	o_8387.png.scale480x640.jxl	37551482
cleanpicker	jxl1t	o_8387.png.scale48x64.jxl	3840034
cleanpicker	jxl1t	o_8387.png.scale576x768.jxl	46650499
cleanpicker	jxl1t	o_8387.png.scale672x896.jxl	64635970
cleanpicker	jxl1t	o_8387.png.scale72x96.jxl	4286046
cleanpicker	jxl1t	o_8387.png.scale768x1024.jxl	79018070
cleanpicker	jxl1t	o_8387.png.scale96x128.jxl	4899931
cleanpicker	jxl1t	o_8389.png.scale1024x640.jxl	66137560
cleanpicker	jxl1t	o_8389.png.scale128x80.jxl	4031375
cleanpicker	jxl1t	o_8389.png.scale192x120.jxl	5781626
cleanpicker	jxl1t	o_8389.png.scale256x160.jxl	8016709
cleanpicker	jxl1t	o_8389.png.scale384x240.jxl	14177628
cleanpicker	jxl1t	o_8389.png.scale512x320.jxl	21293352
cleanpicker	jxl1t	o_8389.png.scale640x400.jxl	32400841
cleanpicker	jxl1t	o_8389.png.scale64x40.jxl	3527791
cleanpicker	jxl1t	o_8389.png.scale768x480.jxl	41681248
cleanpicker	jxl1t	o_8389.png.scale896x560.jxl	55357683
cleanpicker	jxl1t	o_8389.png.scale96x60.jxl	3742913
cleanpicker	jxl1t	o_8403.png.scale118x256.jxl	6234539
cleanpicker	jxl1t	o_8403.png.scale177x384.jxl	9244247
cleanpicker	jxl1t	o_8403.png.scale237x512.jxl	11689912
cleanpicker	jxl1t	o_8403.png.scale296x640.jxl	19355620
cleanpicker	jxl1t	o_8403.png.scale30x64.jxl	3859604
cleanpicker	jxl1t	o_8403.png.scale355x768.jxl	23882518
cleanpicker	jxl1t	o_8403.png.scale414x896.jxl	17501668
cleanpicker	jxl1t	o_8403.png.scale44x96.jxl	3530222
cleanpicker	jxl1t	o_8403.png.scale59x128.jxl	4124976
cleanpicker	jxl1t	o_8403.png.scale89x192.jxl	4893521
cleanpicker	jxl1t	o_8412.png.scale108x192.jxl	5355173
cleanpicker	jxl1t	o_8412.png.scale144x256.jxl	6685281
cleanpicker	jxl1t	o_8412.png.scale216x384.jxl	11657572
cleanpicker	jxl1t	o_8412.png.scale288x512.jxl	15167414
cleanpicker	jxl1t	o_8412.png.scale360x640.jxl	24137369
cleanpicker	jxl1t	o_8412.png.scale36x64.jxl	3144590
cleanpicker	jxl1t	o_8412.png.scale432x768.jxl	32214609
cleanpicker	jxl1t	o_8412.png.scale504x896.jxl	36541116
cleanpicker	jxl1t	o_8412.png.scale54x96.jxl	3315571
cleanpicker	jxl1t	o_8412.png.scale576x1024.jxl	46159057
cleanpicker	jxl1t	o_8412.png.scale72x128.jxl	4746879
cleanpicker	jxl1t	o_8414.png.scale1024x640.jxl	72202337
cleanpicker	jxl1t	o_8414.png.scale128x80.jxl	4963621
cleanpicker	jxl1t	o_8414.png.scale192x120.jxl	6032398
cleanpicker	jxl1t	o_8414.png.scale256x160.jxl	8313392
cleanpicker	jxl1t	o_8414.png.scale384x240.jxl	13279463
cleanpicker	jxl1t	o_8414.png.scale512x320.jxl	22319588
cleanpicker	jxl1t	o_8414.png.scale640x400.jxl	33068785
cleanpicker	jxl1t	o_8414.png.scale64x40.jxl	4230257
cleanpicker	jxl1t	o_8414.png.scale768x480.jxl	44602236
cleanpicker	jxl1t	o_8414.png.scale896x560.jxl	53036899
cleanpicker	jxl1t	o_8414.png.scale96x60.jxl	3797494
cleanpicker	jxl1t	o_8418.png.scale1024x640.jxl	49195795
cleanpicker	jxl1t	o_8418.png.scale128x80.jxl	4335397
cleanpicker	jxl1t	o_8418.png.scale192x120.jxl	5626195
cleanpicker	jxl1t	o_8418.png.scale256x160.jxl	7578537
cleanpicker	jxl1t	o_8418.png.scale384x240.jxl	12822780
cleanpicker	jxl1t	o_8418.png.scale512x320.jxl	18662586
cleanpicker	jxl1t	o_8418.png.scale640x400.jxl	23497276
cleanpicker	jxl1t	o_8418.png.scale64x40.jxl	3183800
cleanpicker	jxl1t	o_8418.png.scale768x480.jxl	35247349
cleanpicker	jxl1t	o_8418.png.scale896x560.jxl	40375710
cleanpicker	jxl1t	o_8418.png.scale96x60.jxl	3706163
cleanpicker	jxl1t	o_8434.png.scale118x256.jxl	6720031
cleanpicker	jxl1t	o_8434.png.scale177x384.jxl	10301014
cleanpicker	jxl1t	o_8434.png.scale237x512.jxl	14951513
cleanpicker	jxl1t	o_8434.png.scale296x640.jxl	22813401
cleanpicker	jxl1t	o_8434.png.scale30x64.jxl	3184780
cleanpicker	jxl1t	o_8434.png.scale355x768.jxl	27464080
cleanpicker	jxl1t	o_8434.png.scale414x896.jxl	28574217
cleanpicker	jxl1t	o_8434.png.scale44x96.jxl	3630312
cleanpicker	jxl1t	o_8434.png.scale59x128.jxl	3719113
cleanpicker	jxl1t	o_8434.png.scale89x192.jxl	4766770
cleanpicker	jxl1t	o_8438.png.scale1024x640.jxl	69412810
cleanpicker	jxl1t	o_8438.png.scale128x80.jxl	4876301
cleanpicker	jxl1t	o_8438.png.scale192x120.jxl	6345579
cleanpicker	jxl1t	o_8438.png.scale256x160.jxl	7689847
cleanpicker	jxl1t	o_8438.png.scale384x240.jxl	13926506
cleanpicker	jxl1t	o_8438.png.scale512x320.jxl	21198152
cleanpicker	jxl1t	o_8438.png.scale640x400.jxl	30749360
cleanpicker	jxl1t	o_8438.png.scale64x40.jxl	3537712
cleanpicker	jxl1t	o_8438.png.scale768x480.jxl	43394049
cleanpicker	jxl1t	o_8438.png.scale896x560.jxl	52809658
cleanpicker	jxl1t	o_8438.png.scale96x60.jxl	3525852
cleanpicker	jxl1t	o_8443.png.scale118x256.jxl	7452686
cleanpicker	jxl1t	o_8443.png.scale177x384.jxl	11835383
cleanpicker	jxl1t	o_8443.png.scale237x512.jxl	17092816
cleanpicker	jxl1t	o_8443.png.scale296x640.jxl	23364365
cleanpicker	jxl1t	o_8443.png.scale30x64.jxl	3086619
cleanpicker	jxl1t	o_8443.png.scale355x768.jxl	34155132
cleanpicker	jxl1t	o_8443.png.scale414x896.jxl	47674786
cleanpicker	jxl1t	o_8443.png.scale44x96.jxl	3765403
cleanpicker	jxl1t	o_8443.png.scale59x128.jxl	3919274
cleanpicker	jxl1t	o_8443.png.scale89x192.jxl	5116032
cleanpicker	jxl1t	o_8460.png.scale108x192.jxl	6935503
cleanpicker	jxl1t	o_8460.png.scale144x256.jxl	7797738
cleanpicker	jxl1t	o_8460.png.scale216x384.jxl	14499690
cleanpicker	jxl1t	o_8460.png.scale288x512.jxl	22051137
cleanpicker	jxl1t	o_8460.png.scale360x640.jxl	34024101
cleanpicker	jxl1t	o_8460.png.scale36x64.jxl	3197740
cleanpicker	jxl1t	o_8460.png.scale432x768.jxl	46623829
cleanpicker	jxl1t	o_8460.png.scale504x896.jxl	65286495
cleanpicker	jxl1t	o_8460.png.scale54x96.jxl	3957944
cleanpicker	jxl1t	o_8460.png.scale576x1024.jxl	69740402
cleanpicker	jxl1t	o_8460.png.scale72x128.jxl	3983555
cleanpicker	jxl1t	o_8462.png.scale1024x640.jxl	72672740
cleanpicker	jxl1t	o_8462.png.scale128x80.jxl	4250916
cleanpicker	jxl1t	o_8462.png.scale192x120.jxl	5309223
cleanpicker	jxl1t	o_8462.png.scale256x160.jxl	8537443
cleanpicker	jxl1t	o_8462.png.scale384x240.jxl	15231814
cleanpicker	jxl1t	o_8462.png.scale512x320.jxl	23300484
cleanpicker	jxl1t	o_8462.png.scale640x400.jxl	32576172
cleanpicker	jxl1t	o_8462.png.scale64x40.jxl	3312820
cleanpicker	jxl1t	o_8462.png.scale768x480.jxl	46388827
cleanpicker	jxl1t	o_8462.png.scale896x560.jxl	61762463
cleanpicker	jxl1t	o_8462.png.scale96x60.jxl	4032005
cleanpicker	jxl1t	o_8465.png.scale128x72.jxl	4428797
cleanpicker	jxl1t	o_8465.png.scale192x108.jxl	5416823
cleanpicker	jxl1t	o_8465.png.scale256x144.jxl	6863892
cleanpicker	jxl1t	o_8465.png.scale384x216.jxl	11528622
cleanpicker	jxl1t	o_8465.png.scale512x288.jxl	18084552
cleanpicker	jxl1t	o_8465.png.scale640x360.jxl	25229877
cleanpicker	jxl1t	o_8465.png.scale64x36.jxl	3461331
cleanpicker	jxl1t	o_8465.png.scale96x54.jxl	3409211
cleanpicker	jxl1t	o_8466.png.scale1024x640.jxl	66870415
cleanpicker	jxl1t	o_8466.png.scale128x80.jxl	4595599
cleanpicker	jxl1t	o_8466.png.scale192x120.jxl	6561701
cleanpicker	jxl1t	o_8466.png.scale256x160.jxl	8060119
cleanpicker	jxl1t	o_8466.png.scale384x240.jxl	14831721
cleanpicker	jxl1t	o_8466.png.scale512x320.jxl	20617698
cleanpicker	jxl1t	o_8466.png.scale640x400.jxl	30363658
cleanpicker	jxl1t	o_8466.png.scale64x40.jxl	3745913
cleanpicker	jxl1t	o_8466.png.scale768x480.jxl	45652403
cleanpicker	jxl1t	o_8466.png.scale896x560.jxl	52570225
cleanpicker	jxl1t	o_8466.png.scale96x60.jxl	3456212
cleanpicker	jxl1t	o_9025.png.scale128x192.jxl	5745405
cleanpicker	jxl1t	o_9025.png.scale171x256.jxl	7489877
cleanpicker	jxl1t	o_9025.png.scale256x384.jxl	13130561
cleanpicker	jxl1t	o_9025.png.scale341x512.jxl	21112371
cleanpicker	jxl1t	o_9025.png.scale427x640.jxl	25718170
cleanpicker	jxl1t	o_9025.png.scale43x64.jxl	3473671
cleanpicker	jxl1t	o_9025.png.scale512x768.jxl	40544591
cleanpicker	jxl1t	o_9025.png.scale597x896.jxl	52923998
cleanpicker	jxl1t	o_9025.png.scale64x96.jxl	3774023
cleanpicker	jxl1t	o_9025.png.scale683x1024.jxl	71260592
cleanpicker	jxl1t	o_9025.png.scale85x128.jxl	4083166
cleanpicker	jxl1t	o_9051.png.scale1024x1024.jxl	88773330
cleanpicker	jxl1t	o_9051.png.scale128x128.jxl	4365917
cleanpicker	jxl1t	o_9051.png.scale192x192.jxl	6053037
cleanpicker	jxl1t	o_9051.png.scale256x256.jxl	9239117
cleanpicker	jxl1t	o_9051.png.scale384x384.jxl	18140563
cleanpicker	jxl1t	o_9051.png.scale512x512.jxl	27053417
cleanpicker	jxl1t	o_9051.png.scale640x640.jxl	39212222
cleanpicker	jxl1t	o_9051.png.scale64x64.jxl	5128252
cleanpicker	jxl1t	o_9051.png.scale768x768.jxl	45756294
cleanpicker	jxl1t	o_9051.png.scale896x896.jxl	66851994
cleanpicker	jxl1t	o_9051.png.scale96x96.jxl	4191716
cleanpicker	jxl1t	o_9063.png.scale128x192.jxl	5517194
cleanpicker	jxl1t	o_9063.png.scale171x256.jxl	7727018
cleanpicker	jxl1t	o_9063.png.scale256x384.jxl	12965750
cleanpicker	jxl1t	o_9063.png.scale341x512.jxl	19647872
cleanpicker	jxl1t	o_9063.png.scale427x640.jxl	30134197
cleanpicker	jxl1t	o_9063.png.scale43x64.jxl	3122229
cleanpicker	jxl1t	o_9063.png.scale512x768.jxl	42563064
cleanpicker	jxl1t	o_9063.png.scale597x896.jxl	52743697
cleanpicker	jxl1t	o_9063.png.scale64x96.jxl	3463751
cleanpicker	jxl1t	o_9063.png.scale683x1024.jxl	64114657
cleanpicker	jxl1t	o_9063.png.scale85x128.jxl	4244996
cleanpicker	jxl1t	o_9066.png.scale128x192.jxl	5190342
cleanpicker	jxl1t	o_9066.png.scale171x256.jxl	6764822
cleanpicker	jxl1t	o_9066.png.scale256x384.jxl	11721833
cleanpicker	jxl1t	o_9066.png.scale341x512.jxl	19036618
cleanpicker	jxl1t	o_9066.png.scale427x640.jxl	23828917
cleanpicker	jxl1t	o_9066.png.scale43x64.jxl	4738530
cleanpicker	jxl1t	o_9066.png.scale512x768.jxl	36395825
cleanpicker	jxl1t	o_9066.png.scale597x896.jxl	42991176
cleanpicker	jxl1t	o_9066.png.scale64x96.jxl	3988495
cleanpicker	jxl1t	o_9066.png.scale683x1024.jxl	53973194
cleanpicker	jxl1t	o_9066.png.scale85x128.jxl	3894385
cleanpicker	jxl1t	o_9067.png.scale1024x1024.jxl	110853617
cleanpicker	jxl1t	o_9067.png.scale128x128.jxl	5244833
cleanpicker	jxl1t	o_9067.png.scale192x192.jxl	8026649
cleanpicker	jxl1t	o_9067.png.scale256x256.jxl	10804947
cleanpicker	jxl1t	o_9067.png.scale384x384.jxl	22199467
cleanpicker	jxl1t	o_9067.png.scale512x512.jxl	35247518
cleanpicker	jxl1t	o_9067.png.scale640x640.jxl	50574374
cleanpicker	jxl1t	o_9067.png.scale64x64.jxl	3711573
cleanpicker	jxl1t	o_9067.png.scale768x768.jxl	67852840
cleanpicker	jxl1t	o_9067.png.scale896x896.jxl	90316969
cleanpicker	jxl1t	o_9067.png.scale96x96.jxl	4217596
cleanpicker	jxl1t	o_9070.png.scale128x192.jxl	5401003
cleanpicker	jxl1t	o_9070.png.scale171x256.jxl	8343282
cleanpicker	jxl1t	o_9070.png.scale256x384.jxl	13091861
cleanpicker	jxl1t	o_9070.png.scale341x512.jxl	19633051
cleanpicker	jxl1t	o_9070.png.scale427x640.jxl	29139191
cleanpicker	jxl1t	o_9070.png.scale43x64.jxl	3627702
cleanpicker	jxl1t	o_9070.png.scale512x768.jxl	39087513
cleanpicker	jxl1t	o_9070.png.scale597x896.jxl	54682139
cleanpicker	jxl1t	o_9070.png.scale64x96.jxl	3497252
cleanpicker	jxl1t	o_9070.png.scale683x1024.jxl	62968420
cleanpicker	jxl1t	o_9070.png.scale85x128.jxl	4982691
cleanpicker	jxl1t	o_9077.png.scale1024x1024.jxl	103388291
cleanpicker	jxl1t	o_9077.png.scale128x128.jxl	4567589
cleanpicker	jxl1t	o_9077.png.scale192x192.jxl	7017293
cleanpicker	jxl1t	o_9077.png.scale256x256.jxl	10216273
cleanpicker	jxl1t	o_9077.png.scale384x384.jxl	19484530
cleanpicker	jxl1t	o_9077.png.scale512x512.jxl	31412045
cleanpicker	jxl1t	o_9077.png.scale640x640.jxl	43261098
cleanpicker	jxl1t	o_9077.png.scale64x64.jxl	3228910
cleanpicker	jxl1t	o_9077.png.scale768x768.jxl	67468798
cleanpicker	jxl1t	o_9077.png.scale896x896.jxl	82194969
cleanpicker	jxl1t	o_9077.png.scale96x96.jxl	4107856
cleanpicker	jxl1t	o_9079.png.scale128x192.jxl	5111011
cleanpicker	jxl1t	o_9079.png.scale171x256.jxl	7149394
cleanpicker	jxl1t	o_9079.png.scale256x384.jxl	11999494
cleanpicker	jxl1t	o_9079.png.scale341x512.jxl	19943293
cleanpicker	jxl1t	o_9079.png.scale427x640.jxl	25934901
cleanpicker	jxl1t	o_9079.png.scale43x64.jxl	3651383
cleanpicker	jxl1t	o_9079.png.scale512x768.jxl	33063755
cleanpicker	jxl1t	o_9079.png.scale597x896.jxl	39928317
cleanpicker	jxl1t	o_9079.png.scale64x96.jxl	3949574
cleanpicker	jxl1t	o_9079.png.scale683x1024.jxl	50179791
cleanpicker	jxl1t	o_9079.png.scale85x128.jxl	4536798
cleanpicker	jxl1t	o_9094.png.scale128x192.jxl	6267569
cleanpicker	jxl1t	o_9094.png.scale171x256.jxl	9805811
cleanpicker	jxl1t	o_9094.png.scale256x384.jxl	17887861
cleanpicker	jxl1t	o_9094.png.scale341x512.jxl	27644641
cleanpicker	jxl1t	o_9094.png.scale427x640.jxl	42000491
cleanpicker	jxl1t	o_9094.png.scale43x64.jxl	3662863
cleanpicker	jxl1t	o_9094.png.scale512x768.jxl	57838508
cleanpicker	jxl1t	o_9094.png.scale597x896.jxl	72851802
cleanpicker	jxl1t	o_9094.png.scale64x96.jxl	4434188
cleanpicker	jxl1t	o_9094.png.scale683x1024.jxl	95759593
cleanpicker	jxl1t	o_9094.png.scale85x128.jxl	4903371
cleanpicker	jxl1t	o_9097.png.scale128x192.jxl	6807993
cleanpicker	jxl1t	o_9097.png.scale171x256.jxl	9747910
cleanpicker	jxl1t	o_9097.png.scale256x384.jxl	18558585
cleanpicker	jxl1t	o_9097.png.scale341x512.jxl	25424537
cleanpicker	jxl1t	o_9097.png.scale427x640.jxl	41206865
cleanpicker	jxl1t	o_9097.png.scale43x64.jxl	3613293
cleanpicker	jxl1t	o_9097.png.scale512x768.jxl	60018932
cleanpicker	jxl1t	o_9097.png.scale597x896.jxl	75941011
cleanpicker	jxl1t	o_9097.png.scale64x96.jxl	3756943
cleanpicker	jxl1t	o_9097.png.scale683x1024.jxl	98941763
cleanpicker	jxl1t	o_9097.png.scale85x128.jxl	4598509
cleanpicker	jxl1t	o_9098.png.scale128x192.jxl	5986528
cleanpicker	jxl1t	o_9098.png.scale171x256.jxl	9748760
cleanpicker	jxl1t	o_9098.png.scale256x384.jxl	18770756
cleanpicker	jxl1t	o_9098.png.scale341x512.jxl	26025611
cleanpicker	jxl1t	o_9098.png.scale427x640.jxl	38972031
cleanpicker	jxl1t	o_9098.png.scale43x64.jxl	3349461
cleanpicker	jxl1t	o_9098.png.scale512x768.jxl	59102186
cleanpicker	jxl1t	o_9098.png.scale597x896.jxl	73005533
cleanpicker	jxl1t	o_9098.png.scale64x96.jxl	3904734
cleanpicker	jxl1t	o_9098.png.scale683x1024.jxl	93305808
cleanpicker	jxl1t	o_9098.png.scale85x128.jxl	5086611
cleanpicker	jxl1t	o_9105.png.scale128x192.jxl	6787062
cleanpicker	jxl1t	o_9105.png.scale171x256.jxl	9611820
cleanpicker	jxl1t	o_9105.png.scale256x384.jxl	18414004
cleanpicker	jxl1t	o_9105.png.scale341x512.jxl	28490847
cleanpicker	jxl1t	o_9105.png.scale427x640.jxl	41038085
cleanpicker	jxl1t	o_9105.png.scale43x64.jxl	2919928
cleanpicker	jxl1t	o_9105.png.scale512x768.jxl	60145613
cleanpicker	jxl1t	o_9105.png.scale597x896.jxl	76583985
cleanpicker	jxl1t	o_9105.png.scale64x96.jxl	3459302
cleanpicker	jxl1t	o_9105.png.scale683x1024.jxl	97253033
cleanpicker	jxl1t	o_9105.png.scale85x128.jxl	4184806
cleanpicker	jxl1t	o_9107.png.scale128x192.jxl	6133398
cleanpicker	jxl1t	o_9107.png.scale171x256.jxl	8908235
cleanpicker	jxl1t	o_9107.png.scale256x384.jxl	16973845
cleanpicker	jxl1t	o_9107.png.scale341x512.jxl	26184973
cleanpicker	jxl1t	o_9107.png.scale427x640.jxl	39766407
cleanpicker	jxl1t	o_9107.png.scale43x64.jxl	3765713
cleanpicker	jxl1t	o_9107.png.scale512x768.jxl	57808199
cleanpicker	jxl1t	o_9107.png.scale597x896.jxl	72397989
cleanpicker	jxl1t	o_9107.png.scale64x96.jxl	4146526
cleanpicker	jxl1t	o_9107.png.scale683x1024.jxl	95173230
cleanpicker	jxl1t	o_9107.png.scale85x128.jxl	4617129
cleanpicker	jxl1t	o_9113.png.scale1024x683.jxl	95607232
cleanpicker	jxl1t	o_9113.png.scale128x85.jxl	4771090
cleanpicker	jxl1t	o_9113.png.scale192x128.jxl	6707852
cleanpicker	jxl1t	o_9113.png.scale256x171.jxl	9689500
cleanpicker	jxl1t	o_9113.png.scale384x256.jxl	17639460
cleanpicker	jxl1t	o_9113.png.scale512x341.jxl	25882941
cleanpicker	jxl1t	o_9113.png.scale640x427.jxl	39985868
cleanpicker	jxl1t	o_9113.png.scale64x43.jxl	3252290
cleanpicker	jxl1t	o_9113.png.scale768x512.jxl	59560239
cleanpicker	jxl1t	o_9113.png.scale896x597.jxl	73717807
cleanpicker	jxl1t	o_9113.png.scale96x64.jxl	3695362
cleanpicker	jxl1t	o_9115.png.scale128x192.jxl	6391900
cleanpicker	jxl1t	o_9115.png.scale171x256.jxl	8753325
cleanpicker	jxl1t	o_9115.png.scale256x384.jxl	16190751
cleanpicker	jxl1t	o_9115.png.scale341x512.jxl	25777040
cleanpicker	jxl1t	o_9115.png.scale427x640.jxl	38566889
cleanpicker	jxl1t	o_9115.png.scale43x64.jxl	3514012
cleanpicker	jxl1t	o_9115.png.scale512x768.jxl	57307695
cleanpicker	jxl1t	o_9115.png.scale597x896.jxl	71427283
cleanpicker	jxl1t	o_9115.png.scale64x96.jxl	4125975
cleanpicker	jxl1t	o_9115.png.scale683x1024.jxl	82977194
cleanpicker	jxl1t	o_9115.png.scale85x128.jxl	4734630
cleanpicker	jxl1t	o_9118.png.scale1024x683.jxl	95817543
cleanpicker	jxl1t	o_9118.png.scale128x85.jxl	5042532
cleanpicker	jxl1t	o_9118.png.scale192x128.jxl	6622491
cleanpicker	jxl1t	o_9118.png.scale256x171.jxl	9776141
cleanpicker	jxl1t	o_9118.png.scale384x256.jxl	19844553
cleanpicker	jxl1t	o_9118.png.scale512x341.jxl	28085934
cleanpicker	jxl1t	o_9118.png.scale640x427.jxl	43466159
cleanpicker	jxl1t	o_9118.png.scale64x43.jxl	3473961
cleanpicker	jxl1t	o_9118.png.scale768x512.jxl	59928611
cleanpicker	jxl1t	o_9118.png.scale896x597.jxl	75998241
cleanpicker	jxl1t	o_9118.png.scale96x64.jxl	4372047
cleanpicker	jxl1t	o_9121.png.scale128x192.jxl	6421220
cleanpicker	jxl1t	o_9121.png.scale171x256.jxl	9138617
cleanpicker	jxl1t	o_9121.png.scale256x384.jxl	17609219
cleanpicker	jxl1t	o_9121.png.scale341x512.jxl	26224353
cleanpicker	jxl1t	o_9121.png.scale427x640.jxl	40539541
cleanpicker	jxl1t	o_9121.png.scale43x64.jxl	3236060
cleanpicker	jxl1t	o_9121.png.scale512x768.jxl	56075888
cleanpicker	jxl1t	o_9121.png.scale597x896.jxl	76900037
cleanpicker	jxl1t	o_9121.png.scale64x96.jxl	4043025
cleanpicker	jxl1t	o_9121.png.scale683x1024.jxl	98219759
cleanpicker	jxl1t	o_9121.png.scale85x128.jxl	5232563
cleanpicker	jxl1t	o_9123.png.scale128x192.jxl	6763032
cleanpicker	jxl1t	o_9123.png.scale171x256.jxl	9976622
cleanpicker	jxl1t	o_9123.png.scale256x384.jxl	17474768
cleanpicker	jxl1t	o_9123.png.scale341x512.jxl	26476654
cleanpicker	jxl1t	o_9123.png.scale427x640.jxl	41605398
cleanpicker	jxl1t	o_9123.png.scale43x64.jxl	3852504
cleanpicker	jxl1t	o_9123.png.scale512x768.jxl	57701837
cleanpicker	jxl1t	o_9123.png.scale597x896.jxl	75611189
cleanpicker	jxl1t	o_9123.png.scale64x96.jxl	3751943
cleanpicker	jxl1t	o_9123.png.scale683x1024.jxl	95202960
cleanpicker	jxl1t	o_9123.png.scale85x128.jxl	4735309
cleanpicker	jxl1t	o_9125.png.scale128x192.jxl	6669881
cleanpicker	jxl1t	o_9125.png.scale171x256.jxl	9027046
cleanpicker	jxl1t	o_9125.png.scale256x384.jxl	18437824
cleanpicker	jxl1t	o_9125.png.scale341x512.jxl	25963731
cleanpicker	jxl1t	o_9125.png.scale427x640.jxl	41321336
cleanpicker	jxl1t	o_9125.png.scale43x64.jxl	3641322
cleanpicker	jxl1t	o_9125.png.scale512x768.jxl	57347166
cleanpicker	jxl1t	o_9125.png.scale597x896.jxl	71359522
cleanpicker	jxl1t	o_9125.png.scale64x96.jxl	3530702
cleanpicker	jxl1t	o_9125.png.scale683x1024.jxl	92377553
cleanpicker	jxl1t	o_9125.png.scale85x128.jxl	4306357
cleanpicker	jxl1t	o_9130.png.scale128x192.jxl	6420950
cleanpicker	jxl1t	o_9130.png.scale171x256.jxl	8694864
cleanpicker	jxl1t	o_9130.png.scale256x384.jxl	16449821
cleanpicker	jxl1t	o_9130.png.scale341x512.jxl	24680863
cleanpicker	jxl1t	o_9130.png.scale427x640.jxl	37809824
cleanpicker	jxl1t	o_9130.png.scale43x64.jxl	3834853
cleanpicker	jxl1t	o_9130.png.scale512x768.jxl	54833350
cleanpicker	jxl1t	o_9130.png.scale597x896.jxl	71455923
cleanpicker	jxl1t	o_9130.png.scale64x96.jxl	3649853
cleanpicker	jxl1t	o_9130.png.scale683x1024.jxl	88415218
cleanpicker	jxl1t	o_9130.png.scale85x128.jxl	4488007
cleanpicker	jxl1t	o_9132.png.scale128x192.jxl	6468891
cleanpicker	jxl1t	o_9132.png.scale171x256.jxl	9611509
cleanpicker	jxl1t	o_9132.png.scale256x384.jxl	18203813
cleanpicker	jxl1t	o_9132.png.scale341x512.jxl	27312899
cleanpicker	jxl1t	o_9132.png.scale427x640.jxl	40648852
cleanpicker	jxl1t	o_9132.png.scale43x64.jxl	3288431
cleanpicker	jxl1t	o_9132.png.scale512x768.jxl	56875522
cleanpicker	jxl1t	o_9132.png.scale597x896.jxl	69627702
cleanpicker	jxl1t	o_9132.png.scale64x96.jxl	4195436
cleanpicker	jxl1t	o_9132.png.scale683x1024.jxl	89269293
cleanpicker	jxl1t	o_9132.png.scale85x128.jxl	4930131
cleanpicker	jxl1t	o_9134.png.scale128x192.jxl	6544801
cleanpicker	jxl1t	o_9134.png.scale171x256.jxl	10064192
cleanpicker	jxl1t	o_9134.png.scale256x384.jxl	17995991
cleanpicker	jxl1t	o_9134.png.scale341x512.jxl	25656039
cleanpicker	jxl1t	o_9134.png.scale427x640.jxl	41743378
cleanpicker	jxl1t	o_9134.png.scale43x64.jxl	3723693
cleanpicker	jxl1t	o_9134.png.scale512x768.jxl	59539569
cleanpicker	jxl1t	o_9134.png.scale597x896.jxl	70280876
cleanpicker	jxl1t	o_9134.png.scale64x96.jxl	4469858
cleanpicker	jxl1t	o_9134.png.scale683x1024.jxl	96261056
cleanpicker	jxl1t	o_9134.png.scale85x128.jxl	4955911
cleanpicker	jxl1t	o_9135.png.scale128x192.jxl	6528961
cleanpicker	jxl1t	o_9135.png.scale171x256.jxl	8857255
cleanpicker	jxl1t	o_9135.png.scale256x384.jxl	17101207
cleanpicker	jxl1t	o_9135.png.scale341x512.jxl	27405790
cleanpicker	jxl1t	o_9135.png.scale427x640.jxl	41499157
cleanpicker	jxl1t	o_9135.png.scale43x64.jxl	3310710
cleanpicker	jxl1t	o_9135.png.scale512x768.jxl	58940925
cleanpicker	jxl1t	o_9135.png.scale597x896.jxl	71540843
cleanpicker	jxl1t	o_9135.png.scale64x96.jxl	3945804
cleanpicker	jxl1t	o_9135.png.scale683x1024.jxl	93556860
cleanpicker	jxl1t	o_9135.png.scale85x128.jxl	4573508
cleanpicker	jxl1t	o_9137.png.scale128x192.jxl	6392129
cleanpicker	jxl1t	o_9137.png.scale171x256.jxl	9347608
cleanpicker	jxl1t	o_9137.png.scale256x384.jxl	17080336
cleanpicker	jxl1t	o_9137.png.scale341x512.jxl	26978337
cleanpicker	jxl1t	o_9137.png.scale427x640.jxl	41224135
cleanpicker	jxl1t	o_9137.png.scale43x64.jxl	3224430
cleanpicker	jxl1t	o_9137.png.scale512x768.jxl	57057554
cleanpicker	jxl1t	o_9137.png.scale597x896.jxl	70513827
cleanpicker	jxl1t	o_9137.png.scale64x96.jxl	4226976
cleanpicker	jxl1t	o_9137.png.scale683x1024.jxl	91215145
cleanpicker	jxl1t	o_9137.png.scale85x128.jxl	4624508
cleanpicker	jxl1t	o_9140.png.scale128x192.jxl	6477040
cleanpicker	jxl1t	o_9140.png.scale171x256.jxl	9915722
cleanpicker	jxl1t	o_9140.png.scale256x384.jxl	18501195
cleanpicker	jxl1t	o_9140.png.scale341x512.jxl	27860932
cleanpicker	jxl1t	o_9140.png.scale427x640.jxl	42438343
cleanpicker	jxl1t	o_9140.png.scale43x64.jxl	3096949
cleanpicker	jxl1t	o_9140.png.scale512x768.jxl	59390498
cleanpicker	jxl1t	o_9140.png.scale597x896.jxl	74250680
cleanpicker	jxl1t	o_9140.png.scale64x96.jxl	4470068
cleanpicker	jxl1t	o_9140.png.scale683x1024.jxl	98372949
cleanpicker	jxl1t	o_9140.png.scale85x128.jxl	4554378
cleanpicker	jxl1t	o_9142.png.scale128x192.jxl	6226068
cleanpicker	jxl1t	o_9142.png.scale171x256.jxl	8803394
cleanpicker	jxl1t	o_9142.png.scale256x384.jxl	17258587
cleanpicker	jxl1t	o_9142.png.scale341x512.jxl	25692229
cleanpicker	jxl1t	o_9142.png.scale427x640.jxl	40299160
cleanpicker	jxl1t	o_9142.png.scale43x64.jxl	3524692
cleanpicker	jxl1t	o_9142.png.scale512x768.jxl	59712970
cleanpicker	jxl1t	o_9142.png.scale597x896.jxl	70194655
cleanpicker	jxl1t	o_9142.png.scale64x96.jxl	4104095
cleanpicker	jxl1t	o_9142.png.scale683x1024.jxl	91585478
cleanpicker	jxl1t	o_9142.png.scale85x128.jxl	4651329
cleanpicker	jxl1t	o_9143.png.scale128x192.jxl	6490750
cleanpicker	jxl1t	o_9143.png.scale171x256.jxl	8839005
cleanpicker	jxl1t	o_9143.png.scale256x384.jxl	17362627
cleanpicker	jxl1t	o_9143.png.scale341x512.jxl	25996351
cleanpicker	jxl1t	o_9143.png.scale427x640.jxl	41289506
cleanpicker	jxl1t	o_9143.png.scale43x64.jxl	3576842
cleanpicker	jxl1t	o_9143.png.scale512x768.jxl	55606805
cleanpicker	jxl1t	o_9143.png.scale597x896.jxl	72760831
cleanpicker	jxl1t	o_9143.png.scale64x96.jxl	4115196
cleanpicker	jxl1t	o_9143.png.scale683x1024.jxl	95607503
cleanpicker	jxl1t	o_9143.png.scale85x128.jxl	4249876
cleanpicker	jxl1t	o_9144.png.scale128x192.jxl	6794752
cleanpicker	jxl1t	o_9144.png.scale171x256.jxl	8517513
cleanpicker	jxl1t	o_9144.png.scale256x384.jxl	16456122
cleanpicker	jxl1t	o_9144.png.scale341x512.jxl	23378715
cleanpicker	jxl1t	o_9144.png.scale427x640.jxl	41068794
cleanpicker	jxl1t	o_9144.png.scale43x64.jxl	2998368
cleanpicker	jxl1t	o_9144.png.scale512x768.jxl	57344555
cleanpicker	jxl1t	o_9144.png.scale597x896.jxl	66875194
cleanpicker	jxl1t	o_9144.png.scale64x96.jxl	4106776
cleanpicker	jxl1t	o_9144.png.scale683x1024.jxl	75931211
cleanpicker	jxl1t	o_9144.png.scale85x128.jxl	4566368
cleanpicker	jxl1t	o_9152.png.scale128x192.jxl	6387690
cleanpicker	jxl1t	o_9152.png.scale171x256.jxl	9943452
cleanpicker	jxl1t	o_9152.png.scale256x384.jxl	19076668
cleanpicker	jxl1t	o_9152.png.scale341x512.jxl	27176458
cleanpicker	jxl1t	o_9152.png.scale427x640.jxl	41774949
cleanpicker	jxl1t	o_9152.png.scale43x64.jxl	3174969
cleanpicker	jxl1t	o_9152.png.scale512x768.jxl	58197311
cleanpicker	jxl1t	o_9152.png.scale597x896.jxl	73427305
cleanpicker	jxl1t	o_9152.png.scale64x96.jxl	3978114
cleanpicker	jxl1t	o_9152.png.scale683x1024.jxl	95828564
cleanpicker	jxl1t	o_9152.png.scale85x128.jxl	4891710
cleanpicker	jxl1t	o_9154.png.scale128x192.jxl	6604421
cleanpicker	jxl1t	o_9154.png.scale171x256.jxl	8917165
cleanpicker	jxl1t	o_9154.png.scale256x384.jxl	18117073
cleanpicker	jxl1t	o_9154.png.scale341x512.jxl	24579383
cleanpicker	jxl1t	o_9154.png.scale427x640.jxl	39047693
cleanpicker	jxl1t	o_9154.png.scale43x64.jxl	3601262
cleanpicker	jxl1t	o_9154.png.scale512x768.jxl	55297413
cleanpicker	jxl1t	o_9154.png.scale597x896.jxl	72734691
cleanpicker	jxl1t	o_9154.png.scale64x96.jxl	4158215
cleanpicker	jxl1t	o_9154.png.scale683x1024.jxl	92683974
cleanpicker	jxl1t	o_9154.png.scale85x128.jxl	4556959
cleanpicker	jxl1t	o_9156.png.scale128x192.jxl	6814172
cleanpicker	jxl1t	o_9156.png.scale171x256.jxl	9081916
cleanpicker	jxl1t	o_9156.png.scale256x384.jxl	15799198
cleanpicker	jxl1t	o_9156.png.scale341x512.jxl	25755390
cleanpicker	jxl1t	o_9156.png.scale427x640.jxl	39094272
cleanpicker	jxl1t	o_9156.png.scale43x64.jxl	3401891
cleanpicker	jxl1t	o_9156.png.scale512x768.jxl	56531200
cleanpicker	jxl1t	o_9156.png.scale597x896.jxl	66631153
cleanpicker	jxl1t	o_9156.png.scale64x96.jxl	3700593
cleanpicker	jxl1t	o_9156.png.scale683x1024.jxl	78912359
cleanpicker	jxl1t	o_9156.png.scale85x128.jxl	4979411
cleanpicker	jxl1t	o_9158.png.scale128x192.jxl	6237279
cleanpicker	jxl1t	o_9158.png.scale171x256.jxl	9075526
cleanpicker	jxl1t	o_9158.png.scale256x384.jxl	16839845
cleanpicker	jxl1t	o_9158.png.scale341x512.jxl	27420370
cleanpicker	jxl1t	o_9158.png.scale427x640.jxl	40180989
cleanpicker	jxl1t	o_9158.png.scale43x64.jxl	3465151
cleanpicker	jxl1t	o_9158.png.scale512x768.jxl	57884219
cleanpicker	jxl1t	o_9158.png.scale597x896.jxl	67604559
cleanpicker	jxl1t	o_9158.png.scale64x96.jxl	4337807
cleanpicker	jxl1t	o_9158.png.scale683x1024.jxl	90065118
cleanpicker	jxl1t	o_9158.png.scale85x128.jxl	4582298
cleanpicker	jxl1t	o_9163.png.scale1024x683.jxl	89995608
cleanpicker	jxl1t	o_9163.png.scale128x85.jxl	4841920
cleanpicker	jxl1t	o_9163.png.scale192x128.jxl	5925047
cleanpicker	jxl1t	o_9163.png.scale256x171.jxl	8940586
cleanpicker	jxl1t	o_9163.png.scale384x256.jxl	16429212
cleanpicker	jxl1t	o_9163.png.scale512x341.jxl	24903264
cleanpicker	jxl1t	o_9163.png.scale640x427.jxl	40579961
cleanpicker	jxl1t	o_9163.png.scale64x43.jxl	3554112
cleanpicker	jxl1t	o_9163.png.scale768x512.jxl	57686428
cleanpicker	jxl1t	o_9163.png.scale896x597.jxl	68925187
cleanpicker	jxl1t	o_9163.png.scale96x64.jxl	3869544
cleanpicker	jxl1t	o_9165.png.scale128x192.jxl	5862787
cleanpicker	jxl1t	o_9165.png.scale171x256.jxl	8716824
cleanpicker	jxl1t	o_9165.png.scale256x384.jxl	15988279
cleanpicker	jxl1t	o_9165.png.scale341x512.jxl	26759886
cleanpicker	jxl1t	o_9165.png.scale427x640.jxl	39024562
cleanpicker	jxl1t	o_9165.png.scale43x64.jxl	3505322
cleanpicker	jxl1t	o_9165.png.scale512x768.jxl	60389165
cleanpicker	jxl1t	o_9165.png.scale597x896.jxl	69572501
cleanpicker	jxl1t	o_9165.png.scale64x96.jxl	3502352
cleanpicker	jxl1t	o_9165.png.scale683x1024.jxl	91915079
cleanpicker	jxl1t	o_9165.png.scale85x128.jxl	4591148
cleanpicker	jxl1t	o_9166.png.scale128x192.jxl	6688821
cleanpicker	jxl1t	o_9166.png.scale171x256.jxl	9560449
cleanpicker	jxl1t	o_9166.png.scale256x384.jxl	17186177
cleanpicker	jxl1t	o_9166.png.scale341x512.jxl	25041885
cleanpicker	jxl1t	o_9166.png.scale427x640.jxl	39815376
cleanpicker	jxl1t	o_9166.png.scale43x64.jxl	4099156
cleanpicker	jxl1t	o_9166.png.scale512x768.jxl	57040583
cleanpicker	jxl1t	o_9166.png.scale597x896.jxl	73956058
cleanpicker	jxl1t	o_9166.png.scale64x96.jxl	4025695
cleanpicker	jxl1t	o_9166.png.scale683x1024.jxl	95886124
cleanpicker	jxl1t	o_9166.png.scale85x128.jxl	4695279
cleanpicker	jxl1t	o_9167.png.scale128x192.jxl	5719555
cleanpicker	jxl1t	o_9167.png.scale171x256.jxl	7678308
cleanpicker	jxl1t	o_9167.png.scale256x384.jxl	14842992
cleanpicker	jxl1t	o_9167.png.scale341x512.jxl	23377805
cleanpicker	jxl1t	o_9167.png.scale427x640.jxl	38268617
cleanpicker	jxl1t	o_9167.png.scale43x64.jxl	3537662
cleanpicker	jxl1t	o_9167.png.scale512x768.jxl	54484448
cleanpicker	jxl1t	o_9167.png.scale597x896.jxl	67840151
cleanpicker	jxl1t	o_9167.png.scale64x96.jxl	3388861
cleanpicker	jxl1t	o_9167.png.scale683x1024.jxl	89834317
cleanpicker	jxl1t	o_9167.png.scale85x128.jxl	3919175
cleanpicker	jxl1t	o_9231.png.scale128x192.jxl	5699935
cleanpicker	jxl1t	o_9231.png.scale171x256.jxl	7518127
cleanpicker	jxl1t	o_9231.png.scale256x384.jxl	15023903
cleanpicker	jxl1t	o_9231.png.scale341x512.jxl	22502619
cleanpicker	jxl1t	o_9231.png.scale427x640.jxl	31898488
cleanpicker	jxl1t	o_9231.png.scale43x64.jxl	3720353
cleanpicker	jxl1t	o_9231.png.scale512x768.jxl	51266098
cleanpicker	jxl1t	o_9231.png.scale597x896.jxl	57009103
cleanpicker	jxl1t	o_9231.png.scale64x96.jxl	3587793
cleanpicker	jxl1t	o_9231.png.scale683x1024.jxl	72350499
cleanpicker	jxl1t	o_9231.png.scale85x128.jxl	4493008
cleanpicker	jxl1t	o_9235.png.scale128x192.jxl	5456874
cleanpicker	jxl1t	o_9235.png.scale171x256.jxl	8221831
cleanpicker	jxl1t	o_9235.png.scale256x384.jxl	13531314
cleanpicker	jxl1t	o_9235.png.scale341x512.jxl	22400348
cleanpicker	jxl1t	o_9235.png.scale427x640.jxl	33943140
cleanpicker	jxl1t	o_9235.png.scale43x64.jxl	3447281
cleanpicker	jxl1t	o_9235.png.scale512x768.jxl	46746490
cleanpicker	jxl1t	o_9235.png.scale597x896.jxl	60893417
cleanpicker	jxl1t	o_9235.png.scale64x96.jxl	3426161
cleanpicker	jxl1t	o_9235.png.scale683x1024.jxl	77754882
cleanpicker	jxl1t	o_9235.png.scale85x128.jxl	4127605
cleanpicker	jxl1t	o_9237.png.scale1024x576.jxl	60935237
cleanpicker	jxl1t	o_9237.png.scale128x72.jxl	4527338
cleanpicker	jxl1t	o_9237.png.scale192x108.jxl	4724839
cleanpicker	jxl1t	o_9237.png.scale256x144.jxl	6423259
cleanpicker	jxl1t	o_9237.png.scale384x216.jxl	11473681
cleanpicker	jxl1t	o_9237.png.scale512x288.jxl	17707379
cleanpicker	jxl1t	o_9237.png.scale640x360.jxl	27097648
cleanpicker	jxl1t	o_9237.png.scale64x36.jxl	3198650
cleanpicker	jxl1t	o_9237.png.scale768x432.jxl	38439719
cleanpicker	jxl1t	o_9237.png.scale896x504.jxl	50136921
cleanpicker	jxl1t	o_9237.png.scale96x54.jxl	3529421
cleanpicker	jxl1t	o_9238.png.scale108x192.jxl	5719525
cleanpicker	jxl1t	o_9238.png.scale144x256.jxl	6507431
cleanpicker	jxl1t	o_9238.png.scale216x384.jxl	11971894
cleanpicker	jxl1t	o_9238.png.scale288x512.jxl	17203927
cleanpicker	jxl1t	o_9238.png.scale360x640.jxl	27342279
cleanpicker	jxl1t	o_9238.png.scale36x64.jxl	3524672
cleanpicker	jxl1t	o_9238.png.scale432x768.jxl	36752528
cleanpicker	jxl1t	o_9238.png.scale504x896.jxl	51019896
cleanpicker	jxl1t	o_9238.png.scale54x96.jxl	3643583
cleanpicker	jxl1t	o_9238.png.scale576x1024.jxl	59836581
cleanpicker	jxl1t	o_9238.png.scale72x128.jxl	3964664
cleanpicker	jxl1t	o_9241.png.scale1024x576.jxl	51764811
cleanpicker	jxl1t	o_9241.png.scale128x72.jxl	4416648
cleanpicker	jxl1t	o_9241.png.scale192x108.jxl	5439684
cleanpicker	jxl1t	o_9241.png.scale256x144.jxl	7008223
cleanpicker	jxl1t	o_9241.png.scale384x216.jxl	12675149
cleanpicker	jxl1t	o_9241.png.scale512x288.jxl	17836541
cleanpicker	jxl1t	o_9241.png.scale640x360.jxl	25961591
cleanpicker	jxl1t	o_9241.png.scale64x36.jxl	3306860
cleanpicker	jxl1t	o_9241.png.scale768x432.jxl	37399372
cleanpicker	jxl1t	o_9241.png.scale896x504.jxl	50501143
cleanpicker	jxl1t	o_9241.png.scale96x54.jxl	3396051
cleanpicker	jxl1t	o_9246.png.scale1024x576.jxl	68343914
cleanpicker	jxl1t	o_9246.png.scale128x72.jxl	4020344
cleanpicker	jxl1t	o_9246.png.scale192x108.jxl	6118428
cleanpicker	jxl1t	o_9246.png.scale256x144.jxl	8402432
cleanpicker	jxl1t	o_9246.png.scale384x216.jxl	14631531
cleanpicker	jxl1t	o_9246.png.scale512x288.jxl	21835275
cleanpicker	jxl1t	o_9246.png.scale640x360.jxl	33311807
cleanpicker	jxl1t	o_9246.png.scale64x36.jxl	3646563
cleanpicker	jxl1t	o_9246.png.scale768x432.jxl	46035595
cleanpicker	jxl1t	o_9246.png.scale896x504.jxl	63538194
cleanpicker	jxl1t	o_9246.png.scale96x54.jxl	3321131
cleanpicker	jxl1t	o_9252.png.scale1024x1024.jxl	92770084
cleanpicker	jxl1t	o_9252.png.scale128x128.jxl	4988171
cleanpicker	jxl1t	o_9252.png.scale192x192.jxl	6729042
cleanpicker	jxl1t	o_9252.png.scale256x256.jxl	10614686
cleanpicker	jxl1t	o_9252.png.scale384x384.jxl	19166708
cleanpicker	jxl1t	o_9252.png.scale512x512.jxl	31966918
cleanpicker	jxl1t	o_9252.png.scale640x640.jxl	42740685
cleanpicker	jxl1t	o_9252.png.scale64x64.jxl	3152819
cleanpicker	jxl1t	o_9252.png.scale768x768.jxl	63520894
cleanpicker	jxl1t	o_9252.png.scale896x896.jxl	81229133
cleanpicker	jxl1t	o_9252.png.scale96x96.jxl	4064205
cleanpicker	jxl1t	o_9276.png.scale128x192.jxl	5967527
cleanpicker	jxl1t	o_9276.png.scale171x256.jxl	7860609
cleanpicker	jxl1t	o_9276.png.scale256x384.jxl	15602437
cleanpicker	jxl1t	o_9276.png.scale341x512.jxl	23118694
cleanpicker	jxl1t	o_9276.png.scale427x640.jxl	34402933
cleanpicker	jxl1t	o_9276.png.scale43x64.jxl	3346950
cleanpicker	jxl1t	o_9276.png.scale512x768.jxl	48198809
cleanpicker	jxl1t	o_9276.png.scale597x896.jxl	62820299
cleanpicker	jxl1t	o_9276.png.scale64x96.jxl	3558922
cleanpicker	jxl1t	o_9276.png.scale683x1024.jxl	82876274
cleanpicker	jxl1t	o_9276.png.scale85x128.jxl	4126175
cleanpicker	jxl1t	o_9277.png.scale1024x1024.jxl	101879502
cleanpicker	jxl1t	o_9277.png.scale128x128.jxl	5791056
cleanpicker	jxl1t	o_9277.png.scale192x192.jxl	6583741
cleanpicker	jxl1t	o_9277.png.scale256x256.jxl	9897492
cleanpicker	jxl1t	o_9277.png.scale384x384.jxl	18540075
cleanpicker	jxl1t	o_9277.png.scale512x512.jxl	30131596
cleanpicker	jxl1t	o_9277.png.scale640x640.jxl	44700257
cleanpicker	jxl1t	o_9277.png.scale64x64.jxl	3576892
cleanpicker	jxl1t	o_9277.png.scale768x768.jxl	71363703
cleanpicker	jxl1t	o_9277.png.scale896x896.jxl	78932699
cleanpicker	jxl1t	o_9277.png.scale96x96.jxl	4262726
cleanpicker	jxl1t	o_9286.png.scale128x192.jxl	5805566
cleanpicker	jxl1t	o_9286.png.scale171x256.jxl	7307385
cleanpicker	jxl1t	o_9286.png.scale256x384.jxl	13905057
cleanpicker	jxl1t	o_9286.png.scale341x512.jxl	19617302
cleanpicker	jxl1t	o_9286.png.scale427x640.jxl	30529180
cleanpicker	jxl1t	o_9286.png.scale43x64.jxl	3484021
cleanpicker	jxl1t	o_9286.png.scale512x768.jxl	42590174
cleanpicker	jxl1t	o_9286.png.scale597x896.jxl	54091096
cleanpicker	jxl1t	o_9286.png.scale64x96.jxl	3913305
cleanpicker	jxl1t	o_9286.png.scale683x1024.jxl	62057684
cleanpicker	jxl1t	o_9286.png.scale85x128.jxl	4102536
cleanpicker	jxl1t	o_9289.png.scale128x192.jxl	5098761
cleanpicker	jxl1t	o_9289.png.scale171x256.jxl	6681431
cleanpicker	jxl1t	o_9289.png.scale256x384.jxl	12849410
cleanpicker	jxl1t	o_9289.png.scale341x512.jxl	19118219
cleanpicker	jxl1t	o_9289.png.scale427x640.jxl	29086901
cleanpicker	jxl1t	o_9289.png.scale43x64.jxl	3742283
cleanpicker	jxl1t	o_9289.png.scale512x768.jxl	39895177
cleanpicker	jxl1t	o_9289.png.scale597x896.jxl	48547650
cleanpicker	jxl1t	o_9289.png.scale64x96.jxl	4059165
cleanpicker	jxl1t	o_9289.png.scale683x1024.jxl	64141978
cleanpicker	jxl1t	o_9289.png.scale85x128.jxl	4331127
cleanpicker	jxl1t	o_9292.png.scale1024x683.jxl	71632324
cleanpicker	jxl1t	o_9292.png.scale128x85.jxl	4645938
cleanpicker	jxl1t	o_9292.png.scale192x128.jxl	5622395
cleanpicker	jxl1t	o_9292.png.scale256x171.jxl	7857269
cleanpicker	jxl1t	o_9292.png.scale384x256.jxl	13142031
cleanpicker	jxl1t	o_9292.png.scale512x341.jxl	21271132
cleanpicker	jxl1t	o_9292.png.scale640x427.jxl	31768387
cleanpicker	jxl1t	o_9292.png.scale64x43.jxl	4065595
cleanpicker	jxl1t	o_9292.png.scale768x512.jxl	44112513
cleanpicker	jxl1t	o_9292.png.scale896x597.jxl	53813764
cleanpicker	jxl1t	o_9292.png.scale96x64.jxl	3772243
cleanpicker	jxl1t	o_9303.png.scale128x192.jxl	5761986
cleanpicker	jxl1t	o_9303.png.scale171x256.jxl	7853129
cleanpicker	jxl1t	o_9303.png.scale256x384.jxl	14502440
cleanpicker	jxl1t	o_9303.png.scale341x512.jxl	22304078
cleanpicker	jxl1t	o_9303.png.scale427x640.jxl	32851834
cleanpicker	jxl1t	o_9303.png.scale43x64.jxl	3517812
cleanpicker	jxl1t	o_9303.png.scale512x768.jxl	46891821
cleanpicker	jxl1t	o_9303.png.scale597x896.jxl	60132883
cleanpicker	jxl1t	o_9303.png.scale64x96.jxl	3482362
cleanpicker	jxl1t	o_9303.png.scale683x1024.jxl	82184880
cleanpicker	jxl1t	o_9303.png.scale85x128.jxl	4086365
cleanpicker	jxl1t	o_9319.png.scale1024x683.jxl	58907975
cleanpicker	jxl1t	o_9319.png.scale128x85.jxl	4503278
cleanpicker	jxl1t	o_9319.png.scale192x128.jxl	5446164
cleanpicker	jxl1t	o_9319.png.scale256x171.jxl	7596347
cleanpicker	jxl1t	o_9319.png.scale384x256.jxl	13338993
cleanpicker	jxl1t	o_9319.png.scale512x341.jxl	21227741
cleanpicker	jxl1t	o_9319.png.scale640x427.jxl	28483926
cleanpicker	jxl1t	o_9319.png.scale64x43.jxl	3293370
cleanpicker	jxl1t	o_9319.png.scale768x512.jxl	42537984
cleanpicker	jxl1t	o_9319.png.scale896x597.jxl	49001064
cleanpicker	jxl1t	o_9319.png.scale96x64.jxl	3658043
cleanpicker	jxl1t	o_9333.png.scale128x192.jxl	5276643
cleanpicker	jxl1t	o_9333.png.scale171x256.jxl	7558626
cleanpicker	jxl1t	o_9333.png.scale256x384.jxl	14379669
cleanpicker	jxl1t	o_9333.png.scale341x512.jxl	21233301
cleanpicker	jxl1t	o_9333.png.scale427x640.jxl	30317678
cleanpicker	jxl1t	o_9333.png.scale43x64.jxl	3113239
cleanpicker	jxl1t	o_9333.png.scale512x768.jxl	42579454
cleanpicker	jxl1t	o_9333.png.scale597x896.jxl	55082182
cleanpicker	jxl1t	o_9333.png.scale64x96.jxl	3939384
cleanpicker	jxl1t	o_9333.png.scale683x1024.jxl	70722018
cleanpicker	jxl1t	o_9333.png.scale85x128.jxl	3947665
cleanpicker	jxl1t	o_9335.png.scale128x192.jxl	5819027
cleanpicker	jxl1t	o_9335.png.scale171x256.jxl	8466182
cleanpicker	jxl1t	o_9335.png.scale256x384.jxl	13628075
cleanpicker	jxl1t	o_9335.png.scale341x512.jxl	21192811
cleanpicker	jxl1t	o_9335.png.scale427x640.jxl	31895367
cleanpicker	jxl1t	o_9335.png.scale43x64.jxl	3572613
cleanpicker	jxl1t	o_9335.png.scale512x768.jxl	43688951
cleanpicker	jxl1t	o_9335.png.scale597x896.jxl	55058802
cleanpicker	jxl1t	o_9335.png.scale64x96.jxl	3529751
cleanpicker	jxl1t	o_9335.png.scale683x1024.jxl	72540520
cleanpicker	jxl1t	o_9335.png.scale85x128.jxl	4741889
cleanpicker	jxl1t	o_9352.png.scale1024x1024.jxl	152477575
cleanpicker	jxl1t	o_9352.png.scale128x128.jxl	5404274
cleanpicker	jxl1t	o_9352.png.scale192x192.jxl	7789338
cleanpicker	jxl1t	o_9352.png.scale256x256.jxl	12390717
cleanpicker	jxl1t	o_9352.png.scale384x384.jxl	26467224
cleanpicker	jxl1t	o_9352.png.scale512x512.jxl	40924344
cleanpicker	jxl1t	o_9352.png.scale640x640.jxl	60328424
cleanpicker	jxl1t	o_9352.png.scale64x64.jxl	4142166
cleanpicker	jxl1t	o_9352.png.scale768x768.jxl	86175994
cleanpicker	jxl1t	o_9352.png.scale896x896.jxl	116408432
cleanpicker	jxl1t	o_9352.png.scale96x96.jxl	4856381
cleanpicker	jxl1t	o_9353.png.scale1024x1024.jxl	151306008
cleanpicker	jxl1t	o_9353.png.scale128x128.jxl	5474134
cleanpicker	jxl1t	o_9353.png.scale192x192.jxl	8274812
cleanpicker	jxl1t	o_9353.png.scale256x256.jxl	13598954
cleanpicker	jxl1t	o_9353.png.scale384x384.jxl	29195641
cleanpicker	jxl1t	o_9353.png.scale512x512.jxl	45708883
cleanpicker	jxl1t	o_9353.png.scale640x640.jxl	62127094
cleanpicker	jxl1t	o_9353.png.scale64x64.jxl	3383141
cleanpicker	jxl1t	o_9353.png.scale768x768.jxl	88686609
cleanpicker	jxl1t	o_9353.png.scale896x896.jxl	118914497
cleanpicker	jxl1t	o_9353.png.scale96x96.jxl	4021245
cleanpicker	jxl1t	o_9354.png.scale1024x1024.jxl	123299514
cleanpicker	jxl1t	o_9354.png.scale128x128.jxl	4616549
cleanpicker	jxl1t	o_9354.png.scale192x192.jxl	7654637
cleanpicker	jxl1t	o_9354.png.scale256x256.jxl	12175576
cleanpicker	jxl1t	o_9354.png.scale384x384.jxl	23552536
cleanpicker	jxl1t	o_9354.png.scale512x512.jxl	36247724
cleanpicker	jxl1t	o_9354.png.scale640x640.jxl	53399391
cleanpicker	jxl1t	o_9354.png.scale64x64.jxl	4362707
cleanpicker	jxl1t	o_9354.png.scale768x768.jxl	74737913
cleanpicker	jxl1t	o_9354.png.scale896x896.jxl	98589961
cleanpicker	jxl1t	o_9354.png.scale96x96.jxl	3799084
cleanpicker	jxl1t	o_9355.png.scale1024x1024.jxl	130365278
cleanpicker	jxl1t	o_9355.png.scale128x128.jxl	5127782
cleanpicker	jxl1t	o_9355.png.scale192x192.jxl	8245191
cleanpicker	jxl1t	o_9355.png.scale256x256.jxl	12360996
cleanpicker	jxl1t	o_9355.png.scale384x384.jxl	26056732
cleanpicker	jxl1t	o_9355.png.scale512x512.jxl	37828364
cleanpicker	jxl1t	o_9355.png.scale640x640.jxl	52775247
cleanpicker	jxl1t	o_9355.png.scale64x64.jxl	4231967
cleanpicker	jxl1t	o_9355.png.scale768x768.jxl	76463924
cleanpicker	jxl1t	o_9355.png.scale896x896.jxl	98231529
cleanpicker	jxl1t	o_9355.png.scale96x96.jxl	3911894
cleanpicker	jxl1t	o_9357.png.scale1024x576.jxl	89790716
cleanpicker	jxl1t	o_9357.png.scale128x72.jxl	4253977
cleanpicker	jxl1t	o_9357.png.scale192x108.jxl	6055427
cleanpicker	jxl1t	o_9357.png.scale256x144.jxl	9766061
cleanpicker	jxl1t	o_9357.png.scale384x216.jxl	17383767
cleanpicker	jxl1t	o_9357.png.scale512x288.jxl	24548022
cleanpicker	jxl1t	o_9357.png.scale640x360.jxl	36933469
cleanpicker	jxl1t	o_9357.png.scale64x36.jxl	3934554
cleanpicker	jxl1t	o_9357.png.scale768x432.jxl	52734547
cleanpicker	jxl1t	o_9357.png.scale896x504.jxl	74256610
cleanpicker	jxl1t	o_9357.png.scale96x54.jxl	3964885
cleanpicker	jxl1t	o_9360.png.scale128x192.jxl	6349139
cleanpicker	jxl1t	o_9360.png.scale171x256.jxl	7622847
cleanpicker	jxl1t	o_9360.png.scale256x384.jxl	13624314
cleanpicker	jxl1t	o_9360.png.scale341x512.jxl	21563684
cleanpicker	jxl1t	o_9360.png.scale427x640.jxl	33562738
cleanpicker	jxl1t	o_9360.png.scale43x64.jxl	4057915
cleanpicker	jxl1t	o_9360.png.scale512x768.jxl	48724851
cleanpicker	jxl1t	o_9360.png.scale597x896.jxl	58737334
cleanpicker	jxl1t	o_9360.png.scale64x96.jxl	4141745
cleanpicker	jxl1t	o_9360.png.scale683x1024.jxl	80091976
cleanpicker	jxl1t	o_9360.png.scale85x128.jxl	4251067
cleanpicker	jxl1t	o_9364.png.scale128x192.jxl	5904887
cleanpicker	jxl1t	o_9364.png.scale171x256.jxl	7459456
cleanpicker	jxl1t	o_9364.png.scale256x384.jxl	15016843
cleanpicker	jxl1t	o_9364.png.scale341x512.jxl	22030097
cleanpicker	jxl1t	o_9364.png.scale427x640.jxl	30204207
cleanpicker	jxl1t	o_9364.png.scale43x64.jxl	3057649
cleanpicker	jxl1t	o_9364.png.scale512x768.jxl	44092073
cleanpicker	jxl1t	o_9364.png.scale597x896.jxl	54675758
cleanpicker	jxl1t	o_9364.png.scale64x96.jxl	4554319
cleanpicker	jxl1t	o_9364.png.scale683x1024.jxl	74803053
cleanpicker	jxl1t	o_9364.png.scale85x128.jxl	5048702
cleanpicker	jxl1t	o_9372.png.scale128x192.jxl	5903347
cleanpicker	jxl1t	o_9372.png.scale171x256.jxl	7104834
cleanpicker	jxl1t	o_9372.png.scale256x384.jxl	14645331
cleanpicker	jxl1t	o_9372.png.scale341x512.jxl	19056038
cleanpicker	jxl1t	o_9372.png.scale427x640.jxl	30695600
cleanpicker	jxl1t	o_9372.png.scale43x64.jxl	3293061
cleanpicker	jxl1t	o_9372.png.scale512x768.jxl	42600955
cleanpicker	jxl1t	o_9372.png.scale597x896.jxl	54792049
cleanpicker	jxl1t	o_9372.png.scale64x96.jxl	3666183
cleanpicker	jxl1t	o_9372.png.scale683x1024.jxl	68447594
cleanpicker	jxl1t	o_9372.png.scale85x128.jxl	4829290
cleanpicker	jxl1t	o_9377.png.scale1024x1024.jxl	100053940
cleanpicker	jxl1t	o_9377.png.scale128x128.jxl	4505518
cleanpicker	jxl1t	o_9377.png.scale192x192.jxl	7674198
cleanpicker	jxl1t	o_9377.png.scale256x256.jxl	9101677
cleanpicker	jxl1t	o_9377.png.scale384x384.jxl	17560979
cleanpicker	jxl1t	o_9377.png.scale512x512.jxl	29498973
cleanpicker	jxl1t	o_9377.png.scale640x640.jxl	44091153
cleanpicker	jxl1t	o_9377.png.scale64x64.jxl	3856494
cleanpicker	jxl1t	o_9377.png.scale768x768.jxl	56407099
cleanpicker	jxl1t	o_9377.png.scale896x896.jxl	68328853
cleanpicker	jxl1t	o_9377.png.scale96x96.jxl	4686780
cleanpicker	jxl1t	o_9380.png.scale128x192.jxl	5314123
cleanpicker	jxl1t	o_9380.png.scale171x256.jxl	8109521
cleanpicker	jxl1t	o_9380.png.scale256x384.jxl	12873220
cleanpicker	jxl1t	o_9380.png.scale341x512.jxl	19794903
cleanpicker	jxl1t	o_9380.png.scale427x640.jxl	31170693
cleanpicker	jxl1t	o_9380.png.scale43x64.jxl	4896630
cleanpicker	jxl1t	o_9380.png.scale512x768.jxl	42760214
cleanpicker	jxl1t	o_9380.png.scale597x896.jxl	59445069
cleanpicker	jxl1t	o_9380.png.scale64x96.jxl	4545388
cleanpicker	jxl1t	o_9380.png.scale683x1024.jxl	76862216
cleanpicker	jxl1t	o_9380.png.scale85x128.jxl	4360177
cleanpicker	jxl1t	o_9381.png.scale1024x683.jxl	58610883
cleanpicker	jxl1t	o_9381.png.scale128x85.jxl	4298737
cleanpicker	jxl1t	o_9381.png.scale192x128.jxl	6026908
cleanpicker	jxl1t	o_9381.png.scale256x171.jxl	7060493
cleanpicker	jxl1t	o_9381.png.scale384x256.jxl	12753569
cleanpicker	jxl1t	o_9381.png.scale512x341.jxl	20318955
cleanpicker	jxl1t	o_9381.png.scale640x427.jxl	30184697
cleanpicker	jxl1t	o_9381.png.scale64x43.jxl	3762664
cleanpicker	jxl1t	o_9381.png.scale768x512.jxl	42638984
cleanpicker	jxl1t	o_9381.png.scale896x597.jxl	51692131
cleanpicker	jxl1t	o_9381.png.scale96x64.jxl	3950674
cleanpicker	jxl1t	o_9412.png.scale128x192.jxl	6052668
cleanpicker	jxl1t	o_9412.png.scale171x256.jxl	8031380
cleanpicker	jxl1t	o_9412.png.scale256x384.jxl	16027030
cleanpicker	jxl1t	o_9412.png.scale341x512.jxl	24621923
cleanpicker	jxl1t	o_9412.png.scale427x640.jxl	35082648
cleanpicker	jxl1t	o_9412.png.scale43x64.jxl	3505862
cleanpicker	jxl1t	o_9412.png.scale512x768.jxl	50048840
cleanpicker	jxl1t	o_9412.png.scale597x896.jxl	61745873
cleanpicker	jxl1t	o_9412.png.scale64x96.jxl	4631548
cleanpicker	jxl1t	o_9412.png.scale683x1024.jxl	80695360
cleanpicker	jxl1t	o_9412.png.scale85x128.jxl	4666169
cleanpicker	jxl1t	o_9413.png.scale1024x1024.jxl	123743817
cleanpicker	jxl1t	o_9413.png.scale128x128.jxl	4920041
cleanpicker	jxl1t	o_9413.png.scale192x192.jxl	8002230
cleanpicker	jxl1t	o_9413.png.scale256x256.jxl	10877518
cleanpicker	jxl1t	o_9413.png.scale384x384.jxl	20119874
cleanpicker	jxl1t	o_9413.png.scale512x512.jxl	33950020
cleanpicker	jxl1t	o_9413.png.scale640x640.jxl	47554145
cleanpicker	jxl1t	o_9413.png.scale64x64.jxl	3621512
cleanpicker	jxl1t	o_9413.png.scale768x768.jxl	68849177
cleanpicker	jxl1t	o_9413.png.scale896x896.jxl	94889188
cleanpicker	jxl1t	o_9413.png.scale96x96.jxl	4287077
cleanpicker	jxl1t	o_9418.png.scale128x192.jxl	5509034
cleanpicker	jxl1t	o_9418.png.scale171x256.jxl	8397232
cleanpicker	jxl1t	o_9418.png.scale256x384.jxl	15155634
cleanpicker	jxl1t	o_9418.png.scale341x512.jxl	25325947
cleanpicker	jxl1t	o_9418.png.scale427x640.jxl	36991859
cleanpicker	jxl1t	o_9418.png.scale43x64.jxl	3537502
cleanpicker	jxl1t	o_9418.png.scale512x768.jxl	51978933
cleanpicker	jxl1t	o_9418.png.scale597x896.jxl	62467037
cleanpicker	jxl1t	o_9418.png.scale64x96.jxl	3638393
cleanpicker	jxl1t	o_9418.png.scale683x1024.jxl	79249912
cleanpicker	jxl1t	o_9418.png.scale85x128.jxl	4552228
cleanpicker	jxl1t	o_9436.png.scale128x192.jxl	5862576
cleanpicker	jxl1t	o_9436.png.scale171x256.jxl	7875059
cleanpicker	jxl1t	o_9436.png.scale256x384.jxl	13730295
cleanpicker	jxl1t	o_9436.png.scale341x512.jxl	22658550
cleanpicker	jxl1t	o_9436.png.scale427x640.jxl	31610516
cleanpicker	jxl1t	o_9436.png.scale43x64.jxl	3374870
cleanpicker	jxl1t	o_9436.png.scale512x768.jxl	43125067
cleanpicker	jxl1t	o_9436.png.scale597x896.jxl	55655644
cleanpicker	jxl1t	o_9436.png.scale64x96.jxl	3895114
cleanpicker	jxl1t	o_9436.png.scale683x1024.jxl	71607834
cleanpicker	jxl1t	o_9436.png.scale85x128.jxl	4941241
cleanpicker	jxl1t	o_9440.png.scale128x192.jxl	5774776
cleanpicker	jxl1t	o_9440.png.scale171x256.jxl	8195561
cleanpicker	jxl1t	o_9440.png.scale256x384.jxl	13737755
cleanpicker	jxl1t	o_9440.png.scale341x512.jxl	21240722
cleanpicker	jxl1t	o_9440.png.scale427x640.jxl	31534445
cleanpicker	jxl1t	o_9440.png.scale43x64.jxl	3168960
cleanpicker	jxl1t	o_9440.png.scale512x768.jxl	44302555
cleanpicker	jxl1t	o_9440.png.scale597x896.jxl	56112798
cleanpicker	jxl1t	o_9440.png.scale64x96.jxl	4125216
cleanpicker	jxl1t	o_9440.png.scale683x1024.jxl	69178008
cleanpicker	jxl1t	o_9440.png.scale85x128.jxl	5217722
cleanpicker	jxl1t	o_9441.png.scale128x192.jxl	6390449
cleanpicker	jxl1t	o_9441.png.scale171x256.jxl	8240371
cleanpicker	jxl1t	o_9441.png.scale256x384.jxl	15877108
cleanpicker	jxl1t	o_9441.png.scale341x512.jxl	25328267
cleanpicker	jxl1t	o_9441.png.scale427x640.jxl	38745640
cleanpicker	jxl1t	o_9441.png.scale43x64.jxl	3629452
cleanpicker	jxl1t	o_9441.png.scale512x768.jxl	55070191
cleanpicker	jxl1t	o_9441.png.scale597x896.jxl	63302283
cleanpicker	jxl1t	o_9441.png.scale64x96.jxl	3996855
cleanpicker	jxl1t	o_9441.png.scale683x1024.jxl	81974038
cleanpicker	jxl1t	o_9441.png.scale85x128.jxl	4618969
cleanpicker	jxl1t	o_9447.png.scale128x192.jxl	5696435
cleanpicker	jxl1t	o_9447.png.scale171x256.jxl	8051350
cleanpicker	jxl1t	o_9447.png.scale256x384.jxl	16023179
cleanpicker	jxl1t	o_9447.png.scale341x512.jxl	25573568
cleanpicker	jxl1t	o_9447.png.scale427x640.jxl	38958292
cleanpicker	jxl1t	o_9447.png.scale43x64.jxl	3387281
cleanpicker	jxl1t	o_9447.png.scale512x768.jxl	51484949
cleanpicker	jxl1t	o_9447.png.scale597x896.jxl	61436650
cleanpicker	jxl1t	o_9447.png.scale64x96.jxl	3499112
cleanpicker	jxl1t	o_9447.png.scale683x1024.jxl	78684618
cleanpicker	jxl1t	o_9447.png.scale85x128.jxl	4438908
cleanpicker	jxl1t	o_9448.png.scale128x192.jxl	6118368
cleanpicker	jxl1t	o_9448.png.scale171x256.jxl	8295801
cleanpicker	jxl1t	o_9448.png.scale256x384.jxl	16394312
cleanpicker	jxl1t	o_9448.png.scale341x512.jxl	25755899
cleanpicker	jxl1t	o_9448.png.scale427x640.jxl	40046188
cleanpicker	jxl1t	o_9448.png.scale43x64.jxl	3957055
cleanpicker	jxl1t	o_9448.png.scale512x768.jxl	57673207
cleanpicker	jxl1t	o_9448.png.scale597x896.jxl	63659734
cleanpicker	jxl1t	o_9448.png.scale64x96.jxl	4008275
cleanpicker	jxl1t	o_9448.png.scale683x1024.jxl	78880418
cleanpicker	jxl1t	o_9448.png.scale85x128.jxl	4297596
cleanpicker	jxl1t	o_9451.png.scale1024x683.jxl	72565579
cleanpicker	jxl1t	o_9451.png.scale128x85.jxl	4443717
cleanpicker	jxl1t	o_9451.png.scale192x128.jxl	5519824
cleanpicker	jxl1t	o_9451.png.scale256x171.jxl	7895809
cleanpicker	jxl1t	o_9451.png.scale384x256.jxl	13767726
cleanpicker	jxl1t	o_9451.png.scale512x341.jxl	21370252
cleanpicker	jxl1t	o_9451.png.scale640x427.jxl	28971360
cleanpicker	jxl1t	o_9451.png.scale64x43.jxl	3522602
cleanpicker	jxl1t	o_9451.png.scale768x512.jxl	44911088
cleanpicker	jxl1t	o_9451.png.scale896x597.jxl	54814750
cleanpicker	jxl1t	o_9451.png.scale96x64.jxl	4127966
cleanpicker	jxl1t	o_9453.png.scale1024x683.jxl	63497024
cleanpicker	jxl1t	o_9453.png.scale128x85.jxl	4014095
cleanpicker	jxl1t	o_9453.png.scale192x128.jxl	6263558
cleanpicker	jxl1t	o_9453.png.scale256x171.jxl	7695828
cleanpicker	jxl1t	o_9453.png.scale384x256.jxl	13476223
cleanpicker	jxl1t	o_9453.png.scale512x341.jxl	18921637
cleanpicker	jxl1t	o_9453.png.scale640x427.jxl	31987169
cleanpicker	jxl1t	o_9453.png.scale64x43.jxl	3100039
cleanpicker	jxl1t	o_9453.png.scale768x512.jxl	43928482
cleanpicker	jxl1t	o_9453.png.scale896x597.jxl	54106116
cleanpicker	jxl1t	o_9453.png.scale96x64.jxl	4109016
cleanpicker	jxl1t	o_9457.png.scale108x192.jxl	5139352
cleanpicker	jxl1t	o_9457.png.scale144x256.jxl	6359430
cleanpicker	jxl1t	o_9457.png.scale216x384.jxl	11646782
cleanpicker	jxl1t	o_9457.png.scale288x512.jxl	16778615
cleanpicker	jxl1t	o_9457.png.scale360x640.jxl	22711861
cleanpicker	jxl1t	o_9457.png.scale36x64.jxl	3156219
cleanpicker	jxl1t	o_9457.png.scale432x768.jxl	35784751
cleanpicker	jxl1t	o_9457.png.scale504x896.jxl	47060372
cleanpicker	jxl1t	o_9457.png.scale54x96.jxl	3446181
cleanpicker	jxl1t	o_9457.png.scale576x1024.jxl	59248247
cleanpicker	jxl1t	o_9457.png.scale72x128.jxl	4309427
cleanpicker	jxl1t	o_9460.png.scale107x192.jxl	5163682
cleanpicker	jxl1t	o_9460.png.scale143x256.jxl	7827689
cleanpicker	jxl1t	o_9460.png.scale214x384.jxl	13066651
cleanpicker	jxl1t	o_9460.png.scale286x512.jxl	18579925
cleanpicker	jxl1t	o_9460.png.scale357x640.jxl	27871273
cleanpicker	jxl1t	o_9460.png.scale36x64.jxl	3266430
cleanpicker	jxl1t	o_9460.png.scale429x768.jxl	41462627
cleanpicker	jxl1t	o_9460.png.scale500x896.jxl	54317166
cleanpicker	jxl1t	o_9460.png.scale54x96.jxl	3410782
cleanpicker	jxl1t	o_9460.png.scale572x1024.jxl	61900674
cleanpicker	jxl1t	o_9460.png.scale71x128.jxl	4122895
cleanpicker	jxl1t	o_9461.png.scale107x192.jxl	5325813
cleanpicker	jxl1t	o_9461.png.scale143x256.jxl	7730998
cleanpicker	jxl1t	o_9461.png.scale214x384.jxl	14781291
cleanpicker	jxl1t	o_9461.png.scale286x512.jxl	21767925
cleanpicker	jxl1t	o_9461.png.scale357x640.jxl	32211439
cleanpicker	jxl1t	o_9461.png.scale36x64.jxl	3813074
cleanpicker	jxl1t	o_9461.png.scale429x768.jxl	45202980
cleanpicker	jxl1t	o_9461.png.scale500x896.jxl	63161201
cleanpicker	jxl1t	o_9461.png.scale54x96.jxl	3429791
cleanpicker	jxl1t	o_9461.png.scale572x1024.jxl	73084433
cleanpicker	jxl1t	o_9461.png.scale71x128.jxl	3854614
cleanpicker	jxl1t	o_9468.png.scale108x192.jxl	6240158
cleanpicker	jxl1t	o_9468.png.scale144x256.jxl	8988436
cleanpicker	jxl1t	o_9468.png.scale216x384.jxl	14550671
cleanpicker	jxl1t	o_9468.png.scale288x512.jxl	23069393
cleanpicker	jxl1t	o_9468.png.scale360x640.jxl	35450080
cleanpicker	jxl1t	o_9468.png.scale36x64.jxl	3616363
cleanpicker	jxl1t	o_9468.png.scale432x768.jxl	50969805
cleanpicker	jxl1t	o_9468.png.scale504x896.jxl	65410075
cleanpicker	jxl1t	o_9468.png.scale54x96.jxl	3993665
cleanpicker	jxl1t	o_9468.png.scale576x1024.jxl	72379209
cleanpicker	jxl1t	o_9468.png.scale72x128.jxl	4718539
cleanpicker	jxl1t	o_9472.png.scale108x192.jxl	5392444
cleanpicker	jxl1t	o_9472.png.scale144x256.jxl	8143781
cleanpicker	jxl1t	o_9472.png.scale216x384.jxl	13922116
cleanpicker	jxl1t	o_9472.png.scale288x512.jxl	22529359
cleanpicker	jxl1t	o_9472.png.scale360x640.jxl	32689373
cleanpicker	jxl1t	o_9472.png.scale36x64.jxl	3189670
cleanpicker	jxl1t	o_9472.png.scale432x768.jxl	48657001
cleanpicker	jxl1t	o_9472.png.scale504x896.jxl	65361325
cleanpicker	jxl1t	o_9472.png.scale54x96.jxl	3372821
cleanpicker	jxl1t	o_9472.png.scale576x1024.jxl	74280570
cleanpicker	jxl1t	o_9472.png.scale72x128.jxl	4328647
cleanpicker	jxl1t	o_9475.png.scale108x192.jxl	5846286
cleanpicker	jxl1t	o_9475.png.scale144x256.jxl	8279861
cleanpicker	jxl1t	o_9475.png.scale216x384.jxl	14502820
cleanpicker	jxl1t	o_9475.png.scale288x512.jxl	23302045
cleanpicker	jxl1t	o_9475.png.scale360x640.jxl	35058267
cleanpicker	jxl1t	o_9475.png.scale36x64.jxl	3197339
cleanpicker	jxl1t	o_9475.png.scale432x768.jxl	48330210
cleanpicker	jxl1t	o_9475.png.scale504x896.jxl	64054417
cleanpicker	jxl1t	o_9475.png.scale54x96.jxl	4672099
cleanpicker	jxl1t	o_9475.png.scale576x1024.jxl	75334707
cleanpicker	jxl1t	o_9475.png.scale72x128.jxl	4713269
cleanpicker	jxl1t	o_9493.png.scale128x192.jxl	6078327
cleanpicker	jxl1t	o_9493.png.scale171x256.jxl	8770765
cleanpicker	jxl1t	o_9493.png.scale256x384.jxl	16166520
cleanpicker	jxl1t	o_9493.png.scale341x512.jxl	25501578
cleanpicker	jxl1t	o_9493.png.scale427x640.jxl	38999092
cleanpicker	jxl1t	o_9493.png.scale43x64.jxl	3487071
cleanpicker	jxl1t	o_9493.png.scale512x768.jxl	54284866
cleanpicker	jxl1t	o_9493.png.scale597x896.jxl	64568860
cleanpicker	jxl1t	o_9493.png.scale64x96.jxl	4101305
cleanpicker	jxl1t	o_9493.png.scale683x1024.jxl	81677666
cleanpicker	jxl1t	o_9493.png.scale85x128.jxl	4712519
cleanpicker	jxl1t	o_9497.png.scale128x192.jxl	5798496
cleanpicker	jxl1t	o_9497.png.scale171x256.jxl	7970530
cleanpicker	jxl1t	o_9497.png.scale256x384.jxl	13588324
cleanpicker	jxl1t	o_9497.png.scale341x512.jxl	19410221
cleanpicker	jxl1t	o_9497.png.scale427x640.jxl	32365581
cleanpicker	jxl1t	o_9497.png.scale43x64.jxl	3082359
cleanpicker	jxl1t	o_9497.png.scale512x768.jxl	44166193
cleanpicker	jxl1t	o_9497.png.scale597x896.jxl	56881942
cleanpicker	jxl1t	o_9497.png.scale64x96.jxl	3461741
cleanpicker	jxl1t	o_9497.png.scale683x1024.jxl	65838398
cleanpicker	jxl1t	o_9497.png.scale85x128.jxl	5009481
cleanpicker	jxl1t	o_9506.png.scale108x192.jxl	5733265
cleanpicker	jxl1t	o_9506.png.scale144x256.jxl	8077320
cleanpicker	jxl1t	o_9506.png.scale216x384.jxl	13350923
cleanpicker	jxl1t	o_9506.png.scale288x512.jxl	22446859
cleanpicker	jxl1t	o_9506.png.scale360x640.jxl	31744186
cleanpicker	jxl1t	o_9506.png.scale36x64.jxl	3457441
cleanpicker	jxl1t	o_9506.png.scale432x768.jxl	45671053
cleanpicker	jxl1t	o_9506.png.scale504x896.jxl	61104249
cleanpicker	jxl1t	o_9506.png.scale54x96.jxl	4354587
cleanpicker	jxl1t	o_9506.png.scale576x1024.jxl	74268620
cleanpicker	jxl1t	o_9506.png.scale72x128.jxl	4874821
cleanpicker	jxl1t	o_9526.png.scale1024x1024.jxl	124175320
cleanpicker	jxl1t	o_9526.png.scale128x128.jxl	5157522
cleanpicker	jxl1t	o_9526.png.scale192x192.jxl	7497596
cleanpicker	jxl1t	o_9526.png.scale256x256.jxl	10472125
cleanpicker	jxl1t	o_9526.png.scale384x384.jxl	21220442
cleanpicker	jxl1t	o_9526.png.scale512x512.jxl	32374570
cleanpicker	jxl1t	o_9526.png.scale640x640.jxl	50077240
cleanpicker	jxl1t	o_9526.png.scale64x64.jxl	3740213
cleanpicker	jxl1t	o_9526.png.scale768x768.jxl	69890323
cleanpicker	jxl1t	o_9526.png.scale896x896.jxl	91125245
cleanpicker	jxl1t	o_9526.png.scale96x96.jxl	4714479
cleanpicker	jxl1t	o_9528.png.scale128x192.jxl	6181988
cleanpicker	jxl1t	o_9528.png.scale171x256.jxl	8493622
cleanpicker	jxl1t	o_9528.png.scale256x384.jxl	14606931
cleanpicker	jxl1t	o_9528.png.scale341x512.jxl	23819558
cleanpicker	jxl1t	o_9528.png.scale427x640.jxl	32090249
cleanpicker	jxl1t	o_9528.png.scale43x64.jxl	3441761
cleanpicker	jxl1t	o_9528.png.scale512x768.jxl	47741926
cleanpicker	jxl1t	o_9528.png.scale597x896.jxl	62632868
cleanpicker	jxl1t	o_9528.png.scale64x96.jxl	4192656
cleanpicker	jxl1t	o_9528.png.scale683x1024.jxl	82819194
cleanpicker	jxl1t	o_9528.png.scale85x128.jxl	4614608
cleanpicker	jxl1t	o_9531.png.scale128x192.jxl	6712032
cleanpicker	jxl1t	o_9531.png.scale171x256.jxl	9337567
cleanpicker	jxl1t	o_9531.png.scale256x384.jxl	16597803
cleanpicker	jxl1t	o_9531.png.scale341x512.jxl	22853391
cleanpicker	jxl1t	o_9531.png.scale427x640.jxl	37441312
cleanpicker	jxl1t	o_9531.png.scale43x64.jxl	3203979
cleanpicker	jxl1t	o_9531.png.scale512x768.jxl	58746224
cleanpicker	jxl1t	o_9531.png.scale597x896.jxl	67977552
cleanpicker	jxl1t	o_9531.png.scale64x96.jxl	4100565
cleanpicker	jxl1t	o_9531.png.scale683x1024.jxl	78049033
cleanpicker	jxl1t	o_9531.png.scale85x128.jxl	4694339
cleanpicker	jxl1t	o_9532.png.scale128x192.jxl	6182008
cleanpicker	jxl1t	o_9532.png.scale171x256.jxl	7842938
cleanpicker	jxl1t	o_9532.png.scale256x384.jxl	13250202
cleanpicker	jxl1t	o_9532.png.scale341x512.jxl	20642238
cleanpicker	jxl1t	o_9532.png.scale427x640.jxl	31233384
cleanpicker	jxl1t	o_9532.png.scale43x64.jxl	3928534
cleanpicker	jxl1t	o_9532.png.scale512x768.jxl	44752877
cleanpicker	jxl1t	o_9532.png.scale597x896.jxl	55591604
cleanpicker	jxl1t	o_9532.png.scale64x96.jxl	3586502
cleanpicker	jxl1t	o_9532.png.scale683x1024.jxl	69626322
cleanpicker	jxl1t	o_9532.png.scale85x128.jxl	4421817
cleanpicker	jxl1t	o_9539.png.scale1024x1024.jxl	109706830
cleanpicker	jxl1t	o_9539.png.scale128x128.jxl	5417033
cleanpicker	jxl1t	o_9539.png.scale192x192.jxl	7368696
cleanpicker	jxl1t	o_9539.png.scale256x256.jxl	10156542
cleanpicker	jxl1t	o_9539.png.scale384x384.jxl	19067248
cleanpicker	jxl1t	o_9539.png.scale512x512.jxl	32200720
cleanpicker	jxl1t	o_9539.png.scale640x640.jxl	45733254
cleanpicker	jxl1t	o_9539.png.scale64x64.jxl	3779504
cleanpicker	jxl1t	o_9539.png.scale768x768.jxl	64515190
cleanpicker	jxl1t	o_9539.png.scale896x896.jxl	83322846
cleanpicker	jxl1t	o_9539.png.scale96x96.jxl	4065905
cleanpicker	jxl1t	o_9546.png.scale128x192.jxl	5965957
cleanpicker	jxl1t	o_9546.png.scale171x256.jxl	8397952
cleanpicker	jxl1t	o_9546.png.scale256x384.jxl	16415292
cleanpicker	jxl1t	o_9546.png.scale341x512.jxl	25672489
cleanpicker	jxl1t	o_9546.png.scale427x640.jxl	38689380
cleanpicker	jxl1t	o_9546.png.scale43x64.jxl	3552422
cleanpicker	jxl1t	o_9546.png.scale512x768.jxl	57984659
cleanpicker	jxl1t	o_9546.png.scale597x896.jxl	65003122
cleanpicker	jxl1t	o_9546.png.scale64x96.jxl	3885354
cleanpicker	jxl1t	o_9546.png.scale683x1024.jxl	87225021
cleanpicker	jxl1t	o_9546.png.scale85x128.jxl	4831680
cleanpicker	jxl1t	o_9548.png.scale1024x1024.jxl	112966291
cleanpicker	jxl1t	o_9548.png.scale128x128.jxl	5550974
cleanpicker	jxl1t	o_9548.png.scale192x192.jxl	7229085
cleanpicker	jxl1t	o_9548.png.scale256x256.jxl	10382814
cleanpicker	jxl1t	o_9548.png.scale384x384.jxl	20260995
cleanpicker	jxl1t	o_9548.png.scale512x512.jxl	31765717
cleanpicker	jxl1t	o_9548.png.scale640x640.jxl	46330727
cleanpicker	jxl1t	o_9548.png.scale64x64.jxl	4030035
cleanpicker	jxl1t	o_9548.png.scale768x768.jxl	63773855
cleanpicker	jxl1t	o_9548.png.scale896x896.jxl	88320097
cleanpicker	jxl1t	o_9548.png.scale96x96.jxl	3816883
cleanpicker	jxl1t	o_9564.png.scale1024x1024.jxl	117693369
cleanpicker	jxl1t	o_9564.png.scale128x128.jxl	4797209
cleanpicker	jxl1t	o_9564.png.scale192x192.jxl	7318976
cleanpicker	jxl1t	o_9564.png.scale256x256.jxl	10502755
cleanpicker	jxl1t	o_9564.png.scale384x384.jxl	19264119
cleanpicker	jxl1t	o_9564.png.scale512x512.jxl	31365354
cleanpicker	jxl1t	o_9564.png.scale640x640.jxl	43523069
cleanpicker	jxl1t	o_9564.png.scale64x64.jxl	3822404
cleanpicker	jxl1t	o_9564.png.scale768x768.jxl	68422634
cleanpicker	jxl1t	o_9564.png.scale896x896.jxl	92333162
cleanpicker	jxl1t	o_9564.png.scale96x96.jxl	4669859
cleanpicker	jxl1t	o_9571.png.scale128x192.jxl	5980347
cleanpicker	jxl1t	o_9571.png.scale171x256.jxl	8491802
cleanpicker	jxl1t	o_9571.png.scale256x384.jxl	15693347
cleanpicker	jxl1t	o_9571.png.scale341x512.jxl	23695497
cleanpicker	jxl1t	o_9571.png.scale427x640.jxl	36170594
cleanpicker	jxl1t	o_9571.png.scale43x64.jxl	3266501
cleanpicker	jxl1t	o_9571.png.scale512x768.jxl	49339456
cleanpicker	jxl1t	o_9571.png.scale597x896.jxl	58508313
cleanpicker	jxl1t	o_9571.png.scale64x96.jxl	4306686
cleanpicker	jxl1t	o_9571.png.scale683x1024.jxl	79799985
cleanpicker	jxl1t	o_9571.png.scale85x128.jxl	4454318
cleanpicker	jxl1t	o_9572.png.scale128x192.jxl	6036088
cleanpicker	jxl1t	o_9572.png.scale171x256.jxl	7497817
cleanpicker	jxl1t	o_9572.png.scale256x384.jxl	13504394
cleanpicker	jxl1t	o_9572.png.scale341x512.jxl	19170579
cleanpicker	jxl1t	o_9572.png.scale427x640.jxl	32972555
cleanpicker	jxl1t	o_9572.png.scale43x64.jxl	3601312
cleanpicker	jxl1t	o_9572.png.scale512x768.jxl	44234474
cleanpicker	jxl1t	o_9572.png.scale597x896.jxl	54539218
cleanpicker	jxl1t	o_9572.png.scale64x96.jxl	3423821
cleanpicker	jxl1t	o_9572.png.scale683x1024.jxl	66705924
cleanpicker	jxl1t	o_9572.png.scale85x128.jxl	4693799
cleanpicker	jxl1t	o_9584.png.scale128x192.jxl	5378913
cleanpicker	jxl1t	o_9584.png.scale171x256.jxl	8459273
cleanpicker	jxl1t	o_9584.png.scale256x384.jxl	14792572
cleanpicker	jxl1t	o_9584.png.scale341x512.jxl	23381965
cleanpicker	jxl1t	o_9584.png.scale427x640.jxl	34318943
cleanpicker	jxl1t	o_9584.png.scale43x64.jxl	3057419
cleanpicker	jxl1t	o_9584.png.scale512x768.jxl	51463729
cleanpicker	jxl1t	o_9584.png.scale597x896.jxl	56772492
cleanpicker	jxl1t	o_9584.png.scale64x96.jxl	3911354
cleanpicker	jxl1t	o_9584.png.scale683x1024.jxl	76551724
cleanpicker	jxl1t	o_9584.png.scale85x128.jxl	4056975
cleanpicker	jxl1t	o_9585.png.scale1024x683.jxl	74279730
cleanpicker	jxl1t	o_9585.png.scale128x85.jxl	4150745
cleanpicker	jxl1t	o_9585.png.scale192x128.jxl	6521060
cleanpicker	jxl1t	o_9585.png.scale256x171.jxl	8691824
cleanpicker	jxl1t	o_9585.png.scale384x256.jxl	15448145
cleanpicker	jxl1t	o_9585.png.scale512x341.jxl	24041779
cleanpicker	jxl1t	o_9585.png.scale640x427.jxl	38351328
cleanpicker	jxl1t	o_9585.png.scale64x43.jxl	3189979
cleanpicker	jxl1t	o_9585.png.scale768x512.jxl	54913841
cleanpicker	jxl1t	o_9585.png.scale896x597.jxl	58059739
cleanpicker	jxl1t	o_9585.png.scale96x64.jxl	4440367
cleanpicker	jxl1t	o_9589.png.scale1024x1024.jxl	87362871
cleanpicker	jxl1t	o_9589.png.scale128x128.jxl	5120292
cleanpicker	jxl1t	o_9589.png.scale192x192.jxl	6678582
cleanpicker	jxl1t	o_9589.png.scale256x256.jxl	10095323
cleanpicker	jxl1t	o_9589.png.scale384x384.jxl	18608435
cleanpicker	jxl1t	o_9589.png.scale512x512.jxl	29650204
cleanpicker	jxl1t	o_9589.png.scale640x640.jxl	43847462
cleanpicker	jxl1t	o_9589.png.scale64x64.jxl	3164620
cleanpicker	jxl1t	o_9589.png.scale768x768.jxl	56316329
cleanpicker	jxl1t	o_9589.png.scale896x896.jxl	72632550
cleanpicker	jxl1t	o_9589.png.scale96x96.jxl	3647612
cleanpicker	jxl1t	o_9592.png.scale1024x1024.jxl	109310687
cleanpicker	jxl1t	o_9592.png.scale128x128.jxl	4758290
cleanpicker	jxl1t	o_9592.png.scale192x192.jxl	7509356
cleanpicker	jxl1t	o_9592.png.scale256x256.jxl	11050119
cleanpicker	jxl1t	o_9592.png.scale384x384.jxl	22455659
cleanpicker	jxl1t	o_9592.png.scale512x512.jxl	34788426
cleanpicker	jxl1t	o_9592.png.scale640x640.jxl	51636400
cleanpicker	jxl1t	o_9592.png.scale64x64.jxl	4101436
cleanpicker	jxl1t	o_9592.png.scale768x768.jxl	70814209
cleanpicker	jxl1t	o_9592.png.scale896x896.jxl	92214691
cleanpicker	jxl1t	o_9592.png.scale96x96.jxl	4474328
cleanpicker	jxl1t	o_9597.png.scale1024x683.jxl	86663197
cleanpicker	jxl1t	o_9597.png.scale128x85.jxl	4879510
cleanpicker	jxl1t	o_9597.png.scale192x128.jxl	5880416
cleanpicker	jxl1t	o_9597.png.scale256x171.jxl	8212351
cleanpicker	jxl1t	o_9597.png.scale384x256.jxl	16266341
cleanpicker	jxl1t	o_9597.png.scale512x341.jxl	25010765
cleanpicker	jxl1t	o_9597.png.scale640x427.jxl	38505158
cleanpicker	jxl1t	o_9597.png.scale64x43.jxl	3190020
cleanpicker	jxl1t	o_9597.png.scale768x512.jxl	53868803
cleanpicker	jxl1t	o_9597.png.scale896x597.jxl	65442126
cleanpicker	jxl1t	o_9597.png.scale96x64.jxl	3484142
cleanpicker	jxl1t	o_9598.png.scale1024x1024.jxl	100641784
cleanpicker	jxl1t	o_9598.png.scale128x128.jxl	5078042
cleanpicker	jxl1t	o_9598.png.scale192x192.jxl	6821912
cleanpicker	jxl1t	o_9598.png.scale256x256.jxl	9807001
cleanpicker	jxl1t	o_9598.png.scale384x384.jxl	20019324
cleanpicker	jxl1t	o_9598.png.scale512x512.jxl	33614868
cleanpicker	jxl1t	o_9598.png.scale640x640.jxl	43860531
cleanpicker	jxl1t	o_9598.png.scale64x64.jxl	3839894
cleanpicker	jxl1t	o_9598.png.scale768x768.jxl	64230408
cleanpicker	jxl1t	o_9598.png.scale896x896.jxl	74815704
cleanpicker	jxl1t	o_9598.png.scale96x96.jxl	4204676
cleanpicker	jxl1t	o_9604.png.scale1024x683.jxl	67586379
cleanpicker	jxl1t	o_9604.png.scale128x85.jxl	4007505
cleanpicker	jxl1t	o_9604.png.scale192x128.jxl	5530024
cleanpicker	jxl1t	o_9604.png.scale256x171.jxl	8212741
cleanpicker	jxl1t	o_9604.png.scale384x256.jxl	14538130
cleanpicker	jxl1t	o_9604.png.scale512x341.jxl	21542373
cleanpicker	jxl1t	o_9604.png.scale640x427.jxl	32567642
cleanpicker	jxl1t	o_9604.png.scale64x43.jxl	3691953
cleanpicker	jxl1t	o_9604.png.scale768x512.jxl	45002429
cleanpicker	jxl1t	o_9604.png.scale896x597.jxl	53183060
cleanpicker	jxl1t	o_9604.png.scale96x64.jxl	3686373
cleanpicker	jxl1t	o_9615.png.scale1024x1024.jxl	85144967
cleanpicker	jxl1t	o_9615.png.scale128x128.jxl	4728109
cleanpicker	jxl1t	o_9615.png.scale192x192.jxl	6987454
cleanpicker	jxl1t	o_9615.png.scale256x256.jxl	10303744
cleanpicker	jxl1t	o_9615.png.scale384x384.jxl	18178313
cleanpicker	jxl1t	o_9615.png.scale512x512.jxl	29600643
cleanpicker	jxl1t	o_9615.png.scale640x640.jxl	40888734
cleanpicker	jxl1t	o_9615.png.scale64x64.jxl	3718623
cleanpicker	jxl1t	o_9615.png.scale768x768.jxl	52056773
cleanpicker	jxl1t	o_9615.png.scale896x896.jxl	64225228
cleanpicker	jxl1t	o_9615.png.scale96x96.jxl	4120275
cleanpicker	jxl1t	o_9618.png.scale1024x683.jxl	79845205
cleanpicker	jxl1t	o_9618.png.scale128x85.jxl	4477798
cleanpicker	jxl1t	o_9618.png.scale192x128.jxl	5273063
cleanpicker	jxl1t	o_9618.png.scale256x171.jxl	8742035
cleanpicker	jxl1t	o_9618.png.scale384x256.jxl	15094364
cleanpicker	jxl1t	o_9618.png.scale512x341.jxl	24004239
cleanpicker	jxl1t	o_9618.png.scale640x427.jxl	36148475
cleanpicker	jxl1t	o_9618.png.scale64x43.jxl	3731233
cleanpicker	jxl1t	o_9618.png.scale768x512.jxl	48507981
cleanpicker	jxl1t	o_9618.png.scale896x597.jxl	55758996
cleanpicker	jxl1t	o_9618.png.scale96x64.jxl	4113895
cleanpicker	jxl1t	o_9660.png.scale1024x559.jxl	53155590
cleanpicker	jxl1t	o_9660.png.scale128x70.jxl	4056095
cleanpicker	jxl1t	o_9660.png.scale192x105.jxl	5123342
cleanpicker	jxl1t	o_9660.png.scale256x140.jxl	7024463
cleanpicker	jxl1t	o_9660.png.scale384x209.jxl	9997372
cleanpicker	jxl1t	o_9660.png.scale512x279.jxl	14940323
cleanpicker	jxl1t	o_9660.png.scale640x349.jxl	23940398
cleanpicker	jxl1t	o_9660.png.scale64x35.jxl	3375301
cleanpicker	jxl1t	o_9660.png.scale768x419.jxl	32722843
cleanpicker	jxl1t	o_9660.png.scale896x489.jxl	41610948
cleanpicker	jxl1t	o_9660.png.scale96x52.jxl	3805603
cleanpicker	jxl1t	o_9678.png.scale128x192.jxl	6219178
cleanpicker	jxl1t	o_9678.png.scale171x256.jxl	8238092
cleanpicker	jxl1t	o_9678.png.scale256x384.jxl	15232144
cleanpicker	jxl1t	o_9678.png.scale341x512.jxl	22421429
cleanpicker	jxl1t	o_9678.png.scale427x640.jxl	34752655
cleanpicker	jxl1t	o_9678.png.scale43x64.jxl	3175060
cleanpicker	jxl1t	o_9678.png.scale512x768.jxl	47370424
cleanpicker	jxl1t	o_9678.png.scale597x896.jxl	56704381
cleanpicker	jxl1t	o_9678.png.scale64x96.jxl	3965125
cleanpicker	jxl1t	o_9678.png.scale683x1024.jxl	81802257
cleanpicker	jxl1t	o_9678.png.scale85x128.jxl	4072855
cleanpicker	jxl1t	o_9687.png.scale1024x683.jxl	64893673
cleanpicker	jxl1t	o_9687.png.scale128x85.jxl	4379357
cleanpicker	jxl1t	o_9687.png.scale192x128.jxl	5933717
cleanpicker	jxl1t	o_9687.png.scale256x171.jxl	7515796
cleanpicker	jxl1t	o_9687.png.scale384x256.jxl	14012617
cleanpicker	jxl1t	o_9687.png.scale512x341.jxl	22325928
cleanpicker	jxl1t	o_9687.png.scale640x427.jxl	33724399
cleanpicker	jxl1t	o_9687.png.scale64x43.jxl	3114329
cleanpicker	jxl1t	o_9687.png.scale768x512.jxl	46772010
cleanpicker	jxl1t	o_9687.png.scale896x597.jxl	56763092
cleanpicker	jxl1t	o_9687.png.scale96x64.jxl	3356761
cleanpicker	jxl1t	o_9696.png.scale128x192.jxl	6030798
cleanpicker	jxl1t	o_9696.png.scale171x256.jxl	7745118
cleanpicker	jxl1t	o_9696.png.scale256x384.jxl	13729095
cleanpicker	jxl1t	o_9696.png.scale341x512.jxl	20952359
cleanpicker	jxl1t	o_9696.png.scale427x640.jxl	31652116
cleanpicker	jxl1t	o_9696.png.scale43x64.jxl	3022829
cleanpicker	jxl1t	o_9696.png.scale512x768.jxl	45879714
cleanpicker	jxl1t	o_9696.png.scale597x896.jxl	56742541
cleanpicker	jxl1t	o_9696.png.scale64x96.jxl	3626053
cleanpicker	jxl1t	o_9696.png.scale683x1024.jxl	66651553
cleanpicker	jxl1t	o_9696.png.scale85x128.jxl	4898930
cleanpicker	jxl1t	o_9724.png.scale128x192.jxl	6106668
cleanpicker	jxl1t	o_9724.png.scale171x256.jxl	8088850
cleanpicker	jxl1t	o_9724.png.scale256x384.jxl	13757085
cleanpicker	jxl1t	o_9724.png.scale341x512.jxl	22032087
cleanpicker	jxl1t	o_9724.png.scale427x640.jxl	33431838
cleanpicker	jxl1t	o_9724.png.scale43x64.jxl	3579712
cleanpicker	jxl1t	o_9724.png.scale512x768.jxl	45948004
cleanpicker	jxl1t	o_9724.png.scale597x896.jxl	50630024
cleanpicker	jxl1t	o_9724.png.scale64x96.jxl	4038905
cleanpicker	jxl1t	o_9724.png.scale683x1024.jxl	71277102
cleanpicker	jxl1t	o_9724.png.scale85x128.jxl	4383308
cleanpicker	jxl1t	o_9731.png.scale1024x1024.jxl	125891420
cleanpicker	jxl1t	o_9731.png.scale128x128.jxl	5046741
cleanpicker	jxl1t	o_9731.png.scale192x192.jxl	7551567
cleanpicker	jxl1t	o_9731.png.scale256x256.jxl	10541545
cleanpicker	jxl1t	o_9731.png.scale384x384.jxl	19472411
cleanpicker	jxl1t	o_9731.png.scale512x512.jxl	33762369
cleanpicker	jxl1t	o_9731.png.scale640x640.jxl	52057892
cleanpicker	jxl1t	o_9731.png.scale64x64.jxl	3182059
cleanpicker	jxl1t	o_9731.png.scale768x768.jxl	71910145
cleanpicker	jxl1t	o_9731.png.scale896x896.jxl	87830814
cleanpicker	jxl1t	o_9731.png.scale96x96.jxl	4124386
cleanpicker	jxl1t	o_9736.png.scale1024x1024.jxl	113705784
cleanpicker	jxl1t	o_9736.png.scale128x128.jxl	5360524
cleanpicker	jxl1t	o_9736.png.scale192x192.jxl	7242955
cleanpicker	jxl1t	o_9736.png.scale256x256.jxl	10553266
cleanpicker	jxl1t	o_9736.png.scale384x384.jxl	21480103
cleanpicker	jxl1t	o_9736.png.scale512x512.jxl	34363443
cleanpicker	jxl1t	o_9736.png.scale640x640.jxl	48865173
cleanpicker	jxl1t	o_9736.png.scale64x64.jxl	3648402
cleanpicker	jxl1t	o_9736.png.scale768x768.jxl	66817084
cleanpicker	jxl1t	o_9736.png.scale896x896.jxl	88959121
cleanpicker	jxl1t	o_9736.png.scale96x96.jxl	4132445
cleanpicker	jxl1t	o_9741.png.scale1024x1024.jxl	103154950
cleanpicker	jxl1t	o_9741.png.scale128x128.jxl	4737109
cleanpicker	jxl1t	o_9741.png.scale192x192.jxl	7666958
cleanpicker	jxl1t	o_9741.png.scale256x256.jxl	10206583
cleanpicker	jxl1t	o_9741.png.scale384x384.jxl	19406680
cleanpicker	jxl1t	o_9741.png.scale512x512.jxl	32059049
cleanpicker	jxl1t	o_9741.png.scale640x640.jxl	44118823
cleanpicker	jxl1t	o_9741.png.scale64x64.jxl	3551562
cleanpicker	jxl1t	o_9741.png.scale768x768.jxl	67953091
cleanpicker	jxl1t	o_9741.png.scale896x896.jxl	81346065
cleanpicker	jxl1t	o_9741.png.scale96x96.jxl	4302747
cleanpicker	jxl1t	o_9742.png.scale1024x1024.jxl	123353564
cleanpicker	jxl1t	o_9742.png.scale128x128.jxl	4825459
cleanpicker	jxl1t	o_9742.png.scale192x192.jxl	6971714
cleanpicker	jxl1t	o_9742.png.scale256x256.jxl	10526575
cleanpicker	jxl1t	o_9742.png.scale384x384.jxl	20564327
cleanpicker	jxl1t	o_9742.png.scale512x512.jxl	34804246
cleanpicker	jxl1t	o_9742.png.scale640x640.jxl	48749702
cleanpicker	jxl1t	o_9742.png.scale64x64.jxl	3819213
cleanpicker	jxl1t	o_9742.png.scale768x768.jxl	69505001
cleanpicker	jxl1t	o_9742.png.scale896x896.jxl	90261750
cleanpicker	jxl1t	o_9742.png.scale96x96.jxl	4272837
cleanpicker	jxl1t	o_9744.png.scale1024x1024.jxl	116955245
cleanpicker	jxl1t	o_9744.png.scale128x128.jxl	5160582
cleanpicker	jxl1t	o_9744.png.scale192x192.jxl	7080744
cleanpicker	jxl1t	o_9744.png.scale256x256.jxl	10571216
cleanpicker	jxl1t	o_9744.png.scale384x384.jxl	21367202
cleanpicker	jxl1t	o_9744.png.scale512x512.jxl	34207982
cleanpicker	jxl1t	o_9744.png.scale640x640.jxl	48515931
cleanpicker	jxl1t	o_9744.png.scale64x64.jxl	3272890
cleanpicker	jxl1t	o_9744.png.scale768x768.jxl	65734247
cleanpicker	jxl1t	o_9744.png.scale896x896.jxl	86990529
cleanpicker	jxl1t	o_9744.png.scale96x96.jxl	3866484
cleanpicker	jxl1t	o_9746.png.scale1024x683.jxl	80877091
cleanpicker	jxl1t	o_9746.png.scale128x85.jxl	4619239
cleanpicker	jxl1t	o_9746.png.scale192x128.jxl	5908457
cleanpicker	jxl1t	o_9746.png.scale256x171.jxl	7589927
cleanpicker	jxl1t	o_9746.png.scale384x256.jxl	13378223
cleanpicker	jxl1t	o_9746.png.scale512x341.jxl	22352408
cleanpicker	jxl1t	o_9746.png.scale640x427.jxl	33246236
cleanpicker	jxl1t	o_9746.png.scale64x43.jxl	3132800
cleanpicker	jxl1t	o_9746.png.scale768x512.jxl	47115832
cleanpicker	jxl1t	o_9746.png.scale896x597.jxl	59842861
cleanpicker	jxl1t	o_9746.png.scale96x64.jxl	4172136
cleanpicker	jxl1t	o_9750.png.scale1024x683.jxl	81736836
cleanpicker	jxl1t	o_9750.png.scale128x85.jxl	4015944
cleanpicker	jxl1t	o_9750.png.scale192x128.jxl	5886447
cleanpicker	jxl1t	o_9750.png.scale256x171.jxl	7997190
cleanpicker	jxl1t	o_9750.png.scale384x256.jxl	15053643
cleanpicker	jxl1t	o_9750.png.scale512x341.jxl	23305194
cleanpicker	jxl1t	o_9750.png.scale640x427.jxl	34404833
cleanpicker	jxl1t	o_9750.png.scale64x43.jxl	3679173
cleanpicker	jxl1t	o_9750.png.scale768x512.jxl	47458474
cleanpicker	jxl1t	o_9750.png.scale896x597.jxl	62630718
cleanpicker	jxl1t	o_9750.png.scale96x64.jxl	4050305
cleanpicker	jxl1t	o_9763.png.scale1024x683.jxl	62322526
cleanpicker	jxl1t	o_9763.png.scale128x85.jxl	4158546
cleanpicker	jxl1t	o_9763.png.scale192x128.jxl	5491784
cleanpicker	jxl1t	o_9763.png.scale256x171.jxl	6912563
cleanpicker	jxl1t	o_9763.png.scale384x256.jxl	12421907
cleanpicker	jxl1t	o_9763.png.scale512x341.jxl	18903708
cleanpicker	jxl1t	o_9763.png.scale640x427.jxl	29686834
cleanpicker	jxl1t	o_9763.png.scale64x43.jxl	3332041
cleanpicker	jxl1t	o_9763.png.scale768x512.jxl	42268572
cleanpicker	jxl1t	o_9763.png.scale896x597.jxl	54997091
cleanpicker	jxl1t	o_9763.png.scale96x64.jxl	3526312
cleanpicker	jxl1t	o_9766.png.scale1024x683.jxl	82841214
cleanpicker	jxl1t	o_9766.png.scale128x85.jxl	4074725
cleanpicker	jxl1t	o_9766.png.scale192x128.jxl	5841746
cleanpicker	jxl1t	o_9766.png.scale256x171.jxl	7861179
cleanpicker	jxl1t	o_9766.png.scale384x256.jxl	14637871
cleanpicker	jxl1t	o_9766.png.scale512x341.jxl	23895228
cleanpicker	jxl1t	o_9766.png.scale640x427.jxl	34494533
cleanpicker	jxl1t	o_9766.png.scale64x43.jxl	3257730
cleanpicker	jxl1t	o_9766.png.scale768x512.jxl	49872169
cleanpicker	jxl1t	o_9766.png.scale896x597.jxl	60172112
cleanpicker	jxl1t	o_9766.png.scale96x64.jxl	3490261
cleanpicker	jxl1t	o_9772.png.scale128x192.jxl	5805526
cleanpicker	jxl1t	o_9772.png.scale171x256.jxl	7918899
cleanpicker	jxl1t	o_9772.png.scale256x384.jxl	14878652
cleanpicker	jxl1t	o_9772.png.scale341x512.jxl	23103933
cleanpicker	jxl1t	o_9772.png.scale427x640.jxl	33871410
cleanpicker	jxl1t	o_9772.png.scale43x64.jxl	3838164
cleanpicker	jxl1t	o_9772.png.scale512x768.jxl	47438234
cleanpicker	jxl1t	o_9772.png.scale597x896.jxl	61949184
cleanpicker	jxl1t	o_9772.png.scale64x96.jxl	3802163
cleanpicker	jxl1t	o_9772.png.scale683x1024.jxl	80206517
cleanpicker	jxl1t	o_9772.png.scale85x128.jxl	4486748
cleanpicker	jxl1t	o_9785.png.scale1024x683.jxl	72311838
cleanpicker	jxl1t	o_9785.png.scale128x85.jxl	3787333
cleanpicker	jxl1t	o_9785.png.scale192x128.jxl	6183218
cleanpicker	jxl1t	o_9785.png.scale256x171.jxl	7494197
cleanpicker	jxl1t	o_9785.png.scale384x256.jxl	14676211
cleanpicker	jxl1t	o_9785.png.scale512x341.jxl	21448483
cleanpicker	jxl1t	o_9785.png.scale640x427.jxl	32478461
cleanpicker	jxl1t	o_9785.png.scale64x43.jxl	3805873
cleanpicker	jxl1t	o_9785.png.scale768x512.jxl	43339299
cleanpicker	jxl1t	o_9785.png.scale896x597.jxl	52590555
cleanpicker	jxl1t	o_9785.png.scale96x64.jxl	3762104
cleanpicker	jxl1t	o_9839.png.scale128x192.jxl	5921716
cleanpicker	jxl1t	o_9839.png.scale171x256.jxl	7981019
cleanpicker	jxl1t	o_9839.png.scale256x384.jxl	13732275
cleanpicker	jxl1t	o_9839.png.scale341x512.jxl	19172618
cleanpicker	jxl1t	o_9839.png.scale427x640.jxl	30623839
cleanpicker	jxl1t	o_9839.png.scale43x64.jxl	4022545
cleanpicker	jxl1t	o_9839.png.scale512x768.jxl	44527566
cleanpicker	jxl1t	o_9839.png.scale597x896.jxl	55068861
cleanpicker	jxl1t	o_9839.png.scale64x96.jxl	3844074
cleanpicker	jxl1t	o_9839.png.scale683x1024.jxl	62452557
cleanpicker	jxl1t	o_9839.png.scale85x128.jxl	4016385
cleanpicker	jxl1t	o_9853.png.scale128x192.jxl	6006317
cleanpicker	jxl1t	o_9853.png.scale171x256.jxl	7196725
cleanpicker	jxl1t	o_9853.png.scale256x384.jxl	11823944
cleanpicker	jxl1t	o_9853.png.scale341x512.jxl	18225932
cleanpicker	jxl1t	o_9853.png.scale427x640.jxl	25933861
cleanpicker	jxl1t	o_9853.png.scale43x64.jxl	3665773
cleanpicker	jxl1t	o_9853.png.scale512x768.jxl	37420342
cleanpicker	jxl1t	o_9853.png.scale597x896.jxl	46220637
cleanpicker	jxl1t	o_9853.png.scale64x96.jxl	3777753
cleanpicker	jxl1t	o_9853.png.scale683x1024.jxl	47142912
cleanpicker	jxl1t	o_9853.png.scale85x128.jxl	4381588
cleanpicker	jxl1t	o_9854.png.scale128x192.jxl	5515864
cleanpicker	jxl1t	o_9854.png.scale171x256.jxl	7674787
cleanpicker	jxl1t	o_9854.png.scale256x384.jxl	13345723
cleanpicker	jxl1t	o_9854.png.scale341x512.jxl	19821863
cleanpicker	jxl1t	o_9854.png.scale427x640.jxl	29902335
cleanpicker	jxl1t	o_9854.png.scale43x64.jxl	3489952
cleanpicker	jxl1t	o_9854.png.scale512x768.jxl	42223332
cleanpicker	jxl1t	o_9854.png.scale597x896.jxl	54457757
cleanpicker	jxl1t	o_9854.png.scale64x96.jxl	4054105
cleanpicker	jxl1t	o_9854.png.scale683x1024.jxl	70348797
cleanpicker	jxl1t	o_9854.png.scale85x128.jxl	5020051
cleanpicker	jxl1t	o_9858.png.scale1024x559.jxl	43018067
cleanpicker	jxl1t	o_9858.png.scale128x70.jxl	3800374
cleanpicker	jxl1t	o_9858.png.scale192x105.jxl	5110602
cleanpicker	jxl1t	o_9858.png.scale256x140.jxl	5572594
cleanpicker	jxl1t	o_9858.png.scale384x209.jxl	10638456
cleanpicker	jxl1t	o_9858.png.scale512x279.jxl	15764508
cleanpicker	jxl1t	o_9858.png.scale640x349.jxl	23045472
cleanpicker	jxl1t	o_9858.png.scale64x35.jxl	3281040
cleanpicker	jxl1t	o_9858.png.scale768x419.jxl	31573266
cleanpicker	jxl1t	o_9858.png.scale896x489.jxl	38088346
cleanpicker	jxl1t	o_9858.png.scale96x52.jxl	3333611
cleanpicker	jxl1t	o_9863.png.scale1024x1024.jxl	113717584
cleanpicker	jxl1t	o_9863.png.scale128x128.jxl	4389517
cleanpicker	jxl1t	o_9863.png.scale192x192.jxl	7817808
cleanpicker	jxl1t	o_9863.png.scale256x256.jxl	9834830
cleanpicker	jxl1t	o_9863.png.scale384x384.jxl	20089014
cleanpicker	jxl1t	o_9863.png.scale512x512.jxl	32211529
cleanpicker	jxl1t	o_9863.png.scale640x640.jxl	46407958
cleanpicker	jxl1t	o_9863.png.scale64x64.jxl	3662853
cleanpicker	jxl1t	o_9863.png.scale768x768.jxl	67444428
cleanpicker	jxl1t	o_9863.png.scale896x896.jxl	90932724
cleanpicker	jxl1t	o_9863.png.scale96x96.jxl	4163216
cleanpicker	jxl1t	o_9866.png.scale1024x559.jxl	55859706
cleanpicker	jxl1t	o_9866.png.scale128x70.jxl	4100836
cleanpicker	jxl1t	o_9866.png.scale192x105.jxl	5104572
cleanpicker	jxl1t	o_9866.png.scale256x140.jxl	6029168
cleanpicker	jxl1t	o_9866.png.scale384x209.jxl	11314790
cleanpicker	jxl1t	o_9866.png.scale512x279.jxl	17262747
cleanpicker	jxl1t	o_9866.png.scale640x349.jxl	26650645
cleanpicker	jxl1t	o_9866.png.scale64x35.jxl	3557392
cleanpicker	jxl1t	o_9866.png.scale768x419.jxl	32725683
cleanpicker	jxl1t	o_9866.png.scale896x489.jxl	45653883
cleanpicker	jxl1t	o_9866.png.scale96x52.jxl	3605173
cleanpicker	jxl1t	o_9882.png.scale1024x1024.jxl	86237494
cleanpicker	jxl1t	o_9882.png.scale128x128.jxl	4821300
cleanpicker	jxl1t	o_9882.png.scale192x192.jxl	6748811
cleanpicker	jxl1t	o_9882.png.scale256x256.jxl	9259067
cleanpicker	jxl1t	o_9882.png.scale384x384.jxl	17430978
cleanpicker	jxl1t	o_9882.png.scale512x512.jxl	29118831
cleanpicker	jxl1t	o_9882.png.scale640x640.jxl	42138761
cleanpicker	jxl1t	o_9882.png.scale64x64.jxl	4030725
cleanpicker	jxl1t	o_9882.png.scale768x768.jxl	58505353
cleanpicker	jxl1t	o_9882.png.scale896x896.jxl	68591165
cleanpicker	jxl1t	o_9882.png.scale96x96.jxl	4145266
cleanpicker	jxl1t	o_9886.png.scale128x192.jxl	6238379
cleanpicker	jxl1t	o_9886.png.scale171x256.jxl	8541703
cleanpicker	jxl1t	o_9886.png.scale256x384.jxl	16085359
cleanpicker	jxl1t	o_9886.png.scale341x512.jxl	25687420
cleanpicker	jxl1t	o_9886.png.scale427x640.jxl	35911203
cleanpicker	jxl1t	o_9886.png.scale43x64.jxl	3224630
cleanpicker	jxl1t	o_9886.png.scale512x768.jxl	49680768
cleanpicker	jxl1t	o_9886.png.scale597x896.jxl	65006923
cleanpicker	jxl1t	o_9886.png.scale64x96.jxl	3684092
cleanpicker	jxl1t	o_9886.png.scale683x1024.jxl	82210499
cleanpicker	jxl1t	o_9886.png.scale85x128.jxl	5018181
cleanpicker	jxl1t	o_9888.png.scale1024x683.jxl	85679111
cleanpicker	jxl1t	o_9888.png.scale128x85.jxl	4514188
cleanpicker	jxl1t	o_9888.png.scale192x128.jxl	7184575
cleanpicker	jxl1t	o_9888.png.scale256x171.jxl	8752994
cleanpicker	jxl1t	o_9888.png.scale384x256.jxl	17056516
cleanpicker	jxl1t	o_9888.png.scale512x341.jxl	25326917
cleanpicker	jxl1t	o_9888.png.scale640x427.jxl	37816805
cleanpicker	jxl1t	o_9888.png.scale64x43.jxl	3381701
cleanpicker	jxl1t	o_9888.png.scale768x512.jxl	52110172
cleanpicker	jxl1t	o_9888.png.scale896x597.jxl	63858545
cleanpicker	jxl1t	o_9888.png.scale96x64.jxl	3727883
cleanpicker	jxl1t	o_9890.png.scale1024x1024.jxl	125143815
cleanpicker	jxl1t	o_9890.png.scale128x128.jxl	5293283
cleanpicker	jxl1t	o_9890.png.scale192x192.jxl	7229525
cleanpicker	jxl1t	o_9890.png.scale256x256.jxl	11299270
cleanpicker	jxl1t	o_9890.png.scale384x384.jxl	22721300
cleanpicker	jxl1t	o_9890.png.scale512x512.jxl	35827642
cleanpicker	jxl1t	o_9890.png.scale640x640.jxl	53089629
cleanpicker	jxl1t	o_9890.png.scale64x64.jxl	3617062
cleanpicker	jxl1t	o_9890.png.scale768x768.jxl	75298147
cleanpicker	jxl1t	o_9890.png.scale896x896.jxl	95376601
cleanpicker	jxl1t	o_9890.png.scale96x96.jxl	4498728
cleanpicker	jxl1t	o_9894.png.scale128x192.jxl	5083872
cleanpicker	jxl1t	o_9894.png.scale171x256.jxl	7480966
cleanpicker	jxl1t	o_9894.png.scale256x384.jxl	12458497
cleanpicker	jxl1t	o_9894.png.scale341x512.jxl	18026561
cleanpicker	jxl1t	o_9894.png.scale427x640.jxl	27804113
cleanpicker	jxl1t	o_9894.png.scale43x64.jxl	3662233
cleanpicker	jxl1t	o_9894.png.scale512x768.jxl	39205043
cleanpicker	jxl1t	o_9894.png.scale597x896.jxl	45566112
cleanpicker	jxl1t	o_9894.png.scale64x96.jxl	3416891
cleanpicker	jxl1t	o_9894.png.scale683x1024.jxl	60035682
cleanpicker	jxl1t	o_9894.png.scale85x128.jxl	4753189
cleanpicker	jxl1t	o_9895.png.scale128x192.jxl	6101378
cleanpicker	jxl1t	o_9895.png.scale171x256.jxl	9014136
cleanpicker	jxl1t	o_9895.png.scale256x384.jxl	17287187
cleanpicker	jxl1t	o_9895.png.scale341x512.jxl	25123985
cleanpicker	jxl1t	o_9895.png.scale427x640.jxl	40075349
cleanpicker	jxl1t	o_9895.png.scale43x64.jxl	4624889
cleanpicker	jxl1t	o_9895.png.scale512x768.jxl	54634209
cleanpicker	jxl1t	o_9895.png.scale597x896.jxl	68631806
cleanpicker	jxl1t	o_9895.png.scale64x96.jxl	4299156
cleanpicker	jxl1t	o_9895.png.scale683x1024.jxl	88713579
cleanpicker	jxl1t	o_9895.png.scale85x128.jxl	4593319
cleanpicker	jxl1t	o_9907.png.scale128x192.jxl	5089172
cleanpicker	jxl1t	o_9907.png.scale171x256.jxl	8134721
cleanpicker	jxl1t	o_9907.png.scale256x384.jxl	12546407
cleanpicker	jxl1t	o_9907.png.scale341x512.jxl	17779000
cleanpicker	jxl1t	o_9907.png.scale427x640.jxl	26292923
cleanpicker	jxl1t	o_9907.png.scale43x64.jxl	3577632
cleanpicker	jxl1t	o_9907.png.scale512x768.jxl	39986377
cleanpicker	jxl1t	o_9907.png.scale597x896.jxl	49625247
cleanpicker	jxl1t	o_9907.png.scale64x96.jxl	3856774
cleanpicker	jxl1t	o_9907.png.scale683x1024.jxl	61953854
cleanpicker	jxl1t	o_9907.png.scale85x128.jxl	4955931
cleanpicker	jxl1t	o_9914.png.scale1024x1024.jxl	78405356
cleanpicker	jxl1t	o_9914.png.scale128x128.jxl	4586318
cleanpicker	jxl1t	o_9914.png.scale192x192.jxl	6588941
cleanpicker	jxl1t	o_9914.png.scale256x256.jxl	9491698
cleanpicker	jxl1t	o_9914.png.scale384x384.jxl	17022416
cleanpicker	jxl1t	o_9914.png.scale512x512.jxl	28628787
cleanpicker	jxl1t	o_9914.png.scale640x640.jxl	36521637
cleanpicker	jxl1t	o_9914.png.scale64x64.jxl	3586793
cleanpicker	jxl1t	o_9914.png.scale768x768.jxl	59824811
cleanpicker	jxl1t	o_9914.png.scale896x896.jxl	62756029
cleanpicker	jxl1t	o_9914.png.scale96x96.jxl	4144056
cleanpicker	jxl1t	o_9922.png.scale1024x1024.jxl	60379674
cleanpicker	jxl1t	o_9922.png.scale128x128.jxl	4910981
cleanpicker	jxl1t	o_9922.png.scale192x192.jxl	6371310
cleanpicker	jxl1t	o_9922.png.scale256x256.jxl	9084387
cleanpicker	jxl1t	o_9922.png.scale384x384.jxl	16818374
cleanpicker	jxl1t	o_9922.png.scale512x512.jxl	27145068
cleanpicker	jxl1t	o_9922.png.scale640x640.jxl	37930896
cleanpicker	jxl1t	o_9922.png.scale64x64.jxl	4430287
cleanpicker	jxl1t	o_9922.png.scale768x768.jxl	57019993
cleanpicker	jxl1t	o_9922.png.scale896x896.jxl	63227932
cleanpicker	jxl1t	o_9922.png.scale96x96.jxl	4121626
cleanpicker	jxl1t	o_9923.png.scale1024x1024.jxl	89874687
cleanpicker	jxl1t	o_9923.png.scale128x128.jxl	4749410
cleanpicker	jxl1t	o_9923.png.scale192x192.jxl	6632121
cleanpicker	jxl1t	o_9923.png.scale256x256.jxl	9440189
cleanpicker	jxl1t	o_9923.png.scale384x384.jxl	17327317
cleanpicker	jxl1t	o_9923.png.scale512x512.jxl	28913989
cleanpicker	jxl1t	o_9923.png.scale640x640.jxl	35784322
cleanpicker	jxl1t	o_9923.png.scale64x64.jxl	3257790
cleanpicker	jxl1t	o_9923.png.scale768x768.jxl	55829406
cleanpicker	jxl1t	o_9923.png.scale896x896.jxl	71828115
cleanpicker	jxl1t	o_9923.png.scale96x96.jxl	4163586
cleanpicker	jxl1t	o_9942.png.scale128x192.jxl	5004520
cleanpicker	jxl1t	o_9942.png.scale171x256.jxl	7188495
cleanpicker	jxl1t	o_9942.png.scale256x384.jxl	12506428
cleanpicker	jxl1t	o_9942.png.scale341x512.jxl	18262133
cleanpicker	jxl1t	o_9942.png.scale427x640.jxl	26752116
cleanpicker	jxl1t	o_9942.png.scale43x64.jxl	3339691
cleanpicker	jxl1t	o_9942.png.scale512x768.jxl	37894554
cleanpicker	jxl1t	o_9942.png.scale597x896.jxl	46967121
cleanpicker	jxl1t	o_9942.png.scale64x96.jxl	4077606
cleanpicker	jxl1t	o_9942.png.scale683x1024.jxl	61350540
cleanpicker	jxl1t	o_9942.png.scale85x128.jxl	4344897
cleanpicker	jxl1t	o_9963.png.scale128x192.jxl	4952751
cleanpicker	jxl1t	o_9963.png.scale171x256.jxl	6722962
cleanpicker	jxl1t	o_9963.png.scale256x384.jxl	12234755
cleanpicker	jxl1t	o_9963.png.scale341x512.jxl	17733770
cleanpicker	jxl1t	o_9963.png.scale427x640.jxl	27821772
cleanpicker	jxl1t	o_9963.png.scale43x64.jxl	4194746
cleanpicker	jxl1t	o_9963.png.scale512x768.jxl	38300878
cleanpicker	jxl1t	o_9963.png.scale597x896.jxl	50241302
cleanpicker	jxl1t	o_9963.png.scale64x96.jxl	4210596
cleanpicker	jxl1t	o_9963.png.scale683x1024.jxl	62828080
cleanpicker	jxl1t	o_9963.png.scale85x128.jxl	4378577
sdrfps	jxl1t	1000.scale128x96.jxl	4404787
sdrfps	jxl1t	1000.scale32x24.jxl	2888368
sdrfps	jxl1t	1002.scale128x96.jxl	5525844
sdrfps	jxl1t	1004.scale96x128.jxl	4426398
sdrfps	jxl1t	1006.scale96x128.jxl	5350693
sdrfps	jxl1t	1008.scale96x128.jxl	4881041
sdrfps	jxl1t	1010.scale96x128.jxl	4841060
sdrfps	jxl1t	1012.scale90x128.jxl	4063435
sdrfps	jxl1t	1014.scale128x96.jxl	4279966
sdrfps	jxl1t	1014.scale1536x1152.jxl	208651823
sdrfps	jxl1t	1014.scale48x36.jxl	3182620
sdrfps	jxl1t	1016.scale1730x3072.jxl	598732940
sdrfps	jxl1t	1016.scale72x128.jxl	5431693
sdrfps	jxl1t	1018.scale36x48.jxl	3676693
sdrfps	jxl1t	1018.scale96x128.jxl	5169412
sdrfps	jxl1t	1020.scale24x32.jxl	3056829
sdrfps	jxl1t	1020.scale96x128.jxl	4441057
sdrfps	jxl1t	1022.scale96x128.jxl	4943830
sdrfps	jxl1t	1024.scale96x128.jxl	4535378
sdrfps	jxl1t	1026.scale3000x4000.jxl	1274936130
sdrfps	jxl1t	1026.scale96x128.jxl	5427933
sdrfps	jxl1t	1028.scale72x128.jxl	4119095
sdrfps	jxl1t	1030.scale96x128.jxl	4434207
sdrfps	jxl1t	1032.scale128x96.jxl	4467317
sdrfps	jxl1t	1034.scale24x32.jxl	2700127
sdrfps	jxl1t	1034.scale2574x3432.jxl	1011089946
sdrfps	jxl1t	1034.scale36x48.jxl	3729933
sdrfps	jxl1t	1034.scale576x768.jxl	64721801
sdrfps	jxl1t	1034.scale96x128.jxl	5314713
sdrfps	jxl1t	1036.scale96x128.jxl	5190572
sdrfps	jxl1t	1038.scale96x128.jxl	5098221
sdrfps	jxl1t	1040.scale96x128.jxl	5330543
sdrfps	jxl1t	1042.scale128x96.jxl	4721039
sdrfps	jxl1t	1042.scale1536x1152.jxl	225943780
sdrfps	jxl1t	1042.scale4000x3000.jxl	1355268398
sdrfps	jxl1t	1044.scale1536x2048.jxl	410348663
sdrfps	jxl1t	1044.scale96x128.jxl	4798010
sdrfps	jxl1t	1046.scale128x96.jxl	5344423
sdrfps	jxl1t	1048.scale3000x4000.jxl	903253547
sdrfps	jxl1t	1048.scale96x128.jxl	4891690
sdrfps	jxl1t	1050.scale128x96.jxl	5018261
sdrfps	jxl1t	1052.scale96x128.jxl	4849030
sdrfps	jxl1t	1054.scale96x128.jxl	4699949
sdrfps	jxl1t	1056.scale96x128.jxl	4996771
sdrfps	jxl1t	1058.scale96x128.jxl	4975661
sdrfps	jxl1t	1060.scale96x128.jxl	4886071
sdrfps	jxl1t	1062.scale96x128.jxl	4820350
sdrfps	jxl1t	1064.scale96x128.jxl	4931330
sdrfps	jxl1t	1066.scale96x128.jxl	4981511
sdrfps	jxl1t	1068.scale192x256.jxl	10503295
sdrfps	jxl1t	1068.scale2304x3072.jxl	820160372
sdrfps	jxl1t	1068.scale24x32.jxl	3630702
sdrfps	jxl1t	1068.scale384x512.jxl	31571505
sdrfps	jxl1t	1068.scale96x128.jxl	4534827
sdrfps	jxl1t	1070.scale128x96.jxl	4728540
sdrfps	jxl1t	1200.scale128x96.jxl	4805329
sdrfps	jxl1t	1202.scale96x128.jxl	4628519
sdrfps	jxl1t	1204.scale96x128.jxl	5045652
sdrfps	jxl1t	1206.scale96x128.jxl	4855330
sdrfps	jxl1t	1208.scale96x128.jxl	5159692
sdrfps	jxl1t	1210.scale96x128.jxl	4784430
sdrfps	jxl1t	1212.scale96x128.jxl	4831550
sdrfps	jxl1t	1214.scale108x128.jxl	4519758
sdrfps	jxl1t	1216.scale96x128.jxl	4796649
sdrfps	jxl1t	1218.scale96x128.jxl	4141796
sdrfps	jxl1t	1220.scale96x128.jxl	5117702
sdrfps	jxl1t	1222.scale128x96.jxl	4612508
sdrfps	jxl1t	1224.scale128x96.jxl	4136756
sdrfps	jxl1t	1226.scale128x96.jxl	4643048
sdrfps	jxl1t	1228.scale128x96.jxl	5202302
sdrfps	jxl1t	1230.scale96x128.jxl	4703369
sdrfps	jxl1t	1232.scale3000x4000.jxl	1338668345
sdrfps	jxl1t	1232.scale96x128.jxl	4958171
sdrfps	jxl1t	1234.scale96x128.jxl	4891631
sdrfps	jxl1t	1236.scale96x128.jxl	4364477
sdrfps	jxl1t	1238.scale96x128.jxl	4250276
sdrfps	jxl1t	1240.scale96x128.jxl	4410197
sdrfps	jxl1t	1242.scale96x128.jxl	4254337
sdrfps	jxl1t	1244.scale96x128.jxl	4323476
sdrfps	jxl1t	1246.scale128x96.jxl	4580728
sdrfps	jxl1t	1248.scale99x128.jxl	5135502
sdrfps	jxl1t	1400.scale128x96.jxl	4414407
sdrfps	jxl1t	1402.scale128x96.jxl	4753910
sdrfps	jxl1t	1404.scale128x96.jxl	4672319
sdrfps	jxl1t	1406.scale128x72.jxl	4612418
sdrfps	jxl1t	1406.scale32x18.jxl	2775717
sdrfps	jxl1t	1408.scale128x96.jxl	4894770
sdrfps	jxl1t	1410.scale128x96.jxl	4330087
sdrfps	jxl1t	1412.scale128x96.jxl	4323806
sdrfps	jxl1t	1414.scale128x96.jxl	4725209
sdrfps	jxl1t	1416.scale128x96.jxl	4634719
sdrfps	jxl1t	1416.scale48x36.jxl	2948379
sdrfps	jxl1t	1418.scale3000x4000.jxl	1329232837
sdrfps	jxl1t	1418.scale96x128.jxl	5482194
sdrfps	jxl1t	1420.scale96x128.jxl	4912970
sdrfps	jxl1t	1422.scale96x128.jxl	4843590
sdrfps	jxl1t	1424.scale96x128.jxl	4492388
sdrfps	jxl1t	1426.scale96x128.jxl	4295107
sdrfps	jxl1t	1428.scale96x128.jxl	4439807
sdrfps	jxl1t	1430.scale96x128.jxl	4849620
sdrfps	jxl1t	1432.scale96x128.jxl	5120701
sdrfps	jxl1t	1434.scale96x128.jxl	4439738
sdrfps	jxl1t	1436.scale96x128.jxl	5243972
sdrfps	jxl1t	1438.scale48x64.jxl	3490001
sdrfps	jxl1t	1438.scale96x128.jxl	5339293
sdrfps	jxl1t	1440.scale96x128.jxl	4649509
sdrfps	jxl1t	1442.scale128x96.jxl	4349087
sdrfps	jxl1t	1442.scale2048x1536.jxl	351134426
sdrfps	jxl1t	1442.scale3072x2304.jxl	685021244
sdrfps	jxl1t	1442.scale4000x3000.jxl	816908602
sdrfps	jxl1t	1442.scale768x576.jxl	54937730
sdrfps	jxl1t	1446.scale128x60.jxl	4295176
sdrfps	jxl1t	1448.scale1435x3072.jxl	491072633
sdrfps	jxl1t	1448.scale60x128.jxl	4766429
sdrfps	jxl1t	1450.scale128x60.jxl	4003225
sdrfps	jxl1t	1452.scale60x128.jxl	3746303
sdrfps	jxl1t	1454.scale128x96.jxl	4670249
sdrfps	jxl1t	1454.scale8160x6120.jxl	3027670541
sdrfps	jxl1t	1456.scale96x128.jxl	5574515
sdrfps	jxl1t	1460.scale24x32.jxl	4076835
sdrfps	jxl1t	1460.scale96x128.jxl	5042852
sdrfps	jxl1t	1462.scale96x128.jxl	4050895
sdrfps	jxl1t	1464.scale96x128.jxl	4748689
sdrfps	jxl1t	1466.scale128x96.jxl	3873464
sdrfps	jxl1t	1466.scale48x36.jxl	2971358
sdrfps	jxl1t	1468.scale96x128.jxl	4431787
sdrfps	jxl1t	1470.scale96x128.jxl	4289057
sdrfps	jxl1t	1472.scale128x96.jxl	4086545
sdrfps	jxl1t	1474.scale96x128.jxl	5590524
sdrfps	jxl1t	1476.scale24x32.jxl	3203040
sdrfps	jxl1t	1476.scale96x128.jxl	4548988
sdrfps	jxl1t	1478.scale128x96.jxl	4290257
sdrfps	jxl1t	1480.scale128x96.jxl	4379767
sdrfps	jxl1t	1482.scale3000x4000.jxl	1168238989
sdrfps	jxl1t	1482.scale96x128.jxl	5795356
sdrfps	jxl1t	1484.scale96x128.jxl	4262806
sdrfps	jxl1t	1486.scale96x128.jxl	4726940
sdrfps	jxl1t	1488.scale96x128.jxl	4394737
sdrfps	jxl1t	1490.scale96x128.jxl	4553358
sdrfps	jxl1t	1492.scale96x128.jxl	5005181
sdrfps	jxl1t	1494.scale128x96.jxl	4396727
sdrfps	jxl1t	1496.scale128x104.jxl	4806689
sdrfps	jxl1t	1498.scale36x48.jxl	2883338
sdrfps	jxl1t	1498.scale96x128.jxl	4434538
sdrfps	jxl1t	1500.scale128x96.jxl	4727530
sdrfps	jxl1t	1502.scale96x128.jxl	4065025
sdrfps	jxl1t	1504.scale128x96.jxl	4535568
sdrfps	jxl1t	1506.scale128x96.jxl	4175256
sdrfps	jxl1t	1508.scale128x96.jxl	4224546
sdrfps	jxl1t	1510.scale24x32.jxl	3094979
sdrfps	jxl1t	1510.scale96x128.jxl	4886821
sdrfps	jxl1t	1512.scale48x64.jxl	3163420
sdrfps	jxl1t	1512.scale96x128.jxl	5151682
sdrfps	jxl1t	1514.scale96x128.jxl	4650839
sdrfps	jxl1t	1516.scale91x128.jxl	4234706
sdrfps	jxl1t	1518.scale96x128.jxl	6060407
sdrfps	jxl1t	1520.scale96x128.jxl	4548318
sdrfps	jxl1t	1522.scale128x96.jxl	4900141
sdrfps	jxl1t	1522.scale96x72.jxl	4722409
sdrfps	jxl1t	1524.scale96x128.jxl	5286363
sdrfps	jxl1t	1526.scale24x32.jxl	2763937
sdrfps	jxl1t	1526.scale96x128.jxl	4641599
sdrfps	jxl1t	1528.scale128x96.jxl	4746600
sdrfps	jxl1t	1528.scale5712x4284.jxl	2215621769
sdrfps	jxl1t	1530.scale96x128.jxl	5660295
sdrfps	jxl1t	1532.scale96x128.jxl	4489198
sdrfps	jxl1t	1534.scale96x128.jxl	5919647
sdrfps	jxl1t	1536.scale96x128.jxl	4678839
sdrfps	jxl1t	1538.scale96x128.jxl	4047905
sdrfps	jxl1t	1540.scale36x48.jxl	3627592
sdrfps	jxl1t	1540.scale4284x5712.jxl	2414315951
sdrfps	jxl1t	1540.scale96x128.jxl	5243163
sdrfps	jxl1t	1542.scale1536x2048.jxl	357751387
sdrfps	jxl1t	1542.scale96x128.jxl	4923350
sdrfps	jxl1t	1544.scale96x128.jxl	4899280
sdrfps	jxl1t	1546.scale3024x4032.jxl	1107536933
sdrfps	jxl1t	1546.scale96x128.jxl	4962881
sdrfps	jxl1t	1548.scale36x48.jxl	3072859
sdrfps	jxl1t	1548.scale72x96.jxl	3764544
sdrfps	jxl1t	1548.scale96x128.jxl	5202042
sdrfps	jxl1t	1550.scale96x128.jxl	4769009
sdrfps	jxl1t	1552.scale1024x745.jxl	72176007
sdrfps	jxl1t	1552.scale128x93.jxl	4308607
sdrfps	jxl1t	1552.scale1924x1400.jxl	232048707
sdrfps	jxl1t	1552.scale32x23.jxl	2977729
sdrfps	jxl1t	1554.scale94x128.jxl	4874440
sdrfps	jxl1t	1556.scale60x128.jxl	3794044
sdrfps	jxl1t	1600.scale128x96.jxl	5181542
sdrfps	jxl1t	1600.scale32x24.jxl	2912268
sdrfps	jxl1t	1600.scale4032x3024.jxl	1136255001
sdrfps	jxl1t	1602.scale128x96.jxl	5187242
sdrfps	jxl1t	1604.scale96x128.jxl	4948121
sdrfps	jxl1t	1606.scale128x79.jxl	4851620
sdrfps	jxl1t	1608.scale128x96.jxl	4273887
sdrfps	jxl1t	1610.scale96x128.jxl	5139322
sdrfps	jxl1t	1612.scale128x96.jxl	4992401
sdrfps	jxl1t	1614.scale128x96.jxl	4572958
sdrfps	jxl1t	1616.scale128x96.jxl	4569418
sdrfps	jxl1t	1618.scale96x128.jxl	4419597
sdrfps	jxl1t	1620.scale96x128.jxl	4331137
sdrfps	jxl1t	1622.scale96x128.jxl	4444997
sdrfps	jxl1t	1624.scale128x96.jxl	4913640
sdrfps	jxl1t	1626.scale96x128.jxl	4660499
sdrfps	jxl1t	1628.scale96x128.jxl	4248287
sdrfps	jxl1t	1630.scale128x96.jxl	4264637
sdrfps	jxl1t	1632.scale96x128.jxl	4876940
sdrfps	jxl1t	1634.scale96x128.jxl	4568739
sdrfps	jxl1t	1636.scale128x96.jxl	4398188
sdrfps	jxl1t	1638.scale96x128.jxl	4472418
sdrfps	jxl1t	1640.scale96x128.jxl	4383667
sdrfps	jxl1t	2000.scale85x128.jxl	4739039
sdrfps	jxl1t	2002.scale85x128.jxl	4985691
sdrfps	jxl1t	2004.scale21x32.jxl	2826378
sdrfps	jxl1t	2004.scale2945x4417.jxl	1505571769
sdrfps	jxl1t	2004.scale85x128.jxl	5640555
sdrfps	jxl1t	2006.scale85x128.jxl	5467704
sdrfps	jxl1t	2008.scale102x128.jxl	4298167
sdrfps	jxl1t	2010.scale102x128.jxl	5477134
sdrfps	jxl1t	2010.scale3944x4930.jxl	2198527253
sdrfps	jxl1t	2012.scale128x96.jxl	4857961
sdrfps	jxl1t	2012.scale48x36.jxl	3141140
sdrfps	jxl1t	2014.scale128x85.jxl	4115356
sdrfps	jxl1t	2016.scale85x128.jxl	4112486
sdrfps	jxl1t	2018.scale128x128.jxl	5191612
sdrfps	jxl1t	2018.scale3072x3072.jxl	830027483
sdrfps	jxl1t	2018.scale4774x4774.jxl	1480621755
sdrfps	jxl1t	2020.scale85x128.jxl	4460208
sdrfps	jxl1t	2022.scale32x48.jxl	3369461
sdrfps	jxl1t	2022.scale85x128.jxl	4978871
sdrfps	jxl1t	2024.scale4672x7008.jxl	2992623984
sdrfps	jxl1t	2024.scale85x128.jxl	5062451
sdrfps	jxl1t	2026.scale128x85.jxl	4773409
sdrfps	jxl1t	2200.scale128x72.jxl	4094265
sdrfps	jxl1t	2200.scale7680x4320.jxl	2173697510
sdrfps	jxl1t	2202.scale128x128.jxl	5994657
sdrfps	jxl1t	2202.scale3000x3000.jxl	730120274
sdrfps	jxl1t	2204.scale1728x3072.jxl	239493684
sdrfps	jxl1t	2204.scale4320x7680.jxl	1387962791
sdrfps	jxl1t	2204.scale72x128.jxl	3711223
sdrfps	jxl1t	2206.scale128x72.jxl	4921490
sdrfps	jxl1t	2206.scale1536x864.jxl	160034701
sdrfps	jxl1t	2206.scale32x18.jxl	3582132
sdrfps	jxl1t	2206.scale96x54.jxl	3707733
sdrfps	jxl1t	2208.scale85x128.jxl	4201266
sdrfps	jxl1t	2210.scale102x128.jxl	4184696
sdrfps	jxl1t	2210.scale1638x2048.jxl	436821387
sdrfps	jxl1t	2210.scale4000x5000.jxl	2162255099
sdrfps	jxl1t	2210.scale410x512.jxl	29344422
sdrfps	jxl1t	2212.scale128x96.jxl	5050871
sdrfps	jxl1t	2212.scale6144x4608.jxl	2323069005
sdrfps	jxl1t	2400.scale3062x4096.jxl	964051094
sdrfps	jxl1t	2400.scale36x48.jxl	3855224
sdrfps	jxl1t	2400.scale766x1024.jxl	78774568
sdrfps	jxl1t	2400.scale96x128.jxl	5058831
sdrfps	jxl1t	2402.scale8736x11648.jxl	8993109776
sdrfps	jxl1t	2402.scale96x128.jxl	5450294
sdrfps	jxl1t	2404.scale1024x1024.jxl	130656260
sdrfps	jxl1t	2404.scale128x128.jxl	5112301
sdrfps	jxl1t	2404.scale3024x3024.jxl	1256619006
sdrfps	jxl1t	2404.scale64x64.jxl	3842124
sdrfps	jxl1t	2406.scale6190x8253.jxl	4717263401
sdrfps	jxl1t	2406.scale96x128.jxl	5569274
sdrfps	jxl1t	2408.scale96x128.jxl	4763290
sdrfps	jxl1t	3000.scale72x128.jxl	3976515
sdrfps	jxl1t	3002.scale105x128.jxl	4838400
sdrfps	jxl1t	3004.scale96x128.jxl	4388308
sdrfps	jxl1t	3006.scale128x95.jxl	5080561
sdrfps	jxl1t	3008.scale128x92.jxl	4630998
sdrfps	jxl1t	3010.scale100x128.jxl	4819540
sdrfps	jxl1t	3010.scale2411x3072.jxl	901389736
sdrfps	jxl1t	3012.scale128x102.jxl	5202533
sdrfps	jxl1t	3012.scale32x25.jxl	3375441
sdrfps	jxl1t	3014.scale128x106.jxl	4908881
sdrfps	jxl1t	3300.scale37x48.jxl	3685412
sdrfps	jxl1t	3300.scale97x128.jxl	5426713
sdrfps	jxl1t	3302.scale128x86.jxl	3667982
sdrfps	jxl1t	3302.scale2362x1585.jxl	216383191
sdrfps	jxl1t	3304.scale102x128.jxl	4997431
sdrfps	jxl1t	3306.scale128x128.jxl	5566044
sdrfps	jxl1t	3308.scale128x90.jxl	4612529
sdrfps	jxl1t	3310.scale128x96.jxl	5145852
sdrfps	jxl1t	3312.scale101x128.jxl	5045451
sdrfps	jxl1t	3312.scale3150x4000.jxl	940903350
sdrfps	jxl1t	3314.scale128x90.jxl	4865741
sdrfps	jxl1t	3314.scale4000x2826.jxl	543140446
sdrfps	jxl1t	3316.scale128x84.jxl	4754079
sdrfps	jxl1t	3318.scale124x128.jxl	5508125
sdrfps	jxl1t	3320.scale1024x573.jxl	75543658
sdrfps	jxl1t	3320.scale128x72.jxl	3990295
sdrfps	jxl1t	3320.scale3841x2149.jxl	1052848144
sdrfps	jxl1t	3322.scale96x128.jxl	5430044
sdrfps	jxl1t	5000.scale4961x7016.jxl	3387453970
sdrfps	jxl1t	5000.scale91x128.jxl	5170892
sdrfps	jxl1t	5002.scale93x128.jxl	5028701
sdrfps	jxl1t	5004.scale128x91.jxl	4823460
sdrfps	jxl1t	5006.scale2896x4096.jxl	1265813114
sdrfps	jxl1t	5006.scale34x48.jxl	3254800
sdrfps	jxl1t	5006.scale4961x7016.jxl	2853174590
sdrfps	jxl1t	5006.scale91x128.jxl	5632745
sdrfps	jxl1t	5008.scale99x128.jxl	4401647
sdrfps	jxl1t	5010.scale89x128.jxl	4207636
sdrfps	jxl1t	5012.scale128x128.jxl	5047972
sdrfps	jxl1t	5014.scale128x34.jxl	4154896
sdrfps	jxl1t	5014.scale256x68.jxl	5581115
sdrfps	jxl1t	5014.scale32x8.jxl	3439092
sdrfps	jxl1t	5014.scale4096x1086.jxl	454132364
sdrfps	jxl1t	5014.scale768x204.jxl	23509916
sdrfps	jxl1t	5014.scale9355x2481.jxl	1577956018
sdrfps	jxl1t	5016.scale10182x5460.jxl	4366332797
sdrfps	jxl1t	5016.scale128x69.jxl	5106582
sdrfps	jxl1t	5016.scale32x17.jxl	2822198
sdrfps	jxl1t	5016.scale384x206.jxl	14801921
sdrfps	jxl1t	5018.scale128x118.jxl	4906750
sdrfps	jxl1t	5018.scale5650x5200.jxl	2430913034
sdrfps	jxl1t	5020.scale1024x402.jxl	57594107
sdrfps	jxl1t	5020.scale128x50.jxl	4642348
sdrfps	jxl1t	5020.scale4096x1609.jxl	576996286
sdrfps	jxl1t	5022.scale128x99.jxl	4664439
sdrfps	jxl1t	5024.scale78x128.jxl	3931315
sdrfps	jxl1t	5026.scale109x128.jxl	5322863
sdrfps	jxl1t	5028.scale91x128.jxl	4902181
sdrfps	jxl1t	5030.scale91x128.jxl	4523908
sdrfps	jxl1t	5032.scale103x128.jxl	4826390
sdrfps	jxl1t	5032.scale2590x3209.jxl	364084886
sdrfps	jxl1t	5034.scale29x48.jxl	4154896
sdrfps	jxl1t	5034.scale78x128.jxl	3260230
sdrfps	jxl1t	5036.scale3300x5100.jxl	596300455
sdrfps	jxl1t	5036.scale83x128.jxl	4504958
sdrfps	jxl1t	5038.scale78x128.jxl	4043925
sdrfps	jxl1t	5040.scale99x128.jxl	4753639
sdrfps	jxl1t	5042.scale99x128.jxl	4405107
sdrfps	jxl1t	5044.scale99x128.jxl	4629249
sdrfps	jxl1t	5046.scale128x99.jxl	4667979
sdrfps	jxl1t	5048.scale78x128.jxl	4823070
sdrfps	jxl1t	5050.scale128x78.jxl	4258086
sdrfps	jxl1t	5052.scale78x128.jxl	3997915
sdrfps	jxl1t	5052.scale933x1536.jxl	63015180
sdrfps	jxl1t	5054.scale78x128.jxl	4094326
sdrfps	jxl1t	5056.scale37x48.jxl	3335310
sdrfps	jxl1t	5056.scale99x128.jxl	4449077
sdrfps	jxl1t	5058.scale25x32.jxl	3636162
sdrfps	jxl1t	5058.scale99x128.jxl	4625089
sdrfps	jxl1t	5200.scale99x128.jxl	4553238
sdrfps	jxl1t	5202.scale99x128.jxl	4523338
sdrfps	jxl1t	5204.scale99x128.jxl	4113635
sdrfps	jxl1t	5206.scale99x128.jxl	4065195
sdrfps	jxl1t	5208.scale99x128.jxl	4174916
sdrfps	jxl1t	5210.scale99x128.jxl	4743769
sdrfps	jxl1t	5212.scale99x128.jxl	3962745
sdrfps	jxl1t	5214.scale791x1024.jxl	47893087
sdrfps	jxl1t	5214.scale99x128.jxl	5298513
sdrfps	jxl1t	5216.scale99x128.jxl	4854200
sdrfps	jxl1t	5218.scale99x128.jxl	4051325
sdrfps	jxl1t	5220.scale99x128.jxl	4798599
sdrfps	jxl1t	5222.scale2968x3841.jxl	503312449
sdrfps	jxl1t	5222.scale99x128.jxl	5438574
sdrfps	jxl1t	5224.scale99x128.jxl	4558278
sdrfps	jxl1t	5300.scale99x128.jxl	5502974
sdrfps	jxl1t	5302.scale1583x2048.jxl	215659566
sdrfps	jxl1t	5302.scale25x32.jxl	3399262
sdrfps	jxl1t	5302.scale99x128.jxl	4739149
sdrfps	jxl1t	5304.scale99x128.jxl	3303391
sdrfps	jxl1t	5306.scale99x128.jxl	3711613
sdrfps	jxl1t	5308.scale99x128.jxl	4035255
sdrfps	jxl1t	5310.scale99x128.jxl	3936354
sdrfps	jxl1t	5312.scale99x128.jxl	3997305
sdrfps	jxl1t	5314.scale1583x2048.jxl	235179457
sdrfps	jxl1t	5314.scale2550x3300.jxl	455163330
sdrfps	jxl1t	5314.scale37x48.jxl	3362001
sdrfps	jxl1t	5314.scale593x768.jxl	44811567
sdrfps	jxl1t	5314.scale99x128.jxl	4576558
sdrfps	jxl1t	5316.scale128x99.jxl	4806100
sdrfps	jxl1t	5318.scale99x128.jxl	4400967
sdrfps	jxl1t	5320.scale99x128.jxl	4479338
sdrfps	jxl1t	5322.scale99x128.jxl	4424988
sdrfps	jxl1t	5324.scale99x128.jxl	4065595
sdrfps	jxl1t	5326.scale99x128.jxl	4086795
sdrfps	jxl1t	5328.scale1024x791.jxl	76233782
sdrfps	jxl1t	5328.scale128x99.jxl	4491298
sdrfps	jxl1t	5330.scale99x128.jxl	4700829
sdrfps	jxl1t	5332.scale99x128.jxl	4433427
sdrfps	jxl1t	5334.scale99x128.jxl	5108162
sdrfps	jxl1t	5336.scale99x128.jxl	4835480
sdrfps	jxl1t	5338.scale99x128.jxl	4043895
sdrfps	jxl1t	5340.scale99x128.jxl	4020145
sdrfps	jxl1t	5342.scale99x128.jxl	4119535
sdrfps	jxl1t	6000.scale87x128.jxl	3778103
sdrfps	jxl1t	6002.scale87x128.jxl	3885344
sdrfps	jxl1t	6004.scale87x128.jxl	3812304
sdrfps	jxl1t	6006.scale87x128.jxl	3447011
sdrfps	jxl1t	6008.scale2320x3408.jxl	245994684
sdrfps	jxl1t	6008.scale87x128.jxl	3279130
sdrfps	jxl1t	6010.scale87x128.jxl	3914354
sdrfps	jxl1t	6012.scale2091x3072.jxl	226990827
sdrfps	jxl1t	6012.scale87x128.jxl	4680289
sdrfps	jxl1t	6014.scale33x48.jxl	2993538
sdrfps	jxl1t	6014.scale87x128.jxl	3590833
sdrfps	jxl1t	6016.scale87x128.jxl	3454052
sdrfps	jxl1t	6018.scale1046x1536.jxl	75095375
sdrfps	jxl1t	6018.scale87x128.jxl	3361841
sdrfps	jxl1t	6020.scale87x128.jxl	3691043
sdrfps	jxl1t	6022.scale87x128.jxl	3364721
sdrfps	jxl1t	6024.scale87x128.jxl	3974895
sdrfps	jxl1t	6026.scale87x128.jxl	3350991
sdrfps	jxl1t	6028.scale2320x3408.jxl	201762570
sdrfps	jxl1t	6028.scale87x128.jxl	3888234
sdrfps	jxl1t	6030.scale98x128.jxl	4864311
sdrfps	jxl1t	6032.scale98x128.jxl	4332877
sdrfps	jxl1t	6034.scale98x128.jxl	4604108
sdrfps	jxl1t	6036.scale98x128.jxl	4803920
sdrfps	jxl1t	6038.scale98x128.jxl	3628953
sdrfps	jxl1t	6040.scale2358x3072.jxl	718712334
sdrfps	jxl1t	6040.scale98x128.jxl	3749514
sdrfps	jxl1t	6042.scale786x1024.jxl	106266988
sdrfps	jxl1t	6042.scale98x128.jxl	4251366
sdrfps	jxl1t	6044.scale98x128.jxl	4177775
sdrfps	jxl1t	6046.scale98x128.jxl	4565808
sdrfps	jxl1t	6048.scale98x128.jxl	4980001
sdrfps	jxl1t	6050.scale98x128.jxl	4644088
sdrfps	jxl1t	6052.scale98x128.jxl	5097042
sdrfps	jxl1t	6054.scale98x128.jxl	4217286
sdrfps	jxl1t	6056.scale2358x3072.jxl	589469453
sdrfps	jxl1t	6056.scale98x128.jxl	5357903
sdrfps	jxl1t	6058.scale2358x3072.jxl	321872284
sdrfps	jxl1t	6058.scale25x32.jxl	3797704
sdrfps	jxl1t	6058.scale37x48.jxl	2970528
sdrfps	jxl1t	6058.scale98x128.jxl	4099535
sdrfps	jxl1t	6060.scale98x128.jxl	3321200
sdrfps	jxl1t	6062.scale98x128.jxl	3408801
sdrfps	jxl1t	6064.scale98x128.jxl	3448761
sdrfps	jxl1t	6066.scale98x128.jxl	4287156
sdrfps	jxl1t	6068.scale98x128.jxl	3487172
sdrfps	jxl1t	6070.scale98x128.jxl	4449998
sdrfps	jxl1t	6072.scale98x128.jxl	3555552
sdrfps	jxl1t	6074.scale98x128.jxl	3440681
sdrfps	jxl1t	6076.scale25x32.jxl	2787847
sdrfps	jxl1t	6076.scale98x128.jxl	3894025
sdrfps	jxl1t	6078.scale98x128.jxl	3840044
sdrfps	jxl1t	6080.scale98x128.jxl	4021215
sdrfps	jxl1t	6082.scale98x128.jxl	3946384
sdrfps	jxl1t	6084.scale98x128.jxl	3449901
sdrfps	jxl1t	6086.scale98x128.jxl	3467482
sdrfps	jxl1t	6088.scale98x128.jxl	3718113
sdrfps	jxl1t	6090.scale2320x3408.jxl	282667852
sdrfps	jxl1t	6090.scale87x128.jxl	3541481
sdrfps	jxl1t	6092.scale98x128.jxl	4152096
sdrfps	jxl1t	6094.scale98x128.jxl	4472478
sdrfps	jxl1t	6096.scale98x128.jxl	3940015
sdrfps	jxl1t	6098.scale87x128.jxl	3318511
sdrfps	jxl1t	6100.scale87x128.jxl	4031675
sdrfps	jxl1t	6102.scale2320x3408.jxl	232345990
sdrfps	jxl1t	6102.scale87x128.jxl	4211386
sdrfps	jxl1t	6104.scale87x128.jxl	3334351
sdrfps	jxl1t	6106.scale98x128.jxl	3980615
sdrfps	jxl1t	6108.scale98x128.jxl	3722903
sdrfps	jxl1t	6110.scale2479x3230.jxl	281551904
sdrfps	jxl1t	6110.scale98x128.jxl	3980395
sdrfps	jxl1t	6112.scale98x128.jxl	3850623
sdrfps	jxl1t	6600.scale2143x3072.jxl	851644617
sdrfps	jxl1t	6600.scale33x48.jxl	3353121
sdrfps	jxl1t	6600.scale89x128.jxl	5123241
sdrfps	jxl1t	6602.scale1396x2048.jxl	394581185
sdrfps	jxl1t	6602.scale175x256.jxl	10258603
sdrfps	jxl1t	6602.scale87x128.jxl	5078291
sdrfps	jxl1t	6604.scale1382x2048.jxl	363448642
sdrfps	jxl1t	6604.scale2074x3072.jxl	981993035
sdrfps	jxl1t	6604.scale2765x4096.jxl	1722586354
sdrfps	jxl1t	6604.scale4865x7207.jxl	4745934639
sdrfps	jxl1t	6604.scale86x128.jxl	4857411
sdrfps	jxl1t	6606.scale1059x1536.jxl	215512875
sdrfps	jxl1t	6606.scale176x256.jxl	9928632
sdrfps	jxl1t	6606.scale22x32.jxl	2915968
sdrfps	jxl1t	6606.scale265x384.jxl	18718636
sdrfps	jxl1t	6606.scale2824x4096.jxl	1535423324
sdrfps	jxl1t	6606.scale33x48.jxl	3777493
sdrfps	jxl1t	6606.scale5015x7275.jxl	4523620571
sdrfps	jxl1t	6606.scale66x96.jxl	4014335
sdrfps	jxl1t	6606.scale88x128.jxl	4501168
sdrfps	jxl1t	6608.scale128x102.jxl	4989441
sdrfps	jxl1t	6610.scale128x101.jxl	4819830
sdrfps	jxl1t	6612.scale88x128.jxl	4532768
sdrfps	jxl1t	6614.scale86x128.jxl	4424197
sdrfps	jxl1t	6616.scale44x64.jxl	3101899
sdrfps	jxl1t	6616.scale88x128.jxl	4947651
sdrfps	jxl1t	6618.scale85x128.jxl	5310833
sdrfps	jxl1t	6620.scale85x128.jxl	4356967
sdrfps	jxl1t	6622.scale85x128.jxl	4923440
sdrfps	jxl1t	6624.scale21x32.jxl	3429312
sdrfps	jxl1t	6624.scale2844x4410.jxl	1339247069
sdrfps	jxl1t	6624.scale31x48.jxl	3634273
sdrfps	jxl1t	6624.scale83x128.jxl	5383463
sdrfps	jxl1t	6626.scale83x128.jxl	4633149
sdrfps	jxl1t	6628.scale128x123.jxl	5100941
sdrfps	jxl1t	6628.scale3072x2959.jxl	977052934
sdrfps	jxl1t	6630.scale128x119.jxl	5043841
sdrfps	jxl1t	6632.scale128x117.jxl	4743620
sdrfps	jxl1t	6632.scale1536x1409.jxl	239180763
sdrfps	jxl1t	6632.scale5133x4709.jxl	2765412586
sdrfps	jxl1t	6634.scale110x128.jxl	4839149
sdrfps	jxl1t	6800.scale83x128.jxl	4126526
sdrfps	jxl1t	6802.scale85x128.jxl	4910420
sdrfps	jxl1t	6804.scale85x128.jxl	4213276
sdrfps	jxl1t	6806.scale128x101.jxl	4278526
sdrfps	jxl1t	6808.scale128x100.jxl	4285417
sdrfps	jxl1t	6808.scale6196x4845.jxl	2620789780
sdrfps	jxl1t	6810.scale85x128.jxl	4848461
sdrfps	jxl1t	6812.scale85x128.jxl	5035361
sdrfps	jxl1t	6814.scale85x128.jxl	4252876
sdrfps	jxl1t	6816.scale86x128.jxl	4562198
sdrfps	jxl1t	6818.scale87x128.jxl	4439657
sdrfps	jxl1t	6820.scale88x128.jxl	4193936
sdrfps	jxl1t	6822.scale88x128.jxl	4311897
sdrfps	jxl1t	6824.scale88x128.jxl	4550328
sdrfps	jxl1t	6826.scale22x32.jxl	2868238
sdrfps	jxl1t	6826.scale2415x3528.jxl	875761147
sdrfps	jxl1t	6826.scale263x384.jxl	16845914
sdrfps	jxl1t	6826.scale66x96.jxl	4355337
sdrfps	jxl1t	6826.scale88x128.jxl	4638379
sdrfps	jxl1t	6828.scale89x128.jxl	4314017
sdrfps	jxl1t	6830.scale88x128.jxl	4037055
sdrfps	jxl1t	6832.scale89x128.jxl	4168456
sdrfps	jxl1t	6834.scale88x128.jxl	4643589
sdrfps	jxl1t	7000.scale128x128.jxl	4845740
sdrfps	jxl1t	7000.scale384x384.jxl	25980001
sdrfps	jxl1t	7000.scale512x512.jxl	39615125
sdrfps	jxl1t	7002.scale1024x1024.jxl	48371620
sdrfps	jxl1t	7002.scale128x128.jxl	5343763
sdrfps	jxl1t	7002.scale256x256.jxl	13806255
sdrfps	jxl1t	7002.scale32x32.jxl	3405711
sdrfps	jxl1t	7002.scale768x768.jxl	92489133
sdrfps	jxl1t	7004.scale128x128.jxl	5401994
sdrfps	jxl1t	7006.scale128x128.jxl	4037975
sdrfps	jxl1t	7008.scale128x128.jxl	3984195
sdrfps	jxl1t	7010.scale1024x1024.jxl	38997582
sdrfps	jxl1t	7010.scale128x128.jxl	4590278
sdrfps	jxl1t	7012.scale1024x1024.jxl	35852792
sdrfps	jxl1t	7012.scale128x128.jxl	4107145
sdrfps	jxl1t	7014.scale1024x1024.jxl	35171458
sdrfps	jxl1t	7014.scale128x128.jxl	4716149
sdrfps	jxl1t	7016.scale1024x1024.jxl	39311093
sdrfps	jxl1t	7016.scale128x128.jxl	4999831
sdrfps	jxl1t	7016.scale256x256.jxl	10872877
sdrfps	jxl1t	7018.scale1024x1024.jxl	44305375
sdrfps	jxl1t	7018.scale128x128.jxl	5713756
sdrfps	jxl1t	7018.scale384x384.jxl	24224240
sdrfps	jxl1t	7018.scale96x96.jxl	4648469
sdrfps	jxl1t	7020.scale1024x1024.jxl	41925149
sdrfps	jxl1t	7020.scale128x128.jxl	5912286
sdrfps	jxl1t	7020.scale48x48.jxl	3570372
sdrfps	jxl1t	7022.scale1024x1024.jxl	36465286
sdrfps	jxl1t	7022.scale128x128.jxl	4932341
sdrfps	jxl1t	7024.scale1024x1024.jxl	38124656
sdrfps	jxl1t	7024.scale128x128.jxl	4929950
sdrfps	jxl1t	7026.scale1024x1024.jxl	36107984
sdrfps	jxl1t	7026.scale128x128.jxl	5077062
sdrfps	jxl1t	7028.scale128x128.jxl	5066472
sdrfps	jxl1t	7028.scale48x48.jxl	4031505
sdrfps	jxl1t	7030.scale1024x1024.jxl	37495833
sdrfps	jxl1t	7030.scale128x128.jxl	5178232
sdrfps	jxl1t	7032.scale128x128.jxl	5052991
sdrfps	jxl1t	7034.scale128x128.jxl	4821250
sdrfps	jxl1t	7036.scale128x128.jxl	4441567
sdrfps	jxl1t	7038.scale1024x1024.jxl	39413605
sdrfps	jxl1t	7038.scale128x128.jxl	5685256
sdrfps	jxl1t	7038.scale192x192.jxl	8514012
sdrfps	jxl1t	7038.scale256x256.jxl	12098145
sdrfps	jxl1t	7038.scale32x32.jxl	2845598
sdrfps	jxl1t	7038.scale384x384.jxl	21149311
sdrfps	jxl1t	7038.scale48x48.jxl	3301341
sdrfps	jxl1t	7038.scale64x64.jxl	4035735
sdrfps	jxl1t	7038.scale96x96.jxl	4152805
sdrfps	jxl1t	7040.scale1024x1024.jxl	35101378
sdrfps	jxl1t	7040.scale128x128.jxl	4835080
sdrfps	jxl1t	7040.scale192x192.jxl	6896783
sdrfps	jxl1t	7040.scale32x32.jxl	3229850
sdrfps	jxl1t	7040.scale48x48.jxl	3391931
sdrfps	jxl1t	7040.scale64x64.jxl	3683983
sdrfps	jxl1t	7040.scale96x96.jxl	3842014
sdrfps	jxl1t	7042.scale128x128.jxl	5293252
sdrfps	jxl1t	7042.scale192x192.jxl	8252531
sdrfps	jxl1t	7042.scale32x32.jxl	3004429
sdrfps	jxl1t	7042.scale48x48.jxl	3213360
sdrfps	jxl1t	7042.scale64x64.jxl	3701673
sdrfps	jxl1t	7042.scale96x96.jxl	4835380
sdrfps	jxl1t	7044.scale128x128.jxl	6075127
sdrfps	jxl1t	7044.scale192x192.jxl	8214011
sdrfps	jxl1t	7044.scale32x32.jxl	3062829
sdrfps	jxl1t	7044.scale48x48.jxl	3400631
sdrfps	jxl1t	7044.scale512x512.jxl	30686231
sdrfps	jxl1t	7044.scale64x64.jxl	3482722
sdrfps	jxl1t	7044.scale96x96.jxl	4272366
sdrfps	jxl1t	7046.scale1024x1024.jxl	39521714
sdrfps	jxl1t	7046.scale128x128.jxl	5207252
sdrfps	jxl1t	7046.scale192x192.jxl	7685227
sdrfps	jxl1t	7046.scale256x256.jxl	10618246
sdrfps	jxl1t	7046.scale512x512.jxl	13472593
sdrfps	jxl1t	7046.scale768x768.jxl	23659296
sdrfps	jxl1t	7046.scale96x96.jxl	4358697
sdrfps	jxl1t	7048.scale1024x1024.jxl	37841754
sdrfps	jxl1t	7048.scale128x128.jxl	5237803
sdrfps	jxl1t	7048.scale256x256.jxl	9987442
sdrfps	jxl1t	7048.scale384x384.jxl	17243177
sdrfps	jxl1t	7048.scale96x96.jxl	3998635
sdrfps	jxl1t	7050.scale1024x1024.jxl	37320411
sdrfps	jxl1t	7050.scale128x128.jxl	4441538
sdrfps	jxl1t	7050.scale256x256.jxl	10077412
sdrfps	jxl1t	7050.scale384x384.jxl	18155672
sdrfps	jxl1t	7050.scale512x512.jxl	15180974
sdrfps	jxl1t	7050.scale768x768.jxl	27562350
sdrfps	jxl1t	7052.scale1024x1024.jxl	42683314
sdrfps	jxl1t	7052.scale128x128.jxl	4710169
sdrfps	jxl1t	7052.scale256x256.jxl	5714775
sdrfps	jxl1t	7052.scale384x384.jxl	8963316
sdrfps	jxl1t	7052.scale512x512.jxl	14676281
sdrfps	jxl1t	7052.scale64x64.jxl	3597993
sdrfps	jxl1t	7052.scale768x768.jxl	26839276
sdrfps	jxl1t	7054.scale128x128.jxl	6086308
sdrfps	jxl1t	7054.scale48x48.jxl	3113880
sdrfps	jxl1t	7056.scale1024x1024.jxl	156138077
sdrfps	jxl1t	7056.scale128x128.jxl	5832146
sdrfps	jxl1t	7056.scale96x96.jxl	4226356
sdrfps	jxl1t	7058.scale1024x1024.jxl	136351865
sdrfps	jxl1t	7058.scale128x128.jxl	5783066
sdrfps	jxl1t	7058.scale192x192.jxl	8460252
sdrfps	jxl1t	7060.scale128x128.jxl	5044721
sdrfps	jxl1t	7060.scale256x256.jxl	12115805
sdrfps	jxl1t	7060.scale512x512.jxl	36543666
sdrfps	jxl1t	7060.scale768x768.jxl	76958187
sdrfps	jxl1t	7062.scale128x128.jxl	5576765
sdrfps	jxl1t	7064.scale1024x1024.jxl	109089396
sdrfps	jxl1t	7064.scale128x128.jxl	6287329
sdrfps	jxl1t	7064.scale256x256.jxl	11063939
sdrfps	jxl1t	7066.scale128x128.jxl	5411473
sdrfps	jxl1t	7066.scale384x384.jxl	21699584
sdrfps	jxl1t	7068.scale128x128.jxl	4615468
sdrfps	jxl1t	7070.scale128x128.jxl	3757463
sdrfps	jxl1t	7072.scale128x128.jxl	4539428
sdrfps	jxl1t	7074.scale128x128.jxl	3916205
sdrfps	jxl1t	7076.scale128x128.jxl	4273757
sdrfps	jxl1t	7078.scale128x128.jxl	4628979
sdrfps	jxl1t	7078.scale512x512.jxl	26733596
sdrfps	jxl1t	7080.scale128x128.jxl	4883040
sdrfps	jxl1t	7082.scale128x128.jxl	4770940
sdrfps	jxl1t	7084.scale128x128.jxl	4729409
sdrfps	jxl1t	7086.scale1024x1024.jxl	96138236
sdrfps	jxl1t	7086.scale128x128.jxl	5545035
sdrfps	jxl1t	7088.scale128x128.jxl	4555949
sdrfps	jxl1t	7088.scale512x512.jxl	24734893
sdrfps	jxl1t	7090.scale128x128.jxl	4860260
sdrfps	jxl1t	7092.scale128x128.jxl	5287463
sdrfps	jxl1t	7092.scale32x32.jxl	3152860
sdrfps	jxl1t	7092.scale64x64.jxl	3845933
sdrfps	jxl1t	7094.scale1024x1024.jxl	36279274
sdrfps	jxl1t	7094.scale128x128.jxl	4386237
sdrfps	jxl1t	7094.scale48x48.jxl	3480362
sdrfps	jxl1t	7096.scale128x128.jxl	4229586
sdrfps	jxl1t	7096.scale32x32.jxl	3843634
sdrfps	jxl1t	7098.scale128x128.jxl	5174232
sdrfps	jxl1t	7098.scale48x48.jxl	3431672
sdrfps	jxl1t	7100.scale128x128.jxl	4409457
sdrfps	jxl1t	7102.scale1024x1024.jxl	54091465
sdrfps	jxl1t	7102.scale128x128.jxl	5188343
sdrfps	jxl1t	7102.scale48x48.jxl	3004549
sdrfps	jxl1t	7104.scale128x128.jxl	5068061
sdrfps	jxl1t	7104.scale256x256.jxl	10998419
sdrfps	jxl1t	7104.scale32x32.jxl	3023139
sdrfps	jxl1t	7104.scale64x64.jxl	3290051
sdrfps	jxl1t	7104.scale768x768.jxl	62885190
sdrfps	jxl1t	7104.scale96x96.jxl	4520088
sdrfps	jxl1t	7106.scale128x128.jxl	4695499
sdrfps	jxl1t	7108.scale128x128.jxl	5121322
sdrfps	jxl1t	7110.scale128x128.jxl	4222066
sdrfps	jxl1t	7110.scale32x32.jxl	3013069
sdrfps	jxl1t	7110.scale64x64.jxl	3275040
sdrfps	jxl1t	7112.scale128x128.jxl	5047032
sdrfps	jxl1t	7112.scale48x48.jxl	3639022
sdrfps	jxl1t	7114.scale1024x1024.jxl	37399452
sdrfps	jxl1t	7114.scale128x128.jxl	4350477
sdrfps	jxl1t	7116.scale1024x1024.jxl	48002258
sdrfps	jxl1t	7116.scale128x128.jxl	4697689
sdrfps	jxl1t	7118.scale128x128.jxl	5051081
sdrfps	jxl1t	7118.scale32x32.jxl	3095520
sdrfps	jxl1t	7120.scale128x128.jxl	4950190
sdrfps	jxl1t	7120.scale32x32.jxl	2915588
sdrfps	jxl1t	7120.scale48x48.jxl	3508662
sdrfps	jxl1t	7122.scale128x128.jxl	4104556
sdrfps	jxl1t	7124.scale128x128.jxl	5168722
sdrfps	jxl1t	8000.scale115x128.jxl	5272383
sdrfps	jxl1t	8002.scale1080x2520.jxl	91945930
sdrfps	jxl1t	8002.scale55x128.jxl	4518489
sdrfps	jxl1t	8004.scale55x128.jxl	3848753
sdrfps	jxl1t	8006.scale115x128.jxl	4584708
sdrfps	jxl1t	8008.scale115x128.jxl	5776726
sdrfps	jxl1t	8010.scale55x128.jxl	4690999
sdrfps	jxl1t	8012.scale1080x2520.jxl	103293930
sdrfps	jxl1t	8012.scale439x1024.jxl	25457898
sdrfps	jxl1t	8012.scale55x128.jxl	3536542
sdrfps	jxl1t	8014.scale14x32.jxl	3692072
sdrfps	jxl1t	8014.scale27x64.jxl	3468811
sdrfps	jxl1t	8014.scale55x128.jxl	4190556
sdrfps	jxl1t	8016.scale115x128.jxl	4759710
sdrfps	jxl1t	8018.scale115x128.jxl	5091121
sdrfps	jxl1t	8020.scale115x128.jxl	4614929
sdrfps	jxl1t	8022.scale1080x2520.jxl	100930285
sdrfps	jxl1t	8022.scale41x96.jxl	4277686
sdrfps	jxl1t	8022.scale55x128.jxl	3752103
sdrfps	jxl1t	8024.scale55x128.jxl	3532612
sdrfps	jxl1t	8026.scale55x128.jxl	3824494
sdrfps	jxl1t	8028.scale64x128.jxl	4021635
sdrfps	jxl1t	8030.scale115x128.jxl	5183092
sdrfps	jxl1t	8030.scale1384x1536.jxl	224649962
sdrfps	jxl1t	8100.scale128x80.jxl	4149195
sdrfps	jxl1t	8102.scale128x80.jxl	3867114
sdrfps	jxl1t	8104.scale128x80.jxl	4372417
sdrfps	jxl1t	8106.scale128x80.jxl	3643892
sdrfps	jxl1t	8108.scale128x80.jxl	4288677
sdrfps	jxl1t	8110.scale128x80.jxl	3929784
sdrfps	jxl1t	8112.scale128x80.jxl	4106896
sdrfps	jxl1t	8114.scale128x80.jxl	4219726
sdrfps	jxl1t	8114.scale768x480.jxl	47711255
sdrfps	jxl1t	8116.scale128x80.jxl	4121686
sdrfps	jxl1t	8118.scale128x80.jxl	3919284
sdrfps	jxl1t	8120.scale128x80.jxl	4341347
sdrfps	jxl1t	8122.scale128x80.jxl	4111166
sdrfps	jxl1t	8124.scale128x80.jxl	3959704
sdrfps	jxl1t	8124.scale1440x900.jxl	132333860
sdrfps	jxl1t	8126.scale128x80.jxl	3761653
sdrfps	jxl1t	8128.scale128x80.jxl	4148355
sdrfps	jxl1t	8130.scale128x80.jxl	3599332
sdrfps	jxl1t	8132.scale128x80.jxl	4325727
sdrfps	jxl1t	8134.scale128x80.jxl	4583598
sdrfps	jxl1t	8136.scale128x80.jxl	4206456
sdrfps	jxl1t	8138.scale128x80.jxl	4358427
sdrfps	jxl1t	8140.scale128x80.jxl	4393747
sdrfps	jxl1t	8142.scale128x80.jxl	4678319
sdrfps	jxl1t	8144.scale1024x640.jxl	43099907
sdrfps	jxl1t	8144.scale128x80.jxl	3930095
sdrfps	jxl1t	8146.scale128x80.jxl	3999555
sdrfps	jxl1t	8148.scale128x80.jxl	4422138
sdrfps	jxl1t	8150.scale128x80.jxl	4117845
sdrfps	jxl1t	8152.scale128x80.jxl	4506008
sdrfps	jxl1t	8154.scale128x80.jxl	3956155
sdrfps	jxl1t	8156.scale128x80.jxl	4525698
sdrfps	jxl1t	8158.scale128x80.jxl	3287420
sdrfps	jxl1t	8160.scale128x72.jxl	3892414
sdrfps	jxl1t	8162.scale128x72.jxl	3025918
sdrfps	jxl1t	8164.scale128x72.jxl	3640923
sdrfps	jxl1t	8166.scale128x72.jxl	3777803
sdrfps	jxl1t	8168.scale128x72.jxl	4275796
sdrfps	jxl1t	8170.scale128x72.jxl	3705073
sdrfps	jxl1t	8170.scale1920x1080.jxl	70101314
sdrfps	jxl1t	8172.scale128x72.jxl	3565332
sdrfps	jxl1t	8172.scale1920x1080.jxl	78972530
sdrfps	jxl1t	8174.scale128x72.jxl	4652989
sdrfps	jxl1t	8176.scale128x72.jxl	3749694
sdrfps	jxl1t	8178.scale128x72.jxl	4044385
sdrfps	jxl1t	8178.scale1920x1080.jxl	81269514
sdrfps	jxl1t	8180.scale128x72.jxl	3731163
sdrfps	jxl1t	8182.scale128x72.jxl	4009734
sdrfps	jxl1t	8184.scale128x72.jxl	3904274
sdrfps	jxl1t	8186.scale128x72.jxl	3742243
sdrfps	jxl1t	8188.scale128x72.jxl	4206926
sdrfps	jxl1t	8190.scale128x72.jxl	3968424
sdrfps	jxl1t	8190.scale32x18.jxl	3169339
sdrfps	jxl1t	8192.scale128x72.jxl	4150636
sdrfps	jxl1t	8194.scale128x72.jxl	4137785
sdrfps	jxl1t	8196.scale128x72.jxl	3952644
sdrfps	jxl1t	8198.scale128x72.jxl	4184846
sdrfps	jxl1t	8200.scale128x72.jxl	3864074
sdrfps	jxl1t	8202.scale128x72.jxl	4558748
sdrfps	jxl1t	8204.scale128x72.jxl	4597759
sdrfps	jxl1t	8206.scale128x72.jxl	4559368
sdrfps	jxl1t	8208.scale128x72.jxl	3696003
sdrfps	jxl1t	8210.scale128x72.jxl	3948245
sdrfps	jxl1t	8210.scale1920x1080.jxl	150347652
sdrfps	jxl1t	8210.scale32x18.jxl	2888088
sdrfps	jxl1t	8212.scale128x72.jxl	3788163
sdrfps	jxl1t	8214.scale128x72.jxl	3711313
sdrfps	jxl1t	8216.scale128x72.jxl	4116106
sdrfps	jxl1t	8218.scale128x72.jxl	3500322
sdrfps	jxl1t	8220.scale128x80.jxl	4475918
sdrfps	jxl1t	8222.scale128x80.jxl	3088219
sdrfps	jxl1t	8222.scale2880x1800.jxl	288214346
sdrfps	jxl1t	8222.scale512x320.jxl	8606673
sdrfps	jxl1t	8224.scale128x80.jxl	4297117
sdrfps	jxl1t	8226.scale128x80.jxl	4409777
sdrfps	jxl1t	8228.scale128x80.jxl	4141815
sdrfps	jxl1t	8230.scale128x80.jxl	4445418
sdrfps	jxl1t	8230.scale2880x1800.jxl	177480470
sdrfps	jxl1t	8232.scale128x80.jxl	4188516
sdrfps	jxl1t	8234.scale128x80.jxl	4424107
sdrfps	jxl1t	8236.scale128x80.jxl	4480077
sdrfps	jxl1t	8236.scale32x20.jxl	3193580
sdrfps	jxl1t	8238.scale128x80.jxl	4179506
sdrfps	jxl1t	8240.scale128x80.jxl	4743960
sdrfps	jxl1t	8242.scale128x80.jxl	4055375
sdrfps	jxl1t	8244.scale128x80.jxl	4532938
sdrfps	jxl1t	8246.scale128x80.jxl	4356217
sdrfps	jxl1t	8246.scale2880x1800.jxl	468646174
sdrfps	jxl1t	8248.scale128x80.jxl	3917155
sdrfps	jxl1t	8250.scale128x80.jxl	4767940
sdrfps	jxl1t	8252.scale128x80.jxl	3931714
sdrfps	jxl1t	8254.scale128x80.jxl	5099362
sdrfps	jxl1t	8256.scale128x80.jxl	4066305
sdrfps	jxl1t	8258.scale128x80.jxl	4542588
sdrfps	jxl1t	8260.scale128x80.jxl	3895834
sdrfps	jxl1t	8262.scale128x80.jxl	3631762
sdrfps	jxl1t	8264.scale128x80.jxl	3619383
sdrfps	jxl1t	8266.scale128x80.jxl	4672489
sdrfps	jxl1t	8268.scale128x80.jxl	4794970
sdrfps	jxl1t	8270.scale128x80.jxl	4816990
sdrfps	jxl1t	8272.scale72x128.jxl	3909974
sdrfps	jxl1t	8274.scale72x128.jxl	4565069
sdrfps	jxl1t	8276.scale27x48.jxl	2776428
sdrfps	jxl1t	8276.scale72x128.jxl	3610812
sdrfps	jxl1t	8278.scale72x128.jxl	3986635
sdrfps	jxl1t	8280.scale72x128.jxl	4304607
sdrfps	jxl1t	8282.scale72x128.jxl	3806713
sdrfps	jxl1t	8284.scale72x128.jxl	4029195
sdrfps	jxl1t	8286.scale72x128.jxl	4429438
sdrfps	jxl1t	8288.scale72x128.jxl	3847974
sdrfps	jxl1t	8290.scale72x128.jxl	3684903
sdrfps	jxl1t	8292.scale72x128.jxl	4115915
sdrfps	jxl1t	8294.scale27x48.jxl	3325820
sdrfps	jxl1t	8294.scale72x128.jxl	4027305
sdrfps	jxl1t	8296.scale18x32.jxl	3105260
sdrfps	jxl1t	8296.scale72x128.jxl	4136776
sdrfps	jxl1t	8298.scale72x128.jxl	4640439
sdrfps	jxl1t	8300.scale72x128.jxl	4737000
sdrfps	jxl1t	8302.scale72x128.jxl	3827984
sdrfps	jxl1t	8304.scale72x128.jxl	3658623
sdrfps	jxl1t	8306.scale72x128.jxl	4791740
sdrfps	jxl1t	8308.scale72x128.jxl	3796504
sdrfps	jxl1t	8310.scale72x128.jxl	3836894
sdrfps	jxl1t	8312.scale72x128.jxl	4325047
sdrfps	jxl1t	8314.scale72x128.jxl	4840990
sdrfps	jxl1t	8316.scale72x128.jxl	3861674
sdrfps	jxl1t	8318.scale72x128.jxl	4816840
sdrfps	jxl1t	8320.scale72x128.jxl	3663352
sdrfps	jxl1t	8322.scale72x128.jxl	4020915
sdrfps	jxl1t	8324.scale72x128.jxl	5046512
sdrfps	jxl1t	8326.scale72x128.jxl	4577199
sdrfps	jxl1t	8328.scale72x128.jxl	5248612
sdrfps	jxl1t	8330.scale96x128.jxl	4223666
sdrfps	jxl1t	8332.scale96x128.jxl	4969080
sdrfps	jxl1t	8334.scale96x128.jxl	4219696
sdrfps	jxl1t	8336.scale96x128.jxl	4583868
sdrfps	jxl1t	8338.scale96x128.jxl	4073735
sdrfps	jxl1t	8340.scale768x1024.jxl	36057503
sdrfps	jxl1t	8340.scale96x128.jxl	4320577
sdrfps	jxl1t	8342.scale96x128.jxl	4496408
sdrfps	jxl1t	8344.scale96x128.jxl	5100481
sdrfps	jxl1t	8346.scale768x1024.jxl	67052776
sdrfps	jxl1t	8346.scale96x128.jxl	4386668
sdrfps	jxl1t	8348.scale96x128.jxl	4925780
sdrfps	jxl1t	8350.scale96x128.jxl	4175296
sdrfps	jxl1t	8352.scale96x128.jxl	4385727
sdrfps	jxl1t	8354.scale36x48.jxl	2949918
sdrfps	jxl1t	8354.scale96x128.jxl	3217449
sdrfps	jxl1t	8356.scale96x128.jxl	4242367
sdrfps	jxl1t	8358.scale96x128.jxl	3520552
sdrfps	jxl1t	8360.scale96x128.jxl	4402517
sdrfps	jxl1t	8362.scale96x128.jxl	4250347
sdrfps	jxl1t	8364.scale96x128.jxl	4139545
sdrfps	jxl1t	8366.scale24x32.jxl	2682297
sdrfps	jxl1t	8366.scale96x128.jxl	4721659
sdrfps	jxl1t	8368.scale96x128.jxl	4626428
sdrfps	jxl1t	8370.scale96x128.jxl	5235333
sdrfps	jxl1t	8372.scale96x128.jxl	5082442
sdrfps	jxl1t	8374.scale96x128.jxl	4527268
sdrfps	jxl1t	8376.scale96x128.jxl	5050821
sdrfps	jxl1t	8378.scale24x32.jxl	3377371
sdrfps	jxl1t	8378.scale96x128.jxl	4074285
sdrfps	jxl1t	8380.scale36x48.jxl	2880868
sdrfps	jxl1t	8380.scale96x128.jxl	3943595
sdrfps	jxl1t	8382.scale96x128.jxl	4091015
sdrfps	jxl1t	8384.scale96x128.jxl	3761793
sdrfps	jxl1t	8386.scale96x128.jxl	4365257
sdrfps	jxl1t	8388.scale96x128.jxl	4194586
sdrfps	jxl1t	8390.scale128x80.jxl	4300647
sdrfps	jxl1t	8392.scale128x72.jxl	4212017
sdrfps	jxl1t	8394.scale15x32.jxl	2880348
sdrfps	jxl1t	8394.scale30x64.jxl	3808894
sdrfps	jxl1t	8394.scale59x128.jxl	4134316
sdrfps	jxl1t	8396.scale128x80.jxl	3446872
sdrfps	jxl1t	8398.scale128x80.jxl	3985105
sdrfps	jxl1t	8400.scale128x72.jxl	3605132
sdrfps	jxl1t	8402.scale15x32.jxl	3489862
sdrfps	jxl1t	8402.scale59x128.jxl	3552011
sdrfps	jxl1t	8404.scale128x80.jxl	4522258
sdrfps	jxl1t	8406.scale128x72.jxl	4647129
sdrfps	jxl1t	8408.scale128x80.jxl	3824483
sdrfps	jxl1t	8410.scale128x80.jxl	3890994
sdrfps	jxl1t	8412.scale72x128.jxl	4001665
sdrfps	jxl1t	8414.scale128x80.jxl	3836294
sdrfps	jxl1t	8416.scale72x128.jxl	3804854
sdrfps	jxl1t	8418.scale128x80.jxl	4439027
sdrfps	jxl1t	8420.scale128x96.jxl	4453057
sdrfps	jxl1t	8422.scale128x72.jxl	4065535
sdrfps	jxl1t	8424.scale128x72.jxl	3522072
sdrfps	jxl1t	8426.scale59x128.jxl	3691952
sdrfps	jxl1t	8428.scale1280x800.jxl	89220513
sdrfps	jxl1t	8428.scale128x80.jxl	4080626
sdrfps	jxl1t	8430.scale128x72.jxl	4215697
sdrfps	jxl1t	8432.scale128x80.jxl	3987065
sdrfps	jxl1t	8432.scale48x30.jxl	3130180
sdrfps	jxl1t	8434.scale59x128.jxl	3499562
sdrfps	jxl1t	8436.scale72x128.jxl	4283567
sdrfps	jxl1t	8438.scale128x80.jxl	4053935
sdrfps	jxl1t	8440.scale128x72.jxl	4285476
sdrfps	jxl1t	8442.scale30x64.jxl	3388161
sdrfps	jxl1t	8442.scale59x128.jxl	3833484
sdrfps	jxl1t	8444.scale128x96.jxl	4465917
sdrfps	jxl1t	8444.scale32x24.jxl	2997249
sdrfps	jxl1t	8446.scale128x72.jxl	4092696
sdrfps	jxl1t	8448.scale128x80.jxl	4130566
sdrfps	jxl1t	8450.scale59x128.jxl	3733303
sdrfps	jxl1t	8452.scale128x80.jxl	3761664
sdrfps	jxl1t	8454.scale128x110.jxl	4024766
sdrfps	jxl1t	8456.scale128x90.jxl	3810613
sdrfps	jxl1t	8456.scale48x34.jxl	3057869
sdrfps	jxl1t	8458.scale128x72.jxl	4017775
sdrfps	jxl1t	8460.scale72x128.jxl	4019035
sdrfps	jxl1t	8462.scale128x80.jxl	4898011
sdrfps	jxl1t	8464.scale128x72.jxl	4226136
sdrfps	jxl1t	8466.scale128x80.jxl	4341167
sdrfps	jxl1t	8468.scale59x128.jxl	3694293
sdrfps	jxl1t	9000.scale85x128.jxl	4132316
sdrfps	jxl1t	9002.scale85x128.jxl	3970405
sdrfps	jxl1t	9004.scale85x128.jxl	4628948
sdrfps	jxl1t	9006.scale85x128.jxl	4363857
sdrfps	jxl1t	9008.scale85x128.jxl	3978895
sdrfps	jxl1t	9010.scale85x128.jxl	4119976
sdrfps	jxl1t	9012.scale128x128.jxl	4973091
sdrfps	jxl1t	9014.scale85x128.jxl	4183906
sdrfps	jxl1t	9016.scale128x128.jxl	5117772
sdrfps	jxl1t	9018.scale85x128.jxl	3781673
sdrfps	jxl1t	9020.scale85x128.jxl	4254537
sdrfps	jxl1t	9022.scale21x32.jxl	2805928
sdrfps	jxl1t	9022.scale85x128.jxl	3955484
sdrfps	jxl1t	9024.scale128x128.jxl	4932690
sdrfps	jxl1t	9026.scale85x128.jxl	4029605
sdrfps	jxl1t	9028.scale128x128.jxl	4701449
sdrfps	jxl1t	9030.scale85x128.jxl	5146812
sdrfps	jxl1t	9032.scale85x128.jxl	4334747
sdrfps	jxl1t	9034.scale85x128.jxl	4107845
sdrfps	jxl1t	9036.scale128x128.jxl	4501018
sdrfps	jxl1t	9038.scale85x128.jxl	3730573
sdrfps	jxl1t	9040.scale43x64.jxl	3511282
sdrfps	jxl1t	9040.scale85x128.jxl	4586478
sdrfps	jxl1t	9042.scale128x128.jxl	5150081
sdrfps	jxl1t	9042.scale32x32.jxl	3038979
sdrfps	jxl1t	9044.scale128x85.jxl	4359667
sdrfps	jxl1t	9044.scale1536x1024.jxl	115171883
sdrfps	jxl1t	9046.scale128x128.jxl	5171562
sdrfps	jxl1t	9048.scale128x128.jxl	5330193
sdrfps	jxl1t	9050.scale21x32.jxl	3071949
sdrfps	jxl1t	9050.scale32x48.jxl	2954568
sdrfps	jxl1t	9050.scale64x96.jxl	3448301
sdrfps	jxl1t	9050.scale85x128.jxl	4404148
sdrfps	jxl1t	9052.scale85x128.jxl	4921561
sdrfps	jxl1t	9054.scale128x128.jxl	4714310
sdrfps	jxl1t	9054.scale32x32.jxl	3066849
sdrfps	jxl1t	9056.scale85x128.jxl	4269276
sdrfps	jxl1t	9058.scale85x128.jxl	4072915
sdrfps	jxl1t	9060.scale85x128.jxl	4041745
sdrfps	jxl1t	9062.scale128x128.jxl	5052511
sdrfps	jxl1t	9062.scale32x32.jxl	2855958
sdrfps	jxl1t	9062.scale48x48.jxl	3120180
sdrfps	jxl1t	9064.scale85x128.jxl	4591519
sdrfps	jxl1t	9066.scale21x32.jxl	3395981
sdrfps	jxl1t	9066.scale85x128.jxl	3925724
sdrfps	jxl1t	9068.scale85x128.jxl	4470598
sdrfps	jxl1t	9070.scale85x128.jxl	4364257
sdrfps	jxl1t	9072.scale85x128.jxl	4640989
sdrfps	jxl1t	9074.scale85x128.jxl	3733263
sdrfps	jxl1t	9076.scale85x128.jxl	4762709
sdrfps	jxl1t	9078.scale85x128.jxl	4010755
sdrfps	jxl1t	9080.scale128x128.jxl	4368608
sdrfps	jxl1t	9082.scale128x128.jxl	4567989
sdrfps	jxl1t	9082.scale32x32.jxl	3353711
sdrfps	jxl1t	9084.scale85x128.jxl	3926934
sdrfps	jxl1t	9094.scale85x128.jxl	4765709
sdrfps	jxl1t	9096.scale85x128.jxl	4777090
sdrfps	jxl1t	9098.scale85x128.jxl	4427807
sdrfps	jxl1t	9100.scale85x128.jxl	4244107
sdrfps	jxl1t	9102.scale85x128.jxl	4802509
sdrfps	jxl1t	9104.scale85x128.jxl	4975081
sdrfps	jxl1t	9106.scale85x128.jxl	4299336
sdrfps	jxl1t	9108.scale85x128.jxl	4781219
sdrfps	jxl1t	9110.scale128x85.jxl	4125406
sdrfps	jxl1t	9112.scale85x128.jxl	4270066
sdrfps	jxl1t	9114.scale85x128.jxl	4276716
sdrfps	jxl1t	9116.scale32x48.jxl	2814667
sdrfps	jxl1t	9116.scale85x128.jxl	4896760
sdrfps	jxl1t	9118.scale128x85.jxl	4506348
sdrfps	jxl1t	9118.scale48x32.jxl	2890228
sdrfps	jxl1t	9120.scale85x128.jxl	4531118
sdrfps	jxl1t	9122.scale85x128.jxl	4956351
sdrfps	jxl1t	9124.scale85x128.jxl	5147162
sdrfps	jxl1t	9126.scale85x128.jxl	4951421
sdrfps	jxl1t	9128.scale85x128.jxl	4570818
sdrfps	jxl1t	9130.scale85x128.jxl	4867110
sdrfps	jxl1t	9132.scale85x128.jxl	4776180
sdrfps	jxl1t	9134.scale21x32.jxl	2758717
sdrfps	jxl1t	9134.scale64x96.jxl	4185506
sdrfps	jxl1t	9134.scale85x128.jxl	4358187
sdrfps	jxl1t	9136.scale85x128.jxl	5261223
sdrfps	jxl1t	9138.scale85x128.jxl	5023951
sdrfps	jxl1t	9140.scale1024x1536.jxl	206029897
sdrfps	jxl1t	9140.scale85x128.jxl	4569528
sdrfps	jxl1t	9142.scale85x128.jxl	4608378
sdrfps	jxl1t	9144.scale85x128.jxl	4265237
sdrfps	jxl1t	9146.scale85x128.jxl	4847530
sdrfps	jxl1t	9148.scale85x128.jxl	4817710
sdrfps	jxl1t	9150.scale85x128.jxl	4472807
sdrfps	jxl1t	9152.scale85x128.jxl	4239496
sdrfps	jxl1t	9154.scale85x128.jxl	4819800
sdrfps	jxl1t	9156.scale85x128.jxl	4687008
sdrfps	jxl1t	9158.scale85x128.jxl	4854920
sdrfps	jxl1t	9160.scale85x128.jxl	4255886
sdrfps	jxl1t	9162.scale85x128.jxl	4273806
sdrfps	jxl1t	9164.scale1024x1536.jxl	223360484
sdrfps	jxl1t	9164.scale171x256.jxl	10311764
sdrfps	jxl1t	9164.scale32x48.jxl	3678463
sdrfps	jxl1t	9164.scale341x512.jxl	27683522
sdrfps	jxl1t	9164.scale85x128.jxl	4201366
sdrfps	jxl1t	9166.scale85x128.jxl	4730599
sdrfps	jxl1t	9168.scale128x85.jxl	4807130
sdrfps	jxl1t	9226.scale72x128.jxl	4047205
sdrfps	jxl1t	9228.scale128x72.jxl	4515058
sdrfps	jxl1t	9230.scale128x128.jxl	5099162
sdrfps	jxl1t	9232.scale128x72.jxl	4906341
sdrfps	jxl1t	9232.scale3072x1728.jxl	557203553
sdrfps	jxl1t	9234.scale72x128.jxl	4010795
sdrfps	jxl1t	9236.scale85x128.jxl	3954495
sdrfps	jxl1t	9238.scale1152x2048.jxl	206846811
sdrfps	jxl1t	9238.scale72x128.jxl	4010795
sdrfps	jxl1t	9240.scale128x128.jxl	5558695
sdrfps	jxl1t	9242.scale85x128.jxl	4309137
sdrfps	jxl1t	9244.scale128x72.jxl	4238336
sdrfps	jxl1t	9244.scale32x18.jxl	2959379
sdrfps	jxl1t	9244.scale48x27.jxl	2842318
sdrfps	jxl1t	9246.scale128x72.jxl	4459158
sdrfps	jxl1t	9248.scale128x128.jxl	4674269
sdrfps	jxl1t	9248.scale32x32.jxl	3216190
sdrfps	jxl1t	9250.scale128x128.jxl	4797230
sdrfps	jxl1t	9252.scale128x128.jxl	4933050
sdrfps	jxl1t	9252.scale48x48.jxl	3534752
sdrfps	jxl1t	9254.scale85x128.jxl	4588318
sdrfps	jxl1t	9256.scale85x128.jxl	4310356
sdrfps	jxl1t	9258.scale128x128.jxl	4660849
sdrfps	jxl1t	9260.scale128x128.jxl	4930281
sdrfps	jxl1t	9262.scale85x128.jxl	4590869
sdrfps	jxl1t	9264.scale71x128.jxl	4370878
sdrfps	jxl1t	9268.scale128x128.jxl	4558769
sdrfps	jxl1t	9270.scale128x85.jxl	5143892
sdrfps	jxl1t	9272.scale128x128.jxl	4634019
sdrfps	jxl1t	9274.scale85x128.jxl	4314316
sdrfps	jxl1t	9276.scale85x128.jxl	4596988
sdrfps	jxl1t	9278.scale128x128.jxl	4876620
sdrfps	jxl1t	9280.scale85x128.jxl	4005315
sdrfps	jxl1t	9282.scale128x128.jxl	4762029
sdrfps	jxl1t	9284.scale128x85.jxl	4119845
sdrfps	jxl1t	9286.scale85x128.jxl	3825934
sdrfps	jxl1t	9288.scale128x128.jxl	4250436
sdrfps	jxl1t	9290.scale85x128.jxl	4045895
sdrfps	jxl1t	9292.scale128x85.jxl	3948244
sdrfps	jxl1t	9294.scale85x128.jxl	4311277
sdrfps	jxl1t	9296.scale85x128.jxl	4736710
sdrfps	jxl1t	9298.scale128x128.jxl	4374727
sdrfps	jxl1t	9300.scale85x128.jxl	4303246
sdrfps	jxl1t	9302.scale128x85.jxl	4285017
sdrfps	jxl1t	9304.scale85x128.jxl	4299117
sdrfps	jxl1t	9306.scale128x128.jxl	4530358
sdrfps	jxl1t	9308.scale85x128.jxl	4646179
sdrfps	jxl1t	9310.scale128x128.jxl	4957811
sdrfps	jxl1t	9312.scale128x85.jxl	4185656
sdrfps	jxl1t	9314.scale128x128.jxl	5121622
sdrfps	jxl1t	9316.scale128x85.jxl	4047585
sdrfps	jxl1t	9316.scale32x21.jxl	2911478
sdrfps	jxl1t	9316.scale48x32.jxl	3470831
sdrfps	jxl1t	9318.scale128x128.jxl	4603018
sdrfps	jxl1t	9320.scale128x128.jxl	4410728
sdrfps	jxl1t	9322.scale85x128.jxl	3763393
sdrfps	jxl1t	9324.scale128x85.jxl	4442707
sdrfps	jxl1t	9326.scale128x128.jxl	4729539
sdrfps	jxl1t	9328.scale85x128.jxl	4293136
sdrfps	jxl1t	9330.scale85x128.jxl	4523428
sdrfps	jxl1t	9332.scale85x128.jxl	4736690
sdrfps	jxl1t	9334.scale85x128.jxl	3937595
sdrfps	jxl1t	9336.scale85x128.jxl	3753973
sdrfps	jxl1t	9338.scale85x128.jxl	4914190
sdrfps	jxl1t	9340.scale85x128.jxl	3913104
sdrfps	jxl1t	9342.scale85x128.jxl	5518994
sdrfps	jxl1t	9344.scale85x128.jxl	4222686
sdrfps	jxl1t	9346.scale85x128.jxl	5096582
sdrfps	jxl1t	9348.scale85x128.jxl	5062602
sdrfps	jxl1t	9350.scale85x128.jxl	4227416
sdrfps	jxl1t	9352.scale128x128.jxl	5187182
sdrfps	jxl1t	9352.scale1536x1536.jxl	311731252
sdrfps	jxl1t	9352.scale256x256.jxl	12931900
sdrfps	jxl1t	9352.scale32x32.jxl	3449042
sdrfps	jxl1t	9352.scale512x512.jxl	40969404
sdrfps	jxl1t	9352.scale64x64.jxl	3155229
sdrfps	jxl1t	9352.scale96x96.jxl	3965304
sdrfps	jxl1t	9354.scale128x128.jxl	4829670
sdrfps	jxl1t	9354.scale2048x2048.jxl	482568930
sdrfps	jxl1t	9354.scale4096x4096.jxl	2031000025
sdrfps	jxl1t	9354.scale48x48.jxl	3712463
sdrfps	jxl1t	9354.scale512x512.jxl	37464602
sdrfps	jxl1t	9356.scale128x72.jxl	4839760
sdrfps	jxl1t	9358.scale128x72.jxl	4055755
sdrfps	jxl1t	9358.scale3072x1728.jxl	519934322
sdrfps	jxl1t	9360.scale1024x1536.jxl	166455311
sdrfps	jxl1t	9360.scale85x128.jxl	4950401
sdrfps	jxl1t	9362.scale128x85.jxl	3998715
sdrfps	jxl1t	9364.scale85x128.jxl	4308257
sdrfps	jxl1t	9366.scale85x128.jxl	4319186
sdrfps	jxl1t	9368.scale71x128.jxl	5017291
sdrfps	jxl1t	9370.scale85x128.jxl	4120466
sdrfps	jxl1t	9372.scale85x128.jxl	4973700
sdrfps	jxl1t	9374.scale85x128.jxl	4360107
sdrfps	jxl1t	9376.scale128x128.jxl	4897300
sdrfps	jxl1t	9378.scale21x32.jxl	2937118
sdrfps	jxl1t	9378.scale32x48.jxl	2836077
sdrfps	jxl1t	9378.scale85x128.jxl	4675299
sdrfps	jxl1t	9380.scale85x128.jxl	3848314
sdrfps	jxl1t	9382.scale85x128.jxl	4742479
sdrfps	jxl1t	9384.scale18x32.jxl	3072919
sdrfps	jxl1t	9384.scale27x48.jxl	3272301
sdrfps	jxl1t	9384.scale72x128.jxl	4206716
sdrfps	jxl1t	9386.scale85x128.jxl	4455618
sdrfps	jxl1t	9388.scale85x128.jxl	4882630
sdrfps	jxl1t	9390.scale128x128.jxl	5547094
sdrfps	jxl1t	9392.scale85x128.jxl	4476598
sdrfps	jxl1t	9394.scale18x32.jxl	3258450
sdrfps	jxl1t	9394.scale27x48.jxl	3329661
sdrfps	jxl1t	9394.scale432x768.jxl	49542127
sdrfps	jxl1t	9394.scale72x128.jxl	4258287
sdrfps	jxl1t	9396.scale2160x3840.jxl	755347620
sdrfps	jxl1t	9396.scale72x128.jxl	4573878
sdrfps	jxl1t	9398.scale85x128.jxl	4213086
sdrfps	jxl1t	9400.scale128x128.jxl	5523994
sdrfps	jxl1t	9402.scale85x128.jxl	4526538
sdrfps	jxl1t	9404.scale85x128.jxl	4525438
sdrfps	jxl1t	9406.scale85x128.jxl	4007465
sdrfps	jxl1t	9408.scale85x128.jxl	3854924
sdrfps	jxl1t	9410.scale85x128.jxl	4287567
sdrfps	jxl1t	9412.scale85x128.jxl	4094225
sdrfps	jxl1t	9414.scale85x128.jxl	5043121
sdrfps	jxl1t	9416.scale128x128.jxl	5694145
sdrfps	jxl1t	9418.scale85x128.jxl	4728789
sdrfps	jxl1t	9420.scale128x128.jxl	5689795
sdrfps	jxl1t	9420.scale32x32.jxl	3372791
sdrfps	jxl1t	9422.scale85x128.jxl	4029895
sdrfps	jxl1t	9424.scale128x128.jxl	4813570
sdrfps	jxl1t	9426.scale85x128.jxl	4663838
sdrfps	jxl1t	9428.scale128x128.jxl	4885370
sdrfps	jxl1t	9430.scale72x128.jxl	3872684
sdrfps	jxl1t	9432.scale85x128.jxl	4455268
sdrfps	jxl1t	9434.scale128x85.jxl	4326147
sdrfps	jxl1t	9436.scale85x128.jxl	4810350
sdrfps	jxl1t	9438.scale85x128.jxl	4967531
sdrfps	jxl1t	9440.scale85x128.jxl	4287547
sdrfps	jxl1t	9442.scale85x128.jxl	3850734
sdrfps	jxl1t	9444.scale85x128.jxl	4159786
sdrfps	jxl1t	9446.scale85x128.jxl	5077812
sdrfps	jxl1t	9448.scale85x128.jxl	4217346
sdrfps	jxl1t	9450.scale85x128.jxl	4933751
sdrfps	jxl1t	9452.scale128x85.jxl	4350667
sdrfps	jxl1t	9454.scale72x128.jxl	4066295
sdrfps	jxl1t	9456.scale18x32.jxl	3357971
sdrfps	jxl1t	9456.scale2160x3840.jxl	710929025
sdrfps	jxl1t	9456.scale72x128.jxl	4403897
sdrfps	jxl1t	9458.scale85x128.jxl	4325967
sdrfps	jxl1t	9460.scale71x128.jxl	3762594
sdrfps	jxl1t	9462.scale71x128.jxl	4644919
sdrfps	jxl1t	9464.scale128x128.jxl	5120652
sdrfps	jxl1t	9464.scale2048x2048.jxl	403186678
sdrfps	jxl1t	9466.scale1728x3072.jxl	566878253
sdrfps	jxl1t	9466.scale18x32.jxl	3166589
sdrfps	jxl1t	9466.scale72x128.jxl	4225756
sdrfps	jxl1t	9468.scale72x128.jxl	4734529
sdrfps	jxl1t	9470.scale18x32.jxl	2698017
sdrfps	jxl1t	9470.scale27x48.jxl	2811637
sdrfps	jxl1t	9470.scale72x128.jxl	3951704
sdrfps	jxl1t	9472.scale72x128.jxl	3901894
sdrfps	jxl1t	9474.scale72x128.jxl	4327207
sdrfps	jxl1t	9476.scale72x128.jxl	4525318
sdrfps	jxl1t	9478.scale72x128.jxl	3859434
sdrfps	jxl1t	9480.scale18x32.jxl	3638703
sdrfps	jxl1t	9480.scale36x64.jxl	3007279
sdrfps	jxl1t	9480.scale72x128.jxl	3981034
sdrfps	jxl1t	9482.scale85x128.jxl	4576868
sdrfps	jxl1t	9484.scale72x128.jxl	4719890
sdrfps	jxl1t	9486.scale85x128.jxl	4307647
sdrfps	jxl1t	9488.scale72x128.jxl	4805580
sdrfps	jxl1t	9490.scale85x128.jxl	5000611
sdrfps	jxl1t	9492.scale18x32.jxl	2851028
sdrfps	jxl1t	9492.scale36x64.jxl	2910078
sdrfps	jxl1t	9492.scale72x128.jxl	4922721
sdrfps	jxl1t	9492.scale864x1536.jxl	128545077
sdrfps	jxl1t	9494.scale128x128.jxl	5603245
sdrfps	jxl1t	9496.scale72x128.jxl	4429327
sdrfps	jxl1t	9498.scale21x32.jxl	3371601
sdrfps	jxl1t	9498.scale85x128.jxl	4085155
sdrfps	jxl1t	9500.scale72x128.jxl	4614659
sdrfps	jxl1t	9502.scale85x128.jxl	3963805
sdrfps	jxl1t	9504.scale21x32.jxl	3675673
sdrfps	jxl1t	9504.scale85x128.jxl	4101745
sdrfps	jxl1t	9506.scale18x32.jxl	3820224
sdrfps	jxl1t	9506.scale72x128.jxl	4041375
sdrfps	jxl1t	9508.scale18x32.jxl	3494361
sdrfps	jxl1t	9508.scale27x48.jxl	2893508
sdrfps	jxl1t	9508.scale72x128.jxl	3831804
sdrfps	jxl1t	9510.scale71x128.jxl	4671189
sdrfps	jxl1t	9512.scale72x128.jxl	4360617
sdrfps	jxl1t	9514.scale72x128.jxl	4215016
sdrfps	jxl1t	9516.scale1728x3072.jxl	463775103
sdrfps	jxl1t	9516.scale18x32.jxl	3377651
sdrfps	jxl1t	9516.scale36x64.jxl	3487191
sdrfps	jxl1t	9516.scale72x128.jxl	4340987
sdrfps	jxl1t	9518.scale72x128.jxl	4398757
sdrfps	jxl1t	9520.scale128x128.jxl	5005591
sdrfps	jxl1t	9522.scale85x128.jxl	4362387
sdrfps	jxl1t	9524.scale85x128.jxl	4586699
sdrfps	jxl1t	9526.scale128x128.jxl	5109201
sdrfps	jxl1t	9528.scale85x128.jxl	4543918
sdrfps	jxl1t	9530.scale71x128.jxl	4458008
sdrfps	jxl1t	9532.scale85x128.jxl	4022335
sdrfps	jxl1t	9534.scale85x128.jxl	4471147
sdrfps	jxl1t	9536.scale85x128.jxl	3880064
sdrfps	jxl1t	9538.scale128x128.jxl	4455958
sdrfps	jxl1t	9540.scale85x128.jxl	4538608
sdrfps	jxl1t	9542.scale85x128.jxl	3796373
sdrfps	jxl1t	9544.scale85x128.jxl	4512858
sdrfps	jxl1t	9546.scale85x128.jxl	4470248
sdrfps	jxl1t	9548.scale128x128.jxl	5707465
sdrfps	jxl1t	9550.scale128x85.jxl	4232466
sdrfps	jxl1t	9552.scale85x128.jxl	5029001
sdrfps	jxl1t	9554.scale128x85.jxl	4071075
sdrfps	jxl1t	9556.scale128x128.jxl	5063232
sdrfps	jxl1t	9558.scale85x128.jxl	5181242
sdrfps	jxl1t	9560.scale85x128.jxl	4280136
sdrfps	jxl1t	9562.scale128x85.jxl	4942230
sdrfps	jxl1t	9564.scale128x128.jxl	4887510
sdrfps	jxl1t	9566.scale128x128.jxl	4875510
sdrfps	jxl1t	9566.scale32x32.jxl	2939849
sdrfps	jxl1t	9568.scale128x128.jxl	4648909
sdrfps	jxl1t	9570.scale85x128.jxl	4014395
sdrfps	jxl1t	9572.scale85x128.jxl	4385147
sdrfps	jxl1t	9574.scale72x128.jxl	4881691
sdrfps	jxl1t	9576.scale128x128.jxl	5165472
sdrfps	jxl1t	9578.scale71x128.jxl	3975825
sdrfps	jxl1t	9580.scale128x85.jxl	4436957
sdrfps	jxl1t	9582.scale128x85.jxl	4477178
sdrfps	jxl1t	9584.scale85x128.jxl	4360987
sdrfps	jxl1t	9586.scale128x85.jxl	4196906
sdrfps	jxl1t	9588.scale85x128.jxl	3806994
sdrfps	jxl1t	9590.scale85x128.jxl	4052885
sdrfps	jxl1t	9592.scale128x128.jxl	4529888
sdrfps	jxl1t	9594.scale85x128.jxl	3843944
sdrfps	jxl1t	9596.scale128x85.jxl	4153486
sdrfps	jxl1t	9598.scale128x128.jxl	4410597
sdrfps	jxl1t	9600.scale128x128.jxl	5080681
sdrfps	jxl1t	9602.scale85x128.jxl	5373043
sdrfps	jxl1t	9604.scale128x85.jxl	3985115
sdrfps	jxl1t	9606.scale128x85.jxl	3889424
sdrfps	jxl1t	9608.scale128x128.jxl	5131942
sdrfps	jxl1t	9610.scale85x128.jxl	3887734
sdrfps	jxl1t	9612.scale128x85.jxl	4525098
sdrfps	jxl1t	9614.scale128x85.jxl	4044315
sdrfps	jxl1t	9616.scale128x128.jxl	4881610
sdrfps	jxl1t	9618.scale128x85.jxl	3913444
sdrfps	jxl1t	9620.scale128x85.jxl	3887864
sdrfps	jxl1t	9620.scale32x21.jxl	2842748
sdrfps	jxl1t	9622.scale128x128.jxl	5181232
sdrfps	jxl1t	9624.scale128x85.jxl	4243126
sdrfps	jxl1t	9626.scale85x128.jxl	4300337
sdrfps	jxl1t	9628.scale128x85.jxl	4625749
sdrfps	jxl1t	9630.scale128x85.jxl	4101065
sdrfps	jxl1t	9632.scale128x72.jxl	4465757
sdrfps	jxl1t	9632.scale32x18.jxl	3195150
sdrfps	jxl1t	9634.scale128x72.jxl	3897335
sdrfps	jxl1t	9636.scale128x70.jxl	4141626
sdrfps	jxl1t	9638.scale85x128.jxl	3879934
sdrfps	jxl1t	9640.scale128x70.jxl	3650073
sdrfps	jxl1t	9640.scale32x17.jxl	3008678
sdrfps	jxl1t	9642.scale128x85.jxl	4525758
sdrfps	jxl1t	9644.scale128x85.jxl	4872100
sdrfps	jxl1t	9646.scale128x85.jxl	4847430
sdrfps	jxl1t	9648.scale128x85.jxl	4037795
sdrfps	jxl1t	9650.scale128x85.jxl	4392457
sdrfps	jxl1t	9652.scale128x85.jxl	3943034
sdrfps	jxl1t	9654.scale128x85.jxl	4278677
sdrfps	jxl1t	9656.scale85x128.jxl	4287346
sdrfps	jxl1t	9658.scale128x71.jxl	3726963
sdrfps	jxl1t	9660.scale128x70.jxl	3655962
sdrfps	jxl1t	9662.scale128x72.jxl	3852544
sdrfps	jxl1t	9664.scale21x32.jxl	2624776
sdrfps	jxl1t	9664.scale85x128.jxl	3777573
sdrfps	jxl1t	9666.scale128x72.jxl	3687713
sdrfps	jxl1t	9668.scale128x72.jxl	4002905
sdrfps	jxl1t	9670.scale85x128.jxl	3952605
sdrfps	jxl1t	9672.scale128x70.jxl	3750733
sdrfps	jxl1t	9674.scale128x70.jxl	3588293
sdrfps	jxl1t	9676.scale85x128.jxl	4570858
sdrfps	jxl1t	9678.scale85x128.jxl	4005225
sdrfps	jxl1t	9680.scale21x32.jxl	3123599
sdrfps	jxl1t	9680.scale85x128.jxl	3966854
sdrfps	jxl1t	9682.scale85x128.jxl	5240302
sdrfps	jxl1t	9684.scale85x128.jxl	4277406
sdrfps	jxl1t	9686.scale85x128.jxl	4727399
sdrfps	jxl1t	9688.scale85x128.jxl	4373937
sdrfps	jxl1t	9690.scale85x128.jxl	4712849
sdrfps	jxl1t	9692.scale85x128.jxl	4390717
sdrfps	jxl1t	9694.scale85x128.jxl	4714130
sdrfps	jxl1t	9696.scale85x128.jxl	3932324
sdrfps	jxl1t	9698.scale85x128.jxl	4151516
sdrfps	jxl1t	9700.scale85x128.jxl	3918324
sdrfps	jxl1t	9702.scale85x128.jxl	3780883
sdrfps	jxl1t	9704.scale128x85.jxl	4457788
sdrfps	jxl1t	9706.scale85x128.jxl	3822633
sdrfps	jxl1t	9708.scale85x128.jxl	3898744
sdrfps	jxl1t	9710.scale85x128.jxl	4200626
sdrfps	jxl1t	9712.scale85x128.jxl	3906774
sdrfps	jxl1t	9714.scale85x128.jxl	4813960
sdrfps	jxl1t	9716.scale85x128.jxl	3955165
sdrfps	jxl1t	9718.scale85x128.jxl	3734683
sdrfps	jxl1t	9720.scale128x85.jxl	3868174
sdrfps	jxl1t	9722.scale85x128.jxl	3686393
sdrfps	jxl1t	9724.scale85x128.jxl	3945125
sdrfps	jxl1t	9726.scale128x85.jxl	3899604
sdrfps	jxl1t	9728.scale128x128.jxl	4825020
sdrfps	jxl1t	9730.scale85x128.jxl	3749114
sdrfps	jxl1t	9732.scale128x128.jxl	4417538
sdrfps	jxl1t	9734.scale128x85.jxl	4344867
sdrfps	jxl1t	9736.scale128x128.jxl	4942651
sdrfps	jxl1t	9738.scale85x128.jxl	3691842
sdrfps	jxl1t	9740.scale128x85.jxl	4062385
sdrfps	jxl1t	9742.scale128x128.jxl	5236192
sdrfps	jxl1t	9744.scale128x128.jxl	4667679
sdrfps	jxl1t	9746.scale128x85.jxl	4139675
sdrfps	jxl1t	9748.scale85x128.jxl	3924704
sdrfps	jxl1t	9750.scale128x85.jxl	4008905
sdrfps	jxl1t	9752.scale85x128.jxl	4336317
sdrfps	jxl1t	9754.scale128x128.jxl	4688379
sdrfps	jxl1t	9756.scale128x128.jxl	4526318
sdrfps	jxl1t	9758.scale128x128.jxl	4894270
sdrfps	jxl1t	9758.scale32x32.jxl	2898388
sdrfps	jxl1t	9760.scale128x128.jxl	4640229
sdrfps	jxl1t	9762.scale128x85.jxl	3856514
sdrfps	jxl1t	9764.scale85x128.jxl	4062575
sdrfps	jxl1t	9766.scale128x85.jxl	3920024
sdrfps	jxl1t	9766.scale32x21.jxl	2888888
sdrfps	jxl1t	9766.scale48x32.jxl	2962909
sdrfps	jxl1t	9768.scale128x85.jxl	4662459
sdrfps	jxl1t	9768.scale512x341.jxl	27593061
sdrfps	jxl1t	9770.scale128x71.jxl	3502492
sdrfps	jxl1t	9770.scale5504x3072.jxl	881326962
sdrfps	jxl1t	9772.scale85x128.jxl	4644179
sdrfps	jxl1t	9774.scale85x128.jxl	4641279
sdrfps	jxl1t	9776.scale85x128.jxl	3933874
sdrfps	jxl1t	9778.scale85x128.jxl	4112925
sdrfps	jxl1t	9780.scale85x128.jxl	4095885
sdrfps	jxl1t	9782.scale85x128.jxl	4338317
sdrfps	jxl1t	9784.scale128x85.jxl	4528348
sdrfps	jxl1t	9786.scale128x85.jxl	4277866
sdrfps	jxl1t	9788.scale128x85.jxl	4148646
sdrfps	jxl1t	9790.scale128x85.jxl	4393868
sdrfps	jxl1t	9792.scale85x128.jxl	4237546
sdrfps	jxl1t	9794.scale85x128.jxl	4550978
sdrfps	jxl1t	9796.scale128x85.jxl	3866044
sdrfps	jxl1t	9796.scale32x21.jxl	2674727
sdrfps	jxl1t	9798.scale85x128.jxl	4090035
sdrfps	jxl1t	9800.scale128x85.jxl	3692483
sdrfps	jxl1t	9802.scale128x85.jxl	3976135
sdrfps	jxl1t	9804.scale128x85.jxl	3981605
sdrfps	jxl1t	9806.scale128x85.jxl	3804414
sdrfps	jxl1t	9808.scale128x128.jxl	5002192
sdrfps	jxl1t	9810.scale128x85.jxl	4101056
sdrfps	jxl1t	9812.scale128x85.jxl	4184885
sdrfps	jxl1t	9814.scale128x85.jxl	4252966
sdrfps	jxl1t	9816.scale85x128.jxl	4290407
sdrfps	jxl1t	9818.scale128x85.jxl	4188796
sdrfps	jxl1t	9820.scale128x128.jxl	5285423
sdrfps	jxl1t	9822.scale85x128.jxl	3647533
sdrfps	jxl1t	9824.scale128x85.jxl	4033645
sdrfps	jxl1t	9826.scale85x128.jxl	4131856
sdrfps	jxl1t	9828.scale128x128.jxl	4427047
sdrfps	jxl1t	9830.scale128x85.jxl	4201996
sdrfps	jxl1t	9832.scale85x128.jxl	3952034
sdrfps	jxl1t	9834.scale85x128.jxl	3993565
sdrfps	jxl1t	9836.scale85x128.jxl	3979025
sdrfps	jxl1t	9838.scale85x128.jxl	3877354
sdrfps	jxl1t	9840.scale85x128.jxl	4159296
sdrfps	jxl1t	9842.scale85x128.jxl	4030175
sdrfps	jxl1t	9844.scale85x128.jxl	4229996
sdrfps	jxl1t	9846.scale85x128.jxl	4392817
sdrfps	jxl1t	9848.scale85x128.jxl	4828230
sdrfps	jxl1t	9850.scale85x128.jxl	4733740
sdrfps	jxl1t	9852.scale85x128.jxl	3924694
sdrfps	jxl1t	9854.scale85x128.jxl	3927855
sdrfps	jxl1t	9856.scale128x70.jxl	4365737
sdrfps	jxl1t	9856.scale32x17.jxl	2816647
sdrfps	jxl1t	9858.scale128x70.jxl	3526481
sdrfps	jxl1t	9858.scale2816x1536.jxl	240068838
sdrfps	jxl1t	9860.scale128x128.jxl	5003811
sdrfps	jxl1t	9860.scale2048x2048.jxl	331572955
sdrfps	jxl1t	9862.scale17x32.jxl	3194129
sdrfps	jxl1t	9862.scale70x128.jxl	4469418
sdrfps	jxl1t	9864.scale128x128.jxl	4665949
sdrfps	jxl1t	9866.scale128x70.jxl	3884614
sdrfps	jxl1t	9868.scale85x128.jxl	4080426
sdrfps	jxl1t	9870.scale128x128.jxl	4706109
sdrfps	jxl1t	9870.scale4096x4096.jxl	1098613438
sdrfps	jxl1t	9872.scale85x128.jxl	4684939
sdrfps	jxl1t	9874.scale128x85.jxl	3916864
sdrfps	jxl1t	9876.scale85x128.jxl	4793880
sdrfps	jxl1t	9878.scale85x128.jxl	4576918
sdrfps	jxl1t	9880.scale128x85.jxl	3983045
sdrfps	jxl1t	9880.scale32x21.jxl	3392781
sdrfps	jxl1t	9882.scale128x128.jxl	5013681
sdrfps	jxl1t	9884.scale128x128.jxl	4716420
sdrfps	jxl1t	9884.scale48x48.jxl	3163299
sdrfps	jxl1t	9886.scale21x32.jxl	2982288
sdrfps	jxl1t	9886.scale85x128.jxl	4363947
sdrfps	jxl1t	9888.scale128x85.jxl	4522088
sdrfps	jxl1t	9890.scale128x128.jxl	4763180
sdrfps	jxl1t	9890.scale32x32.jxl	3289600
sdrfps	jxl1t	9892.scale128x128.jxl	4237346
sdrfps	jxl1t	9894.scale85x128.jxl	4941631
sdrfps	jxl1t	9896.scale128x85.jxl	4249086
sdrfps	jxl1t	9898.scale85x128.jxl	4052265
sdrfps	jxl1t	9900.scale128x128.jxl	4588048
sdrfps	jxl1t	9902.scale85x128.jxl	4569488
sdrfps	jxl1t	9904.scale85x128.jxl	4387937
sdrfps	jxl1t	9906.scale85x128.jxl	4339207
sdrfps	jxl1t	9908.scale85x128.jxl	4161145
sdrfps	jxl1t	9910.scale85x128.jxl	4304467
sdrfps	jxl1t	9912.scale128x128.jxl	4187746
sdrfps	jxl1t	9914.scale128x128.jxl	4231146
sdrfps	jxl1t	9916.scale85x128.jxl	3902544
sdrfps	jxl1t	9918.scale512x768.jxl	35785192
sdrfps	jxl1t	9918.scale85x128.jxl	4738230
sdrfps	jxl1t	9920.scale128x128.jxl	4525828
sdrfps	jxl1t	9920.scale2048x2048.jxl	243246227
sdrfps	jxl1t	9922.scale128x128.jxl	5013742
sdrfps	jxl1t	9924.scale1024x1536.jxl	133205056
sdrfps	jxl1t	9924.scale683x1024.jxl	48382510
sdrfps	jxl1t	9924.scale85x128.jxl	3688263
sdrfps	jxl1t	9926.scale128x128.jxl	5215442
sdrfps	jxl1t	9928.scale85x128.jxl	4361387
sdrfps	jxl1t	9930.scale128x128.jxl	4328187
sdrfps	jxl1t	9932.scale128x72.jxl	4252266
sdrfps	jxl1t	9932.scale3072x1728.jxl	341321355
sdrfps	jxl1t	9932.scale32x18.jxl	2855938
sdrfps	jxl1t	9934.scale683x1024.jxl	47004491
sdrfps	jxl1t	9934.scale85x128.jxl	4185826
sdrfps	jxl1t	9936.scale128x128.jxl	4870090
sdrfps	jxl1t	9938.scale85x128.jxl	4472257
sdrfps	jxl1t	9940.scale85x128.jxl	4241807
sdrfps	jxl1t	9942.scale85x128.jxl	4323797
sdrfps	jxl1t	9944.scale85x128.jxl	4381347
sdrfps	jxl1t	9946.scale85x128.jxl	4508507
sdrfps	jxl1t	9948.scale85x128.jxl	3871324
sdrfps	jxl1t	9950.scale85x128.jxl	4566278
sdrfps	jxl1t	9952.scale85x128.jxl	4249287
sdrfps	jxl1t	9954.scale85x128.jxl	4098576
sdrfps	jxl1t	9956.scale85x128.jxl	4577428
sdrfps	jxl1t	9958.scale85x128.jxl	4460247
sdrfps	jxl1t	9960.scale85x128.jxl	4003835
sdrfps	jxl1t	9962.scale85x128.jxl	4123916
sdrfps	jxl1t	9964.scale85x128.jxl	3738993
sdrfps	jxl1t	9966.scale128x72.jxl	3482292
sdrfps	jxl1t	9968.scale128x71.jxl	3576972
sdrfps	jxl1t	9968.scale5504x3072.jxl	1084844992
sdrfps	jxl1t	9970.scale72x128.jxl	4687529
sdrfps	jxl1t	9972.scale128x71.jxl	4077975
sdrfps	jxl1t	9972.scale5504x3072.jxl	697845974
sdrfps	jxl1t	9974.scale128x85.jxl	4522788
hdrgrid	jxl1t	1064_general_castle-bridge-moat_montjuic-castle-barcelona_zfold7_iso40-f1p7_20260315-175347_3000x4000.scale1200x1600.hdr.jxl	291701698
hdrgrid	jxl1t	1064_general_castle-bridge-moat_montjuic-castle-barcelona_zfold7_iso40-f1p7_20260315-175347_3000x4000.scale120x160.hdr.jxl	6995813
hdrgrid	jxl1t	1064_general_castle-bridge-moat_montjuic-castle-barcelona_zfold7_iso40-f1p7_20260315-175347_3000x4000.scale150x200.hdr.jxl	8494702
hdrgrid	jxl1t	1064_general_castle-bridge-moat_montjuic-castle-barcelona_zfold7_iso40-f1p7_20260315-175347_3000x4000.scale1536x2048.hdr.jxl	471867354
hdrgrid	jxl1t	1064_general_castle-bridge-moat_montjuic-castle-barcelona_zfold7_iso40-f1p7_20260315-175347_3000x4000.scale1920x2560.hdr.jxl	816949392
hdrgrid	jxl1t	1064_general_castle-bridge-moat_montjuic-castle-barcelona_zfold7_iso40-f1p7_20260315-175347_3000x4000.scale192x256.hdr.jxl	12994391
hdrgrid	jxl1t	1064_general_castle-bridge-moat_montjuic-castle-barcelona_zfold7_iso40-f1p7_20260315-175347_3000x4000.scale2304x3072.hdr.jxl	1187408727
hdrgrid	jxl1t	1064_general_castle-bridge-moat_montjuic-castle-barcelona_zfold7_iso40-f1p7_20260315-175347_3000x4000.scale240x320.hdr.jxl	19175909
hdrgrid	jxl1t	1064_general_castle-bridge-moat_montjuic-castle-barcelona_zfold7_iso40-f1p7_20260315-175347_3000x4000.scale300x400.hdr.jxl	26652985
hdrgrid	jxl1t	1064_general_castle-bridge-moat_montjuic-castle-barcelona_zfold7_iso40-f1p7_20260315-175347_3000x4000.scale384x512.hdr.jxl	37273051
hdrgrid	jxl1t	1064_general_castle-bridge-moat_montjuic-castle-barcelona_zfold7_iso40-f1p7_20260315-175347_3000x4000.scale480x640.hdr.jxl	56149508
hdrgrid	jxl1t	1064_general_castle-bridge-moat_montjuic-castle-barcelona_zfold7_iso40-f1p7_20260315-175347_3000x4000.scale600x800.hdr.jxl	72903242
hdrgrid	jxl1t	1064_general_castle-bridge-moat_montjuic-castle-barcelona_zfold7_iso40-f1p7_20260315-175347_3000x4000.scale768x1024.hdr.jxl	124962935
hdrgrid	jxl1t	1064_general_castle-bridge-moat_montjuic-castle-barcelona_zfold7_iso40-f1p7_20260315-175347_3000x4000.scale960x1280.hdr.jxl	194592006
hdrgrid	jxl1t	1064_general_castle-bridge-moat_montjuic-castle-barcelona_zfold7_iso40-f1p7_20260315-175347_3000x4000.scale96x128.hdr.jxl	5666655
hdrgrid	jxl1t	1065_general_cathedral-model-workshop_sagrada-familia-barcelona_zfold7_iso64-f1p7_20260317-165822_3000x4000.scale1200x1600.hdr.jxl	299670067
hdrgrid	jxl1t	1065_general_cathedral-model-workshop_sagrada-familia-barcelona_zfold7_iso64-f1p7_20260317-165822_3000x4000.scale120x160.hdr.jxl	7620087
hdrgrid	jxl1t	1065_general_cathedral-model-workshop_sagrada-familia-barcelona_zfold7_iso64-f1p7_20260317-165822_3000x4000.scale150x200.hdr.jxl	8746484
hdrgrid	jxl1t	1065_general_cathedral-model-workshop_sagrada-familia-barcelona_zfold7_iso64-f1p7_20260317-165822_3000x4000.scale1536x2048.hdr.jxl	483076083
hdrgrid	jxl1t	1065_general_cathedral-model-workshop_sagrada-familia-barcelona_zfold7_iso64-f1p7_20260317-165822_3000x4000.scale1920x2560.hdr.jxl	848219486
hdrgrid	jxl1t	1065_general_cathedral-model-workshop_sagrada-familia-barcelona_zfold7_iso64-f1p7_20260317-165822_3000x4000.scale192x256.hdr.jxl	12946960
hdrgrid	jxl1t	1065_general_cathedral-model-workshop_sagrada-familia-barcelona_zfold7_iso64-f1p7_20260317-165822_3000x4000.scale2304x3072.hdr.jxl	1197372080
hdrgrid	jxl1t	1065_general_cathedral-model-workshop_sagrada-familia-barcelona_zfold7_iso64-f1p7_20260317-165822_3000x4000.scale240x320.hdr.jxl	19348030
hdrgrid	jxl1t	1065_general_cathedral-model-workshop_sagrada-familia-barcelona_zfold7_iso64-f1p7_20260317-165822_3000x4000.scale300x400.hdr.jxl	29483063
hdrgrid	jxl1t	1065_general_cathedral-model-workshop_sagrada-familia-barcelona_zfold7_iso64-f1p7_20260317-165822_3000x4000.scale384x512.hdr.jxl	39277753
hdrgrid	jxl1t	1065_general_cathedral-model-workshop_sagrada-familia-barcelona_zfold7_iso64-f1p7_20260317-165822_3000x4000.scale480x640.hdr.jxl	62261456
hdrgrid	jxl1t	1065_general_cathedral-model-workshop_sagrada-familia-barcelona_zfold7_iso64-f1p7_20260317-165822_3000x4000.scale600x800.hdr.jxl	75484688
hdrgrid	jxl1t	1065_general_cathedral-model-workshop_sagrada-familia-barcelona_zfold7_iso64-f1p7_20260317-165822_3000x4000.scale768x1024.hdr.jxl	132981314
hdrgrid	jxl1t	1065_general_cathedral-model-workshop_sagrada-familia-barcelona_zfold7_iso64-f1p7_20260317-165822_3000x4000.scale960x1280.hdr.jxl	208977855
hdrgrid	jxl1t	1065_general_cathedral-model-workshop_sagrada-familia-barcelona_zfold7_iso64-f1p7_20260317-165822_3000x4000.scale96x128.hdr.jxl	5906697
hdrgrid	jxl1t	1066_general_stone-building-facade_park-guell-barcelona_zfold7_iso80-f1p7_20260318-172109_3000x4000.scale1200x1600.hdr.jxl	298085088
hdrgrid	jxl1t	1066_general_stone-building-facade_park-guell-barcelona_zfold7_iso80-f1p7_20260318-172109_3000x4000.scale120x160.hdr.jxl	7103354
hdrgrid	jxl1t	1066_general_stone-building-facade_park-guell-barcelona_zfold7_iso80-f1p7_20260318-172109_3000x4000.scale150x200.hdr.jxl	9389578
hdrgrid	jxl1t	1066_general_stone-building-facade_park-guell-barcelona_zfold7_iso80-f1p7_20260318-172109_3000x4000.scale1536x2048.hdr.jxl	494647645
hdrgrid	jxl1t	1066_general_stone-building-facade_park-guell-barcelona_zfold7_iso80-f1p7_20260318-172109_3000x4000.scale1920x2560.hdr.jxl	835640978
hdrgrid	jxl1t	1066_general_stone-building-facade_park-guell-barcelona_zfold7_iso80-f1p7_20260318-172109_3000x4000.scale192x256.hdr.jxl	12816719
hdrgrid	jxl1t	1066_general_stone-building-facade_park-guell-barcelona_zfold7_iso80-f1p7_20260318-172109_3000x4000.scale2304x3072.hdr.jxl	1189112439
hdrgrid	jxl1t	1066_general_stone-building-facade_park-guell-barcelona_zfold7_iso80-f1p7_20260318-172109_3000x4000.scale240x320.hdr.jxl	19216389
hdrgrid	jxl1t	1066_general_stone-building-facade_park-guell-barcelona_zfold7_iso80-f1p7_20260318-172109_3000x4000.scale300x400.hdr.jxl	27109279
hdrgrid	jxl1t	1066_general_stone-building-facade_park-guell-barcelona_zfold7_iso80-f1p7_20260318-172109_3000x4000.scale384x512.hdr.jxl	39129453
hdrgrid	jxl1t	1066_general_stone-building-facade_park-guell-barcelona_zfold7_iso80-f1p7_20260318-172109_3000x4000.scale480x640.hdr.jxl	58824605
hdrgrid	jxl1t	1066_general_stone-building-facade_park-guell-barcelona_zfold7_iso80-f1p7_20260318-172109_3000x4000.scale600x800.hdr.jxl	86784117
hdrgrid	jxl1t	1066_general_stone-building-facade_park-guell-barcelona_zfold7_iso80-f1p7_20260318-172109_3000x4000.scale768x1024.hdr.jxl	131800707
hdrgrid	jxl1t	1066_general_stone-building-facade_park-guell-barcelona_zfold7_iso80-f1p7_20260318-172109_3000x4000.scale960x1280.hdr.jxl	197680495
hdrgrid	jxl1t	1066_general_stone-building-facade_park-guell-barcelona_zfold7_iso80-f1p7_20260318-172109_3000x4000.scale96x128.hdr.jxl	6428810
hdrgrid	jxl1t	1067_general_architectural-model-display_la-pedrera-barcelona_zfold7_iso500-f1p7_20260319-185645_3000x4000.scale1200x1600.hdr.jxl	324029388
hdrgrid	jxl1t	1067_general_architectural-model-display_la-pedrera-barcelona_zfold7_iso500-f1p7_20260319-185645_3000x4000.scale120x160.hdr.jxl	7280975
hdrgrid	jxl1t	1067_general_architectural-model-display_la-pedrera-barcelona_zfold7_iso500-f1p7_20260319-185645_3000x4000.scale150x200.hdr.jxl	9655290
hdrgrid	jxl1t	1067_general_architectural-model-display_la-pedrera-barcelona_zfold7_iso500-f1p7_20260319-185645_3000x4000.scale1536x2048.hdr.jxl	500030149
hdrgrid	jxl1t	1067_general_architectural-model-display_la-pedrera-barcelona_zfold7_iso500-f1p7_20260319-185645_3000x4000.scale1920x2560.hdr.jxl	872016463
hdrgrid	jxl1t	1067_general_architectural-model-display_la-pedrera-barcelona_zfold7_iso500-f1p7_20260319-185645_3000x4000.scale192x256.hdr.jxl	13086541
hdrgrid	jxl1t	1067_general_architectural-model-display_la-pedrera-barcelona_zfold7_iso500-f1p7_20260319-185645_3000x4000.scale2304x3072.hdr.jxl	1265955564
hdrgrid	jxl1t	1067_general_architectural-model-display_la-pedrera-barcelona_zfold7_iso500-f1p7_20260319-185645_3000x4000.scale240x320.hdr.jxl	19339620
hdrgrid	jxl1t	1067_general_architectural-model-display_la-pedrera-barcelona_zfold7_iso500-f1p7_20260319-185645_3000x4000.scale300x400.hdr.jxl	28395016
hdrgrid	jxl1t	1067_general_architectural-model-display_la-pedrera-barcelona_zfold7_iso500-f1p7_20260319-185645_3000x4000.scale384x512.hdr.jxl	39426835
hdrgrid	jxl1t	1067_general_architectural-model-display_la-pedrera-barcelona_zfold7_iso500-f1p7_20260319-185645_3000x4000.scale480x640.hdr.jxl	61935025
hdrgrid	jxl1t	1067_general_architectural-model-display_la-pedrera-barcelona_zfold7_iso500-f1p7_20260319-185645_3000x4000.scale600x800.hdr.jxl	79361282
hdrgrid	jxl1t	1067_general_architectural-model-display_la-pedrera-barcelona_zfold7_iso500-f1p7_20260319-185645_3000x4000.scale768x1024.hdr.jxl	132538591
hdrgrid	jxl1t	1067_general_architectural-model-display_la-pedrera-barcelona_zfold7_iso500-f1p7_20260319-185645_3000x4000.scale960x1280.hdr.jxl	198622242
hdrgrid	jxl1t	1067_general_architectural-model-display_la-pedrera-barcelona_zfold7_iso500-f1p7_20260319-185645_3000x4000.scale96x128.hdr.jxl	15754727
hdrgrid	jxl1t	1069_general_illuminated-castle-night_cinderella-castle-orange_ip13pro_iso500-f1p5_img-7653_2870x3827.scale1200x1600.hdr.jxl	306893452
hdrgrid	jxl1t	1069_general_illuminated-castle-night_cinderella-castle-orange_ip13pro_iso500-f1p5_img-7653_2870x3827.scale120x160.hdr.jxl	7756718
hdrgrid	jxl1t	1069_general_illuminated-castle-night_cinderella-castle-orange_ip13pro_iso500-f1p5_img-7653_2870x3827.scale150x200.hdr.jxl	9278158
hdrgrid	jxl1t	1069_general_illuminated-castle-night_cinderella-castle-orange_ip13pro_iso500-f1p5_img-7653_2870x3827.scale1536x2048.hdr.jxl	514590058
hdrgrid	jxl1t	1069_general_illuminated-castle-night_cinderella-castle-orange_ip13pro_iso500-f1p5_img-7653_2870x3827.scale1920x2560.hdr.jxl	816699120
hdrgrid	jxl1t	1069_general_illuminated-castle-night_cinderella-castle-orange_ip13pro_iso500-f1p5_img-7653_2870x3827.scale192x256.hdr.jxl	13074211
hdrgrid	jxl1t	1069_general_illuminated-castle-night_cinderella-castle-orange_ip13pro_iso500-f1p5_img-7653_2870x3827.scale2304x3072.hdr.jxl	1157281811
hdrgrid	jxl1t	1069_general_illuminated-castle-night_cinderella-castle-orange_ip13pro_iso500-f1p5_img-7653_2870x3827.scale240x320.hdr.jxl	29130230
hdrgrid	jxl1t	1069_general_illuminated-castle-night_cinderella-castle-orange_ip13pro_iso500-f1p5_img-7653_2870x3827.scale300x400.hdr.jxl	27189349
hdrgrid	jxl1t	1069_general_illuminated-castle-night_cinderella-castle-orange_ip13pro_iso500-f1p5_img-7653_2870x3827.scale384x512.hdr.jxl	40208789
hdrgrid	jxl1t	1069_general_illuminated-castle-night_cinderella-castle-orange_ip13pro_iso500-f1p5_img-7653_2870x3827.scale480x640.hdr.jxl	61024418
hdrgrid	jxl1t	1069_general_illuminated-castle-night_cinderella-castle-orange_ip13pro_iso500-f1p5_img-7653_2870x3827.scale600x800.hdr.jxl	80174427
hdrgrid	jxl1t	1069_general_illuminated-castle-night_cinderella-castle-orange_ip13pro_iso500-f1p5_img-7653_2870x3827.scale768x1024.hdr.jxl	135236528
hdrgrid	jxl1t	1069_general_illuminated-castle-night_cinderella-castle-orange_ip13pro_iso500-f1p5_img-7653_2870x3827.scale960x1280.hdr.jxl	201631839
hdrgrid	jxl1t	1069_general_illuminated-castle-night_cinderella-castle-orange_ip13pro_iso500-f1p5_img-7653_2870x3827.scale96x128.hdr.jxl	5800966
hdrgrid	jxl1t	1070_general_stone-temple-ruins_ip13pro_iso50-f1p5_img-8852_4032x3024.scale1024x768.hdr.jxl	142335902
hdrgrid	jxl1t	1070_general_stone-temple-ruins_ip13pro_iso50-f1p5_img-8852_4032x3024.scale1280x960.hdr.jxl	201801801
hdrgrid	jxl1t	1070_general_stone-temple-ruins_ip13pro_iso50-f1p5_img-8852_4032x3024.scale128x96.hdr.jxl	6114398
hdrgrid	jxl1t	1070_general_stone-temple-ruins_ip13pro_iso50-f1p5_img-8852_4032x3024.scale1600x1200.hdr.jxl	300827704
hdrgrid	jxl1t	1070_general_stone-temple-ruins_ip13pro_iso50-f1p5_img-8852_4032x3024.scale160x120.hdr.jxl	6898302
hdrgrid	jxl1t	1070_general_stone-temple-ruins_ip13pro_iso50-f1p5_img-8852_4032x3024.scale200x150.hdr.jxl	9125227
hdrgrid	jxl1t	1070_general_stone-temple-ruins_ip13pro_iso50-f1p5_img-8852_4032x3024.scale2048x1536.hdr.jxl	494890246
hdrgrid	jxl1t	1070_general_stone-temple-ruins_ip13pro_iso50-f1p5_img-8852_4032x3024.scale2560x1920.hdr.jxl	827487038
hdrgrid	jxl1t	1070_general_stone-temple-ruins_ip13pro_iso50-f1p5_img-8852_4032x3024.scale256x192.hdr.jxl	13101391
hdrgrid	jxl1t	1070_general_stone-temple-ruins_ip13pro_iso50-f1p5_img-8852_4032x3024.scale3072x2304.hdr.jxl	1196221863
hdrgrid	jxl1t	1070_general_stone-temple-ruins_ip13pro_iso50-f1p5_img-8852_4032x3024.scale320x240.hdr.jxl	28056644
hdrgrid	jxl1t	1070_general_stone-temple-ruins_ip13pro_iso50-f1p5_img-8852_4032x3024.scale400x300.hdr.jxl	26862986
hdrgrid	jxl1t	1070_general_stone-temple-ruins_ip13pro_iso50-f1p5_img-8852_4032x3024.scale512x384.hdr.jxl	36922138
hdrgrid	jxl1t	1070_general_stone-temple-ruins_ip13pro_iso50-f1p5_img-8852_4032x3024.scale640x480.hdr.jxl	59136786
hdrgrid	jxl1t	1070_general_stone-temple-ruins_ip13pro_iso50-f1p5_img-8852_4032x3024.scale800x600.hdr.jxl	75907830
hdrgrid	jxl1t	1227_interiors_stained-glass-window_casa-batllo-barcelona_zfold7_iso1600-f1p7_20260315-205230_3000x4000.scale1200x1600.hdr.jxl	313622224
hdrgrid	jxl1t	1227_interiors_stained-glass-window_casa-batllo-barcelona_zfold7_iso1600-f1p7_20260315-205230_3000x4000.scale120x160.hdr.jxl	7424965
hdrgrid	jxl1t	1227_interiors_stained-glass-window_casa-batllo-barcelona_zfold7_iso1600-f1p7_20260315-205230_3000x4000.scale150x200.hdr.jxl	9255607
hdrgrid	jxl1t	1227_interiors_stained-glass-window_casa-batllo-barcelona_zfold7_iso1600-f1p7_20260315-205230_3000x4000.scale1536x2048.hdr.jxl	498293538
hdrgrid	jxl1t	1227_interiors_stained-glass-window_casa-batllo-barcelona_zfold7_iso1600-f1p7_20260315-205230_3000x4000.scale1920x2560.hdr.jxl	879958093
hdrgrid	jxl1t	1227_interiors_stained-glass-window_casa-batllo-barcelona_zfold7_iso1600-f1p7_20260315-205230_3000x4000.scale192x256.hdr.jxl	13770785
hdrgrid	jxl1t	1227_interiors_stained-glass-window_casa-batllo-barcelona_zfold7_iso1600-f1p7_20260315-205230_3000x4000.scale2304x3072.hdr.jxl	1285804668
hdrgrid	jxl1t	1227_interiors_stained-glass-window_casa-batllo-barcelona_zfold7_iso1600-f1p7_20260315-205230_3000x4000.scale240x320.hdr.jxl	18180923
hdrgrid	jxl1t	1227_interiors_stained-glass-window_casa-batllo-barcelona_zfold7_iso1600-f1p7_20260315-205230_3000x4000.scale300x400.hdr.jxl	28460496
hdrgrid	jxl1t	1227_interiors_stained-glass-window_casa-batllo-barcelona_zfold7_iso1600-f1p7_20260315-205230_3000x4000.scale384x512.hdr.jxl	38952082
hdrgrid	jxl1t	1227_interiors_stained-glass-window_casa-batllo-barcelona_zfold7_iso1600-f1p7_20260315-205230_3000x4000.scale480x640.hdr.jxl	71871796
hdrgrid	jxl1t	1227_interiors_stained-glass-window_casa-batllo-barcelona_zfold7_iso1600-f1p7_20260315-205230_3000x4000.scale600x800.hdr.jxl	76254572
hdrgrid	jxl1t	1227_interiors_stained-glass-window_casa-batllo-barcelona_zfold7_iso1600-f1p7_20260315-205230_3000x4000.scale768x1024.hdr.jxl	132464091
hdrgrid	jxl1t	1227_interiors_stained-glass-window_casa-batllo-barcelona_zfold7_iso1600-f1p7_20260315-205230_3000x4000.scale960x1280.hdr.jxl	201197267
hdrgrid	jxl1t	1227_interiors_stained-glass-window_casa-batllo-barcelona_zfold7_iso1600-f1p7_20260315-205230_3000x4000.scale96x128.hdr.jxl	5537894
hdrgrid	jxl1t	1228_interiors_stained-glass-windows_casa-batllo-barcelona_zfold7_iso2500-f1p7_20260315-205328_4000x3000.scale1024x768.hdr.jxl	138383158
hdrgrid	jxl1t	1228_interiors_stained-glass-windows_casa-batllo-barcelona_zfold7_iso2500-f1p7_20260315-205328_4000x3000.scale1280x960.hdr.jxl	209428418
hdrgrid	jxl1t	1228_interiors_stained-glass-windows_casa-batllo-barcelona_zfold7_iso2500-f1p7_20260315-205328_4000x3000.scale128x96.hdr.jxl	5882847
hdrgrid	jxl1t	1228_interiors_stained-glass-windows_casa-batllo-barcelona_zfold7_iso2500-f1p7_20260315-205328_4000x3000.scale1600x1200.hdr.jxl	308292430
hdrgrid	jxl1t	1228_interiors_stained-glass-windows_casa-batllo-barcelona_zfold7_iso2500-f1p7_20260315-205328_4000x3000.scale160x120.hdr.jxl	6780392
hdrgrid	jxl1t	1228_interiors_stained-glass-windows_casa-batllo-barcelona_zfold7_iso2500-f1p7_20260315-205328_4000x3000.scale200x150.hdr.jxl	8882335
hdrgrid	jxl1t	1228_interiors_stained-glass-windows_casa-batllo-barcelona_zfold7_iso2500-f1p7_20260315-205328_4000x3000.scale2048x1536.hdr.jxl	512532246
hdrgrid	jxl1t	1228_interiors_stained-glass-windows_casa-batllo-barcelona_zfold7_iso2500-f1p7_20260315-205328_4000x3000.scale2560x1920.hdr.jxl	875534246
hdrgrid	jxl1t	1228_interiors_stained-glass-windows_casa-batllo-barcelona_zfold7_iso2500-f1p7_20260315-205328_4000x3000.scale256x192.hdr.jxl	14008497
hdrgrid	jxl1t	1228_interiors_stained-glass-windows_casa-batllo-barcelona_zfold7_iso2500-f1p7_20260315-205328_4000x3000.scale3072x2304.hdr.jxl	1255985343
hdrgrid	jxl1t	1228_interiors_stained-glass-windows_casa-batllo-barcelona_zfold7_iso2500-f1p7_20260315-205328_4000x3000.scale320x240.hdr.jxl	18659536
hdrgrid	jxl1t	1228_interiors_stained-glass-windows_casa-batllo-barcelona_zfold7_iso2500-f1p7_20260315-205328_4000x3000.scale400x300.hdr.jxl	28546007
hdrgrid	jxl1t	1228_interiors_stained-glass-windows_casa-batllo-barcelona_zfold7_iso2500-f1p7_20260315-205328_4000x3000.scale512x384.hdr.jxl	39805486
hdrgrid	jxl1t	1228_interiors_stained-glass-windows_casa-batllo-barcelona_zfold7_iso2500-f1p7_20260315-205328_4000x3000.scale640x480.hdr.jxl	61880294
hdrgrid	jxl1t	1228_interiors_stained-glass-windows_casa-batllo-barcelona_zfold7_iso2500-f1p7_20260315-205328_4000x3000.scale800x600.hdr.jxl	90639231
hdrgrid	jxl1t	1229_interiors_lighted-archway-ceiling_casa-batllo-barcelona_zfold7_iso1250-f1p7_20260315-210321_3000x4000.scale1200x1600.hdr.jxl	306313429
hdrgrid	jxl1t	1229_interiors_lighted-archway-ceiling_casa-batllo-barcelona_zfold7_iso1250-f1p7_20260315-210321_3000x4000.scale120x160.hdr.jxl	6598211
hdrgrid	jxl1t	1229_interiors_lighted-archway-ceiling_casa-batllo-barcelona_zfold7_iso1250-f1p7_20260315-210321_3000x4000.scale150x200.hdr.jxl	8686264
hdrgrid	jxl1t	1229_interiors_lighted-archway-ceiling_casa-batllo-barcelona_zfold7_iso1250-f1p7_20260315-210321_3000x4000.scale1536x2048.hdr.jxl	494020322
hdrgrid	jxl1t	1229_interiors_lighted-archway-ceiling_casa-batllo-barcelona_zfold7_iso1250-f1p7_20260315-210321_3000x4000.scale1920x2560.hdr.jxl	846470815
hdrgrid	jxl1t	1229_interiors_lighted-archway-ceiling_casa-batllo-barcelona_zfold7_iso1250-f1p7_20260315-210321_3000x4000.scale192x256.hdr.jxl	13047111
hdrgrid	jxl1t	1229_interiors_lighted-archway-ceiling_casa-batllo-barcelona_zfold7_iso1250-f1p7_20260315-210321_3000x4000.scale2304x3072.hdr.jxl	1232150505
hdrgrid	jxl1t	1229_interiors_lighted-archway-ceiling_casa-batllo-barcelona_zfold7_iso1250-f1p7_20260315-210321_3000x4000.scale240x320.hdr.jxl	29434662
hdrgrid	jxl1t	1229_interiors_lighted-archway-ceiling_casa-batllo-barcelona_zfold7_iso1250-f1p7_20260315-210321_3000x4000.scale300x400.hdr.jxl	26000971
hdrgrid	jxl1t	1229_interiors_lighted-archway-ceiling_casa-batllo-barcelona_zfold7_iso1250-f1p7_20260315-210321_3000x4000.scale384x512.hdr.jxl	39260343
hdrgrid	jxl1t	1229_interiors_lighted-archway-ceiling_casa-batllo-barcelona_zfold7_iso1250-f1p7_20260315-210321_3000x4000.scale480x640.hdr.jxl	61180979
hdrgrid	jxl1t	1229_interiors_lighted-archway-ceiling_casa-batllo-barcelona_zfold7_iso1250-f1p7_20260315-210321_3000x4000.scale600x800.hdr.jxl	74383881
hdrgrid	jxl1t	1229_interiors_lighted-archway-ceiling_casa-batllo-barcelona_zfold7_iso1250-f1p7_20260315-210321_3000x4000.scale768x1024.hdr.jxl	131968998
hdrgrid	jxl1t	1229_interiors_lighted-archway-ceiling_casa-batllo-barcelona_zfold7_iso1250-f1p7_20260315-210321_3000x4000.scale960x1280.hdr.jxl	204572697
hdrgrid	jxl1t	1229_interiors_lighted-archway-ceiling_casa-batllo-barcelona_zfold7_iso1250-f1p7_20260315-210321_3000x4000.scale96x128.hdr.jxl	5861226
hdrgrid	jxl1t	1230_interiors_empty-tiled-pool_casa-batllo-barcelona_zfold7_iso640-f1p7_20260315-210432_3000x4000.scale1200x1600.hdr.jxl	305769674
hdrgrid	jxl1t	1230_interiors_empty-tiled-pool_casa-batllo-barcelona_zfold7_iso640-f1p7_20260315-210432_3000x4000.scale120x160.hdr.jxl	7290785
hdrgrid	jxl1t	1230_interiors_empty-tiled-pool_casa-batllo-barcelona_zfold7_iso640-f1p7_20260315-210432_3000x4000.scale150x200.hdr.jxl	9749751
hdrgrid	jxl1t	1230_interiors_empty-tiled-pool_casa-batllo-barcelona_zfold7_iso640-f1p7_20260315-210432_3000x4000.scale1536x2048.hdr.jxl	501374056
hdrgrid	jxl1t	1230_interiors_empty-tiled-pool_casa-batllo-barcelona_zfold7_iso640-f1p7_20260315-210432_3000x4000.scale1920x2560.hdr.jxl	857911456
hdrgrid	jxl1t	1230_interiors_empty-tiled-pool_casa-batllo-barcelona_zfold7_iso640-f1p7_20260315-210432_3000x4000.scale192x256.hdr.jxl	13497743
hdrgrid	jxl1t	1230_interiors_empty-tiled-pool_casa-batllo-barcelona_zfold7_iso640-f1p7_20260315-210432_3000x4000.scale2304x3072.hdr.jxl	1279160086
hdrgrid	jxl1t	1230_interiors_empty-tiled-pool_casa-batllo-barcelona_zfold7_iso640-f1p7_20260315-210432_3000x4000.scale240x320.hdr.jxl	28686978
hdrgrid	jxl1t	1230_interiors_empty-tiled-pool_casa-batllo-barcelona_zfold7_iso640-f1p7_20260315-210432_3000x4000.scale300x400.hdr.jxl	27745472
hdrgrid	jxl1t	1230_interiors_empty-tiled-pool_casa-batllo-barcelona_zfold7_iso640-f1p7_20260315-210432_3000x4000.scale384x512.hdr.jxl	40376410
hdrgrid	jxl1t	1230_interiors_empty-tiled-pool_casa-batllo-barcelona_zfold7_iso640-f1p7_20260315-210432_3000x4000.scale480x640.hdr.jxl	60978448
hdrgrid	jxl1t	1230_interiors_empty-tiled-pool_casa-batllo-barcelona_zfold7_iso640-f1p7_20260315-210432_3000x4000.scale600x800.hdr.jxl	76240853
hdrgrid	jxl1t	1230_interiors_empty-tiled-pool_casa-batllo-barcelona_zfold7_iso640-f1p7_20260315-210432_3000x4000.scale768x1024.hdr.jxl	131467715
hdrgrid	jxl1t	1230_interiors_empty-tiled-pool_casa-batllo-barcelona_zfold7_iso640-f1p7_20260315-210432_3000x4000.scale960x1280.hdr.jxl	195269820
hdrgrid	jxl1t	1230_interiors_empty-tiled-pool_casa-batllo-barcelona_zfold7_iso640-f1p7_20260315-210432_3000x4000.scale96x128.hdr.jxl	6089827
hdrgrid	jxl1t	1231_interiors_tiled-arched-interior_casa-batllo-barcelona_zfold7_iso640-f2p2_20260315-211323_4000x2252.scale1024x577.hdr.jxl	92018870
hdrgrid	jxl1t	1231_interiors_tiled-arched-interior_casa-batllo-barcelona_zfold7_iso640-f2p2_20260315-211323_4000x2252.scale1280x721.hdr.jxl	165947089
hdrgrid	jxl1t	1231_interiors_tiled-arched-interior_casa-batllo-barcelona_zfold7_iso640-f2p2_20260315-211323_4000x2252.scale128x72.hdr.jxl	5599055
hdrgrid	jxl1t	1231_interiors_tiled-arched-interior_casa-batllo-barcelona_zfold7_iso640-f2p2_20260315-211323_4000x2252.scale1600x901.hdr.jxl	231049592
hdrgrid	jxl1t	1231_interiors_tiled-arched-interior_casa-batllo-barcelona_zfold7_iso640-f2p2_20260315-211323_4000x2252.scale160x90.hdr.jxl	6179289
hdrgrid	jxl1t	1231_interiors_tiled-arched-interior_casa-batllo-barcelona_zfold7_iso640-f2p2_20260315-211323_4000x2252.scale200x113.hdr.jxl	7536467
hdrgrid	jxl1t	1231_interiors_tiled-arched-interior_casa-batllo-barcelona_zfold7_iso640-f2p2_20260315-211323_4000x2252.scale2048x1153.hdr.jxl	372450498
hdrgrid	jxl1t	1231_interiors_tiled-arched-interior_casa-batllo-barcelona_zfold7_iso640-f2p2_20260315-211323_4000x2252.scale2560x1441.hdr.jxl	647191651
hdrgrid	jxl1t	1231_interiors_tiled-arched-interior_casa-batllo-barcelona_zfold7_iso640-f2p2_20260315-211323_4000x2252.scale256x144.hdr.jxl	9924902
hdrgrid	jxl1t	1231_interiors_tiled-arched-interior_casa-batllo-barcelona_zfold7_iso640-f2p2_20260315-211323_4000x2252.scale3072x1730.hdr.jxl	922563747
hdrgrid	jxl1t	1231_interiors_tiled-arched-interior_casa-batllo-barcelona_zfold7_iso640-f2p2_20260315-211323_4000x2252.scale320x180.hdr.jxl	14261558
hdrgrid	jxl1t	1231_interiors_tiled-arched-interior_casa-batllo-barcelona_zfold7_iso640-f2p2_20260315-211323_4000x2252.scale400x225.hdr.jxl	20432797
hdrgrid	jxl1t	1231_interiors_tiled-arched-interior_casa-batllo-barcelona_zfold7_iso640-f2p2_20260315-211323_4000x2252.scale512x288.hdr.jxl	30548209
hdrgrid	jxl1t	1231_interiors_tiled-arched-interior_casa-batllo-barcelona_zfold7_iso640-f2p2_20260315-211323_4000x2252.scale640x360.hdr.jxl	44905078
hdrgrid	jxl1t	1231_interiors_tiled-arched-interior_casa-batllo-barcelona_zfold7_iso640-f2p2_20260315-211323_4000x2252.scale800x450.hdr.jxl	69480861
hdrgrid	jxl1t	1232_interiors_stained-glass-windows_sagrada-familia-barcelona_zfold7_iso400-f1p7_20260317-144409_3000x4000.scale1200x1600.hdr.jxl	304483397
hdrgrid	jxl1t	1232_interiors_stained-glass-windows_sagrada-familia-barcelona_zfold7_iso400-f1p7_20260317-144409_3000x4000.scale120x160.hdr.jxl	18615596
hdrgrid	jxl1t	1232_interiors_stained-glass-windows_sagrada-familia-barcelona_zfold7_iso400-f1p7_20260317-144409_3000x4000.scale150x200.hdr.jxl	10149793
hdrgrid	jxl1t	1232_interiors_stained-glass-windows_sagrada-familia-barcelona_zfold7_iso400-f1p7_20260317-144409_3000x4000.scale1536x2048.hdr.jxl	499546995
hdrgrid	jxl1t	1232_interiors_stained-glass-windows_sagrada-familia-barcelona_zfold7_iso400-f1p7_20260317-144409_3000x4000.scale1920x2560.hdr.jxl	855195729
hdrgrid	jxl1t	1232_interiors_stained-glass-windows_sagrada-familia-barcelona_zfold7_iso400-f1p7_20260317-144409_3000x4000.scale192x256.hdr.jxl	22993573
hdrgrid	jxl1t	1232_interiors_stained-glass-windows_sagrada-familia-barcelona_zfold7_iso400-f1p7_20260317-144409_3000x4000.scale2304x3072.hdr.jxl	1222670916
hdrgrid	jxl1t	1232_interiors_stained-glass-windows_sagrada-familia-barcelona_zfold7_iso400-f1p7_20260317-144409_3000x4000.scale240x320.hdr.jxl	19370200
hdrgrid	jxl1t	1232_interiors_stained-glass-windows_sagrada-familia-barcelona_zfold7_iso400-f1p7_20260317-144409_3000x4000.scale300x400.hdr.jxl	27928403
hdrgrid	jxl1t	1232_interiors_stained-glass-windows_sagrada-familia-barcelona_zfold7_iso400-f1p7_20260317-144409_3000x4000.scale384x512.hdr.jxl	40539172
hdrgrid	jxl1t	1232_interiors_stained-glass-windows_sagrada-familia-barcelona_zfold7_iso400-f1p7_20260317-144409_3000x4000.scale480x640.hdr.jxl	63620994
hdrgrid	jxl1t	1232_interiors_stained-glass-windows_sagrada-familia-barcelona_zfold7_iso400-f1p7_20260317-144409_3000x4000.scale600x800.hdr.jxl	77409480
hdrgrid	jxl1t	1232_interiors_stained-glass-windows_sagrada-familia-barcelona_zfold7_iso400-f1p7_20260317-144409_3000x4000.scale768x1024.hdr.jxl	135052027
hdrgrid	jxl1t	1232_interiors_stained-glass-windows_sagrada-familia-barcelona_zfold7_iso400-f1p7_20260317-144409_3000x4000.scale960x1280.hdr.jxl	206047377
hdrgrid	jxl1t	1232_interiors_stained-glass-windows_sagrada-familia-barcelona_zfold7_iso400-f1p7_20260317-144409_3000x4000.scale96x128.hdr.jxl	5500494
hdrgrid	jxl1t	1233_interiors_cathedral-ceiling-interior_sagrada-familia-barcelona_zfold7_iso250-f2p2_20260317-151912_4000x3000.scale1024x768.hdr.jxl	130901082
hdrgrid	jxl1t	1233_interiors_cathedral-ceiling-interior_sagrada-familia-barcelona_zfold7_iso250-f2p2_20260317-151912_4000x3000.scale1280x960.hdr.jxl	198510320
hdrgrid	jxl1t	1233_interiors_cathedral-ceiling-interior_sagrada-familia-barcelona_zfold7_iso250-f2p2_20260317-151912_4000x3000.scale128x96.hdr.jxl	5928147
hdrgrid	jxl1t	1233_interiors_cathedral-ceiling-interior_sagrada-familia-barcelona_zfold7_iso250-f2p2_20260317-151912_4000x3000.scale1600x1200.hdr.jxl	306202158
hdrgrid	jxl1t	1233_interiors_cathedral-ceiling-interior_sagrada-familia-barcelona_zfold7_iso250-f2p2_20260317-151912_4000x3000.scale160x120.hdr.jxl	6937094
hdrgrid	jxl1t	1233_interiors_cathedral-ceiling-interior_sagrada-familia-barcelona_zfold7_iso250-f2p2_20260317-151912_4000x3000.scale200x150.hdr.jxl	8650324
hdrgrid	jxl1t	1233_interiors_cathedral-ceiling-interior_sagrada-familia-barcelona_zfold7_iso250-f2p2_20260317-151912_4000x3000.scale2048x1536.hdr.jxl	502499664
hdrgrid	jxl1t	1233_interiors_cathedral-ceiling-interior_sagrada-familia-barcelona_zfold7_iso250-f2p2_20260317-151912_4000x3000.scale2560x1920.hdr.jxl	876900814
hdrgrid	jxl1t	1233_interiors_cathedral-ceiling-interior_sagrada-familia-barcelona_zfold7_iso250-f2p2_20260317-151912_4000x3000.scale256x192.hdr.jxl	12977381
hdrgrid	jxl1t	1233_interiors_cathedral-ceiling-interior_sagrada-familia-barcelona_zfold7_iso250-f2p2_20260317-151912_4000x3000.scale3072x2304.hdr.jxl	1291548413
hdrgrid	jxl1t	1233_interiors_cathedral-ceiling-interior_sagrada-familia-barcelona_zfold7_iso250-f2p2_20260317-151912_4000x3000.scale320x240.hdr.jxl	18634646
hdrgrid	jxl1t	1233_interiors_cathedral-ceiling-interior_sagrada-familia-barcelona_zfold7_iso250-f2p2_20260317-151912_4000x3000.scale400x300.hdr.jxl	26571265
hdrgrid	jxl1t	1233_interiors_cathedral-ceiling-interior_sagrada-familia-barcelona_zfold7_iso250-f2p2_20260317-151912_4000x3000.scale512x384.hdr.jxl	38966941
hdrgrid	jxl1t	1233_interiors_cathedral-ceiling-interior_sagrada-familia-barcelona_zfold7_iso250-f2p2_20260317-151912_4000x3000.scale640x480.hdr.jxl	61023618
hdrgrid	jxl1t	1233_interiors_cathedral-ceiling-interior_sagrada-familia-barcelona_zfold7_iso250-f2p2_20260317-151912_4000x3000.scale800x600.hdr.jxl	77990784
hdrgrid	jxl1t	1234_interiors_cathedral-ceiling-columns_sagrada-familia-barcelona_zfold7_iso400-f1p7_20260317-154023_3000x4000.scale1200x1600.hdr.jxl	312399156
hdrgrid	jxl1t	1234_interiors_cathedral-ceiling-columns_sagrada-familia-barcelona_zfold7_iso400-f1p7_20260317-154023_3000x4000.scale120x160.hdr.jxl	7051444
hdrgrid	jxl1t	1234_interiors_cathedral-ceiling-columns_sagrada-familia-barcelona_zfold7_iso400-f1p7_20260317-154023_3000x4000.scale150x200.hdr.jxl	19176469
hdrgrid	jxl1t	1234_interiors_cathedral-ceiling-columns_sagrada-familia-barcelona_zfold7_iso400-f1p7_20260317-154023_3000x4000.scale1536x2048.hdr.jxl	492224110
hdrgrid	jxl1t	1234_interiors_cathedral-ceiling-columns_sagrada-familia-barcelona_zfold7_iso400-f1p7_20260317-154023_3000x4000.scale1920x2560.hdr.jxl	867798057
hdrgrid	jxl1t	1234_interiors_cathedral-ceiling-columns_sagrada-familia-barcelona_zfold7_iso400-f1p7_20260317-154023_3000x4000.scale192x256.hdr.jxl	13256133
hdrgrid	jxl1t	1234_interiors_cathedral-ceiling-columns_sagrada-familia-barcelona_zfold7_iso400-f1p7_20260317-154023_3000x4000.scale2304x3072.hdr.jxl	1250422568
hdrgrid	jxl1t	1234_interiors_cathedral-ceiling-columns_sagrada-familia-barcelona_zfold7_iso400-f1p7_20260317-154023_3000x4000.scale240x320.hdr.jxl	29531703
hdrgrid	jxl1t	1234_interiors_cathedral-ceiling-columns_sagrada-familia-barcelona_zfold7_iso400-f1p7_20260317-154023_3000x4000.scale300x400.hdr.jxl	29736295
hdrgrid	jxl1t	1234_interiors_cathedral-ceiling-columns_sagrada-familia-barcelona_zfold7_iso400-f1p7_20260317-154023_3000x4000.scale384x512.hdr.jxl	39880467
hdrgrid	jxl1t	1234_interiors_cathedral-ceiling-columns_sagrada-familia-barcelona_zfold7_iso400-f1p7_20260317-154023_3000x4000.scale480x640.hdr.jxl	61906554
hdrgrid	jxl1t	1234_interiors_cathedral-ceiling-columns_sagrada-familia-barcelona_zfold7_iso400-f1p7_20260317-154023_3000x4000.scale600x800.hdr.jxl	76595025
hdrgrid	jxl1t	1234_interiors_cathedral-ceiling-columns_sagrada-familia-barcelona_zfold7_iso400-f1p7_20260317-154023_3000x4000.scale768x1024.hdr.jxl	134178242
hdrgrid	jxl1t	1234_interiors_cathedral-ceiling-columns_sagrada-familia-barcelona_zfold7_iso400-f1p7_20260317-154023_3000x4000.scale960x1280.hdr.jxl	197312163
hdrgrid	jxl1t	1234_interiors_cathedral-ceiling-columns_sagrada-familia-barcelona_zfold7_iso400-f1p7_20260317-154023_3000x4000.scale96x128.hdr.jxl	5342893
hdrgrid	jxl1t	1235_interiors_floral-wall-mural_casa-vicens-barcelona_zfold7_iso1600-f1p7_20260319-165522_3000x4000.scale1200x1600.hdr.jxl	312480767
hdrgrid	jxl1t	1235_interiors_floral-wall-mural_casa-vicens-barcelona_zfold7_iso1600-f1p7_20260319-165522_3000x4000.scale120x160.hdr.jxl	7360705
hdrgrid	jxl1t	1235_interiors_floral-wall-mural_casa-vicens-barcelona_zfold7_iso1600-f1p7_20260319-165522_3000x4000.scale150x200.hdr.jxl	10348084
hdrgrid	jxl1t	1235_interiors_floral-wall-mural_casa-vicens-barcelona_zfold7_iso1600-f1p7_20260319-165522_3000x4000.scale1536x2048.hdr.jxl	499804697
hdrgrid	jxl1t	1235_interiors_floral-wall-mural_casa-vicens-barcelona_zfold7_iso1600-f1p7_20260319-165522_3000x4000.scale1920x2560.hdr.jxl	885851129
hdrgrid	jxl1t	1235_interiors_floral-wall-mural_casa-vicens-barcelona_zfold7_iso1600-f1p7_20260319-165522_3000x4000.scale192x256.hdr.jxl	13124561
hdrgrid	jxl1t	1235_interiors_floral-wall-mural_casa-vicens-barcelona_zfold7_iso1600-f1p7_20260319-165522_3000x4000.scale2304x3072.hdr.jxl	1274099916
hdrgrid	jxl1t	1235_interiors_floral-wall-mural_casa-vicens-barcelona_zfold7_iso1600-f1p7_20260319-165522_3000x4000.scale240x320.hdr.jxl	18257354
hdrgrid	jxl1t	1235_interiors_floral-wall-mural_casa-vicens-barcelona_zfold7_iso1600-f1p7_20260319-165522_3000x4000.scale300x400.hdr.jxl	27568401
hdrgrid	jxl1t	1235_interiors_floral-wall-mural_casa-vicens-barcelona_zfold7_iso1600-f1p7_20260319-165522_3000x4000.scale384x512.hdr.jxl	38491358
hdrgrid	jxl1t	1235_interiors_floral-wall-mural_casa-vicens-barcelona_zfold7_iso1600-f1p7_20260319-165522_3000x4000.scale480x640.hdr.jxl	59648979
hdrgrid	jxl1t	1235_interiors_floral-wall-mural_casa-vicens-barcelona_zfold7_iso1600-f1p7_20260319-165522_3000x4000.scale600x800.hdr.jxl	77620681
hdrgrid	jxl1t	1235_interiors_floral-wall-mural_casa-vicens-barcelona_zfold7_iso1600-f1p7_20260319-165522_3000x4000.scale768x1024.hdr.jxl	131788997
hdrgrid	jxl1t	1235_interiors_floral-wall-mural_casa-vicens-barcelona_zfold7_iso1600-f1p7_20260319-165522_3000x4000.scale960x1280.hdr.jxl	209091236
hdrgrid	jxl1t	1235_interiors_floral-wall-mural_casa-vicens-barcelona_zfold7_iso1600-f1p7_20260319-165522_3000x4000.scale96x128.hdr.jxl	5748476
hdrgrid	jxl1t	1236_interiors_ornate-arched-interior_casa-vicens-barcelona_zfold7_iso400-f2p2_20260319-165702_3000x4000.scale1200x1600.hdr.jxl	300679853
hdrgrid	jxl1t	1236_interiors_ornate-arched-interior_casa-vicens-barcelona_zfold7_iso400-f2p2_20260319-165702_3000x4000.scale120x160.hdr.jxl	7252735
hdrgrid	jxl1t	1236_interiors_ornate-arched-interior_casa-vicens-barcelona_zfold7_iso400-f2p2_20260319-165702_3000x4000.scale150x200.hdr.jxl	8485013
hdrgrid	jxl1t	1236_interiors_ornate-arched-interior_casa-vicens-barcelona_zfold7_iso400-f2p2_20260319-165702_3000x4000.scale1536x2048.hdr.jxl	495624031
hdrgrid	jxl1t	1236_interiors_ornate-arched-interior_casa-vicens-barcelona_zfold7_iso400-f2p2_20260319-165702_3000x4000.scale1920x2560.hdr.jxl	858418380
hdrgrid	jxl1t	1236_interiors_ornate-arched-interior_casa-vicens-barcelona_zfold7_iso400-f2p2_20260319-165702_3000x4000.scale192x256.hdr.jxl	12903380
hdrgrid	jxl1t	1236_interiors_ornate-arched-interior_casa-vicens-barcelona_zfold7_iso400-f2p2_20260319-165702_3000x4000.scale2304x3072.hdr.jxl	1236859895
hdrgrid	jxl1t	1236_interiors_ornate-arched-interior_casa-vicens-barcelona_zfold7_iso400-f2p2_20260319-165702_3000x4000.scale240x320.hdr.jxl	19343700
hdrgrid	jxl1t	1236_interiors_ornate-arched-interior_casa-vicens-barcelona_zfold7_iso400-f2p2_20260319-165702_3000x4000.scale300x400.hdr.jxl	28278926
hdrgrid	jxl1t	1236_interiors_ornate-arched-interior_casa-vicens-barcelona_zfold7_iso400-f2p2_20260319-165702_3000x4000.scale384x512.hdr.jxl	38567059
hdrgrid	jxl1t	1236_interiors_ornate-arched-interior_casa-vicens-barcelona_zfold7_iso400-f2p2_20260319-165702_3000x4000.scale480x640.hdr.jxl	61985325
hdrgrid	jxl1t	1236_interiors_ornate-arched-interior_casa-vicens-barcelona_zfold7_iso400-f2p2_20260319-165702_3000x4000.scale600x800.hdr.jxl	78658188
hdrgrid	jxl1t	1236_interiors_ornate-arched-interior_casa-vicens-barcelona_zfold7_iso400-f2p2_20260319-165702_3000x4000.scale768x1024.hdr.jxl	129795115
hdrgrid	jxl1t	1236_interiors_ornate-arched-interior_casa-vicens-barcelona_zfold7_iso400-f2p2_20260319-165702_3000x4000.scale960x1280.hdr.jxl	206074557
hdrgrid	jxl1t	1236_interiors_ornate-arched-interior_casa-vicens-barcelona_zfold7_iso400-f2p2_20260319-165702_3000x4000.scale96x128.hdr.jxl	5743515
hdrgrid	jxl1t	1237_interiors_person-standing-by-window_casa-vicens-barcelona_zfold7_iso800-f2p2_20260319-170017_3000x4000.scale1200x1600.hdr.jxl	307601346
hdrgrid	jxl1t	1237_interiors_person-standing-by-window_casa-vicens-barcelona_zfold7_iso800-f2p2_20260319-170017_3000x4000.scale120x160.hdr.jxl	19240360
hdrgrid	jxl1t	1237_interiors_person-standing-by-window_casa-vicens-barcelona_zfold7_iso800-f2p2_20260319-170017_3000x4000.scale150x200.hdr.jxl	9251487
hdrgrid	jxl1t	1237_interiors_person-standing-by-window_casa-vicens-barcelona_zfold7_iso800-f2p2_20260319-170017_3000x4000.scale1536x2048.hdr.jxl	482789531
hdrgrid	jxl1t	1237_interiors_person-standing-by-window_casa-vicens-barcelona_zfold7_iso800-f2p2_20260319-170017_3000x4000.scale1920x2560.hdr.jxl	867244314
hdrgrid	jxl1t	1237_interiors_person-standing-by-window_casa-vicens-barcelona_zfold7_iso800-f2p2_20260319-170017_3000x4000.scale192x256.hdr.jxl	13682315
hdrgrid	jxl1t	1237_interiors_person-standing-by-window_casa-vicens-barcelona_zfold7_iso800-f2p2_20260319-170017_3000x4000.scale2304x3072.hdr.jxl	1227177215
hdrgrid	jxl1t	1237_interiors_person-standing-by-window_casa-vicens-barcelona_zfold7_iso800-f2p2_20260319-170017_3000x4000.scale240x320.hdr.jxl	29108351
hdrgrid	jxl1t	1237_interiors_person-standing-by-window_casa-vicens-barcelona_zfold7_iso800-f2p2_20260319-170017_3000x4000.scale300x400.hdr.jxl	27182439
hdrgrid	jxl1t	1237_interiors_person-standing-by-window_casa-vicens-barcelona_zfold7_iso800-f2p2_20260319-170017_3000x4000.scale384x512.hdr.jxl	38307268
hdrgrid	jxl1t	1237_interiors_person-standing-by-window_casa-vicens-barcelona_zfold7_iso800-f2p2_20260319-170017_3000x4000.scale480x640.hdr.jxl	59651499
hdrgrid	jxl1t	1237_interiors_person-standing-by-window_casa-vicens-barcelona_zfold7_iso800-f2p2_20260319-170017_3000x4000.scale600x800.hdr.jxl	77716102
hdrgrid	jxl1t	1237_interiors_person-standing-by-window_casa-vicens-barcelona_zfold7_iso800-f2p2_20260319-170017_3000x4000.scale768x1024.hdr.jxl	126967797
hdrgrid	jxl1t	1237_interiors_person-standing-by-window_casa-vicens-barcelona_zfold7_iso800-f2p2_20260319-170017_3000x4000.scale960x1280.hdr.jxl	203269980
hdrgrid	jxl1t	1237_interiors_person-standing-by-window_casa-vicens-barcelona_zfold7_iso800-f2p2_20260319-170017_3000x4000.scale96x128.hdr.jxl	5864797
hdrgrid	jxl1t	1238_interiors_open-doorway-interior_casa-vicens-barcelona_zfold7_iso250-f2p2_20260319-170237_3000x4000.scale1200x1600.hdr.jxl	303668371
hdrgrid	jxl1t	1238_interiors_open-doorway-interior_casa-vicens-barcelona_zfold7_iso250-f2p2_20260319-170237_3000x4000.scale120x160.hdr.jxl	7253685
hdrgrid	jxl1t	1238_interiors_open-doorway-interior_casa-vicens-barcelona_zfold7_iso250-f2p2_20260319-170237_3000x4000.scale150x200.hdr.jxl	8870506
hdrgrid	jxl1t	1238_interiors_open-doorway-interior_casa-vicens-barcelona_zfold7_iso250-f2p2_20260319-170237_3000x4000.scale1536x2048.hdr.jxl	484825504
hdrgrid	jxl1t	1238_interiors_open-doorway-interior_casa-vicens-barcelona_zfold7_iso250-f2p2_20260319-170237_3000x4000.scale1920x2560.hdr.jxl	855689082
hdrgrid	jxl1t	1238_interiors_open-doorway-interior_casa-vicens-barcelona_zfold7_iso250-f2p2_20260319-170237_3000x4000.scale192x256.hdr.jxl	23803818
hdrgrid	jxl1t	1238_interiors_open-doorway-interior_casa-vicens-barcelona_zfold7_iso250-f2p2_20260319-170237_3000x4000.scale2304x3072.hdr.jxl	1219766628
hdrgrid	jxl1t	1238_interiors_open-doorway-interior_casa-vicens-barcelona_zfold7_iso250-f2p2_20260319-170237_3000x4000.scale240x320.hdr.jxl	18753266
hdrgrid	jxl1t	1238_interiors_open-doorway-interior_casa-vicens-barcelona_zfold7_iso250-f2p2_20260319-170237_3000x4000.scale300x400.hdr.jxl	28110964
hdrgrid	jxl1t	1238_interiors_open-doorway-interior_casa-vicens-barcelona_zfold7_iso250-f2p2_20260319-170237_3000x4000.scale384x512.hdr.jxl	39502365
hdrgrid	jxl1t	1238_interiors_open-doorway-interior_casa-vicens-barcelona_zfold7_iso250-f2p2_20260319-170237_3000x4000.scale480x640.hdr.jxl	59879601
hdrgrid	jxl1t	1238_interiors_open-doorway-interior_casa-vicens-barcelona_zfold7_iso250-f2p2_20260319-170237_3000x4000.scale600x800.hdr.jxl	75373638
hdrgrid	jxl1t	1238_interiors_open-doorway-interior_casa-vicens-barcelona_zfold7_iso250-f2p2_20260319-170237_3000x4000.scale768x1024.hdr.jxl	141910479
hdrgrid	jxl1t	1238_interiors_open-doorway-interior_casa-vicens-barcelona_zfold7_iso250-f2p2_20260319-170237_3000x4000.scale960x1280.hdr.jxl	199662147
hdrgrid	jxl1t	1238_interiors_open-doorway-interior_casa-vicens-barcelona_zfold7_iso250-f2p2_20260319-170237_3000x4000.scale96x128.hdr.jxl	6156238
hdrgrid	jxl1t	1239_interiors_decorative-coffered-ceiling_casa-vicens-barcelona_zfold7_iso800-f2p2_20260319-170252_4000x3000.scale1024x768.hdr.jxl	130295748
hdrgrid	jxl1t	1239_interiors_decorative-coffered-ceiling_casa-vicens-barcelona_zfold7_iso800-f2p2_20260319-170252_4000x3000.scale1280x960.hdr.jxl	203749352
hdrgrid	jxl1t	1239_interiors_decorative-coffered-ceiling_casa-vicens-barcelona_zfold7_iso800-f2p2_20260319-170252_4000x3000.scale128x96.hdr.jxl	5976747
hdrgrid	jxl1t	1239_interiors_decorative-coffered-ceiling_casa-vicens-barcelona_zfold7_iso800-f2p2_20260319-170252_4000x3000.scale1600x1200.hdr.jxl	304363766
hdrgrid	jxl1t	1239_interiors_decorative-coffered-ceiling_casa-vicens-barcelona_zfold7_iso800-f2p2_20260319-170252_4000x3000.scale160x120.hdr.jxl	6965453
hdrgrid	jxl1t	1239_interiors_decorative-coffered-ceiling_casa-vicens-barcelona_zfold7_iso800-f2p2_20260319-170252_4000x3000.scale200x150.hdr.jxl	9025736
hdrgrid	jxl1t	1239_interiors_decorative-coffered-ceiling_casa-vicens-barcelona_zfold7_iso800-f2p2_20260319-170252_4000x3000.scale2048x1536.hdr.jxl	482676661
hdrgrid	jxl1t	1239_interiors_decorative-coffered-ceiling_casa-vicens-barcelona_zfold7_iso800-f2p2_20260319-170252_4000x3000.scale2560x1920.hdr.jxl	865390233
hdrgrid	jxl1t	1239_interiors_decorative-coffered-ceiling_casa-vicens-barcelona_zfold7_iso800-f2p2_20260319-170252_4000x3000.scale256x192.hdr.jxl	13002630
hdrgrid	jxl1t	1239_interiors_decorative-coffered-ceiling_casa-vicens-barcelona_zfold7_iso800-f2p2_20260319-170252_4000x3000.scale3072x2304.hdr.jxl	1254678424
hdrgrid	jxl1t	1239_interiors_decorative-coffered-ceiling_casa-vicens-barcelona_zfold7_iso800-f2p2_20260319-170252_4000x3000.scale320x240.hdr.jxl	18160083
hdrgrid	jxl1t	1239_interiors_decorative-coffered-ceiling_casa-vicens-barcelona_zfold7_iso800-f2p2_20260319-170252_4000x3000.scale400x300.hdr.jxl	27885313
hdrgrid	jxl1t	1239_interiors_decorative-coffered-ceiling_casa-vicens-barcelona_zfold7_iso800-f2p2_20260319-170252_4000x3000.scale512x384.hdr.jxl	38298927
hdrgrid	jxl1t	1239_interiors_decorative-coffered-ceiling_casa-vicens-barcelona_zfold7_iso800-f2p2_20260319-170252_4000x3000.scale640x480.hdr.jxl	68925027
hdrgrid	jxl1t	1239_interiors_decorative-coffered-ceiling_casa-vicens-barcelona_zfold7_iso800-f2p2_20260319-170252_4000x3000.scale800x600.hdr.jxl	74681073
hdrgrid	jxl1t	1240_interiors_bathroom-with-bathtub_casa-vicens-barcelona_zfold7_iso1000-f2p2_20260319-170336_3000x4000.scale1200x1600.hdr.jxl	314015925
hdrgrid	jxl1t	1240_interiors_bathroom-with-bathtub_casa-vicens-barcelona_zfold7_iso1000-f2p2_20260319-170336_3000x4000.scale120x160.hdr.jxl	7942219
hdrgrid	jxl1t	1240_interiors_bathroom-with-bathtub_casa-vicens-barcelona_zfold7_iso1000-f2p2_20260319-170336_3000x4000.scale150x200.hdr.jxl	8998526
hdrgrid	jxl1t	1240_interiors_bathroom-with-bathtub_casa-vicens-barcelona_zfold7_iso1000-f2p2_20260319-170336_3000x4000.scale1536x2048.hdr.jxl	499764947
hdrgrid	jxl1t	1240_interiors_bathroom-with-bathtub_casa-vicens-barcelona_zfold7_iso1000-f2p2_20260319-170336_3000x4000.scale1920x2560.hdr.jxl	873077470
hdrgrid	jxl1t	1240_interiors_bathroom-with-bathtub_casa-vicens-barcelona_zfold7_iso1000-f2p2_20260319-170336_3000x4000.scale192x256.hdr.jxl	13429393
hdrgrid	jxl1t	1240_interiors_bathroom-with-bathtub_casa-vicens-barcelona_zfold7_iso1000-f2p2_20260319-170336_3000x4000.scale2304x3072.hdr.jxl	1247741392
hdrgrid	jxl1t	1240_interiors_bathroom-with-bathtub_casa-vicens-barcelona_zfold7_iso1000-f2p2_20260319-170336_3000x4000.scale240x320.hdr.jxl	19440110
hdrgrid	jxl1t	1240_interiors_bathroom-with-bathtub_casa-vicens-barcelona_zfold7_iso1000-f2p2_20260319-170336_3000x4000.scale300x400.hdr.jxl	28871599
hdrgrid	jxl1t	1240_interiors_bathroom-with-bathtub_casa-vicens-barcelona_zfold7_iso1000-f2p2_20260319-170336_3000x4000.scale384x512.hdr.jxl	39731486
hdrgrid	jxl1t	1240_interiors_bathroom-with-bathtub_casa-vicens-barcelona_zfold7_iso1000-f2p2_20260319-170336_3000x4000.scale480x640.hdr.jxl	72035376
hdrgrid	jxl1t	1240_interiors_bathroom-with-bathtub_casa-vicens-barcelona_zfold7_iso1000-f2p2_20260319-170336_3000x4000.scale600x800.hdr.jxl	77455140
hdrgrid	jxl1t	1240_interiors_bathroom-with-bathtub_casa-vicens-barcelona_zfold7_iso1000-f2p2_20260319-170336_3000x4000.scale768x1024.hdr.jxl	136479525
hdrgrid	jxl1t	1240_interiors_bathroom-with-bathtub_casa-vicens-barcelona_zfold7_iso1000-f2p2_20260319-170336_3000x4000.scale960x1280.hdr.jxl	214708930
hdrgrid	jxl1t	1240_interiors_bathroom-with-bathtub_casa-vicens-barcelona_zfold7_iso1000-f2p2_20260319-170336_3000x4000.scale96x128.hdr.jxl	6503460
hdrgrid	jxl1t	1241_interiors_living-room-sofa_la-pedrera-barcelona_zfold7_iso1000-f1p7_20260319-183640_3000x4000.scale1200x1600.hdr.jxl	307693147
hdrgrid	jxl1t	1241_interiors_living-room-sofa_la-pedrera-barcelona_zfold7_iso1000-f1p7_20260319-183640_3000x4000.scale120x160.hdr.jxl	7753098
hdrgrid	jxl1t	1241_interiors_living-room-sofa_la-pedrera-barcelona_zfold7_iso1000-f1p7_20260319-183640_3000x4000.scale150x200.hdr.jxl	9406878
hdrgrid	jxl1t	1241_interiors_living-room-sofa_la-pedrera-barcelona_zfold7_iso1000-f1p7_20260319-183640_3000x4000.scale1536x2048.hdr.jxl	486728406
hdrgrid	jxl1t	1241_interiors_living-room-sofa_la-pedrera-barcelona_zfold7_iso1000-f1p7_20260319-183640_3000x4000.scale1920x2560.hdr.jxl	858540590
hdrgrid	jxl1t	1241_interiors_living-room-sofa_la-pedrera-barcelona_zfold7_iso1000-f1p7_20260319-183640_3000x4000.scale192x256.hdr.jxl	13365853
hdrgrid	jxl1t	1241_interiors_living-room-sofa_la-pedrera-barcelona_zfold7_iso1000-f1p7_20260319-183640_3000x4000.scale2304x3072.hdr.jxl	1237650309
hdrgrid	jxl1t	1241_interiors_living-room-sofa_la-pedrera-barcelona_zfold7_iso1000-f1p7_20260319-183640_3000x4000.scale240x320.hdr.jxl	28507547
hdrgrid	jxl1t	1241_interiors_living-room-sofa_la-pedrera-barcelona_zfold7_iso1000-f1p7_20260319-183640_3000x4000.scale300x400.hdr.jxl	27514101
hdrgrid	jxl1t	1241_interiors_living-room-sofa_la-pedrera-barcelona_zfold7_iso1000-f1p7_20260319-183640_3000x4000.scale384x512.hdr.jxl	39825606
hdrgrid	jxl1t	1241_interiors_living-room-sofa_la-pedrera-barcelona_zfold7_iso1000-f1p7_20260319-183640_3000x4000.scale480x640.hdr.jxl	58946365
hdrgrid	jxl1t	1241_interiors_living-room-sofa_la-pedrera-barcelona_zfold7_iso1000-f1p7_20260319-183640_3000x4000.scale600x800.hdr.jxl	85051607
hdrgrid	jxl1t	1241_interiors_living-room-sofa_la-pedrera-barcelona_zfold7_iso1000-f1p7_20260319-183640_3000x4000.scale768x1024.hdr.jxl	132644112
hdrgrid	jxl1t	1241_interiors_living-room-sofa_la-pedrera-barcelona_zfold7_iso1000-f1p7_20260319-183640_3000x4000.scale960x1280.hdr.jxl	205639104
hdrgrid	jxl1t	1241_interiors_living-room-sofa_la-pedrera-barcelona_zfold7_iso1000-f1p7_20260319-183640_3000x4000.scale96x128.hdr.jxl	5746865
hdrgrid	jxl1t	1242_interiors_storage-room-clutter_la-pedrera-barcelona_zfold7_iso640-f2p2_20260319-183704_3000x4000.scale1200x1600.hdr.jxl	316571001
hdrgrid	jxl1t	1242_interiors_storage-room-clutter_la-pedrera-barcelona_zfold7_iso640-f2p2_20260319-183704_3000x4000.scale120x160.hdr.jxl	7243785
hdrgrid	jxl1t	1242_interiors_storage-room-clutter_la-pedrera-barcelona_zfold7_iso640-f2p2_20260319-183704_3000x4000.scale150x200.hdr.jxl	20514947
hdrgrid	jxl1t	1242_interiors_storage-room-clutter_la-pedrera-barcelona_zfold7_iso640-f2p2_20260319-183704_3000x4000.scale1536x2048.hdr.jxl	489984717
hdrgrid	jxl1t	1242_interiors_storage-room-clutter_la-pedrera-barcelona_zfold7_iso640-f2p2_20260319-183704_3000x4000.scale1920x2560.hdr.jxl	864584288
hdrgrid	jxl1t	1242_interiors_storage-room-clutter_la-pedrera-barcelona_zfold7_iso640-f2p2_20260319-183704_3000x4000.scale192x256.hdr.jxl	13162292
hdrgrid	jxl1t	1242_interiors_storage-room-clutter_la-pedrera-barcelona_zfold7_iso640-f2p2_20260319-183704_3000x4000.scale2304x3072.hdr.jxl	1239341520
hdrgrid	jxl1t	1242_interiors_storage-room-clutter_la-pedrera-barcelona_zfold7_iso640-f2p2_20260319-183704_3000x4000.scale240x320.hdr.jxl	19865814
hdrgrid	jxl1t	1242_interiors_storage-room-clutter_la-pedrera-barcelona_zfold7_iso640-f2p2_20260319-183704_3000x4000.scale300x400.hdr.jxl	28499897
hdrgrid	jxl1t	1242_interiors_storage-room-clutter_la-pedrera-barcelona_zfold7_iso640-f2p2_20260319-183704_3000x4000.scale384x512.hdr.jxl	39282214
hdrgrid	jxl1t	1242_interiors_storage-room-clutter_la-pedrera-barcelona_zfold7_iso640-f2p2_20260319-183704_3000x4000.scale480x640.hdr.jxl	59344778
hdrgrid	jxl1t	1242_interiors_storage-room-clutter_la-pedrera-barcelona_zfold7_iso640-f2p2_20260319-183704_3000x4000.scale600x800.hdr.jxl	87678404
hdrgrid	jxl1t	1242_interiors_storage-room-clutter_la-pedrera-barcelona_zfold7_iso640-f2p2_20260319-183704_3000x4000.scale768x1024.hdr.jxl	135273688
hdrgrid	jxl1t	1242_interiors_storage-room-clutter_la-pedrera-barcelona_zfold7_iso640-f2p2_20260319-183704_3000x4000.scale960x1280.hdr.jxl	198638201
hdrgrid	jxl1t	1242_interiors_storage-room-clutter_la-pedrera-barcelona_zfold7_iso640-f2p2_20260319-183704_3000x4000.scale96x128.hdr.jxl	16282861
hdrgrid	jxl1t	1243_interiors_vintage-living-room_la-pedrera-barcelona_zfold7_iso400-f2p2_20260319-183921_3000x4000.scale1200x1600.hdr.jxl	305481853
hdrgrid	jxl1t	1243_interiors_vintage-living-room_la-pedrera-barcelona_zfold7_iso400-f2p2_20260319-183921_3000x4000.scale120x160.hdr.jxl	8443322
hdrgrid	jxl1t	1243_interiors_vintage-living-room_la-pedrera-barcelona_zfold7_iso400-f2p2_20260319-183921_3000x4000.scale150x200.hdr.jxl	9285308
hdrgrid	jxl1t	1243_interiors_vintage-living-room_la-pedrera-barcelona_zfold7_iso400-f2p2_20260319-183921_3000x4000.scale1536x2048.hdr.jxl	496944190
hdrgrid	jxl1t	1243_interiors_vintage-living-room_la-pedrera-barcelona_zfold7_iso400-f2p2_20260319-183921_3000x4000.scale1920x2560.hdr.jxl	857127351
hdrgrid	jxl1t	1243_interiors_vintage-living-room_la-pedrera-barcelona_zfold7_iso400-f2p2_20260319-183921_3000x4000.scale192x256.hdr.jxl	13300663
hdrgrid	jxl1t	1243_interiors_vintage-living-room_la-pedrera-barcelona_zfold7_iso400-f2p2_20260319-183921_3000x4000.scale2304x3072.hdr.jxl	1227771608
hdrgrid	jxl1t	1243_interiors_vintage-living-room_la-pedrera-barcelona_zfold7_iso400-f2p2_20260319-183921_3000x4000.scale240x320.hdr.jxl	19105389
hdrgrid	jxl1t	1243_interiors_vintage-living-room_la-pedrera-barcelona_zfold7_iso400-f2p2_20260319-183921_3000x4000.scale300x400.hdr.jxl	40085688
hdrgrid	jxl1t	1243_interiors_vintage-living-room_la-pedrera-barcelona_zfold7_iso400-f2p2_20260319-183921_3000x4000.scale384x512.hdr.jxl	39790276
hdrgrid	jxl1t	1243_interiors_vintage-living-room_la-pedrera-barcelona_zfold7_iso400-f2p2_20260319-183921_3000x4000.scale480x640.hdr.jxl	59045136
hdrgrid	jxl1t	1243_interiors_vintage-living-room_la-pedrera-barcelona_zfold7_iso400-f2p2_20260319-183921_3000x4000.scale600x800.hdr.jxl	87725934
hdrgrid	jxl1t	1243_interiors_vintage-living-room_la-pedrera-barcelona_zfold7_iso400-f2p2_20260319-183921_3000x4000.scale768x1024.hdr.jxl	130346248
hdrgrid	jxl1t	1243_interiors_vintage-living-room_la-pedrera-barcelona_zfold7_iso400-f2p2_20260319-183921_3000x4000.scale960x1280.hdr.jxl	206940283
hdrgrid	jxl1t	1243_interiors_vintage-living-room_la-pedrera-barcelona_zfold7_iso400-f2p2_20260319-183921_3000x4000.scale96x128.hdr.jxl	5795016
hdrgrid	jxl1t	1244_interiors_painted-ceiling-columns_la-pedrera-barcelona_zfold7_iso800-f1p7_20260319-194130_3000x4000.scale1200x1600.hdr.jxl	323116292
hdrgrid	jxl1t	1244_interiors_painted-ceiling-columns_la-pedrera-barcelona_zfold7_iso800-f1p7_20260319-194130_3000x4000.scale120x160.hdr.jxl	17037296
hdrgrid	jxl1t	1244_interiors_painted-ceiling-columns_la-pedrera-barcelona_zfold7_iso800-f1p7_20260319-194130_3000x4000.scale150x200.hdr.jxl	9438588
hdrgrid	jxl1t	1244_interiors_painted-ceiling-columns_la-pedrera-barcelona_zfold7_iso800-f1p7_20260319-194130_3000x4000.scale1536x2048.hdr.jxl	484813094
hdrgrid	jxl1t	1244_interiors_painted-ceiling-columns_la-pedrera-barcelona_zfold7_iso800-f1p7_20260319-194130_3000x4000.scale1920x2560.hdr.jxl	877076224
hdrgrid	jxl1t	1244_interiors_painted-ceiling-columns_la-pedrera-barcelona_zfold7_iso800-f1p7_20260319-194130_3000x4000.scale192x256.hdr.jxl	13745665
hdrgrid	jxl1t	1244_interiors_painted-ceiling-columns_la-pedrera-barcelona_zfold7_iso800-f1p7_20260319-194130_3000x4000.scale2304x3072.hdr.jxl	1251559985
hdrgrid	jxl1t	1244_interiors_painted-ceiling-columns_la-pedrera-barcelona_zfold7_iso800-f1p7_20260319-194130_3000x4000.scale240x320.hdr.jxl	19223449
hdrgrid	jxl1t	1244_interiors_painted-ceiling-columns_la-pedrera-barcelona_zfold7_iso800-f1p7_20260319-194130_3000x4000.scale300x400.hdr.jxl	28425516
hdrgrid	jxl1t	1244_interiors_painted-ceiling-columns_la-pedrera-barcelona_zfold7_iso800-f1p7_20260319-194130_3000x4000.scale384x512.hdr.jxl	50128110
hdrgrid	jxl1t	1244_interiors_painted-ceiling-columns_la-pedrera-barcelona_zfold7_iso800-f1p7_20260319-194130_3000x4000.scale480x640.hdr.jxl	60865198
hdrgrid	jxl1t	1244_interiors_painted-ceiling-columns_la-pedrera-barcelona_zfold7_iso800-f1p7_20260319-194130_3000x4000.scale600x800.hdr.jxl	76178752
hdrgrid	jxl1t	1244_interiors_painted-ceiling-columns_la-pedrera-barcelona_zfold7_iso800-f1p7_20260319-194130_3000x4000.scale768x1024.hdr.jxl	140144958
hdrgrid	jxl1t	1244_interiors_painted-ceiling-columns_la-pedrera-barcelona_zfold7_iso800-f1p7_20260319-194130_3000x4000.scale960x1280.hdr.jxl	208147980
hdrgrid	jxl1t	1244_interiors_painted-ceiling-columns_la-pedrera-barcelona_zfold7_iso800-f1p7_20260319-194130_3000x4000.scale96x128.hdr.jxl	16338482
hdrgrid	jxl1t	1245_interiors_circular-building-interior_la-pedrera-barcelona_zfold7_iso1000-f2p2_20260319-194139_4000x3000.scale1024x768.hdr.jxl	132721442
hdrgrid	jxl1t	1245_interiors_circular-building-interior_la-pedrera-barcelona_zfold7_iso1000-f2p2_20260319-194139_4000x3000.scale1280x960.hdr.jxl	195494351
hdrgrid	jxl1t	1245_interiors_circular-building-interior_la-pedrera-barcelona_zfold7_iso1000-f2p2_20260319-194139_4000x3000.scale128x96.hdr.jxl	5270963
hdrgrid	jxl1t	1245_interiors_circular-building-interior_la-pedrera-barcelona_zfold7_iso1000-f2p2_20260319-194139_4000x3000.scale1600x1200.hdr.jxl	312260825
hdrgrid	jxl1t	1245_interiors_circular-building-interior_la-pedrera-barcelona_zfold7_iso1000-f2p2_20260319-194139_4000x3000.scale160x120.hdr.jxl	7084133
hdrgrid	jxl1t	1245_interiors_circular-building-interior_la-pedrera-barcelona_zfold7_iso1000-f2p2_20260319-194139_4000x3000.scale200x150.hdr.jxl	8913615
hdrgrid	jxl1t	1245_interiors_circular-building-interior_la-pedrera-barcelona_zfold7_iso1000-f2p2_20260319-194139_4000x3000.scale2048x1536.hdr.jxl	490253297
hdrgrid	jxl1t	1245_interiors_circular-building-interior_la-pedrera-barcelona_zfold7_iso1000-f2p2_20260319-194139_4000x3000.scale2560x1920.hdr.jxl	849528584
hdrgrid	jxl1t	1245_interiors_circular-building-interior_la-pedrera-barcelona_zfold7_iso1000-f2p2_20260319-194139_4000x3000.scale256x192.hdr.jxl	13413433
hdrgrid	jxl1t	1245_interiors_circular-building-interior_la-pedrera-barcelona_zfold7_iso1000-f2p2_20260319-194139_4000x3000.scale3072x2304.hdr.jxl	1221463129
hdrgrid	jxl1t	1245_interiors_circular-building-interior_la-pedrera-barcelona_zfold7_iso1000-f2p2_20260319-194139_4000x3000.scale320x240.hdr.jxl	20373386
hdrgrid	jxl1t	1245_interiors_circular-building-interior_la-pedrera-barcelona_zfold7_iso1000-f2p2_20260319-194139_4000x3000.scale400x300.hdr.jxl	37861485
hdrgrid	jxl1t	1245_interiors_circular-building-interior_la-pedrera-barcelona_zfold7_iso1000-f2p2_20260319-194139_4000x3000.scale512x384.hdr.jxl	38351558
hdrgrid	jxl1t	1245_interiors_circular-building-interior_la-pedrera-barcelona_zfold7_iso1000-f2p2_20260319-194139_4000x3000.scale640x480.hdr.jxl	62194825
hdrgrid	jxl1t	1245_interiors_circular-building-interior_la-pedrera-barcelona_zfold7_iso1000-f2p2_20260319-194139_4000x3000.scale800x600.hdr.jxl	76559484
hdrgrid	jxl1t	1246_interiors_woven-roof-structure_azulik-city-arts-francisco-uh-may_ip13pro_iso32-f1p8_img-8944_4032x3024.scale1024x768.hdr.jxl	131114622
hdrgrid	jxl1t	1246_interiors_woven-roof-structure_azulik-city-arts-francisco-uh-may_ip13pro_iso32-f1p8_img-8944_4032x3024.scale1280x960.hdr.jxl	196552578
hdrgrid	jxl1t	1246_interiors_woven-roof-structure_azulik-city-arts-francisco-uh-may_ip13pro_iso32-f1p8_img-8944_4032x3024.scale128x96.hdr.jxl	5500694
hdrgrid	jxl1t	1246_interiors_woven-roof-structure_azulik-city-arts-francisco-uh-may_ip13pro_iso32-f1p8_img-8944_4032x3024.scale1600x1200.hdr.jxl	289850196
hdrgrid	jxl1t	1246_interiors_woven-roof-structure_azulik-city-arts-francisco-uh-may_ip13pro_iso32-f1p8_img-8944_4032x3024.scale160x120.hdr.jxl	6983854
hdrgrid	jxl1t	1246_interiors_woven-roof-structure_azulik-city-arts-francisco-uh-may_ip13pro_iso32-f1p8_img-8944_4032x3024.scale200x150.hdr.jxl	8999946
hdrgrid	jxl1t	1246_interiors_woven-roof-structure_azulik-city-arts-francisco-uh-may_ip13pro_iso32-f1p8_img-8944_4032x3024.scale2048x1536.hdr.jxl	476649653
hdrgrid	jxl1t	1246_interiors_woven-roof-structure_azulik-city-arts-francisco-uh-may_ip13pro_iso32-f1p8_img-8944_4032x3024.scale2560x1920.hdr.jxl	817921328
hdrgrid	jxl1t	1246_interiors_woven-roof-structure_azulik-city-arts-francisco-uh-may_ip13pro_iso32-f1p8_img-8944_4032x3024.scale256x192.hdr.jxl	24771983
hdrgrid	jxl1t	1246_interiors_woven-roof-structure_azulik-city-arts-francisco-uh-may_ip13pro_iso32-f1p8_img-8944_4032x3024.scale3072x2304.hdr.jxl	1173940925
hdrgrid	jxl1t	1246_interiors_woven-roof-structure_azulik-city-arts-francisco-uh-may_ip13pro_iso32-f1p8_img-8944_4032x3024.scale320x240.hdr.jxl	18057762
hdrgrid	jxl1t	1246_interiors_woven-roof-structure_azulik-city-arts-francisco-uh-may_ip13pro_iso32-f1p8_img-8944_4032x3024.scale400x300.hdr.jxl	24994055
hdrgrid	jxl1t	1246_interiors_woven-roof-structure_azulik-city-arts-francisco-uh-may_ip13pro_iso32-f1p8_img-8944_4032x3024.scale512x384.hdr.jxl	38873861
hdrgrid	jxl1t	1246_interiors_woven-roof-structure_azulik-city-arts-francisco-uh-may_ip13pro_iso32-f1p8_img-8944_4032x3024.scale640x480.hdr.jxl	57334686
hdrgrid	jxl1t	1246_interiors_woven-roof-structure_azulik-city-arts-francisco-uh-may_ip13pro_iso32-f1p8_img-8944_4032x3024.scale800x600.hdr.jxl	78814518
hdrgrid	jxl1t	1487_nature_glacier-over-water_kenai-peninsula-borough-alaska_s25u_iso40-f1p7_20250801-135016_3000x4000.scale1200x1600.hdr.jxl	297648455
hdrgrid	jxl1t	1487_nature_glacier-over-water_kenai-peninsula-borough-alaska_s25u_iso40-f1p7_20250801-135016_3000x4000.scale120x160.hdr.jxl	18141772
hdrgrid	jxl1t	1487_nature_glacier-over-water_kenai-peninsula-borough-alaska_s25u_iso40-f1p7_20250801-135016_3000x4000.scale150x200.hdr.jxl	9768161
hdrgrid	jxl1t	1487_nature_glacier-over-water_kenai-peninsula-borough-alaska_s25u_iso40-f1p7_20250801-135016_3000x4000.scale1536x2048.hdr.jxl	466665282
hdrgrid	jxl1t	1487_nature_glacier-over-water_kenai-peninsula-borough-alaska_s25u_iso40-f1p7_20250801-135016_3000x4000.scale1920x2560.hdr.jxl	817416965
hdrgrid	jxl1t	1487_nature_glacier-over-water_kenai-peninsula-borough-alaska_s25u_iso40-f1p7_20250801-135016_3000x4000.scale192x256.hdr.jxl	13280532
hdrgrid	jxl1t	1487_nature_glacier-over-water_kenai-peninsula-borough-alaska_s25u_iso40-f1p7_20250801-135016_3000x4000.scale2304x3072.hdr.jxl	1172487066
hdrgrid	jxl1t	1487_nature_glacier-over-water_kenai-peninsula-borough-alaska_s25u_iso40-f1p7_20250801-135016_3000x4000.scale240x320.hdr.jxl	18565415
hdrgrid	jxl1t	1487_nature_glacier-over-water_kenai-peninsula-borough-alaska_s25u_iso40-f1p7_20250801-135016_3000x4000.scale300x400.hdr.jxl	27878823
hdrgrid	jxl1t	1487_nature_glacier-over-water_kenai-peninsula-borough-alaska_s25u_iso40-f1p7_20250801-135016_3000x4000.scale384x512.hdr.jxl	47522034
hdrgrid	jxl1t	1487_nature_glacier-over-water_kenai-peninsula-borough-alaska_s25u_iso40-f1p7_20250801-135016_3000x4000.scale480x640.hdr.jxl	59227677
hdrgrid	jxl1t	1487_nature_glacier-over-water_kenai-peninsula-borough-alaska_s25u_iso40-f1p7_20250801-135016_3000x4000.scale600x800.hdr.jxl	73529696
hdrgrid	jxl1t	1487_nature_glacier-over-water_kenai-peninsula-borough-alaska_s25u_iso40-f1p7_20250801-135016_3000x4000.scale768x1024.hdr.jxl	135735692
hdrgrid	jxl1t	1487_nature_glacier-over-water_kenai-peninsula-borough-alaska_s25u_iso40-f1p7_20250801-135016_3000x4000.scale960x1280.hdr.jxl	198125717
hdrgrid	jxl1t	1487_nature_glacier-over-water_kenai-peninsula-borough-alaska_s25u_iso40-f1p7_20250801-135016_3000x4000.scale96x128.hdr.jxl	6064517
hdrgrid	jxl1t	1488_nature_iceberg-ocean-landscape_yakutat-alaska_s25u_iso80-f1p7_20250803-185104_3000x4000.scale1200x1600.hdr.jxl	287084919
hdrgrid	jxl1t	1488_nature_iceberg-ocean-landscape_yakutat-alaska_s25u_iso80-f1p7_20250803-185104_3000x4000.scale120x160.hdr.jxl	6980443
hdrgrid	jxl1t	1488_nature_iceberg-ocean-landscape_yakutat-alaska_s25u_iso80-f1p7_20250803-185104_3000x4000.scale150x200.hdr.jxl	9049616
hdrgrid	jxl1t	1488_nature_iceberg-ocean-landscape_yakutat-alaska_s25u_iso80-f1p7_20250803-185104_3000x4000.scale1536x2048.hdr.jxl	482208028
hdrgrid	jxl1t	1488_nature_iceberg-ocean-landscape_yakutat-alaska_s25u_iso80-f1p7_20250803-185104_3000x4000.scale1920x2560.hdr.jxl	803890242
hdrgrid	jxl1t	1488_nature_iceberg-ocean-landscape_yakutat-alaska_s25u_iso80-f1p7_20250803-185104_3000x4000.scale192x256.hdr.jxl	12940620
hdrgrid	jxl1t	1488_nature_iceberg-ocean-landscape_yakutat-alaska_s25u_iso80-f1p7_20250803-185104_3000x4000.scale2304x3072.hdr.jxl	1164175923
hdrgrid	jxl1t	1488_nature_iceberg-ocean-landscape_yakutat-alaska_s25u_iso80-f1p7_20250803-185104_3000x4000.scale240x320.hdr.jxl	19057169
hdrgrid	jxl1t	1488_nature_iceberg-ocean-landscape_yakutat-alaska_s25u_iso80-f1p7_20250803-185104_3000x4000.scale300x400.hdr.jxl	37639074
hdrgrid	jxl1t	1488_nature_iceberg-ocean-landscape_yakutat-alaska_s25u_iso80-f1p7_20250803-185104_3000x4000.scale384x512.hdr.jxl	38636989
hdrgrid	jxl1t	1488_nature_iceberg-ocean-landscape_yakutat-alaska_s25u_iso80-f1p7_20250803-185104_3000x4000.scale480x640.hdr.jxl	57863899
hdrgrid	jxl1t	1488_nature_iceberg-ocean-landscape_yakutat-alaska_s25u_iso80-f1p7_20250803-185104_3000x4000.scale600x800.hdr.jxl	90118478
hdrgrid	jxl1t	1488_nature_iceberg-ocean-landscape_yakutat-alaska_s25u_iso80-f1p7_20250803-185104_3000x4000.scale768x1024.hdr.jxl	125178786
hdrgrid	jxl1t	1488_nature_iceberg-ocean-landscape_yakutat-alaska_s25u_iso80-f1p7_20250803-185104_3000x4000.scale960x1280.hdr.jxl	185622320
hdrgrid	jxl1t	1488_nature_iceberg-ocean-landscape_yakutat-alaska_s25u_iso80-f1p7_20250803-185104_3000x4000.scale96x128.hdr.jxl	6496120
hdrgrid	jxl1t	1489_nature_cruise-ship-deck_unorganized-borough-alaska_s25u_iso125-f1p7_20250804-210918_3000x4000.scale1200x1600.hdr.jxl	305724745
hdrgrid	jxl1t	1489_nature_cruise-ship-deck_unorganized-borough-alaska_s25u_iso125-f1p7_20250804-210918_3000x4000.scale120x160.hdr.jxl	7035584
hdrgrid	jxl1t	1489_nature_cruise-ship-deck_unorganized-borough-alaska_s25u_iso125-f1p7_20250804-210918_3000x4000.scale150x200.hdr.jxl	8811544
hdrgrid	jxl1t	1489_nature_cruise-ship-deck_unorganized-borough-alaska_s25u_iso125-f1p7_20250804-210918_3000x4000.scale1536x2048.hdr.jxl	479961394
hdrgrid	jxl1t	1489_nature_cruise-ship-deck_unorganized-borough-alaska_s25u_iso125-f1p7_20250804-210918_3000x4000.scale1920x2560.hdr.jxl	811242027
hdrgrid	jxl1t	1489_nature_cruise-ship-deck_unorganized-borough-alaska_s25u_iso125-f1p7_20250804-210918_3000x4000.scale192x256.hdr.jxl	22863452
hdrgrid	jxl1t	1489_nature_cruise-ship-deck_unorganized-borough-alaska_s25u_iso125-f1p7_20250804-210918_3000x4000.scale2304x3072.hdr.jxl	1201550765
hdrgrid	jxl1t	1489_nature_cruise-ship-deck_unorganized-borough-alaska_s25u_iso125-f1p7_20250804-210918_3000x4000.scale240x320.hdr.jxl	18854516
hdrgrid	jxl1t	1489_nature_cruise-ship-deck_unorganized-borough-alaska_s25u_iso125-f1p7_20250804-210918_3000x4000.scale300x400.hdr.jxl	28704867
hdrgrid	jxl1t	1489_nature_cruise-ship-deck_unorganized-borough-alaska_s25u_iso125-f1p7_20250804-210918_3000x4000.scale384x512.hdr.jxl	49329516
hdrgrid	jxl1t	1489_nature_cruise-ship-deck_unorganized-borough-alaska_s25u_iso125-f1p7_20250804-210918_3000x4000.scale480x640.hdr.jxl	61314800
hdrgrid	jxl1t	1489_nature_cruise-ship-deck_unorganized-borough-alaska_s25u_iso125-f1p7_20250804-210918_3000x4000.scale600x800.hdr.jxl	74886064
hdrgrid	jxl1t	1489_nature_cruise-ship-deck_unorganized-borough-alaska_s25u_iso125-f1p7_20250804-210918_3000x4000.scale768x1024.hdr.jxl	129764454
hdrgrid	jxl1t	1489_nature_cruise-ship-deck_unorganized-borough-alaska_s25u_iso125-f1p7_20250804-210918_3000x4000.scale960x1280.hdr.jxl	195854254
hdrgrid	jxl1t	1489_nature_cruise-ship-deck_unorganized-borough-alaska_s25u_iso125-f1p7_20250804-210918_3000x4000.scale96x128.hdr.jxl	5562944
hdrgrid	jxl1t	1490_nature_boat-wake-at-sunset_unorganized-borough-alaska_s25u_iso200-f1p7_20250804-211018_3000x4000.scale1200x1600.hdr.jxl	291219945
hdrgrid	jxl1t	1490_nature_boat-wake-at-sunset_unorganized-borough-alaska_s25u_iso200-f1p7_20250804-211018_3000x4000.scale120x160.hdr.jxl	7772148
hdrgrid	jxl1t	1490_nature_boat-wake-at-sunset_unorganized-borough-alaska_s25u_iso200-f1p7_20250804-211018_3000x4000.scale150x200.hdr.jxl	9059056
hdrgrid	jxl1t	1490_nature_boat-wake-at-sunset_unorganized-borough-alaska_s25u_iso200-f1p7_20250804-211018_3000x4000.scale1536x2048.hdr.jxl	460795595
hdrgrid	jxl1t	1490_nature_boat-wake-at-sunset_unorganized-borough-alaska_s25u_iso200-f1p7_20250804-211018_3000x4000.scale1920x2560.hdr.jxl	791970468
hdrgrid	jxl1t	1490_nature_boat-wake-at-sunset_unorganized-borough-alaska_s25u_iso200-f1p7_20250804-211018_3000x4000.scale192x256.hdr.jxl	12822869
hdrgrid	jxl1t	1490_nature_boat-wake-at-sunset_unorganized-borough-alaska_s25u_iso200-f1p7_20250804-211018_3000x4000.scale2304x3072.hdr.jxl	1143862128
hdrgrid	jxl1t	1490_nature_boat-wake-at-sunset_unorganized-borough-alaska_s25u_iso200-f1p7_20250804-211018_3000x4000.scale240x320.hdr.jxl	18512105
hdrgrid	jxl1t	1490_nature_boat-wake-at-sunset_unorganized-borough-alaska_s25u_iso200-f1p7_20250804-211018_3000x4000.scale300x400.hdr.jxl	26266843
hdrgrid	jxl1t	1490_nature_boat-wake-at-sunset_unorganized-borough-alaska_s25u_iso200-f1p7_20250804-211018_3000x4000.scale384x512.hdr.jxl	36175255
hdrgrid	jxl1t	1490_nature_boat-wake-at-sunset_unorganized-borough-alaska_s25u_iso200-f1p7_20250804-211018_3000x4000.scale480x640.hdr.jxl	54959421
hdrgrid	jxl1t	1490_nature_boat-wake-at-sunset_unorganized-borough-alaska_s25u_iso200-f1p7_20250804-211018_3000x4000.scale600x800.hdr.jxl	71018190
hdrgrid	jxl1t	1490_nature_boat-wake-at-sunset_unorganized-borough-alaska_s25u_iso200-f1p7_20250804-211018_3000x4000.scale768x1024.hdr.jxl	123421845
hdrgrid	jxl1t	1490_nature_boat-wake-at-sunset_unorganized-borough-alaska_s25u_iso200-f1p7_20250804-211018_3000x4000.scale960x1280.hdr.jxl	184812935
hdrgrid	jxl1t	1490_nature_boat-wake-at-sunset_unorganized-borough-alaska_s25u_iso200-f1p7_20250804-211018_3000x4000.scale96x128.hdr.jxl	5386504
hdrgrid	jxl1t	1491_nature_ocean-sunset-clouds_unorganized-borough-alaska_s25u_iso100-f3p4_20250804-211059_3000x4000.scale1200x1600.hdr.jxl	300591793
hdrgrid	jxl1t	1491_nature_ocean-sunset-clouds_unorganized-borough-alaska_s25u_iso100-f3p4_20250804-211059_3000x4000.scale120x160.hdr.jxl	8005479
hdrgrid	jxl1t	1491_nature_ocean-sunset-clouds_unorganized-borough-alaska_s25u_iso100-f3p4_20250804-211059_3000x4000.scale150x200.hdr.jxl	9225087
hdrgrid	jxl1t	1491_nature_ocean-sunset-clouds_unorganized-borough-alaska_s25u_iso100-f3p4_20250804-211059_3000x4000.scale1536x2048.hdr.jxl	466377940
hdrgrid	jxl1t	1491_nature_ocean-sunset-clouds_unorganized-borough-alaska_s25u_iso100-f3p4_20250804-211059_3000x4000.scale1920x2560.hdr.jxl	830250015
hdrgrid	jxl1t	1491_nature_ocean-sunset-clouds_unorganized-borough-alaska_s25u_iso100-f3p4_20250804-211059_3000x4000.scale192x256.hdr.jxl	12941320
hdrgrid	jxl1t	1491_nature_ocean-sunset-clouds_unorganized-borough-alaska_s25u_iso100-f3p4_20250804-211059_3000x4000.scale2304x3072.hdr.jxl	1184251728
hdrgrid	jxl1t	1491_nature_ocean-sunset-clouds_unorganized-borough-alaska_s25u_iso100-f3p4_20250804-211059_3000x4000.scale240x320.hdr.jxl	18803177
hdrgrid	jxl1t	1491_nature_ocean-sunset-clouds_unorganized-borough-alaska_s25u_iso100-f3p4_20250804-211059_3000x4000.scale300x400.hdr.jxl	27508261
hdrgrid	jxl1t	1491_nature_ocean-sunset-clouds_unorganized-borough-alaska_s25u_iso100-f3p4_20250804-211059_3000x4000.scale384x512.hdr.jxl	38397138
hdrgrid	jxl1t	1491_nature_ocean-sunset-clouds_unorganized-borough-alaska_s25u_iso100-f3p4_20250804-211059_3000x4000.scale480x640.hdr.jxl	60383584
hdrgrid	jxl1t	1491_nature_ocean-sunset-clouds_unorganized-borough-alaska_s25u_iso100-f3p4_20250804-211059_3000x4000.scale600x800.hdr.jxl	78066604
hdrgrid	jxl1t	1491_nature_ocean-sunset-clouds_unorganized-borough-alaska_s25u_iso100-f3p4_20250804-211059_3000x4000.scale768x1024.hdr.jxl	124113899
hdrgrid	jxl1t	1491_nature_ocean-sunset-clouds_unorganized-borough-alaska_s25u_iso100-f3p4_20250804-211059_3000x4000.scale960x1280.hdr.jxl	191002013
hdrgrid	jxl1t	1491_nature_ocean-sunset-clouds_unorganized-borough-alaska_s25u_iso100-f3p4_20250804-211059_3000x4000.scale96x128.hdr.jxl	6089448
hdrgrid	jxl1t	1492_nature_mountain-lake-landscape_whitehorse-canada_s25u_iso64-f1p7_20250805-162506_3000x4000.scale1200x1600.hdr.jxl	294381204
hdrgrid	jxl1t	1492_nature_mountain-lake-landscape_whitehorse-canada_s25u_iso64-f1p7_20250805-162506_3000x4000.scale120x160.hdr.jxl	7527266
hdrgrid	jxl1t	1492_nature_mountain-lake-landscape_whitehorse-canada_s25u_iso64-f1p7_20250805-162506_3000x4000.scale150x200.hdr.jxl	8946945
hdrgrid	jxl1t	1492_nature_mountain-lake-landscape_whitehorse-canada_s25u_iso64-f1p7_20250805-162506_3000x4000.scale1536x2048.hdr.jxl	486815007
hdrgrid	jxl1t	1492_nature_mountain-lake-landscape_whitehorse-canada_s25u_iso64-f1p7_20250805-162506_3000x4000.scale1920x2560.hdr.jxl	827517738
hdrgrid	jxl1t	1492_nature_mountain-lake-landscape_whitehorse-canada_s25u_iso64-f1p7_20250805-162506_3000x4000.scale192x256.hdr.jxl	12955960
hdrgrid	jxl1t	1492_nature_mountain-lake-landscape_whitehorse-canada_s25u_iso64-f1p7_20250805-162506_3000x4000.scale2304x3072.hdr.jxl	1198054854
hdrgrid	jxl1t	1492_nature_mountain-lake-landscape_whitehorse-canada_s25u_iso64-f1p7_20250805-162506_3000x4000.scale240x320.hdr.jxl	17835890
hdrgrid	jxl1t	1492_nature_mountain-lake-landscape_whitehorse-canada_s25u_iso64-f1p7_20250805-162506_3000x4000.scale300x400.hdr.jxl	37987006
hdrgrid	jxl1t	1492_nature_mountain-lake-landscape_whitehorse-canada_s25u_iso64-f1p7_20250805-162506_3000x4000.scale384x512.hdr.jxl	37658693
hdrgrid	jxl1t	1492_nature_mountain-lake-landscape_whitehorse-canada_s25u_iso64-f1p7_20250805-162506_3000x4000.scale480x640.hdr.jxl	57003763
hdrgrid	jxl1t	1492_nature_mountain-lake-landscape_whitehorse-canada_s25u_iso64-f1p7_20250805-162506_3000x4000.scale600x800.hdr.jxl	73950118
hdrgrid	jxl1t	1492_nature_mountain-lake-landscape_whitehorse-canada_s25u_iso64-f1p7_20250805-162506_3000x4000.scale768x1024.hdr.jxl	124903354
hdrgrid	jxl1t	1492_nature_mountain-lake-landscape_whitehorse-canada_s25u_iso64-f1p7_20250805-162506_3000x4000.scale960x1280.hdr.jxl	197102581
hdrgrid	jxl1t	1492_nature_mountain-lake-landscape_whitehorse-canada_s25u_iso64-f1p7_20250805-162506_3000x4000.scale96x128.hdr.jxl	6158888
hdrgrid	jxl1t	1493_nature_sunset-over-sea_lower-davie-vancouver-canada_s25u_iso64-f3p4_20250809-203408_4000x3000.scale1024x768.hdr.jxl	126809006
hdrgrid	jxl1t	1493_nature_sunset-over-sea_lower-davie-vancouver-canada_s25u_iso64-f3p4_20250809-203408_4000x3000.scale1280x960.hdr.jxl	194633806
hdrgrid	jxl1t	1493_nature_sunset-over-sea_lower-davie-vancouver-canada_s25u_iso64-f3p4_20250809-203408_4000x3000.scale128x96.hdr.jxl	5856547
hdrgrid	jxl1t	1493_nature_sunset-over-sea_lower-davie-vancouver-canada_s25u_iso64-f3p4_20250809-203408_4000x3000.scale1600x1200.hdr.jxl	288933460
hdrgrid	jxl1t	1493_nature_sunset-over-sea_lower-davie-vancouver-canada_s25u_iso64-f3p4_20250809-203408_4000x3000.scale160x120.hdr.jxl	7443647
hdrgrid	jxl1t	1493_nature_sunset-over-sea_lower-davie-vancouver-canada_s25u_iso64-f3p4_20250809-203408_4000x3000.scale200x150.hdr.jxl	9260497
hdrgrid	jxl1t	1493_nature_sunset-over-sea_lower-davie-vancouver-canada_s25u_iso64-f3p4_20250809-203408_4000x3000.scale2048x1536.hdr.jxl	470532086
hdrgrid	jxl1t	1493_nature_sunset-over-sea_lower-davie-vancouver-canada_s25u_iso64-f3p4_20250809-203408_4000x3000.scale2560x1920.hdr.jxl	815810195
hdrgrid	jxl1t	1493_nature_sunset-over-sea_lower-davie-vancouver-canada_s25u_iso64-f3p4_20250809-203408_4000x3000.scale256x192.hdr.jxl	13269802
hdrgrid	jxl1t	1493_nature_sunset-over-sea_lower-davie-vancouver-canada_s25u_iso64-f3p4_20250809-203408_4000x3000.scale3072x2304.hdr.jxl	1201066062
hdrgrid	jxl1t	1493_nature_sunset-over-sea_lower-davie-vancouver-canada_s25u_iso64-f3p4_20250809-203408_4000x3000.scale320x240.hdr.jxl	18909487
hdrgrid	jxl1t	1493_nature_sunset-over-sea_lower-davie-vancouver-canada_s25u_iso64-f3p4_20250809-203408_4000x3000.scale400x300.hdr.jxl	38832940
hdrgrid	jxl1t	1493_nature_sunset-over-sea_lower-davie-vancouver-canada_s25u_iso64-f3p4_20250809-203408_4000x3000.scale512x384.hdr.jxl	37155831
hdrgrid	jxl1t	1493_nature_sunset-over-sea_lower-davie-vancouver-canada_s25u_iso64-f3p4_20250809-203408_4000x3000.scale640x480.hdr.jxl	57495396
hdrgrid	jxl1t	1493_nature_sunset-over-sea_lower-davie-vancouver-canada_s25u_iso64-f3p4_20250809-203408_4000x3000.scale800x600.hdr.jxl	77935853
hdrgrid	jxl1t	1494_nature_sunset-over-forest_colorado_zfold7_iso250-f1p7_20251110-170409_4000x3000.scale1024x768.hdr.jxl	137636853
hdrgrid	jxl1t	1494_nature_sunset-over-forest_colorado_zfold7_iso250-f1p7_20251110-170409_4000x3000.scale1280x960.hdr.jxl	192580903
hdrgrid	jxl1t	1494_nature_sunset-over-forest_colorado_zfold7_iso250-f1p7_20251110-170409_4000x3000.scale128x96.hdr.jxl	5545004
hdrgrid	jxl1t	1494_nature_sunset-over-forest_colorado_zfold7_iso250-f1p7_20251110-170409_4000x3000.scale1600x1200.hdr.jxl	294510735
hdrgrid	jxl1t	1494_nature_sunset-over-forest_colorado_zfold7_iso250-f1p7_20251110-170409_4000x3000.scale160x120.hdr.jxl	7573367
hdrgrid	jxl1t	1494_nature_sunset-over-forest_colorado_zfold7_iso250-f1p7_20251110-170409_4000x3000.scale200x150.hdr.jxl	9000686
hdrgrid	jxl1t	1494_nature_sunset-over-forest_colorado_zfold7_iso250-f1p7_20251110-170409_4000x3000.scale2048x1536.hdr.jxl	475985479
hdrgrid	jxl1t	1494_nature_sunset-over-forest_colorado_zfold7_iso250-f1p7_20251110-170409_4000x3000.scale2560x1920.hdr.jxl	839141860
hdrgrid	jxl1t	1494_nature_sunset-over-forest_colorado_zfold7_iso250-f1p7_20251110-170409_4000x3000.scale256x192.hdr.jxl	13961966
hdrgrid	jxl1t	1494_nature_sunset-over-forest_colorado_zfold7_iso250-f1p7_20251110-170409_4000x3000.scale3072x2304.hdr.jxl	1213154647
hdrgrid	jxl1t	1494_nature_sunset-over-forest_colorado_zfold7_iso250-f1p7_20251110-170409_4000x3000.scale320x240.hdr.jxl	18507015
hdrgrid	jxl1t	1494_nature_sunset-over-forest_colorado_zfold7_iso250-f1p7_20251110-170409_4000x3000.scale400x300.hdr.jxl	27616751
hdrgrid	jxl1t	1494_nature_sunset-over-forest_colorado_zfold7_iso250-f1p7_20251110-170409_4000x3000.scale512x384.hdr.jxl	40171129
hdrgrid	jxl1t	1494_nature_sunset-over-forest_colorado_zfold7_iso250-f1p7_20251110-170409_4000x3000.scale640x480.hdr.jxl	57509607
hdrgrid	jxl1t	1494_nature_sunset-over-forest_colorado_zfold7_iso250-f1p7_20251110-170409_4000x3000.scale800x600.hdr.jxl	75516828
hdrgrid	jxl1t	1495_nature_lighthouse-on-island_york-maine_ip13pro_iso50-f1p5_fullsizerender-1_3855x2891.scale1024x768.hdr.jxl	127411559
hdrgrid	jxl1t	1495_nature_lighthouse-on-island_york-maine_ip13pro_iso50-f1p5_fullsizerender-1_3855x2891.scale1280x960.hdr.jxl	195434841
hdrgrid	jxl1t	1495_nature_lighthouse-on-island_york-maine_ip13pro_iso50-f1p5_fullsizerender-1_3855x2891.scale128x96.hdr.jxl	5607315
hdrgrid	jxl1t	1495_nature_lighthouse-on-island_york-maine_ip13pro_iso50-f1p5_fullsizerender-1_3855x2891.scale1600x1200.hdr.jxl	295674313
hdrgrid	jxl1t	1495_nature_lighthouse-on-island_york-maine_ip13pro_iso50-f1p5_fullsizerender-1_3855x2891.scale160x120.hdr.jxl	6674572
hdrgrid	jxl1t	1495_nature_lighthouse-on-island_york-maine_ip13pro_iso50-f1p5_fullsizerender-1_3855x2891.scale200x150.hdr.jxl	8405732
hdrgrid	jxl1t	1495_nature_lighthouse-on-island_york-maine_ip13pro_iso50-f1p5_fullsizerender-1_3855x2891.scale2048x1536.hdr.jxl	480240917
hdrgrid	jxl1t	1495_nature_lighthouse-on-island_york-maine_ip13pro_iso50-f1p5_fullsizerender-1_3855x2891.scale2560x1920.hdr.jxl	830418896
hdrgrid	jxl1t	1495_nature_lighthouse-on-island_york-maine_ip13pro_iso50-f1p5_fullsizerender-1_3855x2891.scale256x192.hdr.jxl	12486177
hdrgrid	jxl1t	1495_nature_lighthouse-on-island_york-maine_ip13pro_iso50-f1p5_fullsizerender-1_3855x2891.scale3072x2304.hdr.jxl	1207802484
hdrgrid	jxl1t	1495_nature_lighthouse-on-island_york-maine_ip13pro_iso50-f1p5_fullsizerender-1_3855x2891.scale320x240.hdr.jxl	18511154
hdrgrid	jxl1t	1495_nature_lighthouse-on-island_york-maine_ip13pro_iso50-f1p5_fullsizerender-1_3855x2891.scale400x300.hdr.jxl	25834310
hdrgrid	jxl1t	1495_nature_lighthouse-on-island_york-maine_ip13pro_iso50-f1p5_fullsizerender-1_3855x2891.scale512x384.hdr.jxl	34589174
hdrgrid	jxl1t	1495_nature_lighthouse-on-island_york-maine_ip13pro_iso50-f1p5_fullsizerender-1_3855x2891.scale640x480.hdr.jxl	55623284
hdrgrid	jxl1t	1495_nature_lighthouse-on-island_york-maine_ip13pro_iso50-f1p5_fullsizerender-1_3855x2891.scale800x600.hdr.jxl	78206394
hdrgrid	jxl1t	1496_nature_lake-with-boats_winthrop-maine_ip13pro_iso50-f1p5_fullsizerender-2_3411x2765.scale1024x830.hdr.jxl	133889680
hdrgrid	jxl1t	1496_nature_lake-with-boats_winthrop-maine_ip13pro_iso50-f1p5_fullsizerender-2_3411x2765.scale1280x1038.hdr.jxl	206224938
hdrgrid	jxl1t	1496_nature_lake-with-boats_winthrop-maine_ip13pro_iso50-f1p5_fullsizerender-2_3411x2765.scale128x104.hdr.jxl	6535841
hdrgrid	jxl1t	1496_nature_lake-with-boats_winthrop-maine_ip13pro_iso50-f1p5_fullsizerender-2_3411x2765.scale1600x1297.hdr.jxl	313789064
hdrgrid	jxl1t	1496_nature_lake-with-boats_winthrop-maine_ip13pro_iso50-f1p5_fullsizerender-2_3411x2765.scale160x130.hdr.jxl	7956360
hdrgrid	jxl1t	1496_nature_lake-with-boats_winthrop-maine_ip13pro_iso50-f1p5_fullsizerender-2_3411x2765.scale200x162.hdr.jxl	9721630
hdrgrid	jxl1t	1496_nature_lake-with-boats_winthrop-maine_ip13pro_iso50-f1p5_fullsizerender-2_3411x2765.scale2048x1660.hdr.jxl	544326843
hdrgrid	jxl1t	1496_nature_lake-with-boats_winthrop-maine_ip13pro_iso50-f1p5_fullsizerender-2_3411x2765.scale2560x2075.hdr.jxl	932979401
hdrgrid	jxl1t	1496_nature_lake-with-boats_winthrop-maine_ip13pro_iso50-f1p5_fullsizerender-2_3411x2765.scale256x208.hdr.jxl	13689655
hdrgrid	jxl1t	1496_nature_lake-with-boats_winthrop-maine_ip13pro_iso50-f1p5_fullsizerender-2_3411x2765.scale3072x2490.hdr.jxl	1344901944
hdrgrid	jxl1t	1496_nature_lake-with-boats_winthrop-maine_ip13pro_iso50-f1p5_fullsizerender-2_3411x2765.scale320x259.hdr.jxl	19465281
hdrgrid	jxl1t	1496_nature_lake-with-boats_winthrop-maine_ip13pro_iso50-f1p5_fullsizerender-2_3411x2765.scale400x324.hdr.jxl	29588913
hdrgrid	jxl1t	1496_nature_lake-with-boats_winthrop-maine_ip13pro_iso50-f1p5_fullsizerender-2_3411x2765.scale512x415.hdr.jxl	40181699
hdrgrid	jxl1t	1496_nature_lake-with-boats_winthrop-maine_ip13pro_iso50-f1p5_fullsizerender-2_3411x2765.scale640x519.hdr.jxl	52852847
hdrgrid	jxl1t	1496_nature_lake-with-boats_winthrop-maine_ip13pro_iso50-f1p5_fullsizerender-2_3411x2765.scale800x648.hdr.jxl	88343578
hdrgrid	jxl1t	1497_nature_pink-flower-on-vine_belltown-seattle-washington_ip16pro_iso80-f1p8_fullsizerender-3_3745x5333.scale1124x1600.hdr.jxl	262320466
hdrgrid	jxl1t	1497_nature_pink-flower-on-vine_belltown-seattle-washington_ip16pro_iso80-f1p8_fullsizerender-3_3745x5333.scale112x160.hdr.jxl	6909913
hdrgrid	jxl1t	1497_nature_pink-flower-on-vine_belltown-seattle-washington_ip16pro_iso80-f1p8_fullsizerender-3_3745x5333.scale140x200.hdr.jxl	8602593
hdrgrid	jxl1t	1497_nature_pink-flower-on-vine_belltown-seattle-washington_ip16pro_iso80-f1p8_fullsizerender-3_3745x5333.scale1438x2048.hdr.jxl	436271764
hdrgrid	jxl1t	1497_nature_pink-flower-on-vine_belltown-seattle-washington_ip16pro_iso80-f1p8_fullsizerender-3_3745x5333.scale1798x2560.hdr.jxl	803490739
hdrgrid	jxl1t	1497_nature_pink-flower-on-vine_belltown-seattle-washington_ip16pro_iso80-f1p8_fullsizerender-3_3745x5333.scale180x256.hdr.jxl	22022366
hdrgrid	jxl1t	1497_nature_pink-flower-on-vine_belltown-seattle-washington_ip16pro_iso80-f1p8_fullsizerender-3_3745x5333.scale2157x3072.hdr.jxl	1130729527
hdrgrid	jxl1t	1497_nature_pink-flower-on-vine_belltown-seattle-washington_ip16pro_iso80-f1p8_fullsizerender-3_3745x5333.scale225x320.hdr.jxl	17496478
hdrgrid	jxl1t	1497_nature_pink-flower-on-vine_belltown-seattle-washington_ip16pro_iso80-f1p8_fullsizerender-3_3745x5333.scale281x400.hdr.jxl	25350177
hdrgrid	jxl1t	1497_nature_pink-flower-on-vine_belltown-seattle-washington_ip16pro_iso80-f1p8_fullsizerender-3_3745x5333.scale360x512.hdr.jxl	35297989
hdrgrid	jxl1t	1497_nature_pink-flower-on-vine_belltown-seattle-washington_ip16pro_iso80-f1p8_fullsizerender-3_3745x5333.scale449x640.hdr.jxl	55274433
hdrgrid	jxl1t	1497_nature_pink-flower-on-vine_belltown-seattle-washington_ip16pro_iso80-f1p8_fullsizerender-3_3745x5333.scale562x800.hdr.jxl	71636894
hdrgrid	jxl1t	1497_nature_pink-flower-on-vine_belltown-seattle-washington_ip16pro_iso80-f1p8_fullsizerender-3_3745x5333.scale719x1024.hdr.jxl	120711778
hdrgrid	jxl1t	1497_nature_pink-flower-on-vine_belltown-seattle-washington_ip16pro_iso80-f1p8_fullsizerender-3_3745x5333.scale899x1280.hdr.jxl	179085719
hdrgrid	jxl1t	1497_nature_pink-flower-on-vine_belltown-seattle-washington_ip16pro_iso80-f1p8_fullsizerender-3_3745x5333.scale90x128.hdr.jxl	5989357
hdrgrid	jxl1t	1498_nature_yellow-flowers-garden-bed_colorado_ip13pro_iso50-f1p5_fullsizerender_2773x3709.scale1196x1600.hdr.jxl	292990236
hdrgrid	jxl1t	1498_nature_yellow-flowers-garden-bed_colorado_ip13pro_iso50-f1p5_fullsizerender_2773x3709.scale120x160.hdr.jxl	7209784
hdrgrid	jxl1t	1498_nature_yellow-flowers-garden-bed_colorado_ip13pro_iso50-f1p5_fullsizerender_2773x3709.scale150x200.hdr.jxl	9217887
hdrgrid	jxl1t	1498_nature_yellow-flowers-garden-bed_colorado_ip13pro_iso50-f1p5_fullsizerender_2773x3709.scale1531x2048.hdr.jxl	477894781
hdrgrid	jxl1t	1498_nature_yellow-flowers-garden-bed_colorado_ip13pro_iso50-f1p5_fullsizerender_2773x3709.scale1914x2560.hdr.jxl	801246815
hdrgrid	jxl1t	1498_nature_yellow-flowers-garden-bed_colorado_ip13pro_iso50-f1p5_fullsizerender_2773x3709.scale191x256.hdr.jxl	12836369
hdrgrid	jxl1t	1498_nature_yellow-flowers-garden-bed_colorado_ip13pro_iso50-f1p5_fullsizerender_2773x3709.scale2297x3072.hdr.jxl	1146884176
hdrgrid	jxl1t	1498_nature_yellow-flowers-garden-bed_colorado_ip13pro_iso50-f1p5_fullsizerender_2773x3709.scale239x320.hdr.jxl	18832077
hdrgrid	jxl1t	1498_nature_yellow-flowers-garden-bed_colorado_ip13pro_iso50-f1p5_fullsizerender_2773x3709.scale299x400.hdr.jxl	26927717
hdrgrid	jxl1t	1498_nature_yellow-flowers-garden-bed_colorado_ip13pro_iso50-f1p5_fullsizerender_2773x3709.scale383x512.hdr.jxl	37515503
hdrgrid	jxl1t	1498_nature_yellow-flowers-garden-bed_colorado_ip13pro_iso50-f1p5_fullsizerender_2773x3709.scale478x640.hdr.jxl	58564843
hdrgrid	jxl1t	1498_nature_yellow-flowers-garden-bed_colorado_ip13pro_iso50-f1p5_fullsizerender_2773x3709.scale598x800.hdr.jxl	73355535
hdrgrid	jxl1t	1498_nature_yellow-flowers-garden-bed_colorado_ip13pro_iso50-f1p5_fullsizerender_2773x3709.scale766x1024.hdr.jxl	126075071
hdrgrid	jxl1t	1498_nature_yellow-flowers-garden-bed_colorado_ip13pro_iso50-f1p5_fullsizerender_2773x3709.scale957x1280.hdr.jxl	188386818
hdrgrid	jxl1t	1498_nature_yellow-flowers-garden-bed_colorado_ip13pro_iso50-f1p5_fullsizerender_2773x3709.scale96x128.hdr.jxl	5905127
hdrgrid	jxl1t	1502_nature_ice-cave-opening_hornafjordur-iceland_ip13pro_iso32-f1p8_img-0341_3024x4032.scale1200x1600.hdr.jxl	305148181
hdrgrid	jxl1t	1502_nature_ice-cave-opening_hornafjordur-iceland_ip13pro_iso32-f1p8_img-0341_3024x4032.scale120x160.hdr.jxl	7412596
hdrgrid	jxl1t	1502_nature_ice-cave-opening_hornafjordur-iceland_ip13pro_iso32-f1p8_img-0341_3024x4032.scale150x200.hdr.jxl	9344388
hdrgrid	jxl1t	1502_nature_ice-cave-opening_hornafjordur-iceland_ip13pro_iso32-f1p8_img-0341_3024x4032.scale1536x2048.hdr.jxl	474217579
hdrgrid	jxl1t	1502_nature_ice-cave-opening_hornafjordur-iceland_ip13pro_iso32-f1p8_img-0341_3024x4032.scale1920x2560.hdr.jxl	867095033
hdrgrid	jxl1t	1502_nature_ice-cave-opening_hornafjordur-iceland_ip13pro_iso32-f1p8_img-0341_3024x4032.scale192x256.hdr.jxl	13432664
hdrgrid	jxl1t	1502_nature_ice-cave-opening_hornafjordur-iceland_ip13pro_iso32-f1p8_img-0341_3024x4032.scale2304x3072.hdr.jxl	1246085441
hdrgrid	jxl1t	1502_nature_ice-cave-opening_hornafjordur-iceland_ip13pro_iso32-f1p8_img-0341_3024x4032.scale240x320.hdr.jxl	19038378
hdrgrid	jxl1t	1502_nature_ice-cave-opening_hornafjordur-iceland_ip13pro_iso32-f1p8_img-0341_3024x4032.scale300x400.hdr.jxl	28998390
hdrgrid	jxl1t	1502_nature_ice-cave-opening_hornafjordur-iceland_ip13pro_iso32-f1p8_img-0341_3024x4032.scale384x512.hdr.jxl	38582020
hdrgrid	jxl1t	1502_nature_ice-cave-opening_hornafjordur-iceland_ip13pro_iso32-f1p8_img-0341_3024x4032.scale480x640.hdr.jxl	60245694
hdrgrid	jxl1t	1502_nature_ice-cave-opening_hornafjordur-iceland_ip13pro_iso32-f1p8_img-0341_3024x4032.scale600x800.hdr.jxl	73872947
hdrgrid	jxl1t	1502_nature_ice-cave-opening_hornafjordur-iceland_ip13pro_iso32-f1p8_img-0341_3024x4032.scale768x1024.hdr.jxl	130026286
hdrgrid	jxl1t	1502_nature_ice-cave-opening_hornafjordur-iceland_ip13pro_iso32-f1p8_img-0341_3024x4032.scale960x1280.hdr.jxl	192252511
hdrgrid	jxl1t	1502_nature_ice-cave-opening_hornafjordur-iceland_ip13pro_iso32-f1p8_img-0341_3024x4032.scale96x128.hdr.jxl	5447944
hdrgrid	jxl1t	1503_nature_passionflower-on-vine_centrum-amsterdam-netherlands_ip16pro_iso50-f1p8_img-0354_3024x4032.scale1200x1600.hdr.jxl	286567416
hdrgrid	jxl1t	1503_nature_passionflower-on-vine_centrum-amsterdam-netherlands_ip16pro_iso50-f1p8_img-0354_3024x4032.scale120x160.hdr.jxl	7177954
hdrgrid	jxl1t	1503_nature_passionflower-on-vine_centrum-amsterdam-netherlands_ip16pro_iso50-f1p8_img-0354_3024x4032.scale150x200.hdr.jxl	9525779
hdrgrid	jxl1t	1503_nature_passionflower-on-vine_centrum-amsterdam-netherlands_ip16pro_iso50-f1p8_img-0354_3024x4032.scale1536x2048.hdr.jxl	465372033
hdrgrid	jxl1t	1503_nature_passionflower-on-vine_centrum-amsterdam-netherlands_ip16pro_iso50-f1p8_img-0354_3024x4032.scale1920x2560.hdr.jxl	883471375
hdrgrid	jxl1t	1503_nature_passionflower-on-vine_centrum-amsterdam-netherlands_ip16pro_iso50-f1p8_img-0354_3024x4032.scale192x256.hdr.jxl	13098151
hdrgrid	jxl1t	1503_nature_passionflower-on-vine_centrum-amsterdam-netherlands_ip16pro_iso50-f1p8_img-0354_3024x4032.scale2304x3072.hdr.jxl	1271127137
hdrgrid	jxl1t	1503_nature_passionflower-on-vine_centrum-amsterdam-netherlands_ip16pro_iso50-f1p8_img-0354_3024x4032.scale240x320.hdr.jxl	18393864
hdrgrid	jxl1t	1503_nature_passionflower-on-vine_centrum-amsterdam-netherlands_ip16pro_iso50-f1p8_img-0354_3024x4032.scale300x400.hdr.jxl	27217309
hdrgrid	jxl1t	1503_nature_passionflower-on-vine_centrum-amsterdam-netherlands_ip16pro_iso50-f1p8_img-0354_3024x4032.scale384x512.hdr.jxl	38710779
hdrgrid	jxl1t	1503_nature_passionflower-on-vine_centrum-amsterdam-netherlands_ip16pro_iso50-f1p8_img-0354_3024x4032.scale480x640.hdr.jxl	59404588
hdrgrid	jxl1t	1503_nature_passionflower-on-vine_centrum-amsterdam-netherlands_ip16pro_iso50-f1p8_img-0354_3024x4032.scale600x800.hdr.jxl	74732503
hdrgrid	jxl1t	1503_nature_passionflower-on-vine_centrum-amsterdam-netherlands_ip16pro_iso50-f1p8_img-0354_3024x4032.scale768x1024.hdr.jxl	130982032
hdrgrid	jxl1t	1503_nature_passionflower-on-vine_centrum-amsterdam-netherlands_ip16pro_iso50-f1p8_img-0354_3024x4032.scale960x1280.hdr.jxl	192978246
hdrgrid	jxl1t	1503_nature_passionflower-on-vine_centrum-amsterdam-netherlands_ip16pro_iso50-f1p8_img-0354_3024x4032.scale96x128.hdr.jxl	6786892
hdrgrid	jxl1t	1504_nature_cloudy-sky-over-field_colorado_ip13pro_iso50-f1p5_img-0374_4032x3024.scale1024x768.hdr.jxl	128892789
hdrgrid	jxl1t	1504_nature_cloudy-sky-over-field_colorado_ip13pro_iso50-f1p5_img-0374_4032x3024.scale1280x960.hdr.jxl	201431318
hdrgrid	jxl1t	1504_nature_cloudy-sky-over-field_colorado_ip13pro_iso50-f1p5_img-0374_4032x3024.scale128x96.hdr.jxl	6031077
hdrgrid	jxl1t	1504_nature_cloudy-sky-over-field_colorado_ip13pro_iso50-f1p5_img-0374_4032x3024.scale1600x1200.hdr.jxl	303067188
hdrgrid	jxl1t	1504_nature_cloudy-sky-over-field_colorado_ip13pro_iso50-f1p5_img-0374_4032x3024.scale160x120.hdr.jxl	6755712
hdrgrid	jxl1t	1504_nature_cloudy-sky-over-field_colorado_ip13pro_iso50-f1p5_img-0374_4032x3024.scale200x150.hdr.jxl	8853395
hdrgrid	jxl1t	1504_nature_cloudy-sky-over-field_colorado_ip13pro_iso50-f1p5_img-0374_4032x3024.scale2048x1536.hdr.jxl	488824499
hdrgrid	jxl1t	1504_nature_cloudy-sky-over-field_colorado_ip13pro_iso50-f1p5_img-0374_4032x3024.scale2560x1920.hdr.jxl	849472723
hdrgrid	jxl1t	1504_nature_cloudy-sky-over-field_colorado_ip13pro_iso50-f1p5_img-0374_4032x3024.scale256x192.hdr.jxl	13982067
hdrgrid	jxl1t	1504_nature_cloudy-sky-over-field_colorado_ip13pro_iso50-f1p5_img-0374_4032x3024.scale3072x2304.hdr.jxl	1229216277
hdrgrid	jxl1t	1504_nature_cloudy-sky-over-field_colorado_ip13pro_iso50-f1p5_img-0374_4032x3024.scale320x240.hdr.jxl	18172422
hdrgrid	jxl1t	1504_nature_cloudy-sky-over-field_colorado_ip13pro_iso50-f1p5_img-0374_4032x3024.scale400x300.hdr.jxl	28086234
hdrgrid	jxl1t	1504_nature_cloudy-sky-over-field_colorado_ip13pro_iso50-f1p5_img-0374_4032x3024.scale512x384.hdr.jxl	37181120
hdrgrid	jxl1t	1504_nature_cloudy-sky-over-field_colorado_ip13pro_iso50-f1p5_img-0374_4032x3024.scale640x480.hdr.jxl	57240174
hdrgrid	jxl1t	1504_nature_cloudy-sky-over-field_colorado_ip13pro_iso50-f1p5_img-0374_4032x3024.scale800x600.hdr.jxl	77077768
hdrgrid	jxl1t	1507_nature_ice-cave-waterfall_hornafjordur-iceland_ip13pro_iso200-f1p5_img-0468_3024x4032.scale1200x1600.hdr.jxl	286634877
hdrgrid	jxl1t	1507_nature_ice-cave-waterfall_hornafjordur-iceland_ip13pro_iso200-f1p5_img-0468_3024x4032.scale120x160.hdr.jxl	7644438
hdrgrid	jxl1t	1507_nature_ice-cave-waterfall_hornafjordur-iceland_ip13pro_iso200-f1p5_img-0468_3024x4032.scale150x200.hdr.jxl	9758870
hdrgrid	jxl1t	1507_nature_ice-cave-waterfall_hornafjordur-iceland_ip13pro_iso200-f1p5_img-0468_3024x4032.scale1536x2048.hdr.jxl	454057223
hdrgrid	jxl1t	1507_nature_ice-cave-waterfall_hornafjordur-iceland_ip13pro_iso200-f1p5_img-0468_3024x4032.scale1920x2560.hdr.jxl	850858063
hdrgrid	jxl1t	1507_nature_ice-cave-waterfall_hornafjordur-iceland_ip13pro_iso200-f1p5_img-0468_3024x4032.scale192x256.hdr.jxl	12960420
hdrgrid	jxl1t	1507_nature_ice-cave-waterfall_hornafjordur-iceland_ip13pro_iso200-f1p5_img-0468_3024x4032.scale2304x3072.hdr.jxl	1220984686
hdrgrid	jxl1t	1507_nature_ice-cave-waterfall_hornafjordur-iceland_ip13pro_iso200-f1p5_img-0468_3024x4032.scale240x320.hdr.jxl	18330034
hdrgrid	jxl1t	1507_nature_ice-cave-waterfall_hornafjordur-iceland_ip13pro_iso200-f1p5_img-0468_3024x4032.scale300x400.hdr.jxl	27835342
hdrgrid	jxl1t	1507_nature_ice-cave-waterfall_hornafjordur-iceland_ip13pro_iso200-f1p5_img-0468_3024x4032.scale384x512.hdr.jxl	37610303
hdrgrid	jxl1t	1507_nature_ice-cave-waterfall_hornafjordur-iceland_ip13pro_iso200-f1p5_img-0468_3024x4032.scale480x640.hdr.jxl	58120790
hdrgrid	jxl1t	1507_nature_ice-cave-waterfall_hornafjordur-iceland_ip13pro_iso200-f1p5_img-0468_3024x4032.scale600x800.hdr.jxl	75539188
hdrgrid	jxl1t	1507_nature_ice-cave-waterfall_hornafjordur-iceland_ip13pro_iso200-f1p5_img-0468_3024x4032.scale768x1024.hdr.jxl	127513310
hdrgrid	jxl1t	1507_nature_ice-cave-waterfall_hornafjordur-iceland_ip13pro_iso200-f1p5_img-0468_3024x4032.scale960x1280.hdr.jxl	190947934
hdrgrid	jxl1t	1507_nature_ice-cave-waterfall_hornafjordur-iceland_ip13pro_iso200-f1p5_img-0468_3024x4032.scale96x128.hdr.jxl	5392664
hdrgrid	jxl1t	1508_nature_ice-cave-interior_hornafjordur-iceland_ip13pro_iso1000-f1p8_img-0474_4032x3024.scale1024x768.hdr.jxl	130688460
hdrgrid	jxl1t	1508_nature_ice-cave-interior_hornafjordur-iceland_ip13pro_iso1000-f1p8_img-0474_4032x3024.scale1280x960.hdr.jxl	196117515
hdrgrid	jxl1t	1508_nature_ice-cave-interior_hornafjordur-iceland_ip13pro_iso1000-f1p8_img-0474_4032x3024.scale128x96.hdr.jxl	6383939
hdrgrid	jxl1t	1508_nature_ice-cave-interior_hornafjordur-iceland_ip13pro_iso1000-f1p8_img-0474_4032x3024.scale1600x1200.hdr.jxl	290847193
hdrgrid	jxl1t	1508_nature_ice-cave-interior_hornafjordur-iceland_ip13pro_iso1000-f1p8_img-0474_4032x3024.scale160x120.hdr.jxl	7457156
hdrgrid	jxl1t	1508_nature_ice-cave-interior_hornafjordur-iceland_ip13pro_iso1000-f1p8_img-0474_4032x3024.scale200x150.hdr.jxl	8989256
hdrgrid	jxl1t	1508_nature_ice-cave-interior_hornafjordur-iceland_ip13pro_iso1000-f1p8_img-0474_4032x3024.scale2048x1536.hdr.jxl	466590121
hdrgrid	jxl1t	1508_nature_ice-cave-interior_hornafjordur-iceland_ip13pro_iso1000-f1p8_img-0474_4032x3024.scale2560x1920.hdr.jxl	835378917
hdrgrid	jxl1t	1508_nature_ice-cave-interior_hornafjordur-iceland_ip13pro_iso1000-f1p8_img-0474_4032x3024.scale256x192.hdr.jxl	12819270
hdrgrid	jxl1t	1508_nature_ice-cave-interior_hornafjordur-iceland_ip13pro_iso1000-f1p8_img-0474_4032x3024.scale3072x2304.hdr.jxl	1194921215
hdrgrid	jxl1t	1508_nature_ice-cave-interior_hornafjordur-iceland_ip13pro_iso1000-f1p8_img-0474_4032x3024.scale320x240.hdr.jxl	18768806
hdrgrid	jxl1t	1508_nature_ice-cave-interior_hornafjordur-iceland_ip13pro_iso1000-f1p8_img-0474_4032x3024.scale400x300.hdr.jxl	28505257
hdrgrid	jxl1t	1508_nature_ice-cave-interior_hornafjordur-iceland_ip13pro_iso1000-f1p8_img-0474_4032x3024.scale512x384.hdr.jxl	38621629
hdrgrid	jxl1t	1508_nature_ice-cave-interior_hornafjordur-iceland_ip13pro_iso1000-f1p8_img-0474_4032x3024.scale640x480.hdr.jxl	61375200
hdrgrid	jxl1t	1508_nature_ice-cave-interior_hornafjordur-iceland_ip13pro_iso1000-f1p8_img-0474_4032x3024.scale800x600.hdr.jxl	75996871
hdrgrid	jxl1t	1509_nature_ice-cave-opening_hornafjordur-iceland_ip13pro_iso1000-f1p8_img-0480_3024x4032.scale1200x1600.hdr.jxl	281815866
hdrgrid	jxl1t	1509_nature_ice-cave-opening_hornafjordur-iceland_ip13pro_iso1000-f1p8_img-0480_3024x4032.scale120x160.hdr.jxl	6650332
hdrgrid	jxl1t	1509_nature_ice-cave-opening_hornafjordur-iceland_ip13pro_iso1000-f1p8_img-0480_3024x4032.scale150x200.hdr.jxl	9900902
hdrgrid	jxl1t	1509_nature_ice-cave-opening_hornafjordur-iceland_ip13pro_iso1000-f1p8_img-0480_3024x4032.scale1536x2048.hdr.jxl	453999543
hdrgrid	jxl1t	1509_nature_ice-cave-opening_hornafjordur-iceland_ip13pro_iso1000-f1p8_img-0480_3024x4032.scale1920x2560.hdr.jxl	836457073
hdrgrid	jxl1t	1509_nature_ice-cave-opening_hornafjordur-iceland_ip13pro_iso1000-f1p8_img-0480_3024x4032.scale192x256.hdr.jxl	12884620
hdrgrid	jxl1t	1509_nature_ice-cave-opening_hornafjordur-iceland_ip13pro_iso1000-f1p8_img-0480_3024x4032.scale2304x3072.hdr.jxl	1178579553
hdrgrid	jxl1t	1509_nature_ice-cave-opening_hornafjordur-iceland_ip13pro_iso1000-f1p8_img-0480_3024x4032.scale240x320.hdr.jxl	19326810
hdrgrid	jxl1t	1509_nature_ice-cave-opening_hornafjordur-iceland_ip13pro_iso1000-f1p8_img-0480_3024x4032.scale300x400.hdr.jxl	28098744
hdrgrid	jxl1t	1509_nature_ice-cave-opening_hornafjordur-iceland_ip13pro_iso1000-f1p8_img-0480_3024x4032.scale384x512.hdr.jxl	37871505
hdrgrid	jxl1t	1509_nature_ice-cave-opening_hornafjordur-iceland_ip13pro_iso1000-f1p8_img-0480_3024x4032.scale480x640.hdr.jxl	60183673
hdrgrid	jxl1t	1509_nature_ice-cave-opening_hornafjordur-iceland_ip13pro_iso1000-f1p8_img-0480_3024x4032.scale600x800.hdr.jxl	77316699
hdrgrid	jxl1t	1509_nature_ice-cave-opening_hornafjordur-iceland_ip13pro_iso1000-f1p8_img-0480_3024x4032.scale768x1024.hdr.jxl	130823930
hdrgrid	jxl1t	1509_nature_ice-cave-opening_hornafjordur-iceland_ip13pro_iso1000-f1p8_img-0480_3024x4032.scale960x1280.hdr.jxl	194114042
hdrgrid	jxl1t	1509_nature_ice-cave-opening_hornafjordur-iceland_ip13pro_iso1000-f1p8_img-0480_3024x4032.scale96x128.hdr.jxl	6203119
hdrgrid	jxl1t	1515_nature_orange-flower-closeup_colorado_ip17pro_iso320-f1p8_img-1420_3024x4032.scale1200x1600.hdr.jxl	295078069
hdrgrid	jxl1t	1515_nature_orange-flower-closeup_colorado_ip17pro_iso320-f1p8_img-1420_3024x4032.scale120x160.hdr.jxl	6760622
hdrgrid	jxl1t	1515_nature_orange-flower-closeup_colorado_ip17pro_iso320-f1p8_img-1420_3024x4032.scale150x200.hdr.jxl	8947165
hdrgrid	jxl1t	1515_nature_orange-flower-closeup_colorado_ip17pro_iso320-f1p8_img-1420_3024x4032.scale1536x2048.hdr.jxl	465882217
hdrgrid	jxl1t	1515_nature_orange-flower-closeup_colorado_ip17pro_iso320-f1p8_img-1420_3024x4032.scale1920x2560.hdr.jxl	842465970
hdrgrid	jxl1t	1515_nature_orange-flower-closeup_colorado_ip17pro_iso320-f1p8_img-1420_3024x4032.scale192x256.hdr.jxl	13336063
hdrgrid	jxl1t	1515_nature_orange-flower-closeup_colorado_ip17pro_iso320-f1p8_img-1420_3024x4032.scale2304x3072.hdr.jxl	1235457476
hdrgrid	jxl1t	1515_nature_orange-flower-closeup_colorado_ip17pro_iso320-f1p8_img-1420_3024x4032.scale240x320.hdr.jxl	19514041
hdrgrid	jxl1t	1515_nature_orange-flower-closeup_colorado_ip17pro_iso320-f1p8_img-1420_3024x4032.scale300x400.hdr.jxl	27829112
hdrgrid	jxl1t	1515_nature_orange-flower-closeup_colorado_ip17pro_iso320-f1p8_img-1420_3024x4032.scale384x512.hdr.jxl	37523503
hdrgrid	jxl1t	1515_nature_orange-flower-closeup_colorado_ip17pro_iso320-f1p8_img-1420_3024x4032.scale480x640.hdr.jxl	59323928
hdrgrid	jxl1t	1515_nature_orange-flower-closeup_colorado_ip17pro_iso320-f1p8_img-1420_3024x4032.scale600x800.hdr.jxl	71276652
hdrgrid	jxl1t	1515_nature_orange-flower-closeup_colorado_ip17pro_iso320-f1p8_img-1420_3024x4032.scale768x1024.hdr.jxl	123766657
hdrgrid	jxl1t	1515_nature_orange-flower-closeup_colorado_ip17pro_iso320-f1p8_img-1420_3024x4032.scale960x1280.hdr.jxl	192728175
hdrgrid	jxl1t	1515_nature_orange-flower-closeup_colorado_ip17pro_iso320-f1p8_img-1420_3024x4032.scale96x128.hdr.jxl	5852986
hdrgrid	jxl1t	1516_nature_pink-flower-in-bottle_colorado_ip17pro_iso50-f1p8_img-1509_2355x3308.scale1139x1600.hdr.jxl	270128404
hdrgrid	jxl1t	1516_nature_pink-flower-in-bottle_colorado_ip17pro_iso50-f1p8_img-1509_2355x3308.scale114x160.hdr.jxl	6583370
hdrgrid	jxl1t	1516_nature_pink-flower-in-bottle_colorado_ip17pro_iso50-f1p8_img-1509_2355x3308.scale142x200.hdr.jxl	8589763
hdrgrid	jxl1t	1516_nature_pink-flower-in-bottle_colorado_ip17pro_iso50-f1p8_img-1509_2355x3308.scale1458x2048.hdr.jxl	418468183
hdrgrid	jxl1t	1516_nature_pink-flower-in-bottle_colorado_ip17pro_iso50-f1p8_img-1509_2355x3308.scale1822x2560.hdr.jxl	728023431
hdrgrid	jxl1t	1516_nature_pink-flower-in-bottle_colorado_ip17pro_iso50-f1p8_img-1509_2355x3308.scale182x256.hdr.jxl	12479627
hdrgrid	jxl1t	1516_nature_pink-flower-in-bottle_colorado_ip17pro_iso50-f1p8_img-1509_2355x3308.scale2187x3072.hdr.jxl	1030813957
hdrgrid	jxl1t	1516_nature_pink-flower-in-bottle_colorado_ip17pro_iso50-f1p8_img-1509_2355x3308.scale228x320.hdr.jxl	17762120
hdrgrid	jxl1t	1516_nature_pink-flower-in-bottle_colorado_ip17pro_iso50-f1p8_img-1509_2355x3308.scale285x400.hdr.jxl	25171206
hdrgrid	jxl1t	1516_nature_pink-flower-in-bottle_colorado_ip17pro_iso50-f1p8_img-1509_2355x3308.scale364x512.hdr.jxl	35592550
hdrgrid	jxl1t	1516_nature_pink-flower-in-bottle_colorado_ip17pro_iso50-f1p8_img-1509_2355x3308.scale456x640.hdr.jxl	54476328
hdrgrid	jxl1t	1516_nature_pink-flower-in-bottle_colorado_ip17pro_iso50-f1p8_img-1509_2355x3308.scale570x800.hdr.jxl	68178192
hdrgrid	jxl1t	1516_nature_pink-flower-in-bottle_colorado_ip17pro_iso50-f1p8_img-1509_2355x3308.scale729x1024.hdr.jxl	116703513
hdrgrid	jxl1t	1516_nature_pink-flower-in-bottle_colorado_ip17pro_iso50-f1p8_img-1509_2355x3308.scale911x1280.hdr.jxl	173037672
hdrgrid	jxl1t	1516_nature_pink-flower-in-bottle_colorado_ip17pro_iso50-f1p8_img-1509_2355x3308.scale91x128.hdr.jxl	5387203
hdrgrid	jxl1t	1519_nature_orange-rose-vase_colorado_ip17pro_iso200-f1p8_img-2700_3961x4825.scale1051x1280.hdr.jxl	202283584
hdrgrid	jxl1t	1519_nature_orange-rose-vase_colorado_ip17pro_iso200-f1p8_img-2700_3961x4825.scale105x128.hdr.jxl	6768412
hdrgrid	jxl1t	1519_nature_orange-rose-vase_colorado_ip17pro_iso200-f1p8_img-2700_3961x4825.scale1313x1600.hdr.jxl	301271657
hdrgrid	jxl1t	1519_nature_orange-rose-vase_colorado_ip17pro_iso200-f1p8_img-2700_3961x4825.scale131x160.hdr.jxl	7664878
hdrgrid	jxl1t	1519_nature_orange-rose-vase_colorado_ip17pro_iso200-f1p8_img-2700_3961x4825.scale164x200.hdr.jxl	10041262
hdrgrid	jxl1t	1519_nature_orange-rose-vase_colorado_ip17pro_iso200-f1p8_img-2700_3961x4825.scale1681x2048.hdr.jxl	491218904
hdrgrid	jxl1t	1519_nature_orange-rose-vase_colorado_ip17pro_iso200-f1p8_img-2700_3961x4825.scale2102x2560.hdr.jxl	867207274
hdrgrid	jxl1t	1519_nature_orange-rose-vase_colorado_ip17pro_iso200-f1p8_img-2700_3961x4825.scale210x256.hdr.jxl	13790646
hdrgrid	jxl1t	1519_nature_orange-rose-vase_colorado_ip17pro_iso200-f1p8_img-2700_3961x4825.scale2522x3072.hdr.jxl	1238966947
hdrgrid	jxl1t	1519_nature_orange-rose-vase_colorado_ip17pro_iso200-f1p8_img-2700_3961x4825.scale263x320.hdr.jxl	19953194
hdrgrid	jxl1t	1519_nature_orange-rose-vase_colorado_ip17pro_iso200-f1p8_img-2700_3961x4825.scale328x400.hdr.jxl	30056337
hdrgrid	jxl1t	1519_nature_orange-rose-vase_colorado_ip17pro_iso200-f1p8_img-2700_3961x4825.scale420x512.hdr.jxl	42434853
hdrgrid	jxl1t	1519_nature_orange-rose-vase_colorado_ip17pro_iso200-f1p8_img-2700_3961x4825.scale525x640.hdr.jxl	51702160
hdrgrid	jxl1t	1519_nature_orange-rose-vase_colorado_ip17pro_iso200-f1p8_img-2700_3961x4825.scale657x800.hdr.jxl	82665672
hdrgrid	jxl1t	1519_nature_orange-rose-vase_colorado_ip17pro_iso200-f1p8_img-2700_3961x4825.scale841x1024.hdr.jxl	131485015
hdrgrid	jxl1t	1520_nature_tulips-in-garden_notre-dame-versailles-france_ip15pro_iso80-f1p8_img-3545_4284x5712.scale1200x1600.hdr.jxl	290484730
hdrgrid	jxl1t	1520_nature_tulips-in-garden_notre-dame-versailles-france_ip15pro_iso80-f1p8_img-3545_4284x5712.scale120x160.hdr.jxl	6580540
hdrgrid	jxl1t	1520_nature_tulips-in-garden_notre-dame-versailles-france_ip15pro_iso80-f1p8_img-3545_4284x5712.scale150x200.hdr.jxl	8390442
hdrgrid	jxl1t	1520_nature_tulips-in-garden_notre-dame-versailles-france_ip15pro_iso80-f1p8_img-3545_4284x5712.scale1536x2048.hdr.jxl	480426777
hdrgrid	jxl1t	1520_nature_tulips-in-garden_notre-dame-versailles-france_ip15pro_iso80-f1p8_img-3545_4284x5712.scale1920x2560.hdr.jxl	850325309
hdrgrid	jxl1t	1520_nature_tulips-in-garden_notre-dame-versailles-france_ip15pro_iso80-f1p8_img-3545_4284x5712.scale192x256.hdr.jxl	12706569
hdrgrid	jxl1t	1520_nature_tulips-in-garden_notre-dame-versailles-france_ip15pro_iso80-f1p8_img-3545_4284x5712.scale2304x3072.hdr.jxl	1188643215
hdrgrid	jxl1t	1520_nature_tulips-in-garden_notre-dame-versailles-france_ip15pro_iso80-f1p8_img-3545_4284x5712.scale240x320.hdr.jxl	18461344
hdrgrid	jxl1t	1520_nature_tulips-in-garden_notre-dame-versailles-france_ip15pro_iso80-f1p8_img-3545_4284x5712.scale300x400.hdr.jxl	27112948
hdrgrid	jxl1t	1520_nature_tulips-in-garden_notre-dame-versailles-france_ip15pro_iso80-f1p8_img-3545_4284x5712.scale384x512.hdr.jxl	38193347
hdrgrid	jxl1t	1520_nature_tulips-in-garden_notre-dame-versailles-france_ip15pro_iso80-f1p8_img-3545_4284x5712.scale480x640.hdr.jxl	60578156
hdrgrid	jxl1t	1520_nature_tulips-in-garden_notre-dame-versailles-france_ip15pro_iso80-f1p8_img-3545_4284x5712.scale600x800.hdr.jxl	74500712
hdrgrid	jxl1t	1520_nature_tulips-in-garden_notre-dame-versailles-france_ip15pro_iso80-f1p8_img-3545_4284x5712.scale768x1024.hdr.jxl	125503238
hdrgrid	jxl1t	1520_nature_tulips-in-garden_notre-dame-versailles-france_ip15pro_iso80-f1p8_img-3545_4284x5712.scale960x1280.hdr.jxl	190535270
hdrgrid	jxl1t	1520_nature_tulips-in-garden_notre-dame-versailles-france_ip15pro_iso80-f1p8_img-3545_4284x5712.scale96x128.hdr.jxl	6244528
hdrgrid	jxl1t	1521_nature_potted-tulips-garden_notre-dame-versailles-france_ip15pro_iso80-f1p8_img-3547_4284x5712.scale1200x1600.hdr.jxl	298024007
hdrgrid	jxl1t	1521_nature_potted-tulips-garden_notre-dame-versailles-france_ip15pro_iso80-f1p8_img-3547_4284x5712.scale120x160.hdr.jxl	6366099
hdrgrid	jxl1t	1521_nature_potted-tulips-garden_notre-dame-versailles-france_ip15pro_iso80-f1p8_img-3547_4284x5712.scale150x200.hdr.jxl	8917855
hdrgrid	jxl1t	1521_nature_potted-tulips-garden_notre-dame-versailles-france_ip15pro_iso80-f1p8_img-3547_4284x5712.scale1536x2048.hdr.jxl	478931357
hdrgrid	jxl1t	1521_nature_potted-tulips-garden_notre-dame-versailles-france_ip15pro_iso80-f1p8_img-3547_4284x5712.scale1920x2560.hdr.jxl	835249856
hdrgrid	jxl1t	1521_nature_potted-tulips-garden_notre-dame-versailles-france_ip15pro_iso80-f1p8_img-3547_4284x5712.scale192x256.hdr.jxl	12447247
hdrgrid	jxl1t	1521_nature_potted-tulips-garden_notre-dame-versailles-france_ip15pro_iso80-f1p8_img-3547_4284x5712.scale2304x3072.hdr.jxl	1200287157
hdrgrid	jxl1t	1521_nature_potted-tulips-garden_notre-dame-versailles-france_ip15pro_iso80-f1p8_img-3547_4284x5712.scale240x320.hdr.jxl	18156413
hdrgrid	jxl1t	1521_nature_potted-tulips-garden_notre-dame-versailles-france_ip15pro_iso80-f1p8_img-3547_4284x5712.scale300x400.hdr.jxl	26582865
hdrgrid	jxl1t	1521_nature_potted-tulips-garden_notre-dame-versailles-france_ip15pro_iso80-f1p8_img-3547_4284x5712.scale384x512.hdr.jxl	38366538
hdrgrid	jxl1t	1521_nature_potted-tulips-garden_notre-dame-versailles-france_ip15pro_iso80-f1p8_img-3547_4284x5712.scale480x640.hdr.jxl	58776684
hdrgrid	jxl1t	1521_nature_potted-tulips-garden_notre-dame-versailles-france_ip15pro_iso80-f1p8_img-3547_4284x5712.scale600x800.hdr.jxl	75933271
hdrgrid	jxl1t	1521_nature_potted-tulips-garden_notre-dame-versailles-france_ip15pro_iso80-f1p8_img-3547_4284x5712.scale768x1024.hdr.jxl	132833793
hdrgrid	jxl1t	1521_nature_potted-tulips-garden_notre-dame-versailles-france_ip15pro_iso80-f1p8_img-3547_4284x5712.scale960x1280.hdr.jxl	193391108
hdrgrid	jxl1t	1521_nature_potted-tulips-garden_notre-dame-versailles-france_ip15pro_iso80-f1p8_img-3547_4284x5712.scale96x128.hdr.jxl	6210328
hdrgrid	jxl1t	1522_nature_water-lilies-pond_colorado_ip13pro_iso50-f1p5_img-3764_4032x3024.scale1024x768.hdr.jxl	131109332
hdrgrid	jxl1t	1522_nature_water-lilies-pond_colorado_ip13pro_iso50-f1p5_img-3764_4032x3024.scale1280x960.hdr.jxl	199945359
hdrgrid	jxl1t	1522_nature_water-lilies-pond_colorado_ip13pro_iso50-f1p5_img-3764_4032x3024.scale128x96.hdr.jxl	5212892
hdrgrid	jxl1t	1522_nature_water-lilies-pond_colorado_ip13pro_iso50-f1p5_img-3764_4032x3024.scale1600x1200.hdr.jxl	310874546
hdrgrid	jxl1t	1522_nature_water-lilies-pond_colorado_ip13pro_iso50-f1p5_img-3764_4032x3024.scale160x120.hdr.jxl	6459290
hdrgrid	jxl1t	1522_nature_water-lilies-pond_colorado_ip13pro_iso50-f1p5_img-3764_4032x3024.scale200x150.hdr.jxl	8955475
hdrgrid	jxl1t	1522_nature_water-lilies-pond_colorado_ip13pro_iso50-f1p5_img-3764_4032x3024.scale2048x1536.hdr.jxl	492543692
hdrgrid	jxl1t	1522_nature_water-lilies-pond_colorado_ip13pro_iso50-f1p5_img-3764_4032x3024.scale2560x1920.hdr.jxl	897934284
hdrgrid	jxl1t	1522_nature_water-lilies-pond_colorado_ip13pro_iso50-f1p5_img-3764_4032x3024.scale256x192.hdr.jxl	13188332
hdrgrid	jxl1t	1522_nature_water-lilies-pond_colorado_ip13pro_iso50-f1p5_img-3764_4032x3024.scale3072x2304.hdr.jxl	1271813481
hdrgrid	jxl1t	1522_nature_water-lilies-pond_colorado_ip13pro_iso50-f1p5_img-3764_4032x3024.scale320x240.hdr.jxl	18699616
hdrgrid	jxl1t	1522_nature_water-lilies-pond_colorado_ip13pro_iso50-f1p5_img-3764_4032x3024.scale400x300.hdr.jxl	27326219
hdrgrid	jxl1t	1522_nature_water-lilies-pond_colorado_ip13pro_iso50-f1p5_img-3764_4032x3024.scale512x384.hdr.jxl	39238933
hdrgrid	jxl1t	1522_nature_water-lilies-pond_colorado_ip13pro_iso50-f1p5_img-3764_4032x3024.scale640x480.hdr.jxl	60044092
hdrgrid	jxl1t	1522_nature_water-lilies-pond_colorado_ip13pro_iso50-f1p5_img-3764_4032x3024.scale800x600.hdr.jxl	78167575
hdrgrid	jxl1t	1523_nature_yellow-flowers-garden_colorado_ip13pro_iso50-f1p5_img-3767_3024x4032.scale1200x1600.hdr.jxl	292553912
hdrgrid	jxl1t	1523_nature_yellow-flowers-garden_colorado_ip13pro_iso50-f1p5_img-3767_3024x4032.scale120x160.hdr.jxl	7410316
hdrgrid	jxl1t	1523_nature_yellow-flowers-garden_colorado_ip13pro_iso50-f1p5_img-3767_3024x4032.scale150x200.hdr.jxl	9266007
hdrgrid	jxl1t	1523_nature_yellow-flowers-garden_colorado_ip13pro_iso50-f1p5_img-3767_3024x4032.scale1536x2048.hdr.jxl	479308230
hdrgrid	jxl1t	1523_nature_yellow-flowers-garden_colorado_ip13pro_iso50-f1p5_img-3767_3024x4032.scale1920x2560.hdr.jxl	861272427
hdrgrid	jxl1t	1523_nature_yellow-flowers-garden_colorado_ip13pro_iso50-f1p5_img-3767_3024x4032.scale192x256.hdr.jxl	12828749
hdrgrid	jxl1t	1523_nature_yellow-flowers-garden_colorado_ip13pro_iso50-f1p5_img-3767_3024x4032.scale2304x3072.hdr.jxl	1244760993
hdrgrid	jxl1t	1523_nature_yellow-flowers-garden_colorado_ip13pro_iso50-f1p5_img-3767_3024x4032.scale240x320.hdr.jxl	18007111
hdrgrid	jxl1t	1523_nature_yellow-flowers-garden_colorado_ip13pro_iso50-f1p5_img-3767_3024x4032.scale300x400.hdr.jxl	27622091
hdrgrid	jxl1t	1523_nature_yellow-flowers-garden_colorado_ip13pro_iso50-f1p5_img-3767_3024x4032.scale384x512.hdr.jxl	38227297
hdrgrid	jxl1t	1523_nature_yellow-flowers-garden_colorado_ip13pro_iso50-f1p5_img-3767_3024x4032.scale480x640.hdr.jxl	60042422
hdrgrid	jxl1t	1523_nature_yellow-flowers-garden_colorado_ip13pro_iso50-f1p5_img-3767_3024x4032.scale600x800.hdr.jxl	74366591
hdrgrid	jxl1t	1523_nature_yellow-flowers-garden_colorado_ip13pro_iso50-f1p5_img-3767_3024x4032.scale768x1024.hdr.jxl	126398443
hdrgrid	jxl1t	1523_nature_yellow-flowers-garden_colorado_ip13pro_iso50-f1p5_img-3767_3024x4032.scale960x1280.hdr.jxl	192644524
hdrgrid	jxl1t	1523_nature_yellow-flowers-garden_colorado_ip13pro_iso50-f1p5_img-3767_3024x4032.scale96x128.hdr.jxl	6005928
hdrgrid	jxl1t	1524_nature_yellow-flowers-garden_colorado_ip13pro_iso50-f1p5_img-3841_3024x4032.scale1200x1600.hdr.jxl	293546259
hdrgrid	jxl1t	1524_nature_yellow-flowers-garden_colorado_ip13pro_iso50-f1p5_img-3841_3024x4032.scale120x160.hdr.jxl	7575297
hdrgrid	jxl1t	1524_nature_yellow-flowers-garden_colorado_ip13pro_iso50-f1p5_img-3841_3024x4032.scale150x200.hdr.jxl	8364561
hdrgrid	jxl1t	1524_nature_yellow-flowers-garden_colorado_ip13pro_iso50-f1p5_img-3841_3024x4032.scale1536x2048.hdr.jxl	476970485
hdrgrid	jxl1t	1524_nature_yellow-flowers-garden_colorado_ip13pro_iso50-f1p5_img-3841_3024x4032.scale1920x2560.hdr.jxl	857163712
hdrgrid	jxl1t	1524_nature_yellow-flowers-garden_colorado_ip13pro_iso50-f1p5_img-3841_3024x4032.scale192x256.hdr.jxl	13434763
hdrgrid	jxl1t	1524_nature_yellow-flowers-garden_colorado_ip13pro_iso50-f1p5_img-3841_3024x4032.scale2304x3072.hdr.jxl	1265412792
hdrgrid	jxl1t	1524_nature_yellow-flowers-garden_colorado_ip13pro_iso50-f1p5_img-3841_3024x4032.scale240x320.hdr.jxl	19076788
hdrgrid	jxl1t	1524_nature_yellow-flowers-garden_colorado_ip13pro_iso50-f1p5_img-3841_3024x4032.scale300x400.hdr.jxl	27357020
hdrgrid	jxl1t	1524_nature_yellow-flowers-garden_colorado_ip13pro_iso50-f1p5_img-3841_3024x4032.scale384x512.hdr.jxl	37792615
hdrgrid	jxl1t	1524_nature_yellow-flowers-garden_colorado_ip13pro_iso50-f1p5_img-3841_3024x4032.scale480x640.hdr.jxl	58522513
hdrgrid	jxl1t	1524_nature_yellow-flowers-garden_colorado_ip13pro_iso50-f1p5_img-3841_3024x4032.scale600x800.hdr.jxl	74458402
hdrgrid	jxl1t	1524_nature_yellow-flowers-garden_colorado_ip13pro_iso50-f1p5_img-3841_3024x4032.scale768x1024.hdr.jxl	130975401
hdrgrid	jxl1t	1524_nature_yellow-flowers-garden_colorado_ip13pro_iso50-f1p5_img-3841_3024x4032.scale960x1280.hdr.jxl	190523271
hdrgrid	jxl1t	1524_nature_yellow-flowers-garden_colorado_ip13pro_iso50-f1p5_img-3841_3024x4032.scale96x128.hdr.jxl	6251019
hdrgrid	jxl1t	1525_nature_wildflowers-in-garden_colorado_ip13pro_iso50-f1p5_img-3861_3024x4032.scale1200x1600.hdr.jxl	292311932
hdrgrid	jxl1t	1525_nature_wildflowers-in-garden_colorado_ip13pro_iso50-f1p5_img-3861_3024x4032.scale120x160.hdr.jxl	7048433
hdrgrid	jxl1t	1525_nature_wildflowers-in-garden_colorado_ip13pro_iso50-f1p5_img-3861_3024x4032.scale150x200.hdr.jxl	8686453
hdrgrid	jxl1t	1525_nature_wildflowers-in-garden_colorado_ip13pro_iso50-f1p5_img-3861_3024x4032.scale1536x2048.hdr.jxl	469660270
hdrgrid	jxl1t	1525_nature_wildflowers-in-garden_colorado_ip13pro_iso50-f1p5_img-3861_3024x4032.scale1920x2560.hdr.jxl	840452618
hdrgrid	jxl1t	1525_nature_wildflowers-in-garden_colorado_ip13pro_iso50-f1p5_img-3861_3024x4032.scale192x256.hdr.jxl	12972010
hdrgrid	jxl1t	1525_nature_wildflowers-in-garden_colorado_ip13pro_iso50-f1p5_img-3861_3024x4032.scale2304x3072.hdr.jxl	1225675675
hdrgrid	jxl1t	1525_nature_wildflowers-in-garden_colorado_ip13pro_iso50-f1p5_img-3861_3024x4032.scale240x320.hdr.jxl	18818656
hdrgrid	jxl1t	1525_nature_wildflowers-in-garden_colorado_ip13pro_iso50-f1p5_img-3861_3024x4032.scale300x400.hdr.jxl	27899283
hdrgrid	jxl1t	1525_nature_wildflowers-in-garden_colorado_ip13pro_iso50-f1p5_img-3861_3024x4032.scale384x512.hdr.jxl	38337798
hdrgrid	jxl1t	1525_nature_wildflowers-in-garden_colorado_ip13pro_iso50-f1p5_img-3861_3024x4032.scale480x640.hdr.jxl	58937865
hdrgrid	jxl1t	1525_nature_wildflowers-in-garden_colorado_ip13pro_iso50-f1p5_img-3861_3024x4032.scale600x800.hdr.jxl	73776167
hdrgrid	jxl1t	1525_nature_wildflowers-in-garden_colorado_ip13pro_iso50-f1p5_img-3861_3024x4032.scale768x1024.hdr.jxl	125204806
hdrgrid	jxl1t	1525_nature_wildflowers-in-garden_colorado_ip13pro_iso50-f1p5_img-3861_3024x4032.scale960x1280.hdr.jxl	191729468
hdrgrid	jxl1t	1525_nature_wildflowers-in-garden_colorado_ip13pro_iso50-f1p5_img-3861_3024x4032.scale96x128.hdr.jxl	6032167
hdrgrid	jxl1t	1526_nature_pink-flowers-garden_colorado_ip13pro_iso50-f1p5_img-4543_3024x4032.scale1200x1600.hdr.jxl	295774242
hdrgrid	jxl1t	1526_nature_pink-flowers-garden_colorado_ip13pro_iso50-f1p5_img-4543_3024x4032.scale120x160.hdr.jxl	7873069
hdrgrid	jxl1t	1526_nature_pink-flowers-garden_colorado_ip13pro_iso50-f1p5_img-4543_3024x4032.scale150x200.hdr.jxl	9132257
hdrgrid	jxl1t	1526_nature_pink-flowers-garden_colorado_ip13pro_iso50-f1p5_img-4543_3024x4032.scale1536x2048.hdr.jxl	485236687
hdrgrid	jxl1t	1526_nature_pink-flowers-garden_colorado_ip13pro_iso50-f1p5_img-4543_3024x4032.scale1920x2560.hdr.jxl	859011593
hdrgrid	jxl1t	1526_nature_pink-flowers-garden_colorado_ip13pro_iso50-f1p5_img-4543_3024x4032.scale192x256.hdr.jxl	12580738
hdrgrid	jxl1t	1526_nature_pink-flowers-garden_colorado_ip13pro_iso50-f1p5_img-4543_3024x4032.scale2304x3072.hdr.jxl	1241962736
hdrgrid	jxl1t	1526_nature_pink-flowers-garden_colorado_ip13pro_iso50-f1p5_img-4543_3024x4032.scale240x320.hdr.jxl	18322073
hdrgrid	jxl1t	1526_nature_pink-flowers-garden_colorado_ip13pro_iso50-f1p5_img-4543_3024x4032.scale300x400.hdr.jxl	25478728
hdrgrid	jxl1t	1526_nature_pink-flowers-garden_colorado_ip13pro_iso50-f1p5_img-4543_3024x4032.scale384x512.hdr.jxl	38303188
hdrgrid	jxl1t	1526_nature_pink-flowers-garden_colorado_ip13pro_iso50-f1p5_img-4543_3024x4032.scale480x640.hdr.jxl	58556703
hdrgrid	jxl1t	1526_nature_pink-flowers-garden_colorado_ip13pro_iso50-f1p5_img-4543_3024x4032.scale600x800.hdr.jxl	77051168
hdrgrid	jxl1t	1526_nature_pink-flowers-garden_colorado_ip13pro_iso50-f1p5_img-4543_3024x4032.scale768x1024.hdr.jxl	131309974
hdrgrid	jxl1t	1526_nature_pink-flowers-garden_colorado_ip13pro_iso50-f1p5_img-4543_3024x4032.scale960x1280.hdr.jxl	198379689
hdrgrid	jxl1t	1526_nature_pink-flowers-garden_colorado_ip13pro_iso50-f1p5_img-4543_3024x4032.scale96x128.hdr.jxl	6200498
hdrgrid	jxl1t	1527_nature_mountain-wildflowers-landscape_stikine-region-canada_ip16pro_iso100-f1p8_img-4768_4284x5712.scale1200x1600.hdr.jxl	290186928
hdrgrid	jxl1t	1527_nature_mountain-wildflowers-landscape_stikine-region-canada_ip16pro_iso100-f1p8_img-4768_4284x5712.scale120x160.hdr.jxl	7095964
hdrgrid	jxl1t	1527_nature_mountain-wildflowers-landscape_stikine-region-canada_ip16pro_iso100-f1p8_img-4768_4284x5712.scale150x200.hdr.jxl	8987266
hdrgrid	jxl1t	1527_nature_mountain-wildflowers-landscape_stikine-region-canada_ip16pro_iso100-f1p8_img-4768_4284x5712.scale1536x2048.hdr.jxl	473178452
hdrgrid	jxl1t	1527_nature_mountain-wildflowers-landscape_stikine-region-canada_ip16pro_iso100-f1p8_img-4768_4284x5712.scale1920x2560.hdr.jxl	814689948
hdrgrid	jxl1t	1527_nature_mountain-wildflowers-landscape_stikine-region-canada_ip16pro_iso100-f1p8_img-4768_4284x5712.scale192x256.hdr.jxl	12251746
hdrgrid	jxl1t	1527_nature_mountain-wildflowers-landscape_stikine-region-canada_ip16pro_iso100-f1p8_img-4768_4284x5712.scale2304x3072.hdr.jxl	1178153950
hdrgrid	jxl1t	1527_nature_mountain-wildflowers-landscape_stikine-region-canada_ip16pro_iso100-f1p8_img-4768_4284x5712.scale240x320.hdr.jxl	17793240
hdrgrid	jxl1t	1527_nature_mountain-wildflowers-landscape_stikine-region-canada_ip16pro_iso100-f1p8_img-4768_4284x5712.scale300x400.hdr.jxl	25768030
hdrgrid	jxl1t	1527_nature_mountain-wildflowers-landscape_stikine-region-canada_ip16pro_iso100-f1p8_img-4768_4284x5712.scale384x512.hdr.jxl	37100480
hdrgrid	jxl1t	1527_nature_mountain-wildflowers-landscape_stikine-region-canada_ip16pro_iso100-f1p8_img-4768_4284x5712.scale480x640.hdr.jxl	57365066
hdrgrid	jxl1t	1527_nature_mountain-wildflowers-landscape_stikine-region-canada_ip16pro_iso100-f1p8_img-4768_4284x5712.scale600x800.hdr.jxl	72893321
hdrgrid	jxl1t	1527_nature_mountain-wildflowers-landscape_stikine-region-canada_ip16pro_iso100-f1p8_img-4768_4284x5712.scale768x1024.hdr.jxl	125221556
hdrgrid	jxl1t	1527_nature_mountain-wildflowers-landscape_stikine-region-canada_ip16pro_iso100-f1p8_img-4768_4284x5712.scale960x1280.hdr.jxl	193549549
hdrgrid	jxl1t	1527_nature_mountain-wildflowers-landscape_stikine-region-canada_ip16pro_iso100-f1p8_img-4768_4284x5712.scale96x128.hdr.jxl	6029187
hdrgrid	jxl1t	1528_nature_pink-blossom-branch_kawazu-japan_ip16pro_iso80-f1p8_img-4931_5712x4284.scale1024x768.hdr.jxl	123775937
hdrgrid	jxl1t	1528_nature_pink-blossom-branch_kawazu-japan_ip16pro_iso80-f1p8_img-4931_5712x4284.scale1280x960.hdr.jxl	186389555
hdrgrid	jxl1t	1528_nature_pink-blossom-branch_kawazu-japan_ip16pro_iso80-f1p8_img-4931_5712x4284.scale128x96.hdr.jxl	5596455
hdrgrid	jxl1t	1528_nature_pink-blossom-branch_kawazu-japan_ip16pro_iso80-f1p8_img-4931_5712x4284.scale1600x1200.hdr.jxl	288063405
hdrgrid	jxl1t	1528_nature_pink-blossom-branch_kawazu-japan_ip16pro_iso80-f1p8_img-4931_5712x4284.scale160x120.hdr.jxl	7105624
hdrgrid	jxl1t	1528_nature_pink-blossom-branch_kawazu-japan_ip16pro_iso80-f1p8_img-4931_5712x4284.scale200x150.hdr.jxl	9119867
hdrgrid	jxl1t	1528_nature_pink-blossom-branch_kawazu-japan_ip16pro_iso80-f1p8_img-4931_5712x4284.scale2048x1536.hdr.jxl	468867215
hdrgrid	jxl1t	1528_nature_pink-blossom-branch_kawazu-japan_ip16pro_iso80-f1p8_img-4931_5712x4284.scale2560x1920.hdr.jxl	819056615
hdrgrid	jxl1t	1528_nature_pink-blossom-branch_kawazu-japan_ip16pro_iso80-f1p8_img-4931_5712x4284.scale256x192.hdr.jxl	12399817
hdrgrid	jxl1t	1528_nature_pink-blossom-branch_kawazu-japan_ip16pro_iso80-f1p8_img-4931_5712x4284.scale3072x2304.hdr.jxl	1179446818
hdrgrid	jxl1t	1528_nature_pink-blossom-branch_kawazu-japan_ip16pro_iso80-f1p8_img-4931_5712x4284.scale320x240.hdr.jxl	17981792
hdrgrid	jxl1t	1528_nature_pink-blossom-branch_kawazu-japan_ip16pro_iso80-f1p8_img-4931_5712x4284.scale400x300.hdr.jxl	26151172
hdrgrid	jxl1t	1528_nature_pink-blossom-branch_kawazu-japan_ip16pro_iso80-f1p8_img-4931_5712x4284.scale512x384.hdr.jxl	37998876
hdrgrid	jxl1t	1528_nature_pink-blossom-branch_kawazu-japan_ip16pro_iso80-f1p8_img-4931_5712x4284.scale640x480.hdr.jxl	57957759
hdrgrid	jxl1t	1528_nature_pink-blossom-branch_kawazu-japan_ip16pro_iso80-f1p8_img-4931_5712x4284.scale800x600.hdr.jxl	74099259
hdrgrid	jxl1t	1529_nature_whale-tail-ocean_ip13pro_iso32-f2p8_img-5573_3024x4032.scale1200x1600.hdr.jxl	296704199
hdrgrid	jxl1t	1529_nature_whale-tail-ocean_ip13pro_iso32-f2p8_img-5573_3024x4032.scale120x160.hdr.jxl	7621837
hdrgrid	jxl1t	1529_nature_whale-tail-ocean_ip13pro_iso32-f2p8_img-5573_3024x4032.scale150x200.hdr.jxl	9564429
hdrgrid	jxl1t	1529_nature_whale-tail-ocean_ip13pro_iso32-f2p8_img-5573_3024x4032.scale1536x2048.hdr.jxl	485726320
hdrgrid	jxl1t	1529_nature_whale-tail-ocean_ip13pro_iso32-f2p8_img-5573_3024x4032.scale1920x2560.hdr.jxl	796775197
hdrgrid	jxl1t	1529_nature_whale-tail-ocean_ip13pro_iso32-f2p8_img-5573_3024x4032.scale192x256.hdr.jxl	12848370
hdrgrid	jxl1t	1529_nature_whale-tail-ocean_ip13pro_iso32-f2p8_img-5573_3024x4032.scale2304x3072.hdr.jxl	1135221075
hdrgrid	jxl1t	1529_nature_whale-tail-ocean_ip13pro_iso32-f2p8_img-5573_3024x4032.scale240x320.hdr.jxl	18278083
hdrgrid	jxl1t	1529_nature_whale-tail-ocean_ip13pro_iso32-f2p8_img-5573_3024x4032.scale300x400.hdr.jxl	26519284
hdrgrid	jxl1t	1529_nature_whale-tail-ocean_ip13pro_iso32-f2p8_img-5573_3024x4032.scale384x512.hdr.jxl	35580591
hdrgrid	jxl1t	1529_nature_whale-tail-ocean_ip13pro_iso32-f2p8_img-5573_3024x4032.scale480x640.hdr.jxl	55850706
hdrgrid	jxl1t	1529_nature_whale-tail-ocean_ip13pro_iso32-f2p8_img-5573_3024x4032.scale600x800.hdr.jxl	77718422
hdrgrid	jxl1t	1529_nature_whale-tail-ocean_ip13pro_iso32-f2p8_img-5573_3024x4032.scale768x1024.hdr.jxl	129860074
hdrgrid	jxl1t	1529_nature_whale-tail-ocean_ip13pro_iso32-f2p8_img-5573_3024x4032.scale960x1280.hdr.jxl	190622901
hdrgrid	jxl1t	1529_nature_whale-tail-ocean_ip13pro_iso32-f2p8_img-5573_3024x4032.scale96x128.hdr.jxl	5745815
hdrgrid	jxl1t	1530_nature_whale-tail-ocean_ip13pro_iso32-f2p8_img-5574_3024x4032.scale1200x1600.hdr.jxl	296773439
hdrgrid	jxl1t	1530_nature_whale-tail-ocean_ip13pro_iso32-f2p8_img-5574_3024x4032.scale120x160.hdr.jxl	6711641
hdrgrid	jxl1t	1530_nature_whale-tail-ocean_ip13pro_iso32-f2p8_img-5574_3024x4032.scale150x200.hdr.jxl	8655433
hdrgrid	jxl1t	1530_nature_whale-tail-ocean_ip13pro_iso32-f2p8_img-5574_3024x4032.scale1536x2048.hdr.jxl	487762263
hdrgrid	jxl1t	1530_nature_whale-tail-ocean_ip13pro_iso32-f2p8_img-5574_3024x4032.scale1920x2560.hdr.jxl	789086030
hdrgrid	jxl1t	1530_nature_whale-tail-ocean_ip13pro_iso32-f2p8_img-5574_3024x4032.scale192x256.hdr.jxl	11925854
hdrgrid	jxl1t	1530_nature_whale-tail-ocean_ip13pro_iso32-f2p8_img-5574_3024x4032.scale2304x3072.hdr.jxl	1119322146
hdrgrid	jxl1t	1530_nature_whale-tail-ocean_ip13pro_iso32-f2p8_img-5574_3024x4032.scale240x320.hdr.jxl	18186773
hdrgrid	jxl1t	1530_nature_whale-tail-ocean_ip13pro_iso32-f2p8_img-5574_3024x4032.scale300x400.hdr.jxl	26346603
hdrgrid	jxl1t	1530_nature_whale-tail-ocean_ip13pro_iso32-f2p8_img-5574_3024x4032.scale384x512.hdr.jxl	36833549
hdrgrid	jxl1t	1530_nature_whale-tail-ocean_ip13pro_iso32-f2p8_img-5574_3024x4032.scale480x640.hdr.jxl	55271793
hdrgrid	jxl1t	1530_nature_whale-tail-ocean_ip13pro_iso32-f2p8_img-5574_3024x4032.scale600x800.hdr.jxl	78422166
hdrgrid	jxl1t	1530_nature_whale-tail-ocean_ip13pro_iso32-f2p8_img-5574_3024x4032.scale768x1024.hdr.jxl	127045617
hdrgrid	jxl1t	1530_nature_whale-tail-ocean_ip13pro_iso32-f2p8_img-5574_3024x4032.scale960x1280.hdr.jxl	192874665
hdrgrid	jxl1t	1530_nature_whale-tail-ocean_ip13pro_iso32-f2p8_img-5574_3024x4032.scale96x128.hdr.jxl	5695265
hdrgrid	jxl1t	1531_nature_red-poppy-flowers_taos-new-mexico_ip17pro_iso80-f1p8_img-6189_4284x5712.scale1200x1600.hdr.jxl	296127665
hdrgrid	jxl1t	1531_nature_red-poppy-flowers_taos-new-mexico_ip17pro_iso80-f1p8_img-6189_4284x5712.scale120x160.hdr.jxl	7091004
hdrgrid	jxl1t	1531_nature_red-poppy-flowers_taos-new-mexico_ip17pro_iso80-f1p8_img-6189_4284x5712.scale150x200.hdr.jxl	8853914
hdrgrid	jxl1t	1531_nature_red-poppy-flowers_taos-new-mexico_ip17pro_iso80-f1p8_img-6189_4284x5712.scale1536x2048.hdr.jxl	474888073
hdrgrid	jxl1t	1531_nature_red-poppy-flowers_taos-new-mexico_ip17pro_iso80-f1p8_img-6189_4284x5712.scale1920x2560.hdr.jxl	830404375
hdrgrid	jxl1t	1531_nature_red-poppy-flowers_taos-new-mexico_ip17pro_iso80-f1p8_img-6189_4284x5712.scale192x256.hdr.jxl	13119051
hdrgrid	jxl1t	1531_nature_red-poppy-flowers_taos-new-mexico_ip17pro_iso80-f1p8_img-6189_4284x5712.scale2304x3072.hdr.jxl	1204781356
hdrgrid	jxl1t	1531_nature_red-poppy-flowers_taos-new-mexico_ip17pro_iso80-f1p8_img-6189_4284x5712.scale240x320.hdr.jxl	18383974
hdrgrid	jxl1t	1531_nature_red-poppy-flowers_taos-new-mexico_ip17pro_iso80-f1p8_img-6189_4284x5712.scale300x400.hdr.jxl	26765776
hdrgrid	jxl1t	1531_nature_red-poppy-flowers_taos-new-mexico_ip17pro_iso80-f1p8_img-6189_4284x5712.scale384x512.hdr.jxl	37845535
hdrgrid	jxl1t	1531_nature_red-poppy-flowers_taos-new-mexico_ip17pro_iso80-f1p8_img-6189_4284x5712.scale480x640.hdr.jxl	58269822
hdrgrid	jxl1t	1531_nature_red-poppy-flowers_taos-new-mexico_ip17pro_iso80-f1p8_img-6189_4284x5712.scale600x800.hdr.jxl	73914638
hdrgrid	jxl1t	1531_nature_red-poppy-flowers_taos-new-mexico_ip17pro_iso80-f1p8_img-6189_4284x5712.scale768x1024.hdr.jxl	127970763
hdrgrid	jxl1t	1531_nature_red-poppy-flowers_taos-new-mexico_ip17pro_iso80-f1p8_img-6189_4284x5712.scale960x1280.hdr.jxl	188850110
hdrgrid	jxl1t	1531_nature_red-poppy-flowers_taos-new-mexico_ip17pro_iso80-f1p8_img-6189_4284x5712.scale96x128.hdr.jxl	5658895
hdrgrid	jxl1t	1532_nature_red-poppy-flowers_taos-new-mexico_ip17pro_iso80-f1p8_img-6194_4284x5712.scale1200x1600.hdr.jxl	293924022
hdrgrid	jxl1t	1532_nature_red-poppy-flowers_taos-new-mexico_ip17pro_iso80-f1p8_img-6194_4284x5712.scale120x160.hdr.jxl	6788182
hdrgrid	jxl1t	1532_nature_red-poppy-flowers_taos-new-mexico_ip17pro_iso80-f1p8_img-6194_4284x5712.scale150x200.hdr.jxl	8545643
hdrgrid	jxl1t	1532_nature_red-poppy-flowers_taos-new-mexico_ip17pro_iso80-f1p8_img-6194_4284x5712.scale1536x2048.hdr.jxl	478235213
hdrgrid	jxl1t	1532_nature_red-poppy-flowers_taos-new-mexico_ip17pro_iso80-f1p8_img-6194_4284x5712.scale1920x2560.hdr.jxl	840224997
hdrgrid	jxl1t	1532_nature_red-poppy-flowers_taos-new-mexico_ip17pro_iso80-f1p8_img-6194_4284x5712.scale192x256.hdr.jxl	13160832
hdrgrid	jxl1t	1532_nature_red-poppy-flowers_taos-new-mexico_ip17pro_iso80-f1p8_img-6194_4284x5712.scale2304x3072.hdr.jxl	1218421550
hdrgrid	jxl1t	1532_nature_red-poppy-flowers_taos-new-mexico_ip17pro_iso80-f1p8_img-6194_4284x5712.scale240x320.hdr.jxl	18689496
hdrgrid	jxl1t	1532_nature_red-poppy-flowers_taos-new-mexico_ip17pro_iso80-f1p8_img-6194_4284x5712.scale300x400.hdr.jxl	26990117
hdrgrid	jxl1t	1532_nature_red-poppy-flowers_taos-new-mexico_ip17pro_iso80-f1p8_img-6194_4284x5712.scale384x512.hdr.jxl	38953971
hdrgrid	jxl1t	1532_nature_red-poppy-flowers_taos-new-mexico_ip17pro_iso80-f1p8_img-6194_4284x5712.scale480x640.hdr.jxl	60315054
hdrgrid	jxl1t	1532_nature_red-poppy-flowers_taos-new-mexico_ip17pro_iso80-f1p8_img-6194_4284x5712.scale600x800.hdr.jxl	72986562
hdrgrid	jxl1t	1532_nature_red-poppy-flowers_taos-new-mexico_ip17pro_iso80-f1p8_img-6194_4284x5712.scale768x1024.hdr.jxl	130631280
hdrgrid	jxl1t	1532_nature_red-poppy-flowers_taos-new-mexico_ip17pro_iso80-f1p8_img-6194_4284x5712.scale960x1280.hdr.jxl	197706155
hdrgrid	jxl1t	1532_nature_red-poppy-flowers_taos-new-mexico_ip17pro_iso80-f1p8_img-6194_4284x5712.scale96x128.hdr.jxl	6101798
hdrgrid	jxl1t	1533_nature_purple-water-lily_koyama-kamiuchikawaracho-kyoto-japan_ip13pro_iso125-f2p8_img-6205_3024x4032.scale1200x1600.hdr.jxl	302271683
hdrgrid	jxl1t	1533_nature_purple-water-lily_koyama-kamiuchikawaracho-kyoto-japan_ip13pro_iso125-f2p8_img-6205_3024x4032.scale120x160.hdr.jxl	7190415
hdrgrid	jxl1t	1533_nature_purple-water-lily_koyama-kamiuchikawaracho-kyoto-japan_ip13pro_iso125-f2p8_img-6205_3024x4032.scale150x200.hdr.jxl	9149116
hdrgrid	jxl1t	1533_nature_purple-water-lily_koyama-kamiuchikawaracho-kyoto-japan_ip13pro_iso125-f2p8_img-6205_3024x4032.scale1536x2048.hdr.jxl	478265973
hdrgrid	jxl1t	1533_nature_purple-water-lily_koyama-kamiuchikawaracho-kyoto-japan_ip13pro_iso125-f2p8_img-6205_3024x4032.scale1920x2560.hdr.jxl	879333118
hdrgrid	jxl1t	1533_nature_purple-water-lily_koyama-kamiuchikawaracho-kyoto-japan_ip13pro_iso125-f2p8_img-6205_3024x4032.scale192x256.hdr.jxl	14523220
hdrgrid	jxl1t	1533_nature_purple-water-lily_koyama-kamiuchikawaracho-kyoto-japan_ip13pro_iso125-f2p8_img-6205_3024x4032.scale2304x3072.hdr.jxl	1265239361
hdrgrid	jxl1t	1533_nature_purple-water-lily_koyama-kamiuchikawaracho-kyoto-japan_ip13pro_iso125-f2p8_img-6205_3024x4032.scale240x320.hdr.jxl	18611585
hdrgrid	jxl1t	1533_nature_purple-water-lily_koyama-kamiuchikawaracho-kyoto-japan_ip13pro_iso125-f2p8_img-6205_3024x4032.scale300x400.hdr.jxl	27767153
hdrgrid	jxl1t	1533_nature_purple-water-lily_koyama-kamiuchikawaracho-kyoto-japan_ip13pro_iso125-f2p8_img-6205_3024x4032.scale384x512.hdr.jxl	38915781
hdrgrid	jxl1t	1533_nature_purple-water-lily_koyama-kamiuchikawaracho-kyoto-japan_ip13pro_iso125-f2p8_img-6205_3024x4032.scale480x640.hdr.jxl	62371506
hdrgrid	jxl1t	1533_nature_purple-water-lily_koyama-kamiuchikawaracho-kyoto-japan_ip13pro_iso125-f2p8_img-6205_3024x4032.scale600x800.hdr.jxl	77872893
hdrgrid	jxl1t	1533_nature_purple-water-lily_koyama-kamiuchikawaracho-kyoto-japan_ip13pro_iso125-f2p8_img-6205_3024x4032.scale768x1024.hdr.jxl	130206877
hdrgrid	jxl1t	1533_nature_purple-water-lily_koyama-kamiuchikawaracho-kyoto-japan_ip13pro_iso125-f2p8_img-6205_3024x4032.scale960x1280.hdr.jxl	192260162
hdrgrid	jxl1t	1533_nature_purple-water-lily_koyama-kamiuchikawaracho-kyoto-japan_ip13pro_iso125-f2p8_img-6205_3024x4032.scale96x128.hdr.jxl	5599584
hdrgrid	jxl1t	1534_nature_red-flowers-closeup_ketchikan-alaska_ip16pro_iso125-f1p8_img-6286_3024x4032.scale1200x1600.hdr.jxl	287776863
hdrgrid	jxl1t	1534_nature_red-flowers-closeup_ketchikan-alaska_ip16pro_iso125-f1p8_img-6286_3024x4032.scale120x160.hdr.jxl	6911233
hdrgrid	jxl1t	1534_nature_red-flowers-closeup_ketchikan-alaska_ip16pro_iso125-f1p8_img-6286_3024x4032.scale150x200.hdr.jxl	9245588
hdrgrid	jxl1t	1534_nature_red-flowers-closeup_ketchikan-alaska_ip16pro_iso125-f1p8_img-6286_3024x4032.scale1536x2048.hdr.jxl	476974706
hdrgrid	jxl1t	1534_nature_red-flowers-closeup_ketchikan-alaska_ip16pro_iso125-f1p8_img-6286_3024x4032.scale1920x2560.hdr.jxl	848085985
hdrgrid	jxl1t	1534_nature_red-flowers-closeup_ketchikan-alaska_ip16pro_iso125-f1p8_img-6286_3024x4032.scale192x256.hdr.jxl	11825704
hdrgrid	jxl1t	1534_nature_red-flowers-closeup_ketchikan-alaska_ip16pro_iso125-f1p8_img-6286_3024x4032.scale2304x3072.hdr.jxl	1219896459
hdrgrid	jxl1t	1534_nature_red-flowers-closeup_ketchikan-alaska_ip16pro_iso125-f1p8_img-6286_3024x4032.scale240x320.hdr.jxl	17533639
hdrgrid	jxl1t	1534_nature_red-flowers-closeup_ketchikan-alaska_ip16pro_iso125-f1p8_img-6286_3024x4032.scale300x400.hdr.jxl	27177199
hdrgrid	jxl1t	1534_nature_red-flowers-closeup_ketchikan-alaska_ip16pro_iso125-f1p8_img-6286_3024x4032.scale384x512.hdr.jxl	38718770
hdrgrid	jxl1t	1534_nature_red-flowers-closeup_ketchikan-alaska_ip16pro_iso125-f1p8_img-6286_3024x4032.scale480x640.hdr.jxl	57711748
hdrgrid	jxl1t	1534_nature_red-flowers-closeup_ketchikan-alaska_ip16pro_iso125-f1p8_img-6286_3024x4032.scale600x800.hdr.jxl	72459579
hdrgrid	jxl1t	1534_nature_red-flowers-closeup_ketchikan-alaska_ip16pro_iso125-f1p8_img-6286_3024x4032.scale768x1024.hdr.jxl	122301978
hdrgrid	jxl1t	1534_nature_red-flowers-closeup_ketchikan-alaska_ip16pro_iso125-f1p8_img-6286_3024x4032.scale960x1280.hdr.jxl	187100639
hdrgrid	jxl1t	1534_nature_red-flowers-closeup_ketchikan-alaska_ip16pro_iso125-f1p8_img-6286_3024x4032.scale96x128.hdr.jxl	5769265
hdrgrid	jxl1t	1536_nature_purple-flowers-walkway_seward-alaska_ip16pro_iso80-f1p8_img-8763_4284x5712.scale1200x1600.hdr.jxl	287799923
hdrgrid	jxl1t	1536_nature_purple-flowers-walkway_seward-alaska_ip16pro_iso80-f1p8_img-8763_4284x5712.scale120x160.hdr.jxl	7365815
hdrgrid	jxl1t	1536_nature_purple-flowers-walkway_seward-alaska_ip16pro_iso80-f1p8_img-8763_4284x5712.scale150x200.hdr.jxl	8837035
hdrgrid	jxl1t	1536_nature_purple-flowers-walkway_seward-alaska_ip16pro_iso80-f1p8_img-8763_4284x5712.scale1536x2048.hdr.jxl	463436011
hdrgrid	jxl1t	1536_nature_purple-flowers-walkway_seward-alaska_ip16pro_iso80-f1p8_img-8763_4284x5712.scale1920x2560.hdr.jxl	836232052
hdrgrid	jxl1t	1536_nature_purple-flowers-walkway_seward-alaska_ip16pro_iso80-f1p8_img-8763_4284x5712.scale192x256.hdr.jxl	12610898
hdrgrid	jxl1t	1536_nature_purple-flowers-walkway_seward-alaska_ip16pro_iso80-f1p8_img-8763_4284x5712.scale2304x3072.hdr.jxl	1169784029
hdrgrid	jxl1t	1536_nature_purple-flowers-walkway_seward-alaska_ip16pro_iso80-f1p8_img-8763_4284x5712.scale240x320.hdr.jxl	18584245
hdrgrid	jxl1t	1536_nature_purple-flowers-walkway_seward-alaska_ip16pro_iso80-f1p8_img-8763_4284x5712.scale300x400.hdr.jxl	27535220
hdrgrid	jxl1t	1536_nature_purple-flowers-walkway_seward-alaska_ip16pro_iso80-f1p8_img-8763_4284x5712.scale384x512.hdr.jxl	38078796
hdrgrid	jxl1t	1536_nature_purple-flowers-walkway_seward-alaska_ip16pro_iso80-f1p8_img-8763_4284x5712.scale480x640.hdr.jxl	58363202
hdrgrid	jxl1t	1536_nature_purple-flowers-walkway_seward-alaska_ip16pro_iso80-f1p8_img-8763_4284x5712.scale600x800.hdr.jxl	73762027
hdrgrid	jxl1t	1536_nature_purple-flowers-walkway_seward-alaska_ip16pro_iso80-f1p8_img-8763_4284x5712.scale768x1024.hdr.jxl	125001454
hdrgrid	jxl1t	1536_nature_purple-flowers-walkway_seward-alaska_ip16pro_iso80-f1p8_img-8763_4284x5712.scale960x1280.hdr.jxl	190877743
hdrgrid	jxl1t	1536_nature_purple-flowers-walkway_seward-alaska_ip16pro_iso80-f1p8_img-8763_4284x5712.scale96x128.hdr.jxl	5735516
hdrgrid	jxl1t	1537_nature_purple-flowers-closeup_seward-alaska_ip16pro_iso100-f1p8_img-8764_4284x5712.scale1200x1600.hdr.jxl	278692656
hdrgrid	jxl1t	1537_nature_purple-flowers-closeup_seward-alaska_ip16pro_iso100-f1p8_img-8764_4284x5712.scale120x160.hdr.jxl	7600507
hdrgrid	jxl1t	1537_nature_purple-flowers-closeup_seward-alaska_ip16pro_iso100-f1p8_img-8764_4284x5712.scale150x200.hdr.jxl	9538379
hdrgrid	jxl1t	1537_nature_purple-flowers-closeup_seward-alaska_ip16pro_iso100-f1p8_img-8764_4284x5712.scale1536x2048.hdr.jxl	454898229
hdrgrid	jxl1t	1537_nature_purple-flowers-closeup_seward-alaska_ip16pro_iso100-f1p8_img-8764_4284x5712.scale1920x2560.hdr.jxl	833761807
hdrgrid	jxl1t	1537_nature_purple-flowers-closeup_seward-alaska_ip16pro_iso100-f1p8_img-8764_4284x5712.scale192x256.hdr.jxl	13029871
hdrgrid	jxl1t	1537_nature_purple-flowers-closeup_seward-alaska_ip16pro_iso100-f1p8_img-8764_4284x5712.scale2304x3072.hdr.jxl	1191277532
hdrgrid	jxl1t	1537_nature_purple-flowers-closeup_seward-alaska_ip16pro_iso100-f1p8_img-8764_4284x5712.scale240x320.hdr.jxl	18399684
hdrgrid	jxl1t	1537_nature_purple-flowers-closeup_seward-alaska_ip16pro_iso100-f1p8_img-8764_4284x5712.scale300x400.hdr.jxl	27068637
hdrgrid	jxl1t	1537_nature_purple-flowers-closeup_seward-alaska_ip16pro_iso100-f1p8_img-8764_4284x5712.scale384x512.hdr.jxl	38048586
hdrgrid	jxl1t	1537_nature_purple-flowers-closeup_seward-alaska_ip16pro_iso100-f1p8_img-8764_4284x5712.scale480x640.hdr.jxl	57080914
hdrgrid	jxl1t	1537_nature_purple-flowers-closeup_seward-alaska_ip16pro_iso100-f1p8_img-8764_4284x5712.scale600x800.hdr.jxl	73936388
hdrgrid	jxl1t	1537_nature_purple-flowers-closeup_seward-alaska_ip16pro_iso100-f1p8_img-8764_4284x5712.scale768x1024.hdr.jxl	128318605
hdrgrid	jxl1t	1537_nature_purple-flowers-closeup_seward-alaska_ip16pro_iso100-f1p8_img-8764_4284x5712.scale960x1280.hdr.jxl	189892797
hdrgrid	jxl1t	1537_nature_purple-flowers-closeup_seward-alaska_ip16pro_iso100-f1p8_img-8764_4284x5712.scale96x128.hdr.jxl	5813726
hdrgrid	jxl1t	1539_nature_legs-in-water_felipe-carrillo-puerto-mexico_ip13pro_iso32-f1p8_img-8809_3024x4032.scale1200x1600.hdr.jxl	303818683
hdrgrid	jxl1t	1539_nature_legs-in-water_felipe-carrillo-puerto-mexico_ip13pro_iso32-f1p8_img-8809_3024x4032.scale120x160.hdr.jxl	6788122
hdrgrid	jxl1t	1539_nature_legs-in-water_felipe-carrillo-puerto-mexico_ip13pro_iso32-f1p8_img-8809_3024x4032.scale150x200.hdr.jxl	9262178
hdrgrid	jxl1t	1539_nature_legs-in-water_felipe-carrillo-puerto-mexico_ip13pro_iso32-f1p8_img-8809_3024x4032.scale1536x2048.hdr.jxl	480223796
hdrgrid	jxl1t	1539_nature_legs-in-water_felipe-carrillo-puerto-mexico_ip13pro_iso32-f1p8_img-8809_3024x4032.scale1920x2560.hdr.jxl	842992804
hdrgrid	jxl1t	1539_nature_legs-in-water_felipe-carrillo-puerto-mexico_ip13pro_iso32-f1p8_img-8809_3024x4032.scale192x256.hdr.jxl	13109321
hdrgrid	jxl1t	1539_nature_legs-in-water_felipe-carrillo-puerto-mexico_ip13pro_iso32-f1p8_img-8809_3024x4032.scale2304x3072.hdr.jxl	1218487560
hdrgrid	jxl1t	1539_nature_legs-in-water_felipe-carrillo-puerto-mexico_ip13pro_iso32-f1p8_img-8809_3024x4032.scale240x320.hdr.jxl	19357970
hdrgrid	jxl1t	1539_nature_legs-in-water_felipe-carrillo-puerto-mexico_ip13pro_iso32-f1p8_img-8809_3024x4032.scale300x400.hdr.jxl	27378739
hdrgrid	jxl1t	1539_nature_legs-in-water_felipe-carrillo-puerto-mexico_ip13pro_iso32-f1p8_img-8809_3024x4032.scale384x512.hdr.jxl	40046828
hdrgrid	jxl1t	1539_nature_legs-in-water_felipe-carrillo-puerto-mexico_ip13pro_iso32-f1p8_img-8809_3024x4032.scale480x640.hdr.jxl	60497295
hdrgrid	jxl1t	1539_nature_legs-in-water_felipe-carrillo-puerto-mexico_ip13pro_iso32-f1p8_img-8809_3024x4032.scale600x800.hdr.jxl	76057201
hdrgrid	jxl1t	1539_nature_legs-in-water_felipe-carrillo-puerto-mexico_ip13pro_iso32-f1p8_img-8809_3024x4032.scale768x1024.hdr.jxl	135074927
hdrgrid	jxl1t	1539_nature_legs-in-water_felipe-carrillo-puerto-mexico_ip13pro_iso32-f1p8_img-8809_3024x4032.scale960x1280.hdr.jxl	200903425
hdrgrid	jxl1t	1539_nature_legs-in-water_felipe-carrillo-puerto-mexico_ip13pro_iso32-f1p8_img-8809_3024x4032.scale96x128.hdr.jxl	6329189
hdrgrid	jxl1t	1540_nature_purple-flowers-garden_belltown-seattle-washington_ip16pro_iso100-f1p8_img-9109_4284x5712.scale1200x1600.hdr.jxl	291998310
hdrgrid	jxl1t	1540_nature_purple-flowers-garden_belltown-seattle-washington_ip16pro_iso100-f1p8_img-9109_4284x5712.scale120x160.hdr.jxl	6348050
hdrgrid	jxl1t	1540_nature_purple-flowers-garden_belltown-seattle-washington_ip16pro_iso100-f1p8_img-9109_4284x5712.scale150x200.hdr.jxl	8405062
hdrgrid	jxl1t	1540_nature_purple-flowers-garden_belltown-seattle-washington_ip16pro_iso100-f1p8_img-9109_4284x5712.scale1536x2048.hdr.jxl	467250056
hdrgrid	jxl1t	1540_nature_purple-flowers-garden_belltown-seattle-washington_ip16pro_iso100-f1p8_img-9109_4284x5712.scale1920x2560.hdr.jxl	837622800
hdrgrid	jxl1t	1540_nature_purple-flowers-garden_belltown-seattle-washington_ip16pro_iso100-f1p8_img-9109_4284x5712.scale192x256.hdr.jxl	12550008
hdrgrid	jxl1t	1540_nature_purple-flowers-garden_belltown-seattle-washington_ip16pro_iso100-f1p8_img-9109_4284x5712.scale2304x3072.hdr.jxl	1215159850
hdrgrid	jxl1t	1540_nature_purple-flowers-garden_belltown-seattle-washington_ip16pro_iso100-f1p8_img-9109_4284x5712.scale240x320.hdr.jxl	17538949
hdrgrid	jxl1t	1540_nature_purple-flowers-garden_belltown-seattle-washington_ip16pro_iso100-f1p8_img-9109_4284x5712.scale300x400.hdr.jxl	28629618
hdrgrid	jxl1t	1540_nature_purple-flowers-garden_belltown-seattle-washington_ip16pro_iso100-f1p8_img-9109_4284x5712.scale384x512.hdr.jxl	37875015
hdrgrid	jxl1t	1540_nature_purple-flowers-garden_belltown-seattle-washington_ip16pro_iso100-f1p8_img-9109_4284x5712.scale480x640.hdr.jxl	60882527
hdrgrid	jxl1t	1540_nature_purple-flowers-garden_belltown-seattle-washington_ip16pro_iso100-f1p8_img-9109_4284x5712.scale600x800.hdr.jxl	73721376
hdrgrid	jxl1t	1540_nature_purple-flowers-garden_belltown-seattle-washington_ip16pro_iso100-f1p8_img-9109_4284x5712.scale768x1024.hdr.jxl	130785840
hdrgrid	jxl1t	1540_nature_purple-flowers-garden_belltown-seattle-washington_ip16pro_iso100-f1p8_img-9109_4284x5712.scale960x1280.hdr.jxl	191689278
hdrgrid	jxl1t	1540_nature_purple-flowers-garden_belltown-seattle-washington_ip16pro_iso100-f1p8_img-9109_4284x5712.scale96x128.hdr.jxl	5887536
hdrgrid	jxl1t	1541_nature_blue-wildflower-grass_snaefellsbaer-iceland_ip16pro_iso64-f1p8_img-9110_3024x4032.scale1200x1600.hdr.jxl	291217254
hdrgrid	jxl1t	1541_nature_blue-wildflower-grass_snaefellsbaer-iceland_ip16pro_iso64-f1p8_img-9110_3024x4032.scale120x160.hdr.jxl	6910903
hdrgrid	jxl1t	1541_nature_blue-wildflower-grass_snaefellsbaer-iceland_ip16pro_iso64-f1p8_img-9110_3024x4032.scale150x200.hdr.jxl	7870009
hdrgrid	jxl1t	1541_nature_blue-wildflower-grass_snaefellsbaer-iceland_ip16pro_iso64-f1p8_img-9110_3024x4032.scale1536x2048.hdr.jxl	471249430
hdrgrid	jxl1t	1541_nature_blue-wildflower-grass_snaefellsbaer-iceland_ip16pro_iso64-f1p8_img-9110_3024x4032.scale1920x2560.hdr.jxl	868551043
hdrgrid	jxl1t	1541_nature_blue-wildflower-grass_snaefellsbaer-iceland_ip16pro_iso64-f1p8_img-9110_3024x4032.scale192x256.hdr.jxl	12953971
hdrgrid	jxl1t	1541_nature_blue-wildflower-grass_snaefellsbaer-iceland_ip16pro_iso64-f1p8_img-9110_3024x4032.scale2304x3072.hdr.jxl	1254297483
hdrgrid	jxl1t	1541_nature_blue-wildflower-grass_snaefellsbaer-iceland_ip16pro_iso64-f1p8_img-9110_3024x4032.scale240x320.hdr.jxl	18689466
hdrgrid	jxl1t	1541_nature_blue-wildflower-grass_snaefellsbaer-iceland_ip16pro_iso64-f1p8_img-9110_3024x4032.scale300x400.hdr.jxl	26820626
hdrgrid	jxl1t	1541_nature_blue-wildflower-grass_snaefellsbaer-iceland_ip16pro_iso64-f1p8_img-9110_3024x4032.scale384x512.hdr.jxl	37694314
hdrgrid	jxl1t	1541_nature_blue-wildflower-grass_snaefellsbaer-iceland_ip16pro_iso64-f1p8_img-9110_3024x4032.scale480x640.hdr.jxl	57492706
hdrgrid	jxl1t	1541_nature_blue-wildflower-grass_snaefellsbaer-iceland_ip16pro_iso64-f1p8_img-9110_3024x4032.scale600x800.hdr.jxl	69517940
hdrgrid	jxl1t	1541_nature_blue-wildflower-grass_snaefellsbaer-iceland_ip16pro_iso64-f1p8_img-9110_3024x4032.scale768x1024.hdr.jxl	120567927
hdrgrid	jxl1t	1541_nature_blue-wildflower-grass_snaefellsbaer-iceland_ip16pro_iso64-f1p8_img-9110_3024x4032.scale960x1280.hdr.jxl	187990235
hdrgrid	jxl1t	1541_nature_blue-wildflower-grass_snaefellsbaer-iceland_ip16pro_iso64-f1p8_img-9110_3024x4032.scale96x128.hdr.jxl	5569145
hdrgrid	jxl1t	1542_nature_orange-lily-flower_belltown-seattle-washington_ip16pro_iso80-f1p8_img-9149_4284x5712.scale1200x1600.hdr.jxl	300501523
hdrgrid	jxl1t	1542_nature_orange-lily-flower_belltown-seattle-washington_ip16pro_iso80-f1p8_img-9149_4284x5712.scale120x160.hdr.jxl	6608991
hdrgrid	jxl1t	1542_nature_orange-lily-flower_belltown-seattle-washington_ip16pro_iso80-f1p8_img-9149_4284x5712.scale150x200.hdr.jxl	8767795
hdrgrid	jxl1t	1542_nature_orange-lily-flower_belltown-seattle-washington_ip16pro_iso80-f1p8_img-9149_4284x5712.scale1536x2048.hdr.jxl	477688840
hdrgrid	jxl1t	1542_nature_orange-lily-flower_belltown-seattle-washington_ip16pro_iso80-f1p8_img-9149_4284x5712.scale1920x2560.hdr.jxl	866640320
hdrgrid	jxl1t	1542_nature_orange-lily-flower_belltown-seattle-washington_ip16pro_iso80-f1p8_img-9149_4284x5712.scale192x256.hdr.jxl	12487757
hdrgrid	jxl1t	1542_nature_orange-lily-flower_belltown-seattle-washington_ip16pro_iso80-f1p8_img-9149_4284x5712.scale2304x3072.hdr.jxl	1225233003
hdrgrid	jxl1t	1542_nature_orange-lily-flower_belltown-seattle-washington_ip16pro_iso80-f1p8_img-9149_4284x5712.scale240x320.hdr.jxl	18055252
hdrgrid	jxl1t	1542_nature_orange-lily-flower_belltown-seattle-washington_ip16pro_iso80-f1p8_img-9149_4284x5712.scale300x400.hdr.jxl	25687759
hdrgrid	jxl1t	1542_nature_orange-lily-flower_belltown-seattle-washington_ip16pro_iso80-f1p8_img-9149_4284x5712.scale384x512.hdr.jxl	38173646
hdrgrid	jxl1t	1542_nature_orange-lily-flower_belltown-seattle-washington_ip16pro_iso80-f1p8_img-9149_4284x5712.scale480x640.hdr.jxl	57898879
hdrgrid	jxl1t	1542_nature_orange-lily-flower_belltown-seattle-washington_ip16pro_iso80-f1p8_img-9149_4284x5712.scale600x800.hdr.jxl	72437809
hdrgrid	jxl1t	1542_nature_orange-lily-flower_belltown-seattle-washington_ip16pro_iso80-f1p8_img-9149_4284x5712.scale768x1024.hdr.jxl	128435066
hdrgrid	jxl1t	1542_nature_orange-lily-flower_belltown-seattle-washington_ip16pro_iso80-f1p8_img-9149_4284x5712.scale960x1280.hdr.jxl	192457003
hdrgrid	jxl1t	1542_nature_orange-lily-flower_belltown-seattle-washington_ip16pro_iso80-f1p8_img-9149_4284x5712.scale96x128.hdr.jxl	6067178
hdrgrid	jxl1t	1543_nature_water-lilies-pond_miyuki-beppu-japan_ip16pro_iso80-f1p8_img-9522_4284x5712.scale1200x1600.hdr.jxl	290421969
hdrgrid	jxl1t	1543_nature_water-lilies-pond_miyuki-beppu-japan_ip16pro_iso80-f1p8_img-9522_4284x5712.scale120x160.hdr.jxl	7556117
hdrgrid	jxl1t	1543_nature_water-lilies-pond_miyuki-beppu-japan_ip16pro_iso80-f1p8_img-9522_4284x5712.scale150x200.hdr.jxl	9184427
hdrgrid	jxl1t	1543_nature_water-lilies-pond_miyuki-beppu-japan_ip16pro_iso80-f1p8_img-9522_4284x5712.scale1536x2048.hdr.jxl	475183845
hdrgrid	jxl1t	1543_nature_water-lilies-pond_miyuki-beppu-japan_ip16pro_iso80-f1p8_img-9522_4284x5712.scale1920x2560.hdr.jxl	859802418
hdrgrid	jxl1t	1543_nature_water-lilies-pond_miyuki-beppu-japan_ip16pro_iso80-f1p8_img-9522_4284x5712.scale192x256.hdr.jxl	13676515
hdrgrid	jxl1t	1543_nature_water-lilies-pond_miyuki-beppu-japan_ip16pro_iso80-f1p8_img-9522_4284x5712.scale2304x3072.hdr.jxl	1217356393
hdrgrid	jxl1t	1543_nature_water-lilies-pond_miyuki-beppu-japan_ip16pro_iso80-f1p8_img-9522_4284x5712.scale240x320.hdr.jxl	18560985
hdrgrid	jxl1t	1543_nature_water-lilies-pond_miyuki-beppu-japan_ip16pro_iso80-f1p8_img-9522_4284x5712.scale300x400.hdr.jxl	28490236
hdrgrid	jxl1t	1543_nature_water-lilies-pond_miyuki-beppu-japan_ip16pro_iso80-f1p8_img-9522_4284x5712.scale384x512.hdr.jxl	39072832
hdrgrid	jxl1t	1543_nature_water-lilies-pond_miyuki-beppu-japan_ip16pro_iso80-f1p8_img-9522_4284x5712.scale480x640.hdr.jxl	58963215
hdrgrid	jxl1t	1543_nature_water-lilies-pond_miyuki-beppu-japan_ip16pro_iso80-f1p8_img-9522_4284x5712.scale600x800.hdr.jxl	75535778
hdrgrid	jxl1t	1543_nature_water-lilies-pond_miyuki-beppu-japan_ip16pro_iso80-f1p8_img-9522_4284x5712.scale768x1024.hdr.jxl	132104899
hdrgrid	jxl1t	1543_nature_water-lilies-pond_miyuki-beppu-japan_ip16pro_iso80-f1p8_img-9522_4284x5712.scale960x1280.hdr.jxl	194704517
hdrgrid	jxl1t	1543_nature_water-lilies-pond_miyuki-beppu-japan_ip16pro_iso80-f1p8_img-9522_4284x5712.scale96x128.hdr.jxl	5521894
hdrgrid	jxl1t	1544_nature_purple-water-lily-flower_miyuki-beppu-japan_ip16pro_iso64-f1p8_img-9550_3024x4032.scale1200x1600.hdr.jxl	288890590
hdrgrid	jxl1t	1544_nature_purple-water-lily-flower_miyuki-beppu-japan_ip16pro_iso64-f1p8_img-9550_3024x4032.scale120x160.hdr.jxl	7193675
hdrgrid	jxl1t	1544_nature_purple-water-lily-flower_miyuki-beppu-japan_ip16pro_iso64-f1p8_img-9550_3024x4032.scale150x200.hdr.jxl	8641593
hdrgrid	jxl1t	1544_nature_purple-water-lily-flower_miyuki-beppu-japan_ip16pro_iso64-f1p8_img-9550_3024x4032.scale1536x2048.hdr.jxl	469127347
hdrgrid	jxl1t	1544_nature_purple-water-lily-flower_miyuki-beppu-japan_ip16pro_iso64-f1p8_img-9550_3024x4032.scale1920x2560.hdr.jxl	867880547
hdrgrid	jxl1t	1544_nature_purple-water-lily-flower_miyuki-beppu-japan_ip16pro_iso64-f1p8_img-9550_3024x4032.scale192x256.hdr.jxl	12730709
hdrgrid	jxl1t	1544_nature_purple-water-lily-flower_miyuki-beppu-japan_ip16pro_iso64-f1p8_img-9550_3024x4032.scale2304x3072.hdr.jxl	1216941401
hdrgrid	jxl1t	1544_nature_purple-water-lily-flower_miyuki-beppu-japan_ip16pro_iso64-f1p8_img-9550_3024x4032.scale240x320.hdr.jxl	19022518
hdrgrid	jxl1t	1544_nature_purple-water-lily-flower_miyuki-beppu-japan_ip16pro_iso64-f1p8_img-9550_3024x4032.scale300x400.hdr.jxl	27921153
hdrgrid	jxl1t	1544_nature_purple-water-lily-flower_miyuki-beppu-japan_ip16pro_iso64-f1p8_img-9550_3024x4032.scale384x512.hdr.jxl	36411365
hdrgrid	jxl1t	1544_nature_purple-water-lily-flower_miyuki-beppu-japan_ip16pro_iso64-f1p8_img-9550_3024x4032.scale480x640.hdr.jxl	59226477
hdrgrid	jxl1t	1544_nature_purple-water-lily-flower_miyuki-beppu-japan_ip16pro_iso64-f1p8_img-9550_3024x4032.scale600x800.hdr.jxl	77921482
hdrgrid	jxl1t	1544_nature_purple-water-lily-flower_miyuki-beppu-japan_ip16pro_iso64-f1p8_img-9550_3024x4032.scale768x1024.hdr.jxl	129549483
hdrgrid	jxl1t	1544_nature_purple-water-lily-flower_miyuki-beppu-japan_ip16pro_iso64-f1p8_img-9550_3024x4032.scale960x1280.hdr.jxl	188623068
hdrgrid	jxl1t	1544_nature_purple-water-lily-flower_miyuki-beppu-japan_ip16pro_iso64-f1p8_img-9550_3024x4032.scale96x128.hdr.jxl	6220418
hdrgrid	jxl1t	1545_nature_stalactite-cave-lake_playa-del-carmen-mexico_ip13pro_iso1600-f1p5_img-9591_4032x3024.scale1024x768.hdr.jxl	129775115
hdrgrid	jxl1t	1545_nature_stalactite-cave-lake_playa-del-carmen-mexico_ip13pro_iso1600-f1p5_img-9591_4032x3024.scale1280x960.hdr.jxl	195042838
hdrgrid	jxl1t	1545_nature_stalactite-cave-lake_playa-del-carmen-mexico_ip13pro_iso1600-f1p5_img-9591_4032x3024.scale128x96.hdr.jxl	6101568
hdrgrid	jxl1t	1545_nature_stalactite-cave-lake_playa-del-carmen-mexico_ip13pro_iso1600-f1p5_img-9591_4032x3024.scale1600x1200.hdr.jxl	295703773
hdrgrid	jxl1t	1545_nature_stalactite-cave-lake_playa-del-carmen-mexico_ip13pro_iso1600-f1p5_img-9591_4032x3024.scale160x120.hdr.jxl	7196295
hdrgrid	jxl1t	1545_nature_stalactite-cave-lake_playa-del-carmen-mexico_ip13pro_iso1600-f1p5_img-9591_4032x3024.scale200x150.hdr.jxl	8398252
hdrgrid	jxl1t	1545_nature_stalactite-cave-lake_playa-del-carmen-mexico_ip13pro_iso1600-f1p5_img-9591_4032x3024.scale2048x1536.hdr.jxl	483646717
hdrgrid	jxl1t	1545_nature_stalactite-cave-lake_playa-del-carmen-mexico_ip13pro_iso1600-f1p5_img-9591_4032x3024.scale2560x1920.hdr.jxl	847401601
hdrgrid	jxl1t	1545_nature_stalactite-cave-lake_playa-del-carmen-mexico_ip13pro_iso1600-f1p5_img-9591_4032x3024.scale256x192.hdr.jxl	13385103
hdrgrid	jxl1t	1545_nature_stalactite-cave-lake_playa-del-carmen-mexico_ip13pro_iso1600-f1p5_img-9591_4032x3024.scale3072x2304.hdr.jxl	1243919098
hdrgrid	jxl1t	1545_nature_stalactite-cave-lake_playa-del-carmen-mexico_ip13pro_iso1600-f1p5_img-9591_4032x3024.scale320x240.hdr.jxl	18452824
hdrgrid	jxl1t	1545_nature_stalactite-cave-lake_playa-del-carmen-mexico_ip13pro_iso1600-f1p5_img-9591_4032x3024.scale400x300.hdr.jxl	27753252
hdrgrid	jxl1t	1545_nature_stalactite-cave-lake_playa-del-carmen-mexico_ip13pro_iso1600-f1p5_img-9591_4032x3024.scale512x384.hdr.jxl	39743316
hdrgrid	jxl1t	1545_nature_stalactite-cave-lake_playa-del-carmen-mexico_ip13pro_iso1600-f1p5_img-9591_4032x3024.scale640x480.hdr.jxl	62341017
hdrgrid	jxl1t	1545_nature_stalactite-cave-lake_playa-del-carmen-mexico_ip13pro_iso1600-f1p5_img-9591_4032x3024.scale800x600.hdr.jxl	76418353
hdrgrid	jxl1t	1546_nature_underground-cave-lake_playa-del-carmen-mexico_ip13pro_iso2000-f1p5_img-9608_3024x4032.scale1200x1600.hdr.jxl	295680943
hdrgrid	jxl1t	1546_nature_underground-cave-lake_playa-del-carmen-mexico_ip13pro_iso2000-f1p5_img-9608_3024x4032.scale120x160.hdr.jxl	6795492
hdrgrid	jxl1t	1546_nature_underground-cave-lake_playa-del-carmen-mexico_ip13pro_iso2000-f1p5_img-9608_3024x4032.scale150x200.hdr.jxl	9476109
hdrgrid	jxl1t	1546_nature_underground-cave-lake_playa-del-carmen-mexico_ip13pro_iso2000-f1p5_img-9608_3024x4032.scale1536x2048.hdr.jxl	480232086
hdrgrid	jxl1t	1546_nature_underground-cave-lake_playa-del-carmen-mexico_ip13pro_iso2000-f1p5_img-9608_3024x4032.scale1920x2560.hdr.jxl	878782006
hdrgrid	jxl1t	1546_nature_underground-cave-lake_playa-del-carmen-mexico_ip13pro_iso2000-f1p5_img-9608_3024x4032.scale192x256.hdr.jxl	13160322
hdrgrid	jxl1t	1546_nature_underground-cave-lake_playa-del-carmen-mexico_ip13pro_iso2000-f1p5_img-9608_3024x4032.scale2304x3072.hdr.jxl	1259512845
hdrgrid	jxl1t	1546_nature_underground-cave-lake_playa-del-carmen-mexico_ip13pro_iso2000-f1p5_img-9608_3024x4032.scale240x320.hdr.jxl	18748707
hdrgrid	jxl1t	1546_nature_underground-cave-lake_playa-del-carmen-mexico_ip13pro_iso2000-f1p5_img-9608_3024x4032.scale300x400.hdr.jxl	29442673
hdrgrid	jxl1t	1546_nature_underground-cave-lake_playa-del-carmen-mexico_ip13pro_iso2000-f1p5_img-9608_3024x4032.scale384x512.hdr.jxl	39800836
hdrgrid	jxl1t	1546_nature_underground-cave-lake_playa-del-carmen-mexico_ip13pro_iso2000-f1p5_img-9608_3024x4032.scale480x640.hdr.jxl	61607471
hdrgrid	jxl1t	1546_nature_underground-cave-lake_playa-del-carmen-mexico_ip13pro_iso2000-f1p5_img-9608_3024x4032.scale600x800.hdr.jxl	79066040
hdrgrid	jxl1t	1546_nature_underground-cave-lake_playa-del-carmen-mexico_ip13pro_iso2000-f1p5_img-9608_3024x4032.scale768x1024.hdr.jxl	130579399
hdrgrid	jxl1t	1546_nature_underground-cave-lake_playa-del-carmen-mexico_ip13pro_iso2000-f1p5_img-9608_3024x4032.scale960x1280.hdr.jxl	191810928
hdrgrid	jxl1t	1546_nature_underground-cave-lake_playa-del-carmen-mexico_ip13pro_iso2000-f1p5_img-9608_3024x4032.scale96x128.hdr.jxl	6145018
hdrgrid	jxl1t	1547_nature_orange-flowers-garden_colorado_ip16pro_iso80-f1p8_img-9652_4284x5712.scale1200x1600.hdr.jxl	292087660
hdrgrid	jxl1t	1547_nature_orange-flowers-garden_colorado_ip16pro_iso80-f1p8_img-9652_4284x5712.scale120x160.hdr.jxl	6766372
hdrgrid	jxl1t	1547_nature_orange-flowers-garden_colorado_ip16pro_iso80-f1p8_img-9652_4284x5712.scale150x200.hdr.jxl	8942566
hdrgrid	jxl1t	1547_nature_orange-flowers-garden_colorado_ip16pro_iso80-f1p8_img-9652_4284x5712.scale1536x2048.hdr.jxl	491207513
hdrgrid	jxl1t	1547_nature_orange-flowers-garden_colorado_ip16pro_iso80-f1p8_img-9652_4284x5712.scale1920x2560.hdr.jxl	861871071
hdrgrid	jxl1t	1547_nature_orange-flowers-garden_colorado_ip16pro_iso80-f1p8_img-9652_4284x5712.scale192x256.hdr.jxl	12523957
hdrgrid	jxl1t	1547_nature_orange-flowers-garden_colorado_ip16pro_iso80-f1p8_img-9652_4284x5712.scale2304x3072.hdr.jxl	1236082989
hdrgrid	jxl1t	1547_nature_orange-flowers-garden_colorado_ip16pro_iso80-f1p8_img-9652_4284x5712.scale240x320.hdr.jxl	17966731
hdrgrid	jxl1t	1547_nature_orange-flowers-garden_colorado_ip16pro_iso80-f1p8_img-9652_4284x5712.scale300x400.hdr.jxl	27550821
hdrgrid	jxl1t	1547_nature_orange-flowers-garden_colorado_ip16pro_iso80-f1p8_img-9652_4284x5712.scale384x512.hdr.jxl	38702340
hdrgrid	jxl1t	1547_nature_orange-flowers-garden_colorado_ip16pro_iso80-f1p8_img-9652_4284x5712.scale480x640.hdr.jxl	58381642
hdrgrid	jxl1t	1547_nature_orange-flowers-garden_colorado_ip16pro_iso80-f1p8_img-9652_4284x5712.scale600x800.hdr.jxl	74096420
hdrgrid	jxl1t	1547_nature_orange-flowers-garden_colorado_ip16pro_iso80-f1p8_img-9652_4284x5712.scale768x1024.hdr.jxl	126550614
hdrgrid	jxl1t	1547_nature_orange-flowers-garden_colorado_ip16pro_iso80-f1p8_img-9652_4284x5712.scale960x1280.hdr.jxl	192984906
hdrgrid	jxl1t	1547_nature_orange-flowers-garden_colorado_ip16pro_iso80-f1p8_img-9652_4284x5712.scale96x128.hdr.jxl	5931757
hdrgrid	jxl1t	1638_food_sliced-fish-dish_colorado_s25u_iso800-f1p7_20250425-213810_3000x4000.scale1200x1600.hdr.jxl	288636778
hdrgrid	jxl1t	1638_food_sliced-fish-dish_colorado_s25u_iso800-f1p7_20250425-213810_3000x4000.scale120x160.hdr.jxl	7428416
hdrgrid	jxl1t	1638_food_sliced-fish-dish_colorado_s25u_iso800-f1p7_20250425-213810_3000x4000.scale150x200.hdr.jxl	8548492
hdrgrid	jxl1t	1638_food_sliced-fish-dish_colorado_s25u_iso800-f1p7_20250425-213810_3000x4000.scale1536x2048.hdr.jxl	488100254
hdrgrid	jxl1t	1638_food_sliced-fish-dish_colorado_s25u_iso800-f1p7_20250425-213810_3000x4000.scale1920x2560.hdr.jxl	840740960
hdrgrid	jxl1t	1638_food_sliced-fish-dish_colorado_s25u_iso800-f1p7_20250425-213810_3000x4000.scale192x256.hdr.jxl	13231012
hdrgrid	jxl1t	1638_food_sliced-fish-dish_colorado_s25u_iso800-f1p7_20250425-213810_3000x4000.scale2304x3072.hdr.jxl	1198328225
hdrgrid	jxl1t	1638_food_sliced-fish-dish_colorado_s25u_iso800-f1p7_20250425-213810_3000x4000.scale240x320.hdr.jxl	18809447
hdrgrid	jxl1t	1638_food_sliced-fish-dish_colorado_s25u_iso800-f1p7_20250425-213810_3000x4000.scale300x400.hdr.jxl	27980074
hdrgrid	jxl1t	1638_food_sliced-fish-dish_colorado_s25u_iso800-f1p7_20250425-213810_3000x4000.scale384x512.hdr.jxl	38945651
hdrgrid	jxl1t	1638_food_sliced-fish-dish_colorado_s25u_iso800-f1p7_20250425-213810_3000x4000.scale480x640.hdr.jxl	58834355
hdrgrid	jxl1t	1638_food_sliced-fish-dish_colorado_s25u_iso800-f1p7_20250425-213810_3000x4000.scale600x800.hdr.jxl	73830408
hdrgrid	jxl1t	1638_food_sliced-fish-dish_colorado_s25u_iso800-f1p7_20250425-213810_3000x4000.scale768x1024.hdr.jxl	125343916
hdrgrid	jxl1t	1638_food_sliced-fish-dish_colorado_s25u_iso800-f1p7_20250425-213810_3000x4000.scale960x1280.hdr.jxl	190699272
hdrgrid	jxl1t	1638_food_sliced-fish-dish_colorado_s25u_iso800-f1p7_20250425-213810_3000x4000.scale96x128.hdr.jxl	6151538
hdrgrid	jxl1t	1639_food_sashimi-on-plate_colorado_s25u_iso200-f1p7_20250425-214145_4000x3000.scale1024x768.hdr.jxl	125517158
hdrgrid	jxl1t	1639_food_sashimi-on-plate_colorado_s25u_iso200-f1p7_20250425-214145_4000x3000.scale1280x960.hdr.jxl	197067111
hdrgrid	jxl1t	1639_food_sashimi-on-plate_colorado_s25u_iso200-f1p7_20250425-214145_4000x3000.scale128x96.hdr.jxl	5978687
hdrgrid	jxl1t	1639_food_sashimi-on-plate_colorado_s25u_iso200-f1p7_20250425-214145_4000x3000.scale1600x1200.hdr.jxl	295879954
hdrgrid	jxl1t	1639_food_sashimi-on-plate_colorado_s25u_iso200-f1p7_20250425-214145_4000x3000.scale160x120.hdr.jxl	7018643
hdrgrid	jxl1t	1639_food_sashimi-on-plate_colorado_s25u_iso200-f1p7_20250425-214145_4000x3000.scale200x150.hdr.jxl	8315141
hdrgrid	jxl1t	1639_food_sashimi-on-plate_colorado_s25u_iso200-f1p7_20250425-214145_4000x3000.scale2048x1536.hdr.jxl	471574942
hdrgrid	jxl1t	1639_food_sashimi-on-plate_colorado_s25u_iso200-f1p7_20250425-214145_4000x3000.scale2560x1920.hdr.jxl	813954154
hdrgrid	jxl1t	1639_food_sashimi-on-plate_colorado_s25u_iso200-f1p7_20250425-214145_4000x3000.scale256x192.hdr.jxl	12883930
hdrgrid	jxl1t	1639_food_sashimi-on-plate_colorado_s25u_iso200-f1p7_20250425-214145_4000x3000.scale3072x2304.hdr.jxl	1170093770
hdrgrid	jxl1t	1639_food_sashimi-on-plate_colorado_s25u_iso200-f1p7_20250425-214145_4000x3000.scale320x240.hdr.jxl	18369814
hdrgrid	jxl1t	1639_food_sashimi-on-plate_colorado_s25u_iso200-f1p7_20250425-214145_4000x3000.scale400x300.hdr.jxl	26874856
hdrgrid	jxl1t	1639_food_sashimi-on-plate_colorado_s25u_iso200-f1p7_20250425-214145_4000x3000.scale512x384.hdr.jxl	36679748
hdrgrid	jxl1t	1639_food_sashimi-on-plate_colorado_s25u_iso200-f1p7_20250425-214145_4000x3000.scale640x480.hdr.jxl	58117080
hdrgrid	jxl1t	1639_food_sashimi-on-plate_colorado_s25u_iso200-f1p7_20250425-214145_4000x3000.scale800x600.hdr.jxl	74548572
hdrgrid	jxl1t	1640_food_birthday-cake-table_colorado_ip16pro_iso125-f1p8_img-2666_4284x5712.scale1200x1600.hdr.jxl	296927050
hdrgrid	jxl1t	1640_food_birthday-cake-table_colorado_ip16pro_iso125-f1p8_img-2666_4284x5712.scale120x160.hdr.jxl	7646787
hdrgrid	jxl1t	1640_food_birthday-cake-table_colorado_ip16pro_iso125-f1p8_img-2666_4284x5712.scale150x200.hdr.jxl	8455243
hdrgrid	jxl1t	1640_food_birthday-cake-table_colorado_ip16pro_iso125-f1p8_img-2666_4284x5712.scale1536x2048.hdr.jxl	480566118
hdrgrid	jxl1t	1640_food_birthday-cake-table_colorado_ip16pro_iso125-f1p8_img-2666_4284x5712.scale1920x2560.hdr.jxl	823824375
hdrgrid	jxl1t	1640_food_birthday-cake-table_colorado_ip16pro_iso125-f1p8_img-2666_4284x5712.scale192x256.hdr.jxl	13523633
hdrgrid	jxl1t	1640_food_birthday-cake-table_colorado_ip16pro_iso125-f1p8_img-2666_4284x5712.scale2304x3072.hdr.jxl	1183212942
hdrgrid	jxl1t	1640_food_birthday-cake-table_colorado_ip16pro_iso125-f1p8_img-2666_4284x5712.scale240x320.hdr.jxl	17835600
hdrgrid	jxl1t	1640_food_birthday-cake-table_colorado_ip16pro_iso125-f1p8_img-2666_4284x5712.scale300x400.hdr.jxl	26206743
hdrgrid	jxl1t	1640_food_birthday-cake-table_colorado_ip16pro_iso125-f1p8_img-2666_4284x5712.scale384x512.hdr.jxl	39182863
hdrgrid	jxl1t	1640_food_birthday-cake-table_colorado_ip16pro_iso125-f1p8_img-2666_4284x5712.scale480x640.hdr.jxl	59200337
hdrgrid	jxl1t	1640_food_birthday-cake-table_colorado_ip16pro_iso125-f1p8_img-2666_4284x5712.scale600x800.hdr.jxl	75952570
hdrgrid	jxl1t	1640_food_birthday-cake-table_colorado_ip16pro_iso125-f1p8_img-2666_4284x5712.scale768x1024.hdr.jxl	129668443
hdrgrid	jxl1t	1640_food_birthday-cake-table_colorado_ip16pro_iso125-f1p8_img-2666_4284x5712.scale960x1280.hdr.jxl	194590186
hdrgrid	jxl1t	1640_food_birthday-cake-table_colorado_ip16pro_iso125-f1p8_img-2666_4284x5712.scale96x128.hdr.jxl	5893127
