file	png	jxl	webp
o_1011.png.scale36x64.png	5771	4619	4814
o_1015.png.scale64x48.png	7524	6711	7030
o_1011.png.scale54x96.png	12383	9836	10148
o_1015.png.scale96x72.png	16142	14111	14538
o_1011.png.scale72x128.png	21300	16590	17018
o_1016.png.scale108x192.png	32728	25421	26494
o_1015.png.scale128x96.png	27630	23673	24374
o_1011.png.scale108x192.png	45442	34627	35496
o_1016.png.scale36x64.png	4305	3569	3774
o_1015.png.scale256x192.png	100364	82769	84818
o_1016.png.scale216x384.png	123177	94439	96512
o_1016.png.scale54x96.png	9035	7474	7678
o_1011.png.scale216x384.png	166084	124597	126952
o_1016.png.scale72x128.png	15389	12555	12682
o_1011.png.scale360x640.png	439157	326061	338758
o_1015.png.scale192x144.png	58966	49194	50780
o_1016.png.scale144x256.png	56247	43074	44876
o_1015.png.scale512x384.png	374744	292359	308276
o_1016.png.scale360x640.png	342997	258155	265836
o_1019.png.scale48x64.png	4677	3614	3832
o_1019.png.scale192x256.png	61586	43267	44430
o_1015.png.scale640x480.png	573623	437369	466170
o_1011.png.scale432x768.png	621229	454543	479090
o_1019.png.scale72x96.png	9856	7479	7706
o_1015.png.scale384x288.png	216194	173880	178628
o_1015.png.scale1024x768.png	1403243	1002190	1108490
o_1019.png.scale144x192.png	36159	25731	26670
o_1011.png.scale144x256.png	77391	58625	59960
o_1019.png.scale96x128.png	16939	12545	12870
o_1019.png.scale384x512.png	233661	167179	166902
o_1023.png.scale128x96.png	28761	21435	22348
o_1016.png.scale288x512.png	218468	166446	170504
o_1023.png.scale64x48.png	7507	5746	6054
o_1019.png.scale288x384.png	133589	91694	95532
o_1023.png.scale256x192.png	110102	79601	80626
o_1023.png.scale96x72.png	16445	12388	12942
o_1019.png.scale480x640.png	360840	241744	255768
o_1016.png.scale432x768.png	495310	364403	379768
o_1023.png.scale192x144.png	63163	46118	47802
o_1011.png.scale288x512.png	286884	215038	219366
o_1016.png.scale504x896.png	676298	485888	509206
o_1027.png.scale36x64.png	5431	3954	4166
o_1023.png.scale512x384.png	427741	300738	307924
o_1023.png.scale384x288.png	242611	172873	175368
o_1019.png.scale768x1024.png	922193	677523	653228
o_1027.png.scale54x96.png	11962	8700	8972
o_1019.png.scale576x768.png	518035	345549	365084
o_1027.png.scale72x128.png	21141	15321	15700
o_1027.png.scale108x192.png	47775	34841	35188
o_1023.png.scale640x480.png	666257	463140	473776
o_1011.png.scale504x896.png	832914	598786	635476
o_1029.png.scale128x96.png	29629	19749	19984
o_1027.png.scale216x384.png	192148	139832	137880
o_1023.png.scale1024x768.png	1681563	1110490	1172002
o_1015.png.scale768x576.png	811942	608103	650222
o_1027.png.scale360x640.png	527902	370111	375826
o_1029.png.scale64x48.png	7804	5405	5578
o_1029.png.scale96x72.png	16977	11526	11674
o_1027.png.scale144x256.png	85005	62089	62528
o_1029.png.scale256x192.png	112424	72885	73252
o_1042.png.scale128x96.png	29387	21416	22266
o_1027.png.scale432x768.png	752050	519143	530348
o_1015.png.scale896x672.png	1089037	797037	861020
o_1029.png.scale192x144.png	64249	42377	42776
o_1019.png.scale672x896.png	703868	475688	493720
o_1042.png.scale256x192.png	117136	81914	82120
o_1042.png.scale64x48.png	7516	5705	6012
o_1042.png.scale192x144.png	65632	46745	48052
o_1042.png.scale96x72.png	16627	12336	12856
o_1029.png.scale512x384.png	441180	278071	283310
o_1011.png.scale577x1024.png	1077296	763417	810726
o_1023.png.scale768x576.png	956152	657398	673684
o_1029.png.scale1024x768.png	1763886	1047215	1117816
o_1016.png.scale577x1024.png	886900	627676	657644
o_1043.png.scale48x64.png	8053	6504	6714
o_1029.png.scale640x480.png	687237	428445	442360
o_1042.png.scale512x384.png	482571	310444	320200
o_1043.png.scale72x96.png	17824	14278	14572
o_1029.png.scale384x288.png	249214	158981	159830
o_1043.png.scale192x256.png	122374	95977	95700
o_1043.png.scale96x128.png	31586	25106	25626
o_1043.png.scale384x512.png	476394	352850	362574
o_1042.png.scale1024x768.png	2014855	1174406	1243968
o_1043.png.scale144x192.png	69960	55345	56184
o_1042.png.scale640x480.png	765323	476455	494000
o_1027.png.scale504x896.png	1011227	684029	707640
o_1046.png.scale128x96.png	24048	18092	18848
o_1046.png.scale64x48.png	6516	5022	5356
o_1046.png.scale256x192.png	87306	64446	66812
o_1042.png.scale384x288.png	267022	179727	181152
o_1046.png.scale192x144.png	51264	38163	39876
o_1046.png.scale96x72.png	13973	10639	11176
o_1027.png.scale288x512.png	340884	243578	243298
o_1043.png.scale480x640.png	737791	531989	550676
o_1029.png.scale768x576.png	990054	609411	633212
o_1050.png.scale128x96.png	23344	16498	17292
o_1046.png.scale512x384.png	316235	223136	239132
o_1050.png.scale256x192.png	86083	59240	61278
o_1050.png.scale64x48.png	6316	4674	4916
o_1046.png.scale384x288.png	185467	134027	140056
o_1043.png.scale768x1024.png	1848144	1242050	1336606
o_1050.png.scale96x72.png	13543	9749	10264
o_1042.png.scale768x576.png	1116154	678494	707206
o_1043.png.scale288x384.png	270755	207067	208762
o_1046.png.scale1024x768.png	1117301	754702	836816
o_1050.png.scale512x384.png	323770	219871	230962
o_1023.png.scale896x672.png	1295331	872725	903952
o_1054.png.scale192x256.png	97613	66853	69700
o_1054.png.scale48x64.png	7089	5127	5282
o_1046.png.scale640x480.png	476962	331520	359480
o_1027.png.scale577x1024.png	1305036	865691	906232
o_1054.png.scale72x96.png	15339	10905	11292
o_1050.png.scale192x144.png	50078	34813	36362
o_1054.png.scale384x512.png	363428	242235	257936
o_1050.png.scale1024x768.png	1212580	775968	849742
o_1054.png.scale144x192.png	56710	39226	40892
o_1050.png.scale384x288.png	186542	127370	132232
o_1054.png.scale96x128.png	26380	18459	19176
o_1056.png.scale48x64.png	6767	5214	5582
o_1043.png.scale576x768.png	1054533	742618	776224
o_1029.png.scale896x672.png	1349104	815283	854874
o_1056.png.scale72x96.png	14300	10835	11462
o_1050.png.scale640x480.png	496930	333553	353062
o_1054.png.scale288x384.png	210446	141963	148828
o_1056.png.scale192x256.png	92163	66292	68180
o_1056.png.scale144x192.png	53491	38734	40084
o_1046.png.scale768x576.png	665577	458910	497150
o_1056.png.scale96x128.png	24687	18412	19124
o_1054.png.scale480x640.png	556105	363468	392266
o_1060.png.scale48x64.png	6944	5147	5516
o_1060.png.scale192x256.png	85890	57777	60398
o_1056.png.scale384x512.png	342618	238085	249954
o_1060.png.scale72x96.png	14417	10405	10914
o_1050.png.scale768x576.png	703389	467626	497556
o_1060.png.scale144x192.png	50587	34960	36236
o_1046.png.scale896x672.png	879185	599268	653656
o_1060.png.scale96x128.png	24200	17232	17902
o_1060.png.scale288x384.png	182223	118545	125102
o_1042.png.scale896x672.png	1533337	911481	954488
o_1054.png.scale768x1024.png	1361721	847669	942324
o_1068.png.scale48x64.png	6907	6267	6304
o_1068.png.scale144x192.png	52210	45110	43994
o_1060.png.scale384x512.png	312370	198128	215464
o_1068.png.scale192x256.png	88845	75162	74076
o_1068.png.scale72x96.png	14474	13054	12822
o_1056.png.scale288x384.png	199562	141255	144598
o_1068.png.scale96x128.png	24593	21762	21188
o_1056.png.scale480x640.png	521320	355294	379522
o_1054.png.scale576x768.png	786791	508710	550270
o_1068.png.scale384x512.png	320134	247440	261120
o_1056.png.scale768x1024.png	1262444	808373	899730
o_1200.png.scale128x96.png	29777	22133	22646
o_1060.png.scale480x640.png	475264	297121	326186
o_1200.png.scale64x48.png	7794	6005	6152
o_1043.png.scale672x896.png	1424660	979800	1035642
o_1068.png.scale288x384.png	188005	151096	153442
o_1050.png.scale896x672.png	942853	615109	661292
o_1200.png.scale256x192.png	112956	81326	81350
o_1068.png.scale480x640.png	486114	363782	394610
o_1200.png.scale96x72.png	17075	12946	13246
o_1200.png.scale192x144.png	64819	47306	48216
o_1200.png.scale512x384.png	431681	302825	307986
o_1205.png.scale48x64.png	7270	5294	5632
o_1205.png.scale192x256.png	98993	64494	65976
o_1054.png.scale672x896.png	1055524	670044	731128
o_1056.png.scale576x768.png	734693	490372	528196
o_1205.png.scale72x96.png	15502	10915	11276
o_1205.png.scale144x192.png	57087	37990	38814
o_1060.png.scale768x1024.png	1175995	707381	794062
o_1068.png.scale768x1024.png	1182158	832914	952486
o_1205.png.scale96x128.png	26551	18283	18732
o_1200.png.scale384x288.png	246889	175421	175820
o_1200.png.scale1024x768.png	1666804	1090023	1159530
o_1205.png.scale384x512.png	392737	244208	253700
o_1212.png.scale48x64.png	7466	6072	6156
o_1200.png.scale640x480.png	666332	460889	471740
o_1068.png.scale576x768.png	685787	499260	551672
o_1205.png.scale288x384.png	220292	139579	142488
o_1212.png.scale72x96.png	16581	13255	13020
o_1212.png.scale192x256.png	114821	86200	82194
o_1212.png.scale96x128.png	29170	22867	22372
o_1212.png.scale384x512.png	440028	312783	312756
o_1214.png.scale108x128.png	34186	25916	26056
o_1060.png.scale576x768.png	673469	413501	457870
o_1212.png.scale144x192.png	64510	49145	48102
o_1214.png.scale54x64.png	8761	6923	7090
o_1214.png.scale216x256.png	133499	96877	95554
o_1212.png.scale288x384.png	253225	184106	178460
o_1205.png.scale480x640.png	618362	377792	395686
o_1068.png.scale672x896.png	918453	657421	733854
o_1214.png.scale81x96.png	19424	15034	15220
o_1212.png.scale480x640.png	673674	472273	480258
o_1214.png.scale432x512.png	524660	361047	365780
o_1205.png.scale768x1024.png	1615295	943243	1007578
o_1060.png.scale672x896.png	906975	549871	611000
o_1220.png.scale48x64.png	7394	5702	5858
o_1214.png.scale162x192.png	75731	55840	56374
o_1220.png.scale192x256.png	113955	82115	81346
o_1200.png.scale768x576.png	951272	649894	668488
o_1220.png.scale72x96.png	16277	12348	12610
o_1220.png.scale96x128.png	28671	21520	21826
o_1212.png.scale768x1024.png	1640470	1104480	1171792
o_1220.png.scale384x512.png	466380	320177	320572
o_1224.png.scale128x96.png	24318	15882	16182
o_1214.png.scale756x896.png	1570869	997633	1065130
o_1220.png.scale144x192.png	64169	47084	47498
o_1224.png.scale256x192.png	88638	56026	57730
o_1056.png.scale672x896.png	980499	641296	698764
o_1224.png.scale64x48.png	6826	4626	4778
o_1205.png.scale576x768.png	898087	540581	567780
o_1214.png.scale324x384.png	297520	210300	209040
o_1220.png.scale288x384.png	258689	181969	179724
o_1224.png.scale192x144.png	51794	33265	34026
o_1224.png.scale96x72.png	14338	9533	9700
o_1220.png.scale480x640.png	736432	494711	495160
o_1228.png.scale128x96.png	26239	19767	20182
o_1214.png.scale540x640.png	813725	548188	559226
o_1212.png.scale576x768.png	952660	662041	676988
o_1200.png.scale896x672.png	1285083	859241	894502
o_1228.png.scale64x48.png	7304	5815	5990
o_1224.png.scale512x384.png	330583	201239	214434
o_1214.png.scale864x1024.png	2034483	1259290	1358166
o_1228.png.scale256x192.png	92398	66095	67446
o_1228.png.scale96x72.png	15388	11949	12186
o_1228.png.scale192x144.png	54934	40105	40974
o_1220.png.scale768x1024.png	1895449	1168746	1224308
o_1239.png.scale128x96.png	29171	22377	22626
o_1224.png.scale384x288.png	190454	117880	123030
o_1239.png.scale256x192.png	113929	84028	81390
o_1214.png.scale648x768.png	1162972	760027	789576
o_1239.png.scale64x48.png	7432	5842	6020
o_1224.png.scale1024x768.png	1283977	724600	815458
o_1224.png.scale640x480.png	509313	303270	328104
o_1228.png.scale512x384.png	327384	222080	237386
o_1239.png.scale96x72.png	16486	12734	12942
o_1239.png.scale192x144.png	65017	49032	49114
o_1212.png.scale672x896.png	1275687	871951	902368
o_1205.png.scale672x896.png	1230668	730353	768752
o_1242.png.scale192x256.png	84536	57833	59438
o_1239.png.scale512x384.png	427537	295091	298268
o_1242.png.scale48x64.png	6820	4851	5044
o_1220.png.scale576x768.png	1065873	694054	703180
o_1228.png.scale1024x768.png	1176375	741130	844620
o_1228.png.scale384x288.png	193492	134088	138860
o_1242.png.scale72x96.png	14298	10140	10378
o_1242.png.scale96x128.png	24140	16936	17254
o_1242.png.scale144x192.png	50232	34654	35528
o_1239.png.scale384x288.png	248035	176579	174712
o_1228.png.scale640x480.png	493598	326438	357290
o_1402.png.scale128x96.png	22313	16237	16484
o_1239.png.scale1024x768.png	1560446	987015	1059838
o_1239.png.scale640x480.png	649966	436901	448508
o_1402.png.scale64x48.png	5952	4439	4590
o_1242.png.scale384x512.png	306639	204939	216372
o_1402.png.scale256x192.png	84041	60738	60528
o_1402.png.scale96x72.png	12852	9393	9686
o_1402.png.scale192x144.png	48503	34934	35672
o_1224.png.scale768x576.png	727555	424603	463734
o_1405.png.scale128x96.png	20973	13260	14210
o_1402.png.scale512x384.png	329496	233375	236344
o_1405.png.scale192x144.png	45297	28089	30246
o_1405.png.scale256x192.png	78287	48191	51968
o_1242.png.scale480x640.png	468071	307343	329876
o_1402.png.scale384x288.png	185363	133274	133810
o_1242.png.scale288x384.png	178282	120831	124430
o_1405.png.scale64x48.png	5797	3718	4026
o_1402.png.scale1024x768.png	1326344	861754	915282
o_1405.png.scale96x72.png	12279	7795	8442
o_1220.png.scale672x896.png	1453204	920958	944494
o_1239.png.scale768x576.png	913164	602222	626296
o_1413.png.scale128x96.png	27263	20405	21064
o_1402.png.scale640x480.png	515567	358573	367454
o_1405.png.scale512x384.png	302996	179074	200716
o_1224.png.scale896x672.png	985141	565059	622964
o_1413.png.scale64x48.png	7349	5661	5900
o_1405.png.scale384x288.png	171693	103512	113356
o_1405.png.scale1024x768.png	1220662	711881	789184
o_1228.png.scale768x576.png	689693	447783	496272
o_1413.png.scale256x192.png	102146	75167	75722
o_1413.png.scale96x72.png	15771	11987	12352
o_1405.png.scale640x480.png	470760	272864	308414
o_1239.png.scale896x672.png	1217048	785195	827276
o_1242.png.scale768x1024.png	1161964	725807	805210
o_1420.png.scale48x64.png	8354	7231	7682
o_1420.png.scale192x256.png	113324	85251	86728
o_1402.png.scale768x576.png	744371	507378	523844
o_1413.png.scale512x384.png	394730	283279	289560
o_1420.png.scale72x96.png	18061	15173	15836
o_1242.png.scale576x768.png	664197	429662	464034
o_1413.png.scale192x144.png	58681	43711	44988
o_1420.png.scale384x512.png	410306	285476	299862
o_1420.png.scale96x128.png	31134	25425	26280
o_1420.png.scale144x192.png	66375	51924	53208
o_1228.png.scale896x672.png	917122	585855	653570
o_1423.png.scale192x256.png	125309	103381	100418
o_1423.png.scale48x64.png	7706	6673	6812
o_1405.png.scale768x576.png	678513	388180	440622
o_1423.png.scale72x96.png	17226	14753	14928
o_1413.png.scale640x480.png	614531	436364	444304
o_1402.png.scale896x672.png	1015012	676575	705804
o_1413.png.scale384x288.png	224032	162332	164904
o_1413.png.scale1024x768.png	1562862	1054116	1104790
o_1423.png.scale96x128.png	30740	26060	26334
o_1423.png.scale384x512.png	510376	401188	395224
o_1420.png.scale288x384.png	240241	171793	176476
o_1427.png.scale48x64.png	8588	7268	7674
o_1423.png.scale144x192.png	69836	58523	58640
o_1427.png.scale192x256.png	129400	101847	106190
o_1420.png.scale480x640.png	621948	423928	452006
o_1242.png.scale672x896.png	895146	567748	619796
o_1427.png.scale72x96.png	19026	16026	16748
o_1427.png.scale96x128.png	33486	27814	29254
o_1405.png.scale896x672.png	928836	524649	596744
o_1437.png.scale192x256.png	99286	75243	75998
o_1420.png.scale768x1024.png	1492418	969058	1062222
o_1423.png.scale768x1024.png	2099279	1512539	1535774
o_1437.png.scale48x64.png	7407	5933	6252
o_1423.png.scale480x640.png	804065	618992	613084
o_1427.png.scale144x192.png	74043	59894	63442
o_1427.png.scale384x512.png	486858	347139	374042
o_1437.png.scale72x96.png	15878	12553	13000
o_1423.png.scale288x384.png	284746	229985	224204
o_1413.png.scale768x576.png	883986	617886	633880
o_1437.png.scale96x128.png	27364	21322	21918
o_1437.png.scale144x192.png	58028	44684	46154
o_1441.png.scale128x96.png	30136	22309	22564
o_1437.png.scale384x512.png	365769	264462	273256
o_1423.png.scale576x768.png	1166063	880676	875606
o_1427.png.scale288x384.png	281817	210666	221954
o_1441.png.scale64x48.png	7547	5758	5932
o_1427.png.scale480x640.png	741438	508861	559472
o_1441.png.scale256x192.png	116763	85613	84668
o_1427.png.scale768x1024.png	1776032	1134565	1279278
o_1441.png.scale96x72.png	16784	12573	12872
o_1437.png.scale288x384.png	211987	157176	160198
o_1420.png.scale576x768.png	873649	589227	626878
o_1442.png.scale128x96.png	16222	12258	13252
o_1427.png.scale576x768.png	1042247	698565	770046
o_1437.png.scale480x640.png	561438	396209	413410
o_1442.png.scale256x192.png	54389	39801	42498
o_1442.png.scale64x48.png	4830	3844	4206
o_1413.png.scale896x672.png	1200497	827183	851856
o_1442.png.scale192x144.png	33046	24549	26358
o_1442.png.scale96x72.png	9825	7532	8248
o_1441.png.scale512x384.png	435982	313556	321002
o_1441.png.scale192x144.png	66995	49468	49470
o_1442.png.scale512x384.png	179298	123231	137956
o_1453.png.scale192x256.png	101176	63168	64930
o_1441.png.scale1024x768.png	1593764	1057245	1146874
o_1442.png.scale384x288.png	109839	77558	85398
o_1453.png.scale48x64.png	6991	4628	4824
o_1442.png.scale640x480.png	260751	173181	198952
o_1442.png.scale1024x768.png	565469	348173	420096
o_1423.png.scale672x896.png	1597693	1179241	1182796
o_1453.png.scale72x96.png	15321	10046	10358
o_1441.png.scale384x288.png	252766	184691	184932
o_1437.png.scale768x1024.png	1399134	928507	993854
o_1453.png.scale144x192.png	58354	37008	38292
o_1453.png.scale96x128.png	26809	17225	17758
o_1461.png.scale192x256.png	65331	42707	44150
o_1461.png.scale48x64.png	5177	3344	3618
o_1453.png.scale384x512.png	383237	224024	240794
o_1441.png.scale640x480.png	664049	469349	486014
o_1461.png.scale72x96.png	10665	6933	7350
o_1461.png.scale144x192.png	38037	24724	25836
o_1461.png.scale96x128.png	18066	11631	12220
o_1461.png.scale384x512.png	242651	157976	169650
o_1453.png.scale288x384.png	219858	132973	139686
o_1437.png.scale576x768.png	800006	553537	578514
o_1462.png.scale144x192.png	42578	27722	28886
o_1420.png.scale672x896.png	1164538	770900	826026
o_1453.png.scale480x640.png	590520	336504	364720
o_1441.png.scale768x576.png	934637	647723	678514
o_1462.png.scale48x64.png	5907	3914	4000
o_1462.png.scale192x256.png	71183	46602	48114
o_1461.png.scale288x384.png	140317	91599	96230
o_1462.png.scale72x96.png	12281	8002	8164
o_1442.png.scale768x576.png	352976	225361	265094
o_1462.png.scale96x128.png	20690	13334	13746
o_1461.png.scale480x640.png	373184	240858	260766
o_1453.png.scale768x1024.png	1460264	806937	886856
o_1462.png.scale384x512.png	252722	168976	181934
o_1463.png.scale48x64.png	6022	4597	4786
o_1427.png.scale672x896.png	1388001	906815	1006896
o_1463.png.scale192x256.png	89286	66674	66152
o_1463.png.scale72x96.png	13118	9844	10152
o_1453.png.scale576x768.png	840957	470863	515010
o_1437.png.scale672x896.png	1079337	731330	770586
o_1463.png.scale384x512.png	351897	261730	261462
o_1462.png.scale288x384.png	148610	98468	104366
o_1463.png.scale96x128.png	22976	17167	17606
o_1462.png.scale480x640.png	388077	255564	278702
o_1463.png.scale144x192.png	50873	37879	38786
o_1461.png.scale768x1024.png	948528	576956	659966
o_1464.png.scale48x64.png	8260	7177	7672
o_1463.png.scale288x384.png	198718	148932	148006
o_1464.png.scale72x96.png	18442	15772	16420
o_1462.png.scale768x1024.png	969089	612782	690312
o_1463.png.scale480x640.png	550816	402911	403504
o_1442.png.scale896x672.png	454941	285759	337056
o_1464.png.scale192x256.png	122559	98714	101626
o_1467.png.scale192x256.png	100948	71662	71854
o_1441.png.scale896x672.png	1245041	845349	896692
o_1464.png.scale96x128.png	32483	27294	28450
o_1453.png.scale672x896.png	1131383	630980	688350
o_1467.png.scale48x64.png	6717	4969	5236
o_1464.png.scale384x512.png	459330	338046	360308
o_1467.png.scale72x96.png	14658	10680	11112
o_1461.png.scale576x768.png	535317	335405	372244
o_1462.png.scale576x768.png	550362	353955	396198
o_1464.png.scale480x640.png	698513	497487	540126
o_1464.png.scale144x192.png	70533	58263	60698
o_1467.png.scale96x128.png	25868	18546	19354
o_1467.png.scale144x192.png	57262	40880	42298
o_1463.png.scale768x1024.png	1422251	993673	1015912
o_1471.png.scale128x96.png	23255	16103	15974
o_1463.png.scale576x768.png	796426	571275	577548
o_1471.png.scale64x48.png	6275	4458	4330
o_1467.png.scale384x512.png	396921	276053	280660
o_1471.png.scale256x192.png	87053	60640	60750
o_1471.png.scale96x72.png	13424	9368	9226
o_1471.png.scale192x144.png	49946	34828	35060
o_1467.png.scale288x384.png	225109	158246	159792
o_1472.png.scale128x96.png	18666	13381	13780
o_1471.png.scale512x384.png	330493	236729	241844
o_1467.png.scale480x640.png	615950	423027	430286
o_1472.png.scale256x192.png	63344	43397	45778
o_1464.png.scale288x384.png	266439	204293	212862
o_1472.png.scale64x48.png	5426	4117	4172
o_1462.png.scale672x896.png	744316	475235	531688
o_1464.png.scale768x1024.png	1681400	1113130	1252268
o_1467.png.scale768x1024.png	1545929	1004800	1060418
o_1472.png.scale96x72.png	11229	8195	8312
o_1472.png.scale192x144.png	38160	26597	27390
o_1461.png.scale672x896.png	726241	449118	505408
o_1471.png.scale640x480.png	508244	365245	374936
o_1471.png.scale384x288.png	189237	134244	135714
o_1464.png.scale576x768.png	982816	682894	747338
o_1479.png.scale128x96.png	27274	21893	22580
o_1479.png.scale64x48.png	7177	5843	6100
o_1467.png.scale576x768.png	881787	597022	611170
o_1471.png.scale1024x768.png	1266837	865654	925538
o_1479.png.scale256x192.png	106083	84092	83844
o_1472.png.scale512x384.png	222656	143790	159484
o_1479.png.scale96x72.png	15586	12626	13122
o_1472.png.scale384x288.png	131504	86541	93662
o_1463.png.scale672x896.png	1086721	764533	781316
o_1480.png.scale128x96.png	16025	11547	12144
o_1479.png.scale192x144.png	60079	48082	49516
o_1472.png.scale640x480.png	336575	212757	237680
o_1480.png.scale256x192.png	60276	43578	45022
o_1480.png.scale64x48.png	4368	3296	3508
o_1472.png.scale1024x768.png	816163	487222	568918
o_1480.png.scale192x144.png	34687	24798	26360
o_1480.png.scale96x72.png	9242	6795	7194
o_1479.png.scale512x384.png	421447	317437	326040
o_1480.png.scale512x384.png	235254	169510	178054
o_1481.png.scale192x256.png	90673	66275	65734
o_1481.png.scale144x192.png	52178	37618	38368
o_1481.png.scale48x64.png	6336	4620	4820
o_1480.png.scale384x288.png	132775	97366	101236
o_1471.png.scale768x576.png	725095	509643	533552
o_1481.png.scale72x96.png	13662	9916	10108
o_1480.png.scale640x480.png	365728	258789	275780
o_1481.png.scale96x128.png	23750	17166	17312
o_1479.png.scale640x480.png	658426	484708	500260
o_1481.png.scale384x512.png	358663	260617	262936
o_1479.png.scale384x288.png	237082	184554	185462
o_1471.png.scale896x672.png	977256	678578	715810
o_1484.png.scale192x256.png	64357	46027	47024
o_1484.png.scale48x64.png	4740	3445	3650
o_1480.png.scale1024x768.png	922873	629087	678056
o_1479.png.scale1024x768.png	1684877	1155423	1236818
o_1484.png.scale72x96.png	9984	7128	7442
o_1484.png.scale144x192.png	36540	25888	27196
o_1467.png.scale672x896.png	1191848	791986	818996
o_1484.png.scale96x128.png	17202	12085	12644
o_1481.png.scale288x384.png	201872	148630	147968
o_1481.png.scale480x640.png	558078	400402	408124
o_1480.png.scale768x576.png	523789	358816	391540
o_1484.png.scale384x512.png	255658	188506	195302
o_1492.png.scale48x64.png	6697	5350	5444
o_1472.png.scale768x576.png	473549	290849	332510
o_1464.png.scale672x896.png	1311294	889423	981506
o_1492.png.scale192x256.png	96995	74258	73170
o_1484.png.scale288x384.png	142851	104528	108030
o_1492.png.scale72x96.png	14548	11433	11656
o_1492.png.scale96x128.png	25413	19742	19840
o_1484.png.scale480x640.png	402571	293859	306478
o_1481.png.scale768x1024.png	1420591	953781	1018344
o_1492.png.scale384x512.png	375669	275096	280164
o_1492.png.scale144x192.png	55499	42741	43038
o_1497.png.scale45x64.png	7482	6379	6716
o_1497.png.scale180x256.png	106326	79280	82104
o_1481.png.scale576x768.png	802717	564550	582594
o_1497.png.scale67x96.png	16329	13638	14106
o_1484.png.scale768x1024.png	1044840	717390	771570
o_1492.png.scale288x384.png	213725	161010	159764
o_1497.png.scale360x512.png	367564	244628	270822
o_1497.png.scale90x128.png	28681	23342	24234
o_1506.png.scale128x96.png	20849	13911	14316
o_1497.png.scale135x192.png	62277	48288	50308
o_1472.png.scale896x672.png	632546	382568	439194
o_1480.png.scale896x672.png	709273	476170	523606
o_1479.png.scale768x576.png	949041	680606	709092
o_1506.png.scale64x48.png	5765	3936	4078
o_1497.png.scale270x384.png	221533	154752	165128
o_1506.png.scale256x192.png	75971	48781	51102
o_1492.png.scale480x640.png	581872	417766	426174
o_1484.png.scale576x768.png	583073	419829	440144
o_1506.png.scale96x72.png	12266	8222	8504
o_1497.png.scale449x640.png	540208	348557	394646
o_1506.png.scale192x144.png	44455	28861	30148
o_1492.png.scale768x1024.png	1470439	987705	1048092
o_1508.png.scale128x96.png	22123	14754	15298
o_1508.png.scale256x192.png	81051	49940	53790
o_1506.png.scale512x384.png	279033	173518	188374
o_1508.png.scale64x48.png	6015	4231	4340
o_1508.png.scale192x144.png	47436	30308	32182
o_1508.png.scale96x72.png	12857	8801	9014
o_1506.png.scale384x288.png	162156	102166	109006
o_1508.png.scale384x288.png	170839	101421	112706
o_1508.png.scale512x384.png	289625	167843	191010
o_1506.png.scale640x480.png	426765	258665	286002
o_1506.png.scale1024x768.png	1046616	599954	695532
o_1497.png.scale719x1024.png	1214177	742061	871186
o_1508.png.scale640x480.png	437170	248270	285972
o_1529.png.scale48x64.png	5282	3766	3740
o_1529.png.scale192x256.png	77139	51049	51992
o_1529.png.scale72x96.png	11524	8039	7976
o_1481.png.scale672x896.png	1090564	746039	784976
o_1529.png.scale144x192.png	44327	29745	30352
o_1484.png.scale672x896.png	795900	559230	594254
o_1529.png.scale96x128.png	20204	13940	13876
o_1492.png.scale576x768.png	833592	586248	603076
o_1529.png.scale384x512.png	288195	180491	192568
o_1544.png.scale48x64.png	7223	5564	6016
o_1544.png.scale192x256.png	86979	57173	61930
o_1508.png.scale1024x768.png	1043420	579979	686038
o_1497.png.scale539x768.png	740213	469522	534432
o_1479.png.scale896x672.png	1291112	905628	952496
o_1544.png.scale72x96.png	15220	11232	11984
o_1544.png.scale96x128.png	25585	18305	19620
o_1529.png.scale480x640.png	435800	268707	290540
o_1506.png.scale768x576.png	603430	358464	402522
o_1544.png.scale384x512.png	287375	176424	200898
o_1551.png.scale128x96.png	14389	10468	10944
o_1529.png.scale288x384.png	166040	107690	112314
o_1497.png.scale629x896.png	965137	601316	690286
o_1551.png.scale64x48.png	4258	3131	3100
o_1544.png.scale144x192.png	52515	35869	38628
o_1529.png.scale768x1024.png	1024275	604343	676220
o_1551.png.scale256x192.png	52363	38165	39964
o_1551.png.scale96x72.png	8536	6260	6374
o_1544.png.scale288x384.png	174644	109789	122332
o_1551.png.scale192x144.png	30433	22229	23426
o_1551.png.scale512x384.png	200149	139617	153340
o_1556.png.scale30x64.png	5010	3148	3110
o_1508.png.scale768x576.png	611825	346028	398158
o_1551.png.scale384x288.png	114100	82179	87702
o_1556.png.scale45x96.png	10478	6487	6676
o_1544.png.scale480x640.png	425088	254961	296268
o_1529.png.scale576x768.png	610923	368942	403940
o_1551.png.scale1024x769.png	786084	499462	584048
o_1556.png.scale60x128.png	17994	10830	11328
o_1556.png.scale299x640.png	392385	211516	231772
o_1556.png.scale179x384.png	146350	81595	87296
o_1551.png.scale640x480.png	310351	209470	235048
o_1606.png.scale128x79.png	24394	20429	21560
o_1556.png.scale120x256.png	67494	38645	41030
o_1556.png.scale90x192.png	39058	22642	23974
o_1606.png.scale64x40.png	6734	5880	6286
o_1492.png.scale672x896.png	1129815	777711	807820
o_1556.png.scale359x768.png	557657	296721	328020
o_1606.png.scale96x60.png	14405	12257	13008
o_1544.png.scale768x1024.png	988942	577398	687466
o_1606.png.scale192x119.png	52099	42373	44332
o_1551.png.scale768x577.png	444190	291357	333020
o_1607.png.scale192x256.png	84044	59772	62080
o_1506.png.scale896x672.png	809880	473310	537232
o_1607.png.scale48x64.png	7086	5475	5860
o_1556.png.scale239x512.png	254953	139506	151376
o_1544.png.scale576x768.png	587516	348386	406288
o_1606.png.scale384x238.png	184943	142427	146652
o_1556.png.scale419x896.png	746174	394438	438652
o_1607.png.scale72x96.png	14750	11135	11728
o_1606.png.scale640x397.png	468546	337812	364464
o_1607.png.scale96x128.png	24707	18315	19184
o_1607.png.scale144x192.png	50773	36581	38318
o_1508.png.scale896x672.png	814020	449962	523500
o_1609.png.scale128x96.png	27546	20007	20850
o_1607.png.scale384x512.png	289436	201245	214454
o_1529.png.scale672x896.png	806973	482744	531778
o_1609.png.scale64x48.png	7732	5970	6350
o_1609.png.scale256x192.png	99427	68009	70270
o_1606.png.scale768x477.png	652269	457472	501236
o_1609.png.scale192x144.png	58462	40741	42460
o_1606.png.scale256x159.png	88342	70538	73586
o_1609.png.scale96x72.png	16331	12064	12754
o_1625.png.scale192x256.png	78715	49698	51984
o_1544.png.scale672x896.png	774730	457299	533814
o_1551.png.scale896x673.png	603042	388353	447526
o_1607.png.scale480x640.png	434838	300148	322080
o_1556.png.scale478x1024.png	954838	502296	564936
o_1607.png.scale288x384.png	172466	120275	126224
o_1625.png.scale48x64.png	6565	4423	4642
o_1609.png.scale512x384.png	360537	232106	251166
o_1625.png.scale72x96.png	13325	8893	9116
o_1609.png.scale384x288.png	211139	138674	146242
o_1625.png.scale96x128.png	22169	14622	14948
o_1625.png.scale144x192.png	46432	29691	30664
o_1606.png.scale512x318.png	312854	232227	244006
o_1627.png.scale192x256.png	81104	50460	53686
o_1627.png.scale48x64.png	6630	4708	4932
o_1625.png.scale384x512.png	294162	181890	196344
o_1607.png.scale768x1024.png	1041905	693602	765082
o_1627.png.scale72x96.png	13767	9297	9872
o_1625.png.scale288x384.png	168863	105423	111654
o_1609.png.scale640x480.png	546650	344857	376954
o_1609.png.scale1024x768.png	1296519	781021	893774
o_1627.png.scale96x128.png	23155	15163	15988
o_1627.png.scale144x192.png	48018	30644	32282
o_1627.png.scale384x512.png	291722	177153	192672
o_1606.png.scale896x556.png	860973	594946	652756
o_1625.png.scale480x640.png	453921	280393	302982
o_1628.png.scale48x64.png	7431	5566	6002
o_1628.png.scale192x256.png	97329	67230	68710
o_1628.png.scale72x96.png	15871	11724	12342
o_1627.png.scale288x384.png	171109	104205	112436
o_1627.png.scale480x640.png	442833	266978	291936
o_1607.png.scale576x768.png	608638	417202	448034
o_1628.png.scale144x192.png	57656	40315	42068
o_1628.png.scale96x128.png	27186	19614	20428
o_1628.png.scale384x512.png	345974	238126	247292
o_1638.png.scale192x256.png	92937	66910	70044
o_1638.png.scale48x64.png	7221	5608	6004
o_1625.png.scale768x1024.png	1168732	714069	765174
o_1625.png.scale576x768.png	653159	399516	432482
o_1628.png.scale288x384.png	204345	139852	143782
o_1638.png.scale72x96.png	15438	11649	12236
o_1638.png.scale144x192.png	55279	40420	42166
o_1638.png.scale384x512.png	327095	225161	244028
o_1638.png.scale96x128.png	26386	19617	20500
o_1609.png.scale768x576.png	766362	476023	525632
o_1606.png.scale1024x636.png	1096042	739095	816862
o_1607.png.scale672x896.png	809711	547524	591870
o_1628.png.scale480x640.png	523001	356342	373510
o_2001.png.scale47x64.png	6895	5144	5494
o_2001.png.scale189x256.png	83037	60507	61858
o_1627.png.scale768x1024.png	1084099	645518	714230
o_2001.png.scale71x96.png	14140	10372	10898
o_2001.png.scale142x192.png	49014	35576	37060
o_2003.png.scale102x128.png	20846	15324	16362
o_2001.png.scale95x128.png	23555	17140	17958
o_1627.png.scale576x768.png	625314	374775	412092
o_1628.png.scale768x1024.png	1255866	825083	892526
o_2001.png.scale379x512.png	313243	233778	238648
o_2003.png.scale205x256.png	79010	61091	61878
o_2003.png.scale51x64.png	6034	4535	4912
o_1638.png.scale480x640.png	491114	330335	364460
o_2001.png.scale284x384.png	179229	132688	135582
o_1638.png.scale288x384.png	194232	136204	144042
o_2003.png.scale77x96.png	12404	9193	9884
o_2001.png.scale473x640.png	486885	357157	367900
o_1628.png.scale576x768.png	733493	495385	522724
o_2003.png.scale154x192.png	45135	34454	35336
o_2003.png.scale410x512.png	317538	259209	261628
o_2004.png.scale171x256.png	75112	53085	53940
o_2004.png.scale43x64.png	5903	4139	4534
o_2004.png.scale128x192.png	43488	30258	31718
o_2003.png.scale307x384.png	177259	141043	143124
o_1625.png.scale672x896.png	891750	537777	584466
o_2004.png.scale64x96.png	12083	8429	9030
o_2004.png.scale85x128.png	20293	14118	15028
o_2003.png.scale512x640.png	496047	410538	412042
o_2001.png.scale757x1024.png	1271599	864902	915360
o_1609.png.scale896x672.png	1017671	623863	693032
o_1638.png.scale768x1024.png	1163999	747039	844878
o_2004.png.scale341x512.png	286928	213608	216602
o_2010.png.scale102x128.png	28798	22427	22806
o_2004.png.scale256x384.png	163763	118993	120634
o_2010.png.scale51x64.png	7609	6130	6330
o_2001.png.scale568x768.png	702300	508067	525168
o_1627.png.scale672x896.png	839537	499856	552278
o_2010.png.scale77x96.png	16718	13185	13510
o_2010.png.scale205x256.png	109388	82957	82862
o_2012.png.scale128x96.png	15351	6937	7034
o_2004.png.scale427x640.png	447621	337355	341186
o_1638.png.scale576x768.png	685230	454821	503058
o_2012.png.scale192x144.png	30641	13915	14434
o_2010.png.scale154x192.png	63389	48514	49098
o_2003.png.scale614x768.png	709877	593451	591262
o_2012.png.scale64x48.png	4999	2042	2162
o_2004.png.scale683x1024.png	1162429	854414	884906
o_2003.png.scale819x1024.png	1228348	1035525	1042496
o_2012.png.scale256x192.png	49861	23161	24080
o_2012.png.scale96x72.png	9675	4132	4264
o_2010.png.scale410x512.png	416715	302595	312338
o_2202.png.scale128x128.png	21630	13985	14472
o_2010.png.scale307x384.png	237977	176050	178248
o_2010.png.scale512x640.png	644779	460973	483506
o_2012.png.scale512x384.png	174181	83751	88284
o_2012.png.scale384x288.png	103530	48631	50916
o_1628.png.scale672x896.png	977768	651624	692290
o_2202.png.scale64x64.png	6160	4150	4086
o_2004.png.scale512x768.png	644410	486836	492722
o_2202.png.scale192x192.png	46834	29999	32176
o_2012.png.scale1024x768.png	632134	313824	328728
o_2012.png.scale640x480.png	264111	127635	132150
o_2202.png.scale96x96.png	12723	8425	8430
o_2202.png.scale256x256.png	82166	52484	55952
o_2010.png.scale819x1024.png	1652374	1138064	1220490
o_2210.png.scale102x128.png	19000	9604	10048
o_2210.png.scale51x64.png	3588	1852	1818
o_2210.png.scale205x256.png	96434	46556	50688
o_2202.png.scale512x512.png	319442	203656	223448
o_1638.png.scale672x896.png	909296	591361	659996
o_2210.png.scale77x96.png	9416	4897	4952
o_2012.png.scale768x576.png	368982	180776	186448
o_2210.png.scale154x192.png	50003	24933	26534
o_2001.png.scale663x896.png	964045	675479	704492
o_2003.png.scale717x896.png	955855	804079	799580
o_2012.png.scale896x672.png	490924	242189	250678
o_2403.png.scale48x64.png	8531	4884	5256
o_2010.png.scale614x768.png	925576	656294	688770
o_2403.png.scale192x256.png	98473	57451	64380
o_2202.png.scale384x384.png	181587	116774	126092
o_2403.png.scale144x192.png	60491	34906	38826
o_2403.png.scale72x96.png	17777	10083	11038
o_2210.png.scale307x384.png	231648	107244	118170
o_2210.png.scale410x512.png	412431	188778	211762
o_2202.png.scale1024x1024.png	1286887	825083	876810
o_2403.png.scale96x128.png	29621	17054	18914
o_2202.png.scale640x640.png	497602	316952	345318
o_2405.png.scale36x64.png	4285	3386	3360
o_2004.png.scale597x896.png	881487	658590	670820
o_2403.png.scale384x512.png	321203	186791	217850
o_2405.png.scale54x96.png	10255	8079	8126
o_2405.png.scale108x192.png	46048	36857	37768
o_2210.png.scale512x640.png	628227	285452	324912
o_2405.png.scale72x128.png	19179	15127	15278
o_2202.png.scale896x896.png	980877	622674	675478
o_2403.png.scale480x640.png	472221	271127	323704
o_2403.png.scale288x384.png	196501	114470	131018
o_2407.png.scale171x256.png	64931	43441	41634
o_2407.png.scale43x64.png	4472	3550	3430
o_2407.png.scale128x192.png	36715	25279	24382
o_2210.png.scale614x768.png	871627	403261	456312
o_2407.png.scale341x512.png	253960	166496	164744
o_2405.png.scale216x384.png	201376	163230	164546
o_2407.png.scale64x96.png	9610	7279	6864
o_2210.png.scale819x1024.png	1443093	668909	793442
o_2403.png.scale768x1024.png	1065849	589237	727260
o_2407.png.scale85x128.png	16644	11891	11498
o_2407.png.scale427x640.png	394025	257463	257098
o_2403.png.scale576x768.png	648195	365530	440946
o_2407.png.scale256x384.png	144397	94184	91876
o_2409.png.scale43x64.png	5085	4248	4296
o_2405.png.scale360x640.png	579480	473551	480528
o_2409.png.scale171x256.png	93561	78352	72144
o_2409.png.scale64x96.png	11232	9321	9284
o_2010.png.scale717x896.png	1262966	881765	932388
o_2409.png.scale85x128.png	20355	16875	16716
o_2202.png.scale768x768.png	718120	443227	494878
o_2409.png.scale128x192.png	49309	41036	39864
o_2409.png.scale341x512.png	431339	365608	332588
o_2405.png.scale432x768.png	839899	683902	704392
o_3001.png.scale196x256.png	59732	42817	44308
o_3001.png.scale49x64.png	4460	3418	3608
o_2405.png.scale144x256.png	85402	68682	70568
o_3001.png.scale73x96.png	9252	6933	7262
o_2407.png.scale512x768.png	562572	365347	370628
o_2409.png.scale427x640.png	692996	591257	535902
o_3001.png.scale147x192.png	34082	24897	25784
o_2407.png.scale683x1024.png	982749	655757	670796
o_3001.png.scale98x128.png	15796	11713	12290
o_3001.png.scale392x512.png	245964	180278	182570
o_3003.png.scale128x91.png	17901	12809	13024
o_2409.png.scale256x384.png	230617	195821	177968
o_3003.png.scale256x181.png	70410	49885	50194
o_3003.png.scale64x45.png	4585	3300	3456
o_3003.png.scale192x136.png	39710	27844	28676
o_2409.png.scale683x1024.png	1792460	1499719	1395246
o_2405.png.scale288x512.png	366462	297875	303918
o_3003.png.scale96x68.png	10131	7324	7476
o_2409.png.scale512x768.png	1007917	854466	780284
o_3001.png.scale294x384.png	135267	97494	100220
o_2210.png.scale717x896.png	1143860	529484	610186
o_3006.png.scale128x95.png	25172	17856	18004
o_3001.png.scale490x640.png	395098	293470	295856
o_2405.png.scale504x896.png	1147475	935971	969940
o_3006.png.scale64x48.png	6860	5057	5178
o_3006.png.scale256x191.png	97198	65534	66990
o_3003.png.scale512x362.png	290097	203171	206542
o_3006.png.scale96x72.png	14716	10526	10696
o_3001.png.scale784x1024.png	1096846	817908	828010
o_2407.png.scale597x896.png	758032	503618	505872
o_3006.png.scale192x143.png	55523	37989	38892
o_3003.png.scale384x272.png	160578	113101	114618
o_2403.png.scale672x896.png	846294	471581	573430
o_3008.png.scale128x92.png	22202	16858	17542
o_3003.png.scale1024x725.png	1191529	788228	829202
o_3001.png.scale588x768.png	585838	437833	441412
o_3008.png.scale64x46.png	6070	4700	4960
o_3006.png.scale512x381.png	381610	250868	260284
o_3003.png.scale640x453.png	458965	317470	324826
o_3008.png.scale96x69.png	12922	9919	10390
o_3008.png.scale256x185.png	83954	61966	63668
o_3009.png.scale14x64.png	2358	1745	1818
o_3003.png.scale768x544.png	666324	457663	469136
o_3001.png.scale686x896.png	819194	614055	618002
o_3008.png.scale512x369.png	317616	232121	240266
o_3009.png.scale115x512.png	115356	77891	78730
o_3009.png.scale22x96.png	5093	3760	3786
o_3009.png.scale29x128.png	8517	6197	6174
o_3006.png.scale1024x763.png	1469795	917412	994518
o_3009.png.scale43x192.png	17720	12584	12608
o_3008.png.scale192x138.png	47986	35855	37552
o_3006.png.scale640x477.png	591892	384951	403014
o_3006.png.scale384x286.png	216474	142708	146558
o_3009.png.scale58x256.png	30737	21347	21488
o_2409.png.scale597x896.png	1374202	1159822	1065946
o_3008.png.scale384x277.png	183000	133705	138066
o_3010.png.scale50x64.png	6568	5944	6142
o_3010.png.scale100x128.png	27403	25491	25574
o_3008.png.scale640x461.png	486234	356998	369370
o_3010.png.scale201x256.png	110561	101462	98704
o_3010.png.scale75x96.png	15109	13975	14088
o_3009.png.scale87x384.png	66688	45438	45880
o_3009.png.scale202x896.png	338318	224213	232938
o_3014.png.scale128x106.png	14126	9459	10570
o_3009.png.scale144x640.png	177598	119539	121256
o_3010.png.scale402x512.png	428430	374491	375916
o_3008.png.scale1024x738.png	1195437	867617	912980
o_3009.png.scale231x1024.png	436721	285947	299044
o_3014.png.scale256x212.png	55069	35061	38890
o_3014.png.scale64x53.png	3990	2811	3192
o_3014.png.scale192x159.png	31389	20004	22850
o_3014.png.scale96x79.png	8178	5551	6288
o_3008.png.scale768x554.png	690388	507279	525382
o_3010.png.scale502x640.png	662400	570058	577026
o_3301.png.scale108x128.png	13943	6507	6852
o_3010.png.scale151x192.png	62678	58204	58166
o_3301.png.scale162x192.png	28269	13817	14578
o_3006.png.scale768x572.png	844168	540587	570494
o_3301.png.scale54x64.png	4345	1826	2010
o_3009.png.scale173x768.png	251929	168370	171720
o_3301.png.scale215x256.png	48273	23935	25240
o_3014.png.scale512x424.png	212070	134019	148250
o_3301.png.scale81x96.png	8479	3925	4070
o_3010.png.scale804x1024.png	1675401	1396064	1431616
o_3302.png.scale128x86.png	14402	6722	7006
o_3010.png.scale301x384.png	243947	218383	216104
o_3003.png.scale896x634.png	910510	612239	636176
o_2405.png.scale576x1024.png	1499696	1223435	1277524
o_3302.png.scale192x129.png	29428	14358	15002
o_3301.png.scale431x512.png	195497	100979	105708
o_3302.png.scale64x43.png	4516	1926	2024
o_3014.png.scale384x318.png	121260	76612	85722
o_3014.png.scale896x741.png	645741	393236	435330
o_3302.png.scale256x172.png	50131	25034	25974
o_3302.png.scale96x64.png	8801	3961	4134
o_3305.png.scale108x128.png	20631	8924	9156
o_3014.png.scale640x530.png	329278	214865	225538
o_3014.png.scale1024x847.png	839589	534427	563122
o_3301.png.scale323x384.png	105954	54307	57354
o_3301.png.scale539x640.png	322557	167265	169800
o_3008.png.scale896x646.png	926418	678519	704430
o_3305.png.scale54x64.png	6500	2526	2616
o_3305.png.scale163x192.png	43296	19127	19604
o_3302.png.scale512x344.png	199826	102844	105996
o_3305.png.scale81x96.png	12540	5322	5410
o_3305.png.scale217x256.png	74691	33257	33978
o_3302.png.scale640x429.png	319902	165870	166606
o_3311.png.scale128x110.png	15732	7258	7622
o_3301.png.scale754x896.png	709374	368312	370590
o_3311.png.scale192x165.png	32993	15552	16642
o_3302.png.scale384x258.png	110790	56351	58000
o_3302.png.scale1024x687.png	891680	459143	460832
o_3311.png.scale64x55.png	4383	1948	2054
o_3010.png.scale603x768.png	949324	807318	820576
o_3311.png.scale256x220.png	57124	27388	29472
o_3311.png.scale96x82.png	9243	4370	4368
o_3014.png.scale768x636.png	474699	305092	320656
o_3302.png.scale768x515.png	475994	245997	246284
o_3305.png.scale325x384.png	160129	72386	74948
o_3006.png.scale896x668.png	1138506	720958	764884
o_3320.png.scale128x72.png	17238	13938	14508
o_3305.png.scale434x512.png	283922	129247	135538
o_3311.png.scale512x439.png	231000	110774	117864
o_3301.png.scale862x1024.png	976329	503529	506984
o_3320.png.scale64x36.png	4482	3739	4032
o_3305.png.scale542x640.png	455598	206552	211620
o_3305.png.scale759x896.png	920814	427165	436638
o_3320.png.scale96x54.png	9722	8095	8360
o_3320.png.scale192x107.png	37626	30935	31640
o_3301.png.scale646x768.png	492469	255747	257544
o_3010.png.scale703x896.png	1286191	1082766	1103906
o_3323.png.scale120x128.png	21492	15818	16514
o_3311.png.scale1024x878.png	924992	463016	479316
o_3323.png.scale240x256.png	85369	61472	63582
o_3311.png.scale640x549.png	363657	175780	183148
o_3323.png.scale60x64.png	5660	4441	4600
o_3323.png.scale90x96.png	12262	9307	9676
o_3320.png.scale384x215.png	152761	125777	126038
o_3302.png.scale896x601.png	665379	343742	343292
o_3311.png.scale896x768.png	713414	352790	367598
o_5004.png.scale128x91.png	22178	16242	16786
o_3311.png.scale384x329.png	128587	61407	67122
o_3323.png.scale180x192.png	47848	34737	36180
o_3320.png.scale640x358.png	441429	370471	371778
o_5004.png.scale256x181.png	84203	58853	60416
o_3323.png.scale479x512.png	356523	258744	266206
o_5004.png.scale64x45.png	5910	4374	4704
o_3320.png.scale256x143.png	66808	54939	56306
o_5004.png.scale96x68.png	12752	9512	9790
o_3323.png.scale359x384.png	195685	141073	145328
o_3320.png.scale768x430.png	667327	561477	567518
o_3305.png.scale867x1024.png	1216302	570505	581600
o_5004.png.scale192x136.png	48316	34620	35584
o_3323.png.scale599x640.png	569600	414319	420184
o_5008.png.scale49x64.png	5796	4341	4490
o_3320.png.scale512x286.png	276042	229265	229652
o_3311.png.scale768x659.png	526357	257145	266364
o_5004.png.scale512x362.png	312226	206730	215210
o_5008.png.scale74x96.png	12098	8876	8892
o_5008.png.scale198x256.png	64779	44460	42746
o_5008.png.scale148x192.png	39738	27857	27254
o_3305.png.scale650x768.png	667857	305928	311358
o_3323.png.scale838x896.png	1152733	836001	852100
o_5008.png.scale99x128.png	19947	14319	14150
o_5004.png.scale384x272.png	182992	124047	126674
o_5016.png.scale128x69.png	18994	16246	15634
o_5004.png.scale640x453.png	471228	304877	322132
o_5016.png.scale64x34.png	5365	4730	4782
o_5004.png.scale1024x724.png	1100090	682975	735670
o_5008.png.scale396x512.png	202973	132275	126732
o_3320.png.scale896x501.png	955411	792857	807784
o_5016.png.scale96x51.png	11266	9791	9640
o_5016.png.scale192x103.png	37807	31424	30120
o_3323.png.scale719x768.png	836085	606595	615078
o_5008.png.scale297x384.png	127301	84596	80338
o_5008.png.scale495x640.png	289957	186846	178624
o_5028.png.scale45x64.png	6933	5188	5372
o_5028.png.scale181x256.png	92256	67528	66654
o_5016.png.scale384x206.png	116508	91114	87052
o_3323.png.scale958x1024.png	1525149	1109406	1129042
o_5028.png.scale68x96.png	14824	10954	11248
o_5016.png.scale256x137.png	60950	49186	47308
o_5004.png.scale768x543.png	656766	417277	441098
o_3320.png.scale1024x573.png	1298748	1068049	1094664
o_5028.png.scale136x192.png	53934	39621	39928
o_5028.png.scale91x128.png	25388	18674	19054
o_5035.png.scale166x256.png	47631	23346	23814
o_5035.png.scale41x64.png	4666	2293	2486
o_5035.png.scale124x192.png	30086	14793	15470
o_5016.png.scale640x343.png	259830	195801	192344
o_5035.png.scale62x96.png	9385	4736	4996
o_5008.png.scale791x1024.png	578561	359839	346658
o_5028.png.scale362x512.png	338990	240824	243128
o_5035.png.scale83x128.png	15437	7519	8146
o_5016.png.scale512x275.png	183150	141003	134924
o_5016.png.scale768x412.png	346870	257400	261812
o_5035.png.scale331x512.png	152404	71852	71998
o_5035.png.scale248x384.png	93631	45018	45868
o_5008.png.scale593x768.png	381194	239250	229690
o_5028.png.scale453x640.png	509997	358883	365726
o_5036.png.scale41x64.png	4604	2412	2724
o_5036.png.scale166x256.png	54861	27930	30876
o_5036.png.scale62x96.png	9282	5017	5484
o_5036.png.scale83x128.png	15452	8266	9110
o_5036.png.scale124x192.png	32293	16610	18468
o_5028.png.scale272x384.png	199896	143162	143308
o_5035.png.scale414x640.png	219698	102965	101986
o_5036.png.scale331x512.png	200315	98599	106936
o_5035.png.scale663x1024.png	459582	217210	206968
o_5008.png.scale692x896.png	478300	298699	284046
o_5038.png.scale117x192.png	37240	18829	21012
o_5038.png.scale39x64.png	5035	2643	2826
o_5035.png.scale497x768.png	293500	138043	135266
o_5038.png.scale58x96.png	10254	5306	5846
o_5036.png.scale248x384.png	115537	57516	63688
o_5028.png.scale724x1024.png	1220919	830228	869414
o_5038.png.scale78x128.png	17570	8895	9988
o_5016.png.scale1024x549.png	551479	399198	414208
o_5044.png.scale198x256.png	43512	20411	19006
o_5036.png.scale414x640.png	304835	149487	156256
o_5038.png.scale233x384.png	133624	65904	76158
o_5044.png.scale49x64.png	3805	1957	1888
o_5044.png.scale148x192.png	26084	12410	11928
o_5038.png.scale155x256.png	62960	31700	35378
o_5044.png.scale74x96.png	7782	3860	3740
o_5044.png.scale396x512.png	135830	60427	56278
o_5044.png.scale99x128.png	12801	6215	6046
o_5016.png.scale896x480.png	443301	324614	333616
o_5004.png.scale896x634.png	867053	542581	575676
o_5044.png.scale297x384.png	86243	38058	35948
o_5036.png.scale663x1024.png	709810	344824	352142
o_5200.png.scale49x64.png	4946	3542	3818
o_5038.png.scale389x640.png	339391	168076	198866
o_5200.png.scale198x256.png	55458	36115	37280
o_5028.png.scale543x768.png	715149	500638	509668
o_5044.png.scale495x640.png	189889	86044	78692
o_5200.png.scale148x192.png	33543	22348	23210
o_5200.png.scale74x96.png	9974	6926	7344
o_5200.png.scale99x128.png	16680	11237	11826
o_5035.png.scale580x896.png	373820	177197	170050
o_5036.png.scale497x768.png	426728	206939	213084
o_5202.png.scale198x256.png	55228	31605	31948
o_5200.png.scale297x384.png	110207	71211	73962
o_5202.png.scale49x64.png	4591	2878	3226
o_5044.png.scale593x768.png	247812	107712	101910
o_5202.png.scale74x96.png	9312	5885	6192
o_5200.png.scale396x512.png	178925	114143	121302
o_5200.png.scale495x640.png	263854	166582	179064
o_5038.png.scale466x768.png	469638	232460	278394
o_5202.png.scale148x192.png	32386	19050	19250
o_5202.png.scale99x128.png	15771	9615	9996
o_5044.png.scale791x1024.png	368936	164144	155188
o_5038.png.scale311x512.png	225985	111701	129472
o_5300.png.scale49x64.png	4036	2901	2962
o_5300.png.scale148x192.png	29597	18540	18496
o_5044.png.scale692x896.png	308246	137158	128138
o_5300.png.scale198x256.png	49489	30802	30448
o_5300.png.scale74x96.png	8575	5750	5832
o_5202.png.scale396x512.png	195840	104078	107896
o_5202.png.scale297x384.png	118815	63920	65572
o_5200.png.scale593x768.png	361594	221846	242898
o_5300.png.scale99x128.png	14540	9393	9454
o_5200.png.scale791x1024.png	593046	354959	395320
o_5300.png.scale396x512.png	172625	98983	99068
o_5303.png.scale198x256.png	37674	18487	17830
o_5303.png.scale49x64.png	3721	2021	2122
o_5036.png.scale580x896.png	563044	276144	278302
o_5038.png.scale544x896.png	616711	303895	365878
o_5028.png.scale634x896.png	955296	656010	677464
o_5303.png.scale74x96.png	7558	4043	4082
o_5303.png.scale148x192.png	23052	11835	11512
o_5303.png.scale99x128.png	12192	6264	6292
o_5202.png.scale495x640.png	283796	149050	157082
o_5303.png.scale297x384.png	78700	35897	34026
o_5300.png.scale495x640.png	248599	141207	140650
o_5309.png.scale198x256.png	38339	23750	24416
o_5309.png.scale49x64.png	4271	3091	3314
o_5300.png.scale297x384.png	104391	61018	61766
o_5303.png.scale396x512.png	128293	59235	53942
o_5303.png.scale495x640.png	182289	83247	76282
o_5309.png.scale74x96.png	8274	5812	6464
o_5309.png.scale148x192.png	24178	15807	16750
o_5309.png.scale396x512.png	107166	62294	60196
o_5309.png.scale297x384.png	70293	41511	41624
o_5309.png.scale99x128.png	13106	9025	9686
o_5300.png.scale791x1024.png	496360	284878	283244
o_5200.png.scale692x896.png	470921	284803	312988
o_5303.png.scale791x1024.png	337687	156145	147962
o_5312.png.scale49x64.png	4221	2531	2820
o_5312.png.scale198x256.png	43589	24507	25602
o_5202.png.scale791x1024.png	565729	296916	319970
o_5312.png.scale74x96.png	8995	5517	5778
o_5309.png.scale495x640.png	147001	83546	77904
o_5300.png.scale593x768.png	328259	191577	185200
o_5312.png.scale148x192.png	26860	15859	16730
o_5303.png.scale593x768.png	233242	106695	98786
o_5312.png.scale99x128.png	14297	8771	9414
o_5315.png.scale49x64.png	3637	2213	2048
o_5315.png.scale148x192.png	19097	10342	10196
o_5315.png.scale198x256.png	27051	13669	13220
o_5202.png.scale593x768.png	370383	197831	207280
o_5315.png.scale74x96.png	7322	4566	4022
o_5309.png.scale593x768.png	188107	107215	98792
o_5312.png.scale297x384.png	82265	44636	45558
o_5315.png.scale99x128.png	11451	6841	6240
o_5312.png.scale396x512.png	121316	65459	65098
o_5315.png.scale396x512.png	71102	35099	28722
o_5312.png.scale495x640.png	162787	87957	82810
o_5315.png.scale297x384.png	48887	22155	20532
o_5338.png.scale148x192.png	23565	14488	13996
o_5338.png.scale49x64.png	3696	2315	2438
o_5038.png.scale622x1024.png	772457	378032	463806
o_5338.png.scale74x96.png	7262	4494	4502
o_5309.png.scale791x1024.png	270831	155153	141464
o_5315.png.scale495x640.png	93709	47698	37912
o_5300.png.scale692x896.png	410884	235290	230728
o_5338.png.scale198x256.png	38826	23781	22820
o_5338.png.scale99x128.png	11845	7347	7222
o_5339.png.scale198x256.png	37132	21492	22166
o_5339.png.scale49x64.png	4266	2902	2882
o_5312.png.scale791x1024.png	291184	154365	140298
o_5309.png.scale692x896.png	228472	131157	116440
o_5338.png.scale297x384.png	78171	47030	45216
o_5315.png.scale791x1024.png	173999	81172	67946
o_5339.png.scale74x96.png	8160	5483	5526
o_5339.png.scale148x192.png	23679	14540	15128
o_5338.png.scale396x512.png	125439	74242	74254
o_6001.png.scale131x192.png	18489	6904	6932
o_5315.png.scale692x896.png	148597	69353	56286
o_5339.png.scale99x128.png	12695	8429	8614
o_5312.png.scale593x768.png	201835	110865	98498
o_6001.png.scale44x64.png	3328	1318	1238
o_5339.png.scale396x512.png	107327	58878	55938
o_5303.png.scale692x896.png	283970	131783	122278
o_5339.png.scale297x384.png	69339	38298	37564
o_6001.png.scale174x256.png	28861	10680	10848
o_6001.png.scale65x96.png	6210	2424	2328
o_5315.png.scale593x768.png	121145	56838	47072
o_5338.png.scale495x640.png	181238	106763	106730
o_6001.png.scale87x128.png	9826	3766	3670
o_6003.png.scale131x192.png	19194	7404	7462
o_6003.png.scale44x64.png	3378	1387	1254
o_6003.png.scale174x256.png	29994	11461	11730
o_6001.png.scale261x384.png	52897	19193	19908
o_6003.png.scale65x96.png	6521	2526	2394
o_5339.png.scale495x640.png	147191	81533	75038
o_6001.png.scale436x640.png	107185	39075	40982
o_6001.png.scale349x512.png	78906	28878	30158
o_5202.png.scale692x896.png	464783	247700	259758
o_6003.png.scale87x128.png	10214	4013	3896
o_6003.png.scale261x384.png	53710	20495	21378
o_5312.png.scale692x896.png	245849	130622	117512
o_6014.png.scale44x64.png	3137	1494	1560
o_6014.png.scale131x192.png	30814	14462	14716
o_6003.png.scale349x512.png	79397	30843	32068
o_6014.png.scale65x96.png	7129	3462	3368
o_6003.png.scale436x640.png	107729	42037	43808
o_6001.png.scale523x768.png	134904	50860	52454
o_6014.png.scale174x256.png	51524	24013	24282
o_6014.png.scale87x128.png	13215	6314	6144
o_5339.png.scale593x768.png	191658	106010	95314
o_5338.png.scale593x768.png	241647	140165	140690
o_5338.png.scale791x1024.png	377087	215209	223796
o_6001.png.scale697x1024.png	195497	73581	76922
o_6016.png.scale44x64.png	3209	1501	1582
o_6016.png.scale131x192.png	30143	14124	14464
o_6016.png.scale65x96.png	7093	3376	3396
o_5339.png.scale791x1024.png	280140	155541	137938
o_6016.png.scale87x128.png	13081	6172	6076
o_6001.png.scale610x896.png	164050	62056	64194
o_6016.png.scale174x256.png	50509	23350	23672
o_6003.png.scale523x768.png	137391	54045	55970
o_5339.png.scale692x896.png	234394	130569	115772
o_6003.png.scale697x1024.png	202523	77488	82540
o_6014.png.scale349x512.png	214904	85325	85028
o_6034.png.scale49x64.png	4220	2548	2256
o_5338.png.scale692x896.png	307510	175799	178542
o_6014.png.scale261x384.png	115739	50372	49888
o_6034.png.scale196x256.png	52731	30356	28374
o_6034.png.scale74x96.png	8753	4964	4604
o_6034.png.scale98x128.png	14536	8413	7654
o_6003.png.scale610x896.png	168527	65847	68690
o_6016.png.scale349x512.png	212202	83509	83158
o_6016.png.scale261x384.png	114458	49446	48814
o_6014.png.scale436x640.png	328852	126789	128168
o_6038.png.scale49x64.png	4168	2248	2214
o_6014.png.scale697x1024.png	674906	272245	273476
o_6038.png.scale196x256.png	76826	43659	43004
o_6016.png.scale436x640.png	326796	123837	124898
o_6038.png.scale74x96.png	9929	5227	5012
o_6034.png.scale393x512.png	193781	108669	111846
o_6034.png.scale147x192.png	30644	17416	16148
o_6038.png.scale147x192.png	44874	24712	24554
o_6038.png.scale98x128.png	18723	9852	9690
o_6043.png.scale196x256.png	67765	38732	37664
o_6016.png.scale697x1024.png	664621	265253	266388
o_6038.png.scale393x512.png	313605	180266	178014
o_6043.png.scale49x64.png	3848	2007	2036
o_6034.png.scale295x384.png	113294	63344	62412
o_6043.png.scale74x96.png	9298	4820	4550
o_6043.png.scale147x192.png	40461	21853	21736
o_6014.png.scale523x768.png	457416	174568	176346
o_6043.png.scale98x128.png	17132	9025	8604
o_6034.png.scale786x1024.png	697454	382133	437942
o_6016.png.scale523x768.png	451480	169447	171548
o_6034.png.scale491x640.png	290773	158937	171952
o_6034.png.scale589x768.png	408478	224363	245968
o_6043.png.scale393x512.png	259556	151010	144740
o_6044.png.scale49x64.png	4347	2366	2382
o_6044.png.scale196x256.png	81725	46253	45040
o_6043.png.scale295x384.png	146192	86383	81764
o_6038.png.scale295x384.png	172689	101112	97358
o_6044.png.scale74x96.png	10759	5731	5480
o_6044.png.scale98x128.png	20031	10916	10354
o_6043.png.scale491x640.png	402946	232618	225636
o_6044.png.scale147x192.png	47313	26125	26156
o_6038.png.scale491x640.png	492244	281246	283036
o_6044.png.scale393x512.png	331821	187057	186842
o_6038.png.scale786x1024.png	1172371	641879	714776
o_6049.png.scale49x64.png	3951	2070	2040
o_6049.png.scale196x256.png	69454	38597	38044
o_6049.png.scale147x192.png	41328	22003	22148
o_6014.png.scale610x896.png	569961	222624	223098
o_6049.png.scale74x96.png	9519	4928	4646
o_6034.png.scale688x896.png	544063	290558	332670
o_6049.png.scale98x128.png	17821	9194	8906
o_6043.png.scale786x1024.png	945416	516746	547322
o_6049.png.scale393x512.png	266457	149627	146442
o_6044.png.scale295x384.png	183235	106522	102470
o_6050.png.scale49x64.png	4493	2369	2376
o_6050.png.scale196x256.png	78651	45154	43326
o_6043.png.scale589x768.png	569296	313977	320334
o_6016.png.scale610x896.png	560361	216504	216624
o_6050.png.scale74x96.png	10721	5664	5364
o_6050.png.scale147x192.png	45394	25405	24622
o_6050.png.scale393x512.png	316844	181947	178326
o_6059.png.scale147x192.png	24544	10803	11104
o_6050.png.scale98x128.png	19459	10453	9908
o_6049.png.scale295x384.png	149984	85408	82944
o_6038.png.scale589x768.png	695555	389955	407634
o_6059.png.scale49x64.png	3244	1421	1456
o_6044.png.scale491x640.png	518180	288841	297246
o_6059.png.scale196x256.png	41088	17634	18028
o_6049.png.scale491x640.png	412884	227693	227828
o_6059.png.scale74x96.png	6952	2989	3102
o_6059.png.scale98x128.png	11760	5062	5190
o_6044.png.scale786x1024.png	1238162	678753	753042
o_6063.png.scale147x192.png	21630	8346	8800
o_6063.png.scale196x256.png	35102	13422	14308
o_6059.png.scale393x512.png	155063	58754	59576
o_6049.png.scale786x1024.png	966625	520800	551774
o_6063.png.scale49x64.png	3558	1426	1362
o_6059.png.scale295x384.png	89417	36086	36212
o_6059.png.scale491x640.png	232347	85793	88158
o_6063.png.scale295x384.png	68801	25108	27494
o_6063.png.scale74x96.png	7008	2731	2752
o_6063.png.scale393x512.png	107089	38710	42994
o_6049.png.scale589x768.png	582929	317686	323812
o_6063.png.scale98x128.png	11142	4374	4496
o_6063.png.scale491x640.png	150537	53621	60448
o_6064.png.scale147x192.png	19453	7606	8294
o_6043.png.scale688x896.png	748633	411042	427090
o_6064.png.scale49x64.png	3291	1335	1270
o_6050.png.scale295x384.png	176430	102307	98110
o_6044.png.scale589x768.png	734231	411326	427374
o_6064.png.scale74x96.png	6261	2475	2544
o_6064.png.scale196x256.png	32129	12434	13974
o_6064.png.scale98x128.png	9878	3924	4076
o_6059.png.scale786x1024.png	502237	185099	196850
o_6059.png.scale589x768.png	316490	117242	121034
o_6067.png.scale147x192.png	28711	13423	13928
o_6050.png.scale491x640.png	494194	282756	281334
o_6063.png.scale589x768.png	199002	70512	80290
o_6067.png.scale49x64.png	2925	1419	1464
o_6064.png.scale295x384.png	67041	24831	28858
o_6067.png.scale196x256.png	48350	22490	22808
o_6067.png.scale74x96.png	6673	3255	3250
o_6064.png.scale393x512.png	110337	40516	48652
o_6050.png.scale786x1024.png	1170759	637501	711192
o_6067.png.scale98x128.png	12252	5833	5796
o_6063.png.scale786x1024.png	317966	109619	129174
o_6063.png.scale688x896.png	253270	89083	102216
o_6068.png.scale147x192.png	29957	13758	14444
o_6064.png.scale491x640.png	161810	59041	71650
o_6068.png.scale49x64.png	2979	1434	1504
o_6059.png.scale688x896.png	407057	150811	157086
o_6067.png.scale295x384.png	110583	47740	47606
o_6068.png.scale196x256.png	51268	23321	24084
o_6068.png.scale74x96.png	6670	3311	3234
o_6067.png.scale393x512.png	207804	80698	81476
o_6068.png.scale98x128.png	12338	5813	5828
o_6049.png.scale688x896.png	766616	414911	430740
o_6070.png.scale147x192.png	29918	14110	14646
o_6038.png.scale688x896.png	919534	507428	546236
o_6064.png.scale786x1024.png	377897	135458	173084
o_6070.png.scale49x64.png	2990	1432	1510
o_6070.png.scale196x256.png	51710	23925	24752
o_6050.png.scale589x768.png	694604	388486	403762
o_6064.png.scale589x768.png	219957	79898	98184
o_6070.png.scale74x96.png	6778	3291	3222
o_6070.png.scale98x128.png	12555	5957	5856
o_6080.png.scale147x192.png	30178	13726	14206
o_6068.png.scale393x512.png	224217	88050	91254
o_6067.png.scale491x640.png	328434	120364	124032
o_6068.png.scale295x384.png	118979	50479	52000
o_6064.png.scale688x896.png	294271	106046	131614
o_6080.png.scale49x64.png	3210	1439	1550
o_6080.png.scale196x256.png	52247	23503	23982
o_6067.png.scale786x1024.png	738034	265892	282430
o_6044.png.scale688x896.png	972650	534240	576980
o_6080.png.scale74x96.png	7325	3399	3396
o_6080.png.scale98x128.png	13074	6048	5910
o_6070.png.scale295x384.png	119418	51841	53424
o_6070.png.scale393x512.png	225454	90339	93624
o_6068.png.scale491x640.png	354518	133805	140832
o_6083.png.scale147x192.png	26751	12463	12772
o_6067.png.scale589x768.png	460051	166533	173068
o_6083.png.scale49x64.png	3195	1454	1520
o_6083.png.scale196x256.png	45095	20475	20966
o_6080.png.scale393x512.png	223803	87044	89974
o_6083.png.scale74x96.png	6790	3179	3166
o_6080.png.scale295x384.png	121230	50624	51770
o_6068.png.scale786x1024.png	832953	311260	344990
o_6083.png.scale98x128.png	11946	5591	5554
o_6101.png.scale131x192.png	30919	14040	14414
o_6070.png.scale491x640.png	357377	138033	145066
o_6083.png.scale393x512.png	189953	72348	73586
o_6101.png.scale174x256.png	52139	23246	23590
o_6101.png.scale44x64.png	3418	1610	1616
o_6068.png.scale589x768.png	497686	186323	199820
o_6083.png.scale295x384.png	102710	42659	43396
o_6101.png.scale65x96.png	7440	3460	3506
o_6070.png.scale786x1024.png	849127	321685	355836
o_6083.png.scale491x640.png	297985	107950	111672
o_6101.png.scale87x128.png	13449	6225	6220
o_6080.png.scale491x640.png	349818	131923	138812
o_6105.png.scale147x192.png	25300	13754	13364
o_6101.png.scale349x512.png	214420	82417	82256
o_6105.png.scale196x256.png	41587	23098	22132
o_6080.png.scale786x1024.png	816737	303874	337786
o_6105.png.scale49x64.png	3384	1767	1732
o_6070.png.scale589x768.png	505606	193255	206936
o_6105.png.scale74x96.png	6848	3662	3506
o_6101.png.scale261x384.png	116867	48642	48586
o_6083.png.scale786x1024.png	670868	238997	254722
o_6105.png.scale98x128.png	11871	6302	6022
o_6105.png.scale295x384.png	85970	49210	46242
o_6107.png.scale196x256.png	65157	37309	35876
o_6080.png.scale589x768.png	488982	182780	196762
o_6101.png.scale436x640.png	328761	121070	123962
o_6107.png.scale49x64.png	3987	2062	2084
o_6105.png.scale393x512.png	144229	81434	77922
o_6107.png.scale147x192.png	39219	21155	20968
o_6083.png.scale589x768.png	415732	148532	155422
o_6107.png.scale74x96.png	9346	4759	4556
o_6105.png.scale491x640.png	215150	119387	117268
o_6067.png.scale688x896.png	595080	216043	224954
o_6107.png.scale98x128.png	16999	8851	8428
o_6068.png.scale688x896.png	659379	246728	267724
o_6070.png.scale688x896.png	669039	255469	276230
o_6105.png.scale786x1024.png	485371	256999	276998
o_6101.png.scale697x1024.png	640238	259119	260692
o_6600.png.scale45x64.png	7160	5825	6146
o_6050.png.scale688x896.png	921543	504260	546548
o_6107.png.scale393x512.png	248045	144150	137446
o_6107.png.scale295x384.png	140561	82697	77860
o_6600.png.scale67x96.png	15454	12459	12764
o_6105.png.scale589x768.png	296909	159136	163166
o_6083.png.scale688x896.png	537976	192608	202652
o_6101.png.scale523x768.png	443571	166601	168476
o_6600.png.scale179x256.png	103918	80130	81574
o_6600.png.scale134x192.png	58972	46268	47188
o_6600.png.scale89x128.png	26865	21342	21816
o_6601.png.scale44x64.png	7140	5816	6112
o_6107.png.scale491x640.png	382018	213136	213800
o_6601.png.scale174x256.png	99534	82451	85078
o_6601.png.scale65x96.png	15184	12439	13160
o_6600.png.scale357x512.png	394488	302966	315422
o_6107.png.scale786x1024.png	886905	483121	516392
o_6080.png.scale688x896.png	644814	241203	262304
o_6601.png.scale87x128.png	26209	21630	22832
o_6105.png.scale688x896.png	386208	207381	216456
o_6601.png.scale131x192.png	57208	47662	49958
o_6602.png.scale44x64.png	7017	6017	6204
o_6600.png.scale268x384.png	227070	174862	179024
o_6601.png.scale349x512.png	383790	312388	322588
o_6101.png.scale610x896.png	545781	212176	213102
o_6602.png.scale65x96.png	14758	12468	12706
o_6107.png.scale589x768.png	535787	295337	302122
o_6602.png.scale175x256.png	97956	80619	81272
o_6602.png.scale87x128.png	25413	21345	21760
o_6600.png.scale446x640.png	605742	466483	491878
o_6602.png.scale131x192.png	55786	46003	47178
o_6602.png.scale349x512.png	378198	311408	314584
o_6603.png.scale43x64.png	6838	3783	3882
o_6603.png.scale173x256.png	93723	56177	59910
o_6601.png.scale262x384.png	218855	180322	183834
o_6601.png.scale436x640.png	596214	481481	500006
o_6600.png.scale714x1024.png	1503055	1169099	1250936
o_6603.png.scale130x192.png	53549	31319	33584
o_6603.png.scale65x96.png	14323	8016	8376
o_6603.png.scale87x128.png	24548	14076	14778
o_6603.png.scale346x512.png	365415	237581	259676
o_6604.png.scale173x256.png	94864	62365	64530
o_6600.png.scale536x768.png	863164	668832	703288
o_6604.png.scale43x64.png	6247	3587	3736
o_6107.png.scale688x896.png	703298	387660	403594
o_6604.png.scale130x192.png	53531	33741	35882
o_6604.png.scale65x96.png	13734	8116	8508
o_6602.png.scale262x384.png	215560	177712	178184
o_6601.png.scale698x1024.png	1512134	1228842	1270876
o_6604.png.scale86x128.png	23891	14364	15188
o_6604.png.scale346x512.png	387616	294463	301870
o_6603.png.scale260x384.png	207732	129653	140170
o_6602.png.scale436x640.png	584671	481537	489760
o_6604.png.scale259x384.png	213804	152525	156978
o_6602.png.scale698x1024.png	1469239	1218627	1261752
o_6606.png.scale44x64.png	7044	5916	5692
o_6603.png.scale433x640.png	567166	375208	411006
o_6606.png.scale176x256.png	98721	78188	76528
o_6606.png.scale132x192.png	56438	45126	44522
o_6604.png.scale432x640.png	609993	475678	486784
o_6606.png.scale66x96.png	15062	12399	12030
o_6603.png.scale693x1024.png	1418316	967514	1068296
o_6606.png.scale88x128.png	25983	21097	20578
o_6601.png.scale523x768.png	856929	693548	711728
o_6606.png.scale353x512.png	384477	311724	308014
o_6602.png.scale524x768.png	836847	690537	703498
o_6607.png.scale43x64.png	6587	3485	3680
o_6607.png.scale174x256.png	93308	56309	59418
o_6607.png.scale65x96.png	13845	7677	8030
o_6607.png.scale130x192.png	52877	31101	32972
o_6607.png.scale87x128.png	24115	13671	14378
o_6604.png.scale691x1024.png	1588636	1269025	1291990
o_6610.png.scale128x101.png	22394	14789	14714
o_6606.png.scale265x384.png	218919	175918	171362
o_6606.png.scale441x640.png	596509	485241	484500
o_6607.png.scale348x512.png	370285	240533	257586
o_6603.png.scale519x768.png	808686	543129	592430
o_6610.png.scale256x202.png	89534	57975	57764
o_6610.png.scale64x50.png	5749	3923	3872
o_6606.png.scale706x1024.png	1521640	1251736	1277580
o_6610.png.scale192x151.png	50162	32755	32530
o_6610.png.scale96x76.png	12695	8493	8460
o_6607.png.scale434x640.png	578683	385445	413474
o_6607.png.scale261x384.png	208034	130708	138670
o_6610.png.scale512x403.png	356139	223030	231904
o_6604.png.scale518x768.png	882011	697672	708736
o_6603.png.scale606x896.png	1093524	740921	804798
o_6612.png.scale44x64.png	5665	4989	5010
o_6612.png.scale177x256.png	74697	59930	59440
o_6607.png.scale695x1024.png	1468208	1006608	1095744
o_6610.png.scale1024x806.png	1387928	801855	892186
o_6606.png.scale529x768.png	855867	695564	700328
o_6612.png.scale133x192.png	43291	35619	35196
o_6602.png.scale611x896.png	1132428	938059	952838
o_6612.png.scale66x96.png	11876	10279	10164
o_6612.png.scale88x128.png	20128	17111	16908
o_6604.png.scale605x896.png	1208818	961458	974606
o_6601.png.scale611x896.png	1162961	943576	963898
o_6613.png.scale43x64.png	5662	5229	5338
o_6610.png.scale384x302.png	200084	126945	129356
o_6612.png.scale353x512.png	284601	215721	224726
o_6613.png.scale170x256.png	81633	69003	69422
o_6613.png.scale64x96.png	12447	11415	11410
o_6610.png.scale640x504.png	553121	339820	358900
o_6613.png.scale128x192.png	47063	41133	41256
o_6600.png.scale625x896.png	1162241	902114	952156
o_6613.png.scale85x128.png	21535	19366	19442
o_6607.png.scale521x768.png	832692	560904	602992
o_6613.png.scale341x512.png	307821	241569	254852
o_6612.png.scale265x384.png	162163	126924	127174
o_6616.png.scale44x64.png	5991	5182	5212
o_6616.png.scale175x256.png	81518	64076	63764
o_6612.png.scale442x640.png	440268	325252	345178
o_6616.png.scale66x96.png	12754	10823	10768
o_6616.png.scale132x192.png	47297	38099	37628
o_6613.png.scale255x384.png	176249	142896	146442
o_6616.png.scale88x128.png	21969	18241	18208
o_6616.png.scale351x512.png	308453	228322	238058
o_6619.png.scale171x256.png	54650	39746	40806
o_6613.png.scale426x640.png	471362	361197	385358
o_6619.png.scale128x192.png	30851	22655	23304
o_6619.png.scale43x64.png	3922	2998	3118
o_6610.png.scale768x605.png	788112	469484	507626
o_6612.png.scale707x1024.png	1089775	757214	843762
o_6619.png.scale64x96.png	8275	6290	6428
o_6619.png.scale85x128.png	13968	10403	10910
o_6612.png.scale530x768.png	628047	456695	486596
o_6619.png.scale341x512.png	218377	151879	159766
o_6616.png.scale263x384.png	177504	134919	135314
o_6619.png.scale256x384.png	122987	87643	90528
o_6629.png.scale128x119.png	18812	12231	13094
o_6607.png.scale608x896.png	1129794	771253	825364
o_6613.png.scale681x1024.png	1157694	836497	931648
o_6629.png.scale64x59.png	5707	3823	4044
o_6616.png.scale438x640.png	473599	342250	365014
o_6629.png.scale256x237.png	65837	41615	46088
o_6606.png.scale618x896.png	1166358	954757	960702
o_6619.png.scale427x640.png	342498	230850	244494
o_6629.png.scale96x89.png	11384	7498	7930
o_6629.png.scale192x178.png	38527	24502	27004
o_6632.png.scale128x117.png	19027	12609	13342
o_6613.png.scale511x768.png	669845	502315	543478
o_6619.png.scale683x1024.png	902289	556123	605386
o_6619.png.scale512x768.png	494989	322725	344666
o_6632.png.scale64x59.png	5857	4038	4216
o_6616.png.scale701x1024.png	1167269	787072	885402
o_6610.png.scale896x705.png	1068528	629932	685748
o_6632.png.scale192x176.png	39322	25650	27684
o_6629.png.scale512x475.png	264341	173194	187964
o_6632.png.scale96x88.png	11685	7999	8176
o_6632.png.scale256x235.png	66777	42957	46812
o_6629.png.scale384x356.png	145815	93059	99334
o_6801.png.scale169x256.png	55453	33029	36572
o_6801.png.scale42x64.png	3630	2232	2454
o_6801.png.scale127x192.png	31945	19331	20876
o_6632.png.scale512x470.png	260235	170098	185340
o_6801.png.scale63x96.png	8459	4942	5392
o_6801.png.scale338x512.png	206220	127592	140430
o_6801.png.scale85x128.png	15196	9048	9660
o_6629.png.scale640x593.png	424572	281955	304306
o_6629.png.scale896x831.png	891776	611974	652296
o_6632.png.scale640x587.png	414809	269244	295292
o_6632.png.scale384x352.png	145037	92720	102496
o_6801.png.scale254x384.png	119578	71186	80126
o_6818.png.scale174x256.png	69787	44068	44996
o_6818.png.scale44x64.png	3791	2623	2712
o_6612.png.scale619x896.png	845825	599948	647816
o_6619.png.scale597x896.png	680999	431548	463448
o_6801.png.scale423x640.png	312501	189634	214620
o_6632.png.scale896x822.png	860522	571608	617810
o_6818.png.scale65x96.png	8756	5919	6026
o_6629.png.scale1024x949.png	1200611	832312	880798
o_6818.png.scale87x128.png	17382	11098	11194
o_6819.png.scale174x256.png	44110	28275	31492
o_6818.png.scale348x512.png	272181	165410	179164
o_6616.png.scale526x768.png	671987	475015	510084
o_6818.png.scale131x192.png	40037	25234	26040
o_6819.png.scale44x64.png	2701	2018	2188
o_6819.png.scale131x192.png	24803	16553	18540
o_6819.png.scale65x96.png	5842	4344	4662
o_6801.png.scale676x1024.png	695697	416378	490552
o_6819.png.scale87x128.png	10709	7501	8138
o_6819.png.scale348x512.png	183923	110479	119004
o_6632.png.scale1024x939.png	1153252	769871	828504
o_6823.png.scale174x256.png	63837	40845	42934
o_6613.png.scale596x896.png	899144	666644	719174
o_6823.png.scale43x64.png	4159	2710	2854
o_6819.png.scale261x384.png	101265	61809	69808
o_6823.png.scale130x192.png	36858	23969	24818
o_6801.png.scale507x768.png	429107	260706	296976
o_6823.png.scale65x96.png	9743	6314	6396
o_6819.png.scale435x640.png	291800	172218	186356
o_6823.png.scale87x128.png	17210	11123	11490
o_6801.png.scale592x896.png	553567	333892	388364
o_6818.png.scale435x640.png	426861	251692	281724
o_6818.png.scale696x1024.png	1083452	605165	704254
o_6825.png.scale175x256.png	47084	33592	34778
o_6818.png.scale261x384.png	153654	94814	101458
o_6825.png.scale44x64.png	3070	2287	2404
o_6823.png.scale347x512.png	240912	146289	162908
o_6823.png.scale260x384.png	139007	85521	92896
o_6819.png.scale696x1024.png	775423	486551	483744
o_6825.png.scale66x96.png	6877	5152	5378
o_6825.png.scale131x192.png	26908	19728	20708
o_6825.png.scale350x512.png	184162	118125	129040
o_6819.png.scale522x768.png	425523	272941	269338
o_6825.png.scale88x128.png	12212	9163	9556
o_6616.png.scale614x896.png	905289	622984	678192
o_6827.png.scale44x64.png	4359	2952	3022
o_6632.png.scale768x705.png	615118	403336	438506
o_6827.png.scale178x256.png	67969	44252	45648
o_6825.png.scale263x384.png	104379	69075	74516
o_6629.png.scale768x712.png	633922	428424	456404
o_6827.png.scale133x192.png	39132	25727	26506
o_6827.png.scale67x96.png	10345	6808	6954
o_6823.png.scale434x640.png	368525	219358	246400
o_6827.png.scale89x128.png	18198	11853	12186
o_6827.png.scale356x512.png	260418	160868	175902
o_6827.png.scale267x384.png	149702	94213	100660
o_6825.png.scale438x640.png	286308	177582	200790
o_6829.png.scale44x64.png	4208	2728	2840
o_6829.png.scale178x256.png	64747	41066	43278
o_6818.png.scale522x768.png	615511	355704	403232
o_6829.png.scale133x192.png	37194	24150	25084
o_6829.png.scale67x96.png	10106	6461	6530
o_6823.png.scale695x1024.png	905031	519676	599812
o_6829.png.scale89x128.png	17369	11103	11368
o_6829.png.scale356x512.png	247420	148875	163432
o_6833.png.scale131x192.png	32117	20719	21912
o_6829.png.scale267x384.png	142661	86701	95272
o_6819.png.scale609x896.png	588049	379097	368234
o_6833.png.scale44x64.png	3439	2207	2450
o_6825.png.scale701x1024.png	740475	449193	494562
o_6833.png.scale175x256.png	55110	35799	38032
o_6833.png.scale66x96.png	8024	5161	5450
o_6827.png.scale445x640.png	400263	241434	271226
o_6825.png.scale526x768.png	411494	253088	276640
o_6833.png.scale88x128.png	14593	9450	9954
o_6818.png.scale609x896.png	834228	473641	544122
o_6823.png.scale521x768.png	522613	305722	347602
o_6833.png.scale350x512.png	213491	131038	143080
o_7000.png.scale128x128.png	43716	30346	29068
o_6827.png.scale711x1024.png	980877	573212	655118
o_6833.png.scale263x384.png	121943	76000	83428
o_7000.png.scale64x64.png	9083	7282	7248
o_6829.png.scale445x640.png	380480	226448	254172
o_6833.png.scale438x640.png	330781	207877	220358
o_7000.png.scale96x96.png	23001	17139	16658
o_6827.png.scale534x768.png	566385	336021	381934
o_6829.png.scale711x1024.png	936026	541252	616102
o_7001.png.scale128x128.png	26629	17216	16382
o_7000.png.scale1024x1024.png	118874	70820	66118
o_7000.png.scale256x256.png	161179	100576	97556
o_6833.png.scale701x1024.png	823158	545430	542300
o_7001.png.scale64x64.png	8576	5690	5484
o_6823.png.scale608x896.png	702160	406528	461766
o_7001.png.scale256x256.png	57440	39095	31248
o_7001.png.scale192x192.png	46337	29615	26794
o_7001.png.scale1024x1024.png	53856	22261	21696
o_6825.png.scale613x896.png	562052	343091	376058
o_7001.png.scale96x96.png	17443	11185	10852
o_6829.png.scale534x768.png	541070	315615	358842
o_6833.png.scale526x768.png	472016	301113	310698
o_7001.png.scale384x384.png	100552	62032	51390
o_7002.png.scale128x128.png	43508	31618	31040
o_7001.png.scale640x640.png	183669	120405	83820
o_7001.png.scale512x512.png	105527	75851	46150
o_7002.png.scale64x64.png	8941	7555	7324
o_7000.png.scale512x512.png	326000	246560	180312
o_7002.png.scale96x96.png	22536	17378	17118
o_7000.png.scale192x192.png	98918	62052	59912
o_7002.png.scale1024x1024.png	130972	78969	72932
o_6833.png.scale613x896.png	634858	439472	417504
o_7000.png.scale896x896.png	864902	546457	392482
o_7002.png.scale256x256.png	178599	121142	119738
o_7001.png.scale896x896.png	300054	182999	111392
o_7003.png.scale128x128.png	43586	31749	31228
o_7003.png.scale64x64.png	9074	7747	7534
o_6829.png.scale623x896.png	725783	421440	478340
o_7000.png.scale640x640.png	564990	357889	289372
o_7003.png.scale96x96.png	22552	17659	17330
o_7001.png.scale768x768.png	188141	138563	76322
o_7003.png.scale1024x1024.png	144460	99398	80010
o_7003.png.scale256x256.png	184016	119905	122634
o_7005.png.scale128x128.png	39459	25949	24662
o_6827.png.scale623x896.png	761193	448629	508336
o_7000.png.scale384x384.png	304374	186753	177768
o_7005.png.scale64x64.png	9273	6933	6848
o_7005.png.scale256x256.png	115759	74237	70020
o_7002.png.scale192x192.png	102621	70872	69576
o_7003.png.scale192x192.png	105093	70720	70162
o_7005.png.scale1024x1024.png	94246	46675	49148
o_7005.png.scale96x96.png	22898	15688	15012
o_7002.png.scale512x512.png	392691	337057	234118
o_7007.png.scale128x128.png	33695	24192	23290
o_7005.png.scale512x512.png	229713	157927	111828
o_7003.png.scale512x512.png	456106	348082	264660
o_7005.png.scale192x192.png	81969	49854	47682
o_7002.png.scale896x896.png	1028216	786018	492818
o_7007.png.scale64x64.png	8716	6611	6434
o_7007.png.scale192x192.png	72554	51124	48804
o_7007.png.scale96x96.png	19286	14239	13622
o_7007.png.scale256x256.png	123195	85773	82458
o_7008.png.scale128x128.png	16455	8853	8096
o_7007.png.scale1024x1024.png	103450	48486	44906
o_7005.png.scale640x640.png	386832	235042	188674
o_7008.png.scale256x256.png	51290	28496	24238
o_7003.png.scale384x384.png	383202	241990	238384
o_7008.png.scale1024x1024.png	37978	9306	13422
o_7008.png.scale64x64.png	4797	2537	2510
o_7008.png.scale192x192.png	33209	17681	15948
o_7005.png.scale384x384.png	206583	124339	113480
o_7008.png.scale384x384.png	104204	56381	48908
o_7008.png.scale96x96.png	9951	5336	5122
o_7000.png.scale768x768.png	587009	425619	279648
o_7003.png.scale896x896.png	1156283	798127	543746
o_7007.png.scale512x512.png	372898	264607	255582
o_7008.png.scale512x512.png	124147	89919	57902
o_7010.png.scale128x128.png	27592	14855	13094
o_7005.png.scale768x768.png	392851	275669	180230
o_7005.png.scale896x896.png	583013	347725	254834
o_7010.png.scale64x64.png	7373	3867	3530
o_7007.png.scale384x384.png	245806	168256	165216
o_7008.png.scale640x640.png	229727	131168	100210
o_7010.png.scale96x96.png	15987	8536	7654
o_7007.png.scale896x896.png	840699	577773	520448
o_7008.png.scale768x768.png	259611	172221	101170
o_7010.png.scale256x256.png	96120	51756	44046
o_7010.png.scale192x192.png	58469	31744	27418
o_7008.png.scale896x896.png	370470	222286	138122
o_7011.png.scale128x128.png	23774	12853	11402
o_7011.png.scale64x64.png	6522	3492	3182
o_7010.png.scale1024x1024.png	74350	19020	32656
o_7011.png.scale256x256.png	81262	44102	37340
o_7002.png.scale640x640.png	680940	521809	372558
o_7011.png.scale96x96.png	13971	7491	6778
o_7002.png.scale384x384.png	356337	242760	225520
o_7002.png.scale768x768.png	711159	620497	357784
o_7011.png.scale192x192.png	50211	27156	23556
o_7003.png.scale640x640.png	754126	523910	413746
o_7013.png.scale128x128.png	35028	27376	27014
o_7011.png.scale1024x1024.png	65158	15736	28514
o_7007.png.scale640x640.png	528334	363125	356894
o_7013.png.scale64x64.png	8925	7277	7306
o_7010.png.scale512x512.png	263073	161925	115058
o_7013.png.scale96x96.png	19873	15847	15592
o_7010.png.scale384x384.png	195554	103698	88728
o_7011.png.scale512x512.png	225706	141066	102334
o_7003.png.scale768x768.png	800281	620967	400040
o_7011.png.scale384x384.png	166585	88478	76648
o_7010.png.scale896x896.png	684150	394029	244530
o_7010.png.scale640x640.png	431563	240698	178948
o_7011.png.scale896x896.png	598715	339692	226532
o_7015.png.scale128x128.png	32002	21665	20954
o_7015.png.scale64x64.png	8453	6165	5912
o_7013.png.scale256x256.png	129452	97600	94848
o_7011.png.scale640x640.png	374224	207930	161472
o_7013.png.scale1024x1024.png	121882	54221	52798
o_7015.png.scale96x96.png	18458	12879	12308
o_7015.png.scale192x192.png	67743	44067	42468
o_7015.png.scale256x256.png	111327	71519	70294
o_7013.png.scale192x192.png	76170	58114	56888
o_7017.png.scale128x128.png	31287	21251	20760
o_7010.png.scale768x768.png	508672	312826	189652
o_7017.png.scale64x64.png	8590	6416	6212
o_7015.png.scale1024x1024.png	84629	33154	37474
o_7017.png.scale256x256.png	97559	60767	61014
o_7013.png.scale512x512.png	397362	301184	295046
o_7017.png.scale96x96.png	18789	13311	13030
o_7017.png.scale1024x1024.png	76990	32963	34338
o_7015.png.scale512x512.png	303172	196210	182790
o_7015.png.scale384x384.png	210953	131379	130582
o_7007.png.scale768x768.png	669077	468838	412418
o_7013.png.scale896x896.png	889626	660602	626744
o_7020.png.scale128x128.png	34096	23004	22120
o_7020.png.scale64x64.png	8995	6442	6290
o_7011.png.scale768x768.png	452578	272015	175364
o_7017.png.scale192x192.png	61968	40148	39026
o_7020.png.scale96x96.png	19780	13491	13164
o_7017.png.scale512x512.png	247947	153871	145730
o_7013.png.scale384x384.png	259762	192535	190190
o_7015.png.scale896x896.png	674669	415370	349980
o_7020.png.scale256x256.png	112512	71407	69804
o_7015.png.scale640x640.png	437067	269827	258352
o_7021.png.scale128x128.png	35213	26918	25876
o_7020.png.scale1024x1024.png	91685	39123	39362
o_7021.png.scale64x64.png	8973	7188	7110
o_7017.png.scale896x896.png	535434	310774	297098
o_7017.png.scale640x640.png	350720	203446	204472
o_7021.png.scale256x256.png	124991	87674	85662
o_7021.png.scale96x96.png	20072	15808	15138
o_7013.png.scale640x640.png	558959	415902	413716
o_7020.png.scale512x512.png	304737	192371	180600
o_7017.png.scale384x384.png	175646	103699	104516
o_7023.png.scale128x128.png	12370	8756	8550
o_7020.png.scale192x192.png	69915	45557	43868
o_7023.png.scale192x192.png	20259	13755	13810
o_7023.png.scale256x256.png	26354	19249	17326
o_7023.png.scale64x64.png	5085	3984	3648
o_7021.png.scale192x192.png	74834	54529	52396
o_7023.png.scale96x96.png	8613	6582	6012
o_7021.png.scale1024x1024.png	100500	52387	41986
o_7020.png.scale896x896.png	676688	399361	367086
o_7023.png.scale1024x1024.png	21467	6909	7704
o_7023.png.scale384x384.png	45837	30255	29250
o_7023.png.scale512x512.png	47244	43253	25512
o_7024.png.scale128x128.png	15486	12718	11858
o_7023.png.scale640x640.png	86085	59040	50986
o_7024.png.scale256x256.png	36264	29933	26414
o_7013.png.scale768x768.png	707916	533772	498514
o_7017.png.scale768x768.png	425007	254905	230966
o_7020.png.scale640x640.png	433550	259724	256308
o_7024.png.scale64x64.png	5778	5032	4788
o_7024.png.scale192x192.png	26767	21061	19946
o_7020.png.scale384x384.png	209872	126969	125478
o_7024.png.scale96x96.png	10481	8815	8204
o_7015.png.scale768x768.png	531877	341214	279130
o_7024.png.scale1024x1024.png	26772	9415	10486
o_7023.png.scale896x896.png	131002	85905	72142
o_7025.png.scale128x128.png	17237	13367	12340
o_7023.png.scale768x768.png	101232	69794	49894
o_7021.png.scale512x512.png	354354	242509	223156
o_7025.png.scale64x64.png	6633	5320	5056
o_7024.png.scale384x384.png	62552	48595	44536
o_7025.png.scale256x256.png	40462	30753	27870
o_7025.png.scale96x96.png	11680	9197	8572
o_7024.png.scale512x512.png	68084	69178	39266
o_7020.png.scale768x768.png	531308	326207	289266
o_7021.png.scale896x896.png	826096	521489	476112
o_7026.png.scale128x128.png	14429	10482	10078
o_7025.png.scale192x192.png	29386	22095	20746
o_7024.png.scale640x640.png	116723	90980	79202
o_7026.png.scale64x64.png	5743	4565	4236
o_7026.png.scale256x256.png	32250	23068	21954
o_7026.png.scale192x192.png	24047	16893	16386
o_7026.png.scale96x96.png	9969	7312	7188
o_7024.png.scale896x896.png	174821	137619	112864
o_7025.png.scale1024x1024.png	28177	10099	10528
o_7025.png.scale512x512.png	76195	71807	46688
o_7025.png.scale384x384.png	68464	49865	45862
o_7027.png.scale128x128.png	18271	13227	12448
o_7024.png.scale768x768.png	132034	107864	76428
o_7027.png.scale64x64.png	7108	5570	5200
o_7026.png.scale512x512.png	59523	51943	34122
o_7026.png.scale384x384.png	56062	38747	36152
o_7025.png.scale640x640.png	126996	94271	82954
o_7027.png.scale256x256.png	41838	29424	27208
o_7027.png.scale192x192.png	30870	21161	20270
o_7026.png.scale1024x1024.png	23753	8404	9512
o_7026.png.scale640x640.png	103742	71427	64630
o_7027.png.scale96x96.png	12569	9136	8830
o_7021.png.scale384x384.png	239108	157601	155978
o_7021.png.scale640x640.png	518030	334676	330896
o_7032.png.scale128x128.png	19330	13594	13280
o_7032.png.scale64x64.png	6938	5495	5144
o_7027.png.scale1024x1024.png	29625	9942	11518
o_7026.png.scale896x896.png	156413	104960	93810
o_7027.png.scale384x384.png	70191	46118	43842
o_7032.png.scale256x256.png	46276	33753	30750
o_7025.png.scale896x896.png	192662	144933	123044
o_7032.png.scale96x96.png	12761	9607	9018
o_7032.png.scale192x192.png	33827	23264	22612
o_7025.png.scale768x768.png	149916	115382	89828
o_7027.png.scale512x512.png	76330	65435	40920
o_7027.png.scale640x640.png	129079	86097	78686
o_7038.png.scale64x64.png	10582	10825	10150
o_7026.png.scale768x768.png	118564	87555	64416
o_7032.png.scale512x512.png	86874	80495	47084
o_7027.png.scale896x896.png	194390	131612	114780
o_7032.png.scale1024x1024.png	32179	11741	12982
o_7038.png.scale128x128.png	32400	30658	27762
o_7032.png.scale384x384.png	80965	55514	52060
o_7038.png.scale96x96.png	20615	20690	19384
o_7032.png.scale640x640.png	149316	108154	93072
o_7027.png.scale768x768.png	151150	106306	78846
o_7021.png.scale768x768.png	644404	423256	364816
o_7038.png.scale256x256.png	82764	65887	60018
o_7039.png.scale64x64.png	11045	11266	10474
o_7039.png.scale128x128.png	33927	32929	28980
o_7032.png.scale768x768.png	168479	134018	86042
o_7038.png.scale1024x1024.png	38580	16118	11890
o_7039.png.scale96x96.png	21419	21717	19916
o_7040.png.scale128x128.png	13237	9280	9010
o_7032.png.scale896x896.png	225261	160705	129726
o_7039.png.scale1024x1024.png	37762	15180	11174
o_7040.png.scale64x64.png	6333	4860	4408
o_7039.png.scale256x256.png	87577	73884	67012
o_7040.png.scale192x192.png	15902	10611	10418
o_7040.png.scale384x384.png	22052	14019	14230
o_7040.png.scale256x256.png	19255	12878	12084
o_7038.png.scale512x512.png	127373	88545	77128
o_7038.png.scale192x192.png	58596	50468	46170
o_7040.png.scale96x96.png	10627	7601	7246
o_7040.png.scale512x512.png	26418	17295	15760
o_7040.png.scale640x640.png	30347	20837	17550
o_7040.png.scale1024x1024.png	18931	6522	4346
o_7042.png.scale64x64.png	8660	8061	7792
o_7039.png.scale192x192.png	61798	56427	50150
o_7040.png.scale896x896.png	37053	30979	19862
o_7042.png.scale128x128.png	22573	17131	16998
o_7038.png.scale896x896.png	155995	107966	99884
o_7038.png.scale384x384.png	105197	76596	72402
o_7038.png.scale640x640.png	139234	96940	90564
o_7042.png.scale96x96.png	16110	13738	13036
o_7042.png.scale256x256.png	43169	29166	26872
o_7040.png.scale768x768.png	34248	23424	20100
o_7042.png.scale1024x1024.png	28334	11313	7908
o_7044.png.scale128x128.png	31265	27886	27278
o_7039.png.scale384x384.png	107725	84349	78948
o_7039.png.scale896x896.png	161477	122693	109468
o_7044.png.scale64x64.png	10933	10433	10216
o_7039.png.scale512x512.png	133841	102165	89514
o_7042.png.scale384x384.png	50850	33083	32360
o_7042.png.scale512x512.png	60149	40530	37180
o_7042.png.scale192x192.png	34614	24769	24184
o_7042.png.scale640x640.png	63850	43126	38866
o_7044.png.scale96x96.png	20939	19495	19268
o_7045.png.scale128x128.png	12972	9148	9054
o_7044.png.scale256x256.png	79780	62948	59354
o_7045.png.scale64x64.png	6577	5502	5038
o_7045.png.scale256x256.png	20701	14709	13490
o_7044.png.scale1024x1024.png	37032	16408	11440
o_7039.png.scale640x640.png	146042	111030	99778
o_7039.png.scale768x768.png	153227	115710	103318
o_7045.png.scale96x96.png	11566	8431	8070
o_7042.png.scale768x768.png	67147	43675	39870
o_7045.png.scale1024x1024.png	20911	8110	5626
o_7042.png.scale896x896.png	73586	48633	44452
o_7046.png.scale128x128.png	8154	8867	6474
o_7045.png.scale384x384.png	24906	17423	17032
o_7046.png.scale64x64.png	3852	3225	2898
o_7046.png.scale192x192.png	12455	16631	10640
o_7045.png.scale192x192.png	17583	11944	12478
o_7045.png.scale512x512.png	30583	23044	19426
o_7046.png.scale256x256.png	15909	18301	12726
o_7045.png.scale640x640.png	34314	26192	21626
o_7046.png.scale96x96.png	7113	7226	5324
o_7047.png.scale128x128.png	8541	5919	7264
o_7044.png.scale512x512.png	119273	86243	77228
o_7047.png.scale192x192.png	12978	8750	11072
o_7047.png.scale256x256.png	17356	11383	12758
o_7045.png.scale896x896.png	40401	33596	24710
o_7047.png.scale64x64.png	4043	3294	3614
o_7045.png.scale768x768.png	37438	28811	23998
o_7044.png.scale896x896.png	138744	102800	94008
o_7046.png.scale384x384.png	22750	32654	19138
o_7038.png.scale768x768.png	147761	102564	91482
o_7046.png.scale1024x1024.png	8987	3647	1570
o_7046.png.scale640x640.png	41688	69212	21126
o_7047.png.scale96x96.png	7320	5410	6208
o_7049.png.scale128x128.png	6424	5515	4374
o_7049.png.scale64x64.png	3134	2577	2212
o_7046.png.scale512x512.png	24551	36987	20436
o_7046.png.scale768x768.png	26771	32420	17106
o_7047.png.scale384x384.png	20792	14178	14918
o_7044.png.scale640x640.png	127663	94632	88218
o_7046.png.scale896x896.png	40023	64642	20324
o_7049.png.scale96x96.png	4578	3575	3178
o_7044.png.scale192x192.png	58302	46823	47110
o_7049.png.scale256x256.png	12083	17697	8578
o_7050.png.scale128x128.png	5071	4112	3450
o_7047.png.scale512x512.png	23037	19151	15550
o_7049.png.scale192x192.png	10448	16884	7340
o_7050.png.scale64x64.png	2547	2175	1784
o_7047.png.scale640x640.png	26691	29332	15622
o_7049.png.scale384x384.png	18890	42966	14666
o_7050.png.scale96x96.png	3725	2854	2504
o_7047.png.scale1024x1024.png	8518	2888	1540
o_7049.png.scale512x512.png	24045	50205	17604
o_7044.png.scale384x384.png	98619	70519	71046
o_7050.png.scale192x192.png	9005	12929	6096
o_7050.png.scale256x256.png	9982	20593	6830
o_7052.png.scale128x128.png	3269	2294	2010
o_7052.png.scale64x64.png	2153	1653	1442
o_7047.png.scale768x768.png	24299	24569	13874
o_7047.png.scale896x896.png	23996	22932	13068
o_7049.png.scale640x640.png	31550	97994	23512
o_7052.png.scale256x256.png	7057	16988	4322
o_7052.png.scale96x96.png	3103	2351	2020
o_7052.png.scale192x192.png	5835	5634	3544
o_7049.png.scale768x768.png	26911	48083	18760
o_7053.png.scale128x128.png	3022	2403	1824
o_7049.png.scale1024x1024.png	9884	6056	1846
o_7052.png.scale384x384.png	10251	39562	6698
o_7050.png.scale384x384.png	15886	35996	10654
o_7053.png.scale64x64.png	1546	1231	996
o_7053.png.scale192x192.png	5310	10357	3260
o_7053.png.scale256x256.png	5705	12340	3520
o_7053.png.scale96x96.png	2216	1596	1402
o_7050.png.scale512x512.png	18505	31139	13148
o_7050.png.scale1024x1024.png	8010	7499	1796
o_7050.png.scale640x640.png	54502	111306	17132
o_7052.png.scale640x640.png	18476	29494	12248
o_7050.png.scale768x768.png	32664	70228	17828
o_7049.png.scale896x896.png	48660	99007	21900
o_7052.png.scale512x512.png	14377	18932	9320
o_7052.png.scale768x768.png	22174	24018	11694
o_7054.png.scale64x64.png	8939	7238	7240
o_7053.png.scale384x384.png	9396	37626	5428
o_7052.png.scale896x896.png	22032	32857	10056
o_7053.png.scale512x512.png	10843	14440	6470
o_7053.png.scale640x640.png	44892	81744	8564
o_7044.png.scale768x768.png	135309	98725	89460
o_7054.png.scale96x96.png	22546	16852	16594
o_7053.png.scale1024x1024.png	7097	5636	1244
o_7052.png.scale1024x1024.png	7782	7250	1600
o_7054.png.scale128x128.png	43114	29770	28616
o_7053.png.scale768x768.png	22355	50945	9238
o_7056.png.scale64x64.png	8781	7445	7214
o_7050.png.scale896x896.png	65971	177508	20238
o_7056.png.scale96x96.png	21937	17108	16804
o_7053.png.scale896x896.png	54431	138888	10768
o_7056.png.scale128x128.png	42545	30845	30558
o_7057.png.scale128x128.png	42325	31195	30730
o_7054.png.scale256x256.png	163068	101754	97282
o_7056.png.scale256x256.png	178691	120186	119860
o_7054.png.scale512x512.png	334880	248415	195888
o_7057.png.scale64x64.png	8931	7695	7456
o_7057.png.scale256x256.png	184696	118796	122136
o_7056.png.scale192x192.png	101581	69999	69098
o_7057.png.scale96x96.png	21933	17409	17044
o_7054.png.scale1024x1024.png	589203	419355	306404
o_7056.png.scale512x512.png	394252	343022	247308
o_7054.png.scale896x896.png	978264	551810	477818
o_7054.png.scale192x192.png	99285	62263	59038
o_7054.png.scale640x640.png	587455	354666	310868
o_7057.png.scale192x192.png	103429	70239	69040
o_7059.png.scale128x128.png	39874	26309	24816
o_7059.png.scale64x64.png	9102	7104	6886
o_7059.png.scale256x256.png	119341	74402	71774
o_7056.png.scale1024x1024.png	665154	562343	371116
o_7056.png.scale896x896.png	1183483	824770	628404
o_7059.png.scale96x96.png	22845	15889	15088
o_7057.png.scale512x512.png	456092	358821	279342
o_7057.png.scale1024x1024.png	744358	622265	422096
o_7054.png.scale384x384.png	307063	186108	180024
o_7059.png.scale192x192.png	82490	50337	47898
o_7054.png.scale768x768.png	664327	435521	333074
o_7059.png.scale512x512.png	249673	157019	128096
o_7060.png.scale128x128.png	33896	24442	23422
o_7060.png.scale64x64.png	8680	6677	6420
o_7059.png.scale1024x1024.png	396312	273114	209000
o_7060.png.scale96x96.png	19319	14390	13724
o_7057.png.scale896x896.png	1319915	853769	693154
o_7060.png.scale256x256.png	124619	86455	83820
o_7059.png.scale640x640.png	400295	226872	203008
o_7056.png.scale384x384.png	355706	239847	227368
o_7065.png.scale128x128.png	34442	24904	24090
o_7060.png.scale512x512.png	394956	264177	264698
o_7059.png.scale384x384.png	212693	123716	117852
o_7065.png.scale64x64.png	8947	6829	6686
o_7056.png.scale640x640.png	711978	520291	409832
o_7060.png.scale192x192.png	73020	51550	49150
o_7065.png.scale96x96.png	19760	14650	14150
o_7065.png.scale256x256.png	125545	85823	84214
o_7060.png.scale384x384.png	251302	170527	168234
o_7057.png.scale384x384.png	384948	243712	240190
o_7060.png.scale640x640.png	563896	371236	377092
o_7059.png.scale896x896.png	657468	345290	311614
o_7066.png.scale128x128.png	34337	23325	22450
o_7057.png.scale640x640.png	779431	528226	452902
o_7066.png.scale64x64.png	9084	6547	6430
o_7065.png.scale192x192.png	74192	51866	50134
o_7060.png.scale896x896.png	975629	615605	640644
o_7060.png.scale1024x1024.png	1035616	658470	611020
o_7059.png.scale768x768.png	450484	273011	216058
o_7066.png.scale256x256.png	114412	72103	70782
o_7066.png.scale96x96.png	19946	13687	13346
o_7066.png.scale192x192.png	70536	46008	44256
o_7067.png.scale128x128.png	35692	27187	26020
o_7065.png.scale512x512.png	389724	253993	259966
o_7056.png.scale768x768.png	800887	643259	428040
o_7067.png.scale64x64.png	9056	7295	7196
o_7066.png.scale512x512.png	331233	192076	195102
o_7065.png.scale384x384.png	248783	164478	165366
o_7067.png.scale96x96.png	20284	15921	15340
o_7067.png.scale256x256.png	126840	88151	86322
o_7065.png.scale1024x1024.png	1020097	646443	609396
o_7065.png.scale896x896.png	965509	594528	624378
o_7067.png.scale192x192.png	75776	55010	52886
o_7066.png.scale1024x1024.png	813433	459592	427338
o_7070.png.scale128x128.png	26757	11905	11470
o_7066.png.scale384x384.png	215831	128016	128588
o_7070.png.scale64x64.png	7247	3248	3128
o_7070.png.scale256x256.png	95221	39556	38206
o_7066.png.scale640x640.png	465598	261782	277954
o_7066.png.scale896x896.png	792194	426134	457328
o_7070.png.scale192x192.png	57132	24523	23466
o_7070.png.scale96x96.png	15577	6764	6710
o_7067.png.scale512x512.png	383482	239004	247596
o_7071.png.scale128x128.png	28247	12407	11976
o_7070.png.scale512x512.png	286658	115589	106584
o_7070.png.scale384x384.png	187360	74286	73692
o_7060.png.scale768x768.png	758410	486898	501846
o_7071.png.scale64x64.png	7588	3267	3276
o_7065.png.scale640x640.png	560026	359989	369692
o_7071.png.scale192x192.png	60713	25853	24612
o_7071.png.scale256x256.png	101000	41664	40002
o_7071.png.scale96x96.png	16409	7157	7036
o_7067.png.scale896x896.png	958321	542361	592974
o_7067.png.scale384x384.png	243911	156443	157912
o_7073.png.scale128x128.png	24672	13426	11916
o_7070.png.scale1024x1024.png	677782	295755	214946
o_7067.png.scale640x640.png	549487	332552	352298
o_7070.png.scale896x896.png	730333	276038	293980
o_7067.png.scale1024x1024.png	1006401	598453	541074
o_7073.png.scale64x64.png	6721	3697	3400
o_7071.png.scale512x512.png	302101	120648	110914
o_7071.png.scale1024x1024.png	737767	309915	228718
o_7073.png.scale96x96.png	14401	8040	7078
o_7065.png.scale768x768.png	751672	467474	488892
o_7066.png.scale768x768.png	616418	335151	359062
o_7077.png.scale128x128.png	12506	8701	8600
o_7070.png.scale640x640.png	416340	167694	164738
o_7057.png.scale768x768.png	901889	665180	482014
o_7073.png.scale256x256.png	87641	47031	42108
o_7077.png.scale192x192.png	20486	13982	13862
o_7077.png.scale64x64.png	5124	3916	3696
o_7071.png.scale384x384.png	198369	78072	77590
o_7077.png.scale256x256.png	28171	19345	18556
o_7077.png.scale96x96.png	8698	6567	6004
o_7080.png.scale128x128.png	14512	10530	10036
o_7077.png.scale512x512.png	61883	43413	36768
o_7073.png.scale512x512.png	276589	145573	133856
o_7077.png.scale384x384.png	46690	30154	29824
o_7073.png.scale192x192.png	52403	28670	25266
o_7077.png.scale640x640.png	89451	57817	53450
o_7071.png.scale896x896.png	765820	308399	307206
o_7077.png.scale1024x1024.png	130114	90282	54288
o_7080.png.scale64x64.png	5788	4553	4234
o_7080.png.scale192x192.png	23944	16929	16222
o_7080.png.scale256x256.png	33515	23094	22210
o_7080.png.scale96x96.png	10051	7251	7124
o_7073.png.scale384x384.png	176659	91687	87244
o_7071.png.scale640x640.png	437240	177399	166848
o_7070.png.scale768x768.png	556626	225126	210966
o_7077.png.scale768x768.png	113369	73075	66096
o_7073.png.scale1024x1024.png	691559	376980	247364
o_7080.png.scale1024x1024.png	151899	105824	71558
o_7081.png.scale128x128.png	18447	13237	12376
o_7073.png.scale896x896.png	710700	372168	373282
o_7073.png.scale640x640.png	409814	211415	208116
o_7077.png.scale896x896.png	148723	91337	83244
o_7081.png.scale64x64.png	7120	5573	5190
o_7080.png.scale384x384.png	55797	37351	35992
o_7081.png.scale96x96.png	12473	9281	8660
o_7095.png.scale128x128.png	5274	4100	4000
o_7080.png.scale512x512.png	75210	50902	47742
o_7081.png.scale256x256.png	43670	29616	27528
o_7095.png.scale256x256.png	11407	7568	8038
o_7095.png.scale64x64.png	2899	2431	2354
o_7095.png.scale192x192.png	8329	5651	6118
o_7080.png.scale640x640.png	105741	69695	64986
o_7081.png.scale192x192.png	30808	21187	20106
o_7095.png.scale96x96.png	4328	3381	3572
o_7067.png.scale768x768.png	740851	428917	463596
o_7095.png.scale384x384.png	16603	9574	10252
o_7095.png.scale512x512.png	20757	16502	11832
o_7081.png.scale512x512.png	97997	65171	59608
o_7080.png.scale896x896.png	174935	107037	102514
o_7098.png.scale128x128.png	15693	12471	13646
o_7095.png.scale640x640.png	26072	20525	13840
o_7080.png.scale768x768.png	135186	85092	82370
o_7098.png.scale64x64.png	5735	5056	5124
o_7095.png.scale768x768.png	30551	22280	15988
o_7081.png.scale1024x1024.png	203145	139375	89654
o_7095.png.scale1024x1024.png	19078	6921	4370
o_7081.png.scale384x384.png	71240	46034	43788
o_7098.png.scale96x96.png	10475	8539	9062
o_7071.png.scale768x768.png	580640	237265	220032
o_7100.png.scale128x128.png	6739	4393	4516
o_7095.png.scale896x896.png	36007	27053	18164
o_7081.png.scale896x896.png	223986	137361	125928
o_7100.png.scale64x64.png	2962	2008	2124
o_7081.png.scale640x640.png	135589	84310	80030
o_7100.png.scale256x256.png	15253	8963	9196
o_7100.png.scale192x192.png	10908	6673	7122
o_7098.png.scale192x192.png	27816	21023	23954
o_7100.png.scale96x96.png	4717	3055	3156
o_7098.png.scale256x256.png	41010	30230	34006
o_7081.png.scale768x768.png	175246	105261	100822
o_7073.png.scale768x768.png	549854	284983	275338
o_7100.png.scale384x384.png	25939	14057	15292
o_7101.png.scale64x64.png	6355	5501	5672
o_7101.png.scale128x128.png	17265	13440	14486
o_7100.png.scale512x512.png	35885	22982	19778
o_7098.png.scale512x512.png	101605	72237	79566
o_7100.png.scale640x640.png	49022	28057	26494
o_7100.png.scale1024x1024.png	52411	20157	23768
o_7101.png.scale256x256.png	43176	29936	33120
o_7101.png.scale96x96.png	11558	9467	9902
o_7100.png.scale768x768.png	61499	36526	33006
o_7098.png.scale1024x1024.png	127395	72401	69398
o_7101.png.scale192x192.png	29969	21748	24630
o_7102.png.scale64x64.png	6353	5517	5722
o_7100.png.scale896x896.png	74969	44280	39286
o_7102.png.scale128x128.png	17318	13235	14776
o_7098.png.scale896x896.png	197976	134719	152278
o_7102.png.scale96x96.png	11552	9213	10032
o_7102.png.scale256x256.png	44534	31762	35846
o_7101.png.scale512x512.png	101587	66048	77488
o_7098.png.scale640x640.png	133346	93539	103362
o_7098.png.scale384x384.png	70104	49258	57252
o_7104.png.scale128x128.png	19166	15362	16524
o_7101.png.scale384x384.png	72000	46516	54766
o_7104.png.scale64x64.png	6718	5876	6154
o_7102.png.scale192x192.png	30590	21929	25418
o_7101.png.scale1024x1024.png	130624	75167	65118
o_7101.png.scale640x640.png	134959	87307	99520
o_7104.png.scale256x256.png	49098	37108	40414
o_7104.png.scale96x96.png	12606	10320	11028
o_7104.png.scale192x192.png	33664	25616	28224
o_7111.png.scale128x128.png	5717	4300	3880
o_7102.png.scale384x384.png	75583	49900	58672
o_7101.png.scale896x896.png	200182	129310	145166
o_7111.png.scale192x192.png	8966	6473	6004
o_7111.png.scale64x64.png	2637	2185	1846
o_7111.png.scale256x256.png	12252	8659	7698
o_7102.png.scale1024x1024.png	141485	80148	74308
o_7102.png.scale512x512.png	106615	70021	82934
o_7111.png.scale96x96.png	4140	3257	2826
o_7098.png.scale768x768.png	165918	114205	128274
o_7115.png.scale128x128.png	6634	4602	4374
o_7111.png.scale384x384.png	19303	12686	11778
o_7102.png.scale640x640.png	142360	93450	107290
o_7115.png.scale256x256.png	14198	9431	8738
o_7104.png.scale384x384.png	84501	60467	67102
o_7115.png.scale192x192.png	10368	6919	6718
o_7115.png.scale64x64.png	3141	2503	2128
o_7104.png.scale512x512.png	121306	86848	97418
o_7111.png.scale512x512.png	27161	18847	15938
o_7115.png.scale96x96.png	4803	3670	3204
o_7111.png.scale640x640.png	35226	21736	20244
o_7104.png.scale1024x1024.png	151092	99591	80446
o_7102.png.scale896x896.png	210676	136848	155394
o_7116.png.scale128x128.png	7107	5548	4700
o_7111.png.scale768x768.png	45393	26176	25958
o_7115.png.scale384x384.png	23080	14277	13288
o_7111.png.scale1024x1024.png	59518	33999	32614
o_7116.png.scale64x64.png	3246	2709	2260
o_7111.png.scale896x896.png	56968	34670	31642
o_7116.png.scale96x96.png	5080	4024	3442
o_7116.png.scale256x256.png	15222	11007	9552
o_7101.png.scale768x768.png	168519	107124	123094
o_7116.png.scale192x192.png	11044	8294	7362
o_7115.png.scale512x512.png	31981	19494	18086
o_7115.png.scale640x640.png	42748	24078	23402
o_7104.png.scale896x896.png	241016	166177	181418
o_7125.png.scale64x64.png	2905	2016	1684
o_7116.png.scale384x384.png	24517	17422	14952
o_7125.png.scale128x128.png	6265	4209	3788
o_7115.png.scale1024x1024.png	68198	37395	37320
o_7125.png.scale96x96.png	4610	3150	2734
o_7125.png.scale256x256.png	13809	8677	7964
o_7125.png.scale192x192.png	9946	6420	5980
o_7104.png.scale640x640.png	161224	113978	124130
o_7115.png.scale768x768.png	55333	29837	29702
o_7102.png.scale768x768.png	177605	117838	132452
o_8009.png.scale27x64.png	4027	3150	3166
o_7115.png.scale896x896.png	69077	38088	36640
o_7116.png.scale640x640.png	45467	28667	26180
o_7116.png.scale512x512.png	33821	23278	20124
o_8009.png.scale41x96.png	8172	6373	6416
o_7125.png.scale384x384.png	23593	14756	13106
o_7116.png.scale768x768.png	59107	34881	33778
o_8009.png.scale55x128.png	13563	10462	10434
o_7116.png.scale896x896.png	73800	47346	41586
o_8012.png.scale27x64.png	2801	1533	1424
o_7125.png.scale640x640.png	44948	28298	24986
o_7116.png.scale1024x1024.png	73066	44483	41068
o_7125.png.scale512x512.png	32874	21634	18204
o_7125.png.scale768x768.png	57983	35975	32754
o_8012.png.scale41x96.png	4816	2794	2566
o_8012.png.scale55x128.png	6596	3930	3584
o_8009.png.scale82x192.png	27238	20168	20460
o_7125.png.scale896x896.png	73060	44800	41270
o_8012.png.scale82x192.png	11329	6217	5896
o_7125.png.scale1024x1024.png	74094	43215	36986
o_8012.png.scale165x384.png	25009	12469	12154
o_8014.png.scale27x64.png	3847	3040	2886
o_8012.png.scale110x256.png	15750	8414	7942
o_8012.png.scale219x512.png	34817	17238	16438
o_8014.png.scale41x96.png	7110	5558	5310
o_8009.png.scale165x384.png	87775	62219	62146
o_8009.png.scale110x256.png	44668	32429	32536
o_8012.png.scale274x640.png	44681	23884	19696
o_7104.png.scale768x768.png	201918	138387	153424
o_8012.png.scale384x896.png	63069	33139	28154
o_8106.png.scale128x80.png	8495	5478	5562
o_8014.png.scale55x128.png	11159	8585	8150
o_8012.png.scale329x768.png	51852	28312	23582
o_8014.png.scale165x384.png	60615	43179	41022
o_8106.png.scale192x120.png	16250	10545	10506
o_8106.png.scale64x40.png	2837	1912	1982
o_8012.png.scale439x1024.png	75402	37029	34022
o_8014.png.scale110x256.png	32777	23787	22814
o_8014.png.scale82x192.png	20831	15346	14838
o_8106.png.scale96x60.png	5276	3432	3478
o_8107.png.scale128x80.png	8179	5053	5424
o_8009.png.scale274x640.png	198304	136499	138488
o_8106.png.scale256x160.png	27027	17062	17050
o_8106.png.scale384x240.png	55244	32827	33120
o_8014.png.scale274x640.png	131518	91094	88504
o_8107.png.scale64x40.png	2710	1790	1918
o_8107.png.scale192x120.png	15970	9474	10120
o_8014.png.scale219x512.png	93312	65952	62566
o_8107.png.scale96x60.png	5159	3291	3542
o_8107.png.scale384x240.png	54257	29645	31148
o_8107.png.scale256x160.png	26457	15159	16098
o_8009.png.scale329x768.png	264549	178505	180778
o_8106.png.scale640x400.png	130048	77279	77550
o_8106.png.scale768x480.png	175283	100341	105518
o_8110.png.scale128x80.png	10447	7429	7100
o_8106.png.scale512x320.png	90171	52871	53946
o_8009.png.scale219x512.png	139303	97092	96782
o_8014.png.scale329x768.png	173836	119656	116428
o_8110.png.scale64x40.png	3445	2524	2502
o_8014.png.scale384x896.png	220816	148719	148354
o_8110.png.scale96x60.png	6331	4716	4432
o_8110.png.scale192x120.png	19681	13727	12828
o_8113.png.scale128x80.png	11474	8959	7598
o_8009.png.scale384x896.png	336189	223072	231076
o_8106.png.scale896x560.png	224812	124712	132616
o_8107.png.scale768x480.png	171312	95748	99420
o_8107.png.scale640x400.png	127256	68419	71894
o_8110.png.scale384x240.png	63218	41790	38510
o_8113.png.scale64x40.png	3148	2279	2162
o_8110.png.scale256x160.png	31994	21551	20678
o_8106.png.scale1024x640.png	277901	154519	163266
o_8113.png.scale96x60.png	6698	5008	4530
o_8107.png.scale512x320.png	88554	47409	49902
o_8113.png.scale192x120.png	24266	19022	15544
o_8107.png.scale1024x640.png	273719	145495	156562
o_8114.png.scale128x80.png	12326	9668	8148
o_8014.png.scale439x1024.png	270434	179347	181780
o_8113.png.scale384x240.png	91724	68742	57398
o_8110.png.scale640x400.png	144997	96068	85470
o_8114.png.scale64x40.png	3013	2316	2188
o_8107.png.scale896x560.png	221866	118672	127114
o_8114.png.scale96x60.png	6793	5171	4666
o_8113.png.scale256x160.png	42063	32388	26520
o_8110.png.scale512x320.png	101941	69073	60810
o_8114.png.scale192x120.png	26180	21153	17118
o_8121.png.scale128x80.png	15465	10814	10990
o_8009.png.scale439x1024.png	413142	271630	281572
o_8110.png.scale768x480.png	192386	127077	115012
o_8114.png.scale384x240.png	103659	80448	65668
o_8110.png.scale896x560.png	240105	159233	145262
o_8121.png.scale64x40.png	4348	3129	3322
o_8113.png.scale640x400.png	225448	169619	130214
o_8114.png.scale256x160.png	46247	36978	29294
o_8121.png.scale96x60.png	9064	6589	6626
o_8121.png.scale192x120.png	32440	21413	22526
o_8124.png.scale128x80.png	15962	12346	13056
o_8110.png.scale1024x640.png	290173	192943	173552
o_8113.png.scale768x480.png	297928	214258	171804
o_8113.png.scale512x320.png	156185	117092	97032
o_8121.png.scale384x240.png	113729	69490	74638
o_8114.png.scale640x400.png	259811	194498	148908
o_8121.png.scale256x160.png	54879	34942	36890
o_8124.png.scale64x40.png	4934	3792	4088
o_8124.png.scale96x60.png	9753	7665	8064
o_8114.png.scale512x320.png	179721	137212	111380
o_8124.png.scale192x120.png	32984	25332	26406
o_8126.png.scale128x80.png	11263	7165	7340
o_8121.png.scale768x480.png	393725	227846	252264
o_8114.png.scale768x480.png	346828	254841	193962
o_8126.png.scale192x120.png	22156	13757	14116
o_8124.png.scale384x240.png	117596	87476	89958
o_8121.png.scale640x400.png	283017	166282	181650
o_8126.png.scale64x40.png	3872	2447	2692
o_8113.png.scale896x560.png	369590	266210	208596
o_8126.png.scale96x60.png	7049	4547	4796
o_8124.png.scale256x160.png	56018	42256	44246
o_8126.png.scale256x160.png	37156	22090	22964
o_8131.png.scale128x80.png	16041	11602	11864
o_8124.png.scale640x400.png	302430	220208	227654
o_8113.png.scale1024x640.png	439331	318250	247060
o_8126.png.scale384x240.png	75884	43765	45478
o_8121.png.scale512x320.png	191538	114221	122700
o_8131.png.scale64x40.png	4835	3639	3714
o_8131.png.scale192x120.png	32689	23142	23868
o_8126.png.scale640x400.png	182436	104106	109112
o_8114.png.scale896x560.png	431823	319542	241586
o_8124.png.scale768x480.png	424909	306975	317970
o_8131.png.scale96x60.png	9671	7181	7288
o_8134.png.scale128x80.png	16452	12280	12580
o_8126.png.scale768x480.png	247195	142691	148780
o_8124.png.scale512x320.png	200667	147490	151360
o_8131.png.scale384x240.png	107902	70223	74610
o_8134.png.scale192x120.png	33954	25000	25294
o_8131.png.scale256x160.png	53741	36753	38662
o_8114.png.scale1024x640.png	512714	378971	280680
o_8121.png.scale896x560.png	520098	298449	333062
o_8134.png.scale64x40.png	4781	3833	3934
o_8126.png.scale512x320.png	126487	73738	74520
o_8134.png.scale96x60.png	9529	7457	7616
o_8121.png.scale1024x640.png	654303	370678	418536
o_8126.png.scale896x560.png	317142	176947	190404
o_8135.png.scale128x80.png	17232	13152	13274
o_8124.png.scale896x560.png	565738	407460	421964
o_8126.png.scale1024x640.png	392571	222195	236268
o_8131.png.scale640x400.png	255276	155682	169838
o_8135.png.scale64x40.png	5146	4043	4178
o_8134.png.scale256x160.png	57850	41831	42652
o_8135.png.scale192x120.png	36236	26719	26920
o_8134.png.scale384x240.png	120661	86276	87410
o_8135.png.scale96x60.png	10317	7994	8244
o_8139.png.scale128x80.png	20505	15337	16074
o_8131.png.scale768x480.png	344682	205140	225752
o_8134.png.scale640x400.png	307011	211854	222118
o_8135.png.scale256x160.png	61551	44457	45314
o_8135.png.scale384x240.png	131283	91146	94358
o_8139.png.scale64x40.png	5707	4357	4562
o_8124.png.scale1024x640.png	723534	519300	541628
o_8134.png.scale768x480.png	428005	288398	307008
o_8139.png.scale192x120.png	44051	32644	33914
o_8139.png.scale96x60.png	12048	9096	9490
o_8140.png.scale128x80.png	13547	9815	10340
o_8135.png.scale640x400.png	333554	217129	232866
o_8131.png.scale896x560.png	443999	262164	288368
o_8139.png.scale384x240.png	166268	111606	119490
o_8135.png.scale512x320.png	222949	149225	156798
o_8140.png.scale192x120.png	27702	19538	20010
o_8140.png.scale64x40.png	4073	3197	3358
o_8135.png.scale768x480.png	462831	293047	318402
o_8134.png.scale896x560.png	567721	376797	399622
o_8131.png.scale1024x640.png	551718	318720	353142
o_8140.png.scale96x60.png	8021	6099	6266
o_8131.png.scale512x320.png	175366	110363	118104
o_8148.png.scale128x80.png	14724	11488	11286
o_8139.png.scale640x400.png	439005	267305	293238
o_8134.png.scale512x320.png	205880	144447	148018
o_8140.png.scale384x240.png	96923	67323	68114
o_8139.png.scale768x480.png	617967	366361	403962
o_8148.png.scale64x40.png	4070	3309	3246
o_8139.png.scale256x160.png	76198	55277	57842
o_8140.png.scale256x160.png	46617	32749	33440
o_8140.png.scale640x400.png	243569	164944	170580
o_8148.png.scale96x60.png	8627	6799	6624
o_8148.png.scale192x120.png	31605	24992	24284
o_8153.png.scale128x80.png	10156	7083	7018
o_8153.png.scale192x120.png	18940	12329	12472
o_8135.png.scale896x560.png	608141	378822	411588
o_8140.png.scale768x480.png	335739	224837	235036
o_8153.png.scale256x160.png	29018	18247	18130
o_8153.png.scale64x40.png	3549	2639	2658
o_8148.png.scale384x240.png	118087	93736	90700
o_8148.png.scale256x160.png	54280	43251	42228
o_8153.png.scale96x60.png	6664	4686	4830
o_8153.png.scale384x240.png	58240	35044	35034
o_8160.png.scale128x72.png	9585	6810	6902
o_8148.png.scale640x400.png	295346	232091	231466
o_8160.png.scale192x108.png	18369	12564	12390
o_8153.png.scale512x320.png	93158	56784	52974
o_8153.png.scale640x400.png	131229	79829	75564
o_8140.png.scale512x320.png	164006	112182	114456
o_8160.png.scale64x36.png	3376	2434	2636
o_8160.png.scale256x144.png	29848	20367	19952
o_8153.png.scale768x480.png	177082	107282	103344
o_8160.png.scale384x216.png	59439	38425	37256
o_8140.png.scale896x560.png	445949	294787	306628
o_8139.png.scale512x320.png	287402	181469	197714
o_8160.png.scale96x54.png	6152	4314	4554
o_8148.png.scale768x480.png	403847	311688	317452
o_8170.png.scale128x72.png	5920	3856	3144
o_8134.png.scale1024x640.png	718181	467757	499586
o_8135.png.scale1024x640.png	767691	473274	513248
o_8170.png.scale64x36.png	1655	994	916
o_8170.png.scale192x108.png	13352	8642	7560
o_8170.png.scale256x144.png	22229	14559	12216
o_8153.png.scale1024x640.png	273634	166521	155510
o_8170.png.scale96x54.png	3474	2232	1734
o_8153.png.scale896x560.png	223532	135700	127582
o_8171.png.scale128x72.png	8055	5935	5404
o_8160.png.scale640x360.png	140980	89427	85702
o_8160.png.scale512x288.png	96920	62333	59934
o_8170.png.scale384x216.png	46894	24513	23660
o_8171.png.scale192x108.png	17507	13552	11326
o_8171.png.scale64x36.png	2005	1558	1434
o_8160.png.scale768x432.png	192733	120184	117048
o_8148.png.scale512x320.png	200490	158746	155646
o_8170.png.scale512x288.png	81317	53565	39452
o_8170.png.scale640x360.png	117861	79693	53516
o_8171.png.scale96x54.png	4518	3315	3106
o_8170.png.scale768x432.png	171900	111080	81796
o_8176.png.scale128x72.png	7003	5076	5018
o_8171.png.scale384x216.png	65405	49605	41372
o_8160.png.scale896x504.png	246708	152659	149522
o_8176.png.scale192x108.png	12872	8940	9178
o_8148.png.scale896x560.png	521680	396475	407300
o_8160.png.scale1024x576.png	308423	186859	184224
o_8176.png.scale64x36.png	2429	1906	1860
o_8139.png.scale896x560.png	822311	480785	529822
o_8171.png.scale256x144.png	30104	23174	19018
o_8176.png.scale96x54.png	4548	3419	3392
o_8176.png.scale256x144.png	20170	13889	13946
o_8176.png.scale384x216.png	37814	25808	24538
o_8171.png.scale640x360.png	171719	130337	88916
o_8177.png.scale128x72.png	5905	4130	4108
o_8170.png.scale1024x576.png	271034	173274	130446
o_8177.png.scale64x36.png	1870	1414	1454
o_8177.png.scale192x108.png	10873	7779	8054
o_8171.png.scale512x288.png	115068	87020	71274
o_8176.png.scale512x288.png	61043	41731	38534
o_8177.png.scale384x216.png	32357	23296	22388
o_8177.png.scale96x54.png	3654	2706	2768
o_8170.png.scale896x504.png	218941	140708	106010
o_8171.png.scale768x432.png	237792	177609	128106
o_8177.png.scale256x144.png	17697	12354	12978
o_8176.png.scale640x360.png	86381	58018	54638
o_8183.png.scale128x72.png	18617	14149	14562
o_8176.png.scale1024x576.png	196515	126655	116376
o_8176.png.scale768x432.png	121894	80336	73590
o_8183.png.scale64x36.png	5548	4291	4606
o_8177.png.scale512x288.png	53711	38969	36286
o_8177.png.scale640x360.png	76340	52540	49276
o_8177.png.scale768x432.png	110799	74071	67864
o_8183.png.scale96x54.png	11232	8650	8970
o_8184.png.scale128x72.png	8598	5335	5710
o_8183.png.scale192x108.png	37473	28050	28396
o_8177.png.scale1024x576.png	181119	118234	111364
o_8184.png.scale192x108.png	17067	10219	10768
o_8176.png.scale896x504.png	155921	103304	94476
o_8184.png.scale64x36.png	3088	1949	2206
o_8140.png.scale1024x640.png	564276	364827	386760
o_8184.png.scale96x54.png	5608	3492	3742
o_8171.png.scale896x504.png	310221	226026	176502
o_8184.png.scale256x144.png	27163	16366	16882
o_8177.png.scale896x504.png	142706	96330	90684
o_8139.png.scale1024x640.png	1049815	609118	668538
o_8183.png.scale256x144.png	62434	45865	46810
o_8203.png.scale128x72.png	13033	10022	10288
o_8171.png.scale1024x576.png	378106	270820	209528
o_8203.png.scale64x36.png	3871	3035	3164
o_8184.png.scale384x216.png	56135	32227	33920
o_8148.png.scale1024x640.png	646730	486795	502610
o_8203.png.scale96x54.png	7904	6107	6280
o_8183.png.scale384x216.png	130082	92291	94438
o_8206.png.scale128x72.png	4296	3216	2982
o_8203.png.scale192x108.png	27695	20821	21398
o_8184.png.scale640x360.png	140040	77037	81036
o_8206.png.scale192x108.png	7905	5246	5232
o_8203.png.scale256x144.png	47887	35168	36524
o_8184.png.scale768x432.png	193146	106501	111294
o_8206.png.scale64x36.png	1822	1513	1306
o_8206.png.scale256x144.png	11737	7668	7764
o_8203.png.scale384x216.png	103706	73753	75762
o_8206.png.scale384x216.png	21912	13962	13672
o_8206.png.scale96x54.png	3104	2348	2176
o_8203.png.scale640x360.png	274132	179606	191758
o_8206.png.scale1024x576.png	95814	60399	56430
o_8210.png.scale128x72.png	10154	8540	8428
o_8184.png.scale512x288.png	94796	52811	54662
o_8206.png.scale640x360.png	47285	30526	28344
o_8206.png.scale768x432.png	61733	39142	37066
o_8183.png.scale640x360.png	330573	227475	238516
o_8210.png.scale192x108.png	20367	16303	16124
o_8206.png.scale512x288.png	34421	21873	20820
o_8210.png.scale64x36.png	3297	2895	2916
o_8210.png.scale96x54.png	6445	5509	5512
o_8206.png.scale896x504.png	79654	49547	46878
o_8216.png.scale128x72.png	8366	6462	6364
o_8203.png.scale768x432.png	385137	242539	261876
o_8184.png.scale896x504.png	249764	138544	145150
o_8210.png.scale384x216.png	70573	51770	51946
o_8216.png.scale192x108.png	16319	11928	11712
o_8216.png.scale64x36.png	2676	2236	2232
o_8184.png.scale1024x576.png	313109	171329	180618
o_8210.png.scale640x360.png	175995	122740	125062
o_8210.png.scale256x144.png	33791	26218	26140
o_8216.png.scale96x54.png	5160	4134	4114
o_8216.png.scale384x216.png	53082	35359	34282
o_8203.png.scale512x288.png	179367	122484	128286
o_8224.png.scale128x80.png	11826	8714	8680
o_8216.png.scale256x144.png	26131	18375	17730
o_8210.png.scale768x432.png	241438	162927	171628
o_8183.png.scale768x432.png	462591	315282	332002
o_8224.png.scale64x40.png	3773	2925	3080
o_8216.png.scale640x360.png	131889	82821	81926
o_8224.png.scale192x120.png	24173	17125	16982
o_8224.png.scale96x60.png	7355	5518	5592
o_8216.png.scale768x432.png	181709	112775	112834
o_8210.png.scale512x288.png	119803	84818	85530
o_8216.png.scale512x288.png	89238	57486	54910
o_8229.png.scale128x80.png	8584	5611	5036
o_8210.png.scale1024x576.png	391891	255632	272578
o_8229.png.scale192x120.png	17931	12046	9998
o_8224.png.scale384x240.png	85818	56735	55138
o_8229.png.scale64x40.png	2324	1593	1216
o_8224.png.scale256x160.png	40564	27911	27502
o_8216.png.scale896x504.png	236493	146311	139906
o_8203.png.scale896x504.png	512248	313443	341370
o_8229.png.scale256x160.png	30459	20210	16144
o_8229.png.scale96x60.png	4876	3148	2678
o_8210.png.scale896x504.png	314208	207672	221040
o_8230.png.scale128x80.png	11757	9167	7722
o_8229.png.scale384x240.png	66550	44514	32818
o_8183.png.scale512x288.png	220058	153438	157996
o_8224.png.scale640x400.png	207871	135136	134116
o_8230.png.scale192x120.png	25227	19614	15912
o_8230.png.scale64x40.png	3162	2346	2172
o_8229.png.scale640x400.png	166572	108548	79056
o_8230.png.scale96x60.png	6800	4954	4562
o_8216.png.scale1024x576.png	297023	177259	174854
o_8203.png.scale1024x576.png	656677	395907	430266
o_8229.png.scale768x480.png	221630	144513	108990
o_8230.png.scale256x160.png	43463	33462	27198
o_8231.png.scale128x80.png	12640	9979	8370
o_8230.png.scale384x240.png	95312	71093	59452
o_8231.png.scale192x120.png	27123	22003	17580
o_8231.png.scale64x40.png	3029	2348	2172
o_8229.png.scale512x320.png	115084	76598	58456
o_8230.png.scale640x400.png	230462	172411	135208
o_8224.png.scale512x320.png	143700	94084	92422
o_8231.png.scale96x60.png	6852	5338	4740
o_8183.png.scale896x504.png	614000	415169	439116
o_8229.png.scale896x560.png	276668	182865	144210
o_8232.png.scale128x80.png	9738	7142	7280
o_8224.png.scale768x480.png	286206	183129	185276
o_8231.png.scale256x160.png	47949	38075	29936
o_8231.png.scale384x240.png	107413	82914	67982
o_8232.png.scale192x120.png	19220	13810	13728
o_8232.png.scale64x40.png	3174	2454	2574
o_8229.png.scale1024x640.png	330754	215308	176152
o_8232.png.scale256x160.png	31124	21671	21636
o_8232.png.scale384x240.png	64262	42864	42548
o_8224.png.scale896x560.png	372351	241195	240692
o_8232.png.scale96x60.png	6009	4587	4672
o_8234.png.scale128x80.png	9150	6820	6832
o_8234.png.scale192x120.png	17090	12399	12096
o_8230.png.scale512x320.png	161713	121267	101222
o_8224.png.scale1024x640.png	463917	298813	300608
o_8234.png.scale64x40.png	3316	2460	2554
o_8234.png.scale256x160.png	26565	19122	18580
o_8230.png.scale768x480.png	303502	218003	177834
o_8232.png.scale640x400.png	160849	104346	104600
o_8231.png.scale640x400.png	265637	198547	154128
o_8231.png.scale512x320.png	185638	139985	116176
o_8234.png.scale96x60.png	5937	4567	4416
o_8230.png.scale896x560.png	375041	271743	216002
o_8234.png.scale384x240.png	51862	36152	33888
o_8236.png.scale128x80.png	9641	6543	6542
o_8232.png.scale512x320.png	108817	71750	70020
o_8236.png.scale192x120.png	19224	12007	12908
o_8232.png.scale768x480.png	219085	139354	143024
o_8236.png.scale64x40.png	3147	2189	2346
o_8236.png.scale96x60.png	5879	4230	4154
o_8231.png.scale768x480.png	354220	259221	201876
o_8234.png.scale640x400.png	121588	84913	76336
o_8230.png.scale1024x640.png	446034	319145	254866
o_8237.png.scale128x80.png	16944	12214	12258
o_8234.png.scale768x480.png	164864	111842	103500
o_8236.png.scale384x240.png	67657	39922	42828
o_8234.png.scale512x320.png	84131	57909	53242
o_8237.png.scale64x40.png	4719	3492	3688
o_8236.png.scale640x400.png	168900	103044	106868
o_8234.png.scale896x560.png	211659	144300	132908
o_8236.png.scale256x160.png	32144	19421	20864
o_8237.png.scale96x60.png	9916	7289	7330
o_8232.png.scale896x560.png	282330	179671	183492
o_8237.png.scale192x120.png	35637	24240	25112
o_8232.png.scale1024x640.png	350564	224507	226574
o_8234.png.scale1024x640.png	260822	177985	162556
o_8257.png.scale128x80.png	19750	14863	15414
o_8237.png.scale256x160.png	60940	40362	42134
o_8257.png.scale64x40.png	5420	4173	4316
o_8236.png.scale768x480.png	233119	138167	148006
o_8231.png.scale896x560.png	437612	322977	249056
o_8257.png.scale96x60.png	11561	8799	9042
o_8236.png.scale512x320.png	113576	67420	71750
o_8237.png.scale384x240.png	127742	82418	86356
o_8183.png.scale1024x576.png	786097	532658	560778
o_8271.png.scale108x192.png	15204	9766	8998
o_8237.png.scale640x400.png	323715	202523	216042
o_8231.png.scale1024x640.png	518966	381507	288190
o_8271.png.scale36x64.png	2929	2075	2032
o_8271.png.scale54x96.png	5216	3660	3484
o_8257.png.scale192x120.png	42660	31457	32956
o_8271.png.scale72x128.png	8111	5395	5128
o_8271.png.scale144x256.png	23312	14642	13054
o_8236.png.scale896x560.png	305653	182217	193438
o_8236.png.scale1024x640.png	385705	226558	240752
o_8275.png.scale36x64.png	3998	3153	3034
o_8271.png.scale216x384.png	40824	24738	21434
o_8257.png.scale384x240.png	161447	111686	117588
o_8275.png.scale54x96.png	7606	5956	5828
o_8275.png.scale108x192.png	24180	18343	17088
o_8275.png.scale72x128.png	12445	9591	9010
o_8271.png.scale360x640.png	78026	45312	40452
o_8276.png.scale108x192.png	25054	10299	10030
o_8276.png.scale36x64.png	3240	1499	1416
o_8276.png.scale54x96.png	6824	3040	2856
o_8271.png.scale288x512.png	59232	35272	30412
o_8237.png.scale512x320.png	216379	137404	143944
o_8276.png.scale72x128.png	11688	5072	4832
o_8237.png.scale768x480.png	448508	276692	299916
o_8276.png.scale144x256.png	40989	16355	15864
o_8275.png.scale216x384.png	73066	52356	49066
o_8278.png.scale36x64.png	3146	2440	2236
o_8275.png.scale144x256.png	38640	28490	26772
o_8278.png.scale54x96.png	6099	4597	3986
o_8257.png.scale640x400.png	424262	262598	285512
o_8278.png.scale108x192.png	22570	15114	13544
o_8278.png.scale72x128.png	10423	7447	6556
o_8275.png.scale360x640.png	157518	109813	105596
o_8282.png.scale108x192.png	17631	12565	10476
o_8282.png.scale36x64.png	2864	2212	1920
o_8282.png.scale54x96.png	5597	4171	3564
o_8278.png.scale144x256.png	35763	24546	20562
o_8282.png.scale72x128.png	8998	6541	5452
o_8276.png.scale216x384.png	77176	29377	29552
o_8278.png.scale216x384.png	66331	45247	36116
o_8283.png.scale108x192.png	21136	15971	12776
o_8282.png.scale144x256.png	28118	19310	16084
o_8276.png.scale360x640.png	160334	58742	64560
o_8283.png.scale36x64.png	2916	2354	2034
o_8283.png.scale54x96.png	6000	4859	3988
o_8282.png.scale216x384.png	51327	34312	29168
o_8257.png.scale256x160.png	74107	53754	56482
o_8278.png.scale360x640.png	140117	90849	76390
o_8276.png.scale288x512.png	116880	42810	45394
o_8275.png.scale288x512.png	113332	80263	75800
o_8283.png.scale72x128.png	10062	7909	6322
o_8284.png.scale36x64.png	3073	2427	2482
o_8282.png.scale360x640.png	98770	63916	53824
o_8284.png.scale54x96.png	5800	4509	4478
o_8278.png.scale288x512.png	101202	67977	54710
o_8284.png.scale108x192.png	18746	13634	13102
o_8282.png.scale288x512.png	74807	49671	40516
o_8283.png.scale216x384.png	66707	47470	37946
o_8286.png.scale36x64.png	3583	2009	2026
o_8284.png.scale72x128.png	9249	6880	6944
o_8283.png.scale144x256.png	35403	26299	20940
o_8286.png.scale54x96.png	6924	3943	3664
o_8284.png.scale216x384.png	60141	42886	40992
o_8286.png.scale72x128.png	11342	5786	5810
o_8289.png.scale108x192.png	12958	9290	9104
o_8286.png.scale108x192.png	22710	11066	11092
o_8289.png.scale36x64.png	2150	1627	1724
o_8289.png.scale54x96.png	4127	3340	3240
o_8283.png.scale360x640.png	129539	88445	71268
o_8284.png.scale144x256.png	30536	22138	21460
o_8289.png.scale72x128.png	6520	5057	4920
o_8286.png.scale216x384.png	63953	29620	29762
o_8257.png.scale768x480.png	594208	355429	390460
o_8289.png.scale144x256.png	21697	14619	14258
o_8286.png.scale144x256.png	35643	16919	17098
o_8257.png.scale512x320.png	278010	180638	193852
o_8295.png.scale36x64.png	4701	3528	3786
o_8284.png.scale360x640.png	135173	95903	93472
o_8289.png.scale216x384.png	43611	28597	27940
o_8237.png.scale896x560.png	590181	359887	391524
o_8284.png.scale288x512.png	95768	68477	65716
o_8295.png.scale54x96.png	9340	6831	7294
o_8299.png.scale36x64.png	3578	2235	2400
o_8295.png.scale72x128.png	15334	11186	11620
o_8286.png.scale360x640.png	129862	60287	60112
o_8299.png.scale54x96.png	7294	4425	4650
o_8283.png.scale288x512.png	97937	67874	53630
o_8299.png.scale72x128.png	12356	7247	7588
o_8289.png.scale288x512.png	71377	45991	44094
o_8295.png.scale108x192.png	30746	21813	22712
o_8300.png.scale36x64.png	3575	2309	2570
o_8300.png.scale54x96.png	7207	4765	4912
o_8299.png.scale108x192.png	25292	14121	14892
o_8289.png.scale360x640.png	102410	66145	64376
o_8300.png.scale72x128.png	11841	7376	7750
o_8286.png.scale288x512.png	96593	44691	44698
o_8299.png.scale144x256.png	41229	22538	24116
o_8300.png.scale216x384.png	75997	46070	47080
o_8301.png.scale36x64.png	2366	1096	1106
o_8300.png.scale108x192.png	23914	14494	15014
o_8301.png.scale54x96.png	4385	2267	1984
o_8299.png.scale216x384.png	81115	44108	47246
o_8295.png.scale216x384.png	103869	71244	73376
o_8301.png.scale108x192.png	14943	6507	6138
o_8295.png.scale144x256.png	50767	35471	36984
o_8301.png.scale72x128.png	7164	3431	3176
o_8301.png.scale216x384.png	44343	17807	16876
o_8299.png.scale360x640.png	183448	103613	113732
o_8305.png.scale36x64.png	4344	3400	3216
o_8300.png.scale144x256.png	38193	23284	23920
o_8305.png.scale54x96.png	8870	6754	6396
o_8305.png.scale72x128.png	15049	11069	10466
o_8301.png.scale144x256.png	23942	10210	9416
o_8300.png.scale360x640.png	174307	105959	111356
o_8301.png.scale360x640.png	87997	35971	35172
o_8295.png.scale360x640.png	254372	168831	178626
o_8299.png.scale288x512.png	129143	71826	77360
o_8308.png.scale36x64.png	4167	2566	2774
o_8308.png.scale54x96.png	8312	4975	5168
o_8305.png.scale108x192.png	31158	22118	20858
o_8308.png.scale72x128.png	13573	8002	8256
o_8308.png.scale108x192.png	27928	15975	16396
o_8301.png.scale288x512.png	65748	26442	25710
o_8315.png.scale36x64.png	4494	3305	3466
o_8305.png.scale216x384.png	100826	66742	63746
o_8315.png.scale54x96.png	9203	6577	6716
o_8237.png.scale1024x640.png	748526	449536	493154
o_8315.png.scale72x128.png	15219	10728	10906
o_8315.png.scale108x192.png	31344	21850	22348
o_8257.png.scale896x560.png	787656	461201	504966
o_8300.png.scale288x512.png	122057	74635	76440
o_8326.png.scale36x64.png	4214	3239	3290
o_8326.png.scale108x192.png	28499	18890	18072
o_8305.png.scale144x256.png	51467	35632	33970
o_8305.png.scale288x512.png	160264	104068	101082
o_8326.png.scale54x96.png	8591	6374	6102
o_8308.png.scale216x384.png	88361	47514	49900
o_8315.png.scale216x384.png	106650	69881	71498
o_8326.png.scale72x128.png	14102	9941	9404
o_8336.png.scale48x64.png	3781	2963	2818
o_8336.png.scale192x256.png	37989	25614	23204
o_8336.png.scale144x192.png	22590	15243	14448
o_8336.png.scale72x96.png	7014	5249	4930
o_8305.png.scale360x640.png	227271	145876	144186
o_8308.png.scale144x256.png	45472	25282	26036
o_8308.png.scale360x640.png	192130	104296	108140
o_8326.png.scale144x256.png	46245	29752	28344
o_8315.png.scale144x256.png	52891	35720	36712
o_8336.png.scale96x128.png	11021	7921	7442
o_8315.png.scale360x640.png	250710	160536	166294
o_8326.png.scale216x384.png	88544	54685	51972
o_8339.png.scale48x64.png	4060	2877	2770
o_8339.png.scale192x256.png	43844	29103	24286
o_8336.png.scale288x384.png	73542	49002	41672
o_8339.png.scale72x96.png	8430	5727	5362
o_8336.png.scale480x640.png	156254	105591	83690
o_8339.png.scale144x192.png	26940	17833	15990
o_8326.png.scale360x640.png	187416	110035	109490
o_8339.png.scale96x128.png	13206	9048	8188
o_8336.png.scale384x512.png	108930	77291	50566
o_8341.png.scale48x64.png	4431	3481	3010
o_8336.png.scale768x1024.png	112332	54516	31560
o_8295.png.scale288x512.png	171839	116097	121220
o_8308.png.scale288x512.png	137668	74314	76360
o_8341.png.scale192x256.png	48274	39471	30498
o_8341.png.scale72x96.png	9155	7355	6092
o_8339.png.scale384x512.png	130034	87577	63280
o_8257.png.scale1024x640.png	1004545	576260	632280
o_8336.png.scale576x768.png	192954	131916	101770
o_8339.png.scale288x384.png	86466	57602	45702
o_8326.png.scale288x512.png	136070	80527	78726
o_8341.png.scale144x192.png	32306	24697	20256
o_8345.png.scale48x64.png	4895	3735	3816
o_8341.png.scale96x128.png	14943	12057	9974
o_8345.png.scale192x256.png	44578	31907	30328
o_8339.png.scale768x1024.png	186654	66427	54208
o_8315.png.scale288x512.png	173226	111714	114086
o_8345.png.scale72x96.png	9060	6909	6846
o_8341.png.scale384x512.png	153363	119281	67216
o_8345.png.scale96x128.png	14177	10826	10624
o_8341.png.scale288x384.png	105552	76821	58110
o_8339.png.scale480x640.png	186193	119610	91472
o_8346.png.scale48x64.png	4238	3205	3374
o_8346.png.scale192x256.png	38630	28353	27888
o_8345.png.scale144x192.png	27784	20321	19664
o_8346.png.scale144x192.png	23974	18021	18120
o_8346.png.scale72x96.png	7696	5890	6192
o_8345.png.scale384x512.png	142042	101472	92434
o_8341.png.scale768x1024.png	132668	60447	30646
o_8345.png.scale288x384.png	88362	62792	57658
o_8339.png.scale576x768.png	228637	150361	108222
o_8341.png.scale480x640.png	223234	160640	112616
o_8336.png.scale672x896.png	244185	165892	129220
o_8351.png.scale48x64.png	6191	4742	5098
o_8346.png.scale96x128.png	12319	9587	9828
o_8345.png.scale480x640.png	207592	147798	133784
o_8351.png.scale72x96.png	12081	9375	9726
o_8346.png.scale384x512.png	127988	90071	86540
o_8346.png.scale288x384.png	77689	55659	53614
o_8346.png.scale480x640.png	185937	128851	122480
o_8341.png.scale576x768.png	268034	199195	113478
o_8351.png.scale192x256.png	68148	49966	51582
o_8351.png.scale96x128.png	19765	15150	15632
o_8339.png.scale672x896.png	306179	188108	144100
o_8345.png.scale768x1024.png	316889	210026	201876
o_8357.png.scale48x64.png	4146	2506	2676
o_8357.png.scale192x256.png	41790	24313	24806
o_8341.png.scale672x896.png	340116	245106	166292
o_8357.png.scale72x96.png	8155	5179	5136
o_8351.png.scale144x192.png	40616	30071	31224
o_8351.png.scale384x512.png	238506	166608	174772
o_8357.png.scale144x192.png	26108	15274	15682
o_8357.png.scale96x128.png	13062	7896	8096
o_8346.png.scale576x768.png	250620	171634	164432
o_8359.png.scale144x192.png	13169	7651	7436
o_8359.png.scale48x64.png	2616	1837	1828
o_8359.png.scale192x256.png	21133	11931	11338
o_8346.png.scale768x1024.png	300742	186380	182698
o_8345.png.scale576x768.png	274965	198668	178886
o_8351.png.scale288x384.png	141952	101493	104550
o_8359.png.scale72x96.png	4600	3026	2886
o_8359.png.scale96x128.png	6911	4322	4120
o_8359.png.scale288x384.png	40742	21784	20852
o_8357.png.scale384x512.png	129176	78382	78674
o_8359.png.scale384x512.png	58571	34775	29780
o_8359.png.scale480x640.png	82786	47496	41632
o_8376.png.scale48x64.png	6524	4901	5148
o_8357.png.scale288x384.png	82194	46731	48002
o_8345.png.scale672x896.png	352299	247319	228440
o_8357.png.scale480x640.png	189062	109710	115504
o_8376.png.scale72x96.png	12830	9724	9816
o_8351.png.scale480x640.png	356752	247303	259536
o_8357.png.scale768x1024.png	326741	187679	220158
o_8376.png.scale144x192.png	44542	32210	32482
o_8359.png.scale576x768.png	103981	59735	52502
o_8376.png.scale96x128.png	21444	16032	16072
o_8359.png.scale768x1024.png	73226	47407	31992
o_8357.png.scale576x768.png	249733	148724	157152
o_8376.png.scale192x256.png	73860	53471	53462
o_8383.png.scale48x64.png	4143	2440	2468
o_8359.png.scale672x896.png	132216	74164	66160
o_8383.png.scale72x96.png	8627	4810	4810
o_8383.png.scale144x192.png	30678	15463	15396
o_8351.png.scale768x1024.png	817488	554235	592672
o_8346.png.scale672x896.png	319060	217382	209690
o_8383.png.scale192x256.png	53232	25804	24904
o_8376.png.scale384x512.png	236703	167412	170264
o_8383.png.scale96x128.png	14676	7889	7764
o_8384.png.scale48x64.png	3288	1708	1768
o_8384.png.scale192x256.png	39545	18800	17722
o_8357.png.scale672x896.png	321325	185621	202568
o_8351.png.scale576x768.png	496052	341896	359314
o_8376.png.scale288x384.png	152577	106529	106484
o_8384.png.scale144x192.png	23142	11075	11012
o_8384.png.scale72x96.png	6558	3306	3366
o_8384.png.scale384x512.png	113645	60931	41476
o_8383.png.scale384x512.png	147613	85622	58458
o_8384.png.scale96x128.png	11250	5583	5726
o_8383.png.scale768x1024.png	157743	38832	44570
o_8387.png.scale192x256.png	57465	37833	36604
o_8387.png.scale48x64.png	5242	4192	4202
o_8384.png.scale480x640.png	181239	87334	71466
o_8387.png.scale144x192.png	34381	23791	22748
o_8376.png.scale480x640.png	364361	244349	254432
o_8387.png.scale72x96.png	10517	7931	7812
o_8384.png.scale288x384.png	85805	41543	34910
o_8376.png.scale768x1024.png	691557	414818	460580
o_8383.png.scale288x384.png	111711	52118	49024
o_8383.png.scale480x640.png	238587	121052	101262
o_8389.png.scale128x80.png	13436	9443	9346
o_8384.png.scale768x1024.png	113069	21225	27788
o_8387.png.scale96x128.png	16930	12419	11964
o_8389.png.scale64x40.png	4356	3204	3316
o_8383.png.scale576x768.png	277938	143996	106364
o_8389.png.scale192x120.png	26384	18045	17576
o_8389.png.scale96x60.png	8382	6100	6136
o_8387.png.scale288x384.png	116720	75496	71272
o_8389.png.scale384x240.png	88214	57286	54558
o_8403.png.scale118x256.png	13061	8255	6640
o_8387.png.scale384x512.png	190089	120882	116448
o_8403.png.scale30x64.png	1724	1251	1102
o_8403.png.scale177x384.png	23280	14323	11448
o_8384.png.scale576x768.png	208579	104004	75042
o_8403.png.scale44x96.png	3073	2172	1850
o_8384.png.scale672x896.png	268699	135148	104426
o_8387.png.scale480x640.png	272295	161077	163530
o_8403.png.scale59x128.png	4574	3118	2612
o_8403.png.scale237x512.png	34682	21096	17110
o_8403.png.scale296x640.png	46642	29048	23022
o_8403.png.scale89x192.png	8487	5389	4504
o_8403.png.scale414x896.png	36305	15857	12026
o_8412.png.scale36x64.png	3614	2187	2246
o_8412.png.scale108x192.png	19725	11611	10684
o_8403.png.scale355x768.png	59379	35025	29876
o_8376.png.scale576x768.png	487929	321420	337246
o_8351.png.scale672x896.png	651140	445553	470932
o_8387.png.scale768x1024.png	387296	233123	187472
o_8412.png.scale54x96.png	6833	4313	3946
o_8412.png.scale144x256.png	30487	18070	16430
o_8389.png.scale640x400.png	198604	127912	121820
o_8389.png.scale768x480.png	274171	174575	166602
o_8412.png.scale216x384.png	53253	31471	28592
o_8412.png.scale72x128.png	10876	6592	6080
o_8414.png.scale128x80.png	12574	9912	8180
o_8414.png.scale64x40.png	3415	2511	2380
o_8383.png.scale672x896.png	360986	185628	152790
o_8389.png.scale256x160.png	43110	28774	27792
o_8414.png.scale96x60.png	7253	5501	4804
o_8412.png.scale288x512.png	77707	46054	41660
o_8414.png.scale192x120.png	26621	20767	16870
o_8418.png.scale128x80.png	9336	5924	6292
o_8412.png.scale432x768.png	132069	74960	69840
o_8412.png.scale360x640.png	103212	60039	54954
o_8389.png.scale512x320.png	141967	92019	86340
o_8389.png.scale896x560.png	355319	226305	215156
o_8418.png.scale64x40.png	3116	2004	2254
o_8414.png.scale256x160.png	45741	35260	28334
o_8412.png.scale504x896.png	161055	91294	85026
o_8389.png.scale1024x640.png	432373	273555	263746
o_8418.png.scale96x60.png	5959	4142	4104
o_8414.png.scale384x240.png	99434	74368	62026
o_8418.png.scale192x120.png	18435	10924	11902
o_8387.png.scale576x768.png	358271	213877	215960
o_8434.png.scale30x64.png	2977	2077	2222
o_8418.png.scale384x240.png	59887	33116	35446
o_8414.png.scale640x400.png	219337	168734	78552
o_8434.png.scale44x96.png	5529	3786	3632
o_8418.png.scale256x160.png	29780	17173	18752
o_8376.png.scale672x896.png	644178	418585	443108
o_8434.png.scale59x128.png	8967	5776	5756
o_8412.png.scale576x1024.png	188951	106724	99950
o_8418.png.scale640x400.png	131741	74062	78484
o_8434.png.scale118x256.png	29392	17842	17134
o_8434.png.scale177x384.png	56760	33982	32992
o_8434.png.scale89x192.png	18048	11203	11044
o_8414.png.scale768x480.png	289701	219438	149966
o_8438.png.scale128x80.png	14151	10694	10524
o_8438.png.scale64x40.png	4263	3302	3384
o_8414.png.scale512x320.png	162582	123394	93792
o_8434.png.scale296x640.png	122617	73537	72410
o_8438.png.scale96x60.png	8481	6506	6536
o_8438.png.scale192x120.png	30040	21788	21498
o_8434.png.scale237x512.png	89399	52651	50826
o_8434.png.scale414x896.png	135027	78903	83320
o_8443.png.scale30x64.png	4393	3381	3532
o_8434.png.scale355x768.png	161489	95275	95792
o_8418.png.scale768x480.png	191984	106346	118252
o_8418.png.scale512x320.png	95522	52672	56958
o_8443.png.scale44x96.png	8652	6487	6650
o_8387.png.scale672x896.png	457058	265737	271734
o_8443.png.scale59x128.png	14530	10778	11006
o_8438.png.scale384x240.png	106030	74970	75546
o_8414.png.scale1024x640.png	406717	311847	196838
o_8414.png.scale896x560.png	360733	269248	179242
o_8443.png.scale89x192.png	30898	22292	23008
o_8418.png.scale1024x640.png	307799	173807	187534
o_8418.png.scale896x560.png	251855	141318	154702
o_8460.png.scale36x64.png	5008	3971	4150
o_8460.png.scale54x96.png	10879	8558	8880
o_8460.png.scale108x192.png	39321	30123	30484
o_8443.png.scale177x384.png	109796	72138	76668
o_8438.png.scale256x160.png	50815	36652	36332
o_8438.png.scale640x400.png	260729	179677	185648
o_8460.png.scale72x128.png	18686	14583	14986
o_8462.png.scale128x80.png	15021	10468	10348
o_8443.png.scale296x640.png	276719	166827	181520
o_8438.png.scale768x480.png	359771	239622	251914
o_8443.png.scale118x256.png	52230	36463	37828
o_8438.png.scale512x320.png	178612	123060	125382
o_8462.png.scale64x40.png	4320	3173	3330
o_8460.png.scale216x384.png	126577	89313	91378
o_8462.png.scale96x60.png	8952	6517	6464
o_8462.png.scale192x120.png	31962	21262	20710
o_8443.png.scale237x512.png	184419	115557	124378
o_8443.png.scale355x768.png	379643	225706	248076
o_8462.png.scale256x160.png	53308	34933	33984
o_8465.png.scale128x72.png	10182	7134	6908
o_8465.png.scale192x108.png	19273	12996	12608
o_8465.png.scale64x36.png	3533	2535	2710
o_8465.png.scale96x54.png	6251	4885	4606
o_8465.png.scale256x144.png	30675	20473	19724
o_8460.png.scale360x640.png	275681	187356	195976
o_8465.png.scale384x216.png	58690	37855	36136
o_8466.png.scale128x80.png	13118	9354	9324
o_8462.png.scale384x240.png	112333	71143	69412
o_8443.png.scale414x896.png	456424	267589	295006
o_8460.png.scale144x256.png	65046	48336	49374
o_8465.png.scale640x360.png	125550	80533	78432
o_8466.png.scale64x40.png	4023	3132	3218
o_8466.png.scale192x120.png	26344	17689	17400
o_8466.png.scale96x60.png	8008	5963	5980
o_8465.png.scale512x288.png	90390	59960	56354
o_8466.png.scale256x160.png	42999	28010	27028
o_9025.png.scale128x192.png	18008	12415	12408
o_8466.png.scale384x240.png	89507	54961	53756
o_8462.png.scale768x480.png	367670	229281	226208
o_8462.png.scale640x400.png	267365	170308	164838
o_9025.png.scale43x64.png	3354	2653	2602
o_8460.png.scale432x768.png	364222	243100	256816
o_9025.png.scale64x96.png	6199	4812	4618
o_8438.png.scale896x560.png	469810	309439	324842
o_9025.png.scale171x256.png	28154	18332	18588
o_9025.png.scale85x128.png	9665	7225	6904
o_8462.png.scale512x320.png	187406	117442	112408
o_9051.png.scale128x128.png	9779	6435	6602
o_9025.png.scale341x512.png	86456	51878	55682
o_9025.png.scale256x384.png	54287	33504	34662
o_8460.png.scale288x512.png	196927	136108	139682
o_8460.png.scale504x896.png	466356	308757	327912
o_9051.png.scale64x64.png	3704	2756	2796
o_9051.png.scale256x256.png	26020	15398	16548
o_8438.png.scale1024x640.png	579517	374228	402062
o_9051.png.scale192x192.png	17277	10649	11350
o_9025.png.scale427x640.png	122991	73846	78740
o_8466.png.scale640x400.png	214757	126677	126360
o_9051.png.scale96x96.png	6633	4539	4674
o_9051.png.scale384x384.png	47874	27144	29548
o_9051.png.scale512x512.png	72680	41943	45320
o_9063.png.scale43x64.png	3024	2306	2360
o_8462.png.scale896x560.png	480852	289954	288770
o_9063.png.scale171x256.png	32429	21578	22296
o_9063.png.scale128x192.png	19934	13736	14312
o_9025.png.scale683x1024.png	268036	152850	171952
o_9063.png.scale64x96.png	5929	4470	4560
o_9051.png.scale640x640.png	107124	61113	65894
o_9051.png.scale1024x1024.png	205188	117797	128504
o_9063.png.scale85x128.png	9723	7151	7202
o_9063.png.scale341x512.png	98871	60056	67522
o_8466.png.scale768x480.png	289672	164626	168290
o_9025.png.scale512x768.png	163042	94673	103706
o_9066.png.scale171x256.png	17506	12708	12320
o_9066.png.scale43x64.png	2467	2245	2098
o_9066.png.scale128x192.png	11261	8709	8296
o_9025.png.scale597x896.png	214803	123422	136772
o_9066.png.scale64x96.png	4254	3684	3436
o_9051.png.scale768x768.png	144297	83243	88572
o_9066.png.scale85x128.png	6257	5246	4902
o_9051.png.scale896x896.png	179753	101837	112960
o_9066.png.scale341x512.png	51820	34515	35448
o_9066.png.scale256x384.png	33042	22118	22372
o_9063.png.scale427x640.png	137476	80770	93924
o_9066.png.scale427x640.png	72145	45892	49116
o_8466.png.scale512x320.png	146506	89654	85602
o_9067.png.scale64x64.png	7240	5378	5412
o_9063.png.scale256x384.png	62382	38574	42770
o_9067.png.scale128x128.png	24330	17812	17480
o_9063.png.scale512x768.png	179628	106357	122760
o_9067.png.scale96x96.png	14566	10883	10598
o_9063.png.scale683x1024.png	289291	164544	196878
o_9070.png.scale171x256.png	27935	19367	20006
o_9066.png.scale512x768.png	94311	59796	64428
o_8466.png.scale896x560.png	368906	205307	212190
o_9070.png.scale128x192.png	18152	13061	13348
o_8466.png.scale1024x640.png	455101	245255	259592
o_9070.png.scale43x64.png	3556	2868	2980
o_9066.png.scale683x1024.png	154143	94756	106280
o_9067.png.scale256x256.png	81410	54819	55282
o_9070.png.scale64x96.png	6294	4978	5138
o_9066.png.scale597x896.png	123815	80403	83726
o_9070.png.scale85x128.png	9802	7422	7612
o_9063.png.scale597x896.png	233008	134757	157816
o_8462.png.scale1024x640.png	587597	356444	351756
o_9070.png.scale341x512.png	78126	52064	53160
o_9077.png.scale128x128.png	15603	10679	11038
o_9077.png.scale64x64.png	5620	4268	4434
o_9070.png.scale256x384.png	51352	33363	35008
o_9070.png.scale427x640.png	110275	71774	75094
o_9067.png.scale512x512.png	266710	165161	176736
o_9067.png.scale192x192.png	50001	34775	34810
o_9077.png.scale192x192.png	29263	18696	20082
o_9079.png.scale128x192.png	15762	11479	10260
o_9077.png.scale96x96.png	10123	7215	7496
o_9079.png.scale171x256.png	24590	17118	15732
o_9077.png.scale256x256.png	44787	27473	30148
o_9079.png.scale43x64.png	2514	1998	1998
o_9070.png.scale512x768.png	145701	93316	98170
o_9079.png.scale64x96.png	4919	3864	3672
o_9079.png.scale256x384.png	45862	29699	28774
o_9079.png.scale427x640.png	98998	61135	61720
o_9079.png.scale85x128.png	7982	6256	5596
o_8460.png.scale576x1024.png	576114	386194	403260
o_9079.png.scale341x512.png	70622	44393	43826
o_9070.png.scale597x896.png	187066	118292	125046
o_9070.png.scale683x1024.png	230330	146871	156690
o_9067.png.scale640x640.png	393134	237264	255346
o_9094.png.scale43x64.png	6824	5309	5496
o_9067.png.scale384x384.png	166591	107111	109938
o_9067.png.scale896x896.png	668154	395092	440774
o_9079.png.scale512x768.png	129781	77928	80374
o_9077.png.scale512x512.png	132008	77356	87830
o_9094.png.scale64x96.png	14607	11091	11318
o_9094.png.scale171x256.png	95526	69102	68006
o_9094.png.scale85x128.png	25175	18830	19068
o_9079.png.scale683x1024.png	203300	117768	126442
o_9079.png.scale597x896.png	165967	96974	102326
o_9097.png.scale43x64.png	6412	5730	6018
o_9077.png.scale1024x1024.png	356296	203022	238776
o_9077.png.scale384x384.png	85070	50231	56358
o_9077.png.scale640x640.png	190116	110571	126552
o_9097.png.scale171x256.png	101741	86246	86238
o_9077.png.scale768x768.png	253323	145529	168372
o_9067.png.scale1024x1024.png	767005	450499	509432
o_9077.png.scale896x896.png	312786	177930	209170
o_9097.png.scale64x96.png	14191	12569	13104
o_9094.png.scale128x192.png	55449	40402	40608
o_9094.png.scale341x512.png	356601	252307	250168
o_9097.png.scale85x128.png	25162	22035	22958
o_9098.png.scale43x64.png	6380	4654	4910
o_9098.png.scale171x256.png	89784	62146	64204
o_9098.png.scale64x96.png	13657	9805	10336
o_9097.png.scale341x512.png	401622	326891	328438
o_9094.png.scale427x640.png	553468	388030	387120
o_9097.png.scale128x192.png	57368	49273	51150
o_9098.png.scale85x128.png	23637	16668	17604
o_9098.png.scale128x192.png	51724	35995	38204
o_9094.png.scale256x384.png	205283	146400	143608
o_9098.png.scale341x512.png	348787	239891	246168
o_9097.png.scale256x384.png	226593	188358	187722
o_9105.png.scale43x64.png	7103	5247	5438
o_9067.png.scale768x768.png	530128	314767	352652
o_9105.png.scale64x96.png	15186	11056	11328
o_9105.png.scale171x256.png	101583	73198	71876
o_9098.png.scale256x384.png	196657	134988	139238
o_9094.png.scale683x1024.png	1425976	995645	1003120
o_9097.png.scale427x640.png	629504	506274	508398
o_9105.png.scale85x128.png	26284	19092	19410
o_9098.png.scale427x640.png	551130	381767	386280
o_9107.png.scale171x256.png	88566	64242	64704
o_9107.png.scale43x64.png	6228	4782	5026
o_9105.png.scale128x192.png	58189	41882	42200
o_9105.png.scale341x512.png	398337	290137	282866
o_9107.png.scale64x96.png	13344	10050	10462
o_9097.png.scale683x1024.png	1587053	1246525	1266436
o_9097.png.scale512x768.png	904350	719476	724822
o_9107.png.scale128x192.png	50910	37234	38502
o_9107.png.scale85x128.png	23136	17156	17838
o_9094.png.scale512x768.png	796929	556058	554258
o_9107.png.scale341x512.png	346122	248079	248336
o_9113.png.scale128x85.png	23156	21151	20716
o_9098.png.scale683x1024.png	1437756	1019843	1028422
o_9105.png.scale427x640.png	629791	461937	445778
o_9113.png.scale64x43.png	6173	5652	5582
o_9098.png.scale512x768.png	801248	558574	562840
o_9105.png.scale256x384.png	224466	162724	157712
o_9107.png.scale427x640.png	545814	391480	388024
o_9113.png.scale256x171.png	88330	81864	76198
o_9113.png.scale96x64.png	13338	12243	11958
o_9107.png.scale256x384.png	195090	140347	140156
o_9115.png.scale171x256.png	58286	38007	40872
o_9113.png.scale192x128.png	50474	46615	45282
o_9115.png.scale43x64.png	4764	3386	3478
o_9105.png.scale683x1024.png	1646806	1223668	1185274
o_9097.png.scale597x896.png	1223660	968864	975352
o_9115.png.scale64x96.png	9601	6531	6810
o_9115.png.scale128x192.png	34057	22471	24022
o_9113.png.scale512x341.png	354390	324956	297938
o_9105.png.scale512x768.png	917027	674579	649770
o_9115.png.scale341x512.png	231135	151181	159954
o_9107.png.scale512x768.png	790899	568262	561648
o_9115.png.scale85x128.png	16072	10687	11402
o_9107.png.scale683x1024.png	1408404	1024437	1017366
o_9113.png.scale640x427.png	565810	508229	470448
o_9113.png.scale384x256.png	197209	182763	167678
o_9118.png.scale64x43.png	7297	6338	6614
o_9113.png.scale1024x683.png	1502834	1252163	1242916
o_9094.png.scale597x896.png	1085283	756715	757862
o_9118.png.scale128x85.png	27822	22928	23754
o_9118.png.scale96x64.png	15853	13353	13918
o_9115.png.scale256x384.png	128146	83168	89304
o_9118.png.scale256x171.png	108416	84953	85420
o_9118.png.scale192x128.png	62033	49435	50890
o_9115.png.scale427x640.png	367874	240991	253562
o_9121.png.scale43x64.png	6360	5440	5672
o_9107.png.scale597x896.png	1076692	780428	768390
o_9121.png.scale171x256.png	96214	77640	77474
o_9118.png.scale512x341.png	414396	314932	316004
o_9121.png.scale64x96.png	13773	11701	12118
o_9121.png.scale341x512.png	394012	309051	307596
o_9121.png.scale128x192.png	54276	44198	45620
o_9113.png.scale768x512.png	828996	721431	685928
o_9121.png.scale85x128.png	24136	20117	20874
o_9118.png.scale1024x683.png	1624599	1205995	1218564
o_9115.png.scale683x1024.png	977951	670367	688980
o_9118.png.scale640x427.png	644244	485588	484256
o_9123.png.scale43x64.png	6360	4876	5218
o_9123.png.scale171x256.png	94385	69244	70320
o_9098.png.scale597x896.png	1095060	772897	775206
o_9123.png.scale64x96.png	13876	10423	11090
o_9118.png.scale384x256.png	236853	182707	182272
o_9121.png.scale256x384.png	217987	173016	172138
o_9123.png.scale85x128.png	24318	18054	18996
o_9123.png.scale128x192.png	53926	39754	41608
o_9125.png.scale171x256.png	103596	76187	75842
o_9123.png.scale341x512.png	376741	273158	270896
o_9125.png.scale43x64.png	6728	5257	5488
o_9121.png.scale427x640.png	629462	491998	487496
o_9123.png.scale256x384.png	210427	152695	154162
o_9123.png.scale427x640.png	599074	436604	429464
o_9105.png.scale597x896.png	1255510	931026	895046
o_9115.png.scale512x768.png	538591	355650	370870
o_9121.png.scale683x1024.png	1666730	1296736	1286568
o_9125.png.scale64x96.png	14713	11323	11588
o_9121.png.scale512x768.png	921610	716793	710378
o_9125.png.scale128x192.png	58582	43745	44064
o_9125.png.scale85x128.png	25958	19695	20140
o_9118.png.scale768x512.png	923979	689441	689462
o_9130.png.scale43x64.png	5941	4595	4810
o_9130.png.scale171x256.png	78885	58288	58048
o_9125.png.scale341x512.png	407033	287771	289544
o_9115.png.scale597x896.png	739991	490951	512670
o_9130.png.scale64x96.png	12354	9416	9812
o_9130.png.scale128x192.png	45683	34188	35212
o_9130.png.scale85x128.png	21041	15878	16536
o_9123.png.scale512x768.png	873562	640042	627926
o_9123.png.scale683x1024.png	1567418	1167506	1146216
o_9130.png.scale341x512.png	304885	218378	216928
o_9130.png.scale256x384.png	172102	124156	123948
o_9132.png.scale171x256.png	105992	81116	79646
o_9125.png.scale427x640.png	636512	444822	447172
o_9132.png.scale43x64.png	6903	5621	5956
o_9132.png.scale64x96.png	15226	12164	12574
o_9121.png.scale597x896.png	1267028	985376	976034
o_9125.png.scale256x384.png	230202	166170	164874
o_9132.png.scale85x128.png	26938	21209	21672
o_9130.png.scale427x640.png	483932	342276	340484
o_9125.png.scale683x1024.png	1591250	1102917	1124848
o_9132.png.scale341x512.png	414975	311040	301594
o_9134.png.scale43x64.png	6480	5618	5846
o_9118.png.scale896x597.png	1250019	932280	931832
o_9132.png.scale128x192.png	60448	46614	47150
o_9134.png.scale171x256.png	95832	76404	75106
o_9134.png.scale64x96.png	13887	11751	12016
o_9130.png.scale683x1024.png	1283650	906256	907662
o_9134.png.scale85x128.png	24283	20158	20548
o_9134.png.scale128x192.png	54341	44027	44516
o_9113.png.scale896x597.png	1140771	965340	940486
o_9134.png.scale341x512.png	375779	289442	284516
o_9130.png.scale512x768.png	707128	497684	496356
o_9135.png.scale171x256.png	85515	62997	64062
o_9135.png.scale43x64.png	5917	4466	4794
o_9125.png.scale512x768.png	911062	631764	636702
o_9132.png.scale427x640.png	651599	488668	469604
o_9135.png.scale64x96.png	12695	9537	10112
o_9132.png.scale256x384.png	234616	177062	172662
o_9132.png.scale683x1024.png	1686170	1268854	1232564
o_9135.png.scale128x192.png	49005	36243	38302
o_9135.png.scale85x128.png	22163	16530	17474
o_9135.png.scale341x512.png	334739	242008	247142
o_9134.png.scale427x640.png	588957	449285	443490
o_9123.png.scale597x896.png	1195178	885022	865800
o_9137.png.scale43x64.png	6500	4729	4922
o_9134.png.scale256x384.png	212649	166107	162522
o_9137.png.scale64x96.png	14287	9993	10282
o_9137.png.scale171x256.png	93607	61317	63310
o_9137.png.scale85x128.png	24898	16915	17774
o_9132.png.scale512x768.png	943492	708689	680722
o_9135.png.scale256x384.png	188676	137171	140278
o_9137.png.scale341x512.png	360380	234807	238368
o_9137.png.scale128x192.png	54357	36049	37838
o_9134.png.scale683x1024.png	1499628	1133894	1137544
o_9140.png.scale43x64.png	6332	5273	5082
o_9135.png.scale427x640.png	526227	380830	386448
o_9140.png.scale171x256.png	94626	78073	72784
o_9140.png.scale64x96.png	13716	11482	10894
o_9137.png.scale427x640.png	569408	374638	373992
o_9135.png.scale512x768.png	759624	551141	559778
o_9130.png.scale597x896.png	971518	683634	683700
o_9134.png.scale512x768.png	848199	642953	637478
o_9140.png.scale85x128.png	24032	20109	19160
o_9140.png.scale128x192.png	53934	44721	42722
o_9135.png.scale683x1024.png	1346828	987130	1007422
o_9142.png.scale43x64.png	6297	5328	5620
o_9137.png.scale256x384.png	203215	132150	136144
o_9142.png.scale171x256.png	87784	68922	69432
o_9140.png.scale341x512.png	371055	307152	290570
o_9142.png.scale64x96.png	13479	11152	11760
o_9137.png.scale683x1024.png	1493863	1021001	1003210
o_9142.png.scale85x128.png	23300	18986	19874
o_9142.png.scale341x512.png	324761	245398	249970
o_9140.png.scale427x640.png	599710	488901	466024
o_9142.png.scale128x192.png	51000	40599	42086
o_9134.png.scale597x896.png	1150781	873158	866090
o_9143.png.scale43x64.png	6081	5224	5490
o_9140.png.scale256x384.png	208472	172066	161832
o_9132.png.scale597x896.png	1288028	969312	934426
o_9143.png.scale64x96.png	13164	11025	11300
o_9143.png.scale171x256.png	84550	69140	68000
o_9140.png.scale683x1024.png	1702211	1344109	1303952
o_9143.png.scale85x128.png	22786	18837	19226
o_9143.png.scale341x512.png	323711	256694	254720
o_9143.png.scale128x192.png	48965	40435	41142
o_9137.png.scale512x768.png	829512	551994	546678
o_9142.png.scale256x384.png	187849	143941	145682
o_9144.png.scale43x64.png	4324	3063	3218
o_9142.png.scale427x640.png	501378	374950	383512
o_9125.png.scale597x896.png	1229124	852071	860416
o_9144.png.scale171x256.png	55946	35826	38504
o_9137.png.scale597x896.png	1135622	767582	755478
o_9144.png.scale64x96.png	8990	6054	6488
o_9143.png.scale256x384.png	183819	147987	145560
o_9144.png.scale128x192.png	32464	21077	22870
o_9144.png.scale85x128.png	15120	10095	10818
o_9140.png.scale512x768.png	904270	722955	695790
o_9144.png.scale341x512.png	220883	148597	153220
o_9152.png.scale43x64.png	6698	5917	6318
o_9143.png.scale427x640.png	508839	400897	395316
o_9144.png.scale427x640.png	350842	230678	242674
o_9144.png.scale256x384.png	122983	79008	84610
o_9135.png.scale597x896.png	1031917	755041	765030
o_9152.png.scale171x256.png	101773	84397	85974
o_9152.png.scale64x96.png	14704	12809	13606
o_9142.png.scale683x1024.png	1248263	917620	957380
o_9152.png.scale128x192.png	57953	48604	51156
o_9143.png.scale683x1024.png	1316218	1007850	1018894
o_9152.png.scale341x512.png	391282	309523	321238
o_9152.png.scale85x128.png	25865	22143	23516
o_9154.png.scale43x64.png	7032	5692	6060
o_9142.png.scale512x768.png	714955	529449	544000
o_9154.png.scale64x96.png	15349	12191	12842
o_9154.png.scale171x256.png	105059	79251	80042
o_9144.png.scale683x1024.png	918691	648174	651280
o_9143.png.scale512x768.png	736817	575097	569248
o_9152.png.scale427x640.png	605448	471918	490638
o_9154.png.scale85x128.png	26901	21140	22070
o_9154.png.scale341x512.png	405199	292025	293822
o_9156.png.scale171x256.png	65368	43847	45342
o_9156.png.scale43x64.png	5019	3748	3864
o_9144.png.scale512x768.png	511329	340272	353924
o_9154.png.scale128x192.png	60137	46076	47972
o_9152.png.scale256x384.png	223549	181068	185246
o_9156.png.scale128x192.png	38487	26114	27088
o_9152.png.scale683x1024.png	1478028	1121499	1189936
o_9156.png.scale64x96.png	10614	7459	7704
o_9142.png.scale597x896.png	962496	712362	733182
o_9154.png.scale256x384.png	230236	169556	170808
o_9154.png.scale427x640.png	633603	451104	450418
o_9156.png.scale85x128.png	18080	12460	12944
o_9158.png.scale43x64.png	5299	4282	4464
o_9156.png.scale341x512.png	249758	165743	171830
o_9158.png.scale171x256.png	73959	57218	55914
o_9158.png.scale64x96.png	11251	9023	9268
o_9156.png.scale256x384.png	140664	93962	96666
o_9140.png.scale597x896.png	1274126	1011034	974600
o_9154.png.scale683x1024.png	1603925	1137141	1138744
o_9152.png.scale512x768.png	859438	661335	691196
o_9144.png.scale597x896.png	700489	476293	487364
o_9158.png.scale85x128.png	19436	15363	15624
o_9158.png.scale341x512.png	282296	215207	210556
o_9154.png.scale512x768.png	911539	643981	643092
o_9158.png.scale128x192.png	42693	33325	33194
o_9163.png.scale128x85.png	26071	12911	14250
o_9163.png.scale64x43.png	6861	3471	3832
o_9163.png.scale256x171.png	104093	51097	55846
o_9156.png.scale427x640.png	394836	261544	272408
o_9163.png.scale96x64.png	14866	7496	8160
o_9158.png.scale256x384.png	161326	123078	120292
o_9156.png.scale512x768.png	575558	381593	397004
o_9163.png.scale192x128.png	58699	28830	31874
o_9156.png.scale683x1024.png	1046872	710311	729088
o_9165.png.scale171x256.png	97844	46400	51462
o_9165.png.scale43x64.png	7098	3319	3902
o_9158.png.scale427x640.png	439875	332996	327526
o_9143.png.scale597x896.png	1004253	776012	774482
o_9163.png.scale512x341.png	417398	206422	226878
o_9165.png.scale64x96.png	15028	7074	8154
o_9165.png.scale128x192.png	56206	26762	30030
o_9165.png.scale85x128.png	25871	12236	13882
o_9163.png.scale1024x683.png	1700047	943555	1004184
o_9163.png.scale640x427.png	658703	334535	360770
o_9165.png.scale341x512.png	367304	176151	198150
o_9166.png.scale43x64.png	7433	4987	5162
o_9152.png.scale597x896.png	1149497	880698	921388
o_9158.png.scale683x1024.png	1104615	817585	833684
o_9166.png.scale171x256.png	113525	73003	73362
o_9166.png.scale64x96.png	16391	10934	11196
o_9154.png.scale597x896.png	1234593	875481	871530
o_9163.png.scale384x256.png	233958	114692	125194
o_9158.png.scale512x768.png	630430	474901	470630
o_9165.png.scale256x384.png	212580	100759	112188
o_9166.png.scale128x192.png	64699	41959	42966
o_9165.png.scale427x640.png	565030	275327	306488
o_9166.png.scale341x512.png	434222	269936	276112
o_9166.png.scale85x128.png	28921	19065	19564
o_9167.png.scale43x64.png	4924	2462	2874
o_9167.png.scale64x96.png	10447	5171	5996
o_9167.png.scale171x256.png	70895	35766	42206
o_9165.png.scale683x1024.png	1432277	725346	803464
o_9167.png.scale128x192.png	40060	20181	23466
o_9167.png.scale85x128.png	18078	8998	10426
o_9166.png.scale427x640.png	674617	418821	430380
o_9158.png.scale597x896.png	850413	635881	635792
o_9163.png.scale768x512.png	954762	498039	534200
o_9231.png.scale43x64.png	2857	2146	2128
o_9167.png.scale341x512.png	288194	149140	175342
o_9231.png.scale171x256.png	40199	25332	27564
o_9231.png.scale64x96.png	5432	4094	3952
o_9231.png.scale128x192.png	21200	13860	15294
o_9231.png.scale85x128.png	9207	6688	6626
o_9156.png.scale597x896.png	791015	525748	547062
o_9167.png.scale427x640.png	461944	244844	278548
o_9235.png.scale171x256.png	43194	30546	31130
o_9231.png.scale341x512.png	181774	112155	124672
o_9167.png.scale256x384.png	160784	81483	96076
o_9166.png.scale683x1024.png	1763610	1120441	1142940
o_9235.png.scale43x64.png	3574	2557	2726
o_9235.png.scale128x192.png	24639	17580	18004
o_9235.png.scale64x96.png	6978	5000	5240
o_9231.png.scale256x384.png	98961	60999	69436
o_9167.png.scale683x1024.png	1322922	722829	777144
o_9231.png.scale427x640.png	282101	184301	194888
o_9235.png.scale85x128.png	11582	8157	8450
o_9237.png.scale128x72.png	7370	5492	5562
o_9166.png.scale256x384.png	248711	156618	158132
o_9235.png.scale341x512.png	187671	126311	128982
o_9237.png.scale192x108.png	14797	10738	10852
o_9235.png.scale256x384.png	99433	69122	70238
o_9237.png.scale64x36.png	2362	1855	1956
o_9235.png.scale427x640.png	315053	206630	207464
o_9167.png.scale512x768.png	688293	369609	407776
o_9237.png.scale96x54.png	4606	3493	3536
o_9166.png.scale512x768.png	972575	605055	622774
o_9231.png.scale683x1024.png	723248	462989	511206
o_9237.png.scale384x216.png	51924	37361	37406
o_9238.png.scale108x192.png	13923	8941	9500
o_9237.png.scale256x144.png	24780	18020	18026
o_9238.png.scale36x64.png	2323	1598	1598
o_9165.png.scale512x768.png	809979	402131	444072
o_9238.png.scale144x256.png	23320	14909	16070
o_9237.png.scale640x360.png	131112	94388	96036
o_9238.png.scale54x96.png	4378	2920	2970
o_9235.png.scale512x768.png	472761	306465	307836
o_9238.png.scale216x384.png	50979	31902	34310
o_9238.png.scale72x128.png	6939	4540	4778
o_9163.png.scale896x597.png	1300802	701833	748978
o_9241.png.scale128x72.png	8810	6038	6018
o_9237.png.scale512x288.png	87017	62865	62852
o_9235.png.scale683x1024.png	853439	550266	562884
o_9231.png.scale512x768.png	421939	266815	289664
o_9241.png.scale64x36.png	2839	2100	2064
o_9237.png.scale768x432.png	181931	129986	133118
o_9238.png.scale360x640.png	143970	91630	98082
o_9241.png.scale192x108.png	17398	11466	11684
o_9241.png.scale96x54.png	5519	3913	3824
o_9238.png.scale288x512.png	89906	58018	60810
o_9241.png.scale256x144.png	28364	18154	18748
o_9231.png.scale597x896.png	566896	359868	388372
o_9246.png.scale128x72.png	19468	12921	13230
o_9241.png.scale384x216.png	58089	35691	38016
o_9235.png.scale597x896.png	651815	420688	424798
o_9246.png.scale64x36.png	5256	3544	3682
o_9238.png.scale432x768.png	211380	135661	143354
o_9241.png.scale640x360.png	150248	92869	99942
o_9237.png.scale896x504.png	241153	170565	175538
o_9166.png.scale597x896.png	1332764	840422	858140
o_9246.png.scale96x54.png	11283	7570	7790
o_9167.png.scale597x896.png	969660	526252	569202
o_9237.png.scale1024x576.png	306938	215181	221682
o_9252.png.scale128x128.png	12797	9602	9888
o_9241.png.scale768x432.png	213990	132189	142108
o_9238.png.scale504x896.png	304441	193353	202558
o_9252.png.scale256x256.png	44770	32151	33544
o_9252.png.scale64x64.png	4050	3043	3228
o_9246.png.scale192x108.png	41751	27142	28034
o_9252.png.scale96x96.png	7806	6021	6076
o_9241.png.scale512x288.png	98409	60207	64336
o_9252.png.scale192x192.png	26389	19292	20296
o_9241.png.scale896x504.png	290528	179916	192604
o_9246.png.scale640x360.png	385182	239180	255748
o_9276.png.scale171x256.png	40588	23927	25860
o_9252.png.scale512x512.png	169654	120947	126070
o_9238.png.scale576x1024.png	428460	268807	278436
o_9276.png.scale43x64.png	3156	2029	2046
o_9276.png.scale128x192.png	23796	14284	15236
o_9276.png.scale64x96.png	6607	4067	4212
o_9246.png.scale256x144.png	71182	45540	47482
o_9276.png.scale341x512.png	155109	90923	98532
o_9252.png.scale384x384.png	97019	68327	71788
o_9276.png.scale85x128.png	11067	6796	7070
o_9246.png.scale384x216.png	150144	94464	99062
o_9165.png.scale597x896.png	1098220	552069	605182
o_9241.png.scale1024x576.png	383549	243394	254344
o_9252.png.scale640x640.png	263162	184151	194024
o_9277.png.scale64x64.png	4938	3643	3692
o_9277.png.scale128x128.png	16700	12057	12134
o_9276.png.scale256x384.png	88413	51317	55936
o_9277.png.scale256x256.png	60121	41180	42448
o_9277.png.scale96x96.png	9989	7302	7296
o_9252.png.scale1024x1024.png	627792	409836	457754
o_9286.png.scale171x256.png	25269	16063	17126
o_9246.png.scale512x288.png	255335	159659	168200
o_9277.png.scale192x192.png	34988	24658	25056
o_9276.png.scale427x640.png	241843	144907	154756
o_9286.png.scale43x64.png	2354	1525	1684
o_9286.png.scale128x192.png	14821	9900	10206
o_9252.png.scale896x896.png	493276	328918	364014
o_9286.png.scale64x96.png	4393	3044	3070
o_9286.png.scale85x128.png	7125	4841	4926
o_9277.png.scale512x512.png	224486	146370	159092
o_9289.png.scale171x256.png	24320	15449	15630
o_9289.png.scale128x192.png	14291	9199	9444
o_9276.png.scale683x1024.png	634607	382724	419358
o_9286.png.scale256x384.png	55173	34812	37286
o_9286.png.scale341x512.png	97401	62375	66998
o_9289.png.scale43x64.png	2408	1595	1676
o_9246.png.scale768x432.png	538198	330700	357148
o_9289.png.scale64x96.png	4373	2935	3010
o_9276.png.scale512x768.png	351089	209533	226510
o_9277.png.scale640x640.png	343400	220524	243868
o_9289.png.scale256x384.png	52643	32594	33652
o_9289.png.scale341x512.png	90937	56817	58742
o_9276.png.scale597x896.png	480455	290065	312638
o_9289.png.scale85x128.png	6909	4600	4702
o_9286.png.scale427x640.png	154757	99772	106010
o_9292.png.scale128x85.png	10629	6720	7206
o_9277.png.scale896x896.png	640503	410410	459776
o_9292.png.scale64x43.png	3434	2115	2364
o_9289.png.scale427x640.png	137933	87096	90122
o_9252.png.scale768x768.png	373266	255436	274176
o_9277.png.scale384x384.png	129719	85584	90198
o_9292.png.scale256x171.png	35985	23115	24334
o_9292.png.scale96x64.png	6599	4088	4516
o_9277.png.scale1024x1024.png	814872	513180	573412
o_9246.png.scale896x504.png	713511	434103	471118
o_9292.png.scale192x128.png	21801	13833	14632
o_9286.png.scale512x768.png	227137	144462	155296
o_9303.png.scale43x64.png	3303	2401	2504
o_9303.png.scale171x256.png	42364	28387	28812
o_9303.png.scale64x96.png	6600	4815	4804
o_9303.png.scale128x192.png	24327	16672	16934
o_9286.png.scale683x1024.png	418961	260909	287102
o_9292.png.scale512x341.png	132179	84348	90058
o_9289.png.scale683x1024.png	345374	214252	232390
o_9303.png.scale85x128.png	11249	8109	8134
o_9319.png.scale128x85.png	7028	5553	5308
o_9289.png.scale512x768.png	197058	122737	129902
o_9303.png.scale256x384.png	94271	62837	62876
o_9319.png.scale192x128.png	14175	10852	10628
o_9292.png.scale384x256.png	76606	48473	51532
o_9303.png.scale341x512.png	166972	110697	112096
o_9319.png.scale256x171.png	23324	17479	16908
o_9292.png.scale640x427.png	203767	130949	138922
o_9319.png.scale64x43.png	2275	2007	1852
o_9319.png.scale96x64.png	4361	3557	3426
o_9289.png.scale597x896.png	267333	166386	176720
o_9292.png.scale1024x683.png	515327	325728	359596
o_9286.png.scale597x896.png	314944	199314	214510
o_9333.png.scale171x256.png	32620	24381	23894
o_9333.png.scale43x64.png	2799	2272	2308
o_9277.png.scale768x768.png	486012	307179	343012
o_9333.png.scale128x192.png	19036	14355	14358
o_9303.png.scale427x640.png	262714	174625	175318
o_9333.png.scale64x96.png	5521	4369	4378
o_9319.png.scale512x341.png	83073	58795	60162
o_9319.png.scale384x256.png	48803	35061	35154
o_9333.png.scale85x128.png	9143	7031	7154
o_9292.png.scale768x512.png	292189	186197	199300
o_9335.png.scale171x256.png	33465	23882	23990
o_9335.png.scale43x64.png	2972	2282	2420
o_9335.png.scale128x192.png	19905	14413	14540
o_9319.png.scale640x427.png	126904	90448	93012
o_9333.png.scale341x512.png	123777	89943	89634
o_9335.png.scale64x96.png	5829	4312	4548
o_9333.png.scale256x384.png	70733	51989	50894
o_9333.png.scale427x640.png	191513	138073	138320
o_9303.png.scale512x768.png	381166	252527	253122
o_9319.png.scale1024x683.png	317777	220181	233604
o_9335.png.scale85x128.png	9609	7040	7202
o_9246.png.scale1024x576.png	910242	549079	599736
o_9303.png.scale683x1024.png	675197	443897	458960
o_9319.png.scale768x512.png	182070	128313	132226
o_9335.png.scale341x512.png	121856	84963	86714
o_9352.png.scale64x64.png	5755	4745	5058
o_9335.png.scale256x384.png	70759	49892	50258
o_9352.png.scale128x128.png	27106	20548	21202
o_9333.png.scale512x768.png	274394	196805	198356
o_9292.png.scale896x597.png	395538	251792	272516
o_9335.png.scale427x640.png	186059	130165	132720
o_9352.png.scale96x96.png	12859	10110	10768
o_9333.png.scale683x1024.png	482373	336429	353338
o_9353.png.scale128x128.png	31282	25522	25896
o_9352.png.scale256x256.png	148395	107837	111772
o_9353.png.scale64x64.png	6944	5756	5886
o_9335.png.scale512x768.png	266176	185161	188666
o_9335.png.scale683x1024.png	462181	315891	332952
o_9303.png.scale597x896.png	518631	340947	347412
o_9353.png.scale96x96.png	16356	13501	13818
o_9319.png.scale896x597.png	246352	170966	179968
o_9333.png.scale597x896.png	371577	262263	269050
o_9353.png.scale256x256.png	167042	132975	127062
o_9352.png.scale512x512.png	574393	411302	424384
o_9335.png.scale597x896.png	357115	248380	255004
o_9354.png.scale128x128.png	29233	19807	19992
o_9354.png.scale64x64.png	6809	4698	4858
o_9354.png.scale256x256.png	137103	93109	88646
o_9352.png.scale896x896.png	1764682	1195350	1274428
o_9354.png.scale96x96.png	15533	10598	10916
o_9352.png.scale192x192.png	82411	59240	60084
o_9353.png.scale512x512.png	664326	525918	512104
o_9352.png.scale1024x1024.png	2312914	1540791	1660658
o_9354.png.scale512x512.png	592643	403346	384970
o_9353.png.scale896x896.png	1935949	1482460	1470358
o_9354.png.scale192x192.png	73080	49261	49098
o_9355.png.scale128x128.png	38606	31593	28540
o_9352.png.scale640x640.png	892679	632580	655496
o_9355.png.scale64x64.png	9165	7640	6722
o_9353.png.scale192x192.png	88113	68637	68276
o_9353.png.scale640x640.png	1021811	800938	784040
o_9355.png.scale96x96.png	21912	18339	16028
o_9354.png.scale384x384.png	325056	221964	212040
o_9353.png.scale1024x1024.png	2491835	1879070	1882626
o_9355.png.scale256x256.png	151624	121529	111998
o_9357.png.scale128x72.png	23837	21447	22680
o_9354.png.scale896x896.png	1853828	1238744	1205930
o_9354.png.scale640x640.png	938112	635442	609822
o_9357.png.scale64x36.png	6216	5782	5996
o_9355.png.scale512x512.png	596930	456539	441846
o_9357.png.scale192x108.png	53542	46551	49092
o_9354.png.scale1024x1024.png	2418394	1599367	1574280
o_9357.png.scale96x54.png	13549	12450	13066
o_9360.png.scale171x256.png	43184	28513	30132
o_9355.png.scale896x896.png	1812463	1324647	1304180
o_9360.png.scale128x192.png	24912	16419	17520
o_9352.png.scale384x384.png	326997	234789	243826
o_9360.png.scale43x64.png	3416	2331	2480
o_9355.png.scale1024x1024.png	2357663	1695407	1682900
o_9360.png.scale341x512.png	173237	114979	122092
o_9355.png.scale192x192.png	85538	69371	64646
o_9360.png.scale64x96.png	6998	4590	4970
o_9360.png.scale256x384.png	96842	63084	67174
o_9355.png.scale384x384.png	337834	264017	250708
o_9352.png.scale768x768.png	1290258	894102	936556
o_9360.png.scale85x128.png	11611	7606	8098
o_9353.png.scale384x384.png	375389	302920	292694
o_9355.png.scale640x640.png	929858	702049	679692
o_9357.png.scale384x216.png	203067	169603	176548
o_9364.png.scale43x64.png	3665	2716	2764
o_9364.png.scale171x256.png	39328	26154	27184
o_9364.png.scale64x96.png	7261	5239	5312
o_9353.png.scale768x768.png	1447035	1122331	1104010
o_9364.png.scale85x128.png	11848	8343	8422
o_9360.png.scale427x640.png	278285	187545	196140
o_9357.png.scale640x360.png	537333	437103	457814
o_9364.png.scale128x192.png	23899	16209	16684
o_9364.png.scale256x384.png	81248	52707	55450
o_9364.png.scale341x512.png	138171	89948	95844
o_9372.png.scale43x64.png	3240	2567	2650
o_9372.png.scale171x256.png	38532	28057	29272
o_9360.png.scale512x768.png	425840	284500	295316
o_9372.png.scale128x192.png	22587	16742	17576
o_9372.png.scale64x96.png	6557	5027	5274
o_9357.png.scale256x144.png	93728	79588	84238
o_9372.png.scale85x128.png	10812	8213	8620
o_9355.png.scale768x768.png	1335518	992033	968428
o_9372.png.scale341x512.png	143876	98361	105182
o_9377.png.scale128x128.png	7880	5678	5988
o_9364.png.scale427x640.png	211553	139548	146142
o_9354.png.scale768x768.png	1359762	913886	884346
o_9377.png.scale256x256.png	29511	19528	20968
o_9372.png.scale256x384.png	83350	57959	61172
o_9377.png.scale64x64.png	2352	1927	1872
o_9377.png.scale192x192.png	17026	11761	12698
o_9377.png.scale96x96.png	4748	3572	3620
o_9372.png.scale427x640.png	219087	146942	158494
o_9360.png.scale597x896.png	627459	408490	422648
o_9357.png.scale768x432.png	756782	607819	639722
o_9360.png.scale683x1024.png	863904	561642	576380
o_9380.png.scale171x256.png	37088	23351	24434
o_9380.png.scale43x64.png	3170	2248	2290
o_9380.png.scale128x192.png	21504	13635	14288
o_9377.png.scale512x512.png	126872	84538	90096
o_9377.png.scale384x384.png	69207	44585	48450
o_9380.png.scale64x96.png	6135	4047	4296
o_9364.png.scale683x1024.png	529650	348597	372996
o_9380.png.scale256x384.png	82266	51665	54090
o_9364.png.scale512x768.png	301582	197293	208132
o_9380.png.scale85x128.png	10198	6602	6840
o_9372.png.scale683x1024.png	533668	351122	385410
o_9381.png.scale128x85.png	6955	4520	4542
o_9380.png.scale341x512.png	146391	92472	98304
o_9372.png.scale512x768.png	310429	205671	222966
o_9381.png.scale64x43.png	2354	1637	1552
o_9377.png.scale640x640.png	205275	134891	144810
o_9381.png.scale256x171.png	21982	13359	14080
o_9377.png.scale896x896.png	404859	264925	288002
o_9381.png.scale192x128.png	13530	8445	8814
o_9381.png.scale96x64.png	4394	2923	2932
o_9377.png.scale1024x1024.png	531737	338882	368274
o_9380.png.scale427x640.png	233624	150317	157824
o_9381.png.scale512x341.png	77217	46112	50650
o_9381.png.scale384x256.png	45013	26769	29014
o_9412.png.scale43x64.png	4253	2701	2794
o_9357.png.scale512x288.png	351552	289401	301344
o_9412.png.scale64x96.png	9266	6028	6066
o_9381.png.scale640x427.png	118843	70386	78898
o_9372.png.scale597x896.png	415324	272819	296342
o_9412.png.scale171x256.png	67719	42705	41782
o_9377.png.scale768x768.png	301660	202415	212084
o_9381.png.scale1024x683.png	304791	177272	204152
o_9364.png.scale597x896.png	407130	264831	281356
o_9412.png.scale85x128.png	16242	10313	10556
o_9412.png.scale128x192.png	36983	23303	23590
o_9380.png.scale512x768.png	347771	224258	234374
o_9381.png.scale768x512.png	171371	101693	112942
o_9412.png.scale341x512.png	295705	185924	180140
o_9413.png.scale128x128.png	14330	8886	9040
o_9413.png.scale64x64.png	4406	2796	2772
o_9413.png.scale256x256.png	49538	29711	32214
o_9380.png.scale683x1024.png	654392	423515	443280
o_9413.png.scale96x96.png	8660	5339	5474
o_9413.png.scale192x192.png	29179	17316	19074
o_9381.png.scale896x597.png	232179	135523	152934
o_9418.png.scale43x64.png	4630	3011	3268
o_9418.png.scale171x256.png	56351	33383	37014
o_9380.png.scale597x896.png	487786	313959	327934
o_9412.png.scale256x384.png	159379	100510	97644
o_9412.png.scale427x640.png	475652	301594	292238
o_9418.png.scale64x96.png	9395	5841	6342
o_9413.png.scale512x512.png	210375	135895	145198
o_9418.png.scale85x128.png	15566	9489	10346
o_9357.png.scale896x504.png	1006832	797488	842814
o_9436.png.scale171x256.png	36269	20179	21988
o_9418.png.scale128x192.png	32805	19600	21680
o_9436.png.scale43x64.png	3535	2101	2122
o_9436.png.scale128x192.png	22143	12322	13238
o_9413.png.scale384x384.png	113932	70996	76902
o_9413.png.scale896x896.png	885318	498051	538572
o_9418.png.scale341x512.png	220973	132494	144660
o_9436.png.scale64x96.png	6928	4015	4066
o_9412.png.scale683x1024.png	1213325	796255	797252
o_9413.png.scale640x640.png	351723	222269	238662
o_9412.png.scale512x768.png	692098	446070	434270
o_9436.png.scale256x384.png	74804	41765	46190
o_9418.png.scale427x640.png	350232	211194	227216
o_9436.png.scale85x128.png	11182	6372	6636
o_9436.png.scale341x512.png	127726	73307	80972
o_9440.png.scale43x64.png	3382	2698	2812
o_9440.png.scale171x256.png	31960	21497	23172
o_9440.png.scale64x96.png	6267	4820	5054
o_9418.png.scale256x384.png	123938	73581	81384
o_9440.png.scale128x192.png	19480	13529	14594
o_9436.png.scale427x640.png	197120	115177	125838
o_9440.png.scale85x128.png	9980	7327	7680
o_9357.png.scale1024x576.png	1284214	1006084	1066912
o_9440.png.scale341x512.png	111767	72821	79198
o_9441.png.scale43x64.png	3477	2478	2640
o_9436.png.scale512x768.png	284231	168293	183810
o_9413.png.scale1024x1024.png	1230847	676922	718774
o_9441.png.scale171x256.png	41625	24123	28524
o_9440.png.scale256x384.png	65937	42868	46488
o_9441.png.scale64x96.png	6959	4486	5066
o_9440.png.scale427x640.png	170488	111324	119782
o_9418.png.scale683x1024.png	921460	566357	608024
o_9441.png.scale128x192.png	24230	14520	17108
o_9441.png.scale85x128.png	11525	7214	8198
o_9436.png.scale683x1024.png	509622	299177	338354
o_9441.png.scale341x512.png	164375	99372	110916
o_9412.png.scale597x896.png	938231	611602	602766
o_9447.png.scale43x64.png	4370	3327	3420
o_9441.png.scale256x384.png	92059	54393	62552
o_9447.png.scale64x96.png	8628	6191	6410
o_9447.png.scale171x256.png	47102	30183	33016
o_9440.png.scale683x1024.png	426206	278236	301456
o_9447.png.scale128x192.png	28337	18292	20044
o_9440.png.scale512x768.png	243036	158798	169628
o_9418.png.scale512x768.png	511127	309389	330732
o_9447.png.scale85x128.png	13933	9641	10016
o_9448.png.scale43x64.png	4646	3155	3484
o_9436.png.scale597x896.png	387445	227356	253018
o_9447.png.scale341x512.png	174852	109371	121352
o_9413.png.scale768x768.png	593335	338348	375714
o_9448.png.scale171x256.png	54077	32661	36798
o_9448.png.scale64x96.png	9270	6271	6720
o_9441.png.scale427x640.png	257677	158816	175006
o_9451.png.scale128x85.png	7925	4657	5102
o_9440.png.scale597x896.png	328139	214525	228946
o_9448.png.scale128x192.png	31749	19288	21880
o_9448.png.scale85x128.png	15205	9692	10784
o_9451.png.scale256x171.png	28896	15481	18042
o_9448.png.scale341x512.png	203108	122965	137008
o_9447.png.scale427x640.png	272852	173209	191104
o_9451.png.scale64x43.png	2528	1390	1570
o_9451.png.scale192x128.png	16546	8878	10464
o_9447.png.scale256x384.png	99755	62416	69058
o_9451.png.scale96x64.png	4801	2844	3080
o_9453.png.scale128x85.png	8887	6348	6162
o_9441.png.scale512x768.png	373706	231921	272778
o_9441.png.scale683x1024.png	662953	412918	460250
o_9451.png.scale384x256.png	66643	35126	40680
o_9451.png.scale512x341.png	123784	65169	75546
o_9448.png.scale256x384.png	116598	69507	79122
o_9453.png.scale192x128.png	17318	11967	12086
o_9453.png.scale64x43.png	2968	2337	2110
o_9451.png.scale640x427.png	200653	107355	120848
o_9453.png.scale256x171.png	28439	19009	19610
o_9418.png.scale597x896.png	701821	427610	457682
o_9448.png.scale427x640.png	314077	191103	218560
o_9453.png.scale96x64.png	5666	4212	4046
o_9451.png.scale1024x683.png	548006	307587	337388
o_9447.png.scale683x1024.png	709594	456102	500346
o_9453.png.scale512x341.png	106262	71171	75000
o_9457.png.scale108x192.png	13092	7756	8574
o_9457.png.scale36x64.png	2295	1471	1470
o_9457.png.scale54x96.png	4106	2798	2692
o_9453.png.scale384x256.png	60579	40155	42136
o_9457.png.scale216x384.png	45138	27179	29592
o_9457.png.scale72x128.png	6595	4262	4312
o_9453.png.scale1024x683.png	448400	294301	322768
o_9457.png.scale144x256.png	21711	12982	14290
o_9453.png.scale640x427.png	167794	111902	118020
o_9447.png.scale512x768.png	394929	249861	275810
o_9441.png.scale597x896.png	511740	322503	376300
o_9460.png.scale36x64.png	3686	2376	2700
o_9457.png.scale360x640.png	116073	72007	77018
o_9451.png.scale896x597.png	413135	231432	249798
o_9457.png.scale432x768.png	164476	99803	108710
o_9457.png.scale288x512.png	76085	46538	50390
o_9451.png.scale768x512.png	298643	161785	179388
o_9460.png.scale54x96.png	7143	4609	5114
o_9460.png.scale107x192.png	23311	14152	16124
o_9453.png.scale768x512.png	249466	164825	174852
o_9460.png.scale71x128.png	11400	7125	7988
o_9461.png.scale36x64.png	5454	4025	4174
o_9448.png.scale512x768.png	451011	277063	313112
o_9448.png.scale683x1024.png	787646	485529	550758
o_9461.png.scale54x96.png	11610	8263	8448
o_9460.png.scale214x384.png	83402	49992	56404
o_9457.png.scale504x896.png	222775	135473	146886
o_9461.png.scale107x192.png	41835	28437	28842
o_9447.png.scale597x896.png	541096	344040	377406
o_9453.png.scale896x597.png	339485	223134	240492
o_9461.png.scale71x128.png	19641	13645	13870
o_9457.png.scale576x1024.png	290801	172955	190836
o_9460.png.scale357x640.png	215507	136239	146636
o_9468.png.scale36x64.png	3486	2938	3100
o_9460.png.scale143x256.png	39181	23387	26786
o_9468.png.scale54x96.png	7173	5811	5986
o_9461.png.scale214x384.png	150561	98538	100174
o_9468.png.scale108x192.png	25415	19135	20048
o_9461.png.scale357x640.png	385284	252510	262702
o_9468.png.scale72x128.png	12099	9530	9792
o_9461.png.scale143x256.png	71638	47778	48320
o_9468.png.scale216x384.png	90049	64334	66696
o_9468.png.scale144x256.png	43039	31320	33396
o_9472.png.scale36x64.png	3741	3020	3128
o_9460.png.scale429x768.png	296434	176937	202118
o_9472.png.scale144x256.png	44870	32264	33372
o_9448.png.scale597x896.png	609022	373749	418584
o_9472.png.scale54x96.png	7536	5988	6114
o_9472.png.scale108x192.png	26452	19447	19968
o_9472.png.scale216x384.png	94749	67063	68480
o_9468.png.scale288x512.png	153768	108784	115024
o_9472.png.scale72x128.png	12633	9621	9906
o_9460.png.scale500x896.png	383451	227896	262094
o_9461.png.scale429x768.png	537668	350563	368334
o_9468.png.scale360x640.png	234903	164919	172046
o_9475.png.scale36x64.png	3586	2775	2964
o_9460.png.scale286x512.png	143739	88997	97606
o_9475.png.scale54x96.png	7482	5731	5910
o_9461.png.scale286x512.png	255949	167350	171226
o_9472.png.scale288x512.png	162398	116348	117272
o_9475.png.scale72x128.png	12799	9564	9934
o_9472.png.scale360x640.png	249686	176710	180874
o_9461.png.scale500x896.png	709176	461504	487050
o_9475.png.scale216x384.png	101531	71977	74264
o_9468.png.scale432x768.png	332780	230894	241480
o_9475.png.scale144x256.png	47149	33943	35778
o_9493.png.scale43x64.png	5412	3636	3846
o_9493.png.scale171x256.png	65160	42126	43526
o_9475.png.scale108x192.png	27587	20120	21002
o_9493.png.scale64x96.png	10861	7038	7508
o_9475.png.scale360x640.png	274760	194389	199494
o_9493.png.scale128x192.png	37960	24495	25784
o_9472.png.scale432x768.png	353058	246775	255438
o_9497.png.scale171x256.png	31120	20653	21842
o_9493.png.scale85x128.png	18054	11638	12316
o_9468.png.scale504x896.png	447322	307778	321422
o_9497.png.scale43x64.png	2640	2027	1934
o_9493.png.scale341x512.png	259053	169511	169506
o_9493.png.scale256x384.png	144512	93858	95058
o_9497.png.scale128x192.png	18351	12691	13026
o_9497.png.scale64x96.png	5226	3815	3780
o_9497.png.scale85x128.png	8782	6227	6168
o_9460.png.scale572x1024.png	485436	286803	329888
o_9497.png.scale341x512.png	116531	77197	81772
o_9497.png.scale427x640.png	182661	119902	127098
o_9497.png.scale256x384.png	66779	43378	46548
o_9475.png.scale432x768.png	391300	274203	281372
o_9497.png.scale512x768.png	264719	172634	183748
o_9506.png.scale108x192.png	30201	22154	23220
o_9506.png.scale36x64.png	4387	3486	3628
o_9475.png.scale288x512.png	177219	125568	129322
o_9493.png.scale427x640.png	407069	266111	263960
o_9506.png.scale54x96.png	8823	6907	6998
o_9506.png.scale72x128.png	14605	10985	11384
o_9497.png.scale683x1024.png	476392	313754	335184
o_9526.png.scale128x128.png	21701	13899	14636
o_9526.png.scale256x256.png	82572	51817	54630
o_9497.png.scale597x896.png	362780	235208	252880
o_9493.png.scale683x1024.png	1025302	657563	687352
o_9506.png.scale216x384.png	108911	78601	81284
o_9475.png.scale504x896.png	527774	366368	376374
o_9472.png.scale504x896.png	474411	326668	342010
o_9493.png.scale512x768.png	587400	381845	383088
o_9526.png.scale64x64.png	6281	4249	4486
o_9506.png.scale144x256.png	51522	37375	39126
o_9468.png.scale576x1024.png	578872	398355	412668
o_9526.png.scale96x96.png	12912	8368	8932
o_9528.png.scale171x256.png	47995	30616	32156
o_9506.png.scale360x640.png	290062	210940	215810
o_9528.png.scale43x64.png	4414	3078	3292
o_9526.png.scale192x192.png	46758	29721	31234
o_9528.png.scale128x192.png	29114	18788	19676
o_9506.png.scale288x512.png	187595	137175	139286
o_9528.png.scale64x96.png	8711	5924	6152
o_9528.png.scale256x384.png	99055	61786	65786
o_9461.png.scale572x1024.png	903613	588702	619714
o_9528.png.scale341x512.png	168841	106556	113044
o_9528.png.scale85x128.png	14338	9571	9932
o_9472.png.scale576x1024.png	612702	413335	441022
o_9528.png.scale427x640.png	258934	164264	173312
o_9526.png.scale512x512.png	347121	227308	236646
o_9531.png.scale43x64.png	4345	3158	3482
o_9526.png.scale1024x1024.png	1416559	964414	974466
o_9506.png.scale432x768.png	418496	306928	308208
o_9475.png.scale576x1024.png	680914	468622	482308
o_9531.png.scale64x96.png	9029	6645	7132
o_9526.png.scale640x640.png	553500	370290	382012
o_9526.png.scale384x384.png	190749	121197	127216
o_9526.png.scale896x896.png	1085562	740764	755096
o_9531.png.scale171x256.png	57998	40215	42150
o_9531.png.scale85x128.png	15331	10954	12010
o_9532.png.scale128x192.png	21230	11599	12842
o_9532.png.scale43x64.png	3044	1911	1806
o_9532.png.scale171x256.png	37335	19951	22224
o_9532.png.scale64x96.png	5994	3377	3512
o_9531.png.scale341x512.png	231904	160263	164052
o_9532.png.scale85x128.png	9855	5334	5856
o_9528.png.scale512x768.png	370455	235992	248646
o_9531.png.scale128x192.png	33256	23276	25730
o_9493.png.scale597x896.png	793236	511015	523514
o_9539.png.scale128x128.png	11541	7256	7548
o_9532.png.scale341x512.png	218948	103721	114432
o_9528.png.scale683x1024.png	660604	418461	450784
o_9532.png.scale256x384.png	106228	50853	57422
o_9539.png.scale256x256.png	44860	27830	29600
o_9539.png.scale64x64.png	3224	2070	2164
o_9506.png.scale504x896.png	574692	419451	419242
o_9539.png.scale96x96.png	6730	4289	4470
o_9539.png.scale192x192.png	25389	15659	16644
o_9532.png.scale427x640.png	351149	169538	186346
o_9531.png.scale256x384.png	129680	88167	92600
o_9526.png.scale768x768.png	805085	545085	557484
o_9546.png.scale171x256.png	57196	38945	41150
o_9532.png.scale683x1024.png	858576	424625	468014
o_9531.png.scale427x640.png	361633	247651	255152
o_9546.png.scale43x64.png	4778	3577	3880
o_9532.png.scale512x768.png	502288	246592	268004
o_9539.png.scale512x512.png	201975	132623	138954
o_9546.png.scale64x96.png	9667	7061	7514
o_9539.png.scale384x384.png	106581	66912	71688
o_9546.png.scale85x128.png	16120	11543	12228
o_9539.png.scale640x640.png	331046	217515	228236
o_9548.png.scale128x128.png	15395	10207	10520
o_9539.png.scale1024x1024.png	859693	533140	592408
o_9546.png.scale341x512.png	220522	150882	156220
o_9546.png.scale128x192.png	33553	23122	24756
o_9528.png.scale597x896.png	503395	319750	340116
o_9548.png.scale64x64.png	4322	3019	3092
o_9539.png.scale896x896.png	653536	423937	461938
o_9548.png.scale256x256.png	55424	36614	38098
o_9548.png.scale96x96.png	9105	6159	6246
o_9531.png.scale683x1024.png	921701	633238	656462
o_9546.png.scale256x384.png	124116	83976	87824
o_9531.png.scale512x768.png	522880	353881	370162
o_9532.png.scale597x896.png	670512	331090	359810
o_9564.png.scale128x128.png	12947	8355	8774
o_9548.png.scale192x192.png	32802	21436	22608
o_9539.png.scale768x768.png	484391	320702	336342
o_9564.png.scale256x256.png	52353	33165	33780
o_9564.png.scale64x64.png	3746	2511	2606
o_9564.png.scale96x96.png	7671	4950	5196
o_9546.png.scale427x640.png	350002	239772	246182
o_9548.png.scale512x512.png	210651	140145	146272
o_9564.png.scale192x192.png	29148	18703	19472
o_9548.png.scale384x384.png	120227	78565	83342
o_9571.png.scale128x192.png	28902	17895	18740
o_9571.png.scale171x256.png	52991	31979	33370
o_9571.png.scale43x64.png	4168	2806	2740
o_9564.png.scale512x512.png	224204	143714	149730
o_9548.png.scale640x640.png	331307	216247	228156
o_9571.png.scale64x96.png	8227	5285	5414
o_9531.png.scale597x896.png	711063	484794	504462
o_9546.png.scale683x1024.png	942983	641416	667096
o_9548.png.scale896x896.png	655819	441498	448250
o_9571.png.scale85x128.png	13534	8559	8778
o_9548.png.scale1024x1024.png	862610	587936	586194
o_9571.png.scale341x512.png	268686	153656	158454
o_9572.png.scale43x64.png	3044	2350	2350
o_9564.png.scale384x384.png	120947	77428	79292
o_9572.png.scale128x192.png	18963	12961	13628
o_9572.png.scale64x96.png	5885	4328	4366
o_9572.png.scale171x256.png	31717	21006	22338
o_9564.png.scale1024x1024.png	866306	549419	590112
o_9564.png.scale896x896.png	676259	436176	469494
o_9572.png.scale85x128.png	9481	6779	6936
o_9571.png.scale427x640.png	424190	245853	253610
o_9572.png.scale256x384.png	65905	42554	45762
o_9546.png.scale512x768.png	513973	354030	360392
o_9572.png.scale341x512.png	113264	73785	79366
o_9584.png.scale43x64.png	2572	1712	1820
o_9506.png.scale576x1024.png	759592	549865	549368
o_9571.png.scale256x384.png	140798	81162	83660
o_9584.png.scale171x256.png	36121	22305	24022
o_9584.png.scale64x96.png	5359	3488	3700
o_9564.png.scale640x640.png	355082	225354	239696
o_9548.png.scale768x768.png	479618	312467	326784
o_9584.png.scale85x128.png	9124	5914	6098
o_9572.png.scale427x640.png	173809	112928	121276
o_9584.png.scale128x192.png	20254	12614	13470
o_9585.png.scale128x85.png	13386	7975	9008
o_9571.png.scale683x1024.png	1064326	664677	699390
o_9585.png.scale64x43.png	4028	2469	2698
o_9584.png.scale341x512.png	181431	107102	111992
o_9585.png.scale256x171.png	46858	28418	32530
o_9584.png.scale256x384.png	94304	55249	59048
o_9564.png.scale768x768.png	511207	324856	348276
o_9572.png.scale512x768.png	249473	159909	173508
o_9585.png.scale96x64.png	8077	5015	5436
o_9585.png.scale192x128.png	27707	16576	19200
o_9585.png.scale384x256.png	104064	63386	72666
o_9572.png.scale683x1024.png	442879	278060	310404
o_9589.png.scale128x128.png	11894	6960	7652
o_9571.png.scale512x768.png	610049	366091	376482
o_9584.png.scale427x640.png	295889	176717	181444
o_9589.png.scale256x256.png	39401	22156	25792
o_9589.png.scale64x64.png	3914	2364	2512
o_9589.png.scale96x96.png	7475	4362	4830
o_9589.png.scale192x192.png	23686	13351	15442
o_9585.png.scale512x341.png	186774	120603	133266
o_9592.png.scale128x128.png	20647	15060	14172
o_9584.png.scale512x768.png	438482	266746	272426
o_9584.png.scale683x1024.png	786225	481660	506628
o_9572.png.scale597x896.png	339405	214453	235792
o_9585.png.scale640x427.png	294864	186912	210616
o_9571.png.scale597x896.png	825021	505392	525306
o_9589.png.scale512x512.png	152013	88744	101532
o_9592.png.scale64x64.png	5630	4169	3990
o_9589.png.scale384x384.png	85536	48491	56456
o_9592.png.scale96x96.png	11772	8648	8238
o_9546.png.scale597x896.png	713843	491531	501156
o_9597.png.scale128x85.png	13808	8769	9380
o_9592.png.scale256x256.png	87218	61950	57582
o_9589.png.scale640x640.png	238083	137365	159564
o_9585.png.scale1024x683.png	766265	521183	562324
o_9589.png.scale896x896.png	451470	265608	305862
o_9597.png.scale64x43.png	4225	2800	2978
o_9597.png.scale256x171.png	47706	29739	32478
o_9585.png.scale768x512.png	431619	276043	307590
o_9597.png.scale96x64.png	8411	5480	5688
o_9589.png.scale1024x1024.png	570813	321404	368910
o_9592.png.scale192x192.png	49679	35386	32816
o_9598.png.scale128x128.png	15970	9041	10158
o_9584.png.scale597x896.png	602909	366811	380610
o_9597.png.scale192x128.png	28295	17741	19254
o_9597.png.scale512x341.png	182969	114795	126814
o_9598.png.scale64x64.png	4934	2701	3056
o_9592.png.scale512x512.png	338143	233936	233770
o_9598.png.scale256x256.png	53939	31660	36014
o_9589.png.scale768x768.png	339407	194615	228888
o_9597.png.scale384x256.png	102556	63645	70446
o_9598.png.scale96x96.png	9778	5371	6138
o_9604.png.scale128x85.png	9037	5266	5656
o_9598.png.scale192x192.png	32089	18322	20948
o_9597.png.scale1024x683.png	741904	467855	523554
o_9597.png.scale640x427.png	288040	181671	199950
o_9604.png.scale256x171.png	30493	17311	19734
o_9604.png.scale64x43.png	3013	1907	1898
o_9604.png.scale192x128.png	18293	10391	11758
o_9598.png.scale512x512.png	216639	129959	147100
o_9592.png.scale640x640.png	524403	355358	365142
o_9604.png.scale96x64.png	5725	3404	3594
o_9592.png.scale896x896.png	985845	656464	700158
o_9598.png.scale384x384.png	120080	70433	80956
o_9604.png.scale512x341.png	116036	68081	75942
o_9592.png.scale384x384.png	192196	134125	129412
o_9604.png.scale384x256.png	66122	37868	42816
o_9592.png.scale1024x1024.png	1259757	837609	887178
o_9615.png.scale128x128.png	11507	6557	7194
o_9615.png.scale64x64.png	3642	2263	2388
o_9604.png.scale1024x683.png	459991	278053	311488
o_9615.png.scale256x256.png	38616	21789	24314
o_9615.png.scale192x192.png	23289	13078	14584
o_9615.png.scale96x96.png	7101	4194	4500
o_9604.png.scale640x427.png	181125	108023	119762
o_9597.png.scale768x512.png	419604	264682	290662
o_9618.png.scale128x85.png	12245	8227	8564
o_9598.png.scale1024x1024.png	839189	494787	559632
o_9598.png.scale896x896.png	660552	405269	457000
o_9598.png.scale640x640.png	340267	207594	232928
o_9618.png.scale64x43.png	3874	2678	2948
o_9615.png.scale512x512.png	145238	85416	94796
o_9618.png.scale96x64.png	7622	5138	5396
o_9618.png.scale256x171.png	40678	26720	28352
o_9585.png.scale896x597.png	588429	389419	427380
o_9615.png.scale384x384.png	82953	47048	52946
o_9660.png.scale128x70.png	6944	4820	4648
o_9604.png.scale768x512.png	261825	156689	174266
o_9660.png.scale192x105.png	13849	8968	8918
o_9615.png.scale640x640.png	226656	133829	149186
o_9660.png.scale256x140.png	22842	14541	14448
o_9618.png.scale192x128.png	24615	16329	17108
o_9660.png.scale64x35.png	2289	1566	1638
o_9660.png.scale96x52.png	4324	3071	2918
o_9615.png.scale896x896.png	429095	262220	287418
o_9660.png.scale384x209.png	47189	29418	29334
o_9618.png.scale512x341.png	149724	96172	104932
o_9660.png.scale640x349.png	127092	79045	78746
o_9615.png.scale1024x1024.png	547512	316311	359610
o_9678.png.scale43x64.png	3606	2891	2972
o_9604.png.scale896x597.png	353510	213749	237302
o_9660.png.scale512x279.png	81570	50387	50282
o_9592.png.scale768x768.png	741236	496193	521494
o_9678.png.scale64x96.png	7481	5888	5938
o_9678.png.scale171x256.png	45956	33330	33634
o_9618.png.scale640x427.png	232886	150148	164120
o_9597.png.scale896x597.png	568760	358403	397126
o_9618.png.scale384x256.png	85226	54892	59542
o_9678.png.scale128x192.png	27002	19908	20060
o_9598.png.scale768x768.png	489682	296677	336396
o_9660.png.scale768x419.png	182323	111644	113016
o_9687.png.scale128x85.png	10627	7721	7462
o_9678.png.scale85x128.png	12653	9706	9720
o_9660.png.scale1024x559.png	322668	193070	198588
o_9687.png.scale64x43.png	3201	2384	2416
o_9660.png.scale896x489.png	247625	149926	152734
o_9687.png.scale96x64.png	6335	4656	4572
o_9678.png.scale341x512.png	168638	120481	122916
o_9687.png.scale256x171.png	37478	26093	25848
o_9687.png.scale192x128.png	22189	15817	15484
o_9696.png.scale171x256.png	32908	24946	24966
o_9696.png.scale43x64.png	3035	2498	2496
o_9696.png.scale128x192.png	19798	15291	15202
o_9687.png.scale512x341.png	135802	90711	93356
o_9615.png.scale768x768.png	323462	198538	214216
o_9678.png.scale256x384.png	97477	69475	70266
o_9696.png.scale64x96.png	5853	4768	4654
o_9696.png.scale85x128.png	9735	7687	7584
o_9618.png.scale1024x683.png	599307	388415	428234
o_9696.png.scale256x384.png	69076	51319	51412
o_9678.png.scale427x640.png	262742	187101	190590
o_9687.png.scale384x256.png	79201	53535	53828
o_9724.png.scale43x64.png	2835	2253	2262
o_9724.png.scale128x192.png	18690	13666	13782
o_9696.png.scale341x512.png	118112	87976	89014
o_9724.png.scale171x256.png	31328	22548	22558
o_9687.png.scale640x427.png	208847	136966	142630
o_9724.png.scale64x96.png	5592	4358	4210
o_9724.png.scale85x128.png	9145	6941	6874
o_9696.png.scale427x640.png	180879	133552	136144
o_9678.png.scale512x768.png	378978	267772	272942
o_9687.png.scale1024x683.png	513442	327178	354492
o_9618.png.scale768x512.png	337070	218275	237490
o_9731.png.scale128x128.png	14313	9344	10000
o_9687.png.scale768x512.png	296668	194252	202942
o_9724.png.scale341x512.png	114429	80544	81604
o_9731.png.scale64x64.png	3924	2696	2830
o_9724.png.scale256x384.png	66299	46063	46960
o_9724.png.scale427x640.png	177153	123546	126088
o_9678.png.scale683x1024.png	676104	472759	491882
o_9731.png.scale96x96.png	8259	5472	5894
o_9731.png.scale256x256.png	57448	37913	38178
o_9736.png.scale128x128.png	18750	11483	11910
o_9731.png.scale512x512.png	266345	185219	181200
o_9696.png.scale683x1024.png	454148	325434	346002
o_9731.png.scale192x192.png	31661	20821	21932
o_9736.png.scale64x64.png	6033	3901	3894
o_9724.png.scale683x1024.png	450263	308881	323884
o_9696.png.scale512x768.png	257286	189062	193786
o_9678.png.scale597x896.png	516684	364936	371694
o_9736.png.scale256x256.png	61232	36165	39342
o_9736.png.scale96x96.png	11681	7293	7434
o_9736.png.scale192x192.png	36947	22258	23578
o_9741.png.scale128x128.png	23160	14486	13880
o_9724.png.scale512x768.png	255281	177052	180800
o_9687.png.scale896x597.png	398353	256124	271792
o_9731.png.scale384x384.png	137176	92345	92712
o_9741.png.scale64x64.png	6154	4014	3718
o_9731.png.scale1024x1024.png	1276120	844317	844030
o_9618.png.scale896x597.png	457876	302160	324334
o_9731.png.scale640x640.png	465679	312845	309378
o_9741.png.scale96x96.png	13382	8533	8024
o_9741.png.scale256x256.png	83467	51644	50942
o_9731.png.scale896x896.png	969160	649116	645926
o_9736.png.scale512x512.png	226345	137538	150698
o_9724.png.scale597x896.png	346842	241300	245580
o_9742.png.scale128x128.png	19535	14282	14190
o_9696.png.scale597x896.png	348952	251311	261802
o_9742.png.scale64x64.png	5270	3999	4030
o_9741.png.scale512x512.png	299664	180503	191506
o_9736.png.scale384x384.png	129902	76851	84860
o_9742.png.scale256x256.png	77928	56848	54668
o_9742.png.scale96x96.png	11264	8428	8248
o_9741.png.scale384x384.png	176420	106908	109864
o_9741.png.scale192x192.png	49211	30686	30078
o_9744.png.scale128x128.png	18666	12918	12902
o_9731.png.scale768x768.png	708162	478951	469036
o_9741.png.scale1024x1024.png	1027138	631441	687022
o_9742.png.scale192x192.png	43442	31696	31376
o_9741.png.scale640x640.png	449750	267903	293446
o_9736.png.scale640x640.png	351922	213683	234858
o_9736.png.scale896x896.png	666090	398964	449834
o_9744.png.scale64x64.png	4796	3419	3352
o_9741.png.scale896x896.png	814098	491216	551866
o_9744.png.scale96x96.png	10534	7378	7302
o_9736.png.scale1024x1024.png	842434	486246	561588
o_9744.png.scale256x256.png	83821	55871	52818
o_9742.png.scale512x512.png	352615	257198	244464
o_9746.png.scale128x85.png	11421	7081	7124
o_9746.png.scale256x171.png	43859	26855	27580
o_9746.png.scale64x43.png	3078	2068	1956
o_9742.png.scale384x384.png	186872	137524	128554
o_9746.png.scale192x128.png	25315	15408	15818
o_9744.png.scale192x192.png	44560	30041	29774
o_9746.png.scale96x64.png	6556	4132	4136
o_9746.png.scale512x341.png	169428	107338	112960
o_9742.png.scale640x640.png	570811	417119	404542
o_9746.png.scale384x256.png	96249	58826	61804
o_9750.png.scale128x85.png	8127	5643	6128
o_9744.png.scale512x512.png	386763	250551	245736
o_9746.png.scale1024x683.png	816541	518485	535554
o_9742.png.scale896x896.png	1137512	825788	815188
o_9750.png.scale64x43.png	2804	1957	2142
o_9750.png.scale256x171.png	27903	18705	21132
o_9750.png.scale192x128.png	16575	11194	12758
o_9746.png.scale640x427.png	272328	175077	184292
o_9750.png.scale96x64.png	5128	3756	3872
o_9741.png.scale768x768.png	624261	372054	414720
o_9763.png.scale128x85.png	6648	4362	4582
o_9763.png.scale256x171.png	23585	14759	16004
o_9742.png.scale1024x1024.png	1506102	1075172	1063470
o_9750.png.scale384x256.png	62137	41177	47306
o_9763.png.scale64x43.png	1966	1416	1432
o_9744.png.scale896x896.png	1149286	760333	791126
o_9744.png.scale1024x1024.png	1471047	978924	1009802
o_9763.png.scale192x128.png	13898	8759	9566
o_9750.png.scale512x341.png	112670	75772	85016
o_9763.png.scale96x64.png	3957	2624	2768
o_9766.png.scale128x85.png	10669	8190	8438
o_9750.png.scale640x427.png	177887	119182	133852
o_9744.png.scale640x640.png	609651	395205	400744
o_9763.png.scale384x256.png	52464	32648	35572
o_9744.png.scale384x384.png	208232	134804	129206
o_9766.png.scale64x43.png	2370	1888	1966
o_9763.png.scale512x341.png	93169	59356	63768
o_9763.png.scale640x427.png	147899	94906	100950
o_9766.png.scale96x64.png	5469	4296	4382
o_9746.png.scale768x512.png	412359	262282	277602
o_9736.png.scale768x768.png	501858	302313	335012
o_9763.png.scale1024x683.png	399469	252105	277380
o_9766.png.scale256x171.png	55407	38921	39414
o_9766.png.scale192x128.png	30945	22184	22490
o_9772.png.scale43x64.png	3361	2415	2530
o_9750.png.scale1024x683.png	471217	311231	357010
o_9766.png.scale512x341.png	206358	154505	151420
o_9772.png.scale64x96.png	7559	5289	5460
o_9763.png.scale768x512.png	219231	140377	149800
o_9772.png.scale171x256.png	54746	36756	37480
o_9772.png.scale85x128.png	14711	9860	10106
o_9750.png.scale768x512.png	262054	177270	195360
o_9772.png.scale128x192.png	32052	21608	22292
o_9766.png.scale640x427.png	320784	240538	235784
o_9785.png.scale128x85.png	8281	5498	5730
o_9763.png.scale896x597.png	300297	189588	206894
o_9766.png.scale384x256.png	117447	85223	87006
o_9785.png.scale64x43.png	2595	1827	1840
o_9746.png.scale896x597.png	593200	375693	391628
o_9772.png.scale341x512.png	199815	132922	138730
o_9772.png.scale427x640.png	304849	202938	213846
o_9785.png.scale256x171.png	29541	19266	20004
o_9785.png.scale192x128.png	17448	11536	11860
o_9766.png.scale1024x683.png	795420	586490	603474
o_9785.png.scale96x64.png	5078	3392	3472
o_9772.png.scale256x384.png	116608	77514	81012
o_9839.png.scale43x64.png	3365	2014	2142
o_9839.png.scale171x256.png	36663	22283	23650
o_9785.png.scale384x256.png	62653	40895	43294
o_9839.png.scale128x192.png	21960	13349	14210
o_9766.png.scale768x512.png	459813	344173	341414
o_9839.png.scale64x96.png	6529	3904	4194
o_9785.png.scale512x341.png	107186	73567	76062
o_9839.png.scale85x128.png	10706	6488	6822
o_9853.png.scale128x192.png	9634	5439	5922
o_9853.png.scale171x256.png	15580	8731	9608
o_9839.png.scale341x512.png	133218	83586	87714
o_9853.png.scale43x64.png	1830	1077	1184
o_9750.png.scale896x597.png	360618	239487	271798
o_9839.png.scale256x384.png	77718	47254	50452
o_9853.png.scale64x96.png	3165	1996	1982
o_9772.png.scale683x1024.png	748842	496383	532488
o_9853.png.scale256x384.png	32572	17858	19924
o_9853.png.scale85x128.png	4877	2989	3108
o_9785.png.scale640x427.png	167649	114047	118398
o_9853.png.scale341x512.png	55021	30717	34328
o_9772.png.scale512x768.png	432860	286688	304018
o_9785.png.scale1024x683.png	418761	286947	303224
o_9854.png.scale43x64.png	2805	1588	1728
o_9742.png.scale768x768.png	838626	614958	599554
o_9854.png.scale171x256.png	27724	15888	17582
o_9744.png.scale768x768.png	867868	567129	585376
o_9853.png.scale427x640.png	83397	47600	52428
o_9854.png.scale128x192.png	16744	9545	10580
o_9854.png.scale64x96.png	5285	3005	3300
o_9785.png.scale768x512.png	240640	162978	170882
o_9839.png.scale427x640.png	204533	127302	135212
o_9858.png.scale128x70.png	6584	3708	3606
o_9854.png.scale85x128.png	8335	4769	5264
o_9858.png.scale192x105.png	12637	5998	7122
o_9853.png.scale512x768.png	119224	67312	74778
o_9858.png.scale64x35.png	2227	1017	1124
o_9854.png.scale341x512.png	101640	59619	66064
o_9853.png.scale683x1024.png	209714	117005	133696
o_9854.png.scale256x384.png	58728	33578	37450
o_9858.png.scale96x52.png	4160	2213	2246
o_9858.png.scale256x140.png	20335	9639	11722
o_9853.png.scale597x896.png	160430	90476	101062
o_9858.png.scale384x209.png	40686	19938	23986
o_9839.png.scale512x768.png	291783	180563	193490
o_9854.png.scale427x640.png	156655	93340	103322
o_9858.png.scale640x349.png	103214	53725	63654
o_9863.png.scale64x64.png	4388	2445	2626
o_9858.png.scale768x419.png	146922	77408	91200
o_9863.png.scale128x128.png	17133	9321	10356
o_9839.png.scale683x1024.png	505477	312785	342064
o_9766.png.scale896x597.png	618198	468582	462690
o_9863.png.scale96x96.png	9348	5223	5674
o_9858.png.scale512x279.png	67903	34755	41216
o_9866.png.scale128x70.png	9434	6558	6662
o_9785.png.scale896x597.png	324707	221122	232484
o_9772.png.scale597x896.png	581808	384479	410086
o_9863.png.scale256x256.png	72365	39578	42882
o_9858.png.scale896x489.png	199842	106093	124268
o_9866.png.scale64x35.png	3010	2150	2178
o_9858.png.scale1024x559.png	261199	138842	162356
o_9866.png.scale192x105.png	19409	12934	13368
o_9866.png.scale96x52.png	5754	4123	4126
o_9854.png.scale512x768.png	226763	135298	149556
o_9854.png.scale683x1024.png	403219	238809	269694
o_9863.png.scale192x192.png	38687	21351	23556
o_9882.png.scale128x128.png	10589	6798	7084
o_9866.png.scale384x209.png	68107	45001	45970
o_9866.png.scale256x140.png	32586	21818	22294
o_9863.png.scale512x512.png	368224	196277	209142
o_9839.png.scale597x896.png	392368	240563	261404
o_9882.png.scale64x64.png	3580	2456	2572
o_9882.png.scale256x256.png	36975	22249	23798
o_9882.png.scale192x192.png	21637	13286	14192
o_9882.png.scale96x96.png	6686	4347	4540
o_9866.png.scale640x349.png	174291	113281	119172
o_9854.png.scale597x896.png	308325	181217	203896
o_9866.png.scale768x419.png	244332	158778	167306
o_9886.png.scale43x64.png	4173	3744	3758
o_9886.png.scale171x256.png	48242	38863	38000
o_9886.png.scale128x192.png	29039	23971	23496
o_9863.png.scale640x640.png	574389	316817	339472
o_9863.png.scale384x384.png	195114	101163	109374
o_9866.png.scale512x279.png	115213	75631	77720
o_9886.png.scale64x96.png	8449	7439	7324
o_9886.png.scale85x128.png	14090	11961	11798
o_9863.png.scale896x896.png	1074726	620015	674556
o_9882.png.scale512x512.png	142181	86714	93404
o_9863.png.scale1024x1024.png	1368272	796134	858400
o_9866.png.scale896x489.png	326055	208860	223284
o_9888.png.scale128x85.png	16212	12524	12620
o_9888.png.scale64x43.png	4560	3566	3660
o_9886.png.scale341x512.png	169475	128113	131730
o_9882.png.scale384x384.png	80276	48012	51346
o_9888.png.scale256x171.png	60876	45742	45410
o_9888.png.scale96x64.png	9461	7410	7512
o_9882.png.scale640x640.png	220927	134391	145442
o_9866.png.scale1024x559.png	419422	267570	286978
o_9886.png.scale256x384.png	99892	77471	76862
o_9882.png.scale896x896.png	413894	249655	278058
o_9888.png.scale192x128.png	35292	26967	27052
o_9886.png.scale427x640.png	258606	191882	200992
o_9882.png.scale1024x1024.png	522204	312572	347180
o_9890.png.scale64x64.png	6250	4813	4622
o_9890.png.scale128x128.png	19993	14309	13878
o_9888.png.scale512x341.png	224923	163048	167850
o_9890.png.scale96x96.png	12407	9081	8750
o_9890.png.scale256x256.png	65240	43676	44832
o_9882.png.scale768x768.png	315291	192646	208426
o_9894.png.scale128x192.png	12115	6898	7398
o_9890.png.scale192x192.png	39775	27291	27438
o_9894.png.scale43x64.png	2157	1448	1428
o_9894.png.scale171x256.png	19463	10883	11802
o_9863.png.scale768x768.png	815524	463756	496530
o_9894.png.scale64x96.png	3972	2418	2494
o_9886.png.scale512x768.png	367083	267766	281324
o_9894.png.scale256x384.png	40299	22278	24772
o_9894.png.scale341x512.png	68164	38192	42736
o_9894.png.scale85x128.png	6188	3750	3850
o_9888.png.scale640x427.png	348472	249563	258294
o_9894.png.scale427x640.png	102261	57350	65264
o_9886.png.scale683x1024.png	638093	458236	491866
o_9895.png.scale171x256.png	49958	32941	34414
o_9895.png.scale43x64.png	4480	3181	3260
o_9888.png.scale384x256.png	130246	95594	96996
o_9890.png.scale512x512.png	233223	151808	164548
o_9895.png.scale64x96.png	8867	6189	6256
o_9895.png.scale128x192.png	29918	20390	20640
o_9894.png.scale512x768.png	146172	82249	93246
o_9888.png.scale1024x683.png	865323	608090	648422
o_9895.png.scale85x128.png	14558	9941	10108
o_9907.png.scale128x192.png	11782	7978	8566
o_9907.png.scale171x256.png	19584	13031	13682
o_9907.png.scale43x64.png	1979	1386	1590
o_9894.png.scale683x1024.png	246125	137958	161420
o_9886.png.scale597x896.png	493437	356957	375930
o_9894.png.scale597x896.png	194074	112127	125382
o_9907.png.scale64x96.png	3629	2748	2790
o_9895.png.scale256x384.png	104340	67182	71506
o_9907.png.scale341x512.png	70284	46708	48666
o_9907.png.scale85x128.png	5862	4228	4386
o_9895.png.scale341x512.png	178648	115088	124130
o_9914.png.scale128x128.png	6376	4366	4834
o_9907.png.scale256x384.png	41033	26772	28138
o_9914.png.scale256x256.png	22436	15449	17090
o_9890.png.scale384x384.png	136603	88024	94246
o_9907.png.scale427x640.png	108637	74265	75328
o_9914.png.scale64x64.png	2042	1456	1584
o_9890.png.scale640x640.png	354824	226362	251696
o_9914.png.scale192x192.png	13237	8961	10236
o_9914.png.scale96x96.png	3911	2758	3034
o_9890.png.scale896x896.png	650577	409426	465738
o_9922.png.scale128x128.png	6053	3838	4214
o_9907.png.scale512x768.png	157820	105876	108916
o_9907.png.scale683x1024.png	283428	187672	197838
o_9922.png.scale192x192.png	12114	7697	8484
o_9888.png.scale768x512.png	497300	353175	368306
o_9914.png.scale512x512.png	97421	66296	72512
o_9922.png.scale64x64.png	1965	1391	1358
o_9922.png.scale256x256.png	20475	13115	14388
o_9890.png.scale1024x1024.png	803575	480224	554294
o_9922.png.scale96x96.png	3819	2400	2642
o_9914.png.scale384x384.png	52238	35074	39376
o_9895.png.scale427x640.png	273479	176452	190906
o_9923.png.scale128x128.png	6846	4730	5242
o_9922.png.scale512x512.png	84639	56237	59704
o_9923.png.scale256x256.png	24992	17081	18924
o_9922.png.scale384x384.png	46206	30175	32376
o_9923.png.scale64x64.png	2102	1448	1640
o_9914.png.scale640x640.png	159205	107121	118856
o_9914.png.scale1024x1024.png	376240	239968	254010
o_9914.png.scale896x896.png	300880	197384	213746
o_9923.png.scale192x192.png	14353	9947	11110
o_9923.png.scale96x96.png	4147	2866	3132
o_9922.png.scale1024x1024.png	346063	213986	237500
o_9922.png.scale640x640.png	137546	90588	96734
o_9907.png.scale597x896.png	215426	142909	149052
o_9942.png.scale43x64.png	1869	1390	1472
o_9942.png.scale128x192.png	10811	7099	7538
o_9942.png.scale171x256.png	17640	11451	12028
o_9942.png.scale64x96.png	3480	2446	2656
o_9922.png.scale896x896.png	270977	180033	190126
o_9895.png.scale683x1024.png	670545	430379	474572
o_9942.png.scale85x128.png	5436	3662	3996
o_9942.png.scale341x512.png	61492	38566	41292
o_9888.png.scale896x597.png	667426	472246	495210
o_9942.png.scale256x384.png	36569	22912	24248
o_9923.png.scale512x512.png	108019	74688	80752
o_9963.png.scale43x64.png	1519	980	994
o_9963.png.scale128x192.png	9840	5539	6044
o_9963.png.scale171x256.png	16873	9323	10202
o_9942.png.scale427x640.png	92163	59004	62150
o_9963.png.scale64x96.png	2890	1746	1890
o_9963.png.scale85x128.png	4762	2807	2988
o_9923.png.scale640x640.png	176696	120933	131904
o_9963.png.scale256x384.png	36487	19850	22396
o_9963.png.scale341x512.png	64219	35106	39390
o_9963.png.scale427x640.png	98825	55005	61512
o_9914.png.scale768x768.png	230030	151489	163438
o_9923.png.scale384x384.png	58115	39414	43988
o_9895.png.scale512x768.png	389128	252235	271614
o_9942.png.scale512x768.png	130574	83084	87694
o_9923.png.scale1024x1024.png	414037	264260	284886
o_9922.png.scale768x768.png	201721	132507	140944
o_9942.png.scale683x1024.png	227236	140656	153932
o_9890.png.scale768x768.png	498979	313366	351944
o_9923.png.scale896x896.png	332745	220980	241012
o_9963.png.scale512x768.png	141728	79491	88714
o_9942.png.scale597x896.png	175920	110192	117502
o_9963.png.scale683x1024.png	251304	140861	160148
o_9963.png.scale597x896.png	193633	106921	121640
o_9923.png.scale768x768.png	253947	172140	191828
o_9895.png.scale597x896.png	521236	337251	364074
