file	png	jxl	webp
1064_general_castle-bridge-moat_montjuic-castle-barcelona_zfold7_iso40-f1p7_20260315-175347_3000x4000.scale96x128.hdr.png	70550	49774	NA
1065_general_cathedral-model-workshop_sagrada-familia-barcelona_zfold7_iso64-f1p7_20260317-165822_3000x4000.scale120x160.hdr.png	110991	74909	NA
1064_general_castle-bridge-moat_montjuic-castle-barcelona_zfold7_iso40-f1p7_20260315-175347_3000x4000.scale120x160.hdr.png	109424	76886	NA
1064_general_castle-bridge-moat_montjuic-castle-barcelona_zfold7_iso40-f1p7_20260315-175347_3000x4000.scale150x200.hdr.png	170070	118799	NA
1065_general_cathedral-model-workshop_sagrada-familia-barcelona_zfold7_iso64-f1p7_20260317-165822_3000x4000.scale150x200.hdr.png	171542	114778	NA
1064_general_castle-bridge-moat_montjuic-castle-barcelona_zfold7_iso40-f1p7_20260315-175347_3000x4000.scale192x256.hdr.png	277193	193229	NA
1065_general_cathedral-model-workshop_sagrada-familia-barcelona_zfold7_iso64-f1p7_20260317-165822_3000x4000.scale192x256.hdr.png	277367	185086	NA
1064_general_castle-bridge-moat_montjuic-castle-barcelona_zfold7_iso40-f1p7_20260315-175347_3000x4000.scale240x320.hdr.png	431829	299423	NA
1065_general_cathedral-model-workshop_sagrada-familia-barcelona_zfold7_iso64-f1p7_20260317-165822_3000x4000.scale240x320.hdr.png	427874	283443	NA
1064_general_castle-bridge-moat_montjuic-castle-barcelona_zfold7_iso40-f1p7_20260315-175347_3000x4000.scale300x400.hdr.png	672298	463412	NA
1065_general_cathedral-model-workshop_sagrada-familia-barcelona_zfold7_iso64-f1p7_20260317-165822_3000x4000.scale96x128.hdr.png	71863	48934	NA
1064_general_castle-bridge-moat_montjuic-castle-barcelona_zfold7_iso40-f1p7_20260315-175347_3000x4000.scale384x512.hdr.png	1096687	739771	NA
1065_general_cathedral-model-workshop_sagrada-familia-barcelona_zfold7_iso64-f1p7_20260317-165822_3000x4000.scale300x400.hdr.png	663360	432863	NA
1066_general_stone-building-facade_park-guell-barcelona_zfold7_iso80-f1p7_20260318-172109_3000x4000.scale120x160.hdr.png	114875	80732	NA
1066_general_stone-building-facade_park-guell-barcelona_zfold7_iso80-f1p7_20260318-172109_3000x4000.scale150x200.hdr.png	178317	124116	NA
1065_general_cathedral-model-workshop_sagrada-familia-barcelona_zfold7_iso64-f1p7_20260317-165822_3000x4000.scale384x512.hdr.png	1073439	682945	NA
1066_general_stone-building-facade_park-guell-barcelona_zfold7_iso80-f1p7_20260318-172109_3000x4000.scale192x256.hdr.png	289682	200758	NA
1064_general_castle-bridge-moat_montjuic-castle-barcelona_zfold7_iso40-f1p7_20260315-175347_3000x4000.scale480x640.hdr.png	1707745	1136851	NA
1066_general_stone-building-facade_park-guell-barcelona_zfold7_iso80-f1p7_20260318-172109_3000x4000.scale240x320.hdr.png	450752	309595	NA
1065_general_cathedral-model-workshop_sagrada-familia-barcelona_zfold7_iso64-f1p7_20260317-165822_3000x4000.scale480x640.hdr.png	1660653	1032643	NA
1064_general_castle-bridge-moat_montjuic-castle-barcelona_zfold7_iso40-f1p7_20260315-175347_3000x4000.scale600x800.hdr.png	2658345	1739831	NA
1066_general_stone-building-facade_park-guell-barcelona_zfold7_iso80-f1p7_20260318-172109_3000x4000.scale300x400.hdr.png	700322	477832	NA
1066_general_stone-building-facade_park-guell-barcelona_zfold7_iso80-f1p7_20260318-172109_3000x4000.scale384x512.hdr.png	1141340	764547	NA
1065_general_cathedral-model-workshop_sagrada-familia-barcelona_zfold7_iso64-f1p7_20260317-165822_3000x4000.scale600x800.hdr.png	2570518	1566052	NA
1064_general_castle-bridge-moat_montjuic-castle-barcelona_zfold7_iso40-f1p7_20260315-175347_3000x4000.scale768x1024.hdr.png	4348259	2808347	NA
1066_general_stone-building-facade_park-guell-barcelona_zfold7_iso80-f1p7_20260318-172109_3000x4000.scale480x640.hdr.png	1775233	1174790	NA
1066_general_stone-building-facade_park-guell-barcelona_zfold7_iso80-f1p7_20260318-172109_3000x4000.scale96x128.hdr.png	73945	52662	NA
1067_general_architectural-model-display_la-pedrera-barcelona_zfold7_iso500-f1p7_20260319-185645_3000x4000.scale120x160.hdr.png	114224	80074	NA
1067_general_architectural-model-display_la-pedrera-barcelona_zfold7_iso500-f1p7_20260319-185645_3000x4000.scale150x200.hdr.png	175805	122371	NA
1065_general_cathedral-model-workshop_sagrada-familia-barcelona_zfold7_iso64-f1p7_20260317-165822_3000x4000.scale768x1024.hdr.png	4181651	2480563	NA
1064_general_castle-bridge-moat_montjuic-castle-barcelona_zfold7_iso40-f1p7_20260315-175347_3000x4000.scale960x1280.hdr.png	6787879	4335543	NA
1067_general_architectural-model-display_la-pedrera-barcelona_zfold7_iso500-f1p7_20260319-185645_3000x4000.scale192x256.hdr.png	283769	196231	NA
1066_general_stone-building-facade_park-guell-barcelona_zfold7_iso80-f1p7_20260318-172109_3000x4000.scale600x800.hdr.png	2759697	1803683	NA
1067_general_architectural-model-display_la-pedrera-barcelona_zfold7_iso500-f1p7_20260319-185645_3000x4000.scale240x320.hdr.png	437443	300061	NA
1066_general_stone-building-facade_park-guell-barcelona_zfold7_iso80-f1p7_20260318-172109_3000x4000.scale768x1024.hdr.png	4501631	2909272	NA
1067_general_architectural-model-display_la-pedrera-barcelona_zfold7_iso500-f1p7_20260319-185645_3000x4000.scale300x400.hdr.png	676005	460484	NA
1067_general_architectural-model-display_la-pedrera-barcelona_zfold7_iso500-f1p7_20260319-185645_3000x4000.scale384x512.hdr.png	1098095	732330	NA
1066_general_stone-building-facade_park-guell-barcelona_zfold7_iso80-f1p7_20260318-172109_3000x4000.scale960x1280.hdr.png	7015014	4497022	NA
1065_general_cathedral-model-workshop_sagrada-familia-barcelona_zfold7_iso64-f1p7_20260317-165822_3000x4000.scale960x1280.hdr.png	6507606	3769272	NA
1064_general_castle-bridge-moat_montjuic-castle-barcelona_zfold7_iso40-f1p7_20260315-175347_3000x4000.scale1200x1600.hdr.png	10607061	6708988	NA
1067_general_architectural-model-display_la-pedrera-barcelona_zfold7_iso500-f1p7_20260319-185645_3000x4000.scale96x128.hdr.png	73945	52532	NA
1067_general_architectural-model-display_la-pedrera-barcelona_zfold7_iso500-f1p7_20260319-185645_3000x4000.scale480x640.hdr.png	1701138	1122807	NA
1069_general_illuminated-castle-night_cinderella-castle-orange_ip13pro_iso500-f1p5_img-7653_2870x3827.scale120x160.hdr.png	104904	76858	NA
1069_general_illuminated-castle-night_cinderella-castle-orange_ip13pro_iso500-f1p5_img-7653_2870x3827.scale150x200.hdr.png	163224	119053	NA
1066_general_stone-building-facade_park-guell-barcelona_zfold7_iso80-f1p7_20260318-172109_3000x4000.scale1200x1600.hdr.png	10934639	6976597	NA
1067_general_architectural-model-display_la-pedrera-barcelona_zfold7_iso500-f1p7_20260319-185645_3000x4000.scale600x800.hdr.png	2640329	1716888	NA
1069_general_illuminated-castle-night_cinderella-castle-orange_ip13pro_iso500-f1p5_img-7653_2870x3827.scale192x256.hdr.png	266809	193377	NA
1067_general_architectural-model-display_la-pedrera-barcelona_zfold7_iso500-f1p7_20260319-185645_3000x4000.scale768x1024.hdr.png	4296492	2756083	NA
1065_general_cathedral-model-workshop_sagrada-familia-barcelona_zfold7_iso64-f1p7_20260317-165822_3000x4000.scale1200x1600.hdr.png	10163221	5767632	NA
1069_general_illuminated-castle-night_cinderella-castle-orange_ip13pro_iso500-f1p5_img-7653_2870x3827.scale240x320.hdr.png	415999	298979	NA
1069_general_illuminated-castle-night_cinderella-castle-orange_ip13pro_iso500-f1p5_img-7653_2870x3827.scale300x400.hdr.png	646977	461131	NA
1069_general_illuminated-castle-night_cinderella-castle-orange_ip13pro_iso500-f1p5_img-7653_2870x3827.scale384x512.hdr.png	1051217	734046	NA
1067_general_architectural-model-display_la-pedrera-barcelona_zfold7_iso500-f1p7_20260319-185645_3000x4000.scale960x1280.hdr.png	6680883	4223903	NA
1069_general_illuminated-castle-night_cinderella-castle-orange_ip13pro_iso500-f1p5_img-7653_2870x3827.scale480x640.hdr.png	1625208	1123915	NA
1069_general_illuminated-castle-night_cinderella-castle-orange_ip13pro_iso500-f1p5_img-7653_2870x3827.scale600x800.hdr.png	2499685	1715060	NA
1069_general_illuminated-castle-night_cinderella-castle-orange_ip13pro_iso500-f1p5_img-7653_2870x3827.scale96x128.hdr.png	67625	49735	NA
1066_general_stone-building-facade_park-guell-barcelona_zfold7_iso80-f1p7_20260318-172109_3000x4000.scale1536x2048.hdr.png	17836592	11314114	NA
1065_general_cathedral-model-workshop_sagrada-familia-barcelona_zfold7_iso64-f1p7_20260317-165822_3000x4000.scale1536x2048.hdr.png	16676915	9310371	NA
1070_general_stone-temple-ruins_ip13pro_iso50-f1p5_img-8852_4032x3024.scale128x96.hdr.png	73913	52886	NA
1069_general_illuminated-castle-night_cinderella-castle-orange_ip13pro_iso500-f1p5_img-7653_2870x3827.scale768x1024.hdr.png	3998685	2704126	NA
1064_general_castle-bridge-moat_montjuic-castle-barcelona_zfold7_iso40-f1p7_20260315-175347_3000x4000.scale1920x2560.hdr.png	26944503	16963698	NA
1070_general_stone-temple-ruins_ip13pro_iso50-f1p5_img-8852_4032x3024.scale160x120.hdr.png	115409	81835	NA
1067_general_architectural-model-display_la-pedrera-barcelona_zfold7_iso500-f1p7_20260319-185645_3000x4000.scale1200x1600.hdr.png	10399105	6502476	NA
1070_general_stone-temple-ruins_ip13pro_iso50-f1p5_img-8852_4032x3024.scale200x150.hdr.png	180244	126565	NA
1070_general_stone-temple-ruins_ip13pro_iso50-f1p5_img-8852_4032x3024.scale256x192.hdr.png	295208	205579	NA
1066_general_stone-building-facade_park-guell-barcelona_zfold7_iso80-f1p7_20260318-172109_3000x4000.scale1920x2560.hdr.png	27587360	17728954	NA
1070_general_stone-temple-ruins_ip13pro_iso50-f1p5_img-8852_4032x3024.scale320x240.hdr.png	461159	318630	NA
1069_general_illuminated-castle-night_cinderella-castle-orange_ip13pro_iso500-f1p5_img-7653_2870x3827.scale1200x1600.hdr.png	9156808	5984326	NA
1070_general_stone-temple-ruins_ip13pro_iso50-f1p5_img-8852_4032x3024.scale1024x768.hdr.png	4719804	3098414	NA
1064_general_castle-bridge-moat_montjuic-castle-barcelona_zfold7_iso40-f1p7_20260315-175347_3000x4000.scale1536x2048.hdr.png	17357227	10869655	NA
1070_general_stone-temple-ruins_ip13pro_iso50-f1p5_img-8852_4032x3024.scale400x300.hdr.png	720434	494238	NA
1070_general_stone-temple-ruins_ip13pro_iso50-f1p5_img-8852_4032x3024.scale512x384.hdr.png	1180206	796636	NA
1227_interiors_stained-glass-window_casa-batllo-barcelona_zfold7_iso1600-f1p7_20260315-205230_3000x4000.scale120x160.hdr.png	108905	83210	NA
1065_general_cathedral-model-workshop_sagrada-familia-barcelona_zfold7_iso64-f1p7_20260317-165822_3000x4000.scale1920x2560.hdr.png	26066217	14599205	NA
1227_interiors_stained-glass-window_casa-batllo-barcelona_zfold7_iso1600-f1p7_20260315-205230_3000x4000.scale150x200.hdr.png	169950	128479	NA
1070_general_stone-temple-ruins_ip13pro_iso50-f1p5_img-8852_4032x3024.scale640x480.hdr.png	1843904	1235811	NA
1067_general_architectural-model-display_la-pedrera-barcelona_zfold7_iso500-f1p7_20260319-185645_3000x4000.scale1536x2048.hdr.png	16977959	10484052	NA
1227_interiors_stained-glass-window_casa-batllo-barcelona_zfold7_iso1600-f1p7_20260315-205230_3000x4000.scale192x256.hdr.png	277884	208710	NA
1069_general_illuminated-castle-night_cinderella-castle-orange_ip13pro_iso500-f1p5_img-7653_2870x3827.scale960x1280.hdr.png	6072306	4042572	NA
1227_interiors_stained-glass-window_casa-batllo-barcelona_zfold7_iso1600-f1p7_20260315-205230_3000x4000.scale240x320.hdr.png	434166	323317	NA
1070_general_stone-temple-ruins_ip13pro_iso50-f1p5_img-8852_4032x3024.scale800x600.hdr.png	2880899	1909752	NA
1227_interiors_stained-glass-window_casa-batllo-barcelona_zfold7_iso1600-f1p7_20260315-205230_3000x4000.scale300x400.hdr.png	676716	501011	NA
1227_interiors_stained-glass-window_casa-batllo-barcelona_zfold7_iso1600-f1p7_20260315-205230_3000x4000.scale384x512.hdr.png	1105042	804559	NA
1070_general_stone-temple-ruins_ip13pro_iso50-f1p5_img-8852_4032x3024.scale1280x960.hdr.png	7374404	4809779	NA
1227_interiors_stained-glass-window_casa-batllo-barcelona_zfold7_iso1600-f1p7_20260315-205230_3000x4000.scale600x800.hdr.png	2672798	1926443	NA
1227_interiors_stained-glass-window_casa-batllo-barcelona_zfold7_iso1600-f1p7_20260315-205230_3000x4000.scale480x640.hdr.png	1720317	1246225	NA
1227_interiors_stained-glass-window_casa-batllo-barcelona_zfold7_iso1600-f1p7_20260315-205230_3000x4000.scale96x128.hdr.png	69834	53718	NA
1064_general_castle-bridge-moat_montjuic-castle-barcelona_zfold7_iso40-f1p7_20260315-175347_3000x4000.scale2304x3072.hdr.png	38382382	24013224	NA
1228_interiors_stained-glass-windows_casa-batllo-barcelona_zfold7_iso2500-f1p7_20260315-205328_4000x3000.scale128x96.hdr.png	73913	57211	NA
1227_interiors_stained-glass-window_casa-batllo-barcelona_zfold7_iso1600-f1p7_20260315-205230_3000x4000.scale768x1024.hdr.png	4343758	3109827	NA
1228_interiors_stained-glass-windows_casa-batllo-barcelona_zfold7_iso2500-f1p7_20260315-205328_4000x3000.scale160x120.hdr.png	115409	87235	NA
1066_general_stone-building-facade_park-guell-barcelona_zfold7_iso80-f1p7_20260318-172109_3000x4000.scale2304x3072.hdr.png	39166900	25032643	NA
1228_interiors_stained-glass-windows_casa-batllo-barcelona_zfold7_iso2500-f1p7_20260315-205328_4000x3000.scale200x150.hdr.png	180244	132371	NA
1067_general_architectural-model-display_la-pedrera-barcelona_zfold7_iso500-f1p7_20260319-185645_3000x4000.scale1920x2560.hdr.png	26394237	16349950	NA
1228_interiors_stained-glass-windows_casa-batllo-barcelona_zfold7_iso2500-f1p7_20260315-205328_4000x3000.scale256x192.hdr.png	291373	210810	NA
1069_general_illuminated-castle-night_cinderella-castle-orange_ip13pro_iso500-f1p5_img-7653_2870x3827.scale1536x2048.hdr.png	14273100	9157657	NA
1070_general_stone-temple-ruins_ip13pro_iso50-f1p5_img-8852_4032x3024.scale1600x1200.hdr.png	11522159	7469830	NA
1228_interiors_stained-glass-windows_casa-batllo-barcelona_zfold7_iso2500-f1p7_20260315-205328_4000x3000.scale320x240.hdr.png	448214	321290	NA
1228_interiors_stained-glass-windows_casa-batllo-barcelona_zfold7_iso2500-f1p7_20260315-205328_4000x3000.scale1024x768.hdr.png	4361591	2916516	NA
1228_interiors_stained-glass-windows_casa-batllo-barcelona_zfold7_iso2500-f1p7_20260315-205328_4000x3000.scale400x300.hdr.png	691551	491061	NA
1069_general_illuminated-castle-night_cinderella-castle-orange_ip13pro_iso500-f1p5_img-7653_2870x3827.scale1920x2560.hdr.png	21036637	13617449	NA
1228_interiors_stained-glass-windows_casa-batllo-barcelona_zfold7_iso2500-f1p7_20260315-205328_4000x3000.scale512x384.hdr.png	1120056	778065	NA
1229_interiors_lighted-archway-ceiling_casa-batllo-barcelona_zfold7_iso1250-f1p7_20260315-210321_3000x4000.scale120x160.hdr.png	115449	95491	NA
1229_interiors_lighted-archway-ceiling_casa-batllo-barcelona_zfold7_iso1250-f1p7_20260315-210321_3000x4000.scale150x200.hdr.png	180294	148249	NA
1065_general_cathedral-model-workshop_sagrada-familia-barcelona_zfold7_iso64-f1p7_20260317-165822_3000x4000.scale2304x3072.hdr.png	37478433	20789315	NA
1228_interiors_stained-glass-windows_casa-batllo-barcelona_zfold7_iso2500-f1p7_20260315-205328_4000x3000.scale640x480.hdr.png	1730409	1186932	NA
1229_interiors_lighted-archway-ceiling_casa-batllo-barcelona_zfold7_iso1250-f1p7_20260315-210321_3000x4000.scale192x256.hdr.png	295272	239579	NA
1227_interiors_stained-glass-window_casa-batllo-barcelona_zfold7_iso1600-f1p7_20260315-205230_3000x4000.scale960x1280.hdr.png	6728704	4773422	NA
1229_interiors_lighted-archway-ceiling_casa-batllo-barcelona_zfold7_iso1250-f1p7_20260315-210321_3000x4000.scale240x320.hdr.png	461239	368805	NA
1228_interiors_stained-glass-windows_casa-batllo-barcelona_zfold7_iso2500-f1p7_20260315-205328_4000x3000.scale800x600.hdr.png	2681341	1817475	NA
1227_interiors_stained-glass-window_casa-batllo-barcelona_zfold7_iso1600-f1p7_20260315-205230_3000x4000.scale1200x1600.hdr.png	10407602	7315656	NA
1229_interiors_lighted-archway-ceiling_casa-batllo-barcelona_zfold7_iso1250-f1p7_20260315-210321_3000x4000.scale300x400.hdr.png	720534	566562	NA
1228_interiors_stained-glass-windows_casa-batllo-barcelona_zfold7_iso2500-f1p7_20260315-205328_4000x3000.scale1280x960.hdr.png	6782431	4480161	NA
1229_interiors_lighted-archway-ceiling_casa-batllo-barcelona_zfold7_iso1250-f1p7_20260315-210321_3000x4000.scale384x512.hdr.png	1180334	901455	NA
1229_interiors_lighted-archway-ceiling_casa-batllo-barcelona_zfold7_iso1250-f1p7_20260315-210321_3000x4000.scale480x640.hdr.png	1844064	1381811	NA
1229_interiors_lighted-archway-ceiling_casa-batllo-barcelona_zfold7_iso1250-f1p7_20260315-210321_3000x4000.scale96x128.hdr.png	73945	61207	NA
1229_interiors_lighted-archway-ceiling_casa-batllo-barcelona_zfold7_iso1250-f1p7_20260315-210321_3000x4000.scale600x800.hdr.png	2881099	2116886	NA
1230_interiors_empty-tiled-pool_casa-batllo-barcelona_zfold7_iso640-f1p7_20260315-210432_3000x4000.scale120x160.hdr.png	111816	79636	NA
1230_interiors_empty-tiled-pool_casa-batllo-barcelona_zfold7_iso640-f1p7_20260315-210432_3000x4000.scale150x200.hdr.png	172239	121614	NA
1228_interiors_stained-glass-windows_casa-batllo-barcelona_zfold7_iso2500-f1p7_20260315-205328_4000x3000.scale1600x1200.hdr.png	10565979	6914570	NA
1227_interiors_stained-glass-window_casa-batllo-barcelona_zfold7_iso1600-f1p7_20260315-205230_3000x4000.scale1536x2048.hdr.png	16826756	11685571	NA
1230_interiors_empty-tiled-pool_casa-batllo-barcelona_zfold7_iso640-f1p7_20260315-210432_3000x4000.scale192x256.hdr.png	279006	194701	NA
1069_general_illuminated-castle-night_cinderella-castle-orange_ip13pro_iso500-f1p5_img-7653_2870x3827.scale2304x3072.hdr.png	28573606	18408493	NA
1229_interiors_lighted-archway-ceiling_casa-batllo-barcelona_zfold7_iso1250-f1p7_20260315-210321_3000x4000.scale768x1024.hdr.png	4720060	3395799	NA
1229_interiors_lighted-archway-ceiling_casa-batllo-barcelona_zfold7_iso1250-f1p7_20260315-210321_3000x4000.scale1200x1600.hdr.png	11439398	8015397	NA
1070_general_stone-temple-ruins_ip13pro_iso50-f1p5_img-8852_4032x3024.scale2048x1536.hdr.png	18877428	12110322	NA
1230_interiors_empty-tiled-pool_casa-batllo-barcelona_zfold7_iso640-f1p7_20260315-210432_3000x4000.scale240x320.hdr.png	431241	298126	NA
1070_general_stone-temple-ruins_ip13pro_iso50-f1p5_img-8852_4032x3024.scale2560x1920.hdr.png	29495454	18914784	NA
1230_interiors_empty-tiled-pool_casa-batllo-barcelona_zfold7_iso640-f1p7_20260315-210432_3000x4000.scale300x400.hdr.png	666691	456133	NA
1230_interiors_empty-tiled-pool_casa-batllo-barcelona_zfold7_iso640-f1p7_20260315-210432_3000x4000.scale384x512.hdr.png	1080102	721782	NA
1229_interiors_lighted-archway-ceiling_casa-batllo-barcelona_zfold7_iso1250-f1p7_20260315-210321_3000x4000.scale960x1280.hdr.png	7374724	5220699	NA
1230_interiors_empty-tiled-pool_casa-batllo-barcelona_zfold7_iso640-f1p7_20260315-210432_3000x4000.scale96x128.hdr.png	72295	52043	NA
1230_interiors_empty-tiled-pool_casa-batllo-barcelona_zfold7_iso640-f1p7_20260315-210432_3000x4000.scale480x640.hdr.png	1670495	1097059	NA
1231_interiors_tiled-arched-interior_casa-batllo-barcelona_zfold7_iso640-f2p2_20260315-211323_4000x2252.scale128x72.hdr.png	55452	45297	NA
1067_general_architectural-model-display_la-pedrera-barcelona_zfold7_iso500-f1p7_20260319-185645_3000x4000.scale2304x3072.hdr.png	37737645	23087218	NA
1231_interiors_tiled-arched-interior_casa-batllo-barcelona_zfold7_iso640-f2p2_20260315-211323_4000x2252.scale160x90.hdr.png	86579	69230	NA
1230_interiors_empty-tiled-pool_casa-batllo-barcelona_zfold7_iso640-f1p7_20260315-210432_3000x4000.scale600x800.hdr.png	2590611	1676561	NA
1231_interiors_tiled-arched-interior_casa-batllo-barcelona_zfold7_iso640-f2p2_20260315-211323_4000x2252.scale200x113.hdr.png	135807	106139	NA
1231_interiors_tiled-arched-interior_casa-batllo-barcelona_zfold7_iso640-f2p2_20260315-211323_4000x2252.scale1024x577.hdr.png	3487200	2472949	NA
1231_interiors_tiled-arched-interior_casa-batllo-barcelona_zfold7_iso640-f2p2_20260315-211323_4000x2252.scale256x144.hdr.png	221427	169167	NA
1230_interiors_empty-tiled-pool_casa-batllo-barcelona_zfold7_iso640-f1p7_20260315-210432_3000x4000.scale768x1024.hdr.png	4215533	2684563	NA
1231_interiors_tiled-arched-interior_casa-batllo-barcelona_zfold7_iso640-f2p2_20260315-211323_4000x2252.scale320x180.hdr.png	345889	259922	NA
1228_interiors_stained-glass-windows_casa-batllo-barcelona_zfold7_iso2500-f1p7_20260315-205328_4000x3000.scale2048x1536.hdr.png	17274744	11197786	NA
1231_interiors_tiled-arched-interior_casa-batllo-barcelona_zfold7_iso640-f2p2_20260315-211323_4000x2252.scale400x225.hdr.png	540349	399949	NA
1231_interiors_tiled-arched-interior_casa-batllo-barcelona_zfold7_iso640-f2p2_20260315-211323_4000x2252.scale512x288.hdr.png	883773	640246	NA
1231_interiors_tiled-arched-interior_casa-batllo-barcelona_zfold7_iso640-f2p2_20260315-211323_4000x2252.scale640x360.hdr.png	1373634	988593	NA
1230_interiors_empty-tiled-pool_casa-batllo-barcelona_zfold7_iso640-f1p7_20260315-210432_3000x4000.scale1200x1600.hdr.png	10174993	6257651	NA
1232_interiors_stained-glass-windows_sagrada-familia-barcelona_zfold7_iso400-f1p7_20260317-144409_3000x4000.scale120x160.hdr.png	113668	80845	NA
1231_interiors_tiled-arched-interior_casa-batllo-barcelona_zfold7_iso640-f2p2_20260315-211323_4000x2252.scale1280x721.hdr.png	5431867	3822453	NA
1232_interiors_stained-glass-windows_sagrada-familia-barcelona_zfold7_iso400-f1p7_20260317-144409_3000x4000.scale150x200.hdr.png	175831	123830	NA
1230_interiors_empty-tiled-pool_casa-batllo-barcelona_zfold7_iso640-f1p7_20260315-210432_3000x4000.scale960x1280.hdr.png	6549312	4090584	NA
1227_interiors_stained-glass-window_casa-batllo-barcelona_zfold7_iso1600-f1p7_20260315-205230_3000x4000.scale1920x2560.hdr.png	25913236	18140860	NA
1232_interiors_stained-glass-windows_sagrada-familia-barcelona_zfold7_iso400-f1p7_20260317-144409_3000x4000.scale192x256.hdr.png	283999	198427	NA
1231_interiors_tiled-arched-interior_casa-batllo-barcelona_zfold7_iso640-f2p2_20260315-211323_4000x2252.scale800x450.hdr.png	2133859	1522985	NA
1231_interiors_tiled-arched-interior_casa-batllo-barcelona_zfold7_iso640-f2p2_20260315-211323_4000x2252.scale1600x901.hdr.png	8466278	5920836	NA
1232_interiors_stained-glass-windows_sagrada-familia-barcelona_zfold7_iso400-f1p7_20260317-144409_3000x4000.scale240x320.hdr.png	440006	303794	NA
1232_interiors_stained-glass-windows_sagrada-familia-barcelona_zfold7_iso400-f1p7_20260317-144409_3000x4000.scale300x400.hdr.png	680602	465925	NA
1232_interiors_stained-glass-windows_sagrada-familia-barcelona_zfold7_iso400-f1p7_20260317-144409_3000x4000.scale384x512.hdr.png	1104888	737843	NA
1229_interiors_lighted-archway-ceiling_casa-batllo-barcelona_zfold7_iso1250-f1p7_20260315-210321_3000x4000.scale1536x2048.hdr.png	18471270	12845375	NA
1232_interiors_stained-glass-windows_sagrada-familia-barcelona_zfold7_iso400-f1p7_20260317-144409_3000x4000.scale480x640.hdr.png	1713973	1122866	NA
1232_interiors_stained-glass-windows_sagrada-familia-barcelona_zfold7_iso400-f1p7_20260317-144409_3000x4000.scale96x128.hdr.png	73698	52725	NA
1228_interiors_stained-glass-windows_casa-batllo-barcelona_zfold7_iso2500-f1p7_20260315-205328_4000x3000.scale2560x1920.hdr.png	26905757	17567313	NA
1229_interiors_lighted-archway-ceiling_casa-batllo-barcelona_zfold7_iso1250-f1p7_20260315-210321_3000x4000.scale1920x2560.hdr.png	28394354	19880786	NA
1233_interiors_cathedral-ceiling-interior_sagrada-familia-barcelona_zfold7_iso250-f2p2_20260317-151912_4000x3000.scale128x96.hdr.png	73913	54463	NA
1232_interiors_stained-glass-windows_sagrada-familia-barcelona_zfold7_iso400-f1p7_20260317-144409_3000x4000.scale600x800.hdr.png	2659905	1709918	NA
1233_interiors_cathedral-ceiling-interior_sagrada-familia-barcelona_zfold7_iso250-f2p2_20260317-151912_4000x3000.scale160x120.hdr.png	115409	83293	NA
1233_interiors_cathedral-ceiling-interior_sagrada-familia-barcelona_zfold7_iso250-f2p2_20260317-151912_4000x3000.scale200x150.hdr.png	180244	127307	NA
1233_interiors_cathedral-ceiling-interior_sagrada-familia-barcelona_zfold7_iso250-f2p2_20260317-151912_4000x3000.scale1024x768.hdr.png	4357535	2826822	NA
1232_interiors_stained-glass-windows_sagrada-familia-barcelona_zfold7_iso400-f1p7_20260317-144409_3000x4000.scale768x1024.hdr.png	4327620	2717285	NA
1233_interiors_cathedral-ceiling-interior_sagrada-familia-barcelona_zfold7_iso250-f2p2_20260317-151912_4000x3000.scale256x192.hdr.png	293313	203541	NA
1227_interiors_stained-glass-window_casa-batllo-barcelona_zfold7_iso1600-f1p7_20260315-205230_3000x4000.scale2304x3072.hdr.png	36777980	25603722	NA
1231_interiors_tiled-arched-interior_casa-batllo-barcelona_zfold7_iso640-f2p2_20260315-211323_4000x2252.scale2048x1153.hdr.png	13812166	9589083	NA
1070_general_stone-temple-ruins_ip13pro_iso50-f1p5_img-8852_4032x3024.scale3072x2304.hdr.png	42303745	26777913	NA
1233_interiors_cathedral-ceiling-interior_sagrada-familia-barcelona_zfold7_iso250-f2p2_20260317-151912_4000x3000.scale320x240.hdr.png	451440	311420	NA
1233_interiors_cathedral-ceiling-interior_sagrada-familia-barcelona_zfold7_iso250-f2p2_20260317-151912_4000x3000.scale400x300.hdr.png	695185	476816	NA
1233_interiors_cathedral-ceiling-interior_sagrada-familia-barcelona_zfold7_iso250-f2p2_20260317-151912_4000x3000.scale512x384.hdr.png	1123527	754710	NA
1233_interiors_cathedral-ceiling-interior_sagrada-familia-barcelona_zfold7_iso250-f2p2_20260317-151912_4000x3000.scale1280x960.hdr.png	6775432	4336919	NA
1232_interiors_stained-glass-windows_sagrada-familia-barcelona_zfold7_iso400-f1p7_20260317-144409_3000x4000.scale960x1280.hdr.png	6720035	4122208	NA
1234_interiors_cathedral-ceiling-columns_sagrada-familia-barcelona_zfold7_iso400-f1p7_20260317-154023_3000x4000.scale120x160.hdr.png	113561	79874	NA
1234_interiors_cathedral-ceiling-columns_sagrada-familia-barcelona_zfold7_iso400-f1p7_20260317-154023_3000x4000.scale150x200.hdr.png	175688	122085	NA
1233_interiors_cathedral-ceiling-interior_sagrada-familia-barcelona_zfold7_iso250-f2p2_20260317-151912_4000x3000.scale640x480.hdr.png	1733764	1152938	NA
1234_interiors_cathedral-ceiling-columns_sagrada-familia-barcelona_zfold7_iso400-f1p7_20260317-154023_3000x4000.scale192x256.hdr.png	284134	195585	NA
1232_interiors_stained-glass-windows_sagrada-familia-barcelona_zfold7_iso400-f1p7_20260317-144409_3000x4000.scale1200x1600.hdr.png	10438150	6267033	NA
1230_interiors_empty-tiled-pool_casa-batllo-barcelona_zfold7_iso640-f1p7_20260315-210432_3000x4000.scale1536x2048.hdr.png	16558590	10022241	NA
1234_interiors_cathedral-ceiling-columns_sagrada-familia-barcelona_zfold7_iso400-f1p7_20260317-154023_3000x4000.scale240x320.hdr.png	438625	299855	NA
1233_interiors_cathedral-ceiling-interior_sagrada-familia-barcelona_zfold7_iso250-f2p2_20260317-151912_4000x3000.scale800x600.hdr.png	2680500	1764251	NA
1231_interiors_tiled-arched-interior_casa-batllo-barcelona_zfold7_iso640-f2p2_20260315-211323_4000x2252.scale2560x1441.hdr.png	21427856	14960951	NA
1234_interiors_cathedral-ceiling-columns_sagrada-familia-barcelona_zfold7_iso400-f1p7_20260317-154023_3000x4000.scale300x400.hdr.png	677067	459218	NA
1234_interiors_cathedral-ceiling-columns_sagrada-familia-barcelona_zfold7_iso400-f1p7_20260317-154023_3000x4000.scale384x512.hdr.png	1095798	726250	NA
1230_interiors_empty-tiled-pool_casa-batllo-barcelona_zfold7_iso640-f1p7_20260315-210432_3000x4000.scale1920x2560.hdr.png	25658014	15548859	NA
1234_interiors_cathedral-ceiling-columns_sagrada-familia-barcelona_zfold7_iso400-f1p7_20260317-154023_3000x4000.scale96x128.hdr.png	73467	52208	NA
1234_interiors_cathedral-ceiling-columns_sagrada-familia-barcelona_zfold7_iso400-f1p7_20260317-154023_3000x4000.scale480x640.hdr.png	1696178	1107884	NA
1235_interiors_floral-wall-mural_casa-vicens-barcelona_zfold7_iso1600-f1p7_20260319-165522_3000x4000.scale120x160.hdr.png	115449	87553	NA
1235_interiors_floral-wall-mural_casa-vicens-barcelona_zfold7_iso1600-f1p7_20260319-165522_3000x4000.scale150x200.hdr.png	180294	135573	NA
1234_interiors_cathedral-ceiling-columns_sagrada-familia-barcelona_zfold7_iso400-f1p7_20260317-154023_3000x4000.scale600x800.hdr.png	2624610	1692049	NA
1229_interiors_lighted-archway-ceiling_casa-batllo-barcelona_zfold7_iso1250-f1p7_20260315-210321_3000x4000.scale2304x3072.hdr.png	40251134	27940201	NA
1235_interiors_floral-wall-mural_casa-vicens-barcelona_zfold7_iso1600-f1p7_20260319-165522_3000x4000.scale192x256.hdr.png	295272	220218	NA
1233_interiors_cathedral-ceiling-interior_sagrada-familia-barcelona_zfold7_iso250-f2p2_20260317-151912_4000x3000.scale1600x1200.hdr.png	10557449	6674132	NA
1235_interiors_floral-wall-mural_casa-vicens-barcelona_zfold7_iso1600-f1p7_20260319-165522_3000x4000.scale240x320.hdr.png	461239	340713	NA
1235_interiors_floral-wall-mural_casa-vicens-barcelona_zfold7_iso1600-f1p7_20260319-165522_3000x4000.scale300x400.hdr.png	720534	526818	NA
1235_interiors_floral-wall-mural_casa-vicens-barcelona_zfold7_iso1600-f1p7_20260319-165522_3000x4000.scale384x512.hdr.png	1180334	846793	NA
1234_interiors_cathedral-ceiling-columns_sagrada-familia-barcelona_zfold7_iso400-f1p7_20260317-154023_3000x4000.scale768x1024.hdr.png	4262383	2697455	NA
1232_interiors_stained-glass-windows_sagrada-familia-barcelona_zfold7_iso400-f1p7_20260317-144409_3000x4000.scale1536x2048.hdr.png	16982368	9960104	NA
1234_interiors_cathedral-ceiling-columns_sagrada-familia-barcelona_zfold7_iso400-f1p7_20260317-154023_3000x4000.scale1200x1600.hdr.png	10267779	6264132	NA
1235_interiors_floral-wall-mural_casa-vicens-barcelona_zfold7_iso1600-f1p7_20260319-165522_3000x4000.scale480x640.hdr.png	1838034	1306795	NA
1235_interiors_floral-wall-mural_casa-vicens-barcelona_zfold7_iso1600-f1p7_20260319-165522_3000x4000.scale96x128.hdr.png	73945	56726	NA
1228_interiors_stained-glass-windows_casa-batllo-barcelona_zfold7_iso2500-f1p7_20260315-205328_4000x3000.scale3072x2304.hdr.png	38563280	24906897	NA
1236_interiors_ornate-arched-interior_casa-vicens-barcelona_zfold7_iso400-f2p2_20260319-165702_3000x4000.scale120x160.hdr.png	115449	83286	NA
1236_interiors_ornate-arched-interior_casa-vicens-barcelona_zfold7_iso400-f2p2_20260319-165702_3000x4000.scale150x200.hdr.png	180294	129293	NA
1235_interiors_floral-wall-mural_casa-vicens-barcelona_zfold7_iso1600-f1p7_20260319-165522_3000x4000.scale600x800.hdr.png	2852357	2021779	NA
1234_interiors_cathedral-ceiling-columns_sagrada-familia-barcelona_zfold7_iso400-f1p7_20260317-154023_3000x4000.scale960x1280.hdr.png	6611230	4106099	NA
1236_interiors_ornate-arched-interior_casa-vicens-barcelona_zfold7_iso400-f2p2_20260319-165702_3000x4000.scale192x256.hdr.png	295272	209436	NA
1231_interiors_tiled-arched-interior_casa-batllo-barcelona_zfold7_iso640-f2p2_20260315-211323_4000x2252.scale3072x1730.hdr.png	30577697	21202372	NA
1235_interiors_floral-wall-mural_casa-vicens-barcelona_zfold7_iso1600-f1p7_20260319-165522_3000x4000.scale768x1024.hdr.png	4635893	3271741	NA
1236_interiors_ornate-arched-interior_casa-vicens-barcelona_zfold7_iso400-f2p2_20260319-165702_3000x4000.scale240x320.hdr.png	460559	324719	NA
1235_interiors_floral-wall-mural_casa-vicens-barcelona_zfold7_iso1600-f1p7_20260319-165522_3000x4000.scale1200x1600.hdr.png	11112366	7759663	NA
1236_interiors_ornate-arched-interior_casa-vicens-barcelona_zfold7_iso400-f2p2_20260319-165702_3000x4000.scale300x400.hdr.png	716426	503095	NA
1236_interiors_ornate-arched-interior_casa-vicens-barcelona_zfold7_iso400-f2p2_20260319-165702_3000x4000.scale384x512.hdr.png	1168711	807769	NA
1236_interiors_ornate-arched-interior_casa-vicens-barcelona_zfold7_iso400-f2p2_20260319-165702_3000x4000.scale480x640.hdr.png	1815263	1240171	NA
1235_interiors_floral-wall-mural_casa-vicens-barcelona_zfold7_iso1600-f1p7_20260319-165522_3000x4000.scale960x1280.hdr.png	7185252	5043235	NA
1236_interiors_ornate-arched-interior_casa-vicens-barcelona_zfold7_iso400-f2p2_20260319-165702_3000x4000.scale96x128.hdr.png	73945	53590	NA
1236_interiors_ornate-arched-interior_casa-vicens-barcelona_zfold7_iso400-f2p2_20260319-165702_3000x4000.scale600x800.hdr.png	2817349	1903748	NA
1237_interiors_person-standing-by-window_casa-vicens-barcelona_zfold7_iso800-f2p2_20260319-170017_3000x4000.scale120x160.hdr.png	115449	90509	NA
1237_interiors_person-standing-by-window_casa-vicens-barcelona_zfold7_iso800-f2p2_20260319-170017_3000x4000.scale150x200.hdr.png	180294	138967	NA
1232_interiors_stained-glass-windows_sagrada-familia-barcelona_zfold7_iso400-f1p7_20260317-144409_3000x4000.scale1920x2560.hdr.png	26324646	15348999	NA
1234_interiors_cathedral-ceiling-columns_sagrada-familia-barcelona_zfold7_iso400-f1p7_20260317-154023_3000x4000.scale1536x2048.hdr.png	16714819	9989606	NA
1237_interiors_person-standing-by-window_casa-vicens-barcelona_zfold7_iso800-f2p2_20260319-170017_3000x4000.scale192x256.hdr.png	295272	223287	NA
1233_interiors_cathedral-ceiling-interior_sagrada-familia-barcelona_zfold7_iso250-f2p2_20260317-151912_4000x3000.scale2048x1536.hdr.png	17238419	10742567	NA
1236_interiors_ornate-arched-interior_casa-vicens-barcelona_zfold7_iso400-f2p2_20260319-165702_3000x4000.scale768x1024.hdr.png	4585020	3049427	NA
1237_interiors_person-standing-by-window_casa-vicens-barcelona_zfold7_iso800-f2p2_20260319-170017_3000x4000.scale240x320.hdr.png	461239	342736	NA
1237_interiors_person-standing-by-window_casa-vicens-barcelona_zfold7_iso800-f2p2_20260319-170017_3000x4000.scale300x400.hdr.png	719521	526736	NA
1230_interiors_empty-tiled-pool_casa-batllo-barcelona_zfold7_iso640-f1p7_20260315-210432_3000x4000.scale2304x3072.hdr.png	36553852	21915092	NA
1237_interiors_person-standing-by-window_casa-vicens-barcelona_zfold7_iso800-f2p2_20260319-170017_3000x4000.scale384x512.hdr.png	1170009	839253	NA
1237_interiors_person-standing-by-window_casa-vicens-barcelona_zfold7_iso800-f2p2_20260319-170017_3000x4000.scale480x640.hdr.png	1816463	1285434	NA
1236_interiors_ornate-arched-interior_casa-vicens-barcelona_zfold7_iso400-f2p2_20260319-165702_3000x4000.scale960x1280.hdr.png	7117065	4672283	NA
1237_interiors_person-standing-by-window_casa-vicens-barcelona_zfold7_iso800-f2p2_20260319-170017_3000x4000.scale96x128.hdr.png	73945	58643	NA
1236_interiors_ornate-arched-interior_casa-vicens-barcelona_zfold7_iso400-f2p2_20260319-165702_3000x4000.scale1200x1600.hdr.png	11043795	7154183	NA
1238_interiors_open-doorway-interior_casa-vicens-barcelona_zfold7_iso250-f2p2_20260319-170237_3000x4000.scale120x160.hdr.png	108792	77311	NA
1235_interiors_floral-wall-mural_casa-vicens-barcelona_zfold7_iso1600-f1p7_20260319-165522_3000x4000.scale1536x2048.hdr.png	17952372	12427919	NA
1238_interiors_open-doorway-interior_casa-vicens-barcelona_zfold7_iso250-f2p2_20260319-170237_3000x4000.scale150x200.hdr.png	169226	119413	NA
1237_interiors_person-standing-by-window_casa-vicens-barcelona_zfold7_iso800-f2p2_20260319-170017_3000x4000.scale600x800.hdr.png	2816187	1968563	NA
1238_interiors_open-doorway-interior_casa-vicens-barcelona_zfold7_iso250-f2p2_20260319-170237_3000x4000.scale192x256.hdr.png	275564	193448	NA
1233_interiors_cathedral-ceiling-interior_sagrada-familia-barcelona_zfold7_iso250-f2p2_20260317-151912_4000x3000.scale2560x1920.hdr.png	26786526	16711527	NA
1238_interiors_open-doorway-interior_casa-vicens-barcelona_zfold7_iso250-f2p2_20260319-170237_3000x4000.scale240x320.hdr.png	429671	299220	NA
1238_interiors_open-doorway-interior_casa-vicens-barcelona_zfold7_iso250-f2p2_20260319-170237_3000x4000.scale300x400.hdr.png	667937	462897	NA
1237_interiors_person-standing-by-window_casa-vicens-barcelona_zfold7_iso800-f2p2_20260319-170017_3000x4000.scale768x1024.hdr.png	4581056	3153147	NA
1238_interiors_open-doorway-interior_casa-vicens-barcelona_zfold7_iso250-f2p2_20260319-170237_3000x4000.scale384x512.hdr.png	1090131	740181	NA
1237_interiors_person-standing-by-window_casa-vicens-barcelona_zfold7_iso800-f2p2_20260319-170017_3000x4000.scale1200x1600.hdr.png	10986545	7368921	NA
1234_interiors_cathedral-ceiling-columns_sagrada-familia-barcelona_zfold7_iso400-f1p7_20260317-154023_3000x4000.scale1920x2560.hdr.png	25950821	15479568	NA
1237_interiors_person-standing-by-window_casa-vicens-barcelona_zfold7_iso800-f2p2_20260319-170017_3000x4000.scale960x1280.hdr.png	7098933	4821787	NA
1238_interiors_open-doorway-interior_casa-vicens-barcelona_zfold7_iso250-f2p2_20260319-170237_3000x4000.scale96x128.hdr.png	70037	50269	NA
1238_interiors_open-doorway-interior_casa-vicens-barcelona_zfold7_iso250-f2p2_20260319-170237_3000x4000.scale480x640.hdr.png	1697625	1140898	NA
1232_interiors_stained-glass-windows_sagrada-familia-barcelona_zfold7_iso400-f1p7_20260317-144409_3000x4000.scale2304x3072.hdr.png	37611489	21513165	NA
1239_interiors_decorative-coffered-ceiling_casa-vicens-barcelona_zfold7_iso800-f2p2_20260319-170252_4000x3000.scale128x96.hdr.png	73913	54746	NA
1238_interiors_open-doorway-interior_casa-vicens-barcelona_zfold7_iso250-f2p2_20260319-170237_3000x4000.scale600x800.hdr.png	2642924	1755490	NA
1239_interiors_decorative-coffered-ceiling_casa-vicens-barcelona_zfold7_iso800-f2p2_20260319-170252_4000x3000.scale160x120.hdr.png	115409	84885	NA
1239_interiors_decorative-coffered-ceiling_casa-vicens-barcelona_zfold7_iso800-f2p2_20260319-170252_4000x3000.scale200x150.hdr.png	180244	131631	NA
1238_interiors_open-doorway-interior_casa-vicens-barcelona_zfold7_iso250-f2p2_20260319-170237_3000x4000.scale768x1024.hdr.png	4322517	2832072	NA
1238_interiors_open-doorway-interior_casa-vicens-barcelona_zfold7_iso250-f2p2_20260319-170237_3000x4000.scale1200x1600.hdr.png	10517510	6736689	NA
1239_interiors_decorative-coffered-ceiling_casa-vicens-barcelona_zfold7_iso800-f2p2_20260319-170252_4000x3000.scale1024x768.hdr.png	4526043	2998542	NA
1239_interiors_decorative-coffered-ceiling_casa-vicens-barcelona_zfold7_iso800-f2p2_20260319-170252_4000x3000.scale256x192.hdr.png	295208	212938	NA
1236_interiors_ornate-arched-interior_casa-vicens-barcelona_zfold7_iso400-f2p2_20260319-165702_3000x4000.scale1536x2048.hdr.png	17921279	11439435	NA
1239_interiors_decorative-coffered-ceiling_casa-vicens-barcelona_zfold7_iso800-f2p2_20260319-170252_4000x3000.scale320x240.hdr.png	461159	328301	NA
1239_interiors_decorative-coffered-ceiling_casa-vicens-barcelona_zfold7_iso800-f2p2_20260319-170252_4000x3000.scale400x300.hdr.png	720434	505619	NA
1235_interiors_floral-wall-mural_casa-vicens-barcelona_zfold7_iso1600-f1p7_20260319-165522_3000x4000.scale1920x2560.hdr.png	27599268	19263857	NA
1239_interiors_decorative-coffered-ceiling_casa-vicens-barcelona_zfold7_iso800-f2p2_20260319-170252_4000x3000.scale512x384.hdr.png	1176416	803908	NA
1233_interiors_cathedral-ceiling-interior_sagrada-familia-barcelona_zfold7_iso250-f2p2_20260317-151912_4000x3000.scale3072x2304.hdr.png	38278206	23563211	NA
1238_interiors_open-doorway-interior_casa-vicens-barcelona_zfold7_iso250-f2p2_20260319-170237_3000x4000.scale960x1280.hdr.png	6743365	4367146	NA
1240_interiors_bathroom-with-bathtub_casa-vicens-barcelona_zfold7_iso1000-f2p2_20260319-170336_3000x4000.scale120x160.hdr.png	112265	81970	NA
1239_interiors_decorative-coffered-ceiling_casa-vicens-barcelona_zfold7_iso800-f2p2_20260319-170252_4000x3000.scale1280x960.hdr.png	6994256	4583369	NA
1240_interiors_bathroom-with-bathtub_casa-vicens-barcelona_zfold7_iso1000-f2p2_20260319-170336_3000x4000.scale150x200.hdr.png	173196	124885	NA
1240_interiors_bathroom-with-bathtub_casa-vicens-barcelona_zfold7_iso1000-f2p2_20260319-170336_3000x4000.scale192x256.hdr.png	279719	199558	NA
1239_interiors_decorative-coffered-ceiling_casa-vicens-barcelona_zfold7_iso800-f2p2_20260319-170252_4000x3000.scale640x480.hdr.png	1813924	1230261	NA
1240_interiors_bathroom-with-bathtub_casa-vicens-barcelona_zfold7_iso1000-f2p2_20260319-170336_3000x4000.scale240x320.hdr.png	432187	304717	NA
1239_interiors_decorative-coffered-ceiling_casa-vicens-barcelona_zfold7_iso800-f2p2_20260319-170252_4000x3000.scale800x600.hdr.png	2798055	1880182	NA
1236_interiors_ornate-arched-interior_casa-vicens-barcelona_zfold7_iso400-f2p2_20260319-165702_3000x4000.scale1920x2560.hdr.png	27693356	17727713	NA
1240_interiors_bathroom-with-bathtub_casa-vicens-barcelona_zfold7_iso1000-f2p2_20260319-170336_3000x4000.scale300x400.hdr.png	668480	465232	NA
1240_interiors_bathroom-with-bathtub_casa-vicens-barcelona_zfold7_iso1000-f2p2_20260319-170336_3000x4000.scale384x512.hdr.png	1083652	734669	NA
1234_interiors_cathedral-ceiling-columns_sagrada-familia-barcelona_zfold7_iso400-f1p7_20260317-154023_3000x4000.scale2304x3072.hdr.png	37107189	21801819	NA
1240_interiors_bathroom-with-bathtub_casa-vicens-barcelona_zfold7_iso1000-f2p2_20260319-170336_3000x4000.scale480x640.hdr.png	1677401	1118671	NA
1240_interiors_bathroom-with-bathtub_casa-vicens-barcelona_zfold7_iso1000-f2p2_20260319-170336_3000x4000.scale96x128.hdr.png	73069	53806	NA
1237_interiors_person-standing-by-window_casa-vicens-barcelona_zfold7_iso800-f2p2_20260319-170017_3000x4000.scale1536x2048.hdr.png	17759089	11726871	NA
1241_interiors_living-room-sofa_la-pedrera-barcelona_zfold7_iso1000-f1p7_20260319-183640_3000x4000.scale120x160.hdr.png	108827	76776	NA
1238_interiors_open-doorway-interior_casa-vicens-barcelona_zfold7_iso250-f2p2_20260319-170237_3000x4000.scale1536x2048.hdr.png	17148584	10850498	NA
1241_interiors_living-room-sofa_la-pedrera-barcelona_zfold7_iso1000-f1p7_20260319-183640_3000x4000.scale150x200.hdr.png	168227	117632	NA
1240_interiors_bathroom-with-bathtub_casa-vicens-barcelona_zfold7_iso1000-f2p2_20260319-170336_3000x4000.scale600x800.hdr.png	2596948	1698489	NA
1237_interiors_person-standing-by-window_casa-vicens-barcelona_zfold7_iso800-f2p2_20260319-170017_3000x4000.scale1920x2560.hdr.png	27316616	18092906	NA
1241_interiors_living-room-sofa_la-pedrera-barcelona_zfold7_iso1000-f1p7_20260319-183640_3000x4000.scale192x256.hdr.png	272289	187819	NA
1241_interiors_living-room-sofa_la-pedrera-barcelona_zfold7_iso1000-f1p7_20260319-183640_3000x4000.scale240x320.hdr.png	421702	287866	NA
1235_interiors_floral-wall-mural_casa-vicens-barcelona_zfold7_iso1600-f1p7_20260319-165522_3000x4000.scale2304x3072.hdr.png	39111574	27121330	NA
1240_interiors_bathroom-with-bathtub_casa-vicens-barcelona_zfold7_iso1000-f2p2_20260319-170336_3000x4000.scale768x1024.hdr.png	4218765	2713291	NA
1241_interiors_living-room-sofa_la-pedrera-barcelona_zfold7_iso1000-f1p7_20260319-183640_3000x4000.scale300x400.hdr.png	653561	440001	NA
1241_interiors_living-room-sofa_la-pedrera-barcelona_zfold7_iso1000-f1p7_20260319-183640_3000x4000.scale384x512.hdr.png	1060994	695769	NA
1239_interiors_decorative-coffered-ceiling_casa-vicens-barcelona_zfold7_iso800-f2p2_20260319-170252_4000x3000.scale1600x1200.hdr.png	10828874	7021448	NA
1241_interiors_living-room-sofa_la-pedrera-barcelona_zfold7_iso1000-f1p7_20260319-183640_3000x4000.scale480x640.hdr.png	1645298	1061572	NA
1241_interiors_living-room-sofa_la-pedrera-barcelona_zfold7_iso1000-f1p7_20260319-183640_3000x4000.scale96x128.hdr.png	70583	50217	NA
1241_interiors_living-room-sofa_la-pedrera-barcelona_zfold7_iso1000-f1p7_20260319-183640_3000x4000.scale600x800.hdr.png	2552964	1618904	NA
1242_interiors_storage-room-clutter_la-pedrera-barcelona_zfold7_iso640-f2p2_20260319-183704_3000x4000.scale120x160.hdr.png	111171	76418	NA
1242_interiors_storage-room-clutter_la-pedrera-barcelona_zfold7_iso640-f2p2_20260319-183704_3000x4000.scale150x200.hdr.png	171150	116973	NA
1240_interiors_bathroom-with-bathtub_casa-vicens-barcelona_zfold7_iso1000-f2p2_20260319-170336_3000x4000.scale960x1280.hdr.png	6557429	4144294	NA
1241_interiors_living-room-sofa_la-pedrera-barcelona_zfold7_iso1000-f1p7_20260319-183640_3000x4000.scale768x1024.hdr.png	4157685	2599300	NA
1242_interiors_storage-room-clutter_la-pedrera-barcelona_zfold7_iso640-f2p2_20260319-183704_3000x4000.scale192x256.hdr.png	277068	187311	NA
1238_interiors_open-doorway-interior_casa-vicens-barcelona_zfold7_iso250-f2p2_20260319-170237_3000x4000.scale1920x2560.hdr.png	26582594	16868245	NA
1242_interiors_storage-room-clutter_la-pedrera-barcelona_zfold7_iso640-f2p2_20260319-183704_3000x4000.scale240x320.hdr.png	428722	286365	NA
1239_interiors_decorative-coffered-ceiling_casa-vicens-barcelona_zfold7_iso800-f2p2_20260319-170252_4000x3000.scale2048x1536.hdr.png	17568319	11243610	NA
1240_interiors_bathroom-with-bathtub_casa-vicens-barcelona_zfold7_iso1000-f2p2_20260319-170336_3000x4000.scale1200x1600.hdr.png	10205269	6376716	NA
1242_interiors_storage-room-clutter_la-pedrera-barcelona_zfold7_iso640-f2p2_20260319-183704_3000x4000.scale300x400.hdr.png	662896	438575	NA
1242_interiors_storage-room-clutter_la-pedrera-barcelona_zfold7_iso640-f2p2_20260319-183704_3000x4000.scale384x512.hdr.png	1075159	692356	NA
1241_interiors_living-room-sofa_la-pedrera-barcelona_zfold7_iso1000-f1p7_20260319-183640_3000x4000.scale1200x1600.hdr.png	10105150	6195119	NA
1242_interiors_storage-room-clutter_la-pedrera-barcelona_zfold7_iso640-f2p2_20260319-183704_3000x4000.scale480x640.hdr.png	1666848	1055113	NA
1242_interiors_storage-room-clutter_la-pedrera-barcelona_zfold7_iso640-f2p2_20260319-183704_3000x4000.scale96x128.hdr.png	72077	49958	NA
1236_interiors_ornate-arched-interior_casa-vicens-barcelona_zfold7_iso400-f2p2_20260319-165702_3000x4000.scale2304x3072.hdr.png	39419940	24965175	NA
1243_interiors_vintage-living-room_la-pedrera-barcelona_zfold7_iso400-f2p2_20260319-183921_3000x4000.scale120x160.hdr.png	106114	72133	NA
1243_interiors_vintage-living-room_la-pedrera-barcelona_zfold7_iso400-f2p2_20260319-183921_3000x4000.scale150x200.hdr.png	163593	109938	NA
1241_interiors_living-room-sofa_la-pedrera-barcelona_zfold7_iso1000-f1p7_20260319-183640_3000x4000.scale960x1280.hdr.png	6473566	4000971	NA
1242_interiors_storage-room-clutter_la-pedrera-barcelona_zfold7_iso640-f2p2_20260319-183704_3000x4000.scale600x800.hdr.png	2589804	1612425	NA
1243_interiors_vintage-living-room_la-pedrera-barcelona_zfold7_iso400-f2p2_20260319-183921_3000x4000.scale192x256.hdr.png	265280	174733	NA
1242_interiors_storage-room-clutter_la-pedrera-barcelona_zfold7_iso640-f2p2_20260319-183704_3000x4000.scale768x1024.hdr.png	4227362	2583039	NA
1243_interiors_vintage-living-room_la-pedrera-barcelona_zfold7_iso400-f2p2_20260319-183921_3000x4000.scale240x320.hdr.png	410542	266689	NA
1240_interiors_bathroom-with-bathtub_casa-vicens-barcelona_zfold7_iso1000-f2p2_20260319-170336_3000x4000.scale1536x2048.hdr.png	16642727	10262776	NA
1243_interiors_vintage-living-room_la-pedrera-barcelona_zfold7_iso400-f2p2_20260319-183921_3000x4000.scale300x400.hdr.png	637359	407014	NA
1243_interiors_vintage-living-room_la-pedrera-barcelona_zfold7_iso400-f2p2_20260319-183921_3000x4000.scale384x512.hdr.png	1035717	642539	NA
1237_interiors_person-standing-by-window_casa-vicens-barcelona_zfold7_iso800-f2p2_20260319-170017_3000x4000.scale2304x3072.hdr.png	38764572	25418958	NA
1243_interiors_vintage-living-room_la-pedrera-barcelona_zfold7_iso400-f2p2_20260319-183921_3000x4000.scale480x640.hdr.png	1607531	974516	NA
1239_interiors_decorative-coffered-ceiling_casa-vicens-barcelona_zfold7_iso800-f2p2_20260319-170252_4000x3000.scale2560x1920.hdr.png	27170273	17457438	NA
1243_interiors_vintage-living-room_la-pedrera-barcelona_zfold7_iso400-f2p2_20260319-183921_3000x4000.scale96x128.hdr.png	68694	47237	NA
1241_interiors_living-room-sofa_la-pedrera-barcelona_zfold7_iso1000-f1p7_20260319-183640_3000x4000.scale1536x2048.hdr.png	16534306	10058730	NA
1244_interiors_painted-ceiling-columns_la-pedrera-barcelona_zfold7_iso800-f1p7_20260319-194130_3000x4000.scale120x160.hdr.png	114097	81161	NA
1238_interiors_open-doorway-interior_casa-vicens-barcelona_zfold7_iso250-f2p2_20260319-170237_3000x4000.scale2304x3072.hdr.png	37896230	23771719	NA
1244_interiors_painted-ceiling-columns_la-pedrera-barcelona_zfold7_iso800-f1p7_20260319-194130_3000x4000.scale150x200.hdr.png	176172	124314	NA
1242_interiors_storage-room-clutter_la-pedrera-barcelona_zfold7_iso640-f2p2_20260319-183704_3000x4000.scale960x1280.hdr.png	6594085	3980020	NA
1242_interiors_storage-room-clutter_la-pedrera-barcelona_zfold7_iso640-f2p2_20260319-183704_3000x4000.scale1200x1600.hdr.png	10303140	6163984	NA
1244_interiors_painted-ceiling-columns_la-pedrera-barcelona_zfold7_iso800-f1p7_20260319-194130_3000x4000.scale192x256.hdr.png	286031	200297	NA
1243_interiors_vintage-living-room_la-pedrera-barcelona_zfold7_iso400-f2p2_20260319-183921_3000x4000.scale600x800.hdr.png	2499019	1482785	NA
1244_interiors_painted-ceiling-columns_la-pedrera-barcelona_zfold7_iso800-f1p7_20260319-194130_3000x4000.scale240x320.hdr.png	443382	308655	NA
1244_interiors_painted-ceiling-columns_la-pedrera-barcelona_zfold7_iso800-f1p7_20260319-194130_3000x4000.scale300x400.hdr.png	687709	475988	NA
1243_interiors_vintage-living-room_la-pedrera-barcelona_zfold7_iso400-f2p2_20260319-183921_3000x4000.scale768x1024.hdr.png	4078524	2372163	NA
1244_interiors_painted-ceiling-columns_la-pedrera-barcelona_zfold7_iso800-f1p7_20260319-194130_3000x4000.scale384x512.hdr.png	1118021	759627	NA
1244_interiors_painted-ceiling-columns_la-pedrera-barcelona_zfold7_iso800-f1p7_20260319-194130_3000x4000.scale480x640.hdr.png	1736184	1168014	NA
1244_interiors_painted-ceiling-columns_la-pedrera-barcelona_zfold7_iso800-f1p7_20260319-194130_3000x4000.scale600x800.hdr.png	2690054	1784489	NA
1242_interiors_storage-room-clutter_la-pedrera-barcelona_zfold7_iso640-f2p2_20260319-183704_3000x4000.scale1536x2048.hdr.png	16851692	9973118	NA
1244_interiors_painted-ceiling-columns_la-pedrera-barcelona_zfold7_iso800-f1p7_20260319-194130_3000x4000.scale96x128.hdr.png	73750	53013	NA
1243_interiors_vintage-living-room_la-pedrera-barcelona_zfold7_iso400-f2p2_20260319-183921_3000x4000.scale1200x1600.hdr.png	9944137	5649954	NA
1245_interiors_circular-building-interior_la-pedrera-barcelona_zfold7_iso1000-f2p2_20260319-194139_4000x3000.scale128x96.hdr.png	73913	54214	NA
1240_interiors_bathroom-with-bathtub_casa-vicens-barcelona_zfold7_iso1000-f2p2_20260319-170336_3000x4000.scale1920x2560.hdr.png	25832828	15980874	NA
1245_interiors_circular-building-interior_la-pedrera-barcelona_zfold7_iso1000-f2p2_20260319-194139_4000x3000.scale160x120.hdr.png	115409	82812	NA
1245_interiors_circular-building-interior_la-pedrera-barcelona_zfold7_iso1000-f2p2_20260319-194139_4000x3000.scale200x150.hdr.png	180244	126818	NA
1243_interiors_vintage-living-room_la-pedrera-barcelona_zfold7_iso400-f2p2_20260319-183921_3000x4000.scale960x1280.hdr.png	6362604	3650578	NA
1244_interiors_painted-ceiling-columns_la-pedrera-barcelona_zfold7_iso800-f1p7_20260319-194130_3000x4000.scale768x1024.hdr.png	4366115	2857603	NA
1241_interiors_living-room-sofa_la-pedrera-barcelona_zfold7_iso1000-f1p7_20260319-183640_3000x4000.scale1920x2560.hdr.png	25734157	15766932	NA
1245_interiors_circular-building-interior_la-pedrera-barcelona_zfold7_iso1000-f2p2_20260319-194139_4000x3000.scale1024x768.hdr.png	4378888	2812208	NA
1245_interiors_circular-building-interior_la-pedrera-barcelona_zfold7_iso1000-f2p2_20260319-194139_4000x3000.scale256x192.hdr.png	292799	203139	NA
1245_interiors_circular-building-interior_la-pedrera-barcelona_zfold7_iso1000-f2p2_20260319-194139_4000x3000.scale320x240.hdr.png	452057	311060	NA
1245_interiors_circular-building-interior_la-pedrera-barcelona_zfold7_iso1000-f2p2_20260319-194139_4000x3000.scale400x300.hdr.png	698943	477455	NA
1245_interiors_circular-building-interior_la-pedrera-barcelona_zfold7_iso1000-f2p2_20260319-194139_4000x3000.scale512x384.hdr.png	1130823	758648	NA
1245_interiors_circular-building-interior_la-pedrera-barcelona_zfold7_iso1000-f2p2_20260319-194139_4000x3000.scale640x480.hdr.png	1748604	1157855	NA
1244_interiors_painted-ceiling-columns_la-pedrera-barcelona_zfold7_iso800-f1p7_20260319-194130_3000x4000.scale960x1280.hdr.png	6769967	4371786	NA
1239_interiors_decorative-coffered-ceiling_casa-vicens-barcelona_zfold7_iso800-f2p2_20260319-170252_4000x3000.scale3072x2304.hdr.png	38750360	24643185	NA
1246_interiors_woven-roof-structure_azulik-city-arts-francisco-uh-may_ip13pro_iso32-f1p8_img-8944_4032x3024.scale128x96.hdr.png	73913	58339	NA
1242_interiors_storage-room-clutter_la-pedrera-barcelona_zfold7_iso640-f2p2_20260319-183704_3000x4000.scale1920x2560.hdr.png	26215676	15599368	NA
1246_interiors_woven-roof-structure_azulik-city-arts-francisco-uh-may_ip13pro_iso32-f1p8_img-8944_4032x3024.scale160x120.hdr.png	115409	90360	NA
1243_interiors_vintage-living-room_la-pedrera-barcelona_zfold7_iso400-f2p2_20260319-183921_3000x4000.scale1536x2048.hdr.png	16279963	9160584	NA
1246_interiors_woven-roof-structure_azulik-city-arts-francisco-uh-may_ip13pro_iso32-f1p8_img-8944_4032x3024.scale200x150.hdr.png	180244	139819	NA
1245_interiors_circular-building-interior_la-pedrera-barcelona_zfold7_iso1000-f2p2_20260319-194139_4000x3000.scale800x600.hdr.png	2702731	1765210	NA
1245_interiors_circular-building-interior_la-pedrera-barcelona_zfold7_iso1000-f2p2_20260319-194139_4000x3000.scale1280x960.hdr.png	6777851	4293276	NA
1246_interiors_woven-roof-structure_azulik-city-arts-francisco-uh-may_ip13pro_iso32-f1p8_img-8944_4032x3024.scale256x192.hdr.png	295208	225681	NA
1246_interiors_woven-roof-structure_azulik-city-arts-francisco-uh-may_ip13pro_iso32-f1p8_img-8944_4032x3024.scale320x240.hdr.png	461159	346514	NA
1246_interiors_woven-roof-structure_azulik-city-arts-francisco-uh-may_ip13pro_iso32-f1p8_img-8944_4032x3024.scale1024x768.hdr.png	4719804	3216247	NA
1244_interiors_painted-ceiling-columns_la-pedrera-barcelona_zfold7_iso800-f1p7_20260319-194130_3000x4000.scale1200x1600.hdr.png	10499763	6695210	NA
1246_interiors_woven-roof-structure_azulik-city-arts-francisco-uh-may_ip13pro_iso32-f1p8_img-8944_4032x3024.scale400x300.hdr.png	720434	533352	NA
1246_interiors_woven-roof-structure_azulik-city-arts-francisco-uh-may_ip13pro_iso32-f1p8_img-8944_4032x3024.scale512x384.hdr.png	1180206	849708	NA
1246_interiors_woven-roof-structure_azulik-city-arts-francisco-uh-may_ip13pro_iso32-f1p8_img-8944_4032x3024.scale640x480.hdr.png	1843904	1303914	NA
1487_nature_glacier-over-water_kenai-peninsula-borough-alaska_s25u_iso40-f1p7_20250801-135016_3000x4000.scale120x160.hdr.png	106136	68239	NA
1487_nature_glacier-over-water_kenai-peninsula-borough-alaska_s25u_iso40-f1p7_20250801-135016_3000x4000.scale150x200.hdr.png	165477	105637	NA
1240_interiors_bathroom-with-bathtub_casa-vicens-barcelona_zfold7_iso1000-f2p2_20260319-170336_3000x4000.scale2304x3072.hdr.png	36887400	22545733	NA
1241_interiors_living-room-sofa_la-pedrera-barcelona_zfold7_iso1000-f1p7_20260319-183640_3000x4000.scale2304x3072.hdr.png	36787267	22353718	NA
1487_nature_glacier-over-water_kenai-peninsula-borough-alaska_s25u_iso40-f1p7_20250801-135016_3000x4000.scale192x256.hdr.png	269668	171195	NA
1246_interiors_woven-roof-structure_azulik-city-arts-francisco-uh-may_ip13pro_iso32-f1p8_img-8944_4032x3024.scale800x600.hdr.png	2880899	2003067	NA
1244_interiors_painted-ceiling-columns_la-pedrera-barcelona_zfold7_iso800-f1p7_20260319-194130_3000x4000.scale1536x2048.hdr.png	17052658	10736418	NA
1487_nature_glacier-over-water_kenai-peninsula-borough-alaska_s25u_iso40-f1p7_20250801-135016_3000x4000.scale240x320.hdr.png	419531	264588	NA
1243_interiors_vintage-living-room_la-pedrera-barcelona_zfold7_iso400-f2p2_20260319-183921_3000x4000.scale1920x2560.hdr.png	25331138	14300537	NA
1245_interiors_circular-building-interior_la-pedrera-barcelona_zfold7_iso1000-f2p2_20260319-194139_4000x3000.scale1600x1200.hdr.png	10497863	6573104	NA
1487_nature_glacier-over-water_kenai-peninsula-borough-alaska_s25u_iso40-f1p7_20250801-135016_3000x4000.scale300x400.hdr.png	652920	407498	NA
1487_nature_glacier-over-water_kenai-peninsula-borough-alaska_s25u_iso40-f1p7_20250801-135016_3000x4000.scale384x512.hdr.png	1062153	647049	NA
1246_interiors_woven-roof-structure_azulik-city-arts-francisco-uh-may_ip13pro_iso32-f1p8_img-8944_4032x3024.scale1280x960.hdr.png	7374404	4925914	NA
1487_nature_glacier-over-water_kenai-peninsula-borough-alaska_s25u_iso40-f1p7_20250801-135016_3000x4000.scale96x128.hdr.png	68171	44089	NA
1487_nature_glacier-over-water_kenai-peninsula-borough-alaska_s25u_iso40-f1p7_20250801-135016_3000x4000.scale480x640.hdr.png	1649995	986112	NA
1488_nature_iceberg-ocean-landscape_yakutat-alaska_s25u_iso80-f1p7_20250803-185104_3000x4000.scale120x160.hdr.png	100025	64042	NA
1488_nature_iceberg-ocean-landscape_yakutat-alaska_s25u_iso80-f1p7_20250803-185104_3000x4000.scale150x200.hdr.png	154926	98574	NA
1487_nature_glacier-over-water_kenai-peninsula-borough-alaska_s25u_iso40-f1p7_20250801-135016_3000x4000.scale600x800.hdr.png	2557485	1496126	NA
1246_interiors_woven-roof-structure_azulik-city-arts-francisco-uh-may_ip13pro_iso32-f1p8_img-8944_4032x3024.scale1600x1200.hdr.png	11522159	7526403	NA
1488_nature_iceberg-ocean-landscape_yakutat-alaska_s25u_iso80-f1p7_20250803-185104_3000x4000.scale192x256.hdr.png	251596	158350	NA
1242_interiors_storage-room-clutter_la-pedrera-barcelona_zfold7_iso640-f2p2_20260319-183704_3000x4000.scale2304x3072.hdr.png	37480731	22031295	NA
1488_nature_iceberg-ocean-landscape_yakutat-alaska_s25u_iso80-f1p7_20250803-185104_3000x4000.scale240x320.hdr.png	390310	243104	NA
1487_nature_glacier-over-water_kenai-peninsula-borough-alaska_s25u_iso40-f1p7_20250801-135016_3000x4000.scale768x1024.hdr.png	4162487	2385073	NA
1245_interiors_circular-building-interior_la-pedrera-barcelona_zfold7_iso1000-f2p2_20260319-194139_4000x3000.scale2048x1536.hdr.png	17028289	10520263	NA
1488_nature_iceberg-ocean-landscape_yakutat-alaska_s25u_iso80-f1p7_20250803-185104_3000x4000.scale300x400.hdr.png	606142	372327	NA
1244_interiors_painted-ceiling-columns_la-pedrera-barcelona_zfold7_iso800-f1p7_20260319-194130_3000x4000.scale1920x2560.hdr.png	26419553	16695284	NA
1488_nature_iceberg-ocean-landscape_yakutat-alaska_s25u_iso80-f1p7_20250803-185104_3000x4000.scale384x512.hdr.png	985415	585933	NA
1487_nature_glacier-over-water_kenai-peninsula-borough-alaska_s25u_iso40-f1p7_20250801-135016_3000x4000.scale1200x1600.hdr.png	10072843	5577779	NA
1488_nature_iceberg-ocean-landscape_yakutat-alaska_s25u_iso80-f1p7_20250803-185104_3000x4000.scale96x128.hdr.png	64665	41839	NA
1488_nature_iceberg-ocean-landscape_yakutat-alaska_s25u_iso80-f1p7_20250803-185104_3000x4000.scale480x640.hdr.png	1531526	887061	NA
1489_nature_cruise-ship-deck_unorganized-borough-alaska_s25u_iso125-f1p7_20250804-210918_3000x4000.scale120x160.hdr.png	107798	72709	NA
1487_nature_glacier-over-water_kenai-peninsula-borough-alaska_s25u_iso40-f1p7_20250801-135016_3000x4000.scale960x1280.hdr.png	6462665	3633684	NA
1489_nature_cruise-ship-deck_unorganized-borough-alaska_s25u_iso125-f1p7_20250804-210918_3000x4000.scale150x200.hdr.png	166769	111029	NA
1488_nature_iceberg-ocean-landscape_yakutat-alaska_s25u_iso80-f1p7_20250803-185104_3000x4000.scale600x800.hdr.png	2378629	1345863	NA
1489_nature_cruise-ship-deck_unorganized-borough-alaska_s25u_iso125-f1p7_20250804-210918_3000x4000.scale192x256.hdr.png	270493	177238	NA
1243_interiors_vintage-living-room_la-pedrera-barcelona_zfold7_iso400-f2p2_20260319-183921_3000x4000.scale2304x3072.hdr.png	36214936	20195440	NA
1489_nature_cruise-ship-deck_unorganized-borough-alaska_s25u_iso125-f1p7_20250804-210918_3000x4000.scale240x320.hdr.png	417765	270863	NA
1246_interiors_woven-roof-structure_azulik-city-arts-francisco-uh-may_ip13pro_iso32-f1p8_img-8944_4032x3024.scale2048x1536.hdr.png	18877428	11978555	NA
1488_nature_iceberg-ocean-landscape_yakutat-alaska_s25u_iso80-f1p7_20250803-185104_3000x4000.scale1200x1600.hdr.png	9516993	5014274	NA
1488_nature_iceberg-ocean-landscape_yakutat-alaska_s25u_iso80-f1p7_20250803-185104_3000x4000.scale768x1024.hdr.png	3883549	2134347	NA
1488_nature_iceberg-ocean-landscape_yakutat-alaska_s25u_iso80-f1p7_20250803-185104_3000x4000.scale960x1280.hdr.png	6069252	3252342	NA
1489_nature_cruise-ship-deck_unorganized-borough-alaska_s25u_iso125-f1p7_20250804-210918_3000x4000.scale300x400.hdr.png	647629	413646	NA
1489_nature_cruise-ship-deck_unorganized-borough-alaska_s25u_iso125-f1p7_20250804-210918_3000x4000.scale384x512.hdr.png	1051349	653874	NA
1489_nature_cruise-ship-deck_unorganized-borough-alaska_s25u_iso125-f1p7_20250804-210918_3000x4000.scale96x128.hdr.png	70078	47629	NA
1245_interiors_circular-building-interior_la-pedrera-barcelona_zfold7_iso1000-f2p2_20260319-194139_4000x3000.scale2560x1920.hdr.png	26294716	16309917	NA
1490_nature_boat-wake-at-sunset_unorganized-borough-alaska_s25u_iso200-f1p7_20250804-211018_3000x4000.scale120x160.hdr.png	106589	67706	NA
1490_nature_boat-wake-at-sunset_unorganized-borough-alaska_s25u_iso200-f1p7_20250804-211018_3000x4000.scale150x200.hdr.png	165834	103959	NA
1489_nature_cruise-ship-deck_unorganized-borough-alaska_s25u_iso125-f1p7_20250804-210918_3000x4000.scale480x640.hdr.png	1629278	992720	NA
1489_nature_cruise-ship-deck_unorganized-borough-alaska_s25u_iso125-f1p7_20250804-210918_3000x4000.scale600x800.hdr.png	2528723	1509343	NA
1490_nature_boat-wake-at-sunset_unorganized-borough-alaska_s25u_iso200-f1p7_20250804-211018_3000x4000.scale192x256.hdr.png	270136	167866	NA
1244_interiors_painted-ceiling-columns_la-pedrera-barcelona_zfold7_iso800-f1p7_20260319-194130_3000x4000.scale2304x3072.hdr.png	37713889	23554578	NA
1490_nature_boat-wake-at-sunset_unorganized-borough-alaska_s25u_iso200-f1p7_20250804-211018_3000x4000.scale240x320.hdr.png	420388	258286	NA
1489_nature_cruise-ship-deck_unorganized-borough-alaska_s25u_iso125-f1p7_20250804-210918_3000x4000.scale768x1024.hdr.png	4121583	2401309	NA
1487_nature_glacier-over-water_kenai-peninsula-borough-alaska_s25u_iso40-f1p7_20250801-135016_3000x4000.scale1536x2048.hdr.png	16484348	9002948	NA
1490_nature_boat-wake-at-sunset_unorganized-borough-alaska_s25u_iso200-f1p7_20250804-211018_3000x4000.scale300x400.hdr.png	655757	397837	NA
1490_nature_boat-wake-at-sunset_unorganized-borough-alaska_s25u_iso200-f1p7_20250804-211018_3000x4000.scale384x512.hdr.png	1071554	634055	NA
1490_nature_boat-wake-at-sunset_unorganized-borough-alaska_s25u_iso200-f1p7_20250804-211018_3000x4000.scale480x640.hdr.png	1672406	973213	NA
1489_nature_cruise-ship-deck_unorganized-borough-alaska_s25u_iso125-f1p7_20250804-210918_3000x4000.scale1200x1600.hdr.png	10004377	5615559	NA
1490_nature_boat-wake-at-sunset_unorganized-borough-alaska_s25u_iso200-f1p7_20250804-211018_3000x4000.scale96x128.hdr.png	68534	44021	NA
1246_interiors_woven-roof-structure_azulik-city-arts-francisco-uh-may_ip13pro_iso32-f1p8_img-8944_4032x3024.scale2560x1920.hdr.png	29309649	18432690	NA
1491_nature_ocean-sunset-clouds_unorganized-borough-alaska_s25u_iso100-f3p4_20250804-211059_3000x4000.scale120x160.hdr.png	103612	72296	NA
1490_nature_boat-wake-at-sunset_unorganized-borough-alaska_s25u_iso200-f1p7_20250804-211018_3000x4000.scale600x800.hdr.png	2608826	1489930	NA
1491_nature_ocean-sunset-clouds_unorganized-borough-alaska_s25u_iso100-f3p4_20250804-211059_3000x4000.scale150x200.hdr.png	160943	111923	NA
1489_nature_cruise-ship-deck_unorganized-borough-alaska_s25u_iso125-f1p7_20250804-210918_3000x4000.scale960x1280.hdr.png	6417492	3667117	NA
1491_nature_ocean-sunset-clouds_unorganized-borough-alaska_s25u_iso100-f3p4_20250804-211059_3000x4000.scale192x256.hdr.png	261428	181859	NA
1487_nature_glacier-over-water_kenai-peninsula-borough-alaska_s25u_iso40-f1p7_20250801-135016_3000x4000.scale1920x2560.hdr.png	25695266	14125476	NA
1491_nature_ocean-sunset-clouds_unorganized-borough-alaska_s25u_iso100-f3p4_20250804-211059_3000x4000.scale240x320.hdr.png	406958	281673	NA
1490_nature_boat-wake-at-sunset_unorganized-borough-alaska_s25u_iso200-f1p7_20250804-211018_3000x4000.scale768x1024.hdr.png	4269450	2402820	NA
1491_nature_ocean-sunset-clouds_unorganized-borough-alaska_s25u_iso100-f3p4_20250804-211059_3000x4000.scale300x400.hdr.png	633534	436600	NA
1491_nature_ocean-sunset-clouds_unorganized-borough-alaska_s25u_iso100-f3p4_20250804-211059_3000x4000.scale384x512.hdr.png	1036035	696310	NA
1490_nature_boat-wake-at-sunset_unorganized-borough-alaska_s25u_iso200-f1p7_20250804-211018_3000x4000.scale1200x1600.hdr.png	10418258	5708186	NA
1488_nature_iceberg-ocean-landscape_yakutat-alaska_s25u_iso80-f1p7_20250803-185104_3000x4000.scale1536x2048.hdr.png	15695311	8186977	NA
1491_nature_ocean-sunset-clouds_unorganized-borough-alaska_s25u_iso100-f3p4_20250804-211059_3000x4000.scale480x640.hdr.png	1613954	1068378	NA
1491_nature_ocean-sunset-clouds_unorganized-borough-alaska_s25u_iso100-f3p4_20250804-211059_3000x4000.scale96x128.hdr.png	67094	46856	NA
1491_nature_ocean-sunset-clouds_unorganized-borough-alaska_s25u_iso100-f3p4_20250804-211059_3000x4000.scale600x800.hdr.png	2514395	1627946	NA
1492_nature_mountain-lake-landscape_whitehorse-canada_s25u_iso64-f1p7_20250805-162506_3000x4000.scale120x160.hdr.png	112926	81148	NA
1492_nature_mountain-lake-landscape_whitehorse-canada_s25u_iso64-f1p7_20250805-162506_3000x4000.scale150x200.hdr.png	175665	125470	NA
1490_nature_boat-wake-at-sunset_unorganized-borough-alaska_s25u_iso200-f1p7_20250804-211018_3000x4000.scale960x1280.hdr.png	6665652	3699402	NA
1245_interiors_circular-building-interior_la-pedrera-barcelona_zfold7_iso1000-f2p2_20260319-194139_4000x3000.scale3072x2304.hdr.png	37437155	22938463	NA
1491_nature_ocean-sunset-clouds_unorganized-borough-alaska_s25u_iso100-f3p4_20250804-211059_3000x4000.scale768x1024.hdr.png	4113483	2593228	NA
1492_nature_mountain-lake-landscape_whitehorse-canada_s25u_iso64-f1p7_20250805-162506_3000x4000.scale192x256.hdr.png	287202	203585	NA
1492_nature_mountain-lake-landscape_whitehorse-canada_s25u_iso64-f1p7_20250805-162506_3000x4000.scale240x320.hdr.png	447153	315548	NA
1488_nature_iceberg-ocean-landscape_yakutat-alaska_s25u_iso80-f1p7_20250803-185104_3000x4000.scale1920x2560.hdr.png	24629261	12978357	NA
1492_nature_mountain-lake-landscape_whitehorse-canada_s25u_iso64-f1p7_20250805-162506_3000x4000.scale300x400.hdr.png	697699	487022	NA
1491_nature_ocean-sunset-clouds_unorganized-borough-alaska_s25u_iso100-f3p4_20250804-211059_3000x4000.scale1200x1600.hdr.png	10037709	6047062	NA
1489_nature_cruise-ship-deck_unorganized-borough-alaska_s25u_iso125-f1p7_20250804-210918_3000x4000.scale1536x2048.hdr.png	16344479	9016777	NA
1489_nature_cruise-ship-deck_unorganized-borough-alaska_s25u_iso125-f1p7_20250804-210918_3000x4000.scale1920x2560.hdr.png	25388932	13987088	NA
1492_nature_mountain-lake-landscape_whitehorse-canada_s25u_iso64-f1p7_20250805-162506_3000x4000.scale384x512.hdr.png	1140051	772784	NA
1492_nature_mountain-lake-landscape_whitehorse-canada_s25u_iso64-f1p7_20250805-162506_3000x4000.scale96x128.hdr.png	72758	52492	NA
1492_nature_mountain-lake-landscape_whitehorse-canada_s25u_iso64-f1p7_20250805-162506_3000x4000.scale480x640.hdr.png	1776427	1190713	NA
1246_interiors_woven-roof-structure_azulik-city-arts-francisco-uh-may_ip13pro_iso32-f1p8_img-8944_4032x3024.scale3072x2304.hdr.png	41386754	25754108	NA
1493_nature_sunset-over-sea_lower-davie-vancouver-canada_s25u_iso64-f3p4_20250809-203408_4000x3000.scale128x96.hdr.png	61667	42841	NA
1487_nature_glacier-over-water_kenai-peninsula-borough-alaska_s25u_iso40-f1p7_20250801-135016_3000x4000.scale2304x3072.hdr.png	36829495	20139975	NA
1493_nature_sunset-over-sea_lower-davie-vancouver-canada_s25u_iso64-f3p4_20250809-203408_4000x3000.scale160x120.hdr.png	96160	66412	NA
1491_nature_ocean-sunset-clouds_unorganized-borough-alaska_s25u_iso100-f3p4_20250804-211059_3000x4000.scale960x1280.hdr.png	6418636	3954611	NA
1490_nature_boat-wake-at-sunset_unorganized-borough-alaska_s25u_iso200-f1p7_20250804-211018_3000x4000.scale1536x2048.hdr.png	17051022	9225364	NA
1493_nature_sunset-over-sea_lower-davie-vancouver-canada_s25u_iso64-f3p4_20250809-203408_4000x3000.scale200x150.hdr.png	149564	102565	NA
1493_nature_sunset-over-sea_lower-davie-vancouver-canada_s25u_iso64-f3p4_20250809-203408_4000x3000.scale256x192.hdr.png	244083	164685	NA
1492_nature_mountain-lake-landscape_whitehorse-canada_s25u_iso64-f1p7_20250805-162506_3000x4000.scale600x800.hdr.png	2771238	1825690	NA
1493_nature_sunset-over-sea_lower-davie-vancouver-canada_s25u_iso64-f3p4_20250809-203408_4000x3000.scale320x240.hdr.png	380726	252540	NA
1493_nature_sunset-over-sea_lower-davie-vancouver-canada_s25u_iso64-f3p4_20250809-203408_4000x3000.scale1024x768.hdr.png	3888872	2295664	NA
1493_nature_sunset-over-sea_lower-davie-vancouver-canada_s25u_iso64-f3p4_20250809-203408_4000x3000.scale400x300.hdr.png	594835	386591	NA
1492_nature_mountain-lake-landscape_whitehorse-canada_s25u_iso64-f1p7_20250805-162506_3000x4000.scale768x1024.hdr.png	4533569	2934879	NA
1492_nature_mountain-lake-landscape_whitehorse-canada_s25u_iso64-f1p7_20250805-162506_3000x4000.scale1200x1600.hdr.png	11030555	6982077	NA
1493_nature_sunset-over-sea_lower-davie-vancouver-canada_s25u_iso64-f3p4_20250809-203408_4000x3000.scale512x384.hdr.png	972094	609071	NA
1493_nature_sunset-over-sea_lower-davie-vancouver-canada_s25u_iso64-f3p4_20250809-203408_4000x3000.scale640x480.hdr.png	1517542	939034	NA
1488_nature_iceberg-ocean-landscape_yakutat-alaska_s25u_iso80-f1p7_20250803-185104_3000x4000.scale2304x3072.hdr.png	35434678	18637496	NA
1494_nature_sunset-over-forest_colorado_zfold7_iso250-f1p7_20251110-170409_4000x3000.scale128x96.hdr.png	67587	46531	NA
1492_nature_mountain-lake-landscape_whitehorse-canada_s25u_iso64-f1p7_20250805-162506_3000x4000.scale960x1280.hdr.png	7073631	4524909	NA
1494_nature_sunset-over-forest_colorado_zfold7_iso250-f1p7_20251110-170409_4000x3000.scale160x120.hdr.png	104902	71371	NA
1494_nature_sunset-over-forest_colorado_zfold7_iso250-f1p7_20251110-170409_4000x3000.scale200x150.hdr.png	162752	109745	NA
1493_nature_sunset-over-sea_lower-davie-vancouver-canada_s25u_iso64-f3p4_20250809-203408_4000x3000.scale1280x960.hdr.png	6100968	3539711	NA
1491_nature_ocean-sunset-clouds_unorganized-borough-alaska_s25u_iso100-f3p4_20250804-211059_3000x4000.scale1536x2048.hdr.png	16439136	9701750	NA
1494_nature_sunset-over-forest_colorado_zfold7_iso250-f1p7_20251110-170409_4000x3000.scale256x192.hdr.png	265364	177477	NA
1493_nature_sunset-over-sea_lower-davie-vancouver-canada_s25u_iso64-f3p4_20250809-203408_4000x3000.scale800x600.hdr.png	2369809	1426372	NA
1494_nature_sunset-over-forest_colorado_zfold7_iso250-f1p7_20251110-170409_4000x3000.scale320x240.hdr.png	412367	272880	NA
1490_nature_boat-wake-at-sunset_unorganized-borough-alaska_s25u_iso200-f1p7_20250804-211018_3000x4000.scale1920x2560.hdr.png	26544618	14382733	NA
1494_nature_sunset-over-forest_colorado_zfold7_iso250-f1p7_20251110-170409_4000x3000.scale400x300.hdr.png	643349	421220	NA
1494_nature_sunset-over-forest_colorado_zfold7_iso250-f1p7_20251110-170409_4000x3000.scale512x384.hdr.png	1049803	673140	NA
1494_nature_sunset-over-forest_colorado_zfold7_iso250-f1p7_20251110-170409_4000x3000.scale1024x768.hdr.png	4188258	2592421	NA
1489_nature_cruise-ship-deck_unorganized-borough-alaska_s25u_iso125-f1p7_20250804-210918_3000x4000.scale2304x3072.hdr.png	36217445	19714143	NA
1494_nature_sunset-over-forest_colorado_zfold7_iso250-f1p7_20251110-170409_4000x3000.scale640x480.hdr.png	1637638	1037993	NA
1495_nature_lighthouse-on-island_york-maine_ip13pro_iso50-f1p5_fullsizerender-1_3855x2891.scale128x96.hdr.png	65124	42807	NA
1494_nature_sunset-over-forest_colorado_zfold7_iso250-f1p7_20251110-170409_4000x3000.scale800x600.hdr.png	2556242	1591708	NA
1495_nature_lighthouse-on-island_york-maine_ip13pro_iso50-f1p5_fullsizerender-1_3855x2891.scale160x120.hdr.png	100307	65849	NA
1495_nature_lighthouse-on-island_york-maine_ip13pro_iso50-f1p5_fullsizerender-1_3855x2891.scale200x150.hdr.png	154517	101299	NA
1494_nature_sunset-over-forest_colorado_zfold7_iso250-f1p7_20251110-170409_4000x3000.scale1280x960.hdr.png	6558567	4020054	NA
1495_nature_lighthouse-on-island_york-maine_ip13pro_iso50-f1p5_fullsizerender-1_3855x2891.scale256x192.hdr.png	249075	162806	NA
1492_nature_mountain-lake-landscape_whitehorse-canada_s25u_iso64-f1p7_20250805-162506_3000x4000.scale1536x2048.hdr.png	17986111	11263891	NA
1495_nature_lighthouse-on-island_york-maine_ip13pro_iso50-f1p5_fullsizerender-1_3855x2891.scale320x240.hdr.png	383755	250306	NA
1493_nature_sunset-over-sea_lower-davie-vancouver-canada_s25u_iso64-f3p4_20250809-203408_4000x3000.scale1600x1200.hdr.png	9591626	5527898	NA
1495_nature_lighthouse-on-island_york-maine_ip13pro_iso50-f1p5_fullsizerender-1_3855x2891.scale1024x768.hdr.png	3917628	2353303	NA
1495_nature_lighthouse-on-island_york-maine_ip13pro_iso50-f1p5_fullsizerender-1_3855x2891.scale400x300.hdr.png	593629	384642	NA
1491_nature_ocean-sunset-clouds_unorganized-borough-alaska_s25u_iso100-f3p4_20250804-211059_3000x4000.scale1920x2560.hdr.png	25627323	15074475	NA
1495_nature_lighthouse-on-island_york-maine_ip13pro_iso50-f1p5_fullsizerender-1_3855x2891.scale512x384.hdr.png	965188	611895	NA
1495_nature_lighthouse-on-island_york-maine_ip13pro_iso50-f1p5_fullsizerender-1_3855x2891.scale640x480.hdr.png	1505583	940061	NA
1496_nature_lake-with-boats_winthrop-maine_ip13pro_iso50-f1p5_fullsizerender-2_3411x2765.scale128x104.hdr.png	71731	50377	NA
1495_nature_lighthouse-on-island_york-maine_ip13pro_iso50-f1p5_fullsizerender-1_3855x2891.scale800x600.hdr.png	2363370	1451104	NA
1490_nature_boat-wake-at-sunset_unorganized-borough-alaska_s25u_iso200-f1p7_20250804-211018_3000x4000.scale2304x3072.hdr.png	37995627	20367563	NA
1496_nature_lake-with-boats_winthrop-maine_ip13pro_iso50-f1p5_fullsizerender-2_3411x2765.scale160x130.hdr.png	111003	77468	NA
1496_nature_lake-with-boats_winthrop-maine_ip13pro_iso50-f1p5_fullsizerender-2_3411x2765.scale200x162.hdr.png	171608	118817	NA
1495_nature_lighthouse-on-island_york-maine_ip13pro_iso50-f1p5_fullsizerender-1_3855x2891.scale1280x960.hdr.png	6205227	3671154	NA
1496_nature_lake-with-boats_winthrop-maine_ip13pro_iso50-f1p5_fullsizerender-2_3411x2765.scale256x208.hdr.png	280348	191828	NA
1492_nature_mountain-lake-landscape_whitehorse-canada_s25u_iso64-f1p7_20250805-162506_3000x4000.scale1920x2560.hdr.png	27833770	17540434	NA
1496_nature_lake-with-boats_winthrop-maine_ip13pro_iso50-f1p5_fullsizerender-2_3411x2765.scale320x259.hdr.png	433324	293445	NA
1496_nature_lake-with-boats_winthrop-maine_ip13pro_iso50-f1p5_fullsizerender-2_3411x2765.scale1024x830.hdr.png	4425904	2743301	NA
1496_nature_lake-with-boats_winthrop-maine_ip13pro_iso50-f1p5_fullsizerender-2_3411x2765.scale400x324.hdr.png	675095	451010	NA
1496_nature_lake-with-boats_winthrop-maine_ip13pro_iso50-f1p5_fullsizerender-2_3411x2765.scale512x415.hdr.png	1102057	713925	NA
1496_nature_lake-with-boats_winthrop-maine_ip13pro_iso50-f1p5_fullsizerender-2_3411x2765.scale640x519.hdr.png	1721624	1097808	NA
1495_nature_lighthouse-on-island_york-maine_ip13pro_iso50-f1p5_fullsizerender-1_3855x2891.scale1600x1200.hdr.png	9814159	5747071	NA
1497_nature_pink-flower-on-vine_belltown-seattle-washington_ip16pro_iso80-f1p8_fullsizerender-3_3745x5333.scale112x160.hdr.png	107769	83984	NA
1497_nature_pink-flower-on-vine_belltown-seattle-washington_ip16pro_iso80-f1p8_fullsizerender-3_3745x5333.scale140x200.hdr.png	168294	128688	NA
1491_nature_ocean-sunset-clouds_unorganized-borough-alaska_s25u_iso100-f3p4_20250804-211059_3000x4000.scale2304x3072.hdr.png	36724185	21314709	NA
1494_nature_sunset-over-forest_colorado_zfold7_iso250-f1p7_20251110-170409_4000x3000.scale1600x1200.hdr.png	10280137	6270012	NA
1497_nature_pink-flower-on-vine_belltown-seattle-washington_ip16pro_iso80-f1p8_fullsizerender-3_3745x5333.scale180x256.hdr.png	276840	206259	NA
1496_nature_lake-with-boats_winthrop-maine_ip13pro_iso50-f1p5_fullsizerender-2_3411x2765.scale800x648.hdr.png	2689430	1691535	NA
1497_nature_pink-flower-on-vine_belltown-seattle-washington_ip16pro_iso80-f1p8_fullsizerender-3_3745x5333.scale225x320.hdr.png	432434	313410	NA
1493_nature_sunset-over-sea_lower-davie-vancouver-canada_s25u_iso64-f3p4_20250809-203408_4000x3000.scale2560x1920.hdr.png	24714544	14431466	NA
1497_nature_pink-flower-on-vine_belltown-seattle-washington_ip16pro_iso80-f1p8_fullsizerender-3_3745x5333.scale281x400.hdr.png	674934	474037	NA
1496_nature_lake-with-boats_winthrop-maine_ip13pro_iso50-f1p5_fullsizerender-2_3411x2765.scale1280x1038.hdr.png	6950386	4281362	NA
1497_nature_pink-flower-on-vine_belltown-seattle-washington_ip16pro_iso80-f1p8_fullsizerender-3_3745x5333.scale360x512.hdr.png	1086171	742385	NA
1497_nature_pink-flower-on-vine_belltown-seattle-washington_ip16pro_iso80-f1p8_fullsizerender-3_3745x5333.scale449x640.hdr.png	1657435	1117268	NA
1493_nature_sunset-over-sea_lower-davie-vancouver-canada_s25u_iso64-f3p4_20250809-203408_4000x3000.scale2048x1536.hdr.png	15811021	9091046	NA
1497_nature_pink-flower-on-vine_belltown-seattle-washington_ip16pro_iso80-f1p8_fullsizerender-3_3745x5333.scale90x128.hdr.png	69337	54816	NA
1497_nature_pink-flower-on-vine_belltown-seattle-washington_ip16pro_iso80-f1p8_fullsizerender-3_3745x5333.scale562x800.hdr.png	2543785	1692123	NA
1498_nature_yellow-flowers-garden-bed_colorado_ip13pro_iso50-f1p5_fullsizerender_2773x3709.scale120x160.hdr.png	115449	84040	NA
1496_nature_lake-with-boats_winthrop-maine_ip13pro_iso50-f1p5_fullsizerender-2_3411x2765.scale1600x1297.hdr.png	10897542	6705146	NA
1498_nature_yellow-flowers-garden-bed_colorado_ip13pro_iso50-f1p5_fullsizerender_2773x3709.scale150x200.hdr.png	180294	128435	NA
1497_nature_pink-flower-on-vine_belltown-seattle-washington_ip16pro_iso80-f1p8_fullsizerender-3_3745x5333.scale719x1024.hdr.png	4087240	2671197	NA
1498_nature_yellow-flowers-garden-bed_colorado_ip13pro_iso50-f1p5_fullsizerender_2773x3709.scale191x256.hdr.png	293619	203450	NA
1495_nature_lighthouse-on-island_york-maine_ip13pro_iso50-f1p5_fullsizerender-1_3855x2891.scale2048x1536.hdr.png	16215901	9413349	NA
1494_nature_sunset-over-forest_colorado_zfold7_iso250-f1p7_20251110-170409_4000x3000.scale2560x1920.hdr.png	26350595	16120319	NA
1498_nature_yellow-flowers-garden-bed_colorado_ip13pro_iso50-f1p5_fullsizerender_2773x3709.scale239x320.hdr.png	453676	308511	NA
1494_nature_sunset-over-forest_colorado_zfold7_iso250-f1p7_20251110-170409_4000x3000.scale2048x1536.hdr.png	16893292	10249645	NA
1498_nature_yellow-flowers-garden-bed_colorado_ip13pro_iso50-f1p5_fullsizerender_2773x3709.scale299x400.hdr.png	699482	466807	NA
1497_nature_pink-flower-on-vine_belltown-seattle-washington_ip16pro_iso80-f1p8_fullsizerender-3_3745x5333.scale1124x1600.hdr.png	9686229	6111104	NA
1498_nature_yellow-flowers-garden-bed_colorado_ip13pro_iso50-f1p5_fullsizerender_2773x3709.scale383x512.hdr.png	1125529	727030	NA
1497_nature_pink-flower-on-vine_belltown-seattle-washington_ip16pro_iso80-f1p8_fullsizerender-3_3745x5333.scale899x1280.hdr.png	6289205	4042829	NA
1498_nature_yellow-flowers-garden-bed_colorado_ip13pro_iso50-f1p5_fullsizerender_2773x3709.scale96x128.hdr.png	73945	54846	NA
1492_nature_mountain-lake-landscape_whitehorse-canada_s25u_iso64-f1p7_20250805-162506_3000x4000.scale2304x3072.hdr.png	39572399	24739009	NA
1502_nature_ice-cave-opening_hornafjordur-iceland_ip13pro_iso32-f1p8_img-0341_3024x4032.scale120x160.hdr.png	108483	73718	NA
1498_nature_yellow-flowers-garden-bed_colorado_ip13pro_iso50-f1p5_fullsizerender_2773x3709.scale478x640.hdr.png	1728478	1091205	NA
1502_nature_ice-cave-opening_hornafjordur-iceland_ip13pro_iso32-f1p8_img-0341_3024x4032.scale150x200.hdr.png	168784	114057	NA
1498_nature_yellow-flowers-garden-bed_colorado_ip13pro_iso50-f1p5_fullsizerender_2773x3709.scale598x800.hdr.png	2654894	1643119	NA
1502_nature_ice-cave-opening_hornafjordur-iceland_ip13pro_iso32-f1p8_img-0341_3024x4032.scale192x256.hdr.png	275354	185330	NA
1495_nature_lighthouse-on-island_york-maine_ip13pro_iso50-f1p5_fullsizerender-1_3855x2891.scale2560x1920.hdr.png	25351461	14806027	NA
1502_nature_ice-cave-opening_hornafjordur-iceland_ip13pro_iso32-f1p8_img-0341_3024x4032.scale240x320.hdr.png	429113	286947	NA
1502_nature_ice-cave-opening_hornafjordur-iceland_ip13pro_iso32-f1p8_img-0341_3024x4032.scale300x400.hdr.png	669213	445391	NA
1496_nature_lake-with-boats_winthrop-maine_ip13pro_iso50-f1p5_fullsizerender-2_3411x2765.scale2048x1660.hdr.png	17873850	10990389	NA
1502_nature_ice-cave-opening_hornafjordur-iceland_ip13pro_iso32-f1p8_img-0341_3024x4032.scale384x512.hdr.png	1095841	715860	NA
1498_nature_yellow-flowers-garden-bed_colorado_ip13pro_iso50-f1p5_fullsizerender_2773x3709.scale766x1024.hdr.png	4269718	2582947	NA
1502_nature_ice-cave-opening_hornafjordur-iceland_ip13pro_iso32-f1p8_img-0341_3024x4032.scale480x640.hdr.png	1710876	1113754	NA
1493_nature_sunset-over-sea_lower-davie-vancouver-canada_s25u_iso64-f3p4_20250809-203408_4000x3000.scale3072x2304.hdr.png	35370508	20662999	NA
1502_nature_ice-cave-opening_hornafjordur-iceland_ip13pro_iso32-f1p8_img-0341_3024x4032.scale96x128.hdr.png	69890	47747	NA
1502_nature_ice-cave-opening_hornafjordur-iceland_ip13pro_iso32-f1p8_img-0341_3024x4032.scale600x800.hdr.png	2673657	1740206	NA
1503_nature_passionflower-on-vine_centrum-amsterdam-netherlands_ip16pro_iso50-f1p8_img-0354_3024x4032.scale120x160.hdr.png	115449	85946	NA
1503_nature_passionflower-on-vine_centrum-amsterdam-netherlands_ip16pro_iso50-f1p8_img-0354_3024x4032.scale150x200.hdr.png	180294	129794	NA
1498_nature_yellow-flowers-garden-bed_colorado_ip13pro_iso50-f1p5_fullsizerender_2773x3709.scale957x1280.hdr.png	6551566	3878856	NA
1498_nature_yellow-flowers-garden-bed_colorado_ip13pro_iso50-f1p5_fullsizerender_2773x3709.scale1196x1600.hdr.png	10076312	5826809	NA
1503_nature_passionflower-on-vine_centrum-amsterdam-netherlands_ip16pro_iso50-f1p8_img-0354_3024x4032.scale192x256.hdr.png	292914	205576	NA
1496_nature_lake-with-boats_winthrop-maine_ip13pro_iso50-f1p5_fullsizerender-2_3411x2765.scale2560x2075.hdr.png	27854954	17265606	NA
1502_nature_ice-cave-opening_hornafjordur-iceland_ip13pro_iso32-f1p8_img-0341_3024x4032.scale1200x1600.hdr.png	10701406	6901003	NA
1502_nature_ice-cave-opening_hornafjordur-iceland_ip13pro_iso32-f1p8_img-0341_3024x4032.scale768x1024.hdr.png	4387195	2850517	NA
1503_nature_passionflower-on-vine_centrum-amsterdam-netherlands_ip16pro_iso50-f1p8_img-0354_3024x4032.scale240x320.hdr.png	449193	311010	NA
1503_nature_passionflower-on-vine_centrum-amsterdam-netherlands_ip16pro_iso50-f1p8_img-0354_3024x4032.scale300x400.hdr.png	689219	471097	NA
1503_nature_passionflower-on-vine_centrum-amsterdam-netherlands_ip16pro_iso50-f1p8_img-0354_3024x4032.scale384x512.hdr.png	1110989	739418	NA
1503_nature_passionflower-on-vine_centrum-amsterdam-netherlands_ip16pro_iso50-f1p8_img-0354_3024x4032.scale480x640.hdr.png	1710493	1123758	NA
1494_nature_sunset-over-forest_colorado_zfold7_iso250-f1p7_20251110-170409_4000x3000.scale3072x2304.hdr.png	37697530	23002786	NA
1502_nature_ice-cave-opening_hornafjordur-iceland_ip13pro_iso32-f1p8_img-0341_3024x4032.scale960x1280.hdr.png	6858884	4444658	NA
1503_nature_passionflower-on-vine_centrum-amsterdam-netherlands_ip16pro_iso50-f1p8_img-0354_3024x4032.scale96x128.hdr.png	73945	56537	NA
1497_nature_pink-flower-on-vine_belltown-seattle-washington_ip16pro_iso80-f1p8_fullsizerender-3_3745x5333.scale1438x2048.hdr.png	15620196	9723952	NA
1504_nature_cloudy-sky-over-field_colorado_ip13pro_iso50-f1p5_img-0374_4032x3024.scale128x96.hdr.png	71983	50688	NA
1498_nature_yellow-flowers-garden-bed_colorado_ip13pro_iso50-f1p5_fullsizerender_2773x3709.scale1531x2048.hdr.png	16224158	9131250	NA
1503_nature_passionflower-on-vine_centrum-amsterdam-netherlands_ip16pro_iso50-f1p8_img-0354_3024x4032.scale600x800.hdr.png	2641260	1717647	NA
1504_nature_cloudy-sky-over-field_colorado_ip13pro_iso50-f1p5_img-0374_4032x3024.scale160x120.hdr.png	111066	77357	NA
1504_nature_cloudy-sky-over-field_colorado_ip13pro_iso50-f1p5_img-0374_4032x3024.scale200x150.hdr.png	171484	117921	NA
1497_nature_pink-flower-on-vine_belltown-seattle-washington_ip16pro_iso80-f1p8_fullsizerender-3_3745x5333.scale1798x2560.hdr.png	24061388	15029788	NA
1504_nature_cloudy-sky-over-field_colorado_ip13pro_iso50-f1p5_img-0374_4032x3024.scale256x192.hdr.png	277484	189005	NA
1503_nature_passionflower-on-vine_centrum-amsterdam-netherlands_ip16pro_iso50-f1p8_img-0354_3024x4032.scale768x1024.hdr.png	4284752	2750748	NA
1504_nature_cloudy-sky-over-field_colorado_ip13pro_iso50-f1p5_img-0374_4032x3024.scale1024x768.hdr.png	4208278	2597705	NA
1504_nature_cloudy-sky-over-field_colorado_ip13pro_iso50-f1p5_img-0374_4032x3024.scale320x240.hdr.png	428749	288908	NA
1504_nature_cloudy-sky-over-field_colorado_ip13pro_iso50-f1p5_img-0374_4032x3024.scale400x300.hdr.png	661019	442258	NA
1503_nature_passionflower-on-vine_centrum-amsterdam-netherlands_ip16pro_iso50-f1p8_img-0354_3024x4032.scale960x1280.hdr.png	6649147	4227841	NA
1504_nature_cloudy-sky-over-field_colorado_ip13pro_iso50-f1p5_img-0374_4032x3024.scale512x384.hdr.png	1070241	692211	NA
1495_nature_lighthouse-on-island_york-maine_ip13pro_iso50-f1p5_fullsizerender-1_3855x2891.scale3072x2304.hdr.png	36268730	20927700	NA
1503_nature_passionflower-on-vine_centrum-amsterdam-netherlands_ip16pro_iso50-f1p8_img-0354_3024x4032.scale1200x1600.hdr.png	10331323	6522353	NA
1507_nature_ice-cave-waterfall_hornafjordur-iceland_ip13pro_iso200-f1p5_img-0468_3024x4032.scale120x160.hdr.png	115449	81177	NA
1507_nature_ice-cave-waterfall_hornafjordur-iceland_ip13pro_iso200-f1p5_img-0468_3024x4032.scale150x200.hdr.png	180294	125385	NA
1504_nature_cloudy-sky-over-field_colorado_ip13pro_iso50-f1p5_img-0374_4032x3024.scale640x480.hdr.png	1659235	1057866	NA
1507_nature_ice-cave-waterfall_hornafjordur-iceland_ip13pro_iso200-f1p5_img-0468_3024x4032.scale192x256.hdr.png	295272	202744	NA
1502_nature_ice-cave-opening_hornafjordur-iceland_ip13pro_iso32-f1p8_img-0341_3024x4032.scale1536x2048.hdr.png	17448816	11146294	NA
1504_nature_cloudy-sky-over-field_colorado_ip13pro_iso50-f1p5_img-0374_4032x3024.scale800x600.hdr.png	2578018	1621116	NA
1507_nature_ice-cave-waterfall_hornafjordur-iceland_ip13pro_iso200-f1p5_img-0468_3024x4032.scale240x320.hdr.png	461239	312568	NA
1507_nature_ice-cave-waterfall_hornafjordur-iceland_ip13pro_iso200-f1p5_img-0468_3024x4032.scale300x400.hdr.png	720534	481252	NA
1504_nature_cloudy-sky-over-field_colorado_ip13pro_iso50-f1p5_img-0374_4032x3024.scale1280x960.hdr.png	6579963	4004658	NA
1498_nature_yellow-flowers-garden-bed_colorado_ip13pro_iso50-f1p5_fullsizerender_2773x3709.scale1914x2560.hdr.png	24973319	13962802	NA
1507_nature_ice-cave-waterfall_hornafjordur-iceland_ip13pro_iso200-f1p5_img-0468_3024x4032.scale384x512.hdr.png	1180334	766402	NA
1507_nature_ice-cave-waterfall_hornafjordur-iceland_ip13pro_iso200-f1p5_img-0468_3024x4032.scale480x640.hdr.png	1844064	1170510	NA
1507_nature_ice-cave-waterfall_hornafjordur-iceland_ip13pro_iso200-f1p5_img-0468_3024x4032.scale96x128.hdr.png	73945	52280	NA
1504_nature_cloudy-sky-over-field_colorado_ip13pro_iso50-f1p5_img-0374_4032x3024.scale1600x1200.hdr.png	10305304	6213070	NA
1507_nature_ice-cave-waterfall_hornafjordur-iceland_ip13pro_iso200-f1p5_img-0468_3024x4032.scale600x800.hdr.png	2861114	1789504	NA
1503_nature_passionflower-on-vine_centrum-amsterdam-netherlands_ip16pro_iso50-f1p8_img-0354_3024x4032.scale1536x2048.hdr.png	16822614	10526384	NA
1508_nature_ice-cave-interior_hornafjordur-iceland_ip13pro_iso1000-f1p8_img-0474_4032x3024.scale128x96.hdr.png	73633	51236	NA
1508_nature_ice-cave-interior_hornafjordur-iceland_ip13pro_iso1000-f1p8_img-0474_4032x3024.scale160x120.hdr.png	114122	78354	NA
1496_nature_lake-with-boats_winthrop-maine_ip13pro_iso50-f1p5_fullsizerender-2_3411x2765.scale3072x2490.hdr.png	39899543	24488126	NA
1508_nature_ice-cave-interior_hornafjordur-iceland_ip13pro_iso1000-f1p8_img-0474_4032x3024.scale200x150.hdr.png	176866	120243	NA
1502_nature_ice-cave-opening_hornafjordur-iceland_ip13pro_iso32-f1p8_img-0341_3024x4032.scale1920x2560.hdr.png	27042548	17330704	NA
1508_nature_ice-cave-interior_hornafjordur-iceland_ip13pro_iso1000-f1p8_img-0474_4032x3024.scale1024x768.hdr.png	4414944	2800020	NA
1497_nature_pink-flower-on-vine_belltown-seattle-washington_ip16pro_iso80-f1p8_fullsizerender-3_3745x5333.scale2157x3072.hdr.png	34200385	21086288	NA
1508_nature_ice-cave-interior_hornafjordur-iceland_ip13pro_iso1000-f1p8_img-0474_4032x3024.scale256x192.hdr.png	287947	193478	NA
1507_nature_ice-cave-waterfall_hornafjordur-iceland_ip13pro_iso200-f1p5_img-0468_3024x4032.scale768x1024.hdr.png	4617242	2853421	NA
1508_nature_ice-cave-interior_hornafjordur-iceland_ip13pro_iso1000-f1p8_img-0474_4032x3024.scale320x240.hdr.png	445825	297292	NA
1508_nature_ice-cave-interior_hornafjordur-iceland_ip13pro_iso1000-f1p8_img-0474_4032x3024.scale400x300.hdr.png	691481	457661	NA
1508_nature_ice-cave-interior_hornafjordur-iceland_ip13pro_iso1000-f1p8_img-0474_4032x3024.scale512x384.hdr.png	1124926	729499	NA
1498_nature_yellow-flowers-garden-bed_colorado_ip13pro_iso50-f1p5_fullsizerender_2773x3709.scale2297x3072.hdr.png	35524705	19436055	NA
1509_nature_ice-cave-opening_hornafjordur-iceland_ip13pro_iso1000-f1p8_img-0480_3024x4032.scale120x160.hdr.png	115153	78478	NA
1509_nature_ice-cave-opening_hornafjordur-iceland_ip13pro_iso1000-f1p8_img-0480_3024x4032.scale150x200.hdr.png	178157	120454	NA
1508_nature_ice-cave-interior_hornafjordur-iceland_ip13pro_iso1000-f1p8_img-0474_4032x3024.scale640x480.hdr.png	1743983	1120269	NA
1507_nature_ice-cave-waterfall_hornafjordur-iceland_ip13pro_iso200-f1p5_img-0468_3024x4032.scale1200x1600.hdr.png	10964613	6609460	NA
1504_nature_cloudy-sky-over-field_colorado_ip13pro_iso50-f1p5_img-0374_4032x3024.scale2048x1536.hdr.png	16930874	10167992	NA
1509_nature_ice-cave-opening_hornafjordur-iceland_ip13pro_iso1000-f1p8_img-0480_3024x4032.scale192x256.hdr.png	288681	193344	NA
1509_nature_ice-cave-opening_hornafjordur-iceland_ip13pro_iso1000-f1p8_img-0480_3024x4032.scale240x320.hdr.png	446087	297485	NA
1508_nature_ice-cave-interior_hornafjordur-iceland_ip13pro_iso1000-f1p8_img-0474_4032x3024.scale800x600.hdr.png	2709258	1719420	NA
1507_nature_ice-cave-waterfall_hornafjordur-iceland_ip13pro_iso200-f1p5_img-0468_3024x4032.scale960x1280.hdr.png	7109286	4339838	NA
1508_nature_ice-cave-interior_hornafjordur-iceland_ip13pro_iso1000-f1p8_img-0474_4032x3024.scale1280x960.hdr.png	6884862	4314697	NA
1509_nature_ice-cave-opening_hornafjordur-iceland_ip13pro_iso1000-f1p8_img-0480_3024x4032.scale300x400.hdr.png	689495	456501	NA
1509_nature_ice-cave-opening_hornafjordur-iceland_ip13pro_iso1000-f1p8_img-0480_3024x4032.scale384x512.hdr.png	1113606	723161	NA
1509_nature_ice-cave-opening_hornafjordur-iceland_ip13pro_iso1000-f1p8_img-0480_3024x4032.scale480x640.hdr.png	1717783	1102192	NA
1509_nature_ice-cave-opening_hornafjordur-iceland_ip13pro_iso1000-f1p8_img-0480_3024x4032.scale96x128.hdr.png	73945	51307	NA
1503_nature_passionflower-on-vine_centrum-amsterdam-netherlands_ip16pro_iso50-f1p8_img-0354_3024x4032.scale1920x2560.hdr.png	26082176	16338774	NA
1515_nature_orange-flower-closeup_colorado_ip17pro_iso320-f1p8_img-1420_3024x4032.scale120x160.hdr.png	112415	81067	NA
1515_nature_orange-flower-closeup_colorado_ip17pro_iso320-f1p8_img-1420_3024x4032.scale150x200.hdr.png	173436	122809	NA
1509_nature_ice-cave-opening_hornafjordur-iceland_ip13pro_iso1000-f1p8_img-0480_3024x4032.scale600x800.hdr.png	2644289	1685110	NA
1509_nature_ice-cave-opening_hornafjordur-iceland_ip13pro_iso1000-f1p8_img-0480_3024x4032.scale768x1024.hdr.png	4275929	2720240	NA
1515_nature_orange-flower-closeup_colorado_ip17pro_iso320-f1p8_img-1420_3024x4032.scale192x256.hdr.png	279928	195114	NA
1504_nature_cloudy-sky-over-field_colorado_ip13pro_iso50-f1p5_img-0374_4032x3024.scale2560x1920.hdr.png	26495435	16109670	NA
1515_nature_orange-flower-closeup_colorado_ip17pro_iso320-f1p8_img-1420_3024x4032.scale240x320.hdr.png	431771	297811	NA
1502_nature_ice-cave-opening_hornafjordur-iceland_ip13pro_iso32-f1p8_img-0341_3024x4032.scale2304x3072.hdr.png	38562991	24335228	NA
1507_nature_ice-cave-waterfall_hornafjordur-iceland_ip13pro_iso200-f1p5_img-0468_3024x4032.scale1536x2048.hdr.png	17716848	10525181	NA
1515_nature_orange-flower-closeup_colorado_ip17pro_iso320-f1p8_img-1420_3024x4032.scale300x400.hdr.png	667495	456015	NA
1515_nature_orange-flower-closeup_colorado_ip17pro_iso320-f1p8_img-1420_3024x4032.scale384x512.hdr.png	1084274	725451	NA
1508_nature_ice-cave-interior_hornafjordur-iceland_ip13pro_iso1000-f1p8_img-0474_4032x3024.scale1600x1200.hdr.png	10761967	6706570	NA
1509_nature_ice-cave-opening_hornafjordur-iceland_ip13pro_iso1000-f1p8_img-0480_3024x4032.scale1200x1600.hdr.png	10251754	6454364	NA
1515_nature_orange-flower-closeup_colorado_ip17pro_iso320-f1p8_img-1420_3024x4032.scale96x128.hdr.png	73093	53422	NA
1515_nature_orange-flower-closeup_colorado_ip17pro_iso320-f1p8_img-1420_3024x4032.scale480x640.hdr.png	1686221	1119717	NA
1516_nature_pink-flower-in-bottle_colorado_ip17pro_iso50-f1p8_img-1509_2355x3308.scale114x160.hdr.png	100279	66601	NA
1509_nature_ice-cave-opening_hornafjordur-iceland_ip13pro_iso1000-f1p8_img-0480_3024x4032.scale960x1280.hdr.png	6621387	4186180	NA
1515_nature_orange-flower-closeup_colorado_ip17pro_iso320-f1p8_img-1420_3024x4032.scale600x800.hdr.png	2624223	1725874	NA
1516_nature_pink-flower-in-bottle_colorado_ip17pro_iso50-f1p8_img-1509_2355x3308.scale142x200.hdr.png	153597	99093	NA
1516_nature_pink-flower-in-bottle_colorado_ip17pro_iso50-f1p8_img-1509_2355x3308.scale182x256.hdr.png	247460	155192	NA
1515_nature_orange-flower-closeup_colorado_ip17pro_iso320-f1p8_img-1420_3024x4032.scale768x1024.hdr.png	4267443	2773171	NA
1516_nature_pink-flower-in-bottle_colorado_ip17pro_iso50-f1p8_img-1509_2355x3308.scale228x320.hdr.png	381898	233093	NA
1516_nature_pink-flower-in-bottle_colorado_ip17pro_iso50-f1p8_img-1509_2355x3308.scale285x400.hdr.png	590033	349741	NA
1507_nature_ice-cave-waterfall_hornafjordur-iceland_ip13pro_iso200-f1p5_img-0468_3024x4032.scale1920x2560.hdr.png	27352596	16305626	NA
1503_nature_passionflower-on-vine_centrum-amsterdam-netherlands_ip16pro_iso50-f1p8_img-0354_3024x4032.scale2304x3072.hdr.png	37196318	22767685	NA
1516_nature_pink-flower-in-bottle_colorado_ip17pro_iso50-f1p8_img-1509_2355x3308.scale364x512.hdr.png	956526	544235	NA
1515_nature_orange-flower-closeup_colorado_ip17pro_iso320-f1p8_img-1420_3024x4032.scale960x1280.hdr.png	6615553	4227372	NA
1516_nature_pink-flower-in-bottle_colorado_ip17pro_iso50-f1p8_img-1509_2355x3308.scale456x640.hdr.png	1492582	831501	NA
1516_nature_pink-flower-in-bottle_colorado_ip17pro_iso50-f1p8_img-1509_2355x3308.scale91x128.hdr.png	65158	44279	NA
1508_nature_ice-cave-interior_hornafjordur-iceland_ip13pro_iso1000-f1p8_img-0474_4032x3024.scale2048x1536.hdr.png	17599112	10897129	NA
1519_nature_orange-rose-vase_colorado_ip17pro_iso200-f1p8_img-2700_3961x4825.scale105x128.hdr.png	77864	54102	NA
1516_nature_pink-flower-in-bottle_colorado_ip17pro_iso50-f1p8_img-1509_2355x3308.scale570x800.hdr.png	2329282	1279062	NA
1515_nature_orange-flower-closeup_colorado_ip17pro_iso320-f1p8_img-1420_3024x4032.scale1200x1600.hdr.png	10226971	6408318	NA
1519_nature_orange-rose-vase_colorado_ip17pro_iso200-f1p8_img-2700_3961x4825.scale131x160.hdr.png	119110	81175	NA
1519_nature_orange-rose-vase_colorado_ip17pro_iso200-f1p8_img-2700_3961x4825.scale164x200.hdr.png	182472	121880	NA
1509_nature_ice-cave-opening_hornafjordur-iceland_ip13pro_iso1000-f1p8_img-0480_3024x4032.scale1536x2048.hdr.png	16587420	10368203	NA
1519_nature_orange-rose-vase_colorado_ip17pro_iso200-f1p8_img-2700_3961x4825.scale210x256.hdr.png	292993	191261	NA
1516_nature_pink-flower-in-bottle_colorado_ip17pro_iso50-f1p8_img-1509_2355x3308.scale729x1024.hdr.png	3811144	2060334	NA
1516_nature_pink-flower-in-bottle_colorado_ip17pro_iso50-f1p8_img-1509_2355x3308.scale1139x1600.hdr.png	9227878	4852286	NA
1519_nature_orange-rose-vase_colorado_ip17pro_iso200-f1p8_img-2700_3961x4825.scale263x320.hdr.png	450673	289161	NA
1516_nature_pink-flower-in-bottle_colorado_ip17pro_iso50-f1p8_img-1509_2355x3308.scale911x1280.hdr.png	5941006	3166460	NA
1508_nature_ice-cave-interior_hornafjordur-iceland_ip13pro_iso1000-f1p8_img-0474_4032x3024.scale2560x1920.hdr.png	27269552	17029192	NA
1519_nature_orange-rose-vase_colorado_ip17pro_iso200-f1p8_img-2700_3961x4825.scale328x400.hdr.png	691098	436125	NA
1519_nature_orange-rose-vase_colorado_ip17pro_iso200-f1p8_img-2700_3961x4825.scale420x512.hdr.png	1114798	678670	NA
1519_nature_orange-rose-vase_colorado_ip17pro_iso200-f1p8_img-2700_3961x4825.scale525x640.hdr.png	1722477	1028301	NA
1504_nature_cloudy-sky-over-field_colorado_ip13pro_iso50-f1p5_img-0374_4032x3024.scale3072x2304.hdr.png	38094912	23029712	NA
1520_nature_tulips-in-garden_notre-dame-versailles-france_ip15pro_iso80-f1p8_img-3545_4284x5712.scale120x160.hdr.png	115449	88351	NA
1520_nature_tulips-in-garden_notre-dame-versailles-france_ip15pro_iso80-f1p8_img-3545_4284x5712.scale150x200.hdr.png	180294	135925	NA
1507_nature_ice-cave-waterfall_hornafjordur-iceland_ip13pro_iso200-f1p5_img-0468_3024x4032.scale2304x3072.hdr.png	38937561	22885265	NA
1520_nature_tulips-in-garden_notre-dame-versailles-france_ip15pro_iso80-f1p8_img-3545_4284x5712.scale192x256.hdr.png	295272	218954	NA
1519_nature_orange-rose-vase_colorado_ip17pro_iso200-f1p8_img-2700_3961x4825.scale657x800.hdr.png	2671285	1553798	NA
1509_nature_ice-cave-opening_hornafjordur-iceland_ip13pro_iso1000-f1p8_img-0480_3024x4032.scale1920x2560.hdr.png	25439294	16004501	NA
1519_nature_orange-rose-vase_colorado_ip17pro_iso200-f1p8_img-2700_3961x4825.scale1051x1280.hdr.png	6741132	3744146	NA
1520_nature_tulips-in-garden_notre-dame-versailles-france_ip15pro_iso80-f1p8_img-3545_4284x5712.scale240x320.hdr.png	461239	336493	NA
1515_nature_orange-flower-closeup_colorado_ip17pro_iso320-f1p8_img-1420_3024x4032.scale1536x2048.hdr.png	16512109	10092293	NA
1520_nature_tulips-in-garden_notre-dame-versailles-france_ip15pro_iso80-f1p8_img-3545_4284x5712.scale300x400.hdr.png	720534	515123	NA
1520_nature_tulips-in-garden_notre-dame-versailles-france_ip15pro_iso80-f1p8_img-3545_4284x5712.scale384x512.hdr.png	1180334	817056	NA
1520_nature_tulips-in-garden_notre-dame-versailles-france_ip15pro_iso80-f1p8_img-3545_4284x5712.scale480x640.hdr.png	1836635	1242962	NA
1520_nature_tulips-in-garden_notre-dame-versailles-france_ip15pro_iso80-f1p8_img-3545_4284x5712.scale96x128.hdr.png	73945	57383	NA
1520_nature_tulips-in-garden_notre-dame-versailles-france_ip15pro_iso80-f1p8_img-3545_4284x5712.scale600x800.hdr.png	2819012	1887334	NA
1521_nature_potted-tulips-garden_notre-dame-versailles-france_ip15pro_iso80-f1p8_img-3547_4284x5712.scale120x160.hdr.png	115449	91243	NA
1516_nature_pink-flower-in-bottle_colorado_ip17pro_iso50-f1p8_img-1509_2355x3308.scale1458x2048.hdr.png	14909997	7641907	NA
1519_nature_orange-rose-vase_colorado_ip17pro_iso200-f1p8_img-2700_3961x4825.scale841x1024.hdr.png	4344991	2473624	NA
1521_nature_potted-tulips-garden_notre-dame-versailles-france_ip15pro_iso80-f1p8_img-3547_4284x5712.scale150x200.hdr.png	180294	140819	NA
1521_nature_potted-tulips-garden_notre-dame-versailles-france_ip15pro_iso80-f1p8_img-3547_4284x5712.scale192x256.hdr.png	295272	227935	NA
1520_nature_tulips-in-garden_notre-dame-versailles-france_ip15pro_iso80-f1p8_img-3545_4284x5712.scale768x1024.hdr.png	4530666	2981885	NA
1521_nature_potted-tulips-garden_notre-dame-versailles-france_ip15pro_iso80-f1p8_img-3547_4284x5712.scale240x320.hdr.png	461239	351640	NA
1515_nature_orange-flower-closeup_colorado_ip17pro_iso320-f1p8_img-1420_3024x4032.scale1920x2560.hdr.png	25399735	15376841	NA
1521_nature_potted-tulips-garden_notre-dame-versailles-france_ip15pro_iso80-f1p8_img-3547_4284x5712.scale300x400.hdr.png	720534	543408	NA
1519_nature_orange-rose-vase_colorado_ip17pro_iso200-f1p8_img-2700_3961x4825.scale1313x1600.hdr.png	10448062	5665249	NA
1508_nature_ice-cave-interior_hornafjordur-iceland_ip13pro_iso1000-f1p8_img-0474_4032x3024.scale3072x2304.hdr.png	38785295	23965802	NA
1521_nature_potted-tulips-garden_notre-dame-versailles-france_ip15pro_iso80-f1p8_img-3547_4284x5712.scale384x512.hdr.png	1180334	870846	NA
1521_nature_potted-tulips-garden_notre-dame-versailles-france_ip15pro_iso80-f1p8_img-3547_4284x5712.scale480x640.hdr.png	1844064	1341752	NA
1521_nature_potted-tulips-garden_notre-dame-versailles-france_ip15pro_iso80-f1p8_img-3547_4284x5712.scale96x128.hdr.png	73945	58975	NA
1509_nature_ice-cave-opening_hornafjordur-iceland_ip13pro_iso1000-f1p8_img-0480_3024x4032.scale2304x3072.hdr.png	35935549	22307385	NA
1521_nature_potted-tulips-garden_notre-dame-versailles-france_ip15pro_iso80-f1p8_img-3547_4284x5712.scale600x800.hdr.png	2881099	2066282	NA
1520_nature_tulips-in-garden_notre-dame-versailles-france_ip15pro_iso80-f1p8_img-3545_4284x5712.scale1200x1600.hdr.png	10680569	6832840	NA
1522_nature_water-lilies-pond_colorado_ip13pro_iso50-f1p5_img-3764_4032x3024.scale128x96.hdr.png	73913	58951	NA
1522_nature_water-lilies-pond_colorado_ip13pro_iso50-f1p5_img-3764_4032x3024.scale160x120.hdr.png	115409	90754	NA
1522_nature_water-lilies-pond_colorado_ip13pro_iso50-f1p5_img-3764_4032x3024.scale200x150.hdr.png	180244	139783	NA
1520_nature_tulips-in-garden_notre-dame-versailles-france_ip15pro_iso80-f1p8_img-3545_4284x5712.scale960x1280.hdr.png	6958121	4519489	NA
1521_nature_potted-tulips-garden_notre-dame-versailles-france_ip15pro_iso80-f1p8_img-3547_4284x5712.scale768x1024.hdr.png	4720060	3293232	NA
1522_nature_water-lilies-pond_colorado_ip13pro_iso50-f1p5_img-3764_4032x3024.scale256x192.hdr.png	295208	224565	NA
1522_nature_water-lilies-pond_colorado_ip13pro_iso50-f1p5_img-3764_4032x3024.scale1024x768.hdr.png	4500574	3090452	NA
1521_nature_potted-tulips-garden_notre-dame-versailles-france_ip15pro_iso80-f1p8_img-3547_4284x5712.scale1200x1600.hdr.png	11522559	7628225	NA
1522_nature_water-lilies-pond_colorado_ip13pro_iso50-f1p5_img-3764_4032x3024.scale320x240.hdr.png	461159	344498	NA
1522_nature_water-lilies-pond_colorado_ip13pro_iso50-f1p5_img-3764_4032x3024.scale400x300.hdr.png	719927	527208	NA
1522_nature_water-lilies-pond_colorado_ip13pro_iso50-f1p5_img-3764_4032x3024.scale512x384.hdr.png	1163765	834385	NA
1516_nature_pink-flower-in-bottle_colorado_ip17pro_iso50-f1p8_img-1509_2355x3308.scale1822x2560.hdr.png	22842069	11617113	NA
1522_nature_water-lilies-pond_colorado_ip13pro_iso50-f1p5_img-3764_4032x3024.scale640x480.hdr.png	1799140	1271379	NA
1521_nature_potted-tulips-garden_notre-dame-versailles-france_ip15pro_iso80-f1p8_img-3547_4284x5712.scale960x1280.hdr.png	7374724	5018306	NA
1523_nature_yellow-flowers-garden_colorado_ip13pro_iso50-f1p5_img-3767_3024x4032.scale120x160.hdr.png	115449	92876	NA
1523_nature_yellow-flowers-garden_colorado_ip13pro_iso50-f1p5_img-3767_3024x4032.scale150x200.hdr.png	180294	142231	NA
1522_nature_water-lilies-pond_colorado_ip13pro_iso50-f1p5_img-3764_4032x3024.scale1280x960.hdr.png	6960007	4717262	NA
1522_nature_water-lilies-pond_colorado_ip13pro_iso50-f1p5_img-3764_4032x3024.scale800x600.hdr.png	2779383	1938534	NA
1523_nature_yellow-flowers-garden_colorado_ip13pro_iso50-f1p5_img-3767_3024x4032.scale192x256.hdr.png	295272	227335	NA
1523_nature_yellow-flowers-garden_colorado_ip13pro_iso50-f1p5_img-3767_3024x4032.scale240x320.hdr.png	461239	345415	NA
1519_nature_orange-rose-vase_colorado_ip17pro_iso200-f1p8_img-2700_3961x4825.scale1681x2048.hdr.png	16906893	8898872	NA
1523_nature_yellow-flowers-garden_colorado_ip13pro_iso50-f1p5_img-3767_3024x4032.scale300x400.hdr.png	720534	522789	NA
1523_nature_yellow-flowers-garden_colorado_ip13pro_iso50-f1p5_img-3767_3024x4032.scale384x512.hdr.png	1168262	817829	NA
1520_nature_tulips-in-garden_notre-dame-versailles-france_ip15pro_iso80-f1p8_img-3545_4284x5712.scale1536x2048.hdr.png	17173095	10787646	NA
1523_nature_yellow-flowers-garden_colorado_ip13pro_iso50-f1p5_img-3767_3024x4032.scale480x640.hdr.png	1789400	1232160	NA
1522_nature_water-lilies-pond_colorado_ip13pro_iso50-f1p5_img-3764_4032x3024.scale1600x1200.hdr.png	10778987	7227124	NA
1523_nature_yellow-flowers-garden_colorado_ip13pro_iso50-f1p5_img-3767_3024x4032.scale96x128.hdr.png	73945	60298	NA
1523_nature_yellow-flowers-garden_colorado_ip13pro_iso50-f1p5_img-3767_3024x4032.scale600x800.hdr.png	2742003	1865377	NA
1524_nature_yellow-flowers-garden_colorado_ip13pro_iso50-f1p5_img-3841_3024x4032.scale120x160.hdr.png	115449	91997	NA
1519_nature_orange-rose-vase_colorado_ip17pro_iso200-f1p8_img-2700_3961x4825.scale2102x2560.hdr.png	26008951	13511488	NA
1524_nature_yellow-flowers-garden_colorado_ip13pro_iso50-f1p5_img-3841_3024x4032.scale150x200.hdr.png	180294	141647	NA
1515_nature_orange-flower-closeup_colorado_ip17pro_iso320-f1p8_img-1420_3024x4032.scale2304x3072.hdr.png	36063591	21304442	NA
1524_nature_yellow-flowers-garden_colorado_ip13pro_iso50-f1p5_img-3841_3024x4032.scale192x256.hdr.png	295272	227455	NA
1521_nature_potted-tulips-garden_notre-dame-versailles-france_ip15pro_iso80-f1p8_img-3547_4284x5712.scale1536x2048.hdr.png	18543479	12125172	NA
1523_nature_yellow-flowers-garden_colorado_ip13pro_iso50-f1p5_img-3767_3024x4032.scale768x1024.hdr.png	4406803	2940649	NA
1516_nature_pink-flower-in-bottle_colorado_ip17pro_iso50-f1p8_img-1509_2355x3308.scale2187x3072.hdr.png	32265046	16254911	NA
1524_nature_yellow-flowers-garden_colorado_ip13pro_iso50-f1p5_img-3841_3024x4032.scale240x320.hdr.png	461239	347315	NA
1524_nature_yellow-flowers-garden_colorado_ip13pro_iso50-f1p5_img-3841_3024x4032.scale300x400.hdr.png	720534	528554	NA
1524_nature_yellow-flowers-garden_colorado_ip13pro_iso50-f1p5_img-3841_3024x4032.scale384x512.hdr.png	1180334	832058	NA
1524_nature_yellow-flowers-garden_colorado_ip13pro_iso50-f1p5_img-3841_3024x4032.scale480x640.hdr.png	1835231	1262659	NA
1524_nature_yellow-flowers-garden_colorado_ip13pro_iso50-f1p5_img-3841_3024x4032.scale600x800.hdr.png	2817512	1920108	NA
1521_nature_potted-tulips-garden_notre-dame-versailles-france_ip15pro_iso80-f1p8_img-3547_4284x5712.scale1920x2560.hdr.png	28454899	18712763	NA
1524_nature_yellow-flowers-garden_colorado_ip13pro_iso50-f1p5_img-3841_3024x4032.scale96x128.hdr.png	73945	59566	NA
1525_nature_wildflowers-in-garden_colorado_ip13pro_iso50-f1p5_img-3861_3024x4032.scale120x160.hdr.png	115449	90296	NA
1525_nature_wildflowers-in-garden_colorado_ip13pro_iso50-f1p5_img-3861_3024x4032.scale150x200.hdr.png	180294	140379	NA
1523_nature_yellow-flowers-garden_colorado_ip13pro_iso50-f1p5_img-3767_3024x4032.scale1200x1600.hdr.png	10456543	6795588	NA
1524_nature_yellow-flowers-garden_colorado_ip13pro_iso50-f1p5_img-3841_3024x4032.scale768x1024.hdr.png	4531807	3047980	NA
1523_nature_yellow-flowers-garden_colorado_ip13pro_iso50-f1p5_img-3767_3024x4032.scale960x1280.hdr.png	6778855	4458133	NA
1525_nature_wildflowers-in-garden_colorado_ip13pro_iso50-f1p5_img-3861_3024x4032.scale192x256.hdr.png	295272	227937	NA
1522_nature_water-lilies-pond_colorado_ip13pro_iso50-f1p5_img-3764_4032x3024.scale2048x1536.hdr.png	17536850	11643838	NA
1525_nature_wildflowers-in-garden_colorado_ip13pro_iso50-f1p5_img-3861_3024x4032.scale240x320.hdr.png	461239	353398	NA
1525_nature_wildflowers-in-garden_colorado_ip13pro_iso50-f1p5_img-3861_3024x4032.scale300x400.hdr.png	720534	547414	NA
1525_nature_wildflowers-in-garden_colorado_ip13pro_iso50-f1p5_img-3861_3024x4032.scale384x512.hdr.png	1180334	879697	NA
1520_nature_tulips-in-garden_notre-dame-versailles-france_ip15pro_iso80-f1p8_img-3545_4284x5712.scale1920x2560.hdr.png	26383017	16608104	NA
1524_nature_yellow-flowers-garden_colorado_ip13pro_iso50-f1p5_img-3841_3024x4032.scale1200x1600.hdr.png	10750050	7088863	NA
1519_nature_orange-rose-vase_colorado_ip17pro_iso200-f1p8_img-2700_3961x4825.scale2522x3072.hdr.png	36800491	18786768	NA
1525_nature_wildflowers-in-garden_colorado_ip13pro_iso50-f1p5_img-3861_3024x4032.scale96x128.hdr.png	73945	58340	NA
1525_nature_wildflowers-in-garden_colorado_ip13pro_iso50-f1p5_img-3861_3024x4032.scale480x640.hdr.png	1844064	1355155	NA
1524_nature_yellow-flowers-garden_colorado_ip13pro_iso50-f1p5_img-3841_3024x4032.scale960x1280.hdr.png	6971138	4638099	NA
1525_nature_wildflowers-in-garden_colorado_ip13pro_iso50-f1p5_img-3861_3024x4032.scale600x800.hdr.png	2881099	2075684	NA
1526_nature_pink-flowers-garden_colorado_ip13pro_iso50-f1p5_img-4543_3024x4032.scale120x160.hdr.png	115449	95694	NA
1526_nature_pink-flowers-garden_colorado_ip13pro_iso50-f1p5_img-4543_3024x4032.scale150x200.hdr.png	180294	147105	NA
1526_nature_pink-flowers-garden_colorado_ip13pro_iso50-f1p5_img-4543_3024x4032.scale192x256.hdr.png	295272	235575	NA
1520_nature_tulips-in-garden_notre-dame-versailles-france_ip15pro_iso80-f1p8_img-3545_4284x5712.scale2304x3072.hdr.png	37445126	23282312	NA
1526_nature_pink-flowers-garden_colorado_ip13pro_iso50-f1p5_img-4543_3024x4032.scale240x320.hdr.png	461239	359432	NA
1526_nature_pink-flowers-garden_colorado_ip13pro_iso50-f1p5_img-4543_3024x4032.scale300x400.hdr.png	720534	546257	NA
1526_nature_pink-flowers-garden_colorado_ip13pro_iso50-f1p5_img-4543_3024x4032.scale384x512.hdr.png	1180334	859107	NA
1525_nature_wildflowers-in-garden_colorado_ip13pro_iso50-f1p5_img-3861_3024x4032.scale960x1280.hdr.png	7374724	5105830	NA
1525_nature_wildflowers-in-garden_colorado_ip13pro_iso50-f1p5_img-3861_3024x4032.scale768x1024.hdr.png	4720060	3328263	NA
1523_nature_yellow-flowers-garden_colorado_ip13pro_iso50-f1p5_img-3767_3024x4032.scale1536x2048.hdr.png	16954278	10915346	NA
1526_nature_pink-flowers-garden_colorado_ip13pro_iso50-f1p5_img-4543_3024x4032.scale480x640.hdr.png	1827556	1300309	NA
1526_nature_pink-flowers-garden_colorado_ip13pro_iso50-f1p5_img-4543_3024x4032.scale96x128.hdr.png	73945	62171	NA
1522_nature_water-lilies-pond_colorado_ip13pro_iso50-f1p5_img-3764_4032x3024.scale2560x1920.hdr.png	27263018	18273218	NA
1527_nature_mountain-wildflowers-landscape_stikine-region-canada_ip16pro_iso100-f1p8_img-4768_4284x5712.scale120x160.hdr.png	115449	85735	NA
1527_nature_mountain-wildflowers-landscape_stikine-region-canada_ip16pro_iso100-f1p8_img-4768_4284x5712.scale150x200.hdr.png	180294	132853	NA
1521_nature_potted-tulips-garden_notre-dame-versailles-france_ip15pro_iso80-f1p8_img-3547_4284x5712.scale2304x3072.hdr.png	40315987	26221348	NA
1525_nature_wildflowers-in-garden_colorado_ip13pro_iso50-f1p5_img-3861_3024x4032.scale1200x1600.hdr.png	11522559	7828058	NA
1527_nature_mountain-wildflowers-landscape_stikine-region-canada_ip16pro_iso100-f1p8_img-4768_4284x5712.scale192x256.hdr.png	295272	214999	NA
1526_nature_pink-flowers-garden_colorado_ip13pro_iso50-f1p5_img-4543_3024x4032.scale600x800.hdr.png	2805537	1972115	NA
1524_nature_yellow-flowers-garden_colorado_ip13pro_iso50-f1p5_img-3841_3024x4032.scale1536x2048.hdr.png	17425210	11413757	NA
1527_nature_mountain-wildflowers-landscape_stikine-region-canada_ip16pro_iso100-f1p8_img-4768_4284x5712.scale240x320.hdr.png	461239	331604	NA
1527_nature_mountain-wildflowers-landscape_stikine-region-canada_ip16pro_iso100-f1p8_img-4768_4284x5712.scale300x400.hdr.png	720534	510486	NA
1526_nature_pink-flowers-garden_colorado_ip13pro_iso50-f1p5_img-4543_3024x4032.scale768x1024.hdr.png	4510630	3119741	NA
1527_nature_mountain-wildflowers-landscape_stikine-region-canada_ip16pro_iso100-f1p8_img-4768_4284x5712.scale384x512.hdr.png	1179664	812635	NA
1526_nature_pink-flowers-garden_colorado_ip13pro_iso50-f1p5_img-4543_3024x4032.scale960x1280.hdr.png	6936960	4736443	NA
1527_nature_mountain-wildflowers-landscape_stikine-region-canada_ip16pro_iso100-f1p8_img-4768_4284x5712.scale480x640.hdr.png	1824354	1241214	NA
1527_nature_mountain-wildflowers-landscape_stikine-region-canada_ip16pro_iso100-f1p8_img-4768_4284x5712.scale96x128.hdr.png	73945	55409	NA
1523_nature_yellow-flowers-garden_colorado_ip13pro_iso50-f1p5_img-3767_3024x4032.scale1920x2560.hdr.png	26281747	17079436	NA
1527_nature_mountain-wildflowers-landscape_stikine-region-canada_ip16pro_iso100-f1p8_img-4768_4284x5712.scale600x800.hdr.png	2813991	1887354	NA
1528_nature_pink-blossom-branch_kawazu-japan_ip16pro_iso80-f1p8_img-4931_5712x4284.scale128x96.hdr.png	73913	57432	NA
1526_nature_pink-flowers-garden_colorado_ip13pro_iso50-f1p5_img-4543_3024x4032.scale1200x1600.hdr.png	10693957	7223138	NA
1524_nature_yellow-flowers-garden_colorado_ip13pro_iso50-f1p5_img-3841_3024x4032.scale1920x2560.hdr.png	27030688	17894655	NA
1528_nature_pink-blossom-branch_kawazu-japan_ip16pro_iso80-f1p8_img-4931_5712x4284.scale160x120.hdr.png	115409	88279	NA
1528_nature_pink-blossom-branch_kawazu-japan_ip16pro_iso80-f1p8_img-4931_5712x4284.scale200x150.hdr.png	180244	135229	NA
1528_nature_pink-blossom-branch_kawazu-japan_ip16pro_iso80-f1p8_img-4931_5712x4284.scale1024x768.hdr.png	4320969	2703418	NA
1527_nature_mountain-wildflowers-landscape_stikine-region-canada_ip16pro_iso100-f1p8_img-4768_4284x5712.scale1200x1600.hdr.png	10769961	6889389	NA
1528_nature_pink-blossom-branch_kawazu-japan_ip16pro_iso80-f1p8_img-4931_5712x4284.scale256x192.hdr.png	295208	214634	NA
1527_nature_mountain-wildflowers-landscape_stikine-region-canada_ip16pro_iso100-f1p8_img-4768_4284x5712.scale768x1024.hdr.png	4537616	2986557	NA
1528_nature_pink-blossom-branch_kawazu-japan_ip16pro_iso80-f1p8_img-4931_5712x4284.scale320x240.hdr.png	461159	323973	NA
1522_nature_water-lilies-pond_colorado_ip13pro_iso50-f1p5_img-3764_4032x3024.scale3072x2304.hdr.png	39097146	26026609	NA
1525_nature_wildflowers-in-garden_colorado_ip13pro_iso50-f1p5_img-3861_3024x4032.scale1536x2048.hdr.png	18617669	12573136	NA
1528_nature_pink-blossom-branch_kawazu-japan_ip16pro_iso80-f1p8_img-4931_5712x4284.scale400x300.hdr.png	720241	488403	NA
1528_nature_pink-blossom-branch_kawazu-japan_ip16pro_iso80-f1p8_img-4931_5712x4284.scale512x384.hdr.png	1150560	761536	NA
1529_nature_whale-tail-ocean_ip13pro_iso32-f2p8_img-5573_3024x4032.scale120x160.hdr.png	100911	68160	NA
1529_nature_whale-tail-ocean_ip13pro_iso32-f2p8_img-5573_3024x4032.scale150x200.hdr.png	158064	106282	NA
1528_nature_pink-blossom-branch_kawazu-japan_ip16pro_iso80-f1p8_img-4931_5712x4284.scale640x480.hdr.png	1758607	1143119	NA
1525_nature_wildflowers-in-garden_colorado_ip13pro_iso50-f1p5_img-3861_3024x4032.scale1920x2560.hdr.png	28688174	19608336	NA
1529_nature_whale-tail-ocean_ip13pro_iso32-f2p8_img-5573_3024x4032.scale192x256.hdr.png	259039	173189	NA
1527_nature_mountain-wildflowers-landscape_stikine-region-canada_ip16pro_iso100-f1p8_img-4768_4284x5712.scale960x1280.hdr.png	6993187	4537156	NA
1528_nature_pink-blossom-branch_kawazu-japan_ip16pro_iso80-f1p8_img-4931_5712x4284.scale800x600.hdr.png	2691968	1722634	NA
1529_nature_whale-tail-ocean_ip13pro_iso32-f2p8_img-5573_3024x4032.scale240x320.hdr.png	403920	268673	NA
1528_nature_pink-blossom-branch_kawazu-japan_ip16pro_iso80-f1p8_img-4931_5712x4284.scale1280x960.hdr.png	6640686	4077492	NA
1529_nature_whale-tail-ocean_ip13pro_iso32-f2p8_img-5573_3024x4032.scale300x400.hdr.png	629323	416139	NA
1529_nature_whale-tail-ocean_ip13pro_iso32-f2p8_img-5573_3024x4032.scale384x512.hdr.png	1024434	664140	NA
1529_nature_whale-tail-ocean_ip13pro_iso32-f2p8_img-5573_3024x4032.scale480x640.hdr.png	1585320	1016723	NA
1526_nature_pink-flowers-garden_colorado_ip13pro_iso50-f1p5_img-4543_3024x4032.scale1536x2048.hdr.png	17307812	11594952	NA
1529_nature_whale-tail-ocean_ip13pro_iso32-f2p8_img-5573_3024x4032.scale600x800.hdr.png	2446337	1561646	NA
1529_nature_whale-tail-ocean_ip13pro_iso32-f2p8_img-5573_3024x4032.scale96x128.hdr.png	64836	43825	NA
1530_nature_whale-tail-ocean_ip13pro_iso32-f2p8_img-5574_3024x4032.scale120x160.hdr.png	100368	68006	NA
1530_nature_whale-tail-ocean_ip13pro_iso32-f2p8_img-5574_3024x4032.scale150x200.hdr.png	157068	105660	NA
1529_nature_whale-tail-ocean_ip13pro_iso32-f2p8_img-5573_3024x4032.scale768x1024.hdr.png	3939636	2477471	NA
1523_nature_yellow-flowers-garden_colorado_ip13pro_iso50-f1p5_img-3767_3024x4032.scale2304x3072.hdr.png	37582535	24202423	NA
1530_nature_whale-tail-ocean_ip13pro_iso32-f2p8_img-5574_3024x4032.scale192x256.hdr.png	257603	171801	NA
1527_nature_mountain-wildflowers-landscape_stikine-region-canada_ip16pro_iso100-f1p8_img-4768_4284x5712.scale1536x2048.hdr.png	17360133	10918463	NA
1530_nature_whale-tail-ocean_ip13pro_iso32-f2p8_img-5574_3024x4032.scale240x320.hdr.png	400944	266926	NA
1530_nature_whale-tail-ocean_ip13pro_iso32-f2p8_img-5574_3024x4032.scale300x400.hdr.png	624540	412622	NA
1526_nature_pink-flowers-garden_colorado_ip13pro_iso50-f1p5_img-4543_3024x4032.scale1920x2560.hdr.png	26771799	18113386	NA
1530_nature_whale-tail-ocean_ip13pro_iso32-f2p8_img-5574_3024x4032.scale384x512.hdr.png	1015567	654089	NA
1529_nature_whale-tail-ocean_ip13pro_iso32-f2p8_img-5573_3024x4032.scale960x1280.hdr.png	6040002	3767678	NA
1530_nature_whale-tail-ocean_ip13pro_iso32-f2p8_img-5574_3024x4032.scale480x640.hdr.png	1569534	1006127	NA
1528_nature_pink-blossom-branch_kawazu-japan_ip16pro_iso80-f1p8_img-4931_5712x4284.scale1600x1200.hdr.png	10233196	6164166	NA
1530_nature_whale-tail-ocean_ip13pro_iso32-f2p8_img-5574_3024x4032.scale600x800.hdr.png	2418760	1542276	NA
1530_nature_whale-tail-ocean_ip13pro_iso32-f2p8_img-5574_3024x4032.scale96x128.hdr.png	64462	43720	NA
1531_nature_red-poppy-flowers_taos-new-mexico_ip17pro_iso80-f1p8_img-6189_4284x5712.scale120x160.hdr.png	115449	90748	NA
1531_nature_red-poppy-flowers_taos-new-mexico_ip17pro_iso80-f1p8_img-6189_4284x5712.scale150x200.hdr.png	180294	140612	NA
1527_nature_mountain-wildflowers-landscape_stikine-region-canada_ip16pro_iso100-f1p8_img-4768_4284x5712.scale1920x2560.hdr.png	26728045	16830195	NA
1529_nature_whale-tail-ocean_ip13pro_iso32-f2p8_img-5573_3024x4032.scale1200x1600.hdr.png	9235011	5697783	NA
1531_nature_red-poppy-flowers_taos-new-mexico_ip17pro_iso80-f1p8_img-6189_4284x5712.scale192x256.hdr.png	295272	227892	NA
1530_nature_whale-tail-ocean_ip13pro_iso32-f2p8_img-5574_3024x4032.scale768x1024.hdr.png	3886134	2431306	NA
1524_nature_yellow-flowers-garden_colorado_ip13pro_iso50-f1p5_img-3841_3024x4032.scale2304x3072.hdr.png	38671967	25460357	NA
1531_nature_red-poppy-flowers_taos-new-mexico_ip17pro_iso80-f1p8_img-6189_4284x5712.scale240x320.hdr.png	461239	351292	NA
1531_nature_red-poppy-flowers_taos-new-mexico_ip17pro_iso80-f1p8_img-6189_4284x5712.scale300x400.hdr.png	720534	540263	NA
1530_nature_whale-tail-ocean_ip13pro_iso32-f2p8_img-5574_3024x4032.scale1200x1600.hdr.png	9062737	5573115	NA
1531_nature_red-poppy-flowers_taos-new-mexico_ip17pro_iso80-f1p8_img-6189_4284x5712.scale384x512.hdr.png	1180334	860802	NA
1528_nature_pink-blossom-branch_kawazu-japan_ip16pro_iso80-f1p8_img-4931_5712x4284.scale2048x1536.hdr.png	16531458	9781977	NA
1530_nature_whale-tail-ocean_ip13pro_iso32-f2p8_img-5574_3024x4032.scale960x1280.hdr.png	5945449	3701979	NA
1531_nature_red-poppy-flowers_taos-new-mexico_ip17pro_iso80-f1p8_img-6189_4284x5712.scale480x640.hdr.png	1844064	1314552	NA
1531_nature_red-poppy-flowers_taos-new-mexico_ip17pro_iso80-f1p8_img-6189_4284x5712.scale96x128.hdr.png	73945	58622	NA
1532_nature_red-poppy-flowers_taos-new-mexico_ip17pro_iso80-f1p8_img-6194_4284x5712.scale120x160.hdr.png	115449	89592	NA
1532_nature_red-poppy-flowers_taos-new-mexico_ip17pro_iso80-f1p8_img-6194_4284x5712.scale150x200.hdr.png	180294	138064	NA
1526_nature_pink-flowers-garden_colorado_ip13pro_iso50-f1p5_img-4543_3024x4032.scale2304x3072.hdr.png	38211147	25655349	NA
1531_nature_red-poppy-flowers_taos-new-mexico_ip17pro_iso80-f1p8_img-6189_4284x5712.scale600x800.hdr.png	2881099	2002936	NA
1532_nature_red-poppy-flowers_taos-new-mexico_ip17pro_iso80-f1p8_img-6194_4284x5712.scale192x256.hdr.png	295272	221772	NA
1531_nature_red-poppy-flowers_taos-new-mexico_ip17pro_iso80-f1p8_img-6189_4284x5712.scale768x1024.hdr.png	4720060	3182610	NA
1532_nature_red-poppy-flowers_taos-new-mexico_ip17pro_iso80-f1p8_img-6194_4284x5712.scale240x320.hdr.png	461239	338820	NA
1531_nature_red-poppy-flowers_taos-new-mexico_ip17pro_iso80-f1p8_img-6189_4284x5712.scale1200x1600.hdr.png	11208368	7379799	NA
1532_nature_red-poppy-flowers_taos-new-mexico_ip17pro_iso80-f1p8_img-6194_4284x5712.scale300x400.hdr.png	720534	516022	NA
1525_nature_wildflowers-in-garden_colorado_ip13pro_iso50-f1p5_img-3861_3024x4032.scale2304x3072.hdr.png	40836723	27769935	NA
1529_nature_whale-tail-ocean_ip13pro_iso32-f2p8_img-5573_3024x4032.scale1920x2560.hdr.png	22203506	13606153	NA
1529_nature_whale-tail-ocean_ip13pro_iso32-f2p8_img-5573_3024x4032.scale1536x2048.hdr.png	14695449	8944825	NA
1528_nature_pink-blossom-branch_kawazu-japan_ip16pro_iso80-f1p8_img-4931_5712x4284.scale2560x1920.hdr.png	25514428	15132755	NA
1532_nature_red-poppy-flowers_taos-new-mexico_ip17pro_iso80-f1p8_img-6194_4284x5712.scale96x128.hdr.png	73945	57977	NA
1532_nature_red-poppy-flowers_taos-new-mexico_ip17pro_iso80-f1p8_img-6194_4284x5712.scale384x512.hdr.png	1180334	812585	NA
1533_nature_purple-water-lily_koyama-kamiuchikawaracho-kyoto-japan_ip13pro_iso125-f2p8_img-6205_3024x4032.scale120x160.hdr.png	115449	85930	NA
1533_nature_purple-water-lily_koyama-kamiuchikawaracho-kyoto-japan_ip13pro_iso125-f2p8_img-6205_3024x4032.scale150x200.hdr.png	180294	131190	NA
1532_nature_red-poppy-flowers_taos-new-mexico_ip17pro_iso80-f1p8_img-6194_4284x5712.scale480x640.hdr.png	1819933	1233107	NA
1527_nature_mountain-wildflowers-landscape_stikine-region-canada_ip16pro_iso100-f1p8_img-4768_4284x5712.scale2304x3072.hdr.png	38012013	23672204	NA
1533_nature_purple-water-lily_koyama-kamiuchikawaracho-kyoto-japan_ip13pro_iso125-f2p8_img-6205_3024x4032.scale192x256.hdr.png	291880	209476	NA
1532_nature_red-poppy-flowers_taos-new-mexico_ip17pro_iso80-f1p8_img-6194_4284x5712.scale600x800.hdr.png	2791683	1869425	NA
1533_nature_purple-water-lily_koyama-kamiuchikawaracho-kyoto-japan_ip13pro_iso125-f2p8_img-6205_3024x4032.scale240x320.hdr.png	450211	320529	NA
1533_nature_purple-water-lily_koyama-kamiuchikawaracho-kyoto-japan_ip13pro_iso125-f2p8_img-6205_3024x4032.scale300x400.hdr.png	694522	488785	NA
1532_nature_red-poppy-flowers_taos-new-mexico_ip17pro_iso80-f1p8_img-6194_4284x5712.scale768x1024.hdr.png	4490119	2962018	NA
1531_nature_red-poppy-flowers_taos-new-mexico_ip17pro_iso80-f1p8_img-6189_4284x5712.scale960x1280.hdr.png	7279558	4843895	NA
1533_nature_purple-water-lily_koyama-kamiuchikawaracho-kyoto-japan_ip13pro_iso125-f2p8_img-6205_3024x4032.scale384x512.hdr.png	1122202	771014	NA
1530_nature_whale-tail-ocean_ip13pro_iso32-f2p8_img-5574_3024x4032.scale1536x2048.hdr.png	14358925	8731259	NA
1533_nature_purple-water-lily_koyama-kamiuchikawaracho-kyoto-japan_ip13pro_iso125-f2p8_img-6205_3024x4032.scale480x640.hdr.png	1731980	1173360	NA
1533_nature_purple-water-lily_koyama-kamiuchikawaracho-kyoto-japan_ip13pro_iso125-f2p8_img-6205_3024x4032.scale96x128.hdr.png	73945	55998	NA
1532_nature_red-poppy-flowers_taos-new-mexico_ip17pro_iso80-f1p8_img-6194_4284x5712.scale960x1280.hdr.png	6905797	4483573	NA
1534_nature_red-flowers-closeup_ketchikan-alaska_ip16pro_iso125-f1p8_img-6286_3024x4032.scale120x160.hdr.png	115449	93233	NA
1534_nature_red-flowers-closeup_ketchikan-alaska_ip16pro_iso125-f1p8_img-6286_3024x4032.scale150x200.hdr.png	180294	143840	NA
1530_nature_whale-tail-ocean_ip13pro_iso32-f2p8_img-5574_3024x4032.scale1920x2560.hdr.png	21606029	13238599	NA
1533_nature_purple-water-lily_koyama-kamiuchikawaracho-kyoto-japan_ip13pro_iso125-f2p8_img-6205_3024x4032.scale600x800.hdr.png	2674334	1788548	NA
1534_nature_red-flowers-closeup_ketchikan-alaska_ip16pro_iso125-f1p8_img-6286_3024x4032.scale192x256.hdr.png	295272	230993	NA
1533_nature_purple-water-lily_koyama-kamiuchikawaracho-kyoto-japan_ip13pro_iso125-f2p8_img-6205_3024x4032.scale768x1024.hdr.png	4328019	2855534	NA
1532_nature_red-poppy-flowers_taos-new-mexico_ip17pro_iso80-f1p8_img-6194_4284x5712.scale1200x1600.hdr.png	10636791	6801195	NA
1534_nature_red-flowers-closeup_ketchikan-alaska_ip16pro_iso125-f1p8_img-6286_3024x4032.scale240x320.hdr.png	461239	352201	NA
1534_nature_red-flowers-closeup_ketchikan-alaska_ip16pro_iso125-f1p8_img-6286_3024x4032.scale300x400.hdr.png	720534	532886	NA
1529_nature_whale-tail-ocean_ip13pro_iso32-f2p8_img-5573_3024x4032.scale2304x3072.hdr.png	31025020	18791980	NA
1534_nature_red-flowers-closeup_ketchikan-alaska_ip16pro_iso125-f1p8_img-6286_3024x4032.scale384x512.hdr.png	1180334	833889	NA
1531_nature_red-poppy-flowers_taos-new-mexico_ip17pro_iso80-f1p8_img-6189_4284x5712.scale1536x2048.hdr.png	18064236	11750412	NA
1534_nature_red-flowers-closeup_ketchikan-alaska_ip16pro_iso125-f1p8_img-6286_3024x4032.scale480x640.hdr.png	1805586	1254063	NA
1534_nature_red-flowers-closeup_ketchikan-alaska_ip16pro_iso125-f1p8_img-6286_3024x4032.scale96x128.hdr.png	73945	60168	NA
1534_nature_red-flowers-closeup_ketchikan-alaska_ip16pro_iso125-f1p8_img-6286_3024x4032.scale600x800.hdr.png	2757546	1891356	NA
1528_nature_pink-blossom-branch_kawazu-japan_ip16pro_iso80-f1p8_img-4931_5712x4284.scale3072x2304.hdr.png	36380005	21267697	NA
1536_nature_purple-flowers-walkway_seward-alaska_ip16pro_iso80-f1p8_img-8763_4284x5712.scale120x160.hdr.png	115449	86883	NA
1536_nature_purple-flowers-walkway_seward-alaska_ip16pro_iso80-f1p8_img-8763_4284x5712.scale150x200.hdr.png	180294	134016	NA
1533_nature_purple-water-lily_koyama-kamiuchikawaracho-kyoto-japan_ip13pro_iso125-f2p8_img-6205_3024x4032.scale960x1280.hdr.png	6693509	4350592	NA
1533_nature_purple-water-lily_koyama-kamiuchikawaracho-kyoto-japan_ip13pro_iso125-f2p8_img-6205_3024x4032.scale1200x1600.hdr.png	10347358	6638800	NA
1536_nature_purple-flowers-walkway_seward-alaska_ip16pro_iso80-f1p8_img-8763_4284x5712.scale192x256.hdr.png	295272	215688	NA
1530_nature_whale-tail-ocean_ip13pro_iso32-f2p8_img-5574_3024x4032.scale2304x3072.hdr.png	30104629	18239356	NA
1536_nature_purple-flowers-walkway_seward-alaska_ip16pro_iso80-f1p8_img-8763_4284x5712.scale240x320.hdr.png	461239	331203	NA
1536_nature_purple-flowers-walkway_seward-alaska_ip16pro_iso80-f1p8_img-8763_4284x5712.scale300x400.hdr.png	720534	507004	NA
1534_nature_red-flowers-closeup_ketchikan-alaska_ip16pro_iso125-f1p8_img-6286_3024x4032.scale768x1024.hdr.png	4421545	2986322	NA
1536_nature_purple-flowers-walkway_seward-alaska_ip16pro_iso80-f1p8_img-8763_4284x5712.scale384x512.hdr.png	1180334	801258	NA
1536_nature_purple-flowers-walkway_seward-alaska_ip16pro_iso80-f1p8_img-8763_4284x5712.scale480x640.hdr.png	1835792	1215842	NA
1531_nature_red-poppy-flowers_taos-new-mexico_ip17pro_iso80-f1p8_img-6189_4284x5712.scale1920x2560.hdr.png	27811314	18214242	NA
1532_nature_red-poppy-flowers_taos-new-mexico_ip17pro_iso80-f1p8_img-6194_4284x5712.scale1536x2048.hdr.png	17162089	10814199	NA
1536_nature_purple-flowers-walkway_seward-alaska_ip16pro_iso80-f1p8_img-8763_4284x5712.scale96x128.hdr.png	73945	56231	NA
1537_nature_purple-flowers-closeup_seward-alaska_ip16pro_iso100-f1p8_img-8764_4284x5712.scale120x160.hdr.png	115449	87416	NA
1537_nature_purple-flowers-closeup_seward-alaska_ip16pro_iso100-f1p8_img-8764_4284x5712.scale150x200.hdr.png	180294	133554	NA
1533_nature_purple-water-lily_koyama-kamiuchikawaracho-kyoto-japan_ip13pro_iso125-f2p8_img-6205_3024x4032.scale1536x2048.hdr.png	16777852	10636176	NA
1536_nature_purple-flowers-walkway_seward-alaska_ip16pro_iso80-f1p8_img-8763_4284x5712.scale600x800.hdr.png	2823645	1841404	NA
1537_nature_purple-flowers-closeup_seward-alaska_ip16pro_iso100-f1p8_img-8764_4284x5712.scale192x256.hdr.png	295272	212205	NA
1536_nature_purple-flowers-walkway_seward-alaska_ip16pro_iso80-f1p8_img-8763_4284x5712.scale768x1024.hdr.png	4550540	2906354	NA
1534_nature_red-flowers-closeup_ketchikan-alaska_ip16pro_iso125-f1p8_img-6286_3024x4032.scale960x1280.hdr.png	6784034	4528742	NA
1537_nature_purple-flowers-closeup_seward-alaska_ip16pro_iso100-f1p8_img-8764_4284x5712.scale240x320.hdr.png	461239	321042	NA
1532_nature_red-poppy-flowers_taos-new-mexico_ip17pro_iso80-f1p8_img-6194_4284x5712.scale1920x2560.hdr.png	26456102	16706635	NA
1537_nature_purple-flowers-closeup_seward-alaska_ip16pro_iso100-f1p8_img-8764_4284x5712.scale300x400.hdr.png	710549	485819	NA
1534_nature_red-flowers-closeup_ketchikan-alaska_ip16pro_iso125-f1p8_img-6286_3024x4032.scale1200x1600.hdr.png	10416671	6868341	NA
1537_nature_purple-flowers-closeup_seward-alaska_ip16pro_iso100-f1p8_img-8764_4284x5712.scale384x512.hdr.png	1138537	760975	NA
1536_nature_purple-flowers-walkway_seward-alaska_ip16pro_iso80-f1p8_img-8763_4284x5712.scale1200x1600.hdr.png	10784321	6653320	NA
1537_nature_purple-flowers-closeup_seward-alaska_ip16pro_iso100-f1p8_img-8764_4284x5712.scale96x128.hdr.png	73945	57191	NA
1537_nature_purple-flowers-closeup_seward-alaska_ip16pro_iso100-f1p8_img-8764_4284x5712.scale480x640.hdr.png	1744725	1147815	NA
1539_nature_legs-in-water_felipe-carrillo-puerto-mexico_ip13pro_iso32-f1p8_img-8809_3024x4032.scale120x160.hdr.png	115449	85799	NA
1539_nature_legs-in-water_felipe-carrillo-puerto-mexico_ip13pro_iso32-f1p8_img-8809_3024x4032.scale150x200.hdr.png	180294	133136	NA
1537_nature_purple-flowers-closeup_seward-alaska_ip16pro_iso100-f1p8_img-8764_4284x5712.scale600x800.hdr.png	2676395	1730592	NA
1531_nature_red-poppy-flowers_taos-new-mexico_ip17pro_iso80-f1p8_img-6189_4284x5712.scale2304x3072.hdr.png	39539289	25675596	NA
1537_nature_purple-flowers-closeup_seward-alaska_ip16pro_iso100-f1p8_img-8764_4284x5712.scale768x1024.hdr.png	4310150	2721122	NA
1539_nature_legs-in-water_felipe-carrillo-puerto-mexico_ip13pro_iso32-f1p8_img-8809_3024x4032.scale192x256.hdr.png	295272	215711	NA
1539_nature_legs-in-water_felipe-carrillo-puerto-mexico_ip13pro_iso32-f1p8_img-8809_3024x4032.scale240x320.hdr.png	461239	332732	NA
1536_nature_purple-flowers-walkway_seward-alaska_ip16pro_iso80-f1p8_img-8763_4284x5712.scale960x1280.hdr.png	7005467	4398099	NA
1533_nature_purple-water-lily_koyama-kamiuchikawaracho-kyoto-japan_ip13pro_iso125-f2p8_img-6205_3024x4032.scale1920x2560.hdr.png	25960348	16582904	NA
1539_nature_legs-in-water_felipe-carrillo-puerto-mexico_ip13pro_iso32-f1p8_img-8809_3024x4032.scale300x400.hdr.png	720534	512181	NA
1539_nature_legs-in-water_felipe-carrillo-puerto-mexico_ip13pro_iso32-f1p8_img-8809_3024x4032.scale384x512.hdr.png	1180334	814480	NA
1539_nature_legs-in-water_felipe-carrillo-puerto-mexico_ip13pro_iso32-f1p8_img-8809_3024x4032.scale480x640.hdr.png	1844064	1243795	NA
1537_nature_purple-flowers-closeup_seward-alaska_ip16pro_iso100-f1p8_img-8764_4284x5712.scale960x1280.hdr.png	6645644	4112283	NA
1539_nature_legs-in-water_felipe-carrillo-puerto-mexico_ip13pro_iso32-f1p8_img-8809_3024x4032.scale96x128.hdr.png	73945	55350	NA
1534_nature_red-flowers-closeup_ketchikan-alaska_ip16pro_iso125-f1p8_img-6286_3024x4032.scale1536x2048.hdr.png	16719622	10854520	NA
1540_nature_purple-flowers-garden_belltown-seattle-washington_ip16pro_iso100-f1p8_img-9109_4284x5712.scale120x160.hdr.png	115449	96216	NA
1540_nature_purple-flowers-garden_belltown-seattle-washington_ip16pro_iso100-f1p8_img-9109_4284x5712.scale150x200.hdr.png	180294	148630	NA
1539_nature_legs-in-water_felipe-carrillo-puerto-mexico_ip13pro_iso32-f1p8_img-8809_3024x4032.scale600x800.hdr.png	2881099	1898560	NA
1537_nature_purple-flowers-closeup_seward-alaska_ip16pro_iso100-f1p8_img-8764_4284x5712.scale1200x1600.hdr.png	10256569	6238819	NA
1540_nature_purple-flowers-garden_belltown-seattle-washington_ip16pro_iso100-f1p8_img-9109_4284x5712.scale192x256.hdr.png	295272	240378	NA
1534_nature_red-flowers-closeup_ketchikan-alaska_ip16pro_iso125-f1p8_img-6286_3024x4032.scale1920x2560.hdr.png	25604918	16635577	NA
1539_nature_legs-in-water_felipe-carrillo-puerto-mexico_ip13pro_iso32-f1p8_img-8809_3024x4032.scale768x1024.hdr.png	4720060	3029137	NA
1540_nature_purple-flowers-garden_belltown-seattle-washington_ip16pro_iso100-f1p8_img-9109_4284x5712.scale240x320.hdr.png	461239	369287	NA
1540_nature_purple-flowers-garden_belltown-seattle-washington_ip16pro_iso100-f1p8_img-9109_4284x5712.scale300x400.hdr.png	720534	565462	NA
1540_nature_purple-flowers-garden_belltown-seattle-washington_ip16pro_iso100-f1p8_img-9109_4284x5712.scale384x512.hdr.png	1180334	897535	NA
1539_nature_legs-in-water_felipe-carrillo-puerto-mexico_ip13pro_iso32-f1p8_img-8809_3024x4032.scale960x1280.hdr.png	7310932	4617583	NA
1540_nature_purple-flowers-garden_belltown-seattle-washington_ip16pro_iso100-f1p8_img-9109_4284x5712.scale480x640.hdr.png	1844064	1365954	NA
1539_nature_legs-in-water_felipe-carrillo-puerto-mexico_ip13pro_iso32-f1p8_img-8809_3024x4032.scale1200x1600.hdr.png	11276666	7066422	NA
1540_nature_purple-flowers-garden_belltown-seattle-washington_ip16pro_iso100-f1p8_img-9109_4284x5712.scale96x128.hdr.png	73945	62042	NA
1536_nature_purple-flowers-walkway_seward-alaska_ip16pro_iso80-f1p8_img-8763_4284x5712.scale1920x2560.hdr.png	26745873	16189661	NA
1541_nature_blue-wildflower-grass_snaefellsbaer-iceland_ip16pro_iso64-f1p8_img-9110_3024x4032.scale120x160.hdr.png	115449	88468	NA
1541_nature_blue-wildflower-grass_snaefellsbaer-iceland_ip16pro_iso64-f1p8_img-9110_3024x4032.scale150x200.hdr.png	180294	133012	NA
1540_nature_purple-flowers-garden_belltown-seattle-washington_ip16pro_iso100-f1p8_img-9109_4284x5712.scale600x800.hdr.png	2881099	2080362	NA
1536_nature_purple-flowers-walkway_seward-alaska_ip16pro_iso80-f1p8_img-8763_4284x5712.scale1536x2048.hdr.png	17378167	10521685	NA
1532_nature_red-poppy-flowers_taos-new-mexico_ip17pro_iso80-f1p8_img-6194_4284x5712.scale2304x3072.hdr.png	37658632	23496440	NA
1541_nature_blue-wildflower-grass_snaefellsbaer-iceland_ip16pro_iso64-f1p8_img-9110_3024x4032.scale192x256.hdr.png	295272	208521	NA
1540_nature_purple-flowers-garden_belltown-seattle-washington_ip16pro_iso100-f1p8_img-9109_4284x5712.scale1200x1600.hdr.png	11136870	7562712	NA
1541_nature_blue-wildflower-grass_snaefellsbaer-iceland_ip16pro_iso64-f1p8_img-9110_3024x4032.scale240x320.hdr.png	459188	313922	NA
1537_nature_purple-flowers-closeup_seward-alaska_ip16pro_iso100-f1p8_img-8764_4284x5712.scale1536x2048.hdr.png	16611631	9913033	NA
1541_nature_blue-wildflower-grass_snaefellsbaer-iceland_ip16pro_iso64-f1p8_img-9110_3024x4032.scale300x400.hdr.png	702375	473302	NA
1540_nature_purple-flowers-garden_belltown-seattle-washington_ip16pro_iso100-f1p8_img-9109_4284x5712.scale768x1024.hdr.png	4720060	3295339	NA
1541_nature_blue-wildflower-grass_snaefellsbaer-iceland_ip16pro_iso64-f1p8_img-9110_3024x4032.scale384x512.hdr.png	1120884	739517	NA
1541_nature_blue-wildflower-grass_snaefellsbaer-iceland_ip16pro_iso64-f1p8_img-9110_3024x4032.scale480x640.hdr.png	1716841	1118447	NA
1541_nature_blue-wildflower-grass_snaefellsbaer-iceland_ip16pro_iso64-f1p8_img-9110_3024x4032.scale96x128.hdr.png	73945	58589	NA
1539_nature_legs-in-water_felipe-carrillo-puerto-mexico_ip13pro_iso32-f1p8_img-8809_3024x4032.scale1536x2048.hdr.png	18190995	11284127	NA
1542_nature_orange-lily-flower_belltown-seattle-washington_ip16pro_iso80-f1p8_img-9149_4284x5712.scale120x160.hdr.png	115449	97511	NA
1537_nature_purple-flowers-closeup_seward-alaska_ip16pro_iso100-f1p8_img-8764_4284x5712.scale1920x2560.hdr.png	25697846	15341770	NA
1541_nature_blue-wildflower-grass_snaefellsbaer-iceland_ip16pro_iso64-f1p8_img-9110_3024x4032.scale600x800.hdr.png	2640895	1702341	NA
1542_nature_orange-lily-flower_belltown-seattle-washington_ip16pro_iso80-f1p8_img-9149_4284x5712.scale150x200.hdr.png	180294	149179	NA
1542_nature_orange-lily-flower_belltown-seattle-washington_ip16pro_iso80-f1p8_img-9149_4284x5712.scale192x256.hdr.png	295272	237264	NA
1540_nature_purple-flowers-garden_belltown-seattle-washington_ip16pro_iso100-f1p8_img-9109_4284x5712.scale960x1280.hdr.png	7277217	4993418	NA
1541_nature_blue-wildflower-grass_snaefellsbaer-iceland_ip16pro_iso64-f1p8_img-9110_3024x4032.scale768x1024.hdr.png	4256575	2716531	NA
1542_nature_orange-lily-flower_belltown-seattle-washington_ip16pro_iso80-f1p8_img-9149_4284x5712.scale240x320.hdr.png	461239	359405	NA
1542_nature_orange-lily-flower_belltown-seattle-washington_ip16pro_iso80-f1p8_img-9149_4284x5712.scale300x400.hdr.png	720534	544200	NA
1542_nature_orange-lily-flower_belltown-seattle-washington_ip16pro_iso80-f1p8_img-9149_4284x5712.scale384x512.hdr.png	1180334	855891	NA
1541_nature_blue-wildflower-grass_snaefellsbaer-iceland_ip16pro_iso64-f1p8_img-9110_3024x4032.scale1200x1600.hdr.png	10215293	6442109	NA
1541_nature_blue-wildflower-grass_snaefellsbaer-iceland_ip16pro_iso64-f1p8_img-9110_3024x4032.scale960x1280.hdr.png	6582978	4172694	NA
1542_nature_orange-lily-flower_belltown-seattle-washington_ip16pro_iso80-f1p8_img-9149_4284x5712.scale480x640.hdr.png	1844064	1295958	NA
1533_nature_purple-water-lily_koyama-kamiuchikawaracho-kyoto-japan_ip13pro_iso125-f2p8_img-6205_3024x4032.scale2304x3072.hdr.png	37041485	23379311	NA
1542_nature_orange-lily-flower_belltown-seattle-washington_ip16pro_iso80-f1p8_img-9149_4284x5712.scale96x128.hdr.png	73945	63515	NA
1543_nature_water-lilies-pond_miyuki-beppu-japan_ip16pro_iso80-f1p8_img-9522_4284x5712.scale120x160.hdr.png	115449	82641	NA
1543_nature_water-lilies-pond_miyuki-beppu-japan_ip16pro_iso80-f1p8_img-9522_4284x5712.scale150x200.hdr.png	179924	126411	NA
1542_nature_orange-lily-flower_belltown-seattle-washington_ip16pro_iso80-f1p8_img-9149_4284x5712.scale600x800.hdr.png	2829705	1966818	NA
1534_nature_red-flowers-closeup_ketchikan-alaska_ip16pro_iso125-f1p8_img-6286_3024x4032.scale2304x3072.hdr.png	36261597	23201962	NA
1543_nature_water-lilies-pond_miyuki-beppu-japan_ip16pro_iso80-f1p8_img-9522_4284x5712.scale192x256.hdr.png	290728	201545	NA
1536_nature_purple-flowers-walkway_seward-alaska_ip16pro_iso80-f1p8_img-8763_4284x5712.scale2304x3072.hdr.png	38012495	22682159	NA
1543_nature_water-lilies-pond_miyuki-beppu-japan_ip16pro_iso80-f1p8_img-9522_4284x5712.scale240x320.hdr.png	448384	307622	NA
1542_nature_orange-lily-flower_belltown-seattle-washington_ip16pro_iso80-f1p8_img-9149_4284x5712.scale1200x1600.hdr.png	10671683	7170408	NA
1543_nature_water-lilies-pond_miyuki-beppu-japan_ip16pro_iso80-f1p8_img-9522_4284x5712.scale300x400.hdr.png	692862	468278	NA
1542_nature_orange-lily-flower_belltown-seattle-washington_ip16pro_iso80-f1p8_img-9149_4284x5712.scale768x1024.hdr.png	4531050	3114309	NA
1540_nature_purple-flowers-garden_belltown-seattle-washington_ip16pro_iso100-f1p8_img-9109_4284x5712.scale1536x2048.hdr.png	17859105	11985670	NA
1543_nature_water-lilies-pond_miyuki-beppu-japan_ip16pro_iso80-f1p8_img-9522_4284x5712.scale384x512.hdr.png	1118549	736418	NA
1543_nature_water-lilies-pond_miyuki-beppu-japan_ip16pro_iso80-f1p8_img-9522_4284x5712.scale480x640.hdr.png	1725344	1118315	NA
1543_nature_water-lilies-pond_miyuki-beppu-japan_ip16pro_iso80-f1p8_img-9522_4284x5712.scale96x128.hdr.png	73945	54083	NA
1543_nature_water-lilies-pond_miyuki-beppu-japan_ip16pro_iso80-f1p8_img-9522_4284x5712.scale600x800.hdr.png	2663907	1696043	NA
1542_nature_orange-lily-flower_belltown-seattle-washington_ip16pro_iso80-f1p8_img-9149_4284x5712.scale960x1280.hdr.png	6949870	4722848	NA
1544_nature_purple-water-lily-flower_miyuki-beppu-japan_ip16pro_iso64-f1p8_img-9550_3024x4032.scale120x160.hdr.png	110783	76985	NA
1544_nature_purple-water-lily-flower_miyuki-beppu-japan_ip16pro_iso64-f1p8_img-9550_3024x4032.scale150x200.hdr.png	170387	116692	NA
1540_nature_purple-flowers-garden_belltown-seattle-washington_ip16pro_iso100-f1p8_img-9109_4284x5712.scale1920x2560.hdr.png	27384349	18488647	NA
1544_nature_purple-water-lily-flower_miyuki-beppu-japan_ip16pro_iso64-f1p8_img-9550_3024x4032.scale192x256.hdr.png	275061	184179	NA
1537_nature_purple-flowers-closeup_seward-alaska_ip16pro_iso100-f1p8_img-8764_4284x5712.scale2304x3072.hdr.png	36672221	21598337	NA
1541_nature_blue-wildflower-grass_snaefellsbaer-iceland_ip16pro_iso64-f1p8_img-9110_3024x4032.scale1536x2048.hdr.png	16605570	10405516	NA
1544_nature_purple-water-lily-flower_miyuki-beppu-japan_ip16pro_iso64-f1p8_img-9550_3024x4032.scale240x320.hdr.png	424156	278248	NA
1539_nature_legs-in-water_felipe-carrillo-puerto-mexico_ip13pro_iso32-f1p8_img-8809_3024x4032.scale1920x2560.hdr.png	27991496	17388191	NA
1544_nature_purple-water-lily-flower_miyuki-beppu-japan_ip16pro_iso64-f1p8_img-9550_3024x4032.scale300x400.hdr.png	653234	420670	NA
1543_nature_water-lilies-pond_miyuki-beppu-japan_ip16pro_iso80-f1p8_img-9522_4284x5712.scale768x1024.hdr.png	4304331	2681874	NA
1544_nature_purple-water-lily-flower_miyuki-beppu-japan_ip16pro_iso64-f1p8_img-9550_3024x4032.scale384x512.hdr.png	1057220	657543	NA
1544_nature_purple-water-lily-flower_miyuki-beppu-japan_ip16pro_iso64-f1p8_img-9550_3024x4032.scale480x640.hdr.png	1634487	997686	NA
1544_nature_purple-water-lily-flower_miyuki-beppu-japan_ip16pro_iso64-f1p8_img-9550_3024x4032.scale96x128.hdr.png	71951	50793	NA
1543_nature_water-lilies-pond_miyuki-beppu-japan_ip16pro_iso80-f1p8_img-9522_4284x5712.scale960x1280.hdr.png	6652022	4056792	NA
1544_nature_purple-water-lily-flower_miyuki-beppu-japan_ip16pro_iso64-f1p8_img-9550_3024x4032.scale600x800.hdr.png	2533344	1530361	NA
1545_nature_stalactite-cave-lake_playa-del-carmen-mexico_ip13pro_iso1600-f1p5_img-9591_4032x3024.scale128x96.hdr.png	73913	56614	NA
1543_nature_water-lilies-pond_miyuki-beppu-japan_ip16pro_iso80-f1p8_img-9522_4284x5712.scale1200x1600.hdr.png	10286729	6158548	NA
1545_nature_stalactite-cave-lake_playa-del-carmen-mexico_ip13pro_iso1600-f1p5_img-9591_4032x3024.scale160x120.hdr.png	115409	87084	NA
1545_nature_stalactite-cave-lake_playa-del-carmen-mexico_ip13pro_iso1600-f1p5_img-9591_4032x3024.scale200x150.hdr.png	180244	133456	NA
1544_nature_purple-water-lily-flower_miyuki-beppu-japan_ip16pro_iso64-f1p8_img-9550_3024x4032.scale768x1024.hdr.png	4121637	2447967	NA
1539_nature_legs-in-water_felipe-carrillo-puerto-mexico_ip13pro_iso32-f1p8_img-8809_3024x4032.scale2304x3072.hdr.png	39750030	24347445	NA
1542_nature_orange-lily-flower_belltown-seattle-washington_ip16pro_iso80-f1p8_img-9149_4284x5712.scale1536x2048.hdr.png	17193857	11435393	NA
1545_nature_stalactite-cave-lake_playa-del-carmen-mexico_ip13pro_iso1600-f1p5_img-9591_4032x3024.scale256x192.hdr.png	294255	213737	NA
1544_nature_purple-water-lily-flower_miyuki-beppu-japan_ip16pro_iso64-f1p8_img-9550_3024x4032.scale1200x1600.hdr.png	9978593	5826273	NA
1545_nature_stalactite-cave-lake_playa-del-carmen-mexico_ip13pro_iso1600-f1p5_img-9591_4032x3024.scale320x240.hdr.png	454879	327467	NA
1545_nature_stalactite-cave-lake_playa-del-carmen-mexico_ip13pro_iso1600-f1p5_img-9591_4032x3024.scale400x300.hdr.png	701209	500309	NA
1544_nature_purple-water-lily-flower_miyuki-beppu-japan_ip16pro_iso64-f1p8_img-9550_3024x4032.scale960x1280.hdr.png	6408275	3769039	NA
1545_nature_stalactite-cave-lake_playa-del-carmen-mexico_ip13pro_iso1600-f1p5_img-9591_4032x3024.scale512x384.hdr.png	1130769	791995	NA
1541_nature_blue-wildflower-grass_snaefellsbaer-iceland_ip16pro_iso64-f1p8_img-9110_3024x4032.scale1920x2560.hdr.png	25742015	16162923	NA
1546_nature_underground-cave-lake_playa-del-carmen-mexico_ip13pro_iso2000-f1p5_img-9608_3024x4032.scale120x160.hdr.png	109100	79338	NA
1543_nature_water-lilies-pond_miyuki-beppu-japan_ip16pro_iso80-f1p8_img-9522_4284x5712.scale1536x2048.hdr.png	16683534	9784484	NA
1546_nature_underground-cave-lake_playa-del-carmen-mexico_ip13pro_iso2000-f1p5_img-9608_3024x4032.scale150x200.hdr.png	168715	121483	NA
1545_nature_stalactite-cave-lake_playa-del-carmen-mexico_ip13pro_iso1600-f1p5_img-9591_4032x3024.scale1024x768.hdr.png	4288398	2915066	NA
1546_nature_underground-cave-lake_playa-del-carmen-mexico_ip13pro_iso2000-f1p5_img-9608_3024x4032.scale192x256.hdr.png	273658	195184	NA
1545_nature_stalactite-cave-lake_playa-del-carmen-mexico_ip13pro_iso1600-f1p5_img-9591_4032x3024.scale640x480.hdr.png	1737620	1204728	NA
1546_nature_underground-cave-lake_playa-del-carmen-mexico_ip13pro_iso2000-f1p5_img-9608_3024x4032.scale240x320.hdr.png	422901	300178	NA
1545_nature_stalactite-cave-lake_playa-del-carmen-mexico_ip13pro_iso1600-f1p5_img-9591_4032x3024.scale800x600.hdr.png	2669217	1831976	NA
1542_nature_orange-lily-flower_belltown-seattle-washington_ip16pro_iso80-f1p8_img-9149_4284x5712.scale1920x2560.hdr.png	26493813	17748702	NA
1546_nature_underground-cave-lake_playa-del-carmen-mexico_ip13pro_iso2000-f1p5_img-9608_3024x4032.scale384x512.hdr.png	1065749	749255	NA
1546_nature_underground-cave-lake_playa-del-carmen-mexico_ip13pro_iso2000-f1p5_img-9608_3024x4032.scale300x400.hdr.png	655356	465339	NA
1546_nature_underground-cave-lake_playa-del-carmen-mexico_ip13pro_iso2000-f1p5_img-9608_3024x4032.scale480x640.hdr.png	1655013	1166150	NA
1545_nature_stalactite-cave-lake_playa-del-carmen-mexico_ip13pro_iso1600-f1p5_img-9591_4032x3024.scale1280x960.hdr.png	6594631	4433080	NA
1546_nature_underground-cave-lake_playa-del-carmen-mexico_ip13pro_iso2000-f1p5_img-9608_3024x4032.scale96x128.hdr.png	70669	51811	NA
1546_nature_underground-cave-lake_playa-del-carmen-mexico_ip13pro_iso2000-f1p5_img-9608_3024x4032.scale600x800.hdr.png	2574459	1815613	NA
1547_nature_orange-flowers-garden_colorado_ip16pro_iso80-f1p8_img-9652_4284x5712.scale120x160.hdr.png	115449	92392	NA
1547_nature_orange-flowers-garden_colorado_ip16pro_iso80-f1p8_img-9652_4284x5712.scale150x200.hdr.png	180294	140066	NA
1546_nature_underground-cave-lake_playa-del-carmen-mexico_ip13pro_iso2000-f1p5_img-9608_3024x4032.scale768x1024.hdr.png	4193012	2948629	NA
1545_nature_stalactite-cave-lake_playa-del-carmen-mexico_ip13pro_iso1600-f1p5_img-9591_4032x3024.scale1600x1200.hdr.png	10146932	6766035	NA
1547_nature_orange-flowers-garden_colorado_ip16pro_iso80-f1p8_img-9652_4284x5712.scale192x256.hdr.png	295272	220902	NA
1540_nature_purple-flowers-garden_belltown-seattle-washington_ip16pro_iso100-f1p8_img-9109_4284x5712.scale2304x3072.hdr.png	38838818	26001956	NA
1546_nature_underground-cave-lake_playa-del-carmen-mexico_ip13pro_iso2000-f1p5_img-9608_3024x4032.scale960x1280.hdr.png	6526980	4558266	NA
1544_nature_purple-water-lily-flower_miyuki-beppu-japan_ip16pro_iso64-f1p8_img-9550_3024x4032.scale1536x2048.hdr.png	16266700	9397632	NA
1547_nature_orange-flowers-garden_colorado_ip16pro_iso80-f1p8_img-9652_4284x5712.scale240x320.hdr.png	461239	332852	NA
1547_nature_orange-flowers-garden_colorado_ip16pro_iso80-f1p8_img-9652_4284x5712.scale300x400.hdr.png	720534	502175	NA
1547_nature_orange-flowers-garden_colorado_ip16pro_iso80-f1p8_img-9652_4284x5712.scale384x512.hdr.png	1155661	785268	NA
1541_nature_blue-wildflower-grass_snaefellsbaer-iceland_ip16pro_iso64-f1p8_img-9110_3024x4032.scale2304x3072.hdr.png	36732232	22555782	NA
1547_nature_orange-flowers-garden_colorado_ip16pro_iso80-f1p8_img-9652_4284x5712.scale480x640.hdr.png	1766233	1186321	NA
1547_nature_orange-flowers-garden_colorado_ip16pro_iso80-f1p8_img-9652_4284x5712.scale96x128.hdr.png	73945	60742	NA
1546_nature_underground-cave-lake_playa-del-carmen-mexico_ip13pro_iso2000-f1p5_img-9608_3024x4032.scale1200x1600.hdr.png	10163232	7061531	NA
1542_nature_orange-lily-flower_belltown-seattle-washington_ip16pro_iso80-f1p8_img-9149_4284x5712.scale2304x3072.hdr.png	37692196	25042126	NA
1638_food_sliced-fish-dish_colorado_s25u_iso800-f1p7_20250425-213810_3000x4000.scale120x160.hdr.png	114224	82069	NA
1638_food_sliced-fish-dish_colorado_s25u_iso800-f1p7_20250425-213810_3000x4000.scale150x200.hdr.png	176182	125431	NA
1547_nature_orange-flowers-garden_colorado_ip16pro_iso80-f1p8_img-9652_4284x5712.scale600x800.hdr.png	2701611	1799404	NA
1638_food_sliced-fish-dish_colorado_s25u_iso800-f1p7_20250425-213810_3000x4000.scale192x256.hdr.png	285263	199986	NA
1543_nature_water-lilies-pond_miyuki-beppu-japan_ip16pro_iso80-f1p8_img-9522_4284x5712.scale1920x2560.hdr.png	25815239	15119256	NA
1638_food_sliced-fish-dish_colorado_s25u_iso800-f1p7_20250425-213810_3000x4000.scale240x320.hdr.png	440933	304634	NA
1544_nature_purple-water-lily-flower_miyuki-beppu-japan_ip16pro_iso64-f1p8_img-9550_3024x4032.scale1920x2560.hdr.png	25241258	14513774	NA
1547_nature_orange-flowers-garden_colorado_ip16pro_iso80-f1p8_img-9652_4284x5712.scale1200x1600.hdr.png	10281388	6568000	NA
1638_food_sliced-fish-dish_colorado_s25u_iso800-f1p7_20250425-213810_3000x4000.scale300x400.hdr.png	680088	462038	NA
1638_food_sliced-fish-dish_colorado_s25u_iso800-f1p7_20250425-213810_3000x4000.scale384x512.hdr.png	1097212	725353	NA
1547_nature_orange-flowers-garden_colorado_ip16pro_iso80-f1p8_img-9652_4284x5712.scale768x1024.hdr.png	4341581	2845509	NA
1638_food_sliced-fish-dish_colorado_s25u_iso800-f1p7_20250425-213810_3000x4000.scale480x640.hdr.png	1693443	1095758	NA
1638_food_sliced-fish-dish_colorado_s25u_iso800-f1p7_20250425-213810_3000x4000.scale96x128.hdr.png	73892	53719	NA
1545_nature_stalactite-cave-lake_playa-del-carmen-mexico_ip13pro_iso1600-f1p5_img-9591_4032x3024.scale2048x1536.hdr.png	16338945	10777974	NA
1638_food_sliced-fish-dish_colorado_s25u_iso800-f1p7_20250425-213810_3000x4000.scale600x800.hdr.png	2615802	1652041	NA
1639_food_sashimi-on-plate_colorado_s25u_iso200-f1p7_20250425-214145_4000x3000.scale128x96.hdr.png	73212	51849	NA
1547_nature_orange-flowers-garden_colorado_ip16pro_iso80-f1p8_img-9652_4284x5712.scale960x1280.hdr.png	6675337	4314727	NA
1639_food_sashimi-on-plate_colorado_s25u_iso200-f1p7_20250425-214145_4000x3000.scale160x120.hdr.png	113095	78782	NA
1639_food_sashimi-on-plate_colorado_s25u_iso200-f1p7_20250425-214145_4000x3000.scale200x150.hdr.png	174718	120430	NA
1545_nature_stalactite-cave-lake_playa-del-carmen-mexico_ip13pro_iso1600-f1p5_img-9591_4032x3024.scale2560x1920.hdr.png	25082074	16583313	NA
1638_food_sliced-fish-dish_colorado_s25u_iso800-f1p7_20250425-213810_3000x4000.scale768x1024.hdr.png	4240508	2626107	NA
1639_food_sashimi-on-plate_colorado_s25u_iso200-f1p7_20250425-214145_4000x3000.scale256x192.hdr.png	282460	191694	NA
1543_nature_water-lilies-pond_miyuki-beppu-japan_ip16pro_iso80-f1p8_img-9522_4284x5712.scale2304x3072.hdr.png	36856982	21218567	NA
1638_food_sliced-fish-dish_colorado_s25u_iso800-f1p7_20250425-213810_3000x4000.scale1200x1600.hdr.png	10201773	6090076	NA
1639_food_sashimi-on-plate_colorado_s25u_iso200-f1p7_20250425-214145_4000x3000.scale320x240.hdr.png	436354	292027	NA
1639_food_sashimi-on-plate_colorado_s25u_iso200-f1p7_20250425-214145_4000x3000.scale400x300.hdr.png	673934	443867	NA
1546_nature_underground-cave-lake_playa-del-carmen-mexico_ip13pro_iso2000-f1p5_img-9608_3024x4032.scale1536x2048.hdr.png	16553705	11424360	NA
1639_food_sashimi-on-plate_colorado_s25u_iso200-f1p7_20250425-214145_4000x3000.scale512x384.hdr.png	1091832	700194	NA
1639_food_sashimi-on-plate_colorado_s25u_iso200-f1p7_20250425-214145_4000x3000.scale1024x768.hdr.png	4245696	2579965	NA
1640_food_birthday-cake-table_colorado_ip16pro_iso125-f1p8_img-2666_4284x5712.scale120x160.hdr.png	113679	80489	NA
1640_food_birthday-cake-table_colorado_ip16pro_iso125-f1p8_img-2666_4284x5712.scale150x200.hdr.png	176292	123463	NA
1639_food_sashimi-on-plate_colorado_s25u_iso200-f1p7_20250425-214145_4000x3000.scale640x480.hdr.png	1689545	1061909	NA
1546_nature_underground-cave-lake_playa-del-carmen-mexico_ip13pro_iso2000-f1p5_img-9608_3024x4032.scale1920x2560.hdr.png	25612443	17808042	NA
1640_food_birthday-cake-table_colorado_ip16pro_iso125-f1p8_img-2666_4284x5712.scale192x256.hdr.png	285596	197731	NA
1639_food_sashimi-on-plate_colorado_s25u_iso200-f1p7_20250425-214145_4000x3000.scale1280x960.hdr.png	6576945	3925102	NA
1638_food_sliced-fish-dish_colorado_s25u_iso800-f1p7_20250425-213810_3000x4000.scale960x1280.hdr.png	6569004	3985623	NA
1640_food_birthday-cake-table_colorado_ip16pro_iso125-f1p8_img-2666_4284x5712.scale240x320.hdr.png	442831	303143	NA
1639_food_sashimi-on-plate_colorado_s25u_iso200-f1p7_20250425-214145_4000x3000.scale800x600.hdr.png	2615412	1614940	NA
1640_food_birthday-cake-table_colorado_ip16pro_iso125-f1p8_img-2666_4284x5712.scale300x400.hdr.png	687316	463800	NA
1640_food_birthday-cake-table_colorado_ip16pro_iso125-f1p8_img-2666_4284x5712.scale384x512.hdr.png	1118901	736973	NA
1640_food_birthday-cake-table_colorado_ip16pro_iso125-f1p8_img-2666_4284x5712.scale480x640.hdr.png	1737958	1124126	NA
1640_food_birthday-cake-table_colorado_ip16pro_iso125-f1p8_img-2666_4284x5712.scale600x800.hdr.png	2699980	1717181	NA
1640_food_birthday-cake-table_colorado_ip16pro_iso125-f1p8_img-2666_4284x5712.scale96x128.hdr.png	73827	52652	NA
1547_nature_orange-flowers-garden_colorado_ip16pro_iso80-f1p8_img-9652_4284x5712.scale1536x2048.hdr.png	16598896	10475882	NA
1638_food_sliced-fish-dish_colorado_s25u_iso800-f1p7_20250425-213810_3000x4000.scale1536x2048.hdr.png	16630291	9777786	NA
1545_nature_stalactite-cave-lake_playa-del-carmen-mexico_ip13pro_iso1600-f1p5_img-9591_4032x3024.scale3072x2304.hdr.png	35574212	23151688	NA
1544_nature_purple-water-lily-flower_miyuki-beppu-japan_ip16pro_iso64-f1p8_img-9550_3024x4032.scale2304x3072.hdr.png	36014002	20176833	NA
1639_food_sashimi-on-plate_colorado_s25u_iso200-f1p7_20250425-214145_4000x3000.scale1600x1200.hdr.png	10173726	5952439	NA
1640_food_birthday-cake-table_colorado_ip16pro_iso125-f1p8_img-2666_4284x5712.scale768x1024.hdr.png	4395424	2742888	NA
1640_food_birthday-cake-table_colorado_ip16pro_iso125-f1p8_img-2666_4284x5712.scale960x1280.hdr.png	6822920	4189144	NA
1640_food_birthday-cake-table_colorado_ip16pro_iso125-f1p8_img-2666_4284x5712.scale1200x1600.hdr.png	10589827	6397031	NA
1546_nature_underground-cave-lake_playa-del-carmen-mexico_ip13pro_iso2000-f1p5_img-9608_3024x4032.scale2304x3072.hdr.png	36464220	25137440	NA
1638_food_sliced-fish-dish_colorado_s25u_iso800-f1p7_20250425-213810_3000x4000.scale1920x2560.hdr.png	25861608	15285851	NA
1547_nature_orange-flowers-garden_colorado_ip16pro_iso80-f1p8_img-9652_4284x5712.scale1920x2560.hdr.png	25610416	16272698	NA
1639_food_sashimi-on-plate_colorado_s25u_iso200-f1p7_20250425-214145_4000x3000.scale2048x1536.hdr.png	16436138	9424495	NA
1639_food_sashimi-on-plate_colorado_s25u_iso200-f1p7_20250425-214145_4000x3000.scale2560x1920.hdr.png	25257525	14434079	NA
1640_food_birthday-cake-table_colorado_ip16pro_iso125-f1p8_img-2666_4284x5712.scale1536x2048.hdr.png	17192812	10214959	NA
1547_nature_orange-flowers-garden_colorado_ip16pro_iso80-f1p8_img-9652_4284x5712.scale2304x3072.hdr.png	36513154	22931881	NA
1640_food_birthday-cake-table_colorado_ip16pro_iso125-f1p8_img-2666_4284x5712.scale1920x2560.hdr.png	26610746	15829070	NA
1638_food_sliced-fish-dish_colorado_s25u_iso800-f1p7_20250425-213810_3000x4000.scale2304x3072.hdr.png	37014754	21643351	NA
1639_food_sashimi-on-plate_colorado_s25u_iso200-f1p7_20250425-214145_4000x3000.scale3072x2304.hdr.png	35771552	20156661	NA
1640_food_birthday-cake-table_colorado_ip16pro_iso125-f1p8_img-2666_4284x5712.scale2304x3072.hdr.png	37932769	22259101	NA
