file	png	oxinx
o_1011.png.scale36x64.png	5771	5771
o_1011.png.scale54x96.png	12383	12335
o_1015.png.scale64x48.png	7524	7423
o_1011.png.scale72x128.png	21300	21222
o_1015.png.scale128x96.png	27630	26921
o_1015.png.scale96x72.png	16142	15865
o_1011.png.scale108x192.png	45442	45232
o_1015.png.scale192x144.png	58966	57337
o_1011.png.scale144x256.png	77391	77167
o_1016.png.scale108x192.png	32728	30984
o_1016.png.scale36x64.png	4305	4276
o_1016.png.scale54x96.png	9035	8996
o_1015.png.scale256x192.png	100364	97778
o_1016.png.scale144x256.png	56247	54218
o_1011.png.scale216x384.png	166084	164106
o_1016.png.scale72x128.png	15389	14455
o_1015.png.scale384x288.png	216194	211646
o_1016.png.scale216x384.png	123177	119529
o_1011.png.scale288x512.png	286884	283222
o_1019.png.scale144x192.png	36159	33402
o_1019.png.scale48x64.png	4677	4583
o_1019.png.scale192x256.png	61586	57329
o_1016.png.scale288x512.png	218468	212380
o_1011.png.scale360x640.png	439157	433378
o_1019.png.scale72x96.png	9856	9531
o_1019.png.scale96x128.png	16939	15800
o_1015.png.scale512x384.png	374744	364428
o_1023.png.scale128x96.png	28761	28181
o_1023.png.scale192x144.png	63163	61669
o_1023.png.scale256x192.png	110102	105501
o_1011.png.scale432x768.png	621229	613049
o_1016.png.scale360x640.png	342997	331077
o_1023.png.scale64x48.png	7507	7477
o_1015.png.scale640x480.png	573623	557090
o_1019.png.scale288x384.png	133589	123916
o_1023.png.scale384x288.png	242611	232141
o_1023.png.scale96x72.png	16445	16270
o_1027.png.scale108x192.png	47775	46439
o_1011.png.scale504x896.png	832914	819355
o_1027.png.scale144x256.png	85005	82094
o_1016.png.scale432x768.png	495310	474463
o_1027.png.scale36x64.png	5431	5382
o_1027.png.scale216x384.png	192148	183729
o_1023.png.scale512x384.png	427741	407490
o_1027.png.scale54x96.png	11962	11797
o_1011.png.scale577x1024.png	1077296	1056547
o_1027.png.scale288x512.png	340884	323373
o_1015.png.scale768x576.png	811942	788264
o_1027.png.scale72x128.png	21141	20692
o_1029.png.scale128x96.png	29629	27441
o_1023.png.scale640x480.png	666257	630256
o_1016.png.scale504x896.png	676298	641406
o_1019.png.scale384x512.png	233661	215344
o_1027.png.scale360x640.png	527902	499020
o_1029.png.scale192x144.png	64249	58509
o_1029.png.scale64x48.png	7804	7595
o_1029.png.scale256x192.png	112424	101484
o_1029.png.scale96x72.png	16977	16184
o_1027.png.scale432x768.png	752050	707268
o_1029.png.scale384x288.png	249214	222430
o_1023.png.scale768x576.png	956152	900391
o_1042.png.scale128x96.png	29387	28452
o_1042.png.scale192x144.png	65632	62399
o_1015.png.scale896x672.png	1089037	1055204
o_1042.png.scale256x192.png	117136	110335
o_1042.png.scale64x48.png	7516	7417
o_1029.png.scale512x384.png	441180	394076
o_1042.png.scale384x288.png	267022	246797
o_1016.png.scale577x1024.png	886900	836582
o_1042.png.scale96x72.png	16627	16264
o_1043.png.scale144x192.png	69960	67405
o_1027.png.scale504x896.png	1011227	948612
o_1043.png.scale192x256.png	122374	118365
o_1019.png.scale480x640.png	360840	332655
o_1043.png.scale48x64.png	8053	7883
o_1042.png.scale512x384.png	482571	437963
o_1029.png.scale640x480.png	687237	615053
o_1023.png.scale896x672.png	1295331	1212371
o_1043.png.scale72x96.png	17824	17338
o_1043.png.scale96x128.png	31586	30503
o_1043.png.scale288x384.png	270755	259695
o_1023.png.scale1024x768.png	1681563	1562055
o_1042.png.scale640x480.png	765323	681925
o_1046.png.scale128x96.png	24048	23253
o_1046.png.scale192x144.png	51264	49538
o_1015.png.scale1024x768.png	1403243	1358815
o_1029.png.scale768x576.png	990054	884277
o_1027.png.scale577x1024.png	1305036	1218114
o_1046.png.scale64x48.png	6516	6418
o_1046.png.scale256x192.png	87306	85191
o_1043.png.scale384x512.png	476394	454749
o_1046.png.scale96x72.png	13973	13721
o_1050.png.scale128x96.png	23344	22912
o_1050.png.scale192x144.png	50078	48414
o_1043.png.scale480x640.png	737791	701220
o_1042.png.scale768x576.png	1116154	982172
o_1046.png.scale384x288.png	185467	180397
o_1050.png.scale256x192.png	86083	82967
o_1029.png.scale896x672.png	1349104	1200911
o_1050.png.scale64x48.png	6316	6298
o_1042.png.scale896x672.png	1533337	1335361
o_1050.png.scale96x72.png	13543	13507
o_1019.png.scale576x768.png	518035	475958
o_1043.png.scale576x768.png	1054533	997286
o_1050.png.scale384x288.png	186542	178240
o_1054.png.scale144x192.png	56710	54668
o_1054.png.scale192x256.png	97613	93841
o_1046.png.scale512x384.png	316235	306700
o_1042.png.scale1024x768.png	2014855	1740478
o_1054.png.scale48x64.png	7089	6924
o_1054.png.scale72x96.png	15339	14913
o_1029.png.scale1024x768.png	1763886	1564461
o_1054.png.scale96x128.png	26380	25669
o_1054.png.scale288x384.png	210446	203064
o_1043.png.scale672x896.png	1424660	1342023
o_1056.png.scale144x192.png	53491	50902
o_1050.png.scale512x384.png	323770	306263
o_1056.png.scale192x256.png	92163	87835
o_1056.png.scale48x64.png	6767	6648
o_1046.png.scale640x480.png	476962	462118
o_1043.png.scale768x1024.png	1848144	1733513
o_1054.png.scale384x512.png	363428	348374
o_1056.png.scale72x96.png	14300	14000
o_1056.png.scale96x128.png	24687	23780
o_1056.png.scale288x384.png	199562	192005
o_1019.png.scale672x896.png	703868	645311
o_1060.png.scale144x192.png	50587	48869
o_1050.png.scale640x480.png	496930	468185
o_1060.png.scale192x256.png	85890	82500
o_1060.png.scale48x64.png	6944	6884
o_1054.png.scale480x640.png	556105	533352
o_1046.png.scale768x576.png	665577	644037
o_1060.png.scale72x96.png	14417	14105
o_1056.png.scale384x512.png	342618	331171
o_1060.png.scale96x128.png	24200	23584
o_1060.png.scale288x384.png	182223	173380
o_1068.png.scale144x192.png	52210	51089
o_1050.png.scale768x576.png	703389	662636
o_1068.png.scale192x256.png	88845	86445
o_1056.png.scale480x640.png	521320	502490
o_1068.png.scale48x64.png	6907	6893
o_1060.png.scale384x512.png	312370	295778
o_1068.png.scale288x384.png	188005	182004
o_1068.png.scale72x96.png	14474	14322
o_1054.png.scale576x768.png	786791	752062
o_1046.png.scale896x672.png	879185	850025
o_1068.png.scale96x128.png	24593	24167
o_1200.png.scale128x96.png	29777	29052
o_1019.png.scale768x1024.png	922193	846522
o_1200.png.scale192x144.png	64819	62848
o_1050.png.scale896x672.png	942853	874667
o_1200.png.scale256x192.png	112956	108666
o_1068.png.scale384x512.png	320134	310013
o_1200.png.scale64x48.png	7794	7794
o_1056.png.scale576x768.png	734693	706659
o_1060.png.scale480x640.png	475264	447705
o_1200.png.scale96x72.png	17075	16843
o_1200.png.scale384x288.png	246889	235780
o_1050.png.scale1024x768.png	1212580	1121012
o_1054.png.scale672x896.png	1055524	1004684
o_1205.png.scale144x192.png	57087	54218
o_1046.png.scale1024x768.png	1117301	1079673
o_1205.png.scale48x64.png	7270	7183
o_1205.png.scale192x256.png	98993	92903
o_1200.png.scale512x384.png	431681	410499
o_1068.png.scale480x640.png	486114	469794
o_1205.png.scale72x96.png	15502	15083
o_1205.png.scale288x384.png	220292	205279
o_1205.png.scale96x128.png	26551	25643
o_1212.png.scale144x192.png	64510	63370
o_1212.png.scale192x256.png	114821	111718
o_1200.png.scale640x480.png	666332	632584
o_1060.png.scale576x768.png	673469	632479
o_1212.png.scale48x64.png	7466	7449
o_1212.png.scale288x384.png	253225	245546
o_1056.png.scale672x896.png	980499	941671
o_1212.png.scale72x96.png	16581	16500
o_1205.png.scale384x512.png	392737	363257
o_1212.png.scale96x128.png	29170	28959
o_1214.png.scale108x128.png	34186	33376
o_1214.png.scale162x192.png	75731	73360
o_1212.png.scale384x512.png	440028	426524
o_1200.png.scale768x576.png	951272	902992
o_1214.png.scale216x256.png	133499	127365
o_1068.png.scale576x768.png	685787	663007
o_1214.png.scale54x64.png	8761	8674
o_1205.png.scale480x640.png	618362	567118
o_1054.png.scale768x1024.png	1361721	1295681
o_1214.png.scale81x96.png	19424	19108
o_1214.png.scale324x384.png	297520	282649
o_1060.png.scale672x896.png	906975	847328
o_1220.png.scale144x192.png	64169	60979
o_1212.png.scale480x640.png	673674	654872
o_1200.png.scale896x672.png	1285083	1217018
o_1214.png.scale432x512.png	524660	490955
o_1220.png.scale192x256.png	113955	107449
o_1220.png.scale48x64.png	7394	7380
o_1200.png.scale1024x768.png	1666804	1574814
o_1220.png.scale72x96.png	16277	15891
o_1205.png.scale576x768.png	898087	817219
o_1056.png.scale768x1024.png	1262444	1206572
o_1220.png.scale96x128.png	28671	27765
o_1220.png.scale288x384.png	258689	241353
o_1224.png.scale128x96.png	24318	22921
o_1224.png.scale192x144.png	51794	48156
o_1220.png.scale384x512.png	466380	434389
o_1068.png.scale672x896.png	918453	887592
o_1224.png.scale256x192.png	88638	81476
o_1214.png.scale540x640.png	813725	756833
o_1224.png.scale64x48.png	6826	6590
o_1212.png.scale576x768.png	952660	925883
o_1224.png.scale96x72.png	14338	13682
o_1220.png.scale480x640.png	736432	681226
o_1060.png.scale768x1024.png	1175995	1092128
o_1205.png.scale672x896.png	1230668	1112771
o_1228.png.scale128x96.png	26239	26137
o_1214.png.scale648x768.png	1162972	1074840
o_1228.png.scale192x144.png	54934	54205
o_1224.png.scale384x288.png	190454	174323
o_1228.png.scale64x48.png	7304	7294
o_1212.png.scale672x896.png	1275687	1239257
o_1068.png.scale768x1024.png	1182158	1141692
o_1228.png.scale96x72.png	15388	15388
o_1228.png.scale256x192.png	92398	91079
o_1239.png.scale128x96.png	29171	28875
o_1220.png.scale576x768.png	1065873	977426
o_1239.png.scale192x144.png	65017	63837
o_1239.png.scale256x192.png	113929	110886
o_1228.png.scale384x288.png	193492	189431
o_1205.png.scale768x1024.png	1615295	1448969
o_1224.png.scale512x384.png	330583	301398
o_1239.png.scale64x48.png	7432	7427
o_1239.png.scale384x288.png	248035	242184
o_1220.png.scale672x896.png	1453204	1319990
o_1239.png.scale96x72.png	16486	16468
o_1214.png.scale756x896.png	1570869	1445003
o_1242.png.scale144x192.png	50232	47474
o_1228.png.scale512x384.png	327384	319919
o_1212.png.scale768x1024.png	1640470	1593840
o_1242.png.scale48x64.png	6820	6604
o_1242.png.scale192x256.png	84536	80047
o_1239.png.scale512x384.png	427537	412076
o_1242.png.scale72x96.png	14298	13731
o_1224.png.scale640x480.png	509313	463489
o_1242.png.scale96x128.png	24140	22965
o_1214.png.scale864x1024.png	2034483	1857363
o_1402.png.scale128x96.png	22313	21645
o_1220.png.scale768x1024.png	1895449	1707677
o_1402.png.scale192x144.png	48503	46067
o_1242.png.scale288x384.png	178282	168989
o_1239.png.scale640x480.png	649966	621108
o_1228.png.scale640x480.png	493598	480073
o_1402.png.scale64x48.png	5952	5898
o_1402.png.scale256x192.png	84041	80564
o_1224.png.scale768x576.png	727555	660123
o_1402.png.scale96x72.png	12852	12520
o_1402.png.scale384x288.png	185363	178358
o_1405.png.scale128x96.png	20973	19203
o_1242.png.scale384x512.png	306639	290129
o_1405.png.scale192x144.png	45297	40859
o_1239.png.scale768x576.png	913164	867908
o_1405.png.scale256x192.png	78287	70099
o_1228.png.scale768x576.png	689693	668322
o_1405.png.scale64x48.png	5797	5531
o_1402.png.scale512x384.png	329496	311605
o_1239.png.scale896x672.png	1217048	1146293
o_1405.png.scale96x72.png	12279	11558
o_1242.png.scale480x640.png	468071	440787
o_1239.png.scale1024x768.png	1560446	1465377
o_1413.png.scale128x96.png	27263	26678
o_1405.png.scale384x288.png	171693	152867
o_1413.png.scale192x144.png	58681	57488
o_1224.png.scale896x672.png	985141	891189
o_1224.png.scale1024x768.png	1283977	1157968
o_1413.png.scale64x48.png	7349	7286
o_1413.png.scale256x192.png	102146	99080
o_1402.png.scale640x480.png	515567	485091
o_1228.png.scale896x672.png	917122	886419
o_1413.png.scale96x72.png	15771	15536
o_1413.png.scale384x288.png	224032	214560
o_1420.png.scale144x192.png	66375	65436
o_1420.png.scale192x256.png	113324	111848
o_1405.png.scale512x384.png	302996	266760
o_1420.png.scale48x64.png	8354	8275
o_1420.png.scale288x384.png	240241	235501
o_1242.png.scale576x768.png	664197	622712
o_1413.png.scale512x384.png	394730	378565
o_1420.png.scale72x96.png	18061	17890
o_1420.png.scale96x128.png	31134	30667
o_1228.png.scale1024x768.png	1176375	1130977
o_1423.png.scale144x192.png	69836	68477
o_1402.png.scale768x576.png	744371	685652
o_1420.png.scale384x512.png	410306	400250
o_1423.png.scale192x256.png	125309	122369
o_1423.png.scale48x64.png	7706	7616
o_1405.png.scale640x480.png	470760	412266
o_1413.png.scale640x480.png	614531	579970
o_1423.png.scale288x384.png	284746	277162
o_1423.png.scale72x96.png	17226	17024
o_1423.png.scale96x128.png	30740	30194
o_1420.png.scale480x640.png	621948	603533
o_1427.png.scale144x192.png	74043	72923
o_1402.png.scale896x672.png	1015012	932872
o_1423.png.scale384x512.png	510376	493833
o_1427.png.scale192x256.png	129400	127579
o_1427.png.scale48x64.png	8588	8588
o_1405.png.scale768x576.png	678513	589073
o_1242.png.scale672x896.png	895146	835829
o_1423.png.scale480x640.png	804065	772946
o_1427.png.scale72x96.png	19026	18784
o_1413.png.scale768x576.png	883986	833416
o_1427.png.scale288x384.png	281817	277786
o_1427.png.scale96x128.png	33486	32917
o_1437.png.scale144x192.png	58028	57194
o_1437.png.scale192x256.png	99286	97764
o_1427.png.scale384x512.png	486858	476155
o_1437.png.scale48x64.png	7407	7366
o_1402.png.scale1024x768.png	1326344	1199339
o_1420.png.scale576x768.png	873649	843986
o_1437.png.scale72x96.png	15878	15742
o_1423.png.scale576x768.png	1166063	1115458
o_1437.png.scale96x128.png	27364	27201
o_1427.png.scale480x640.png	741438	720562
o_1441.png.scale128x96.png	30136	28970
o_1437.png.scale288x384.png	211987	209146
o_1405.png.scale896x672.png	928836	800518
o_1441.png.scale192x144.png	66995	64196
o_1405.png.scale1024x768.png	1220662	1051337
o_1413.png.scale896x672.png	1200497	1111460
o_1441.png.scale64x48.png	7547	7455
o_1441.png.scale256x192.png	116763	110967
o_1242.png.scale768x1024.png	1161964	1080551
o_1441.png.scale96x72.png	16784	16432
o_1420.png.scale672x896.png	1164538	1122183
o_1427.png.scale576x768.png	1042247	1006803
o_1423.png.scale672x896.png	1597693	1527431
o_1437.png.scale384x512.png	365769	357426
o_1441.png.scale384x288.png	252766	241494
o_1442.png.scale128x96.png	16222	15349
o_1413.png.scale1024x768.png	1562862	1435922
o_1442.png.scale64x48.png	4830	4830
o_1442.png.scale192x144.png	33046	31112
o_1441.png.scale512x384.png	435982	415834
o_1423.png.scale768x1024.png	2099279	1988011
o_1442.png.scale96x72.png	9825	9454
o_1442.png.scale256x192.png	54389	50263
o_1453.png.scale144x192.png	58354	51644
o_1437.png.scale480x640.png	561438	545793
o_1453.png.scale192x256.png	101176	89456
o_1427.png.scale672x896.png	1388001	1332970
o_1453.png.scale48x64.png	6991	6560
o_1441.png.scale640x480.png	664049	634120
o_1453.png.scale72x96.png	15321	13978
o_1420.png.scale768x1024.png	1492418	1428867
o_1453.png.scale288x384.png	219858	191536
o_1453.png.scale96x128.png	26809	23944
o_1442.png.scale384x288.png	109839	98871
o_1461.png.scale144x192.png	38037	32751
o_1437.png.scale576x768.png	800006	767033
o_1461.png.scale192x256.png	65331	55607
o_1461.png.scale48x64.png	5177	4901
o_1441.png.scale768x576.png	934637	888292
o_1427.png.scale768x1024.png	1776032	1700428
o_1453.png.scale384x512.png	383237	330493
o_1461.png.scale72x96.png	10665	9796
o_1461.png.scale96x128.png	18066	15893
o_1462.png.scale144x192.png	42578	35494
o_1461.png.scale288x384.png	140317	120026
o_1442.png.scale512x384.png	179298	160883
o_1453.png.scale480x640.png	590520	503924
o_1462.png.scale192x256.png	71183	59588
o_1437.png.scale672x896.png	1079337	1028782
o_1462.png.scale48x64.png	5907	5397
o_1441.png.scale896x672.png	1245041	1182771
o_1462.png.scale72x96.png	12281	10429
o_1441.png.scale1024x768.png	1593764	1509200
o_1462.png.scale96x128.png	20690	17276
o_1463.png.scale144x192.png	50873	47348
o_1461.png.scale384x512.png	242651	209896
o_1442.png.scale640x480.png	260751	231668
o_1462.png.scale288x384.png	148610	128204
o_1437.png.scale768x1024.png	1399134	1327128
o_1463.png.scale48x64.png	6022	5969
o_1453.png.scale576x768.png	840957	710414
o_1463.png.scale192x256.png	89286	83533
o_1463.png.scale72x96.png	13118	12739
o_1463.png.scale288x384.png	198718	186900
o_1463.png.scale96x128.png	22976	21549
o_1462.png.scale384x512.png	252722	222826
o_1464.png.scale144x192.png	70533	69087
o_1453.png.scale672x896.png	1131383	950308
o_1464.png.scale192x256.png	122559	120058
o_1461.png.scale480x640.png	373184	325544
o_1463.png.scale384x512.png	351897	332502
o_1464.png.scale48x64.png	8260	8156
o_1464.png.scale288x384.png	266439	260328
o_1464.png.scale72x96.png	18442	18120
o_1442.png.scale768x576.png	352976	310756
o_1464.png.scale96x128.png	32483	31856
o_1467.png.scale144x192.png	57262	54298
o_1462.png.scale480x640.png	388077	341157
o_1453.png.scale768x1024.png	1460264	1219950
o_1464.png.scale384x512.png	459330	448247
o_1463.png.scale480x640.png	550816	518396
o_1467.png.scale48x64.png	6717	6550
o_1467.png.scale192x256.png	100948	95686
o_1467.png.scale288x384.png	225109	212763
o_1464.png.scale480x640.png	698513	679781
o_1467.png.scale72x96.png	14658	14231
o_1467.png.scale96x128.png	25868	24713
o_1461.png.scale576x768.png	535317	462477
o_1471.png.scale128x96.png	23255	21302
o_1467.png.scale384x512.png	396921	375001
o_1471.png.scale192x144.png	49946	45728
o_1463.png.scale576x768.png	796426	744863
o_1464.png.scale576x768.png	982816	953718
o_1471.png.scale256x192.png	87053	78992
o_1442.png.scale896x672.png	454941	399714
o_1471.png.scale64x48.png	6275	5893
o_1467.png.scale480x640.png	615950	581668
o_1471.png.scale96x72.png	13424	12534
o_1471.png.scale384x288.png	189237	179013
o_1472.png.scale128x96.png	18666	17663
o_1464.png.scale672x896.png	1311294	1269774
o_1472.png.scale192x144.png	38160	35398
o_1462.png.scale576x768.png	550362	485076
o_1471.png.scale512x384.png	330493	314425
o_1463.png.scale672x896.png	1086721	1010997
o_1472.png.scale64x48.png	5426	5324
o_1467.png.scale576x768.png	881787	827169
o_1472.png.scale256x192.png	63344	58873
o_1461.png.scale672x896.png	726241	628307
o_1472.png.scale96x72.png	11229	10758
o_1479.png.scale128x96.png	27274	26735
o_1479.png.scale192x144.png	60079	58648
o_1442.png.scale1024x768.png	565469	494541
o_1467.png.scale672x896.png	1191848	1114125
o_1464.png.scale768x1024.png	1681400	1625001
o_1471.png.scale640x480.png	508244	482312
o_1479.png.scale256x192.png	106083	103340
o_1479.png.scale64x48.png	7177	7122
o_1472.png.scale384x288.png	131504	120260
o_1479.png.scale96x72.png	15586	15360
o_1462.png.scale672x896.png	744316	656734
o_1480.png.scale128x96.png	16025	14568
o_1479.png.scale384x288.png	237082	229841
o_1463.png.scale768x1024.png	1422251	1315954
o_1480.png.scale192x144.png	34687	31249
o_1480.png.scale256x192.png	60276	54644
o_1479.png.scale512x384.png	421447	407188
o_1480.png.scale64x48.png	4368	4255
o_1471.png.scale768x576.png	725095	683153
o_1472.png.scale512x384.png	222656	202034
o_1480.png.scale96x72.png	9242	8539
o_1467.png.scale768x1024.png	1545929	1435643
o_1479.png.scale640x480.png	658426	631313
o_1462.png.scale768x1024.png	969089	852745
o_1461.png.scale768x1024.png	948528	816169
o_1480.png.scale384x288.png	132775	119870
o_1481.png.scale144x192.png	52178	48295
o_1481.png.scale48x64.png	6336	6192
o_1481.png.scale192x256.png	90673	84730
o_1481.png.scale72x96.png	13662	13152
o_1471.png.scale896x672.png	977256	917093
o_1481.png.scale288x384.png	201872	191382
o_1479.png.scale768x576.png	949041	909311
o_1481.png.scale96x128.png	23750	22639
o_1472.png.scale640x480.png	336575	302730
o_1484.png.scale144x192.png	36540	33802
o_1484.png.scale192x256.png	64357	59580
o_1480.png.scale512x384.png	235254	212782
o_1484.png.scale48x64.png	4740	4685
o_1471.png.scale1024x768.png	1266837	1183557
o_1484.png.scale72x96.png	9984	9586
o_1481.png.scale384x512.png	358663	338653
o_1479.png.scale896x672.png	1291112	1232686
o_1484.png.scale96x128.png	17202	16016
o_1484.png.scale288x384.png	142851	133821
o_1492.png.scale144x192.png	55499	54009
o_1479.png.scale1024x768.png	1684877	1605661
o_1492.png.scale192x256.png	96995	94220
o_1492.png.scale48x64.png	6697	6674
o_1472.png.scale768x576.png	473549	425655
o_1480.png.scale640x480.png	365728	331044
o_1481.png.scale480x640.png	558078	524848
o_1492.png.scale72x96.png	14548	14380
o_1492.png.scale288x384.png	213725	204866
o_1492.png.scale96x128.png	25413	24777
o_1497.png.scale135x192.png	62277	60626
o_1497.png.scale180x256.png	106326	103111
o_1484.png.scale384x512.png	255658	238459
o_1497.png.scale270x384.png	221533	213005
o_1492.png.scale384x512.png	375669	358177
o_1497.png.scale45x64.png	7482	7325
o_1481.png.scale576x768.png	802717	753860
o_1497.png.scale67x96.png	16329	15958
o_1472.png.scale896x672.png	632546	565909
o_1497.png.scale360x512.png	367564	352513
o_1497.png.scale90x128.png	28681	28002
o_1506.png.scale128x96.png	20849	19332
o_1492.png.scale480x640.png	581872	552019
o_1506.png.scale192x144.png	44455	40451
o_1480.png.scale768x576.png	523789	473347
o_1484.png.scale480x640.png	402571	375999
o_1506.png.scale256x192.png	75971	69401
o_1506.png.scale64x48.png	5765	5598
o_1497.png.scale449x640.png	540208	521673
o_1481.png.scale672x896.png	1090564	1019339
o_1506.png.scale384x288.png	162156	145152
o_1506.png.scale96x72.png	12266	11669
o_1492.png.scale576x768.png	833592	782296
o_1472.png.scale1024x768.png	816163	724791
o_1508.png.scale128x96.png	22123	20730
o_1484.png.scale576x768.png	583073	540347
o_1508.png.scale192x144.png	47436	43774
o_1508.png.scale256x192.png	81051	73269
o_1506.png.scale512x384.png	279033	249286
o_1508.png.scale64x48.png	6015	5853
o_1480.png.scale896x672.png	709273	640401
o_1497.png.scale539x768.png	740213	713027
o_1508.png.scale96x72.png	12857	12250
o_1529.png.scale144x192.png	44327	38316
o_1508.png.scale384x288.png	170839	153509
o_1529.png.scale192x256.png	77139	66187
o_1480.png.scale1024x768.png	922873	828792
o_1529.png.scale48x64.png	5282	5058
o_1506.png.scale640x480.png	426765	377646
o_1492.png.scale672x896.png	1129815	1051026
o_1529.png.scale72x96.png	11524	10231
o_1481.png.scale768x1024.png	1420591	1315714
o_1529.png.scale96x128.png	20204	17710
o_1497.png.scale629x896.png	965137	927237
o_1484.png.scale672x896.png	795900	737747
o_1508.png.scale512x384.png	289625	258738
o_1529.png.scale288x384.png	166040	143133
o_1544.png.scale144x192.png	52515	51132
o_1544.png.scale48x64.png	7223	7223
o_1544.png.scale192x256.png	86979	83778
o_1492.png.scale768x1024.png	1470439	1358574
o_1544.png.scale72x96.png	15220	15130
o_1544.png.scale288x384.png	174644	166714
o_1544.png.scale96x128.png	25585	25201
o_1529.png.scale384x512.png	288195	246393
o_1551.png.scale128x96.png	14389	13141
o_1508.png.scale640x480.png	437170	385924
o_1497.png.scale719x1024.png	1214177	1168066
o_1484.png.scale768x1024.png	1044840	965787
o_1506.png.scale768x576.png	603430	531245
o_1551.png.scale192x144.png	30433	27906
o_1551.png.scale64x48.png	4258	4121
o_1551.png.scale256x192.png	52363	46758
o_1544.png.scale384x512.png	287375	271977
o_1551.png.scale96x72.png	8536	7944
o_1556.png.scale120x256.png	67494	56886
o_1529.png.scale480x640.png	435800	371498
o_1551.png.scale384x288.png	114100	101934
o_1556.png.scale179x384.png	146350	121396
o_1544.png.scale480x640.png	425088	400049
o_1556.png.scale30x64.png	5010	4802
o_1506.png.scale896x672.png	809880	709272
o_1508.png.scale768x576.png	611825	538674
o_1556.png.scale45x96.png	10478	9793
o_1556.png.scale239x512.png	254953	208528
o_1556.png.scale60x128.png	17994	16189
o_1556.png.scale90x192.png	39058	33453
o_1506.png.scale1024x768.png	1046616	912868
o_1606.png.scale128x79.png	24394	24196
o_1606.png.scale192x119.png	52099	51494
o_1606.png.scale256x159.png	88342	88330
o_1556.png.scale299x640.png	392385	318646
o_1551.png.scale512x384.png	200149	179119
o_1606.png.scale64x40.png	6734	6712
o_1606.png.scale384x238.png	184943	181853
o_1529.png.scale576x768.png	610923	518059
o_1606.png.scale96x60.png	14405	14296
o_1544.png.scale576x768.png	587516	548710
o_1607.png.scale144x192.png	50773	49536
o_1556.png.scale359x768.png	557657	450231
o_1607.png.scale192x256.png	84044	81358
o_1606.png.scale512x318.png	312854	306959
o_1607.png.scale48x64.png	7086	7052
o_1508.png.scale896x672.png	814020	713099
o_1551.png.scale640x480.png	310351	276665
o_1607.png.scale72x96.png	14750	14625
o_1606.png.scale640x397.png	468546	457480
o_1529.png.scale672x896.png	806973	685490
o_1607.png.scale96x128.png	24707	24407
o_1556.png.scale419x896.png	746174	601497
o_1607.png.scale288x384.png	172466	165543
o_1609.png.scale128x96.png	27546	27189
o_1609.png.scale192x144.png	58462	57095
o_1609.png.scale256x192.png	99427	97019
o_1508.png.scale1024x768.png	1043420	909861
o_1609.png.scale64x48.png	7732	7707
o_1556.png.scale478x1024.png	954838	769620
o_1606.png.scale768x477.png	652269	635100
o_1609.png.scale96x72.png	16331	16148
o_1544.png.scale672x896.png	774730	720864
o_1609.png.scale384x288.png	211139	203913
o_1625.png.scale144x192.png	46432	42764
o_1607.png.scale384x512.png	289436	277349
o_1625.png.scale192x256.png	78715	72352
o_1625.png.scale48x64.png	6565	6362
o_1529.png.scale768x1024.png	1024275	869767
o_1609.png.scale512x384.png	360537	345185
o_1606.png.scale896x556.png	860973	837574
o_1625.png.scale72x96.png	13325	12769
o_1625.png.scale96x128.png	22169	21058
o_1606.png.scale1024x636.png	1096042	1063801
o_1551.png.scale768x577.png	444190	396426
o_1625.png.scale288x384.png	168863	153525
o_1627.png.scale144x192.png	48018	45778
o_1627.png.scale192x256.png	81104	76099
o_1627.png.scale48x64.png	6630	6630
o_1607.png.scale480x640.png	434838	413676
o_1609.png.scale640x480.png	546650	518090
o_1544.png.scale768x1024.png	988942	914598
o_1627.png.scale72x96.png	13767	13482
o_1627.png.scale96x128.png	23155	22253
o_1628.png.scale144x192.png	57656	55628
o_1627.png.scale288x384.png	171109	159489
o_1625.png.scale384x512.png	294162	265949
o_1628.png.scale192x256.png	97329	93360
o_1551.png.scale896x673.png	603042	533599
o_1628.png.scale48x64.png	7431	7408
o_1609.png.scale768x576.png	766362	722650
o_1627.png.scale384x512.png	291722	270486
o_1607.png.scale576x768.png	608638	576073
o_1628.png.scale72x96.png	15871	15634
o_1628.png.scale288x384.png	204345	195032
o_1628.png.scale96x128.png	27186	26661
o_1638.png.scale144x192.png	55279	53411
o_1625.png.scale480x640.png	453921	411456
o_1638.png.scale192x256.png	92937	89839
o_1628.png.scale384x512.png	345974	329600
o_1638.png.scale48x64.png	7221	7099
o_1609.png.scale896x672.png	1017671	953473
o_1551.png.scale1024x769.png	786084	692263
o_1638.png.scale72x96.png	15438	15065
o_1627.png.scale480x640.png	442833	404837
o_1638.png.scale96x128.png	26386	25524
o_1638.png.scale288x384.png	194232	185391
o_1607.png.scale672x896.png	809711	760561
o_2001.png.scale142x192.png	49014	48843
o_1625.png.scale576x768.png	653159	588302
o_2001.png.scale189x256.png	83037	83025
o_1628.png.scale480x640.png	523001	497844
o_2001.png.scale47x64.png	6895	6848
o_1609.png.scale1024x768.png	1296519	1211410
o_2001.png.scale71x96.png	14140	14140
o_2001.png.scale284x384.png	179229	178116
o_2001.png.scale95x128.png	23555	23555
o_1638.png.scale384x512.png	327095	310550
o_2003.png.scale102x128.png	20846	20319
o_1627.png.scale576x768.png	625314	563841
o_2001.png.scale379x512.png	313243	310983
o_2003.png.scale154x192.png	45135	44447
o_2003.png.scale205x256.png	79010	76516
o_1625.png.scale672x896.png	891750	795176
o_2003.png.scale51x64.png	6034	5991
o_1628.png.scale576x768.png	733493	696882
o_1638.png.scale480x640.png	491114	461341
o_2003.png.scale77x96.png	12404	12127
o_2001.png.scale473x640.png	486885	478725
o_2004.png.scale128x192.png	43488	42333
o_2003.png.scale307x384.png	177259	171527
o_1607.png.scale768x1024.png	1041905	977651
o_2004.png.scale171x256.png	75112	73818
o_2004.png.scale43x64.png	5903	5798
o_2001.png.scale568x768.png	702300	686092
o_1627.png.scale672x896.png	839537	753895
o_2004.png.scale64x96.png	12083	11906
o_2003.png.scale410x512.png	317538	306418
o_2004.png.scale256x384.png	163763	161125
o_2004.png.scale85x128.png	20293	19852
o_2010.png.scale102x128.png	28798	28721
o_2010.png.scale154x192.png	63389	62299
o_2010.png.scale205x256.png	109388	108736
o_2001.png.scale663x896.png	964045	928843
o_1628.png.scale672x896.png	977768	923210
o_2010.png.scale51x64.png	7609	7588
o_1625.png.scale768x1024.png	1168732	1033448
o_2004.png.scale341x512.png	286928	281285
o_2010.png.scale77x96.png	16718	16706
o_1638.png.scale576x768.png	685230	640964
o_1627.png.scale768x1024.png	1084099	966231
o_2010.png.scale307x384.png	237977	235262
o_2003.png.scale512x640.png	496047	477484
o_2012.png.scale128x96.png	15351	11043
o_2012.png.scale192x144.png	30641	22132
o_2004.png.scale427x640.png	447621	437607
o_2010.png.scale410x512.png	416715	411257
o_2012.png.scale256x192.png	49861	36877
o_2012.png.scale64x48.png	4999	3642
o_1628.png.scale768x1024.png	1255866	1177923
o_2003.png.scale614x768.png	709877	682943
o_2012.png.scale96x72.png	9675	6949
o_2001.png.scale757x1024.png	1271599	1206087
o_2202.png.scale128x128.png	21630	19781
o_2012.png.scale384x288.png	103530	77578
o_2004.png.scale512x768.png	644410	628716
o_2010.png.scale512x640.png	644779	634018
o_1638.png.scale672x896.png	909296	847371
o_2202.png.scale192x192.png	46834	42182
o_2202.png.scale64x64.png	6160	5798
o_2202.png.scale256x256.png	82166	73902
o_2202.png.scale96x96.png	12723	11885
o_2004.png.scale597x896.png	881487	855385
o_2010.png.scale614x768.png	925576	906560
o_2012.png.scale512x384.png	174181	132928
o_2210.png.scale102x128.png	19000	13681
o_2210.png.scale154x192.png	50003	36019
o_2210.png.scale205x256.png	96434	68203
o_2210.png.scale51x64.png	3588	2571
o_2003.png.scale717x896.png	955855	919212
o_2010.png.scale717x896.png	1262966	1234457
o_2210.png.scale307x384.png	231648	160844
o_2210.png.scale77x96.png	9416	6647
o_2202.png.scale384x384.png	181587	163601
o_2004.png.scale683x1024.png	1162429	1120549
o_1638.png.scale768x1024.png	1163999	1077187
o_2403.png.scale144x192.png	60491	54416
o_2403.png.scale192x256.png	98473	90100
o_2403.png.scale48x64.png	8531	7977
o_2210.png.scale410x512.png	412431	287627
o_2012.png.scale640x480.png	264111	201842
o_2003.png.scale819x1024.png	1228348	1183433
o_2403.png.scale72x96.png	17777	16048
o_2010.png.scale819x1024.png	1652374	1603528
o_2403.png.scale288x384.png	196501	181365
o_2403.png.scale96x128.png	29621	26741
o_2405.png.scale108x192.png	46048	45649
o_2405.png.scale144x256.png	85402	83305
o_2202.png.scale512x512.png	319442	287769
o_2405.png.scale36x64.png	4285	4263
o_2405.png.scale216x384.png	201376	191754
o_2405.png.scale288x512.png	366462	345491
o_2405.png.scale54x96.png	10255	10255
o_2210.png.scale512x640.png	628227	444941
o_2405.png.scale72x128.png	19179	19179
o_2403.png.scale384x512.png	321203	296942
o_2012.png.scale768x576.png	368982	284543
o_2407.png.scale128x192.png	36715	35498
o_2405.png.scale360x640.png	579480	541169
o_2407.png.scale171x256.png	64931	61522
o_2407.png.scale43x64.png	4472	4411
o_2202.png.scale640x640.png	497602	448516
o_2405.png.scale432x768.png	839899	780553
o_2407.png.scale256x384.png	144397	137114
o_2407.png.scale64x96.png	9610	9390
o_2407.png.scale85x128.png	16644	16051
o_2403.png.scale480x640.png	472221	437901
o_2409.png.scale128x192.png	49309	48273
o_2409.png.scale171x256.png	93561	91257
o_2210.png.scale614x768.png	871627	622902
o_2409.png.scale256x384.png	230617	223983
o_2409.png.scale43x64.png	5085	5085
o_2405.png.scale504x896.png	1147475	1063227
o_2012.png.scale896x672.png	490924	380225
o_2409.png.scale64x96.png	11232	11232
o_2405.png.scale576x1024.png	1499696	1387775
o_2407.png.scale341x512.png	253960	241966
o_2409.png.scale85x128.png	20355	20229
o_2409.png.scale341x512.png	431339	419264
o_3001.png.scale147x192.png	34082	32096
o_2012.png.scale1024x768.png	632134	490514
o_2409.png.scale427x640.png	692996	670988
o_3001.png.scale49x64.png	4460	4318
o_2407.png.scale427x640.png	394025	376937
o_3001.png.scale196x256.png	59732	55310
o_2202.png.scale768x768.png	718120	645223
o_3001.png.scale73x96.png	9252	8790
o_3001.png.scale98x128.png	15796	15045
o_2409.png.scale512x768.png	1007917	974616
o_3003.png.scale128x91.png	17901	17632
o_2403.png.scale576x768.png	648195	602499
o_2210.png.scale717x896.png	1143860	829897
o_3003.png.scale192x136.png	39710	38863
o_2409.png.scale597x896.png	1374202	1326409
o_3001.png.scale294x384.png	135267	124226
o_3003.png.scale64x45.png	4585	4545
o_3003.png.scale256x181.png	70410	68233
o_2407.png.scale512x768.png	562572	540344
o_3003.png.scale96x68.png	10131	10006
o_3003.png.scale384x272.png	160578	155368
o_2403.png.scale672x896.png	846294	787408
o_3006.png.scale128x95.png	25172	24204
o_2409.png.scale683x1024.png	1792460	1728586
o_3006.png.scale192x143.png	55523	52958
o_2202.png.scale896x896.png	980877	878132
o_3006.png.scale256x191.png	97198	91771
o_3001.png.scale392x512.png	245964	225369
o_3006.png.scale64x48.png	6860	6704
o_3003.png.scale512x362.png	290097	279056
o_3006.png.scale96x72.png	14716	14270
o_3006.png.scale384x286.png	216474	203095
o_3008.png.scale128x92.png	22202	22202
o_3008.png.scale192x138.png	47986	47986
o_2210.png.scale819x1024.png	1443093	1064501
o_2407.png.scale597x896.png	758032	730949
o_2202.png.scale1024x1024.png	1286887	1148329
o_3008.png.scale256x185.png	83954	83562
o_3008.png.scale64x46.png	6070	6070
o_3003.png.scale640x453.png	458965	440451
o_3006.png.scale512x381.png	381610	357787
o_3008.png.scale96x69.png	12922	12922
o_3001.png.scale490x640.png	395098	363295
o_3003.png.scale768x544.png	666324	635642
o_3009.png.scale14x64.png	2358	2358
o_3008.png.scale384x277.png	183000	181984
o_3009.png.scale115x512.png	115356	111787
o_3009.png.scale22x96.png	5093	5054
o_3009.png.scale144x640.png	177598	170851
o_2403.png.scale768x1024.png	1065849	988926
o_3009.png.scale29x128.png	8517	8389
o_3009.png.scale43x192.png	17720	17264
o_3001.png.scale588x768.png	585838	541534
o_3009.png.scale58x256.png	30737	29966
o_3010.png.scale100x128.png	27403	26851
o_3008.png.scale512x369.png	317616	314599
o_3010.png.scale151x192.png	62678	61082
o_3009.png.scale87x384.png	66688	64947
o_3010.png.scale201x256.png	110561	107720
o_3010.png.scale50x64.png	6568	6568
o_3006.png.scale640x477.png	591892	554920
o_3009.png.scale173x768.png	251929	242594
o_3010.png.scale301x384.png	243947	237244
o_3010.png.scale75x96.png	15109	14960
o_3003.png.scale896x634.png	910510	864411
o_3008.png.scale640x461.png	486234	478377
o_3009.png.scale202x896.png	338318	325223
o_3014.png.scale128x106.png	14126	13207
o_3010.png.scale402x512.png	428430	415923
o_2407.png.scale683x1024.png	982749	946763
o_3014.png.scale192x159.png	31389	28234
o_3009.png.scale231x1024.png	436721	419259
o_3014.png.scale64x53.png	3990	3800
o_3006.png.scale768x572.png	844168	789866
o_3010.png.scale502x640.png	662400	642692
o_3014.png.scale96x79.png	8178	7765
o_3001.png.scale686x896.png	819194	763067
o_3301.png.scale108x128.png	13943	10516
o_3003.png.scale1024x725.png	1191529	1121985
o_3014.png.scale256x212.png	55069	48955
o_3301.png.scale162x192.png	28269	21667
o_3008.png.scale768x554.png	690388	675908
o_3301.png.scale54x64.png	4345	3305
o_3001.png.scale784x1024.png	1096846	1025434
o_3301.png.scale81x96.png	8479	6746
o_3301.png.scale215x256.png	48273	36904
o_3006.png.scale896x668.png	1138506	1062549
o_3302.png.scale128x86.png	14402	10680
o_3010.png.scale603x768.png	949324	920432
o_3014.png.scale384x318.png	121260	106792
o_3302.png.scale192x129.png	29428	22019
o_3301.png.scale323x384.png	105954	82527
o_3008.png.scale896x646.png	926418	905188
o_3006.png.scale1024x763.png	1469795	1367554
o_3302.png.scale256x172.png	50131	37536
o_3302.png.scale64x43.png	4516	3268
o_3302.png.scale96x64.png	8801	6472
o_3010.png.scale703x896.png	1286191	1245928
o_3305.png.scale108x128.png	20631	14520
o_3302.png.scale384x258.png	110790	83346
o_3008.png.scale1024x738.png	1195437	1162871
o_3305.png.scale163x192.png	43296	30487
o_3305.png.scale217x256.png	74691	52484
o_3305.png.scale54x64.png	6500	4538
o_3301.png.scale431x512.png	195497	151050
o_3010.png.scale804x1024.png	1675401	1622772
o_3302.png.scale512x344.png	199826	150599
o_3305.png.scale81x96.png	12540	8799
o_3014.png.scale512x424.png	212070	186990
o_3311.png.scale128x110.png	15732	11576
o_3305.png.scale325x384.png	160129	114065
o_3311.png.scale192x165.png	32993	24302
o_3302.png.scale640x429.png	319902	239809
o_3305.png.scale434x512.png	283922	203251
o_3311.png.scale256x220.png	57124	41932
o_3311.png.scale64x55.png	4383	3311
o_3302.png.scale768x515.png	475994	354946
o_3014.png.scale640x530.png	329278	290366
o_3301.png.scale539x640.png	322557	247729
o_3311.png.scale96x82.png	9243	6875
o_3320.png.scale128x72.png	17238	16937
o_3320.png.scale192x107.png	37626	36925
o_3311.png.scale384x329.png	128587	93142
o_3320.png.scale256x143.png	66808	65912
o_3302.png.scale896x601.png	665379	494138
o_3305.png.scale542x640.png	455598	322759
o_3320.png.scale64x36.png	4482	4465
o_3320.png.scale384x215.png	152761	150074
o_3301.png.scale646x768.png	492469	375694
o_3320.png.scale96x54.png	9722	9669
o_3320.png.scale512x286.png	276042	272293
o_3323.png.scale120x128.png	21492	20695
o_3302.png.scale1024x687.png	891680	659458
o_3311.png.scale512x439.png	231000	167963
o_3320.png.scale640x358.png	441429	436548
o_3323.png.scale180x192.png	47848	45999
o_3323.png.scale60x64.png	5660	5569
o_3305.png.scale650x768.png	667857	471867
o_3323.png.scale240x256.png	85369	83195
o_3323.png.scale90x96.png	12262	11985
o_3320.png.scale768x430.png	667327	665748
o_3301.png.scale754x896.png	709374	537983
o_5004.png.scale128x91.png	22178	22082
o_3014.png.scale768x636.png	474699	416886
o_5004.png.scale192x136.png	48316	47581
o_3323.png.scale359x384.png	195685	187983
o_3311.png.scale640x549.png	363657	266412
o_3320.png.scale1024x573.png	1298748	1295192
o_5004.png.scale256x181.png	84203	81974
o_5004.png.scale64x45.png	5910	5878
o_3320.png.scale896x501.png	955411	951796
o_5004.png.scale96x68.png	12752	12713
o_3323.png.scale479x512.png	356523	339645
o_3305.png.scale759x896.png	920814	652516
o_5008.png.scale148x192.png	39738	36405
o_5004.png.scale384x272.png	182992	175454
o_5008.png.scale198x256.png	64779	57061
o_5008.png.scale49x64.png	5796	5686
o_5008.png.scale297x384.png	127301	105927
o_3323.png.scale599x640.png	569600	541434
o_5004.png.scale512x362.png	312226	296943
o_5008.png.scale74x96.png	12098	11511
o_3311.png.scale768x659.png	526357	386952
o_3301.png.scale862x1024.png	976329	734256
o_5016.png.scale128x69.png	18994	18406
o_5008.png.scale99x128.png	19947	18743
o_5016.png.scale192x103.png	37807	35802
o_5008.png.scale396x512.png	202973	163251
o_3305.png.scale867x1024.png	1216302	863166
o_5016.png.scale256x137.png	60950	56700
o_5016.png.scale64x34.png	5365	5352
o_3014.png.scale896x741.png	645741	567640
o_5016.png.scale384x206.png	116508	107241
o_5004.png.scale640x453.png	471228	444728
o_3323.png.scale719x768.png	836085	792565
o_5016.png.scale96x51.png	11266	11112
o_5028.png.scale136x192.png	53934	51001
o_5016.png.scale512x275.png	183150	170375
o_3014.png.scale1024x847.png	839589	740221
o_5028.png.scale181x256.png	92256	86714
o_5028.png.scale45x64.png	6933	6776
o_5016.png.scale640x343.png	259830	245669
o_5028.png.scale272x384.png	199896	185773
o_5028.png.scale68x96.png	14824	14362
o_5008.png.scale495x640.png	289957	228606
o_5028.png.scale91x128.png	25388	24473
o_5035.png.scale124x192.png	30086	21511
o_3311.png.scale896x768.png	713414	528432
o_5008.png.scale593x768.png	381194	300270
o_5004.png.scale768x543.png	656766	616359
o_5035.png.scale41x64.png	4666	3687
o_5035.png.scale166x256.png	47631	33607
o_3323.png.scale838x896.png	1152733	1092129
o_5035.png.scale62x96.png	9385	7040
o_5028.png.scale362x512.png	338990	314390
o_5016.png.scale768x412.png	346870	334662
o_5035.png.scale83x128.png	15437	11279
o_5036.png.scale124x192.png	32293	25964
o_3311.png.scale1024x878.png	924992	690889
o_5036.png.scale166x256.png	54861	43487
o_5035.png.scale248x384.png	93631	65610
o_5036.png.scale41x64.png	4604	4135
o_5028.png.scale453x640.png	509997	474594
o_5004.png.scale896x634.png	867053	809384
o_5036.png.scale62x96.png	9282	7928
o_3323.png.scale958x1024.png	1525149	1448785
o_5036.png.scale83x128.png	15452	12835
o_5036.png.scale248x384.png	115537	88491
o_5035.png.scale331x512.png	152404	103990
o_5038.png.scale117x192.png	37240	30115
o_5028.png.scale543x768.png	715149	665190
o_5008.png.scale692x896.png	478300	378272
o_5038.png.scale39x64.png	5035	4248
o_5038.png.scale155x256.png	62960	50872
o_5035.png.scale414x640.png	219698	150190
o_5038.png.scale58x96.png	10254	8569
o_5004.png.scale1024x724.png	1100090	1026456
o_5036.png.scale331x512.png	200315	149367
o_5038.png.scale78x128.png	17570	14405
o_5038.png.scale233x384.png	133624	108095
o_5016.png.scale896x480.png	443301	430597
o_5044.png.scale148x192.png	26084	17194
o_5036.png.scale414x640.png	304835	219456
o_5016.png.scale1024x549.png	551479	535736
o_5044.png.scale49x64.png	3805	2785
o_5028.png.scale634x896.png	955296	876626
o_5008.png.scale791x1024.png	578561	461946
o_5044.png.scale198x256.png	43512	27983
o_5044.png.scale74x96.png	7782	5462
o_5044.png.scale99x128.png	12801	8779
o_5200.png.scale148x192.png	33543	30840
o_5035.png.scale497x768.png	293500	200866
o_5200.png.scale198x256.png	55458	50493
o_5038.png.scale311x512.png	225985	184979
o_5044.png.scale297x384.png	86243	54370
o_5036.png.scale497x768.png	426728	303653
o_5200.png.scale49x64.png	4946	4772
o_5200.png.scale74x96.png	9974	9385
o_5035.png.scale580x896.png	373820	256361
o_5028.png.scale724x1024.png	1220919	1119818
o_5200.png.scale297x384.png	110207	101489
o_5200.png.scale99x128.png	16680	15266
o_5038.png.scale389x640.png	339391	279272
o_5044.png.scale396x512.png	135830	86559
o_5202.png.scale148x192.png	32386	26980
o_5202.png.scale49x64.png	4591	4339
o_5202.png.scale198x256.png	55228	45073
o_5200.png.scale396x512.png	178925	166015
o_5202.png.scale74x96.png	9312	8408
o_5036.png.scale580x896.png	563044	399612
o_5202.png.scale99x128.png	15771	13700
o_5035.png.scale663x1024.png	459582	315831
o_5300.png.scale148x192.png	29597	24216
o_5202.png.scale297x384.png	118815	91067
o_5200.png.scale495x640.png	263854	245083
o_5300.png.scale198x256.png	49489	39342
o_5044.png.scale495x640.png	189889	122584
o_5300.png.scale49x64.png	4036	3844
o_5038.png.scale466x768.png	469638	387963
o_5300.png.scale74x96.png	8575	7803
o_5036.png.scale663x1024.png	709810	503540
o_5300.png.scale99x128.png	14540	12510
o_5300.png.scale297x384.png	104391	77840
o_5303.png.scale148x192.png	23052	16325
o_5202.png.scale396x512.png	195840	148422
o_5200.png.scale593x768.png	361594	337323
o_5303.png.scale198x256.png	37674	25147
o_5303.png.scale49x64.png	3721	3106
o_5202.png.scale495x640.png	283796	215093
o_5044.png.scale593x768.png	247812	161990
o_5303.png.scale74x96.png	7558	5725
o_5300.png.scale396x512.png	172625	126879
o_5303.png.scale99x128.png	12192	9052
o_5303.png.scale297x384.png	78700	48533
o_5038.png.scale544x896.png	616711	510793
o_5309.png.scale148x192.png	24178	20673
o_5303.png.scale396x512.png	128293	77798
o_5309.png.scale198x256.png	38339	32187
o_5309.png.scale49x64.png	4271	4153
o_5044.png.scale692x896.png	308246	205756
o_5202.png.scale593x768.png	370383	284439
o_5300.png.scale495x640.png	248599	183085
o_5200.png.scale692x896.png	470921	438305
o_5309.png.scale74x96.png	8274	7848
o_5309.png.scale99x128.png	13106	12256
o_5312.png.scale148x192.png	26860	21569
o_5309.png.scale297x384.png	70293	55341
o_5312.png.scale198x256.png	43589	33572
o_5303.png.scale495x640.png	182289	111243
o_5202.png.scale692x896.png	464783	361695
o_5312.png.scale49x64.png	4221	3555
o_5309.png.scale396x512.png	107166	83041
o_5200.png.scale791x1024.png	593046	552811
o_5044.png.scale791x1024.png	368936	250774
o_5300.png.scale593x768.png	328259	242772
o_5312.png.scale74x96.png	8995	7818
o_5312.png.scale99x128.png	14297	11783
o_5315.png.scale148x192.png	19097	13195
o_5312.png.scale297x384.png	82265	61277
o_5309.png.scale495x640.png	147001	114857
o_5315.png.scale198x256.png	27051	18148
o_5315.png.scale49x64.png	3637	2812
o_5300.png.scale692x896.png	410884	307597
o_5315.png.scale74x96.png	7322	5337
o_5038.png.scale622x1024.png	772457	641650
o_5202.png.scale791x1024.png	565729	445917
o_5312.png.scale396x512.png	121316	89415
o_5303.png.scale593x768.png	233242	145192
o_5315.png.scale99x128.png	11451	8026
o_5338.png.scale148x192.png	23565	19536
o_5315.png.scale297x384.png	48887	31293
o_5338.png.scale49x64.png	3696	3326
o_5338.png.scale198x256.png	38826	31670
o_5309.png.scale593x768.png	188107	148459
o_5303.png.scale692x896.png	283970	180303
o_5312.png.scale495x640.png	162787	125080
o_5338.png.scale74x96.png	7262	6375
o_5338.png.scale99x128.png	11845	10085
o_5300.png.scale791x1024.png	496360	374327
o_5338.png.scale297x384.png	78171	62508
o_5339.png.scale148x192.png	23679	19550
o_5315.png.scale396x512.png	71102	47072
o_5339.png.scale49x64.png	4266	3935
o_5339.png.scale198x256.png	37132	29396
o_5338.png.scale396x512.png	125439	100543
o_5339.png.scale297x384.png	69339	53218
o_5339.png.scale74x96.png	8160	7226
o_5339.png.scale99x128.png	12695	11067
o_5312.png.scale593x768.png	201835	155054
o_5303.png.scale791x1024.png	337687	217599
o_6001.png.scale131x192.png	18489	11093
o_5309.png.scale692x896.png	228472	179965
o_5315.png.scale495x640.png	93709	63561
o_6001.png.scale44x64.png	3328	2137
o_5339.png.scale396x512.png	107327	82146
o_5338.png.scale495x640.png	181238	145362
o_6001.png.scale174x256.png	28861	17564
o_6001.png.scale65x96.png	6210	3840
o_6001.png.scale87x128.png	9826	5962
o_5339.png.scale495x640.png	147191	114738
o_5315.png.scale593x768.png	121145	85837
o_5309.png.scale791x1024.png	270831	210791
o_6001.png.scale261x384.png	52897	31905
o_6003.png.scale131x192.png	19194	11758
o_6003.png.scale44x64.png	3378	2153
o_6003.png.scale174x256.png	29994	18296
o_5338.png.scale593x768.png	241647	194262
o_6003.png.scale65x96.png	6521	3975
o_5312.png.scale692x896.png	245849	184764
o_6003.png.scale87x128.png	10214	6259
o_6001.png.scale349x512.png	78906	49453
o_6003.png.scale261x384.png	53710	33611
o_6014.png.scale131x192.png	30814	20684
o_6014.png.scale174x256.png	51524	34114
o_5339.png.scale593x768.png	191658	147968
o_6014.png.scale44x64.png	3137	2646
o_6001.png.scale436x640.png	107185	67410
o_5338.png.scale692x896.png	307510	251392
o_6014.png.scale65x96.png	7129	5185
o_6014.png.scale261x384.png	115739	71438
o_5315.png.scale692x896.png	148597	105828
o_6003.png.scale349x512.png	79397	51119
o_6014.png.scale87x128.png	13215	9199
o_6016.png.scale131x192.png	30143	20356
o_5312.png.scale791x1024.png	291184	214644
o_5338.png.scale791x1024.png	377087	308684
o_6014.png.scale349x512.png	214904	122264
o_6016.png.scale174x256.png	50509	33522
o_5339.png.scale692x896.png	234394	181640
o_6016.png.scale44x64.png	3209	2674
o_6016.png.scale65x96.png	7093	5700
o_6001.png.scale523x768.png	134904	86767
o_6016.png.scale87x128.png	13081	9190
o_6003.png.scale436x640.png	107729	69940
o_6016.png.scale261x384.png	114458	71719
o_6034.png.scale147x192.png	30644	22859
o_5315.png.scale791x1024.png	173999	123476
o_6014.png.scale436x640.png	328852	184732
o_6034.png.scale49x64.png	4220	3156
o_6034.png.scale196x256.png	52731	39488
o_6034.png.scale74x96.png	8753	6373
o_6016.png.scale349x512.png	212202	121922
o_5339.png.scale791x1024.png	280140	213255
o_6003.png.scale523x768.png	137391	90088
o_6034.png.scale98x128.png	14536	10664
o_6038.png.scale147x192.png	44874	32865
o_6001.png.scale610x896.png	164050	107400
o_6016.png.scale436x640.png	326796	180837
o_6038.png.scale49x64.png	4168	3202
o_6003.png.scale610x896.png	168527	111303
o_6038.png.scale196x256.png	76826	56792
o_6034.png.scale295x384.png	113294	87365
o_6038.png.scale74x96.png	9929	7309
o_6038.png.scale98x128.png	18723	13266
o_6001.png.scale697x1024.png	195497	130211
o_6014.png.scale523x768.png	457416	254860
o_6043.png.scale147x192.png	40461	29315
o_6038.png.scale295x384.png	172689	130708
o_6043.png.scale196x256.png	67765	50345
o_6043.png.scale49x64.png	3848	2998
o_6003.png.scale697x1024.png	202523	134940
o_6016.png.scale523x768.png	451480	249864
o_6043.png.scale74x96.png	9298	6609
o_6014.png.scale610x896.png	569961	324631
o_6043.png.scale295x384.png	146192	113407
o_6043.png.scale98x128.png	17132	12102
o_6034.png.scale393x512.png	193781	152667
o_6044.png.scale147x192.png	47313	34624
o_6038.png.scale393x512.png	313605	242891
o_6016.png.scale610x896.png	560361	317809
o_6044.png.scale196x256.png	81725	60084
o_6044.png.scale49x64.png	4347	3410
o_6043.png.scale393x512.png	259556	206284
o_6044.png.scale74x96.png	10759	7788
o_6014.png.scale697x1024.png	674906	395961
o_6044.png.scale295x384.png	183235	138703
o_6044.png.scale98x128.png	20031	14205
o_6049.png.scale147x192.png	41328	29890
o_6038.png.scale491x640.png	492244	387863
o_6049.png.scale196x256.png	69454	51324
o_6043.png.scale491x640.png	402946	326323
o_6049.png.scale49x64.png	3951	3020
o_6049.png.scale295x384.png	149984	115004
o_6016.png.scale697x1024.png	664621	387812
o_6034.png.scale491x640.png	290773	231917
o_6049.png.scale74x96.png	9519	6777
o_6044.png.scale393x512.png	331821	256465
o_6049.png.scale98x128.png	17821	12518
o_6050.png.scale147x192.png	45394	32938
o_6050.png.scale196x256.png	78651	57672
o_6038.png.scale589x768.png	695555	558973
o_6049.png.scale393x512.png	266457	208219
o_6050.png.scale49x64.png	4493	3413
o_6043.png.scale589x768.png	569296	465988
o_6034.png.scale589x768.png	408478	328120
o_6050.png.scale74x96.png	10721	7661
o_6050.png.scale295x384.png	176430	132830
o_6050.png.scale98x128.png	19459	13689
o_6044.png.scale491x640.png	518180	409794
o_6059.png.scale147x192.png	24544	16236
o_6043.png.scale688x896.png	748633	619702
o_6059.png.scale196x256.png	41088	26844
o_6049.png.scale491x640.png	412884	329599
o_6059.png.scale49x64.png	3244	2388
o_6038.png.scale688x896.png	919534	752539
o_6050.png.scale393x512.png	316844	244227
o_6059.png.scale74x96.png	6952	4733
o_6059.png.scale295x384.png	89417	54570
o_6059.png.scale98x128.png	11760	7813
o_6034.png.scale688x896.png	544063	441885
o_6063.png.scale147x192.png	21630	13724
o_6044.png.scale589x768.png	734231	590566
o_6049.png.scale589x768.png	582929	472539
o_6063.png.scale196x256.png	35102	22227
o_6063.png.scale49x64.png	3558	2343
o_6043.png.scale786x1024.png	945416	789261
o_6050.png.scale491x640.png	494194	388032
o_6059.png.scale393x512.png	155063	90808
o_6063.png.scale74x96.png	7008	4479
o_6063.png.scale98x128.png	11142	7106
o_6038.png.scale786x1024.png	1172371	967373
o_6063.png.scale295x384.png	68801	44450
o_6064.png.scale147x192.png	19453	12834
o_6059.png.scale491x640.png	232347	133148
o_6044.png.scale688x896.png	972650	795190
o_6064.png.scale196x256.png	32129	21199
o_6064.png.scale49x64.png	3291	2156
o_6063.png.scale393x512.png	107089	67461
o_6064.png.scale74x96.png	6261	4075
o_6049.png.scale688x896.png	766616	629292
o_6064.png.scale98x128.png	9878	6502
o_6067.png.scale147x192.png	28711	19830
o_6050.png.scale589x768.png	694604	557205
o_6034.png.scale786x1024.png	697454	568717
o_6064.png.scale295x384.png	67041	43477
o_6059.png.scale589x768.png	316490	183911
o_6067.png.scale196x256.png	48350	32313
o_6067.png.scale49x64.png	2925	2561
o_6049.png.scale786x1024.png	966625	800641
o_6067.png.scale74x96.png	6673	5428
o_6063.png.scale491x640.png	150537	96107
o_6067.png.scale295x384.png	110583	69189
o_6067.png.scale98x128.png	12252	8587
o_6068.png.scale147x192.png	29957	20441
o_6064.png.scale393x512.png	110337	72839
o_6059.png.scale688x896.png	407057	239328
o_6067.png.scale393x512.png	207804	119335
o_6068.png.scale196x256.png	51268	33969
o_6068.png.scale49x64.png	2979	2584
o_6063.png.scale589x768.png	199002	126919
o_6044.png.scale786x1024.png	1238162	1023900
o_6068.png.scale295x384.png	118979	76529
o_6068.png.scale74x96.png	6670	5493
o_6068.png.scale98x128.png	12338	9590
o_6070.png.scale147x192.png	29918	21400
o_6050.png.scale688x896.png	921543	749284
o_6070.png.scale196x256.png	51710	35540
o_6059.png.scale786x1024.png	502237	298064
o_6070.png.scale49x64.png	2990	2629
o_6068.png.scale393x512.png	224217	130309
o_6067.png.scale491x640.png	328434	183237
o_6064.png.scale491x640.png	161810	107383
o_6063.png.scale688x896.png	253270	162734
o_6070.png.scale74x96.png	6778	5547
o_6070.png.scale98x128.png	12555	9541
o_6080.png.scale147x192.png	30178	20277
o_6070.png.scale295x384.png	119418	75807
o_6067.png.scale589x768.png	460051	257138
o_6080.png.scale196x256.png	52247	35498
o_6080.png.scale49x64.png	3210	2696
o_6068.png.scale491x640.png	354518	205409
o_6050.png.scale786x1024.png	1170759	963147
o_6064.png.scale589x768.png	219957	147644
o_6080.png.scale74x96.png	7325	5625
o_6063.png.scale786x1024.png	317966	204544
o_6070.png.scale393x512.png	225454	132920
o_6080.png.scale98x128.png	13074	8923
o_6083.png.scale147x192.png	26751	18533
o_6080.png.scale295x384.png	121230	76719
o_6083.png.scale196x256.png	45095	30192
o_6083.png.scale49x64.png	3195	2629
o_6067.png.scale688x896.png	595080	332296
o_6070.png.scale491x640.png	357377	207530
o_6083.png.scale74x96.png	6790	5163
o_6083.png.scale295x384.png	102710	63643
o_6083.png.scale98x128.png	11946	8249
o_6080.png.scale393x512.png	223803	131959
o_6101.png.scale131x192.png	30919	20301
o_6068.png.scale589x768.png	497686	288005
o_6101.png.scale174x256.png	52139	33344
o_6083.png.scale393x512.png	189953	108513
o_6101.png.scale44x64.png	3418	2789
o_6064.png.scale688x896.png	294271	199285
o_6080.png.scale491x640.png	349818	200381
o_6101.png.scale65x96.png	7440	5277
o_6101.png.scale261x384.png	116867	70016
o_6068.png.scale688x896.png	659379	384485
o_6070.png.scale589x768.png	505606	296700
o_6101.png.scale87x128.png	13449	9150
o_6067.png.scale786x1024.png	738034	415156
o_6105.png.scale147x192.png	25300	18772
o_6105.png.scale196x256.png	41587	31553
o_6083.png.scale491x640.png	297985	164931
o_6101.png.scale349x512.png	214420	119484
o_6105.png.scale49x64.png	3384	2595
o_6105.png.scale74x96.png	6848	5145
o_6105.png.scale295x384.png	85970	67676
o_6080.png.scale589x768.png	488982	283573
o_6105.png.scale98x128.png	11871	8658
o_6070.png.scale688x896.png	669039	393528
o_6107.png.scale147x192.png	39219	28311
o_6105.png.scale393x512.png	144229	115709
o_6101.png.scale436x640.png	328761	180054
o_6107.png.scale196x256.png	65157	48500
o_6107.png.scale49x64.png	3987	3012
o_6083.png.scale589x768.png	415732	231729
o_6107.png.scale74x96.png	9346	6582
o_6107.png.scale295x384.png	140561	109003
o_6064.png.scale786x1024.png	377897	256863
o_6107.png.scale98x128.png	16999	11943
o_6068.png.scale786x1024.png	832953	490577
o_6600.png.scale134x192.png	58972	58962
o_6600.png.scale179x256.png	103918	102463
o_6080.png.scale688x896.png	644814	377742
o_6600.png.scale45x64.png	7160	7160
o_6101.png.scale523x768.png	443571	247265
o_6107.png.scale393x512.png	248045	197515
o_6105.png.scale491x640.png	215150	174972
o_6600.png.scale67x96.png	15454	15454
o_6070.png.scale786x1024.png	849127	501517
o_6600.png.scale89x128.png	26865	26835
o_6601.png.scale131x192.png	57208	56632
o_6600.png.scale268x384.png	227070	224691
o_6601.png.scale174x256.png	99534	97898
o_6083.png.scale688x896.png	537976	305353
o_6101.png.scale610x896.png	545781	314454
o_6601.png.scale44x64.png	7140	7140
o_6600.png.scale357x512.png	394488	391104
o_6601.png.scale65x96.png	15184	15133
o_6601.png.scale262x384.png	218855	216461
o_6601.png.scale87x128.png	26209	26155
o_6602.png.scale131x192.png	55786	55382
o_6601.png.scale349x512.png	383790	379479
o_6600.png.scale446x640.png	605742	600238
o_6105.png.scale589x768.png	296909	244365
o_6602.png.scale175x256.png	97956	96528
o_6107.png.scale491x640.png	382018	311497
o_6080.png.scale786x1024.png	816737	481630
o_6602.png.scale44x64.png	7017	7017
o_6602.png.scale65x96.png	14758	14686
o_6602.png.scale262x384.png	215560	213380
o_6602.png.scale87x128.png	25413	25316
o_6083.png.scale786x1024.png	670868	380115
o_6105.png.scale688x896.png	386208	323369
o_6603.png.scale130x192.png	53549	48603
o_6601.png.scale436x640.png	596214	589929
o_6603.png.scale173x256.png	93723	86655
o_6603.png.scale43x64.png	6838	6078
o_6600.png.scale536x768.png	863164	853270
o_6101.png.scale697x1024.png	640238	382853
o_6602.png.scale349x512.png	378198	374459
o_6603.png.scale65x96.png	14323	12685
o_6603.png.scale260x384.png	207732	199398
o_6603.png.scale87x128.png	24548	21812
o_6604.png.scale130x192.png	53531	49472
o_6601.png.scale523x768.png	856929	847543
o_6107.png.scale589x768.png	535787	440843
o_6604.png.scale173x256.png	94864	90277
o_6604.png.scale43x64.png	6247	5728
o_6603.png.scale346x512.png	365415	355329
o_6602.png.scale436x640.png	584671	579451
o_6604.png.scale65x96.png	13734	12431
o_6604.png.scale259x384.png	213804	210850
o_6604.png.scale86x128.png	23891	21561
o_6604.png.scale346x512.png	387616	384203
o_6606.png.scale132x192.png	56438	56152
o_6600.png.scale625x896.png	1162241	1145344
o_6107.png.scale688x896.png	703298	586697
o_6105.png.scale786x1024.png	485371	409661
o_6606.png.scale44x64.png	7044	7023
o_6602.png.scale524x768.png	836847	828131
o_6606.png.scale176x256.png	98721	97555
o_6606.png.scale66x96.png	15062	15050
o_6601.png.scale611x896.png	1162961	1150397
o_6603.png.scale433x640.png	567166	552866
o_6606.png.scale88x128.png	25983	25919
o_6606.png.scale265x384.png	218919	217053
o_6604.png.scale432x640.png	609993	602676
o_6607.png.scale130x192.png	52877	47393
o_6602.png.scale611x896.png	1132428	1118879
o_6607.png.scale43x64.png	6587	5798
o_6607.png.scale174x256.png	93308	85577
o_6600.png.scale714x1024.png	1503055	1479919
o_6607.png.scale65x96.png	13845	12063
o_6606.png.scale353x512.png	384477	381686
o_6607.png.scale87x128.png	24115	21089
o_6601.png.scale698x1024.png	1512134	1494108
o_6603.png.scale519x768.png	808686	788636
o_6610.png.scale128x101.png	22394	20829
o_6604.png.scale518x768.png	882011	871817
o_6607.png.scale261x384.png	208034	196171
o_6107.png.scale786x1024.png	886905	746016
o_6610.png.scale192x151.png	50162	46410
o_6610.png.scale64x50.png	5749	5434
o_6607.png.scale348x512.png	370285	354636
o_6610.png.scale256x202.png	89534	82178
o_6606.png.scale441x640.png	596509	591727
o_6610.png.scale96x76.png	12695	12017
o_6612.png.scale133x192.png	43291	42290
o_6610.png.scale384x302.png	200084	184787
o_6612.png.scale177x256.png	74697	72797
o_6606.png.scale529x768.png	855867	848995
o_6604.png.scale605x896.png	1208818	1194814
o_6612.png.scale44x64.png	5665	5665
o_6603.png.scale606x896.png	1093524	1067592
o_6607.png.scale434x640.png	578683	558409
o_6602.png.scale698x1024.png	1469239	1454920
o_6612.png.scale66x96.png	11876	11779
o_6610.png.scale512x403.png	356139	329667
o_6612.png.scale88x128.png	20128	19861
o_6613.png.scale128x192.png	47063	46414
o_6604.png.scale691x1024.png	1588636	1570265
o_6612.png.scale265x384.png	162163	156811
o_6613.png.scale43x64.png	5662	5643
o_6607.png.scale521x768.png	832692	806770
o_6613.png.scale170x256.png	81633	80379
o_6613.png.scale64x96.png	12447	12364
o_6606.png.scale618x896.png	1166358	1156781
o_6613.png.scale85x128.png	21535	21508
o_6613.png.scale255x384.png	176249	172579
o_6610.png.scale640x504.png	553121	510900
o_6616.png.scale132x192.png	47297	46310
o_6607.png.scale608x896.png	1129794	1097468
o_6612.png.scale353x512.png	284601	275270
o_6603.png.scale693x1024.png	1418316	1382658
o_6616.png.scale44x64.png	5991	5968
o_6616.png.scale175x256.png	81518	79526
o_6616.png.scale66x96.png	12754	12663
o_6606.png.scale706x1024.png	1521640	1507235
o_6616.png.scale88x128.png	21969	21700
o_6613.png.scale341x512.png	307821	299899
o_6616.png.scale263x384.png	177504	172159
o_6619.png.scale128x192.png	30851	30050
o_6610.png.scale768x605.png	788112	722299
o_6619.png.scale171x256.png	54650	53107
o_6613.png.scale426x640.png	471362	459006
o_6619.png.scale43x64.png	3922	3873
o_6612.png.scale442x640.png	440268	423901
o_6619.png.scale64x96.png	8275	8122
o_6610.png.scale896x705.png	1068528	971007
o_6619.png.scale256x384.png	122987	119176
o_6616.png.scale351x512.png	308453	299252
o_6607.png.scale695x1024.png	1468208	1426781
o_6619.png.scale85x128.png	13968	13711
o_6629.png.scale128x119.png	18812	17101
o_6613.png.scale511x768.png	669845	651623
o_6629.png.scale192x178.png	38527	34580
o_6616.png.scale438x640.png	473599	457733
o_6629.png.scale64x59.png	5707	5376
o_6612.png.scale530x768.png	628047	602588
o_6629.png.scale256x237.png	65837	58827
o_6629.png.scale96x89.png	11384	10603
o_6619.png.scale341x512.png	218377	208875
o_6610.png.scale1024x806.png	1387928	1248719
o_6632.png.scale128x117.png	19027	17421
o_6619.png.scale427x640.png	342498	324327
o_6632.png.scale192x176.png	39322	35569
o_6613.png.scale596x896.png	899144	872190
o_6612.png.scale619x896.png	845825	808271
o_6616.png.scale526x768.png	671987	648047
o_6632.png.scale64x59.png	5857	5536
o_6629.png.scale384x356.png	145815	130008
o_6632.png.scale256x235.png	66777	60137
o_6632.png.scale96x88.png	11685	10886
o_6801.png.scale127x192.png	31945	29041
o_6619.png.scale512x768.png	494989	464088
o_6616.png.scale614x896.png	905289	869018
o_6801.png.scale169x256.png	55453	49414
o_6801.png.scale42x64.png	3630	3427
o_6632.png.scale384x352.png	145037	131273
o_6801.png.scale254x384.png	119578	106673
o_6613.png.scale681x1024.png	1157694	1121443
o_6801.png.scale63x96.png	8459	7541
o_6619.png.scale597x896.png	680999	629936
o_6801.png.scale85x128.png	15196	13537
o_6818.png.scale131x192.png	40037	35238
o_6629.png.scale512x475.png	264341	237169
o_6612.png.scale707x1024.png	1089775	1037700
o_6818.png.scale174x256.png	69787	62412
o_6818.png.scale44x64.png	3791	3650
o_6801.png.scale338x512.png	206220	179639
o_6616.png.scale701x1024.png	1167269	1115295
o_6818.png.scale65x96.png	8756	8204
o_6632.png.scale512x470.png	260235	237641
o_6818.png.scale261x384.png	153654	138562
o_6818.png.scale87x128.png	17382	15540
o_6819.png.scale131x192.png	24803	22835
o_6619.png.scale683x1024.png	902289	821106
o_6629.png.scale640x593.png	424572	382094
o_6819.png.scale174x256.png	44110	40131
o_6801.png.scale423x640.png	312501	270841
o_6819.png.scale44x64.png	2701	2512
o_6818.png.scale348x512.png	272181	244561
o_6819.png.scale65x96.png	5842	5467
o_6819.png.scale261x384.png	101265	91084
o_6819.png.scale87x128.png	10709	9946
o_6632.png.scale640x587.png	414809	379630
o_6801.png.scale507x768.png	429107	379273
o_6818.png.scale435x640.png	426861	382422
o_6823.png.scale130x192.png	36858	33374
o_6823.png.scale174x256.png	63837	57576
o_6629.png.scale768x712.png	633922	572864
o_6823.png.scale43x64.png	4159	3922
o_6818.png.scale522x768.png	615511	546159
o_6823.png.scale260x384.png	139007	124060
o_6823.png.scale65x96.png	9743	9089
o_6819.png.scale348x512.png	183923	162101
o_6823.png.scale87x128.png	17210	15913
o_6825.png.scale131x192.png	26908	24967
o_6632.png.scale768x705.png	615118	563816
o_6825.png.scale175x256.png	47084	43288
o_6823.png.scale347x512.png	240912	215433
o_6825.png.scale44x64.png	3070	2884
o_6801.png.scale592x896.png	553567	493810
o_6629.png.scale896x831.png	891776	810599
o_6819.png.scale435x640.png	291800	255015
o_6825.png.scale66x96.png	6877	6452
o_6825.png.scale88x128.png	12212	11606
o_6825.png.scale263x384.png	104379	93251
o_6827.png.scale133x192.png	39132	35540
o_6823.png.scale434x640.png	368525	329196
o_6818.png.scale609x896.png	834228	734423
o_6827.png.scale178x256.png	67969	62135
o_6632.png.scale896x822.png	860522	786786
o_6827.png.scale44x64.png	4359	4171
o_6629.png.scale1024x949.png	1200611	1093579
o_6827.png.scale67x96.png	10345	9632
o_6827.png.scale267x384.png	149702	135464
o_6801.png.scale676x1024.png	695697	624142
o_6827.png.scale89x128.png	18198	16747
o_6829.png.scale133x192.png	37194	33364
o_6819.png.scale522x768.png	425523	369226
o_6825.png.scale350x512.png	184162	163433
o_6829.png.scale178x256.png	64747	58164
o_6829.png.scale44x64.png	4208	3924
o_6632.png.scale1024x939.png	1153252	1050784
o_6823.png.scale521x768.png	522613	465318
o_6829.png.scale67x96.png	10106	9159
o_6818.png.scale696x1024.png	1083452	947506
o_6827.png.scale356x512.png	260418	235375
o_6829.png.scale89x128.png	17369	15787
o_6829.png.scale267x384.png	142661	126495
o_6833.png.scale131x192.png	32117	28093
o_6825.png.scale438x640.png	286308	253426
o_6833.png.scale175x256.png	55110	48967
o_6833.png.scale44x64.png	3439	3294
o_6819.png.scale609x896.png	588049	502416
o_6827.png.scale445x640.png	400263	359642
o_6833.png.scale66x96.png	8024	7319
o_6823.png.scale608x896.png	702160	621906
o_6833.png.scale263x384.png	121943	107390
o_6829.png.scale356x512.png	247420	220585
o_6833.png.scale88x128.png	14593	13239
o_7000.png.scale128x128.png	43716	35795
o_7000.png.scale192x192.png	98918	74725
o_6825.png.scale526x768.png	411494	368297
o_7000.png.scale256x256.png	161179	118949
o_6829.png.scale445x640.png	380480	338582
o_6833.png.scale350x512.png	213491	188498
o_7000.png.scale64x64.png	9083	8394
o_7000.png.scale384x384.png	304374	223507
o_7000.png.scale96x96.png	23001	20121
o_6827.png.scale534x768.png	566385	509267
o_7001.png.scale128x128.png	26629	19764
o_7001.png.scale192x192.png	46337	33311
o_6825.png.scale613x896.png	562052	502311
o_7000.png.scale512x512.png	326000	235511
o_7001.png.scale256x256.png	57440	41678
o_6833.png.scale438x640.png	330781	292065
o_7001.png.scale64x64.png	8576	6823
o_6819.png.scale696x1024.png	775423	654097
o_6827.png.scale623x896.png	761193	684280
o_6829.png.scale534x768.png	541070	480691
o_7001.png.scale96x96.png	17443	13248
o_7002.png.scale128x128.png	43508	37490
o_7002.png.scale192x192.png	102621	83453
o_7000.png.scale640x640.png	564990	395279
o_7001.png.scale384x384.png	100552	69575
o_7002.png.scale256x256.png	178599	141293
o_6823.png.scale695x1024.png	905031	800815
o_7002.png.scale64x64.png	8941	8577
o_7002.png.scale384x384.png	356337	280240
o_7000.png.scale768x768.png	587009	413747
o_7002.png.scale96x96.png	22536	20473
o_6833.png.scale526x768.png	472016	416978
o_6825.png.scale701x1024.png	740475	665518
o_7003.png.scale128x128.png	43586	37837
o_7001.png.scale512x512.png	105527	71022
o_7003.png.scale192x192.png	105093	84897
o_7003.png.scale256x256.png	184016	145259
o_6827.png.scale711x1024.png	980877	880492
o_7003.png.scale64x64.png	9074	8530
o_7002.png.scale512x512.png	392691	303498
o_7003.png.scale384x384.png	383202	294354
o_7000.png.scale896x896.png	864902	581751
o_7003.png.scale96x96.png	22552	20505
o_6829.png.scale623x896.png	725783	646825
o_7005.png.scale128x128.png	39459	30709
o_7001.png.scale640x640.png	183669	122841
o_7005.png.scale192x192.png	81969	59464
o_7005.png.scale256x256.png	115759	84856
o_7003.png.scale512x512.png	456106	342924
o_7002.png.scale640x640.png	680940	514271
o_7005.png.scale64x64.png	9273	8321
o_6833.png.scale613x896.png	634858	562419
o_7005.png.scale96x96.png	22898	18713
o_7005.png.scale384x384.png	206583	146404
o_7007.png.scale128x128.png	33695	31831
o_7003.png.scale640x640.png	754126	566625
o_7007.png.scale192x192.png	72554	66898
o_7002.png.scale768x768.png	711159	536160
o_7007.png.scale256x256.png	123195	111222
o_6829.png.scale711x1024.png	936026	831951
o_7007.png.scale64x64.png	8716	8570
o_7001.png.scale768x768.png	188141	126800
o_7005.png.scale512x512.png	229713	157273
o_7007.png.scale384x384.png	245806	215376
o_7007.png.scale96x96.png	19286	18575
o_7008.png.scale128x128.png	16455	11347
o_7008.png.scale192x192.png	33209	22403
o_7007.png.scale512x512.png	372898	315170
o_7003.png.scale768x768.png	800281	589019
o_7008.png.scale256x256.png	51290	34051
o_7007.png.scale640x640.png	528334	444016
o_7008.png.scale64x64.png	4797	3653
o_7002.png.scale896x896.png	1028216	745124
o_6833.png.scale701x1024.png	823158	724669
o_7008.png.scale384x384.png	104204	69899
o_7008.png.scale96x96.png	9951	7126
o_7010.png.scale128x128.png	27592	18034
o_7005.png.scale640x640.png	386832	260458
o_7010.png.scale192x192.png	58469	37793
o_7001.png.scale896x896.png	300054	198923
o_7003.png.scale896x896.png	1156283	804686
o_7008.png.scale512x512.png	124147	83761
o_7010.png.scale64x64.png	7373	5131
o_7010.png.scale256x256.png	96120	61159
o_7001.png.scale1024x1024.png	53856	42278
o_7010.png.scale96x96.png	15987	10679
o_7008.png.scale640x640.png	229727	160359
o_7011.png.scale128x128.png	23774	15882
o_7010.png.scale384x384.png	195554	126346
o_7007.png.scale768x768.png	669077	547174
o_7011.png.scale192x192.png	50211	32692
o_7005.png.scale768x768.png	392851	265795
o_7011.png.scale256x256.png	81262	52492
o_7011.png.scale64x64.png	6522	4663
o_7000.png.scale1024x1024.png	118874	92687
o_7010.png.scale512x512.png	263073	167717
o_7011.png.scale96x96.png	13971	9645
o_7011.png.scale384x384.png	166585	110501
o_7013.png.scale128x128.png	35028	34383
o_7005.png.scale896x896.png	583013	384282
o_7008.png.scale768x768.png	259611	175414
o_7013.png.scale192x192.png	76170	73470
o_7008.png.scale1024x1024.png	37978	25330
o_7007.png.scale896x896.png	840699	697884
o_7013.png.scale256x256.png	129452	123584
o_7013.png.scale64x64.png	8925	8865
o_7008.png.scale896x896.png	370470	265001
o_7010.png.scale768x768.png	508672	328110
o_7013.png.scale96x96.png	19873	19679
o_7013.png.scale384x384.png	259762	246642
o_7010.png.scale640x640.png	431563	288558
o_7011.png.scale512x512.png	225706	150927
o_7015.png.scale128x128.png	32002	29737
o_7011.png.scale640x640.png	374224	260283
o_7015.png.scale192x192.png	67743	59653
o_7015.png.scale64x64.png	8453	8180
o_7015.png.scale256x256.png	111327	97049
o_7002.png.scale1024x1024.png	130972	99748
o_7015.png.scale96x96.png	18458	17337
o_7013.png.scale512x512.png	397362	364506
o_7015.png.scale384x384.png	210953	175142
o_7017.png.scale128x128.png	31287	27592
o_7013.png.scale640x640.png	558959	507875
o_7017.png.scale192x192.png	61968	52274
o_7015.png.scale512x512.png	303172	239547
o_7010.png.scale896x896.png	684150	468864
o_7017.png.scale256x256.png	97559	78950
o_7017.png.scale64x64.png	8590	8282
o_7011.png.scale768x768.png	452578	306218
o_7017.png.scale96x96.png	18789	17394
o_7007.png.scale1024x1024.png	103450	72748
o_7020.png.scale128x128.png	34096	30482
o_7020.png.scale192x192.png	69915	59739
o_7015.png.scale640x640.png	437067	347688
o_7017.png.scale384x384.png	175646	138667
o_7003.png.scale1024x1024.png	144460	110138
o_7020.png.scale256x256.png	112512	93178
o_7020.png.scale64x64.png	8995	8591
o_7011.png.scale896x896.png	598715	429103
o_7005.png.scale1024x1024.png	94246	76229
o_7015.png.scale768x768.png	531877	407657
o_7017.png.scale512x512.png	247947	187885
o_7020.png.scale96x96.png	19780	18066
o_7013.png.scale768x768.png	707916	627879
o_7021.png.scale128x128.png	35213	33316
o_7020.png.scale384x384.png	209872	166484
o_7021.png.scale192x192.png	74834	67548
o_7021.png.scale256x256.png	124991	108860
o_7021.png.scale64x64.png	8973	8921
o_7013.png.scale896x896.png	889626	792430
o_7020.png.scale512x512.png	304737	231578
o_7021.png.scale96x96.png	20072	19417
o_7010.png.scale1024x1024.png	74350	53998
o_7023.png.scale128x128.png	12370	10484
o_7021.png.scale384x384.png	239108	198742
o_7023.png.scale192x192.png	20259	16921
o_7017.png.scale640x640.png	350720	267586
o_7015.png.scale896x896.png	674669	524122
o_7023.png.scale256x256.png	26354	21070
o_7021.png.scale512x512.png	354354	279938
o_7023.png.scale64x64.png	5085	4578
o_7020.png.scale640x640.png	433550	331107
o_7023.png.scale96x96.png	8613	7522
o_7017.png.scale768x768.png	425007	318018
o_7023.png.scale384x384.png	45837	37036
o_7021.png.scale640x640.png	518030	416585
o_7024.png.scale128x128.png	15486	14593
o_7024.png.scale192x192.png	26767	23929
o_7020.png.scale768x768.png	531308	397084
o_7023.png.scale512x512.png	47244	33883
o_7024.png.scale256x256.png	36264	30631
o_7024.png.scale64x64.png	5778	5642
o_7011.png.scale1024x1024.png	65158	49901
o_7024.png.scale96x96.png	10481	10189
o_7024.png.scale384x384.png	62552	54073
o_7025.png.scale128x128.png	17237	16483
o_7021.png.scale768x768.png	644404	501175
o_7023.png.scale640x640.png	86085	71205
o_7025.png.scale192x192.png	29386	26941
o_7024.png.scale512x512.png	68084	49638
o_7017.png.scale896x896.png	535434	405901
o_7025.png.scale64x64.png	6633	6451
o_7025.png.scale256x256.png	40462	35295
o_7020.png.scale896x896.png	676688	512024
o_7025.png.scale96x96.png	11680	11283
o_7013.png.scale1024x1024.png	121882	86489
o_7023.png.scale768x768.png	101232	82380
o_7015.png.scale1024x1024.png	84629	62155
o_7026.png.scale128x128.png	14429	13043
o_7025.png.scale384x384.png	68464	60235
o_7026.png.scale192x192.png	24047	21119
o_7026.png.scale256x256.png	32250	26936
o_7023.png.scale1024x1024.png	21467	15228
o_7026.png.scale64x64.png	5743	5568
o_7024.png.scale640x640.png	116723	102279
o_7025.png.scale512x512.png	76195	60013
o_7026.png.scale96x96.png	9969	9386
o_7021.png.scale896x896.png	826096	656493
o_7027.png.scale128x128.png	18271	16210
o_7026.png.scale384x384.png	56062	47405
o_7023.png.scale896x896.png	131002	113349
o_7027.png.scale192x192.png	30870	26341
o_7024.png.scale768x768.png	132034	111338
o_7027.png.scale64x64.png	7108	6902
o_7027.png.scale256x256.png	41838	33154
o_7025.png.scale640x640.png	126996	113829
o_7024.png.scale1024x1024.png	26772	20268
o_7027.png.scale96x96.png	12569	11593
o_7026.png.scale512x512.png	59523	44862
o_7032.png.scale128x128.png	19330	17156
o_7027.png.scale384x384.png	70191	57445
o_7017.png.scale1024x1024.png	76990	58313
o_7032.png.scale192x192.png	33827	29078
o_7032.png.scale256x256.png	46276	37353
o_7024.png.scale896x896.png	174821	157338
o_7032.png.scale64x64.png	6938	6714
o_7026.png.scale640x640.png	103742	89862
o_7032.png.scale96x96.png	12761	11714
o_7032.png.scale384x384.png	80965	67283
o_7026.png.scale768x768.png	118564	100665
o_7025.png.scale768x768.png	149916	133880
o_7038.png.scale128x128.png	32400	32150
o_7025.png.scale1024x1024.png	28177	20589
o_7027.png.scale512x512.png	76330	53809
o_7038.png.scale192x192.png	58596	56437
o_7020.png.scale1024x1024.png	91685	66631
o_7038.png.scale64x64.png	10582	10564
o_7021.png.scale1024x1024.png	100500	72419
o_7038.png.scale96x96.png	20615	20545
o_7038.png.scale256x256.png	82764	72087
o_7032.png.scale512x512.png	86874	63259
o_7039.png.scale128x128.png	33927	33711
o_7027.png.scale640x640.png	129079	108731
o_7039.png.scale192x192.png	61798	60324
o_7026.png.scale1024x1024.png	23753	17545
o_7038.png.scale384x384.png	105197	89851
o_7039.png.scale256x256.png	87577	79073
o_7039.png.scale64x64.png	11045	11045
o_7038.png.scale512x512.png	127373	93023
o_7039.png.scale96x96.png	21419	21369
o_7025.png.scale896x896.png	192662	177966
o_7026.png.scale896x896.png	156413	138843
o_7027.png.scale768x768.png	151150	126055
o_7040.png.scale128x128.png	13237	10690
o_7040.png.scale192x192.png	15902	13267
o_7032.png.scale640x640.png	149316	125944
o_7039.png.scale384x384.png	107725	93805
o_7040.png.scale64x64.png	6333	5554
o_7040.png.scale256x256.png	19255	15750
o_7038.png.scale640x640.png	139234	112590
o_7039.png.scale512x512.png	133841	106378
o_7040.png.scale96x96.png	10627	8711
o_7042.png.scale128x128.png	22573	21314
o_7040.png.scale384x384.png	22052	19030
o_7038.png.scale1024x1024.png	38580	31066
o_7027.png.scale896x896.png	194390	168414
o_7042.png.scale192x192.png	34614	29501
o_7032.png.scale768x768.png	168479	136605
o_7042.png.scale64x64.png	8660	8626
o_7038.png.scale768x768.png	147761	115801
o_7042.png.scale256x256.png	43169	33633
o_7039.png.scale640x640.png	146042	121912
o_7040.png.scale512x512.png	26418	21681
o_7042.png.scale96x96.png	16110	15503
o_7039.png.scale1024x1024.png	37762	30734
o_7027.png.scale1024x1024.png	29625	20314
o_7044.png.scale128x128.png	31265	30938
o_7042.png.scale384x384.png	50850	40321
o_7044.png.scale192x192.png	58302	55118
o_7044.png.scale64x64.png	10933	10933
o_7038.png.scale896x896.png	155995	126386
o_7032.png.scale896x896.png	225261	195111
o_7044.png.scale256x256.png	79780	69443
o_7040.png.scale640x640.png	30347	25121
o_7044.png.scale96x96.png	20939	20865
o_7039.png.scale768x768.png	153227	124304
o_7045.png.scale128x128.png	12972	10257
o_7042.png.scale512x512.png	60149	46319
o_7045.png.scale192x192.png	17583	14113
o_7040.png.scale1024x1024.png	18931	15234
o_7032.png.scale1024x1024.png	32179	22937
o_7045.png.scale64x64.png	6577	6038
o_7040.png.scale768x768.png	34248	28104
o_7044.png.scale384x384.png	98619	84851
o_7045.png.scale256x256.png	20701	16592
o_7045.png.scale96x96.png	11566	9447
o_7039.png.scale896x896.png	161477	133795
o_7046.png.scale128x128.png	8154	7137
o_7040.png.scale896x896.png	37053	29901
o_7042.png.scale640x640.png	63850	50501
o_7046.png.scale192x192.png	12455	12139
o_7045.png.scale384x384.png	24906	20763
o_7044.png.scale512x512.png	119273	89483
o_7046.png.scale64x64.png	3852	3180
o_7046.png.scale96x96.png	7113	6053
o_7046.png.scale256x256.png	15909	13291
o_7046.png.scale384x384.png	22750	19711
o_7042.png.scale1024x1024.png	28334	22329
o_7047.png.scale128x128.png	8541	7912
o_7042.png.scale768x768.png	67147	52850
o_7045.png.scale512x512.png	30583	25783
o_7044.png.scale640x640.png	127663	106662
o_7047.png.scale192x192.png	12978	11874
o_7047.png.scale256x256.png	17356	15050
o_7047.png.scale64x64.png	4043	3799
o_7045.png.scale640x640.png	34314	29735
o_7044.png.scale1024x1024.png	37032	30242
o_7047.png.scale96x96.png	7320	6475
o_7046.png.scale512x512.png	24551	20273
o_7049.png.scale128x128.png	6424	4733
o_7049.png.scale192x192.png	10448	8700
o_7042.png.scale896x896.png	73586	58170
o_7047.png.scale384x384.png	20792	18121
o_7049.png.scale256x256.png	12083	10146
o_7049.png.scale64x64.png	3134	2426
o_7044.png.scale768x768.png	135309	109914
o_7046.png.scale640x640.png	41688	37851
o_7049.png.scale384x384.png	18890	18226
o_7049.png.scale96x96.png	4578	3547
o_7047.png.scale512x512.png	23037	20972
o_7049.png.scale512x512.png	24045	22057
o_7050.png.scale128x128.png	5071	3788
o_7045.png.scale1024x1024.png	20911	17349
o_7046.png.scale768x768.png	26771	22414
o_7045.png.scale768x768.png	37438	32346
o_7050.png.scale192x192.png	9005	7585
o_7050.png.scale64x64.png	2547	1927
o_7045.png.scale896x896.png	40401	35583
o_7046.png.scale1024x1024.png	8987	7054
o_7047.png.scale640x640.png	26691	23788
o_7050.png.scale96x96.png	3725	2763
o_7049.png.scale640x640.png	31550	29188
o_7050.png.scale256x256.png	9982	8396
o_7052.png.scale128x128.png	3269	2382
o_7052.png.scale192x192.png	5835	4239
o_7052.png.scale64x64.png	2153	1613
o_7044.png.scale896x896.png	138744	116716
o_7050.png.scale384x384.png	15886	14038
o_7046.png.scale896x896.png	40023	35082
o_7052.png.scale96x96.png	3103	2293
o_7052.png.scale384x384.png	10251	9287
o_7052.png.scale256x256.png	7057	5537
o_7053.png.scale128x128.png	3022	2185
o_7053.png.scale192x192.png	5310	4456
o_7050.png.scale512x512.png	18505	18361
o_7052.png.scale512x512.png	14377	13441
o_7047.png.scale1024x1024.png	8518	6644
o_7053.png.scale256x256.png	5705	4911
o_7053.png.scale64x64.png	1546	1110
o_7049.png.scale768x768.png	26911	22234
o_7053.png.scale96x96.png	2216	1591
o_7047.png.scale768x768.png	24299	21943
o_7053.png.scale384x384.png	9396	8385
o_7054.png.scale128x128.png	43114	35486
o_7052.png.scale640x640.png	18476	17543
o_7054.png.scale192x192.png	99285	74389
o_7053.png.scale512x512.png	10843	10396
o_7054.png.scale64x64.png	8939	8292
o_7050.png.scale640x640.png	54502	50157
o_7047.png.scale896x896.png	23996	21012
o_7050.png.scale768x768.png	32664	29719
o_7052.png.scale768x768.png	22174	17610
o_7054.png.scale96x96.png	22546	19914
o_7056.png.scale128x128.png	42545	36857
o_7049.png.scale1024x1024.png	9884	7740
o_7054.png.scale256x256.png	163068	119614
o_7056.png.scale192x192.png	101581	82723
o_7053.png.scale640x640.png	44892	40601
o_7056.png.scale256x256.png	178691	141256
o_7056.png.scale64x64.png	8781	8463
o_7049.png.scale896x896.png	48660	42715
o_7056.png.scale96x96.png	21937	20100
o_7050.png.scale1024x1024.png	8010	7151
o_7050.png.scale896x896.png	65971	58533
o_7054.png.scale384x384.png	307063	226562
o_7057.png.scale128x128.png	42325	37190
o_7056.png.scale384x384.png	355706	284401
o_7052.png.scale896x896.png	22032	17723
o_7057.png.scale192x192.png	103429	83944
o_7057.png.scale64x64.png	8931	8405
o_7057.png.scale256x256.png	184696	144880
o_7053.png.scale768x768.png	22355	19631
o_7057.png.scale96x96.png	21933	20085
o_7052.png.scale1024x1024.png	7782	7150
o_7057.png.scale384x384.png	384948	298603
o_7053.png.scale1024x1024.png	7097	6458
o_7053.png.scale896x896.png	54431	47287
o_7059.png.scale128x128.png	39874	30887
o_7054.png.scale512x512.png	334880	258416
o_7056.png.scale512x512.png	394252	326281
o_7059.png.scale64x64.png	9102	8271
o_7059.png.scale192x192.png	82490	60165
o_7059.png.scale256x256.png	119341	87587
o_7059.png.scale96x96.png	22845	18610
o_7057.png.scale512x512.png	456092	369655
o_7060.png.scale128x128.png	33896	31939
o_7054.png.scale640x640.png	587455	428922
o_7060.png.scale192x192.png	73020	67930
o_7059.png.scale384x384.png	212693	151854
o_7056.png.scale640x640.png	711978	572375
o_7060.png.scale256x256.png	124619	113170
o_7060.png.scale64x64.png	8680	8531
o_7057.png.scale640x640.png	779431	621269
o_7060.png.scale384x384.png	251302	222112
o_7056.png.scale768x768.png	800887	662666
o_7060.png.scale96x96.png	19319	18754
o_7065.png.scale128x128.png	34442	32582
o_7054.png.scale768x768.png	664327	500444
o_7059.png.scale512x512.png	249673	187648
o_7065.png.scale192x192.png	74192	68824
o_7057.png.scale768x768.png	901889	734644
o_7060.png.scale512x512.png	394956	341211
o_7065.png.scale256x256.png	125545	114324
o_7065.png.scale64x64.png	8947	8628
o_7054.png.scale896x896.png	978264	703110
o_7065.png.scale384x384.png	248783	220967
o_7056.png.scale896x896.png	1183483	950581
o_7065.png.scale96x96.png	19760	18811
o_7060.png.scale640x640.png	563896	484675
o_7066.png.scale128x128.png	34337	30470
o_7059.png.scale640x640.png	400295	281307
o_7066.png.scale192x192.png	70536	60703
o_7066.png.scale256x256.png	114412	94926
o_7066.png.scale64x64.png	9084	8457
o_7057.png.scale896x896.png	1319915	1039929
o_7065.png.scale512x512.png	389724	340062
o_7066.png.scale96x96.png	19946	18067
o_7060.png.scale768x768.png	758410	654249
o_7067.png.scale128x128.png	35692	32936
o_7066.png.scale384x384.png	215831	171814
o_7067.png.scale192x192.png	75776	67942
o_7065.png.scale640x640.png	560026	490109
o_7067.png.scale256x256.png	126840	110251
o_7059.png.scale768x768.png	450484	326668
o_7067.png.scale64x64.png	9056	8733
o_7066.png.scale512x512.png	331233	258025
o_7054.png.scale1024x1024.png	589203	461973
o_7067.png.scale96x96.png	20284	19090
o_7067.png.scale384x384.png	243911	203322
o_7056.png.scale1024x1024.png	665154	570997
o_7070.png.scale128x128.png	26757	16219
o_7057.png.scale1024x1024.png	744358	638361
o_7066.png.scale640x640.png	465598	360222
o_7070.png.scale192x192.png	57132	32936
o_7060.png.scale1024x1024.png	1035616	812552
o_7065.png.scale768x768.png	751672	657996
o_7070.png.scale64x64.png	7247	4789
o_7070.png.scale256x256.png	95221	53177
o_7070.png.scale96x96.png	15577	9801
o_7060.png.scale896x896.png	975629	850991
o_7067.png.scale512x512.png	383482	314776
o_7071.png.scale128x128.png	28247	17005
o_7071.png.scale192x192.png	60713	34602
o_7070.png.scale384x384.png	187360	103265
o_7065.png.scale896x896.png	965509	854823
o_7059.png.scale896x896.png	657468	447551
o_7071.png.scale64x64.png	7588	4972
o_7071.png.scale256x256.png	101000	55853
o_7065.png.scale1024x1024.png	1020097	811159
o_7071.png.scale96x96.png	16409	10307
o_7067.png.scale640x640.png	549487	449782
o_7070.png.scale512x512.png	286658	159108
o_7073.png.scale128x128.png	24672	16568
o_7066.png.scale768x768.png	616418	479651
o_7073.png.scale192x192.png	52403	34735
o_7071.png.scale384x384.png	198369	108807
o_7073.png.scale256x256.png	87641	58203
o_7067.png.scale768x768.png	740851	604219
o_7070.png.scale640x640.png	416340	237346
o_7073.png.scale64x64.png	6721	4804
o_7073.png.scale96x96.png	14401	9954
o_7071.png.scale512x512.png	302101	165681
o_7073.png.scale384x384.png	176659	121554
o_7077.png.scale128x128.png	12506	10628
o_7066.png.scale896x896.png	792194	621218
o_7077.png.scale192x192.png	20486	17025
o_7059.png.scale1024x1024.png	396312	316521
o_7071.png.scale640x640.png	437240	248009
o_7077.png.scale64x64.png	5124	4684
o_7066.png.scale1024x1024.png	813433	600435
o_7073.png.scale512x512.png	276589	194662
o_7077.png.scale256x256.png	28171	23030
o_7077.png.scale96x96.png	8698	7601
o_7067.png.scale896x896.png	958321	790813
o_7080.png.scale128x128.png	14512	13058
o_7073.png.scale640x640.png	409814	299767
o_7080.png.scale192x192.png	23944	21032
o_7077.png.scale384x384.png	46690	37780
o_7070.png.scale768x768.png	556626	326076
o_7080.png.scale64x64.png	5788	5566
o_7080.png.scale256x256.png	33515	28726
o_7077.png.scale512x512.png	61883	50036
o_7070.png.scale896x896.png	730333	439259
o_7080.png.scale96x96.png	10051	9321
o_7071.png.scale768x768.png	580640	339205
o_7067.png.scale1024x1024.png	1006401	759953
o_7081.png.scale128x128.png	18447	16332
o_7081.png.scale192x192.png	30808	26332
o_7080.png.scale384x384.png	55797	47133
o_7081.png.scale256x256.png	43670	36703
o_7081.png.scale64x64.png	7120	6891
o_7073.png.scale768x768.png	549854	414512
o_7077.png.scale640x640.png	89451	73931
o_7081.png.scale96x96.png	12473	11520
o_7081.png.scale384x384.png	71240	59240
o_7080.png.scale512x512.png	75210	62503
o_7070.png.scale1024x1024.png	677782	391808
o_7095.png.scale128x128.png	5274	4636
o_7095.png.scale192x192.png	8329	6991
o_7080.png.scale640x640.png	105741	91096
o_7073.png.scale1024x1024.png	691559	454522
o_7077.png.scale768x768.png	113369	96643
o_7095.png.scale256x256.png	11407	9782
o_7071.png.scale896x896.png	765820	459429
o_7095.png.scale64x64.png	2899	2726
o_7073.png.scale896x896.png	710700	553937
o_7095.png.scale96x96.png	4328	3904
o_7071.png.scale1024x1024.png	737767	419946
o_7098.png.scale128x128.png	15693	14851
o_7095.png.scale384x384.png	16603	13511
o_7098.png.scale192x192.png	27816	25972
o_7098.png.scale256x256.png	41010	37791
o_7098.png.scale64x64.png	5735	5547
o_7081.png.scale512x512.png	97997	79709
o_7095.png.scale512x512.png	20757	16024
o_7081.png.scale640x640.png	135589	114973
o_7098.png.scale96x96.png	10475	10028
o_7095.png.scale640x640.png	26072	20635
o_7080.png.scale768x768.png	135186	121417
o_7100.png.scale128x128.png	6739	5719
o_7098.png.scale384x384.png	70104	64309
o_7077.png.scale1024x1024.png	130114	103523
o_7080.png.scale896x896.png	174935	162920
o_7100.png.scale192x192.png	10908	9454
o_7077.png.scale896x896.png	148723	130824
o_7100.png.scale64x64.png	2962	2575
o_7095.png.scale768x768.png	30551	23673
o_7100.png.scale96x96.png	4717	4071
o_7100.png.scale256x256.png	15253	13389
o_7101.png.scale128x128.png	17265	16518
o_7101.png.scale192x192.png	29969	28057
o_7095.png.scale1024x1024.png	19078	15050
o_7098.png.scale512x512.png	101605	92699
o_7095.png.scale896x896.png	36007	27985
o_7081.png.scale768x768.png	175246	152865
o_7101.png.scale64x64.png	6355	6178
o_7101.png.scale256x256.png	43176	39894
o_7101.png.scale96x96.png	11558	11223
o_7100.png.scale384x384.png	25939	22626
o_7080.png.scale1024x1024.png	151899	125385
o_7102.png.scale128x128.png	17318	16443
o_7102.png.scale192x192.png	30590	28418
o_7100.png.scale512x512.png	35885	31872
o_7101.png.scale384x384.png	72000	66190
o_7102.png.scale256x256.png	44534	41087
o_7098.png.scale640x640.png	133346	122197
o_7102.png.scale64x64.png	6353	6115
o_7081.png.scale896x896.png	223986	201608
o_7102.png.scale96x96.png	11552	11058
o_7100.png.scale640x640.png	49022	43051
o_7104.png.scale128x128.png	19166	18297
o_7101.png.scale512x512.png	101587	92664
o_7104.png.scale192x192.png	33664	31814
o_7081.png.scale1024x1024.png	203145	160668
o_7102.png.scale384x384.png	75583	69124
o_7104.png.scale256x256.png	49098	45969
o_7104.png.scale64x64.png	6718	6537
o_7100.png.scale768x768.png	61499	54511
o_7101.png.scale640x640.png	134959	123398
o_7104.png.scale96x96.png	12606	12096
o_7098.png.scale768x768.png	165918	151932
o_7100.png.scale896x896.png	74969	66930
o_7102.png.scale512x512.png	106615	96629
o_7111.png.scale128x128.png	5717	5294
o_7111.png.scale192x192.png	8966	8160
o_7104.png.scale384x384.png	84501	78571
o_7111.png.scale256x256.png	12252	11101
o_7111.png.scale64x64.png	2637	2497
o_7100.png.scale1024x1024.png	52411	45232
o_7102.png.scale640x640.png	142360	129148
o_7111.png.scale384x384.png	19303	17332
o_7104.png.scale512x512.png	121306	111823
o_7111.png.scale96x96.png	4140	3856
o_7115.png.scale128x128.png	6634	5818
o_7098.png.scale1024x1024.png	127395	107163
o_7115.png.scale192x192.png	10368	8892
o_7101.png.scale768x768.png	168519	153649
o_7098.png.scale896x896.png	197976	181256
o_7111.png.scale512x512.png	27161	24562
o_7115.png.scale256x256.png	14198	12220
o_7115.png.scale64x64.png	3141	2815
o_7115.png.scale96x96.png	4803	4136
o_7111.png.scale640x640.png	35226	32096
o_7115.png.scale384x384.png	23080	19939
o_7116.png.scale128x128.png	7107	6446
o_7116.png.scale192x192.png	11044	9880
o_7102.png.scale768x768.png	177605	161044
o_7104.png.scale640x640.png	161224	148785
o_7116.png.scale256x256.png	15222	13639
o_7116.png.scale64x64.png	3246	2981
o_7115.png.scale512x512.png	31981	27769
o_7111.png.scale768x768.png	45393	41457
o_7101.png.scale896x896.png	200182	182552
o_7116.png.scale96x96.png	5080	4634
o_7125.png.scale128x128.png	6265	5016
o_7125.png.scale192x192.png	9946	8074
o_7116.png.scale384x384.png	24517	22202
o_7116.png.scale512x512.png	33821	31079
o_7101.png.scale1024x1024.png	130624	109922
o_7115.png.scale640x640.png	42748	38021
o_7111.png.scale1024x1024.png	59518	53584
o_7125.png.scale64x64.png	2905	2318
o_7111.png.scale896x896.png	56968	52105
o_7125.png.scale96x96.png	4610	3594
o_7125.png.scale256x256.png	13809	11749
o_7104.png.scale768x768.png	201918	186015
o_8009.png.scale110x256.png	44668	43281
o_7116.png.scale640x640.png	45467	42758
o_8009.png.scale27x64.png	4027	4006
o_7115.png.scale768x768.png	55333	49259
o_7125.png.scale384x384.png	23593	20857
o_8009.png.scale41x96.png	8172	8122
o_8009.png.scale165x384.png	87775	83420
o_7125.png.scale512x512.png	32874	29578
o_8009.png.scale55x128.png	13563	13368
o_8009.png.scale82x192.png	27238	26517
o_7102.png.scale896x896.png	210676	191181
o_8009.png.scale219x512.png	139303	131124
o_8012.png.scale110x256.png	15750	11583
o_8012.png.scale27x64.png	2801	2330
o_7115.png.scale896x896.png	69077	62518
o_8012.png.scale165x384.png	25009	18441
o_8012.png.scale41x96.png	4816	3878
o_7115.png.scale1024x1024.png	68198	59156
o_8012.png.scale219x512.png	34817	25531
o_8012.png.scale55x128.png	6596	5147
o_7125.png.scale640x640.png	44948	42056
o_7102.png.scale1024x1024.png	141485	118139
o_8012.png.scale82x192.png	11329	8491
o_7116.png.scale768x768.png	59107	55383
o_8009.png.scale274x640.png	198304	186394
o_8014.png.scale27x64.png	3847	3826
o_8014.png.scale110x256.png	32777	30668
o_8012.png.scale274x640.png	44681	33730
o_8014.png.scale41x96.png	7110	6881
o_8014.png.scale55x128.png	11159	10857
o_7116.png.scale1024x1024.png	73066	66849
o_7116.png.scale896x896.png	73800	69007
o_8014.png.scale82x192.png	20831	19932
o_8014.png.scale165x384.png	60615	55708
o_7125.png.scale768x768.png	57983	54414
o_8106.png.scale128x80.png	8495	7448
o_7104.png.scale1024x1024.png	151092	129153
o_8009.png.scale329x768.png	264549	248582
o_8106.png.scale64x40.png	2837	2596
o_8106.png.scale192x120.png	16250	13945
o_7104.png.scale896x896.png	241016	222284
o_8106.png.scale256x160.png	27027	22682
o_8106.png.scale96x60.png	5276	4668
o_8107.png.scale128x80.png	8179	7272
o_8012.png.scale329x768.png	51852	39411
o_8014.png.scale219x512.png	93312	85185
o_8106.png.scale384x240.png	55244	44478
o_7125.png.scale1024x1024.png	74094	69065
o_7125.png.scale896x896.png	73060	68927
o_8012.png.scale384x896.png	63069	47527
o_8107.png.scale192x120.png	15970	13894
o_8107.png.scale64x40.png	2710	2410
o_8107.png.scale96x60.png	5159	4541
o_8107.png.scale256x160.png	26457	22697
o_8110.png.scale128x80.png	10447	9155
o_8014.png.scale274x640.png	131518	119265
o_8106.png.scale512x320.png	90171	72701
o_8107.png.scale384x240.png	54257	44907
o_8110.png.scale192x120.png	19681	16650
o_8106.png.scale640x400.png	130048	104779
o_8110.png.scale256x160.png	31994	26161
o_8110.png.scale64x40.png	3445	3274
o_8012.png.scale439x1024.png	75402	57279
o_8107.png.scale512x320.png	88554	72870
o_8110.png.scale96x60.png	6331	5711
o_8014.png.scale329x768.png	173836	158069
o_8009.png.scale384x896.png	336189	313768
o_8113.png.scale128x80.png	11474	10120
o_8113.png.scale192x120.png	24266	21021
o_8113.png.scale256x160.png	42063	36184
o_8110.png.scale384x240.png	63218	49767
o_8113.png.scale64x40.png	3148	3002
o_8106.png.scale768x480.png	175283	142149
o_8107.png.scale640x400.png	127256	104614
o_8113.png.scale384x240.png	91724	72170
o_8014.png.scale384x896.png	220816	200744
o_8113.png.scale96x60.png	6698	6041
o_8114.png.scale128x80.png	12326	10657
o_8110.png.scale512x320.png	101941	80366
o_8107.png.scale768x480.png	171312	142059
o_8106.png.scale896x560.png	224812	183622
o_8009.png.scale439x1024.png	413142	386386
o_8106.png.scale1024x640.png	277901	232917
o_8114.png.scale192x120.png	26180	22480
o_8114.png.scale64x40.png	3013	2903
o_8113.png.scale512x320.png	156185	118657
o_8114.png.scale256x160.png	46247	39387
o_8114.png.scale96x60.png	6793	6111
o_8121.png.scale128x80.png	15465	14918
o_8121.png.scale192x120.png	32440	30449
o_8014.png.scale439x1024.png	270434	244818
o_8114.png.scale384x240.png	103659	80421
o_8110.png.scale640x400.png	144997	112467
o_8121.png.scale64x40.png	4348	4252
o_8113.png.scale640x400.png	225448	173417
o_8121.png.scale256x160.png	54879	50761
o_8107.png.scale896x560.png	221866	182774
o_8121.png.scale96x60.png	9064	8808
o_8114.png.scale512x320.png	179721	134107
o_8124.png.scale128x80.png	15962	15724
o_8107.png.scale1024x640.png	273719	227928
o_8124.png.scale192x120.png	32984	32175
o_8121.png.scale384x240.png	113729	104069
o_8113.png.scale768x480.png	297928	233625
o_8124.png.scale64x40.png	4934	4835
o_8124.png.scale256x160.png	56018	54568
o_8110.png.scale768x480.png	192386	150871
o_8124.png.scale96x60.png	9753	9655
o_8114.png.scale640x400.png	259811	197658
o_8121.png.scale512x320.png	191538	173983
o_8124.png.scale384x240.png	117596	114655
o_8126.png.scale128x80.png	11263	10132
o_8113.png.scale896x560.png	369590	284861
o_8113.png.scale1024x640.png	439331	341980
o_8126.png.scale192x120.png	22156	19641
o_8126.png.scale64x40.png	3872	3575
o_8126.png.scale256x160.png	37156	31730
o_8114.png.scale768x480.png	346828	268394
o_8110.png.scale896x560.png	240105	192131
o_8110.png.scale1024x640.png	290173	235167
o_8126.png.scale96x60.png	7049	6453
o_8124.png.scale512x320.png	200667	195027
o_8131.png.scale128x80.png	16041	15614
o_8126.png.scale384x240.png	75884	63094
o_8131.png.scale192x120.png	32689	31476
o_8114.png.scale896x560.png	431823	328102
o_8131.png.scale64x40.png	4835	4793
o_8124.png.scale640x400.png	302430	292073
o_8131.png.scale256x160.png	53741	50896
o_8131.png.scale96x60.png	9671	9451
o_8114.png.scale1024x640.png	512714	393530
o_8126.png.scale512x320.png	126487	103747
o_8121.png.scale640x400.png	283017	255479
o_8134.png.scale128x80.png	16452	15734
o_8134.png.scale192x120.png	33954	31839
o_8134.png.scale256x160.png	57850	53321
o_8131.png.scale384x240.png	107902	101226
o_8134.png.scale64x40.png	4781	4703
o_8126.png.scale640x400.png	182436	149745
o_8134.png.scale384x240.png	120661	110656
o_8134.png.scale96x60.png	9529	9335
o_8121.png.scale768x480.png	393725	353686
o_8131.png.scale512x320.png	175366	163630
o_8124.png.scale768x480.png	424909	409836
o_8135.png.scale128x80.png	17232	16629
o_8135.png.scale192x120.png	36236	34370
o_8135.png.scale256x160.png	61551	57514
o_8126.png.scale768x480.png	247195	203341
o_8134.png.scale512x320.png	205880	187580
o_8135.png.scale64x40.png	5146	5146
o_8124.png.scale896x560.png	565738	546935
o_8135.png.scale96x60.png	10317	10142
o_8135.png.scale384x240.png	131283	121601
o_8139.png.scale128x80.png	20505	20386
o_8131.png.scale640x400.png	255276	237657
o_8134.png.scale640x400.png	307011	281506
o_8139.png.scale192x120.png	44051	44051
o_8126.png.scale1024x640.png	392571	327385
o_8139.png.scale256x160.png	76198	75677
o_8135.png.scale512x320.png	222949	204171
o_8139.png.scale64x40.png	5707	5707
o_8126.png.scale896x560.png	317142	262346
o_8124.png.scale1024x640.png	723534	699085
o_8121.png.scale896x560.png	520098	463901
o_8139.png.scale96x60.png	12048	11990
o_8140.png.scale128x80.png	13547	13084
o_8139.png.scale384x240.png	166268	162582
o_8140.png.scale192x120.png	27702	26105
o_8134.png.scale768x480.png	428005	394258
o_8121.png.scale1024x640.png	654303	581033
o_8140.png.scale256x160.png	46617	43237
o_8139.png.scale512x320.png	287402	275066
o_8135.png.scale640x400.png	333554	306097
o_8140.png.scale64x40.png	4073	4033
o_8140.png.scale96x60.png	8021	7916
o_8131.png.scale768x480.png	344682	321097
o_8148.png.scale128x80.png	14724	13794
o_8134.png.scale896x560.png	567721	522577
o_8134.png.scale1024x640.png	718181	665777
o_8140.png.scale384x240.png	96923	88253
o_8148.png.scale192x120.png	31605	29493
o_8148.png.scale64x40.png	4070	4066
o_8148.png.scale256x160.png	54280	50448
o_8139.png.scale640x400.png	439005	409130
o_8148.png.scale96x60.png	8627	8343
o_8140.png.scale512x320.png	164006	147590
o_8148.png.scale384x240.png	118087	106743
o_8135.png.scale768x480.png	462831	424490
o_8131.png.scale896x560.png	443999	413570
o_8153.png.scale128x80.png	10156	9127
o_8153.png.scale192x120.png	18940	16767
o_8153.png.scale256x160.png	29018	25068
o_8153.png.scale64x40.png	3549	3282
o_8148.png.scale512x320.png	200490	182025
o_8139.png.scale768x480.png	617967	568914
o_8153.png.scale96x60.png	6664	6147
o_8153.png.scale384x240.png	58240	48471
o_8131.png.scale1024x640.png	551718	512529
o_8160.png.scale128x72.png	9585	9206
o_8135.png.scale896x560.png	608141	559684
o_8135.png.scale1024x640.png	767691	708045
o_8160.png.scale192x108.png	18369	17327
o_8140.png.scale640x400.png	243569	218496
o_8153.png.scale512x320.png	93158	75469
o_8160.png.scale64x36.png	3376	3278
o_8148.png.scale640x400.png	295346	271474
o_8160.png.scale96x54.png	6152	5924
o_8160.png.scale256x144.png	29848	27767
o_8170.png.scale128x72.png	5920	4550
o_8170.png.scale192x108.png	13352	10141
o_8153.png.scale640x400.png	131229	105800
o_8148.png.scale768x480.png	403847	373727
o_8160.png.scale384x216.png	59439	54325
o_8139.png.scale896x560.png	822311	749060
o_8170.png.scale64x36.png	1655	1401
o_8170.png.scale256x144.png	22229	16774
o_8139.png.scale1024x640.png	1049815	950273
o_8140.png.scale768x480.png	335739	303946
o_8170.png.scale96x54.png	3474	2660
o_8170.png.scale384x216.png	46894	34364
o_8171.png.scale128x72.png	8055	7259
o_8140.png.scale896x560.png	445949	401590
o_8160.png.scale512x288.png	96920	88120
o_8171.png.scale192x108.png	17507	15435
o_8170.png.scale512x288.png	81317	58602
o_8171.png.scale64x36.png	2005	1887
o_8171.png.scale256x144.png	30104	26732
o_8148.png.scale896x560.png	521680	483570
o_8171.png.scale96x54.png	4518	4262
o_8171.png.scale384x216.png	65405	55149
o_8153.png.scale768x480.png	177082	143696
o_8170.png.scale640x360.png	117861	82727
o_8176.png.scale128x72.png	7003	6714
o_8160.png.scale640x360.png	140980	125919
o_8171.png.scale512x288.png	115068	92206
o_8176.png.scale192x108.png	12872	12245
o_8176.png.scale64x36.png	2429	2385
o_8176.png.scale256x144.png	20170	19412
o_8140.png.scale1024x640.png	564276	511234
o_8176.png.scale96x54.png	4548	4376
o_8148.png.scale1024x640.png	646730	600082
o_8177.png.scale128x72.png	5905	5063
o_8170.png.scale768x432.png	171900	123964
o_8171.png.scale640x360.png	171719	131443
o_8176.png.scale384x216.png	37814	34986
o_8170.png.scale1024x576.png	271034	202753
o_8177.png.scale192x108.png	10873	10272
o_8153.png.scale896x560.png	223532	179928
o_8177.png.scale64x36.png	1870	1773
o_8153.png.scale1024x640.png	273634	221622
o_8160.png.scale768x432.png	192733	173257
o_8177.png.scale256x144.png	17697	16954
o_8177.png.scale96x54.png	3654	3296
o_8171.png.scale768x432.png	237792	187992
o_8183.png.scale128x72.png	18617	18299
o_8176.png.scale512x288.png	61043	56119
o_8160.png.scale896x504.png	246708	222558
o_8183.png.scale192x108.png	37473	36447
o_8170.png.scale896x504.png	218941	159431
o_8183.png.scale64x36.png	5548	5548
o_8177.png.scale384x216.png	32357	31164
o_8183.png.scale256x144.png	62434	60571
o_8183.png.scale96x54.png	11232	11100
o_8184.png.scale128x72.png	8598	7829
o_8160.png.scale1024x576.png	308423	279189
o_8184.png.scale192x108.png	17067	14984
o_8176.png.scale640x360.png	86381	78216
o_8171.png.scale896x504.png	310221	244970
o_8171.png.scale1024x576.png	378106	294940
o_8183.png.scale384x216.png	130082	125280
o_8177.png.scale512x288.png	53711	51196
o_8184.png.scale256x144.png	27163	23797
o_8184.png.scale64x36.png	3088	2839
o_8184.png.scale96x54.png	5608	5137
o_8176.png.scale768x432.png	121894	111554
o_8203.png.scale128x72.png	13033	12938
o_8177.png.scale640x360.png	76340	72773
o_8203.png.scale192x108.png	27695	27338
o_8184.png.scale384x216.png	56135	47505
o_8203.png.scale256x144.png	47887	47360
o_8203.png.scale64x36.png	3871	3822
o_8183.png.scale512x288.png	220058	211229
o_8203.png.scale384x216.png	103706	100840
o_8203.png.scale96x54.png	7904	7866
o_8176.png.scale1024x576.png	196515	176950
o_8177.png.scale768x432.png	110799	107244
o_8184.png.scale512x288.png	94796	77272
o_8206.png.scale128x72.png	4296	4134
o_8206.png.scale192x108.png	7905	7456
o_8176.png.scale896x504.png	155921	141759
o_8206.png.scale256x144.png	11737	10903
o_8183.png.scale640x360.png	330573	316720
o_8206.png.scale64x36.png	1822	1726
o_8177.png.scale1024x576.png	181119	173102
o_8177.png.scale896x504.png	142706	137269
o_8203.png.scale512x288.png	179367	174121
o_8206.png.scale96x54.png	3104	2936
o_8184.png.scale640x360.png	140040	112485
o_8206.png.scale384x216.png	21912	19930
o_8210.png.scale128x72.png	10154	9903
o_8210.png.scale192x108.png	20367	19689
o_8210.png.scale256x144.png	33791	32536
o_8206.png.scale512x288.png	34421	30664
o_8210.png.scale64x36.png	3297	3297
o_8184.png.scale768x432.png	193146	154845
o_8210.png.scale96x54.png	6445	6300
o_8203.png.scale640x360.png	274132	263233
o_8216.png.scale128x72.png	8366	8185
o_8206.png.scale640x360.png	47285	41535
o_8210.png.scale384x216.png	70573	67516
o_8183.png.scale768x432.png	462591	444028
o_8216.png.scale192x108.png	16319	15358
o_8210.png.scale512x288.png	119803	114232
o_8203.png.scale768x432.png	385137	367336
o_8216.png.scale256x144.png	26131	24500
o_8206.png.scale768x432.png	61733	54899
o_8216.png.scale64x36.png	2676	2610
o_8216.png.scale96x54.png	5160	5129
o_8184.png.scale896x504.png	249764	201971
o_8216.png.scale384x216.png	53082	48420
o_8184.png.scale1024x576.png	313109	253133
o_8224.png.scale128x80.png	11826	11356
o_8206.png.scale896x504.png	79654	68948
o_8206.png.scale1024x576.png	95814	84830
o_8224.png.scale192x120.png	24173	23177
o_8224.png.scale64x40.png	3773	3719
o_8224.png.scale256x160.png	40564	36541
o_8210.png.scale640x360.png	175995	166076
o_8224.png.scale96x60.png	7355	7080
o_8216.png.scale512x288.png	89238	79197
o_8229.png.scale128x80.png	8584	6587
o_8229.png.scale192x120.png	17931	13222
o_8224.png.scale384x240.png	85818	75197
o_8203.png.scale896x504.png	512248	480471
o_8183.png.scale896x504.png	614000	591185
o_8216.png.scale640x360.png	131889	113066
o_8229.png.scale64x40.png	2324	1820
o_8203.png.scale1024x576.png	656677	613265
o_8229.png.scale256x160.png	30459	22183
o_8229.png.scale96x60.png	4876	3689
o_8230.png.scale128x80.png	11757	10306
o_8210.png.scale768x432.png	241438	227484
o_8230.png.scale192x120.png	25227	21559
o_8229.png.scale384x240.png	66550	46897
o_8216.png.scale768x432.png	181709	154141
o_8183.png.scale1024x576.png	786097	755332
o_8224.png.scale512x320.png	143700	123955
o_8230.png.scale256x160.png	43463	37079
o_8230.png.scale64x40.png	3162	2995
o_8224.png.scale640x400.png	207871	179398
o_8230.png.scale96x60.png	6800	6114
o_8229.png.scale512x320.png	115084	80874
o_8231.png.scale128x80.png	12640	10928
o_8216.png.scale1024x576.png	297023	247433
o_8210.png.scale896x504.png	314208	295378
o_8230.png.scale384x240.png	95312	74731
o_8231.png.scale192x120.png	27123	23138
o_8210.png.scale1024x576.png	391891	366702
o_8231.png.scale64x40.png	3029	2916
o_8229.png.scale640x400.png	166572	120437
o_8231.png.scale256x160.png	47949	40419
o_8231.png.scale96x60.png	6852	6192
o_8216.png.scale896x504.png	236493	197442
o_8230.png.scale512x320.png	161713	123628
o_8232.png.scale128x80.png	9738	9368
o_8231.png.scale384x240.png	107413	83113
o_8232.png.scale192x120.png	19220	18469
o_8229.png.scale768x480.png	221630	159928
o_8232.png.scale256x160.png	31124	29246
o_8232.png.scale64x40.png	3174	3142
o_8230.png.scale640x400.png	230462	179133
o_8224.png.scale768x480.png	286206	247579
o_8232.png.scale96x60.png	6009	5876
o_8231.png.scale512x320.png	185638	139353
o_8234.png.scale128x80.png	9150	8960
o_8232.png.scale384x240.png	64262	58844
o_8234.png.scale192x120.png	17090	16517
o_8234.png.scale256x160.png	26565	25127
o_8230.png.scale768x480.png	303502	239850
o_8229.png.scale896x560.png	276668	206265
o_8234.png.scale64x40.png	3316	3212
o_8232.png.scale512x320.png	108817	96899
o_8224.png.scale896x560.png	372351	323410
o_8229.png.scale1024x640.png	330754	255997
o_8224.png.scale1024x640.png	463917	407529
o_8234.png.scale96x60.png	5937	5701
o_8236.png.scale128x80.png	9641	8654
o_8231.png.scale640x400.png	265637	203713
o_8234.png.scale384x240.png	51862	48133
o_8236.png.scale192x120.png	19224	16952
o_8230.png.scale896x560.png	375041	291385
o_8236.png.scale64x40.png	3147	2943
o_8236.png.scale256x160.png	32144	28054
o_8236.png.scale96x60.png	5879	5407
o_8230.png.scale1024x640.png	446034	347219
o_8232.png.scale640x400.png	160849	141730
o_8237.png.scale128x80.png	16944	16462
o_8236.png.scale384x240.png	67657	57544
o_8231.png.scale768x480.png	354220	275811
o_8237.png.scale192x120.png	35637	33937
o_8234.png.scale512x320.png	84131	77253
o_8237.png.scale64x40.png	4719	4662
o_8237.png.scale256x160.png	60940	57115
o_8231.png.scale896x560.png	437612	335561
o_8232.png.scale768x480.png	219085	192930
o_8237.png.scale96x60.png	9916	9605
o_8231.png.scale1024x640.png	518966	398777
o_8236.png.scale512x320.png	113576	96638
o_8257.png.scale128x80.png	19750	19689
o_8257.png.scale192x120.png	42660	42360
o_8237.png.scale384x240.png	127742	119522
o_8257.png.scale256x160.png	74107	73314
o_8234.png.scale640x400.png	121588	109916
o_8257.png.scale64x40.png	5420	5391
o_8234.png.scale768x480.png	164864	147692
o_8232.png.scale896x560.png	282330	247358
o_8257.png.scale96x60.png	11561	11561
o_8236.png.scale640x400.png	168900	142967
o_8257.png.scale384x240.png	161447	157443
o_8271.png.scale108x192.png	15204	12434
o_8232.png.scale1024x640.png	350564	310031
o_8237.png.scale512x320.png	216379	201109
o_8271.png.scale144x256.png	23312	18532
o_8271.png.scale36x64.png	2929	2788
o_8234.png.scale1024x640.png	260822	232728
o_8271.png.scale54x96.png	5216	4852
o_8271.png.scale72x128.png	8111	7262
o_8275.png.scale108x192.png	24180	23111
o_8271.png.scale216x384.png	40824	31556
o_8275.png.scale36x64.png	3998	3973
o_8257.png.scale512x320.png	278010	265084
o_8275.png.scale54x96.png	7606	7482
o_8275.png.scale72x128.png	12445	12077
o_8275.png.scale144x256.png	38640	35400
o_8234.png.scale896x560.png	211659	190204
o_8276.png.scale108x192.png	25054	14589
o_8275.png.scale216x384.png	73066	66855
o_8276.png.scale36x64.png	3240	2330
o_8236.png.scale768x480.png	233119	198835
o_8271.png.scale288x512.png	59232	45673
o_8276.png.scale144x256.png	40989	23649
o_8276.png.scale54x96.png	6824	4436
o_8276.png.scale72x128.png	11688	7281
o_8278.png.scale108x192.png	22570	17289
o_8237.png.scale640x400.png	323715	299028
o_8278.png.scale36x64.png	3146	2881
o_8278.png.scale144x256.png	35763	26626
o_8276.png.scale216x384.png	77176	44132
o_8278.png.scale54x96.png	6099	5299
o_8278.png.scale72x128.png	10423	8613
o_8257.png.scale640x400.png	424262	398104
o_8282.png.scale108x192.png	17631	14771
o_8271.png.scale360x640.png	78026	61043
o_8275.png.scale288x512.png	113332	103770
o_8282.png.scale36x64.png	2864	2630
o_8282.png.scale144x256.png	28118	22790
o_8282.png.scale54x96.png	5597	5077
o_8278.png.scale216x384.png	66331	48768
o_8282.png.scale72x128.png	8998	8087
o_8236.png.scale896x560.png	305653	261741
o_8276.png.scale288x512.png	116880	67224
o_8283.png.scale108x192.png	21136	17353
o_8283.png.scale36x64.png	2916	2685
o_8282.png.scale216x384.png	51327	41481
o_8283.png.scale54x96.png	6000	5413
o_8283.png.scale144x256.png	35403	27867
o_8278.png.scale288x512.png	101202	74398
o_8275.png.scale360x640.png	157518	144336
o_8283.png.scale72x128.png	10062	8934
o_8284.png.scale36x64.png	3073	3038
o_8257.png.scale768x480.png	594208	548393
o_8284.png.scale54x96.png	5800	5709
o_8284.png.scale108x192.png	18746	17658
o_8284.png.scale72x128.png	9249	8981
o_8276.png.scale360x640.png	160334	95594
o_8283.png.scale216x384.png	66707	52326
o_8286.png.scale108x192.png	22710	15664
o_8236.png.scale1024x640.png	385705	329233
o_8286.png.scale36x64.png	3583	3092
o_8284.png.scale144x256.png	30536	28744
o_8286.png.scale54x96.png	6924	5515
o_8282.png.scale288x512.png	74807	63253
o_8286.png.scale144x256.png	35643	24296
o_8286.png.scale72x128.png	11342	8477
o_8237.png.scale768x480.png	448508	413338
o_8278.png.scale360x640.png	140117	103835
o_8283.png.scale288x512.png	97937	82577
o_8284.png.scale216x384.png	60141	56030
o_8289.png.scale36x64.png	2150	2150
o_8289.png.scale108x192.png	12958	12494
o_8289.png.scale54x96.png	4127	4127
o_8289.png.scale72x128.png	6520	6456
o_8286.png.scale216x384.png	63953	42191
o_8289.png.scale144x256.png	21697	20905
o_8295.png.scale36x64.png	4701	4614
o_8282.png.scale360x640.png	98770	84411
o_8295.png.scale108x192.png	30746	29073
o_8295.png.scale54x96.png	9340	9060
o_8257.png.scale896x560.png	787656	715795
o_8284.png.scale288x512.png	95768	89473
o_8295.png.scale72x128.png	15334	14698
o_8295.png.scale144x256.png	50767	47934
o_8299.png.scale36x64.png	3578	3368
o_8289.png.scale216x384.png	43611	41359
o_8299.png.scale108x192.png	25292	21534
o_8299.png.scale54x96.png	7294	6645
o_8299.png.scale72x128.png	12356	10853
o_8299.png.scale144x256.png	41229	34755
o_8237.png.scale896x560.png	590181	540334
o_8286.png.scale288x512.png	96593	65152
o_8300.png.scale36x64.png	3575	3390
o_8300.png.scale108x192.png	23914	20431
o_8284.png.scale360x640.png	135173	127451
o_8300.png.scale54x96.png	7207	6641
o_8289.png.scale288x512.png	71377	66977
o_8283.png.scale360x640.png	129539	109624
o_8295.png.scale216x384.png	103869	98360
o_8300.png.scale72x128.png	11841	10485
o_8301.png.scale36x64.png	2366	1780
o_8300.png.scale144x256.png	38193	32875
o_8301.png.scale54x96.png	4385	3196
o_8301.png.scale108x192.png	14943	9259
o_8301.png.scale72x128.png	7164	4745
o_8286.png.scale360x640.png	129862	89089
o_8299.png.scale216x384.png	81115	68958
o_8305.png.scale36x64.png	4344	4294
o_8257.png.scale1024x640.png	1004545	906940
o_8301.png.scale144x256.png	23942	14257
o_8305.png.scale108x192.png	31158	27576
o_8305.png.scale54x96.png	8870	8499
o_8305.png.scale144x256.png	51467	44151
o_8300.png.scale216x384.png	75997	64944
o_8289.png.scale360x640.png	102410	95341
o_8305.png.scale72x128.png	15049	13862
o_8301.png.scale216x384.png	44343	26114
o_8308.png.scale36x64.png	4167	3845
o_8308.png.scale108x192.png	27928	22363
o_8308.png.scale54x96.png	8312	7303
o_8308.png.scale72x128.png	13573	11484
o_8295.png.scale288x512.png	171839	163021
o_8308.png.scale144x256.png	45472	35326
o_8315.png.scale108x192.png	31344	28837
o_8315.png.scale36x64.png	4494	4426
o_8315.png.scale54x96.png	9203	8783
o_8305.png.scale216x384.png	100826	86335
o_8299.png.scale288x512.png	129143	110062
o_8315.png.scale72x128.png	15219	14332
o_8300.png.scale288x512.png	122057	103712
o_8301.png.scale288x512.png	65748	40186
o_8315.png.scale144x256.png	52891	48265
o_8326.png.scale36x64.png	4214	4142
o_8326.png.scale54x96.png	8591	7942
o_8326.png.scale108x192.png	28499	24927
o_8315.png.scale216x384.png	106650	98668
o_8326.png.scale144x256.png	46245	39657
o_8326.png.scale72x128.png	14102	12891
o_8237.png.scale1024x640.png	748526	681410
o_8301.png.scale360x640.png	87997	55191
o_8308.png.scale216x384.png	88361	69102
o_8336.png.scale48x64.png	3781	3653
o_8336.png.scale144x192.png	22590	19088
o_8305.png.scale288x512.png	160264	137733
o_8336.png.scale72x96.png	7014	6615
o_8299.png.scale360x640.png	183448	160421
o_8300.png.scale360x640.png	174307	149162
o_8336.png.scale96x128.png	11021	10031
o_8336.png.scale192x256.png	37989	29903
o_8315.png.scale288x512.png	173226	161135
o_8308.png.scale288x512.png	137668	108204
o_8339.png.scale48x64.png	4060	3634
o_8339.png.scale144x192.png	26940	20163
o_8326.png.scale216x384.png	88544	74399
o_8305.png.scale360x640.png	227271	197723
o_8295.png.scale360x640.png	254372	240824
o_8339.png.scale72x96.png	8430	7090
o_8336.png.scale288x384.png	73542	55726
o_8339.png.scale96x128.png	13206	10507
o_8339.png.scale192x256.png	43844	31399
o_8341.png.scale144x192.png	32306	27273
o_8341.png.scale48x64.png	4431	4014
o_8315.png.scale360x640.png	250710	235670
o_8326.png.scale288x512.png	136070	112843
o_8308.png.scale360x640.png	192130	154542
o_8341.png.scale192x256.png	48274	37767
o_8341.png.scale72x96.png	9155	8168
o_8336.png.scale384x512.png	108930	80748
o_8339.png.scale288x384.png	86466	60982
o_8341.png.scale96x128.png	14943	13102
o_8341.png.scale288x384.png	105552	79605
o_8326.png.scale360x640.png	187416	155330
o_8345.png.scale48x64.png	4895	4766
o_8345.png.scale144x192.png	27784	26246
o_8339.png.scale384x512.png	130034	90728
o_8345.png.scale72x96.png	9060	8841
o_8345.png.scale192x256.png	44578	41258
o_8336.png.scale480x640.png	156254	114089
o_8341.png.scale384x512.png	153363	119192
o_8345.png.scale96x128.png	14177	13936
o_8346.png.scale144x192.png	23974	23003
o_8336.png.scale576x768.png	192954	142755
o_8345.png.scale288x384.png	88362	79968
o_8346.png.scale192x256.png	38630	36308
o_8341.png.scale480x640.png	223234	172527
o_8339.png.scale480x640.png	186193	133703
o_8346.png.scale48x64.png	4238	3997
o_8346.png.scale72x96.png	7696	7563
o_8346.png.scale96x128.png	12319	12319
o_8345.png.scale384x512.png	142042	129032
o_8339.png.scale576x768.png	228637	168828
o_8346.png.scale288x384.png	77689	73538
o_8336.png.scale672x896.png	244185	182016
o_8351.png.scale144x192.png	40616	39133
o_8341.png.scale576x768.png	268034	207215
o_8351.png.scale48x64.png	6191	6092
o_8351.png.scale192x256.png	68148	65861
o_8351.png.scale72x96.png	12081	11759
o_8345.png.scale480x640.png	207592	186644
o_8336.png.scale768x1024.png	112332	80497
o_8351.png.scale96x128.png	19765	19312
o_8341.png.scale672x896.png	340116	266652
o_8351.png.scale288x384.png	141952	136468
o_8357.png.scale144x192.png	26108	21925
o_8339.png.scale672x896.png	306179	231107
o_8357.png.scale48x64.png	4146	3776
o_8357.png.scale192x256.png	41790	34786
o_8339.png.scale768x1024.png	186654	128888
o_8357.png.scale72x96.png	8155	7216
o_8346.png.scale384x512.png	127988	121586
o_8345.png.scale576x768.png	274965	248735
o_8357.png.scale96x128.png	13062	11374
o_8357.png.scale288x384.png	82194	67938
o_8351.png.scale384x512.png	238506	228984
o_8359.png.scale144x192.png	13169	10608
o_8359.png.scale192x256.png	21133	16009
o_8359.png.scale48x64.png	2616	2416
o_8346.png.scale480x640.png	185937	175541
o_8341.png.scale768x1024.png	132668	95840
o_8346.png.scale576x768.png	250620	235492
o_8359.png.scale288x384.png	40742	29711
o_8359.png.scale72x96.png	4600	4018
o_8345.png.scale672x896.png	352299	317287
o_8359.png.scale96x128.png	6911	5949
o_8351.png.scale480x640.png	356752	343194
o_8357.png.scale384x512.png	129176	107974
o_8376.png.scale144x192.png	44542	40761
o_8376.png.scale48x64.png	6524	6289
o_8376.png.scale192x256.png	73860	66779
o_8345.png.scale768x1024.png	316889	284070
o_8357.png.scale480x640.png	189062	158041
o_8359.png.scale384x512.png	58571	42382
o_8376.png.scale72x96.png	12830	12414
o_8376.png.scale96x128.png	21444	20423
o_8346.png.scale672x896.png	319060	299854
o_8383.png.scale144x192.png	30678	21784
o_8359.png.scale480x640.png	82786	60808
o_8383.png.scale192x256.png	53232	34658
o_8376.png.scale288x384.png	152577	134912
o_8383.png.scale48x64.png	4143	3485
o_8376.png.scale384x512.png	236703	213721
o_8346.png.scale768x1024.png	300742	279924
o_8383.png.scale72x96.png	8627	6993
o_8383.png.scale288x384.png	111711	68185
o_8359.png.scale576x768.png	103981	75016
o_8383.png.scale96x128.png	14676	11272
o_8357.png.scale576x768.png	249733	211478
o_8351.png.scale576x768.png	496052	476816
o_8384.png.scale144x192.png	23142	15967
o_8384.png.scale48x64.png	3288	2697
o_8376.png.scale480x640.png	364361	329677
o_8384.png.scale192x256.png	39545	25407
o_8384.png.scale72x96.png	6558	5041
o_8359.png.scale672x896.png	132216	95644
o_8383.png.scale384x512.png	147613	92855
o_8351.png.scale672x896.png	651140	626219
o_8384.png.scale96x128.png	11250	8303
o_8384.png.scale288x384.png	85805	51672
o_8387.png.scale144x192.png	34381	30642
o_8357.png.scale672x896.png	321325	269651
o_8387.png.scale48x64.png	5242	5099
o_8383.png.scale480x640.png	238587	148073
o_8387.png.scale192x256.png	57465	49909
o_8387.png.scale72x96.png	10517	9903
o_8376.png.scale576x768.png	487929	448646
o_8384.png.scale384x512.png	113645	69352
o_8387.png.scale96x128.png	16930	15728
o_8359.png.scale768x1024.png	73226	54828
o_8389.png.scale128x80.png	13436	12628
o_8389.png.scale192x120.png	26384	24272
o_8387.png.scale288x384.png	116720	97424
o_8389.png.scale256x160.png	43110	39372
o_8383.png.scale576x768.png	277938	180334
o_8389.png.scale64x40.png	4356	4225
o_8384.png.scale480x640.png	181239	110080
o_8387.png.scale384x512.png	190089	153553
o_8351.png.scale768x1024.png	817488	781846
o_8389.png.scale384x240.png	88214	78822
o_8389.png.scale96x60.png	8382	7992
o_8403.png.scale118x256.png	13061	9582
o_8384.png.scale576x768.png	208579	132798
o_8403.png.scale30x64.png	1724	1544
o_8357.png.scale768x1024.png	326741	277688
o_8376.png.scale672x896.png	644178	596430
o_8389.png.scale512x320.png	141967	127094
o_8383.png.scale672x896.png	360986	235852
o_8403.png.scale44x96.png	3073	2463
o_8403.png.scale59x128.png	4574	3591
o_8387.png.scale480x640.png	272295	217693
o_8403.png.scale177x384.png	23280	17175
o_8403.png.scale89x192.png	8487	6370
o_8412.png.scale108x192.png	19725	14903
o_8412.png.scale36x64.png	3614	3247
o_8403.png.scale237x512.png	34682	25286
o_8412.png.scale144x256.png	30487	22607
o_8412.png.scale54x96.png	6833	5677
o_8376.png.scale768x1024.png	691557	639382
o_8412.png.scale216x384.png	53253	38983
o_8384.png.scale672x896.png	268699	172667
o_8412.png.scale72x128.png	10876	8625
o_8414.png.scale128x80.png	12574	11029
o_8389.png.scale640x400.png	198604	178174
o_8403.png.scale296x640.png	46642	35307
o_8414.png.scale192x120.png	26621	22897
o_8387.png.scale576x768.png	358271	287659
o_8383.png.scale768x1024.png	157743	115195
o_8414.png.scale64x40.png	3415	3211
o_8414.png.scale256x160.png	45741	37839
o_8412.png.scale288x512.png	77707	57770
o_8414.png.scale96x60.png	7253	6546
o_8384.png.scale768x1024.png	113069	83684
o_8418.png.scale128x80.png	9336	8371
o_8414.png.scale384x240.png	99434	77049
o_8403.png.scale355x768.png	59379	46129
o_8418.png.scale192x120.png	18435	15964
o_8412.png.scale360x640.png	103212	77399
o_8418.png.scale64x40.png	3116	2853
o_8418.png.scale256x160.png	29780	25334
o_8389.png.scale768x480.png	274171	245617
o_8403.png.scale414x896.png	36305	25751
o_8414.png.scale512x320.png	162582	122431
o_8418.png.scale96x60.png	5959	5500
o_8434.png.scale118x256.png	29392	23829
o_8418.png.scale384x240.png	59887	49447
o_8387.png.scale672x896.png	457058	368278
o_8434.png.scale30x64.png	2977	2865
o_8412.png.scale432x768.png	132069	98426
o_8434.png.scale44x96.png	5529	5097
o_8434.png.scale177x384.png	56760	45452
o_8434.png.scale59x128.png	8967	7814
o_8414.png.scale640x400.png	219337	169810
o_8412.png.scale504x896.png	161055	121021
o_8438.png.scale128x80.png	14151	13448
o_8387.png.scale768x1024.png	387296	270991
o_8389.png.scale1024x640.png	432373	390235
o_8434.png.scale89x192.png	18048	15000
o_8389.png.scale896x560.png	355319	317484
o_8438.png.scale64x40.png	4263	4210
o_8418.png.scale512x320.png	95522	79664
o_8438.png.scale192x120.png	30040	27571
o_8438.png.scale96x60.png	8481	8199
o_8434.png.scale237x512.png	89399	70485
o_8438.png.scale256x160.png	50815	45379
o_8443.png.scale118x256.png	52230	48842
o_8418.png.scale640x400.png	131741	109280
o_8412.png.scale576x1024.png	188951	143584
o_8443.png.scale30x64.png	4393	4393
o_8438.png.scale384x240.png	106030	95667
o_8443.png.scale44x96.png	8652	8629
o_8443.png.scale59x128.png	14530	14238
o_8443.png.scale177x384.png	109796	101761
o_8434.png.scale296x640.png	122617	98575
o_8414.png.scale768x480.png	289701	224208
o_8438.png.scale512x320.png	178612	159332
o_8460.png.scale108x192.png	39321	38499
o_8443.png.scale89x192.png	30898	29417
o_8460.png.scale36x64.png	5008	5008
o_8460.png.scale144x256.png	65046	62755
o_8443.png.scale237x512.png	184419	169762
o_8460.png.scale54x96.png	10879	10867
o_8434.png.scale355x768.png	161489	129577
o_8460.png.scale72x128.png	18686	18677
o_8414.png.scale1024x640.png	406717	320123
o_8414.png.scale896x560.png	360733	279812
o_8462.png.scale128x80.png	15021	14082
o_8462.png.scale192x120.png	31962	28922
o_8460.png.scale216x384.png	126577	119499
o_8438.png.scale640x400.png	260729	235698
o_8434.png.scale414x896.png	135027	115047
o_8443.png.scale296x640.png	276719	251616
o_8462.png.scale64x40.png	4320	4318
o_8418.png.scale768x480.png	191984	159318
o_8462.png.scale256x160.png	53308	47408
o_8462.png.scale96x60.png	8952	8656
o_8465.png.scale128x72.png	10182	9244
o_8465.png.scale192x108.png	19273	16961
o_8465.png.scale256x144.png	30675	27058
o_8443.png.scale355x768.png	379643	345462
o_8462.png.scale384x240.png	112333	97264
o_8465.png.scale64x36.png	3533	3443
o_8460.png.scale288x512.png	196927	184109
o_8465.png.scale96x54.png	6251	5952
o_8438.png.scale768x480.png	359771	327197
o_8466.png.scale128x80.png	13118	12155
o_8418.png.scale896x560.png	251855	206127
o_8418.png.scale1024x640.png	307799	252381
o_8462.png.scale512x320.png	187406	159086
o_8466.png.scale192x120.png	26344	23683
o_8443.png.scale414x896.png	456424	423177
o_8465.png.scale384x216.png	58690	50833
o_8466.png.scale64x40.png	4023	3967
o_8466.png.scale96x60.png	8008	7651
o_8466.png.scale256x160.png	42999	37528
o_9025.png.scale128x192.png	18008	16055
o_8466.png.scale384x240.png	89507	74400
o_9025.png.scale171x256.png	28154	24921
o_8438.png.scale896x560.png	469810	425904
o_8465.png.scale512x288.png	90390	77105
o_9025.png.scale43x64.png	3354	3253
o_8462.png.scale640x400.png	267365	223297
o_9025.png.scale64x96.png	6199	5793
o_8466.png.scale512x320.png	146506	118135
o_8460.png.scale360x640.png	275681	255202
o_9025.png.scale85x128.png	9665	8806
o_9051.png.scale128x128.png	9779	8531
o_8438.png.scale1024x640.png	579517	530948
o_8465.png.scale640x360.png	125550	107623
o_8462.png.scale768x480.png	367670	307075
o_9025.png.scale256x384.png	54287	47412
o_9051.png.scale192x192.png	17277	15190
o_9051.png.scale64x64.png	3704	3358
o_8466.png.scale640x400.png	214757	168718
o_9051.png.scale256x256.png	26020	23319
o_8462.png.scale896x560.png	480852	399826
o_9051.png.scale96x96.png	6633	5688
o_8466.png.scale768x480.png	289672	226125
o_8462.png.scale1024x640.png	587597	498635
o_9063.png.scale128x192.png	19934	18587
o_9025.png.scale341x512.png	86456	75667
o_8460.png.scale432x768.png	364222	335392
o_9063.png.scale43x64.png	3024	2997
o_9051.png.scale384x384.png	47874	43938
o_9063.png.scale64x96.png	5929	5672
o_9063.png.scale171x256.png	32429	29654
o_8466.png.scale1024x640.png	455101	357923
o_9063.png.scale85x128.png	9723	9219
o_9051.png.scale512x512.png	72680	68094
o_9066.png.scale128x192.png	11261	10476
o_8466.png.scale896x560.png	368906	287916
o_9025.png.scale427x640.png	122991	109316
o_9066.png.scale43x64.png	2467	2364
o_9066.png.scale171x256.png	17506	16160
o_9063.png.scale256x384.png	62382	56969
o_9066.png.scale64x96.png	4254	4036
o_8460.png.scale504x896.png	466356	424990
o_9066.png.scale85x128.png	6257	5964
o_9066.png.scale256x384.png	33042	29779
o_9051.png.scale640x640.png	107124	98823
o_9067.png.scale128x128.png	24330	23591
o_9067.png.scale192x192.png	50001	47201
o_9066.png.scale341x512.png	51820	45668
o_9025.png.scale512x768.png	163042	145444
o_9063.png.scale341x512.png	98871	89087
o_9067.png.scale64x64.png	7240	7142
o_9067.png.scale256x256.png	81410	76315
o_9066.png.scale427x640.png	72145	62772
o_9067.png.scale96x96.png	14566	14215
o_9063.png.scale427x640.png	137476	123713
o_8460.png.scale576x1024.png	576114	524881
o_9070.png.scale128x192.png	18152	16929
o_9051.png.scale768x768.png	144297	132742
o_9070.png.scale171x256.png	27935	26179
o_9070.png.scale43x64.png	3556	3365
o_9070.png.scale256x384.png	51352	48743
o_9067.png.scale384x384.png	166591	150664
o_9070.png.scale64x96.png	6294	6084
o_9066.png.scale512x768.png	94311	82604
o_9025.png.scale597x896.png	214803	189841
o_9051.png.scale1024x1024.png	205188	186452
o_9070.png.scale85x128.png	9802	9280
o_9051.png.scale896x896.png	179753	165176
o_9070.png.scale341x512.png	78126	74032
o_9063.png.scale512x768.png	179628	161565
o_9077.png.scale128x128.png	15603	14264
o_9077.png.scale192x192.png	29263	25851
o_9077.png.scale64x64.png	5620	5295
o_9066.png.scale597x896.png	123815	107741
o_9067.png.scale512x512.png	266710	242714
o_9077.png.scale96x96.png	10123	9401
o_9077.png.scale256x256.png	44787	39475
o_9070.png.scale427x640.png	110275	104072
o_9079.png.scale128x192.png	15762	14743
o_9025.png.scale683x1024.png	268036	236207
o_9079.png.scale171x256.png	24590	22981
o_9079.png.scale43x64.png	2514	2485
o_9079.png.scale256x384.png	45862	42628
o_9063.png.scale597x896.png	233008	208163
o_9079.png.scale64x96.png	4919	4855
o_9066.png.scale683x1024.png	154143	133919
o_9079.png.scale85x128.png	7982	7725
o_9077.png.scale384x384.png	85070	74092
o_9094.png.scale128x192.png	55449	54119
o_9070.png.scale512x768.png	145701	137556
o_9079.png.scale341x512.png	70622	65841
o_9067.png.scale640x640.png	393134	356329
o_9094.png.scale43x64.png	6824	6785
o_9094.png.scale171x256.png	95526	93234
o_9094.png.scale256x384.png	205283	199662
o_9094.png.scale64x96.png	14607	14379
o_9079.png.scale427x640.png	98998	91911
o_9094.png.scale85x128.png	25175	24767
o_9094.png.scale341x512.png	356601	344013
o_9077.png.scale512x512.png	132008	115980
o_9063.png.scale683x1024.png	289291	258224
o_9097.png.scale128x192.png	57368	56423
o_9070.png.scale597x896.png	187066	174916
o_9079.png.scale512x768.png	129781	120595
o_9097.png.scale43x64.png	6412	6344
o_9097.png.scale171x256.png	101741	100009
o_9097.png.scale64x96.png	14191	14037
o_9094.png.scale427x640.png	553468	533791
o_9097.png.scale256x384.png	226593	223258
o_9097.png.scale85x128.png	25162	24855
o_9098.png.scale128x192.png	51724	51236
o_9097.png.scale341x512.png	401622	395335
o_9098.png.scale171x256.png	89784	88972
o_9079.png.scale597x896.png	165967	153966
o_9098.png.scale43x64.png	6380	6321
o_9094.png.scale512x768.png	796929	765539
o_9070.png.scale683x1024.png	230330	215770
o_9067.png.scale768x768.png	530128	482620
o_9098.png.scale256x384.png	196657	193747
o_9098.png.scale64x96.png	13657	13557
o_9098.png.scale85x128.png	23637	23451
o_9097.png.scale427x640.png	629504	618482
o_9105.png.scale128x192.png	58189	56488
o_9098.png.scale341x512.png	348787	339253
o_9077.png.scale640x640.png	190116	167570
o_9105.png.scale43x64.png	7103	7039
o_9105.png.scale171x256.png	101583	98640
o_9097.png.scale512x768.png	904350	888215
o_9105.png.scale64x96.png	15186	14959
o_9105.png.scale256x384.png	224466	218078
o_9105.png.scale85x128.png	26284	25849
o_9107.png.scale128x192.png	50910	50172
o_9079.png.scale683x1024.png	203300	189643
o_9094.png.scale597x896.png	1085283	1042750
o_9097.png.scale597x896.png	1223660	1202481
o_9098.png.scale427x640.png	551130	533271
o_9107.png.scale43x64.png	6228	6228
o_9105.png.scale341x512.png	398337	383280
o_9107.png.scale171x256.png	88566	86923
o_9107.png.scale64x96.png	13344	13344
o_9107.png.scale256x384.png	195090	190140
o_9105.png.scale427x640.png	629791	604718
o_9107.png.scale85x128.png	23136	22992
o_9113.png.scale128x85.png	23156	22824
o_9113.png.scale192x128.png	50474	50131
o_9098.png.scale512x768.png	801248	763122
o_9097.png.scale683x1024.png	1587053	1561148
o_9094.png.scale683x1024.png	1425976	1369216
o_9107.png.scale341x512.png	346122	335542
o_9113.png.scale256x171.png	88330	87737
o_9113.png.scale64x43.png	6173	6158
o_9105.png.scale512x768.png	917027	881780
o_9113.png.scale96x64.png	13338	13303
o_9113.png.scale384x256.png	197209	197173
o_9107.png.scale427x640.png	545814	531832
o_9098.png.scale597x896.png	1095060	1048077
o_9115.png.scale128x192.png	34057	32238
o_9105.png.scale597x896.png	1255510	1209718
o_9115.png.scale43x64.png	4764	4675
o_9067.png.scale896x896.png	668154	614919
o_9115.png.scale171x256.png	58286	54869
o_9113.png.scale512x341.png	354390	352995
o_9107.png.scale512x768.png	790899	765778
o_9115.png.scale64x96.png	9601	9323
o_9115.png.scale85x128.png	16072	15516
o_9113.png.scale640x427.png	565810	560511
o_9118.png.scale128x85.png	27822	27486
o_9077.png.scale768x768.png	253323	220312
o_9105.png.scale683x1024.png	1646806	1588974
o_9118.png.scale192x128.png	62033	61046
o_9118.png.scale256x171.png	108416	106924
o_9118.png.scale64x43.png	7297	7231
o_9118.png.scale384x256.png	236853	234433
o_9098.png.scale683x1024.png	1437756	1374636
o_9118.png.scale96x64.png	15853	15707
o_9121.png.scale128x192.png	54276	53958
o_9115.png.scale256x384.png	128146	120902
o_9118.png.scale512x341.png	414396	406907
o_9113.png.scale768x512.png	828996	820069
o_9107.png.scale597x896.png	1076692	1043994
o_9121.png.scale43x64.png	6360	6334
o_9121.png.scale171x256.png	96214	95260
o_9113.png.scale896x597.png	1140771	1126699
o_9113.png.scale1024x683.png	1502834	1483557
o_9121.png.scale64x96.png	13773	13714
o_9121.png.scale256x384.png	217987	214994
o_9121.png.scale85x128.png	24136	23957
o_9107.png.scale683x1024.png	1408404	1369006
o_9123.png.scale128x192.png	53926	52890
o_9118.png.scale640x427.png	644244	632868
o_9123.png.scale171x256.png	94385	92453
o_9077.png.scale896x896.png	312786	273362
o_9123.png.scale43x64.png	6360	6285
o_9115.png.scale341x512.png	231135	216440
o_9121.png.scale341x512.png	394012	385686
o_9123.png.scale64x96.png	13876	13654
o_9067.png.scale1024x1024.png	767005	701240
o_9123.png.scale85x128.png	24318	23892
o_9123.png.scale256x384.png	210427	205086
o_9125.png.scale128x192.png	58582	56979
o_9118.png.scale768x512.png	923979	904798
o_9125.png.scale171x256.png	103596	100105
o_9121.png.scale427x640.png	629462	613040
o_9125.png.scale43x64.png	6728	6728
o_9123.png.scale341x512.png	376741	359986
o_9125.png.scale64x96.png	14713	14674
o_9125.png.scale256x384.png	230202	220401
o_9121.png.scale512x768.png	921610	894934
o_9125.png.scale85x128.png	25958	25612
o_9118.png.scale896x597.png	1250019	1216699
o_9123.png.scale427x640.png	599074	569603
o_9130.png.scale128x192.png	45683	45350
o_9125.png.scale341x512.png	407033	386645
o_9130.png.scale43x64.png	5941	5919
o_9130.png.scale171x256.png	78885	78196
o_9118.png.scale1024x683.png	1624599	1583353
o_9115.png.scale427x640.png	367874	344302
o_9130.png.scale64x96.png	12354	12354
o_9121.png.scale597x896.png	1267028	1229917
o_9130.png.scale85x128.png	21041	20954
o_9132.png.scale128x192.png	60448	58947
o_9123.png.scale512x768.png	873562	834957
o_9130.png.scale256x384.png	172102	168886
o_9132.png.scale171x256.png	105992	103410
o_9132.png.scale43x64.png	6903	6853
o_9125.png.scale427x640.png	636512	601160
o_9077.png.scale1024x1024.png	356296	308234
o_9132.png.scale64x96.png	15226	15085
o_9132.png.scale256x384.png	234616	226210
o_9132.png.scale85x128.png	26938	26562
o_9130.png.scale341x512.png	304885	293818
o_9134.png.scale128x192.png	54341	54000
o_9123.png.scale597x896.png	1195178	1144314
o_9134.png.scale171x256.png	95832	95043
o_9125.png.scale512x768.png	911062	860708
o_9134.png.scale43x64.png	6480	6462
o_9132.png.scale341x512.png	414975	395251
o_9130.png.scale427x640.png	483932	463180
o_9115.png.scale512x768.png	538591	506018
o_9134.png.scale64x96.png	13887	13840
o_9121.png.scale683x1024.png	1666730	1618136
o_9134.png.scale256x384.png	212649	211677
o_9132.png.scale427x640.png	651599	618666
o_9134.png.scale85x128.png	24283	24121
o_9135.png.scale128x192.png	49005	48357
o_9123.png.scale683x1024.png	1567418	1501429
o_9135.png.scale43x64.png	5917	5843
o_9135.png.scale171x256.png	85515	84509
o_9134.png.scale341x512.png	375779	373980
o_9135.png.scale64x96.png	12695	12576
o_9125.png.scale597x896.png	1229124	1163221
o_9135.png.scale256x384.png	188676	186780
o_9132.png.scale512x768.png	943492	907719
o_9135.png.scale85x128.png	22163	21876
o_9137.png.scale128x192.png	54357	51476
o_9134.png.scale427x640.png	588957	584135
o_9130.png.scale512x768.png	707128	674556
o_9137.png.scale171x256.png	93607	88229
o_9137.png.scale43x64.png	6500	6489
o_9135.png.scale341x512.png	334739	328016
o_9137.png.scale64x96.png	14287	13917
o_9125.png.scale683x1024.png	1591250	1508396
o_9137.png.scale256x384.png	203215	185739
o_9132.png.scale597x896.png	1288028	1242431
o_9130.png.scale597x896.png	971518	923936
o_9137.png.scale85x128.png	24898	23848
o_9140.png.scale128x192.png	53934	53934
o_9134.png.scale512x768.png	848199	839973
o_9140.png.scale43x64.png	6332	6328
o_9140.png.scale171x256.png	94626	94255
o_9137.png.scale341x512.png	360380	325884
o_9115.png.scale597x896.png	739991	695515
o_9140.png.scale64x96.png	13716	13707
o_9135.png.scale427x640.png	526227	510470
o_9140.png.scale85x128.png	24032	24032
o_9142.png.scale128x192.png	51000	50597
o_9140.png.scale256x384.png	208472	206467
o_9137.png.scale427x640.png	569408	521174
o_9142.png.scale171x256.png	87784	86915
o_9142.png.scale43x64.png	6297	6278
o_9130.png.scale683x1024.png	1283650	1223041
o_9135.png.scale512x768.png	759624	736125
o_9142.png.scale64x96.png	13479	13393
o_9140.png.scale341x512.png	371055	367638
o_9132.png.scale683x1024.png	1686170	1616933
o_9142.png.scale85x128.png	23300	23116
o_9134.png.scale597x896.png	1150781	1139189
o_9143.png.scale128x192.png	48965	48546
o_9142.png.scale256x384.png	187849	187825
o_9143.png.scale171x256.png	84550	83403
o_9143.png.scale43x64.png	6081	6025
o_9140.png.scale427x640.png	599710	591056
o_9135.png.scale597x896.png	1031917	1002807
o_9134.png.scale683x1024.png	1499628	1485809
o_9143.png.scale256x384.png	183819	179991
o_9142.png.scale341x512.png	324761	320525
o_9143.png.scale64x96.png	13164	13004
o_9143.png.scale85x128.png	22786	22435
o_9137.png.scale512x768.png	829512	754045
o_9115.png.scale683x1024.png	977951	922249
o_9143.png.scale341x512.png	323711	315037
o_9140.png.scale512x768.png	904270	887382
o_9144.png.scale43x64.png	4324	4223
o_9144.png.scale128x192.png	32464	30686
o_9142.png.scale427x640.png	501378	493644
o_9144.png.scale64x96.png	8990	8676
o_9135.png.scale683x1024.png	1346828	1308028
o_9144.png.scale171x256.png	55946	52182
o_9137.png.scale597x896.png	1135622	1040977
o_9152.png.scale128x192.png	57953	57484
o_9144.png.scale85x128.png	15120	14411
o_9140.png.scale597x896.png	1274126	1244538
o_9152.png.scale171x256.png	101773	101006
o_9152.png.scale43x64.png	6698	6682
o_9143.png.scale427x640.png	508839	492608
o_9152.png.scale256x384.png	223549	222173
o_9152.png.scale64x96.png	14704	14700
o_9142.png.scale512x768.png	714955	699262
o_9152.png.scale85x128.png	25865	25783
o_9137.png.scale683x1024.png	1493863	1377857
o_9140.png.scale683x1024.png	1702211	1658364
o_9154.png.scale128x192.png	60137	59090
o_9144.png.scale256x384.png	122983	114206
o_9154.png.scale43x64.png	7032	6939
o_9152.png.scale341x512.png	391282	389031
o_9154.png.scale171x256.png	105059	102809
o_9154.png.scale64x96.png	15349	15159
o_9143.png.scale512x768.png	736817	711723
o_9154.png.scale85x128.png	26901	26593
o_9154.png.scale256x384.png	230236	222964
o_9152.png.scale427x640.png	605448	601112
o_9156.png.scale128x192.png	38487	36270
o_9154.png.scale341x512.png	405199	387341
o_9142.png.scale597x896.png	962496	945567
o_9156.png.scale43x64.png	5019	4889
o_9143.png.scale597x896.png	1004253	968732
o_9156.png.scale171x256.png	65368	61294
o_9156.png.scale64x96.png	10614	10221
o_9144.png.scale341x512.png	220883	205811
o_9142.png.scale683x1024.png	1248263	1220199
o_9152.png.scale512x768.png	859438	852825
o_9156.png.scale85x128.png	18080	17267
o_9158.png.scale128x192.png	42693	42310
o_9154.png.scale427x640.png	633603	603157
o_9158.png.scale171x256.png	73959	73591
o_9158.png.scale43x64.png	5299	5299
o_9156.png.scale256x384.png	140664	130876
o_9158.png.scale256x384.png	161326	158749
o_9152.png.scale597x896.png	1149497	1140864
o_9158.png.scale64x96.png	11251	11168
o_9154.png.scale512x768.png	911539	858749
o_9158.png.scale85x128.png	19436	19277
o_9144.png.scale427x640.png	350842	328100
o_9143.png.scale683x1024.png	1316218	1265376
o_9163.png.scale128x85.png	26071	20660
o_9163.png.scale192x128.png	58699	45126
o_9163.png.scale256x171.png	104093	79163
o_9154.png.scale597x896.png	1234593	1162572
o_9163.png.scale64x43.png	6861	5896
o_9156.png.scale341x512.png	249758	232287
o_9158.png.scale341x512.png	282296	277864
o_9163.png.scale96x64.png	14866	12098
o_9163.png.scale384x256.png	233958	176361
o_9165.png.scale128x192.png	56206	43490
o_9165.png.scale171x256.png	97844	75281
o_9163.png.scale512x341.png	417398	316253
o_9152.png.scale683x1024.png	1478028	1467144
o_9156.png.scale427x640.png	394836	367644
o_9165.png.scale43x64.png	7098	5960
o_9158.png.scale427x640.png	439875	432677
o_9165.png.scale64x96.png	15028	12075
o_9165.png.scale256x384.png	212580	164449
o_9154.png.scale683x1024.png	1603925	1505826
o_9165.png.scale85x128.png	25871	20415
o_9166.png.scale128x192.png	64699	59637
o_9163.png.scale640x427.png	658703	509290
o_9166.png.scale171x256.png	113525	103587
o_9144.png.scale512x768.png	511329	480471
o_9166.png.scale43x64.png	7433	7298
o_9165.png.scale341x512.png	367304	287785
o_9163.png.scale768x512.png	954762	757755
o_9166.png.scale64x96.png	16391	15755
o_9158.png.scale512x768.png	630430	621049
o_9166.png.scale85x128.png	28921	27218
o_9166.png.scale256x384.png	248711	224500
o_9156.png.scale512x768.png	575558	534822
o_9167.png.scale128x192.png	40060	31809
o_9167.png.scale171x256.png	70895	57936
o_9166.png.scale341x512.png	434222	390019
o_9167.png.scale43x64.png	4924	4045
o_9158.png.scale597x896.png	850413	836640
o_9163.png.scale896x597.png	1300802	1064815
o_9165.png.scale427x640.png	565030	449157
o_9167.png.scale64x96.png	10447	8413
o_9163.png.scale1024x683.png	1700047	1421257
o_9167.png.scale256x384.png	160784	132080
o_9167.png.scale85x128.png	18078	14382
o_9166.png.scale427x640.png	674617	607591
o_9144.png.scale597x896.png	700489	656838
o_9231.png.scale128x192.png	21200	19273
o_9231.png.scale43x64.png	2857	2777
o_9156.png.scale597x896.png	791015	737501
o_9166.png.scale512x768.png	972575	884777
o_9231.png.scale64x96.png	5432	5273
o_9231.png.scale171x256.png	40199	35414
o_9167.png.scale341x512.png	288194	239501
o_9231.png.scale85x128.png	9207	8781
o_9235.png.scale128x192.png	24639	24053
o_9165.png.scale512x768.png	809979	652775
o_9235.png.scale171x256.png	43194	42466
o_9156.png.scale683x1024.png	1046872	977274
o_9166.png.scale597x896.png	1332764	1231180
o_9235.png.scale43x64.png	3574	3508
o_9231.png.scale256x384.png	98961	86181
o_9235.png.scale64x96.png	6978	6857
o_9167.png.scale427x640.png	461944	387096
o_9235.png.scale85x128.png	11582	11295
o_9235.png.scale256x384.png	99433	96387
o_9158.png.scale683x1024.png	1104615	1087849
o_9237.png.scale128x72.png	7370	7128
o_9166.png.scale683x1024.png	1763610	1630158
o_9237.png.scale192x108.png	14797	14218
o_9237.png.scale256x144.png	24780	23724
o_9165.png.scale597x896.png	1098220	894260
o_9167.png.scale512x768.png	688293	580951
o_9144.png.scale683x1024.png	918691	863329
o_9237.png.scale64x36.png	2362	2296
o_9237.png.scale96x54.png	4606	4474
o_9235.png.scale341x512.png	187671	183397
o_9237.png.scale384x216.png	51924	48729
o_9231.png.scale341x512.png	181774	157732
o_9238.png.scale108x192.png	13923	12787
o_9238.png.scale144x256.png	23320	21521
o_9238.png.scale36x64.png	2323	2242
o_9235.png.scale427x640.png	315053	304788
o_9237.png.scale512x288.png	87017	81943
o_9238.png.scale54x96.png	4378	4090
o_9238.png.scale216x384.png	50979	46534
o_9231.png.scale427x640.png	282101	251231
o_9167.png.scale597x896.png	969660	827693
o_9238.png.scale72x128.png	6939	6478
o_9241.png.scale128x72.png	8810	8525
o_9235.png.scale512x768.png	472761	454645
o_9241.png.scale192x108.png	17398	16728
o_9238.png.scale288x512.png	89906	82592
o_9165.png.scale683x1024.png	1432277	1180072
o_9241.png.scale64x36.png	2839	2725
o_9241.png.scale256x144.png	28364	27003
o_9237.png.scale640x360.png	131112	121404
o_9241.png.scale96x54.png	5519	5366
o_9167.png.scale683x1024.png	1322922	1120024
o_9246.png.scale128x72.png	19468	18911
o_9241.png.scale384x216.png	58089	54806
o_9246.png.scale192x108.png	41751	40059
o_9246.png.scale256x144.png	71182	67885
o_9238.png.scale360x640.png	143970	132852
o_9235.png.scale597x896.png	651815	625461
o_9246.png.scale64x36.png	5256	5163
o_9241.png.scale512x288.png	98409	92723
o_9237.png.scale768x432.png	181931	169045
o_9238.png.scale432x768.png	211380	198124
o_9246.png.scale384x216.png	150144	142398
o_9246.png.scale96x54.png	11283	10998
o_9235.png.scale683x1024.png	853439	819436
o_9231.png.scale512x768.png	421939	378523
o_9252.png.scale128x128.png	12797	11878
o_9237.png.scale896x504.png	241153	223109
o_9252.png.scale192x192.png	26389	24207
o_9241.png.scale640x360.png	150248	141308
o_9252.png.scale64x64.png	4050	3990
o_9252.png.scale256x256.png	44770	40780
o_9246.png.scale512x288.png	255335	240927
o_9252.png.scale96x96.png	7806	7272
o_9238.png.scale504x896.png	304441	285623
o_9237.png.scale1024x576.png	306938	284103
o_9276.png.scale128x192.png	23796	22162
o_9276.png.scale171x256.png	40588	37008
o_9246.png.scale640x360.png	385182	362697
o_9276.png.scale43x64.png	3156	2976
o_9241.png.scale768x432.png	213990	201752
o_9276.png.scale64x96.png	6607	6162
o_9231.png.scale597x896.png	566896	509831
o_9252.png.scale384x384.png	97019	89056
o_9276.png.scale85x128.png	11067	10297
o_9276.png.scale256x384.png	88413	80083
o_9277.png.scale128x128.png	16700	15952
o_9238.png.scale576x1024.png	428460	401739
o_9277.png.scale192x192.png	34988	33202
o_9277.png.scale256x256.png	60121	56700
o_9241.png.scale896x504.png	290528	273308
o_9241.png.scale1024x576.png	383549	360091
o_9277.png.scale64x64.png	4938	4843
o_9246.png.scale768x432.png	538198	504827
o_9276.png.scale341x512.png	155109	140921
o_9277.png.scale96x96.png	9989	9616
o_9252.png.scale512x512.png	169654	156912
o_9286.png.scale128x192.png	14821	13875
o_9277.png.scale384x384.png	129719	121217
o_9286.png.scale171x256.png	25269	23242
o_9286.png.scale43x64.png	2354	2242
o_9231.png.scale683x1024.png	723248	656255
o_9276.png.scale427x640.png	241843	221606
o_9246.png.scale896x504.png	713511	665984
o_9286.png.scale64x96.png	4393	4173
o_9286.png.scale256x384.png	55173	50463
o_9286.png.scale85x128.png	7125	6795
o_9277.png.scale512x512.png	224486	208504
o_9289.png.scale128x192.png	14291	13588
o_9252.png.scale640x640.png	263162	243054
o_9276.png.scale512x768.png	351089	323982
o_9289.png.scale171x256.png	24320	23083
o_9289.png.scale43x64.png	2408	2350
o_9286.png.scale341x512.png	97401	88777
o_9289.png.scale64x96.png	4373	4293
o_9246.png.scale1024x576.png	910242	846650
o_9289.png.scale85x128.png	6909	6709
o_9289.png.scale256x384.png	52643	49485
o_9292.png.scale128x85.png	10629	9899
o_9277.png.scale640x640.png	343400	319968
o_9252.png.scale768x768.png	373266	346080
o_9292.png.scale192x128.png	21801	20120
o_9276.png.scale597x896.png	480455	445978
o_9289.png.scale341x512.png	90937	84554
o_9292.png.scale64x43.png	3434	3232
o_9292.png.scale256x171.png	35985	33488
o_9286.png.scale427x640.png	154757	141417
o_9292.png.scale96x64.png	6599	6197
o_9303.png.scale128x192.png	24327	23372
o_9292.png.scale384x256.png	76606	70948
o_9289.png.scale427x640.png	137933	129270
o_9303.png.scale171x256.png	42364	40595
o_9286.png.scale512x768.png	227137	209614
o_9303.png.scale43x64.png	3303	3209
o_9277.png.scale768x768.png	486012	453694
o_9276.png.scale683x1024.png	634607	594799
o_9303.png.scale64x96.png	6600	6475
o_9303.png.scale256x384.png	94271	89377
o_9289.png.scale512x768.png	197058	185432
o_9303.png.scale85x128.png	11249	10989
o_9319.png.scale128x85.png	7028	6494
o_9292.png.scale512x341.png	132179	122984
o_9252.png.scale896x896.png	493276	455755
o_9319.png.scale192x128.png	14175	13013
o_9303.png.scale341x512.png	166972	158052
o_9286.png.scale597x896.png	314944	292796
o_9319.png.scale64x43.png	2275	2181
o_9319.png.scale256x171.png	23324	21251
o_9252.png.scale1024x1024.png	627792	580974
o_9292.png.scale640x427.png	203767	189558
o_9319.png.scale96x64.png	4361	4141
o_9289.png.scale597x896.png	267333	250126
o_9277.png.scale896x896.png	640503	599821
o_9333.png.scale128x192.png	19036	18628
o_9319.png.scale384x256.png	48803	43253
o_9333.png.scale171x256.png	32620	31558
o_9277.png.scale1024x1024.png	814872	759239
o_9333.png.scale43x64.png	2799	2799
o_9303.png.scale427x640.png	262714	247875
o_9333.png.scale64x96.png	5521	5507
o_9286.png.scale683x1024.png	418961	391250
o_9333.png.scale85x128.png	9143	8897
o_9292.png.scale768x512.png	292189	271346
o_9335.png.scale128x192.png	19905	18952
o_9333.png.scale256x384.png	70733	68198
o_9319.png.scale512x341.png	83073	72840
o_9335.png.scale43x64.png	2972	2894
o_9289.png.scale683x1024.png	345374	323804
o_9335.png.scale171x256.png	33465	31741
o_9335.png.scale64x96.png	5829	5596
o_9333.png.scale341x512.png	123777	118933
o_9303.png.scale512x768.png	381166	361162
o_9335.png.scale85x128.png	9609	9249
o_9292.png.scale896x597.png	395538	369508
o_9335.png.scale256x384.png	70759	66454
o_9352.png.scale128x128.png	27106	26834
o_9352.png.scale192x192.png	82411	77345
o_9292.png.scale1024x683.png	515327	483202
o_9352.png.scale256x256.png	148395	143086
o_9352.png.scale64x64.png	5755	5583
o_9333.png.scale427x640.png	191513	183515
o_9335.png.scale341x512.png	121856	114239
o_9319.png.scale640x427.png	126904	113013
o_9352.png.scale96x96.png	12859	12478
o_9352.png.scale384x384.png	326997	318537
o_9353.png.scale128x128.png	31282	30598
o_9303.png.scale597x896.png	518631	492672
o_9333.png.scale512x768.png	274394	263976
o_9353.png.scale192x192.png	88113	86248
o_9353.png.scale256x256.png	167042	162963
o_9353.png.scale64x64.png	6944	6863
o_9352.png.scale512x512.png	574393	564284
o_9319.png.scale768x512.png	182070	160106
o_9353.png.scale96x96.png	16356	16119
o_9353.png.scale384x384.png	375389	370500
o_9354.png.scale128x128.png	29233	27124
o_9335.png.scale427x640.png	186059	174979
o_9354.png.scale192x192.png	73080	66386
o_9303.png.scale683x1024.png	675197	644423
o_9354.png.scale256x256.png	137103	123858
o_9352.png.scale640x640.png	892679	873533
o_9354.png.scale64x64.png	6809	6628
o_9353.png.scale512x512.png	664326	652903
o_9333.png.scale597x896.png	371577	355766
o_9354.png.scale96x96.png	15533	14837
o_9319.png.scale896x597.png	246352	217851
o_9335.png.scale512x768.png	266176	250582
o_9354.png.scale384x384.png	325056	290600
o_9355.png.scale128x128.png	38606	37312
o_9353.png.scale640x640.png	1021811	992311
o_9355.png.scale192x192.png	85538	83890
o_9355.png.scale256x256.png	151624	150228
o_9355.png.scale64x64.png	9165	8958
o_9352.png.scale768x768.png	1290258	1256909
o_9319.png.scale1024x683.png	317777	281977
o_9333.png.scale683x1024.png	482373	462162
o_9355.png.scale96x96.png	21912	21230
o_9357.png.scale128x72.png	23837	23443
o_9354.png.scale512x512.png	592643	514997
o_9357.png.scale192x108.png	53542	53004
o_9355.png.scale384x384.png	337834	333819
o_9357.png.scale256x144.png	93728	93021
o_9357.png.scale384x216.png	203067	201731
o_9353.png.scale768x768.png	1447035	1404745
o_9357.png.scale64x36.png	6216	6141
o_9354.png.scale640x640.png	938112	822072
o_9357.png.scale96x54.png	13549	13514
o_9335.png.scale597x896.png	357115	335123
o_9355.png.scale512x512.png	596930	588778
o_9360.png.scale128x192.png	24912	23909
o_9357.png.scale512x288.png	351552	348768
o_9352.png.scale896x896.png	1764682	1705723
o_9360.png.scale43x64.png	3416	3390
o_9360.png.scale171x256.png	43184	41782
o_9353.png.scale896x896.png	1935949	1877414
o_9355.png.scale640x640.png	929858	914999
o_9352.png.scale1024x1024.png	2312914	2215340
o_9360.png.scale64x96.png	6998	6844
o_9360.png.scale85x128.png	11611	11192
o_9354.png.scale768x768.png	1359762	1177071
o_9357.png.scale640x360.png	537333	532358
o_9364.png.scale128x192.png	23899	23217
o_9335.png.scale683x1024.png	462181	434712
o_9360.png.scale256x384.png	96842	93856
o_9353.png.scale1024x1024.png	2491835	2419759
o_9364.png.scale43x64.png	3665	3603
o_9364.png.scale64x96.png	7261	7086
o_9364.png.scale171x256.png	39328	37820
o_9364.png.scale85x128.png	11848	11569
o_9372.png.scale128x192.png	22587	21974
o_9360.png.scale341x512.png	173237	168279
o_9357.png.scale768x432.png	756782	749312
o_9355.png.scale768x768.png	1335518	1311723
o_9364.png.scale256x384.png	81248	77264
o_9372.png.scale43x64.png	3240	3240
o_9354.png.scale896x896.png	1853828	1602028
o_9372.png.scale171x256.png	38532	37477
o_9357.png.scale896x504.png	1006832	996775
o_9372.png.scale64x96.png	6557	6500
o_9354.png.scale1024x1024.png	2418394	2086916
o_9372.png.scale85x128.png	10812	10659
o_9360.png.scale427x640.png	278285	270074
o_9357.png.scale1024x576.png	1284214	1271873
o_9364.png.scale341x512.png	138171	130463
o_9372.png.scale256x384.png	83350	80271
o_9377.png.scale128x128.png	7880	7064
o_9377.png.scale192x192.png	17026	15510
o_9377.png.scale64x64.png	2352	2224
o_9355.png.scale896x896.png	1812463	1777793
o_9372.png.scale341x512.png	143876	138147
o_9377.png.scale96x96.png	4748	4355
o_9364.png.scale427x640.png	211553	199449
o_9377.png.scale256x256.png	29511	26240
o_9360.png.scale512x768.png	425840	414537
o_9355.png.scale1024x1024.png	2357663	2268224
o_9380.png.scale128x192.png	21504	20832
o_9380.png.scale43x64.png	3170	3100
o_9372.png.scale427x640.png	219087	210317
o_9380.png.scale171x256.png	37088	35624
o_9380.png.scale64x96.png	6135	6037
o_9377.png.scale384x384.png	69207	63462
o_9360.png.scale597x896.png	627459	604098
o_9364.png.scale512x768.png	301582	284066
o_9380.png.scale85x128.png	10198	9858
o_9381.png.scale128x85.png	6955	6552
o_9380.png.scale256x384.png	82266	79086
o_9381.png.scale192x128.png	13530	12727
o_9372.png.scale512x768.png	310429	298388
o_9381.png.scale256x171.png	21982	20825
o_9381.png.scale64x43.png	2354	2185
o_9377.png.scale512x512.png	126872	117841
o_9381.png.scale384x256.png	45013	42433
o_9380.png.scale341x512.png	146391	140878
o_9364.png.scale597x896.png	407130	383461
o_9381.png.scale96x64.png	4394	4147
o_9360.png.scale683x1024.png	863904	826107
o_9412.png.scale128x192.png	36983	33016
o_9412.png.scale171x256.png	67719	58759
o_9412.png.scale43x64.png	4253	4096
o_9380.png.scale427x640.png	233624	225373
o_9412.png.scale256x384.png	159379	134042
o_9372.png.scale597x896.png	415324	399331
o_9412.png.scale64x96.png	9266	8810
o_9381.png.scale512x341.png	77217	72326
o_9377.png.scale640x640.png	205275	192306
o_9412.png.scale85x128.png	16242	14951
o_9413.png.scale128x128.png	14330	13160
o_9412.png.scale341x512.png	295705	246885
o_9364.png.scale683x1024.png	529650	501310
o_9381.png.scale640x427.png	118843	110138
o_9413.png.scale192x192.png	29179	26247
o_9413.png.scale64x64.png	4406	4203
o_9380.png.scale512x768.png	347771	334875
o_9372.png.scale683x1024.png	533668	513424
o_9413.png.scale96x96.png	8660	7991
o_9381.png.scale768x512.png	171371	160821
o_9413.png.scale256x256.png	49538	44612
o_9412.png.scale427x640.png	475652	401918
o_9377.png.scale768x768.png	301660	282624
o_9418.png.scale128x192.png	32805	30458
o_9418.png.scale43x64.png	4630	4439
o_9412.png.scale512x768.png	692098	598314
o_9418.png.scale171x256.png	56351	51942
o_9380.png.scale597x896.png	487786	470787
o_9418.png.scale64x96.png	9395	8871
o_9418.png.scale85x128.png	15566	14567
o_9381.png.scale1024x683.png	304791	285051
o_9436.png.scale128x192.png	22143	20014
o_9377.png.scale896x896.png	404859	382853
o_9413.png.scale384x384.png	113932	103666
o_9381.png.scale896x597.png	232179	216085
o_9380.png.scale683x1024.png	654392	633841
o_9412.png.scale597x896.png	938231	829486
o_9436.png.scale43x64.png	3535	3212
o_9418.png.scale256x384.png	123938	113680
o_9436.png.scale64x96.png	6928	6350
o_9436.png.scale171x256.png	36269	32703
o_9377.png.scale1024x1024.png	531737	505111
o_9436.png.scale85x128.png	11182	9996
o_9440.png.scale128x192.png	19480	18729
o_9440.png.scale171x256.png	31960	30514
o_9413.png.scale512x512.png	210375	194462
o_9412.png.scale683x1024.png	1213325	1092393
o_9440.png.scale43x64.png	3382	3344
o_9418.png.scale341x512.png	220973	200518
o_9436.png.scale256x384.png	74804	66773
o_9440.png.scale64x96.png	6267	6153
o_9440.png.scale85x128.png	9980	9663
o_9440.png.scale256x384.png	65937	62863
o_9441.png.scale128x192.png	24230	21918
o_9413.png.scale640x640.png	351723	327547
o_9436.png.scale341x512.png	127726	114728
o_9418.png.scale427x640.png	350232	317080
o_9441.png.scale43x64.png	3477	3347
o_9441.png.scale171x256.png	41625	37142
o_9413.png.scale768x768.png	593335	541586
o_9440.png.scale341x512.png	111767	106051
o_9441.png.scale64x96.png	6959	6481
o_9441.png.scale85x128.png	11525	10540
o_9436.png.scale427x640.png	197120	177996
o_9418.png.scale512x768.png	511127	460840
o_9447.png.scale128x192.png	28337	26912
o_9441.png.scale256x384.png	92059	81957
o_9440.png.scale427x640.png	170488	161285
o_9447.png.scale171x256.png	47102	44311
o_9447.png.scale43x64.png	4370	4329
o_9436.png.scale512x768.png	284231	258238
o_9413.png.scale896x896.png	885318	801465
o_9447.png.scale64x96.png	8628	8480
o_9447.png.scale85x128.png	13933	13475
o_9448.png.scale128x192.png	31749	29872
o_9413.png.scale1024x1024.png	1230847	1075977
o_9440.png.scale512x768.png	243036	230402
o_9447.png.scale256x384.png	99755	93508
o_9418.png.scale597x896.png	701821	636104
o_9441.png.scale341x512.png	164375	146290
o_9448.png.scale43x64.png	4646	4516
o_9448.png.scale171x256.png	54077	50333
o_9436.png.scale597x896.png	387445	354362
o_9448.png.scale64x96.png	9270	8978
o_9448.png.scale85x128.png	15205	14629
o_9447.png.scale341x512.png	174852	163096
o_9440.png.scale597x896.png	328139	311637
o_9451.png.scale128x85.png	7925	7127
o_9448.png.scale256x384.png	116598	107504
o_9418.png.scale683x1024.png	921460	839895
o_9451.png.scale192x128.png	16546	14806
o_9451.png.scale256x171.png	28896	26050
o_9451.png.scale64x43.png	2528	2365
o_9441.png.scale427x640.png	257677	228712
o_9436.png.scale683x1024.png	509622	467581
o_9451.png.scale96x64.png	4801	4353
o_9447.png.scale427x640.png	272852	254835
o_9453.png.scale128x85.png	8887	8389
o_9448.png.scale341x512.png	203108	186053
o_9453.png.scale192x128.png	17318	15984
o_9451.png.scale384x256.png	66643	59715
o_9440.png.scale683x1024.png	426206	403020
o_9453.png.scale256x171.png	28439	26161
o_9453.png.scale64x43.png	2968	2864
o_9451.png.scale512x341.png	123784	112063
o_9447.png.scale512x768.png	394929	367732
o_9453.png.scale96x64.png	5666	5384
o_9453.png.scale384x256.png	60579	55565
o_9448.png.scale427x640.png	314077	286791
o_9457.png.scale108x192.png	13092	11865
o_9451.png.scale640x427.png	200653	179377
o_9441.png.scale512x768.png	373706	328159
o_9457.png.scale144x256.png	21711	19843
o_9457.png.scale36x64.png	2295	2149
o_9453.png.scale512x341.png	106262	98218
o_9457.png.scale54x96.png	4106	3808
o_9457.png.scale216x384.png	45138	41343
o_9457.png.scale72x128.png	6595	6025
o_9460.png.scale107x192.png	23311	21618
o_9447.png.scale597x896.png	541096	502925
o_9453.png.scale640x427.png	167794	154873
o_9451.png.scale768x512.png	298643	273713
o_9457.png.scale288x512.png	76085	69588
o_9448.png.scale512x768.png	451011	413009
o_9460.png.scale36x64.png	3686	3531
o_9460.png.scale143x256.png	39181	35840
o_9460.png.scale54x96.png	7143	6831
o_9451.png.scale1024x683.png	548006	515344
o_9453.png.scale768x512.png	249466	229122
o_9460.png.scale71x128.png	11400	10710
o_9461.png.scale107x192.png	41835	40350
o_9441.png.scale597x896.png	511740	452350
o_9457.png.scale360x640.png	116073	105923
o_9460.png.scale214x384.png	83402	75674
o_9461.png.scale143x256.png	71638	68281
o_9461.png.scale36x64.png	5454	5454
o_9451.png.scale896x597.png	413135	381890
o_9461.png.scale54x96.png	11610	11398
o_9461.png.scale214x384.png	150561	142140
o_9461.png.scale71x128.png	19641	19259
o_9453.png.scale896x597.png	339485	313834
o_9447.png.scale683x1024.png	709594	657973
o_9453.png.scale1024x683.png	448400	415040
o_9457.png.scale432x768.png	164476	150590
o_9468.png.scale108x192.png	25415	23820
o_9468.png.scale36x64.png	3486	3410
o_9460.png.scale286x512.png	143739	129871
o_9448.png.scale597x896.png	609022	557847
o_9461.png.scale286x512.png	255949	241600
o_9468.png.scale54x96.png	7173	6965
o_9468.png.scale144x256.png	43039	40231
o_9468.png.scale72x128.png	12099	11581
o_9472.png.scale108x192.png	26452	25469
o_9472.png.scale144x256.png	44870	42448
o_9468.png.scale216x384.png	90049	82545
o_9460.png.scale357x640.png	215507	194425
o_9472.png.scale36x64.png	3741	3702
o_9461.png.scale357x640.png	385284	363527
o_9457.png.scale504x896.png	222775	204097
o_9472.png.scale54x96.png	7536	7410
o_9472.png.scale216x384.png	94749	88234
o_9461.png.scale429x768.png	537668	507247
o_9472.png.scale72x128.png	12633	12319
o_9468.png.scale288x512.png	153768	139406
o_9475.png.scale108x192.png	27587	26193
o_9457.png.scale576x1024.png	290801	267297
o_9441.png.scale683x1024.png	662953	584697
o_9475.png.scale144x256.png	47149	44545
o_9475.png.scale36x64.png	3586	3513
o_9460.png.scale429x768.png	296434	267581
o_9475.png.scale54x96.png	7482	7280
o_9461.png.scale500x896.png	709176	669826
o_9448.png.scale683x1024.png	787646	722395
o_9475.png.scale72x128.png	12799	12343
o_9472.png.scale288x512.png	162398	150512
o_9493.png.scale128x192.png	37960	35699
o_9468.png.scale360x640.png	234903	212547
o_9493.png.scale171x256.png	65160	61055
o_9475.png.scale216x384.png	101531	94284
o_9493.png.scale43x64.png	5412	5230
o_9460.png.scale500x896.png	383451	347158
o_9493.png.scale256x384.png	144512	133992
o_9493.png.scale64x96.png	10861	10345
o_9493.png.scale85x128.png	18054	17131
o_9472.png.scale360x640.png	249686	230468
o_9461.png.scale572x1024.png	903613	850352
o_9497.png.scale128x192.png	18351	17540
o_9475.png.scale288x512.png	177219	163734
o_9497.png.scale171x256.png	31120	29536
o_9497.png.scale43x64.png	2640	2611
o_9468.png.scale432x768.png	332780	300060
o_9493.png.scale341x512.png	259053	238293
o_9497.png.scale64x96.png	5226	5060
o_9497.png.scale256x384.png	66779	62914
o_9460.png.scale572x1024.png	485436	438987
o_9497.png.scale85x128.png	8782	8347
o_9506.png.scale108x192.png	30201	29566
o_9472.png.scale432x768.png	353058	324182
o_9506.png.scale144x256.png	51522	50059
o_9475.png.scale360x640.png	274760	254037
o_9506.png.scale36x64.png	4387	4385
o_9493.png.scale427x640.png	407069	373306
o_9506.png.scale216x384.png	108911	105743
o_9497.png.scale341x512.png	116531	110372
o_9506.png.scale54x96.png	8823	8816
o_9506.png.scale72x128.png	14605	14461
o_9468.png.scale504x896.png	447322	404191
o_9526.png.scale128x128.png	21701	21157
o_9493.png.scale512x768.png	587400	539471
o_9497.png.scale427x640.png	182661	172936
o_9526.png.scale192x192.png	46758	44155
o_9506.png.scale288x512.png	187595	180722
o_9475.png.scale432x768.png	391300	360294
o_9526.png.scale256x256.png	82572	77381
o_9526.png.scale64x64.png	6281	6225
o_9506.png.scale360x640.png	290062	279801
o_9526.png.scale96x96.png	12912	12460
o_9526.png.scale384x384.png	190749	179182
o_9528.png.scale128x192.png	29114	27969
o_9493.png.scale597x896.png	793236	732687
o_9472.png.scale504x896.png	474411	435398
o_9528.png.scale171x256.png	47995	46031
o_9528.png.scale43x64.png	4414	4345
o_9475.png.scale504x896.png	527774	484336
o_9497.png.scale512x768.png	264719	251883
o_9526.png.scale512x512.png	347121	330902
o_9468.png.scale576x1024.png	578872	521396
o_9528.png.scale64x96.png	8711	8490
o_9528.png.scale85x128.png	14338	13845
o_9528.png.scale256x384.png	99055	94554
o_9506.png.scale432x768.png	418496	404949
o_9531.png.scale128x192.png	33256	31400
o_9497.png.scale597x896.png	362780	343760
o_9531.png.scale43x64.png	4345	4205
o_9526.png.scale640x640.png	553500	531532
o_9531.png.scale171x256.png	57998	54320
o_9472.png.scale576x1024.png	612702	558844
o_9531.png.scale64x96.png	9029	8694
o_9493.png.scale683x1024.png	1025302	950167
o_9531.png.scale85x128.png	15331	14677
o_9528.png.scale341x512.png	168841	160873
o_9532.png.scale128x192.png	21230	18834
o_9506.png.scale504x896.png	574692	556306
o_9532.png.scale171x256.png	37335	33584
o_9532.png.scale43x64.png	3044	2842
o_9475.png.scale576x1024.png	680914	622816
o_9528.png.scale427x640.png	258934	246827
o_9531.png.scale256x384.png	129680	120134
o_9532.png.scale64x96.png	5994	5405
o_9497.png.scale683x1024.png	476392	453839
o_9532.png.scale256x384.png	106228	85856
o_9526.png.scale768x768.png	805085	775272
o_9532.png.scale85x128.png	9855	8864
o_9539.png.scale128x128.png	11541	10567
o_9539.png.scale192x192.png	25389	23133
o_9532.png.scale341x512.png	218948	172631
o_9539.png.scale256x256.png	44860	41103
o_9528.png.scale512x768.png	370455	352833
o_9539.png.scale64x64.png	3224	3039
o_9506.png.scale576x1024.png	759592	732540
o_9539.png.scale96x96.png	6730	6222
o_9546.png.scale128x192.png	33553	32562
o_9531.png.scale341x512.png	231904	213879
o_9526.png.scale1024x1024.png	1416559	1364331
o_9526.png.scale896x896.png	1085562	1041757
o_9532.png.scale427x640.png	351149	282536
o_9546.png.scale43x64.png	4778	4716
o_9539.png.scale384x384.png	106581	99673
o_9546.png.scale171x256.png	57196	55273
o_9546.png.scale64x96.png	9667	9524
o_9528.png.scale597x896.png	503395	480650
o_9531.png.scale427x640.png	361633	333808
o_9532.png.scale512x768.png	502288	411192
o_9546.png.scale85x128.png	16120	15730
o_9546.png.scale256x384.png	124116	120809
o_9548.png.scale128x128.png	15395	14207
o_9548.png.scale192x192.png	32802	30382
o_9539.png.scale512x512.png	201975	191059
o_9546.png.scale341x512.png	220522	212571
o_9548.png.scale64x64.png	4322	4110
o_9532.png.scale597x896.png	670512	557371
o_9528.png.scale683x1024.png	660604	632361
o_9548.png.scale256x256.png	55424	51213
o_9548.png.scale96x96.png	9105	8575
o_9539.png.scale640x640.png	331046	315506
o_9564.png.scale128x128.png	12947	12026
o_9546.png.scale427x640.png	350002	336807
o_9564.png.scale192x192.png	29148	26079
o_9531.png.scale512x768.png	522880	482389
o_9532.png.scale683x1024.png	858576	723252
o_9548.png.scale384x384.png	120227	107925
o_9564.png.scale64x64.png	3746	3608
o_9564.png.scale256x256.png	52353	46248
o_9539.png.scale768x768.png	484391	463757
o_9564.png.scale96x96.png	7671	7170
o_9571.png.scale128x192.png	28902	27131
o_9571.png.scale171x256.png	52991	49622
o_9546.png.scale512x768.png	513973	495375
o_9564.png.scale384x384.png	120947	107031
o_9571.png.scale43x64.png	4168	3983
o_9571.png.scale256x384.png	140798	119781
o_9539.png.scale896x896.png	653536	628350
o_9548.png.scale512x512.png	210651	189105
o_9571.png.scale64x96.png	8227	7707
o_9531.png.scale597x896.png	711063	661863
o_9571.png.scale85x128.png	13534	12599
o_9564.png.scale512x512.png	224204	200595
o_9572.png.scale128x192.png	18963	18080
o_9571.png.scale341x512.png	268686	226705
o_9572.png.scale171x256.png	31717	29759
o_9572.png.scale43x64.png	3044	3034
o_9539.png.scale1024x1024.png	859693	811728
o_9546.png.scale597x896.png	713843	690705
o_9571.png.scale427x640.png	424190	367276
o_9572.png.scale64x96.png	5885	5714
o_9572.png.scale85x128.png	9481	9192
o_9584.png.scale128x192.png	20254	18580
o_9572.png.scale256x384.png	65905	61556
o_9548.png.scale640x640.png	331307	297514
o_9571.png.scale512x768.png	610049	542668
o_9531.png.scale683x1024.png	921701	856782
o_9584.png.scale43x64.png	2572	2391
o_9564.png.scale640x640.png	355082	319517
o_9584.png.scale171x256.png	36121	32481
o_9546.png.scale683x1024.png	942983	911347
o_9584.png.scale64x96.png	5359	4937
o_9584.png.scale85x128.png	9124	8420
o_9572.png.scale341x512.png	113264	105507
o_9585.png.scale128x85.png	13386	11731
o_9584.png.scale256x384.png	94304	82034
o_9571.png.scale597x896.png	825021	751776
o_9585.png.scale192x128.png	27707	24093
o_9572.png.scale427x640.png	173809	162262
o_9564.png.scale768x768.png	511207	462438
o_9585.png.scale64x43.png	4028	3710
o_9548.png.scale768x768.png	479618	429442
o_9585.png.scale256x171.png	46858	40771
o_9585.png.scale96x64.png	8077	7272
o_9584.png.scale341x512.png	181431	154797
o_9589.png.scale128x128.png	11894	10908
o_9571.png.scale683x1024.png	1064326	986925
o_9572.png.scale512x768.png	249473	234410
o_9589.png.scale192x192.png	23686	21093
o_9584.png.scale427x640.png	295889	253965
o_9585.png.scale384x256.png	104064	89841
o_9589.png.scale64x64.png	3914	3692
o_9589.png.scale256x256.png	39401	34638
o_9585.png.scale512x341.png	186774	163348
o_9564.png.scale1024x1024.png	866306	778141
o_9589.png.scale96x96.png	7475	6864
o_9564.png.scale896x896.png	676259	614082
o_9572.png.scale597x896.png	339405	318000
o_9548.png.scale1024x1024.png	862610	771678
o_9592.png.scale128x128.png	20647	19480
o_9548.png.scale896x896.png	655819	588977
o_9592.png.scale192x192.png	49679	45402
o_9589.png.scale384x384.png	85536	74897
o_9592.png.scale64x64.png	5630	5469
o_9584.png.scale512x768.png	438482	379862
o_9592.png.scale96x96.png	11772	11350
o_9592.png.scale256x256.png	87218	80330
o_9597.png.scale128x85.png	13808	12720
o_9572.png.scale683x1024.png	442879	416421
o_9597.png.scale192x128.png	28295	25721
o_9589.png.scale512x512.png	152013	133502
o_9584.png.scale597x896.png	602909	529232
o_9585.png.scale640x427.png	294864	255982
o_9592.png.scale384x384.png	192196	177606
o_9597.png.scale256x171.png	47706	42902
o_9597.png.scale64x43.png	4225	3956
o_9597.png.scale96x64.png	8411	7871
o_9592.png.scale512x512.png	338143	316131
o_9598.png.scale128x128.png	15970	13912
o_9597.png.scale384x256.png	102556	92169
o_9584.png.scale683x1024.png	786225	705191
o_9598.png.scale192x192.png	32089	27879
o_9589.png.scale640x640.png	238083	209177
o_9585.png.scale768x512.png	431619	373569
o_9598.png.scale64x64.png	4934	4439
o_9598.png.scale256x256.png	53939	47236
o_9592.png.scale640x640.png	524403	490635
o_9598.png.scale96x96.png	9778	8618
o_9597.png.scale512x341.png	182969	164763
o_9604.png.scale128x85.png	9037	8230
o_9589.png.scale768x768.png	339407	301732
o_9604.png.scale192x128.png	18293	16266
o_9598.png.scale384x384.png	120080	106055
o_9604.png.scale256x171.png	30493	26967
o_9585.png.scale896x597.png	588429	517315
o_9604.png.scale64x43.png	3013	2786
o_9592.png.scale768x768.png	741236	698645
o_9597.png.scale640x427.png	288040	261192
o_9604.png.scale96x64.png	5725	5234
o_9598.png.scale512x512.png	216639	190563
o_9604.png.scale384x256.png	66122	58032
o_9615.png.scale128x128.png	11507	10447
o_9585.png.scale1024x683.png	766265	681427
o_9615.png.scale192x192.png	23289	20954
o_9615.png.scale256x256.png	38616	34913
o_9597.png.scale768x512.png	419604	382023
o_9615.png.scale64x64.png	3642	3482
o_9589.png.scale1024x1024.png	570813	502276
o_9592.png.scale896x896.png	985845	929796
o_9589.png.scale896x896.png	451470	400025
o_9604.png.scale512x341.png	116036	101637
o_9615.png.scale384x384.png	82953	74486
o_9615.png.scale96x96.png	7101	6489
o_9598.png.scale640x640.png	340267	301380
o_9618.png.scale128x85.png	12245	11636
o_9618.png.scale192x128.png	24615	22901
o_9604.png.scale640x427.png	181125	158169
o_9592.png.scale1024x1024.png	1259757	1190379
o_9618.png.scale256x171.png	40678	37596
o_9618.png.scale64x43.png	3874	3735
o_9618.png.scale96x64.png	7622	7233
o_9597.png.scale896x597.png	568760	521736
o_9660.png.scale128x70.png	6944	6582
o_9618.png.scale384x256.png	85226	78118
o_9660.png.scale192x105.png	13849	13003
o_9615.png.scale512x512.png	145238	131470
o_9660.png.scale256x140.png	22842	21169
o_9660.png.scale384x209.png	47189	43762
o_9660.png.scale64x35.png	2289	2195
o_9597.png.scale1024x683.png	741904	681857
o_9598.png.scale768x768.png	489682	434845
o_9660.png.scale96x52.png	4324	4102
o_9660.png.scale512x279.png	81570	75740
o_9678.png.scale128x192.png	27002	26069
o_9618.png.scale512x341.png	149724	136781
o_9604.png.scale768x512.png	261825	229786
o_9660.png.scale640x349.png	127092	117311
o_9678.png.scale43x64.png	3606	3545
o_9678.png.scale171x256.png	45956	43656
o_9615.png.scale640x640.png	226656	205790
o_9678.png.scale64x96.png	7481	7315
o_9660.png.scale1024x559.png	322668	293423
o_9660.png.scale768x419.png	182323	168561
o_9678.png.scale85x128.png	12653	12365
o_9618.png.scale640x427.png	232886	214208
o_9687.png.scale128x85.png	10627	10175
o_9678.png.scale256x384.png	97477	93172
o_9687.png.scale192x128.png	22189	21042
o_9678.png.scale341x512.png	168638	161856
o_9660.png.scale896x489.png	247625	225307
o_9604.png.scale896x597.png	353510	311691
o_9687.png.scale256x171.png	37478	35533
o_9687.png.scale64x43.png	3201	3078
o_9687.png.scale96x64.png	6335	6068
o_9604.png.scale1024x683.png	459991	408229
o_9615.png.scale768x768.png	323462	295090
o_9696.png.scale128x192.png	19798	18798
o_9687.png.scale384x256.png	79201	74650
o_9696.png.scale171x256.png	32908	31029
o_9678.png.scale427x640.png	262742	253943
o_9696.png.scale43x64.png	3035	2940
o_9598.png.scale896x896.png	660552	584726
o_9696.png.scale64x96.png	5853	5623
o_9598.png.scale1024x1024.png	839189	734090
o_9696.png.scale85x128.png	9735	9371
o_9618.png.scale768x512.png	337070	310641
o_9724.png.scale128x192.png	18690	17732
o_9687.png.scale512x341.png	135802	128391
o_9696.png.scale256x384.png	69076	64156
o_9678.png.scale512x768.png	378978	367222
o_9724.png.scale43x64.png	2835	2773
o_9724.png.scale171x256.png	31328	29335
o_9615.png.scale896x896.png	429095	391099
o_9724.png.scale64x96.png	5592	5422
o_9615.png.scale1024x1024.png	547512	494340
o_9724.png.scale85x128.png	9145	8805
o_9724.png.scale256x384.png	66299	61495
o_9687.png.scale640x427.png	208847	196836
o_9731.png.scale128x128.png	14313	13168
o_9618.png.scale896x597.png	457876	423738
o_9696.png.scale341x512.png	118112	109521
o_9731.png.scale192x192.png	31661	28878
o_9724.png.scale341x512.png	114429	107271
o_9731.png.scale64x64.png	3924	3701
o_9731.png.scale256x256.png	57448	50508
o_9687.png.scale768x512.png	296668	280618
o_9678.png.scale597x896.png	516684	500974
o_9731.png.scale96x96.png	8259	7657
o_9618.png.scale1024x683.png	599307	555800
o_9696.png.scale427x640.png	180879	168524
o_9736.png.scale128x128.png	18750	17180
o_9736.png.scale192x192.png	36947	33601
o_9724.png.scale427x640.png	177153	166480
o_9731.png.scale384x384.png	137176	122609
o_9736.png.scale64x64.png	6033	5788
o_9687.png.scale896x597.png	398353	376055
o_9678.png.scale683x1024.png	676104	657332
o_9736.png.scale96x96.png	11681	10842
o_9736.png.scale256x256.png	61232	55379
o_9731.png.scale512x512.png	266345	245873
o_9741.png.scale128x128.png	23160	20164
o_9687.png.scale1024x683.png	513442	486129
o_9741.png.scale192x192.png	49211	42405
o_9696.png.scale512x768.png	257286	239850
o_9741.png.scale256x256.png	83467	71747
o_9741.png.scale64x64.png	6154	5675
o_9724.png.scale512x768.png	255281	239501
o_9736.png.scale384x384.png	129902	116950
o_9741.png.scale96x96.png	13382	11907
o_9741.png.scale384x384.png	176420	153865
o_9731.png.scale640x640.png	465679	430729
o_9696.png.scale597x896.png	348952	325120
o_9742.png.scale128x128.png	19535	18925
o_9742.png.scale192x192.png	43442	41651
o_9724.png.scale597x896.png	346842	323860
o_9742.png.scale256x256.png	77928	74595
o_9742.png.scale64x64.png	5270	5209
o_9736.png.scale512x512.png	226345	205386
o_9741.png.scale512x512.png	299664	268656
o_9742.png.scale96x96.png	11264	11086
o_9742.png.scale384x384.png	186872	177391
o_9731.png.scale768x768.png	708162	659483
o_9696.png.scale683x1024.png	454148	424355
o_9744.png.scale128x128.png	18666	17169
o_9744.png.scale192x192.png	44560	40961
o_9741.png.scale640x640.png	449750	409207
o_9724.png.scale683x1024.png	450263	421757
o_9744.png.scale256x256.png	83821	74471
o_9744.png.scale64x64.png	4796	4536
o_9736.png.scale640x640.png	351922	319105
o_9744.png.scale96x96.png	10534	9879
o_9742.png.scale512x512.png	352615	333277
o_9746.png.scale128x85.png	11421	10732
o_9746.png.scale192x128.png	25315	23521
o_9744.png.scale384x384.png	208232	183377
o_9741.png.scale768x768.png	624261	578207
o_9731.png.scale896x896.png	969160	898228
o_9746.png.scale256x171.png	43859	40063
o_9746.png.scale64x43.png	3078	2891
o_9731.png.scale1024x1024.png	1276120	1175557
o_9742.png.scale640x640.png	570811	544532
o_9746.png.scale96x64.png	6556	6199
o_9746.png.scale384x256.png	96249	86873
o_9750.png.scale128x85.png	8127	7533
o_9741.png.scale896x896.png	814098	757955
o_9744.png.scale512x512.png	386763	337955
o_9750.png.scale192x128.png	16575	15024
o_9741.png.scale1024x1024.png	1027138	951253
o_9736.png.scale768x768.png	501858	459570
o_9750.png.scale64x43.png	2804	2679
o_9750.png.scale256x171.png	27903	25025
o_9746.png.scale512x341.png	169428	154049
o_9750.png.scale96x64.png	5128	4813
o_9742.png.scale768x768.png	838626	800308
o_9744.png.scale640x640.png	609651	557592
o_9746.png.scale640x427.png	272328	248548
o_9763.png.scale128x85.png	6648	6164
o_9763.png.scale192x128.png	13898	12521
o_9750.png.scale384x256.png	62137	55200
o_9763.png.scale256x171.png	23585	21039
o_9763.png.scale64x43.png	1966	1865
o_9746.png.scale768x512.png	412359	376064
o_9736.png.scale896x896.png	666090	606446
o_9763.png.scale384x256.png	52464	45974
o_9742.png.scale896x896.png	1137512	1080366
o_9763.png.scale96x64.png	3957	3681
o_9766.png.scale128x85.png	10669	10373
o_9744.png.scale768x768.png	867868	807569
o_9766.png.scale192x128.png	30945	29473
o_9746.png.scale1024x683.png	816541	751388
o_9766.png.scale256x171.png	55407	52640
o_9750.png.scale512x341.png	112670	100449
o_9763.png.scale512x341.png	93169	82988
o_9766.png.scale64x43.png	2370	2294
o_9766.png.scale96x64.png	5469	5282
o_9742.png.scale1024x1024.png	1506102	1419493
o_9766.png.scale384x256.png	117447	113626
o_9772.png.scale128x192.png	32052	31382
o_9772.png.scale171x256.png	54746	53429
o_9746.png.scale896x597.png	593200	542443
o_9772.png.scale43x64.png	3361	3283
o_9763.png.scale640x427.png	147899	132492
o_9766.png.scale512x341.png	206358	199407
o_9772.png.scale64x96.png	7559	7340
o_9744.png.scale896x896.png	1149286	1087926
o_9736.png.scale1024x1024.png	842434	761540
o_9772.png.scale256x384.png	116608	113621
o_9772.png.scale85x128.png	14711	14294
o_9785.png.scale128x85.png	8281	7836
o_9750.png.scale640x427.png	177887	159455
o_9785.png.scale192x128.png	17448	16025
o_9744.png.scale1024x1024.png	1471047	1399504
o_9785.png.scale256x171.png	29541	26725
o_9766.png.scale640x427.png	320784	308877
o_9785.png.scale64x43.png	2595	2465
o_9772.png.scale341x512.png	199815	194130
o_9785.png.scale96x64.png	5078	4752
o_9763.png.scale768x512.png	219231	197392
o_9839.png.scale128x192.png	21960	20695
o_9785.png.scale384x256.png	62653	57549
o_9839.png.scale171x256.png	36663	34436
o_9772.png.scale427x640.png	304849	296964
o_9766.png.scale768x512.png	459813	445709
o_9839.png.scale43x64.png	3365	3221
o_9785.png.scale512x341.png	107186	99552
o_9839.png.scale64x96.png	6529	6197
o_9763.png.scale896x597.png	300297	275728
o_9763.png.scale1024x683.png	399469	365886
o_9839.png.scale85x128.png	10706	10031
o_9853.png.scale128x192.png	9634	9111
o_9785.png.scale640x427.png	167649	155127
o_9772.png.scale512x768.png	432860	421273
o_9839.png.scale256x384.png	77718	72075
o_9750.png.scale768x512.png	262054	234311
o_9853.png.scale43x64.png	1830	1765
o_9853.png.scale171x256.png	15580	14486
o_9853.png.scale64x96.png	3165	3017
o_9766.png.scale1024x683.png	795420	775747
o_9766.png.scale896x597.png	618198	600308
o_9853.png.scale85x128.png	4877	4640
o_9854.png.scale128x192.png	16744	14978
o_9772.png.scale597x896.png	581808	564627
o_9839.png.scale341x512.png	133218	123819
o_9853.png.scale256x384.png	32572	29703
o_9854.png.scale43x64.png	2805	2622
o_9750.png.scale896x597.png	360618	325510
o_9854.png.scale171x256.png	27724	24619
o_9854.png.scale64x96.png	5285	4860
o_9839.png.scale427x640.png	204533	190185
o_9854.png.scale85x128.png	8335	7698
o_9853.png.scale341x512.png	55021	50107
o_9785.png.scale768x512.png	240640	223542
o_9858.png.scale128x70.png	6584	5673
o_9854.png.scale256x384.png	58728	51871
o_9858.png.scale192x105.png	12637	10847
o_9853.png.scale427x640.png	83397	75762
o_9858.png.scale256x140.png	20335	17577
o_9858.png.scale64x35.png	2227	1956
o_9858.png.scale384x209.png	40686	35838
o_9772.png.scale683x1024.png	748842	727945
o_9858.png.scale96x52.png	4160	3684
o_9839.png.scale512x768.png	291783	272733
o_9853.png.scale512x768.png	119224	108583
o_9863.png.scale128x128.png	17133	14729
o_9785.png.scale896x597.png	324707	301118
o_9750.png.scale1024x683.png	471217	425823
o_9858.png.scale512x279.png	67903	61562
o_9854.png.scale341x512.png	101640	90245
o_9863.png.scale192x192.png	38687	33012
o_9863.png.scale64x64.png	4388	4051
o_9785.png.scale1024x683.png	418761	390235
o_9863.png.scale96x96.png	9348	8353
o_9863.png.scale256x256.png	72365	60855
o_9866.png.scale128x70.png	9434	9172
o_9853.png.scale597x896.png	160430	146150
o_9866.png.scale192x105.png	19409	18797
o_9858.png.scale640x349.png	103214	93065
o_9839.png.scale597x896.png	392368	366841
o_9866.png.scale256x140.png	32586	31418
o_9854.png.scale427x640.png	156655	141495
o_9866.png.scale64x35.png	3010	2934
o_9863.png.scale384x384.png	195114	154474
o_9858.png.scale768x419.png	146922	134130
o_9866.png.scale96x52.png	5754	5585
o_9866.png.scale384x209.png	68107	65463
o_9882.png.scale128x128.png	10589	9957
o_9866.png.scale512x279.png	115213	111669
o_9863.png.scale512x512.png	368224	292116
o_9882.png.scale192x192.png	21637	20084
o_9853.png.scale683x1024.png	209714	193026
o_9858.png.scale1024x559.png	261199	239950
o_9882.png.scale64x64.png	3580	3424
o_9854.png.scale512x768.png	226763	205713
o_9882.png.scale96x96.png	6686	6420
o_9882.png.scale256x256.png	36975	33618
o_9866.png.scale640x349.png	174291	167428
o_9839.png.scale683x1024.png	505477	475127
o_9858.png.scale896x489.png	199842	183196
o_9886.png.scale128x192.png	29039	28433
o_9863.png.scale640x640.png	574389	471700
o_9886.png.scale43x64.png	4173	4114
o_9886.png.scale171x256.png	48242	46830
o_9886.png.scale64x96.png	8449	8322
o_9866.png.scale768x419.png	244332	235249
o_9886.png.scale85x128.png	14090	13813
o_9882.png.scale384x384.png	80276	72747
o_9888.png.scale128x85.png	16212	15896
o_9854.png.scale597x896.png	308325	279004
o_9866.png.scale1024x559.png	419422	405060
o_9886.png.scale256x384.png	99892	96637
o_9866.png.scale896x489.png	326055	314378
o_9888.png.scale192x128.png	35292	34256
o_9888.png.scale64x43.png	4560	4502
o_9888.png.scale256x171.png	60876	58643
o_9863.png.scale768x768.png	815524	684803
o_9888.png.scale96x64.png	9461	9360
o_9886.png.scale341x512.png	169475	163133
o_9890.png.scale128x128.png	19993	19109
o_9882.png.scale512x512.png	142181	129168
o_9888.png.scale384x256.png	130246	125038
o_9890.png.scale192x192.png	39775	37543
o_9854.png.scale683x1024.png	403219	368205
o_9886.png.scale427x640.png	258606	249573
o_9890.png.scale64x64.png	6250	6030
o_9888.png.scale512x341.png	224923	216665
o_9890.png.scale256x256.png	65240	61146
o_9890.png.scale96x96.png	12407	11832
o_9882.png.scale640x640.png	220927	201432
o_9886.png.scale512x768.png	367083	354729
o_9894.png.scale128x192.png	12115	10960
o_9888.png.scale640x427.png	348472	339949
o_9863.png.scale896x896.png	1074726	914613
o_9894.png.scale43x64.png	2157	2034
o_9894.png.scale171x256.png	19463	17572
o_9863.png.scale1024x1024.png	1368272	1165544
o_9894.png.scale64x96.png	3972	3752
o_9890.png.scale384x384.png	136603	127019
o_9894.png.scale256x384.png	40299	36340
o_9886.png.scale597x896.png	493437	476943
o_9894.png.scale85x128.png	6188	5687
o_9888.png.scale768x512.png	497300	482613
o_9882.png.scale768x768.png	315291	287531
o_9895.png.scale128x192.png	29918	28125
o_9895.png.scale43x64.png	4480	4308
o_9894.png.scale341x512.png	68164	60804
o_9895.png.scale171x256.png	49958	46510
o_9895.png.scale64x96.png	8867	8455
o_9890.png.scale512x512.png	233223	216642
o_9895.png.scale85x128.png	14558	13801
o_9886.png.scale683x1024.png	638093	617316
o_9894.png.scale427x640.png	102261	90866
o_9907.png.scale128x192.png	11782	10690
o_9907.png.scale171x256.png	19584	17844
o_9895.png.scale256x384.png	104340	96253
o_9907.png.scale43x64.png	1979	1930
o_9888.png.scale896x597.png	667426	650289
o_9882.png.scale896x896.png	413894	378378
o_9907.png.scale64x96.png	3629	3504
o_9907.png.scale256x384.png	41033	36693
o_9907.png.scale85x128.png	5862	5490
o_9888.png.scale1024x683.png	865323	843871
o_9894.png.scale512x768.png	146172	130072
o_9895.png.scale341x512.png	178648	164925
o_9914.png.scale128x128.png	6376	5622
o_9882.png.scale1024x1024.png	522204	475023
o_9907.png.scale341x512.png	70284	63283
o_9890.png.scale640x640.png	354824	329135
o_9914.png.scale192x192.png	13237	11423
o_9914.png.scale64x64.png	2042	1850
o_9894.png.scale597x896.png	194074	172582
o_9914.png.scale96x96.png	3911	3510
o_9914.png.scale256x256.png	22436	19372
o_9907.png.scale427x640.png	108637	98506
o_9922.png.scale128x128.png	6053	5390
o_9895.png.scale427x640.png	273479	253102
o_9922.png.scale192x192.png	12114	10488
o_9914.png.scale384x384.png	52238	44735
o_9922.png.scale256x256.png	20475	17898
o_9922.png.scale64x64.png	1965	1804
o_9890.png.scale768x768.png	498979	464026
o_9907.png.scale512x768.png	157820	144152
o_9922.png.scale96x96.png	3819	3446
o_9895.png.scale512x768.png	389128	360815
o_9894.png.scale683x1024.png	246125	217024
o_9922.png.scale384x384.png	46206	40166
o_9923.png.scale128x128.png	6846	6008
o_9914.png.scale512x512.png	97421	83911
o_9923.png.scale192x192.png	14353	12352
o_9907.png.scale597x896.png	215426	199854
o_9923.png.scale64x64.png	2102	1896
o_9922.png.scale512x512.png	84639	74446
o_9923.png.scale256x256.png	24992	21248
o_9923.png.scale96x96.png	4147	3696
o_9942.png.scale128x192.png	10811	10362
o_9907.png.scale683x1024.png	283428	264996
o_9942.png.scale171x256.png	17640	16629
o_9922.png.scale640x640.png	137546	122951
o_9923.png.scale384x384.png	58115	49832
o_9942.png.scale43x64.png	1869	1823
o_9914.png.scale640x640.png	159205	136276
o_9895.png.scale597x896.png	521236	483887
o_9890.png.scale896x896.png	650577	602237
o_9942.png.scale64x96.png	3480	3363
o_9942.png.scale85x128.png	5436	5302
o_9942.png.scale256x384.png	36569	33820
o_9963.png.scale128x192.png	9840	9039
o_9963.png.scale171x256.png	16873	15240
o_9923.png.scale512x512.png	108019	93553
o_9942.png.scale341x512.png	61492	56333
o_9914.png.scale768x768.png	230030	197094
o_9963.png.scale43x64.png	1519	1456
o_9963.png.scale256x384.png	36487	32629
o_9963.png.scale64x96.png	2890	2683
o_9922.png.scale768x768.png	201721	179786
o_9963.png.scale85x128.png	4762	4451
o_9942.png.scale427x640.png	92163	85027
o_9895.png.scale683x1024.png	670545	624444
o_9890.png.scale1024x1024.png	803575	737734
o_9922.png.scale896x896.png	270977	240165
o_9922.png.scale1024x1024.png	346063	305513
o_9942.png.scale512x768.png	130574	119478
o_9963.png.scale341x512.png	64219	56693
o_9963.png.scale427x640.png	98825	88672
o_9923.png.scale640x640.png	176696	151580
o_9942.png.scale597x896.png	175920	160696
o_9914.png.scale896x896.png	300880	256489
o_9963.png.scale512x768.png	141728	128950
o_9914.png.scale1024x1024.png	376240	318082
o_9942.png.scale683x1024.png	227236	206807
o_9963.png.scale597x896.png	193633	175418
o_9923.png.scale768x768.png	253947	220580
o_9963.png.scale683x1024.png	251304	230692
o_9923.png.scale1024x1024.png	414037	350518
o_9923.png.scale896x896.png	332745	284659
