file	png	oxinx
1064_general_castle-bridge-moat_montjuic-castle-barcelona_zfold7_iso40-f1p7_20260315-175347_3000x4000.scale96x128.hdr.png	70550	61827
1064_general_castle-bridge-moat_montjuic-castle-barcelona_zfold7_iso40-f1p7_20260315-175347_3000x4000.scale120x160.hdr.png	109424	96043
1065_general_cathedral-model-workshop_sagrada-familia-barcelona_zfold7_iso64-f1p7_20260317-165822_3000x4000.scale120x160.hdr.png	110991	98414
1064_general_castle-bridge-moat_montjuic-castle-barcelona_zfold7_iso40-f1p7_20260315-175347_3000x4000.scale150x200.hdr.png	170070	149423
1065_general_cathedral-model-workshop_sagrada-familia-barcelona_zfold7_iso64-f1p7_20260317-165822_3000x4000.scale150x200.hdr.png	171542	152364
1064_general_castle-bridge-moat_montjuic-castle-barcelona_zfold7_iso40-f1p7_20260315-175347_3000x4000.scale192x256.hdr.png	277193	243822
1065_general_cathedral-model-workshop_sagrada-familia-barcelona_zfold7_iso64-f1p7_20260317-165822_3000x4000.scale192x256.hdr.png	277367	246255
1064_general_castle-bridge-moat_montjuic-castle-barcelona_zfold7_iso40-f1p7_20260315-175347_3000x4000.scale240x320.hdr.png	431829	379461
1065_general_cathedral-model-workshop_sagrada-familia-barcelona_zfold7_iso64-f1p7_20260317-165822_3000x4000.scale240x320.hdr.png	427874	380307
1064_general_castle-bridge-moat_montjuic-castle-barcelona_zfold7_iso40-f1p7_20260315-175347_3000x4000.scale300x400.hdr.png	672298	589485
1065_general_cathedral-model-workshop_sagrada-familia-barcelona_zfold7_iso64-f1p7_20260317-165822_3000x4000.scale96x128.hdr.png	71863	63682
1065_general_cathedral-model-workshop_sagrada-familia-barcelona_zfold7_iso64-f1p7_20260317-165822_3000x4000.scale300x400.hdr.png	663360	588618
1066_general_stone-building-facade_park-guell-barcelona_zfold7_iso80-f1p7_20260318-172109_3000x4000.scale120x160.hdr.png	114875	101566
1064_general_castle-bridge-moat_montjuic-castle-barcelona_zfold7_iso40-f1p7_20260315-175347_3000x4000.scale384x512.hdr.png	1096687	959210
1065_general_cathedral-model-workshop_sagrada-familia-barcelona_zfold7_iso64-f1p7_20260317-165822_3000x4000.scale384x512.hdr.png	1073439	953006
1066_general_stone-building-facade_park-guell-barcelona_zfold7_iso80-f1p7_20260318-172109_3000x4000.scale150x200.hdr.png	178317	156672
1066_general_stone-building-facade_park-guell-barcelona_zfold7_iso80-f1p7_20260318-172109_3000x4000.scale192x256.hdr.png	289682	254927
1064_general_castle-bridge-moat_montjuic-castle-barcelona_zfold7_iso40-f1p7_20260315-175347_3000x4000.scale480x640.hdr.png	1707745	1489551
1066_general_stone-building-facade_park-guell-barcelona_zfold7_iso80-f1p7_20260318-172109_3000x4000.scale240x320.hdr.png	450752	396556
1065_general_cathedral-model-workshop_sagrada-familia-barcelona_zfold7_iso64-f1p7_20260317-165822_3000x4000.scale480x640.hdr.png	1660653	1472884
1066_general_stone-building-facade_park-guell-barcelona_zfold7_iso80-f1p7_20260318-172109_3000x4000.scale300x400.hdr.png	700322	616640
1064_general_castle-bridge-moat_montjuic-castle-barcelona_zfold7_iso40-f1p7_20260315-175347_3000x4000.scale600x800.hdr.png	2658345	2310441
1065_general_cathedral-model-workshop_sagrada-familia-barcelona_zfold7_iso64-f1p7_20260317-165822_3000x4000.scale600x800.hdr.png	2570518	2270845
1066_general_stone-building-facade_park-guell-barcelona_zfold7_iso80-f1p7_20260318-172109_3000x4000.scale384x512.hdr.png	1141340	1003153
1066_general_stone-building-facade_park-guell-barcelona_zfold7_iso80-f1p7_20260318-172109_3000x4000.scale480x640.hdr.png	1775233	1561831
1066_general_stone-building-facade_park-guell-barcelona_zfold7_iso80-f1p7_20260318-172109_3000x4000.scale96x128.hdr.png	73945	65279
1064_general_castle-bridge-moat_montjuic-castle-barcelona_zfold7_iso40-f1p7_20260315-175347_3000x4000.scale768x1024.hdr.png	4348259	3764136
1067_general_architectural-model-display_la-pedrera-barcelona_zfold7_iso500-f1p7_20260319-185645_3000x4000.scale120x160.hdr.png	114224	100024
1065_general_cathedral-model-workshop_sagrada-familia-barcelona_zfold7_iso64-f1p7_20260317-165822_3000x4000.scale768x1024.hdr.png	4181651	3680238
1067_general_architectural-model-display_la-pedrera-barcelona_zfold7_iso500-f1p7_20260319-185645_3000x4000.scale150x200.hdr.png	175805	154261
1066_general_stone-building-facade_park-guell-barcelona_zfold7_iso80-f1p7_20260318-172109_3000x4000.scale600x800.hdr.png	2759697	2427649
1067_general_architectural-model-display_la-pedrera-barcelona_zfold7_iso500-f1p7_20260319-185645_3000x4000.scale192x256.hdr.png	283769	249506
1064_general_castle-bridge-moat_montjuic-castle-barcelona_zfold7_iso40-f1p7_20260315-175347_3000x4000.scale960x1280.hdr.png	6787879	5860442
1066_general_stone-building-facade_park-guell-barcelona_zfold7_iso80-f1p7_20260318-172109_3000x4000.scale768x1024.hdr.png	4501631	3953415
1067_general_architectural-model-display_la-pedrera-barcelona_zfold7_iso500-f1p7_20260319-185645_3000x4000.scale240x320.hdr.png	437443	385622
1067_general_architectural-model-display_la-pedrera-barcelona_zfold7_iso500-f1p7_20260319-185645_3000x4000.scale300x400.hdr.png	676005	597003
1065_general_cathedral-model-workshop_sagrada-familia-barcelona_zfold7_iso64-f1p7_20260317-165822_3000x4000.scale960x1280.hdr.png	6507606	5707199
1067_general_architectural-model-display_la-pedrera-barcelona_zfold7_iso500-f1p7_20260319-185645_3000x4000.scale384x512.hdr.png	1098095	967117
1067_general_architectural-model-display_la-pedrera-barcelona_zfold7_iso500-f1p7_20260319-185645_3000x4000.scale480x640.hdr.png	1701138	1498153
1067_general_architectural-model-display_la-pedrera-barcelona_zfold7_iso500-f1p7_20260319-185645_3000x4000.scale600x800.hdr.png	2640329	2322010
1067_general_architectural-model-display_la-pedrera-barcelona_zfold7_iso500-f1p7_20260319-185645_3000x4000.scale96x128.hdr.png	73945	64959
1067_general_architectural-model-display_la-pedrera-barcelona_zfold7_iso500-f1p7_20260319-185645_3000x4000.scale768x1024.hdr.png	4296492	3774986
1065_general_cathedral-model-workshop_sagrada-familia-barcelona_zfold7_iso64-f1p7_20260317-165822_3000x4000.scale1200x1600.hdr.png	10163221	8888689
1069_general_illuminated-castle-night_cinderella-castle-orange_ip13pro_iso500-f1p5_img-7653_2870x3827.scale120x160.hdr.png	104904	92204
1069_general_illuminated-castle-night_cinderella-castle-orange_ip13pro_iso500-f1p5_img-7653_2870x3827.scale150x200.hdr.png	163224	143625
1066_general_stone-building-facade_park-guell-barcelona_zfold7_iso80-f1p7_20260318-172109_3000x4000.scale960x1280.hdr.png	7015014	6153808
1064_general_castle-bridge-moat_montjuic-castle-barcelona_zfold7_iso40-f1p7_20260315-175347_3000x4000.scale1200x1600.hdr.png	10607061	9112415
1069_general_illuminated-castle-night_cinderella-castle-orange_ip13pro_iso500-f1p5_img-7653_2870x3827.scale192x256.hdr.png	266809	234611
1069_general_illuminated-castle-night_cinderella-castle-orange_ip13pro_iso500-f1p5_img-7653_2870x3827.scale240x320.hdr.png	415999	364204
1066_general_stone-building-facade_park-guell-barcelona_zfold7_iso80-f1p7_20260318-172109_3000x4000.scale1200x1600.hdr.png	10934639	9561970
1069_general_illuminated-castle-night_cinderella-castle-orange_ip13pro_iso500-f1p5_img-7653_2870x3827.scale300x400.hdr.png	646977	569312
1069_general_illuminated-castle-night_cinderella-castle-orange_ip13pro_iso500-f1p5_img-7653_2870x3827.scale384x512.hdr.png	1051217	924572
1067_general_architectural-model-display_la-pedrera-barcelona_zfold7_iso500-f1p7_20260319-185645_3000x4000.scale960x1280.hdr.png	6680883	5865562
1067_general_architectural-model-display_la-pedrera-barcelona_zfold7_iso500-f1p7_20260319-185645_3000x4000.scale1200x1600.hdr.png	10399105	9109182
1069_general_illuminated-castle-night_cinderella-castle-orange_ip13pro_iso500-f1p5_img-7653_2870x3827.scale480x640.hdr.png	1625208	1435908
1069_general_illuminated-castle-night_cinderella-castle-orange_ip13pro_iso500-f1p5_img-7653_2870x3827.scale96x128.hdr.png	67625	59352
1069_general_illuminated-castle-night_cinderella-castle-orange_ip13pro_iso500-f1p5_img-7653_2870x3827.scale600x800.hdr.png	2499685	2218190
1065_general_cathedral-model-workshop_sagrada-familia-barcelona_zfold7_iso64-f1p7_20260317-165822_3000x4000.scale1536x2048.hdr.png	16676915	14560939
1070_general_stone-temple-ruins_ip13pro_iso50-f1p5_img-8852_4032x3024.scale128x96.hdr.png	73913	66260
1069_general_illuminated-castle-night_cinderella-castle-orange_ip13pro_iso500-f1p5_img-7653_2870x3827.scale768x1024.hdr.png	3998685	3543264
1070_general_stone-temple-ruins_ip13pro_iso50-f1p5_img-8852_4032x3024.scale160x120.hdr.png	115409	103044
1070_general_stone-temple-ruins_ip13pro_iso50-f1p5_img-8852_4032x3024.scale200x150.hdr.png	180244	160373
1070_general_stone-temple-ruins_ip13pro_iso50-f1p5_img-8852_4032x3024.scale1024x768.hdr.png	4719804	4114735
1064_general_castle-bridge-moat_montjuic-castle-barcelona_zfold7_iso40-f1p7_20260315-175347_3000x4000.scale1536x2048.hdr.png	17357227	14877927
1070_general_stone-temple-ruins_ip13pro_iso50-f1p5_img-8852_4032x3024.scale256x192.hdr.png	295208	260715
1067_general_architectural-model-display_la-pedrera-barcelona_zfold7_iso500-f1p7_20260319-185645_3000x4000.scale1536x2048.hdr.png	16977959	14923244
1070_general_stone-temple-ruins_ip13pro_iso50-f1p5_img-8852_4032x3024.scale320x240.hdr.png	461159	405345
1069_general_illuminated-castle-night_cinderella-castle-orange_ip13pro_iso500-f1p5_img-7653_2870x3827.scale1200x1600.hdr.png	9156808	8134305
1066_general_stone-building-facade_park-guell-barcelona_zfold7_iso80-f1p7_20260318-172109_3000x4000.scale1536x2048.hdr.png	17836592	15592113
1069_general_illuminated-castle-night_cinderella-castle-orange_ip13pro_iso500-f1p5_img-7653_2870x3827.scale960x1280.hdr.png	6072306	5390571
1070_general_stone-temple-ruins_ip13pro_iso50-f1p5_img-8852_4032x3024.scale400x300.hdr.png	720434	630406
1070_general_stone-temple-ruins_ip13pro_iso50-f1p5_img-8852_4032x3024.scale1280x960.hdr.png	7374404	6439699
1227_interiors_stained-glass-window_casa-batllo-barcelona_zfold7_iso1600-f1p7_20260315-205230_3000x4000.scale120x160.hdr.png	108905	97098
1227_interiors_stained-glass-window_casa-batllo-barcelona_zfold7_iso1600-f1p7_20260315-205230_3000x4000.scale150x200.hdr.png	169950	151360
1070_general_stone-temple-ruins_ip13pro_iso50-f1p5_img-8852_4032x3024.scale512x384.hdr.png	1180206	1030555
1070_general_stone-temple-ruins_ip13pro_iso50-f1p5_img-8852_4032x3024.scale640x480.hdr.png	1843904	1607590
1227_interiors_stained-glass-window_casa-batllo-barcelona_zfold7_iso1600-f1p7_20260315-205230_3000x4000.scale192x256.hdr.png	277884	247742
1070_general_stone-temple-ruins_ip13pro_iso50-f1p5_img-8852_4032x3024.scale800x600.hdr.png	2880899	2512604
1227_interiors_stained-glass-window_casa-batllo-barcelona_zfold7_iso1600-f1p7_20260315-205230_3000x4000.scale240x320.hdr.png	434166	386671
1227_interiors_stained-glass-window_casa-batllo-barcelona_zfold7_iso1600-f1p7_20260315-205230_3000x4000.scale300x400.hdr.png	676716	602930
1065_general_cathedral-model-workshop_sagrada-familia-barcelona_zfold7_iso64-f1p7_20260317-165822_3000x4000.scale1920x2560.hdr.png	26066217	22735877
1227_interiors_stained-glass-window_casa-batllo-barcelona_zfold7_iso1600-f1p7_20260315-205230_3000x4000.scale384x512.hdr.png	1105042	985105
1070_general_stone-temple-ruins_ip13pro_iso50-f1p5_img-8852_4032x3024.scale1600x1200.hdr.png	11522159	10064005
1227_interiors_stained-glass-window_casa-batllo-barcelona_zfold7_iso1600-f1p7_20260315-205230_3000x4000.scale480x640.hdr.png	1720317	1533270
1064_general_castle-bridge-moat_montjuic-castle-barcelona_zfold7_iso40-f1p7_20260315-175347_3000x4000.scale1920x2560.hdr.png	26944503	23082697
1227_interiors_stained-glass-window_casa-batllo-barcelona_zfold7_iso1600-f1p7_20260315-205230_3000x4000.scale96x128.hdr.png	69834	62189
1069_general_illuminated-castle-night_cinderella-castle-orange_ip13pro_iso500-f1p5_img-7653_2870x3827.scale1536x2048.hdr.png	14273100	12684490
1227_interiors_stained-glass-window_casa-batllo-barcelona_zfold7_iso1600-f1p7_20260315-205230_3000x4000.scale600x800.hdr.png	2672798	2382745
1228_interiors_stained-glass-windows_casa-batllo-barcelona_zfold7_iso2500-f1p7_20260315-205328_4000x3000.scale128x96.hdr.png	73913	66427
1227_interiors_stained-glass-window_casa-batllo-barcelona_zfold7_iso1600-f1p7_20260315-205230_3000x4000.scale768x1024.hdr.png	4343758	3873413
1228_interiors_stained-glass-windows_casa-batllo-barcelona_zfold7_iso2500-f1p7_20260315-205328_4000x3000.scale160x120.hdr.png	115409	102561
1066_general_stone-building-facade_park-guell-barcelona_zfold7_iso80-f1p7_20260318-172109_3000x4000.scale1920x2560.hdr.png	27587360	24118251
1228_interiors_stained-glass-windows_casa-batllo-barcelona_zfold7_iso2500-f1p7_20260315-205328_4000x3000.scale200x150.hdr.png	180244	158468
1227_interiors_stained-glass-window_casa-batllo-barcelona_zfold7_iso1600-f1p7_20260315-205230_3000x4000.scale1200x1600.hdr.png	10407602	9282643
1228_interiors_stained-glass-windows_casa-batllo-barcelona_zfold7_iso2500-f1p7_20260315-205328_4000x3000.scale256x192.hdr.png	291373	256285
1228_interiors_stained-glass-windows_casa-batllo-barcelona_zfold7_iso2500-f1p7_20260315-205328_4000x3000.scale1024x768.hdr.png	4361591	3883388
1067_general_architectural-model-display_la-pedrera-barcelona_zfold7_iso500-f1p7_20260319-185645_3000x4000.scale1920x2560.hdr.png	26394237	23205721
1228_interiors_stained-glass-windows_casa-batllo-barcelona_zfold7_iso2500-f1p7_20260315-205328_4000x3000.scale320x240.hdr.png	448214	395944
1228_interiors_stained-glass-windows_casa-batllo-barcelona_zfold7_iso2500-f1p7_20260315-205328_4000x3000.scale400x300.hdr.png	691551	612187
1227_interiors_stained-glass-window_casa-batllo-barcelona_zfold7_iso1600-f1p7_20260315-205230_3000x4000.scale960x1280.hdr.png	6728704	6000268
1228_interiors_stained-glass-windows_casa-batllo-barcelona_zfold7_iso2500-f1p7_20260315-205328_4000x3000.scale512x384.hdr.png	1120056	992916
1228_interiors_stained-glass-windows_casa-batllo-barcelona_zfold7_iso2500-f1p7_20260315-205328_4000x3000.scale640x480.hdr.png	1730409	1538416
1229_interiors_lighted-archway-ceiling_casa-batllo-barcelona_zfold7_iso1250-f1p7_20260315-210321_3000x4000.scale120x160.hdr.png	115449	108449
1229_interiors_lighted-archway-ceiling_casa-batllo-barcelona_zfold7_iso1250-f1p7_20260315-210321_3000x4000.scale150x200.hdr.png	180294	168700
1228_interiors_stained-glass-windows_casa-batllo-barcelona_zfold7_iso2500-f1p7_20260315-205328_4000x3000.scale800x600.hdr.png	2681341	2386107
1228_interiors_stained-glass-windows_casa-batllo-barcelona_zfold7_iso2500-f1p7_20260315-205328_4000x3000.scale1280x960.hdr.png	6782431	6043843
1229_interiors_lighted-archway-ceiling_casa-batllo-barcelona_zfold7_iso1250-f1p7_20260315-210321_3000x4000.scale192x256.hdr.png	295272	275125
1070_general_stone-temple-ruins_ip13pro_iso50-f1p5_img-8852_4032x3024.scale2048x1536.hdr.png	18877428	16462687
1229_interiors_lighted-archway-ceiling_casa-batllo-barcelona_zfold7_iso1250-f1p7_20260315-210321_3000x4000.scale240x320.hdr.png	461239	426002
1227_interiors_stained-glass-window_casa-batllo-barcelona_zfold7_iso1600-f1p7_20260315-205230_3000x4000.scale1536x2048.hdr.png	16826756	15022499
1229_interiors_lighted-archway-ceiling_casa-batllo-barcelona_zfold7_iso1250-f1p7_20260315-210321_3000x4000.scale300x400.hdr.png	720534	660286
1229_interiors_lighted-archway-ceiling_casa-batllo-barcelona_zfold7_iso1250-f1p7_20260315-210321_3000x4000.scale384x512.hdr.png	1180334	1072278
1065_general_cathedral-model-workshop_sagrada-familia-barcelona_zfold7_iso64-f1p7_20260317-165822_3000x4000.scale2304x3072.hdr.png	37478433	32640344
1228_interiors_stained-glass-windows_casa-batllo-barcelona_zfold7_iso2500-f1p7_20260315-205328_4000x3000.scale1600x1200.hdr.png	10565979	9421900
1229_interiors_lighted-archway-ceiling_casa-batllo-barcelona_zfold7_iso1250-f1p7_20260315-210321_3000x4000.scale480x640.hdr.png	1844064	1661250
1229_interiors_lighted-archway-ceiling_casa-batllo-barcelona_zfold7_iso1250-f1p7_20260315-210321_3000x4000.scale96x128.hdr.png	73945	69501
1229_interiors_lighted-archway-ceiling_casa-batllo-barcelona_zfold7_iso1250-f1p7_20260315-210321_3000x4000.scale600x800.hdr.png	2881099	2573910
1230_interiors_empty-tiled-pool_casa-batllo-barcelona_zfold7_iso640-f1p7_20260315-210432_3000x4000.scale120x160.hdr.png	111816	98941
1069_general_illuminated-castle-night_cinderella-castle-orange_ip13pro_iso500-f1p5_img-7653_2870x3827.scale1920x2560.hdr.png	21036637	18742507
1230_interiors_empty-tiled-pool_casa-batllo-barcelona_zfold7_iso640-f1p7_20260315-210432_3000x4000.scale150x200.hdr.png	172239	152930
1229_interiors_lighted-archway-ceiling_casa-batllo-barcelona_zfold7_iso1250-f1p7_20260315-210321_3000x4000.scale1200x1600.hdr.png	11439398	10044425
1230_interiors_empty-tiled-pool_casa-batllo-barcelona_zfold7_iso640-f1p7_20260315-210432_3000x4000.scale192x256.hdr.png	279006	248118
1064_general_castle-bridge-moat_montjuic-castle-barcelona_zfold7_iso40-f1p7_20260315-175347_3000x4000.scale2304x3072.hdr.png	38382382	32974235
1230_interiors_empty-tiled-pool_casa-batllo-barcelona_zfold7_iso640-f1p7_20260315-210432_3000x4000.scale240x320.hdr.png	431241	383887
1230_interiors_empty-tiled-pool_casa-batllo-barcelona_zfold7_iso640-f1p7_20260315-210432_3000x4000.scale300x400.hdr.png	666691	594129
1229_interiors_lighted-archway-ceiling_casa-batllo-barcelona_zfold7_iso1250-f1p7_20260315-210321_3000x4000.scale768x1024.hdr.png	4720060	4181325
1070_general_stone-temple-ruins_ip13pro_iso50-f1p5_img-8852_4032x3024.scale2560x1920.hdr.png	29495454	25579567
1230_interiors_empty-tiled-pool_casa-batllo-barcelona_zfold7_iso640-f1p7_20260315-210432_3000x4000.scale384x512.hdr.png	1080102	961369
1229_interiors_lighted-archway-ceiling_casa-batllo-barcelona_zfold7_iso1250-f1p7_20260315-210321_3000x4000.scale960x1280.hdr.png	7374724	6481467
1067_general_architectural-model-display_la-pedrera-barcelona_zfold7_iso500-f1p7_20260319-185645_3000x4000.scale2304x3072.hdr.png	37737645	33160046
1230_interiors_empty-tiled-pool_casa-batllo-barcelona_zfold7_iso640-f1p7_20260315-210432_3000x4000.scale96x128.hdr.png	72295	63845
1230_interiors_empty-tiled-pool_casa-batllo-barcelona_zfold7_iso640-f1p7_20260315-210432_3000x4000.scale480x640.hdr.png	1670495	1484371
1228_interiors_stained-glass-windows_casa-batllo-barcelona_zfold7_iso2500-f1p7_20260315-205328_4000x3000.scale2048x1536.hdr.png	17274744	15410041
1231_interiors_tiled-arched-interior_casa-batllo-barcelona_zfold7_iso640-f2p2_20260315-211323_4000x2252.scale128x72.hdr.png	55452	51112
1066_general_stone-building-facade_park-guell-barcelona_zfold7_iso80-f1p7_20260318-172109_3000x4000.scale2304x3072.hdr.png	39166900	34320389
1231_interiors_tiled-arched-interior_casa-batllo-barcelona_zfold7_iso640-f2p2_20260315-211323_4000x2252.scale160x90.hdr.png	86579	78919
1231_interiors_tiled-arched-interior_casa-batllo-barcelona_zfold7_iso640-f2p2_20260315-211323_4000x2252.scale200x113.hdr.png	135807	122661
1230_interiors_empty-tiled-pool_casa-batllo-barcelona_zfold7_iso640-f1p7_20260315-210432_3000x4000.scale600x800.hdr.png	2590611	2296517
1231_interiors_tiled-arched-interior_casa-batllo-barcelona_zfold7_iso640-f2p2_20260315-211323_4000x2252.scale1024x577.hdr.png	3487200	3085121
1231_interiors_tiled-arched-interior_casa-batllo-barcelona_zfold7_iso640-f2p2_20260315-211323_4000x2252.scale256x144.hdr.png	221427	198286
1227_interiors_stained-glass-window_casa-batllo-barcelona_zfold7_iso1600-f1p7_20260315-205230_3000x4000.scale1920x2560.hdr.png	25913236	23163533
1230_interiors_empty-tiled-pool_casa-batllo-barcelona_zfold7_iso640-f1p7_20260315-210432_3000x4000.scale768x1024.hdr.png	4215533	3735847
1231_interiors_tiled-arched-interior_casa-batllo-barcelona_zfold7_iso640-f2p2_20260315-211323_4000x2252.scale320x180.hdr.png	345889	307643
1231_interiors_tiled-arched-interior_casa-batllo-barcelona_zfold7_iso640-f2p2_20260315-211323_4000x2252.scale400x225.hdr.png	540349	478056
1231_interiors_tiled-arched-interior_casa-batllo-barcelona_zfold7_iso640-f2p2_20260315-211323_4000x2252.scale1280x721.hdr.png	5431867	4808465
1231_interiors_tiled-arched-interior_casa-batllo-barcelona_zfold7_iso640-f2p2_20260315-211323_4000x2252.scale512x288.hdr.png	883773	779133
1230_interiors_empty-tiled-pool_casa-batllo-barcelona_zfold7_iso640-f1p7_20260315-210432_3000x4000.scale960x1280.hdr.png	6549312	5788413
1232_interiors_stained-glass-windows_sagrada-familia-barcelona_zfold7_iso400-f1p7_20260317-144409_3000x4000.scale120x160.hdr.png	113668	100156
1230_interiors_empty-tiled-pool_casa-batllo-barcelona_zfold7_iso640-f1p7_20260315-210432_3000x4000.scale1200x1600.hdr.png	10174993	8959994
1231_interiors_tiled-arched-interior_casa-batllo-barcelona_zfold7_iso640-f2p2_20260315-211323_4000x2252.scale640x360.hdr.png	1373634	1212039
1232_interiors_stained-glass-windows_sagrada-familia-barcelona_zfold7_iso400-f1p7_20260317-144409_3000x4000.scale150x200.hdr.png	175831	155239
1232_interiors_stained-glass-windows_sagrada-familia-barcelona_zfold7_iso400-f1p7_20260317-144409_3000x4000.scale192x256.hdr.png	283999	251917
1229_interiors_lighted-archway-ceiling_casa-batllo-barcelona_zfold7_iso1250-f1p7_20260315-210321_3000x4000.scale1536x2048.hdr.png	18471270	16285408
1231_interiors_tiled-arched-interior_casa-batllo-barcelona_zfold7_iso640-f2p2_20260315-211323_4000x2252.scale800x450.hdr.png	2133859	1886444
1232_interiors_stained-glass-windows_sagrada-familia-barcelona_zfold7_iso400-f1p7_20260317-144409_3000x4000.scale240x320.hdr.png	440006	390258
1232_interiors_stained-glass-windows_sagrada-familia-barcelona_zfold7_iso400-f1p7_20260317-144409_3000x4000.scale300x400.hdr.png	680602	604546
1232_interiors_stained-glass-windows_sagrada-familia-barcelona_zfold7_iso400-f1p7_20260317-144409_3000x4000.scale384x512.hdr.png	1104888	982940
1232_interiors_stained-glass-windows_sagrada-familia-barcelona_zfold7_iso400-f1p7_20260317-144409_3000x4000.scale480x640.hdr.png	1713973	1525221
1231_interiors_tiled-arched-interior_casa-batllo-barcelona_zfold7_iso640-f2p2_20260315-211323_4000x2252.scale1600x901.hdr.png	8466278	7498761
1232_interiors_stained-glass-windows_sagrada-familia-barcelona_zfold7_iso400-f1p7_20260317-144409_3000x4000.scale600x800.hdr.png	2659905	2365348
1232_interiors_stained-glass-windows_sagrada-familia-barcelona_zfold7_iso400-f1p7_20260317-144409_3000x4000.scale96x128.hdr.png	73698	64760
1228_interiors_stained-glass-windows_casa-batllo-barcelona_zfold7_iso2500-f1p7_20260315-205328_4000x3000.scale2560x1920.hdr.png	26905757	23997825
1232_interiors_stained-glass-windows_sagrada-familia-barcelona_zfold7_iso400-f1p7_20260317-144409_3000x4000.scale768x1024.hdr.png	4327620	3843653
1233_interiors_cathedral-ceiling-interior_sagrada-familia-barcelona_zfold7_iso250-f2p2_20260317-151912_4000x3000.scale128x96.hdr.png	73913	66700
1230_interiors_empty-tiled-pool_casa-batllo-barcelona_zfold7_iso640-f1p7_20260315-210432_3000x4000.scale1536x2048.hdr.png	16558590	14543293
1233_interiors_cathedral-ceiling-interior_sagrada-familia-barcelona_zfold7_iso250-f2p2_20260317-151912_4000x3000.scale160x120.hdr.png	115409	103112
1233_interiors_cathedral-ceiling-interior_sagrada-familia-barcelona_zfold7_iso250-f2p2_20260317-151912_4000x3000.scale200x150.hdr.png	180244	159541
1231_interiors_tiled-arched-interior_casa-batllo-barcelona_zfold7_iso640-f2p2_20260315-211323_4000x2252.scale2048x1153.hdr.png	13812166	12246323
1069_general_illuminated-castle-night_cinderella-castle-orange_ip13pro_iso500-f1p5_img-7653_2870x3827.scale2304x3072.hdr.png	28573606	25475018
1233_interiors_cathedral-ceiling-interior_sagrada-familia-barcelona_zfold7_iso250-f2p2_20260317-151912_4000x3000.scale256x192.hdr.png	293313	258387
1229_interiors_lighted-archway-ceiling_casa-batllo-barcelona_zfold7_iso1250-f1p7_20260315-210321_3000x4000.scale1920x2560.hdr.png	28394354	25138559
1233_interiors_cathedral-ceiling-interior_sagrada-familia-barcelona_zfold7_iso250-f2p2_20260317-151912_4000x3000.scale1024x768.hdr.png	4357535	3882796
1232_interiors_stained-glass-windows_sagrada-familia-barcelona_zfold7_iso400-f1p7_20260317-144409_3000x4000.scale1200x1600.hdr.png	10438150	9246109
1070_general_stone-temple-ruins_ip13pro_iso50-f1p5_img-8852_4032x3024.scale3072x2304.hdr.png	42303745	36622365
1233_interiors_cathedral-ceiling-interior_sagrada-familia-barcelona_zfold7_iso250-f2p2_20260317-151912_4000x3000.scale320x240.hdr.png	451440	399559
1233_interiors_cathedral-ceiling-interior_sagrada-familia-barcelona_zfold7_iso250-f2p2_20260317-151912_4000x3000.scale400x300.hdr.png	695185	617753
1232_interiors_stained-glass-windows_sagrada-familia-barcelona_zfold7_iso400-f1p7_20260317-144409_3000x4000.scale960x1280.hdr.png	6720035	5962064
1234_interiors_cathedral-ceiling-columns_sagrada-familia-barcelona_zfold7_iso400-f1p7_20260317-154023_3000x4000.scale120x160.hdr.png	113561	100418
1234_interiors_cathedral-ceiling-columns_sagrada-familia-barcelona_zfold7_iso400-f1p7_20260317-154023_3000x4000.scale150x200.hdr.png	175688	155699
1233_interiors_cathedral-ceiling-interior_sagrada-familia-barcelona_zfold7_iso250-f2p2_20260317-151912_4000x3000.scale512x384.hdr.png	1123527	1000184
1233_interiors_cathedral-ceiling-interior_sagrada-familia-barcelona_zfold7_iso250-f2p2_20260317-151912_4000x3000.scale1280x960.hdr.png	6775432	6034481
1234_interiors_cathedral-ceiling-columns_sagrada-familia-barcelona_zfold7_iso400-f1p7_20260317-154023_3000x4000.scale192x256.hdr.png	284134	252630
1233_interiors_cathedral-ceiling-interior_sagrada-familia-barcelona_zfold7_iso250-f2p2_20260317-151912_4000x3000.scale640x480.hdr.png	1733764	1546009
1234_interiors_cathedral-ceiling-columns_sagrada-familia-barcelona_zfold7_iso400-f1p7_20260317-154023_3000x4000.scale240x320.hdr.png	438625	390694
1233_interiors_cathedral-ceiling-interior_sagrada-familia-barcelona_zfold7_iso250-f2p2_20260317-151912_4000x3000.scale800x600.hdr.png	2680500	2390676
1234_interiors_cathedral-ceiling-columns_sagrada-familia-barcelona_zfold7_iso400-f1p7_20260317-154023_3000x4000.scale300x400.hdr.png	677067	604052
1234_interiors_cathedral-ceiling-columns_sagrada-familia-barcelona_zfold7_iso400-f1p7_20260317-154023_3000x4000.scale384x512.hdr.png	1095798	978558
1227_interiors_stained-glass-window_casa-batllo-barcelona_zfold7_iso1600-f1p7_20260315-205230_3000x4000.scale2304x3072.hdr.png	36777980	32918554
1234_interiors_cathedral-ceiling-columns_sagrada-familia-barcelona_zfold7_iso400-f1p7_20260317-154023_3000x4000.scale480x640.hdr.png	1696178	1512701
1234_interiors_cathedral-ceiling-columns_sagrada-familia-barcelona_zfold7_iso400-f1p7_20260317-154023_3000x4000.scale600x800.hdr.png	2624610	2338948
1234_interiors_cathedral-ceiling-columns_sagrada-familia-barcelona_zfold7_iso400-f1p7_20260317-154023_3000x4000.scale96x128.hdr.png	73467	64859
1233_interiors_cathedral-ceiling-interior_sagrada-familia-barcelona_zfold7_iso250-f2p2_20260317-151912_4000x3000.scale1600x1200.hdr.png	10557449	9398008
1235_interiors_floral-wall-mural_casa-vicens-barcelona_zfold7_iso1600-f1p7_20260319-165522_3000x4000.scale120x160.hdr.png	115449	102503
1235_interiors_floral-wall-mural_casa-vicens-barcelona_zfold7_iso1600-f1p7_20260319-165522_3000x4000.scale150x200.hdr.png	180294	159871
1232_interiors_stained-glass-windows_sagrada-familia-barcelona_zfold7_iso400-f1p7_20260317-144409_3000x4000.scale1536x2048.hdr.png	16982368	15007724
1231_interiors_tiled-arched-interior_casa-batllo-barcelona_zfold7_iso640-f2p2_20260315-211323_4000x2252.scale2560x1441.hdr.png	21427856	19028127
1235_interiors_floral-wall-mural_casa-vicens-barcelona_zfold7_iso1600-f1p7_20260319-165522_3000x4000.scale192x256.hdr.png	295272	261228
1234_interiors_cathedral-ceiling-columns_sagrada-familia-barcelona_zfold7_iso400-f1p7_20260317-154023_3000x4000.scale768x1024.hdr.png	4262383	3791972
1235_interiors_floral-wall-mural_casa-vicens-barcelona_zfold7_iso1600-f1p7_20260319-165522_3000x4000.scale240x320.hdr.png	461239	407799
1235_interiors_floral-wall-mural_casa-vicens-barcelona_zfold7_iso1600-f1p7_20260319-165522_3000x4000.scale300x400.hdr.png	720534	635927
1235_interiors_floral-wall-mural_casa-vicens-barcelona_zfold7_iso1600-f1p7_20260319-165522_3000x4000.scale384x512.hdr.png	1180334	1039182
1234_interiors_cathedral-ceiling-columns_sagrada-familia-barcelona_zfold7_iso400-f1p7_20260317-154023_3000x4000.scale1200x1600.hdr.png	10267779	9124908
1235_interiors_floral-wall-mural_casa-vicens-barcelona_zfold7_iso1600-f1p7_20260319-165522_3000x4000.scale480x640.hdr.png	1838034	1618127
1234_interiors_cathedral-ceiling-columns_sagrada-familia-barcelona_zfold7_iso400-f1p7_20260317-154023_3000x4000.scale960x1280.hdr.png	6611230	5886445
1228_interiors_stained-glass-windows_casa-batllo-barcelona_zfold7_iso2500-f1p7_20260315-205328_4000x3000.scale3072x2304.hdr.png	38563280	34392023
1235_interiors_floral-wall-mural_casa-vicens-barcelona_zfold7_iso1600-f1p7_20260319-165522_3000x4000.scale96x128.hdr.png	73945	65832
1230_interiors_empty-tiled-pool_casa-batllo-barcelona_zfold7_iso640-f1p7_20260315-210432_3000x4000.scale1920x2560.hdr.png	25658014	22501370
1236_interiors_ornate-arched-interior_casa-vicens-barcelona_zfold7_iso400-f2p2_20260319-165702_3000x4000.scale120x160.hdr.png	115449	102383
1236_interiors_ornate-arched-interior_casa-vicens-barcelona_zfold7_iso400-f2p2_20260319-165702_3000x4000.scale150x200.hdr.png	180294	159485
1235_interiors_floral-wall-mural_casa-vicens-barcelona_zfold7_iso1600-f1p7_20260319-165522_3000x4000.scale600x800.hdr.png	2852357	2518775
1229_interiors_lighted-archway-ceiling_casa-batllo-barcelona_zfold7_iso1250-f1p7_20260315-210321_3000x4000.scale2304x3072.hdr.png	40251134	35760308
1236_interiors_ornate-arched-interior_casa-vicens-barcelona_zfold7_iso400-f2p2_20260319-165702_3000x4000.scale192x256.hdr.png	295272	260053
1235_interiors_floral-wall-mural_casa-vicens-barcelona_zfold7_iso1600-f1p7_20260319-165522_3000x4000.scale768x1024.hdr.png	4635893	4104971
1236_interiors_ornate-arched-interior_casa-vicens-barcelona_zfold7_iso400-f2p2_20260319-165702_3000x4000.scale240x320.hdr.png	460559	405417
1236_interiors_ornate-arched-interior_casa-vicens-barcelona_zfold7_iso400-f2p2_20260319-165702_3000x4000.scale300x400.hdr.png	716426	631560
1235_interiors_floral-wall-mural_casa-vicens-barcelona_zfold7_iso1600-f1p7_20260319-165522_3000x4000.scale1200x1600.hdr.png	11112366	9888938
1235_interiors_floral-wall-mural_casa-vicens-barcelona_zfold7_iso1600-f1p7_20260319-165522_3000x4000.scale960x1280.hdr.png	7185252	6377514
1233_interiors_cathedral-ceiling-interior_sagrada-familia-barcelona_zfold7_iso250-f2p2_20260317-151912_4000x3000.scale2048x1536.hdr.png	17238419	15327122
1231_interiors_tiled-arched-interior_casa-batllo-barcelona_zfold7_iso640-f2p2_20260315-211323_4000x2252.scale3072x1730.hdr.png	30577697	27223621
1236_interiors_ornate-arched-interior_casa-vicens-barcelona_zfold7_iso400-f2p2_20260319-165702_3000x4000.scale384x512.hdr.png	1168711	1031474
1236_interiors_ornate-arched-interior_casa-vicens-barcelona_zfold7_iso400-f2p2_20260319-165702_3000x4000.scale96x128.hdr.png	73945	65698
1236_interiors_ornate-arched-interior_casa-vicens-barcelona_zfold7_iso400-f2p2_20260319-165702_3000x4000.scale480x640.hdr.png	1815263	1604086
1237_interiors_person-standing-by-window_casa-vicens-barcelona_zfold7_iso800-f2p2_20260319-170017_3000x4000.scale120x160.hdr.png	115449	103684
1237_interiors_person-standing-by-window_casa-vicens-barcelona_zfold7_iso800-f2p2_20260319-170017_3000x4000.scale150x200.hdr.png	180294	160925
1236_interiors_ornate-arched-interior_casa-vicens-barcelona_zfold7_iso400-f2p2_20260319-165702_3000x4000.scale600x800.hdr.png	2817349	2493926
1232_interiors_stained-glass-windows_sagrada-familia-barcelona_zfold7_iso400-f1p7_20260317-144409_3000x4000.scale1920x2560.hdr.png	26324646	23182913
1234_interiors_cathedral-ceiling-columns_sagrada-familia-barcelona_zfold7_iso400-f1p7_20260317-154023_3000x4000.scale1536x2048.hdr.png	16714819	14822965
1237_interiors_person-standing-by-window_casa-vicens-barcelona_zfold7_iso800-f2p2_20260319-170017_3000x4000.scale192x256.hdr.png	295272	261825
1237_interiors_person-standing-by-window_casa-vicens-barcelona_zfold7_iso800-f2p2_20260319-170017_3000x4000.scale240x320.hdr.png	461239	406200
1237_interiors_person-standing-by-window_casa-vicens-barcelona_zfold7_iso800-f2p2_20260319-170017_3000x4000.scale300x400.hdr.png	719521	631556
1236_interiors_ornate-arched-interior_casa-vicens-barcelona_zfold7_iso400-f2p2_20260319-165702_3000x4000.scale768x1024.hdr.png	4585020	4063174
1237_interiors_person-standing-by-window_casa-vicens-barcelona_zfold7_iso800-f2p2_20260319-170017_3000x4000.scale384x512.hdr.png	1170009	1029123
1230_interiors_empty-tiled-pool_casa-batllo-barcelona_zfold7_iso640-f1p7_20260315-210432_3000x4000.scale2304x3072.hdr.png	36553852	32008464
1237_interiors_person-standing-by-window_casa-vicens-barcelona_zfold7_iso800-f2p2_20260319-170017_3000x4000.scale480x640.hdr.png	1816463	1599743
1237_interiors_person-standing-by-window_casa-vicens-barcelona_zfold7_iso800-f2p2_20260319-170017_3000x4000.scale600x800.hdr.png	2816187	2485261
1237_interiors_person-standing-by-window_casa-vicens-barcelona_zfold7_iso800-f2p2_20260319-170017_3000x4000.scale96x128.hdr.png	73945	66863
1236_interiors_ornate-arched-interior_casa-vicens-barcelona_zfold7_iso400-f2p2_20260319-165702_3000x4000.scale1200x1600.hdr.png	11043795	9807978
1235_interiors_floral-wall-mural_casa-vicens-barcelona_zfold7_iso1600-f1p7_20260319-165522_3000x4000.scale1536x2048.hdr.png	17952372	16023711
1236_interiors_ornate-arched-interior_casa-vicens-barcelona_zfold7_iso400-f2p2_20260319-165702_3000x4000.scale960x1280.hdr.png	7117065	6315466
1238_interiors_open-doorway-interior_casa-vicens-barcelona_zfold7_iso250-f2p2_20260319-170237_3000x4000.scale120x160.hdr.png	108792	96020
1238_interiors_open-doorway-interior_casa-vicens-barcelona_zfold7_iso250-f2p2_20260319-170237_3000x4000.scale150x200.hdr.png	169226	149570
1238_interiors_open-doorway-interior_casa-vicens-barcelona_zfold7_iso250-f2p2_20260319-170237_3000x4000.scale192x256.hdr.png	275564	244026
1237_interiors_person-standing-by-window_casa-vicens-barcelona_zfold7_iso800-f2p2_20260319-170017_3000x4000.scale768x1024.hdr.png	4581056	4049326
1238_interiors_open-doorway-interior_casa-vicens-barcelona_zfold7_iso250-f2p2_20260319-170237_3000x4000.scale240x320.hdr.png	429671	380414
1238_interiors_open-doorway-interior_casa-vicens-barcelona_zfold7_iso250-f2p2_20260319-170237_3000x4000.scale300x400.hdr.png	667937	591120
1237_interiors_person-standing-by-window_casa-vicens-barcelona_zfold7_iso800-f2p2_20260319-170017_3000x4000.scale1200x1600.hdr.png	10986545	9753988
1238_interiors_open-doorway-interior_casa-vicens-barcelona_zfold7_iso250-f2p2_20260319-170237_3000x4000.scale384x512.hdr.png	1090131	965314
1238_interiors_open-doorway-interior_casa-vicens-barcelona_zfold7_iso250-f2p2_20260319-170237_3000x4000.scale480x640.hdr.png	1697625	1505559
1233_interiors_cathedral-ceiling-interior_sagrada-familia-barcelona_zfold7_iso250-f2p2_20260317-151912_4000x3000.scale2560x1920.hdr.png	26786526	23812054
1237_interiors_person-standing-by-window_casa-vicens-barcelona_zfold7_iso800-f2p2_20260319-170017_3000x4000.scale960x1280.hdr.png	7098933	6289652
1238_interiors_open-doorway-interior_casa-vicens-barcelona_zfold7_iso250-f2p2_20260319-170237_3000x4000.scale96x128.hdr.png	70037	61802
1238_interiors_open-doorway-interior_casa-vicens-barcelona_zfold7_iso250-f2p2_20260319-170237_3000x4000.scale600x800.hdr.png	2642924	2342479
1238_interiors_open-doorway-interior_casa-vicens-barcelona_zfold7_iso250-f2p2_20260319-170237_3000x4000.scale768x1024.hdr.png	4322517	3829696
1234_interiors_cathedral-ceiling-columns_sagrada-familia-barcelona_zfold7_iso400-f1p7_20260317-154023_3000x4000.scale1920x2560.hdr.png	25950821	22960449
1239_interiors_decorative-coffered-ceiling_casa-vicens-barcelona_zfold7_iso800-f2p2_20260319-170252_4000x3000.scale128x96.hdr.png	73913	66509
1239_interiors_decorative-coffered-ceiling_casa-vicens-barcelona_zfold7_iso800-f2p2_20260319-170252_4000x3000.scale160x120.hdr.png	115409	103695
1239_interiors_decorative-coffered-ceiling_casa-vicens-barcelona_zfold7_iso800-f2p2_20260319-170252_4000x3000.scale200x150.hdr.png	180244	161727
1236_interiors_ornate-arched-interior_casa-vicens-barcelona_zfold7_iso400-f2p2_20260319-165702_3000x4000.scale1536x2048.hdr.png	17921279	15939339
1232_interiors_stained-glass-windows_sagrada-familia-barcelona_zfold7_iso400-f1p7_20260317-144409_3000x4000.scale2304x3072.hdr.png	37611489	33049475
1239_interiors_decorative-coffered-ceiling_casa-vicens-barcelona_zfold7_iso800-f2p2_20260319-170252_4000x3000.scale256x192.hdr.png	295208	263869
1239_interiors_decorative-coffered-ceiling_casa-vicens-barcelona_zfold7_iso800-f2p2_20260319-170252_4000x3000.scale1024x768.hdr.png	4526043	4027184
1239_interiors_decorative-coffered-ceiling_casa-vicens-barcelona_zfold7_iso800-f2p2_20260319-170252_4000x3000.scale320x240.hdr.png	461159	410259
1238_interiors_open-doorway-interior_casa-vicens-barcelona_zfold7_iso250-f2p2_20260319-170237_3000x4000.scale1200x1600.hdr.png	10517510	9302822
1238_interiors_open-doorway-interior_casa-vicens-barcelona_zfold7_iso250-f2p2_20260319-170237_3000x4000.scale960x1280.hdr.png	6743365	5972333
1239_interiors_decorative-coffered-ceiling_casa-vicens-barcelona_zfold7_iso800-f2p2_20260319-170252_4000x3000.scale400x300.hdr.png	720434	637661
1235_interiors_floral-wall-mural_casa-vicens-barcelona_zfold7_iso1600-f1p7_20260319-165522_3000x4000.scale1920x2560.hdr.png	27599268	24710983
1237_interiors_person-standing-by-window_casa-vicens-barcelona_zfold7_iso800-f2p2_20260319-170017_3000x4000.scale1536x2048.hdr.png	17759089	15810132
1239_interiors_decorative-coffered-ceiling_casa-vicens-barcelona_zfold7_iso800-f2p2_20260319-170252_4000x3000.scale512x384.hdr.png	1176416	1035585
1240_interiors_bathroom-with-bathtub_casa-vicens-barcelona_zfold7_iso1000-f2p2_20260319-170336_3000x4000.scale120x160.hdr.png	112265	99469
1240_interiors_bathroom-with-bathtub_casa-vicens-barcelona_zfold7_iso1000-f2p2_20260319-170336_3000x4000.scale150x200.hdr.png	173196	153669
1239_interiors_decorative-coffered-ceiling_casa-vicens-barcelona_zfold7_iso800-f2p2_20260319-170252_4000x3000.scale640x480.hdr.png	1813924	1603995
1240_interiors_bathroom-with-bathtub_casa-vicens-barcelona_zfold7_iso1000-f2p2_20260319-170336_3000x4000.scale192x256.hdr.png	279719	248852
1239_interiors_decorative-coffered-ceiling_casa-vicens-barcelona_zfold7_iso800-f2p2_20260319-170252_4000x3000.scale800x600.hdr.png	2798055	2482994
1239_interiors_decorative-coffered-ceiling_casa-vicens-barcelona_zfold7_iso800-f2p2_20260319-170252_4000x3000.scale1280x960.hdr.png	6994256	6235390
1240_interiors_bathroom-with-bathtub_casa-vicens-barcelona_zfold7_iso1000-f2p2_20260319-170336_3000x4000.scale240x320.hdr.png	432187	384719
1240_interiors_bathroom-with-bathtub_casa-vicens-barcelona_zfold7_iso1000-f2p2_20260319-170336_3000x4000.scale300x400.hdr.png	668480	595062
1240_interiors_bathroom-with-bathtub_casa-vicens-barcelona_zfold7_iso1000-f2p2_20260319-170336_3000x4000.scale384x512.hdr.png	1083652	964105
1240_interiors_bathroom-with-bathtub_casa-vicens-barcelona_zfold7_iso1000-f2p2_20260319-170336_3000x4000.scale480x640.hdr.png	1677401	1489103
1240_interiors_bathroom-with-bathtub_casa-vicens-barcelona_zfold7_iso1000-f2p2_20260319-170336_3000x4000.scale600x800.hdr.png	2596948	2304855
1236_interiors_ornate-arched-interior_casa-vicens-barcelona_zfold7_iso400-f2p2_20260319-165702_3000x4000.scale1920x2560.hdr.png	27693356	24656193
1240_interiors_bathroom-with-bathtub_casa-vicens-barcelona_zfold7_iso1000-f2p2_20260319-170336_3000x4000.scale96x128.hdr.png	73069	64594
1239_interiors_decorative-coffered-ceiling_casa-vicens-barcelona_zfold7_iso800-f2p2_20260319-170252_4000x3000.scale1600x1200.hdr.png	10828874	9658613
1241_interiors_living-room-sofa_la-pedrera-barcelona_zfold7_iso1000-f1p7_20260319-183640_3000x4000.scale120x160.hdr.png	108827	97000
1241_interiors_living-room-sofa_la-pedrera-barcelona_zfold7_iso1000-f1p7_20260319-183640_3000x4000.scale150x200.hdr.png	168227	150168
1238_interiors_open-doorway-interior_casa-vicens-barcelona_zfold7_iso250-f2p2_20260319-170237_3000x4000.scale1536x2048.hdr.png	17148584	15186946
1234_interiors_cathedral-ceiling-columns_sagrada-familia-barcelona_zfold7_iso400-f1p7_20260317-154023_3000x4000.scale2304x3072.hdr.png	37107189	32675219
1241_interiors_living-room-sofa_la-pedrera-barcelona_zfold7_iso1000-f1p7_20260319-183640_3000x4000.scale192x256.hdr.png	272289	243098
1240_interiors_bathroom-with-bathtub_casa-vicens-barcelona_zfold7_iso1000-f2p2_20260319-170336_3000x4000.scale768x1024.hdr.png	4218765	3740723
1241_interiors_living-room-sofa_la-pedrera-barcelona_zfold7_iso1000-f1p7_20260319-183640_3000x4000.scale240x320.hdr.png	421702	374818
1233_interiors_cathedral-ceiling-interior_sagrada-familia-barcelona_zfold7_iso250-f2p2_20260317-151912_4000x3000.scale3072x2304.hdr.png	38278206	33973588
1241_interiors_living-room-sofa_la-pedrera-barcelona_zfold7_iso1000-f1p7_20260319-183640_3000x4000.scale300x400.hdr.png	653561	579662
1240_interiors_bathroom-with-bathtub_casa-vicens-barcelona_zfold7_iso1000-f2p2_20260319-170336_3000x4000.scale1200x1600.hdr.png	10205269	9030159
1237_interiors_person-standing-by-window_casa-vicens-barcelona_zfold7_iso800-f2p2_20260319-170017_3000x4000.scale1920x2560.hdr.png	27316616	24391316
1241_interiors_living-room-sofa_la-pedrera-barcelona_zfold7_iso1000-f1p7_20260319-183640_3000x4000.scale384x512.hdr.png	1060994	940573
1240_interiors_bathroom-with-bathtub_casa-vicens-barcelona_zfold7_iso1000-f2p2_20260319-170336_3000x4000.scale960x1280.hdr.png	6557429	5808293
1241_interiors_living-room-sofa_la-pedrera-barcelona_zfold7_iso1000-f1p7_20260319-183640_3000x4000.scale96x128.hdr.png	70583	62861
1241_interiors_living-room-sofa_la-pedrera-barcelona_zfold7_iso1000-f1p7_20260319-183640_3000x4000.scale480x640.hdr.png	1645298	1456812
1242_interiors_storage-room-clutter_la-pedrera-barcelona_zfold7_iso640-f2p2_20260319-183704_3000x4000.scale120x160.hdr.png	111171	97321
1242_interiors_storage-room-clutter_la-pedrera-barcelona_zfold7_iso640-f2p2_20260319-183704_3000x4000.scale150x200.hdr.png	171150	150162
1235_interiors_floral-wall-mural_casa-vicens-barcelona_zfold7_iso1600-f1p7_20260319-165522_3000x4000.scale2304x3072.hdr.png	39111574	35117831
1241_interiors_living-room-sofa_la-pedrera-barcelona_zfold7_iso1000-f1p7_20260319-183640_3000x4000.scale600x800.hdr.png	2552964	2247433
1242_interiors_storage-room-clutter_la-pedrera-barcelona_zfold7_iso640-f2p2_20260319-183704_3000x4000.scale192x256.hdr.png	277068	243521
1241_interiors_living-room-sofa_la-pedrera-barcelona_zfold7_iso1000-f1p7_20260319-183640_3000x4000.scale768x1024.hdr.png	4157685	3644251
1242_interiors_storage-room-clutter_la-pedrera-barcelona_zfold7_iso640-f2p2_20260319-183704_3000x4000.scale240x320.hdr.png	428722	376493
1242_interiors_storage-room-clutter_la-pedrera-barcelona_zfold7_iso640-f2p2_20260319-183704_3000x4000.scale300x400.hdr.png	662896	582929
1239_interiors_decorative-coffered-ceiling_casa-vicens-barcelona_zfold7_iso800-f2p2_20260319-170252_4000x3000.scale2048x1536.hdr.png	17568319	15673484
1242_interiors_storage-room-clutter_la-pedrera-barcelona_zfold7_iso640-f2p2_20260319-183704_3000x4000.scale384x512.hdr.png	1075159	943236
1238_interiors_open-doorway-interior_casa-vicens-barcelona_zfold7_iso250-f2p2_20260319-170237_3000x4000.scale1920x2560.hdr.png	26582594	23565214
1240_interiors_bathroom-with-bathtub_casa-vicens-barcelona_zfold7_iso1000-f2p2_20260319-170336_3000x4000.scale1536x2048.hdr.png	16642727	14734541
1241_interiors_living-room-sofa_la-pedrera-barcelona_zfold7_iso1000-f1p7_20260319-183640_3000x4000.scale1200x1600.hdr.png	10105150	8774649
1242_interiors_storage-room-clutter_la-pedrera-barcelona_zfold7_iso640-f2p2_20260319-183704_3000x4000.scale96x128.hdr.png	72077	63313
1242_interiors_storage-room-clutter_la-pedrera-barcelona_zfold7_iso640-f2p2_20260319-183704_3000x4000.scale480x640.hdr.png	1666848	1458967
1243_interiors_vintage-living-room_la-pedrera-barcelona_zfold7_iso400-f2p2_20260319-183921_3000x4000.scale120x160.hdr.png	106114	94192
1243_interiors_vintage-living-room_la-pedrera-barcelona_zfold7_iso400-f2p2_20260319-183921_3000x4000.scale150x200.hdr.png	163593	145179
1241_interiors_living-room-sofa_la-pedrera-barcelona_zfold7_iso1000-f1p7_20260319-183640_3000x4000.scale960x1280.hdr.png	6473566	5637253
1242_interiors_storage-room-clutter_la-pedrera-barcelona_zfold7_iso640-f2p2_20260319-183704_3000x4000.scale600x800.hdr.png	2589804	2257594
1243_interiors_vintage-living-room_la-pedrera-barcelona_zfold7_iso400-f2p2_20260319-183921_3000x4000.scale192x256.hdr.png	265280	234922
1242_interiors_storage-room-clutter_la-pedrera-barcelona_zfold7_iso640-f2p2_20260319-183704_3000x4000.scale768x1024.hdr.png	4227362	3673809
1242_interiors_storage-room-clutter_la-pedrera-barcelona_zfold7_iso640-f2p2_20260319-183704_3000x4000.scale1200x1600.hdr.png	10303140	8928786
1236_interiors_ornate-arched-interior_casa-vicens-barcelona_zfold7_iso400-f2p2_20260319-165702_3000x4000.scale2304x3072.hdr.png	39419940	35124781
1243_interiors_vintage-living-room_la-pedrera-barcelona_zfold7_iso400-f2p2_20260319-183921_3000x4000.scale240x320.hdr.png	410542	363046
1243_interiors_vintage-living-room_la-pedrera-barcelona_zfold7_iso400-f2p2_20260319-183921_3000x4000.scale300x400.hdr.png	637359	557412
1243_interiors_vintage-living-room_la-pedrera-barcelona_zfold7_iso400-f2p2_20260319-183921_3000x4000.scale384x512.hdr.png	1035717	907220
1243_interiors_vintage-living-room_la-pedrera-barcelona_zfold7_iso400-f2p2_20260319-183921_3000x4000.scale480x640.hdr.png	1607531	1401599
1242_interiors_storage-room-clutter_la-pedrera-barcelona_zfold7_iso640-f2p2_20260319-183704_3000x4000.scale960x1280.hdr.png	6594085	5717962
1243_interiors_vintage-living-room_la-pedrera-barcelona_zfold7_iso400-f2p2_20260319-183921_3000x4000.scale96x128.hdr.png	68694	61450
1243_interiors_vintage-living-room_la-pedrera-barcelona_zfold7_iso400-f2p2_20260319-183921_3000x4000.scale600x800.hdr.png	2499019	2163656
1244_interiors_painted-ceiling-columns_la-pedrera-barcelona_zfold7_iso800-f1p7_20260319-194130_3000x4000.scale120x160.hdr.png	114097	100512
1244_interiors_painted-ceiling-columns_la-pedrera-barcelona_zfold7_iso800-f1p7_20260319-194130_3000x4000.scale150x200.hdr.png	176172	155864
1239_interiors_decorative-coffered-ceiling_casa-vicens-barcelona_zfold7_iso800-f2p2_20260319-170252_4000x3000.scale2560x1920.hdr.png	27170273	24258349
1241_interiors_living-room-sofa_la-pedrera-barcelona_zfold7_iso1000-f1p7_20260319-183640_3000x4000.scale1536x2048.hdr.png	16534306	14345163
1244_interiors_painted-ceiling-columns_la-pedrera-barcelona_zfold7_iso800-f1p7_20260319-194130_3000x4000.scale192x256.hdr.png	286031	253437
1243_interiors_vintage-living-room_la-pedrera-barcelona_zfold7_iso400-f2p2_20260319-183921_3000x4000.scale768x1024.hdr.png	4078524	3520871
1244_interiors_painted-ceiling-columns_la-pedrera-barcelona_zfold7_iso800-f1p7_20260319-194130_3000x4000.scale240x320.hdr.png	443382	393333
1237_interiors_person-standing-by-window_casa-vicens-barcelona_zfold7_iso800-f2p2_20260319-170017_3000x4000.scale2304x3072.hdr.png	38764572	34656988
1244_interiors_painted-ceiling-columns_la-pedrera-barcelona_zfold7_iso800-f1p7_20260319-194130_3000x4000.scale300x400.hdr.png	687709	610211
1244_interiors_painted-ceiling-columns_la-pedrera-barcelona_zfold7_iso800-f1p7_20260319-194130_3000x4000.scale384x512.hdr.png	1118021	992034
1244_interiors_painted-ceiling-columns_la-pedrera-barcelona_zfold7_iso800-f1p7_20260319-194130_3000x4000.scale480x640.hdr.png	1736184	1539540
1242_interiors_storage-room-clutter_la-pedrera-barcelona_zfold7_iso640-f2p2_20260319-183704_3000x4000.scale1536x2048.hdr.png	16851692	14628334
1243_interiors_vintage-living-room_la-pedrera-barcelona_zfold7_iso400-f2p2_20260319-183921_3000x4000.scale1200x1600.hdr.png	9944137	8515230
1243_interiors_vintage-living-room_la-pedrera-barcelona_zfold7_iso400-f2p2_20260319-183921_3000x4000.scale960x1280.hdr.png	6362604	5465904
1244_interiors_painted-ceiling-columns_la-pedrera-barcelona_zfold7_iso800-f1p7_20260319-194130_3000x4000.scale96x128.hdr.png	73750	64853
1244_interiors_painted-ceiling-columns_la-pedrera-barcelona_zfold7_iso800-f1p7_20260319-194130_3000x4000.scale600x800.hdr.png	2690054	2385857
1240_interiors_bathroom-with-bathtub_casa-vicens-barcelona_zfold7_iso1000-f2p2_20260319-170336_3000x4000.scale1920x2560.hdr.png	25832828	22833630
1245_interiors_circular-building-interior_la-pedrera-barcelona_zfold7_iso1000-f2p2_20260319-194139_4000x3000.scale128x96.hdr.png	73913	66439
1245_interiors_circular-building-interior_la-pedrera-barcelona_zfold7_iso1000-f2p2_20260319-194139_4000x3000.scale160x120.hdr.png	115409	102940
1245_interiors_circular-building-interior_la-pedrera-barcelona_zfold7_iso1000-f2p2_20260319-194139_4000x3000.scale200x150.hdr.png	180244	159244
1244_interiors_painted-ceiling-columns_la-pedrera-barcelona_zfold7_iso800-f1p7_20260319-194130_3000x4000.scale768x1024.hdr.png	4366115	3875839
1245_interiors_circular-building-interior_la-pedrera-barcelona_zfold7_iso1000-f2p2_20260319-194139_4000x3000.scale1024x768.hdr.png	4378888	3894930
1238_interiors_open-doorway-interior_casa-vicens-barcelona_zfold7_iso250-f2p2_20260319-170237_3000x4000.scale2304x3072.hdr.png	37896230	33620560
1244_interiors_painted-ceiling-columns_la-pedrera-barcelona_zfold7_iso800-f1p7_20260319-194130_3000x4000.scale1200x1600.hdr.png	10499763	9328075
1245_interiors_circular-building-interior_la-pedrera-barcelona_zfold7_iso1000-f2p2_20260319-194139_4000x3000.scale256x192.hdr.png	292799	258354
1245_interiors_circular-building-interior_la-pedrera-barcelona_zfold7_iso1000-f2p2_20260319-194139_4000x3000.scale320x240.hdr.png	452057	399647
1245_interiors_circular-building-interior_la-pedrera-barcelona_zfold7_iso1000-f2p2_20260319-194139_4000x3000.scale400x300.hdr.png	698943	618809
1243_interiors_vintage-living-room_la-pedrera-barcelona_zfold7_iso400-f2p2_20260319-183921_3000x4000.scale1536x2048.hdr.png	16279963	13956105
1245_interiors_circular-building-interior_la-pedrera-barcelona_zfold7_iso1000-f2p2_20260319-194139_4000x3000.scale512x384.hdr.png	1130823	1001819
1244_interiors_painted-ceiling-columns_la-pedrera-barcelona_zfold7_iso800-f1p7_20260319-194130_3000x4000.scale960x1280.hdr.png	6769967	6014058
1245_interiors_circular-building-interior_la-pedrera-barcelona_zfold7_iso1000-f2p2_20260319-194139_4000x3000.scale640x480.hdr.png	1748604	1552429
1246_interiors_woven-roof-structure_azulik-city-arts-francisco-uh-may_ip13pro_iso32-f1p8_img-8944_4032x3024.scale128x96.hdr.png	73913	69566
1245_interiors_circular-building-interior_la-pedrera-barcelona_zfold7_iso1000-f2p2_20260319-194139_4000x3000.scale1280x960.hdr.png	6777851	6031793
1246_interiors_woven-roof-structure_azulik-city-arts-francisco-uh-may_ip13pro_iso32-f1p8_img-8944_4032x3024.scale160x120.hdr.png	115409	108522
1241_interiors_living-room-sofa_la-pedrera-barcelona_zfold7_iso1000-f1p7_20260319-183640_3000x4000.scale1920x2560.hdr.png	25734157	22316301
1246_interiors_woven-roof-structure_azulik-city-arts-francisco-uh-may_ip13pro_iso32-f1p8_img-8944_4032x3024.scale200x150.hdr.png	180244	168589
1245_interiors_circular-building-interior_la-pedrera-barcelona_zfold7_iso1000-f2p2_20260319-194139_4000x3000.scale800x600.hdr.png	2702731	2402066
1246_interiors_woven-roof-structure_azulik-city-arts-francisco-uh-may_ip13pro_iso32-f1p8_img-8944_4032x3024.scale256x192.hdr.png	295208	273951
1239_interiors_decorative-coffered-ceiling_casa-vicens-barcelona_zfold7_iso800-f2p2_20260319-170252_4000x3000.scale3072x2304.hdr.png	38750360	34583342
1246_interiors_woven-roof-structure_azulik-city-arts-francisco-uh-may_ip13pro_iso32-f1p8_img-8944_4032x3024.scale320x240.hdr.png	461159	425185
1246_interiors_woven-roof-structure_azulik-city-arts-francisco-uh-may_ip13pro_iso32-f1p8_img-8944_4032x3024.scale400x300.hdr.png	720434	660257
1246_interiors_woven-roof-structure_azulik-city-arts-francisco-uh-may_ip13pro_iso32-f1p8_img-8944_4032x3024.scale1024x768.hdr.png	4719804	4187339
1246_interiors_woven-roof-structure_azulik-city-arts-francisco-uh-may_ip13pro_iso32-f1p8_img-8944_4032x3024.scale512x384.hdr.png	1180206	1072258
1246_interiors_woven-roof-structure_azulik-city-arts-francisco-uh-may_ip13pro_iso32-f1p8_img-8944_4032x3024.scale640x480.hdr.png	1843904	1662745
1244_interiors_painted-ceiling-columns_la-pedrera-barcelona_zfold7_iso800-f1p7_20260319-194130_3000x4000.scale1536x2048.hdr.png	17052658	15137946
1487_nature_glacier-over-water_kenai-peninsula-borough-alaska_s25u_iso40-f1p7_20250801-135016_3000x4000.scale120x160.hdr.png	106136	94238
1487_nature_glacier-over-water_kenai-peninsula-borough-alaska_s25u_iso40-f1p7_20250801-135016_3000x4000.scale150x200.hdr.png	165477	146394
1245_interiors_circular-building-interior_la-pedrera-barcelona_zfold7_iso1000-f2p2_20260319-194139_4000x3000.scale1600x1200.hdr.png	10497863	9352080
1246_interiors_woven-roof-structure_azulik-city-arts-francisco-uh-may_ip13pro_iso32-f1p8_img-8944_4032x3024.scale1280x960.hdr.png	7374404	6484319
1487_nature_glacier-over-water_kenai-peninsula-borough-alaska_s25u_iso40-f1p7_20250801-135016_3000x4000.scale192x256.hdr.png	269668	238839
1240_interiors_bathroom-with-bathtub_casa-vicens-barcelona_zfold7_iso1000-f2p2_20260319-170336_3000x4000.scale2304x3072.hdr.png	36887400	32603447
1487_nature_glacier-over-water_kenai-peninsula-borough-alaska_s25u_iso40-f1p7_20250801-135016_3000x4000.scale240x320.hdr.png	419531	370225
1246_interiors_woven-roof-structure_azulik-city-arts-francisco-uh-may_ip13pro_iso32-f1p8_img-8944_4032x3024.scale800x600.hdr.png	2880899	2578131
1487_nature_glacier-over-water_kenai-peninsula-borough-alaska_s25u_iso40-f1p7_20250801-135016_3000x4000.scale300x400.hdr.png	652920	571667
1242_interiors_storage-room-clutter_la-pedrera-barcelona_zfold7_iso640-f2p2_20260319-183704_3000x4000.scale1920x2560.hdr.png	26215676	22772890
1487_nature_glacier-over-water_kenai-peninsula-borough-alaska_s25u_iso40-f1p7_20250801-135016_3000x4000.scale384x512.hdr.png	1062153	927085
1487_nature_glacier-over-water_kenai-peninsula-borough-alaska_s25u_iso40-f1p7_20250801-135016_3000x4000.scale480x640.hdr.png	1649995	1434905
1246_interiors_woven-roof-structure_azulik-city-arts-francisco-uh-may_ip13pro_iso32-f1p8_img-8944_4032x3024.scale1600x1200.hdr.png	11522159	10026751
1487_nature_glacier-over-water_kenai-peninsula-borough-alaska_s25u_iso40-f1p7_20250801-135016_3000x4000.scale96x128.hdr.png	68171	60626
1487_nature_glacier-over-water_kenai-peninsula-borough-alaska_s25u_iso40-f1p7_20250801-135016_3000x4000.scale600x800.hdr.png	2557485	2207345
1488_nature_iceberg-ocean-landscape_yakutat-alaska_s25u_iso80-f1p7_20250803-185104_3000x4000.scale120x160.hdr.png	100025	88201
1488_nature_iceberg-ocean-landscape_yakutat-alaska_s25u_iso80-f1p7_20250803-185104_3000x4000.scale150x200.hdr.png	154926	135597
1245_interiors_circular-building-interior_la-pedrera-barcelona_zfold7_iso1000-f2p2_20260319-194139_4000x3000.scale2048x1536.hdr.png	17028289	15171193
1487_nature_glacier-over-water_kenai-peninsula-borough-alaska_s25u_iso40-f1p7_20250801-135016_3000x4000.scale768x1024.hdr.png	4162487	3558662
1488_nature_iceberg-ocean-landscape_yakutat-alaska_s25u_iso80-f1p7_20250803-185104_3000x4000.scale192x256.hdr.png	251596	220767
1241_interiors_living-room-sofa_la-pedrera-barcelona_zfold7_iso1000-f1p7_20260319-183640_3000x4000.scale2304x3072.hdr.png	36787267	31909646
1488_nature_iceberg-ocean-landscape_yakutat-alaska_s25u_iso80-f1p7_20250803-185104_3000x4000.scale240x320.hdr.png	390310	340326
1488_nature_iceberg-ocean-landscape_yakutat-alaska_s25u_iso80-f1p7_20250803-185104_3000x4000.scale300x400.hdr.png	606142	524104
1243_interiors_vintage-living-room_la-pedrera-barcelona_zfold7_iso400-f2p2_20260319-183921_3000x4000.scale1920x2560.hdr.png	25331138	21740747
1488_nature_iceberg-ocean-landscape_yakutat-alaska_s25u_iso80-f1p7_20250803-185104_3000x4000.scale384x512.hdr.png	985415	845334
1487_nature_glacier-over-water_kenai-peninsula-borough-alaska_s25u_iso40-f1p7_20250801-135016_3000x4000.scale960x1280.hdr.png	6462665	5486499
1246_interiors_woven-roof-structure_azulik-city-arts-francisco-uh-may_ip13pro_iso32-f1p8_img-8944_4032x3024.scale2048x1536.hdr.png	18877428	16199855
1488_nature_iceberg-ocean-landscape_yakutat-alaska_s25u_iso80-f1p7_20250803-185104_3000x4000.scale480x640.hdr.png	1531526	1298045
1488_nature_iceberg-ocean-landscape_yakutat-alaska_s25u_iso80-f1p7_20250803-185104_3000x4000.scale96x128.hdr.png	64665	57164
1244_interiors_painted-ceiling-columns_la-pedrera-barcelona_zfold7_iso800-f1p7_20260319-194130_3000x4000.scale1920x2560.hdr.png	26419553	23456460
1489_nature_cruise-ship-deck_unorganized-borough-alaska_s25u_iso125-f1p7_20250804-210918_3000x4000.scale120x160.hdr.png	107798	95588
1489_nature_cruise-ship-deck_unorganized-borough-alaska_s25u_iso125-f1p7_20250804-210918_3000x4000.scale150x200.hdr.png	166769	146935
1487_nature_glacier-over-water_kenai-peninsula-borough-alaska_s25u_iso40-f1p7_20250801-135016_3000x4000.scale1200x1600.hdr.png	10072843	8488536
1488_nature_iceberg-ocean-landscape_yakutat-alaska_s25u_iso80-f1p7_20250803-185104_3000x4000.scale600x800.hdr.png	2378629	1990265
1489_nature_cruise-ship-deck_unorganized-borough-alaska_s25u_iso125-f1p7_20250804-210918_3000x4000.scale192x256.hdr.png	270493	238323
1488_nature_iceberg-ocean-landscape_yakutat-alaska_s25u_iso80-f1p7_20250803-185104_3000x4000.scale1200x1600.hdr.png	9516993	7715777
1488_nature_iceberg-ocean-landscape_yakutat-alaska_s25u_iso80-f1p7_20250803-185104_3000x4000.scale768x1024.hdr.png	3883549	3193797
1242_interiors_storage-room-clutter_la-pedrera-barcelona_zfold7_iso640-f2p2_20260319-183704_3000x4000.scale2304x3072.hdr.png	37480731	32541277
1489_nature_cruise-ship-deck_unorganized-borough-alaska_s25u_iso125-f1p7_20250804-210918_3000x4000.scale240x320.hdr.png	417765	368651
1489_nature_cruise-ship-deck_unorganized-borough-alaska_s25u_iso125-f1p7_20250804-210918_3000x4000.scale300x400.hdr.png	647629	569552
1489_nature_cruise-ship-deck_unorganized-borough-alaska_s25u_iso125-f1p7_20250804-210918_3000x4000.scale384x512.hdr.png	1051349	921260
1489_nature_cruise-ship-deck_unorganized-borough-alaska_s25u_iso125-f1p7_20250804-210918_3000x4000.scale480x640.hdr.png	1629278	1418478
1488_nature_iceberg-ocean-landscape_yakutat-alaska_s25u_iso80-f1p7_20250803-185104_3000x4000.scale960x1280.hdr.png	6069252	4933568
1489_nature_cruise-ship-deck_unorganized-borough-alaska_s25u_iso125-f1p7_20250804-210918_3000x4000.scale96x128.hdr.png	70078	62021
1489_nature_cruise-ship-deck_unorganized-borough-alaska_s25u_iso125-f1p7_20250804-210918_3000x4000.scale600x800.hdr.png	2528723	2184476
1490_nature_boat-wake-at-sunset_unorganized-borough-alaska_s25u_iso200-f1p7_20250804-211018_3000x4000.scale120x160.hdr.png	106589	93163
1490_nature_boat-wake-at-sunset_unorganized-borough-alaska_s25u_iso200-f1p7_20250804-211018_3000x4000.scale150x200.hdr.png	165834	144715
1487_nature_glacier-over-water_kenai-peninsula-borough-alaska_s25u_iso40-f1p7_20250801-135016_3000x4000.scale1536x2048.hdr.png	16484348	13844548
1243_interiors_vintage-living-room_la-pedrera-barcelona_zfold7_iso400-f2p2_20260319-183921_3000x4000.scale2304x3072.hdr.png	36214936	31064392
1245_interiors_circular-building-interior_la-pedrera-barcelona_zfold7_iso1000-f2p2_20260319-194139_4000x3000.scale2560x1920.hdr.png	26294716	23443520
1490_nature_boat-wake-at-sunset_unorganized-borough-alaska_s25u_iso200-f1p7_20250804-211018_3000x4000.scale192x256.hdr.png	270136	232828
1490_nature_boat-wake-at-sunset_unorganized-borough-alaska_s25u_iso200-f1p7_20250804-211018_3000x4000.scale240x320.hdr.png	420388	362052
1490_nature_boat-wake-at-sunset_unorganized-borough-alaska_s25u_iso200-f1p7_20250804-211018_3000x4000.scale300x400.hdr.png	655757	557986
1489_nature_cruise-ship-deck_unorganized-borough-alaska_s25u_iso125-f1p7_20250804-210918_3000x4000.scale768x1024.hdr.png	4121583	3537504
1490_nature_boat-wake-at-sunset_unorganized-borough-alaska_s25u_iso200-f1p7_20250804-211018_3000x4000.scale384x512.hdr.png	1071554	902098
1244_interiors_painted-ceiling-columns_la-pedrera-barcelona_zfold7_iso800-f1p7_20260319-194130_3000x4000.scale2304x3072.hdr.png	37713889	33434720
1490_nature_boat-wake-at-sunset_unorganized-borough-alaska_s25u_iso200-f1p7_20250804-211018_3000x4000.scale480x640.hdr.png	1672406	1391925
1489_nature_cruise-ship-deck_unorganized-borough-alaska_s25u_iso125-f1p7_20250804-210918_3000x4000.scale1200x1600.hdr.png	10004377	8493178
1490_nature_boat-wake-at-sunset_unorganized-borough-alaska_s25u_iso200-f1p7_20250804-211018_3000x4000.scale96x128.hdr.png	68534	60065
1246_interiors_woven-roof-structure_azulik-city-arts-francisco-uh-may_ip13pro_iso32-f1p8_img-8944_4032x3024.scale2560x1920.hdr.png	29309649	24933944
1491_nature_ocean-sunset-clouds_unorganized-borough-alaska_s25u_iso100-f3p4_20250804-211059_3000x4000.scale120x160.hdr.png	103612	92169
1491_nature_ocean-sunset-clouds_unorganized-borough-alaska_s25u_iso100-f3p4_20250804-211059_3000x4000.scale150x200.hdr.png	160943	142596
1489_nature_cruise-ship-deck_unorganized-borough-alaska_s25u_iso125-f1p7_20250804-210918_3000x4000.scale960x1280.hdr.png	6417492	5479017
1490_nature_boat-wake-at-sunset_unorganized-borough-alaska_s25u_iso200-f1p7_20250804-211018_3000x4000.scale600x800.hdr.png	2608826	2156388
1491_nature_ocean-sunset-clouds_unorganized-borough-alaska_s25u_iso100-f3p4_20250804-211059_3000x4000.scale192x256.hdr.png	261428	231724
1490_nature_boat-wake-at-sunset_unorganized-borough-alaska_s25u_iso200-f1p7_20250804-211018_3000x4000.scale768x1024.hdr.png	4269450	3520088
1491_nature_ocean-sunset-clouds_unorganized-borough-alaska_s25u_iso100-f3p4_20250804-211059_3000x4000.scale240x320.hdr.png	406958	360401
1491_nature_ocean-sunset-clouds_unorganized-borough-alaska_s25u_iso100-f3p4_20250804-211059_3000x4000.scale300x400.hdr.png	633534	557565
1491_nature_ocean-sunset-clouds_unorganized-borough-alaska_s25u_iso100-f3p4_20250804-211059_3000x4000.scale384x512.hdr.png	1036035	908362
1490_nature_boat-wake-at-sunset_unorganized-borough-alaska_s25u_iso200-f1p7_20250804-211018_3000x4000.scale960x1280.hdr.png	6665652	5481200
1488_nature_iceberg-ocean-landscape_yakutat-alaska_s25u_iso80-f1p7_20250803-185104_3000x4000.scale1536x2048.hdr.png	15695311	12697179
1491_nature_ocean-sunset-clouds_unorganized-borough-alaska_s25u_iso100-f3p4_20250804-211059_3000x4000.scale480x640.hdr.png	1613954	1411213
1491_nature_ocean-sunset-clouds_unorganized-borough-alaska_s25u_iso100-f3p4_20250804-211059_3000x4000.scale600x800.hdr.png	2514395	2184335
1491_nature_ocean-sunset-clouds_unorganized-borough-alaska_s25u_iso100-f3p4_20250804-211059_3000x4000.scale96x128.hdr.png	67094	59445
1490_nature_boat-wake-at-sunset_unorganized-borough-alaska_s25u_iso200-f1p7_20250804-211018_3000x4000.scale1200x1600.hdr.png	10418258	8553689
1492_nature_mountain-lake-landscape_whitehorse-canada_s25u_iso64-f1p7_20250805-162506_3000x4000.scale120x160.hdr.png	112926	100191
1487_nature_glacier-over-water_kenai-peninsula-borough-alaska_s25u_iso40-f1p7_20250801-135016_3000x4000.scale1920x2560.hdr.png	25695266	21558356
1492_nature_mountain-lake-landscape_whitehorse-canada_s25u_iso64-f1p7_20250805-162506_3000x4000.scale150x200.hdr.png	175665	155588
1489_nature_cruise-ship-deck_unorganized-borough-alaska_s25u_iso125-f1p7_20250804-210918_3000x4000.scale1536x2048.hdr.png	16344479	13849170
1491_nature_ocean-sunset-clouds_unorganized-borough-alaska_s25u_iso100-f3p4_20250804-211059_3000x4000.scale1200x1600.hdr.png	10037709	8598467
1492_nature_mountain-lake-landscape_whitehorse-canada_s25u_iso64-f1p7_20250805-162506_3000x4000.scale192x256.hdr.png	287202	252138
1492_nature_mountain-lake-landscape_whitehorse-canada_s25u_iso64-f1p7_20250805-162506_3000x4000.scale240x320.hdr.png	447153	392731
1491_nature_ocean-sunset-clouds_unorganized-borough-alaska_s25u_iso100-f3p4_20250804-211059_3000x4000.scale768x1024.hdr.png	4113483	3558504
1492_nature_mountain-lake-landscape_whitehorse-canada_s25u_iso64-f1p7_20250805-162506_3000x4000.scale300x400.hdr.png	697699	612067
1492_nature_mountain-lake-landscape_whitehorse-canada_s25u_iso64-f1p7_20250805-162506_3000x4000.scale384x512.hdr.png	1140051	996305
1492_nature_mountain-lake-landscape_whitehorse-canada_s25u_iso64-f1p7_20250805-162506_3000x4000.scale480x640.hdr.png	1776427	1546460
1491_nature_ocean-sunset-clouds_unorganized-borough-alaska_s25u_iso100-f3p4_20250804-211059_3000x4000.scale960x1280.hdr.png	6418636	5524614
1492_nature_mountain-lake-landscape_whitehorse-canada_s25u_iso64-f1p7_20250805-162506_3000x4000.scale600x800.hdr.png	2771238	2409534
1492_nature_mountain-lake-landscape_whitehorse-canada_s25u_iso64-f1p7_20250805-162506_3000x4000.scale96x128.hdr.png	72758	64370
1488_nature_iceberg-ocean-landscape_yakutat-alaska_s25u_iso80-f1p7_20250803-185104_3000x4000.scale1920x2560.hdr.png	24629261	19978401
1490_nature_boat-wake-at-sunset_unorganized-borough-alaska_s25u_iso200-f1p7_20250804-211018_3000x4000.scale1536x2048.hdr.png	17051022	14016541
1493_nature_sunset-over-sea_lower-davie-vancouver-canada_s25u_iso64-f3p4_20250809-203408_4000x3000.scale128x96.hdr.png	61667	54428
1245_interiors_circular-building-interior_la-pedrera-barcelona_zfold7_iso1000-f2p2_20260319-194139_4000x3000.scale3072x2304.hdr.png	37437155	33343180
1493_nature_sunset-over-sea_lower-davie-vancouver-canada_s25u_iso64-f3p4_20250809-203408_4000x3000.scale160x120.hdr.png	96160	84572
1493_nature_sunset-over-sea_lower-davie-vancouver-canada_s25u_iso64-f3p4_20250809-203408_4000x3000.scale200x150.hdr.png	149564	131098
1492_nature_mountain-lake-landscape_whitehorse-canada_s25u_iso64-f1p7_20250805-162506_3000x4000.scale768x1024.hdr.png	4533569	3917495
1491_nature_ocean-sunset-clouds_unorganized-borough-alaska_s25u_iso100-f3p4_20250804-211059_3000x4000.scale1536x2048.hdr.png	16439136	14051366
1493_nature_sunset-over-sea_lower-davie-vancouver-canada_s25u_iso64-f3p4_20250809-203408_4000x3000.scale256x192.hdr.png	244083	212131
1246_interiors_woven-roof-structure_azulik-city-arts-francisco-uh-may_ip13pro_iso32-f1p8_img-8944_4032x3024.scale3072x2304.hdr.png	41386754	35361009
1493_nature_sunset-over-sea_lower-davie-vancouver-canada_s25u_iso64-f3p4_20250809-203408_4000x3000.scale320x240.hdr.png	380726	328150
1493_nature_sunset-over-sea_lower-davie-vancouver-canada_s25u_iso64-f3p4_20250809-203408_4000x3000.scale400x300.hdr.png	594835	505889
1492_nature_mountain-lake-landscape_whitehorse-canada_s25u_iso64-f1p7_20250805-162506_3000x4000.scale1200x1600.hdr.png	11030555	9487653
1492_nature_mountain-lake-landscape_whitehorse-canada_s25u_iso64-f1p7_20250805-162506_3000x4000.scale960x1280.hdr.png	7073631	6110044
1493_nature_sunset-over-sea_lower-davie-vancouver-canada_s25u_iso64-f3p4_20250809-203408_4000x3000.scale1024x768.hdr.png	3888872	3143146
1489_nature_cruise-ship-deck_unorganized-borough-alaska_s25u_iso125-f1p7_20250804-210918_3000x4000.scale1920x2560.hdr.png	25388932	21485999
1493_nature_sunset-over-sea_lower-davie-vancouver-canada_s25u_iso64-f3p4_20250809-203408_4000x3000.scale512x384.hdr.png	972094	815223
1494_nature_sunset-over-forest_colorado_zfold7_iso250-f1p7_20251110-170409_4000x3000.scale128x96.hdr.png	67587	60471
1493_nature_sunset-over-sea_lower-davie-vancouver-canada_s25u_iso64-f3p4_20250809-203408_4000x3000.scale1280x960.hdr.png	6100968	4888406
1494_nature_sunset-over-forest_colorado_zfold7_iso250-f1p7_20251110-170409_4000x3000.scale160x120.hdr.png	104902	92545
1493_nature_sunset-over-sea_lower-davie-vancouver-canada_s25u_iso64-f3p4_20250809-203408_4000x3000.scale640x480.hdr.png	1517542	1253971
1494_nature_sunset-over-forest_colorado_zfold7_iso250-f1p7_20251110-170409_4000x3000.scale200x150.hdr.png	162752	143571
1493_nature_sunset-over-sea_lower-davie-vancouver-canada_s25u_iso64-f3p4_20250809-203408_4000x3000.scale800x600.hdr.png	2369809	1928961
1494_nature_sunset-over-forest_colorado_zfold7_iso250-f1p7_20251110-170409_4000x3000.scale256x192.hdr.png	265364	233846
1494_nature_sunset-over-forest_colorado_zfold7_iso250-f1p7_20251110-170409_4000x3000.scale1024x768.hdr.png	4188258	3687876
1494_nature_sunset-over-forest_colorado_zfold7_iso250-f1p7_20251110-170409_4000x3000.scale320x240.hdr.png	412367	363699
1494_nature_sunset-over-forest_colorado_zfold7_iso250-f1p7_20251110-170409_4000x3000.scale400x300.hdr.png	643349	567039
1494_nature_sunset-over-forest_colorado_zfold7_iso250-f1p7_20251110-170409_4000x3000.scale512x384.hdr.png	1049803	926290
1493_nature_sunset-over-sea_lower-davie-vancouver-canada_s25u_iso64-f3p4_20250809-203408_4000x3000.scale1600x1200.hdr.png	9591626	7665786
1488_nature_iceberg-ocean-landscape_yakutat-alaska_s25u_iso80-f1p7_20250803-185104_3000x4000.scale2304x3072.hdr.png	35434678	28885165
1490_nature_boat-wake-at-sunset_unorganized-borough-alaska_s25u_iso200-f1p7_20250804-211018_3000x4000.scale1920x2560.hdr.png	26544618	21863943
1492_nature_mountain-lake-landscape_whitehorse-canada_s25u_iso64-f1p7_20250805-162506_3000x4000.scale1536x2048.hdr.png	17986111	15441988
1495_nature_lighthouse-on-island_york-maine_ip13pro_iso50-f1p5_fullsizerender-1_3855x2891.scale128x96.hdr.png	65124	56548
1494_nature_sunset-over-forest_colorado_zfold7_iso250-f1p7_20251110-170409_4000x3000.scale640x480.hdr.png	1637638	1443385
1487_nature_glacier-over-water_kenai-peninsula-borough-alaska_s25u_iso40-f1p7_20250801-135016_3000x4000.scale2304x3072.hdr.png	36829495	31014202
1495_nature_lighthouse-on-island_york-maine_ip13pro_iso50-f1p5_fullsizerender-1_3855x2891.scale160x120.hdr.png	100307	86885
1494_nature_sunset-over-forest_colorado_zfold7_iso250-f1p7_20251110-170409_4000x3000.scale1280x960.hdr.png	6558567	5775021
1495_nature_lighthouse-on-island_york-maine_ip13pro_iso50-f1p5_fullsizerender-1_3855x2891.scale200x150.hdr.png	154517	134000
1495_nature_lighthouse-on-island_york-maine_ip13pro_iso50-f1p5_fullsizerender-1_3855x2891.scale256x192.hdr.png	249075	215450
1494_nature_sunset-over-forest_colorado_zfold7_iso250-f1p7_20251110-170409_4000x3000.scale800x600.hdr.png	2556242	2255158
1495_nature_lighthouse-on-island_york-maine_ip13pro_iso50-f1p5_fullsizerender-1_3855x2891.scale320x240.hdr.png	383755	331092
1495_nature_lighthouse-on-island_york-maine_ip13pro_iso50-f1p5_fullsizerender-1_3855x2891.scale400x300.hdr.png	593629	509963
1491_nature_ocean-sunset-clouds_unorganized-borough-alaska_s25u_iso100-f3p4_20250804-211059_3000x4000.scale1920x2560.hdr.png	25627323	21864521
1495_nature_lighthouse-on-island_york-maine_ip13pro_iso50-f1p5_fullsizerender-1_3855x2891.scale512x384.hdr.png	965188	822482
1495_nature_lighthouse-on-island_york-maine_ip13pro_iso50-f1p5_fullsizerender-1_3855x2891.scale1024x768.hdr.png	3917628	3260109
1495_nature_lighthouse-on-island_york-maine_ip13pro_iso50-f1p5_fullsizerender-1_3855x2891.scale640x480.hdr.png	1505583	1282522
1489_nature_cruise-ship-deck_unorganized-borough-alaska_s25u_iso125-f1p7_20250804-210918_3000x4000.scale2304x3072.hdr.png	36217445	30662965
1494_nature_sunset-over-forest_colorado_zfold7_iso250-f1p7_20251110-170409_4000x3000.scale1600x1200.hdr.png	10280137	9031116
1496_nature_lake-with-boats_winthrop-maine_ip13pro_iso50-f1p5_fullsizerender-2_3411x2765.scale128x104.hdr.png	71731	63932
1496_nature_lake-with-boats_winthrop-maine_ip13pro_iso50-f1p5_fullsizerender-2_3411x2765.scale160x130.hdr.png	111003	98813
1496_nature_lake-with-boats_winthrop-maine_ip13pro_iso50-f1p5_fullsizerender-2_3411x2765.scale200x162.hdr.png	171608	152778
1495_nature_lighthouse-on-island_york-maine_ip13pro_iso50-f1p5_fullsizerender-1_3855x2891.scale800x600.hdr.png	2363370	1984457
1495_nature_lighthouse-on-island_york-maine_ip13pro_iso50-f1p5_fullsizerender-1_3855x2891.scale1280x960.hdr.png	6205227	5140639
1496_nature_lake-with-boats_winthrop-maine_ip13pro_iso50-f1p5_fullsizerender-2_3411x2765.scale256x208.hdr.png	280348	248289
1493_nature_sunset-over-sea_lower-davie-vancouver-canada_s25u_iso64-f3p4_20250809-203408_4000x3000.scale2048x1536.hdr.png	15811021	12718296
1496_nature_lake-with-boats_winthrop-maine_ip13pro_iso50-f1p5_fullsizerender-2_3411x2765.scale1024x830.hdr.png	4425904	3783897
1496_nature_lake-with-boats_winthrop-maine_ip13pro_iso50-f1p5_fullsizerender-2_3411x2765.scale320x259.hdr.png	433324	382389
1496_nature_lake-with-boats_winthrop-maine_ip13pro_iso50-f1p5_fullsizerender-2_3411x2765.scale400x324.hdr.png	675095	592127
1492_nature_mountain-lake-landscape_whitehorse-canada_s25u_iso64-f1p7_20250805-162506_3000x4000.scale1920x2560.hdr.png	27833770	23978988
1496_nature_lake-with-boats_winthrop-maine_ip13pro_iso50-f1p5_fullsizerender-2_3411x2765.scale512x415.hdr.png	1102057	960723
1496_nature_lake-with-boats_winthrop-maine_ip13pro_iso50-f1p5_fullsizerender-2_3411x2765.scale640x519.hdr.png	1721624	1487504
1497_nature_pink-flower-on-vine_belltown-seattle-washington_ip16pro_iso80-f1p8_fullsizerender-3_3745x5333.scale112x160.hdr.png	107769	98803
1497_nature_pink-flower-on-vine_belltown-seattle-washington_ip16pro_iso80-f1p8_fullsizerender-3_3745x5333.scale140x200.hdr.png	168294	153222
1496_nature_lake-with-boats_winthrop-maine_ip13pro_iso50-f1p5_fullsizerender-2_3411x2765.scale1280x1038.hdr.png	6950386	5930662
1490_nature_boat-wake-at-sunset_unorganized-borough-alaska_s25u_iso200-f1p7_20250804-211018_3000x4000.scale2304x3072.hdr.png	37995627	31344621
1497_nature_pink-flower-on-vine_belltown-seattle-washington_ip16pro_iso80-f1p8_fullsizerender-3_3745x5333.scale180x256.hdr.png	276840	249456
1494_nature_sunset-over-forest_colorado_zfold7_iso250-f1p7_20251110-170409_4000x3000.scale2048x1536.hdr.png	16893292	14837576
1497_nature_pink-flower-on-vine_belltown-seattle-washington_ip16pro_iso80-f1p8_fullsizerender-3_3745x5333.scale225x320.hdr.png	432434	386125
1496_nature_lake-with-boats_winthrop-maine_ip13pro_iso50-f1p5_fullsizerender-2_3411x2765.scale800x648.hdr.png	2689430	2311093
1497_nature_pink-flower-on-vine_belltown-seattle-washington_ip16pro_iso80-f1p8_fullsizerender-3_3745x5333.scale281x400.hdr.png	674934	593705
1495_nature_lighthouse-on-island_york-maine_ip13pro_iso50-f1p5_fullsizerender-1_3855x2891.scale1600x1200.hdr.png	9814159	8139295
1497_nature_pink-flower-on-vine_belltown-seattle-washington_ip16pro_iso80-f1p8_fullsizerender-3_3745x5333.scale360x512.hdr.png	1086171	958209
1497_nature_pink-flower-on-vine_belltown-seattle-washington_ip16pro_iso80-f1p8_fullsizerender-3_3745x5333.scale449x640.hdr.png	1657435	1470605
1497_nature_pink-flower-on-vine_belltown-seattle-washington_ip16pro_iso80-f1p8_fullsizerender-3_3745x5333.scale562x800.hdr.png	2543785	2265111
1491_nature_ocean-sunset-clouds_unorganized-borough-alaska_s25u_iso100-f3p4_20250804-211059_3000x4000.scale2304x3072.hdr.png	36724185	31324585
1497_nature_pink-flower-on-vine_belltown-seattle-washington_ip16pro_iso80-f1p8_fullsizerender-3_3745x5333.scale90x128.hdr.png	69337	63847
1498_nature_yellow-flowers-garden-bed_colorado_ip13pro_iso50-f1p5_fullsizerender_2773x3709.scale120x160.hdr.png	115449	102998
1496_nature_lake-with-boats_winthrop-maine_ip13pro_iso50-f1p5_fullsizerender-2_3411x2765.scale1600x1297.hdr.png	10897542	9313377
1498_nature_yellow-flowers-garden-bed_colorado_ip13pro_iso50-f1p5_fullsizerender_2773x3709.scale150x200.hdr.png	180294	159821
1497_nature_pink-flower-on-vine_belltown-seattle-washington_ip16pro_iso80-f1p8_fullsizerender-3_3745x5333.scale719x1024.hdr.png	4087240	3644326
1498_nature_yellow-flowers-garden-bed_colorado_ip13pro_iso50-f1p5_fullsizerender_2773x3709.scale191x256.hdr.png	293619	258110
1495_nature_lighthouse-on-island_york-maine_ip13pro_iso50-f1p5_fullsizerender-1_3855x2891.scale2048x1536.hdr.png	16215901	13504004
1498_nature_yellow-flowers-garden-bed_colorado_ip13pro_iso50-f1p5_fullsizerender_2773x3709.scale239x320.hdr.png	453676	399525
1497_nature_pink-flower-on-vine_belltown-seattle-washington_ip16pro_iso80-f1p8_fullsizerender-3_3745x5333.scale1124x1600.hdr.png	9686229	8639270
1498_nature_yellow-flowers-garden-bed_colorado_ip13pro_iso50-f1p5_fullsizerender_2773x3709.scale299x400.hdr.png	699482	617377
1498_nature_yellow-flowers-garden-bed_colorado_ip13pro_iso50-f1p5_fullsizerender_2773x3709.scale383x512.hdr.png	1125529	996830
1498_nature_yellow-flowers-garden-bed_colorado_ip13pro_iso50-f1p5_fullsizerender_2773x3709.scale478x640.hdr.png	1728478	1529936
1497_nature_pink-flower-on-vine_belltown-seattle-washington_ip16pro_iso80-f1p8_fullsizerender-3_3745x5333.scale899x1280.hdr.png	6289205	5613677
1493_nature_sunset-over-sea_lower-davie-vancouver-canada_s25u_iso64-f3p4_20250809-203408_4000x3000.scale2560x1920.hdr.png	24714544	19989187
1498_nature_yellow-flowers-garden-bed_colorado_ip13pro_iso50-f1p5_fullsizerender_2773x3709.scale96x128.hdr.png	73945	66146
1498_nature_yellow-flowers-garden-bed_colorado_ip13pro_iso50-f1p5_fullsizerender_2773x3709.scale598x800.hdr.png	2654894	2351196
1502_nature_ice-cave-opening_hornafjordur-iceland_ip13pro_iso32-f1p8_img-0341_3024x4032.scale120x160.hdr.png	108483	96474
1502_nature_ice-cave-opening_hornafjordur-iceland_ip13pro_iso32-f1p8_img-0341_3024x4032.scale150x200.hdr.png	168784	150106
1494_nature_sunset-over-forest_colorado_zfold7_iso250-f1p7_20251110-170409_4000x3000.scale2560x1920.hdr.png	26350595	23072719
1492_nature_mountain-lake-landscape_whitehorse-canada_s25u_iso64-f1p7_20250805-162506_3000x4000.scale2304x3072.hdr.png	39572399	34172915
1502_nature_ice-cave-opening_hornafjordur-iceland_ip13pro_iso32-f1p8_img-0341_3024x4032.scale192x256.hdr.png	275354	244864
1498_nature_yellow-flowers-garden-bed_colorado_ip13pro_iso50-f1p5_fullsizerender_2773x3709.scale1196x1600.hdr.png	10076312	8876748
1498_nature_yellow-flowers-garden-bed_colorado_ip13pro_iso50-f1p5_fullsizerender_2773x3709.scale766x1024.hdr.png	4269718	3776769
1502_nature_ice-cave-opening_hornafjordur-iceland_ip13pro_iso32-f1p8_img-0341_3024x4032.scale240x320.hdr.png	429113	380900
1496_nature_lake-with-boats_winthrop-maine_ip13pro_iso50-f1p5_fullsizerender-2_3411x2765.scale2048x1660.hdr.png	17873850	15322522
1502_nature_ice-cave-opening_hornafjordur-iceland_ip13pro_iso32-f1p8_img-0341_3024x4032.scale300x400.hdr.png	669213	593762
1502_nature_ice-cave-opening_hornafjordur-iceland_ip13pro_iso32-f1p8_img-0341_3024x4032.scale384x512.hdr.png	1095841	971541
1502_nature_ice-cave-opening_hornafjordur-iceland_ip13pro_iso32-f1p8_img-0341_3024x4032.scale480x640.hdr.png	1710876	1514951
1502_nature_ice-cave-opening_hornafjordur-iceland_ip13pro_iso32-f1p8_img-0341_3024x4032.scale600x800.hdr.png	2673657	2367609
1502_nature_ice-cave-opening_hornafjordur-iceland_ip13pro_iso32-f1p8_img-0341_3024x4032.scale96x128.hdr.png	69890	62144
1498_nature_yellow-flowers-garden-bed_colorado_ip13pro_iso50-f1p5_fullsizerender_2773x3709.scale957x1280.hdr.png	6551566	5784604
1503_nature_passionflower-on-vine_centrum-amsterdam-netherlands_ip16pro_iso50-f1p8_img-0354_3024x4032.scale120x160.hdr.png	115449	103624
1503_nature_passionflower-on-vine_centrum-amsterdam-netherlands_ip16pro_iso50-f1p8_img-0354_3024x4032.scale150x200.hdr.png	180294	159690
1495_nature_lighthouse-on-island_york-maine_ip13pro_iso50-f1p5_fullsizerender-1_3855x2891.scale2560x1920.hdr.png	25351461	21088865
1497_nature_pink-flower-on-vine_belltown-seattle-washington_ip16pro_iso80-f1p8_fullsizerender-3_3745x5333.scale1438x2048.hdr.png	15620196	13918659
1503_nature_passionflower-on-vine_centrum-amsterdam-netherlands_ip16pro_iso50-f1p8_img-0354_3024x4032.scale192x256.hdr.png	292914	257768
1502_nature_ice-cave-opening_hornafjordur-iceland_ip13pro_iso32-f1p8_img-0341_3024x4032.scale1200x1600.hdr.png	10701406	9450698
1503_nature_passionflower-on-vine_centrum-amsterdam-netherlands_ip16pro_iso50-f1p8_img-0354_3024x4032.scale240x320.hdr.png	449193	397112
1502_nature_ice-cave-opening_hornafjordur-iceland_ip13pro_iso32-f1p8_img-0341_3024x4032.scale768x1024.hdr.png	4387195	3881481
1503_nature_passionflower-on-vine_centrum-amsterdam-netherlands_ip16pro_iso50-f1p8_img-0354_3024x4032.scale300x400.hdr.png	689219	611417
1503_nature_passionflower-on-vine_centrum-amsterdam-netherlands_ip16pro_iso50-f1p8_img-0354_3024x4032.scale384x512.hdr.png	1110989	986195
1498_nature_yellow-flowers-garden-bed_colorado_ip13pro_iso50-f1p5_fullsizerender_2773x3709.scale1531x2048.hdr.png	16224158	14238639
1503_nature_passionflower-on-vine_centrum-amsterdam-netherlands_ip16pro_iso50-f1p8_img-0354_3024x4032.scale480x640.hdr.png	1710493	1520342
1503_nature_passionflower-on-vine_centrum-amsterdam-netherlands_ip16pro_iso50-f1p8_img-0354_3024x4032.scale600x800.hdr.png	2641260	2348236
1503_nature_passionflower-on-vine_centrum-amsterdam-netherlands_ip16pro_iso50-f1p8_img-0354_3024x4032.scale96x128.hdr.png	73945	67072
1502_nature_ice-cave-opening_hornafjordur-iceland_ip13pro_iso32-f1p8_img-0341_3024x4032.scale960x1280.hdr.png	6858884	6067705
1493_nature_sunset-over-sea_lower-davie-vancouver-canada_s25u_iso64-f3p4_20250809-203408_4000x3000.scale3072x2304.hdr.png	35370508	28891865
1504_nature_cloudy-sky-over-field_colorado_ip13pro_iso50-f1p5_img-0374_4032x3024.scale128x96.hdr.png	71983	64022
1503_nature_passionflower-on-vine_centrum-amsterdam-netherlands_ip16pro_iso50-f1p8_img-0354_3024x4032.scale768x1024.hdr.png	4284752	3805769
1504_nature_cloudy-sky-over-field_colorado_ip13pro_iso50-f1p5_img-0374_4032x3024.scale160x120.hdr.png	111066	98838
1504_nature_cloudy-sky-over-field_colorado_ip13pro_iso50-f1p5_img-0374_4032x3024.scale200x150.hdr.png	171484	153328
1503_nature_passionflower-on-vine_centrum-amsterdam-netherlands_ip16pro_iso50-f1p8_img-0354_3024x4032.scale1200x1600.hdr.png	10331323	9156314
1494_nature_sunset-over-forest_colorado_zfold7_iso250-f1p7_20251110-170409_4000x3000.scale3072x2304.hdr.png	37697530	33053581
1496_nature_lake-with-boats_winthrop-maine_ip13pro_iso50-f1p5_fullsizerender-2_3411x2765.scale2560x2075.hdr.png	27854954	23929411
1497_nature_pink-flower-on-vine_belltown-seattle-washington_ip16pro_iso80-f1p8_fullsizerender-3_3745x5333.scale1798x2560.hdr.png	24061388	21389964
1504_nature_cloudy-sky-over-field_colorado_ip13pro_iso50-f1p5_img-0374_4032x3024.scale256x192.hdr.png	277484	248167
1504_nature_cloudy-sky-over-field_colorado_ip13pro_iso50-f1p5_img-0374_4032x3024.scale1024x768.hdr.png	4208278	3721251
1504_nature_cloudy-sky-over-field_colorado_ip13pro_iso50-f1p5_img-0374_4032x3024.scale320x240.hdr.png	428749	382778
1504_nature_cloudy-sky-over-field_colorado_ip13pro_iso50-f1p5_img-0374_4032x3024.scale400x300.hdr.png	661019	591075
1503_nature_passionflower-on-vine_centrum-amsterdam-netherlands_ip16pro_iso50-f1p8_img-0354_3024x4032.scale960x1280.hdr.png	6649147	5901314
1504_nature_cloudy-sky-over-field_colorado_ip13pro_iso50-f1p5_img-0374_4032x3024.scale512x384.hdr.png	1070241	956918
1507_nature_ice-cave-waterfall_hornafjordur-iceland_ip13pro_iso200-f1p5_img-0468_3024x4032.scale120x160.hdr.png	115449	104907
1507_nature_ice-cave-waterfall_hornafjordur-iceland_ip13pro_iso200-f1p5_img-0468_3024x4032.scale150x200.hdr.png	180294	163120
1504_nature_cloudy-sky-over-field_colorado_ip13pro_iso50-f1p5_img-0374_4032x3024.scale640x480.hdr.png	1659235	1480315
1502_nature_ice-cave-opening_hornafjordur-iceland_ip13pro_iso32-f1p8_img-0341_3024x4032.scale1536x2048.hdr.png	17448816	15409137
1507_nature_ice-cave-waterfall_hornafjordur-iceland_ip13pro_iso200-f1p5_img-0468_3024x4032.scale192x256.hdr.png	295272	265606
1504_nature_cloudy-sky-over-field_colorado_ip13pro_iso50-f1p5_img-0374_4032x3024.scale800x600.hdr.png	2578018	2290276
1504_nature_cloudy-sky-over-field_colorado_ip13pro_iso50-f1p5_img-0374_4032x3024.scale1280x960.hdr.png	6579963	5788285
1507_nature_ice-cave-waterfall_hornafjordur-iceland_ip13pro_iso200-f1p5_img-0468_3024x4032.scale240x320.hdr.png	461239	412837
1498_nature_yellow-flowers-garden-bed_colorado_ip13pro_iso50-f1p5_fullsizerender_2773x3709.scale1914x2560.hdr.png	24973319	21866670
1507_nature_ice-cave-waterfall_hornafjordur-iceland_ip13pro_iso200-f1p5_img-0468_3024x4032.scale300x400.hdr.png	720534	641055
1507_nature_ice-cave-waterfall_hornafjordur-iceland_ip13pro_iso200-f1p5_img-0468_3024x4032.scale384x512.hdr.png	1180334	1042924
1507_nature_ice-cave-waterfall_hornafjordur-iceland_ip13pro_iso200-f1p5_img-0468_3024x4032.scale480x640.hdr.png	1844064	1617581
1507_nature_ice-cave-waterfall_hornafjordur-iceland_ip13pro_iso200-f1p5_img-0468_3024x4032.scale600x800.hdr.png	2861114	2505492
1507_nature_ice-cave-waterfall_hornafjordur-iceland_ip13pro_iso200-f1p5_img-0468_3024x4032.scale96x128.hdr.png	73945	67166
1507_nature_ice-cave-waterfall_hornafjordur-iceland_ip13pro_iso200-f1p5_img-0468_3024x4032.scale768x1024.hdr.png	4617242	4062279
1503_nature_passionflower-on-vine_centrum-amsterdam-netherlands_ip16pro_iso50-f1p8_img-0354_3024x4032.scale1536x2048.hdr.png	16822614	14888231
1508_nature_ice-cave-interior_hornafjordur-iceland_ip13pro_iso1000-f1p8_img-0474_4032x3024.scale128x96.hdr.png	73633	64320
1504_nature_cloudy-sky-over-field_colorado_ip13pro_iso50-f1p5_img-0374_4032x3024.scale1600x1200.hdr.png	10305304	9023417
1508_nature_ice-cave-interior_hornafjordur-iceland_ip13pro_iso1000-f1p8_img-0474_4032x3024.scale160x120.hdr.png	114122	99552
1508_nature_ice-cave-interior_hornafjordur-iceland_ip13pro_iso1000-f1p8_img-0474_4032x3024.scale200x150.hdr.png	176866	154327
1497_nature_pink-flower-on-vine_belltown-seattle-washington_ip16pro_iso80-f1p8_fullsizerender-3_3745x5333.scale2157x3072.hdr.png	34200385	30321772
1495_nature_lighthouse-on-island_york-maine_ip13pro_iso50-f1p5_fullsizerender-1_3855x2891.scale3072x2304.hdr.png	36268730	30279435
1508_nature_ice-cave-interior_hornafjordur-iceland_ip13pro_iso1000-f1p8_img-0474_4032x3024.scale256x192.hdr.png	287947	250422
1507_nature_ice-cave-waterfall_hornafjordur-iceland_ip13pro_iso200-f1p5_img-0468_3024x4032.scale1200x1600.hdr.png	10964613	9689831
1507_nature_ice-cave-waterfall_hornafjordur-iceland_ip13pro_iso200-f1p5_img-0468_3024x4032.scale960x1280.hdr.png	7109286	6272750
1508_nature_ice-cave-interior_hornafjordur-iceland_ip13pro_iso1000-f1p8_img-0474_4032x3024.scale1024x768.hdr.png	4414944	3810212
1508_nature_ice-cave-interior_hornafjordur-iceland_ip13pro_iso1000-f1p8_img-0474_4032x3024.scale320x240.hdr.png	445825	388730
1508_nature_ice-cave-interior_hornafjordur-iceland_ip13pro_iso1000-f1p8_img-0474_4032x3024.scale400x300.hdr.png	691481	599421
1508_nature_ice-cave-interior_hornafjordur-iceland_ip13pro_iso1000-f1p8_img-0474_4032x3024.scale512x384.hdr.png	1124926	973033
1502_nature_ice-cave-opening_hornafjordur-iceland_ip13pro_iso32-f1p8_img-0341_3024x4032.scale1920x2560.hdr.png	27042548	23903703
1509_nature_ice-cave-opening_hornafjordur-iceland_ip13pro_iso1000-f1p8_img-0480_3024x4032.scale120x160.hdr.png	115153	99431
1508_nature_ice-cave-interior_hornafjordur-iceland_ip13pro_iso1000-f1p8_img-0474_4032x3024.scale640x480.hdr.png	1743983	1507823
1509_nature_ice-cave-opening_hornafjordur-iceland_ip13pro_iso1000-f1p8_img-0480_3024x4032.scale150x200.hdr.png	178157	153185
1508_nature_ice-cave-interior_hornafjordur-iceland_ip13pro_iso1000-f1p8_img-0474_4032x3024.scale1280x960.hdr.png	6884862	5938716
1508_nature_ice-cave-interior_hornafjordur-iceland_ip13pro_iso1000-f1p8_img-0474_4032x3024.scale800x600.hdr.png	2709258	2339369
1509_nature_ice-cave-opening_hornafjordur-iceland_ip13pro_iso1000-f1p8_img-0480_3024x4032.scale192x256.hdr.png	288681	247994
1509_nature_ice-cave-opening_hornafjordur-iceland_ip13pro_iso1000-f1p8_img-0480_3024x4032.scale240x320.hdr.png	446087	382981
1509_nature_ice-cave-opening_hornafjordur-iceland_ip13pro_iso1000-f1p8_img-0480_3024x4032.scale300x400.hdr.png	689495	593569
1509_nature_ice-cave-opening_hornafjordur-iceland_ip13pro_iso1000-f1p8_img-0480_3024x4032.scale384x512.hdr.png	1113606	955305
1504_nature_cloudy-sky-over-field_colorado_ip13pro_iso50-f1p5_img-0374_4032x3024.scale2048x1536.hdr.png	16930874	14770681
1496_nature_lake-with-boats_winthrop-maine_ip13pro_iso50-f1p5_fullsizerender-2_3411x2765.scale3072x2490.hdr.png	39899543	34315103
1509_nature_ice-cave-opening_hornafjordur-iceland_ip13pro_iso1000-f1p8_img-0480_3024x4032.scale480x640.hdr.png	1717783	1472171
1508_nature_ice-cave-interior_hornafjordur-iceland_ip13pro_iso1000-f1p8_img-0474_4032x3024.scale1600x1200.hdr.png	10761967	9286032
1509_nature_ice-cave-opening_hornafjordur-iceland_ip13pro_iso1000-f1p8_img-0480_3024x4032.scale96x128.hdr.png	73945	64036
1509_nature_ice-cave-opening_hornafjordur-iceland_ip13pro_iso1000-f1p8_img-0480_3024x4032.scale600x800.hdr.png	2644289	2273322
1515_nature_orange-flower-closeup_colorado_ip17pro_iso320-f1p8_img-1420_3024x4032.scale120x160.hdr.png	112415	99337
1515_nature_orange-flower-closeup_colorado_ip17pro_iso320-f1p8_img-1420_3024x4032.scale150x200.hdr.png	173436	153478
1498_nature_yellow-flowers-garden-bed_colorado_ip13pro_iso50-f1p5_fullsizerender_2773x3709.scale2297x3072.hdr.png	35524705	31098768
1509_nature_ice-cave-opening_hornafjordur-iceland_ip13pro_iso1000-f1p8_img-0480_3024x4032.scale768x1024.hdr.png	4275929	3681510
1507_nature_ice-cave-waterfall_hornafjordur-iceland_ip13pro_iso200-f1p5_img-0468_3024x4032.scale1536x2048.hdr.png	17716848	15679713
1515_nature_orange-flower-closeup_colorado_ip17pro_iso320-f1p8_img-1420_3024x4032.scale192x256.hdr.png	279928	247802
1515_nature_orange-flower-closeup_colorado_ip17pro_iso320-f1p8_img-1420_3024x4032.scale240x320.hdr.png	431771	382980
1503_nature_passionflower-on-vine_centrum-amsterdam-netherlands_ip16pro_iso50-f1p8_img-0354_3024x4032.scale1920x2560.hdr.png	26082176	23022366
1515_nature_orange-flower-closeup_colorado_ip17pro_iso320-f1p8_img-1420_3024x4032.scale300x400.hdr.png	667495	593478
1509_nature_ice-cave-opening_hornafjordur-iceland_ip13pro_iso1000-f1p8_img-0480_3024x4032.scale1200x1600.hdr.png	10251754	8851025
1515_nature_orange-flower-closeup_colorado_ip17pro_iso320-f1p8_img-1420_3024x4032.scale384x512.hdr.png	1084274	962109
1502_nature_ice-cave-opening_hornafjordur-iceland_ip13pro_iso32-f1p8_img-0341_3024x4032.scale2304x3072.hdr.png	38562991	34148584
1515_nature_orange-flower-closeup_colorado_ip17pro_iso320-f1p8_img-1420_3024x4032.scale480x640.hdr.png	1686221	1494135
1515_nature_orange-flower-closeup_colorado_ip17pro_iso320-f1p8_img-1420_3024x4032.scale96x128.hdr.png	73093	64566
1515_nature_orange-flower-closeup_colorado_ip17pro_iso320-f1p8_img-1420_3024x4032.scale600x800.hdr.png	2624223	2320646
1504_nature_cloudy-sky-over-field_colorado_ip13pro_iso50-f1p5_img-0374_4032x3024.scale2560x1920.hdr.png	26495435	23051286
1516_nature_pink-flower-in-bottle_colorado_ip17pro_iso50-f1p8_img-1509_2355x3308.scale114x160.hdr.png	100279	89812
1516_nature_pink-flower-in-bottle_colorado_ip17pro_iso50-f1p8_img-1509_2355x3308.scale142x200.hdr.png	153597	137628
1509_nature_ice-cave-opening_hornafjordur-iceland_ip13pro_iso1000-f1p8_img-0480_3024x4032.scale960x1280.hdr.png	6621387	5708514
1516_nature_pink-flower-in-bottle_colorado_ip17pro_iso50-f1p8_img-1509_2355x3308.scale182x256.hdr.png	247460	220675
1508_nature_ice-cave-interior_hornafjordur-iceland_ip13pro_iso1000-f1p8_img-0474_4032x3024.scale2048x1536.hdr.png	17599112	15167313
1516_nature_pink-flower-in-bottle_colorado_ip17pro_iso50-f1p8_img-1509_2355x3308.scale228x320.hdr.png	381898	337336
1515_nature_orange-flower-closeup_colorado_ip17pro_iso320-f1p8_img-1420_3024x4032.scale768x1024.hdr.png	4267443	3769533
1507_nature_ice-cave-waterfall_hornafjordur-iceland_ip13pro_iso200-f1p5_img-0468_3024x4032.scale1920x2560.hdr.png	27352596	24213871
1516_nature_pink-flower-in-bottle_colorado_ip17pro_iso50-f1p8_img-1509_2355x3308.scale285x400.hdr.png	590033	518022
1516_nature_pink-flower-in-bottle_colorado_ip17pro_iso50-f1p8_img-1509_2355x3308.scale364x512.hdr.png	956526	832071
1515_nature_orange-flower-closeup_colorado_ip17pro_iso320-f1p8_img-1420_3024x4032.scale1200x1600.hdr.png	10226971	8989309
1515_nature_orange-flower-closeup_colorado_ip17pro_iso320-f1p8_img-1420_3024x4032.scale960x1280.hdr.png	6615553	5830198
1516_nature_pink-flower-in-bottle_colorado_ip17pro_iso50-f1p8_img-1509_2355x3308.scale91x128.hdr.png	65158	58159
1516_nature_pink-flower-in-bottle_colorado_ip17pro_iso50-f1p8_img-1509_2355x3308.scale456x640.hdr.png	1492582	1293772
1519_nature_orange-rose-vase_colorado_ip17pro_iso200-f1p8_img-2700_3961x4825.scale105x128.hdr.png	77864	69029
1516_nature_pink-flower-in-bottle_colorado_ip17pro_iso50-f1p8_img-1509_2355x3308.scale570x800.hdr.png	2329282	2005233
1519_nature_orange-rose-vase_colorado_ip17pro_iso200-f1p8_img-2700_3961x4825.scale131x160.hdr.png	119110	105579
1519_nature_orange-rose-vase_colorado_ip17pro_iso200-f1p8_img-2700_3961x4825.scale164x200.hdr.png	182472	162163
1509_nature_ice-cave-opening_hornafjordur-iceland_ip13pro_iso1000-f1p8_img-0480_3024x4032.scale1536x2048.hdr.png	16587420	14332733
1516_nature_pink-flower-in-bottle_colorado_ip17pro_iso50-f1p8_img-1509_2355x3308.scale729x1024.hdr.png	3811144	3260443
1519_nature_orange-rose-vase_colorado_ip17pro_iso200-f1p8_img-2700_3961x4825.scale210x256.hdr.png	292993	260015
1516_nature_pink-flower-in-bottle_colorado_ip17pro_iso50-f1p8_img-1509_2355x3308.scale1139x1600.hdr.png	9227878	7841845
1519_nature_orange-rose-vase_colorado_ip17pro_iso200-f1p8_img-2700_3961x4825.scale263x320.hdr.png	450673	398784
1503_nature_passionflower-on-vine_centrum-amsterdam-netherlands_ip16pro_iso50-f1p8_img-0354_3024x4032.scale2304x3072.hdr.png	37196318	32745740
1519_nature_orange-rose-vase_colorado_ip17pro_iso200-f1p8_img-2700_3961x4825.scale328x400.hdr.png	691098	610984
1519_nature_orange-rose-vase_colorado_ip17pro_iso200-f1p8_img-2700_3961x4825.scale420x512.hdr.png	1114798	981918
1508_nature_ice-cave-interior_hornafjordur-iceland_ip13pro_iso1000-f1p8_img-0474_4032x3024.scale2560x1920.hdr.png	27269552	23525645
1519_nature_orange-rose-vase_colorado_ip17pro_iso200-f1p8_img-2700_3961x4825.scale1051x1280.hdr.png	6741132	5792151
1516_nature_pink-flower-in-bottle_colorado_ip17pro_iso50-f1p8_img-1509_2355x3308.scale911x1280.hdr.png	5941006	5064918
1520_nature_tulips-in-garden_notre-dame-versailles-france_ip15pro_iso80-f1p8_img-3545_4284x5712.scale120x160.hdr.png	115449	104799
1520_nature_tulips-in-garden_notre-dame-versailles-france_ip15pro_iso80-f1p8_img-3545_4284x5712.scale150x200.hdr.png	180294	163525
1519_nature_orange-rose-vase_colorado_ip17pro_iso200-f1p8_img-2700_3961x4825.scale525x640.hdr.png	1722477	1510637
1515_nature_orange-flower-closeup_colorado_ip17pro_iso320-f1p8_img-1420_3024x4032.scale1536x2048.hdr.png	16512109	14473051
1520_nature_tulips-in-garden_notre-dame-versailles-france_ip15pro_iso80-f1p8_img-3545_4284x5712.scale192x256.hdr.png	295272	265676
1519_nature_orange-rose-vase_colorado_ip17pro_iso200-f1p8_img-2700_3961x4825.scale657x800.hdr.png	2671285	2325332
1520_nature_tulips-in-garden_notre-dame-versailles-france_ip15pro_iso80-f1p8_img-3545_4284x5712.scale240x320.hdr.png	461239	413391
1520_nature_tulips-in-garden_notre-dame-versailles-france_ip15pro_iso80-f1p8_img-3545_4284x5712.scale300x400.hdr.png	720534	640902
1520_nature_tulips-in-garden_notre-dame-versailles-france_ip15pro_iso80-f1p8_img-3545_4284x5712.scale384x512.hdr.png	1180334	1040977
1519_nature_orange-rose-vase_colorado_ip17pro_iso200-f1p8_img-2700_3961x4825.scale1313x1600.hdr.png	10448062	8925571
1509_nature_ice-cave-opening_hornafjordur-iceland_ip13pro_iso1000-f1p8_img-0480_3024x4032.scale1920x2560.hdr.png	25439294	22027672
1519_nature_orange-rose-vase_colorado_ip17pro_iso200-f1p8_img-2700_3961x4825.scale841x1024.hdr.png	4344991	3771569
1507_nature_ice-cave-waterfall_hornafjordur-iceland_ip13pro_iso200-f1p5_img-0468_3024x4032.scale2304x3072.hdr.png	38937561	34490979
1520_nature_tulips-in-garden_notre-dame-versailles-france_ip15pro_iso80-f1p8_img-3545_4284x5712.scale96x128.hdr.png	73945	67261
1520_nature_tulips-in-garden_notre-dame-versailles-france_ip15pro_iso80-f1p8_img-3545_4284x5712.scale480x640.hdr.png	1836635	1610527
1521_nature_potted-tulips-garden_notre-dame-versailles-france_ip15pro_iso80-f1p8_img-3547_4284x5712.scale120x160.hdr.png	115449	106336
1521_nature_potted-tulips-garden_notre-dame-versailles-france_ip15pro_iso80-f1p8_img-3547_4284x5712.scale150x200.hdr.png	180294	165870
1520_nature_tulips-in-garden_notre-dame-versailles-france_ip15pro_iso80-f1p8_img-3545_4284x5712.scale600x800.hdr.png	2819012	2483973
1504_nature_cloudy-sky-over-field_colorado_ip13pro_iso50-f1p5_img-0374_4032x3024.scale3072x2304.hdr.png	38094912	33143727
1521_nature_potted-tulips-garden_notre-dame-versailles-france_ip15pro_iso80-f1p8_img-3547_4284x5712.scale192x256.hdr.png	295272	271357
1516_nature_pink-flower-in-bottle_colorado_ip17pro_iso50-f1p8_img-1509_2355x3308.scale1458x2048.hdr.png	14909997	12670491
1521_nature_potted-tulips-garden_notre-dame-versailles-france_ip15pro_iso80-f1p8_img-3547_4284x5712.scale240x320.hdr.png	461239	423218
1521_nature_potted-tulips-garden_notre-dame-versailles-france_ip15pro_iso80-f1p8_img-3547_4284x5712.scale300x400.hdr.png	720534	660021
1520_nature_tulips-in-garden_notre-dame-versailles-france_ip15pro_iso80-f1p8_img-3545_4284x5712.scale768x1024.hdr.png	4530666	4013043
1521_nature_potted-tulips-garden_notre-dame-versailles-france_ip15pro_iso80-f1p8_img-3547_4284x5712.scale384x512.hdr.png	1180334	1076922
1521_nature_potted-tulips-garden_notre-dame-versailles-france_ip15pro_iso80-f1p8_img-3547_4284x5712.scale480x640.hdr.png	1844064	1675678
1520_nature_tulips-in-garden_notre-dame-versailles-france_ip15pro_iso80-f1p8_img-3545_4284x5712.scale1200x1600.hdr.png	10680569	9517430
1515_nature_orange-flower-closeup_colorado_ip17pro_iso320-f1p8_img-1420_3024x4032.scale1920x2560.hdr.png	25399735	22207515
1521_nature_potted-tulips-garden_notre-dame-versailles-france_ip15pro_iso80-f1p8_img-3547_4284x5712.scale600x800.hdr.png	2881099	2601699
1521_nature_potted-tulips-garden_notre-dame-versailles-france_ip15pro_iso80-f1p8_img-3547_4284x5712.scale96x128.hdr.png	73945	68144
1520_nature_tulips-in-garden_notre-dame-versailles-france_ip15pro_iso80-f1p8_img-3545_4284x5712.scale960x1280.hdr.png	6958121	6184273
1522_nature_water-lilies-pond_colorado_ip13pro_iso50-f1p5_img-3764_4032x3024.scale128x96.hdr.png	73913	67188
1519_nature_orange-rose-vase_colorado_ip17pro_iso200-f1p8_img-2700_3961x4825.scale1681x2048.hdr.png	16906893	14323335
1522_nature_water-lilies-pond_colorado_ip13pro_iso50-f1p5_img-3764_4032x3024.scale160x120.hdr.png	115409	104215
1522_nature_water-lilies-pond_colorado_ip13pro_iso50-f1p5_img-3764_4032x3024.scale200x150.hdr.png	180244	161873
1521_nature_potted-tulips-garden_notre-dame-versailles-france_ip15pro_iso80-f1p8_img-3547_4284x5712.scale1200x1600.hdr.png	11522559	10131519
1521_nature_potted-tulips-garden_notre-dame-versailles-france_ip15pro_iso80-f1p8_img-3547_4284x5712.scale768x1024.hdr.png	4720060	4229361
1522_nature_water-lilies-pond_colorado_ip13pro_iso50-f1p5_img-3764_4032x3024.scale256x192.hdr.png	295208	262994
1522_nature_water-lilies-pond_colorado_ip13pro_iso50-f1p5_img-3764_4032x3024.scale1024x768.hdr.png	4500574	4002707
1522_nature_water-lilies-pond_colorado_ip13pro_iso50-f1p5_img-3764_4032x3024.scale320x240.hdr.png	461159	408181
1508_nature_ice-cave-interior_hornafjordur-iceland_ip13pro_iso1000-f1p8_img-0474_4032x3024.scale3072x2304.hdr.png	38785295	33534090
1522_nature_water-lilies-pond_colorado_ip13pro_iso50-f1p5_img-3764_4032x3024.scale400x300.hdr.png	719927	632744
1521_nature_potted-tulips-garden_notre-dame-versailles-france_ip15pro_iso80-f1p8_img-3547_4284x5712.scale960x1280.hdr.png	7374724	6549378
1522_nature_water-lilies-pond_colorado_ip13pro_iso50-f1p5_img-3764_4032x3024.scale512x384.hdr.png	1163765	1027533
1522_nature_water-lilies-pond_colorado_ip13pro_iso50-f1p5_img-3764_4032x3024.scale640x480.hdr.png	1799140	1592724
1522_nature_water-lilies-pond_colorado_ip13pro_iso50-f1p5_img-3764_4032x3024.scale1280x960.hdr.png	6960007	6197285
1523_nature_yellow-flowers-garden_colorado_ip13pro_iso50-f1p5_img-3767_3024x4032.scale120x160.hdr.png	115449	106464
1523_nature_yellow-flowers-garden_colorado_ip13pro_iso50-f1p5_img-3767_3024x4032.scale150x200.hdr.png	180294	165176
1522_nature_water-lilies-pond_colorado_ip13pro_iso50-f1p5_img-3764_4032x3024.scale800x600.hdr.png	2779383	2467995
1523_nature_yellow-flowers-garden_colorado_ip13pro_iso50-f1p5_img-3767_3024x4032.scale192x256.hdr.png	295272	268257
1516_nature_pink-flower-in-bottle_colorado_ip17pro_iso50-f1p8_img-1509_2355x3308.scale1822x2560.hdr.png	22842069	19395083
1523_nature_yellow-flowers-garden_colorado_ip13pro_iso50-f1p5_img-3767_3024x4032.scale240x320.hdr.png	461239	414568
1509_nature_ice-cave-opening_hornafjordur-iceland_ip13pro_iso1000-f1p8_img-0480_3024x4032.scale2304x3072.hdr.png	35935549	31173437
1523_nature_yellow-flowers-garden_colorado_ip13pro_iso50-f1p5_img-3767_3024x4032.scale300x400.hdr.png	720534	639747
1523_nature_yellow-flowers-garden_colorado_ip13pro_iso50-f1p5_img-3767_3024x4032.scale384x512.hdr.png	1168262	1031129
1522_nature_water-lilies-pond_colorado_ip13pro_iso50-f1p5_img-3764_4032x3024.scale1600x1200.hdr.png	10778987	9610677
1520_nature_tulips-in-garden_notre-dame-versailles-france_ip15pro_iso80-f1p8_img-3545_4284x5712.scale1536x2048.hdr.png	17173095	15311888
1515_nature_orange-flower-closeup_colorado_ip17pro_iso320-f1p8_img-1420_3024x4032.scale2304x3072.hdr.png	36063591	31455563
1523_nature_yellow-flowers-garden_colorado_ip13pro_iso50-f1p5_img-3767_3024x4032.scale96x128.hdr.png	73945	68601
1523_nature_yellow-flowers-garden_colorado_ip13pro_iso50-f1p5_img-3767_3024x4032.scale480x640.hdr.png	1789400	1586973
1524_nature_yellow-flowers-garden_colorado_ip13pro_iso50-f1p5_img-3841_3024x4032.scale120x160.hdr.png	115449	106697
1521_nature_potted-tulips-garden_notre-dame-versailles-france_ip15pro_iso80-f1p8_img-3547_4284x5712.scale1536x2048.hdr.png	18543479	16383800
1524_nature_yellow-flowers-garden_colorado_ip13pro_iso50-f1p5_img-3841_3024x4032.scale150x200.hdr.png	180294	166033
1523_nature_yellow-flowers-garden_colorado_ip13pro_iso50-f1p5_img-3767_3024x4032.scale600x800.hdr.png	2742003	2440020
1524_nature_yellow-flowers-garden_colorado_ip13pro_iso50-f1p5_img-3841_3024x4032.scale192x256.hdr.png	295272	270249
1523_nature_yellow-flowers-garden_colorado_ip13pro_iso50-f1p5_img-3767_3024x4032.scale768x1024.hdr.png	4406803	3927549
1524_nature_yellow-flowers-garden_colorado_ip13pro_iso50-f1p5_img-3841_3024x4032.scale240x320.hdr.png	461239	419401
1524_nature_yellow-flowers-garden_colorado_ip13pro_iso50-f1p5_img-3841_3024x4032.scale300x400.hdr.png	720534	648250
1519_nature_orange-rose-vase_colorado_ip17pro_iso200-f1p8_img-2700_3961x4825.scale2102x2560.hdr.png	26008951	21936598
1523_nature_yellow-flowers-garden_colorado_ip13pro_iso50-f1p5_img-3767_3024x4032.scale1200x1600.hdr.png	10456543	9316994
1524_nature_yellow-flowers-garden_colorado_ip13pro_iso50-f1p5_img-3841_3024x4032.scale384x512.hdr.png	1180334	1046776
1524_nature_yellow-flowers-garden_colorado_ip13pro_iso50-f1p5_img-3841_3024x4032.scale480x640.hdr.png	1835231	1615404
1524_nature_yellow-flowers-garden_colorado_ip13pro_iso50-f1p5_img-3841_3024x4032.scale600x800.hdr.png	2817512	2490701
1524_nature_yellow-flowers-garden_colorado_ip13pro_iso50-f1p5_img-3841_3024x4032.scale96x128.hdr.png	73945	68586
1523_nature_yellow-flowers-garden_colorado_ip13pro_iso50-f1p5_img-3767_3024x4032.scale960x1280.hdr.png	6778855	6043915
1525_nature_wildflowers-in-garden_colorado_ip13pro_iso50-f1p5_img-3861_3024x4032.scale120x160.hdr.png	115449	105800
1525_nature_wildflowers-in-garden_colorado_ip13pro_iso50-f1p5_img-3861_3024x4032.scale150x200.hdr.png	180294	165216
1524_nature_yellow-flowers-garden_colorado_ip13pro_iso50-f1p5_img-3841_3024x4032.scale768x1024.hdr.png	4531807	4020956
1516_nature_pink-flower-in-bottle_colorado_ip17pro_iso50-f1p8_img-1509_2355x3308.scale2187x3072.hdr.png	32265046	27376846
1525_nature_wildflowers-in-garden_colorado_ip13pro_iso50-f1p5_img-3861_3024x4032.scale192x256.hdr.png	295272	270606
1522_nature_water-lilies-pond_colorado_ip13pro_iso50-f1p5_img-3764_4032x3024.scale2048x1536.hdr.png	17536850	15638905
1525_nature_wildflowers-in-garden_colorado_ip13pro_iso50-f1p5_img-3861_3024x4032.scale240x320.hdr.png	461239	422393
1524_nature_yellow-flowers-garden_colorado_ip13pro_iso50-f1p5_img-3841_3024x4032.scale1200x1600.hdr.png	10750050	9576108
1525_nature_wildflowers-in-garden_colorado_ip13pro_iso50-f1p5_img-3861_3024x4032.scale300x400.hdr.png	720534	658589
1523_nature_yellow-flowers-garden_colorado_ip13pro_iso50-f1p5_img-3767_3024x4032.scale1536x2048.hdr.png	16954278	15078947
1524_nature_yellow-flowers-garden_colorado_ip13pro_iso50-f1p5_img-3841_3024x4032.scale960x1280.hdr.png	6971138	6202147
1520_nature_tulips-in-garden_notre-dame-versailles-france_ip15pro_iso80-f1p8_img-3545_4284x5712.scale1920x2560.hdr.png	26383017	23462203
1525_nature_wildflowers-in-garden_colorado_ip13pro_iso50-f1p5_img-3861_3024x4032.scale384x512.hdr.png	1180334	1075243
1525_nature_wildflowers-in-garden_colorado_ip13pro_iso50-f1p5_img-3861_3024x4032.scale96x128.hdr.png	73945	67743
1525_nature_wildflowers-in-garden_colorado_ip13pro_iso50-f1p5_img-3861_3024x4032.scale480x640.hdr.png	1844064	1671897
1526_nature_pink-flowers-garden_colorado_ip13pro_iso50-f1p5_img-4543_3024x4032.scale120x160.hdr.png	115449	107183
1526_nature_pink-flowers-garden_colorado_ip13pro_iso50-f1p5_img-4543_3024x4032.scale150x200.hdr.png	180294	166318
1525_nature_wildflowers-in-garden_colorado_ip13pro_iso50-f1p5_img-3861_3024x4032.scale600x800.hdr.png	2881099	2595973
1521_nature_potted-tulips-garden_notre-dame-versailles-france_ip15pro_iso80-f1p8_img-3547_4284x5712.scale1920x2560.hdr.png	28454899	25251330
1525_nature_wildflowers-in-garden_colorado_ip13pro_iso50-f1p5_img-3861_3024x4032.scale768x1024.hdr.png	4720060	4218973
1526_nature_pink-flowers-garden_colorado_ip13pro_iso50-f1p5_img-4543_3024x4032.scale192x256.hdr.png	295272	270154
1526_nature_pink-flowers-garden_colorado_ip13pro_iso50-f1p5_img-4543_3024x4032.scale240x320.hdr.png	461239	418018
1526_nature_pink-flowers-garden_colorado_ip13pro_iso50-f1p5_img-4543_3024x4032.scale300x400.hdr.png	720534	646438
1525_nature_wildflowers-in-garden_colorado_ip13pro_iso50-f1p5_img-3861_3024x4032.scale1200x1600.hdr.png	11522559	10115961
1525_nature_wildflowers-in-garden_colorado_ip13pro_iso50-f1p5_img-3861_3024x4032.scale960x1280.hdr.png	7374724	6534574
1524_nature_yellow-flowers-garden_colorado_ip13pro_iso50-f1p5_img-3841_3024x4032.scale1536x2048.hdr.png	17425210	15523503
1526_nature_pink-flowers-garden_colorado_ip13pro_iso50-f1p5_img-4543_3024x4032.scale384x512.hdr.png	1180334	1045164
1526_nature_pink-flowers-garden_colorado_ip13pro_iso50-f1p5_img-4543_3024x4032.scale480x640.hdr.png	1827556	1611940
1526_nature_pink-flowers-garden_colorado_ip13pro_iso50-f1p5_img-4543_3024x4032.scale96x128.hdr.png	73945	69140
1526_nature_pink-flowers-garden_colorado_ip13pro_iso50-f1p5_img-4543_3024x4032.scale600x800.hdr.png	2805537	2485034
1527_nature_mountain-wildflowers-landscape_stikine-region-canada_ip16pro_iso100-f1p8_img-4768_4284x5712.scale120x160.hdr.png	115449	101719
1527_nature_mountain-wildflowers-landscape_stikine-region-canada_ip16pro_iso100-f1p8_img-4768_4284x5712.scale150x200.hdr.png	180294	158487
1526_nature_pink-flowers-garden_colorado_ip13pro_iso50-f1p5_img-4543_3024x4032.scale768x1024.hdr.png	4510630	4010882
1519_nature_orange-rose-vase_colorado_ip17pro_iso200-f1p8_img-2700_3961x4825.scale2522x3072.hdr.png	36800491	30750467
1527_nature_mountain-wildflowers-landscape_stikine-region-canada_ip16pro_iso100-f1p8_img-4768_4284x5712.scale192x256.hdr.png	295272	259063
1520_nature_tulips-in-garden_notre-dame-versailles-france_ip15pro_iso80-f1p8_img-3545_4284x5712.scale2304x3072.hdr.png	37445126	33235797
1522_nature_water-lilies-pond_colorado_ip13pro_iso50-f1p5_img-3764_4032x3024.scale2560x1920.hdr.png	27263018	24315618
1527_nature_mountain-wildflowers-landscape_stikine-region-canada_ip16pro_iso100-f1p8_img-4768_4284x5712.scale240x320.hdr.png	461239	401801
1526_nature_pink-flowers-garden_colorado_ip13pro_iso50-f1p5_img-4543_3024x4032.scale1200x1600.hdr.png	10693957	9540713
1527_nature_mountain-wildflowers-landscape_stikine-region-canada_ip16pro_iso100-f1p8_img-4768_4284x5712.scale300x400.hdr.png	720534	626268
1527_nature_mountain-wildflowers-landscape_stikine-region-canada_ip16pro_iso100-f1p8_img-4768_4284x5712.scale384x512.hdr.png	1179664	1012470
1526_nature_pink-flowers-garden_colorado_ip13pro_iso50-f1p5_img-4543_3024x4032.scale960x1280.hdr.png	6936960	6183325
1527_nature_mountain-wildflowers-landscape_stikine-region-canada_ip16pro_iso100-f1p8_img-4768_4284x5712.scale480x640.hdr.png	1824354	1565517
1525_nature_wildflowers-in-garden_colorado_ip13pro_iso50-f1p5_img-3861_3024x4032.scale1536x2048.hdr.png	18617669	16393330
1527_nature_mountain-wildflowers-landscape_stikine-region-canada_ip16pro_iso100-f1p8_img-4768_4284x5712.scale96x128.hdr.png	73945	66126
1527_nature_mountain-wildflowers-landscape_stikine-region-canada_ip16pro_iso100-f1p8_img-4768_4284x5712.scale600x800.hdr.png	2813991	2415104
1528_nature_pink-blossom-branch_kawazu-japan_ip16pro_iso80-f1p8_img-4931_5712x4284.scale128x96.hdr.png	73913	68662
1523_nature_yellow-flowers-garden_colorado_ip13pro_iso50-f1p5_img-3767_3024x4032.scale1920x2560.hdr.png	26281747	23346011
1528_nature_pink-blossom-branch_kawazu-japan_ip16pro_iso80-f1p8_img-4931_5712x4284.scale160x120.hdr.png	115409	106464
1528_nature_pink-blossom-branch_kawazu-japan_ip16pro_iso80-f1p8_img-4931_5712x4284.scale200x150.hdr.png	180244	165172
1521_nature_potted-tulips-garden_notre-dame-versailles-france_ip15pro_iso80-f1p8_img-3547_4284x5712.scale2304x3072.hdr.png	40315987	35892906
1527_nature_mountain-wildflowers-landscape_stikine-region-canada_ip16pro_iso100-f1p8_img-4768_4284x5712.scale1200x1600.hdr.png	10769961	9236631
1527_nature_mountain-wildflowers-landscape_stikine-region-canada_ip16pro_iso100-f1p8_img-4768_4284x5712.scale768x1024.hdr.png	4537616	3899020
1524_nature_yellow-flowers-garden_colorado_ip13pro_iso50-f1p5_img-3841_3024x4032.scale1920x2560.hdr.png	27030688	24067682
1528_nature_pink-blossom-branch_kawazu-japan_ip16pro_iso80-f1p8_img-4931_5712x4284.scale256x192.hdr.png	295208	267126
1528_nature_pink-blossom-branch_kawazu-japan_ip16pro_iso80-f1p8_img-4931_5712x4284.scale1024x768.hdr.png	4320969	3849156
1528_nature_pink-blossom-branch_kawazu-japan_ip16pro_iso80-f1p8_img-4931_5712x4284.scale320x240.hdr.png	461159	411247
1528_nature_pink-blossom-branch_kawazu-japan_ip16pro_iso80-f1p8_img-4931_5712x4284.scale400x300.hdr.png	720241	632000
1528_nature_pink-blossom-branch_kawazu-japan_ip16pro_iso80-f1p8_img-4931_5712x4284.scale512x384.hdr.png	1150560	1015880
1528_nature_pink-blossom-branch_kawazu-japan_ip16pro_iso80-f1p8_img-4931_5712x4284.scale640x480.hdr.png	1758607	1559523
1529_nature_whale-tail-ocean_ip13pro_iso32-f2p8_img-5573_3024x4032.scale120x160.hdr.png	100911	87504
1527_nature_mountain-wildflowers-landscape_stikine-region-canada_ip16pro_iso100-f1p8_img-4768_4284x5712.scale960x1280.hdr.png	6993187	6003559
1529_nature_whale-tail-ocean_ip13pro_iso32-f2p8_img-5573_3024x4032.scale150x200.hdr.png	158064	136501
1526_nature_pink-flowers-garden_colorado_ip13pro_iso50-f1p5_img-4543_3024x4032.scale1536x2048.hdr.png	17307812	15444870
1529_nature_whale-tail-ocean_ip13pro_iso32-f2p8_img-5573_3024x4032.scale192x256.hdr.png	259039	223751
1528_nature_pink-blossom-branch_kawazu-japan_ip16pro_iso80-f1p8_img-4931_5712x4284.scale1280x960.hdr.png	6640686	5904423
1529_nature_whale-tail-ocean_ip13pro_iso32-f2p8_img-5573_3024x4032.scale240x320.hdr.png	403920	348071
1528_nature_pink-blossom-branch_kawazu-japan_ip16pro_iso80-f1p8_img-4931_5712x4284.scale800x600.hdr.png	2691968	2394897
1523_nature_yellow-flowers-garden_colorado_ip13pro_iso50-f1p5_img-3767_3024x4032.scale2304x3072.hdr.png	37582535	33349568
1522_nature_water-lilies-pond_colorado_ip13pro_iso50-f1p5_img-3764_4032x3024.scale3072x2304.hdr.png	39097146	34867560
1529_nature_whale-tail-ocean_ip13pro_iso32-f2p8_img-5573_3024x4032.scale300x400.hdr.png	629323	541037
1525_nature_wildflowers-in-garden_colorado_ip13pro_iso50-f1p5_img-3861_3024x4032.scale1920x2560.hdr.png	28688174	25361548
1529_nature_whale-tail-ocean_ip13pro_iso32-f2p8_img-5573_3024x4032.scale384x512.hdr.png	1024434	878705
1529_nature_whale-tail-ocean_ip13pro_iso32-f2p8_img-5573_3024x4032.scale96x128.hdr.png	64836	56311
1529_nature_whale-tail-ocean_ip13pro_iso32-f2p8_img-5573_3024x4032.scale480x640.hdr.png	1585320	1357542
1530_nature_whale-tail-ocean_ip13pro_iso32-f2p8_img-5574_3024x4032.scale120x160.hdr.png	100368	87220
1530_nature_whale-tail-ocean_ip13pro_iso32-f2p8_img-5574_3024x4032.scale150x200.hdr.png	157068	135855
1529_nature_whale-tail-ocean_ip13pro_iso32-f2p8_img-5573_3024x4032.scale600x800.hdr.png	2446337	2091324
1527_nature_mountain-wildflowers-landscape_stikine-region-canada_ip16pro_iso100-f1p8_img-4768_4284x5712.scale1536x2048.hdr.png	17360133	14899552
1530_nature_whale-tail-ocean_ip13pro_iso32-f2p8_img-5574_3024x4032.scale192x256.hdr.png	257603	222380
1528_nature_pink-blossom-branch_kawazu-japan_ip16pro_iso80-f1p8_img-4931_5712x4284.scale1600x1200.hdr.png	10233196	9073627
1530_nature_whale-tail-ocean_ip13pro_iso32-f2p8_img-5574_3024x4032.scale240x320.hdr.png	400944	345906
1529_nature_whale-tail-ocean_ip13pro_iso32-f2p8_img-5573_3024x4032.scale768x1024.hdr.png	3939636	3360979
1530_nature_whale-tail-ocean_ip13pro_iso32-f2p8_img-5574_3024x4032.scale300x400.hdr.png	624540	537054
1530_nature_whale-tail-ocean_ip13pro_iso32-f2p8_img-5574_3024x4032.scale384x512.hdr.png	1015567	871239
1530_nature_whale-tail-ocean_ip13pro_iso32-f2p8_img-5574_3024x4032.scale480x640.hdr.png	1569534	1344604
1529_nature_whale-tail-ocean_ip13pro_iso32-f2p8_img-5573_3024x4032.scale960x1280.hdr.png	6040002	5150329
1530_nature_whale-tail-ocean_ip13pro_iso32-f2p8_img-5574_3024x4032.scale600x800.hdr.png	2418760	2067853
1530_nature_whale-tail-ocean_ip13pro_iso32-f2p8_img-5574_3024x4032.scale96x128.hdr.png	64462	56081
1524_nature_yellow-flowers-garden_colorado_ip13pro_iso50-f1p5_img-3841_3024x4032.scale2304x3072.hdr.png	38671967	34443756
1531_nature_red-poppy-flowers_taos-new-mexico_ip17pro_iso80-f1p8_img-6189_4284x5712.scale120x160.hdr.png	115449	106598
1531_nature_red-poppy-flowers_taos-new-mexico_ip17pro_iso80-f1p8_img-6189_4284x5712.scale150x200.hdr.png	180294	166296
1529_nature_whale-tail-ocean_ip13pro_iso32-f2p8_img-5573_3024x4032.scale1200x1600.hdr.png	9235011	7863334
1526_nature_pink-flowers-garden_colorado_ip13pro_iso50-f1p5_img-4543_3024x4032.scale1920x2560.hdr.png	26771799	23886397
1530_nature_whale-tail-ocean_ip13pro_iso32-f2p8_img-5574_3024x4032.scale768x1024.hdr.png	3886134	3321943
1531_nature_red-poppy-flowers_taos-new-mexico_ip17pro_iso80-f1p8_img-6189_4284x5712.scale192x256.hdr.png	295272	272219
1531_nature_red-poppy-flowers_taos-new-mexico_ip17pro_iso80-f1p8_img-6189_4284x5712.scale240x320.hdr.png	461239	423334
1531_nature_red-poppy-flowers_taos-new-mexico_ip17pro_iso80-f1p8_img-6189_4284x5712.scale300x400.hdr.png	720534	656906
1530_nature_whale-tail-ocean_ip13pro_iso32-f2p8_img-5574_3024x4032.scale1200x1600.hdr.png	9062737	7729047
1528_nature_pink-blossom-branch_kawazu-japan_ip16pro_iso80-f1p8_img-4931_5712x4284.scale2048x1536.hdr.png	16531458	14607185
1531_nature_red-poppy-flowers_taos-new-mexico_ip17pro_iso80-f1p8_img-6189_4284x5712.scale384x512.hdr.png	1180334	1067301
1531_nature_red-poppy-flowers_taos-new-mexico_ip17pro_iso80-f1p8_img-6189_4284x5712.scale480x640.hdr.png	1844064	1651360
1525_nature_wildflowers-in-garden_colorado_ip13pro_iso50-f1p5_img-3861_3024x4032.scale2304x3072.hdr.png	40836723	36200089
1531_nature_red-poppy-flowers_taos-new-mexico_ip17pro_iso80-f1p8_img-6189_4284x5712.scale96x128.hdr.png	73945	68455
1530_nature_whale-tail-ocean_ip13pro_iso32-f2p8_img-5574_3024x4032.scale960x1280.hdr.png	5945449	5075288
1532_nature_red-poppy-flowers_taos-new-mexico_ip17pro_iso80-f1p8_img-6194_4284x5712.scale120x160.hdr.png	115449	106225
1531_nature_red-poppy-flowers_taos-new-mexico_ip17pro_iso80-f1p8_img-6189_4284x5712.scale600x800.hdr.png	2881099	2554571
1532_nature_red-poppy-flowers_taos-new-mexico_ip17pro_iso80-f1p8_img-6194_4284x5712.scale150x200.hdr.png	180294	165493
1531_nature_red-poppy-flowers_taos-new-mexico_ip17pro_iso80-f1p8_img-6189_4284x5712.scale1200x1600.hdr.png	11208368	9887455
1532_nature_red-poppy-flowers_taos-new-mexico_ip17pro_iso80-f1p8_img-6194_4284x5712.scale192x256.hdr.png	295272	268974
1531_nature_red-poppy-flowers_taos-new-mexico_ip17pro_iso80-f1p8_img-6189_4284x5712.scale768x1024.hdr.png	4720060	4136568
1532_nature_red-poppy-flowers_taos-new-mexico_ip17pro_iso80-f1p8_img-6194_4284x5712.scale240x320.hdr.png	461239	416531
1532_nature_red-poppy-flowers_taos-new-mexico_ip17pro_iso80-f1p8_img-6194_4284x5712.scale300x400.hdr.png	720534	642652
1531_nature_red-poppy-flowers_taos-new-mexico_ip17pro_iso80-f1p8_img-6189_4284x5712.scale960x1280.hdr.png	7279558	6395850
1527_nature_mountain-wildflowers-landscape_stikine-region-canada_ip16pro_iso100-f1p8_img-4768_4284x5712.scale1920x2560.hdr.png	26728045	22937106
1532_nature_red-poppy-flowers_taos-new-mexico_ip17pro_iso80-f1p8_img-6194_4284x5712.scale384x512.hdr.png	1180334	1038429
1532_nature_red-poppy-flowers_taos-new-mexico_ip17pro_iso80-f1p8_img-6194_4284x5712.scale480x640.hdr.png	1819933	1602058
1530_nature_whale-tail-ocean_ip13pro_iso32-f2p8_img-5574_3024x4032.scale1536x2048.hdr.png	14358925	12251947
1532_nature_red-poppy-flowers_taos-new-mexico_ip17pro_iso80-f1p8_img-6194_4284x5712.scale600x800.hdr.png	2791683	2470767
1532_nature_red-poppy-flowers_taos-new-mexico_ip17pro_iso80-f1p8_img-6194_4284x5712.scale96x128.hdr.png	73945	68255
1533_nature_purple-water-lily_koyama-kamiuchikawaracho-kyoto-japan_ip13pro_iso125-f2p8_img-6205_3024x4032.scale120x160.hdr.png	115449	101887
1533_nature_purple-water-lily_koyama-kamiuchikawaracho-kyoto-japan_ip13pro_iso125-f2p8_img-6205_3024x4032.scale150x200.hdr.png	180294	158640
1529_nature_whale-tail-ocean_ip13pro_iso32-f2p8_img-5573_3024x4032.scale1536x2048.hdr.png	14695449	12521701
1532_nature_red-poppy-flowers_taos-new-mexico_ip17pro_iso80-f1p8_img-6194_4284x5712.scale768x1024.hdr.png	4490119	3985614
1533_nature_purple-water-lily_koyama-kamiuchikawaracho-kyoto-japan_ip13pro_iso125-f2p8_img-6205_3024x4032.scale192x256.hdr.png	291880	257275
1532_nature_red-poppy-flowers_taos-new-mexico_ip17pro_iso80-f1p8_img-6194_4284x5712.scale1200x1600.hdr.png	10636791	9467089
1526_nature_pink-flowers-garden_colorado_ip13pro_iso50-f1p5_img-4543_3024x4032.scale2304x3072.hdr.png	38211147	34080087
1533_nature_purple-water-lily_koyama-kamiuchikawaracho-kyoto-japan_ip13pro_iso125-f2p8_img-6205_3024x4032.scale240x320.hdr.png	450211	398050
1531_nature_red-poppy-flowers_taos-new-mexico_ip17pro_iso80-f1p8_img-6189_4284x5712.scale1536x2048.hdr.png	18064236	15994706
1528_nature_pink-blossom-branch_kawazu-japan_ip16pro_iso80-f1p8_img-4931_5712x4284.scale2560x1920.hdr.png	25514428	22459560
1533_nature_purple-water-lily_koyama-kamiuchikawaracho-kyoto-japan_ip13pro_iso125-f2p8_img-6205_3024x4032.scale300x400.hdr.png	694522	615673
1533_nature_purple-water-lily_koyama-kamiuchikawaracho-kyoto-japan_ip13pro_iso125-f2p8_img-6205_3024x4032.scale384x512.hdr.png	1122202	996260
1532_nature_red-poppy-flowers_taos-new-mexico_ip17pro_iso80-f1p8_img-6194_4284x5712.scale960x1280.hdr.png	6905797	6144088
1533_nature_purple-water-lily_koyama-kamiuchikawaracho-kyoto-japan_ip13pro_iso125-f2p8_img-6205_3024x4032.scale96x128.hdr.png	73945	65868
1533_nature_purple-water-lily_koyama-kamiuchikawaracho-kyoto-japan_ip13pro_iso125-f2p8_img-6205_3024x4032.scale480x640.hdr.png	1731980	1539588
1534_nature_red-flowers-closeup_ketchikan-alaska_ip16pro_iso125-f1p8_img-6286_3024x4032.scale120x160.hdr.png	115449	106536
1534_nature_red-flowers-closeup_ketchikan-alaska_ip16pro_iso125-f1p8_img-6286_3024x4032.scale150x200.hdr.png	180294	165920
1533_nature_purple-water-lily_koyama-kamiuchikawaracho-kyoto-japan_ip13pro_iso125-f2p8_img-6205_3024x4032.scale600x800.hdr.png	2674334	2380558
1533_nature_purple-water-lily_koyama-kamiuchikawaracho-kyoto-japan_ip13pro_iso125-f2p8_img-6205_3024x4032.scale768x1024.hdr.png	4328019	3854257
1534_nature_red-flowers-closeup_ketchikan-alaska_ip16pro_iso125-f1p8_img-6286_3024x4032.scale192x256.hdr.png	295272	270018
1533_nature_purple-water-lily_koyama-kamiuchikawaracho-kyoto-japan_ip13pro_iso125-f2p8_img-6205_3024x4032.scale960x1280.hdr.png	6693509	5959642
1534_nature_red-flowers-closeup_ketchikan-alaska_ip16pro_iso125-f1p8_img-6286_3024x4032.scale240x320.hdr.png	461239	417749
1533_nature_purple-water-lily_koyama-kamiuchikawaracho-kyoto-japan_ip13pro_iso125-f2p8_img-6205_3024x4032.scale1200x1600.hdr.png	10347358	9212657
1534_nature_red-flowers-closeup_ketchikan-alaska_ip16pro_iso125-f1p8_img-6286_3024x4032.scale300x400.hdr.png	720534	644784
1527_nature_mountain-wildflowers-landscape_stikine-region-canada_ip16pro_iso100-f1p8_img-4768_4284x5712.scale2304x3072.hdr.png	38012013	32655544
1534_nature_red-flowers-closeup_ketchikan-alaska_ip16pro_iso125-f1p8_img-6286_3024x4032.scale384x512.hdr.png	1180334	1038269
1534_nature_red-flowers-closeup_ketchikan-alaska_ip16pro_iso125-f1p8_img-6286_3024x4032.scale480x640.hdr.png	1805586	1594926
1534_nature_red-flowers-closeup_ketchikan-alaska_ip16pro_iso125-f1p8_img-6286_3024x4032.scale600x800.hdr.png	2757546	2448376
1534_nature_red-flowers-closeup_ketchikan-alaska_ip16pro_iso125-f1p8_img-6286_3024x4032.scale96x128.hdr.png	73945	68519
1529_nature_whale-tail-ocean_ip13pro_iso32-f2p8_img-5573_3024x4032.scale1920x2560.hdr.png	22203506	18965301
1536_nature_purple-flowers-walkway_seward-alaska_ip16pro_iso80-f1p8_img-8763_4284x5712.scale120x160.hdr.png	115449	105458
1531_nature_red-poppy-flowers_taos-new-mexico_ip17pro_iso80-f1p8_img-6189_4284x5712.scale1920x2560.hdr.png	27811314	24677082
1536_nature_purple-flowers-walkway_seward-alaska_ip16pro_iso80-f1p8_img-8763_4284x5712.scale150x200.hdr.png	180294	164160
1532_nature_red-poppy-flowers_taos-new-mexico_ip17pro_iso80-f1p8_img-6194_4284x5712.scale1536x2048.hdr.png	17162089	15268222
1536_nature_purple-flowers-walkway_seward-alaska_ip16pro_iso80-f1p8_img-8763_4284x5712.scale192x256.hdr.png	295272	267454
1534_nature_red-flowers-closeup_ketchikan-alaska_ip16pro_iso125-f1p8_img-6286_3024x4032.scale768x1024.hdr.png	4421545	3937355
1534_nature_red-flowers-closeup_ketchikan-alaska_ip16pro_iso125-f1p8_img-6286_3024x4032.scale1200x1600.hdr.png	10416671	9291737
1536_nature_purple-flowers-walkway_seward-alaska_ip16pro_iso80-f1p8_img-8763_4284x5712.scale240x320.hdr.png	461239	414833
1536_nature_purple-flowers-walkway_seward-alaska_ip16pro_iso80-f1p8_img-8763_4284x5712.scale300x400.hdr.png	720534	642226
1536_nature_purple-flowers-walkway_seward-alaska_ip16pro_iso80-f1p8_img-8763_4284x5712.scale384x512.hdr.png	1180334	1039877
1536_nature_purple-flowers-walkway_seward-alaska_ip16pro_iso80-f1p8_img-8763_4284x5712.scale480x640.hdr.png	1835792	1605872
1533_nature_purple-water-lily_koyama-kamiuchikawaracho-kyoto-japan_ip13pro_iso125-f2p8_img-6205_3024x4032.scale1536x2048.hdr.png	16777852	14921508
1528_nature_pink-blossom-branch_kawazu-japan_ip16pro_iso80-f1p8_img-4931_5712x4284.scale3072x2304.hdr.png	36380005	31948287
1536_nature_purple-flowers-walkway_seward-alaska_ip16pro_iso80-f1p8_img-8763_4284x5712.scale96x128.hdr.png	73945	67647
1536_nature_purple-flowers-walkway_seward-alaska_ip16pro_iso80-f1p8_img-8763_4284x5712.scale600x800.hdr.png	2823645	2478123
1537_nature_purple-flowers-closeup_seward-alaska_ip16pro_iso100-f1p8_img-8764_4284x5712.scale120x160.hdr.png	115449	105396
1534_nature_red-flowers-closeup_ketchikan-alaska_ip16pro_iso125-f1p8_img-6286_3024x4032.scale960x1280.hdr.png	6784034	6051124
1537_nature_purple-flowers-closeup_seward-alaska_ip16pro_iso100-f1p8_img-8764_4284x5712.scale150x200.hdr.png	180294	163143
1536_nature_purple-flowers-walkway_seward-alaska_ip16pro_iso80-f1p8_img-8763_4284x5712.scale768x1024.hdr.png	4550540	4005104
1530_nature_whale-tail-ocean_ip13pro_iso32-f2p8_img-5574_3024x4032.scale1920x2560.hdr.png	21606029	18513805
1537_nature_purple-flowers-closeup_seward-alaska_ip16pro_iso100-f1p8_img-8764_4284x5712.scale192x256.hdr.png	295272	264133
1537_nature_purple-flowers-closeup_seward-alaska_ip16pro_iso100-f1p8_img-8764_4284x5712.scale240x320.hdr.png	461239	407206
1537_nature_purple-flowers-closeup_seward-alaska_ip16pro_iso100-f1p8_img-8764_4284x5712.scale300x400.hdr.png	710549	626271
1537_nature_purple-flowers-closeup_seward-alaska_ip16pro_iso100-f1p8_img-8764_4284x5712.scale384x512.hdr.png	1138537	1008270
1532_nature_red-poppy-flowers_taos-new-mexico_ip17pro_iso80-f1p8_img-6194_4284x5712.scale1920x2560.hdr.png	26456102	23515950
1536_nature_purple-flowers-walkway_seward-alaska_ip16pro_iso80-f1p8_img-8763_4284x5712.scale1200x1600.hdr.png	10784321	9509225
1537_nature_purple-flowers-closeup_seward-alaska_ip16pro_iso100-f1p8_img-8764_4284x5712.scale480x640.hdr.png	1744725	1549816
1536_nature_purple-flowers-walkway_seward-alaska_ip16pro_iso80-f1p8_img-8763_4284x5712.scale960x1280.hdr.png	7005467	6177387
1537_nature_purple-flowers-closeup_seward-alaska_ip16pro_iso100-f1p8_img-8764_4284x5712.scale96x128.hdr.png	73945	67934
1537_nature_purple-flowers-closeup_seward-alaska_ip16pro_iso100-f1p8_img-8764_4284x5712.scale600x800.hdr.png	2676395	2384644
1539_nature_legs-in-water_felipe-carrillo-puerto-mexico_ip13pro_iso32-f1p8_img-8809_3024x4032.scale120x160.hdr.png	115449	105915
1539_nature_legs-in-water_felipe-carrillo-puerto-mexico_ip13pro_iso32-f1p8_img-8809_3024x4032.scale150x200.hdr.png	180294	165133
1534_nature_red-flowers-closeup_ketchikan-alaska_ip16pro_iso125-f1p8_img-6286_3024x4032.scale1536x2048.hdr.png	16719622	14912696
1533_nature_purple-water-lily_koyama-kamiuchikawaracho-kyoto-japan_ip13pro_iso125-f2p8_img-6205_3024x4032.scale1920x2560.hdr.png	25960348	23069022
1539_nature_legs-in-water_felipe-carrillo-puerto-mexico_ip13pro_iso32-f1p8_img-8809_3024x4032.scale192x256.hdr.png	295272	269049
1537_nature_purple-flowers-closeup_seward-alaska_ip16pro_iso100-f1p8_img-8764_4284x5712.scale768x1024.hdr.png	4310150	3839799
1539_nature_legs-in-water_felipe-carrillo-puerto-mexico_ip13pro_iso32-f1p8_img-8809_3024x4032.scale240x320.hdr.png	461239	417676
1539_nature_legs-in-water_felipe-carrillo-puerto-mexico_ip13pro_iso32-f1p8_img-8809_3024x4032.scale300x400.hdr.png	720534	650916
1537_nature_purple-flowers-closeup_seward-alaska_ip16pro_iso100-f1p8_img-8764_4284x5712.scale1200x1600.hdr.png	10256569	9100031
1539_nature_legs-in-water_felipe-carrillo-puerto-mexico_ip13pro_iso32-f1p8_img-8809_3024x4032.scale384x512.hdr.png	1180334	1057892
1537_nature_purple-flowers-closeup_seward-alaska_ip16pro_iso100-f1p8_img-8764_4284x5712.scale960x1280.hdr.png	6645644	5909018
1539_nature_legs-in-water_felipe-carrillo-puerto-mexico_ip13pro_iso32-f1p8_img-8809_3024x4032.scale480x640.hdr.png	1844064	1640201
1531_nature_red-poppy-flowers_taos-new-mexico_ip17pro_iso80-f1p8_img-6189_4284x5712.scale2304x3072.hdr.png	39539289	35141731
1539_nature_legs-in-water_felipe-carrillo-puerto-mexico_ip13pro_iso32-f1p8_img-8809_3024x4032.scale96x128.hdr.png	73945	68014
1539_nature_legs-in-water_felipe-carrillo-puerto-mexico_ip13pro_iso32-f1p8_img-8809_3024x4032.scale600x800.hdr.png	2881099	2542003
1540_nature_purple-flowers-garden_belltown-seattle-washington_ip16pro_iso100-f1p8_img-9109_4284x5712.scale120x160.hdr.png	115449	109271
1540_nature_purple-flowers-garden_belltown-seattle-washington_ip16pro_iso100-f1p8_img-9109_4284x5712.scale150x200.hdr.png	180294	170213
1536_nature_purple-flowers-walkway_seward-alaska_ip16pro_iso80-f1p8_img-8763_4284x5712.scale1536x2048.hdr.png	17378167	15331548
1534_nature_red-flowers-closeup_ketchikan-alaska_ip16pro_iso125-f1p8_img-6286_3024x4032.scale1920x2560.hdr.png	25604918	22802233
1540_nature_purple-flowers-garden_belltown-seattle-washington_ip16pro_iso100-f1p8_img-9109_4284x5712.scale192x256.hdr.png	295272	276965
1539_nature_legs-in-water_felipe-carrillo-puerto-mexico_ip13pro_iso32-f1p8_img-8809_3024x4032.scale768x1024.hdr.png	4720060	4123207
1529_nature_whale-tail-ocean_ip13pro_iso32-f2p8_img-5573_3024x4032.scale2304x3072.hdr.png	31025020	26616046
1540_nature_purple-flowers-garden_belltown-seattle-washington_ip16pro_iso100-f1p8_img-9109_4284x5712.scale240x320.hdr.png	461239	429850
1540_nature_purple-flowers-garden_belltown-seattle-washington_ip16pro_iso100-f1p8_img-9109_4284x5712.scale300x400.hdr.png	720534	667209
1540_nature_purple-flowers-garden_belltown-seattle-washington_ip16pro_iso100-f1p8_img-9109_4284x5712.scale384x512.hdr.png	1180334	1082492
1539_nature_legs-in-water_felipe-carrillo-puerto-mexico_ip13pro_iso32-f1p8_img-8809_3024x4032.scale1200x1600.hdr.png	11276666	9875674
1530_nature_whale-tail-ocean_ip13pro_iso32-f2p8_img-5574_3024x4032.scale2304x3072.hdr.png	30104629	25873741
1540_nature_purple-flowers-garden_belltown-seattle-washington_ip16pro_iso100-f1p8_img-9109_4284x5712.scale480x640.hdr.png	1844064	1674415
1540_nature_purple-flowers-garden_belltown-seattle-washington_ip16pro_iso100-f1p8_img-9109_4284x5712.scale96x128.hdr.png	73945	69964
1532_nature_red-poppy-flowers_taos-new-mexico_ip17pro_iso80-f1p8_img-6194_4284x5712.scale2304x3072.hdr.png	37658632	33429541
1541_nature_blue-wildflower-grass_snaefellsbaer-iceland_ip16pro_iso64-f1p8_img-9110_3024x4032.scale120x160.hdr.png	115449	105832
1541_nature_blue-wildflower-grass_snaefellsbaer-iceland_ip16pro_iso64-f1p8_img-9110_3024x4032.scale150x200.hdr.png	180294	163037
1539_nature_legs-in-water_felipe-carrillo-puerto-mexico_ip13pro_iso32-f1p8_img-8809_3024x4032.scale960x1280.hdr.png	7310932	6381767
1540_nature_purple-flowers-garden_belltown-seattle-washington_ip16pro_iso100-f1p8_img-9109_4284x5712.scale600x800.hdr.png	2881099	2586354
1541_nature_blue-wildflower-grass_snaefellsbaer-iceland_ip16pro_iso64-f1p8_img-9110_3024x4032.scale192x256.hdr.png	295272	262561
1537_nature_purple-flowers-closeup_seward-alaska_ip16pro_iso100-f1p8_img-8764_4284x5712.scale1536x2048.hdr.png	16611631	14672262
1541_nature_blue-wildflower-grass_snaefellsbaer-iceland_ip16pro_iso64-f1p8_img-9110_3024x4032.scale240x320.hdr.png	459188	403114
1540_nature_purple-flowers-garden_belltown-seattle-washington_ip16pro_iso100-f1p8_img-9109_4284x5712.scale768x1024.hdr.png	4720060	4176052
1541_nature_blue-wildflower-grass_snaefellsbaer-iceland_ip16pro_iso64-f1p8_img-9110_3024x4032.scale300x400.hdr.png	702375	618254
1541_nature_blue-wildflower-grass_snaefellsbaer-iceland_ip16pro_iso64-f1p8_img-9110_3024x4032.scale384x512.hdr.png	1120884	992167
1541_nature_blue-wildflower-grass_snaefellsbaer-iceland_ip16pro_iso64-f1p8_img-9110_3024x4032.scale480x640.hdr.png	1716841	1522445
1540_nature_purple-flowers-garden_belltown-seattle-washington_ip16pro_iso100-f1p8_img-9109_4284x5712.scale1200x1600.hdr.png	11136870	9894505
1540_nature_purple-flowers-garden_belltown-seattle-washington_ip16pro_iso100-f1p8_img-9109_4284x5712.scale960x1280.hdr.png	7277217	6430563
1541_nature_blue-wildflower-grass_snaefellsbaer-iceland_ip16pro_iso64-f1p8_img-9110_3024x4032.scale96x128.hdr.png	73945	68514
1541_nature_blue-wildflower-grass_snaefellsbaer-iceland_ip16pro_iso64-f1p8_img-9110_3024x4032.scale600x800.hdr.png	2640895	2337417
1542_nature_orange-lily-flower_belltown-seattle-washington_ip16pro_iso80-f1p8_img-9149_4284x5712.scale120x160.hdr.png	115449	110069
1542_nature_orange-lily-flower_belltown-seattle-washington_ip16pro_iso80-f1p8_img-9149_4284x5712.scale150x200.hdr.png	180294	169995
1539_nature_legs-in-water_felipe-carrillo-puerto-mexico_ip13pro_iso32-f1p8_img-8809_3024x4032.scale1536x2048.hdr.png	18190995	16001476
1533_nature_purple-water-lily_koyama-kamiuchikawaracho-kyoto-japan_ip13pro_iso125-f2p8_img-6205_3024x4032.scale2304x3072.hdr.png	37041485	32868399
1542_nature_orange-lily-flower_belltown-seattle-washington_ip16pro_iso80-f1p8_img-9149_4284x5712.scale192x256.hdr.png	295272	275336
1541_nature_blue-wildflower-grass_snaefellsbaer-iceland_ip16pro_iso64-f1p8_img-9110_3024x4032.scale768x1024.hdr.png	4256575	3765393
1542_nature_orange-lily-flower_belltown-seattle-washington_ip16pro_iso80-f1p8_img-9149_4284x5712.scale240x320.hdr.png	461239	424737
1536_nature_purple-flowers-walkway_seward-alaska_ip16pro_iso80-f1p8_img-8763_4284x5712.scale1920x2560.hdr.png	26745873	23578194
1542_nature_orange-lily-flower_belltown-seattle-washington_ip16pro_iso80-f1p8_img-9149_4284x5712.scale300x400.hdr.png	720534	654524
1541_nature_blue-wildflower-grass_snaefellsbaer-iceland_ip16pro_iso64-f1p8_img-9110_3024x4032.scale960x1280.hdr.png	6582978	5811519
1534_nature_red-flowers-closeup_ketchikan-alaska_ip16pro_iso125-f1p8_img-6286_3024x4032.scale2304x3072.hdr.png	36261597	32251407
1542_nature_orange-lily-flower_belltown-seattle-washington_ip16pro_iso80-f1p8_img-9149_4284x5712.scale384x512.hdr.png	1180334	1055190
1541_nature_blue-wildflower-grass_snaefellsbaer-iceland_ip16pro_iso64-f1p8_img-9110_3024x4032.scale1200x1600.hdr.png	10215293	8993513
1542_nature_orange-lily-flower_belltown-seattle-washington_ip16pro_iso80-f1p8_img-9149_4284x5712.scale480x640.hdr.png	1844064	1625156
1542_nature_orange-lily-flower_belltown-seattle-washington_ip16pro_iso80-f1p8_img-9149_4284x5712.scale96x128.hdr.png	73945	70479
1543_nature_water-lilies-pond_miyuki-beppu-japan_ip16pro_iso80-f1p8_img-9522_4284x5712.scale120x160.hdr.png	115449	102177
1543_nature_water-lilies-pond_miyuki-beppu-japan_ip16pro_iso80-f1p8_img-9522_4284x5712.scale150x200.hdr.png	179924	158361
1542_nature_orange-lily-flower_belltown-seattle-washington_ip16pro_iso80-f1p8_img-9149_4284x5712.scale600x800.hdr.png	2829705	2499770
1537_nature_purple-flowers-closeup_seward-alaska_ip16pro_iso100-f1p8_img-8764_4284x5712.scale1920x2560.hdr.png	25697846	22609178
1543_nature_water-lilies-pond_miyuki-beppu-japan_ip16pro_iso80-f1p8_img-9522_4284x5712.scale192x256.hdr.png	290728	257001
1542_nature_orange-lily-flower_belltown-seattle-washington_ip16pro_iso80-f1p8_img-9149_4284x5712.scale768x1024.hdr.png	4531050	4022259
1543_nature_water-lilies-pond_miyuki-beppu-japan_ip16pro_iso80-f1p8_img-9522_4284x5712.scale240x320.hdr.png	448384	397790
1542_nature_orange-lily-flower_belltown-seattle-washington_ip16pro_iso80-f1p8_img-9149_4284x5712.scale1200x1600.hdr.png	10671683	9514466
1543_nature_water-lilies-pond_miyuki-beppu-japan_ip16pro_iso80-f1p8_img-9522_4284x5712.scale300x400.hdr.png	692862	614841
1540_nature_purple-flowers-garden_belltown-seattle-washington_ip16pro_iso100-f1p8_img-9109_4284x5712.scale1536x2048.hdr.png	17859105	15924370
1543_nature_water-lilies-pond_miyuki-beppu-japan_ip16pro_iso80-f1p8_img-9522_4284x5712.scale384x512.hdr.png	1118549	995172
1543_nature_water-lilies-pond_miyuki-beppu-japan_ip16pro_iso80-f1p8_img-9522_4284x5712.scale480x640.hdr.png	1725344	1536436
1541_nature_blue-wildflower-grass_snaefellsbaer-iceland_ip16pro_iso64-f1p8_img-9110_3024x4032.scale1536x2048.hdr.png	16605570	14603430
1543_nature_water-lilies-pond_miyuki-beppu-japan_ip16pro_iso80-f1p8_img-9522_4284x5712.scale96x128.hdr.png	73945	65978
1543_nature_water-lilies-pond_miyuki-beppu-japan_ip16pro_iso80-f1p8_img-9522_4284x5712.scale600x800.hdr.png	2663907	2369445
1542_nature_orange-lily-flower_belltown-seattle-washington_ip16pro_iso80-f1p8_img-9149_4284x5712.scale960x1280.hdr.png	6949870	6184512
1544_nature_purple-water-lily-flower_miyuki-beppu-japan_ip16pro_iso64-f1p8_img-9550_3024x4032.scale120x160.hdr.png	110783	98316
1544_nature_purple-water-lily-flower_miyuki-beppu-japan_ip16pro_iso64-f1p8_img-9550_3024x4032.scale150x200.hdr.png	170387	151631
1543_nature_water-lilies-pond_miyuki-beppu-japan_ip16pro_iso80-f1p8_img-9522_4284x5712.scale768x1024.hdr.png	4304331	3825411
1539_nature_legs-in-water_felipe-carrillo-puerto-mexico_ip13pro_iso32-f1p8_img-8809_3024x4032.scale1920x2560.hdr.png	27991496	24694394
1544_nature_purple-water-lily-flower_miyuki-beppu-japan_ip16pro_iso64-f1p8_img-9550_3024x4032.scale192x256.hdr.png	275061	244813
1544_nature_purple-water-lily-flower_miyuki-beppu-japan_ip16pro_iso64-f1p8_img-9550_3024x4032.scale240x320.hdr.png	424156	377329
1544_nature_purple-water-lily-flower_miyuki-beppu-japan_ip16pro_iso64-f1p8_img-9550_3024x4032.scale300x400.hdr.png	653234	581255
1536_nature_purple-flowers-walkway_seward-alaska_ip16pro_iso80-f1p8_img-8763_4284x5712.scale2304x3072.hdr.png	38012495	33472418
1544_nature_purple-water-lily-flower_miyuki-beppu-japan_ip16pro_iso64-f1p8_img-9550_3024x4032.scale384x512.hdr.png	1057220	936175
1543_nature_water-lilies-pond_miyuki-beppu-japan_ip16pro_iso80-f1p8_img-9522_4284x5712.scale960x1280.hdr.png	6652022	5900429
1544_nature_purple-water-lily-flower_miyuki-beppu-japan_ip16pro_iso64-f1p8_img-9550_3024x4032.scale480x640.hdr.png	1634487	1442329
1543_nature_water-lilies-pond_miyuki-beppu-japan_ip16pro_iso80-f1p8_img-9522_4284x5712.scale1200x1600.hdr.png	10286729	9095487
1544_nature_purple-water-lily-flower_miyuki-beppu-japan_ip16pro_iso64-f1p8_img-9550_3024x4032.scale96x128.hdr.png	71951	63715
1544_nature_purple-water-lily-flower_miyuki-beppu-japan_ip16pro_iso64-f1p8_img-9550_3024x4032.scale600x800.hdr.png	2533344	2226457
1542_nature_orange-lily-flower_belltown-seattle-washington_ip16pro_iso80-f1p8_img-9149_4284x5712.scale1536x2048.hdr.png	17193857	15331256
1545_nature_stalactite-cave-lake_playa-del-carmen-mexico_ip13pro_iso1600-f1p5_img-9591_4032x3024.scale128x96.hdr.png	73913	65902
1540_nature_purple-flowers-garden_belltown-seattle-washington_ip16pro_iso100-f1p8_img-9109_4284x5712.scale1920x2560.hdr.png	27384349	24465821
1545_nature_stalactite-cave-lake_playa-del-carmen-mexico_ip13pro_iso1600-f1p5_img-9591_4032x3024.scale160x120.hdr.png	115409	102489
1545_nature_stalactite-cave-lake_playa-del-carmen-mexico_ip13pro_iso1600-f1p5_img-9591_4032x3024.scale200x150.hdr.png	180244	159324
1537_nature_purple-flowers-closeup_seward-alaska_ip16pro_iso100-f1p8_img-8764_4284x5712.scale2304x3072.hdr.png	36672221	32176335
1545_nature_stalactite-cave-lake_playa-del-carmen-mexico_ip13pro_iso1600-f1p5_img-9591_4032x3024.scale1024x768.hdr.png	4288398	3822167
1545_nature_stalactite-cave-lake_playa-del-carmen-mexico_ip13pro_iso1600-f1p5_img-9591_4032x3024.scale256x192.hdr.png	294255	259037
1544_nature_purple-water-lily-flower_miyuki-beppu-japan_ip16pro_iso64-f1p8_img-9550_3024x4032.scale768x1024.hdr.png	4121637	3603760
1545_nature_stalactite-cave-lake_playa-del-carmen-mexico_ip13pro_iso1600-f1p5_img-9591_4032x3024.scale320x240.hdr.png	454879	400239
1544_nature_purple-water-lily-flower_miyuki-beppu-japan_ip16pro_iso64-f1p8_img-9550_3024x4032.scale1200x1600.hdr.png	9978593	8676945
1545_nature_stalactite-cave-lake_playa-del-carmen-mexico_ip13pro_iso1600-f1p5_img-9591_4032x3024.scale400x300.hdr.png	701209	619126
1545_nature_stalactite-cave-lake_playa-del-carmen-mexico_ip13pro_iso1600-f1p5_img-9591_4032x3024.scale512x384.hdr.png	1130769	1000567
1541_nature_blue-wildflower-grass_snaefellsbaer-iceland_ip16pro_iso64-f1p8_img-9110_3024x4032.scale1920x2560.hdr.png	25742015	22579182
1545_nature_stalactite-cave-lake_playa-del-carmen-mexico_ip13pro_iso1600-f1p5_img-9591_4032x3024.scale640x480.hdr.png	1737620	1541752
1546_nature_underground-cave-lake_playa-del-carmen-mexico_ip13pro_iso2000-f1p5_img-9608_3024x4032.scale120x160.hdr.png	109100	96632
1546_nature_underground-cave-lake_playa-del-carmen-mexico_ip13pro_iso2000-f1p5_img-9608_3024x4032.scale150x200.hdr.png	168715	149282
1544_nature_purple-water-lily-flower_miyuki-beppu-japan_ip16pro_iso64-f1p8_img-9550_3024x4032.scale960x1280.hdr.png	6408275	5591101
1545_nature_stalactite-cave-lake_playa-del-carmen-mexico_ip13pro_iso1600-f1p5_img-9591_4032x3024.scale1280x960.hdr.png	6594631	5881129
1546_nature_underground-cave-lake_playa-del-carmen-mexico_ip13pro_iso2000-f1p5_img-9608_3024x4032.scale192x256.hdr.png	273658	242170
1545_nature_stalactite-cave-lake_playa-del-carmen-mexico_ip13pro_iso1600-f1p5_img-9591_4032x3024.scale800x600.hdr.png	2669217	2372577
1543_nature_water-lilies-pond_miyuki-beppu-japan_ip16pro_iso80-f1p8_img-9522_4284x5712.scale1536x2048.hdr.png	16683534	14702900
1546_nature_underground-cave-lake_playa-del-carmen-mexico_ip13pro_iso2000-f1p5_img-9608_3024x4032.scale240x320.hdr.png	422901	375317
1546_nature_underground-cave-lake_playa-del-carmen-mexico_ip13pro_iso2000-f1p5_img-9608_3024x4032.scale300x400.hdr.png	655356	580649
1539_nature_legs-in-water_felipe-carrillo-puerto-mexico_ip13pro_iso32-f1p8_img-8809_3024x4032.scale2304x3072.hdr.png	39750030	35144941
1546_nature_underground-cave-lake_playa-del-carmen-mexico_ip13pro_iso2000-f1p5_img-9608_3024x4032.scale384x512.hdr.png	1065749	943623
1546_nature_underground-cave-lake_playa-del-carmen-mexico_ip13pro_iso2000-f1p5_img-9608_3024x4032.scale480x640.hdr.png	1655013	1464840
1546_nature_underground-cave-lake_playa-del-carmen-mexico_ip13pro_iso2000-f1p5_img-9608_3024x4032.scale600x800.hdr.png	2574459	2277848
1546_nature_underground-cave-lake_playa-del-carmen-mexico_ip13pro_iso2000-f1p5_img-9608_3024x4032.scale96x128.hdr.png	70669	62451
1545_nature_stalactite-cave-lake_playa-del-carmen-mexico_ip13pro_iso1600-f1p5_img-9591_4032x3024.scale1600x1200.hdr.png	10146932	9056266
1547_nature_orange-flowers-garden_colorado_ip16pro_iso80-f1p8_img-9652_4284x5712.scale120x160.hdr.png	115449	107826
1547_nature_orange-flowers-garden_colorado_ip16pro_iso80-f1p8_img-9652_4284x5712.scale150x200.hdr.png	180294	166372
1546_nature_underground-cave-lake_playa-del-carmen-mexico_ip13pro_iso2000-f1p5_img-9608_3024x4032.scale768x1024.hdr.png	4193012	3712174
1544_nature_purple-water-lily-flower_miyuki-beppu-japan_ip16pro_iso64-f1p8_img-9550_3024x4032.scale1536x2048.hdr.png	16266700	14109231
1547_nature_orange-flowers-garden_colorado_ip16pro_iso80-f1p8_img-9652_4284x5712.scale192x256.hdr.png	295272	268335
1542_nature_orange-lily-flower_belltown-seattle-washington_ip16pro_iso80-f1p8_img-9149_4284x5712.scale1920x2560.hdr.png	26493813	23604418
1543_nature_water-lilies-pond_miyuki-beppu-japan_ip16pro_iso80-f1p8_img-9522_4284x5712.scale1920x2560.hdr.png	25815239	22680612
1547_nature_orange-flowers-garden_colorado_ip16pro_iso80-f1p8_img-9652_4284x5712.scale240x320.hdr.png	461239	412755
1547_nature_orange-flowers-garden_colorado_ip16pro_iso80-f1p8_img-9652_4284x5712.scale300x400.hdr.png	720534	634790
1547_nature_orange-flowers-garden_colorado_ip16pro_iso80-f1p8_img-9652_4284x5712.scale384x512.hdr.png	1155661	1019877
1540_nature_purple-flowers-garden_belltown-seattle-washington_ip16pro_iso100-f1p8_img-9109_4284x5712.scale2304x3072.hdr.png	38838818	34722913
1547_nature_orange-flowers-garden_colorado_ip16pro_iso80-f1p8_img-9652_4284x5712.scale480x640.hdr.png	1766233	1565795
1546_nature_underground-cave-lake_playa-del-carmen-mexico_ip13pro_iso2000-f1p5_img-9608_3024x4032.scale960x1280.hdr.png	6526980	5779164
1547_nature_orange-flowers-garden_colorado_ip16pro_iso80-f1p8_img-9652_4284x5712.scale96x128.hdr.png	73945	69945
1546_nature_underground-cave-lake_playa-del-carmen-mexico_ip13pro_iso2000-f1p5_img-9608_3024x4032.scale1200x1600.hdr.png	10163232	9000013
1638_food_sliced-fish-dish_colorado_s25u_iso800-f1p7_20250425-213810_3000x4000.scale120x160.hdr.png	114224	100539
1638_food_sliced-fish-dish_colorado_s25u_iso800-f1p7_20250425-213810_3000x4000.scale150x200.hdr.png	176182	155688
1541_nature_blue-wildflower-grass_snaefellsbaer-iceland_ip16pro_iso64-f1p8_img-9110_3024x4032.scale2304x3072.hdr.png	36732232	32100570
1547_nature_orange-flowers-garden_colorado_ip16pro_iso80-f1p8_img-9652_4284x5712.scale600x800.hdr.png	2701611	2403385
1638_food_sliced-fish-dish_colorado_s25u_iso800-f1p7_20250425-213810_3000x4000.scale192x256.hdr.png	285263	253285
1545_nature_stalactite-cave-lake_playa-del-carmen-mexico_ip13pro_iso1600-f1p5_img-9591_4032x3024.scale2048x1536.hdr.png	16338945	14568656
1547_nature_orange-flowers-garden_colorado_ip16pro_iso80-f1p8_img-9652_4284x5712.scale768x1024.hdr.png	4341581	3858639
1638_food_sliced-fish-dish_colorado_s25u_iso800-f1p7_20250425-213810_3000x4000.scale240x320.hdr.png	440933	388794
1638_food_sliced-fish-dish_colorado_s25u_iso800-f1p7_20250425-213810_3000x4000.scale300x400.hdr.png	680088	600651
1544_nature_purple-water-lily-flower_miyuki-beppu-japan_ip16pro_iso64-f1p8_img-9550_3024x4032.scale1920x2560.hdr.png	25241258	21782320
1547_nature_orange-flowers-garden_colorado_ip16pro_iso80-f1p8_img-9652_4284x5712.scale1200x1600.hdr.png	10281388	9110462
1638_food_sliced-fish-dish_colorado_s25u_iso800-f1p7_20250425-213810_3000x4000.scale384x512.hdr.png	1097212	970926
1546_nature_underground-cave-lake_playa-del-carmen-mexico_ip13pro_iso2000-f1p5_img-9608_3024x4032.scale1536x2048.hdr.png	16553705	14670361
1638_food_sliced-fish-dish_colorado_s25u_iso800-f1p7_20250425-213810_3000x4000.scale96x128.hdr.png	73892	64971
1638_food_sliced-fish-dish_colorado_s25u_iso800-f1p7_20250425-213810_3000x4000.scale480x640.hdr.png	1693443	1498554
1547_nature_orange-flowers-garden_colorado_ip16pro_iso80-f1p8_img-9652_4284x5712.scale960x1280.hdr.png	6675337	5926317
1639_food_sashimi-on-plate_colorado_s25u_iso200-f1p7_20250425-214145_4000x3000.scale128x96.hdr.png	73212	64588
1638_food_sliced-fish-dish_colorado_s25u_iso800-f1p7_20250425-213810_3000x4000.scale600x800.hdr.png	2615802	2308021
1639_food_sashimi-on-plate_colorado_s25u_iso200-f1p7_20250425-214145_4000x3000.scale160x120.hdr.png	113095	99313
1639_food_sashimi-on-plate_colorado_s25u_iso200-f1p7_20250425-214145_4000x3000.scale200x150.hdr.png	174718	153396
1542_nature_orange-lily-flower_belltown-seattle-washington_ip16pro_iso80-f1p8_img-9149_4284x5712.scale2304x3072.hdr.png	37692196	33552348
1638_food_sliced-fish-dish_colorado_s25u_iso800-f1p7_20250425-213810_3000x4000.scale768x1024.hdr.png	4240508	3734142
1639_food_sashimi-on-plate_colorado_s25u_iso200-f1p7_20250425-214145_4000x3000.scale256x192.hdr.png	282460	248410
1639_food_sashimi-on-plate_colorado_s25u_iso200-f1p7_20250425-214145_4000x3000.scale1024x768.hdr.png	4245696	3709739
1638_food_sliced-fish-dish_colorado_s25u_iso800-f1p7_20250425-213810_3000x4000.scale1200x1600.hdr.png	10201773	8919912
1639_food_sashimi-on-plate_colorado_s25u_iso200-f1p7_20250425-214145_4000x3000.scale320x240.hdr.png	436354	382958
1638_food_sliced-fish-dish_colorado_s25u_iso800-f1p7_20250425-213810_3000x4000.scale960x1280.hdr.png	6569004	5765394
1639_food_sashimi-on-plate_colorado_s25u_iso200-f1p7_20250425-214145_4000x3000.scale400x300.hdr.png	673934	590907
1639_food_sashimi-on-plate_colorado_s25u_iso200-f1p7_20250425-214145_4000x3000.scale512x384.hdr.png	1091832	955746
1639_food_sashimi-on-plate_colorado_s25u_iso200-f1p7_20250425-214145_4000x3000.scale640x480.hdr.png	1689545	1478120
1547_nature_orange-flowers-garden_colorado_ip16pro_iso80-f1p8_img-9652_4284x5712.scale1536x2048.hdr.png	16598896	14672498
1640_food_birthday-cake-table_colorado_ip16pro_iso125-f1p8_img-2666_4284x5712.scale120x160.hdr.png	113679	99946
1640_food_birthday-cake-table_colorado_ip16pro_iso125-f1p8_img-2666_4284x5712.scale150x200.hdr.png	176292	155155
1639_food_sashimi-on-plate_colorado_s25u_iso200-f1p7_20250425-214145_4000x3000.scale1280x960.hdr.png	6576945	5741630
1640_food_birthday-cake-table_colorado_ip16pro_iso125-f1p8_img-2666_4284x5712.scale192x256.hdr.png	285596	251734
1545_nature_stalactite-cave-lake_playa-del-carmen-mexico_ip13pro_iso1600-f1p5_img-9591_4032x3024.scale2560x1920.hdr.png	25082074	22345554
1639_food_sashimi-on-plate_colorado_s25u_iso200-f1p7_20250425-214145_4000x3000.scale800x600.hdr.png	2615412	2285607
1640_food_birthday-cake-table_colorado_ip16pro_iso125-f1p8_img-2666_4284x5712.scale240x320.hdr.png	442831	389429
1543_nature_water-lilies-pond_miyuki-beppu-japan_ip16pro_iso80-f1p8_img-9522_4284x5712.scale2304x3072.hdr.png	36856982	32279383
1640_food_birthday-cake-table_colorado_ip16pro_iso125-f1p8_img-2666_4284x5712.scale300x400.hdr.png	687316	603278
1640_food_birthday-cake-table_colorado_ip16pro_iso125-f1p8_img-2666_4284x5712.scale384x512.hdr.png	1118901	979079
1640_food_birthday-cake-table_colorado_ip16pro_iso125-f1p8_img-2666_4284x5712.scale480x640.hdr.png	1737958	1515826
1546_nature_underground-cave-lake_playa-del-carmen-mexico_ip13pro_iso2000-f1p5_img-9608_3024x4032.scale1920x2560.hdr.png	25612443	22734530
1640_food_birthday-cake-table_colorado_ip16pro_iso125-f1p8_img-2666_4284x5712.scale96x128.hdr.png	73827	64799
1638_food_sliced-fish-dish_colorado_s25u_iso800-f1p7_20250425-213810_3000x4000.scale1536x2048.hdr.png	16630291	14520854
1639_food_sashimi-on-plate_colorado_s25u_iso200-f1p7_20250425-214145_4000x3000.scale1600x1200.hdr.png	10173726	8885257
1640_food_birthday-cake-table_colorado_ip16pro_iso125-f1p8_img-2666_4284x5712.scale600x800.hdr.png	2699980	2349125
1544_nature_purple-water-lily-flower_miyuki-beppu-japan_ip16pro_iso64-f1p8_img-9550_3024x4032.scale2304x3072.hdr.png	36014002	31082739
1640_food_birthday-cake-table_colorado_ip16pro_iso125-f1p8_img-2666_4284x5712.scale768x1024.hdr.png	4395424	3820272
1640_food_birthday-cake-table_colorado_ip16pro_iso125-f1p8_img-2666_4284x5712.scale1200x1600.hdr.png	10589827	9184016
1547_nature_orange-flowers-garden_colorado_ip16pro_iso80-f1p8_img-9652_4284x5712.scale1920x2560.hdr.png	25610416	22606111
1640_food_birthday-cake-table_colorado_ip16pro_iso125-f1p8_img-2666_4284x5712.scale960x1280.hdr.png	6822920	5922431
1639_food_sashimi-on-plate_colorado_s25u_iso200-f1p7_20250425-214145_4000x3000.scale2048x1536.hdr.png	16436138	14340179
1546_nature_underground-cave-lake_playa-del-carmen-mexico_ip13pro_iso2000-f1p5_img-9608_3024x4032.scale2304x3072.hdr.png	36464220	32379028
1638_food_sliced-fish-dish_colorado_s25u_iso800-f1p7_20250425-213810_3000x4000.scale1920x2560.hdr.png	25861608	22525317
1545_nature_stalactite-cave-lake_playa-del-carmen-mexico_ip13pro_iso1600-f1p5_img-9591_4032x3024.scale3072x2304.hdr.png	35574212	31618661
1640_food_birthday-cake-table_colorado_ip16pro_iso125-f1p8_img-2666_4284x5712.scale1536x2048.hdr.png	17192812	14912941
1547_nature_orange-flowers-garden_colorado_ip16pro_iso80-f1p8_img-9652_4284x5712.scale2304x3072.hdr.png	36513154	32171823
1639_food_sashimi-on-plate_colorado_s25u_iso200-f1p7_20250425-214145_4000x3000.scale2560x1920.hdr.png	25257525	21996991
1640_food_birthday-cake-table_colorado_ip16pro_iso125-f1p8_img-2666_4284x5712.scale1920x2560.hdr.png	26610746	23071517
1638_food_sliced-fish-dish_colorado_s25u_iso800-f1p7_20250425-213810_3000x4000.scale2304x3072.hdr.png	37014754	32238226
1639_food_sashimi-on-plate_colorado_s25u_iso200-f1p7_20250425-214145_4000x3000.scale3072x2304.hdr.png	35771552	31147715
1640_food_birthday-cake-table_colorado_ip16pro_iso125-f1p8_img-2666_4284x5712.scale2304x3072.hdr.png	37932769	32837131
