1064_general_castle-bridge-moat_montjuic-castle-barcelona_zfold7_iso40-f1p7_20260315-175347_3000x4000.scale1200x1600.hdr.png	16	2	0	cICP
1064_general_castle-bridge-moat_montjuic-castle-barcelona_zfold7_iso40-f1p7_20260315-175347_3000x4000.scale120x160.hdr.png	16	2	0	cICP
1064_general_castle-bridge-moat_montjuic-castle-barcelona_zfold7_iso40-f1p7_20260315-175347_3000x4000.scale150x200.hdr.png	16	2	0	cICP
1064_general_castle-bridge-moat_montjuic-castle-barcelona_zfold7_iso40-f1p7_20260315-175347_3000x4000.scale1536x2048.hdr.png	16	2	0	cICP
1064_general_castle-bridge-moat_montjuic-castle-barcelona_zfold7_iso40-f1p7_20260315-175347_3000x4000.scale1920x2560.hdr.png	16	2	0	cICP
1064_general_castle-bridge-moat_montjuic-castle-barcelona_zfold7_iso40-f1p7_20260315-175347_3000x4000.scale192x256.hdr.png	16	2	0	cICP
1064_general_castle-bridge-moat_montjuic-castle-barcelona_zfold7_iso40-f1p7_20260315-175347_3000x4000.scale2304x3072.hdr.png	16	2	0	cICP
1064_general_castle-bridge-moat_montjuic-castle-barcelona_zfold7_iso40-f1p7_20260315-175347_3000x4000.scale240x320.hdr.png	16	2	0	cICP
1064_general_castle-bridge-moat_montjuic-castle-barcelona_zfold7_iso40-f1p7_20260315-175347_3000x4000.scale300x400.hdr.png	16	2	0	cICP
1064_general_castle-bridge-moat_montjuic-castle-barcelona_zfold7_iso40-f1p7_20260315-175347_3000x4000.scale384x512.hdr.png	16	2	0	cICP
1064_general_castle-bridge-moat_montjuic-castle-barcelona_zfold7_iso40-f1p7_20260315-175347_3000x4000.scale480x640.hdr.png	16	2	0	cICP
1064_general_castle-bridge-moat_montjuic-castle-barcelona_zfold7_iso40-f1p7_20260315-175347_3000x4000.scale600x800.hdr.png	16	2	0	cICP
1064_general_castle-bridge-moat_montjuic-castle-barcelona_zfold7_iso40-f1p7_20260315-175347_3000x4000.scale768x1024.hdr.png	16	2	0	cICP
1064_general_castle-bridge-moat_montjuic-castle-barcelona_zfold7_iso40-f1p7_20260315-175347_3000x4000.scale960x1280.hdr.png	16	2	0	cICP
1064_general_castle-bridge-moat_montjuic-castle-barcelona_zfold7_iso40-f1p7_20260315-175347_3000x4000.scale96x128.hdr.png	16	2	0	cICP
1065_general_cathedral-model-workshop_sagrada-familia-barcelona_zfold7_iso64-f1p7_20260317-165822_3000x4000.scale1200x1600.hdr.png	16	2	0	cICP
1065_general_cathedral-model-workshop_sagrada-familia-barcelona_zfold7_iso64-f1p7_20260317-165822_3000x4000.scale120x160.hdr.png	16	2	0	cICP
1065_general_cathedral-model-workshop_sagrada-familia-barcelona_zfold7_iso64-f1p7_20260317-165822_3000x4000.scale150x200.hdr.png	16	2	0	cICP
1065_general_cathedral-model-workshop_sagrada-familia-barcelona_zfold7_iso64-f1p7_20260317-165822_3000x4000.scale1536x2048.hdr.png	16	2	0	cICP
1065_general_cathedral-model-workshop_sagrada-familia-barcelona_zfold7_iso64-f1p7_20260317-165822_3000x4000.scale1920x2560.hdr.png	16	2	0	cICP
1065_general_cathedral-model-workshop_sagrada-familia-barcelona_zfold7_iso64-f1p7_20260317-165822_3000x4000.scale192x256.hdr.png	16	2	0	cICP
1065_general_cathedral-model-workshop_sagrada-familia-barcelona_zfold7_iso64-f1p7_20260317-165822_3000x4000.scale2304x3072.hdr.png	16	2	0	cICP
1065_general_cathedral-model-workshop_sagrada-familia-barcelona_zfold7_iso64-f1p7_20260317-165822_3000x4000.scale240x320.hdr.png	16	2	0	cICP
1065_general_cathedral-model-workshop_sagrada-familia-barcelona_zfold7_iso64-f1p7_20260317-165822_3000x4000.scale300x400.hdr.png	16	2	0	cICP
1065_general_cathedral-model-workshop_sagrada-familia-barcelona_zfold7_iso64-f1p7_20260317-165822_3000x4000.scale384x512.hdr.png	16	2	0	cICP
1065_general_cathedral-model-workshop_sagrada-familia-barcelona_zfold7_iso64-f1p7_20260317-165822_3000x4000.scale480x640.hdr.png	16	2	0	cICP
1065_general_cathedral-model-workshop_sagrada-familia-barcelona_zfold7_iso64-f1p7_20260317-165822_3000x4000.scale600x800.hdr.png	16	2	0	cICP
1065_general_cathedral-model-workshop_sagrada-familia-barcelona_zfold7_iso64-f1p7_20260317-165822_3000x4000.scale768x1024.hdr.png	16	2	0	cICP
1065_general_cathedral-model-workshop_sagrada-familia-barcelona_zfold7_iso64-f1p7_20260317-165822_3000x4000.scale960x1280.hdr.png	16	2	0	cICP
1065_general_cathedral-model-workshop_sagrada-familia-barcelona_zfold7_iso64-f1p7_20260317-165822_3000x4000.scale96x128.hdr.png	16	2	0	cICP
1066_general_stone-building-facade_park-guell-barcelona_zfold7_iso80-f1p7_20260318-172109_3000x4000.scale1200x1600.hdr.png	16	2	0	cICP
1066_general_stone-building-facade_park-guell-barcelona_zfold7_iso80-f1p7_20260318-172109_3000x4000.scale120x160.hdr.png	16	2	0	cICP
1066_general_stone-building-facade_park-guell-barcelona_zfold7_iso80-f1p7_20260318-172109_3000x4000.scale150x200.hdr.png	16	2	0	cICP
1066_general_stone-building-facade_park-guell-barcelona_zfold7_iso80-f1p7_20260318-172109_3000x4000.scale1536x2048.hdr.png	16	2	0	cICP
1066_general_stone-building-facade_park-guell-barcelona_zfold7_iso80-f1p7_20260318-172109_3000x4000.scale1920x2560.hdr.png	16	2	0	cICP
1066_general_stone-building-facade_park-guell-barcelona_zfold7_iso80-f1p7_20260318-172109_3000x4000.scale192x256.hdr.png	16	2	0	cICP
1066_general_stone-building-facade_park-guell-barcelona_zfold7_iso80-f1p7_20260318-172109_3000x4000.scale2304x3072.hdr.png	16	2	0	cICP
1066_general_stone-building-facade_park-guell-barcelona_zfold7_iso80-f1p7_20260318-172109_3000x4000.scale240x320.hdr.png	16	2	0	cICP
1066_general_stone-building-facade_park-guell-barcelona_zfold7_iso80-f1p7_20260318-172109_3000x4000.scale300x400.hdr.png	16	2	0	cICP
1066_general_stone-building-facade_park-guell-barcelona_zfold7_iso80-f1p7_20260318-172109_3000x4000.scale384x512.hdr.png	16	2	0	cICP
1066_general_stone-building-facade_park-guell-barcelona_zfold7_iso80-f1p7_20260318-172109_3000x4000.scale480x640.hdr.png	16	2	0	cICP
1066_general_stone-building-facade_park-guell-barcelona_zfold7_iso80-f1p7_20260318-172109_3000x4000.scale600x800.hdr.png	16	2	0	cICP
1066_general_stone-building-facade_park-guell-barcelona_zfold7_iso80-f1p7_20260318-172109_3000x4000.scale768x1024.hdr.png	16	2	0	cICP
1066_general_stone-building-facade_park-guell-barcelona_zfold7_iso80-f1p7_20260318-172109_3000x4000.scale960x1280.hdr.png	16	2	0	cICP
1066_general_stone-building-facade_park-guell-barcelona_zfold7_iso80-f1p7_20260318-172109_3000x4000.scale96x128.hdr.png	16	2	0	cICP
1067_general_architectural-model-display_la-pedrera-barcelona_zfold7_iso500-f1p7_20260319-185645_3000x4000.scale1200x1600.hdr.png	16	2	0	cICP
1067_general_architectural-model-display_la-pedrera-barcelona_zfold7_iso500-f1p7_20260319-185645_3000x4000.scale120x160.hdr.png	16	2	0	cICP
1067_general_architectural-model-display_la-pedrera-barcelona_zfold7_iso500-f1p7_20260319-185645_3000x4000.scale150x200.hdr.png	16	2	0	cICP
1067_general_architectural-model-display_la-pedrera-barcelona_zfold7_iso500-f1p7_20260319-185645_3000x4000.scale1536x2048.hdr.png	16	2	0	cICP
1067_general_architectural-model-display_la-pedrera-barcelona_zfold7_iso500-f1p7_20260319-185645_3000x4000.scale1920x2560.hdr.png	16	2	0	cICP
1067_general_architectural-model-display_la-pedrera-barcelona_zfold7_iso500-f1p7_20260319-185645_3000x4000.scale192x256.hdr.png	16	2	0	cICP
1067_general_architectural-model-display_la-pedrera-barcelona_zfold7_iso500-f1p7_20260319-185645_3000x4000.scale2304x3072.hdr.png	16	2	0	cICP
1067_general_architectural-model-display_la-pedrera-barcelona_zfold7_iso500-f1p7_20260319-185645_3000x4000.scale240x320.hdr.png	16	2	0	cICP
1067_general_architectural-model-display_la-pedrera-barcelona_zfold7_iso500-f1p7_20260319-185645_3000x4000.scale300x400.hdr.png	16	2	0	cICP
1067_general_architectural-model-display_la-pedrera-barcelona_zfold7_iso500-f1p7_20260319-185645_3000x4000.scale384x512.hdr.png	16	2	0	cICP
1067_general_architectural-model-display_la-pedrera-barcelona_zfold7_iso500-f1p7_20260319-185645_3000x4000.scale480x640.hdr.png	16	2	0	cICP
1067_general_architectural-model-display_la-pedrera-barcelona_zfold7_iso500-f1p7_20260319-185645_3000x4000.scale600x800.hdr.png	16	2	0	cICP
1067_general_architectural-model-display_la-pedrera-barcelona_zfold7_iso500-f1p7_20260319-185645_3000x4000.scale768x1024.hdr.png	16	2	0	cICP
1067_general_architectural-model-display_la-pedrera-barcelona_zfold7_iso500-f1p7_20260319-185645_3000x4000.scale960x1280.hdr.png	16	2	0	cICP
1067_general_architectural-model-display_la-pedrera-barcelona_zfold7_iso500-f1p7_20260319-185645_3000x4000.scale96x128.hdr.png	16	2	0	cICP
1069_general_illuminated-castle-night_cinderella-castle-orange_ip13pro_iso500-f1p5_img-7653_2870x3827.scale1200x1600.hdr.png	16	2	0	cICP
1069_general_illuminated-castle-night_cinderella-castle-orange_ip13pro_iso500-f1p5_img-7653_2870x3827.scale120x160.hdr.png	16	2	0	cICP
1069_general_illuminated-castle-night_cinderella-castle-orange_ip13pro_iso500-f1p5_img-7653_2870x3827.scale150x200.hdr.png	16	2	0	cICP
1069_general_illuminated-castle-night_cinderella-castle-orange_ip13pro_iso500-f1p5_img-7653_2870x3827.scale1536x2048.hdr.png	16	2	0	cICP
1069_general_illuminated-castle-night_cinderella-castle-orange_ip13pro_iso500-f1p5_img-7653_2870x3827.scale1920x2560.hdr.png	16	2	0	cICP
1069_general_illuminated-castle-night_cinderella-castle-orange_ip13pro_iso500-f1p5_img-7653_2870x3827.scale192x256.hdr.png	16	2	0	cICP
1069_general_illuminated-castle-night_cinderella-castle-orange_ip13pro_iso500-f1p5_img-7653_2870x3827.scale2304x3072.hdr.png	16	2	0	cICP
1069_general_illuminated-castle-night_cinderella-castle-orange_ip13pro_iso500-f1p5_img-7653_2870x3827.scale240x320.hdr.png	16	2	0	cICP
1069_general_illuminated-castle-night_cinderella-castle-orange_ip13pro_iso500-f1p5_img-7653_2870x3827.scale300x400.hdr.png	16	2	0	cICP
1069_general_illuminated-castle-night_cinderella-castle-orange_ip13pro_iso500-f1p5_img-7653_2870x3827.scale384x512.hdr.png	16	2	0	cICP
1069_general_illuminated-castle-night_cinderella-castle-orange_ip13pro_iso500-f1p5_img-7653_2870x3827.scale480x640.hdr.png	16	2	0	cICP
1069_general_illuminated-castle-night_cinderella-castle-orange_ip13pro_iso500-f1p5_img-7653_2870x3827.scale600x800.hdr.png	16	2	0	cICP
1069_general_illuminated-castle-night_cinderella-castle-orange_ip13pro_iso500-f1p5_img-7653_2870x3827.scale768x1024.hdr.png	16	2	0	cICP
1069_general_illuminated-castle-night_cinderella-castle-orange_ip13pro_iso500-f1p5_img-7653_2870x3827.scale960x1280.hdr.png	16	2	0	cICP
1069_general_illuminated-castle-night_cinderella-castle-orange_ip13pro_iso500-f1p5_img-7653_2870x3827.scale96x128.hdr.png	16	2	0	cICP
1070_general_stone-temple-ruins_ip13pro_iso50-f1p5_img-8852_4032x3024.scale1024x768.hdr.png	16	2	0	cICP
1070_general_stone-temple-ruins_ip13pro_iso50-f1p5_img-8852_4032x3024.scale1280x960.hdr.png	16	2	0	cICP
1070_general_stone-temple-ruins_ip13pro_iso50-f1p5_img-8852_4032x3024.scale128x96.hdr.png	16	2	0	cICP
1070_general_stone-temple-ruins_ip13pro_iso50-f1p5_img-8852_4032x3024.scale1600x1200.hdr.png	16	2	0	cICP
1070_general_stone-temple-ruins_ip13pro_iso50-f1p5_img-8852_4032x3024.scale160x120.hdr.png	16	2	0	cICP
1070_general_stone-temple-ruins_ip13pro_iso50-f1p5_img-8852_4032x3024.scale200x150.hdr.png	16	2	0	cICP
1070_general_stone-temple-ruins_ip13pro_iso50-f1p5_img-8852_4032x3024.scale2048x1536.hdr.png	16	2	0	cICP
1070_general_stone-temple-ruins_ip13pro_iso50-f1p5_img-8852_4032x3024.scale2560x1920.hdr.png	16	2	0	cICP
1070_general_stone-temple-ruins_ip13pro_iso50-f1p5_img-8852_4032x3024.scale256x192.hdr.png	16	2	0	cICP
1070_general_stone-temple-ruins_ip13pro_iso50-f1p5_img-8852_4032x3024.scale3072x2304.hdr.png	16	2	0	cICP
1070_general_stone-temple-ruins_ip13pro_iso50-f1p5_img-8852_4032x3024.scale320x240.hdr.png	16	2	0	cICP
1070_general_stone-temple-ruins_ip13pro_iso50-f1p5_img-8852_4032x3024.scale400x300.hdr.png	16	2	0	cICP
1070_general_stone-temple-ruins_ip13pro_iso50-f1p5_img-8852_4032x3024.scale512x384.hdr.png	16	2	0	cICP
1070_general_stone-temple-ruins_ip13pro_iso50-f1p5_img-8852_4032x3024.scale640x480.hdr.png	16	2	0	cICP
1070_general_stone-temple-ruins_ip13pro_iso50-f1p5_img-8852_4032x3024.scale800x600.hdr.png	16	2	0	cICP
1227_interiors_stained-glass-window_casa-batllo-barcelona_zfold7_iso1600-f1p7_20260315-205230_3000x4000.scale1200x1600.hdr.png	16	2	0	cICP
1227_interiors_stained-glass-window_casa-batllo-barcelona_zfold7_iso1600-f1p7_20260315-205230_3000x4000.scale120x160.hdr.png	16	2	0	cICP
1227_interiors_stained-glass-window_casa-batllo-barcelona_zfold7_iso1600-f1p7_20260315-205230_3000x4000.scale150x200.hdr.png	16	2	0	cICP
1227_interiors_stained-glass-window_casa-batllo-barcelona_zfold7_iso1600-f1p7_20260315-205230_3000x4000.scale1536x2048.hdr.png	16	2	0	cICP
1227_interiors_stained-glass-window_casa-batllo-barcelona_zfold7_iso1600-f1p7_20260315-205230_3000x4000.scale1920x2560.hdr.png	16	2	0	cICP
1227_interiors_stained-glass-window_casa-batllo-barcelona_zfold7_iso1600-f1p7_20260315-205230_3000x4000.scale192x256.hdr.png	16	2	0	cICP
1227_interiors_stained-glass-window_casa-batllo-barcelona_zfold7_iso1600-f1p7_20260315-205230_3000x4000.scale2304x3072.hdr.png	16	2	0	cICP
1227_interiors_stained-glass-window_casa-batllo-barcelona_zfold7_iso1600-f1p7_20260315-205230_3000x4000.scale240x320.hdr.png	16	2	0	cICP
1227_interiors_stained-glass-window_casa-batllo-barcelona_zfold7_iso1600-f1p7_20260315-205230_3000x4000.scale300x400.hdr.png	16	2	0	cICP
1227_interiors_stained-glass-window_casa-batllo-barcelona_zfold7_iso1600-f1p7_20260315-205230_3000x4000.scale384x512.hdr.png	16	2	0	cICP
1227_interiors_stained-glass-window_casa-batllo-barcelona_zfold7_iso1600-f1p7_20260315-205230_3000x4000.scale480x640.hdr.png	16	2	0	cICP
1227_interiors_stained-glass-window_casa-batllo-barcelona_zfold7_iso1600-f1p7_20260315-205230_3000x4000.scale600x800.hdr.png	16	2	0	cICP
1227_interiors_stained-glass-window_casa-batllo-barcelona_zfold7_iso1600-f1p7_20260315-205230_3000x4000.scale768x1024.hdr.png	16	2	0	cICP
1227_interiors_stained-glass-window_casa-batllo-barcelona_zfold7_iso1600-f1p7_20260315-205230_3000x4000.scale960x1280.hdr.png	16	2	0	cICP
1227_interiors_stained-glass-window_casa-batllo-barcelona_zfold7_iso1600-f1p7_20260315-205230_3000x4000.scale96x128.hdr.png	16	2	0	cICP
1228_interiors_stained-glass-windows_casa-batllo-barcelona_zfold7_iso2500-f1p7_20260315-205328_4000x3000.scale1024x768.hdr.png	16	2	0	cICP
1228_interiors_stained-glass-windows_casa-batllo-barcelona_zfold7_iso2500-f1p7_20260315-205328_4000x3000.scale1280x960.hdr.png	16	2	0	cICP
1228_interiors_stained-glass-windows_casa-batllo-barcelona_zfold7_iso2500-f1p7_20260315-205328_4000x3000.scale128x96.hdr.png	16	2	0	cICP
1228_interiors_stained-glass-windows_casa-batllo-barcelona_zfold7_iso2500-f1p7_20260315-205328_4000x3000.scale1600x1200.hdr.png	16	2	0	cICP
1228_interiors_stained-glass-windows_casa-batllo-barcelona_zfold7_iso2500-f1p7_20260315-205328_4000x3000.scale160x120.hdr.png	16	2	0	cICP
1228_interiors_stained-glass-windows_casa-batllo-barcelona_zfold7_iso2500-f1p7_20260315-205328_4000x3000.scale200x150.hdr.png	16	2	0	cICP
1228_interiors_stained-glass-windows_casa-batllo-barcelona_zfold7_iso2500-f1p7_20260315-205328_4000x3000.scale2048x1536.hdr.png	16	2	0	cICP
1228_interiors_stained-glass-windows_casa-batllo-barcelona_zfold7_iso2500-f1p7_20260315-205328_4000x3000.scale2560x1920.hdr.png	16	2	0	cICP
1228_interiors_stained-glass-windows_casa-batllo-barcelona_zfold7_iso2500-f1p7_20260315-205328_4000x3000.scale256x192.hdr.png	16	2	0	cICP
1228_interiors_stained-glass-windows_casa-batllo-barcelona_zfold7_iso2500-f1p7_20260315-205328_4000x3000.scale3072x2304.hdr.png	16	2	0	cICP
1228_interiors_stained-glass-windows_casa-batllo-barcelona_zfold7_iso2500-f1p7_20260315-205328_4000x3000.scale320x240.hdr.png	16	2	0	cICP
1228_interiors_stained-glass-windows_casa-batllo-barcelona_zfold7_iso2500-f1p7_20260315-205328_4000x3000.scale400x300.hdr.png	16	2	0	cICP
1228_interiors_stained-glass-windows_casa-batllo-barcelona_zfold7_iso2500-f1p7_20260315-205328_4000x3000.scale512x384.hdr.png	16	2	0	cICP
1228_interiors_stained-glass-windows_casa-batllo-barcelona_zfold7_iso2500-f1p7_20260315-205328_4000x3000.scale640x480.hdr.png	16	2	0	cICP
1228_interiors_stained-glass-windows_casa-batllo-barcelona_zfold7_iso2500-f1p7_20260315-205328_4000x3000.scale800x600.hdr.png	16	2	0	cICP
1229_interiors_lighted-archway-ceiling_casa-batllo-barcelona_zfold7_iso1250-f1p7_20260315-210321_3000x4000.scale1200x1600.hdr.png	16	2	0	cICP
1229_interiors_lighted-archway-ceiling_casa-batllo-barcelona_zfold7_iso1250-f1p7_20260315-210321_3000x4000.scale120x160.hdr.png	16	2	0	cICP
1229_interiors_lighted-archway-ceiling_casa-batllo-barcelona_zfold7_iso1250-f1p7_20260315-210321_3000x4000.scale150x200.hdr.png	16	2	0	cICP
1229_interiors_lighted-archway-ceiling_casa-batllo-barcelona_zfold7_iso1250-f1p7_20260315-210321_3000x4000.scale1536x2048.hdr.png	16	2	0	cICP
1229_interiors_lighted-archway-ceiling_casa-batllo-barcelona_zfold7_iso1250-f1p7_20260315-210321_3000x4000.scale1920x2560.hdr.png	16	2	0	cICP
1229_interiors_lighted-archway-ceiling_casa-batllo-barcelona_zfold7_iso1250-f1p7_20260315-210321_3000x4000.scale192x256.hdr.png	16	2	0	cICP
1229_interiors_lighted-archway-ceiling_casa-batllo-barcelona_zfold7_iso1250-f1p7_20260315-210321_3000x4000.scale2304x3072.hdr.png	16	2	0	cICP
1229_interiors_lighted-archway-ceiling_casa-batllo-barcelona_zfold7_iso1250-f1p7_20260315-210321_3000x4000.scale240x320.hdr.png	16	2	0	cICP
1229_interiors_lighted-archway-ceiling_casa-batllo-barcelona_zfold7_iso1250-f1p7_20260315-210321_3000x4000.scale300x400.hdr.png	16	2	0	cICP
1229_interiors_lighted-archway-ceiling_casa-batllo-barcelona_zfold7_iso1250-f1p7_20260315-210321_3000x4000.scale384x512.hdr.png	16	2	0	cICP
1229_interiors_lighted-archway-ceiling_casa-batllo-barcelona_zfold7_iso1250-f1p7_20260315-210321_3000x4000.scale480x640.hdr.png	16	2	0	cICP
1229_interiors_lighted-archway-ceiling_casa-batllo-barcelona_zfold7_iso1250-f1p7_20260315-210321_3000x4000.scale600x800.hdr.png	16	2	0	cICP
1229_interiors_lighted-archway-ceiling_casa-batllo-barcelona_zfold7_iso1250-f1p7_20260315-210321_3000x4000.scale768x1024.hdr.png	16	2	0	cICP
1229_interiors_lighted-archway-ceiling_casa-batllo-barcelona_zfold7_iso1250-f1p7_20260315-210321_3000x4000.scale960x1280.hdr.png	16	2	0	cICP
1229_interiors_lighted-archway-ceiling_casa-batllo-barcelona_zfold7_iso1250-f1p7_20260315-210321_3000x4000.scale96x128.hdr.png	16	2	0	cICP
1230_interiors_empty-tiled-pool_casa-batllo-barcelona_zfold7_iso640-f1p7_20260315-210432_3000x4000.scale1200x1600.hdr.png	16	2	0	cICP
1230_interiors_empty-tiled-pool_casa-batllo-barcelona_zfold7_iso640-f1p7_20260315-210432_3000x4000.scale120x160.hdr.png	16	2	0	cICP
1230_interiors_empty-tiled-pool_casa-batllo-barcelona_zfold7_iso640-f1p7_20260315-210432_3000x4000.scale150x200.hdr.png	16	2	0	cICP
1230_interiors_empty-tiled-pool_casa-batllo-barcelona_zfold7_iso640-f1p7_20260315-210432_3000x4000.scale1536x2048.hdr.png	16	2	0	cICP
1230_interiors_empty-tiled-pool_casa-batllo-barcelona_zfold7_iso640-f1p7_20260315-210432_3000x4000.scale1920x2560.hdr.png	16	2	0	cICP
1230_interiors_empty-tiled-pool_casa-batllo-barcelona_zfold7_iso640-f1p7_20260315-210432_3000x4000.scale192x256.hdr.png	16	2	0	cICP
1230_interiors_empty-tiled-pool_casa-batllo-barcelona_zfold7_iso640-f1p7_20260315-210432_3000x4000.scale2304x3072.hdr.png	16	2	0	cICP
1230_interiors_empty-tiled-pool_casa-batllo-barcelona_zfold7_iso640-f1p7_20260315-210432_3000x4000.scale240x320.hdr.png	16	2	0	cICP
1230_interiors_empty-tiled-pool_casa-batllo-barcelona_zfold7_iso640-f1p7_20260315-210432_3000x4000.scale300x400.hdr.png	16	2	0	cICP
1230_interiors_empty-tiled-pool_casa-batllo-barcelona_zfold7_iso640-f1p7_20260315-210432_3000x4000.scale384x512.hdr.png	16	2	0	cICP
1230_interiors_empty-tiled-pool_casa-batllo-barcelona_zfold7_iso640-f1p7_20260315-210432_3000x4000.scale480x640.hdr.png	16	2	0	cICP
1230_interiors_empty-tiled-pool_casa-batllo-barcelona_zfold7_iso640-f1p7_20260315-210432_3000x4000.scale600x800.hdr.png	16	2	0	cICP
1230_interiors_empty-tiled-pool_casa-batllo-barcelona_zfold7_iso640-f1p7_20260315-210432_3000x4000.scale768x1024.hdr.png	16	2	0	cICP
1230_interiors_empty-tiled-pool_casa-batllo-barcelona_zfold7_iso640-f1p7_20260315-210432_3000x4000.scale960x1280.hdr.png	16	2	0	cICP
1230_interiors_empty-tiled-pool_casa-batllo-barcelona_zfold7_iso640-f1p7_20260315-210432_3000x4000.scale96x128.hdr.png	16	2	0	cICP
1231_interiors_tiled-arched-interior_casa-batllo-barcelona_zfold7_iso640-f2p2_20260315-211323_4000x2252.scale1024x577.hdr.png	16	2	0	cICP
1231_interiors_tiled-arched-interior_casa-batllo-barcelona_zfold7_iso640-f2p2_20260315-211323_4000x2252.scale1280x721.hdr.png	16	2	0	cICP
1231_interiors_tiled-arched-interior_casa-batllo-barcelona_zfold7_iso640-f2p2_20260315-211323_4000x2252.scale128x72.hdr.png	16	2	0	cICP
1231_interiors_tiled-arched-interior_casa-batllo-barcelona_zfold7_iso640-f2p2_20260315-211323_4000x2252.scale1600x901.hdr.png	16	2	0	cICP
1231_interiors_tiled-arched-interior_casa-batllo-barcelona_zfold7_iso640-f2p2_20260315-211323_4000x2252.scale160x90.hdr.png	16	2	0	cICP
1231_interiors_tiled-arched-interior_casa-batllo-barcelona_zfold7_iso640-f2p2_20260315-211323_4000x2252.scale200x113.hdr.png	16	2	0	cICP
1231_interiors_tiled-arched-interior_casa-batllo-barcelona_zfold7_iso640-f2p2_20260315-211323_4000x2252.scale2048x1153.hdr.png	16	2	0	cICP
1231_interiors_tiled-arched-interior_casa-batllo-barcelona_zfold7_iso640-f2p2_20260315-211323_4000x2252.scale2560x1441.hdr.png	16	2	0	cICP
1231_interiors_tiled-arched-interior_casa-batllo-barcelona_zfold7_iso640-f2p2_20260315-211323_4000x2252.scale256x144.hdr.png	16	2	0	cICP
1231_interiors_tiled-arched-interior_casa-batllo-barcelona_zfold7_iso640-f2p2_20260315-211323_4000x2252.scale3072x1730.hdr.png	16	2	0	cICP
1231_interiors_tiled-arched-interior_casa-batllo-barcelona_zfold7_iso640-f2p2_20260315-211323_4000x2252.scale320x180.hdr.png	16	2	0	cICP
1231_interiors_tiled-arched-interior_casa-batllo-barcelona_zfold7_iso640-f2p2_20260315-211323_4000x2252.scale400x225.hdr.png	16	2	0	cICP
1231_interiors_tiled-arched-interior_casa-batllo-barcelona_zfold7_iso640-f2p2_20260315-211323_4000x2252.scale512x288.hdr.png	16	2	0	cICP
1231_interiors_tiled-arched-interior_casa-batllo-barcelona_zfold7_iso640-f2p2_20260315-211323_4000x2252.scale640x360.hdr.png	16	2	0	cICP
1231_interiors_tiled-arched-interior_casa-batllo-barcelona_zfold7_iso640-f2p2_20260315-211323_4000x2252.scale800x450.hdr.png	16	2	0	cICP
1232_interiors_stained-glass-windows_sagrada-familia-barcelona_zfold7_iso400-f1p7_20260317-144409_3000x4000.scale1200x1600.hdr.png	16	2	0	cICP
1232_interiors_stained-glass-windows_sagrada-familia-barcelona_zfold7_iso400-f1p7_20260317-144409_3000x4000.scale120x160.hdr.png	16	2	0	cICP
1232_interiors_stained-glass-windows_sagrada-familia-barcelona_zfold7_iso400-f1p7_20260317-144409_3000x4000.scale150x200.hdr.png	16	2	0	cICP
1232_interiors_stained-glass-windows_sagrada-familia-barcelona_zfold7_iso400-f1p7_20260317-144409_3000x4000.scale1536x2048.hdr.png	16	2	0	cICP
1232_interiors_stained-glass-windows_sagrada-familia-barcelona_zfold7_iso400-f1p7_20260317-144409_3000x4000.scale1920x2560.hdr.png	16	2	0	cICP
1232_interiors_stained-glass-windows_sagrada-familia-barcelona_zfold7_iso400-f1p7_20260317-144409_3000x4000.scale192x256.hdr.png	16	2	0	cICP
1232_interiors_stained-glass-windows_sagrada-familia-barcelona_zfold7_iso400-f1p7_20260317-144409_3000x4000.scale2304x3072.hdr.png	16	2	0	cICP
1232_interiors_stained-glass-windows_sagrada-familia-barcelona_zfold7_iso400-f1p7_20260317-144409_3000x4000.scale240x320.hdr.png	16	2	0	cICP
1232_interiors_stained-glass-windows_sagrada-familia-barcelona_zfold7_iso400-f1p7_20260317-144409_3000x4000.scale300x400.hdr.png	16	2	0	cICP
1232_interiors_stained-glass-windows_sagrada-familia-barcelona_zfold7_iso400-f1p7_20260317-144409_3000x4000.scale384x512.hdr.png	16	2	0	cICP
1232_interiors_stained-glass-windows_sagrada-familia-barcelona_zfold7_iso400-f1p7_20260317-144409_3000x4000.scale480x640.hdr.png	16	2	0	cICP
1232_interiors_stained-glass-windows_sagrada-familia-barcelona_zfold7_iso400-f1p7_20260317-144409_3000x4000.scale600x800.hdr.png	16	2	0	cICP
1232_interiors_stained-glass-windows_sagrada-familia-barcelona_zfold7_iso400-f1p7_20260317-144409_3000x4000.scale768x1024.hdr.png	16	2	0	cICP
1232_interiors_stained-glass-windows_sagrada-familia-barcelona_zfold7_iso400-f1p7_20260317-144409_3000x4000.scale960x1280.hdr.png	16	2	0	cICP
1232_interiors_stained-glass-windows_sagrada-familia-barcelona_zfold7_iso400-f1p7_20260317-144409_3000x4000.scale96x128.hdr.png	16	2	0	cICP
1233_interiors_cathedral-ceiling-interior_sagrada-familia-barcelona_zfold7_iso250-f2p2_20260317-151912_4000x3000.scale1024x768.hdr.png	16	2	0	cICP
1233_interiors_cathedral-ceiling-interior_sagrada-familia-barcelona_zfold7_iso250-f2p2_20260317-151912_4000x3000.scale1280x960.hdr.png	16	2	0	cICP
1233_interiors_cathedral-ceiling-interior_sagrada-familia-barcelona_zfold7_iso250-f2p2_20260317-151912_4000x3000.scale128x96.hdr.png	16	2	0	cICP
1233_interiors_cathedral-ceiling-interior_sagrada-familia-barcelona_zfold7_iso250-f2p2_20260317-151912_4000x3000.scale1600x1200.hdr.png	16	2	0	cICP
1233_interiors_cathedral-ceiling-interior_sagrada-familia-barcelona_zfold7_iso250-f2p2_20260317-151912_4000x3000.scale160x120.hdr.png	16	2	0	cICP
1233_interiors_cathedral-ceiling-interior_sagrada-familia-barcelona_zfold7_iso250-f2p2_20260317-151912_4000x3000.scale200x150.hdr.png	16	2	0	cICP
1233_interiors_cathedral-ceiling-interior_sagrada-familia-barcelona_zfold7_iso250-f2p2_20260317-151912_4000x3000.scale2048x1536.hdr.png	16	2	0	cICP
1233_interiors_cathedral-ceiling-interior_sagrada-familia-barcelona_zfold7_iso250-f2p2_20260317-151912_4000x3000.scale2560x1920.hdr.png	16	2	0	cICP
1233_interiors_cathedral-ceiling-interior_sagrada-familia-barcelona_zfold7_iso250-f2p2_20260317-151912_4000x3000.scale256x192.hdr.png	16	2	0	cICP
1233_interiors_cathedral-ceiling-interior_sagrada-familia-barcelona_zfold7_iso250-f2p2_20260317-151912_4000x3000.scale3072x2304.hdr.png	16	2	0	cICP
1233_interiors_cathedral-ceiling-interior_sagrada-familia-barcelona_zfold7_iso250-f2p2_20260317-151912_4000x3000.scale320x240.hdr.png	16	2	0	cICP
1233_interiors_cathedral-ceiling-interior_sagrada-familia-barcelona_zfold7_iso250-f2p2_20260317-151912_4000x3000.scale400x300.hdr.png	16	2	0	cICP
1233_interiors_cathedral-ceiling-interior_sagrada-familia-barcelona_zfold7_iso250-f2p2_20260317-151912_4000x3000.scale512x384.hdr.png	16	2	0	cICP
1233_interiors_cathedral-ceiling-interior_sagrada-familia-barcelona_zfold7_iso250-f2p2_20260317-151912_4000x3000.scale640x480.hdr.png	16	2	0	cICP
1233_interiors_cathedral-ceiling-interior_sagrada-familia-barcelona_zfold7_iso250-f2p2_20260317-151912_4000x3000.scale800x600.hdr.png	16	2	0	cICP
1234_interiors_cathedral-ceiling-columns_sagrada-familia-barcelona_zfold7_iso400-f1p7_20260317-154023_3000x4000.scale1200x1600.hdr.png	16	2	0	cICP
1234_interiors_cathedral-ceiling-columns_sagrada-familia-barcelona_zfold7_iso400-f1p7_20260317-154023_3000x4000.scale120x160.hdr.png	16	2	0	cICP
1234_interiors_cathedral-ceiling-columns_sagrada-familia-barcelona_zfold7_iso400-f1p7_20260317-154023_3000x4000.scale150x200.hdr.png	16	2	0	cICP
1234_interiors_cathedral-ceiling-columns_sagrada-familia-barcelona_zfold7_iso400-f1p7_20260317-154023_3000x4000.scale1536x2048.hdr.png	16	2	0	cICP
1234_interiors_cathedral-ceiling-columns_sagrada-familia-barcelona_zfold7_iso400-f1p7_20260317-154023_3000x4000.scale1920x2560.hdr.png	16	2	0	cICP
1234_interiors_cathedral-ceiling-columns_sagrada-familia-barcelona_zfold7_iso400-f1p7_20260317-154023_3000x4000.scale192x256.hdr.png	16	2	0	cICP
1234_interiors_cathedral-ceiling-columns_sagrada-familia-barcelona_zfold7_iso400-f1p7_20260317-154023_3000x4000.scale2304x3072.hdr.png	16	2	0	cICP
1234_interiors_cathedral-ceiling-columns_sagrada-familia-barcelona_zfold7_iso400-f1p7_20260317-154023_3000x4000.scale240x320.hdr.png	16	2	0	cICP
1234_interiors_cathedral-ceiling-columns_sagrada-familia-barcelona_zfold7_iso400-f1p7_20260317-154023_3000x4000.scale300x400.hdr.png	16	2	0	cICP
1234_interiors_cathedral-ceiling-columns_sagrada-familia-barcelona_zfold7_iso400-f1p7_20260317-154023_3000x4000.scale384x512.hdr.png	16	2	0	cICP
1234_interiors_cathedral-ceiling-columns_sagrada-familia-barcelona_zfold7_iso400-f1p7_20260317-154023_3000x4000.scale480x640.hdr.png	16	2	0	cICP
1234_interiors_cathedral-ceiling-columns_sagrada-familia-barcelona_zfold7_iso400-f1p7_20260317-154023_3000x4000.scale600x800.hdr.png	16	2	0	cICP
1234_interiors_cathedral-ceiling-columns_sagrada-familia-barcelona_zfold7_iso400-f1p7_20260317-154023_3000x4000.scale768x1024.hdr.png	16	2	0	cICP
1234_interiors_cathedral-ceiling-columns_sagrada-familia-barcelona_zfold7_iso400-f1p7_20260317-154023_3000x4000.scale960x1280.hdr.png	16	2	0	cICP
1234_interiors_cathedral-ceiling-columns_sagrada-familia-barcelona_zfold7_iso400-f1p7_20260317-154023_3000x4000.scale96x128.hdr.png	16	2	0	cICP
1235_interiors_floral-wall-mural_casa-vicens-barcelona_zfold7_iso1600-f1p7_20260319-165522_3000x4000.scale1200x1600.hdr.png	16	2	0	cICP
1235_interiors_floral-wall-mural_casa-vicens-barcelona_zfold7_iso1600-f1p7_20260319-165522_3000x4000.scale120x160.hdr.png	16	2	0	cICP
1235_interiors_floral-wall-mural_casa-vicens-barcelona_zfold7_iso1600-f1p7_20260319-165522_3000x4000.scale150x200.hdr.png	16	2	0	cICP
1235_interiors_floral-wall-mural_casa-vicens-barcelona_zfold7_iso1600-f1p7_20260319-165522_3000x4000.scale1536x2048.hdr.png	16	2	0	cICP
1235_interiors_floral-wall-mural_casa-vicens-barcelona_zfold7_iso1600-f1p7_20260319-165522_3000x4000.scale1920x2560.hdr.png	16	2	0	cICP
1235_interiors_floral-wall-mural_casa-vicens-barcelona_zfold7_iso1600-f1p7_20260319-165522_3000x4000.scale192x256.hdr.png	16	2	0	cICP
1235_interiors_floral-wall-mural_casa-vicens-barcelona_zfold7_iso1600-f1p7_20260319-165522_3000x4000.scale2304x3072.hdr.png	16	2	0	cICP
1235_interiors_floral-wall-mural_casa-vicens-barcelona_zfold7_iso1600-f1p7_20260319-165522_3000x4000.scale240x320.hdr.png	16	2	0	cICP
1235_interiors_floral-wall-mural_casa-vicens-barcelona_zfold7_iso1600-f1p7_20260319-165522_3000x4000.scale300x400.hdr.png	16	2	0	cICP
1235_interiors_floral-wall-mural_casa-vicens-barcelona_zfold7_iso1600-f1p7_20260319-165522_3000x4000.scale384x512.hdr.png	16	2	0	cICP
1235_interiors_floral-wall-mural_casa-vicens-barcelona_zfold7_iso1600-f1p7_20260319-165522_3000x4000.scale480x640.hdr.png	16	2	0	cICP
1235_interiors_floral-wall-mural_casa-vicens-barcelona_zfold7_iso1600-f1p7_20260319-165522_3000x4000.scale600x800.hdr.png	16	2	0	cICP
1235_interiors_floral-wall-mural_casa-vicens-barcelona_zfold7_iso1600-f1p7_20260319-165522_3000x4000.scale768x1024.hdr.png	16	2	0	cICP
1235_interiors_floral-wall-mural_casa-vicens-barcelona_zfold7_iso1600-f1p7_20260319-165522_3000x4000.scale960x1280.hdr.png	16	2	0	cICP
1235_interiors_floral-wall-mural_casa-vicens-barcelona_zfold7_iso1600-f1p7_20260319-165522_3000x4000.scale96x128.hdr.png	16	2	0	cICP
1236_interiors_ornate-arched-interior_casa-vicens-barcelona_zfold7_iso400-f2p2_20260319-165702_3000x4000.scale1200x1600.hdr.png	16	2	0	cICP
1236_interiors_ornate-arched-interior_casa-vicens-barcelona_zfold7_iso400-f2p2_20260319-165702_3000x4000.scale120x160.hdr.png	16	2	0	cICP
1236_interiors_ornate-arched-interior_casa-vicens-barcelona_zfold7_iso400-f2p2_20260319-165702_3000x4000.scale150x200.hdr.png	16	2	0	cICP
1236_interiors_ornate-arched-interior_casa-vicens-barcelona_zfold7_iso400-f2p2_20260319-165702_3000x4000.scale1536x2048.hdr.png	16	2	0	cICP
1236_interiors_ornate-arched-interior_casa-vicens-barcelona_zfold7_iso400-f2p2_20260319-165702_3000x4000.scale1920x2560.hdr.png	16	2	0	cICP
1236_interiors_ornate-arched-interior_casa-vicens-barcelona_zfold7_iso400-f2p2_20260319-165702_3000x4000.scale192x256.hdr.png	16	2	0	cICP
1236_interiors_ornate-arched-interior_casa-vicens-barcelona_zfold7_iso400-f2p2_20260319-165702_3000x4000.scale2304x3072.hdr.png	16	2	0	cICP
1236_interiors_ornate-arched-interior_casa-vicens-barcelona_zfold7_iso400-f2p2_20260319-165702_3000x4000.scale240x320.hdr.png	16	2	0	cICP
1236_interiors_ornate-arched-interior_casa-vicens-barcelona_zfold7_iso400-f2p2_20260319-165702_3000x4000.scale300x400.hdr.png	16	2	0	cICP
1236_interiors_ornate-arched-interior_casa-vicens-barcelona_zfold7_iso400-f2p2_20260319-165702_3000x4000.scale384x512.hdr.png	16	2	0	cICP
1236_interiors_ornate-arched-interior_casa-vicens-barcelona_zfold7_iso400-f2p2_20260319-165702_3000x4000.scale480x640.hdr.png	16	2	0	cICP
1236_interiors_ornate-arched-interior_casa-vicens-barcelona_zfold7_iso400-f2p2_20260319-165702_3000x4000.scale600x800.hdr.png	16	2	0	cICP
1236_interiors_ornate-arched-interior_casa-vicens-barcelona_zfold7_iso400-f2p2_20260319-165702_3000x4000.scale768x1024.hdr.png	16	2	0	cICP
1236_interiors_ornate-arched-interior_casa-vicens-barcelona_zfold7_iso400-f2p2_20260319-165702_3000x4000.scale960x1280.hdr.png	16	2	0	cICP
1236_interiors_ornate-arched-interior_casa-vicens-barcelona_zfold7_iso400-f2p2_20260319-165702_3000x4000.scale96x128.hdr.png	16	2	0	cICP
1237_interiors_person-standing-by-window_casa-vicens-barcelona_zfold7_iso800-f2p2_20260319-170017_3000x4000.scale1200x1600.hdr.png	16	2	0	cICP
1237_interiors_person-standing-by-window_casa-vicens-barcelona_zfold7_iso800-f2p2_20260319-170017_3000x4000.scale120x160.hdr.png	16	2	0	cICP
1237_interiors_person-standing-by-window_casa-vicens-barcelona_zfold7_iso800-f2p2_20260319-170017_3000x4000.scale150x200.hdr.png	16	2	0	cICP
1237_interiors_person-standing-by-window_casa-vicens-barcelona_zfold7_iso800-f2p2_20260319-170017_3000x4000.scale1536x2048.hdr.png	16	2	0	cICP
1237_interiors_person-standing-by-window_casa-vicens-barcelona_zfold7_iso800-f2p2_20260319-170017_3000x4000.scale1920x2560.hdr.png	16	2	0	cICP
1237_interiors_person-standing-by-window_casa-vicens-barcelona_zfold7_iso800-f2p2_20260319-170017_3000x4000.scale192x256.hdr.png	16	2	0	cICP
1237_interiors_person-standing-by-window_casa-vicens-barcelona_zfold7_iso800-f2p2_20260319-170017_3000x4000.scale2304x3072.hdr.png	16	2	0	cICP
1237_interiors_person-standing-by-window_casa-vicens-barcelona_zfold7_iso800-f2p2_20260319-170017_3000x4000.scale240x320.hdr.png	16	2	0	cICP
1237_interiors_person-standing-by-window_casa-vicens-barcelona_zfold7_iso800-f2p2_20260319-170017_3000x4000.scale300x400.hdr.png	16	2	0	cICP
1237_interiors_person-standing-by-window_casa-vicens-barcelona_zfold7_iso800-f2p2_20260319-170017_3000x4000.scale384x512.hdr.png	16	2	0	cICP
1237_interiors_person-standing-by-window_casa-vicens-barcelona_zfold7_iso800-f2p2_20260319-170017_3000x4000.scale480x640.hdr.png	16	2	0	cICP
1237_interiors_person-standing-by-window_casa-vicens-barcelona_zfold7_iso800-f2p2_20260319-170017_3000x4000.scale600x800.hdr.png	16	2	0	cICP
1237_interiors_person-standing-by-window_casa-vicens-barcelona_zfold7_iso800-f2p2_20260319-170017_3000x4000.scale768x1024.hdr.png	16	2	0	cICP
1237_interiors_person-standing-by-window_casa-vicens-barcelona_zfold7_iso800-f2p2_20260319-170017_3000x4000.scale960x1280.hdr.png	16	2	0	cICP
1237_interiors_person-standing-by-window_casa-vicens-barcelona_zfold7_iso800-f2p2_20260319-170017_3000x4000.scale96x128.hdr.png	16	2	0	cICP
1238_interiors_open-doorway-interior_casa-vicens-barcelona_zfold7_iso250-f2p2_20260319-170237_3000x4000.scale1200x1600.hdr.png	16	2	0	cICP
1238_interiors_open-doorway-interior_casa-vicens-barcelona_zfold7_iso250-f2p2_20260319-170237_3000x4000.scale120x160.hdr.png	16	2	0	cICP
1238_interiors_open-doorway-interior_casa-vicens-barcelona_zfold7_iso250-f2p2_20260319-170237_3000x4000.scale150x200.hdr.png	16	2	0	cICP
1238_interiors_open-doorway-interior_casa-vicens-barcelona_zfold7_iso250-f2p2_20260319-170237_3000x4000.scale1536x2048.hdr.png	16	2	0	cICP
1238_interiors_open-doorway-interior_casa-vicens-barcelona_zfold7_iso250-f2p2_20260319-170237_3000x4000.scale1920x2560.hdr.png	16	2	0	cICP
1238_interiors_open-doorway-interior_casa-vicens-barcelona_zfold7_iso250-f2p2_20260319-170237_3000x4000.scale192x256.hdr.png	16	2	0	cICP
1238_interiors_open-doorway-interior_casa-vicens-barcelona_zfold7_iso250-f2p2_20260319-170237_3000x4000.scale2304x3072.hdr.png	16	2	0	cICP
1238_interiors_open-doorway-interior_casa-vicens-barcelona_zfold7_iso250-f2p2_20260319-170237_3000x4000.scale240x320.hdr.png	16	2	0	cICP
1238_interiors_open-doorway-interior_casa-vicens-barcelona_zfold7_iso250-f2p2_20260319-170237_3000x4000.scale300x400.hdr.png	16	2	0	cICP
1238_interiors_open-doorway-interior_casa-vicens-barcelona_zfold7_iso250-f2p2_20260319-170237_3000x4000.scale384x512.hdr.png	16	2	0	cICP
1238_interiors_open-doorway-interior_casa-vicens-barcelona_zfold7_iso250-f2p2_20260319-170237_3000x4000.scale480x640.hdr.png	16	2	0	cICP
1238_interiors_open-doorway-interior_casa-vicens-barcelona_zfold7_iso250-f2p2_20260319-170237_3000x4000.scale600x800.hdr.png	16	2	0	cICP
1238_interiors_open-doorway-interior_casa-vicens-barcelona_zfold7_iso250-f2p2_20260319-170237_3000x4000.scale768x1024.hdr.png	16	2	0	cICP
1238_interiors_open-doorway-interior_casa-vicens-barcelona_zfold7_iso250-f2p2_20260319-170237_3000x4000.scale960x1280.hdr.png	16	2	0	cICP
1238_interiors_open-doorway-interior_casa-vicens-barcelona_zfold7_iso250-f2p2_20260319-170237_3000x4000.scale96x128.hdr.png	16	2	0	cICP
1239_interiors_decorative-coffered-ceiling_casa-vicens-barcelona_zfold7_iso800-f2p2_20260319-170252_4000x3000.scale1024x768.hdr.png	16	2	0	cICP
1239_interiors_decorative-coffered-ceiling_casa-vicens-barcelona_zfold7_iso800-f2p2_20260319-170252_4000x3000.scale1280x960.hdr.png	16	2	0	cICP
1239_interiors_decorative-coffered-ceiling_casa-vicens-barcelona_zfold7_iso800-f2p2_20260319-170252_4000x3000.scale128x96.hdr.png	16	2	0	cICP
1239_interiors_decorative-coffered-ceiling_casa-vicens-barcelona_zfold7_iso800-f2p2_20260319-170252_4000x3000.scale1600x1200.hdr.png	16	2	0	cICP
1239_interiors_decorative-coffered-ceiling_casa-vicens-barcelona_zfold7_iso800-f2p2_20260319-170252_4000x3000.scale160x120.hdr.png	16	2	0	cICP
1239_interiors_decorative-coffered-ceiling_casa-vicens-barcelona_zfold7_iso800-f2p2_20260319-170252_4000x3000.scale200x150.hdr.png	16	2	0	cICP
1239_interiors_decorative-coffered-ceiling_casa-vicens-barcelona_zfold7_iso800-f2p2_20260319-170252_4000x3000.scale2048x1536.hdr.png	16	2	0	cICP
1239_interiors_decorative-coffered-ceiling_casa-vicens-barcelona_zfold7_iso800-f2p2_20260319-170252_4000x3000.scale2560x1920.hdr.png	16	2	0	cICP
1239_interiors_decorative-coffered-ceiling_casa-vicens-barcelona_zfold7_iso800-f2p2_20260319-170252_4000x3000.scale256x192.hdr.png	16	2	0	cICP
1239_interiors_decorative-coffered-ceiling_casa-vicens-barcelona_zfold7_iso800-f2p2_20260319-170252_4000x3000.scale3072x2304.hdr.png	16	2	0	cICP
1239_interiors_decorative-coffered-ceiling_casa-vicens-barcelona_zfold7_iso800-f2p2_20260319-170252_4000x3000.scale320x240.hdr.png	16	2	0	cICP
1239_interiors_decorative-coffered-ceiling_casa-vicens-barcelona_zfold7_iso800-f2p2_20260319-170252_4000x3000.scale400x300.hdr.png	16	2	0	cICP
1239_interiors_decorative-coffered-ceiling_casa-vicens-barcelona_zfold7_iso800-f2p2_20260319-170252_4000x3000.scale512x384.hdr.png	16	2	0	cICP
1239_interiors_decorative-coffered-ceiling_casa-vicens-barcelona_zfold7_iso800-f2p2_20260319-170252_4000x3000.scale640x480.hdr.png	16	2	0	cICP
1239_interiors_decorative-coffered-ceiling_casa-vicens-barcelona_zfold7_iso800-f2p2_20260319-170252_4000x3000.scale800x600.hdr.png	16	2	0	cICP
1240_interiors_bathroom-with-bathtub_casa-vicens-barcelona_zfold7_iso1000-f2p2_20260319-170336_3000x4000.scale1200x1600.hdr.png	16	2	0	cICP
1240_interiors_bathroom-with-bathtub_casa-vicens-barcelona_zfold7_iso1000-f2p2_20260319-170336_3000x4000.scale120x160.hdr.png	16	2	0	cICP
1240_interiors_bathroom-with-bathtub_casa-vicens-barcelona_zfold7_iso1000-f2p2_20260319-170336_3000x4000.scale150x200.hdr.png	16	2	0	cICP
1240_interiors_bathroom-with-bathtub_casa-vicens-barcelona_zfold7_iso1000-f2p2_20260319-170336_3000x4000.scale1536x2048.hdr.png	16	2	0	cICP
1240_interiors_bathroom-with-bathtub_casa-vicens-barcelona_zfold7_iso1000-f2p2_20260319-170336_3000x4000.scale1920x2560.hdr.png	16	2	0	cICP
1240_interiors_bathroom-with-bathtub_casa-vicens-barcelona_zfold7_iso1000-f2p2_20260319-170336_3000x4000.scale192x256.hdr.png	16	2	0	cICP
1240_interiors_bathroom-with-bathtub_casa-vicens-barcelona_zfold7_iso1000-f2p2_20260319-170336_3000x4000.scale2304x3072.hdr.png	16	2	0	cICP
1240_interiors_bathroom-with-bathtub_casa-vicens-barcelona_zfold7_iso1000-f2p2_20260319-170336_3000x4000.scale240x320.hdr.png	16	2	0	cICP
1240_interiors_bathroom-with-bathtub_casa-vicens-barcelona_zfold7_iso1000-f2p2_20260319-170336_3000x4000.scale300x400.hdr.png	16	2	0	cICP
1240_interiors_bathroom-with-bathtub_casa-vicens-barcelona_zfold7_iso1000-f2p2_20260319-170336_3000x4000.scale384x512.hdr.png	16	2	0	cICP
1240_interiors_bathroom-with-bathtub_casa-vicens-barcelona_zfold7_iso1000-f2p2_20260319-170336_3000x4000.scale480x640.hdr.png	16	2	0	cICP
1240_interiors_bathroom-with-bathtub_casa-vicens-barcelona_zfold7_iso1000-f2p2_20260319-170336_3000x4000.scale600x800.hdr.png	16	2	0	cICP
1240_interiors_bathroom-with-bathtub_casa-vicens-barcelona_zfold7_iso1000-f2p2_20260319-170336_3000x4000.scale768x1024.hdr.png	16	2	0	cICP
1240_interiors_bathroom-with-bathtub_casa-vicens-barcelona_zfold7_iso1000-f2p2_20260319-170336_3000x4000.scale960x1280.hdr.png	16	2	0	cICP
1240_interiors_bathroom-with-bathtub_casa-vicens-barcelona_zfold7_iso1000-f2p2_20260319-170336_3000x4000.scale96x128.hdr.png	16	2	0	cICP
1241_interiors_living-room-sofa_la-pedrera-barcelona_zfold7_iso1000-f1p7_20260319-183640_3000x4000.scale1200x1600.hdr.png	16	2	0	cICP
1241_interiors_living-room-sofa_la-pedrera-barcelona_zfold7_iso1000-f1p7_20260319-183640_3000x4000.scale120x160.hdr.png	16	2	0	cICP
1241_interiors_living-room-sofa_la-pedrera-barcelona_zfold7_iso1000-f1p7_20260319-183640_3000x4000.scale150x200.hdr.png	16	2	0	cICP
1241_interiors_living-room-sofa_la-pedrera-barcelona_zfold7_iso1000-f1p7_20260319-183640_3000x4000.scale1536x2048.hdr.png	16	2	0	cICP
1241_interiors_living-room-sofa_la-pedrera-barcelona_zfold7_iso1000-f1p7_20260319-183640_3000x4000.scale1920x2560.hdr.png	16	2	0	cICP
1241_interiors_living-room-sofa_la-pedrera-barcelona_zfold7_iso1000-f1p7_20260319-183640_3000x4000.scale192x256.hdr.png	16	2	0	cICP
1241_interiors_living-room-sofa_la-pedrera-barcelona_zfold7_iso1000-f1p7_20260319-183640_3000x4000.scale2304x3072.hdr.png	16	2	0	cICP
1241_interiors_living-room-sofa_la-pedrera-barcelona_zfold7_iso1000-f1p7_20260319-183640_3000x4000.scale240x320.hdr.png	16	2	0	cICP
1241_interiors_living-room-sofa_la-pedrera-barcelona_zfold7_iso1000-f1p7_20260319-183640_3000x4000.scale300x400.hdr.png	16	2	0	cICP
1241_interiors_living-room-sofa_la-pedrera-barcelona_zfold7_iso1000-f1p7_20260319-183640_3000x4000.scale384x512.hdr.png	16	2	0	cICP
1241_interiors_living-room-sofa_la-pedrera-barcelona_zfold7_iso1000-f1p7_20260319-183640_3000x4000.scale480x640.hdr.png	16	2	0	cICP
1241_interiors_living-room-sofa_la-pedrera-barcelona_zfold7_iso1000-f1p7_20260319-183640_3000x4000.scale600x800.hdr.png	16	2	0	cICP
1241_interiors_living-room-sofa_la-pedrera-barcelona_zfold7_iso1000-f1p7_20260319-183640_3000x4000.scale768x1024.hdr.png	16	2	0	cICP
1241_interiors_living-room-sofa_la-pedrera-barcelona_zfold7_iso1000-f1p7_20260319-183640_3000x4000.scale960x1280.hdr.png	16	2	0	cICP
1241_interiors_living-room-sofa_la-pedrera-barcelona_zfold7_iso1000-f1p7_20260319-183640_3000x4000.scale96x128.hdr.png	16	2	0	cICP
1242_interiors_storage-room-clutter_la-pedrera-barcelona_zfold7_iso640-f2p2_20260319-183704_3000x4000.scale1200x1600.hdr.png	16	2	0	cICP
1242_interiors_storage-room-clutter_la-pedrera-barcelona_zfold7_iso640-f2p2_20260319-183704_3000x4000.scale120x160.hdr.png	16	2	0	cICP
1242_interiors_storage-room-clutter_la-pedrera-barcelona_zfold7_iso640-f2p2_20260319-183704_3000x4000.scale150x200.hdr.png	16	2	0	cICP
1242_interiors_storage-room-clutter_la-pedrera-barcelona_zfold7_iso640-f2p2_20260319-183704_3000x4000.scale1536x2048.hdr.png	16	2	0	cICP
1242_interiors_storage-room-clutter_la-pedrera-barcelona_zfold7_iso640-f2p2_20260319-183704_3000x4000.scale1920x2560.hdr.png	16	2	0	cICP
1242_interiors_storage-room-clutter_la-pedrera-barcelona_zfold7_iso640-f2p2_20260319-183704_3000x4000.scale192x256.hdr.png	16	2	0	cICP
1242_interiors_storage-room-clutter_la-pedrera-barcelona_zfold7_iso640-f2p2_20260319-183704_3000x4000.scale2304x3072.hdr.png	16	2	0	cICP
1242_interiors_storage-room-clutter_la-pedrera-barcelona_zfold7_iso640-f2p2_20260319-183704_3000x4000.scale240x320.hdr.png	16	2	0	cICP
1242_interiors_storage-room-clutter_la-pedrera-barcelona_zfold7_iso640-f2p2_20260319-183704_3000x4000.scale300x400.hdr.png	16	2	0	cICP
1242_interiors_storage-room-clutter_la-pedrera-barcelona_zfold7_iso640-f2p2_20260319-183704_3000x4000.scale384x512.hdr.png	16	2	0	cICP
1242_interiors_storage-room-clutter_la-pedrera-barcelona_zfold7_iso640-f2p2_20260319-183704_3000x4000.scale480x640.hdr.png	16	2	0	cICP
1242_interiors_storage-room-clutter_la-pedrera-barcelona_zfold7_iso640-f2p2_20260319-183704_3000x4000.scale600x800.hdr.png	16	2	0	cICP
1242_interiors_storage-room-clutter_la-pedrera-barcelona_zfold7_iso640-f2p2_20260319-183704_3000x4000.scale768x1024.hdr.png	16	2	0	cICP
1242_interiors_storage-room-clutter_la-pedrera-barcelona_zfold7_iso640-f2p2_20260319-183704_3000x4000.scale960x1280.hdr.png	16	2	0	cICP
1242_interiors_storage-room-clutter_la-pedrera-barcelona_zfold7_iso640-f2p2_20260319-183704_3000x4000.scale96x128.hdr.png	16	2	0	cICP
1243_interiors_vintage-living-room_la-pedrera-barcelona_zfold7_iso400-f2p2_20260319-183921_3000x4000.scale1200x1600.hdr.png	16	2	0	cICP
1243_interiors_vintage-living-room_la-pedrera-barcelona_zfold7_iso400-f2p2_20260319-183921_3000x4000.scale120x160.hdr.png	16	2	0	cICP
1243_interiors_vintage-living-room_la-pedrera-barcelona_zfold7_iso400-f2p2_20260319-183921_3000x4000.scale150x200.hdr.png	16	2	0	cICP
1243_interiors_vintage-living-room_la-pedrera-barcelona_zfold7_iso400-f2p2_20260319-183921_3000x4000.scale1536x2048.hdr.png	16	2	0	cICP
1243_interiors_vintage-living-room_la-pedrera-barcelona_zfold7_iso400-f2p2_20260319-183921_3000x4000.scale1920x2560.hdr.png	16	2	0	cICP
1243_interiors_vintage-living-room_la-pedrera-barcelona_zfold7_iso400-f2p2_20260319-183921_3000x4000.scale192x256.hdr.png	16	2	0	cICP
1243_interiors_vintage-living-room_la-pedrera-barcelona_zfold7_iso400-f2p2_20260319-183921_3000x4000.scale2304x3072.hdr.png	16	2	0	cICP
1243_interiors_vintage-living-room_la-pedrera-barcelona_zfold7_iso400-f2p2_20260319-183921_3000x4000.scale240x320.hdr.png	16	2	0	cICP
1243_interiors_vintage-living-room_la-pedrera-barcelona_zfold7_iso400-f2p2_20260319-183921_3000x4000.scale300x400.hdr.png	16	2	0	cICP
1243_interiors_vintage-living-room_la-pedrera-barcelona_zfold7_iso400-f2p2_20260319-183921_3000x4000.scale384x512.hdr.png	16	2	0	cICP
1243_interiors_vintage-living-room_la-pedrera-barcelona_zfold7_iso400-f2p2_20260319-183921_3000x4000.scale480x640.hdr.png	16	2	0	cICP
1243_interiors_vintage-living-room_la-pedrera-barcelona_zfold7_iso400-f2p2_20260319-183921_3000x4000.scale600x800.hdr.png	16	2	0	cICP
1243_interiors_vintage-living-room_la-pedrera-barcelona_zfold7_iso400-f2p2_20260319-183921_3000x4000.scale768x1024.hdr.png	16	2	0	cICP
1243_interiors_vintage-living-room_la-pedrera-barcelona_zfold7_iso400-f2p2_20260319-183921_3000x4000.scale960x1280.hdr.png	16	2	0	cICP
1243_interiors_vintage-living-room_la-pedrera-barcelona_zfold7_iso400-f2p2_20260319-183921_3000x4000.scale96x128.hdr.png	16	2	0	cICP
1244_interiors_painted-ceiling-columns_la-pedrera-barcelona_zfold7_iso800-f1p7_20260319-194130_3000x4000.scale1200x1600.hdr.png	16	2	0	cICP
1244_interiors_painted-ceiling-columns_la-pedrera-barcelona_zfold7_iso800-f1p7_20260319-194130_3000x4000.scale120x160.hdr.png	16	2	0	cICP
1244_interiors_painted-ceiling-columns_la-pedrera-barcelona_zfold7_iso800-f1p7_20260319-194130_3000x4000.scale150x200.hdr.png	16	2	0	cICP
1244_interiors_painted-ceiling-columns_la-pedrera-barcelona_zfold7_iso800-f1p7_20260319-194130_3000x4000.scale1536x2048.hdr.png	16	2	0	cICP
1244_interiors_painted-ceiling-columns_la-pedrera-barcelona_zfold7_iso800-f1p7_20260319-194130_3000x4000.scale1920x2560.hdr.png	16	2	0	cICP
1244_interiors_painted-ceiling-columns_la-pedrera-barcelona_zfold7_iso800-f1p7_20260319-194130_3000x4000.scale192x256.hdr.png	16	2	0	cICP
1244_interiors_painted-ceiling-columns_la-pedrera-barcelona_zfold7_iso800-f1p7_20260319-194130_3000x4000.scale2304x3072.hdr.png	16	2	0	cICP
1244_interiors_painted-ceiling-columns_la-pedrera-barcelona_zfold7_iso800-f1p7_20260319-194130_3000x4000.scale240x320.hdr.png	16	2	0	cICP
1244_interiors_painted-ceiling-columns_la-pedrera-barcelona_zfold7_iso800-f1p7_20260319-194130_3000x4000.scale300x400.hdr.png	16	2	0	cICP
1244_interiors_painted-ceiling-columns_la-pedrera-barcelona_zfold7_iso800-f1p7_20260319-194130_3000x4000.scale384x512.hdr.png	16	2	0	cICP
1244_interiors_painted-ceiling-columns_la-pedrera-barcelona_zfold7_iso800-f1p7_20260319-194130_3000x4000.scale480x640.hdr.png	16	2	0	cICP
1244_interiors_painted-ceiling-columns_la-pedrera-barcelona_zfold7_iso800-f1p7_20260319-194130_3000x4000.scale600x800.hdr.png	16	2	0	cICP
1244_interiors_painted-ceiling-columns_la-pedrera-barcelona_zfold7_iso800-f1p7_20260319-194130_3000x4000.scale768x1024.hdr.png	16	2	0	cICP
1244_interiors_painted-ceiling-columns_la-pedrera-barcelona_zfold7_iso800-f1p7_20260319-194130_3000x4000.scale960x1280.hdr.png	16	2	0	cICP
1244_interiors_painted-ceiling-columns_la-pedrera-barcelona_zfold7_iso800-f1p7_20260319-194130_3000x4000.scale96x128.hdr.png	16	2	0	cICP
1245_interiors_circular-building-interior_la-pedrera-barcelona_zfold7_iso1000-f2p2_20260319-194139_4000x3000.scale1024x768.hdr.png	16	2	0	cICP
1245_interiors_circular-building-interior_la-pedrera-barcelona_zfold7_iso1000-f2p2_20260319-194139_4000x3000.scale1280x960.hdr.png	16	2	0	cICP
1245_interiors_circular-building-interior_la-pedrera-barcelona_zfold7_iso1000-f2p2_20260319-194139_4000x3000.scale128x96.hdr.png	16	2	0	cICP
1245_interiors_circular-building-interior_la-pedrera-barcelona_zfold7_iso1000-f2p2_20260319-194139_4000x3000.scale1600x1200.hdr.png	16	2	0	cICP
1245_interiors_circular-building-interior_la-pedrera-barcelona_zfold7_iso1000-f2p2_20260319-194139_4000x3000.scale160x120.hdr.png	16	2	0	cICP
1245_interiors_circular-building-interior_la-pedrera-barcelona_zfold7_iso1000-f2p2_20260319-194139_4000x3000.scale200x150.hdr.png	16	2	0	cICP
1245_interiors_circular-building-interior_la-pedrera-barcelona_zfold7_iso1000-f2p2_20260319-194139_4000x3000.scale2048x1536.hdr.png	16	2	0	cICP
1245_interiors_circular-building-interior_la-pedrera-barcelona_zfold7_iso1000-f2p2_20260319-194139_4000x3000.scale2560x1920.hdr.png	16	2	0	cICP
1245_interiors_circular-building-interior_la-pedrera-barcelona_zfold7_iso1000-f2p2_20260319-194139_4000x3000.scale256x192.hdr.png	16	2	0	cICP
1245_interiors_circular-building-interior_la-pedrera-barcelona_zfold7_iso1000-f2p2_20260319-194139_4000x3000.scale3072x2304.hdr.png	16	2	0	cICP
1245_interiors_circular-building-interior_la-pedrera-barcelona_zfold7_iso1000-f2p2_20260319-194139_4000x3000.scale320x240.hdr.png	16	2	0	cICP
1245_interiors_circular-building-interior_la-pedrera-barcelona_zfold7_iso1000-f2p2_20260319-194139_4000x3000.scale400x300.hdr.png	16	2	0	cICP
1245_interiors_circular-building-interior_la-pedrera-barcelona_zfold7_iso1000-f2p2_20260319-194139_4000x3000.scale512x384.hdr.png	16	2	0	cICP
1245_interiors_circular-building-interior_la-pedrera-barcelona_zfold7_iso1000-f2p2_20260319-194139_4000x3000.scale640x480.hdr.png	16	2	0	cICP
1245_interiors_circular-building-interior_la-pedrera-barcelona_zfold7_iso1000-f2p2_20260319-194139_4000x3000.scale800x600.hdr.png	16	2	0	cICP
1246_interiors_woven-roof-structure_azulik-city-arts-francisco-uh-may_ip13pro_iso32-f1p8_img-8944_4032x3024.scale1024x768.hdr.png	16	2	0	cICP
1246_interiors_woven-roof-structure_azulik-city-arts-francisco-uh-may_ip13pro_iso32-f1p8_img-8944_4032x3024.scale1280x960.hdr.png	16	2	0	cICP
1246_interiors_woven-roof-structure_azulik-city-arts-francisco-uh-may_ip13pro_iso32-f1p8_img-8944_4032x3024.scale128x96.hdr.png	16	2	0	cICP
1246_interiors_woven-roof-structure_azulik-city-arts-francisco-uh-may_ip13pro_iso32-f1p8_img-8944_4032x3024.scale1600x1200.hdr.png	16	2	0	cICP
1246_interiors_woven-roof-structure_azulik-city-arts-francisco-uh-may_ip13pro_iso32-f1p8_img-8944_4032x3024.scale160x120.hdr.png	16	2	0	cICP
1246_interiors_woven-roof-structure_azulik-city-arts-francisco-uh-may_ip13pro_iso32-f1p8_img-8944_4032x3024.scale200x150.hdr.png	16	2	0	cICP
1246_interiors_woven-roof-structure_azulik-city-arts-francisco-uh-may_ip13pro_iso32-f1p8_img-8944_4032x3024.scale2048x1536.hdr.png	16	2	0	cICP
1246_interiors_woven-roof-structure_azulik-city-arts-francisco-uh-may_ip13pro_iso32-f1p8_img-8944_4032x3024.scale2560x1920.hdr.png	16	2	0	cICP
1246_interiors_woven-roof-structure_azulik-city-arts-francisco-uh-may_ip13pro_iso32-f1p8_img-8944_4032x3024.scale256x192.hdr.png	16	2	0	cICP
1246_interiors_woven-roof-structure_azulik-city-arts-francisco-uh-may_ip13pro_iso32-f1p8_img-8944_4032x3024.scale3072x2304.hdr.png	16	2	0	cICP
1246_interiors_woven-roof-structure_azulik-city-arts-francisco-uh-may_ip13pro_iso32-f1p8_img-8944_4032x3024.scale320x240.hdr.png	16	2	0	cICP
1246_interiors_woven-roof-structure_azulik-city-arts-francisco-uh-may_ip13pro_iso32-f1p8_img-8944_4032x3024.scale400x300.hdr.png	16	2	0	cICP
1246_interiors_woven-roof-structure_azulik-city-arts-francisco-uh-may_ip13pro_iso32-f1p8_img-8944_4032x3024.scale512x384.hdr.png	16	2	0	cICP
1246_interiors_woven-roof-structure_azulik-city-arts-francisco-uh-may_ip13pro_iso32-f1p8_img-8944_4032x3024.scale640x480.hdr.png	16	2	0	cICP
1246_interiors_woven-roof-structure_azulik-city-arts-francisco-uh-may_ip13pro_iso32-f1p8_img-8944_4032x3024.scale800x600.hdr.png	16	2	0	cICP
1487_nature_glacier-over-water_kenai-peninsula-borough-alaska_s25u_iso40-f1p7_20250801-135016_3000x4000.scale1200x1600.hdr.png	16	2	0	cICP
1487_nature_glacier-over-water_kenai-peninsula-borough-alaska_s25u_iso40-f1p7_20250801-135016_3000x4000.scale120x160.hdr.png	16	2	0	cICP
1487_nature_glacier-over-water_kenai-peninsula-borough-alaska_s25u_iso40-f1p7_20250801-135016_3000x4000.scale150x200.hdr.png	16	2	0	cICP
1487_nature_glacier-over-water_kenai-peninsula-borough-alaska_s25u_iso40-f1p7_20250801-135016_3000x4000.scale1536x2048.hdr.png	16	2	0	cICP
1487_nature_glacier-over-water_kenai-peninsula-borough-alaska_s25u_iso40-f1p7_20250801-135016_3000x4000.scale1920x2560.hdr.png	16	2	0	cICP
1487_nature_glacier-over-water_kenai-peninsula-borough-alaska_s25u_iso40-f1p7_20250801-135016_3000x4000.scale192x256.hdr.png	16	2	0	cICP
1487_nature_glacier-over-water_kenai-peninsula-borough-alaska_s25u_iso40-f1p7_20250801-135016_3000x4000.scale2304x3072.hdr.png	16	2	0	cICP
1487_nature_glacier-over-water_kenai-peninsula-borough-alaska_s25u_iso40-f1p7_20250801-135016_3000x4000.scale240x320.hdr.png	16	2	0	cICP
1487_nature_glacier-over-water_kenai-peninsula-borough-alaska_s25u_iso40-f1p7_20250801-135016_3000x4000.scale300x400.hdr.png	16	2	0	cICP
1487_nature_glacier-over-water_kenai-peninsula-borough-alaska_s25u_iso40-f1p7_20250801-135016_3000x4000.scale384x512.hdr.png	16	2	0	cICP
1487_nature_glacier-over-water_kenai-peninsula-borough-alaska_s25u_iso40-f1p7_20250801-135016_3000x4000.scale480x640.hdr.png	16	2	0	cICP
1487_nature_glacier-over-water_kenai-peninsula-borough-alaska_s25u_iso40-f1p7_20250801-135016_3000x4000.scale600x800.hdr.png	16	2	0	cICP
1487_nature_glacier-over-water_kenai-peninsula-borough-alaska_s25u_iso40-f1p7_20250801-135016_3000x4000.scale768x1024.hdr.png	16	2	0	cICP
1487_nature_glacier-over-water_kenai-peninsula-borough-alaska_s25u_iso40-f1p7_20250801-135016_3000x4000.scale960x1280.hdr.png	16	2	0	cICP
1487_nature_glacier-over-water_kenai-peninsula-borough-alaska_s25u_iso40-f1p7_20250801-135016_3000x4000.scale96x128.hdr.png	16	2	0	cICP
1488_nature_iceberg-ocean-landscape_yakutat-alaska_s25u_iso80-f1p7_20250803-185104_3000x4000.scale1200x1600.hdr.png	16	2	0	cICP
1488_nature_iceberg-ocean-landscape_yakutat-alaska_s25u_iso80-f1p7_20250803-185104_3000x4000.scale120x160.hdr.png	16	2	0	cICP
1488_nature_iceberg-ocean-landscape_yakutat-alaska_s25u_iso80-f1p7_20250803-185104_3000x4000.scale150x200.hdr.png	16	2	0	cICP
1488_nature_iceberg-ocean-landscape_yakutat-alaska_s25u_iso80-f1p7_20250803-185104_3000x4000.scale1536x2048.hdr.png	16	2	0	cICP
1488_nature_iceberg-ocean-landscape_yakutat-alaska_s25u_iso80-f1p7_20250803-185104_3000x4000.scale1920x2560.hdr.png	16	2	0	cICP
1488_nature_iceberg-ocean-landscape_yakutat-alaska_s25u_iso80-f1p7_20250803-185104_3000x4000.scale192x256.hdr.png	16	2	0	cICP
1488_nature_iceberg-ocean-landscape_yakutat-alaska_s25u_iso80-f1p7_20250803-185104_3000x4000.scale2304x3072.hdr.png	16	2	0	cICP
1488_nature_iceberg-ocean-landscape_yakutat-alaska_s25u_iso80-f1p7_20250803-185104_3000x4000.scale240x320.hdr.png	16	2	0	cICP
1488_nature_iceberg-ocean-landscape_yakutat-alaska_s25u_iso80-f1p7_20250803-185104_3000x4000.scale300x400.hdr.png	16	2	0	cICP
1488_nature_iceberg-ocean-landscape_yakutat-alaska_s25u_iso80-f1p7_20250803-185104_3000x4000.scale384x512.hdr.png	16	2	0	cICP
1488_nature_iceberg-ocean-landscape_yakutat-alaska_s25u_iso80-f1p7_20250803-185104_3000x4000.scale480x640.hdr.png	16	2	0	cICP
1488_nature_iceberg-ocean-landscape_yakutat-alaska_s25u_iso80-f1p7_20250803-185104_3000x4000.scale600x800.hdr.png	16	2	0	cICP
1488_nature_iceberg-ocean-landscape_yakutat-alaska_s25u_iso80-f1p7_20250803-185104_3000x4000.scale768x1024.hdr.png	16	2	0	cICP
1488_nature_iceberg-ocean-landscape_yakutat-alaska_s25u_iso80-f1p7_20250803-185104_3000x4000.scale960x1280.hdr.png	16	2	0	cICP
1488_nature_iceberg-ocean-landscape_yakutat-alaska_s25u_iso80-f1p7_20250803-185104_3000x4000.scale96x128.hdr.png	16	2	0	cICP
1489_nature_cruise-ship-deck_unorganized-borough-alaska_s25u_iso125-f1p7_20250804-210918_3000x4000.scale1200x1600.hdr.png	16	2	0	cICP
1489_nature_cruise-ship-deck_unorganized-borough-alaska_s25u_iso125-f1p7_20250804-210918_3000x4000.scale120x160.hdr.png	16	2	0	cICP
1489_nature_cruise-ship-deck_unorganized-borough-alaska_s25u_iso125-f1p7_20250804-210918_3000x4000.scale150x200.hdr.png	16	2	0	cICP
1489_nature_cruise-ship-deck_unorganized-borough-alaska_s25u_iso125-f1p7_20250804-210918_3000x4000.scale1536x2048.hdr.png	16	2	0	cICP
1489_nature_cruise-ship-deck_unorganized-borough-alaska_s25u_iso125-f1p7_20250804-210918_3000x4000.scale1920x2560.hdr.png	16	2	0	cICP
1489_nature_cruise-ship-deck_unorganized-borough-alaska_s25u_iso125-f1p7_20250804-210918_3000x4000.scale192x256.hdr.png	16	2	0	cICP
1489_nature_cruise-ship-deck_unorganized-borough-alaska_s25u_iso125-f1p7_20250804-210918_3000x4000.scale2304x3072.hdr.png	16	2	0	cICP
1489_nature_cruise-ship-deck_unorganized-borough-alaska_s25u_iso125-f1p7_20250804-210918_3000x4000.scale240x320.hdr.png	16	2	0	cICP
1489_nature_cruise-ship-deck_unorganized-borough-alaska_s25u_iso125-f1p7_20250804-210918_3000x4000.scale300x400.hdr.png	16	2	0	cICP
1489_nature_cruise-ship-deck_unorganized-borough-alaska_s25u_iso125-f1p7_20250804-210918_3000x4000.scale384x512.hdr.png	16	2	0	cICP
1489_nature_cruise-ship-deck_unorganized-borough-alaska_s25u_iso125-f1p7_20250804-210918_3000x4000.scale480x640.hdr.png	16	2	0	cICP
1489_nature_cruise-ship-deck_unorganized-borough-alaska_s25u_iso125-f1p7_20250804-210918_3000x4000.scale600x800.hdr.png	16	2	0	cICP
1489_nature_cruise-ship-deck_unorganized-borough-alaska_s25u_iso125-f1p7_20250804-210918_3000x4000.scale768x1024.hdr.png	16	2	0	cICP
1489_nature_cruise-ship-deck_unorganized-borough-alaska_s25u_iso125-f1p7_20250804-210918_3000x4000.scale960x1280.hdr.png	16	2	0	cICP
1489_nature_cruise-ship-deck_unorganized-borough-alaska_s25u_iso125-f1p7_20250804-210918_3000x4000.scale96x128.hdr.png	16	2	0	cICP
1490_nature_boat-wake-at-sunset_unorganized-borough-alaska_s25u_iso200-f1p7_20250804-211018_3000x4000.scale1200x1600.hdr.png	16	2	0	cICP
1490_nature_boat-wake-at-sunset_unorganized-borough-alaska_s25u_iso200-f1p7_20250804-211018_3000x4000.scale120x160.hdr.png	16	2	0	cICP
1490_nature_boat-wake-at-sunset_unorganized-borough-alaska_s25u_iso200-f1p7_20250804-211018_3000x4000.scale150x200.hdr.png	16	2	0	cICP
1490_nature_boat-wake-at-sunset_unorganized-borough-alaska_s25u_iso200-f1p7_20250804-211018_3000x4000.scale1536x2048.hdr.png	16	2	0	cICP
1490_nature_boat-wake-at-sunset_unorganized-borough-alaska_s25u_iso200-f1p7_20250804-211018_3000x4000.scale1920x2560.hdr.png	16	2	0	cICP
1490_nature_boat-wake-at-sunset_unorganized-borough-alaska_s25u_iso200-f1p7_20250804-211018_3000x4000.scale192x256.hdr.png	16	2	0	cICP
1490_nature_boat-wake-at-sunset_unorganized-borough-alaska_s25u_iso200-f1p7_20250804-211018_3000x4000.scale2304x3072.hdr.png	16	2	0	cICP
1490_nature_boat-wake-at-sunset_unorganized-borough-alaska_s25u_iso200-f1p7_20250804-211018_3000x4000.scale240x320.hdr.png	16	2	0	cICP
1490_nature_boat-wake-at-sunset_unorganized-borough-alaska_s25u_iso200-f1p7_20250804-211018_3000x4000.scale300x400.hdr.png	16	2	0	cICP
1490_nature_boat-wake-at-sunset_unorganized-borough-alaska_s25u_iso200-f1p7_20250804-211018_3000x4000.scale384x512.hdr.png	16	2	0	cICP
1490_nature_boat-wake-at-sunset_unorganized-borough-alaska_s25u_iso200-f1p7_20250804-211018_3000x4000.scale480x640.hdr.png	16	2	0	cICP
1490_nature_boat-wake-at-sunset_unorganized-borough-alaska_s25u_iso200-f1p7_20250804-211018_3000x4000.scale600x800.hdr.png	16	2	0	cICP
1490_nature_boat-wake-at-sunset_unorganized-borough-alaska_s25u_iso200-f1p7_20250804-211018_3000x4000.scale768x1024.hdr.png	16	2	0	cICP
1490_nature_boat-wake-at-sunset_unorganized-borough-alaska_s25u_iso200-f1p7_20250804-211018_3000x4000.scale960x1280.hdr.png	16	2	0	cICP
1490_nature_boat-wake-at-sunset_unorganized-borough-alaska_s25u_iso200-f1p7_20250804-211018_3000x4000.scale96x128.hdr.png	16	2	0	cICP
1491_nature_ocean-sunset-clouds_unorganized-borough-alaska_s25u_iso100-f3p4_20250804-211059_3000x4000.scale1200x1600.hdr.png	16	2	0	cICP
1491_nature_ocean-sunset-clouds_unorganized-borough-alaska_s25u_iso100-f3p4_20250804-211059_3000x4000.scale120x160.hdr.png	16	2	0	cICP
1491_nature_ocean-sunset-clouds_unorganized-borough-alaska_s25u_iso100-f3p4_20250804-211059_3000x4000.scale150x200.hdr.png	16	2	0	cICP
1491_nature_ocean-sunset-clouds_unorganized-borough-alaska_s25u_iso100-f3p4_20250804-211059_3000x4000.scale1536x2048.hdr.png	16	2	0	cICP
1491_nature_ocean-sunset-clouds_unorganized-borough-alaska_s25u_iso100-f3p4_20250804-211059_3000x4000.scale1920x2560.hdr.png	16	2	0	cICP
1491_nature_ocean-sunset-clouds_unorganized-borough-alaska_s25u_iso100-f3p4_20250804-211059_3000x4000.scale192x256.hdr.png	16	2	0	cICP
1491_nature_ocean-sunset-clouds_unorganized-borough-alaska_s25u_iso100-f3p4_20250804-211059_3000x4000.scale2304x3072.hdr.png	16	2	0	cICP
1491_nature_ocean-sunset-clouds_unorganized-borough-alaska_s25u_iso100-f3p4_20250804-211059_3000x4000.scale240x320.hdr.png	16	2	0	cICP
1491_nature_ocean-sunset-clouds_unorganized-borough-alaska_s25u_iso100-f3p4_20250804-211059_3000x4000.scale300x400.hdr.png	16	2	0	cICP
1491_nature_ocean-sunset-clouds_unorganized-borough-alaska_s25u_iso100-f3p4_20250804-211059_3000x4000.scale384x512.hdr.png	16	2	0	cICP
1491_nature_ocean-sunset-clouds_unorganized-borough-alaska_s25u_iso100-f3p4_20250804-211059_3000x4000.scale480x640.hdr.png	16	2	0	cICP
1491_nature_ocean-sunset-clouds_unorganized-borough-alaska_s25u_iso100-f3p4_20250804-211059_3000x4000.scale600x800.hdr.png	16	2	0	cICP
1491_nature_ocean-sunset-clouds_unorganized-borough-alaska_s25u_iso100-f3p4_20250804-211059_3000x4000.scale768x1024.hdr.png	16	2	0	cICP
1491_nature_ocean-sunset-clouds_unorganized-borough-alaska_s25u_iso100-f3p4_20250804-211059_3000x4000.scale960x1280.hdr.png	16	2	0	cICP
1491_nature_ocean-sunset-clouds_unorganized-borough-alaska_s25u_iso100-f3p4_20250804-211059_3000x4000.scale96x128.hdr.png	16	2	0	cICP
1492_nature_mountain-lake-landscape_whitehorse-canada_s25u_iso64-f1p7_20250805-162506_3000x4000.scale1200x1600.hdr.png	16	2	0	cICP
1492_nature_mountain-lake-landscape_whitehorse-canada_s25u_iso64-f1p7_20250805-162506_3000x4000.scale120x160.hdr.png	16	2	0	cICP
1492_nature_mountain-lake-landscape_whitehorse-canada_s25u_iso64-f1p7_20250805-162506_3000x4000.scale150x200.hdr.png	16	2	0	cICP
1492_nature_mountain-lake-landscape_whitehorse-canada_s25u_iso64-f1p7_20250805-162506_3000x4000.scale1536x2048.hdr.png	16	2	0	cICP
1492_nature_mountain-lake-landscape_whitehorse-canada_s25u_iso64-f1p7_20250805-162506_3000x4000.scale1920x2560.hdr.png	16	2	0	cICP
1492_nature_mountain-lake-landscape_whitehorse-canada_s25u_iso64-f1p7_20250805-162506_3000x4000.scale192x256.hdr.png	16	2	0	cICP
1492_nature_mountain-lake-landscape_whitehorse-canada_s25u_iso64-f1p7_20250805-162506_3000x4000.scale2304x3072.hdr.png	16	2	0	cICP
1492_nature_mountain-lake-landscape_whitehorse-canada_s25u_iso64-f1p7_20250805-162506_3000x4000.scale240x320.hdr.png	16	2	0	cICP
1492_nature_mountain-lake-landscape_whitehorse-canada_s25u_iso64-f1p7_20250805-162506_3000x4000.scale300x400.hdr.png	16	2	0	cICP
1492_nature_mountain-lake-landscape_whitehorse-canada_s25u_iso64-f1p7_20250805-162506_3000x4000.scale384x512.hdr.png	16	2	0	cICP
1492_nature_mountain-lake-landscape_whitehorse-canada_s25u_iso64-f1p7_20250805-162506_3000x4000.scale480x640.hdr.png	16	2	0	cICP
1492_nature_mountain-lake-landscape_whitehorse-canada_s25u_iso64-f1p7_20250805-162506_3000x4000.scale600x800.hdr.png	16	2	0	cICP
1492_nature_mountain-lake-landscape_whitehorse-canada_s25u_iso64-f1p7_20250805-162506_3000x4000.scale768x1024.hdr.png	16	2	0	cICP
1492_nature_mountain-lake-landscape_whitehorse-canada_s25u_iso64-f1p7_20250805-162506_3000x4000.scale960x1280.hdr.png	16	2	0	cICP
1492_nature_mountain-lake-landscape_whitehorse-canada_s25u_iso64-f1p7_20250805-162506_3000x4000.scale96x128.hdr.png	16	2	0	cICP
1493_nature_sunset-over-sea_lower-davie-vancouver-canada_s25u_iso64-f3p4_20250809-203408_4000x3000.scale1024x768.hdr.png	16	2	0	cICP
1493_nature_sunset-over-sea_lower-davie-vancouver-canada_s25u_iso64-f3p4_20250809-203408_4000x3000.scale1280x960.hdr.png	16	2	0	cICP
1493_nature_sunset-over-sea_lower-davie-vancouver-canada_s25u_iso64-f3p4_20250809-203408_4000x3000.scale128x96.hdr.png	16	2	0	cICP
1493_nature_sunset-over-sea_lower-davie-vancouver-canada_s25u_iso64-f3p4_20250809-203408_4000x3000.scale1600x1200.hdr.png	16	2	0	cICP
1493_nature_sunset-over-sea_lower-davie-vancouver-canada_s25u_iso64-f3p4_20250809-203408_4000x3000.scale160x120.hdr.png	16	2	0	cICP
1493_nature_sunset-over-sea_lower-davie-vancouver-canada_s25u_iso64-f3p4_20250809-203408_4000x3000.scale200x150.hdr.png	16	2	0	cICP
1493_nature_sunset-over-sea_lower-davie-vancouver-canada_s25u_iso64-f3p4_20250809-203408_4000x3000.scale2048x1536.hdr.png	16	2	0	cICP
1493_nature_sunset-over-sea_lower-davie-vancouver-canada_s25u_iso64-f3p4_20250809-203408_4000x3000.scale2560x1920.hdr.png	16	2	0	cICP
1493_nature_sunset-over-sea_lower-davie-vancouver-canada_s25u_iso64-f3p4_20250809-203408_4000x3000.scale256x192.hdr.png	16	2	0	cICP
1493_nature_sunset-over-sea_lower-davie-vancouver-canada_s25u_iso64-f3p4_20250809-203408_4000x3000.scale3072x2304.hdr.png	16	2	0	cICP
1493_nature_sunset-over-sea_lower-davie-vancouver-canada_s25u_iso64-f3p4_20250809-203408_4000x3000.scale320x240.hdr.png	16	2	0	cICP
1493_nature_sunset-over-sea_lower-davie-vancouver-canada_s25u_iso64-f3p4_20250809-203408_4000x3000.scale400x300.hdr.png	16	2	0	cICP
1493_nature_sunset-over-sea_lower-davie-vancouver-canada_s25u_iso64-f3p4_20250809-203408_4000x3000.scale512x384.hdr.png	16	2	0	cICP
1493_nature_sunset-over-sea_lower-davie-vancouver-canada_s25u_iso64-f3p4_20250809-203408_4000x3000.scale640x480.hdr.png	16	2	0	cICP
1493_nature_sunset-over-sea_lower-davie-vancouver-canada_s25u_iso64-f3p4_20250809-203408_4000x3000.scale800x600.hdr.png	16	2	0	cICP
1494_nature_sunset-over-forest_colorado_zfold7_iso250-f1p7_20251110-170409_4000x3000.scale1024x768.hdr.png	16	2	0	cICP
1494_nature_sunset-over-forest_colorado_zfold7_iso250-f1p7_20251110-170409_4000x3000.scale1280x960.hdr.png	16	2	0	cICP
1494_nature_sunset-over-forest_colorado_zfold7_iso250-f1p7_20251110-170409_4000x3000.scale128x96.hdr.png	16	2	0	cICP
1494_nature_sunset-over-forest_colorado_zfold7_iso250-f1p7_20251110-170409_4000x3000.scale1600x1200.hdr.png	16	2	0	cICP
1494_nature_sunset-over-forest_colorado_zfold7_iso250-f1p7_20251110-170409_4000x3000.scale160x120.hdr.png	16	2	0	cICP
1494_nature_sunset-over-forest_colorado_zfold7_iso250-f1p7_20251110-170409_4000x3000.scale200x150.hdr.png	16	2	0	cICP
1494_nature_sunset-over-forest_colorado_zfold7_iso250-f1p7_20251110-170409_4000x3000.scale2048x1536.hdr.png	16	2	0	cICP
1494_nature_sunset-over-forest_colorado_zfold7_iso250-f1p7_20251110-170409_4000x3000.scale2560x1920.hdr.png	16	2	0	cICP
1494_nature_sunset-over-forest_colorado_zfold7_iso250-f1p7_20251110-170409_4000x3000.scale256x192.hdr.png	16	2	0	cICP
1494_nature_sunset-over-forest_colorado_zfold7_iso250-f1p7_20251110-170409_4000x3000.scale3072x2304.hdr.png	16	2	0	cICP
1494_nature_sunset-over-forest_colorado_zfold7_iso250-f1p7_20251110-170409_4000x3000.scale320x240.hdr.png	16	2	0	cICP
1494_nature_sunset-over-forest_colorado_zfold7_iso250-f1p7_20251110-170409_4000x3000.scale400x300.hdr.png	16	2	0	cICP
1494_nature_sunset-over-forest_colorado_zfold7_iso250-f1p7_20251110-170409_4000x3000.scale512x384.hdr.png	16	2	0	cICP
1494_nature_sunset-over-forest_colorado_zfold7_iso250-f1p7_20251110-170409_4000x3000.scale640x480.hdr.png	16	2	0	cICP
1494_nature_sunset-over-forest_colorado_zfold7_iso250-f1p7_20251110-170409_4000x3000.scale800x600.hdr.png	16	2	0	cICP
1495_nature_lighthouse-on-island_york-maine_ip13pro_iso50-f1p5_fullsizerender-1_3855x2891.scale1024x768.hdr.png	16	2	0	cICP
1495_nature_lighthouse-on-island_york-maine_ip13pro_iso50-f1p5_fullsizerender-1_3855x2891.scale1280x960.hdr.png	16	2	0	cICP
1495_nature_lighthouse-on-island_york-maine_ip13pro_iso50-f1p5_fullsizerender-1_3855x2891.scale128x96.hdr.png	16	2	0	cICP
1495_nature_lighthouse-on-island_york-maine_ip13pro_iso50-f1p5_fullsizerender-1_3855x2891.scale1600x1200.hdr.png	16	2	0	cICP
1495_nature_lighthouse-on-island_york-maine_ip13pro_iso50-f1p5_fullsizerender-1_3855x2891.scale160x120.hdr.png	16	2	0	cICP
1495_nature_lighthouse-on-island_york-maine_ip13pro_iso50-f1p5_fullsizerender-1_3855x2891.scale200x150.hdr.png	16	2	0	cICP
1495_nature_lighthouse-on-island_york-maine_ip13pro_iso50-f1p5_fullsizerender-1_3855x2891.scale2048x1536.hdr.png	16	2	0	cICP
1495_nature_lighthouse-on-island_york-maine_ip13pro_iso50-f1p5_fullsizerender-1_3855x2891.scale2560x1920.hdr.png	16	2	0	cICP
1495_nature_lighthouse-on-island_york-maine_ip13pro_iso50-f1p5_fullsizerender-1_3855x2891.scale256x192.hdr.png	16	2	0	cICP
1495_nature_lighthouse-on-island_york-maine_ip13pro_iso50-f1p5_fullsizerender-1_3855x2891.scale3072x2304.hdr.png	16	2	0	cICP
1495_nature_lighthouse-on-island_york-maine_ip13pro_iso50-f1p5_fullsizerender-1_3855x2891.scale320x240.hdr.png	16	2	0	cICP
1495_nature_lighthouse-on-island_york-maine_ip13pro_iso50-f1p5_fullsizerender-1_3855x2891.scale400x300.hdr.png	16	2	0	cICP
1495_nature_lighthouse-on-island_york-maine_ip13pro_iso50-f1p5_fullsizerender-1_3855x2891.scale512x384.hdr.png	16	2	0	cICP
1495_nature_lighthouse-on-island_york-maine_ip13pro_iso50-f1p5_fullsizerender-1_3855x2891.scale640x480.hdr.png	16	2	0	cICP
1495_nature_lighthouse-on-island_york-maine_ip13pro_iso50-f1p5_fullsizerender-1_3855x2891.scale800x600.hdr.png	16	2	0	cICP
1496_nature_lake-with-boats_winthrop-maine_ip13pro_iso50-f1p5_fullsizerender-2_3411x2765.scale1024x830.hdr.png	16	2	0	cICP
1496_nature_lake-with-boats_winthrop-maine_ip13pro_iso50-f1p5_fullsizerender-2_3411x2765.scale1280x1038.hdr.png	16	2	0	cICP
1496_nature_lake-with-boats_winthrop-maine_ip13pro_iso50-f1p5_fullsizerender-2_3411x2765.scale128x104.hdr.png	16	2	0	cICP
1496_nature_lake-with-boats_winthrop-maine_ip13pro_iso50-f1p5_fullsizerender-2_3411x2765.scale1600x1297.hdr.png	16	2	0	cICP
1496_nature_lake-with-boats_winthrop-maine_ip13pro_iso50-f1p5_fullsizerender-2_3411x2765.scale160x130.hdr.png	16	2	0	cICP
1496_nature_lake-with-boats_winthrop-maine_ip13pro_iso50-f1p5_fullsizerender-2_3411x2765.scale200x162.hdr.png	16	2	0	cICP
1496_nature_lake-with-boats_winthrop-maine_ip13pro_iso50-f1p5_fullsizerender-2_3411x2765.scale2048x1660.hdr.png	16	2	0	cICP
1496_nature_lake-with-boats_winthrop-maine_ip13pro_iso50-f1p5_fullsizerender-2_3411x2765.scale2560x2075.hdr.png	16	2	0	cICP
1496_nature_lake-with-boats_winthrop-maine_ip13pro_iso50-f1p5_fullsizerender-2_3411x2765.scale256x208.hdr.png	16	2	0	cICP
1496_nature_lake-with-boats_winthrop-maine_ip13pro_iso50-f1p5_fullsizerender-2_3411x2765.scale3072x2490.hdr.png	16	2	0	cICP
1496_nature_lake-with-boats_winthrop-maine_ip13pro_iso50-f1p5_fullsizerender-2_3411x2765.scale320x259.hdr.png	16	2	0	cICP
1496_nature_lake-with-boats_winthrop-maine_ip13pro_iso50-f1p5_fullsizerender-2_3411x2765.scale400x324.hdr.png	16	2	0	cICP
1496_nature_lake-with-boats_winthrop-maine_ip13pro_iso50-f1p5_fullsizerender-2_3411x2765.scale512x415.hdr.png	16	2	0	cICP
1496_nature_lake-with-boats_winthrop-maine_ip13pro_iso50-f1p5_fullsizerender-2_3411x2765.scale640x519.hdr.png	16	2	0	cICP
1496_nature_lake-with-boats_winthrop-maine_ip13pro_iso50-f1p5_fullsizerender-2_3411x2765.scale800x648.hdr.png	16	2	0	cICP
1497_nature_pink-flower-on-vine_belltown-seattle-washington_ip16pro_iso80-f1p8_fullsizerender-3_3745x5333.scale1124x1600.hdr.png	16	2	0	cICP
1497_nature_pink-flower-on-vine_belltown-seattle-washington_ip16pro_iso80-f1p8_fullsizerender-3_3745x5333.scale112x160.hdr.png	16	2	0	cICP
1497_nature_pink-flower-on-vine_belltown-seattle-washington_ip16pro_iso80-f1p8_fullsizerender-3_3745x5333.scale140x200.hdr.png	16	2	0	cICP
1497_nature_pink-flower-on-vine_belltown-seattle-washington_ip16pro_iso80-f1p8_fullsizerender-3_3745x5333.scale1438x2048.hdr.png	16	2	0	cICP
1497_nature_pink-flower-on-vine_belltown-seattle-washington_ip16pro_iso80-f1p8_fullsizerender-3_3745x5333.scale1798x2560.hdr.png	16	2	0	cICP
1497_nature_pink-flower-on-vine_belltown-seattle-washington_ip16pro_iso80-f1p8_fullsizerender-3_3745x5333.scale180x256.hdr.png	16	2	0	cICP
1497_nature_pink-flower-on-vine_belltown-seattle-washington_ip16pro_iso80-f1p8_fullsizerender-3_3745x5333.scale2157x3072.hdr.png	16	2	0	cICP
1497_nature_pink-flower-on-vine_belltown-seattle-washington_ip16pro_iso80-f1p8_fullsizerender-3_3745x5333.scale225x320.hdr.png	16	2	0	cICP
1497_nature_pink-flower-on-vine_belltown-seattle-washington_ip16pro_iso80-f1p8_fullsizerender-3_3745x5333.scale281x400.hdr.png	16	2	0	cICP
1497_nature_pink-flower-on-vine_belltown-seattle-washington_ip16pro_iso80-f1p8_fullsizerender-3_3745x5333.scale360x512.hdr.png	16	2	0	cICP
1497_nature_pink-flower-on-vine_belltown-seattle-washington_ip16pro_iso80-f1p8_fullsizerender-3_3745x5333.scale449x640.hdr.png	16	2	0	cICP
1497_nature_pink-flower-on-vine_belltown-seattle-washington_ip16pro_iso80-f1p8_fullsizerender-3_3745x5333.scale562x800.hdr.png	16	2	0	cICP
1497_nature_pink-flower-on-vine_belltown-seattle-washington_ip16pro_iso80-f1p8_fullsizerender-3_3745x5333.scale719x1024.hdr.png	16	2	0	cICP
1497_nature_pink-flower-on-vine_belltown-seattle-washington_ip16pro_iso80-f1p8_fullsizerender-3_3745x5333.scale899x1280.hdr.png	16	2	0	cICP
1497_nature_pink-flower-on-vine_belltown-seattle-washington_ip16pro_iso80-f1p8_fullsizerender-3_3745x5333.scale90x128.hdr.png	16	2	0	cICP
1498_nature_yellow-flowers-garden-bed_colorado_ip13pro_iso50-f1p5_fullsizerender_2773x3709.scale1196x1600.hdr.png	16	2	0	cICP
1498_nature_yellow-flowers-garden-bed_colorado_ip13pro_iso50-f1p5_fullsizerender_2773x3709.scale120x160.hdr.png	16	2	0	cICP
1498_nature_yellow-flowers-garden-bed_colorado_ip13pro_iso50-f1p5_fullsizerender_2773x3709.scale150x200.hdr.png	16	2	0	cICP
1498_nature_yellow-flowers-garden-bed_colorado_ip13pro_iso50-f1p5_fullsizerender_2773x3709.scale1531x2048.hdr.png	16	2	0	cICP
1498_nature_yellow-flowers-garden-bed_colorado_ip13pro_iso50-f1p5_fullsizerender_2773x3709.scale1914x2560.hdr.png	16	2	0	cICP
1498_nature_yellow-flowers-garden-bed_colorado_ip13pro_iso50-f1p5_fullsizerender_2773x3709.scale191x256.hdr.png	16	2	0	cICP
1498_nature_yellow-flowers-garden-bed_colorado_ip13pro_iso50-f1p5_fullsizerender_2773x3709.scale2297x3072.hdr.png	16	2	0	cICP
1498_nature_yellow-flowers-garden-bed_colorado_ip13pro_iso50-f1p5_fullsizerender_2773x3709.scale239x320.hdr.png	16	2	0	cICP
1498_nature_yellow-flowers-garden-bed_colorado_ip13pro_iso50-f1p5_fullsizerender_2773x3709.scale299x400.hdr.png	16	2	0	cICP
1498_nature_yellow-flowers-garden-bed_colorado_ip13pro_iso50-f1p5_fullsizerender_2773x3709.scale383x512.hdr.png	16	2	0	cICP
1498_nature_yellow-flowers-garden-bed_colorado_ip13pro_iso50-f1p5_fullsizerender_2773x3709.scale478x640.hdr.png	16	2	0	cICP
1498_nature_yellow-flowers-garden-bed_colorado_ip13pro_iso50-f1p5_fullsizerender_2773x3709.scale598x800.hdr.png	16	2	0	cICP
1498_nature_yellow-flowers-garden-bed_colorado_ip13pro_iso50-f1p5_fullsizerender_2773x3709.scale766x1024.hdr.png	16	2	0	cICP
1498_nature_yellow-flowers-garden-bed_colorado_ip13pro_iso50-f1p5_fullsizerender_2773x3709.scale957x1280.hdr.png	16	2	0	cICP
1498_nature_yellow-flowers-garden-bed_colorado_ip13pro_iso50-f1p5_fullsizerender_2773x3709.scale96x128.hdr.png	16	2	0	cICP
1502_nature_ice-cave-opening_hornafjordur-iceland_ip13pro_iso32-f1p8_img-0341_3024x4032.scale1200x1600.hdr.png	16	2	0	cICP
1502_nature_ice-cave-opening_hornafjordur-iceland_ip13pro_iso32-f1p8_img-0341_3024x4032.scale120x160.hdr.png	16	2	0	cICP
1502_nature_ice-cave-opening_hornafjordur-iceland_ip13pro_iso32-f1p8_img-0341_3024x4032.scale150x200.hdr.png	16	2	0	cICP
1502_nature_ice-cave-opening_hornafjordur-iceland_ip13pro_iso32-f1p8_img-0341_3024x4032.scale1536x2048.hdr.png	16	2	0	cICP
1502_nature_ice-cave-opening_hornafjordur-iceland_ip13pro_iso32-f1p8_img-0341_3024x4032.scale1920x2560.hdr.png	16	2	0	cICP
1502_nature_ice-cave-opening_hornafjordur-iceland_ip13pro_iso32-f1p8_img-0341_3024x4032.scale192x256.hdr.png	16	2	0	cICP
1502_nature_ice-cave-opening_hornafjordur-iceland_ip13pro_iso32-f1p8_img-0341_3024x4032.scale2304x3072.hdr.png	16	2	0	cICP
1502_nature_ice-cave-opening_hornafjordur-iceland_ip13pro_iso32-f1p8_img-0341_3024x4032.scale240x320.hdr.png	16	2	0	cICP
1502_nature_ice-cave-opening_hornafjordur-iceland_ip13pro_iso32-f1p8_img-0341_3024x4032.scale300x400.hdr.png	16	2	0	cICP
1502_nature_ice-cave-opening_hornafjordur-iceland_ip13pro_iso32-f1p8_img-0341_3024x4032.scale384x512.hdr.png	16	2	0	cICP
1502_nature_ice-cave-opening_hornafjordur-iceland_ip13pro_iso32-f1p8_img-0341_3024x4032.scale480x640.hdr.png	16	2	0	cICP
1502_nature_ice-cave-opening_hornafjordur-iceland_ip13pro_iso32-f1p8_img-0341_3024x4032.scale600x800.hdr.png	16	2	0	cICP
1502_nature_ice-cave-opening_hornafjordur-iceland_ip13pro_iso32-f1p8_img-0341_3024x4032.scale768x1024.hdr.png	16	2	0	cICP
1502_nature_ice-cave-opening_hornafjordur-iceland_ip13pro_iso32-f1p8_img-0341_3024x4032.scale960x1280.hdr.png	16	2	0	cICP
1502_nature_ice-cave-opening_hornafjordur-iceland_ip13pro_iso32-f1p8_img-0341_3024x4032.scale96x128.hdr.png	16	2	0	cICP
1503_nature_passionflower-on-vine_centrum-amsterdam-netherlands_ip16pro_iso50-f1p8_img-0354_3024x4032.scale1200x1600.hdr.png	16	2	0	cICP
1503_nature_passionflower-on-vine_centrum-amsterdam-netherlands_ip16pro_iso50-f1p8_img-0354_3024x4032.scale120x160.hdr.png	16	2	0	cICP
1503_nature_passionflower-on-vine_centrum-amsterdam-netherlands_ip16pro_iso50-f1p8_img-0354_3024x4032.scale150x200.hdr.png	16	2	0	cICP
1503_nature_passionflower-on-vine_centrum-amsterdam-netherlands_ip16pro_iso50-f1p8_img-0354_3024x4032.scale1536x2048.hdr.png	16	2	0	cICP
1503_nature_passionflower-on-vine_centrum-amsterdam-netherlands_ip16pro_iso50-f1p8_img-0354_3024x4032.scale1920x2560.hdr.png	16	2	0	cICP
1503_nature_passionflower-on-vine_centrum-amsterdam-netherlands_ip16pro_iso50-f1p8_img-0354_3024x4032.scale192x256.hdr.png	16	2	0	cICP
1503_nature_passionflower-on-vine_centrum-amsterdam-netherlands_ip16pro_iso50-f1p8_img-0354_3024x4032.scale2304x3072.hdr.png	16	2	0	cICP
1503_nature_passionflower-on-vine_centrum-amsterdam-netherlands_ip16pro_iso50-f1p8_img-0354_3024x4032.scale240x320.hdr.png	16	2	0	cICP
1503_nature_passionflower-on-vine_centrum-amsterdam-netherlands_ip16pro_iso50-f1p8_img-0354_3024x4032.scale300x400.hdr.png	16	2	0	cICP
1503_nature_passionflower-on-vine_centrum-amsterdam-netherlands_ip16pro_iso50-f1p8_img-0354_3024x4032.scale384x512.hdr.png	16	2	0	cICP
1503_nature_passionflower-on-vine_centrum-amsterdam-netherlands_ip16pro_iso50-f1p8_img-0354_3024x4032.scale480x640.hdr.png	16	2	0	cICP
1503_nature_passionflower-on-vine_centrum-amsterdam-netherlands_ip16pro_iso50-f1p8_img-0354_3024x4032.scale600x800.hdr.png	16	2	0	cICP
1503_nature_passionflower-on-vine_centrum-amsterdam-netherlands_ip16pro_iso50-f1p8_img-0354_3024x4032.scale768x1024.hdr.png	16	2	0	cICP
1503_nature_passionflower-on-vine_centrum-amsterdam-netherlands_ip16pro_iso50-f1p8_img-0354_3024x4032.scale960x1280.hdr.png	16	2	0	cICP
1503_nature_passionflower-on-vine_centrum-amsterdam-netherlands_ip16pro_iso50-f1p8_img-0354_3024x4032.scale96x128.hdr.png	16	2	0	cICP
1504_nature_cloudy-sky-over-field_colorado_ip13pro_iso50-f1p5_img-0374_4032x3024.scale1024x768.hdr.png	16	2	0	cICP
1504_nature_cloudy-sky-over-field_colorado_ip13pro_iso50-f1p5_img-0374_4032x3024.scale1280x960.hdr.png	16	2	0	cICP
1504_nature_cloudy-sky-over-field_colorado_ip13pro_iso50-f1p5_img-0374_4032x3024.scale128x96.hdr.png	16	2	0	cICP
1504_nature_cloudy-sky-over-field_colorado_ip13pro_iso50-f1p5_img-0374_4032x3024.scale1600x1200.hdr.png	16	2	0	cICP
1504_nature_cloudy-sky-over-field_colorado_ip13pro_iso50-f1p5_img-0374_4032x3024.scale160x120.hdr.png	16	2	0	cICP
1504_nature_cloudy-sky-over-field_colorado_ip13pro_iso50-f1p5_img-0374_4032x3024.scale200x150.hdr.png	16	2	0	cICP
1504_nature_cloudy-sky-over-field_colorado_ip13pro_iso50-f1p5_img-0374_4032x3024.scale2048x1536.hdr.png	16	2	0	cICP
1504_nature_cloudy-sky-over-field_colorado_ip13pro_iso50-f1p5_img-0374_4032x3024.scale2560x1920.hdr.png	16	2	0	cICP
1504_nature_cloudy-sky-over-field_colorado_ip13pro_iso50-f1p5_img-0374_4032x3024.scale256x192.hdr.png	16	2	0	cICP
1504_nature_cloudy-sky-over-field_colorado_ip13pro_iso50-f1p5_img-0374_4032x3024.scale3072x2304.hdr.png	16	2	0	cICP
1504_nature_cloudy-sky-over-field_colorado_ip13pro_iso50-f1p5_img-0374_4032x3024.scale320x240.hdr.png	16	2	0	cICP
1504_nature_cloudy-sky-over-field_colorado_ip13pro_iso50-f1p5_img-0374_4032x3024.scale400x300.hdr.png	16	2	0	cICP
1504_nature_cloudy-sky-over-field_colorado_ip13pro_iso50-f1p5_img-0374_4032x3024.scale512x384.hdr.png	16	2	0	cICP
1504_nature_cloudy-sky-over-field_colorado_ip13pro_iso50-f1p5_img-0374_4032x3024.scale640x480.hdr.png	16	2	0	cICP
1504_nature_cloudy-sky-over-field_colorado_ip13pro_iso50-f1p5_img-0374_4032x3024.scale800x600.hdr.png	16	2	0	cICP
1507_nature_ice-cave-waterfall_hornafjordur-iceland_ip13pro_iso200-f1p5_img-0468_3024x4032.scale1200x1600.hdr.png	16	2	0	cICP
1507_nature_ice-cave-waterfall_hornafjordur-iceland_ip13pro_iso200-f1p5_img-0468_3024x4032.scale120x160.hdr.png	16	2	0	cICP
1507_nature_ice-cave-waterfall_hornafjordur-iceland_ip13pro_iso200-f1p5_img-0468_3024x4032.scale150x200.hdr.png	16	2	0	cICP
1507_nature_ice-cave-waterfall_hornafjordur-iceland_ip13pro_iso200-f1p5_img-0468_3024x4032.scale1536x2048.hdr.png	16	2	0	cICP
1507_nature_ice-cave-waterfall_hornafjordur-iceland_ip13pro_iso200-f1p5_img-0468_3024x4032.scale1920x2560.hdr.png	16	2	0	cICP
1507_nature_ice-cave-waterfall_hornafjordur-iceland_ip13pro_iso200-f1p5_img-0468_3024x4032.scale192x256.hdr.png	16	2	0	cICP
1507_nature_ice-cave-waterfall_hornafjordur-iceland_ip13pro_iso200-f1p5_img-0468_3024x4032.scale2304x3072.hdr.png	16	2	0	cICP
1507_nature_ice-cave-waterfall_hornafjordur-iceland_ip13pro_iso200-f1p5_img-0468_3024x4032.scale240x320.hdr.png	16	2	0	cICP
1507_nature_ice-cave-waterfall_hornafjordur-iceland_ip13pro_iso200-f1p5_img-0468_3024x4032.scale300x400.hdr.png	16	2	0	cICP
1507_nature_ice-cave-waterfall_hornafjordur-iceland_ip13pro_iso200-f1p5_img-0468_3024x4032.scale384x512.hdr.png	16	2	0	cICP
1507_nature_ice-cave-waterfall_hornafjordur-iceland_ip13pro_iso200-f1p5_img-0468_3024x4032.scale480x640.hdr.png	16	2	0	cICP
1507_nature_ice-cave-waterfall_hornafjordur-iceland_ip13pro_iso200-f1p5_img-0468_3024x4032.scale600x800.hdr.png	16	2	0	cICP
1507_nature_ice-cave-waterfall_hornafjordur-iceland_ip13pro_iso200-f1p5_img-0468_3024x4032.scale768x1024.hdr.png	16	2	0	cICP
1507_nature_ice-cave-waterfall_hornafjordur-iceland_ip13pro_iso200-f1p5_img-0468_3024x4032.scale960x1280.hdr.png	16	2	0	cICP
1507_nature_ice-cave-waterfall_hornafjordur-iceland_ip13pro_iso200-f1p5_img-0468_3024x4032.scale96x128.hdr.png	16	2	0	cICP
1508_nature_ice-cave-interior_hornafjordur-iceland_ip13pro_iso1000-f1p8_img-0474_4032x3024.scale1024x768.hdr.png	16	2	0	cICP
1508_nature_ice-cave-interior_hornafjordur-iceland_ip13pro_iso1000-f1p8_img-0474_4032x3024.scale1280x960.hdr.png	16	2	0	cICP
1508_nature_ice-cave-interior_hornafjordur-iceland_ip13pro_iso1000-f1p8_img-0474_4032x3024.scale128x96.hdr.png	16	2	0	cICP
1508_nature_ice-cave-interior_hornafjordur-iceland_ip13pro_iso1000-f1p8_img-0474_4032x3024.scale1600x1200.hdr.png	16	2	0	cICP
1508_nature_ice-cave-interior_hornafjordur-iceland_ip13pro_iso1000-f1p8_img-0474_4032x3024.scale160x120.hdr.png	16	2	0	cICP
1508_nature_ice-cave-interior_hornafjordur-iceland_ip13pro_iso1000-f1p8_img-0474_4032x3024.scale200x150.hdr.png	16	2	0	cICP
1508_nature_ice-cave-interior_hornafjordur-iceland_ip13pro_iso1000-f1p8_img-0474_4032x3024.scale2048x1536.hdr.png	16	2	0	cICP
1508_nature_ice-cave-interior_hornafjordur-iceland_ip13pro_iso1000-f1p8_img-0474_4032x3024.scale2560x1920.hdr.png	16	2	0	cICP
1508_nature_ice-cave-interior_hornafjordur-iceland_ip13pro_iso1000-f1p8_img-0474_4032x3024.scale256x192.hdr.png	16	2	0	cICP
1508_nature_ice-cave-interior_hornafjordur-iceland_ip13pro_iso1000-f1p8_img-0474_4032x3024.scale3072x2304.hdr.png	16	2	0	cICP
1508_nature_ice-cave-interior_hornafjordur-iceland_ip13pro_iso1000-f1p8_img-0474_4032x3024.scale320x240.hdr.png	16	2	0	cICP
1508_nature_ice-cave-interior_hornafjordur-iceland_ip13pro_iso1000-f1p8_img-0474_4032x3024.scale400x300.hdr.png	16	2	0	cICP
1508_nature_ice-cave-interior_hornafjordur-iceland_ip13pro_iso1000-f1p8_img-0474_4032x3024.scale512x384.hdr.png	16	2	0	cICP
1508_nature_ice-cave-interior_hornafjordur-iceland_ip13pro_iso1000-f1p8_img-0474_4032x3024.scale640x480.hdr.png	16	2	0	cICP
1508_nature_ice-cave-interior_hornafjordur-iceland_ip13pro_iso1000-f1p8_img-0474_4032x3024.scale800x600.hdr.png	16	2	0	cICP
1509_nature_ice-cave-opening_hornafjordur-iceland_ip13pro_iso1000-f1p8_img-0480_3024x4032.scale1200x1600.hdr.png	16	2	0	cICP
1509_nature_ice-cave-opening_hornafjordur-iceland_ip13pro_iso1000-f1p8_img-0480_3024x4032.scale120x160.hdr.png	16	2	0	cICP
1509_nature_ice-cave-opening_hornafjordur-iceland_ip13pro_iso1000-f1p8_img-0480_3024x4032.scale150x200.hdr.png	16	2	0	cICP
1509_nature_ice-cave-opening_hornafjordur-iceland_ip13pro_iso1000-f1p8_img-0480_3024x4032.scale1536x2048.hdr.png	16	2	0	cICP
1509_nature_ice-cave-opening_hornafjordur-iceland_ip13pro_iso1000-f1p8_img-0480_3024x4032.scale1920x2560.hdr.png	16	2	0	cICP
1509_nature_ice-cave-opening_hornafjordur-iceland_ip13pro_iso1000-f1p8_img-0480_3024x4032.scale192x256.hdr.png	16	2	0	cICP
1509_nature_ice-cave-opening_hornafjordur-iceland_ip13pro_iso1000-f1p8_img-0480_3024x4032.scale2304x3072.hdr.png	16	2	0	cICP
1509_nature_ice-cave-opening_hornafjordur-iceland_ip13pro_iso1000-f1p8_img-0480_3024x4032.scale240x320.hdr.png	16	2	0	cICP
1509_nature_ice-cave-opening_hornafjordur-iceland_ip13pro_iso1000-f1p8_img-0480_3024x4032.scale300x400.hdr.png	16	2	0	cICP
1509_nature_ice-cave-opening_hornafjordur-iceland_ip13pro_iso1000-f1p8_img-0480_3024x4032.scale384x512.hdr.png	16	2	0	cICP
1509_nature_ice-cave-opening_hornafjordur-iceland_ip13pro_iso1000-f1p8_img-0480_3024x4032.scale480x640.hdr.png	16	2	0	cICP
1509_nature_ice-cave-opening_hornafjordur-iceland_ip13pro_iso1000-f1p8_img-0480_3024x4032.scale600x800.hdr.png	16	2	0	cICP
1509_nature_ice-cave-opening_hornafjordur-iceland_ip13pro_iso1000-f1p8_img-0480_3024x4032.scale768x1024.hdr.png	16	2	0	cICP
1509_nature_ice-cave-opening_hornafjordur-iceland_ip13pro_iso1000-f1p8_img-0480_3024x4032.scale960x1280.hdr.png	16	2	0	cICP
1509_nature_ice-cave-opening_hornafjordur-iceland_ip13pro_iso1000-f1p8_img-0480_3024x4032.scale96x128.hdr.png	16	2	0	cICP
1515_nature_orange-flower-closeup_colorado_ip17pro_iso320-f1p8_img-1420_3024x4032.scale1200x1600.hdr.png	16	2	0	cICP
1515_nature_orange-flower-closeup_colorado_ip17pro_iso320-f1p8_img-1420_3024x4032.scale120x160.hdr.png	16	2	0	cICP
1515_nature_orange-flower-closeup_colorado_ip17pro_iso320-f1p8_img-1420_3024x4032.scale150x200.hdr.png	16	2	0	cICP
1515_nature_orange-flower-closeup_colorado_ip17pro_iso320-f1p8_img-1420_3024x4032.scale1536x2048.hdr.png	16	2	0	cICP
1515_nature_orange-flower-closeup_colorado_ip17pro_iso320-f1p8_img-1420_3024x4032.scale1920x2560.hdr.png	16	2	0	cICP
1515_nature_orange-flower-closeup_colorado_ip17pro_iso320-f1p8_img-1420_3024x4032.scale192x256.hdr.png	16	2	0	cICP
1515_nature_orange-flower-closeup_colorado_ip17pro_iso320-f1p8_img-1420_3024x4032.scale2304x3072.hdr.png	16	2	0	cICP
1515_nature_orange-flower-closeup_colorado_ip17pro_iso320-f1p8_img-1420_3024x4032.scale240x320.hdr.png	16	2	0	cICP
1515_nature_orange-flower-closeup_colorado_ip17pro_iso320-f1p8_img-1420_3024x4032.scale300x400.hdr.png	16	2	0	cICP
1515_nature_orange-flower-closeup_colorado_ip17pro_iso320-f1p8_img-1420_3024x4032.scale384x512.hdr.png	16	2	0	cICP
1515_nature_orange-flower-closeup_colorado_ip17pro_iso320-f1p8_img-1420_3024x4032.scale480x640.hdr.png	16	2	0	cICP
1515_nature_orange-flower-closeup_colorado_ip17pro_iso320-f1p8_img-1420_3024x4032.scale600x800.hdr.png	16	2	0	cICP
1515_nature_orange-flower-closeup_colorado_ip17pro_iso320-f1p8_img-1420_3024x4032.scale768x1024.hdr.png	16	2	0	cICP
1515_nature_orange-flower-closeup_colorado_ip17pro_iso320-f1p8_img-1420_3024x4032.scale960x1280.hdr.png	16	2	0	cICP
1515_nature_orange-flower-closeup_colorado_ip17pro_iso320-f1p8_img-1420_3024x4032.scale96x128.hdr.png	16	2	0	cICP
1516_nature_pink-flower-in-bottle_colorado_ip17pro_iso50-f1p8_img-1509_2355x3308.scale1139x1600.hdr.png	16	2	0	cICP
1516_nature_pink-flower-in-bottle_colorado_ip17pro_iso50-f1p8_img-1509_2355x3308.scale114x160.hdr.png	16	2	0	cICP
1516_nature_pink-flower-in-bottle_colorado_ip17pro_iso50-f1p8_img-1509_2355x3308.scale142x200.hdr.png	16	2	0	cICP
1516_nature_pink-flower-in-bottle_colorado_ip17pro_iso50-f1p8_img-1509_2355x3308.scale1458x2048.hdr.png	16	2	0	cICP
1516_nature_pink-flower-in-bottle_colorado_ip17pro_iso50-f1p8_img-1509_2355x3308.scale1822x2560.hdr.png	16	2	0	cICP
1516_nature_pink-flower-in-bottle_colorado_ip17pro_iso50-f1p8_img-1509_2355x3308.scale182x256.hdr.png	16	2	0	cICP
1516_nature_pink-flower-in-bottle_colorado_ip17pro_iso50-f1p8_img-1509_2355x3308.scale2187x3072.hdr.png	16	2	0	cICP
1516_nature_pink-flower-in-bottle_colorado_ip17pro_iso50-f1p8_img-1509_2355x3308.scale228x320.hdr.png	16	2	0	cICP
1516_nature_pink-flower-in-bottle_colorado_ip17pro_iso50-f1p8_img-1509_2355x3308.scale285x400.hdr.png	16	2	0	cICP
1516_nature_pink-flower-in-bottle_colorado_ip17pro_iso50-f1p8_img-1509_2355x3308.scale364x512.hdr.png	16	2	0	cICP
1516_nature_pink-flower-in-bottle_colorado_ip17pro_iso50-f1p8_img-1509_2355x3308.scale456x640.hdr.png	16	2	0	cICP
1516_nature_pink-flower-in-bottle_colorado_ip17pro_iso50-f1p8_img-1509_2355x3308.scale570x800.hdr.png	16	2	0	cICP
1516_nature_pink-flower-in-bottle_colorado_ip17pro_iso50-f1p8_img-1509_2355x3308.scale729x1024.hdr.png	16	2	0	cICP
1516_nature_pink-flower-in-bottle_colorado_ip17pro_iso50-f1p8_img-1509_2355x3308.scale911x1280.hdr.png	16	2	0	cICP
1516_nature_pink-flower-in-bottle_colorado_ip17pro_iso50-f1p8_img-1509_2355x3308.scale91x128.hdr.png	16	2	0	cICP
1519_nature_orange-rose-vase_colorado_ip17pro_iso200-f1p8_img-2700_3961x4825.scale1051x1280.hdr.png	16	2	0	cICP
1519_nature_orange-rose-vase_colorado_ip17pro_iso200-f1p8_img-2700_3961x4825.scale105x128.hdr.png	16	2	0	cICP
1519_nature_orange-rose-vase_colorado_ip17pro_iso200-f1p8_img-2700_3961x4825.scale1313x1600.hdr.png	16	2	0	cICP
1519_nature_orange-rose-vase_colorado_ip17pro_iso200-f1p8_img-2700_3961x4825.scale131x160.hdr.png	16	2	0	cICP
1519_nature_orange-rose-vase_colorado_ip17pro_iso200-f1p8_img-2700_3961x4825.scale164x200.hdr.png	16	2	0	cICP
1519_nature_orange-rose-vase_colorado_ip17pro_iso200-f1p8_img-2700_3961x4825.scale1681x2048.hdr.png	16	2	0	cICP
1519_nature_orange-rose-vase_colorado_ip17pro_iso200-f1p8_img-2700_3961x4825.scale2102x2560.hdr.png	16	2	0	cICP
1519_nature_orange-rose-vase_colorado_ip17pro_iso200-f1p8_img-2700_3961x4825.scale210x256.hdr.png	16	2	0	cICP
1519_nature_orange-rose-vase_colorado_ip17pro_iso200-f1p8_img-2700_3961x4825.scale2522x3072.hdr.png	16	2	0	cICP
1519_nature_orange-rose-vase_colorado_ip17pro_iso200-f1p8_img-2700_3961x4825.scale263x320.hdr.png	16	2	0	cICP
1519_nature_orange-rose-vase_colorado_ip17pro_iso200-f1p8_img-2700_3961x4825.scale328x400.hdr.png	16	2	0	cICP
1519_nature_orange-rose-vase_colorado_ip17pro_iso200-f1p8_img-2700_3961x4825.scale420x512.hdr.png	16	2	0	cICP
1519_nature_orange-rose-vase_colorado_ip17pro_iso200-f1p8_img-2700_3961x4825.scale525x640.hdr.png	16	2	0	cICP
1519_nature_orange-rose-vase_colorado_ip17pro_iso200-f1p8_img-2700_3961x4825.scale657x800.hdr.png	16	2	0	cICP
1519_nature_orange-rose-vase_colorado_ip17pro_iso200-f1p8_img-2700_3961x4825.scale841x1024.hdr.png	16	2	0	cICP
1520_nature_tulips-in-garden_notre-dame-versailles-france_ip15pro_iso80-f1p8_img-3545_4284x5712.scale1200x1600.hdr.png	16	2	0	cICP
1520_nature_tulips-in-garden_notre-dame-versailles-france_ip15pro_iso80-f1p8_img-3545_4284x5712.scale120x160.hdr.png	16	2	0	cICP
1520_nature_tulips-in-garden_notre-dame-versailles-france_ip15pro_iso80-f1p8_img-3545_4284x5712.scale150x200.hdr.png	16	2	0	cICP
1520_nature_tulips-in-garden_notre-dame-versailles-france_ip15pro_iso80-f1p8_img-3545_4284x5712.scale1536x2048.hdr.png	16	2	0	cICP
1520_nature_tulips-in-garden_notre-dame-versailles-france_ip15pro_iso80-f1p8_img-3545_4284x5712.scale1920x2560.hdr.png	16	2	0	cICP
1520_nature_tulips-in-garden_notre-dame-versailles-france_ip15pro_iso80-f1p8_img-3545_4284x5712.scale192x256.hdr.png	16	2	0	cICP
1520_nature_tulips-in-garden_notre-dame-versailles-france_ip15pro_iso80-f1p8_img-3545_4284x5712.scale2304x3072.hdr.png	16	2	0	cICP
1520_nature_tulips-in-garden_notre-dame-versailles-france_ip15pro_iso80-f1p8_img-3545_4284x5712.scale240x320.hdr.png	16	2	0	cICP
1520_nature_tulips-in-garden_notre-dame-versailles-france_ip15pro_iso80-f1p8_img-3545_4284x5712.scale300x400.hdr.png	16	2	0	cICP
1520_nature_tulips-in-garden_notre-dame-versailles-france_ip15pro_iso80-f1p8_img-3545_4284x5712.scale384x512.hdr.png	16	2	0	cICP
1520_nature_tulips-in-garden_notre-dame-versailles-france_ip15pro_iso80-f1p8_img-3545_4284x5712.scale480x640.hdr.png	16	2	0	cICP
1520_nature_tulips-in-garden_notre-dame-versailles-france_ip15pro_iso80-f1p8_img-3545_4284x5712.scale600x800.hdr.png	16	2	0	cICP
1520_nature_tulips-in-garden_notre-dame-versailles-france_ip15pro_iso80-f1p8_img-3545_4284x5712.scale768x1024.hdr.png	16	2	0	cICP
1520_nature_tulips-in-garden_notre-dame-versailles-france_ip15pro_iso80-f1p8_img-3545_4284x5712.scale960x1280.hdr.png	16	2	0	cICP
1520_nature_tulips-in-garden_notre-dame-versailles-france_ip15pro_iso80-f1p8_img-3545_4284x5712.scale96x128.hdr.png	16	2	0	cICP
1521_nature_potted-tulips-garden_notre-dame-versailles-france_ip15pro_iso80-f1p8_img-3547_4284x5712.scale1200x1600.hdr.png	16	2	0	cICP
1521_nature_potted-tulips-garden_notre-dame-versailles-france_ip15pro_iso80-f1p8_img-3547_4284x5712.scale120x160.hdr.png	16	2	0	cICP
1521_nature_potted-tulips-garden_notre-dame-versailles-france_ip15pro_iso80-f1p8_img-3547_4284x5712.scale150x200.hdr.png	16	2	0	cICP
1521_nature_potted-tulips-garden_notre-dame-versailles-france_ip15pro_iso80-f1p8_img-3547_4284x5712.scale1536x2048.hdr.png	16	2	0	cICP
1521_nature_potted-tulips-garden_notre-dame-versailles-france_ip15pro_iso80-f1p8_img-3547_4284x5712.scale1920x2560.hdr.png	16	2	0	cICP
1521_nature_potted-tulips-garden_notre-dame-versailles-france_ip15pro_iso80-f1p8_img-3547_4284x5712.scale192x256.hdr.png	16	2	0	cICP
1521_nature_potted-tulips-garden_notre-dame-versailles-france_ip15pro_iso80-f1p8_img-3547_4284x5712.scale2304x3072.hdr.png	16	2	0	cICP
1521_nature_potted-tulips-garden_notre-dame-versailles-france_ip15pro_iso80-f1p8_img-3547_4284x5712.scale240x320.hdr.png	16	2	0	cICP
1521_nature_potted-tulips-garden_notre-dame-versailles-france_ip15pro_iso80-f1p8_img-3547_4284x5712.scale300x400.hdr.png	16	2	0	cICP
1521_nature_potted-tulips-garden_notre-dame-versailles-france_ip15pro_iso80-f1p8_img-3547_4284x5712.scale384x512.hdr.png	16	2	0	cICP
1521_nature_potted-tulips-garden_notre-dame-versailles-france_ip15pro_iso80-f1p8_img-3547_4284x5712.scale480x640.hdr.png	16	2	0	cICP
1521_nature_potted-tulips-garden_notre-dame-versailles-france_ip15pro_iso80-f1p8_img-3547_4284x5712.scale600x800.hdr.png	16	2	0	cICP
1521_nature_potted-tulips-garden_notre-dame-versailles-france_ip15pro_iso80-f1p8_img-3547_4284x5712.scale768x1024.hdr.png	16	2	0	cICP
1521_nature_potted-tulips-garden_notre-dame-versailles-france_ip15pro_iso80-f1p8_img-3547_4284x5712.scale960x1280.hdr.png	16	2	0	cICP
1521_nature_potted-tulips-garden_notre-dame-versailles-france_ip15pro_iso80-f1p8_img-3547_4284x5712.scale96x128.hdr.png	16	2	0	cICP
1522_nature_water-lilies-pond_colorado_ip13pro_iso50-f1p5_img-3764_4032x3024.scale1024x768.hdr.png	16	2	0	cICP
1522_nature_water-lilies-pond_colorado_ip13pro_iso50-f1p5_img-3764_4032x3024.scale1280x960.hdr.png	16	2	0	cICP
1522_nature_water-lilies-pond_colorado_ip13pro_iso50-f1p5_img-3764_4032x3024.scale128x96.hdr.png	16	2	0	cICP
1522_nature_water-lilies-pond_colorado_ip13pro_iso50-f1p5_img-3764_4032x3024.scale1600x1200.hdr.png	16	2	0	cICP
1522_nature_water-lilies-pond_colorado_ip13pro_iso50-f1p5_img-3764_4032x3024.scale160x120.hdr.png	16	2	0	cICP
1522_nature_water-lilies-pond_colorado_ip13pro_iso50-f1p5_img-3764_4032x3024.scale200x150.hdr.png	16	2	0	cICP
1522_nature_water-lilies-pond_colorado_ip13pro_iso50-f1p5_img-3764_4032x3024.scale2048x1536.hdr.png	16	2	0	cICP
1522_nature_water-lilies-pond_colorado_ip13pro_iso50-f1p5_img-3764_4032x3024.scale2560x1920.hdr.png	16	2	0	cICP
1522_nature_water-lilies-pond_colorado_ip13pro_iso50-f1p5_img-3764_4032x3024.scale256x192.hdr.png	16	2	0	cICP
1522_nature_water-lilies-pond_colorado_ip13pro_iso50-f1p5_img-3764_4032x3024.scale3072x2304.hdr.png	16	2	0	cICP
1522_nature_water-lilies-pond_colorado_ip13pro_iso50-f1p5_img-3764_4032x3024.scale320x240.hdr.png	16	2	0	cICP
1522_nature_water-lilies-pond_colorado_ip13pro_iso50-f1p5_img-3764_4032x3024.scale400x300.hdr.png	16	2	0	cICP
1522_nature_water-lilies-pond_colorado_ip13pro_iso50-f1p5_img-3764_4032x3024.scale512x384.hdr.png	16	2	0	cICP
1522_nature_water-lilies-pond_colorado_ip13pro_iso50-f1p5_img-3764_4032x3024.scale640x480.hdr.png	16	2	0	cICP
1522_nature_water-lilies-pond_colorado_ip13pro_iso50-f1p5_img-3764_4032x3024.scale800x600.hdr.png	16	2	0	cICP
1523_nature_yellow-flowers-garden_colorado_ip13pro_iso50-f1p5_img-3767_3024x4032.scale1200x1600.hdr.png	16	2	0	cICP
1523_nature_yellow-flowers-garden_colorado_ip13pro_iso50-f1p5_img-3767_3024x4032.scale120x160.hdr.png	16	2	0	cICP
1523_nature_yellow-flowers-garden_colorado_ip13pro_iso50-f1p5_img-3767_3024x4032.scale150x200.hdr.png	16	2	0	cICP
1523_nature_yellow-flowers-garden_colorado_ip13pro_iso50-f1p5_img-3767_3024x4032.scale1536x2048.hdr.png	16	2	0	cICP
1523_nature_yellow-flowers-garden_colorado_ip13pro_iso50-f1p5_img-3767_3024x4032.scale1920x2560.hdr.png	16	2	0	cICP
1523_nature_yellow-flowers-garden_colorado_ip13pro_iso50-f1p5_img-3767_3024x4032.scale192x256.hdr.png	16	2	0	cICP
1523_nature_yellow-flowers-garden_colorado_ip13pro_iso50-f1p5_img-3767_3024x4032.scale2304x3072.hdr.png	16	2	0	cICP
1523_nature_yellow-flowers-garden_colorado_ip13pro_iso50-f1p5_img-3767_3024x4032.scale240x320.hdr.png	16	2	0	cICP
1523_nature_yellow-flowers-garden_colorado_ip13pro_iso50-f1p5_img-3767_3024x4032.scale300x400.hdr.png	16	2	0	cICP
1523_nature_yellow-flowers-garden_colorado_ip13pro_iso50-f1p5_img-3767_3024x4032.scale384x512.hdr.png	16	2	0	cICP
1523_nature_yellow-flowers-garden_colorado_ip13pro_iso50-f1p5_img-3767_3024x4032.scale480x640.hdr.png	16	2	0	cICP
1523_nature_yellow-flowers-garden_colorado_ip13pro_iso50-f1p5_img-3767_3024x4032.scale600x800.hdr.png	16	2	0	cICP
1523_nature_yellow-flowers-garden_colorado_ip13pro_iso50-f1p5_img-3767_3024x4032.scale768x1024.hdr.png	16	2	0	cICP
1523_nature_yellow-flowers-garden_colorado_ip13pro_iso50-f1p5_img-3767_3024x4032.scale960x1280.hdr.png	16	2	0	cICP
1523_nature_yellow-flowers-garden_colorado_ip13pro_iso50-f1p5_img-3767_3024x4032.scale96x128.hdr.png	16	2	0	cICP
1524_nature_yellow-flowers-garden_colorado_ip13pro_iso50-f1p5_img-3841_3024x4032.scale1200x1600.hdr.png	16	2	0	cICP
1524_nature_yellow-flowers-garden_colorado_ip13pro_iso50-f1p5_img-3841_3024x4032.scale120x160.hdr.png	16	2	0	cICP
1524_nature_yellow-flowers-garden_colorado_ip13pro_iso50-f1p5_img-3841_3024x4032.scale150x200.hdr.png	16	2	0	cICP
1524_nature_yellow-flowers-garden_colorado_ip13pro_iso50-f1p5_img-3841_3024x4032.scale1536x2048.hdr.png	16	2	0	cICP
1524_nature_yellow-flowers-garden_colorado_ip13pro_iso50-f1p5_img-3841_3024x4032.scale1920x2560.hdr.png	16	2	0	cICP
1524_nature_yellow-flowers-garden_colorado_ip13pro_iso50-f1p5_img-3841_3024x4032.scale192x256.hdr.png	16	2	0	cICP
1524_nature_yellow-flowers-garden_colorado_ip13pro_iso50-f1p5_img-3841_3024x4032.scale2304x3072.hdr.png	16	2	0	cICP
1524_nature_yellow-flowers-garden_colorado_ip13pro_iso50-f1p5_img-3841_3024x4032.scale240x320.hdr.png	16	2	0	cICP
1524_nature_yellow-flowers-garden_colorado_ip13pro_iso50-f1p5_img-3841_3024x4032.scale300x400.hdr.png	16	2	0	cICP
1524_nature_yellow-flowers-garden_colorado_ip13pro_iso50-f1p5_img-3841_3024x4032.scale384x512.hdr.png	16	2	0	cICP
1524_nature_yellow-flowers-garden_colorado_ip13pro_iso50-f1p5_img-3841_3024x4032.scale480x640.hdr.png	16	2	0	cICP
1524_nature_yellow-flowers-garden_colorado_ip13pro_iso50-f1p5_img-3841_3024x4032.scale600x800.hdr.png	16	2	0	cICP
1524_nature_yellow-flowers-garden_colorado_ip13pro_iso50-f1p5_img-3841_3024x4032.scale768x1024.hdr.png	16	2	0	cICP
1524_nature_yellow-flowers-garden_colorado_ip13pro_iso50-f1p5_img-3841_3024x4032.scale960x1280.hdr.png	16	2	0	cICP
1524_nature_yellow-flowers-garden_colorado_ip13pro_iso50-f1p5_img-3841_3024x4032.scale96x128.hdr.png	16	2	0	cICP
1525_nature_wildflowers-in-garden_colorado_ip13pro_iso50-f1p5_img-3861_3024x4032.scale1200x1600.hdr.png	16	2	0	cICP
1525_nature_wildflowers-in-garden_colorado_ip13pro_iso50-f1p5_img-3861_3024x4032.scale120x160.hdr.png	16	2	0	cICP
1525_nature_wildflowers-in-garden_colorado_ip13pro_iso50-f1p5_img-3861_3024x4032.scale150x200.hdr.png	16	2	0	cICP
1525_nature_wildflowers-in-garden_colorado_ip13pro_iso50-f1p5_img-3861_3024x4032.scale1536x2048.hdr.png	16	2	0	cICP
1525_nature_wildflowers-in-garden_colorado_ip13pro_iso50-f1p5_img-3861_3024x4032.scale1920x2560.hdr.png	16	2	0	cICP
1525_nature_wildflowers-in-garden_colorado_ip13pro_iso50-f1p5_img-3861_3024x4032.scale192x256.hdr.png	16	2	0	cICP
1525_nature_wildflowers-in-garden_colorado_ip13pro_iso50-f1p5_img-3861_3024x4032.scale2304x3072.hdr.png	16	2	0	cICP
1525_nature_wildflowers-in-garden_colorado_ip13pro_iso50-f1p5_img-3861_3024x4032.scale240x320.hdr.png	16	2	0	cICP
1525_nature_wildflowers-in-garden_colorado_ip13pro_iso50-f1p5_img-3861_3024x4032.scale300x400.hdr.png	16	2	0	cICP
1525_nature_wildflowers-in-garden_colorado_ip13pro_iso50-f1p5_img-3861_3024x4032.scale384x512.hdr.png	16	2	0	cICP
1525_nature_wildflowers-in-garden_colorado_ip13pro_iso50-f1p5_img-3861_3024x4032.scale480x640.hdr.png	16	2	0	cICP
1525_nature_wildflowers-in-garden_colorado_ip13pro_iso50-f1p5_img-3861_3024x4032.scale600x800.hdr.png	16	2	0	cICP
1525_nature_wildflowers-in-garden_colorado_ip13pro_iso50-f1p5_img-3861_3024x4032.scale768x1024.hdr.png	16	2	0	cICP
1525_nature_wildflowers-in-garden_colorado_ip13pro_iso50-f1p5_img-3861_3024x4032.scale960x1280.hdr.png	16	2	0	cICP
1525_nature_wildflowers-in-garden_colorado_ip13pro_iso50-f1p5_img-3861_3024x4032.scale96x128.hdr.png	16	2	0	cICP
1526_nature_pink-flowers-garden_colorado_ip13pro_iso50-f1p5_img-4543_3024x4032.scale1200x1600.hdr.png	16	2	0	cICP
1526_nature_pink-flowers-garden_colorado_ip13pro_iso50-f1p5_img-4543_3024x4032.scale120x160.hdr.png	16	2	0	cICP
1526_nature_pink-flowers-garden_colorado_ip13pro_iso50-f1p5_img-4543_3024x4032.scale150x200.hdr.png	16	2	0	cICP
1526_nature_pink-flowers-garden_colorado_ip13pro_iso50-f1p5_img-4543_3024x4032.scale1536x2048.hdr.png	16	2	0	cICP
1526_nature_pink-flowers-garden_colorado_ip13pro_iso50-f1p5_img-4543_3024x4032.scale1920x2560.hdr.png	16	2	0	cICP
1526_nature_pink-flowers-garden_colorado_ip13pro_iso50-f1p5_img-4543_3024x4032.scale192x256.hdr.png	16	2	0	cICP
1526_nature_pink-flowers-garden_colorado_ip13pro_iso50-f1p5_img-4543_3024x4032.scale2304x3072.hdr.png	16	2	0	cICP
1526_nature_pink-flowers-garden_colorado_ip13pro_iso50-f1p5_img-4543_3024x4032.scale240x320.hdr.png	16	2	0	cICP
1526_nature_pink-flowers-garden_colorado_ip13pro_iso50-f1p5_img-4543_3024x4032.scale300x400.hdr.png	16	2	0	cICP
1526_nature_pink-flowers-garden_colorado_ip13pro_iso50-f1p5_img-4543_3024x4032.scale384x512.hdr.png	16	2	0	cICP
1526_nature_pink-flowers-garden_colorado_ip13pro_iso50-f1p5_img-4543_3024x4032.scale480x640.hdr.png	16	2	0	cICP
1526_nature_pink-flowers-garden_colorado_ip13pro_iso50-f1p5_img-4543_3024x4032.scale600x800.hdr.png	16	2	0	cICP
1526_nature_pink-flowers-garden_colorado_ip13pro_iso50-f1p5_img-4543_3024x4032.scale768x1024.hdr.png	16	2	0	cICP
1526_nature_pink-flowers-garden_colorado_ip13pro_iso50-f1p5_img-4543_3024x4032.scale960x1280.hdr.png	16	2	0	cICP
1526_nature_pink-flowers-garden_colorado_ip13pro_iso50-f1p5_img-4543_3024x4032.scale96x128.hdr.png	16	2	0	cICP
1527_nature_mountain-wildflowers-landscape_stikine-region-canada_ip16pro_iso100-f1p8_img-4768_4284x5712.scale1200x1600.hdr.png	16	2	0	cICP
1527_nature_mountain-wildflowers-landscape_stikine-region-canada_ip16pro_iso100-f1p8_img-4768_4284x5712.scale120x160.hdr.png	16	2	0	cICP
1527_nature_mountain-wildflowers-landscape_stikine-region-canada_ip16pro_iso100-f1p8_img-4768_4284x5712.scale150x200.hdr.png	16	2	0	cICP
1527_nature_mountain-wildflowers-landscape_stikine-region-canada_ip16pro_iso100-f1p8_img-4768_4284x5712.scale1536x2048.hdr.png	16	2	0	cICP
1527_nature_mountain-wildflowers-landscape_stikine-region-canada_ip16pro_iso100-f1p8_img-4768_4284x5712.scale1920x2560.hdr.png	16	2	0	cICP
1527_nature_mountain-wildflowers-landscape_stikine-region-canada_ip16pro_iso100-f1p8_img-4768_4284x5712.scale192x256.hdr.png	16	2	0	cICP
1527_nature_mountain-wildflowers-landscape_stikine-region-canada_ip16pro_iso100-f1p8_img-4768_4284x5712.scale2304x3072.hdr.png	16	2	0	cICP
1527_nature_mountain-wildflowers-landscape_stikine-region-canada_ip16pro_iso100-f1p8_img-4768_4284x5712.scale240x320.hdr.png	16	2	0	cICP
1527_nature_mountain-wildflowers-landscape_stikine-region-canada_ip16pro_iso100-f1p8_img-4768_4284x5712.scale300x400.hdr.png	16	2	0	cICP
1527_nature_mountain-wildflowers-landscape_stikine-region-canada_ip16pro_iso100-f1p8_img-4768_4284x5712.scale384x512.hdr.png	16	2	0	cICP
1527_nature_mountain-wildflowers-landscape_stikine-region-canada_ip16pro_iso100-f1p8_img-4768_4284x5712.scale480x640.hdr.png	16	2	0	cICP
1527_nature_mountain-wildflowers-landscape_stikine-region-canada_ip16pro_iso100-f1p8_img-4768_4284x5712.scale600x800.hdr.png	16	2	0	cICP
1527_nature_mountain-wildflowers-landscape_stikine-region-canada_ip16pro_iso100-f1p8_img-4768_4284x5712.scale768x1024.hdr.png	16	2	0	cICP
1527_nature_mountain-wildflowers-landscape_stikine-region-canada_ip16pro_iso100-f1p8_img-4768_4284x5712.scale960x1280.hdr.png	16	2	0	cICP
1527_nature_mountain-wildflowers-landscape_stikine-region-canada_ip16pro_iso100-f1p8_img-4768_4284x5712.scale96x128.hdr.png	16	2	0	cICP
1528_nature_pink-blossom-branch_kawazu-japan_ip16pro_iso80-f1p8_img-4931_5712x4284.scale1024x768.hdr.png	16	2	0	cICP
1528_nature_pink-blossom-branch_kawazu-japan_ip16pro_iso80-f1p8_img-4931_5712x4284.scale1280x960.hdr.png	16	2	0	cICP
1528_nature_pink-blossom-branch_kawazu-japan_ip16pro_iso80-f1p8_img-4931_5712x4284.scale128x96.hdr.png	16	2	0	cICP
1528_nature_pink-blossom-branch_kawazu-japan_ip16pro_iso80-f1p8_img-4931_5712x4284.scale1600x1200.hdr.png	16	2	0	cICP
1528_nature_pink-blossom-branch_kawazu-japan_ip16pro_iso80-f1p8_img-4931_5712x4284.scale160x120.hdr.png	16	2	0	cICP
1528_nature_pink-blossom-branch_kawazu-japan_ip16pro_iso80-f1p8_img-4931_5712x4284.scale200x150.hdr.png	16	2	0	cICP
1528_nature_pink-blossom-branch_kawazu-japan_ip16pro_iso80-f1p8_img-4931_5712x4284.scale2048x1536.hdr.png	16	2	0	cICP
1528_nature_pink-blossom-branch_kawazu-japan_ip16pro_iso80-f1p8_img-4931_5712x4284.scale2560x1920.hdr.png	16	2	0	cICP
1528_nature_pink-blossom-branch_kawazu-japan_ip16pro_iso80-f1p8_img-4931_5712x4284.scale256x192.hdr.png	16	2	0	cICP
1528_nature_pink-blossom-branch_kawazu-japan_ip16pro_iso80-f1p8_img-4931_5712x4284.scale3072x2304.hdr.png	16	2	0	cICP
1528_nature_pink-blossom-branch_kawazu-japan_ip16pro_iso80-f1p8_img-4931_5712x4284.scale320x240.hdr.png	16	2	0	cICP
1528_nature_pink-blossom-branch_kawazu-japan_ip16pro_iso80-f1p8_img-4931_5712x4284.scale400x300.hdr.png	16	2	0	cICP
1528_nature_pink-blossom-branch_kawazu-japan_ip16pro_iso80-f1p8_img-4931_5712x4284.scale512x384.hdr.png	16	2	0	cICP
1528_nature_pink-blossom-branch_kawazu-japan_ip16pro_iso80-f1p8_img-4931_5712x4284.scale640x480.hdr.png	16	2	0	cICP
1528_nature_pink-blossom-branch_kawazu-japan_ip16pro_iso80-f1p8_img-4931_5712x4284.scale800x600.hdr.png	16	2	0	cICP
1529_nature_whale-tail-ocean_ip13pro_iso32-f2p8_img-5573_3024x4032.scale1200x1600.hdr.png	16	2	0	cICP
1529_nature_whale-tail-ocean_ip13pro_iso32-f2p8_img-5573_3024x4032.scale120x160.hdr.png	16	2	0	cICP
1529_nature_whale-tail-ocean_ip13pro_iso32-f2p8_img-5573_3024x4032.scale150x200.hdr.png	16	2	0	cICP
1529_nature_whale-tail-ocean_ip13pro_iso32-f2p8_img-5573_3024x4032.scale1536x2048.hdr.png	16	2	0	cICP
1529_nature_whale-tail-ocean_ip13pro_iso32-f2p8_img-5573_3024x4032.scale1920x2560.hdr.png	16	2	0	cICP
1529_nature_whale-tail-ocean_ip13pro_iso32-f2p8_img-5573_3024x4032.scale192x256.hdr.png	16	2	0	cICP
1529_nature_whale-tail-ocean_ip13pro_iso32-f2p8_img-5573_3024x4032.scale2304x3072.hdr.png	16	2	0	cICP
1529_nature_whale-tail-ocean_ip13pro_iso32-f2p8_img-5573_3024x4032.scale240x320.hdr.png	16	2	0	cICP
1529_nature_whale-tail-ocean_ip13pro_iso32-f2p8_img-5573_3024x4032.scale300x400.hdr.png	16	2	0	cICP
1529_nature_whale-tail-ocean_ip13pro_iso32-f2p8_img-5573_3024x4032.scale384x512.hdr.png	16	2	0	cICP
1529_nature_whale-tail-ocean_ip13pro_iso32-f2p8_img-5573_3024x4032.scale480x640.hdr.png	16	2	0	cICP
1529_nature_whale-tail-ocean_ip13pro_iso32-f2p8_img-5573_3024x4032.scale600x800.hdr.png	16	2	0	cICP
1529_nature_whale-tail-ocean_ip13pro_iso32-f2p8_img-5573_3024x4032.scale768x1024.hdr.png	16	2	0	cICP
1529_nature_whale-tail-ocean_ip13pro_iso32-f2p8_img-5573_3024x4032.scale960x1280.hdr.png	16	2	0	cICP
1529_nature_whale-tail-ocean_ip13pro_iso32-f2p8_img-5573_3024x4032.scale96x128.hdr.png	16	2	0	cICP
1530_nature_whale-tail-ocean_ip13pro_iso32-f2p8_img-5574_3024x4032.scale1200x1600.hdr.png	16	2	0	cICP
1530_nature_whale-tail-ocean_ip13pro_iso32-f2p8_img-5574_3024x4032.scale120x160.hdr.png	16	2	0	cICP
1530_nature_whale-tail-ocean_ip13pro_iso32-f2p8_img-5574_3024x4032.scale150x200.hdr.png	16	2	0	cICP
1530_nature_whale-tail-ocean_ip13pro_iso32-f2p8_img-5574_3024x4032.scale1536x2048.hdr.png	16	2	0	cICP
1530_nature_whale-tail-ocean_ip13pro_iso32-f2p8_img-5574_3024x4032.scale1920x2560.hdr.png	16	2	0	cICP
1530_nature_whale-tail-ocean_ip13pro_iso32-f2p8_img-5574_3024x4032.scale192x256.hdr.png	16	2	0	cICP
1530_nature_whale-tail-ocean_ip13pro_iso32-f2p8_img-5574_3024x4032.scale2304x3072.hdr.png	16	2	0	cICP
1530_nature_whale-tail-ocean_ip13pro_iso32-f2p8_img-5574_3024x4032.scale240x320.hdr.png	16	2	0	cICP
1530_nature_whale-tail-ocean_ip13pro_iso32-f2p8_img-5574_3024x4032.scale300x400.hdr.png	16	2	0	cICP
1530_nature_whale-tail-ocean_ip13pro_iso32-f2p8_img-5574_3024x4032.scale384x512.hdr.png	16	2	0	cICP
1530_nature_whale-tail-ocean_ip13pro_iso32-f2p8_img-5574_3024x4032.scale480x640.hdr.png	16	2	0	cICP
1530_nature_whale-tail-ocean_ip13pro_iso32-f2p8_img-5574_3024x4032.scale600x800.hdr.png	16	2	0	cICP
1530_nature_whale-tail-ocean_ip13pro_iso32-f2p8_img-5574_3024x4032.scale768x1024.hdr.png	16	2	0	cICP
1530_nature_whale-tail-ocean_ip13pro_iso32-f2p8_img-5574_3024x4032.scale960x1280.hdr.png	16	2	0	cICP
1530_nature_whale-tail-ocean_ip13pro_iso32-f2p8_img-5574_3024x4032.scale96x128.hdr.png	16	2	0	cICP
1531_nature_red-poppy-flowers_taos-new-mexico_ip17pro_iso80-f1p8_img-6189_4284x5712.scale1200x1600.hdr.png	16	2	0	cICP
1531_nature_red-poppy-flowers_taos-new-mexico_ip17pro_iso80-f1p8_img-6189_4284x5712.scale120x160.hdr.png	16	2	0	cICP
1531_nature_red-poppy-flowers_taos-new-mexico_ip17pro_iso80-f1p8_img-6189_4284x5712.scale150x200.hdr.png	16	2	0	cICP
1531_nature_red-poppy-flowers_taos-new-mexico_ip17pro_iso80-f1p8_img-6189_4284x5712.scale1536x2048.hdr.png	16	2	0	cICP
1531_nature_red-poppy-flowers_taos-new-mexico_ip17pro_iso80-f1p8_img-6189_4284x5712.scale1920x2560.hdr.png	16	2	0	cICP
1531_nature_red-poppy-flowers_taos-new-mexico_ip17pro_iso80-f1p8_img-6189_4284x5712.scale192x256.hdr.png	16	2	0	cICP
1531_nature_red-poppy-flowers_taos-new-mexico_ip17pro_iso80-f1p8_img-6189_4284x5712.scale2304x3072.hdr.png	16	2	0	cICP
1531_nature_red-poppy-flowers_taos-new-mexico_ip17pro_iso80-f1p8_img-6189_4284x5712.scale240x320.hdr.png	16	2	0	cICP
1531_nature_red-poppy-flowers_taos-new-mexico_ip17pro_iso80-f1p8_img-6189_4284x5712.scale300x400.hdr.png	16	2	0	cICP
1531_nature_red-poppy-flowers_taos-new-mexico_ip17pro_iso80-f1p8_img-6189_4284x5712.scale384x512.hdr.png	16	2	0	cICP
1531_nature_red-poppy-flowers_taos-new-mexico_ip17pro_iso80-f1p8_img-6189_4284x5712.scale480x640.hdr.png	16	2	0	cICP
1531_nature_red-poppy-flowers_taos-new-mexico_ip17pro_iso80-f1p8_img-6189_4284x5712.scale600x800.hdr.png	16	2	0	cICP
1531_nature_red-poppy-flowers_taos-new-mexico_ip17pro_iso80-f1p8_img-6189_4284x5712.scale768x1024.hdr.png	16	2	0	cICP
1531_nature_red-poppy-flowers_taos-new-mexico_ip17pro_iso80-f1p8_img-6189_4284x5712.scale960x1280.hdr.png	16	2	0	cICP
1531_nature_red-poppy-flowers_taos-new-mexico_ip17pro_iso80-f1p8_img-6189_4284x5712.scale96x128.hdr.png	16	2	0	cICP
1532_nature_red-poppy-flowers_taos-new-mexico_ip17pro_iso80-f1p8_img-6194_4284x5712.scale1200x1600.hdr.png	16	2	0	cICP
1532_nature_red-poppy-flowers_taos-new-mexico_ip17pro_iso80-f1p8_img-6194_4284x5712.scale120x160.hdr.png	16	2	0	cICP
1532_nature_red-poppy-flowers_taos-new-mexico_ip17pro_iso80-f1p8_img-6194_4284x5712.scale150x200.hdr.png	16	2	0	cICP
1532_nature_red-poppy-flowers_taos-new-mexico_ip17pro_iso80-f1p8_img-6194_4284x5712.scale1536x2048.hdr.png	16	2	0	cICP
1532_nature_red-poppy-flowers_taos-new-mexico_ip17pro_iso80-f1p8_img-6194_4284x5712.scale1920x2560.hdr.png	16	2	0	cICP
1532_nature_red-poppy-flowers_taos-new-mexico_ip17pro_iso80-f1p8_img-6194_4284x5712.scale192x256.hdr.png	16	2	0	cICP
1532_nature_red-poppy-flowers_taos-new-mexico_ip17pro_iso80-f1p8_img-6194_4284x5712.scale2304x3072.hdr.png	16	2	0	cICP
1532_nature_red-poppy-flowers_taos-new-mexico_ip17pro_iso80-f1p8_img-6194_4284x5712.scale240x320.hdr.png	16	2	0	cICP
1532_nature_red-poppy-flowers_taos-new-mexico_ip17pro_iso80-f1p8_img-6194_4284x5712.scale300x400.hdr.png	16	2	0	cICP
1532_nature_red-poppy-flowers_taos-new-mexico_ip17pro_iso80-f1p8_img-6194_4284x5712.scale384x512.hdr.png	16	2	0	cICP
1532_nature_red-poppy-flowers_taos-new-mexico_ip17pro_iso80-f1p8_img-6194_4284x5712.scale480x640.hdr.png	16	2	0	cICP
1532_nature_red-poppy-flowers_taos-new-mexico_ip17pro_iso80-f1p8_img-6194_4284x5712.scale600x800.hdr.png	16	2	0	cICP
1532_nature_red-poppy-flowers_taos-new-mexico_ip17pro_iso80-f1p8_img-6194_4284x5712.scale768x1024.hdr.png	16	2	0	cICP
1532_nature_red-poppy-flowers_taos-new-mexico_ip17pro_iso80-f1p8_img-6194_4284x5712.scale960x1280.hdr.png	16	2	0	cICP
1532_nature_red-poppy-flowers_taos-new-mexico_ip17pro_iso80-f1p8_img-6194_4284x5712.scale96x128.hdr.png	16	2	0	cICP
1533_nature_purple-water-lily_koyama-kamiuchikawaracho-kyoto-japan_ip13pro_iso125-f2p8_img-6205_3024x4032.scale1200x1600.hdr.png	16	2	0	cICP
1533_nature_purple-water-lily_koyama-kamiuchikawaracho-kyoto-japan_ip13pro_iso125-f2p8_img-6205_3024x4032.scale120x160.hdr.png	16	2	0	cICP
1533_nature_purple-water-lily_koyama-kamiuchikawaracho-kyoto-japan_ip13pro_iso125-f2p8_img-6205_3024x4032.scale150x200.hdr.png	16	2	0	cICP
1533_nature_purple-water-lily_koyama-kamiuchikawaracho-kyoto-japan_ip13pro_iso125-f2p8_img-6205_3024x4032.scale1536x2048.hdr.png	16	2	0	cICP
1533_nature_purple-water-lily_koyama-kamiuchikawaracho-kyoto-japan_ip13pro_iso125-f2p8_img-6205_3024x4032.scale1920x2560.hdr.png	16	2	0	cICP
1533_nature_purple-water-lily_koyama-kamiuchikawaracho-kyoto-japan_ip13pro_iso125-f2p8_img-6205_3024x4032.scale192x256.hdr.png	16	2	0	cICP
1533_nature_purple-water-lily_koyama-kamiuchikawaracho-kyoto-japan_ip13pro_iso125-f2p8_img-6205_3024x4032.scale2304x3072.hdr.png	16	2	0	cICP
1533_nature_purple-water-lily_koyama-kamiuchikawaracho-kyoto-japan_ip13pro_iso125-f2p8_img-6205_3024x4032.scale240x320.hdr.png	16	2	0	cICP
1533_nature_purple-water-lily_koyama-kamiuchikawaracho-kyoto-japan_ip13pro_iso125-f2p8_img-6205_3024x4032.scale300x400.hdr.png	16	2	0	cICP
1533_nature_purple-water-lily_koyama-kamiuchikawaracho-kyoto-japan_ip13pro_iso125-f2p8_img-6205_3024x4032.scale384x512.hdr.png	16	2	0	cICP
1533_nature_purple-water-lily_koyama-kamiuchikawaracho-kyoto-japan_ip13pro_iso125-f2p8_img-6205_3024x4032.scale480x640.hdr.png	16	2	0	cICP
1533_nature_purple-water-lily_koyama-kamiuchikawaracho-kyoto-japan_ip13pro_iso125-f2p8_img-6205_3024x4032.scale600x800.hdr.png	16	2	0	cICP
1533_nature_purple-water-lily_koyama-kamiuchikawaracho-kyoto-japan_ip13pro_iso125-f2p8_img-6205_3024x4032.scale768x1024.hdr.png	16	2	0	cICP
1533_nature_purple-water-lily_koyama-kamiuchikawaracho-kyoto-japan_ip13pro_iso125-f2p8_img-6205_3024x4032.scale960x1280.hdr.png	16	2	0	cICP
1533_nature_purple-water-lily_koyama-kamiuchikawaracho-kyoto-japan_ip13pro_iso125-f2p8_img-6205_3024x4032.scale96x128.hdr.png	16	2	0	cICP
1534_nature_red-flowers-closeup_ketchikan-alaska_ip16pro_iso125-f1p8_img-6286_3024x4032.scale1200x1600.hdr.png	16	2	0	cICP
1534_nature_red-flowers-closeup_ketchikan-alaska_ip16pro_iso125-f1p8_img-6286_3024x4032.scale120x160.hdr.png	16	2	0	cICP
1534_nature_red-flowers-closeup_ketchikan-alaska_ip16pro_iso125-f1p8_img-6286_3024x4032.scale150x200.hdr.png	16	2	0	cICP
1534_nature_red-flowers-closeup_ketchikan-alaska_ip16pro_iso125-f1p8_img-6286_3024x4032.scale1536x2048.hdr.png	16	2	0	cICP
1534_nature_red-flowers-closeup_ketchikan-alaska_ip16pro_iso125-f1p8_img-6286_3024x4032.scale1920x2560.hdr.png	16	2	0	cICP
1534_nature_red-flowers-closeup_ketchikan-alaska_ip16pro_iso125-f1p8_img-6286_3024x4032.scale192x256.hdr.png	16	2	0	cICP
1534_nature_red-flowers-closeup_ketchikan-alaska_ip16pro_iso125-f1p8_img-6286_3024x4032.scale2304x3072.hdr.png	16	2	0	cICP
1534_nature_red-flowers-closeup_ketchikan-alaska_ip16pro_iso125-f1p8_img-6286_3024x4032.scale240x320.hdr.png	16	2	0	cICP
1534_nature_red-flowers-closeup_ketchikan-alaska_ip16pro_iso125-f1p8_img-6286_3024x4032.scale300x400.hdr.png	16	2	0	cICP
1534_nature_red-flowers-closeup_ketchikan-alaska_ip16pro_iso125-f1p8_img-6286_3024x4032.scale384x512.hdr.png	16	2	0	cICP
1534_nature_red-flowers-closeup_ketchikan-alaska_ip16pro_iso125-f1p8_img-6286_3024x4032.scale480x640.hdr.png	16	2	0	cICP
1534_nature_red-flowers-closeup_ketchikan-alaska_ip16pro_iso125-f1p8_img-6286_3024x4032.scale600x800.hdr.png	16	2	0	cICP
1534_nature_red-flowers-closeup_ketchikan-alaska_ip16pro_iso125-f1p8_img-6286_3024x4032.scale768x1024.hdr.png	16	2	0	cICP
1534_nature_red-flowers-closeup_ketchikan-alaska_ip16pro_iso125-f1p8_img-6286_3024x4032.scale960x1280.hdr.png	16	2	0	cICP
1534_nature_red-flowers-closeup_ketchikan-alaska_ip16pro_iso125-f1p8_img-6286_3024x4032.scale96x128.hdr.png	16	2	0	cICP
1536_nature_purple-flowers-walkway_seward-alaska_ip16pro_iso80-f1p8_img-8763_4284x5712.scale1200x1600.hdr.png	16	2	0	cICP
1536_nature_purple-flowers-walkway_seward-alaska_ip16pro_iso80-f1p8_img-8763_4284x5712.scale120x160.hdr.png	16	2	0	cICP
1536_nature_purple-flowers-walkway_seward-alaska_ip16pro_iso80-f1p8_img-8763_4284x5712.scale150x200.hdr.png	16	2	0	cICP
1536_nature_purple-flowers-walkway_seward-alaska_ip16pro_iso80-f1p8_img-8763_4284x5712.scale1536x2048.hdr.png	16	2	0	cICP
1536_nature_purple-flowers-walkway_seward-alaska_ip16pro_iso80-f1p8_img-8763_4284x5712.scale1920x2560.hdr.png	16	2	0	cICP
1536_nature_purple-flowers-walkway_seward-alaska_ip16pro_iso80-f1p8_img-8763_4284x5712.scale192x256.hdr.png	16	2	0	cICP
1536_nature_purple-flowers-walkway_seward-alaska_ip16pro_iso80-f1p8_img-8763_4284x5712.scale2304x3072.hdr.png	16	2	0	cICP
1536_nature_purple-flowers-walkway_seward-alaska_ip16pro_iso80-f1p8_img-8763_4284x5712.scale240x320.hdr.png	16	2	0	cICP
1536_nature_purple-flowers-walkway_seward-alaska_ip16pro_iso80-f1p8_img-8763_4284x5712.scale300x400.hdr.png	16	2	0	cICP
1536_nature_purple-flowers-walkway_seward-alaska_ip16pro_iso80-f1p8_img-8763_4284x5712.scale384x512.hdr.png	16	2	0	cICP
1536_nature_purple-flowers-walkway_seward-alaska_ip16pro_iso80-f1p8_img-8763_4284x5712.scale480x640.hdr.png	16	2	0	cICP
1536_nature_purple-flowers-walkway_seward-alaska_ip16pro_iso80-f1p8_img-8763_4284x5712.scale600x800.hdr.png	16	2	0	cICP
1536_nature_purple-flowers-walkway_seward-alaska_ip16pro_iso80-f1p8_img-8763_4284x5712.scale768x1024.hdr.png	16	2	0	cICP
1536_nature_purple-flowers-walkway_seward-alaska_ip16pro_iso80-f1p8_img-8763_4284x5712.scale960x1280.hdr.png	16	2	0	cICP
1536_nature_purple-flowers-walkway_seward-alaska_ip16pro_iso80-f1p8_img-8763_4284x5712.scale96x128.hdr.png	16	2	0	cICP
1537_nature_purple-flowers-closeup_seward-alaska_ip16pro_iso100-f1p8_img-8764_4284x5712.scale1200x1600.hdr.png	16	2	0	cICP
1537_nature_purple-flowers-closeup_seward-alaska_ip16pro_iso100-f1p8_img-8764_4284x5712.scale120x160.hdr.png	16	2	0	cICP
1537_nature_purple-flowers-closeup_seward-alaska_ip16pro_iso100-f1p8_img-8764_4284x5712.scale150x200.hdr.png	16	2	0	cICP
1537_nature_purple-flowers-closeup_seward-alaska_ip16pro_iso100-f1p8_img-8764_4284x5712.scale1536x2048.hdr.png	16	2	0	cICP
1537_nature_purple-flowers-closeup_seward-alaska_ip16pro_iso100-f1p8_img-8764_4284x5712.scale1920x2560.hdr.png	16	2	0	cICP
1537_nature_purple-flowers-closeup_seward-alaska_ip16pro_iso100-f1p8_img-8764_4284x5712.scale192x256.hdr.png	16	2	0	cICP
1537_nature_purple-flowers-closeup_seward-alaska_ip16pro_iso100-f1p8_img-8764_4284x5712.scale2304x3072.hdr.png	16	2	0	cICP
1537_nature_purple-flowers-closeup_seward-alaska_ip16pro_iso100-f1p8_img-8764_4284x5712.scale240x320.hdr.png	16	2	0	cICP
1537_nature_purple-flowers-closeup_seward-alaska_ip16pro_iso100-f1p8_img-8764_4284x5712.scale300x400.hdr.png	16	2	0	cICP
1537_nature_purple-flowers-closeup_seward-alaska_ip16pro_iso100-f1p8_img-8764_4284x5712.scale384x512.hdr.png	16	2	0	cICP
1537_nature_purple-flowers-closeup_seward-alaska_ip16pro_iso100-f1p8_img-8764_4284x5712.scale480x640.hdr.png	16	2	0	cICP
1537_nature_purple-flowers-closeup_seward-alaska_ip16pro_iso100-f1p8_img-8764_4284x5712.scale600x800.hdr.png	16	2	0	cICP
1537_nature_purple-flowers-closeup_seward-alaska_ip16pro_iso100-f1p8_img-8764_4284x5712.scale768x1024.hdr.png	16	2	0	cICP
1537_nature_purple-flowers-closeup_seward-alaska_ip16pro_iso100-f1p8_img-8764_4284x5712.scale960x1280.hdr.png	16	2	0	cICP
1537_nature_purple-flowers-closeup_seward-alaska_ip16pro_iso100-f1p8_img-8764_4284x5712.scale96x128.hdr.png	16	2	0	cICP
1539_nature_legs-in-water_felipe-carrillo-puerto-mexico_ip13pro_iso32-f1p8_img-8809_3024x4032.scale1200x1600.hdr.png	16	2	0	cICP
1539_nature_legs-in-water_felipe-carrillo-puerto-mexico_ip13pro_iso32-f1p8_img-8809_3024x4032.scale120x160.hdr.png	16	2	0	cICP
1539_nature_legs-in-water_felipe-carrillo-puerto-mexico_ip13pro_iso32-f1p8_img-8809_3024x4032.scale150x200.hdr.png	16	2	0	cICP
1539_nature_legs-in-water_felipe-carrillo-puerto-mexico_ip13pro_iso32-f1p8_img-8809_3024x4032.scale1536x2048.hdr.png	16	2	0	cICP
1539_nature_legs-in-water_felipe-carrillo-puerto-mexico_ip13pro_iso32-f1p8_img-8809_3024x4032.scale1920x2560.hdr.png	16	2	0	cICP
1539_nature_legs-in-water_felipe-carrillo-puerto-mexico_ip13pro_iso32-f1p8_img-8809_3024x4032.scale192x256.hdr.png	16	2	0	cICP
1539_nature_legs-in-water_felipe-carrillo-puerto-mexico_ip13pro_iso32-f1p8_img-8809_3024x4032.scale2304x3072.hdr.png	16	2	0	cICP
1539_nature_legs-in-water_felipe-carrillo-puerto-mexico_ip13pro_iso32-f1p8_img-8809_3024x4032.scale240x320.hdr.png	16	2	0	cICP
1539_nature_legs-in-water_felipe-carrillo-puerto-mexico_ip13pro_iso32-f1p8_img-8809_3024x4032.scale300x400.hdr.png	16	2	0	cICP
1539_nature_legs-in-water_felipe-carrillo-puerto-mexico_ip13pro_iso32-f1p8_img-8809_3024x4032.scale384x512.hdr.png	16	2	0	cICP
1539_nature_legs-in-water_felipe-carrillo-puerto-mexico_ip13pro_iso32-f1p8_img-8809_3024x4032.scale480x640.hdr.png	16	2	0	cICP
1539_nature_legs-in-water_felipe-carrillo-puerto-mexico_ip13pro_iso32-f1p8_img-8809_3024x4032.scale600x800.hdr.png	16	2	0	cICP
1539_nature_legs-in-water_felipe-carrillo-puerto-mexico_ip13pro_iso32-f1p8_img-8809_3024x4032.scale768x1024.hdr.png	16	2	0	cICP
1539_nature_legs-in-water_felipe-carrillo-puerto-mexico_ip13pro_iso32-f1p8_img-8809_3024x4032.scale960x1280.hdr.png	16	2	0	cICP
1539_nature_legs-in-water_felipe-carrillo-puerto-mexico_ip13pro_iso32-f1p8_img-8809_3024x4032.scale96x128.hdr.png	16	2	0	cICP
1540_nature_purple-flowers-garden_belltown-seattle-washington_ip16pro_iso100-f1p8_img-9109_4284x5712.scale1200x1600.hdr.png	16	2	0	cICP
1540_nature_purple-flowers-garden_belltown-seattle-washington_ip16pro_iso100-f1p8_img-9109_4284x5712.scale120x160.hdr.png	16	2	0	cICP
1540_nature_purple-flowers-garden_belltown-seattle-washington_ip16pro_iso100-f1p8_img-9109_4284x5712.scale150x200.hdr.png	16	2	0	cICP
1540_nature_purple-flowers-garden_belltown-seattle-washington_ip16pro_iso100-f1p8_img-9109_4284x5712.scale1536x2048.hdr.png	16	2	0	cICP
1540_nature_purple-flowers-garden_belltown-seattle-washington_ip16pro_iso100-f1p8_img-9109_4284x5712.scale1920x2560.hdr.png	16	2	0	cICP
1540_nature_purple-flowers-garden_belltown-seattle-washington_ip16pro_iso100-f1p8_img-9109_4284x5712.scale192x256.hdr.png	16	2	0	cICP
1540_nature_purple-flowers-garden_belltown-seattle-washington_ip16pro_iso100-f1p8_img-9109_4284x5712.scale2304x3072.hdr.png	16	2	0	cICP
1540_nature_purple-flowers-garden_belltown-seattle-washington_ip16pro_iso100-f1p8_img-9109_4284x5712.scale240x320.hdr.png	16	2	0	cICP
1540_nature_purple-flowers-garden_belltown-seattle-washington_ip16pro_iso100-f1p8_img-9109_4284x5712.scale300x400.hdr.png	16	2	0	cICP
1540_nature_purple-flowers-garden_belltown-seattle-washington_ip16pro_iso100-f1p8_img-9109_4284x5712.scale384x512.hdr.png	16	2	0	cICP
1540_nature_purple-flowers-garden_belltown-seattle-washington_ip16pro_iso100-f1p8_img-9109_4284x5712.scale480x640.hdr.png	16	2	0	cICP
1540_nature_purple-flowers-garden_belltown-seattle-washington_ip16pro_iso100-f1p8_img-9109_4284x5712.scale600x800.hdr.png	16	2	0	cICP
1540_nature_purple-flowers-garden_belltown-seattle-washington_ip16pro_iso100-f1p8_img-9109_4284x5712.scale768x1024.hdr.png	16	2	0	cICP
1540_nature_purple-flowers-garden_belltown-seattle-washington_ip16pro_iso100-f1p8_img-9109_4284x5712.scale960x1280.hdr.png	16	2	0	cICP
1540_nature_purple-flowers-garden_belltown-seattle-washington_ip16pro_iso100-f1p8_img-9109_4284x5712.scale96x128.hdr.png	16	2	0	cICP
1541_nature_blue-wildflower-grass_snaefellsbaer-iceland_ip16pro_iso64-f1p8_img-9110_3024x4032.scale1200x1600.hdr.png	16	2	0	cICP
1541_nature_blue-wildflower-grass_snaefellsbaer-iceland_ip16pro_iso64-f1p8_img-9110_3024x4032.scale120x160.hdr.png	16	2	0	cICP
1541_nature_blue-wildflower-grass_snaefellsbaer-iceland_ip16pro_iso64-f1p8_img-9110_3024x4032.scale150x200.hdr.png	16	2	0	cICP
1541_nature_blue-wildflower-grass_snaefellsbaer-iceland_ip16pro_iso64-f1p8_img-9110_3024x4032.scale1536x2048.hdr.png	16	2	0	cICP
1541_nature_blue-wildflower-grass_snaefellsbaer-iceland_ip16pro_iso64-f1p8_img-9110_3024x4032.scale1920x2560.hdr.png	16	2	0	cICP
1541_nature_blue-wildflower-grass_snaefellsbaer-iceland_ip16pro_iso64-f1p8_img-9110_3024x4032.scale192x256.hdr.png	16	2	0	cICP
1541_nature_blue-wildflower-grass_snaefellsbaer-iceland_ip16pro_iso64-f1p8_img-9110_3024x4032.scale2304x3072.hdr.png	16	2	0	cICP
1541_nature_blue-wildflower-grass_snaefellsbaer-iceland_ip16pro_iso64-f1p8_img-9110_3024x4032.scale240x320.hdr.png	16	2	0	cICP
1541_nature_blue-wildflower-grass_snaefellsbaer-iceland_ip16pro_iso64-f1p8_img-9110_3024x4032.scale300x400.hdr.png	16	2	0	cICP
1541_nature_blue-wildflower-grass_snaefellsbaer-iceland_ip16pro_iso64-f1p8_img-9110_3024x4032.scale384x512.hdr.png	16	2	0	cICP
1541_nature_blue-wildflower-grass_snaefellsbaer-iceland_ip16pro_iso64-f1p8_img-9110_3024x4032.scale480x640.hdr.png	16	2	0	cICP
1541_nature_blue-wildflower-grass_snaefellsbaer-iceland_ip16pro_iso64-f1p8_img-9110_3024x4032.scale600x800.hdr.png	16	2	0	cICP
1541_nature_blue-wildflower-grass_snaefellsbaer-iceland_ip16pro_iso64-f1p8_img-9110_3024x4032.scale768x1024.hdr.png	16	2	0	cICP
1541_nature_blue-wildflower-grass_snaefellsbaer-iceland_ip16pro_iso64-f1p8_img-9110_3024x4032.scale960x1280.hdr.png	16	2	0	cICP
1541_nature_blue-wildflower-grass_snaefellsbaer-iceland_ip16pro_iso64-f1p8_img-9110_3024x4032.scale96x128.hdr.png	16	2	0	cICP
1542_nature_orange-lily-flower_belltown-seattle-washington_ip16pro_iso80-f1p8_img-9149_4284x5712.scale1200x1600.hdr.png	16	2	0	cICP
1542_nature_orange-lily-flower_belltown-seattle-washington_ip16pro_iso80-f1p8_img-9149_4284x5712.scale120x160.hdr.png	16	2	0	cICP
1542_nature_orange-lily-flower_belltown-seattle-washington_ip16pro_iso80-f1p8_img-9149_4284x5712.scale150x200.hdr.png	16	2	0	cICP
1542_nature_orange-lily-flower_belltown-seattle-washington_ip16pro_iso80-f1p8_img-9149_4284x5712.scale1536x2048.hdr.png	16	2	0	cICP
1542_nature_orange-lily-flower_belltown-seattle-washington_ip16pro_iso80-f1p8_img-9149_4284x5712.scale1920x2560.hdr.png	16	2	0	cICP
1542_nature_orange-lily-flower_belltown-seattle-washington_ip16pro_iso80-f1p8_img-9149_4284x5712.scale192x256.hdr.png	16	2	0	cICP
1542_nature_orange-lily-flower_belltown-seattle-washington_ip16pro_iso80-f1p8_img-9149_4284x5712.scale2304x3072.hdr.png	16	2	0	cICP
1542_nature_orange-lily-flower_belltown-seattle-washington_ip16pro_iso80-f1p8_img-9149_4284x5712.scale240x320.hdr.png	16	2	0	cICP
1542_nature_orange-lily-flower_belltown-seattle-washington_ip16pro_iso80-f1p8_img-9149_4284x5712.scale300x400.hdr.png	16	2	0	cICP
1542_nature_orange-lily-flower_belltown-seattle-washington_ip16pro_iso80-f1p8_img-9149_4284x5712.scale384x512.hdr.png	16	2	0	cICP
1542_nature_orange-lily-flower_belltown-seattle-washington_ip16pro_iso80-f1p8_img-9149_4284x5712.scale480x640.hdr.png	16	2	0	cICP
1542_nature_orange-lily-flower_belltown-seattle-washington_ip16pro_iso80-f1p8_img-9149_4284x5712.scale600x800.hdr.png	16	2	0	cICP
1542_nature_orange-lily-flower_belltown-seattle-washington_ip16pro_iso80-f1p8_img-9149_4284x5712.scale768x1024.hdr.png	16	2	0	cICP
1542_nature_orange-lily-flower_belltown-seattle-washington_ip16pro_iso80-f1p8_img-9149_4284x5712.scale960x1280.hdr.png	16	2	0	cICP
1542_nature_orange-lily-flower_belltown-seattle-washington_ip16pro_iso80-f1p8_img-9149_4284x5712.scale96x128.hdr.png	16	2	0	cICP
1543_nature_water-lilies-pond_miyuki-beppu-japan_ip16pro_iso80-f1p8_img-9522_4284x5712.scale1200x1600.hdr.png	16	2	0	cICP
1543_nature_water-lilies-pond_miyuki-beppu-japan_ip16pro_iso80-f1p8_img-9522_4284x5712.scale120x160.hdr.png	16	2	0	cICP
1543_nature_water-lilies-pond_miyuki-beppu-japan_ip16pro_iso80-f1p8_img-9522_4284x5712.scale150x200.hdr.png	16	2	0	cICP
1543_nature_water-lilies-pond_miyuki-beppu-japan_ip16pro_iso80-f1p8_img-9522_4284x5712.scale1536x2048.hdr.png	16	2	0	cICP
1543_nature_water-lilies-pond_miyuki-beppu-japan_ip16pro_iso80-f1p8_img-9522_4284x5712.scale1920x2560.hdr.png	16	2	0	cICP
1543_nature_water-lilies-pond_miyuki-beppu-japan_ip16pro_iso80-f1p8_img-9522_4284x5712.scale192x256.hdr.png	16	2	0	cICP
1543_nature_water-lilies-pond_miyuki-beppu-japan_ip16pro_iso80-f1p8_img-9522_4284x5712.scale2304x3072.hdr.png	16	2	0	cICP
1543_nature_water-lilies-pond_miyuki-beppu-japan_ip16pro_iso80-f1p8_img-9522_4284x5712.scale240x320.hdr.png	16	2	0	cICP
1543_nature_water-lilies-pond_miyuki-beppu-japan_ip16pro_iso80-f1p8_img-9522_4284x5712.scale300x400.hdr.png	16	2	0	cICP
1543_nature_water-lilies-pond_miyuki-beppu-japan_ip16pro_iso80-f1p8_img-9522_4284x5712.scale384x512.hdr.png	16	2	0	cICP
1543_nature_water-lilies-pond_miyuki-beppu-japan_ip16pro_iso80-f1p8_img-9522_4284x5712.scale480x640.hdr.png	16	2	0	cICP
1543_nature_water-lilies-pond_miyuki-beppu-japan_ip16pro_iso80-f1p8_img-9522_4284x5712.scale600x800.hdr.png	16	2	0	cICP
1543_nature_water-lilies-pond_miyuki-beppu-japan_ip16pro_iso80-f1p8_img-9522_4284x5712.scale768x1024.hdr.png	16	2	0	cICP
1543_nature_water-lilies-pond_miyuki-beppu-japan_ip16pro_iso80-f1p8_img-9522_4284x5712.scale960x1280.hdr.png	16	2	0	cICP
1543_nature_water-lilies-pond_miyuki-beppu-japan_ip16pro_iso80-f1p8_img-9522_4284x5712.scale96x128.hdr.png	16	2	0	cICP
1544_nature_purple-water-lily-flower_miyuki-beppu-japan_ip16pro_iso64-f1p8_img-9550_3024x4032.scale1200x1600.hdr.png	16	2	0	cICP
1544_nature_purple-water-lily-flower_miyuki-beppu-japan_ip16pro_iso64-f1p8_img-9550_3024x4032.scale120x160.hdr.png	16	2	0	cICP
1544_nature_purple-water-lily-flower_miyuki-beppu-japan_ip16pro_iso64-f1p8_img-9550_3024x4032.scale150x200.hdr.png	16	2	0	cICP
1544_nature_purple-water-lily-flower_miyuki-beppu-japan_ip16pro_iso64-f1p8_img-9550_3024x4032.scale1536x2048.hdr.png	16	2	0	cICP
1544_nature_purple-water-lily-flower_miyuki-beppu-japan_ip16pro_iso64-f1p8_img-9550_3024x4032.scale1920x2560.hdr.png	16	2	0	cICP
1544_nature_purple-water-lily-flower_miyuki-beppu-japan_ip16pro_iso64-f1p8_img-9550_3024x4032.scale192x256.hdr.png	16	2	0	cICP
1544_nature_purple-water-lily-flower_miyuki-beppu-japan_ip16pro_iso64-f1p8_img-9550_3024x4032.scale2304x3072.hdr.png	16	2	0	cICP
1544_nature_purple-water-lily-flower_miyuki-beppu-japan_ip16pro_iso64-f1p8_img-9550_3024x4032.scale240x320.hdr.png	16	2	0	cICP
1544_nature_purple-water-lily-flower_miyuki-beppu-japan_ip16pro_iso64-f1p8_img-9550_3024x4032.scale300x400.hdr.png	16	2	0	cICP
1544_nature_purple-water-lily-flower_miyuki-beppu-japan_ip16pro_iso64-f1p8_img-9550_3024x4032.scale384x512.hdr.png	16	2	0	cICP
1544_nature_purple-water-lily-flower_miyuki-beppu-japan_ip16pro_iso64-f1p8_img-9550_3024x4032.scale480x640.hdr.png	16	2	0	cICP
1544_nature_purple-water-lily-flower_miyuki-beppu-japan_ip16pro_iso64-f1p8_img-9550_3024x4032.scale600x800.hdr.png	16	2	0	cICP
1544_nature_purple-water-lily-flower_miyuki-beppu-japan_ip16pro_iso64-f1p8_img-9550_3024x4032.scale768x1024.hdr.png	16	2	0	cICP
1544_nature_purple-water-lily-flower_miyuki-beppu-japan_ip16pro_iso64-f1p8_img-9550_3024x4032.scale960x1280.hdr.png	16	2	0	cICP
1544_nature_purple-water-lily-flower_miyuki-beppu-japan_ip16pro_iso64-f1p8_img-9550_3024x4032.scale96x128.hdr.png	16	2	0	cICP
1545_nature_stalactite-cave-lake_playa-del-carmen-mexico_ip13pro_iso1600-f1p5_img-9591_4032x3024.scale1024x768.hdr.png	16	2	0	cICP
1545_nature_stalactite-cave-lake_playa-del-carmen-mexico_ip13pro_iso1600-f1p5_img-9591_4032x3024.scale1280x960.hdr.png	16	2	0	cICP
1545_nature_stalactite-cave-lake_playa-del-carmen-mexico_ip13pro_iso1600-f1p5_img-9591_4032x3024.scale128x96.hdr.png	16	2	0	cICP
1545_nature_stalactite-cave-lake_playa-del-carmen-mexico_ip13pro_iso1600-f1p5_img-9591_4032x3024.scale1600x1200.hdr.png	16	2	0	cICP
1545_nature_stalactite-cave-lake_playa-del-carmen-mexico_ip13pro_iso1600-f1p5_img-9591_4032x3024.scale160x120.hdr.png	16	2	0	cICP
1545_nature_stalactite-cave-lake_playa-del-carmen-mexico_ip13pro_iso1600-f1p5_img-9591_4032x3024.scale200x150.hdr.png	16	2	0	cICP
1545_nature_stalactite-cave-lake_playa-del-carmen-mexico_ip13pro_iso1600-f1p5_img-9591_4032x3024.scale2048x1536.hdr.png	16	2	0	cICP
1545_nature_stalactite-cave-lake_playa-del-carmen-mexico_ip13pro_iso1600-f1p5_img-9591_4032x3024.scale2560x1920.hdr.png	16	2	0	cICP
1545_nature_stalactite-cave-lake_playa-del-carmen-mexico_ip13pro_iso1600-f1p5_img-9591_4032x3024.scale256x192.hdr.png	16	2	0	cICP
1545_nature_stalactite-cave-lake_playa-del-carmen-mexico_ip13pro_iso1600-f1p5_img-9591_4032x3024.scale3072x2304.hdr.png	16	2	0	cICP
1545_nature_stalactite-cave-lake_playa-del-carmen-mexico_ip13pro_iso1600-f1p5_img-9591_4032x3024.scale320x240.hdr.png	16	2	0	cICP
1545_nature_stalactite-cave-lake_playa-del-carmen-mexico_ip13pro_iso1600-f1p5_img-9591_4032x3024.scale400x300.hdr.png	16	2	0	cICP
1545_nature_stalactite-cave-lake_playa-del-carmen-mexico_ip13pro_iso1600-f1p5_img-9591_4032x3024.scale512x384.hdr.png	16	2	0	cICP
1545_nature_stalactite-cave-lake_playa-del-carmen-mexico_ip13pro_iso1600-f1p5_img-9591_4032x3024.scale640x480.hdr.png	16	2	0	cICP
1545_nature_stalactite-cave-lake_playa-del-carmen-mexico_ip13pro_iso1600-f1p5_img-9591_4032x3024.scale800x600.hdr.png	16	2	0	cICP
1546_nature_underground-cave-lake_playa-del-carmen-mexico_ip13pro_iso2000-f1p5_img-9608_3024x4032.scale1200x1600.hdr.png	16	2	0	cICP
1546_nature_underground-cave-lake_playa-del-carmen-mexico_ip13pro_iso2000-f1p5_img-9608_3024x4032.scale120x160.hdr.png	16	2	0	cICP
1546_nature_underground-cave-lake_playa-del-carmen-mexico_ip13pro_iso2000-f1p5_img-9608_3024x4032.scale150x200.hdr.png	16	2	0	cICP
1546_nature_underground-cave-lake_playa-del-carmen-mexico_ip13pro_iso2000-f1p5_img-9608_3024x4032.scale1536x2048.hdr.png	16	2	0	cICP
1546_nature_underground-cave-lake_playa-del-carmen-mexico_ip13pro_iso2000-f1p5_img-9608_3024x4032.scale1920x2560.hdr.png	16	2	0	cICP
1546_nature_underground-cave-lake_playa-del-carmen-mexico_ip13pro_iso2000-f1p5_img-9608_3024x4032.scale192x256.hdr.png	16	2	0	cICP
1546_nature_underground-cave-lake_playa-del-carmen-mexico_ip13pro_iso2000-f1p5_img-9608_3024x4032.scale2304x3072.hdr.png	16	2	0	cICP
1546_nature_underground-cave-lake_playa-del-carmen-mexico_ip13pro_iso2000-f1p5_img-9608_3024x4032.scale240x320.hdr.png	16	2	0	cICP
1546_nature_underground-cave-lake_playa-del-carmen-mexico_ip13pro_iso2000-f1p5_img-9608_3024x4032.scale300x400.hdr.png	16	2	0	cICP
1546_nature_underground-cave-lake_playa-del-carmen-mexico_ip13pro_iso2000-f1p5_img-9608_3024x4032.scale384x512.hdr.png	16	2	0	cICP
1546_nature_underground-cave-lake_playa-del-carmen-mexico_ip13pro_iso2000-f1p5_img-9608_3024x4032.scale480x640.hdr.png	16	2	0	cICP
1546_nature_underground-cave-lake_playa-del-carmen-mexico_ip13pro_iso2000-f1p5_img-9608_3024x4032.scale600x800.hdr.png	16	2	0	cICP
1546_nature_underground-cave-lake_playa-del-carmen-mexico_ip13pro_iso2000-f1p5_img-9608_3024x4032.scale768x1024.hdr.png	16	2	0	cICP
1546_nature_underground-cave-lake_playa-del-carmen-mexico_ip13pro_iso2000-f1p5_img-9608_3024x4032.scale960x1280.hdr.png	16	2	0	cICP
1546_nature_underground-cave-lake_playa-del-carmen-mexico_ip13pro_iso2000-f1p5_img-9608_3024x4032.scale96x128.hdr.png	16	2	0	cICP
1547_nature_orange-flowers-garden_colorado_ip16pro_iso80-f1p8_img-9652_4284x5712.scale1200x1600.hdr.png	16	2	0	cICP
1547_nature_orange-flowers-garden_colorado_ip16pro_iso80-f1p8_img-9652_4284x5712.scale120x160.hdr.png	16	2	0	cICP
1547_nature_orange-flowers-garden_colorado_ip16pro_iso80-f1p8_img-9652_4284x5712.scale150x200.hdr.png	16	2	0	cICP
1547_nature_orange-flowers-garden_colorado_ip16pro_iso80-f1p8_img-9652_4284x5712.scale1536x2048.hdr.png	16	2	0	cICP
1547_nature_orange-flowers-garden_colorado_ip16pro_iso80-f1p8_img-9652_4284x5712.scale1920x2560.hdr.png	16	2	0	cICP
1547_nature_orange-flowers-garden_colorado_ip16pro_iso80-f1p8_img-9652_4284x5712.scale192x256.hdr.png	16	2	0	cICP
1547_nature_orange-flowers-garden_colorado_ip16pro_iso80-f1p8_img-9652_4284x5712.scale2304x3072.hdr.png	16	2	0	cICP
1547_nature_orange-flowers-garden_colorado_ip16pro_iso80-f1p8_img-9652_4284x5712.scale240x320.hdr.png	16	2	0	cICP
1547_nature_orange-flowers-garden_colorado_ip16pro_iso80-f1p8_img-9652_4284x5712.scale300x400.hdr.png	16	2	0	cICP
1547_nature_orange-flowers-garden_colorado_ip16pro_iso80-f1p8_img-9652_4284x5712.scale384x512.hdr.png	16	2	0	cICP
1547_nature_orange-flowers-garden_colorado_ip16pro_iso80-f1p8_img-9652_4284x5712.scale480x640.hdr.png	16	2	0	cICP
1547_nature_orange-flowers-garden_colorado_ip16pro_iso80-f1p8_img-9652_4284x5712.scale600x800.hdr.png	16	2	0	cICP
1547_nature_orange-flowers-garden_colorado_ip16pro_iso80-f1p8_img-9652_4284x5712.scale768x1024.hdr.png	16	2	0	cICP
1547_nature_orange-flowers-garden_colorado_ip16pro_iso80-f1p8_img-9652_4284x5712.scale960x1280.hdr.png	16	2	0	cICP
1547_nature_orange-flowers-garden_colorado_ip16pro_iso80-f1p8_img-9652_4284x5712.scale96x128.hdr.png	16	2	0	cICP
1638_food_sliced-fish-dish_colorado_s25u_iso800-f1p7_20250425-213810_3000x4000.scale1200x1600.hdr.png	16	2	0	cICP
1638_food_sliced-fish-dish_colorado_s25u_iso800-f1p7_20250425-213810_3000x4000.scale120x160.hdr.png	16	2	0	cICP
1638_food_sliced-fish-dish_colorado_s25u_iso800-f1p7_20250425-213810_3000x4000.scale150x200.hdr.png	16	2	0	cICP
1638_food_sliced-fish-dish_colorado_s25u_iso800-f1p7_20250425-213810_3000x4000.scale1536x2048.hdr.png	16	2	0	cICP
1638_food_sliced-fish-dish_colorado_s25u_iso800-f1p7_20250425-213810_3000x4000.scale1920x2560.hdr.png	16	2	0	cICP
1638_food_sliced-fish-dish_colorado_s25u_iso800-f1p7_20250425-213810_3000x4000.scale192x256.hdr.png	16	2	0	cICP
1638_food_sliced-fish-dish_colorado_s25u_iso800-f1p7_20250425-213810_3000x4000.scale2304x3072.hdr.png	16	2	0	cICP
1638_food_sliced-fish-dish_colorado_s25u_iso800-f1p7_20250425-213810_3000x4000.scale240x320.hdr.png	16	2	0	cICP
1638_food_sliced-fish-dish_colorado_s25u_iso800-f1p7_20250425-213810_3000x4000.scale300x400.hdr.png	16	2	0	cICP
1638_food_sliced-fish-dish_colorado_s25u_iso800-f1p7_20250425-213810_3000x4000.scale384x512.hdr.png	16	2	0	cICP
1638_food_sliced-fish-dish_colorado_s25u_iso800-f1p7_20250425-213810_3000x4000.scale480x640.hdr.png	16	2	0	cICP
1638_food_sliced-fish-dish_colorado_s25u_iso800-f1p7_20250425-213810_3000x4000.scale600x800.hdr.png	16	2	0	cICP
1638_food_sliced-fish-dish_colorado_s25u_iso800-f1p7_20250425-213810_3000x4000.scale768x1024.hdr.png	16	2	0	cICP
1638_food_sliced-fish-dish_colorado_s25u_iso800-f1p7_20250425-213810_3000x4000.scale960x1280.hdr.png	16	2	0	cICP
1638_food_sliced-fish-dish_colorado_s25u_iso800-f1p7_20250425-213810_3000x4000.scale96x128.hdr.png	16	2	0	cICP
1639_food_sashimi-on-plate_colorado_s25u_iso200-f1p7_20250425-214145_4000x3000.scale1024x768.hdr.png	16	2	0	cICP
1639_food_sashimi-on-plate_colorado_s25u_iso200-f1p7_20250425-214145_4000x3000.scale1280x960.hdr.png	16	2	0	cICP
1639_food_sashimi-on-plate_colorado_s25u_iso200-f1p7_20250425-214145_4000x3000.scale128x96.hdr.png	16	2	0	cICP
1639_food_sashimi-on-plate_colorado_s25u_iso200-f1p7_20250425-214145_4000x3000.scale1600x1200.hdr.png	16	2	0	cICP
1639_food_sashimi-on-plate_colorado_s25u_iso200-f1p7_20250425-214145_4000x3000.scale160x120.hdr.png	16	2	0	cICP
1639_food_sashimi-on-plate_colorado_s25u_iso200-f1p7_20250425-214145_4000x3000.scale200x150.hdr.png	16	2	0	cICP
1639_food_sashimi-on-plate_colorado_s25u_iso200-f1p7_20250425-214145_4000x3000.scale2048x1536.hdr.png	16	2	0	cICP
1639_food_sashimi-on-plate_colorado_s25u_iso200-f1p7_20250425-214145_4000x3000.scale2560x1920.hdr.png	16	2	0	cICP
1639_food_sashimi-on-plate_colorado_s25u_iso200-f1p7_20250425-214145_4000x3000.scale256x192.hdr.png	16	2	0	cICP
1639_food_sashimi-on-plate_colorado_s25u_iso200-f1p7_20250425-214145_4000x3000.scale3072x2304.hdr.png	16	2	0	cICP
1639_food_sashimi-on-plate_colorado_s25u_iso200-f1p7_20250425-214145_4000x3000.scale320x240.hdr.png	16	2	0	cICP
1639_food_sashimi-on-plate_colorado_s25u_iso200-f1p7_20250425-214145_4000x3000.scale400x300.hdr.png	16	2	0	cICP
1639_food_sashimi-on-plate_colorado_s25u_iso200-f1p7_20250425-214145_4000x3000.scale512x384.hdr.png	16	2	0	cICP
1639_food_sashimi-on-plate_colorado_s25u_iso200-f1p7_20250425-214145_4000x3000.scale640x480.hdr.png	16	2	0	cICP
1639_food_sashimi-on-plate_colorado_s25u_iso200-f1p7_20250425-214145_4000x3000.scale800x600.hdr.png	16	2	0	cICP
1640_food_birthday-cake-table_colorado_ip16pro_iso125-f1p8_img-2666_4284x5712.scale1200x1600.hdr.png	16	2	0	cICP
1640_food_birthday-cake-table_colorado_ip16pro_iso125-f1p8_img-2666_4284x5712.scale120x160.hdr.png	16	2	0	cICP
1640_food_birthday-cake-table_colorado_ip16pro_iso125-f1p8_img-2666_4284x5712.scale150x200.hdr.png	16	2	0	cICP
1640_food_birthday-cake-table_colorado_ip16pro_iso125-f1p8_img-2666_4284x5712.scale1536x2048.hdr.png	16	2	0	cICP
1640_food_birthday-cake-table_colorado_ip16pro_iso125-f1p8_img-2666_4284x5712.scale1920x2560.hdr.png	16	2	0	cICP
1640_food_birthday-cake-table_colorado_ip16pro_iso125-f1p8_img-2666_4284x5712.scale192x256.hdr.png	16	2	0	cICP
1640_food_birthday-cake-table_colorado_ip16pro_iso125-f1p8_img-2666_4284x5712.scale2304x3072.hdr.png	16	2	0	cICP
1640_food_birthday-cake-table_colorado_ip16pro_iso125-f1p8_img-2666_4284x5712.scale240x320.hdr.png	16	2	0	cICP
1640_food_birthday-cake-table_colorado_ip16pro_iso125-f1p8_img-2666_4284x5712.scale300x400.hdr.png	16	2	0	cICP
1640_food_birthday-cake-table_colorado_ip16pro_iso125-f1p8_img-2666_4284x5712.scale384x512.hdr.png	16	2	0	cICP
1640_food_birthday-cake-table_colorado_ip16pro_iso125-f1p8_img-2666_4284x5712.scale480x640.hdr.png	16	2	0	cICP
1640_food_birthday-cake-table_colorado_ip16pro_iso125-f1p8_img-2666_4284x5712.scale600x800.hdr.png	16	2	0	cICP
1640_food_birthday-cake-table_colorado_ip16pro_iso125-f1p8_img-2666_4284x5712.scale768x1024.hdr.png	16	2	0	cICP
1640_food_birthday-cake-table_colorado_ip16pro_iso125-f1p8_img-2666_4284x5712.scale960x1280.hdr.png	16	2	0	cICP
1640_food_birthday-cake-table_colorado_ip16pro_iso125-f1p8_img-2666_4284x5712.scale96x128.hdr.png	16	2	0	cICP
