o_1011.png.scale108x192.png	8	2	0	-
o_1011.png.scale144x256.png	8	2	0	-
o_1011.png.scale216x384.png	8	2	0	-
o_1011.png.scale288x512.png	8	2	0	-
o_1011.png.scale360x640.png	8	2	0	-
o_1011.png.scale36x64.png	8	2	0	-
o_1011.png.scale432x768.png	8	2	0	-
o_1011.png.scale504x896.png	8	2	0	-
o_1011.png.scale54x96.png	8	2	0	-
o_1011.png.scale577x1024.png	8	2	0	-
o_1011.png.scale72x128.png	8	2	0	-
o_1015.png.scale1024x768.png	8	2	0	-
o_1015.png.scale128x96.png	8	2	0	-
o_1015.png.scale192x144.png	8	2	0	-
o_1015.png.scale256x192.png	8	2	0	-
o_1015.png.scale384x288.png	8	2	0	-
o_1015.png.scale512x384.png	8	2	0	-
o_1015.png.scale640x480.png	8	2	0	-
o_1015.png.scale64x48.png	8	2	0	-
o_1015.png.scale768x576.png	8	2	0	-
o_1015.png.scale896x672.png	8	2	0	-
o_1015.png.scale96x72.png	8	2	0	-
o_1016.png.scale108x192.png	8	2	0	-
o_1016.png.scale144x256.png	8	2	0	-
o_1016.png.scale216x384.png	8	2	0	-
o_1016.png.scale288x512.png	8	2	0	-
o_1016.png.scale360x640.png	8	2	0	-
o_1016.png.scale36x64.png	8	2	0	-
o_1016.png.scale432x768.png	8	2	0	-
o_1016.png.scale504x896.png	8	2	0	-
o_1016.png.scale54x96.png	8	2	0	-
o_1016.png.scale577x1024.png	8	2	0	-
o_1016.png.scale72x128.png	8	2	0	-
o_1019.png.scale144x192.png	8	2	0	-
o_1019.png.scale192x256.png	8	2	0	-
o_1019.png.scale288x384.png	8	2	0	-
o_1019.png.scale384x512.png	8	2	0	-
o_1019.png.scale480x640.png	8	2	0	-
o_1019.png.scale48x64.png	8	2	0	-
o_1019.png.scale576x768.png	8	2	0	-
o_1019.png.scale672x896.png	8	2	0	-
o_1019.png.scale72x96.png	8	2	0	-
o_1019.png.scale768x1024.png	8	2	0	-
o_1019.png.scale96x128.png	8	2	0	-
o_1023.png.scale1024x768.png	8	2	0	-
o_1023.png.scale128x96.png	8	2	0	-
o_1023.png.scale192x144.png	8	2	0	-
o_1023.png.scale256x192.png	8	2	0	-
o_1023.png.scale384x288.png	8	2	0	-
o_1023.png.scale512x384.png	8	2	0	-
o_1023.png.scale640x480.png	8	2	0	-
o_1023.png.scale64x48.png	8	2	0	-
o_1023.png.scale768x576.png	8	2	0	-
o_1023.png.scale896x672.png	8	2	0	-
o_1023.png.scale96x72.png	8	2	0	-
o_1027.png.scale108x192.png	8	2	0	-
o_1027.png.scale144x256.png	8	2	0	-
o_1027.png.scale216x384.png	8	2	0	-
o_1027.png.scale288x512.png	8	2	0	-
o_1027.png.scale360x640.png	8	2	0	-
o_1027.png.scale36x64.png	8	2	0	-
o_1027.png.scale432x768.png	8	2	0	-
o_1027.png.scale504x896.png	8	2	0	-
o_1027.png.scale54x96.png	8	2	0	-
o_1027.png.scale577x1024.png	8	2	0	-
o_1027.png.scale72x128.png	8	2	0	-
o_1029.png.scale1024x768.png	8	2	0	-
o_1029.png.scale128x96.png	8	2	0	-
o_1029.png.scale192x144.png	8	2	0	-
o_1029.png.scale256x192.png	8	2	0	-
o_1029.png.scale384x288.png	8	2	0	-
o_1029.png.scale512x384.png	8	2	0	-
o_1029.png.scale640x480.png	8	2	0	-
o_1029.png.scale64x48.png	8	2	0	-
o_1029.png.scale768x576.png	8	2	0	-
o_1029.png.scale896x672.png	8	2	0	-
o_1029.png.scale96x72.png	8	2	0	-
o_1042.png.scale1024x768.png	8	2	0	-
o_1042.png.scale128x96.png	8	2	0	-
o_1042.png.scale192x144.png	8	2	0	-
o_1042.png.scale256x192.png	8	2	0	-
o_1042.png.scale384x288.png	8	2	0	-
o_1042.png.scale512x384.png	8	2	0	-
o_1042.png.scale640x480.png	8	2	0	-
o_1042.png.scale64x48.png	8	2	0	-
o_1042.png.scale768x576.png	8	2	0	-
o_1042.png.scale896x672.png	8	2	0	-
o_1042.png.scale96x72.png	8	2	0	-
o_1043.png.scale144x192.png	8	2	0	-
o_1043.png.scale192x256.png	8	2	0	-
o_1043.png.scale288x384.png	8	2	0	-
o_1043.png.scale384x512.png	8	2	0	-
o_1043.png.scale480x640.png	8	2	0	-
o_1043.png.scale48x64.png	8	2	0	-
o_1043.png.scale576x768.png	8	2	0	-
o_1043.png.scale672x896.png	8	2	0	-
o_1043.png.scale72x96.png	8	2	0	-
o_1043.png.scale768x1024.png	8	2	0	-
o_1043.png.scale96x128.png	8	2	0	-
o_1046.png.scale1024x768.png	8	2	0	-
o_1046.png.scale128x96.png	8	2	0	-
o_1046.png.scale192x144.png	8	2	0	-
o_1046.png.scale256x192.png	8	2	0	-
o_1046.png.scale384x288.png	8	2	0	-
o_1046.png.scale512x384.png	8	2	0	-
o_1046.png.scale640x480.png	8	2	0	-
o_1046.png.scale64x48.png	8	2	0	-
o_1046.png.scale768x576.png	8	2	0	-
o_1046.png.scale896x672.png	8	2	0	-
o_1046.png.scale96x72.png	8	2	0	-
o_1050.png.scale1024x768.png	8	2	0	-
o_1050.png.scale128x96.png	8	2	0	-
o_1050.png.scale192x144.png	8	2	0	-
o_1050.png.scale256x192.png	8	2	0	-
o_1050.png.scale384x288.png	8	2	0	-
o_1050.png.scale512x384.png	8	2	0	-
o_1050.png.scale640x480.png	8	2	0	-
o_1050.png.scale64x48.png	8	2	0	-
o_1050.png.scale768x576.png	8	2	0	-
o_1050.png.scale896x672.png	8	2	0	-
o_1050.png.scale96x72.png	8	2	0	-
o_1054.png.scale144x192.png	8	2	0	-
o_1054.png.scale192x256.png	8	2	0	-
o_1054.png.scale288x384.png	8	2	0	-
o_1054.png.scale384x512.png	8	2	0	-
o_1054.png.scale480x640.png	8	2	0	-
o_1054.png.scale48x64.png	8	2	0	-
o_1054.png.scale576x768.png	8	2	0	-
o_1054.png.scale672x896.png	8	2	0	-
o_1054.png.scale72x96.png	8	2	0	-
o_1054.png.scale768x1024.png	8	2	0	-
o_1054.png.scale96x128.png	8	2	0	-
o_1056.png.scale144x192.png	8	2	0	-
o_1056.png.scale192x256.png	8	2	0	-
o_1056.png.scale288x384.png	8	2	0	-
o_1056.png.scale384x512.png	8	2	0	-
o_1056.png.scale480x640.png	8	2	0	-
o_1056.png.scale48x64.png	8	2	0	-
o_1056.png.scale576x768.png	8	2	0	-
o_1056.png.scale672x896.png	8	2	0	-
o_1056.png.scale72x96.png	8	2	0	-
o_1056.png.scale768x1024.png	8	2	0	-
o_1056.png.scale96x128.png	8	2	0	-
o_1060.png.scale144x192.png	8	2	0	-
o_1060.png.scale192x256.png	8	2	0	-
o_1060.png.scale288x384.png	8	2	0	-
o_1060.png.scale384x512.png	8	2	0	-
o_1060.png.scale480x640.png	8	2	0	-
o_1060.png.scale48x64.png	8	2	0	-
o_1060.png.scale576x768.png	8	2	0	-
o_1060.png.scale672x896.png	8	2	0	-
o_1060.png.scale72x96.png	8	2	0	-
o_1060.png.scale768x1024.png	8	2	0	-
o_1060.png.scale96x128.png	8	2	0	-
o_1068.png.scale144x192.png	8	2	0	-
o_1068.png.scale192x256.png	8	2	0	-
o_1068.png.scale288x384.png	8	2	0	-
o_1068.png.scale384x512.png	8	2	0	-
o_1068.png.scale480x640.png	8	2	0	-
o_1068.png.scale48x64.png	8	2	0	-
o_1068.png.scale576x768.png	8	2	0	-
o_1068.png.scale672x896.png	8	2	0	-
o_1068.png.scale72x96.png	8	2	0	-
o_1068.png.scale768x1024.png	8	2	0	-
o_1068.png.scale96x128.png	8	2	0	-
o_1200.png.scale1024x768.png	8	2	0	-
o_1200.png.scale128x96.png	8	2	0	-
o_1200.png.scale192x144.png	8	2	0	-
o_1200.png.scale256x192.png	8	2	0	-
o_1200.png.scale384x288.png	8	2	0	-
o_1200.png.scale512x384.png	8	2	0	-
o_1200.png.scale640x480.png	8	2	0	-
o_1200.png.scale64x48.png	8	2	0	-
o_1200.png.scale768x576.png	8	2	0	-
o_1200.png.scale896x672.png	8	2	0	-
o_1200.png.scale96x72.png	8	2	0	-
o_1205.png.scale144x192.png	8	2	0	-
o_1205.png.scale192x256.png	8	2	0	-
o_1205.png.scale288x384.png	8	2	0	-
o_1205.png.scale384x512.png	8	2	0	-
o_1205.png.scale480x640.png	8	2	0	-
o_1205.png.scale48x64.png	8	2	0	-
o_1205.png.scale576x768.png	8	2	0	-
o_1205.png.scale672x896.png	8	2	0	-
o_1205.png.scale72x96.png	8	2	0	-
o_1205.png.scale768x1024.png	8	2	0	-
o_1205.png.scale96x128.png	8	2	0	-
o_1212.png.scale144x192.png	8	2	0	-
o_1212.png.scale192x256.png	8	2	0	-
o_1212.png.scale288x384.png	8	2	0	-
o_1212.png.scale384x512.png	8	2	0	-
o_1212.png.scale480x640.png	8	2	0	-
o_1212.png.scale48x64.png	8	2	0	-
o_1212.png.scale576x768.png	8	2	0	-
o_1212.png.scale672x896.png	8	2	0	-
o_1212.png.scale72x96.png	8	2	0	-
o_1212.png.scale768x1024.png	8	2	0	-
o_1212.png.scale96x128.png	8	2	0	-
o_1214.png.scale108x128.png	8	2	0	-
o_1214.png.scale162x192.png	8	2	0	-
o_1214.png.scale216x256.png	8	2	0	-
o_1214.png.scale324x384.png	8	2	0	-
o_1214.png.scale432x512.png	8	2	0	-
o_1214.png.scale540x640.png	8	2	0	-
o_1214.png.scale54x64.png	8	2	0	-
o_1214.png.scale648x768.png	8	2	0	-
o_1214.png.scale756x896.png	8	2	0	-
o_1214.png.scale81x96.png	8	2	0	-
o_1214.png.scale864x1024.png	8	2	0	-
o_1220.png.scale144x192.png	8	2	0	-
o_1220.png.scale192x256.png	8	2	0	-
o_1220.png.scale288x384.png	8	2	0	-
o_1220.png.scale384x512.png	8	2	0	-
o_1220.png.scale480x640.png	8	2	0	-
o_1220.png.scale48x64.png	8	2	0	-
o_1220.png.scale576x768.png	8	2	0	-
o_1220.png.scale672x896.png	8	2	0	-
o_1220.png.scale72x96.png	8	2	0	-
o_1220.png.scale768x1024.png	8	2	0	-
o_1220.png.scale96x128.png	8	2	0	-
o_1224.png.scale1024x768.png	8	2	0	-
o_1224.png.scale128x96.png	8	2	0	-
o_1224.png.scale192x144.png	8	2	0	-
o_1224.png.scale256x192.png	8	2	0	-
o_1224.png.scale384x288.png	8	2	0	-
o_1224.png.scale512x384.png	8	2	0	-
o_1224.png.scale640x480.png	8	2	0	-
o_1224.png.scale64x48.png	8	2	0	-
o_1224.png.scale768x576.png	8	2	0	-
o_1224.png.scale896x672.png	8	2	0	-
o_1224.png.scale96x72.png	8	2	0	-
o_1228.png.scale1024x768.png	8	2	0	-
o_1228.png.scale128x96.png	8	2	0	-
o_1228.png.scale192x144.png	8	2	0	-
o_1228.png.scale256x192.png	8	2	0	-
o_1228.png.scale384x288.png	8	2	0	-
o_1228.png.scale512x384.png	8	2	0	-
o_1228.png.scale640x480.png	8	2	0	-
o_1228.png.scale64x48.png	8	2	0	-
o_1228.png.scale768x576.png	8	2	0	-
o_1228.png.scale896x672.png	8	2	0	-
o_1228.png.scale96x72.png	8	2	0	-
o_1239.png.scale1024x768.png	8	2	0	-
o_1239.png.scale128x96.png	8	2	0	-
o_1239.png.scale192x144.png	8	2	0	-
o_1239.png.scale256x192.png	8	2	0	-
o_1239.png.scale384x288.png	8	2	0	-
o_1239.png.scale512x384.png	8	2	0	-
o_1239.png.scale640x480.png	8	2	0	-
o_1239.png.scale64x48.png	8	2	0	-
o_1239.png.scale768x576.png	8	2	0	-
o_1239.png.scale896x672.png	8	2	0	-
o_1239.png.scale96x72.png	8	2	0	-
o_1242.png.scale144x192.png	8	2	0	-
o_1242.png.scale192x256.png	8	2	0	-
o_1242.png.scale288x384.png	8	2	0	-
o_1242.png.scale384x512.png	8	2	0	-
o_1242.png.scale480x640.png	8	2	0	-
o_1242.png.scale48x64.png	8	2	0	-
o_1242.png.scale576x768.png	8	2	0	-
o_1242.png.scale672x896.png	8	2	0	-
o_1242.png.scale72x96.png	8	2	0	-
o_1242.png.scale768x1024.png	8	2	0	-
o_1242.png.scale96x128.png	8	2	0	-
o_1402.png.scale1024x768.png	8	2	0	-
o_1402.png.scale128x96.png	8	2	0	-
o_1402.png.scale192x144.png	8	2	0	-
o_1402.png.scale256x192.png	8	2	0	-
o_1402.png.scale384x288.png	8	2	0	-
o_1402.png.scale512x384.png	8	2	0	-
o_1402.png.scale640x480.png	8	2	0	-
o_1402.png.scale64x48.png	8	2	0	-
o_1402.png.scale768x576.png	8	2	0	-
o_1402.png.scale896x672.png	8	2	0	-
o_1402.png.scale96x72.png	8	2	0	-
o_1405.png.scale1024x768.png	8	2	0	-
o_1405.png.scale128x96.png	8	2	0	-
o_1405.png.scale192x144.png	8	2	0	-
o_1405.png.scale256x192.png	8	2	0	-
o_1405.png.scale384x288.png	8	2	0	-
o_1405.png.scale512x384.png	8	2	0	-
o_1405.png.scale640x480.png	8	2	0	-
o_1405.png.scale64x48.png	8	2	0	-
o_1405.png.scale768x576.png	8	2	0	-
o_1405.png.scale896x672.png	8	2	0	-
o_1405.png.scale96x72.png	8	2	0	-
o_1413.png.scale1024x768.png	8	2	0	-
o_1413.png.scale128x96.png	8	2	0	-
o_1413.png.scale192x144.png	8	2	0	-
o_1413.png.scale256x192.png	8	2	0	-
o_1413.png.scale384x288.png	8	2	0	-
o_1413.png.scale512x384.png	8	2	0	-
o_1413.png.scale640x480.png	8	2	0	-
o_1413.png.scale64x48.png	8	2	0	-
o_1413.png.scale768x576.png	8	2	0	-
o_1413.png.scale896x672.png	8	2	0	-
o_1413.png.scale96x72.png	8	2	0	-
o_1420.png.scale144x192.png	8	2	0	-
o_1420.png.scale192x256.png	8	2	0	-
o_1420.png.scale288x384.png	8	2	0	-
o_1420.png.scale384x512.png	8	2	0	-
o_1420.png.scale480x640.png	8	2	0	-
o_1420.png.scale48x64.png	8	2	0	-
o_1420.png.scale576x768.png	8	2	0	-
o_1420.png.scale672x896.png	8	2	0	-
o_1420.png.scale72x96.png	8	2	0	-
o_1420.png.scale768x1024.png	8	2	0	-
o_1420.png.scale96x128.png	8	2	0	-
o_1423.png.scale144x192.png	8	2	0	-
o_1423.png.scale192x256.png	8	2	0	-
o_1423.png.scale288x384.png	8	2	0	-
o_1423.png.scale384x512.png	8	2	0	-
o_1423.png.scale480x640.png	8	2	0	-
o_1423.png.scale48x64.png	8	2	0	-
o_1423.png.scale576x768.png	8	2	0	-
o_1423.png.scale672x896.png	8	2	0	-
o_1423.png.scale72x96.png	8	2	0	-
o_1423.png.scale768x1024.png	8	2	0	-
o_1423.png.scale96x128.png	8	2	0	-
o_1427.png.scale144x192.png	8	2	0	-
o_1427.png.scale192x256.png	8	2	0	-
o_1427.png.scale288x384.png	8	2	0	-
o_1427.png.scale384x512.png	8	2	0	-
o_1427.png.scale480x640.png	8	2	0	-
o_1427.png.scale48x64.png	8	2	0	-
o_1427.png.scale576x768.png	8	2	0	-
o_1427.png.scale672x896.png	8	2	0	-
o_1427.png.scale72x96.png	8	2	0	-
o_1427.png.scale768x1024.png	8	2	0	-
o_1427.png.scale96x128.png	8	2	0	-
o_1437.png.scale144x192.png	8	2	0	-
o_1437.png.scale192x256.png	8	2	0	-
o_1437.png.scale288x384.png	8	2	0	-
o_1437.png.scale384x512.png	8	2	0	-
o_1437.png.scale480x640.png	8	2	0	-
o_1437.png.scale48x64.png	8	2	0	-
o_1437.png.scale576x768.png	8	2	0	-
o_1437.png.scale672x896.png	8	2	0	-
o_1437.png.scale72x96.png	8	2	0	-
o_1437.png.scale768x1024.png	8	2	0	-
o_1437.png.scale96x128.png	8	2	0	-
o_1441.png.scale1024x768.png	8	2	0	-
o_1441.png.scale128x96.png	8	2	0	-
o_1441.png.scale192x144.png	8	2	0	-
o_1441.png.scale256x192.png	8	2	0	-
o_1441.png.scale384x288.png	8	2	0	-
o_1441.png.scale512x384.png	8	2	0	-
o_1441.png.scale640x480.png	8	2	0	-
o_1441.png.scale64x48.png	8	2	0	-
o_1441.png.scale768x576.png	8	2	0	-
o_1441.png.scale896x672.png	8	2	0	-
o_1441.png.scale96x72.png	8	2	0	-
o_1442.png.scale1024x768.png	8	2	0	-
o_1442.png.scale128x96.png	8	2	0	-
o_1442.png.scale192x144.png	8	2	0	-
o_1442.png.scale256x192.png	8	2	0	-
o_1442.png.scale384x288.png	8	2	0	-
o_1442.png.scale512x384.png	8	2	0	-
o_1442.png.scale640x480.png	8	2	0	-
o_1442.png.scale64x48.png	8	2	0	-
o_1442.png.scale768x576.png	8	2	0	-
o_1442.png.scale896x672.png	8	2	0	-
o_1442.png.scale96x72.png	8	2	0	-
o_1453.png.scale144x192.png	8	2	0	-
o_1453.png.scale192x256.png	8	2	0	-
o_1453.png.scale288x384.png	8	2	0	-
o_1453.png.scale384x512.png	8	2	0	-
o_1453.png.scale480x640.png	8	2	0	-
o_1453.png.scale48x64.png	8	2	0	-
o_1453.png.scale576x768.png	8	2	0	-
o_1453.png.scale672x896.png	8	2	0	-
o_1453.png.scale72x96.png	8	2	0	-
o_1453.png.scale768x1024.png	8	2	0	-
o_1453.png.scale96x128.png	8	2	0	-
o_1461.png.scale144x192.png	8	2	0	-
o_1461.png.scale192x256.png	8	2	0	-
o_1461.png.scale288x384.png	8	2	0	-
o_1461.png.scale384x512.png	8	2	0	-
o_1461.png.scale480x640.png	8	2	0	-
o_1461.png.scale48x64.png	8	2	0	-
o_1461.png.scale576x768.png	8	2	0	-
o_1461.png.scale672x896.png	8	2	0	-
o_1461.png.scale72x96.png	8	2	0	-
o_1461.png.scale768x1024.png	8	2	0	-
o_1461.png.scale96x128.png	8	2	0	-
o_1462.png.scale144x192.png	8	2	0	-
o_1462.png.scale192x256.png	8	2	0	-
o_1462.png.scale288x384.png	8	2	0	-
o_1462.png.scale384x512.png	8	2	0	-
o_1462.png.scale480x640.png	8	2	0	-
o_1462.png.scale48x64.png	8	2	0	-
o_1462.png.scale576x768.png	8	2	0	-
o_1462.png.scale672x896.png	8	2	0	-
o_1462.png.scale72x96.png	8	2	0	-
o_1462.png.scale768x1024.png	8	2	0	-
o_1462.png.scale96x128.png	8	2	0	-
o_1463.png.scale144x192.png	8	2	0	-
o_1463.png.scale192x256.png	8	2	0	-
o_1463.png.scale288x384.png	8	2	0	-
o_1463.png.scale384x512.png	8	2	0	-
o_1463.png.scale480x640.png	8	2	0	-
o_1463.png.scale48x64.png	8	2	0	-
o_1463.png.scale576x768.png	8	2	0	-
o_1463.png.scale672x896.png	8	2	0	-
o_1463.png.scale72x96.png	8	2	0	-
o_1463.png.scale768x1024.png	8	2	0	-
o_1463.png.scale96x128.png	8	2	0	-
o_1464.png.scale144x192.png	8	2	0	-
o_1464.png.scale192x256.png	8	2	0	-
o_1464.png.scale288x384.png	8	2	0	-
o_1464.png.scale384x512.png	8	2	0	-
o_1464.png.scale480x640.png	8	2	0	-
o_1464.png.scale48x64.png	8	2	0	-
o_1464.png.scale576x768.png	8	2	0	-
o_1464.png.scale672x896.png	8	2	0	-
o_1464.png.scale72x96.png	8	2	0	-
o_1464.png.scale768x1024.png	8	2	0	-
o_1464.png.scale96x128.png	8	2	0	-
o_1467.png.scale144x192.png	8	2	0	-
o_1467.png.scale192x256.png	8	2	0	-
o_1467.png.scale288x384.png	8	2	0	-
o_1467.png.scale384x512.png	8	2	0	-
o_1467.png.scale480x640.png	8	2	0	-
o_1467.png.scale48x64.png	8	2	0	-
o_1467.png.scale576x768.png	8	2	0	-
o_1467.png.scale672x896.png	8	2	0	-
o_1467.png.scale72x96.png	8	2	0	-
o_1467.png.scale768x1024.png	8	2	0	-
o_1467.png.scale96x128.png	8	2	0	-
o_1471.png.scale1024x768.png	8	2	0	-
o_1471.png.scale128x96.png	8	2	0	-
o_1471.png.scale192x144.png	8	2	0	-
o_1471.png.scale256x192.png	8	2	0	-
o_1471.png.scale384x288.png	8	2	0	-
o_1471.png.scale512x384.png	8	2	0	-
o_1471.png.scale640x480.png	8	2	0	-
o_1471.png.scale64x48.png	8	2	0	-
o_1471.png.scale768x576.png	8	2	0	-
o_1471.png.scale896x672.png	8	2	0	-
o_1471.png.scale96x72.png	8	2	0	-
o_1472.png.scale1024x768.png	8	2	0	-
o_1472.png.scale128x96.png	8	2	0	-
o_1472.png.scale192x144.png	8	2	0	-
o_1472.png.scale256x192.png	8	2	0	-
o_1472.png.scale384x288.png	8	2	0	-
o_1472.png.scale512x384.png	8	2	0	-
o_1472.png.scale640x480.png	8	2	0	-
o_1472.png.scale64x48.png	8	2	0	-
o_1472.png.scale768x576.png	8	2	0	-
o_1472.png.scale896x672.png	8	2	0	-
o_1472.png.scale96x72.png	8	2	0	-
o_1479.png.scale1024x768.png	8	2	0	-
o_1479.png.scale128x96.png	8	2	0	-
o_1479.png.scale192x144.png	8	2	0	-
o_1479.png.scale256x192.png	8	2	0	-
o_1479.png.scale384x288.png	8	2	0	-
o_1479.png.scale512x384.png	8	2	0	-
o_1479.png.scale640x480.png	8	2	0	-
o_1479.png.scale64x48.png	8	2	0	-
o_1479.png.scale768x576.png	8	2	0	-
o_1479.png.scale896x672.png	8	2	0	-
o_1479.png.scale96x72.png	8	2	0	-
o_1480.png.scale1024x768.png	8	2	0	-
o_1480.png.scale128x96.png	8	2	0	-
o_1480.png.scale192x144.png	8	2	0	-
o_1480.png.scale256x192.png	8	2	0	-
o_1480.png.scale384x288.png	8	2	0	-
o_1480.png.scale512x384.png	8	2	0	-
o_1480.png.scale640x480.png	8	2	0	-
o_1480.png.scale64x48.png	8	2	0	-
o_1480.png.scale768x576.png	8	2	0	-
o_1480.png.scale896x672.png	8	2	0	-
o_1480.png.scale96x72.png	8	2	0	-
o_1481.png.scale144x192.png	8	2	0	-
o_1481.png.scale192x256.png	8	2	0	-
o_1481.png.scale288x384.png	8	2	0	-
o_1481.png.scale384x512.png	8	2	0	-
o_1481.png.scale480x640.png	8	2	0	-
o_1481.png.scale48x64.png	8	2	0	-
o_1481.png.scale576x768.png	8	2	0	-
o_1481.png.scale672x896.png	8	2	0	-
o_1481.png.scale72x96.png	8	2	0	-
o_1481.png.scale768x1024.png	8	2	0	-
o_1481.png.scale96x128.png	8	2	0	-
o_1484.png.scale144x192.png	8	2	0	-
o_1484.png.scale192x256.png	8	2	0	-
o_1484.png.scale288x384.png	8	2	0	-
o_1484.png.scale384x512.png	8	2	0	-
o_1484.png.scale480x640.png	8	2	0	-
o_1484.png.scale48x64.png	8	2	0	-
o_1484.png.scale576x768.png	8	2	0	-
o_1484.png.scale672x896.png	8	2	0	-
o_1484.png.scale72x96.png	8	2	0	-
o_1484.png.scale768x1024.png	8	2	0	-
o_1484.png.scale96x128.png	8	2	0	-
o_1492.png.scale144x192.png	8	2	0	-
o_1492.png.scale192x256.png	8	2	0	-
o_1492.png.scale288x384.png	8	2	0	-
o_1492.png.scale384x512.png	8	2	0	-
o_1492.png.scale480x640.png	8	2	0	-
o_1492.png.scale48x64.png	8	2	0	-
o_1492.png.scale576x768.png	8	2	0	-
o_1492.png.scale672x896.png	8	2	0	-
o_1492.png.scale72x96.png	8	2	0	-
o_1492.png.scale768x1024.png	8	2	0	-
o_1492.png.scale96x128.png	8	2	0	-
o_1497.png.scale135x192.png	8	2	0	-
o_1497.png.scale180x256.png	8	2	0	-
o_1497.png.scale270x384.png	8	2	0	-
o_1497.png.scale360x512.png	8	2	0	-
o_1497.png.scale449x640.png	8	2	0	-
o_1497.png.scale45x64.png	8	2	0	-
o_1497.png.scale539x768.png	8	2	0	-
o_1497.png.scale629x896.png	8	2	0	-
o_1497.png.scale67x96.png	8	2	0	-
o_1497.png.scale719x1024.png	8	2	0	-
o_1497.png.scale90x128.png	8	2	0	-
o_1506.png.scale1024x768.png	8	2	0	-
o_1506.png.scale128x96.png	8	2	0	-
o_1506.png.scale192x144.png	8	2	0	-
o_1506.png.scale256x192.png	8	2	0	-
o_1506.png.scale384x288.png	8	2	0	-
o_1506.png.scale512x384.png	8	2	0	-
o_1506.png.scale640x480.png	8	2	0	-
o_1506.png.scale64x48.png	8	2	0	-
o_1506.png.scale768x576.png	8	2	0	-
o_1506.png.scale896x672.png	8	2	0	-
o_1506.png.scale96x72.png	8	2	0	-
o_1508.png.scale1024x768.png	8	2	0	-
o_1508.png.scale128x96.png	8	2	0	-
o_1508.png.scale192x144.png	8	2	0	-
o_1508.png.scale256x192.png	8	2	0	-
o_1508.png.scale384x288.png	8	2	0	-
o_1508.png.scale512x384.png	8	2	0	-
o_1508.png.scale640x480.png	8	2	0	-
o_1508.png.scale64x48.png	8	2	0	-
o_1508.png.scale768x576.png	8	2	0	-
o_1508.png.scale896x672.png	8	2	0	-
o_1508.png.scale96x72.png	8	2	0	-
o_1529.png.scale144x192.png	8	2	0	-
o_1529.png.scale192x256.png	8	2	0	-
o_1529.png.scale288x384.png	8	2	0	-
o_1529.png.scale384x512.png	8	2	0	-
o_1529.png.scale480x640.png	8	2	0	-
o_1529.png.scale48x64.png	8	2	0	-
o_1529.png.scale576x768.png	8	2	0	-
o_1529.png.scale672x896.png	8	2	0	-
o_1529.png.scale72x96.png	8	2	0	-
o_1529.png.scale768x1024.png	8	2	0	-
o_1529.png.scale96x128.png	8	2	0	-
o_1544.png.scale144x192.png	8	2	0	-
o_1544.png.scale192x256.png	8	2	0	-
o_1544.png.scale288x384.png	8	2	0	-
o_1544.png.scale384x512.png	8	2	0	-
o_1544.png.scale480x640.png	8	2	0	-
o_1544.png.scale48x64.png	8	2	0	-
o_1544.png.scale576x768.png	8	2	0	-
o_1544.png.scale672x896.png	8	2	0	-
o_1544.png.scale72x96.png	8	2	0	-
o_1544.png.scale768x1024.png	8	2	0	-
o_1544.png.scale96x128.png	8	2	0	-
o_1551.png.scale1024x769.png	8	2	0	iCCP
o_1551.png.scale128x96.png	8	2	0	iCCP
o_1551.png.scale192x144.png	8	2	0	iCCP
o_1551.png.scale256x192.png	8	2	0	iCCP
o_1551.png.scale384x288.png	8	2	0	iCCP
o_1551.png.scale512x384.png	8	2	0	iCCP
o_1551.png.scale640x480.png	8	2	0	iCCP
o_1551.png.scale64x48.png	8	2	0	iCCP
o_1551.png.scale768x577.png	8	2	0	iCCP
o_1551.png.scale896x673.png	8	2	0	iCCP
o_1551.png.scale96x72.png	8	2	0	iCCP
o_1556.png.scale120x256.png	8	2	0	iCCP
o_1556.png.scale179x384.png	8	2	0	iCCP
o_1556.png.scale239x512.png	8	2	0	iCCP
o_1556.png.scale299x640.png	8	2	0	iCCP
o_1556.png.scale30x64.png	8	2	0	iCCP
o_1556.png.scale359x768.png	8	2	0	iCCP
o_1556.png.scale419x896.png	8	2	0	iCCP
o_1556.png.scale45x96.png	8	2	0	iCCP
o_1556.png.scale478x1024.png	8	2	0	iCCP
o_1556.png.scale60x128.png	8	2	0	iCCP
o_1556.png.scale90x192.png	8	2	0	iCCP
o_1606.png.scale1024x636.png	8	2	0	-
o_1606.png.scale128x79.png	8	2	0	-
o_1606.png.scale192x119.png	8	2	0	-
o_1606.png.scale256x159.png	8	2	0	-
o_1606.png.scale384x238.png	8	2	0	-
o_1606.png.scale512x318.png	8	2	0	-
o_1606.png.scale640x397.png	8	2	0	-
o_1606.png.scale64x40.png	8	2	0	-
o_1606.png.scale768x477.png	8	2	0	-
o_1606.png.scale896x556.png	8	2	0	-
o_1606.png.scale96x60.png	8	2	0	-
o_1607.png.scale144x192.png	8	2	0	-
o_1607.png.scale192x256.png	8	2	0	-
o_1607.png.scale288x384.png	8	2	0	-
o_1607.png.scale384x512.png	8	2	0	-
o_1607.png.scale480x640.png	8	2	0	-
o_1607.png.scale48x64.png	8	2	0	-
o_1607.png.scale576x768.png	8	2	0	-
o_1607.png.scale672x896.png	8	2	0	-
o_1607.png.scale72x96.png	8	2	0	-
o_1607.png.scale768x1024.png	8	2	0	-
o_1607.png.scale96x128.png	8	2	0	-
o_1609.png.scale1024x768.png	8	2	0	-
o_1609.png.scale128x96.png	8	2	0	-
o_1609.png.scale192x144.png	8	2	0	-
o_1609.png.scale256x192.png	8	2	0	-
o_1609.png.scale384x288.png	8	2	0	-
o_1609.png.scale512x384.png	8	2	0	-
o_1609.png.scale640x480.png	8	2	0	-
o_1609.png.scale64x48.png	8	2	0	-
o_1609.png.scale768x576.png	8	2	0	-
o_1609.png.scale896x672.png	8	2	0	-
o_1609.png.scale96x72.png	8	2	0	-
o_1625.png.scale144x192.png	8	2	0	-
o_1625.png.scale192x256.png	8	2	0	-
o_1625.png.scale288x384.png	8	2	0	-
o_1625.png.scale384x512.png	8	2	0	-
o_1625.png.scale480x640.png	8	2	0	-
o_1625.png.scale48x64.png	8	2	0	-
o_1625.png.scale576x768.png	8	2	0	-
o_1625.png.scale672x896.png	8	2	0	-
o_1625.png.scale72x96.png	8	2	0	-
o_1625.png.scale768x1024.png	8	2	0	-
o_1625.png.scale96x128.png	8	2	0	-
o_1627.png.scale144x192.png	8	2	0	-
o_1627.png.scale192x256.png	8	2	0	-
o_1627.png.scale288x384.png	8	2	0	-
o_1627.png.scale384x512.png	8	2	0	-
o_1627.png.scale480x640.png	8	2	0	-
o_1627.png.scale48x64.png	8	2	0	-
o_1627.png.scale576x768.png	8	2	0	-
o_1627.png.scale672x896.png	8	2	0	-
o_1627.png.scale72x96.png	8	2	0	-
o_1627.png.scale768x1024.png	8	2	0	-
o_1627.png.scale96x128.png	8	2	0	-
o_1628.png.scale144x192.png	8	2	0	-
o_1628.png.scale192x256.png	8	2	0	-
o_1628.png.scale288x384.png	8	2	0	-
o_1628.png.scale384x512.png	8	2	0	-
o_1628.png.scale480x640.png	8	2	0	-
o_1628.png.scale48x64.png	8	2	0	-
o_1628.png.scale576x768.png	8	2	0	-
o_1628.png.scale672x896.png	8	2	0	-
o_1628.png.scale72x96.png	8	2	0	-
o_1628.png.scale768x1024.png	8	2	0	-
o_1628.png.scale96x128.png	8	2	0	-
o_1638.png.scale144x192.png	8	2	0	-
o_1638.png.scale192x256.png	8	2	0	-
o_1638.png.scale288x384.png	8	2	0	-
o_1638.png.scale384x512.png	8	2	0	-
o_1638.png.scale480x640.png	8	2	0	-
o_1638.png.scale48x64.png	8	2	0	-
o_1638.png.scale576x768.png	8	2	0	-
o_1638.png.scale672x896.png	8	2	0	-
o_1638.png.scale72x96.png	8	2	0	-
o_1638.png.scale768x1024.png	8	2	0	-
o_1638.png.scale96x128.png	8	2	0	-
o_2001.png.scale142x192.png	8	2	0	-
o_2001.png.scale189x256.png	8	2	0	-
o_2001.png.scale284x384.png	8	2	0	-
o_2001.png.scale379x512.png	8	2	0	-
o_2001.png.scale473x640.png	8	2	0	-
o_2001.png.scale47x64.png	8	2	0	-
o_2001.png.scale568x768.png	8	2	0	-
o_2001.png.scale663x896.png	8	2	0	-
o_2001.png.scale71x96.png	8	2	0	-
o_2001.png.scale757x1024.png	8	2	0	-
o_2001.png.scale95x128.png	8	2	0	-
o_2003.png.scale102x128.png	8	2	0	-
o_2003.png.scale154x192.png	8	2	0	-
o_2003.png.scale205x256.png	8	2	0	-
o_2003.png.scale307x384.png	8	2	0	-
o_2003.png.scale410x512.png	8	2	0	-
o_2003.png.scale512x640.png	8	2	0	-
o_2003.png.scale51x64.png	8	2	0	-
o_2003.png.scale614x768.png	8	2	0	-
o_2003.png.scale717x896.png	8	2	0	-
o_2003.png.scale77x96.png	8	2	0	-
o_2003.png.scale819x1024.png	8	2	0	-
o_2004.png.scale128x192.png	8	2	0	-
o_2004.png.scale171x256.png	8	2	0	-
o_2004.png.scale256x384.png	8	2	0	-
o_2004.png.scale341x512.png	8	2	0	-
o_2004.png.scale427x640.png	8	2	0	-
o_2004.png.scale43x64.png	8	2	0	-
o_2004.png.scale512x768.png	8	2	0	-
o_2004.png.scale597x896.png	8	2	0	-
o_2004.png.scale64x96.png	8	2	0	-
o_2004.png.scale683x1024.png	8	2	0	-
o_2004.png.scale85x128.png	8	2	0	-
o_2010.png.scale102x128.png	8	2	0	-
o_2010.png.scale154x192.png	8	2	0	-
o_2010.png.scale205x256.png	8	2	0	-
o_2010.png.scale307x384.png	8	2	0	-
o_2010.png.scale410x512.png	8	2	0	-
o_2010.png.scale512x640.png	8	2	0	-
o_2010.png.scale51x64.png	8	2	0	-
o_2010.png.scale614x768.png	8	2	0	-
o_2010.png.scale717x896.png	8	2	0	-
o_2010.png.scale77x96.png	8	2	0	-
o_2010.png.scale819x1024.png	8	2	0	-
o_2012.png.scale1024x768.png	8	0	0	-
o_2012.png.scale128x96.png	8	0	0	-
o_2012.png.scale192x144.png	8	0	0	-
o_2012.png.scale256x192.png	8	0	0	-
o_2012.png.scale384x288.png	8	0	0	-
o_2012.png.scale512x384.png	8	0	0	-
o_2012.png.scale640x480.png	8	0	0	-
o_2012.png.scale64x48.png	8	0	0	-
o_2012.png.scale768x576.png	8	0	0	-
o_2012.png.scale896x672.png	8	0	0	-
o_2012.png.scale96x72.png	8	0	0	-
o_2202.png.scale1024x1024.png	8	2	0	-
o_2202.png.scale128x128.png	8	2	0	-
o_2202.png.scale192x192.png	8	2	0	-
o_2202.png.scale256x256.png	8	2	0	-
o_2202.png.scale384x384.png	8	2	0	-
o_2202.png.scale512x512.png	8	2	0	-
o_2202.png.scale640x640.png	8	2	0	-
o_2202.png.scale64x64.png	8	2	0	-
o_2202.png.scale768x768.png	8	2	0	-
o_2202.png.scale896x896.png	8	2	0	-
o_2202.png.scale96x96.png	8	2	0	-
o_2210.png.scale102x128.png	8	2	0	-
o_2210.png.scale154x192.png	8	2	0	-
o_2210.png.scale205x256.png	8	2	0	-
o_2210.png.scale307x384.png	8	2	0	-
o_2210.png.scale410x512.png	8	2	0	-
o_2210.png.scale512x640.png	8	2	0	-
o_2210.png.scale51x64.png	8	3	0	PLTE
o_2210.png.scale614x768.png	8	2	0	-
o_2210.png.scale717x896.png	8	2	0	-
o_2210.png.scale77x96.png	8	2	0	-
o_2210.png.scale819x1024.png	8	2	0	-
o_2403.png.scale144x192.png	8	2	0	-
o_2403.png.scale192x256.png	8	2	0	-
o_2403.png.scale288x384.png	8	2	0	-
o_2403.png.scale384x512.png	8	2	0	-
o_2403.png.scale480x640.png	8	2	0	-
o_2403.png.scale48x64.png	8	2	0	-
o_2403.png.scale576x768.png	8	2	0	-
o_2403.png.scale672x896.png	8	2	0	-
o_2403.png.scale72x96.png	8	2	0	-
o_2403.png.scale768x1024.png	8	2	0	-
o_2403.png.scale96x128.png	8	2	0	-
o_2405.png.scale108x192.png	8	2	0	-
o_2405.png.scale144x256.png	8	2	0	-
o_2405.png.scale216x384.png	8	2	0	-
o_2405.png.scale288x512.png	8	2	0	-
o_2405.png.scale360x640.png	8	2	0	-
o_2405.png.scale36x64.png	8	2	0	-
o_2405.png.scale432x768.png	8	2	0	-
o_2405.png.scale504x896.png	8	2	0	-
o_2405.png.scale54x96.png	8	2	0	-
o_2405.png.scale576x1024.png	8	2	0	-
o_2405.png.scale72x128.png	8	2	0	-
o_2407.png.scale128x192.png	8	2	0	-
o_2407.png.scale171x256.png	8	2	0	-
o_2407.png.scale256x384.png	8	2	0	-
o_2407.png.scale341x512.png	8	2	0	-
o_2407.png.scale427x640.png	8	2	0	-
o_2407.png.scale43x64.png	8	2	0	-
o_2407.png.scale512x768.png	8	2	0	-
o_2407.png.scale597x896.png	8	2	0	-
o_2407.png.scale64x96.png	8	2	0	-
o_2407.png.scale683x1024.png	8	2	0	-
o_2407.png.scale85x128.png	8	2	0	-
o_2409.png.scale128x192.png	8	2	0	-
o_2409.png.scale171x256.png	8	2	0	-
o_2409.png.scale256x384.png	8	2	0	-
o_2409.png.scale341x512.png	8	2	0	-
o_2409.png.scale427x640.png	8	2	0	-
o_2409.png.scale43x64.png	8	2	0	-
o_2409.png.scale512x768.png	8	2	0	-
o_2409.png.scale597x896.png	8	2	0	-
o_2409.png.scale64x96.png	8	2	0	-
o_2409.png.scale683x1024.png	8	2	0	-
o_2409.png.scale85x128.png	8	2	0	-
o_3001.png.scale147x192.png	8	2	0	-
o_3001.png.scale196x256.png	8	2	0	-
o_3001.png.scale294x384.png	8	2	0	-
o_3001.png.scale392x512.png	8	2	0	-
o_3001.png.scale490x640.png	8	2	0	-
o_3001.png.scale49x64.png	8	2	0	-
o_3001.png.scale588x768.png	8	2	0	-
o_3001.png.scale686x896.png	8	2	0	-
o_3001.png.scale73x96.png	8	2	0	-
o_3001.png.scale784x1024.png	8	2	0	-
o_3001.png.scale98x128.png	8	2	0	-
o_3003.png.scale1024x725.png	8	2	0	-
o_3003.png.scale128x91.png	8	2	0	-
o_3003.png.scale192x136.png	8	2	0	-
o_3003.png.scale256x181.png	8	2	0	-
o_3003.png.scale384x272.png	8	2	0	-
o_3003.png.scale512x362.png	8	2	0	-
o_3003.png.scale640x453.png	8	2	0	-
o_3003.png.scale64x45.png	8	2	0	-
o_3003.png.scale768x544.png	8	2	0	-
o_3003.png.scale896x634.png	8	2	0	-
o_3003.png.scale96x68.png	8	2	0	-
o_3006.png.scale1024x763.png	8	2	0	-
o_3006.png.scale128x95.png	8	2	0	-
o_3006.png.scale192x143.png	8	2	0	-
o_3006.png.scale256x191.png	8	2	0	-
o_3006.png.scale384x286.png	8	2	0	-
o_3006.png.scale512x381.png	8	2	0	-
o_3006.png.scale640x477.png	8	2	0	-
o_3006.png.scale64x48.png	8	2	0	-
o_3006.png.scale768x572.png	8	2	0	-
o_3006.png.scale896x668.png	8	2	0	-
o_3006.png.scale96x72.png	8	2	0	-
o_3008.png.scale1024x738.png	8	2	0	-
o_3008.png.scale128x92.png	8	2	0	-
o_3008.png.scale192x138.png	8	2	0	-
o_3008.png.scale256x185.png	8	2	0	-
o_3008.png.scale384x277.png	8	2	0	-
o_3008.png.scale512x369.png	8	2	0	-
o_3008.png.scale640x461.png	8	2	0	-
o_3008.png.scale64x46.png	8	2	0	-
o_3008.png.scale768x554.png	8	2	0	-
o_3008.png.scale896x646.png	8	2	0	-
o_3008.png.scale96x69.png	8	2	0	-
o_3009.png.scale115x512.png	8	2	0	-
o_3009.png.scale144x640.png	8	2	0	-
o_3009.png.scale14x64.png	8	2	0	-
o_3009.png.scale173x768.png	8	2	0	-
o_3009.png.scale202x896.png	8	2	0	-
o_3009.png.scale22x96.png	8	2	0	-
o_3009.png.scale231x1024.png	8	2	0	-
o_3009.png.scale29x128.png	8	2	0	-
o_3009.png.scale43x192.png	8	2	0	-
o_3009.png.scale58x256.png	8	2	0	-
o_3009.png.scale87x384.png	8	2	0	-
o_3010.png.scale100x128.png	8	2	0	-
o_3010.png.scale151x192.png	8	2	0	-
o_3010.png.scale201x256.png	8	2	0	-
o_3010.png.scale301x384.png	8	2	0	-
o_3010.png.scale402x512.png	8	2	0	-
o_3010.png.scale502x640.png	8	2	0	-
o_3010.png.scale50x64.png	8	2	0	-
o_3010.png.scale603x768.png	8	2	0	-
o_3010.png.scale703x896.png	8	2	0	-
o_3010.png.scale75x96.png	8	2	0	-
o_3010.png.scale804x1024.png	8	2	0	-
o_3014.png.scale1024x847.png	8	2	0	-
o_3014.png.scale128x106.png	8	2	0	-
o_3014.png.scale192x159.png	8	2	0	-
o_3014.png.scale256x212.png	8	2	0	-
o_3014.png.scale384x318.png	8	2	0	-
o_3014.png.scale512x424.png	8	2	0	-
o_3014.png.scale640x530.png	8	2	0	-
o_3014.png.scale64x53.png	8	2	0	-
o_3014.png.scale768x636.png	8	2	0	-
o_3014.png.scale896x741.png	8	2	0	-
o_3014.png.scale96x79.png	8	2	0	-
o_3301.png.scale108x128.png	8	0	0	-
o_3301.png.scale162x192.png	8	0	0	-
o_3301.png.scale215x256.png	8	0	0	-
o_3301.png.scale323x384.png	8	0	0	-
o_3301.png.scale431x512.png	8	3	0	PLTE
o_3301.png.scale539x640.png	8	0	0	-
o_3301.png.scale54x64.png	8	0	0	-
o_3301.png.scale646x768.png	8	3	0	PLTE
o_3301.png.scale754x896.png	8	3	0	PLTE
o_3301.png.scale81x96.png	8	0	0	-
o_3301.png.scale862x1024.png	8	3	0	PLTE
o_3302.png.scale1024x687.png	8	0	0	-
o_3302.png.scale128x86.png	8	0	0	-
o_3302.png.scale192x129.png	8	0	0	-
o_3302.png.scale256x172.png	8	0	0	-
o_3302.png.scale384x258.png	8	0	0	-
o_3302.png.scale512x344.png	8	0	0	-
o_3302.png.scale640x429.png	8	0	0	-
o_3302.png.scale64x43.png	8	0	0	-
o_3302.png.scale768x515.png	8	0	0	-
o_3302.png.scale896x601.png	8	0	0	-
o_3302.png.scale96x64.png	8	0	0	-
o_3305.png.scale108x128.png	8	0	0	-
o_3305.png.scale163x192.png	8	0	0	-
o_3305.png.scale217x256.png	8	0	0	-
o_3305.png.scale325x384.png	8	0	0	-
o_3305.png.scale434x512.png	8	0	0	-
o_3305.png.scale542x640.png	8	0	0	-
o_3305.png.scale54x64.png	8	0	0	-
o_3305.png.scale650x768.png	8	0	0	-
o_3305.png.scale759x896.png	8	0	0	-
o_3305.png.scale81x96.png	8	0	0	-
o_3305.png.scale867x1024.png	8	0	0	-
o_3311.png.scale1024x878.png	8	3	0	PLTE
o_3311.png.scale128x110.png	8	0	0	-
o_3311.png.scale192x165.png	8	0	0	-
o_3311.png.scale256x220.png	8	0	0	-
o_3311.png.scale384x329.png	8	0	0	-
o_3311.png.scale512x439.png	8	0	0	-
o_3311.png.scale640x549.png	8	0	0	-
o_3311.png.scale64x55.png	8	0	0	-
o_3311.png.scale768x659.png	8	0	0	-
o_3311.png.scale896x768.png	8	3	0	PLTE
o_3311.png.scale96x82.png	8	0	0	-
o_3320.png.scale1024x573.png	8	2	0	-
o_3320.png.scale128x72.png	8	2	0	-
o_3320.png.scale192x107.png	8	2	0	-
o_3320.png.scale256x143.png	8	2	0	-
o_3320.png.scale384x215.png	8	2	0	-
o_3320.png.scale512x286.png	8	2	0	-
o_3320.png.scale640x358.png	8	2	0	-
o_3320.png.scale64x36.png	8	2	0	-
o_3320.png.scale768x430.png	8	2	0	-
o_3320.png.scale896x501.png	8	2	0	-
o_3320.png.scale96x54.png	8	2	0	-
o_3323.png.scale120x128.png	8	2	0	-
o_3323.png.scale180x192.png	8	2	0	-
o_3323.png.scale240x256.png	8	2	0	-
o_3323.png.scale359x384.png	8	2	0	-
o_3323.png.scale479x512.png	8	2	0	-
o_3323.png.scale599x640.png	8	2	0	-
o_3323.png.scale60x64.png	8	2	0	-
o_3323.png.scale719x768.png	8	2	0	-
o_3323.png.scale838x896.png	8	2	0	-
o_3323.png.scale90x96.png	8	2	0	-
o_3323.png.scale958x1024.png	8	2	0	-
o_5004.png.scale1024x724.png	8	2	0	-
o_5004.png.scale128x91.png	8	2	0	-
o_5004.png.scale192x136.png	8	2	0	-
o_5004.png.scale256x181.png	8	2	0	-
o_5004.png.scale384x272.png	8	2	0	-
o_5004.png.scale512x362.png	8	2	0	-
o_5004.png.scale640x453.png	8	2	0	-
o_5004.png.scale64x45.png	8	2	0	-
o_5004.png.scale768x543.png	8	2	0	-
o_5004.png.scale896x634.png	8	2	0	-
o_5004.png.scale96x68.png	8	2	0	-
o_5008.png.scale148x192.png	8	2	0	-
o_5008.png.scale198x256.png	8	2	0	-
o_5008.png.scale297x384.png	8	2	0	-
o_5008.png.scale396x512.png	8	2	0	-
o_5008.png.scale495x640.png	8	2	0	-
o_5008.png.scale49x64.png	8	2	0	-
o_5008.png.scale593x768.png	8	2	0	-
o_5008.png.scale692x896.png	8	2	0	-
o_5008.png.scale74x96.png	8	2	0	-
o_5008.png.scale791x1024.png	8	2	0	-
o_5008.png.scale99x128.png	8	2	0	-
o_5016.png.scale1024x549.png	8	2	0	-
o_5016.png.scale128x69.png	8	2	0	-
o_5016.png.scale192x103.png	8	2	0	-
o_5016.png.scale256x137.png	8	2	0	-
o_5016.png.scale384x206.png	8	2	0	-
o_5016.png.scale512x275.png	8	2	0	-
o_5016.png.scale640x343.png	8	2	0	-
o_5016.png.scale64x34.png	8	2	0	-
o_5016.png.scale768x412.png	8	2	0	-
o_5016.png.scale896x480.png	8	2	0	-
o_5016.png.scale96x51.png	8	2	0	-
o_5028.png.scale136x192.png	8	2	0	-
o_5028.png.scale181x256.png	8	2	0	-
o_5028.png.scale272x384.png	8	2	0	-
o_5028.png.scale362x512.png	8	2	0	-
o_5028.png.scale453x640.png	8	2	0	-
o_5028.png.scale45x64.png	8	2	0	-
o_5028.png.scale543x768.png	8	2	0	-
o_5028.png.scale634x896.png	8	2	0	-
o_5028.png.scale68x96.png	8	2	0	-
o_5028.png.scale724x1024.png	8	2	0	-
o_5028.png.scale91x128.png	8	2	0	-
o_5035.png.scale124x192.png	8	2	0	-
o_5035.png.scale166x256.png	8	2	0	-
o_5035.png.scale248x384.png	8	2	0	-
o_5035.png.scale331x512.png	8	2	0	-
o_5035.png.scale414x640.png	8	2	0	-
o_5035.png.scale41x64.png	8	2	0	-
o_5035.png.scale497x768.png	8	2	0	-
o_5035.png.scale580x896.png	8	2	0	-
o_5035.png.scale62x96.png	8	2	0	-
o_5035.png.scale663x1024.png	8	2	0	-
o_5035.png.scale83x128.png	8	2	0	-
o_5036.png.scale124x192.png	8	2	0	-
o_5036.png.scale166x256.png	8	2	0	-
o_5036.png.scale248x384.png	8	2	0	-
o_5036.png.scale331x512.png	8	2	0	-
o_5036.png.scale414x640.png	8	2	0	-
o_5036.png.scale41x64.png	8	2	0	-
o_5036.png.scale497x768.png	8	2	0	-
o_5036.png.scale580x896.png	8	2	0	-
o_5036.png.scale62x96.png	8	2	0	-
o_5036.png.scale663x1024.png	8	2	0	-
o_5036.png.scale83x128.png	8	2	0	-
o_5038.png.scale117x192.png	8	2	0	-
o_5038.png.scale155x256.png	8	2	0	-
o_5038.png.scale233x384.png	8	2	0	-
o_5038.png.scale311x512.png	8	2	0	-
o_5038.png.scale389x640.png	8	2	0	-
o_5038.png.scale39x64.png	8	2	0	-
o_5038.png.scale466x768.png	8	2	0	-
o_5038.png.scale544x896.png	8	2	0	-
o_5038.png.scale58x96.png	8	2	0	-
o_5038.png.scale622x1024.png	8	2	0	-
o_5038.png.scale78x128.png	8	2	0	-
o_5044.png.scale148x192.png	8	2	0	-
o_5044.png.scale198x256.png	8	2	0	-
o_5044.png.scale297x384.png	8	2	0	-
o_5044.png.scale396x512.png	8	2	0	-
o_5044.png.scale495x640.png	8	2	0	-
o_5044.png.scale49x64.png	8	2	0	-
o_5044.png.scale593x768.png	8	2	0	-
o_5044.png.scale692x896.png	8	2	0	-
o_5044.png.scale74x96.png	8	2	0	-
o_5044.png.scale791x1024.png	8	2	0	-
o_5044.png.scale99x128.png	8	2	0	-
o_5200.png.scale148x192.png	8	2	0	-
o_5200.png.scale198x256.png	8	2	0	-
o_5200.png.scale297x384.png	8	2	0	-
o_5200.png.scale396x512.png	8	2	0	-
o_5200.png.scale495x640.png	8	2	0	-
o_5200.png.scale49x64.png	8	2	0	-
o_5200.png.scale593x768.png	8	2	0	-
o_5200.png.scale692x896.png	8	2	0	-
o_5200.png.scale74x96.png	8	2	0	-
o_5200.png.scale791x1024.png	8	2	0	-
o_5200.png.scale99x128.png	8	2	0	-
o_5202.png.scale148x192.png	8	2	0	-
o_5202.png.scale198x256.png	8	2	0	-
o_5202.png.scale297x384.png	8	2	0	-
o_5202.png.scale396x512.png	8	2	0	-
o_5202.png.scale495x640.png	8	2	0	-
o_5202.png.scale49x64.png	8	2	0	-
o_5202.png.scale593x768.png	8	2	0	-
o_5202.png.scale692x896.png	8	2	0	-
o_5202.png.scale74x96.png	8	2	0	-
o_5202.png.scale791x1024.png	8	2	0	-
o_5202.png.scale99x128.png	8	2	0	-
o_5300.png.scale148x192.png	8	2	0	-
o_5300.png.scale198x256.png	8	2	0	-
o_5300.png.scale297x384.png	8	2	0	-
o_5300.png.scale396x512.png	8	2	0	-
o_5300.png.scale495x640.png	8	2	0	-
o_5300.png.scale49x64.png	8	2	0	-
o_5300.png.scale593x768.png	8	2	0	-
o_5300.png.scale692x896.png	8	2	0	-
o_5300.png.scale74x96.png	8	2	0	-
o_5300.png.scale791x1024.png	8	2	0	-
o_5300.png.scale99x128.png	8	2	0	-
o_5303.png.scale148x192.png	8	2	0	-
o_5303.png.scale198x256.png	8	2	0	-
o_5303.png.scale297x384.png	8	2	0	-
o_5303.png.scale396x512.png	8	2	0	-
o_5303.png.scale495x640.png	8	2	0	-
o_5303.png.scale49x64.png	8	2	0	-
o_5303.png.scale593x768.png	8	2	0	-
o_5303.png.scale692x896.png	8	2	0	-
o_5303.png.scale74x96.png	8	2	0	-
o_5303.png.scale791x1024.png	8	2	0	-
o_5303.png.scale99x128.png	8	2	0	-
o_5309.png.scale148x192.png	8	2	0	-
o_5309.png.scale198x256.png	8	2	0	-
o_5309.png.scale297x384.png	8	2	0	-
o_5309.png.scale396x512.png	8	2	0	-
o_5309.png.scale495x640.png	8	2	0	-
o_5309.png.scale49x64.png	8	2	0	-
o_5309.png.scale593x768.png	8	2	0	-
o_5309.png.scale692x896.png	8	2	0	-
o_5309.png.scale74x96.png	8	2	0	-
o_5309.png.scale791x1024.png	8	2	0	-
o_5309.png.scale99x128.png	8	2	0	-
o_5312.png.scale148x192.png	8	2	0	-
o_5312.png.scale198x256.png	8	2	0	-
o_5312.png.scale297x384.png	8	2	0	-
o_5312.png.scale396x512.png	8	2	0	-
o_5312.png.scale495x640.png	8	2	0	-
o_5312.png.scale49x64.png	8	2	0	-
o_5312.png.scale593x768.png	8	2	0	-
o_5312.png.scale692x896.png	8	2	0	-
o_5312.png.scale74x96.png	8	2	0	-
o_5312.png.scale791x1024.png	8	2	0	-
o_5312.png.scale99x128.png	8	2	0	-
o_5315.png.scale148x192.png	8	2	0	-
o_5315.png.scale198x256.png	8	2	0	-
o_5315.png.scale297x384.png	8	2	0	-
o_5315.png.scale396x512.png	8	2	0	-
o_5315.png.scale495x640.png	8	2	0	-
o_5315.png.scale49x64.png	8	2	0	-
o_5315.png.scale593x768.png	8	2	0	-
o_5315.png.scale692x896.png	8	2	0	-
o_5315.png.scale74x96.png	8	2	0	-
o_5315.png.scale791x1024.png	8	2	0	-
o_5315.png.scale99x128.png	8	2	0	-
o_5338.png.scale148x192.png	8	2	0	-
o_5338.png.scale198x256.png	8	2	0	-
o_5338.png.scale297x384.png	8	2	0	-
o_5338.png.scale396x512.png	8	2	0	-
o_5338.png.scale495x640.png	8	2	0	-
o_5338.png.scale49x64.png	8	2	0	-
o_5338.png.scale593x768.png	8	2	0	-
o_5338.png.scale692x896.png	8	2	0	-
o_5338.png.scale74x96.png	8	2	0	-
o_5338.png.scale791x1024.png	8	2	0	-
o_5338.png.scale99x128.png	8	2	0	-
o_5339.png.scale148x192.png	8	2	0	-
o_5339.png.scale198x256.png	8	2	0	-
o_5339.png.scale297x384.png	8	2	0	-
o_5339.png.scale396x512.png	8	2	0	-
o_5339.png.scale495x640.png	8	2	0	-
o_5339.png.scale49x64.png	8	2	0	-
o_5339.png.scale593x768.png	8	2	0	-
o_5339.png.scale692x896.png	8	2	0	-
o_5339.png.scale74x96.png	8	2	0	-
o_5339.png.scale791x1024.png	8	2	0	-
o_5339.png.scale99x128.png	8	2	0	-
o_6001.png.scale131x192.png	8	0	0	-
o_6001.png.scale174x256.png	8	0	0	-
o_6001.png.scale261x384.png	8	0	0	-
o_6001.png.scale349x512.png	8	3	0	PLTE
o_6001.png.scale436x640.png	8	3	0	PLTE
o_6001.png.scale44x64.png	8	0	0	-
o_6001.png.scale523x768.png	8	3	0	PLTE
o_6001.png.scale610x896.png	8	3	0	PLTE
o_6001.png.scale65x96.png	8	0	0	-
o_6001.png.scale697x1024.png	8	3	0	PLTE
o_6001.png.scale87x128.png	8	0	0	-
o_6003.png.scale131x192.png	8	0	0	-
o_6003.png.scale174x256.png	8	0	0	-
o_6003.png.scale261x384.png	8	0	0	-
o_6003.png.scale349x512.png	8	3	0	PLTE
o_6003.png.scale436x640.png	8	3	0	PLTE
o_6003.png.scale44x64.png	8	0	0	-
o_6003.png.scale523x768.png	8	3	0	PLTE
o_6003.png.scale610x896.png	8	3	0	PLTE
o_6003.png.scale65x96.png	8	0	0	-
o_6003.png.scale697x1024.png	8	3	0	PLTE
o_6003.png.scale87x128.png	8	0	0	-
o_6014.png.scale131x192.png	8	0	0	-
o_6014.png.scale174x256.png	8	0	0	-
o_6014.png.scale261x384.png	8	3	0	PLTE
o_6014.png.scale349x512.png	8	3	0	PLTE
o_6014.png.scale436x640.png	8	3	0	PLTE
o_6014.png.scale44x64.png	8	0	0	-
o_6014.png.scale523x768.png	8	3	0	PLTE
o_6014.png.scale610x896.png	8	3	0	PLTE
o_6014.png.scale65x96.png	8	0	0	-
o_6014.png.scale697x1024.png	8	3	0	PLTE
o_6014.png.scale87x128.png	8	0	0	-
o_6016.png.scale131x192.png	8	0	0	-
o_6016.png.scale174x256.png	8	0	0	-
o_6016.png.scale261x384.png	8	3	0	PLTE
o_6016.png.scale349x512.png	8	3	0	PLTE
o_6016.png.scale436x640.png	8	3	0	PLTE
o_6016.png.scale44x64.png	8	0	0	-
o_6016.png.scale523x768.png	8	3	0	PLTE
o_6016.png.scale610x896.png	8	3	0	PLTE
o_6016.png.scale65x96.png	8	0	0	-
o_6016.png.scale697x1024.png	8	3	0	PLTE
o_6016.png.scale87x128.png	8	0	0	-
o_6034.png.scale147x192.png	8	2	0	-
o_6034.png.scale196x256.png	8	2	0	-
o_6034.png.scale295x384.png	8	2	0	-
o_6034.png.scale393x512.png	8	2	0	-
o_6034.png.scale491x640.png	8	2	0	-
o_6034.png.scale49x64.png	8	2	0	-
o_6034.png.scale589x768.png	8	2	0	-
o_6034.png.scale688x896.png	8	2	0	-
o_6034.png.scale74x96.png	8	2	0	-
o_6034.png.scale786x1024.png	8	2	0	-
o_6034.png.scale98x128.png	8	2	0	-
o_6038.png.scale147x192.png	8	2	0	-
o_6038.png.scale196x256.png	8	2	0	-
o_6038.png.scale295x384.png	8	2	0	-
o_6038.png.scale393x512.png	8	2	0	-
o_6038.png.scale491x640.png	8	2	0	-
o_6038.png.scale49x64.png	8	3	0	PLTE
o_6038.png.scale589x768.png	8	2	0	-
o_6038.png.scale688x896.png	8	2	0	-
o_6038.png.scale74x96.png	8	2	0	-
o_6038.png.scale786x1024.png	8	2	0	-
o_6038.png.scale98x128.png	8	2	0	-
o_6043.png.scale147x192.png	8	2	0	-
o_6043.png.scale196x256.png	8	2	0	-
o_6043.png.scale295x384.png	8	2	0	-
o_6043.png.scale393x512.png	8	2	0	-
o_6043.png.scale491x640.png	8	2	0	-
o_6043.png.scale49x64.png	8	3	0	PLTE
o_6043.png.scale589x768.png	8	2	0	-
o_6043.png.scale688x896.png	8	2	0	-
o_6043.png.scale74x96.png	8	2	0	-
o_6043.png.scale786x1024.png	8	2	0	-
o_6043.png.scale98x128.png	8	2	0	-
o_6044.png.scale147x192.png	8	2	0	-
o_6044.png.scale196x256.png	8	2	0	-
o_6044.png.scale295x384.png	8	2	0	-
o_6044.png.scale393x512.png	8	2	0	-
o_6044.png.scale491x640.png	8	2	0	-
o_6044.png.scale49x64.png	8	3	0	PLTE
o_6044.png.scale589x768.png	8	2	0	-
o_6044.png.scale688x896.png	8	2	0	-
o_6044.png.scale74x96.png	8	2	0	-
o_6044.png.scale786x1024.png	8	2	0	-
o_6044.png.scale98x128.png	8	2	0	-
o_6049.png.scale147x192.png	8	2	0	-
o_6049.png.scale196x256.png	8	2	0	-
o_6049.png.scale295x384.png	8	2	0	-
o_6049.png.scale393x512.png	8	2	0	-
o_6049.png.scale491x640.png	8	2	0	-
o_6049.png.scale49x64.png	8	3	0	PLTE
o_6049.png.scale589x768.png	8	2	0	-
o_6049.png.scale688x896.png	8	2	0	-
o_6049.png.scale74x96.png	8	2	0	-
o_6049.png.scale786x1024.png	8	2	0	-
o_6049.png.scale98x128.png	8	2	0	-
o_6050.png.scale147x192.png	8	2	0	-
o_6050.png.scale196x256.png	8	2	0	-
o_6050.png.scale295x384.png	8	2	0	-
o_6050.png.scale393x512.png	8	2	0	-
o_6050.png.scale491x640.png	8	2	0	-
o_6050.png.scale49x64.png	8	3	0	PLTE
o_6050.png.scale589x768.png	8	2	0	-
o_6050.png.scale688x896.png	8	2	0	-
o_6050.png.scale74x96.png	8	2	0	-
o_6050.png.scale786x1024.png	8	2	0	-
o_6050.png.scale98x128.png	8	2	0	-
o_6059.png.scale147x192.png	8	0	0	-
o_6059.png.scale196x256.png	8	0	0	-
o_6059.png.scale295x384.png	8	0	0	-
o_6059.png.scale393x512.png	8	3	0	PLTE
o_6059.png.scale491x640.png	8	3	0	PLTE
o_6059.png.scale49x64.png	8	0	0	-
o_6059.png.scale589x768.png	8	3	0	PLTE
o_6059.png.scale688x896.png	8	3	0	PLTE
o_6059.png.scale74x96.png	8	0	0	-
o_6059.png.scale786x1024.png	8	3	0	PLTE
o_6059.png.scale98x128.png	8	0	0	-
o_6063.png.scale147x192.png	8	0	0	-
o_6063.png.scale196x256.png	8	0	0	-
o_6063.png.scale295x384.png	8	0	0	-
o_6063.png.scale393x512.png	8	0	0	-
o_6063.png.scale491x640.png	8	3	0	PLTE
o_6063.png.scale49x64.png	8	0	0	-
o_6063.png.scale589x768.png	8	3	0	PLTE
o_6063.png.scale688x896.png	8	3	0	PLTE
o_6063.png.scale74x96.png	8	0	0	-
o_6063.png.scale786x1024.png	8	3	0	PLTE
o_6063.png.scale98x128.png	8	0	0	-
o_6064.png.scale147x192.png	8	0	0	-
o_6064.png.scale196x256.png	8	0	0	-
o_6064.png.scale295x384.png	8	0	0	-
o_6064.png.scale393x512.png	8	3	0	PLTE
o_6064.png.scale491x640.png	8	3	0	PLTE
o_6064.png.scale49x64.png	8	0	0	-
o_6064.png.scale589x768.png	8	3	0	PLTE
o_6064.png.scale688x896.png	8	3	0	PLTE
o_6064.png.scale74x96.png	8	0	0	-
o_6064.png.scale786x1024.png	8	3	0	PLTE
o_6064.png.scale98x128.png	8	0	0	-
o_6067.png.scale147x192.png	8	0	0	-
o_6067.png.scale196x256.png	8	0	0	-
o_6067.png.scale295x384.png	8	0	0	-
o_6067.png.scale393x512.png	8	3	0	PLTE
o_6067.png.scale491x640.png	8	3	0	PLTE
o_6067.png.scale49x64.png	8	0	0	-
o_6067.png.scale589x768.png	8	3	0	PLTE
o_6067.png.scale688x896.png	8	3	0	PLTE
o_6067.png.scale74x96.png	8	0	0	-
o_6067.png.scale786x1024.png	8	3	0	PLTE
o_6067.png.scale98x128.png	8	0	0	-
o_6068.png.scale147x192.png	8	0	0	-
o_6068.png.scale196x256.png	8	0	0	-
o_6068.png.scale295x384.png	8	3	0	PLTE
o_6068.png.scale393x512.png	8	3	0	PLTE
o_6068.png.scale491x640.png	8	3	0	PLTE
o_6068.png.scale49x64.png	8	0	0	-
o_6068.png.scale589x768.png	8	3	0	PLTE
o_6068.png.scale688x896.png	8	3	0	PLTE
o_6068.png.scale74x96.png	8	0	0	-
o_6068.png.scale786x1024.png	8	3	0	PLTE
o_6068.png.scale98x128.png	8	0	0	-
o_6070.png.scale147x192.png	8	0	0	-
o_6070.png.scale196x256.png	8	0	0	-
o_6070.png.scale295x384.png	8	3	0	PLTE
o_6070.png.scale393x512.png	8	3	0	PLTE
o_6070.png.scale491x640.png	8	3	0	PLTE
o_6070.png.scale49x64.png	8	0	0	-
o_6070.png.scale589x768.png	8	3	0	PLTE
o_6070.png.scale688x896.png	8	3	0	PLTE
o_6070.png.scale74x96.png	8	0	0	-
o_6070.png.scale786x1024.png	8	3	0	PLTE
o_6070.png.scale98x128.png	8	0	0	-
o_6080.png.scale147x192.png	8	0	0	-
o_6080.png.scale196x256.png	8	0	0	-
o_6080.png.scale295x384.png	8	0	0	-
o_6080.png.scale393x512.png	8	3	0	PLTE
o_6080.png.scale491x640.png	8	3	0	PLTE
o_6080.png.scale49x64.png	8	0	0	-
o_6080.png.scale589x768.png	8	3	0	PLTE
o_6080.png.scale688x896.png	8	3	0	PLTE
o_6080.png.scale74x96.png	8	0	0	-
o_6080.png.scale786x1024.png	8	3	0	PLTE
o_6080.png.scale98x128.png	8	0	0	-
o_6083.png.scale147x192.png	8	0	0	-
o_6083.png.scale196x256.png	8	0	0	-
o_6083.png.scale295x384.png	8	0	0	-
o_6083.png.scale393x512.png	8	3	0	PLTE
o_6083.png.scale491x640.png	8	3	0	PLTE
o_6083.png.scale49x64.png	8	0	0	-
o_6083.png.scale589x768.png	8	3	0	PLTE
o_6083.png.scale688x896.png	8	3	0	PLTE
o_6083.png.scale74x96.png	8	0	0	-
o_6083.png.scale786x1024.png	8	3	0	PLTE
o_6083.png.scale98x128.png	8	0	0	-
o_6101.png.scale131x192.png	8	0	0	-
o_6101.png.scale174x256.png	8	0	0	-
o_6101.png.scale261x384.png	8	0	0	-
o_6101.png.scale349x512.png	8	3	0	PLTE
o_6101.png.scale436x640.png	8	3	0	PLTE
o_6101.png.scale44x64.png	8	0	0	-
o_6101.png.scale523x768.png	8	3	0	PLTE
o_6101.png.scale610x896.png	8	3	0	PLTE
o_6101.png.scale65x96.png	8	0	0	-
o_6101.png.scale697x1024.png	8	3	0	PLTE
o_6101.png.scale87x128.png	8	0	0	-
o_6105.png.scale147x192.png	8	2	0	-
o_6105.png.scale196x256.png	8	2	0	-
o_6105.png.scale295x384.png	8	2	0	-
o_6105.png.scale393x512.png	8	2	0	-
o_6105.png.scale491x640.png	8	2	0	-
o_6105.png.scale49x64.png	8	2	0	-
o_6105.png.scale589x768.png	8	2	0	-
o_6105.png.scale688x896.png	8	2	0	-
o_6105.png.scale74x96.png	8	2	0	-
o_6105.png.scale786x1024.png	8	2	0	-
o_6105.png.scale98x128.png	8	2	0	-
o_6107.png.scale147x192.png	8	2	0	-
o_6107.png.scale196x256.png	8	2	0	-
o_6107.png.scale295x384.png	8	2	0	-
o_6107.png.scale393x512.png	8	2	0	-
o_6107.png.scale491x640.png	8	2	0	-
o_6107.png.scale49x64.png	8	3	0	PLTE
o_6107.png.scale589x768.png	8	2	0	-
o_6107.png.scale688x896.png	8	2	0	-
o_6107.png.scale74x96.png	8	2	0	-
o_6107.png.scale786x1024.png	8	2	0	-
o_6107.png.scale98x128.png	8	2	0	-
o_6600.png.scale134x192.png	8	2	0	-
o_6600.png.scale179x256.png	8	2	0	-
o_6600.png.scale268x384.png	8	2	0	-
o_6600.png.scale357x512.png	8	2	0	-
o_6600.png.scale446x640.png	8	2	0	-
o_6600.png.scale45x64.png	8	2	0	-
o_6600.png.scale536x768.png	8	2	0	-
o_6600.png.scale625x896.png	8	2	0	-
o_6600.png.scale67x96.png	8	2	0	-
o_6600.png.scale714x1024.png	8	2	0	-
o_6600.png.scale89x128.png	8	2	0	-
o_6601.png.scale131x192.png	8	2	0	-
o_6601.png.scale174x256.png	8	2	0	-
o_6601.png.scale262x384.png	8	2	0	-
o_6601.png.scale349x512.png	8	2	0	-
o_6601.png.scale436x640.png	8	2	0	-
o_6601.png.scale44x64.png	8	2	0	-
o_6601.png.scale523x768.png	8	2	0	-
o_6601.png.scale611x896.png	8	2	0	-
o_6601.png.scale65x96.png	8	2	0	-
o_6601.png.scale698x1024.png	8	2	0	-
o_6601.png.scale87x128.png	8	2	0	-
o_6602.png.scale131x192.png	8	2	0	-
o_6602.png.scale175x256.png	8	2	0	-
o_6602.png.scale262x384.png	8	2	0	-
o_6602.png.scale349x512.png	8	2	0	-
o_6602.png.scale436x640.png	8	2	0	-
o_6602.png.scale44x64.png	8	2	0	-
o_6602.png.scale524x768.png	8	2	0	-
o_6602.png.scale611x896.png	8	2	0	-
o_6602.png.scale65x96.png	8	2	0	-
o_6602.png.scale698x1024.png	8	2	0	-
o_6602.png.scale87x128.png	8	2	0	-
o_6603.png.scale130x192.png	8	2	0	-
o_6603.png.scale173x256.png	8	2	0	-
o_6603.png.scale260x384.png	8	2	0	-
o_6603.png.scale346x512.png	8	2	0	-
o_6603.png.scale433x640.png	8	2	0	-
o_6603.png.scale43x64.png	8	2	0	-
o_6603.png.scale519x768.png	8	2	0	-
o_6603.png.scale606x896.png	8	2	0	-
o_6603.png.scale65x96.png	8	2	0	-
o_6603.png.scale693x1024.png	8	2	0	-
o_6603.png.scale87x128.png	8	2	0	-
o_6604.png.scale130x192.png	8	2	0	-
o_6604.png.scale173x256.png	8	2	0	-
o_6604.png.scale259x384.png	8	2	0	-
o_6604.png.scale346x512.png	8	2	0	-
o_6604.png.scale432x640.png	8	2	0	-
o_6604.png.scale43x64.png	8	2	0	-
o_6604.png.scale518x768.png	8	2	0	-
o_6604.png.scale605x896.png	8	2	0	-
o_6604.png.scale65x96.png	8	2	0	-
o_6604.png.scale691x1024.png	8	2	0	-
o_6604.png.scale86x128.png	8	2	0	-
o_6606.png.scale132x192.png	8	2	0	-
o_6606.png.scale176x256.png	8	2	0	-
o_6606.png.scale265x384.png	8	2	0	-
o_6606.png.scale353x512.png	8	2	0	-
o_6606.png.scale441x640.png	8	2	0	-
o_6606.png.scale44x64.png	8	2	0	-
o_6606.png.scale529x768.png	8	2	0	-
o_6606.png.scale618x896.png	8	2	0	-
o_6606.png.scale66x96.png	8	2	0	-
o_6606.png.scale706x1024.png	8	2	0	-
o_6606.png.scale88x128.png	8	2	0	-
o_6607.png.scale130x192.png	8	2	0	-
o_6607.png.scale174x256.png	8	2	0	-
o_6607.png.scale261x384.png	8	2	0	-
o_6607.png.scale348x512.png	8	2	0	-
o_6607.png.scale434x640.png	8	2	0	-
o_6607.png.scale43x64.png	8	2	0	-
o_6607.png.scale521x768.png	8	2	0	-
o_6607.png.scale608x896.png	8	2	0	-
o_6607.png.scale65x96.png	8	2	0	-
o_6607.png.scale695x1024.png	8	2	0	-
o_6607.png.scale87x128.png	8	2	0	-
o_6610.png.scale1024x806.png	8	2	0	-
o_6610.png.scale128x101.png	8	2	0	-
o_6610.png.scale192x151.png	8	2	0	-
o_6610.png.scale256x202.png	8	2	0	-
o_6610.png.scale384x302.png	8	2	0	-
o_6610.png.scale512x403.png	8	2	0	-
o_6610.png.scale640x504.png	8	2	0	-
o_6610.png.scale64x50.png	8	2	0	-
o_6610.png.scale768x605.png	8	2	0	-
o_6610.png.scale896x705.png	8	2	0	-
o_6610.png.scale96x76.png	8	2	0	-
o_6612.png.scale133x192.png	8	2	0	-
o_6612.png.scale177x256.png	8	2	0	-
o_6612.png.scale265x384.png	8	2	0	-
o_6612.png.scale353x512.png	8	2	0	-
o_6612.png.scale442x640.png	8	2	0	-
o_6612.png.scale44x64.png	8	2	0	-
o_6612.png.scale530x768.png	8	2	0	-
o_6612.png.scale619x896.png	8	2	0	-
o_6612.png.scale66x96.png	8	2	0	-
o_6612.png.scale707x1024.png	8	2	0	-
o_6612.png.scale88x128.png	8	2	0	-
o_6613.png.scale128x192.png	8	2	0	-
o_6613.png.scale170x256.png	8	2	0	-
o_6613.png.scale255x384.png	8	2	0	-
o_6613.png.scale341x512.png	8	2	0	-
o_6613.png.scale426x640.png	8	2	0	-
o_6613.png.scale43x64.png	8	2	0	-
o_6613.png.scale511x768.png	8	2	0	-
o_6613.png.scale596x896.png	8	2	0	-
o_6613.png.scale64x96.png	8	2	0	-
o_6613.png.scale681x1024.png	8	2	0	-
o_6613.png.scale85x128.png	8	2	0	-
o_6616.png.scale132x192.png	8	2	0	-
o_6616.png.scale175x256.png	8	2	0	-
o_6616.png.scale263x384.png	8	2	0	-
o_6616.png.scale351x512.png	8	2	0	-
o_6616.png.scale438x640.png	8	2	0	-
o_6616.png.scale44x64.png	8	2	0	-
o_6616.png.scale526x768.png	8	2	0	-
o_6616.png.scale614x896.png	8	2	0	-
o_6616.png.scale66x96.png	8	2	0	-
o_6616.png.scale701x1024.png	8	2	0	-
o_6616.png.scale88x128.png	8	2	0	-
o_6619.png.scale128x192.png	8	2	0	-
o_6619.png.scale171x256.png	8	2	0	-
o_6619.png.scale256x384.png	8	2	0	-
o_6619.png.scale341x512.png	8	2	0	-
o_6619.png.scale427x640.png	8	2	0	-
o_6619.png.scale43x64.png	8	2	0	-
o_6619.png.scale512x768.png	8	2	0	-
o_6619.png.scale597x896.png	8	2	0	-
o_6619.png.scale64x96.png	8	2	0	-
o_6619.png.scale683x1024.png	8	2	0	-
o_6619.png.scale85x128.png	8	2	0	-
o_6629.png.scale1024x949.png	8	2	0	-
o_6629.png.scale128x119.png	8	2	0	-
o_6629.png.scale192x178.png	8	2	0	-
o_6629.png.scale256x237.png	8	2	0	-
o_6629.png.scale384x356.png	8	2	0	-
o_6629.png.scale512x475.png	8	2	0	-
o_6629.png.scale640x593.png	8	2	0	-
o_6629.png.scale64x59.png	8	2	0	-
o_6629.png.scale768x712.png	8	2	0	-
o_6629.png.scale896x831.png	8	2	0	-
o_6629.png.scale96x89.png	8	2	0	-
o_6632.png.scale1024x939.png	8	2	0	-
o_6632.png.scale128x117.png	8	2	0	-
o_6632.png.scale192x176.png	8	2	0	-
o_6632.png.scale256x235.png	8	2	0	-
o_6632.png.scale384x352.png	8	2	0	-
o_6632.png.scale512x470.png	8	2	0	-
o_6632.png.scale640x587.png	8	2	0	-
o_6632.png.scale64x59.png	8	2	0	-
o_6632.png.scale768x705.png	8	2	0	-
o_6632.png.scale896x822.png	8	2	0	-
o_6632.png.scale96x88.png	8	2	0	-
o_6801.png.scale127x192.png	8	2	0	-
o_6801.png.scale169x256.png	8	2	0	-
o_6801.png.scale254x384.png	8	2	0	-
o_6801.png.scale338x512.png	8	2	0	-
o_6801.png.scale423x640.png	8	2	0	-
o_6801.png.scale42x64.png	8	2	0	-
o_6801.png.scale507x768.png	8	2	0	-
o_6801.png.scale592x896.png	8	2	0	-
o_6801.png.scale63x96.png	8	2	0	-
o_6801.png.scale676x1024.png	8	2	0	-
o_6801.png.scale85x128.png	8	2	0	-
o_6818.png.scale131x192.png	8	2	0	-
o_6818.png.scale174x256.png	8	2	0	-
o_6818.png.scale261x384.png	8	2	0	-
o_6818.png.scale348x512.png	8	2	0	-
o_6818.png.scale435x640.png	8	2	0	-
o_6818.png.scale44x64.png	8	2	0	-
o_6818.png.scale522x768.png	8	2	0	-
o_6818.png.scale609x896.png	8	2	0	-
o_6818.png.scale65x96.png	8	2	0	-
o_6818.png.scale696x1024.png	8	2	0	-
o_6818.png.scale87x128.png	8	2	0	-
o_6819.png.scale131x192.png	8	2	0	-
o_6819.png.scale174x256.png	8	2	0	-
o_6819.png.scale261x384.png	8	2	0	-
o_6819.png.scale348x512.png	8	2	0	-
o_6819.png.scale435x640.png	8	2	0	-
o_6819.png.scale44x64.png	8	2	0	-
o_6819.png.scale522x768.png	8	2	0	-
o_6819.png.scale609x896.png	8	2	0	-
o_6819.png.scale65x96.png	8	2	0	-
o_6819.png.scale696x1024.png	8	2	0	-
o_6819.png.scale87x128.png	8	2	0	-
o_6823.png.scale130x192.png	8	2	0	-
o_6823.png.scale174x256.png	8	2	0	-
o_6823.png.scale260x384.png	8	2	0	-
o_6823.png.scale347x512.png	8	2	0	-
o_6823.png.scale434x640.png	8	2	0	-
o_6823.png.scale43x64.png	8	2	0	-
o_6823.png.scale521x768.png	8	2	0	-
o_6823.png.scale608x896.png	8	2	0	-
o_6823.png.scale65x96.png	8	2	0	-
o_6823.png.scale695x1024.png	8	2	0	-
o_6823.png.scale87x128.png	8	2	0	-
o_6825.png.scale131x192.png	8	2	0	-
o_6825.png.scale175x256.png	8	2	0	-
o_6825.png.scale263x384.png	8	2	0	-
o_6825.png.scale350x512.png	8	2	0	-
o_6825.png.scale438x640.png	8	2	0	-
o_6825.png.scale44x64.png	8	2	0	-
o_6825.png.scale526x768.png	8	2	0	-
o_6825.png.scale613x896.png	8	2	0	-
o_6825.png.scale66x96.png	8	2	0	-
o_6825.png.scale701x1024.png	8	2	0	-
o_6825.png.scale88x128.png	8	2	0	-
o_6827.png.scale133x192.png	8	2	0	-
o_6827.png.scale178x256.png	8	2	0	-
o_6827.png.scale267x384.png	8	2	0	-
o_6827.png.scale356x512.png	8	2	0	-
o_6827.png.scale445x640.png	8	2	0	-
o_6827.png.scale44x64.png	8	2	0	-
o_6827.png.scale534x768.png	8	2	0	-
o_6827.png.scale623x896.png	8	2	0	-
o_6827.png.scale67x96.png	8	2	0	-
o_6827.png.scale711x1024.png	8	2	0	-
o_6827.png.scale89x128.png	8	2	0	-
o_6829.png.scale133x192.png	8	2	0	-
o_6829.png.scale178x256.png	8	2	0	-
o_6829.png.scale267x384.png	8	2	0	-
o_6829.png.scale356x512.png	8	2	0	-
o_6829.png.scale445x640.png	8	2	0	-
o_6829.png.scale44x64.png	8	2	0	-
o_6829.png.scale534x768.png	8	2	0	-
o_6829.png.scale623x896.png	8	2	0	-
o_6829.png.scale67x96.png	8	2	0	-
o_6829.png.scale711x1024.png	8	2	0	-
o_6829.png.scale89x128.png	8	2	0	-
o_6833.png.scale131x192.png	8	2	0	-
o_6833.png.scale175x256.png	8	2	0	-
o_6833.png.scale263x384.png	8	2	0	-
o_6833.png.scale350x512.png	8	2	0	-
o_6833.png.scale438x640.png	8	2	0	-
o_6833.png.scale44x64.png	8	2	0	-
o_6833.png.scale526x768.png	8	2	0	-
o_6833.png.scale613x896.png	8	2	0	-
o_6833.png.scale66x96.png	8	2	0	-
o_6833.png.scale701x1024.png	8	2	0	-
o_6833.png.scale88x128.png	8	2	0	-
o_7000.png.scale1024x1024.png	8	2	0	-
o_7000.png.scale128x128.png	8	2	0	-
o_7000.png.scale192x192.png	8	2	0	-
o_7000.png.scale256x256.png	8	2	0	-
o_7000.png.scale384x384.png	8	2	0	-
o_7000.png.scale512x512.png	8	2	0	-
o_7000.png.scale640x640.png	8	2	0	-
o_7000.png.scale64x64.png	8	2	0	-
o_7000.png.scale768x768.png	8	2	0	-
o_7000.png.scale896x896.png	8	2	0	-
o_7000.png.scale96x96.png	8	2	0	-
o_7001.png.scale1024x1024.png	8	3	0	PLTE
o_7001.png.scale128x128.png	8	2	0	-
o_7001.png.scale192x192.png	8	2	0	-
o_7001.png.scale256x256.png	8	2	0	-
o_7001.png.scale384x384.png	8	2	0	-
o_7001.png.scale512x512.png	8	2	0	-
o_7001.png.scale640x640.png	8	2	0	-
o_7001.png.scale64x64.png	8	2	0	-
o_7001.png.scale768x768.png	8	2	0	-
o_7001.png.scale896x896.png	8	2	0	-
o_7001.png.scale96x96.png	8	2	0	-
o_7002.png.scale1024x1024.png	8	2	0	-
o_7002.png.scale128x128.png	8	2	0	-
o_7002.png.scale192x192.png	8	2	0	-
o_7002.png.scale256x256.png	8	2	0	-
o_7002.png.scale384x384.png	8	2	0	-
o_7002.png.scale512x512.png	8	2	0	-
o_7002.png.scale640x640.png	8	2	0	-
o_7002.png.scale64x64.png	8	2	0	-
o_7002.png.scale768x768.png	8	2	0	-
o_7002.png.scale896x896.png	8	2	0	-
o_7002.png.scale96x96.png	8	2	0	-
o_7003.png.scale1024x1024.png	8	2	0	-
o_7003.png.scale128x128.png	8	2	0	-
o_7003.png.scale192x192.png	8	2	0	-
o_7003.png.scale256x256.png	8	2	0	-
o_7003.png.scale384x384.png	8	2	0	-
o_7003.png.scale512x512.png	8	2	0	-
o_7003.png.scale640x640.png	8	2	0	-
o_7003.png.scale64x64.png	8	2	0	-
o_7003.png.scale768x768.png	8	2	0	-
o_7003.png.scale896x896.png	8	2	0	-
o_7003.png.scale96x96.png	8	2	0	-
o_7005.png.scale1024x1024.png	8	2	0	-
o_7005.png.scale128x128.png	8	2	0	-
o_7005.png.scale192x192.png	8	2	0	-
o_7005.png.scale256x256.png	8	2	0	-
o_7005.png.scale384x384.png	8	2	0	-
o_7005.png.scale512x512.png	8	2	0	-
o_7005.png.scale640x640.png	8	2	0	-
o_7005.png.scale64x64.png	8	2	0	-
o_7005.png.scale768x768.png	8	2	0	-
o_7005.png.scale896x896.png	8	2	0	-
o_7005.png.scale96x96.png	8	2	0	-
o_7007.png.scale1024x1024.png	8	3	0	PLTE
o_7007.png.scale128x128.png	8	2	0	-
o_7007.png.scale192x192.png	8	2	0	-
o_7007.png.scale256x256.png	8	2	0	-
o_7007.png.scale384x384.png	8	2	0	-
o_7007.png.scale512x512.png	8	2	0	-
o_7007.png.scale640x640.png	8	2	0	-
o_7007.png.scale64x64.png	8	2	0	-
o_7007.png.scale768x768.png	8	2	0	-
o_7007.png.scale896x896.png	8	2	0	-
o_7007.png.scale96x96.png	8	2	0	-
o_7008.png.scale1024x1024.png	1	3	0	PLTE
o_7008.png.scale128x128.png	8	2	0	-
o_7008.png.scale192x192.png	8	2	0	-
o_7008.png.scale256x256.png	8	2	0	-
o_7008.png.scale384x384.png	8	2	0	-
o_7008.png.scale512x512.png	8	2	0	-
o_7008.png.scale640x640.png	8	2	0	-
o_7008.png.scale64x64.png	8	2	0	-
o_7008.png.scale768x768.png	8	2	0	-
o_7008.png.scale896x896.png	8	2	0	-
o_7008.png.scale96x96.png	8	2	0	-
o_7010.png.scale1024x1024.png	1	3	0	PLTE
o_7010.png.scale128x128.png	8	2	0	-
o_7010.png.scale192x192.png	8	2	0	-
o_7010.png.scale256x256.png	8	2	0	-
o_7010.png.scale384x384.png	8	2	0	-
o_7010.png.scale512x512.png	8	2	0	-
o_7010.png.scale640x640.png	8	2	0	-
o_7010.png.scale64x64.png	8	2	0	-
o_7010.png.scale768x768.png	8	2	0	-
o_7010.png.scale896x896.png	8	2	0	-
o_7010.png.scale96x96.png	8	2	0	-
o_7011.png.scale1024x1024.png	1	3	0	PLTE
o_7011.png.scale128x128.png	8	2	0	-
o_7011.png.scale192x192.png	8	2	0	-
o_7011.png.scale256x256.png	8	2	0	-
o_7011.png.scale384x384.png	8	2	0	-
o_7011.png.scale512x512.png	8	2	0	-
o_7011.png.scale640x640.png	8	2	0	-
o_7011.png.scale64x64.png	8	2	0	-
o_7011.png.scale768x768.png	8	2	0	-
o_7011.png.scale896x896.png	8	2	0	-
o_7011.png.scale96x96.png	8	2	0	-
o_7013.png.scale1024x1024.png	8	3	0	PLTE
o_7013.png.scale128x128.png	8	2	0	-
o_7013.png.scale192x192.png	8	2	0	-
o_7013.png.scale256x256.png	8	2	0	-
o_7013.png.scale384x384.png	8	2	0	-
o_7013.png.scale512x512.png	8	2	0	-
o_7013.png.scale640x640.png	8	2	0	-
o_7013.png.scale64x64.png	8	2	0	-
o_7013.png.scale768x768.png	8	2	0	-
o_7013.png.scale896x896.png	8	2	0	-
o_7013.png.scale96x96.png	8	2	0	-
o_7015.png.scale1024x1024.png	8	3	0	PLTE
o_7015.png.scale128x128.png	8	2	0	-
o_7015.png.scale192x192.png	8	2	0	-
o_7015.png.scale256x256.png	8	2	0	-
o_7015.png.scale384x384.png	8	2	0	-
o_7015.png.scale512x512.png	8	2	0	-
o_7015.png.scale640x640.png	8	2	0	-
o_7015.png.scale64x64.png	8	2	0	-
o_7015.png.scale768x768.png	8	2	0	-
o_7015.png.scale896x896.png	8	2	0	-
o_7015.png.scale96x96.png	8	2	0	-
o_7017.png.scale1024x1024.png	8	3	0	PLTE
o_7017.png.scale128x128.png	8	2	0	-
o_7017.png.scale192x192.png	8	2	0	-
o_7017.png.scale256x256.png	8	2	0	-
o_7017.png.scale384x384.png	8	2	0	-
o_7017.png.scale512x512.png	8	2	0	-
o_7017.png.scale640x640.png	8	2	0	-
o_7017.png.scale64x64.png	8	2	0	-
o_7017.png.scale768x768.png	8	2	0	-
o_7017.png.scale896x896.png	8	2	0	-
o_7017.png.scale96x96.png	8	2	0	-
o_7020.png.scale1024x1024.png	8	3	0	PLTE
o_7020.png.scale128x128.png	8	2	0	-
o_7020.png.scale192x192.png	8	2	0	-
o_7020.png.scale256x256.png	8	2	0	-
o_7020.png.scale384x384.png	8	2	0	-
o_7020.png.scale512x512.png	8	2	0	-
o_7020.png.scale640x640.png	8	2	0	-
o_7020.png.scale64x64.png	8	2	0	-
o_7020.png.scale768x768.png	8	2	0	-
o_7020.png.scale896x896.png	8	2	0	-
o_7020.png.scale96x96.png	8	2	0	-
o_7021.png.scale1024x1024.png	8	3	0	PLTE
o_7021.png.scale128x128.png	8	2	0	-
o_7021.png.scale192x192.png	8	2	0	-
o_7021.png.scale256x256.png	8	2	0	-
o_7021.png.scale384x384.png	8	2	0	-
o_7021.png.scale512x512.png	8	2	0	-
o_7021.png.scale640x640.png	8	2	0	-
o_7021.png.scale64x64.png	8	2	0	-
o_7021.png.scale768x768.png	8	2	0	-
o_7021.png.scale896x896.png	8	2	0	-
o_7021.png.scale96x96.png	8	2	0	-
o_7023.png.scale1024x1024.png	4	3	0	PLTE
o_7023.png.scale128x128.png	8	2	0	-
o_7023.png.scale192x192.png	8	2	0	-
o_7023.png.scale256x256.png	8	2	0	-
o_7023.png.scale384x384.png	8	2	0	-
o_7023.png.scale512x512.png	8	2	0	-
o_7023.png.scale640x640.png	8	2	0	-
o_7023.png.scale64x64.png	8	2	0	-
o_7023.png.scale768x768.png	8	2	0	-
o_7023.png.scale896x896.png	8	2	0	-
o_7023.png.scale96x96.png	8	2	0	-
o_7024.png.scale1024x1024.png	8	3	0	PLTE
o_7024.png.scale128x128.png	8	2	0	-
o_7024.png.scale192x192.png	8	2	0	-
o_7024.png.scale256x256.png	8	2	0	-
o_7024.png.scale384x384.png	8	2	0	-
o_7024.png.scale512x512.png	8	2	0	-
o_7024.png.scale640x640.png	8	2	0	-
o_7024.png.scale64x64.png	8	2	0	-
o_7024.png.scale768x768.png	8	2	0	-
o_7024.png.scale896x896.png	8	2	0	-
o_7024.png.scale96x96.png	8	2	0	-
o_7025.png.scale1024x1024.png	8	3	0	PLTE
o_7025.png.scale128x128.png	8	2	0	-
o_7025.png.scale192x192.png	8	2	0	-
o_7025.png.scale256x256.png	8	2	0	-
o_7025.png.scale384x384.png	8	2	0	-
o_7025.png.scale512x512.png	8	2	0	-
o_7025.png.scale640x640.png	8	2	0	-
o_7025.png.scale64x64.png	8	2	0	-
o_7025.png.scale768x768.png	8	2	0	-
o_7025.png.scale896x896.png	8	2	0	-
o_7025.png.scale96x96.png	8	2	0	-
o_7026.png.scale1024x1024.png	4	3	0	PLTE
o_7026.png.scale128x128.png	8	2	0	-
o_7026.png.scale192x192.png	8	2	0	-
o_7026.png.scale256x256.png	8	2	0	-
o_7026.png.scale384x384.png	8	2	0	-
o_7026.png.scale512x512.png	8	2	0	-
o_7026.png.scale640x640.png	8	2	0	-
o_7026.png.scale64x64.png	8	2	0	-
o_7026.png.scale768x768.png	8	2	0	-
o_7026.png.scale896x896.png	8	2	0	-
o_7026.png.scale96x96.png	8	2	0	-
o_7027.png.scale1024x1024.png	4	3	0	PLTE
o_7027.png.scale128x128.png	8	2	0	-
o_7027.png.scale192x192.png	8	2	0	-
o_7027.png.scale256x256.png	8	2	0	-
o_7027.png.scale384x384.png	8	2	0	-
o_7027.png.scale512x512.png	8	2	0	-
o_7027.png.scale640x640.png	8	2	0	-
o_7027.png.scale64x64.png	8	2	0	-
o_7027.png.scale768x768.png	8	2	0	-
o_7027.png.scale896x896.png	8	2	0	-
o_7027.png.scale96x96.png	8	2	0	-
o_7032.png.scale1024x1024.png	8	3	0	PLTE
o_7032.png.scale128x128.png	8	2	0	-
o_7032.png.scale192x192.png	8	2	0	-
o_7032.png.scale256x256.png	8	2	0	-
o_7032.png.scale384x384.png	8	2	0	-
o_7032.png.scale512x512.png	8	2	0	-
o_7032.png.scale640x640.png	8	2	0	-
o_7032.png.scale64x64.png	8	2	0	-
o_7032.png.scale768x768.png	8	2	0	-
o_7032.png.scale896x896.png	8	2	0	-
o_7032.png.scale96x96.png	8	2	0	-
o_7038.png.scale1024x1024.png	8	2	0	-
o_7038.png.scale128x128.png	8	2	0	-
o_7038.png.scale192x192.png	8	2	0	-
o_7038.png.scale256x256.png	8	2	0	-
o_7038.png.scale384x384.png	8	2	0	-
o_7038.png.scale512x512.png	8	2	0	-
o_7038.png.scale640x640.png	8	2	0	-
o_7038.png.scale64x64.png	8	2	0	-
o_7038.png.scale768x768.png	8	2	0	-
o_7038.png.scale896x896.png	8	2	0	-
o_7038.png.scale96x96.png	8	2	0	-
o_7039.png.scale1024x1024.png	8	2	0	-
o_7039.png.scale128x128.png	8	2	0	-
o_7039.png.scale192x192.png	8	2	0	-
o_7039.png.scale256x256.png	8	2	0	-
o_7039.png.scale384x384.png	8	2	0	-
o_7039.png.scale512x512.png	8	2	0	-
o_7039.png.scale640x640.png	8	2	0	-
o_7039.png.scale64x64.png	8	2	0	-
o_7039.png.scale768x768.png	8	2	0	-
o_7039.png.scale896x896.png	8	2	0	-
o_7039.png.scale96x96.png	8	2	0	-
o_7040.png.scale1024x1024.png	8	2	0	-
o_7040.png.scale128x128.png	8	2	0	-
o_7040.png.scale192x192.png	8	2	0	-
o_7040.png.scale256x256.png	8	2	0	-
o_7040.png.scale384x384.png	8	2	0	-
o_7040.png.scale512x512.png	8	2	0	-
o_7040.png.scale640x640.png	8	2	0	-
o_7040.png.scale64x64.png	8	2	0	-
o_7040.png.scale768x768.png	8	2	0	-
o_7040.png.scale896x896.png	8	2	0	-
o_7040.png.scale96x96.png	8	2	0	-
o_7042.png.scale1024x1024.png	8	2	0	-
o_7042.png.scale128x128.png	8	2	0	-
o_7042.png.scale192x192.png	8	2	0	-
o_7042.png.scale256x256.png	8	2	0	-
o_7042.png.scale384x384.png	8	2	0	-
o_7042.png.scale512x512.png	8	2	0	-
o_7042.png.scale640x640.png	8	2	0	-
o_7042.png.scale64x64.png	8	2	0	-
o_7042.png.scale768x768.png	8	2	0	-
o_7042.png.scale896x896.png	8	2	0	-
o_7042.png.scale96x96.png	8	2	0	-
o_7044.png.scale1024x1024.png	8	2	0	-
o_7044.png.scale128x128.png	8	2	0	-
o_7044.png.scale192x192.png	8	2	0	-
o_7044.png.scale256x256.png	8	2	0	-
o_7044.png.scale384x384.png	8	2	0	-
o_7044.png.scale512x512.png	8	2	0	-
o_7044.png.scale640x640.png	8	2	0	-
o_7044.png.scale64x64.png	8	2	0	-
o_7044.png.scale768x768.png	8	2	0	-
o_7044.png.scale896x896.png	8	2	0	-
o_7044.png.scale96x96.png	8	2	0	-
o_7045.png.scale1024x1024.png	8	2	0	-
o_7045.png.scale128x128.png	8	2	0	-
o_7045.png.scale192x192.png	8	2	0	-
o_7045.png.scale256x256.png	8	2	0	-
o_7045.png.scale384x384.png	8	2	0	-
o_7045.png.scale512x512.png	8	2	0	-
o_7045.png.scale640x640.png	8	2	0	-
o_7045.png.scale64x64.png	8	2	0	-
o_7045.png.scale768x768.png	8	2	0	-
o_7045.png.scale896x896.png	8	2	0	-
o_7045.png.scale96x96.png	8	2	0	-
o_7046.png.scale1024x1024.png	8	3	0	PLTE
o_7046.png.scale128x128.png	8	2	0	-
o_7046.png.scale192x192.png	8	2	0	-
o_7046.png.scale256x256.png	8	2	0	-
o_7046.png.scale384x384.png	8	2	0	-
o_7046.png.scale512x512.png	8	2	0	-
o_7046.png.scale640x640.png	8	2	0	-
o_7046.png.scale64x64.png	8	2	0	-
o_7046.png.scale768x768.png	8	2	0	-
o_7046.png.scale896x896.png	8	2	0	-
o_7046.png.scale96x96.png	8	2	0	-
o_7047.png.scale1024x1024.png	8	3	0	PLTE
o_7047.png.scale128x128.png	8	2	0	-
o_7047.png.scale192x192.png	8	2	0	-
o_7047.png.scale256x256.png	8	2	0	-
o_7047.png.scale384x384.png	8	2	0	-
o_7047.png.scale512x512.png	8	2	0	-
o_7047.png.scale640x640.png	8	2	0	-
o_7047.png.scale64x64.png	8	2	0	-
o_7047.png.scale768x768.png	8	2	0	-
o_7047.png.scale896x896.png	8	2	0	-
o_7047.png.scale96x96.png	8	2	0	-
o_7049.png.scale1024x1024.png	8	3	0	PLTE
o_7049.png.scale128x128.png	8	2	0	-
o_7049.png.scale192x192.png	8	2	0	-
o_7049.png.scale256x256.png	8	2	0	-
o_7049.png.scale384x384.png	8	2	0	-
o_7049.png.scale512x512.png	8	2	0	-
o_7049.png.scale640x640.png	8	2	0	-
o_7049.png.scale64x64.png	8	2	0	-
o_7049.png.scale768x768.png	8	2	0	-
o_7049.png.scale896x896.png	8	2	0	-
o_7049.png.scale96x96.png	8	2	0	-
o_7050.png.scale1024x1024.png	8	3	0	PLTE
o_7050.png.scale128x128.png	8	2	0	-
o_7050.png.scale192x192.png	8	2	0	-
o_7050.png.scale256x256.png	8	2	0	-
o_7050.png.scale384x384.png	8	2	0	-
o_7050.png.scale512x512.png	8	2	0	-
o_7050.png.scale640x640.png	8	2	0	-
o_7050.png.scale64x64.png	8	2	0	-
o_7050.png.scale768x768.png	8	2	0	-
o_7050.png.scale896x896.png	8	2	0	-
o_7050.png.scale96x96.png	8	2	0	-
o_7052.png.scale1024x1024.png	8	3	0	PLTE
o_7052.png.scale128x128.png	8	2	0	-
o_7052.png.scale192x192.png	8	2	0	-
o_7052.png.scale256x256.png	8	2	0	-
o_7052.png.scale384x384.png	8	2	0	-
o_7052.png.scale512x512.png	8	2	0	-
o_7052.png.scale640x640.png	8	2	0	-
o_7052.png.scale64x64.png	8	2	0	-
o_7052.png.scale768x768.png	8	2	0	-
o_7052.png.scale896x896.png	8	2	0	-
o_7052.png.scale96x96.png	8	2	0	-
o_7053.png.scale1024x1024.png	8	3	0	PLTE
o_7053.png.scale128x128.png	8	2	0	-
o_7053.png.scale192x192.png	8	2	0	-
o_7053.png.scale256x256.png	8	2	0	-
o_7053.png.scale384x384.png	8	2	0	-
o_7053.png.scale512x512.png	8	2	0	-
o_7053.png.scale640x640.png	8	2	0	-
o_7053.png.scale64x64.png	8	2	0	-
o_7053.png.scale768x768.png	8	2	0	-
o_7053.png.scale896x896.png	8	2	0	-
o_7053.png.scale96x96.png	8	2	0	-
o_7054.png.scale1024x1024.png	8	2	0	-
o_7054.png.scale128x128.png	8	2	0	-
o_7054.png.scale192x192.png	8	2	0	-
o_7054.png.scale256x256.png	8	2	0	-
o_7054.png.scale384x384.png	8	2	0	-
o_7054.png.scale512x512.png	8	2	0	-
o_7054.png.scale640x640.png	8	2	0	-
o_7054.png.scale64x64.png	8	2	0	-
o_7054.png.scale768x768.png	8	2	0	-
o_7054.png.scale896x896.png	8	2	0	-
o_7054.png.scale96x96.png	8	2	0	-
o_7056.png.scale1024x1024.png	8	2	0	-
o_7056.png.scale128x128.png	8	2	0	-
o_7056.png.scale192x192.png	8	2	0	-
o_7056.png.scale256x256.png	8	2	0	-
o_7056.png.scale384x384.png	8	2	0	-
o_7056.png.scale512x512.png	8	2	0	-
o_7056.png.scale640x640.png	8	2	0	-
o_7056.png.scale64x64.png	8	2	0	-
o_7056.png.scale768x768.png	8	2	0	-
o_7056.png.scale896x896.png	8	2	0	-
o_7056.png.scale96x96.png	8	2	0	-
o_7057.png.scale1024x1024.png	8	2	0	-
o_7057.png.scale128x128.png	8	2	0	-
o_7057.png.scale192x192.png	8	2	0	-
o_7057.png.scale256x256.png	8	2	0	-
o_7057.png.scale384x384.png	8	2	0	-
o_7057.png.scale512x512.png	8	2	0	-
o_7057.png.scale640x640.png	8	2	0	-
o_7057.png.scale64x64.png	8	2	0	-
o_7057.png.scale768x768.png	8	2	0	-
o_7057.png.scale896x896.png	8	2	0	-
o_7057.png.scale96x96.png	8	2	0	-
o_7059.png.scale1024x1024.png	8	2	0	-
o_7059.png.scale128x128.png	8	2	0	-
o_7059.png.scale192x192.png	8	2	0	-
o_7059.png.scale256x256.png	8	2	0	-
o_7059.png.scale384x384.png	8	2	0	-
o_7059.png.scale512x512.png	8	2	0	-
o_7059.png.scale640x640.png	8	2	0	-
o_7059.png.scale64x64.png	8	2	0	-
o_7059.png.scale768x768.png	8	2	0	-
o_7059.png.scale896x896.png	8	2	0	-
o_7059.png.scale96x96.png	8	2	0	-
o_7060.png.scale1024x1024.png	8	2	0	-
o_7060.png.scale128x128.png	8	2	0	-
o_7060.png.scale192x192.png	8	2	0	-
o_7060.png.scale256x256.png	8	2	0	-
o_7060.png.scale384x384.png	8	2	0	-
o_7060.png.scale512x512.png	8	2	0	-
o_7060.png.scale640x640.png	8	2	0	-
o_7060.png.scale64x64.png	8	2	0	-
o_7060.png.scale768x768.png	8	2	0	-
o_7060.png.scale896x896.png	8	2	0	-
o_7060.png.scale96x96.png	8	2	0	-
o_7065.png.scale1024x1024.png	8	2	0	-
o_7065.png.scale128x128.png	8	2	0	-
o_7065.png.scale192x192.png	8	2	0	-
o_7065.png.scale256x256.png	8	2	0	-
o_7065.png.scale384x384.png	8	2	0	-
o_7065.png.scale512x512.png	8	2	0	-
o_7065.png.scale640x640.png	8	2	0	-
o_7065.png.scale64x64.png	8	2	0	-
o_7065.png.scale768x768.png	8	2	0	-
o_7065.png.scale896x896.png	8	2	0	-
o_7065.png.scale96x96.png	8	2	0	-
o_7066.png.scale1024x1024.png	8	2	0	-
o_7066.png.scale128x128.png	8	2	0	-
o_7066.png.scale192x192.png	8	2	0	-
o_7066.png.scale256x256.png	8	2	0	-
o_7066.png.scale384x384.png	8	2	0	-
o_7066.png.scale512x512.png	8	2	0	-
o_7066.png.scale640x640.png	8	2	0	-
o_7066.png.scale64x64.png	8	2	0	-
o_7066.png.scale768x768.png	8	2	0	-
o_7066.png.scale896x896.png	8	2	0	-
o_7066.png.scale96x96.png	8	2	0	-
o_7067.png.scale1024x1024.png	8	2	0	-
o_7067.png.scale128x128.png	8	2	0	-
o_7067.png.scale192x192.png	8	2	0	-
o_7067.png.scale256x256.png	8	2	0	-
o_7067.png.scale384x384.png	8	2	0	-
o_7067.png.scale512x512.png	8	2	0	-
o_7067.png.scale640x640.png	8	2	0	-
o_7067.png.scale64x64.png	8	2	0	-
o_7067.png.scale768x768.png	8	2	0	-
o_7067.png.scale896x896.png	8	2	0	-
o_7067.png.scale96x96.png	8	2	0	-
o_7070.png.scale1024x1024.png	8	2	0	-
o_7070.png.scale128x128.png	8	2	0	-
o_7070.png.scale192x192.png	8	2	0	-
o_7070.png.scale256x256.png	8	2	0	-
o_7070.png.scale384x384.png	8	2	0	-
o_7070.png.scale512x512.png	8	2	0	-
o_7070.png.scale640x640.png	8	2	0	-
o_7070.png.scale64x64.png	8	3	0	PLTE
o_7070.png.scale768x768.png	8	2	0	-
o_7070.png.scale896x896.png	8	2	0	-
o_7070.png.scale96x96.png	8	2	0	-
o_7071.png.scale1024x1024.png	8	2	0	-
o_7071.png.scale128x128.png	8	2	0	-
o_7071.png.scale192x192.png	8	2	0	-
o_7071.png.scale256x256.png	8	2	0	-
o_7071.png.scale384x384.png	8	2	0	-
o_7071.png.scale512x512.png	8	2	0	-
o_7071.png.scale640x640.png	8	2	0	-
o_7071.png.scale64x64.png	8	3	0	PLTE
o_7071.png.scale768x768.png	8	2	0	-
o_7071.png.scale896x896.png	8	2	0	-
o_7071.png.scale96x96.png	8	2	0	-
o_7073.png.scale1024x1024.png	8	2	0	-
o_7073.png.scale128x128.png	8	2	0	-
o_7073.png.scale192x192.png	8	2	0	-
o_7073.png.scale256x256.png	8	2	0	-
o_7073.png.scale384x384.png	8	2	0	-
o_7073.png.scale512x512.png	8	2	0	-
o_7073.png.scale640x640.png	8	2	0	-
o_7073.png.scale64x64.png	8	2	0	-
o_7073.png.scale768x768.png	8	2	0	-
o_7073.png.scale896x896.png	8	2	0	-
o_7073.png.scale96x96.png	8	2	0	-
o_7077.png.scale1024x1024.png	8	2	0	-
o_7077.png.scale128x128.png	8	2	0	-
o_7077.png.scale192x192.png	8	2	0	-
o_7077.png.scale256x256.png	8	2	0	-
o_7077.png.scale384x384.png	8	2	0	-
o_7077.png.scale512x512.png	8	2	0	-
o_7077.png.scale640x640.png	8	2	0	-
o_7077.png.scale64x64.png	8	2	0	-
o_7077.png.scale768x768.png	8	2	0	-
o_7077.png.scale896x896.png	8	2	0	-
o_7077.png.scale96x96.png	8	2	0	-
o_7080.png.scale1024x1024.png	8	2	0	-
o_7080.png.scale128x128.png	8	2	0	-
o_7080.png.scale192x192.png	8	2	0	-
o_7080.png.scale256x256.png	8	2	0	-
o_7080.png.scale384x384.png	8	2	0	-
o_7080.png.scale512x512.png	8	2	0	-
o_7080.png.scale640x640.png	8	2	0	-
o_7080.png.scale64x64.png	8	2	0	-
o_7080.png.scale768x768.png	8	2	0	-
o_7080.png.scale896x896.png	8	2	0	-
o_7080.png.scale96x96.png	8	2	0	-
o_7081.png.scale1024x1024.png	8	2	0	-
o_7081.png.scale128x128.png	8	2	0	-
o_7081.png.scale192x192.png	8	2	0	-
o_7081.png.scale256x256.png	8	2	0	-
o_7081.png.scale384x384.png	8	2	0	-
o_7081.png.scale512x512.png	8	2	0	-
o_7081.png.scale640x640.png	8	2	0	-
o_7081.png.scale64x64.png	8	2	0	-
o_7081.png.scale768x768.png	8	2	0	-
o_7081.png.scale896x896.png	8	2	0	-
o_7081.png.scale96x96.png	8	2	0	-
o_7095.png.scale1024x1024.png	8	2	0	-
o_7095.png.scale128x128.png	8	2	0	-
o_7095.png.scale192x192.png	8	2	0	-
o_7095.png.scale256x256.png	8	2	0	-
o_7095.png.scale384x384.png	8	2	0	-
o_7095.png.scale512x512.png	8	2	0	-
o_7095.png.scale640x640.png	8	2	0	-
o_7095.png.scale64x64.png	8	2	0	-
o_7095.png.scale768x768.png	8	2	0	-
o_7095.png.scale896x896.png	8	2	0	-
o_7095.png.scale96x96.png	8	2	0	-
o_7098.png.scale1024x1024.png	8	2	0	-
o_7098.png.scale128x128.png	8	2	0	-
o_7098.png.scale192x192.png	8	2	0	-
o_7098.png.scale256x256.png	8	2	0	-
o_7098.png.scale384x384.png	8	2	0	-
o_7098.png.scale512x512.png	8	2	0	-
o_7098.png.scale640x640.png	8	2	0	-
o_7098.png.scale64x64.png	8	2	0	-
o_7098.png.scale768x768.png	8	2	0	-
o_7098.png.scale896x896.png	8	2	0	-
o_7098.png.scale96x96.png	8	2	0	-
o_7100.png.scale1024x1024.png	8	2	0	-
o_7100.png.scale128x128.png	8	2	0	-
o_7100.png.scale192x192.png	8	2	0	-
o_7100.png.scale256x256.png	8	2	0	-
o_7100.png.scale384x384.png	8	2	0	-
o_7100.png.scale512x512.png	8	2	0	-
o_7100.png.scale640x640.png	8	2	0	-
o_7100.png.scale64x64.png	8	2	0	-
o_7100.png.scale768x768.png	8	2	0	-
o_7100.png.scale896x896.png	8	2	0	-
o_7100.png.scale96x96.png	8	2	0	-
o_7101.png.scale1024x1024.png	8	2	0	-
o_7101.png.scale128x128.png	8	2	0	-
o_7101.png.scale192x192.png	8	2	0	-
o_7101.png.scale256x256.png	8	2	0	-
o_7101.png.scale384x384.png	8	2	0	-
o_7101.png.scale512x512.png	8	2	0	-
o_7101.png.scale640x640.png	8	2	0	-
o_7101.png.scale64x64.png	8	2	0	-
o_7101.png.scale768x768.png	8	2	0	-
o_7101.png.scale896x896.png	8	2	0	-
o_7101.png.scale96x96.png	8	2	0	-
o_7102.png.scale1024x1024.png	8	2	0	-
o_7102.png.scale128x128.png	8	2	0	-
o_7102.png.scale192x192.png	8	2	0	-
o_7102.png.scale256x256.png	8	2	0	-
o_7102.png.scale384x384.png	8	2	0	-
o_7102.png.scale512x512.png	8	2	0	-
o_7102.png.scale640x640.png	8	2	0	-
o_7102.png.scale64x64.png	8	2	0	-
o_7102.png.scale768x768.png	8	2	0	-
o_7102.png.scale896x896.png	8	2	0	-
o_7102.png.scale96x96.png	8	2	0	-
o_7104.png.scale1024x1024.png	8	2	0	-
o_7104.png.scale128x128.png	8	2	0	-
o_7104.png.scale192x192.png	8	2	0	-
o_7104.png.scale256x256.png	8	2	0	-
o_7104.png.scale384x384.png	8	2	0	-
o_7104.png.scale512x512.png	8	2	0	-
o_7104.png.scale640x640.png	8	2	0	-
o_7104.png.scale64x64.png	8	2	0	-
o_7104.png.scale768x768.png	8	2	0	-
o_7104.png.scale896x896.png	8	2	0	-
o_7104.png.scale96x96.png	8	2	0	-
o_7111.png.scale1024x1024.png	8	2	0	-
o_7111.png.scale128x128.png	8	2	0	-
o_7111.png.scale192x192.png	8	2	0	-
o_7111.png.scale256x256.png	8	2	0	-
o_7111.png.scale384x384.png	8	2	0	-
o_7111.png.scale512x512.png	8	2	0	-
o_7111.png.scale640x640.png	8	2	0	-
o_7111.png.scale64x64.png	8	2	0	-
o_7111.png.scale768x768.png	8	2	0	-
o_7111.png.scale896x896.png	8	2	0	-
o_7111.png.scale96x96.png	8	2	0	-
o_7115.png.scale1024x1024.png	8	2	0	-
o_7115.png.scale128x128.png	8	2	0	-
o_7115.png.scale192x192.png	8	2	0	-
o_7115.png.scale256x256.png	8	2	0	-
o_7115.png.scale384x384.png	8	2	0	-
o_7115.png.scale512x512.png	8	2	0	-
o_7115.png.scale640x640.png	8	2	0	-
o_7115.png.scale64x64.png	8	2	0	-
o_7115.png.scale768x768.png	8	2	0	-
o_7115.png.scale896x896.png	8	2	0	-
o_7115.png.scale96x96.png	8	2	0	-
o_7116.png.scale1024x1024.png	8	2	0	-
o_7116.png.scale128x128.png	8	2	0	-
o_7116.png.scale192x192.png	8	2	0	-
o_7116.png.scale256x256.png	8	2	0	-
o_7116.png.scale384x384.png	8	2	0	-
o_7116.png.scale512x512.png	8	2	0	-
o_7116.png.scale640x640.png	8	2	0	-
o_7116.png.scale64x64.png	8	2	0	-
o_7116.png.scale768x768.png	8	2	0	-
o_7116.png.scale896x896.png	8	2	0	-
o_7116.png.scale96x96.png	8	2	0	-
o_7125.png.scale1024x1024.png	8	2	0	-
o_7125.png.scale128x128.png	8	2	0	-
o_7125.png.scale192x192.png	8	2	0	-
o_7125.png.scale256x256.png	8	2	0	-
o_7125.png.scale384x384.png	8	2	0	-
o_7125.png.scale512x512.png	8	2	0	-
o_7125.png.scale640x640.png	8	2	0	-
o_7125.png.scale64x64.png	8	3	0	PLTE
o_7125.png.scale768x768.png	8	2	0	-
o_7125.png.scale896x896.png	8	2	0	-
o_7125.png.scale96x96.png	8	2	0	-
o_8009.png.scale110x256.png	8	2	0	iCCP
o_8009.png.scale165x384.png	8	2	0	iCCP
o_8009.png.scale219x512.png	8	2	0	iCCP
o_8009.png.scale274x640.png	8	2	0	iCCP
o_8009.png.scale27x64.png	8	2	0	iCCP
o_8009.png.scale329x768.png	8	2	0	iCCP
o_8009.png.scale384x896.png	8	2	0	iCCP
o_8009.png.scale41x96.png	8	2	0	iCCP
o_8009.png.scale439x1024.png	8	2	0	iCCP
o_8009.png.scale55x128.png	8	2	0	iCCP
o_8009.png.scale82x192.png	8	2	0	iCCP
o_8012.png.scale110x256.png	8	2	0	iCCP
o_8012.png.scale165x384.png	8	2	0	iCCP
o_8012.png.scale219x512.png	8	2	0	iCCP
o_8012.png.scale274x640.png	8	2	0	iCCP
o_8012.png.scale27x64.png	8	2	0	iCCP
o_8012.png.scale329x768.png	8	2	0	iCCP
o_8012.png.scale384x896.png	8	2	0	iCCP
o_8012.png.scale41x96.png	8	2	0	iCCP
o_8012.png.scale439x1024.png	8	2	0	iCCP
o_8012.png.scale55x128.png	8	2	0	iCCP
o_8012.png.scale82x192.png	8	2	0	iCCP
o_8014.png.scale110x256.png	8	2	0	iCCP
o_8014.png.scale165x384.png	8	2	0	iCCP
o_8014.png.scale219x512.png	8	2	0	iCCP
o_8014.png.scale274x640.png	8	2	0	iCCP
o_8014.png.scale27x64.png	8	2	0	iCCP
o_8014.png.scale329x768.png	8	2	0	iCCP
o_8014.png.scale384x896.png	8	2	0	iCCP
o_8014.png.scale41x96.png	8	2	0	iCCP
o_8014.png.scale439x1024.png	8	2	0	iCCP
o_8014.png.scale55x128.png	8	2	0	iCCP
o_8014.png.scale82x192.png	8	2	0	iCCP
o_8106.png.scale1024x640.png	8	2	0	-
o_8106.png.scale128x80.png	8	2	0	-
o_8106.png.scale192x120.png	8	2	0	-
o_8106.png.scale256x160.png	8	2	0	-
o_8106.png.scale384x240.png	8	2	0	-
o_8106.png.scale512x320.png	8	2	0	-
o_8106.png.scale640x400.png	8	2	0	-
o_8106.png.scale64x40.png	8	2	0	-
o_8106.png.scale768x480.png	8	2	0	-
o_8106.png.scale896x560.png	8	2	0	-
o_8106.png.scale96x60.png	8	2	0	-
o_8107.png.scale1024x640.png	8	2	0	-
o_8107.png.scale128x80.png	8	2	0	-
o_8107.png.scale192x120.png	8	2	0	-
o_8107.png.scale256x160.png	8	2	0	-
o_8107.png.scale384x240.png	8	2	0	-
o_8107.png.scale512x320.png	8	2	0	-
o_8107.png.scale640x400.png	8	2	0	-
o_8107.png.scale64x40.png	8	2	0	-
o_8107.png.scale768x480.png	8	2	0	-
o_8107.png.scale896x560.png	8	2	0	-
o_8107.png.scale96x60.png	8	2	0	-
o_8110.png.scale1024x640.png	8	2	0	-
o_8110.png.scale128x80.png	8	2	0	-
o_8110.png.scale192x120.png	8	2	0	-
o_8110.png.scale256x160.png	8	2	0	-
o_8110.png.scale384x240.png	8	2	0	-
o_8110.png.scale512x320.png	8	2	0	-
o_8110.png.scale640x400.png	8	2	0	-
o_8110.png.scale64x40.png	8	2	0	-
o_8110.png.scale768x480.png	8	2	0	-
o_8110.png.scale896x560.png	8	2	0	-
o_8110.png.scale96x60.png	8	2	0	-
o_8113.png.scale1024x640.png	8	2	0	-
o_8113.png.scale128x80.png	8	2	0	-
o_8113.png.scale192x120.png	8	2	0	-
o_8113.png.scale256x160.png	8	2	0	-
o_8113.png.scale384x240.png	8	2	0	-
o_8113.png.scale512x320.png	8	2	0	-
o_8113.png.scale640x400.png	8	2	0	-
o_8113.png.scale64x40.png	8	2	0	-
o_8113.png.scale768x480.png	8	2	0	-
o_8113.png.scale896x560.png	8	2	0	-
o_8113.png.scale96x60.png	8	2	0	-
o_8114.png.scale1024x640.png	8	2	0	-
o_8114.png.scale128x80.png	8	2	0	-
o_8114.png.scale192x120.png	8	2	0	-
o_8114.png.scale256x160.png	8	2	0	-
o_8114.png.scale384x240.png	8	2	0	-
o_8114.png.scale512x320.png	8	2	0	-
o_8114.png.scale640x400.png	8	2	0	-
o_8114.png.scale64x40.png	8	2	0	-
o_8114.png.scale768x480.png	8	2	0	-
o_8114.png.scale896x560.png	8	2	0	-
o_8114.png.scale96x60.png	8	2	0	-
o_8121.png.scale1024x640.png	8	2	0	-
o_8121.png.scale128x80.png	8	2	0	-
o_8121.png.scale192x120.png	8	2	0	-
o_8121.png.scale256x160.png	8	2	0	-
o_8121.png.scale384x240.png	8	2	0	-
o_8121.png.scale512x320.png	8	2	0	-
o_8121.png.scale640x400.png	8	2	0	-
o_8121.png.scale64x40.png	8	2	0	-
o_8121.png.scale768x480.png	8	2	0	-
o_8121.png.scale896x560.png	8	2	0	-
o_8121.png.scale96x60.png	8	2	0	-
o_8124.png.scale1024x640.png	8	2	0	-
o_8124.png.scale128x80.png	8	2	0	-
o_8124.png.scale192x120.png	8	2	0	-
o_8124.png.scale256x160.png	8	2	0	-
o_8124.png.scale384x240.png	8	2	0	-
o_8124.png.scale512x320.png	8	2	0	-
o_8124.png.scale640x400.png	8	2	0	-
o_8124.png.scale64x40.png	8	2	0	-
o_8124.png.scale768x480.png	8	2	0	-
o_8124.png.scale896x560.png	8	2	0	-
o_8124.png.scale96x60.png	8	2	0	-
o_8126.png.scale1024x640.png	8	2	0	-
o_8126.png.scale128x80.png	8	2	0	-
o_8126.png.scale192x120.png	8	2	0	-
o_8126.png.scale256x160.png	8	2	0	-
o_8126.png.scale384x240.png	8	2	0	-
o_8126.png.scale512x320.png	8	2	0	-
o_8126.png.scale640x400.png	8	2	0	-
o_8126.png.scale64x40.png	8	2	0	-
o_8126.png.scale768x480.png	8	2	0	-
o_8126.png.scale896x560.png	8	2	0	-
o_8126.png.scale96x60.png	8	2	0	-
o_8131.png.scale1024x640.png	8	2	0	-
o_8131.png.scale128x80.png	8	2	0	-
o_8131.png.scale192x120.png	8	2	0	-
o_8131.png.scale256x160.png	8	2	0	-
o_8131.png.scale384x240.png	8	2	0	-
o_8131.png.scale512x320.png	8	2	0	-
o_8131.png.scale640x400.png	8	2	0	-
o_8131.png.scale64x40.png	8	2	0	-
o_8131.png.scale768x480.png	8	2	0	-
o_8131.png.scale896x560.png	8	2	0	-
o_8131.png.scale96x60.png	8	2	0	-
o_8134.png.scale1024x640.png	8	2	0	-
o_8134.png.scale128x80.png	8	2	0	-
o_8134.png.scale192x120.png	8	2	0	-
o_8134.png.scale256x160.png	8	2	0	-
o_8134.png.scale384x240.png	8	2	0	-
o_8134.png.scale512x320.png	8	2	0	-
o_8134.png.scale640x400.png	8	2	0	-
o_8134.png.scale64x40.png	8	2	0	-
o_8134.png.scale768x480.png	8	2	0	-
o_8134.png.scale896x560.png	8	2	0	-
o_8134.png.scale96x60.png	8	2	0	-
o_8135.png.scale1024x640.png	8	2	0	-
o_8135.png.scale128x80.png	8	2	0	-
o_8135.png.scale192x120.png	8	2	0	-
o_8135.png.scale256x160.png	8	2	0	-
o_8135.png.scale384x240.png	8	2	0	-
o_8135.png.scale512x320.png	8	2	0	-
o_8135.png.scale640x400.png	8	2	0	-
o_8135.png.scale64x40.png	8	2	0	-
o_8135.png.scale768x480.png	8	2	0	-
o_8135.png.scale896x560.png	8	2	0	-
o_8135.png.scale96x60.png	8	2	0	-
o_8139.png.scale1024x640.png	8	2	0	-
o_8139.png.scale128x80.png	8	2	0	-
o_8139.png.scale192x120.png	8	2	0	-
o_8139.png.scale256x160.png	8	2	0	-
o_8139.png.scale384x240.png	8	2	0	-
o_8139.png.scale512x320.png	8	2	0	-
o_8139.png.scale640x400.png	8	2	0	-
o_8139.png.scale64x40.png	8	2	0	-
o_8139.png.scale768x480.png	8	2	0	-
o_8139.png.scale896x560.png	8	2	0	-
o_8139.png.scale96x60.png	8	2	0	-
o_8140.png.scale1024x640.png	8	2	0	-
o_8140.png.scale128x80.png	8	2	0	-
o_8140.png.scale192x120.png	8	2	0	-
o_8140.png.scale256x160.png	8	2	0	-
o_8140.png.scale384x240.png	8	2	0	-
o_8140.png.scale512x320.png	8	2	0	-
o_8140.png.scale640x400.png	8	2	0	-
o_8140.png.scale64x40.png	8	2	0	-
o_8140.png.scale768x480.png	8	2	0	-
o_8140.png.scale896x560.png	8	2	0	-
o_8140.png.scale96x60.png	8	2	0	-
o_8148.png.scale1024x640.png	8	2	0	-
o_8148.png.scale128x80.png	8	2	0	-
o_8148.png.scale192x120.png	8	2	0	-
o_8148.png.scale256x160.png	8	2	0	-
o_8148.png.scale384x240.png	8	2	0	-
o_8148.png.scale512x320.png	8	2	0	-
o_8148.png.scale640x400.png	8	2	0	-
o_8148.png.scale64x40.png	8	2	0	-
o_8148.png.scale768x480.png	8	2	0	-
o_8148.png.scale896x560.png	8	2	0	-
o_8148.png.scale96x60.png	8	2	0	-
o_8153.png.scale1024x640.png	8	2	0	-
o_8153.png.scale128x80.png	8	2	0	-
o_8153.png.scale192x120.png	8	2	0	-
o_8153.png.scale256x160.png	8	2	0	-
o_8153.png.scale384x240.png	8	2	0	-
o_8153.png.scale512x320.png	8	2	0	-
o_8153.png.scale640x400.png	8	2	0	-
o_8153.png.scale64x40.png	8	2	0	-
o_8153.png.scale768x480.png	8	2	0	-
o_8153.png.scale896x560.png	8	2	0	-
o_8153.png.scale96x60.png	8	2	0	-
o_8160.png.scale1024x576.png	8	2	0	-
o_8160.png.scale128x72.png	8	2	0	-
o_8160.png.scale192x108.png	8	2	0	-
o_8160.png.scale256x144.png	8	2	0	-
o_8160.png.scale384x216.png	8	2	0	-
o_8160.png.scale512x288.png	8	2	0	-
o_8160.png.scale640x360.png	8	2	0	-
o_8160.png.scale64x36.png	8	2	0	-
o_8160.png.scale768x432.png	8	2	0	-
o_8160.png.scale896x504.png	8	2	0	-
o_8160.png.scale96x54.png	8	2	0	-
o_8170.png.scale1024x576.png	8	2	0	-
o_8170.png.scale128x72.png	8	2	0	-
o_8170.png.scale192x108.png	8	2	0	-
o_8170.png.scale256x144.png	8	2	0	-
o_8170.png.scale384x216.png	8	2	0	-
o_8170.png.scale512x288.png	8	2	0	-
o_8170.png.scale640x360.png	8	2	0	-
o_8170.png.scale64x36.png	8	3	0	PLTE
o_8170.png.scale768x432.png	8	2	0	-
o_8170.png.scale896x504.png	8	2	0	-
o_8170.png.scale96x54.png	8	3	0	PLTE
o_8171.png.scale1024x576.png	8	2	0	-
o_8171.png.scale128x72.png	8	2	0	-
o_8171.png.scale192x108.png	8	2	0	-
o_8171.png.scale256x144.png	8	2	0	-
o_8171.png.scale384x216.png	8	2	0	-
o_8171.png.scale512x288.png	8	2	0	-
o_8171.png.scale640x360.png	8	2	0	-
o_8171.png.scale64x36.png	8	2	0	-
o_8171.png.scale768x432.png	8	2	0	-
o_8171.png.scale896x504.png	8	2	0	-
o_8171.png.scale96x54.png	8	2	0	-
o_8176.png.scale1024x576.png	8	2	0	-
o_8176.png.scale128x72.png	8	2	0	-
o_8176.png.scale192x108.png	8	2	0	-
o_8176.png.scale256x144.png	8	2	0	-
o_8176.png.scale384x216.png	8	2	0	-
o_8176.png.scale512x288.png	8	2	0	-
o_8176.png.scale640x360.png	8	2	0	-
o_8176.png.scale64x36.png	8	2	0	-
o_8176.png.scale768x432.png	8	2	0	-
o_8176.png.scale896x504.png	8	2	0	-
o_8176.png.scale96x54.png	8	2	0	-
o_8177.png.scale1024x576.png	8	2	0	-
o_8177.png.scale128x72.png	8	2	0	-
o_8177.png.scale192x108.png	8	2	0	-
o_8177.png.scale256x144.png	8	2	0	-
o_8177.png.scale384x216.png	8	2	0	-
o_8177.png.scale512x288.png	8	2	0	-
o_8177.png.scale640x360.png	8	2	0	-
o_8177.png.scale64x36.png	8	2	0	-
o_8177.png.scale768x432.png	8	2	0	-
o_8177.png.scale896x504.png	8	2	0	-
o_8177.png.scale96x54.png	8	2	0	-
o_8183.png.scale1024x576.png	8	2	0	-
o_8183.png.scale128x72.png	8	2	0	-
o_8183.png.scale192x108.png	8	2	0	-
o_8183.png.scale256x144.png	8	2	0	-
o_8183.png.scale384x216.png	8	2	0	-
o_8183.png.scale512x288.png	8	2	0	-
o_8183.png.scale640x360.png	8	2	0	-
o_8183.png.scale64x36.png	8	2	0	-
o_8183.png.scale768x432.png	8	2	0	-
o_8183.png.scale896x504.png	8	2	0	-
o_8183.png.scale96x54.png	8	2	0	-
o_8184.png.scale1024x576.png	8	2	0	-
o_8184.png.scale128x72.png	8	2	0	-
o_8184.png.scale192x108.png	8	2	0	-
o_8184.png.scale256x144.png	8	2	0	-
o_8184.png.scale384x216.png	8	2	0	-
o_8184.png.scale512x288.png	8	2	0	-
o_8184.png.scale640x360.png	8	2	0	-
o_8184.png.scale64x36.png	8	2	0	-
o_8184.png.scale768x432.png	8	2	0	-
o_8184.png.scale896x504.png	8	2	0	-
o_8184.png.scale96x54.png	8	2	0	-
o_8203.png.scale1024x576.png	8	2	0	-
o_8203.png.scale128x72.png	8	2	0	-
o_8203.png.scale192x108.png	8	2	0	-
o_8203.png.scale256x144.png	8	2	0	-
o_8203.png.scale384x216.png	8	2	0	-
o_8203.png.scale512x288.png	8	2	0	-
o_8203.png.scale640x360.png	8	2	0	-
o_8203.png.scale64x36.png	8	2	0	-
o_8203.png.scale768x432.png	8	2	0	-
o_8203.png.scale896x504.png	8	2	0	-
o_8203.png.scale96x54.png	8	2	0	-
o_8206.png.scale1024x576.png	8	2	0	-
o_8206.png.scale128x72.png	8	2	0	-
o_8206.png.scale192x108.png	8	2	0	-
o_8206.png.scale256x144.png	8	2	0	-
o_8206.png.scale384x216.png	8	2	0	-
o_8206.png.scale512x288.png	8	2	0	-
o_8206.png.scale640x360.png	8	2	0	-
o_8206.png.scale64x36.png	8	2	0	-
o_8206.png.scale768x432.png	8	2	0	-
o_8206.png.scale896x504.png	8	2	0	-
o_8206.png.scale96x54.png	8	2	0	-
o_8210.png.scale1024x576.png	8	2	0	-
o_8210.png.scale128x72.png	8	2	0	-
o_8210.png.scale192x108.png	8	2	0	-
o_8210.png.scale256x144.png	8	2	0	-
o_8210.png.scale384x216.png	8	2	0	-
o_8210.png.scale512x288.png	8	2	0	-
o_8210.png.scale640x360.png	8	2	0	-
o_8210.png.scale64x36.png	8	2	0	-
o_8210.png.scale768x432.png	8	2	0	-
o_8210.png.scale896x504.png	8	2	0	-
o_8210.png.scale96x54.png	8	2	0	-
o_8216.png.scale1024x576.png	8	2	0	-
o_8216.png.scale128x72.png	8	2	0	-
o_8216.png.scale192x108.png	8	2	0	-
o_8216.png.scale256x144.png	8	2	0	-
o_8216.png.scale384x216.png	8	2	0	-
o_8216.png.scale512x288.png	8	2	0	-
o_8216.png.scale640x360.png	8	2	0	-
o_8216.png.scale64x36.png	8	2	0	-
o_8216.png.scale768x432.png	8	2	0	-
o_8216.png.scale896x504.png	8	2	0	-
o_8216.png.scale96x54.png	8	2	0	-
o_8224.png.scale1024x640.png	8	2	0	-
o_8224.png.scale128x80.png	8	2	0	-
o_8224.png.scale192x120.png	8	2	0	-
o_8224.png.scale256x160.png	8	2	0	-
o_8224.png.scale384x240.png	8	2	0	-
o_8224.png.scale512x320.png	8	2	0	-
o_8224.png.scale640x400.png	8	2	0	-
o_8224.png.scale64x40.png	8	2	0	-
o_8224.png.scale768x480.png	8	2	0	-
o_8224.png.scale896x560.png	8	2	0	-
o_8224.png.scale96x60.png	8	2	0	-
o_8229.png.scale1024x640.png	8	2	0	-
o_8229.png.scale128x80.png	8	2	0	-
o_8229.png.scale192x120.png	8	2	0	-
o_8229.png.scale256x160.png	8	2	0	-
o_8229.png.scale384x240.png	8	2	0	-
o_8229.png.scale512x320.png	8	2	0	-
o_8229.png.scale640x400.png	8	2	0	-
o_8229.png.scale64x40.png	8	3	0	PLTE
o_8229.png.scale768x480.png	8	2	0	-
o_8229.png.scale896x560.png	8	2	0	-
o_8229.png.scale96x60.png	8	2	0	-
o_8230.png.scale1024x640.png	8	2	0	-
o_8230.png.scale128x80.png	8	2	0	-
o_8230.png.scale192x120.png	8	2	0	-
o_8230.png.scale256x160.png	8	2	0	-
o_8230.png.scale384x240.png	8	2	0	-
o_8230.png.scale512x320.png	8	2	0	-
o_8230.png.scale640x400.png	8	2	0	-
o_8230.png.scale64x40.png	8	2	0	-
o_8230.png.scale768x480.png	8	2	0	-
o_8230.png.scale896x560.png	8	2	0	-
o_8230.png.scale96x60.png	8	2	0	-
o_8231.png.scale1024x640.png	8	2	0	-
o_8231.png.scale128x80.png	8	2	0	-
o_8231.png.scale192x120.png	8	2	0	-
o_8231.png.scale256x160.png	8	2	0	-
o_8231.png.scale384x240.png	8	2	0	-
o_8231.png.scale512x320.png	8	2	0	-
o_8231.png.scale640x400.png	8	2	0	-
o_8231.png.scale64x40.png	8	2	0	-
o_8231.png.scale768x480.png	8	2	0	-
o_8231.png.scale896x560.png	8	2	0	-
o_8231.png.scale96x60.png	8	2	0	-
o_8232.png.scale1024x640.png	8	2	0	-
o_8232.png.scale128x80.png	8	2	0	-
o_8232.png.scale192x120.png	8	2	0	-
o_8232.png.scale256x160.png	8	2	0	-
o_8232.png.scale384x240.png	8	2	0	-
o_8232.png.scale512x320.png	8	2	0	-
o_8232.png.scale640x400.png	8	2	0	-
o_8232.png.scale64x40.png	8	2	0	-
o_8232.png.scale768x480.png	8	2	0	-
o_8232.png.scale896x560.png	8	2	0	-
o_8232.png.scale96x60.png	8	2	0	-
o_8234.png.scale1024x640.png	8	2	0	-
o_8234.png.scale128x80.png	8	2	0	-
o_8234.png.scale192x120.png	8	2	0	-
o_8234.png.scale256x160.png	8	2	0	-
o_8234.png.scale384x240.png	8	2	0	-
o_8234.png.scale512x320.png	8	2	0	-
o_8234.png.scale640x400.png	8	2	0	-
o_8234.png.scale64x40.png	8	2	0	-
o_8234.png.scale768x480.png	8	2	0	-
o_8234.png.scale896x560.png	8	2	0	-
o_8234.png.scale96x60.png	8	2	0	-
o_8236.png.scale1024x640.png	8	2	0	-
o_8236.png.scale128x80.png	8	2	0	-
o_8236.png.scale192x120.png	8	2	0	-
o_8236.png.scale256x160.png	8	2	0	-
o_8236.png.scale384x240.png	8	2	0	-
o_8236.png.scale512x320.png	8	2	0	-
o_8236.png.scale640x400.png	8	2	0	-
o_8236.png.scale64x40.png	8	2	0	-
o_8236.png.scale768x480.png	8	2	0	-
o_8236.png.scale896x560.png	8	2	0	-
o_8236.png.scale96x60.png	8	2	0	-
o_8237.png.scale1024x640.png	8	2	0	-
o_8237.png.scale128x80.png	8	2	0	-
o_8237.png.scale192x120.png	8	2	0	-
o_8237.png.scale256x160.png	8	2	0	-
o_8237.png.scale384x240.png	8	2	0	-
o_8237.png.scale512x320.png	8	2	0	-
o_8237.png.scale640x400.png	8	2	0	-
o_8237.png.scale64x40.png	8	2	0	-
o_8237.png.scale768x480.png	8	2	0	-
o_8237.png.scale896x560.png	8	2	0	-
o_8237.png.scale96x60.png	8	2	0	-
o_8257.png.scale1024x640.png	8	2	0	-
o_8257.png.scale128x80.png	8	2	0	-
o_8257.png.scale192x120.png	8	2	0	-
o_8257.png.scale256x160.png	8	2	0	-
o_8257.png.scale384x240.png	8	2	0	-
o_8257.png.scale512x320.png	8	2	0	-
o_8257.png.scale640x400.png	8	2	0	-
o_8257.png.scale64x40.png	8	2	0	-
o_8257.png.scale768x480.png	8	2	0	-
o_8257.png.scale896x560.png	8	2	0	-
o_8257.png.scale96x60.png	8	2	0	-
o_8271.png.scale108x192.png	8	2	0	-
o_8271.png.scale144x256.png	8	2	0	-
o_8271.png.scale216x384.png	8	2	0	-
o_8271.png.scale288x512.png	8	2	0	-
o_8271.png.scale360x640.png	8	2	0	-
o_8271.png.scale36x64.png	8	2	0	-
o_8271.png.scale54x96.png	8	2	0	-
o_8271.png.scale72x128.png	8	2	0	-
o_8275.png.scale108x192.png	8	2	0	-
o_8275.png.scale144x256.png	8	2	0	-
o_8275.png.scale216x384.png	8	2	0	-
o_8275.png.scale288x512.png	8	2	0	-
o_8275.png.scale360x640.png	8	2	0	-
o_8275.png.scale36x64.png	8	2	0	-
o_8275.png.scale54x96.png	8	2	0	-
o_8275.png.scale72x128.png	8	2	0	-
o_8276.png.scale108x192.png	8	0	0	-
o_8276.png.scale144x256.png	8	0	0	-
o_8276.png.scale216x384.png	8	0	0	-
o_8276.png.scale288x512.png	8	3	0	PLTE
o_8276.png.scale360x640.png	8	3	0	PLTE
o_8276.png.scale36x64.png	8	0	0	-
o_8276.png.scale54x96.png	8	0	0	-
o_8276.png.scale72x128.png	8	0	0	-
o_8278.png.scale108x192.png	8	2	0	-
o_8278.png.scale144x256.png	8	2	0	-
o_8278.png.scale216x384.png	8	2	0	-
o_8278.png.scale288x512.png	8	2	0	-
o_8278.png.scale360x640.png	8	2	0	-
o_8278.png.scale36x64.png	8	2	0	-
o_8278.png.scale54x96.png	8	2	0	-
o_8278.png.scale72x128.png	8	2	0	-
o_8282.png.scale108x192.png	8	2	0	-
o_8282.png.scale144x256.png	8	2	0	-
o_8282.png.scale216x384.png	8	2	0	-
o_8282.png.scale288x512.png	8	2	0	-
o_8282.png.scale360x640.png	8	2	0	-
o_8282.png.scale36x64.png	8	2	0	-
o_8282.png.scale54x96.png	8	2	0	-
o_8282.png.scale72x128.png	8	2	0	-
o_8283.png.scale108x192.png	8	2	0	-
o_8283.png.scale144x256.png	8	2	0	-
o_8283.png.scale216x384.png	8	2	0	-
o_8283.png.scale288x512.png	8	2	0	-
o_8283.png.scale360x640.png	8	2	0	-
o_8283.png.scale36x64.png	8	2	0	-
o_8283.png.scale54x96.png	8	2	0	-
o_8283.png.scale72x128.png	8	2	0	-
o_8284.png.scale108x192.png	8	2	0	-
o_8284.png.scale144x256.png	8	2	0	-
o_8284.png.scale216x384.png	8	2	0	-
o_8284.png.scale288x512.png	8	2	0	-
o_8284.png.scale360x640.png	8	2	0	-
o_8284.png.scale36x64.png	8	2	0	-
o_8284.png.scale54x96.png	8	2	0	-
o_8284.png.scale72x128.png	8	2	0	-
o_8286.png.scale108x192.png	8	2	0	-
o_8286.png.scale144x256.png	8	2	0	-
o_8286.png.scale216x384.png	8	2	0	-
o_8286.png.scale288x512.png	8	2	0	-
o_8286.png.scale360x640.png	8	2	0	-
o_8286.png.scale36x64.png	8	2	0	-
o_8286.png.scale54x96.png	8	2	0	-
o_8286.png.scale72x128.png	8	2	0	-
o_8289.png.scale108x192.png	8	2	0	-
o_8289.png.scale144x256.png	8	2	0	-
o_8289.png.scale216x384.png	8	2	0	-
o_8289.png.scale288x512.png	8	2	0	-
o_8289.png.scale360x640.png	8	2	0	-
o_8289.png.scale36x64.png	8	2	0	-
o_8289.png.scale54x96.png	8	2	0	-
o_8289.png.scale72x128.png	8	2	0	-
o_8295.png.scale108x192.png	8	2	0	-
o_8295.png.scale144x256.png	8	2	0	-
o_8295.png.scale216x384.png	8	2	0	-
o_8295.png.scale288x512.png	8	2	0	-
o_8295.png.scale360x640.png	8	2	0	-
o_8295.png.scale36x64.png	8	2	0	-
o_8295.png.scale54x96.png	8	2	0	-
o_8295.png.scale72x128.png	8	2	0	-
o_8299.png.scale108x192.png	8	2	0	-
o_8299.png.scale144x256.png	8	2	0	-
o_8299.png.scale216x384.png	8	2	0	-
o_8299.png.scale288x512.png	8	2	0	-
o_8299.png.scale360x640.png	8	2	0	-
o_8299.png.scale36x64.png	8	2	0	-
o_8299.png.scale54x96.png	8	2	0	-
o_8299.png.scale72x128.png	8	2	0	-
o_8300.png.scale108x192.png	8	2	0	-
o_8300.png.scale144x256.png	8	2	0	-
o_8300.png.scale216x384.png	8	2	0	-
o_8300.png.scale288x512.png	8	2	0	-
o_8300.png.scale360x640.png	8	2	0	-
o_8300.png.scale36x64.png	8	2	0	-
o_8300.png.scale54x96.png	8	2	0	-
o_8300.png.scale72x128.png	8	2	0	-
o_8301.png.scale108x192.png	8	2	0	-
o_8301.png.scale144x256.png	8	2	0	-
o_8301.png.scale216x384.png	8	2	0	-
o_8301.png.scale288x512.png	8	2	0	-
o_8301.png.scale360x640.png	8	2	0	-
o_8301.png.scale36x64.png	8	3	0	PLTE
o_8301.png.scale54x96.png	8	3	0	PLTE
o_8301.png.scale72x128.png	8	2	0	-
o_8305.png.scale108x192.png	8	2	0	-
o_8305.png.scale144x256.png	8	2	0	-
o_8305.png.scale216x384.png	8	2	0	-
o_8305.png.scale288x512.png	8	2	0	-
o_8305.png.scale360x640.png	8	2	0	-
o_8305.png.scale36x64.png	8	2	0	-
o_8305.png.scale54x96.png	8	2	0	-
o_8305.png.scale72x128.png	8	2	0	-
o_8308.png.scale108x192.png	8	2	0	-
o_8308.png.scale144x256.png	8	2	0	-
o_8308.png.scale216x384.png	8	2	0	-
o_8308.png.scale288x512.png	8	2	0	-
o_8308.png.scale360x640.png	8	2	0	-
o_8308.png.scale36x64.png	8	2	0	-
o_8308.png.scale54x96.png	8	2	0	-
o_8308.png.scale72x128.png	8	2	0	-
o_8315.png.scale108x192.png	8	2	0	-
o_8315.png.scale144x256.png	8	2	0	-
o_8315.png.scale216x384.png	8	2	0	-
o_8315.png.scale288x512.png	8	2	0	-
o_8315.png.scale360x640.png	8	2	0	-
o_8315.png.scale36x64.png	8	2	0	-
o_8315.png.scale54x96.png	8	2	0	-
o_8315.png.scale72x128.png	8	2	0	-
o_8326.png.scale108x192.png	8	2	0	-
o_8326.png.scale144x256.png	8	2	0	-
o_8326.png.scale216x384.png	8	2	0	-
o_8326.png.scale288x512.png	8	2	0	-
o_8326.png.scale360x640.png	8	2	0	-
o_8326.png.scale36x64.png	8	2	0	-
o_8326.png.scale54x96.png	8	2	0	-
o_8326.png.scale72x128.png	8	2	0	-
o_8336.png.scale144x192.png	8	2	0	-
o_8336.png.scale192x256.png	8	2	0	-
o_8336.png.scale288x384.png	8	2	0	-
o_8336.png.scale384x512.png	8	2	0	-
o_8336.png.scale480x640.png	8	2	0	-
o_8336.png.scale48x64.png	8	2	0	-
o_8336.png.scale576x768.png	8	2	0	-
o_8336.png.scale672x896.png	8	2	0	-
o_8336.png.scale72x96.png	8	2	0	-
o_8336.png.scale768x1024.png	8	2	0	-
o_8336.png.scale96x128.png	8	2	0	-
o_8339.png.scale144x192.png	8	2	0	-
o_8339.png.scale192x256.png	8	2	0	-
o_8339.png.scale288x384.png	8	2	0	-
o_8339.png.scale384x512.png	8	2	0	-
o_8339.png.scale480x640.png	8	2	0	-
o_8339.png.scale48x64.png	8	2	0	-
o_8339.png.scale576x768.png	8	2	0	-
o_8339.png.scale672x896.png	8	2	0	-
o_8339.png.scale72x96.png	8	2	0	-
o_8339.png.scale768x1024.png	8	2	0	-
o_8339.png.scale96x128.png	8	2	0	-
o_8341.png.scale144x192.png	8	2	0	-
o_8341.png.scale192x256.png	8	2	0	-
o_8341.png.scale288x384.png	8	2	0	-
o_8341.png.scale384x512.png	8	2	0	-
o_8341.png.scale480x640.png	8	2	0	-
o_8341.png.scale48x64.png	8	2	0	-
o_8341.png.scale576x768.png	8	2	0	-
o_8341.png.scale672x896.png	8	2	0	-
o_8341.png.scale72x96.png	8	2	0	-
o_8341.png.scale768x1024.png	8	2	0	-
o_8341.png.scale96x128.png	8	2	0	-
o_8345.png.scale144x192.png	8	2	0	-
o_8345.png.scale192x256.png	8	2	0	-
o_8345.png.scale288x384.png	8	2	0	-
o_8345.png.scale384x512.png	8	2	0	-
o_8345.png.scale480x640.png	8	2	0	-
o_8345.png.scale48x64.png	8	2	0	-
o_8345.png.scale576x768.png	8	2	0	-
o_8345.png.scale672x896.png	8	2	0	-
o_8345.png.scale72x96.png	8	2	0	-
o_8345.png.scale768x1024.png	8	2	0	-
o_8345.png.scale96x128.png	8	2	0	-
o_8346.png.scale144x192.png	8	2	0	-
o_8346.png.scale192x256.png	8	2	0	-
o_8346.png.scale288x384.png	8	2	0	-
o_8346.png.scale384x512.png	8	2	0	-
o_8346.png.scale480x640.png	8	2	0	-
o_8346.png.scale48x64.png	8	2	0	-
o_8346.png.scale576x768.png	8	2	0	-
o_8346.png.scale672x896.png	8	2	0	-
o_8346.png.scale72x96.png	8	2	0	-
o_8346.png.scale768x1024.png	8	2	0	-
o_8346.png.scale96x128.png	8	2	0	-
o_8351.png.scale144x192.png	8	2	0	-
o_8351.png.scale192x256.png	8	2	0	-
o_8351.png.scale288x384.png	8	2	0	-
o_8351.png.scale384x512.png	8	2	0	-
o_8351.png.scale480x640.png	8	2	0	-
o_8351.png.scale48x64.png	8	2	0	-
o_8351.png.scale576x768.png	8	2	0	-
o_8351.png.scale672x896.png	8	2	0	-
o_8351.png.scale72x96.png	8	2	0	-
o_8351.png.scale768x1024.png	8	2	0	-
o_8351.png.scale96x128.png	8	2	0	-
o_8357.png.scale144x192.png	8	2	0	-
o_8357.png.scale192x256.png	8	2	0	-
o_8357.png.scale288x384.png	8	2	0	-
o_8357.png.scale384x512.png	8	2	0	-
o_8357.png.scale480x640.png	8	2	0	-
o_8357.png.scale48x64.png	8	2	0	-
o_8357.png.scale576x768.png	8	2	0	-
o_8357.png.scale672x896.png	8	2	0	-
o_8357.png.scale72x96.png	8	2	0	-
o_8357.png.scale768x1024.png	8	2	0	-
o_8357.png.scale96x128.png	8	2	0	-
o_8359.png.scale144x192.png	8	2	0	-
o_8359.png.scale192x256.png	8	2	0	-
o_8359.png.scale288x384.png	8	2	0	-
o_8359.png.scale384x512.png	8	2	0	-
o_8359.png.scale480x640.png	8	2	0	-
o_8359.png.scale48x64.png	8	2	0	-
o_8359.png.scale576x768.png	8	2	0	-
o_8359.png.scale672x896.png	8	2	0	-
o_8359.png.scale72x96.png	8	2	0	-
o_8359.png.scale768x1024.png	8	2	0	-
o_8359.png.scale96x128.png	8	2	0	-
o_8376.png.scale144x192.png	8	2	0	-
o_8376.png.scale192x256.png	8	2	0	-
o_8376.png.scale288x384.png	8	2	0	-
o_8376.png.scale384x512.png	8	2	0	-
o_8376.png.scale480x640.png	8	2	0	-
o_8376.png.scale48x64.png	8	2	0	-
o_8376.png.scale576x768.png	8	2	0	-
o_8376.png.scale672x896.png	8	2	0	-
o_8376.png.scale72x96.png	8	2	0	-
o_8376.png.scale768x1024.png	8	2	0	-
o_8376.png.scale96x128.png	8	2	0	-
o_8383.png.scale144x192.png	8	2	0	-
o_8383.png.scale192x256.png	8	2	0	-
o_8383.png.scale288x384.png	8	2	0	-
o_8383.png.scale384x512.png	8	2	0	-
o_8383.png.scale480x640.png	8	2	0	-
o_8383.png.scale48x64.png	8	2	0	-
o_8383.png.scale576x768.png	8	2	0	-
o_8383.png.scale672x896.png	8	2	0	-
o_8383.png.scale72x96.png	8	2	0	-
o_8383.png.scale768x1024.png	8	2	0	-
o_8383.png.scale96x128.png	8	2	0	-
o_8384.png.scale144x192.png	8	2	0	-
o_8384.png.scale192x256.png	8	2	0	-
o_8384.png.scale288x384.png	8	2	0	-
o_8384.png.scale384x512.png	8	2	0	-
o_8384.png.scale480x640.png	8	2	0	-
o_8384.png.scale48x64.png	8	2	0	-
o_8384.png.scale576x768.png	8	2	0	-
o_8384.png.scale672x896.png	8	2	0	-
o_8384.png.scale72x96.png	8	2	0	-
o_8384.png.scale768x1024.png	8	2	0	-
o_8384.png.scale96x128.png	8	2	0	-
o_8387.png.scale144x192.png	8	2	0	-
o_8387.png.scale192x256.png	8	2	0	-
o_8387.png.scale288x384.png	8	2	0	-
o_8387.png.scale384x512.png	8	2	0	-
o_8387.png.scale480x640.png	8	2	0	-
o_8387.png.scale48x64.png	8	2	0	-
o_8387.png.scale576x768.png	8	2	0	-
o_8387.png.scale672x896.png	8	2	0	-
o_8387.png.scale72x96.png	8	2	0	-
o_8387.png.scale768x1024.png	8	2	0	-
o_8387.png.scale96x128.png	8	2	0	-
o_8389.png.scale1024x640.png	8	2	0	-
o_8389.png.scale128x80.png	8	2	0	-
o_8389.png.scale192x120.png	8	2	0	-
o_8389.png.scale256x160.png	8	2	0	-
o_8389.png.scale384x240.png	8	2	0	-
o_8389.png.scale512x320.png	8	2	0	-
o_8389.png.scale640x400.png	8	2	0	-
o_8389.png.scale64x40.png	8	2	0	-
o_8389.png.scale768x480.png	8	2	0	-
o_8389.png.scale896x560.png	8	2	0	-
o_8389.png.scale96x60.png	8	2	0	-
o_8403.png.scale118x256.png	8	2	0	-
o_8403.png.scale177x384.png	8	2	0	-
o_8403.png.scale237x512.png	8	2	0	-
o_8403.png.scale296x640.png	8	2	0	-
o_8403.png.scale30x64.png	8	2	0	-
o_8403.png.scale355x768.png	8	2	0	-
o_8403.png.scale414x896.png	8	2	0	-
o_8403.png.scale44x96.png	8	2	0	-
o_8403.png.scale59x128.png	8	2	0	-
o_8403.png.scale89x192.png	8	2	0	-
o_8412.png.scale108x192.png	8	2	0	-
o_8412.png.scale144x256.png	8	2	0	-
o_8412.png.scale216x384.png	8	2	0	-
o_8412.png.scale288x512.png	8	2	0	-
o_8412.png.scale360x640.png	8	2	0	-
o_8412.png.scale36x64.png	8	2	0	-
o_8412.png.scale432x768.png	8	2	0	-
o_8412.png.scale504x896.png	8	2	0	-
o_8412.png.scale54x96.png	8	2	0	-
o_8412.png.scale576x1024.png	8	2	0	-
o_8412.png.scale72x128.png	8	2	0	-
o_8414.png.scale1024x640.png	8	2	0	-
o_8414.png.scale128x80.png	8	2	0	-
o_8414.png.scale192x120.png	8	2	0	-
o_8414.png.scale256x160.png	8	2	0	-
o_8414.png.scale384x240.png	8	2	0	-
o_8414.png.scale512x320.png	8	2	0	-
o_8414.png.scale640x400.png	8	2	0	-
o_8414.png.scale64x40.png	8	2	0	-
o_8414.png.scale768x480.png	8	2	0	-
o_8414.png.scale896x560.png	8	2	0	-
o_8414.png.scale96x60.png	8	2	0	-
o_8418.png.scale1024x640.png	8	2	0	-
o_8418.png.scale128x80.png	8	2	0	-
o_8418.png.scale192x120.png	8	2	0	-
o_8418.png.scale256x160.png	8	2	0	-
o_8418.png.scale384x240.png	8	2	0	-
o_8418.png.scale512x320.png	8	2	0	-
o_8418.png.scale640x400.png	8	2	0	-
o_8418.png.scale64x40.png	8	2	0	-
o_8418.png.scale768x480.png	8	2	0	-
o_8418.png.scale896x560.png	8	2	0	-
o_8418.png.scale96x60.png	8	2	0	-
o_8434.png.scale118x256.png	8	2	0	-
o_8434.png.scale177x384.png	8	2	0	-
o_8434.png.scale237x512.png	8	2	0	-
o_8434.png.scale296x640.png	8	2	0	-
o_8434.png.scale30x64.png	8	2	0	-
o_8434.png.scale355x768.png	8	2	0	-
o_8434.png.scale414x896.png	8	2	0	-
o_8434.png.scale44x96.png	8	2	0	-
o_8434.png.scale59x128.png	8	2	0	-
o_8434.png.scale89x192.png	8	2	0	-
o_8438.png.scale1024x640.png	8	2	0	-
o_8438.png.scale128x80.png	8	2	0	-
o_8438.png.scale192x120.png	8	2	0	-
o_8438.png.scale256x160.png	8	2	0	-
o_8438.png.scale384x240.png	8	2	0	-
o_8438.png.scale512x320.png	8	2	0	-
o_8438.png.scale640x400.png	8	2	0	-
o_8438.png.scale64x40.png	8	2	0	-
o_8438.png.scale768x480.png	8	2	0	-
o_8438.png.scale896x560.png	8	2	0	-
o_8438.png.scale96x60.png	8	2	0	-
o_8443.png.scale118x256.png	8	2	0	-
o_8443.png.scale177x384.png	8	2	0	-
o_8443.png.scale237x512.png	8	2	0	-
o_8443.png.scale296x640.png	8	2	0	-
o_8443.png.scale30x64.png	8	2	0	-
o_8443.png.scale355x768.png	8	2	0	-
o_8443.png.scale414x896.png	8	2	0	-
o_8443.png.scale44x96.png	8	2	0	-
o_8443.png.scale59x128.png	8	2	0	-
o_8443.png.scale89x192.png	8	2	0	-
o_8460.png.scale108x192.png	8	2	0	-
o_8460.png.scale144x256.png	8	2	0	-
o_8460.png.scale216x384.png	8	2	0	-
o_8460.png.scale288x512.png	8	2	0	-
o_8460.png.scale360x640.png	8	2	0	-
o_8460.png.scale36x64.png	8	2	0	-
o_8460.png.scale432x768.png	8	2	0	-
o_8460.png.scale504x896.png	8	2	0	-
o_8460.png.scale54x96.png	8	2	0	-
o_8460.png.scale576x1024.png	8	2	0	-
o_8460.png.scale72x128.png	8	2	0	-
o_8462.png.scale1024x640.png	8	2	0	-
o_8462.png.scale128x80.png	8	2	0	-
o_8462.png.scale192x120.png	8	2	0	-
o_8462.png.scale256x160.png	8	2	0	-
o_8462.png.scale384x240.png	8	2	0	-
o_8462.png.scale512x320.png	8	2	0	-
o_8462.png.scale640x400.png	8	2	0	-
o_8462.png.scale64x40.png	8	2	0	-
o_8462.png.scale768x480.png	8	2	0	-
o_8462.png.scale896x560.png	8	2	0	-
o_8462.png.scale96x60.png	8	2	0	-
o_8465.png.scale128x72.png	8	2	0	-
o_8465.png.scale192x108.png	8	2	0	-
o_8465.png.scale256x144.png	8	2	0	-
o_8465.png.scale384x216.png	8	2	0	-
o_8465.png.scale512x288.png	8	2	0	-
o_8465.png.scale640x360.png	8	2	0	-
o_8465.png.scale64x36.png	8	2	0	-
o_8465.png.scale96x54.png	8	2	0	-
o_8466.png.scale1024x640.png	8	2	0	-
o_8466.png.scale128x80.png	8	2	0	-
o_8466.png.scale192x120.png	8	2	0	-
o_8466.png.scale256x160.png	8	2	0	-
o_8466.png.scale384x240.png	8	2	0	-
o_8466.png.scale512x320.png	8	2	0	-
o_8466.png.scale640x400.png	8	2	0	-
o_8466.png.scale64x40.png	8	2	0	-
o_8466.png.scale768x480.png	8	2	0	-
o_8466.png.scale896x560.png	8	2	0	-
o_8466.png.scale96x60.png	8	2	0	-
o_9025.png.scale128x192.png	8	2	0	-
o_9025.png.scale171x256.png	8	2	0	-
o_9025.png.scale256x384.png	8	2	0	-
o_9025.png.scale341x512.png	8	2	0	-
o_9025.png.scale427x640.png	8	2	0	-
o_9025.png.scale43x64.png	8	2	0	-
o_9025.png.scale512x768.png	8	2	0	-
o_9025.png.scale597x896.png	8	2	0	-
o_9025.png.scale64x96.png	8	2	0	-
o_9025.png.scale683x1024.png	8	2	0	-
o_9025.png.scale85x128.png	8	2	0	-
o_9051.png.scale1024x1024.png	8	2	0	-
o_9051.png.scale128x128.png	8	2	0	-
o_9051.png.scale192x192.png	8	2	0	-
o_9051.png.scale256x256.png	8	2	0	-
o_9051.png.scale384x384.png	8	2	0	-
o_9051.png.scale512x512.png	8	2	0	-
o_9051.png.scale640x640.png	8	2	0	-
o_9051.png.scale64x64.png	8	2	0	-
o_9051.png.scale768x768.png	8	2	0	-
o_9051.png.scale896x896.png	8	2	0	-
o_9051.png.scale96x96.png	8	2	0	-
o_9063.png.scale128x192.png	8	2	0	-
o_9063.png.scale171x256.png	8	2	0	-
o_9063.png.scale256x384.png	8	2	0	-
o_9063.png.scale341x512.png	8	2	0	-
o_9063.png.scale427x640.png	8	2	0	-
o_9063.png.scale43x64.png	8	2	0	-
o_9063.png.scale512x768.png	8	2	0	-
o_9063.png.scale597x896.png	8	2	0	-
o_9063.png.scale64x96.png	8	2	0	-
o_9063.png.scale683x1024.png	8	2	0	-
o_9063.png.scale85x128.png	8	2	0	-
o_9066.png.scale128x192.png	8	2	0	-
o_9066.png.scale171x256.png	8	2	0	-
o_9066.png.scale256x384.png	8	2	0	-
o_9066.png.scale341x512.png	8	2	0	-
o_9066.png.scale427x640.png	8	2	0	-
o_9066.png.scale43x64.png	8	2	0	-
o_9066.png.scale512x768.png	8	2	0	-
o_9066.png.scale597x896.png	8	2	0	-
o_9066.png.scale64x96.png	8	2	0	-
o_9066.png.scale683x1024.png	8	2	0	-
o_9066.png.scale85x128.png	8	2	0	-
o_9067.png.scale1024x1024.png	8	2	0	-
o_9067.png.scale128x128.png	8	2	0	-
o_9067.png.scale192x192.png	8	2	0	-
o_9067.png.scale256x256.png	8	2	0	-
o_9067.png.scale384x384.png	8	2	0	-
o_9067.png.scale512x512.png	8	2	0	-
o_9067.png.scale640x640.png	8	2	0	-
o_9067.png.scale64x64.png	8	2	0	-
o_9067.png.scale768x768.png	8	2	0	-
o_9067.png.scale896x896.png	8	2	0	-
o_9067.png.scale96x96.png	8	2	0	-
o_9070.png.scale128x192.png	8	2	0	-
o_9070.png.scale171x256.png	8	2	0	-
o_9070.png.scale256x384.png	8	2	0	-
o_9070.png.scale341x512.png	8	2	0	-
o_9070.png.scale427x640.png	8	2	0	-
o_9070.png.scale43x64.png	8	2	0	-
o_9070.png.scale512x768.png	8	2	0	-
o_9070.png.scale597x896.png	8	2	0	-
o_9070.png.scale64x96.png	8	2	0	-
o_9070.png.scale683x1024.png	8	2	0	-
o_9070.png.scale85x128.png	8	2	0	-
o_9077.png.scale1024x1024.png	8	2	0	-
o_9077.png.scale128x128.png	8	2	0	-
o_9077.png.scale192x192.png	8	2	0	-
o_9077.png.scale256x256.png	8	2	0	-
o_9077.png.scale384x384.png	8	2	0	-
o_9077.png.scale512x512.png	8	2	0	-
o_9077.png.scale640x640.png	8	2	0	-
o_9077.png.scale64x64.png	8	2	0	-
o_9077.png.scale768x768.png	8	2	0	-
o_9077.png.scale896x896.png	8	2	0	-
o_9077.png.scale96x96.png	8	2	0	-
o_9079.png.scale128x192.png	8	2	0	-
o_9079.png.scale171x256.png	8	2	0	-
o_9079.png.scale256x384.png	8	2	0	-
o_9079.png.scale341x512.png	8	2	0	-
o_9079.png.scale427x640.png	8	2	0	-
o_9079.png.scale43x64.png	8	2	0	-
o_9079.png.scale512x768.png	8	2	0	-
o_9079.png.scale597x896.png	8	2	0	-
o_9079.png.scale64x96.png	8	2	0	-
o_9079.png.scale683x1024.png	8	2	0	-
o_9079.png.scale85x128.png	8	2	0	-
o_9094.png.scale128x192.png	8	2	0	-
o_9094.png.scale171x256.png	8	2	0	-
o_9094.png.scale256x384.png	8	2	0	-
o_9094.png.scale341x512.png	8	2	0	-
o_9094.png.scale427x640.png	8	2	0	-
o_9094.png.scale43x64.png	8	2	0	-
o_9094.png.scale512x768.png	8	2	0	-
o_9094.png.scale597x896.png	8	2	0	-
o_9094.png.scale64x96.png	8	2	0	-
o_9094.png.scale683x1024.png	8	2	0	-
o_9094.png.scale85x128.png	8	2	0	-
o_9097.png.scale128x192.png	8	2	0	-
o_9097.png.scale171x256.png	8	2	0	-
o_9097.png.scale256x384.png	8	2	0	-
o_9097.png.scale341x512.png	8	2	0	-
o_9097.png.scale427x640.png	8	2	0	-
o_9097.png.scale43x64.png	8	2	0	-
o_9097.png.scale512x768.png	8	2	0	-
o_9097.png.scale597x896.png	8	2	0	-
o_9097.png.scale64x96.png	8	2	0	-
o_9097.png.scale683x1024.png	8	2	0	-
o_9097.png.scale85x128.png	8	2	0	-
o_9098.png.scale128x192.png	8	2	0	-
o_9098.png.scale171x256.png	8	2	0	-
o_9098.png.scale256x384.png	8	2	0	-
o_9098.png.scale341x512.png	8	2	0	-
o_9098.png.scale427x640.png	8	2	0	-
o_9098.png.scale43x64.png	8	2	0	-
o_9098.png.scale512x768.png	8	2	0	-
o_9098.png.scale597x896.png	8	2	0	-
o_9098.png.scale64x96.png	8	2	0	-
o_9098.png.scale683x1024.png	8	2	0	-
o_9098.png.scale85x128.png	8	2	0	-
o_9105.png.scale128x192.png	8	2	0	-
o_9105.png.scale171x256.png	8	2	0	-
o_9105.png.scale256x384.png	8	2	0	-
o_9105.png.scale341x512.png	8	2	0	-
o_9105.png.scale427x640.png	8	2	0	-
o_9105.png.scale43x64.png	8	2	0	-
o_9105.png.scale512x768.png	8	2	0	-
o_9105.png.scale597x896.png	8	2	0	-
o_9105.png.scale64x96.png	8	2	0	-
o_9105.png.scale683x1024.png	8	2	0	-
o_9105.png.scale85x128.png	8	2	0	-
o_9107.png.scale128x192.png	8	2	0	-
o_9107.png.scale171x256.png	8	2	0	-
o_9107.png.scale256x384.png	8	2	0	-
o_9107.png.scale341x512.png	8	2	0	-
o_9107.png.scale427x640.png	8	2	0	-
o_9107.png.scale43x64.png	8	2	0	-
o_9107.png.scale512x768.png	8	2	0	-
o_9107.png.scale597x896.png	8	2	0	-
o_9107.png.scale64x96.png	8	2	0	-
o_9107.png.scale683x1024.png	8	2	0	-
o_9107.png.scale85x128.png	8	2	0	-
o_9113.png.scale1024x683.png	8	2	0	-
o_9113.png.scale128x85.png	8	2	0	-
o_9113.png.scale192x128.png	8	2	0	-
o_9113.png.scale256x171.png	8	2	0	-
o_9113.png.scale384x256.png	8	2	0	-
o_9113.png.scale512x341.png	8	2	0	-
o_9113.png.scale640x427.png	8	2	0	-
o_9113.png.scale64x43.png	8	2	0	-
o_9113.png.scale768x512.png	8	2	0	-
o_9113.png.scale896x597.png	8	2	0	-
o_9113.png.scale96x64.png	8	2	0	-
o_9115.png.scale128x192.png	8	2	0	-
o_9115.png.scale171x256.png	8	2	0	-
o_9115.png.scale256x384.png	8	2	0	-
o_9115.png.scale341x512.png	8	2	0	-
o_9115.png.scale427x640.png	8	2	0	-
o_9115.png.scale43x64.png	8	2	0	-
o_9115.png.scale512x768.png	8	2	0	-
o_9115.png.scale597x896.png	8	2	0	-
o_9115.png.scale64x96.png	8	2	0	-
o_9115.png.scale683x1024.png	8	2	0	-
o_9115.png.scale85x128.png	8	2	0	-
o_9118.png.scale1024x683.png	8	2	0	-
o_9118.png.scale128x85.png	8	2	0	-
o_9118.png.scale192x128.png	8	2	0	-
o_9118.png.scale256x171.png	8	2	0	-
o_9118.png.scale384x256.png	8	2	0	-
o_9118.png.scale512x341.png	8	2	0	-
o_9118.png.scale640x427.png	8	2	0	-
o_9118.png.scale64x43.png	8	2	0	-
o_9118.png.scale768x512.png	8	2	0	-
o_9118.png.scale896x597.png	8	2	0	-
o_9118.png.scale96x64.png	8	2	0	-
o_9121.png.scale128x192.png	8	2	0	-
o_9121.png.scale171x256.png	8	2	0	-
o_9121.png.scale256x384.png	8	2	0	-
o_9121.png.scale341x512.png	8	2	0	-
o_9121.png.scale427x640.png	8	2	0	-
o_9121.png.scale43x64.png	8	2	0	-
o_9121.png.scale512x768.png	8	2	0	-
o_9121.png.scale597x896.png	8	2	0	-
o_9121.png.scale64x96.png	8	2	0	-
o_9121.png.scale683x1024.png	8	2	0	-
o_9121.png.scale85x128.png	8	2	0	-
o_9123.png.scale128x192.png	8	2	0	-
o_9123.png.scale171x256.png	8	2	0	-
o_9123.png.scale256x384.png	8	2	0	-
o_9123.png.scale341x512.png	8	2	0	-
o_9123.png.scale427x640.png	8	2	0	-
o_9123.png.scale43x64.png	8	2	0	-
o_9123.png.scale512x768.png	8	2	0	-
o_9123.png.scale597x896.png	8	2	0	-
o_9123.png.scale64x96.png	8	2	0	-
o_9123.png.scale683x1024.png	8	2	0	-
o_9123.png.scale85x128.png	8	2	0	-
o_9125.png.scale128x192.png	8	2	0	-
o_9125.png.scale171x256.png	8	2	0	-
o_9125.png.scale256x384.png	8	2	0	-
o_9125.png.scale341x512.png	8	2	0	-
o_9125.png.scale427x640.png	8	2	0	-
o_9125.png.scale43x64.png	8	2	0	-
o_9125.png.scale512x768.png	8	2	0	-
o_9125.png.scale597x896.png	8	2	0	-
o_9125.png.scale64x96.png	8	2	0	-
o_9125.png.scale683x1024.png	8	2	0	-
o_9125.png.scale85x128.png	8	2	0	-
o_9130.png.scale128x192.png	8	2	0	-
o_9130.png.scale171x256.png	8	2	0	-
o_9130.png.scale256x384.png	8	2	0	-
o_9130.png.scale341x512.png	8	2	0	-
o_9130.png.scale427x640.png	8	2	0	-
o_9130.png.scale43x64.png	8	2	0	-
o_9130.png.scale512x768.png	8	2	0	-
o_9130.png.scale597x896.png	8	2	0	-
o_9130.png.scale64x96.png	8	2	0	-
o_9130.png.scale683x1024.png	8	2	0	-
o_9130.png.scale85x128.png	8	2	0	-
o_9132.png.scale128x192.png	8	2	0	-
o_9132.png.scale171x256.png	8	2	0	-
o_9132.png.scale256x384.png	8	2	0	-
o_9132.png.scale341x512.png	8	2	0	-
o_9132.png.scale427x640.png	8	2	0	-
o_9132.png.scale43x64.png	8	2	0	-
o_9132.png.scale512x768.png	8	2	0	-
o_9132.png.scale597x896.png	8	2	0	-
o_9132.png.scale64x96.png	8	2	0	-
o_9132.png.scale683x1024.png	8	2	0	-
o_9132.png.scale85x128.png	8	2	0	-
o_9134.png.scale128x192.png	8	2	0	-
o_9134.png.scale171x256.png	8	2	0	-
o_9134.png.scale256x384.png	8	2	0	-
o_9134.png.scale341x512.png	8	2	0	-
o_9134.png.scale427x640.png	8	2	0	-
o_9134.png.scale43x64.png	8	2	0	-
o_9134.png.scale512x768.png	8	2	0	-
o_9134.png.scale597x896.png	8	2	0	-
o_9134.png.scale64x96.png	8	2	0	-
o_9134.png.scale683x1024.png	8	2	0	-
o_9134.png.scale85x128.png	8	2	0	-
o_9135.png.scale128x192.png	8	2	0	-
o_9135.png.scale171x256.png	8	2	0	-
o_9135.png.scale256x384.png	8	2	0	-
o_9135.png.scale341x512.png	8	2	0	-
o_9135.png.scale427x640.png	8	2	0	-
o_9135.png.scale43x64.png	8	2	0	-
o_9135.png.scale512x768.png	8	2	0	-
o_9135.png.scale597x896.png	8	2	0	-
o_9135.png.scale64x96.png	8	2	0	-
o_9135.png.scale683x1024.png	8	2	0	-
o_9135.png.scale85x128.png	8	2	0	-
o_9137.png.scale128x192.png	8	2	0	-
o_9137.png.scale171x256.png	8	2	0	-
o_9137.png.scale256x384.png	8	2	0	-
o_9137.png.scale341x512.png	8	2	0	-
o_9137.png.scale427x640.png	8	2	0	-
o_9137.png.scale43x64.png	8	2	0	-
o_9137.png.scale512x768.png	8	2	0	-
o_9137.png.scale597x896.png	8	2	0	-
o_9137.png.scale64x96.png	8	2	0	-
o_9137.png.scale683x1024.png	8	2	0	-
o_9137.png.scale85x128.png	8	2	0	-
o_9140.png.scale128x192.png	8	2	0	-
o_9140.png.scale171x256.png	8	2	0	-
o_9140.png.scale256x384.png	8	2	0	-
o_9140.png.scale341x512.png	8	2	0	-
o_9140.png.scale427x640.png	8	2	0	-
o_9140.png.scale43x64.png	8	2	0	-
o_9140.png.scale512x768.png	8	2	0	-
o_9140.png.scale597x896.png	8	2	0	-
o_9140.png.scale64x96.png	8	2	0	-
o_9140.png.scale683x1024.png	8	2	0	-
o_9140.png.scale85x128.png	8	2	0	-
o_9142.png.scale128x192.png	8	2	0	-
o_9142.png.scale171x256.png	8	2	0	-
o_9142.png.scale256x384.png	8	2	0	-
o_9142.png.scale341x512.png	8	2	0	-
o_9142.png.scale427x640.png	8	2	0	-
o_9142.png.scale43x64.png	8	2	0	-
o_9142.png.scale512x768.png	8	2	0	-
o_9142.png.scale597x896.png	8	2	0	-
o_9142.png.scale64x96.png	8	2	0	-
o_9142.png.scale683x1024.png	8	2	0	-
o_9142.png.scale85x128.png	8	2	0	-
o_9143.png.scale128x192.png	8	2	0	-
o_9143.png.scale171x256.png	8	2	0	-
o_9143.png.scale256x384.png	8	2	0	-
o_9143.png.scale341x512.png	8	2	0	-
o_9143.png.scale427x640.png	8	2	0	-
o_9143.png.scale43x64.png	8	2	0	-
o_9143.png.scale512x768.png	8	2	0	-
o_9143.png.scale597x896.png	8	2	0	-
o_9143.png.scale64x96.png	8	2	0	-
o_9143.png.scale683x1024.png	8	2	0	-
o_9143.png.scale85x128.png	8	2	0	-
o_9144.png.scale128x192.png	8	2	0	-
o_9144.png.scale171x256.png	8	2	0	-
o_9144.png.scale256x384.png	8	2	0	-
o_9144.png.scale341x512.png	8	2	0	-
o_9144.png.scale427x640.png	8	2	0	-
o_9144.png.scale43x64.png	8	2	0	-
o_9144.png.scale512x768.png	8	2	0	-
o_9144.png.scale597x896.png	8	2	0	-
o_9144.png.scale64x96.png	8	2	0	-
o_9144.png.scale683x1024.png	8	2	0	-
o_9144.png.scale85x128.png	8	2	0	-
o_9152.png.scale128x192.png	8	2	0	-
o_9152.png.scale171x256.png	8	2	0	-
o_9152.png.scale256x384.png	8	2	0	-
o_9152.png.scale341x512.png	8	2	0	-
o_9152.png.scale427x640.png	8	2	0	-
o_9152.png.scale43x64.png	8	2	0	-
o_9152.png.scale512x768.png	8	2	0	-
o_9152.png.scale597x896.png	8	2	0	-
o_9152.png.scale64x96.png	8	2	0	-
o_9152.png.scale683x1024.png	8	2	0	-
o_9152.png.scale85x128.png	8	2	0	-
o_9154.png.scale128x192.png	8	2	0	-
o_9154.png.scale171x256.png	8	2	0	-
o_9154.png.scale256x384.png	8	2	0	-
o_9154.png.scale341x512.png	8	2	0	-
o_9154.png.scale427x640.png	8	2	0	-
o_9154.png.scale43x64.png	8	2	0	-
o_9154.png.scale512x768.png	8	2	0	-
o_9154.png.scale597x896.png	8	2	0	-
o_9154.png.scale64x96.png	8	2	0	-
o_9154.png.scale683x1024.png	8	2	0	-
o_9154.png.scale85x128.png	8	2	0	-
o_9156.png.scale128x192.png	8	2	0	-
o_9156.png.scale171x256.png	8	2	0	-
o_9156.png.scale256x384.png	8	2	0	-
o_9156.png.scale341x512.png	8	2	0	-
o_9156.png.scale427x640.png	8	2	0	-
o_9156.png.scale43x64.png	8	2	0	-
o_9156.png.scale512x768.png	8	2	0	-
o_9156.png.scale597x896.png	8	2	0	-
o_9156.png.scale64x96.png	8	2	0	-
o_9156.png.scale683x1024.png	8	2	0	-
o_9156.png.scale85x128.png	8	2	0	-
o_9158.png.scale128x192.png	8	2	0	-
o_9158.png.scale171x256.png	8	2	0	-
o_9158.png.scale256x384.png	8	2	0	-
o_9158.png.scale341x512.png	8	2	0	-
o_9158.png.scale427x640.png	8	2	0	-
o_9158.png.scale43x64.png	8	2	0	-
o_9158.png.scale512x768.png	8	2	0	-
o_9158.png.scale597x896.png	8	2	0	-
o_9158.png.scale64x96.png	8	2	0	-
o_9158.png.scale683x1024.png	8	2	0	-
o_9158.png.scale85x128.png	8	2	0	-
o_9163.png.scale1024x683.png	8	2	0	-
o_9163.png.scale128x85.png	8	2	0	-
o_9163.png.scale192x128.png	8	2	0	-
o_9163.png.scale256x171.png	8	2	0	-
o_9163.png.scale384x256.png	8	2	0	-
o_9163.png.scale512x341.png	8	2	0	-
o_9163.png.scale640x427.png	8	2	0	-
o_9163.png.scale64x43.png	8	2	0	-
o_9163.png.scale768x512.png	8	2	0	-
o_9163.png.scale896x597.png	8	2	0	-
o_9163.png.scale96x64.png	8	2	0	-
o_9165.png.scale128x192.png	8	2	0	-
o_9165.png.scale171x256.png	8	2	0	-
o_9165.png.scale256x384.png	8	2	0	-
o_9165.png.scale341x512.png	8	2	0	-
o_9165.png.scale427x640.png	8	2	0	-
o_9165.png.scale43x64.png	8	2	0	-
o_9165.png.scale512x768.png	8	2	0	-
o_9165.png.scale597x896.png	8	2	0	-
o_9165.png.scale64x96.png	8	2	0	-
o_9165.png.scale683x1024.png	8	2	0	-
o_9165.png.scale85x128.png	8	2	0	-
o_9166.png.scale128x192.png	8	2	0	-
o_9166.png.scale171x256.png	8	2	0	-
o_9166.png.scale256x384.png	8	2	0	-
o_9166.png.scale341x512.png	8	2	0	-
o_9166.png.scale427x640.png	8	2	0	-
o_9166.png.scale43x64.png	8	2	0	-
o_9166.png.scale512x768.png	8	2	0	-
o_9166.png.scale597x896.png	8	2	0	-
o_9166.png.scale64x96.png	8	2	0	-
o_9166.png.scale683x1024.png	8	2	0	-
o_9166.png.scale85x128.png	8	2	0	-
o_9167.png.scale128x192.png	8	2	0	-
o_9167.png.scale171x256.png	8	2	0	-
o_9167.png.scale256x384.png	8	2	0	-
o_9167.png.scale341x512.png	8	2	0	-
o_9167.png.scale427x640.png	8	2	0	-
o_9167.png.scale43x64.png	8	2	0	-
o_9167.png.scale512x768.png	8	2	0	-
o_9167.png.scale597x896.png	8	2	0	-
o_9167.png.scale64x96.png	8	2	0	-
o_9167.png.scale683x1024.png	8	2	0	-
o_9167.png.scale85x128.png	8	2	0	-
o_9231.png.scale128x192.png	8	2	0	-
o_9231.png.scale171x256.png	8	2	0	-
o_9231.png.scale256x384.png	8	2	0	-
o_9231.png.scale341x512.png	8	2	0	-
o_9231.png.scale427x640.png	8	2	0	-
o_9231.png.scale43x64.png	8	2	0	-
o_9231.png.scale512x768.png	8	2	0	-
o_9231.png.scale597x896.png	8	2	0	-
o_9231.png.scale64x96.png	8	2	0	-
o_9231.png.scale683x1024.png	8	2	0	-
o_9231.png.scale85x128.png	8	2	0	-
o_9235.png.scale128x192.png	8	2	0	-
o_9235.png.scale171x256.png	8	2	0	-
o_9235.png.scale256x384.png	8	2	0	-
o_9235.png.scale341x512.png	8	2	0	-
o_9235.png.scale427x640.png	8	2	0	-
o_9235.png.scale43x64.png	8	2	0	-
o_9235.png.scale512x768.png	8	2	0	-
o_9235.png.scale597x896.png	8	2	0	-
o_9235.png.scale64x96.png	8	2	0	-
o_9235.png.scale683x1024.png	8	2	0	-
o_9235.png.scale85x128.png	8	2	0	-
o_9237.png.scale1024x576.png	8	2	0	-
o_9237.png.scale128x72.png	8	2	0	-
o_9237.png.scale192x108.png	8	2	0	-
o_9237.png.scale256x144.png	8	2	0	-
o_9237.png.scale384x216.png	8	2	0	-
o_9237.png.scale512x288.png	8	2	0	-
o_9237.png.scale640x360.png	8	2	0	-
o_9237.png.scale64x36.png	8	2	0	-
o_9237.png.scale768x432.png	8	2	0	-
o_9237.png.scale896x504.png	8	2	0	-
o_9237.png.scale96x54.png	8	2	0	-
o_9238.png.scale108x192.png	8	2	0	-
o_9238.png.scale144x256.png	8	2	0	-
o_9238.png.scale216x384.png	8	2	0	-
o_9238.png.scale288x512.png	8	2	0	-
o_9238.png.scale360x640.png	8	2	0	-
o_9238.png.scale36x64.png	8	2	0	-
o_9238.png.scale432x768.png	8	2	0	-
o_9238.png.scale504x896.png	8	2	0	-
o_9238.png.scale54x96.png	8	2	0	-
o_9238.png.scale576x1024.png	8	2	0	-
o_9238.png.scale72x128.png	8	2	0	-
o_9241.png.scale1024x576.png	8	2	0	-
o_9241.png.scale128x72.png	8	2	0	-
o_9241.png.scale192x108.png	8	2	0	-
o_9241.png.scale256x144.png	8	2	0	-
o_9241.png.scale384x216.png	8	2	0	-
o_9241.png.scale512x288.png	8	2	0	-
o_9241.png.scale640x360.png	8	2	0	-
o_9241.png.scale64x36.png	8	2	0	-
o_9241.png.scale768x432.png	8	2	0	-
o_9241.png.scale896x504.png	8	2	0	-
o_9241.png.scale96x54.png	8	2	0	-
o_9246.png.scale1024x576.png	8	2	0	-
o_9246.png.scale128x72.png	8	2	0	-
o_9246.png.scale192x108.png	8	2	0	-
o_9246.png.scale256x144.png	8	2	0	-
o_9246.png.scale384x216.png	8	2	0	-
o_9246.png.scale512x288.png	8	2	0	-
o_9246.png.scale640x360.png	8	2	0	-
o_9246.png.scale64x36.png	8	2	0	-
o_9246.png.scale768x432.png	8	2	0	-
o_9246.png.scale896x504.png	8	2	0	-
o_9246.png.scale96x54.png	8	2	0	-
o_9252.png.scale1024x1024.png	8	2	0	-
o_9252.png.scale128x128.png	8	2	0	-
o_9252.png.scale192x192.png	8	2	0	-
o_9252.png.scale256x256.png	8	2	0	-
o_9252.png.scale384x384.png	8	2	0	-
o_9252.png.scale512x512.png	8	2	0	-
o_9252.png.scale640x640.png	8	2	0	-
o_9252.png.scale64x64.png	8	2	0	-
o_9252.png.scale768x768.png	8	2	0	-
o_9252.png.scale896x896.png	8	2	0	-
o_9252.png.scale96x96.png	8	2	0	-
o_9276.png.scale128x192.png	8	2	0	-
o_9276.png.scale171x256.png	8	2	0	-
o_9276.png.scale256x384.png	8	2	0	-
o_9276.png.scale341x512.png	8	2	0	-
o_9276.png.scale427x640.png	8	2	0	-
o_9276.png.scale43x64.png	8	2	0	-
o_9276.png.scale512x768.png	8	2	0	-
o_9276.png.scale597x896.png	8	2	0	-
o_9276.png.scale64x96.png	8	2	0	-
o_9276.png.scale683x1024.png	8	2	0	-
o_9276.png.scale85x128.png	8	2	0	-
o_9277.png.scale1024x1024.png	8	2	0	-
o_9277.png.scale128x128.png	8	2	0	-
o_9277.png.scale192x192.png	8	2	0	-
o_9277.png.scale256x256.png	8	2	0	-
o_9277.png.scale384x384.png	8	2	0	-
o_9277.png.scale512x512.png	8	2	0	-
o_9277.png.scale640x640.png	8	2	0	-
o_9277.png.scale64x64.png	8	2	0	-
o_9277.png.scale768x768.png	8	2	0	-
o_9277.png.scale896x896.png	8	2	0	-
o_9277.png.scale96x96.png	8	2	0	-
o_9286.png.scale128x192.png	8	2	0	-
o_9286.png.scale171x256.png	8	2	0	-
o_9286.png.scale256x384.png	8	2	0	-
o_9286.png.scale341x512.png	8	2	0	-
o_9286.png.scale427x640.png	8	2	0	-
o_9286.png.scale43x64.png	8	2	0	-
o_9286.png.scale512x768.png	8	2	0	-
o_9286.png.scale597x896.png	8	2	0	-
o_9286.png.scale64x96.png	8	2	0	-
o_9286.png.scale683x1024.png	8	2	0	-
o_9286.png.scale85x128.png	8	2	0	-
o_9289.png.scale128x192.png	8	2	0	-
o_9289.png.scale171x256.png	8	2	0	-
o_9289.png.scale256x384.png	8	2	0	-
o_9289.png.scale341x512.png	8	2	0	-
o_9289.png.scale427x640.png	8	2	0	-
o_9289.png.scale43x64.png	8	2	0	-
o_9289.png.scale512x768.png	8	2	0	-
o_9289.png.scale597x896.png	8	2	0	-
o_9289.png.scale64x96.png	8	2	0	-
o_9289.png.scale683x1024.png	8	2	0	-
o_9289.png.scale85x128.png	8	2	0	-
o_9292.png.scale1024x683.png	8	2	0	-
o_9292.png.scale128x85.png	8	2	0	-
o_9292.png.scale192x128.png	8	2	0	-
o_9292.png.scale256x171.png	8	2	0	-
o_9292.png.scale384x256.png	8	2	0	-
o_9292.png.scale512x341.png	8	2	0	-
o_9292.png.scale640x427.png	8	2	0	-
o_9292.png.scale64x43.png	8	2	0	-
o_9292.png.scale768x512.png	8	2	0	-
o_9292.png.scale896x597.png	8	2	0	-
o_9292.png.scale96x64.png	8	2	0	-
o_9303.png.scale128x192.png	8	2	0	-
o_9303.png.scale171x256.png	8	2	0	-
o_9303.png.scale256x384.png	8	2	0	-
o_9303.png.scale341x512.png	8	2	0	-
o_9303.png.scale427x640.png	8	2	0	-
o_9303.png.scale43x64.png	8	2	0	-
o_9303.png.scale512x768.png	8	2	0	-
o_9303.png.scale597x896.png	8	2	0	-
o_9303.png.scale64x96.png	8	2	0	-
o_9303.png.scale683x1024.png	8	2	0	-
o_9303.png.scale85x128.png	8	2	0	-
o_9319.png.scale1024x683.png	8	2	0	-
o_9319.png.scale128x85.png	8	2	0	-
o_9319.png.scale192x128.png	8	2	0	-
o_9319.png.scale256x171.png	8	2	0	-
o_9319.png.scale384x256.png	8	2	0	-
o_9319.png.scale512x341.png	8	2	0	-
o_9319.png.scale640x427.png	8	2	0	-
o_9319.png.scale64x43.png	8	2	0	-
o_9319.png.scale768x512.png	8	2	0	-
o_9319.png.scale896x597.png	8	2	0	-
o_9319.png.scale96x64.png	8	2	0	-
o_9333.png.scale128x192.png	8	2	0	-
o_9333.png.scale171x256.png	8	2	0	-
o_9333.png.scale256x384.png	8	2	0	-
o_9333.png.scale341x512.png	8	2	0	-
o_9333.png.scale427x640.png	8	2	0	-
o_9333.png.scale43x64.png	8	2	0	-
o_9333.png.scale512x768.png	8	2	0	-
o_9333.png.scale597x896.png	8	2	0	-
o_9333.png.scale64x96.png	8	2	0	-
o_9333.png.scale683x1024.png	8	2	0	-
o_9333.png.scale85x128.png	8	2	0	-
o_9335.png.scale128x192.png	8	2	0	-
o_9335.png.scale171x256.png	8	2	0	-
o_9335.png.scale256x384.png	8	2	0	-
o_9335.png.scale341x512.png	8	2	0	-
o_9335.png.scale427x640.png	8	2	0	-
o_9335.png.scale43x64.png	8	2	0	-
o_9335.png.scale512x768.png	8	2	0	-
o_9335.png.scale597x896.png	8	2	0	-
o_9335.png.scale64x96.png	8	2	0	-
o_9335.png.scale683x1024.png	8	2	0	-
o_9335.png.scale85x128.png	8	2	0	-
o_9352.png.scale1024x1024.png	8	2	0	-
o_9352.png.scale128x128.png	8	2	0	-
o_9352.png.scale192x192.png	8	2	0	-
o_9352.png.scale256x256.png	8	2	0	-
o_9352.png.scale384x384.png	8	2	0	-
o_9352.png.scale512x512.png	8	2	0	-
o_9352.png.scale640x640.png	8	2	0	-
o_9352.png.scale64x64.png	8	2	0	-
o_9352.png.scale768x768.png	8	2	0	-
o_9352.png.scale896x896.png	8	2	0	-
o_9352.png.scale96x96.png	8	2	0	-
o_9353.png.scale1024x1024.png	8	2	0	-
o_9353.png.scale128x128.png	8	2	0	-
o_9353.png.scale192x192.png	8	2	0	-
o_9353.png.scale256x256.png	8	2	0	-
o_9353.png.scale384x384.png	8	2	0	-
o_9353.png.scale512x512.png	8	2	0	-
o_9353.png.scale640x640.png	8	2	0	-
o_9353.png.scale64x64.png	8	2	0	-
o_9353.png.scale768x768.png	8	2	0	-
o_9353.png.scale896x896.png	8	2	0	-
o_9353.png.scale96x96.png	8	2	0	-
o_9354.png.scale1024x1024.png	8	2	0	-
o_9354.png.scale128x128.png	8	2	0	-
o_9354.png.scale192x192.png	8	2	0	-
o_9354.png.scale256x256.png	8	2	0	-
o_9354.png.scale384x384.png	8	2	0	-
o_9354.png.scale512x512.png	8	2	0	-
o_9354.png.scale640x640.png	8	2	0	-
o_9354.png.scale64x64.png	8	2	0	-
o_9354.png.scale768x768.png	8	2	0	-
o_9354.png.scale896x896.png	8	2	0	-
o_9354.png.scale96x96.png	8	2	0	-
o_9355.png.scale1024x1024.png	8	2	0	-
o_9355.png.scale128x128.png	8	2	0	-
o_9355.png.scale192x192.png	8	2	0	-
o_9355.png.scale256x256.png	8	2	0	-
o_9355.png.scale384x384.png	8	2	0	-
o_9355.png.scale512x512.png	8	2	0	-
o_9355.png.scale640x640.png	8	2	0	-
o_9355.png.scale64x64.png	8	2	0	-
o_9355.png.scale768x768.png	8	2	0	-
o_9355.png.scale896x896.png	8	2	0	-
o_9355.png.scale96x96.png	8	2	0	-
o_9357.png.scale1024x576.png	8	2	0	-
o_9357.png.scale128x72.png	8	2	0	-
o_9357.png.scale192x108.png	8	2	0	-
o_9357.png.scale256x144.png	8	2	0	-
o_9357.png.scale384x216.png	8	2	0	-
o_9357.png.scale512x288.png	8	2	0	-
o_9357.png.scale640x360.png	8	2	0	-
o_9357.png.scale64x36.png	8	2	0	-
o_9357.png.scale768x432.png	8	2	0	-
o_9357.png.scale896x504.png	8	2	0	-
o_9357.png.scale96x54.png	8	2	0	-
o_9360.png.scale128x192.png	8	2	0	-
o_9360.png.scale171x256.png	8	2	0	-
o_9360.png.scale256x384.png	8	2	0	-
o_9360.png.scale341x512.png	8	2	0	-
o_9360.png.scale427x640.png	8	2	0	-
o_9360.png.scale43x64.png	8	2	0	-
o_9360.png.scale512x768.png	8	2	0	-
o_9360.png.scale597x896.png	8	2	0	-
o_9360.png.scale64x96.png	8	2	0	-
o_9360.png.scale683x1024.png	8	2	0	-
o_9360.png.scale85x128.png	8	2	0	-
o_9364.png.scale128x192.png	8	2	0	-
o_9364.png.scale171x256.png	8	2	0	-
o_9364.png.scale256x384.png	8	2	0	-
o_9364.png.scale341x512.png	8	2	0	-
o_9364.png.scale427x640.png	8	2	0	-
o_9364.png.scale43x64.png	8	2	0	-
o_9364.png.scale512x768.png	8	2	0	-
o_9364.png.scale597x896.png	8	2	0	-
o_9364.png.scale64x96.png	8	2	0	-
o_9364.png.scale683x1024.png	8	2	0	-
o_9364.png.scale85x128.png	8	2	0	-
o_9372.png.scale128x192.png	8	2	0	-
o_9372.png.scale171x256.png	8	2	0	-
o_9372.png.scale256x384.png	8	2	0	-
o_9372.png.scale341x512.png	8	2	0	-
o_9372.png.scale427x640.png	8	2	0	-
o_9372.png.scale43x64.png	8	2	0	-
o_9372.png.scale512x768.png	8	2	0	-
o_9372.png.scale597x896.png	8	2	0	-
o_9372.png.scale64x96.png	8	2	0	-
o_9372.png.scale683x1024.png	8	2	0	-
o_9372.png.scale85x128.png	8	2	0	-
o_9377.png.scale1024x1024.png	8	2	0	-
o_9377.png.scale128x128.png	8	2	0	-
o_9377.png.scale192x192.png	8	2	0	-
o_9377.png.scale256x256.png	8	2	0	-
o_9377.png.scale384x384.png	8	2	0	-
o_9377.png.scale512x512.png	8	2	0	-
o_9377.png.scale640x640.png	8	2	0	-
o_9377.png.scale64x64.png	8	2	0	-
o_9377.png.scale768x768.png	8	2	0	-
o_9377.png.scale896x896.png	8	2	0	-
o_9377.png.scale96x96.png	8	2	0	-
o_9380.png.scale128x192.png	8	2	0	-
o_9380.png.scale171x256.png	8	2	0	-
o_9380.png.scale256x384.png	8	2	0	-
o_9380.png.scale341x512.png	8	2	0	-
o_9380.png.scale427x640.png	8	2	0	-
o_9380.png.scale43x64.png	8	2	0	-
o_9380.png.scale512x768.png	8	2	0	-
o_9380.png.scale597x896.png	8	2	0	-
o_9380.png.scale64x96.png	8	2	0	-
o_9380.png.scale683x1024.png	8	2	0	-
o_9380.png.scale85x128.png	8	2	0	-
o_9381.png.scale1024x683.png	8	2	0	-
o_9381.png.scale128x85.png	8	2	0	-
o_9381.png.scale192x128.png	8	2	0	-
o_9381.png.scale256x171.png	8	2	0	-
o_9381.png.scale384x256.png	8	2	0	-
o_9381.png.scale512x341.png	8	2	0	-
o_9381.png.scale640x427.png	8	2	0	-
o_9381.png.scale64x43.png	8	2	0	-
o_9381.png.scale768x512.png	8	2	0	-
o_9381.png.scale896x597.png	8	2	0	-
o_9381.png.scale96x64.png	8	2	0	-
o_9412.png.scale128x192.png	8	2	0	-
o_9412.png.scale171x256.png	8	2	0	-
o_9412.png.scale256x384.png	8	2	0	-
o_9412.png.scale341x512.png	8	2	0	-
o_9412.png.scale427x640.png	8	2	0	-
o_9412.png.scale43x64.png	8	2	0	-
o_9412.png.scale512x768.png	8	2	0	-
o_9412.png.scale597x896.png	8	2	0	-
o_9412.png.scale64x96.png	8	2	0	-
o_9412.png.scale683x1024.png	8	2	0	-
o_9412.png.scale85x128.png	8	2	0	-
o_9413.png.scale1024x1024.png	8	2	0	-
o_9413.png.scale128x128.png	8	2	0	-
o_9413.png.scale192x192.png	8	2	0	-
o_9413.png.scale256x256.png	8	2	0	-
o_9413.png.scale384x384.png	8	2	0	-
o_9413.png.scale512x512.png	8	2	0	-
o_9413.png.scale640x640.png	8	2	0	-
o_9413.png.scale64x64.png	8	2	0	-
o_9413.png.scale768x768.png	8	2	0	-
o_9413.png.scale896x896.png	8	2	0	-
o_9413.png.scale96x96.png	8	2	0	-
o_9418.png.scale128x192.png	8	2	0	-
o_9418.png.scale171x256.png	8	2	0	-
o_9418.png.scale256x384.png	8	2	0	-
o_9418.png.scale341x512.png	8	2	0	-
o_9418.png.scale427x640.png	8	2	0	-
o_9418.png.scale43x64.png	8	2	0	-
o_9418.png.scale512x768.png	8	2	0	-
o_9418.png.scale597x896.png	8	2	0	-
o_9418.png.scale64x96.png	8	2	0	-
o_9418.png.scale683x1024.png	8	2	0	-
o_9418.png.scale85x128.png	8	2	0	-
o_9436.png.scale128x192.png	8	2	0	-
o_9436.png.scale171x256.png	8	2	0	-
o_9436.png.scale256x384.png	8	2	0	-
o_9436.png.scale341x512.png	8	2	0	-
o_9436.png.scale427x640.png	8	2	0	-
o_9436.png.scale43x64.png	8	2	0	-
o_9436.png.scale512x768.png	8	2	0	-
o_9436.png.scale597x896.png	8	2	0	-
o_9436.png.scale64x96.png	8	2	0	-
o_9436.png.scale683x1024.png	8	2	0	-
o_9436.png.scale85x128.png	8	2	0	-
o_9440.png.scale128x192.png	8	2	0	-
o_9440.png.scale171x256.png	8	2	0	-
o_9440.png.scale256x384.png	8	2	0	-
o_9440.png.scale341x512.png	8	2	0	-
o_9440.png.scale427x640.png	8	2	0	-
o_9440.png.scale43x64.png	8	2	0	-
o_9440.png.scale512x768.png	8	2	0	-
o_9440.png.scale597x896.png	8	2	0	-
o_9440.png.scale64x96.png	8	2	0	-
o_9440.png.scale683x1024.png	8	2	0	-
o_9440.png.scale85x128.png	8	2	0	-
o_9441.png.scale128x192.png	8	2	0	-
o_9441.png.scale171x256.png	8	2	0	-
o_9441.png.scale256x384.png	8	2	0	-
o_9441.png.scale341x512.png	8	2	0	-
o_9441.png.scale427x640.png	8	2	0	-
o_9441.png.scale43x64.png	8	2	0	-
o_9441.png.scale512x768.png	8	2	0	-
o_9441.png.scale597x896.png	8	2	0	-
o_9441.png.scale64x96.png	8	2	0	-
o_9441.png.scale683x1024.png	8	2	0	-
o_9441.png.scale85x128.png	8	2	0	-
o_9447.png.scale128x192.png	8	2	0	-
o_9447.png.scale171x256.png	8	2	0	-
o_9447.png.scale256x384.png	8	2	0	-
o_9447.png.scale341x512.png	8	2	0	-
o_9447.png.scale427x640.png	8	2	0	-
o_9447.png.scale43x64.png	8	2	0	-
o_9447.png.scale512x768.png	8	2	0	-
o_9447.png.scale597x896.png	8	2	0	-
o_9447.png.scale64x96.png	8	2	0	-
o_9447.png.scale683x1024.png	8	2	0	-
o_9447.png.scale85x128.png	8	2	0	-
o_9448.png.scale128x192.png	8	2	0	-
o_9448.png.scale171x256.png	8	2	0	-
o_9448.png.scale256x384.png	8	2	0	-
o_9448.png.scale341x512.png	8	2	0	-
o_9448.png.scale427x640.png	8	2	0	-
o_9448.png.scale43x64.png	8	2	0	-
o_9448.png.scale512x768.png	8	2	0	-
o_9448.png.scale597x896.png	8	2	0	-
o_9448.png.scale64x96.png	8	2	0	-
o_9448.png.scale683x1024.png	8	2	0	-
o_9448.png.scale85x128.png	8	2	0	-
o_9451.png.scale1024x683.png	8	2	0	-
o_9451.png.scale128x85.png	8	2	0	-
o_9451.png.scale192x128.png	8	2	0	-
o_9451.png.scale256x171.png	8	2	0	-
o_9451.png.scale384x256.png	8	2	0	-
o_9451.png.scale512x341.png	8	2	0	-
o_9451.png.scale640x427.png	8	2	0	-
o_9451.png.scale64x43.png	8	2	0	-
o_9451.png.scale768x512.png	8	2	0	-
o_9451.png.scale896x597.png	8	2	0	-
o_9451.png.scale96x64.png	8	2	0	-
o_9453.png.scale1024x683.png	8	2	0	-
o_9453.png.scale128x85.png	8	2	0	-
o_9453.png.scale192x128.png	8	2	0	-
o_9453.png.scale256x171.png	8	2	0	-
o_9453.png.scale384x256.png	8	2	0	-
o_9453.png.scale512x341.png	8	2	0	-
o_9453.png.scale640x427.png	8	2	0	-
o_9453.png.scale64x43.png	8	2	0	-
o_9453.png.scale768x512.png	8	2	0	-
o_9453.png.scale896x597.png	8	2	0	-
o_9453.png.scale96x64.png	8	2	0	-
o_9457.png.scale108x192.png	8	2	0	-
o_9457.png.scale144x256.png	8	2	0	-
o_9457.png.scale216x384.png	8	2	0	-
o_9457.png.scale288x512.png	8	2	0	-
o_9457.png.scale360x640.png	8	2	0	-
o_9457.png.scale36x64.png	8	2	0	-
o_9457.png.scale432x768.png	8	2	0	-
o_9457.png.scale504x896.png	8	2	0	-
o_9457.png.scale54x96.png	8	2	0	-
o_9457.png.scale576x1024.png	8	2	0	-
o_9457.png.scale72x128.png	8	2	0	-
o_9460.png.scale107x192.png	8	2	0	-
o_9460.png.scale143x256.png	8	2	0	-
o_9460.png.scale214x384.png	8	2	0	-
o_9460.png.scale286x512.png	8	2	0	-
o_9460.png.scale357x640.png	8	2	0	-
o_9460.png.scale36x64.png	8	2	0	-
o_9460.png.scale429x768.png	8	2	0	-
o_9460.png.scale500x896.png	8	2	0	-
o_9460.png.scale54x96.png	8	2	0	-
o_9460.png.scale572x1024.png	8	2	0	-
o_9460.png.scale71x128.png	8	2	0	-
o_9461.png.scale107x192.png	8	2	0	-
o_9461.png.scale143x256.png	8	2	0	-
o_9461.png.scale214x384.png	8	2	0	-
o_9461.png.scale286x512.png	8	2	0	-
o_9461.png.scale357x640.png	8	2	0	-
o_9461.png.scale36x64.png	8	2	0	-
o_9461.png.scale429x768.png	8	2	0	-
o_9461.png.scale500x896.png	8	2	0	-
o_9461.png.scale54x96.png	8	2	0	-
o_9461.png.scale572x1024.png	8	2	0	-
o_9461.png.scale71x128.png	8	2	0	-
o_9468.png.scale108x192.png	8	2	0	-
o_9468.png.scale144x256.png	8	2	0	-
o_9468.png.scale216x384.png	8	2	0	-
o_9468.png.scale288x512.png	8	2	0	-
o_9468.png.scale360x640.png	8	2	0	-
o_9468.png.scale36x64.png	8	2	0	-
o_9468.png.scale432x768.png	8	2	0	-
o_9468.png.scale504x896.png	8	2	0	-
o_9468.png.scale54x96.png	8	2	0	-
o_9468.png.scale576x1024.png	8	2	0	-
o_9468.png.scale72x128.png	8	2	0	-
o_9472.png.scale108x192.png	8	2	0	-
o_9472.png.scale144x256.png	8	2	0	-
o_9472.png.scale216x384.png	8	2	0	-
o_9472.png.scale288x512.png	8	2	0	-
o_9472.png.scale360x640.png	8	2	0	-
o_9472.png.scale36x64.png	8	2	0	-
o_9472.png.scale432x768.png	8	2	0	-
o_9472.png.scale504x896.png	8	2	0	-
o_9472.png.scale54x96.png	8	2	0	-
o_9472.png.scale576x1024.png	8	2	0	-
o_9472.png.scale72x128.png	8	2	0	-
o_9475.png.scale108x192.png	8	2	0	-
o_9475.png.scale144x256.png	8	2	0	-
o_9475.png.scale216x384.png	8	2	0	-
o_9475.png.scale288x512.png	8	2	0	-
o_9475.png.scale360x640.png	8	2	0	-
o_9475.png.scale36x64.png	8	2	0	-
o_9475.png.scale432x768.png	8	2	0	-
o_9475.png.scale504x896.png	8	2	0	-
o_9475.png.scale54x96.png	8	2	0	-
o_9475.png.scale576x1024.png	8	2	0	-
o_9475.png.scale72x128.png	8	2	0	-
o_9493.png.scale128x192.png	8	2	0	-
o_9493.png.scale171x256.png	8	2	0	-
o_9493.png.scale256x384.png	8	2	0	-
o_9493.png.scale341x512.png	8	2	0	-
o_9493.png.scale427x640.png	8	2	0	-
o_9493.png.scale43x64.png	8	2	0	-
o_9493.png.scale512x768.png	8	2	0	-
o_9493.png.scale597x896.png	8	2	0	-
o_9493.png.scale64x96.png	8	2	0	-
o_9493.png.scale683x1024.png	8	2	0	-
o_9493.png.scale85x128.png	8	2	0	-
o_9497.png.scale128x192.png	8	2	0	-
o_9497.png.scale171x256.png	8	2	0	-
o_9497.png.scale256x384.png	8	2	0	-
o_9497.png.scale341x512.png	8	2	0	-
o_9497.png.scale427x640.png	8	2	0	-
o_9497.png.scale43x64.png	8	2	0	-
o_9497.png.scale512x768.png	8	2	0	-
o_9497.png.scale597x896.png	8	2	0	-
o_9497.png.scale64x96.png	8	2	0	-
o_9497.png.scale683x1024.png	8	2	0	-
o_9497.png.scale85x128.png	8	2	0	-
o_9506.png.scale108x192.png	8	2	0	-
o_9506.png.scale144x256.png	8	2	0	-
o_9506.png.scale216x384.png	8	2	0	-
o_9506.png.scale288x512.png	8	2	0	-
o_9506.png.scale360x640.png	8	2	0	-
o_9506.png.scale36x64.png	8	2	0	-
o_9506.png.scale432x768.png	8	2	0	-
o_9506.png.scale504x896.png	8	2	0	-
o_9506.png.scale54x96.png	8	2	0	-
o_9506.png.scale576x1024.png	8	2	0	-
o_9506.png.scale72x128.png	8	2	0	-
o_9526.png.scale1024x1024.png	8	2	0	-
o_9526.png.scale128x128.png	8	2	0	-
o_9526.png.scale192x192.png	8	2	0	-
o_9526.png.scale256x256.png	8	2	0	-
o_9526.png.scale384x384.png	8	2	0	-
o_9526.png.scale512x512.png	8	2	0	-
o_9526.png.scale640x640.png	8	2	0	-
o_9526.png.scale64x64.png	8	2	0	-
o_9526.png.scale768x768.png	8	2	0	-
o_9526.png.scale896x896.png	8	2	0	-
o_9526.png.scale96x96.png	8	2	0	-
o_9528.png.scale128x192.png	8	2	0	-
o_9528.png.scale171x256.png	8	2	0	-
o_9528.png.scale256x384.png	8	2	0	-
o_9528.png.scale341x512.png	8	2	0	-
o_9528.png.scale427x640.png	8	2	0	-
o_9528.png.scale43x64.png	8	2	0	-
o_9528.png.scale512x768.png	8	2	0	-
o_9528.png.scale597x896.png	8	2	0	-
o_9528.png.scale64x96.png	8	2	0	-
o_9528.png.scale683x1024.png	8	2	0	-
o_9528.png.scale85x128.png	8	2	0	-
o_9531.png.scale128x192.png	8	2	0	-
o_9531.png.scale171x256.png	8	2	0	-
o_9531.png.scale256x384.png	8	2	0	-
o_9531.png.scale341x512.png	8	2	0	-
o_9531.png.scale427x640.png	8	2	0	-
o_9531.png.scale43x64.png	8	2	0	-
o_9531.png.scale512x768.png	8	2	0	-
o_9531.png.scale597x896.png	8	2	0	-
o_9531.png.scale64x96.png	8	2	0	-
o_9531.png.scale683x1024.png	8	2	0	-
o_9531.png.scale85x128.png	8	2	0	-
o_9532.png.scale128x192.png	8	2	0	-
o_9532.png.scale171x256.png	8	2	0	-
o_9532.png.scale256x384.png	8	2	0	-
o_9532.png.scale341x512.png	8	2	0	-
o_9532.png.scale427x640.png	8	2	0	-
o_9532.png.scale43x64.png	8	2	0	-
o_9532.png.scale512x768.png	8	2	0	-
o_9532.png.scale597x896.png	8	2	0	-
o_9532.png.scale64x96.png	8	2	0	-
o_9532.png.scale683x1024.png	8	2	0	-
o_9532.png.scale85x128.png	8	2	0	-
o_9539.png.scale1024x1024.png	8	2	0	-
o_9539.png.scale128x128.png	8	2	0	-
o_9539.png.scale192x192.png	8	2	0	-
o_9539.png.scale256x256.png	8	2	0	-
o_9539.png.scale384x384.png	8	2	0	-
o_9539.png.scale512x512.png	8	2	0	-
o_9539.png.scale640x640.png	8	2	0	-
o_9539.png.scale64x64.png	8	2	0	-
o_9539.png.scale768x768.png	8	2	0	-
o_9539.png.scale896x896.png	8	2	0	-
o_9539.png.scale96x96.png	8	2	0	-
o_9546.png.scale128x192.png	8	2	0	-
o_9546.png.scale171x256.png	8	2	0	-
o_9546.png.scale256x384.png	8	2	0	-
o_9546.png.scale341x512.png	8	2	0	-
o_9546.png.scale427x640.png	8	2	0	-
o_9546.png.scale43x64.png	8	2	0	-
o_9546.png.scale512x768.png	8	2	0	-
o_9546.png.scale597x896.png	8	2	0	-
o_9546.png.scale64x96.png	8	2	0	-
o_9546.png.scale683x1024.png	8	2	0	-
o_9546.png.scale85x128.png	8	2	0	-
o_9548.png.scale1024x1024.png	8	2	0	-
o_9548.png.scale128x128.png	8	2	0	-
o_9548.png.scale192x192.png	8	2	0	-
o_9548.png.scale256x256.png	8	2	0	-
o_9548.png.scale384x384.png	8	2	0	-
o_9548.png.scale512x512.png	8	2	0	-
o_9548.png.scale640x640.png	8	2	0	-
o_9548.png.scale64x64.png	8	2	0	-
o_9548.png.scale768x768.png	8	2	0	-
o_9548.png.scale896x896.png	8	2	0	-
o_9548.png.scale96x96.png	8	2	0	-
o_9564.png.scale1024x1024.png	8	2	0	-
o_9564.png.scale128x128.png	8	2	0	-
o_9564.png.scale192x192.png	8	2	0	-
o_9564.png.scale256x256.png	8	2	0	-
o_9564.png.scale384x384.png	8	2	0	-
o_9564.png.scale512x512.png	8	2	0	-
o_9564.png.scale640x640.png	8	2	0	-
o_9564.png.scale64x64.png	8	2	0	-
o_9564.png.scale768x768.png	8	2	0	-
o_9564.png.scale896x896.png	8	2	0	-
o_9564.png.scale96x96.png	8	2	0	-
o_9571.png.scale128x192.png	8	2	0	-
o_9571.png.scale171x256.png	8	2	0	-
o_9571.png.scale256x384.png	8	2	0	-
o_9571.png.scale341x512.png	8	2	0	-
o_9571.png.scale427x640.png	8	2	0	-
o_9571.png.scale43x64.png	8	2	0	-
o_9571.png.scale512x768.png	8	2	0	-
o_9571.png.scale597x896.png	8	2	0	-
o_9571.png.scale64x96.png	8	2	0	-
o_9571.png.scale683x1024.png	8	2	0	-
o_9571.png.scale85x128.png	8	2	0	-
o_9572.png.scale128x192.png	8	2	0	-
o_9572.png.scale171x256.png	8	2	0	-
o_9572.png.scale256x384.png	8	2	0	-
o_9572.png.scale341x512.png	8	2	0	-
o_9572.png.scale427x640.png	8	2	0	-
o_9572.png.scale43x64.png	8	2	0	-
o_9572.png.scale512x768.png	8	2	0	-
o_9572.png.scale597x896.png	8	2	0	-
o_9572.png.scale64x96.png	8	2	0	-
o_9572.png.scale683x1024.png	8	2	0	-
o_9572.png.scale85x128.png	8	2	0	-
o_9584.png.scale128x192.png	8	2	0	-
o_9584.png.scale171x256.png	8	2	0	-
o_9584.png.scale256x384.png	8	2	0	-
o_9584.png.scale341x512.png	8	2	0	-
o_9584.png.scale427x640.png	8	2	0	-
o_9584.png.scale43x64.png	8	2	0	-
o_9584.png.scale512x768.png	8	2	0	-
o_9584.png.scale597x896.png	8	2	0	-
o_9584.png.scale64x96.png	8	2	0	-
o_9584.png.scale683x1024.png	8	2	0	-
o_9584.png.scale85x128.png	8	2	0	-
o_9585.png.scale1024x683.png	8	2	0	-
o_9585.png.scale128x85.png	8	2	0	-
o_9585.png.scale192x128.png	8	2	0	-
o_9585.png.scale256x171.png	8	2	0	-
o_9585.png.scale384x256.png	8	2	0	-
o_9585.png.scale512x341.png	8	2	0	-
o_9585.png.scale640x427.png	8	2	0	-
o_9585.png.scale64x43.png	8	2	0	-
o_9585.png.scale768x512.png	8	2	0	-
o_9585.png.scale896x597.png	8	2	0	-
o_9585.png.scale96x64.png	8	2	0	-
o_9589.png.scale1024x1024.png	8	2	0	-
o_9589.png.scale128x128.png	8	2	0	-
o_9589.png.scale192x192.png	8	2	0	-
o_9589.png.scale256x256.png	8	2	0	-
o_9589.png.scale384x384.png	8	2	0	-
o_9589.png.scale512x512.png	8	2	0	-
o_9589.png.scale640x640.png	8	2	0	-
o_9589.png.scale64x64.png	8	2	0	-
o_9589.png.scale768x768.png	8	2	0	-
o_9589.png.scale896x896.png	8	2	0	-
o_9589.png.scale96x96.png	8	2	0	-
o_9592.png.scale1024x1024.png	8	2	0	-
o_9592.png.scale128x128.png	8	2	0	-
o_9592.png.scale192x192.png	8	2	0	-
o_9592.png.scale256x256.png	8	2	0	-
o_9592.png.scale384x384.png	8	2	0	-
o_9592.png.scale512x512.png	8	2	0	-
o_9592.png.scale640x640.png	8	2	0	-
o_9592.png.scale64x64.png	8	2	0	-
o_9592.png.scale768x768.png	8	2	0	-
o_9592.png.scale896x896.png	8	2	0	-
o_9592.png.scale96x96.png	8	2	0	-
o_9597.png.scale1024x683.png	8	2	0	-
o_9597.png.scale128x85.png	8	2	0	-
o_9597.png.scale192x128.png	8	2	0	-
o_9597.png.scale256x171.png	8	2	0	-
o_9597.png.scale384x256.png	8	2	0	-
o_9597.png.scale512x341.png	8	2	0	-
o_9597.png.scale640x427.png	8	2	0	-
o_9597.png.scale64x43.png	8	2	0	-
o_9597.png.scale768x512.png	8	2	0	-
o_9597.png.scale896x597.png	8	2	0	-
o_9597.png.scale96x64.png	8	2	0	-
o_9598.png.scale1024x1024.png	8	2	0	-
o_9598.png.scale128x128.png	8	2	0	-
o_9598.png.scale192x192.png	8	2	0	-
o_9598.png.scale256x256.png	8	2	0	-
o_9598.png.scale384x384.png	8	2	0	-
o_9598.png.scale512x512.png	8	2	0	-
o_9598.png.scale640x640.png	8	2	0	-
o_9598.png.scale64x64.png	8	2	0	-
o_9598.png.scale768x768.png	8	2	0	-
o_9598.png.scale896x896.png	8	2	0	-
o_9598.png.scale96x96.png	8	2	0	-
o_9604.png.scale1024x683.png	8	2	0	-
o_9604.png.scale128x85.png	8	2	0	-
o_9604.png.scale192x128.png	8	2	0	-
o_9604.png.scale256x171.png	8	2	0	-
o_9604.png.scale384x256.png	8	2	0	-
o_9604.png.scale512x341.png	8	2	0	-
o_9604.png.scale640x427.png	8	2	0	-
o_9604.png.scale64x43.png	8	2	0	-
o_9604.png.scale768x512.png	8	2	0	-
o_9604.png.scale896x597.png	8	2	0	-
o_9604.png.scale96x64.png	8	2	0	-
o_9615.png.scale1024x1024.png	8	2	0	-
o_9615.png.scale128x128.png	8	2	0	-
o_9615.png.scale192x192.png	8	2	0	-
o_9615.png.scale256x256.png	8	2	0	-
o_9615.png.scale384x384.png	8	2	0	-
o_9615.png.scale512x512.png	8	2	0	-
o_9615.png.scale640x640.png	8	2	0	-
o_9615.png.scale64x64.png	8	2	0	-
o_9615.png.scale768x768.png	8	2	0	-
o_9615.png.scale896x896.png	8	2	0	-
o_9615.png.scale96x96.png	8	2	0	-
o_9618.png.scale1024x683.png	8	2	0	-
o_9618.png.scale128x85.png	8	2	0	-
o_9618.png.scale192x128.png	8	2	0	-
o_9618.png.scale256x171.png	8	2	0	-
o_9618.png.scale384x256.png	8	2	0	-
o_9618.png.scale512x341.png	8	2	0	-
o_9618.png.scale640x427.png	8	2	0	-
o_9618.png.scale64x43.png	8	2	0	-
o_9618.png.scale768x512.png	8	2	0	-
o_9618.png.scale896x597.png	8	2	0	-
o_9618.png.scale96x64.png	8	2	0	-
o_9660.png.scale1024x559.png	8	2	0	-
o_9660.png.scale128x70.png	8	2	0	-
o_9660.png.scale192x105.png	8	2	0	-
o_9660.png.scale256x140.png	8	2	0	-
o_9660.png.scale384x209.png	8	2	0	-
o_9660.png.scale512x279.png	8	2	0	-
o_9660.png.scale640x349.png	8	2	0	-
o_9660.png.scale64x35.png	8	2	0	-
o_9660.png.scale768x419.png	8	2	0	-
o_9660.png.scale896x489.png	8	2	0	-
o_9660.png.scale96x52.png	8	2	0	-
o_9678.png.scale128x192.png	8	2	0	-
o_9678.png.scale171x256.png	8	2	0	-
o_9678.png.scale256x384.png	8	2	0	-
o_9678.png.scale341x512.png	8	2	0	-
o_9678.png.scale427x640.png	8	2	0	-
o_9678.png.scale43x64.png	8	2	0	-
o_9678.png.scale512x768.png	8	2	0	-
o_9678.png.scale597x896.png	8	2	0	-
o_9678.png.scale64x96.png	8	2	0	-
o_9678.png.scale683x1024.png	8	2	0	-
o_9678.png.scale85x128.png	8	2	0	-
o_9687.png.scale1024x683.png	8	2	0	-
o_9687.png.scale128x85.png	8	2	0	-
o_9687.png.scale192x128.png	8	2	0	-
o_9687.png.scale256x171.png	8	2	0	-
o_9687.png.scale384x256.png	8	2	0	-
o_9687.png.scale512x341.png	8	2	0	-
o_9687.png.scale640x427.png	8	2	0	-
o_9687.png.scale64x43.png	8	2	0	-
o_9687.png.scale768x512.png	8	2	0	-
o_9687.png.scale896x597.png	8	2	0	-
o_9687.png.scale96x64.png	8	2	0	-
o_9696.png.scale128x192.png	8	2	0	-
o_9696.png.scale171x256.png	8	2	0	-
o_9696.png.scale256x384.png	8	2	0	-
o_9696.png.scale341x512.png	8	2	0	-
o_9696.png.scale427x640.png	8	2	0	-
o_9696.png.scale43x64.png	8	2	0	-
o_9696.png.scale512x768.png	8	2	0	-
o_9696.png.scale597x896.png	8	2	0	-
o_9696.png.scale64x96.png	8	2	0	-
o_9696.png.scale683x1024.png	8	2	0	-
o_9696.png.scale85x128.png	8	2	0	-
o_9724.png.scale128x192.png	8	2	0	-
o_9724.png.scale171x256.png	8	2	0	-
o_9724.png.scale256x384.png	8	2	0	-
o_9724.png.scale341x512.png	8	2	0	-
o_9724.png.scale427x640.png	8	2	0	-
o_9724.png.scale43x64.png	8	2	0	-
o_9724.png.scale512x768.png	8	2	0	-
o_9724.png.scale597x896.png	8	2	0	-
o_9724.png.scale64x96.png	8	2	0	-
o_9724.png.scale683x1024.png	8	2	0	-
o_9724.png.scale85x128.png	8	2	0	-
o_9731.png.scale1024x1024.png	8	2	0	-
o_9731.png.scale128x128.png	8	2	0	-
o_9731.png.scale192x192.png	8	2	0	-
o_9731.png.scale256x256.png	8	2	0	-
o_9731.png.scale384x384.png	8	2	0	-
o_9731.png.scale512x512.png	8	2	0	-
o_9731.png.scale640x640.png	8	2	0	-
o_9731.png.scale64x64.png	8	2	0	-
o_9731.png.scale768x768.png	8	2	0	-
o_9731.png.scale896x896.png	8	2	0	-
o_9731.png.scale96x96.png	8	2	0	-
o_9736.png.scale1024x1024.png	8	2	0	-
o_9736.png.scale128x128.png	8	2	0	-
o_9736.png.scale192x192.png	8	2	0	-
o_9736.png.scale256x256.png	8	2	0	-
o_9736.png.scale384x384.png	8	2	0	-
o_9736.png.scale512x512.png	8	2	0	-
o_9736.png.scale640x640.png	8	2	0	-
o_9736.png.scale64x64.png	8	2	0	-
o_9736.png.scale768x768.png	8	2	0	-
o_9736.png.scale896x896.png	8	2	0	-
o_9736.png.scale96x96.png	8	2	0	-
o_9741.png.scale1024x1024.png	8	2	0	-
o_9741.png.scale128x128.png	8	2	0	-
o_9741.png.scale192x192.png	8	2	0	-
o_9741.png.scale256x256.png	8	2	0	-
o_9741.png.scale384x384.png	8	2	0	-
o_9741.png.scale512x512.png	8	2	0	-
o_9741.png.scale640x640.png	8	2	0	-
o_9741.png.scale64x64.png	8	2	0	-
o_9741.png.scale768x768.png	8	2	0	-
o_9741.png.scale896x896.png	8	2	0	-
o_9741.png.scale96x96.png	8	2	0	-
o_9742.png.scale1024x1024.png	8	2	0	-
o_9742.png.scale128x128.png	8	2	0	-
o_9742.png.scale192x192.png	8	2	0	-
o_9742.png.scale256x256.png	8	2	0	-
o_9742.png.scale384x384.png	8	2	0	-
o_9742.png.scale512x512.png	8	2	0	-
o_9742.png.scale640x640.png	8	2	0	-
o_9742.png.scale64x64.png	8	2	0	-
o_9742.png.scale768x768.png	8	2	0	-
o_9742.png.scale896x896.png	8	2	0	-
o_9742.png.scale96x96.png	8	2	0	-
o_9744.png.scale1024x1024.png	8	2	0	-
o_9744.png.scale128x128.png	8	2	0	-
o_9744.png.scale192x192.png	8	2	0	-
o_9744.png.scale256x256.png	8	2	0	-
o_9744.png.scale384x384.png	8	2	0	-
o_9744.png.scale512x512.png	8	2	0	-
o_9744.png.scale640x640.png	8	2	0	-
o_9744.png.scale64x64.png	8	2	0	-
o_9744.png.scale768x768.png	8	2	0	-
o_9744.png.scale896x896.png	8	2	0	-
o_9744.png.scale96x96.png	8	2	0	-
o_9746.png.scale1024x683.png	8	2	0	-
o_9746.png.scale128x85.png	8	2	0	-
o_9746.png.scale192x128.png	8	2	0	-
o_9746.png.scale256x171.png	8	2	0	-
o_9746.png.scale384x256.png	8	2	0	-
o_9746.png.scale512x341.png	8	2	0	-
o_9746.png.scale640x427.png	8	2	0	-
o_9746.png.scale64x43.png	8	2	0	-
o_9746.png.scale768x512.png	8	2	0	-
o_9746.png.scale896x597.png	8	2	0	-
o_9746.png.scale96x64.png	8	2	0	-
o_9750.png.scale1024x683.png	8	2	0	-
o_9750.png.scale128x85.png	8	2	0	-
o_9750.png.scale192x128.png	8	2	0	-
o_9750.png.scale256x171.png	8	2	0	-
o_9750.png.scale384x256.png	8	2	0	-
o_9750.png.scale512x341.png	8	2	0	-
o_9750.png.scale640x427.png	8	2	0	-
o_9750.png.scale64x43.png	8	2	0	-
o_9750.png.scale768x512.png	8	2	0	-
o_9750.png.scale896x597.png	8	2	0	-
o_9750.png.scale96x64.png	8	2	0	-
o_9763.png.scale1024x683.png	8	2	0	-
o_9763.png.scale128x85.png	8	2	0	-
o_9763.png.scale192x128.png	8	2	0	-
o_9763.png.scale256x171.png	8	2	0	-
o_9763.png.scale384x256.png	8	2	0	-
o_9763.png.scale512x341.png	8	2	0	-
o_9763.png.scale640x427.png	8	2	0	-
o_9763.png.scale64x43.png	8	2	0	-
o_9763.png.scale768x512.png	8	2	0	-
o_9763.png.scale896x597.png	8	2	0	-
o_9763.png.scale96x64.png	8	2	0	-
o_9766.png.scale1024x683.png	8	2	0	-
o_9766.png.scale128x85.png	8	2	0	-
o_9766.png.scale192x128.png	8	2	0	-
o_9766.png.scale256x171.png	8	2	0	-
o_9766.png.scale384x256.png	8	2	0	-
o_9766.png.scale512x341.png	8	2	0	-
o_9766.png.scale640x427.png	8	2	0	-
o_9766.png.scale64x43.png	8	2	0	-
o_9766.png.scale768x512.png	8	2	0	-
o_9766.png.scale896x597.png	8	2	0	-
o_9766.png.scale96x64.png	8	2	0	-
o_9772.png.scale128x192.png	8	2	0	-
o_9772.png.scale171x256.png	8	2	0	-
o_9772.png.scale256x384.png	8	2	0	-
o_9772.png.scale341x512.png	8	2	0	-
o_9772.png.scale427x640.png	8	2	0	-
o_9772.png.scale43x64.png	8	2	0	-
o_9772.png.scale512x768.png	8	2	0	-
o_9772.png.scale597x896.png	8	2	0	-
o_9772.png.scale64x96.png	8	2	0	-
o_9772.png.scale683x1024.png	8	2	0	-
o_9772.png.scale85x128.png	8	2	0	-
o_9785.png.scale1024x683.png	8	2	0	-
o_9785.png.scale128x85.png	8	2	0	-
o_9785.png.scale192x128.png	8	2	0	-
o_9785.png.scale256x171.png	8	2	0	-
o_9785.png.scale384x256.png	8	2	0	-
o_9785.png.scale512x341.png	8	2	0	-
o_9785.png.scale640x427.png	8	2	0	-
o_9785.png.scale64x43.png	8	2	0	-
o_9785.png.scale768x512.png	8	2	0	-
o_9785.png.scale896x597.png	8	2	0	-
o_9785.png.scale96x64.png	8	2	0	-
o_9839.png.scale128x192.png	8	2	0	-
o_9839.png.scale171x256.png	8	2	0	-
o_9839.png.scale256x384.png	8	2	0	-
o_9839.png.scale341x512.png	8	2	0	-
o_9839.png.scale427x640.png	8	2	0	-
o_9839.png.scale43x64.png	8	2	0	-
o_9839.png.scale512x768.png	8	2	0	-
o_9839.png.scale597x896.png	8	2	0	-
o_9839.png.scale64x96.png	8	2	0	-
o_9839.png.scale683x1024.png	8	2	0	-
o_9839.png.scale85x128.png	8	2	0	-
o_9853.png.scale128x192.png	8	2	0	-
o_9853.png.scale171x256.png	8	2	0	-
o_9853.png.scale256x384.png	8	2	0	-
o_9853.png.scale341x512.png	8	2	0	-
o_9853.png.scale427x640.png	8	2	0	-
o_9853.png.scale43x64.png	8	2	0	-
o_9853.png.scale512x768.png	8	2	0	-
o_9853.png.scale597x896.png	8	2	0	-
o_9853.png.scale64x96.png	8	2	0	-
o_9853.png.scale683x1024.png	8	2	0	-
o_9853.png.scale85x128.png	8	2	0	-
o_9854.png.scale128x192.png	8	2	0	-
o_9854.png.scale171x256.png	8	2	0	-
o_9854.png.scale256x384.png	8	2	0	-
o_9854.png.scale341x512.png	8	2	0	-
o_9854.png.scale427x640.png	8	2	0	-
o_9854.png.scale43x64.png	8	2	0	-
o_9854.png.scale512x768.png	8	2	0	-
o_9854.png.scale597x896.png	8	2	0	-
o_9854.png.scale64x96.png	8	2	0	-
o_9854.png.scale683x1024.png	8	2	0	-
o_9854.png.scale85x128.png	8	2	0	-
o_9858.png.scale1024x559.png	8	2	0	-
o_9858.png.scale128x70.png	8	2	0	-
o_9858.png.scale192x105.png	8	2	0	-
o_9858.png.scale256x140.png	8	2	0	-
o_9858.png.scale384x209.png	8	2	0	-
o_9858.png.scale512x279.png	8	2	0	-
o_9858.png.scale640x349.png	8	2	0	-
o_9858.png.scale64x35.png	8	2	0	-
o_9858.png.scale768x419.png	8	2	0	-
o_9858.png.scale896x489.png	8	2	0	-
o_9858.png.scale96x52.png	8	2	0	-
o_9863.png.scale1024x1024.png	8	2	0	-
o_9863.png.scale128x128.png	8	2	0	-
o_9863.png.scale192x192.png	8	2	0	-
o_9863.png.scale256x256.png	8	2	0	-
o_9863.png.scale384x384.png	8	2	0	-
o_9863.png.scale512x512.png	8	2	0	-
o_9863.png.scale640x640.png	8	2	0	-
o_9863.png.scale64x64.png	8	2	0	-
o_9863.png.scale768x768.png	8	2	0	-
o_9863.png.scale896x896.png	8	2	0	-
o_9863.png.scale96x96.png	8	2	0	-
o_9866.png.scale1024x559.png	8	2	0	-
o_9866.png.scale128x70.png	8	2	0	-
o_9866.png.scale192x105.png	8	2	0	-
o_9866.png.scale256x140.png	8	2	0	-
o_9866.png.scale384x209.png	8	2	0	-
o_9866.png.scale512x279.png	8	2	0	-
o_9866.png.scale640x349.png	8	2	0	-
o_9866.png.scale64x35.png	8	2	0	-
o_9866.png.scale768x419.png	8	2	0	-
o_9866.png.scale896x489.png	8	2	0	-
o_9866.png.scale96x52.png	8	2	0	-
o_9882.png.scale1024x1024.png	8	2	0	-
o_9882.png.scale128x128.png	8	2	0	-
o_9882.png.scale192x192.png	8	2	0	-
o_9882.png.scale256x256.png	8	2	0	-
o_9882.png.scale384x384.png	8	2	0	-
o_9882.png.scale512x512.png	8	2	0	-
o_9882.png.scale640x640.png	8	2	0	-
o_9882.png.scale64x64.png	8	2	0	-
o_9882.png.scale768x768.png	8	2	0	-
o_9882.png.scale896x896.png	8	2	0	-
o_9882.png.scale96x96.png	8	2	0	-
o_9886.png.scale128x192.png	8	2	0	-
o_9886.png.scale171x256.png	8	2	0	-
o_9886.png.scale256x384.png	8	2	0	-
o_9886.png.scale341x512.png	8	2	0	-
o_9886.png.scale427x640.png	8	2	0	-
o_9886.png.scale43x64.png	8	2	0	-
o_9886.png.scale512x768.png	8	2	0	-
o_9886.png.scale597x896.png	8	2	0	-
o_9886.png.scale64x96.png	8	2	0	-
o_9886.png.scale683x1024.png	8	2	0	-
o_9886.png.scale85x128.png	8	2	0	-
o_9888.png.scale1024x683.png	8	2	0	-
o_9888.png.scale128x85.png	8	2	0	-
o_9888.png.scale192x128.png	8	2	0	-
o_9888.png.scale256x171.png	8	2	0	-
o_9888.png.scale384x256.png	8	2	0	-
o_9888.png.scale512x341.png	8	2	0	-
o_9888.png.scale640x427.png	8	2	0	-
o_9888.png.scale64x43.png	8	2	0	-
o_9888.png.scale768x512.png	8	2	0	-
o_9888.png.scale896x597.png	8	2	0	-
o_9888.png.scale96x64.png	8	2	0	-
o_9890.png.scale1024x1024.png	8	2	0	-
o_9890.png.scale128x128.png	8	2	0	-
o_9890.png.scale192x192.png	8	2	0	-
o_9890.png.scale256x256.png	8	2	0	-
o_9890.png.scale384x384.png	8	2	0	-
o_9890.png.scale512x512.png	8	2	0	-
o_9890.png.scale640x640.png	8	2	0	-
o_9890.png.scale64x64.png	8	2	0	-
o_9890.png.scale768x768.png	8	2	0	-
o_9890.png.scale896x896.png	8	2	0	-
o_9890.png.scale96x96.png	8	2	0	-
o_9894.png.scale128x192.png	8	2	0	-
o_9894.png.scale171x256.png	8	2	0	-
o_9894.png.scale256x384.png	8	2	0	-
o_9894.png.scale341x512.png	8	2	0	-
o_9894.png.scale427x640.png	8	2	0	-
o_9894.png.scale43x64.png	8	2	0	-
o_9894.png.scale512x768.png	8	2	0	-
o_9894.png.scale597x896.png	8	2	0	-
o_9894.png.scale64x96.png	8	2	0	-
o_9894.png.scale683x1024.png	8	2	0	-
o_9894.png.scale85x128.png	8	2	0	-
o_9895.png.scale128x192.png	8	2	0	-
o_9895.png.scale171x256.png	8	2	0	-
o_9895.png.scale256x384.png	8	2	0	-
o_9895.png.scale341x512.png	8	2	0	-
o_9895.png.scale427x640.png	8	2	0	-
o_9895.png.scale43x64.png	8	2	0	-
o_9895.png.scale512x768.png	8	2	0	-
o_9895.png.scale597x896.png	8	2	0	-
o_9895.png.scale64x96.png	8	2	0	-
o_9895.png.scale683x1024.png	8	2	0	-
o_9895.png.scale85x128.png	8	2	0	-
o_9907.png.scale128x192.png	8	2	0	-
o_9907.png.scale171x256.png	8	2	0	-
o_9907.png.scale256x384.png	8	2	0	-
o_9907.png.scale341x512.png	8	2	0	-
o_9907.png.scale427x640.png	8	2	0	-
o_9907.png.scale43x64.png	8	2	0	-
o_9907.png.scale512x768.png	8	2	0	-
o_9907.png.scale597x896.png	8	2	0	-
o_9907.png.scale64x96.png	8	2	0	-
o_9907.png.scale683x1024.png	8	2	0	-
o_9907.png.scale85x128.png	8	2	0	-
o_9914.png.scale1024x1024.png	8	2	0	-
o_9914.png.scale128x128.png	8	2	0	-
o_9914.png.scale192x192.png	8	2	0	-
o_9914.png.scale256x256.png	8	2	0	-
o_9914.png.scale384x384.png	8	2	0	-
o_9914.png.scale512x512.png	8	2	0	-
o_9914.png.scale640x640.png	8	2	0	-
o_9914.png.scale64x64.png	8	2	0	-
o_9914.png.scale768x768.png	8	2	0	-
o_9914.png.scale896x896.png	8	2	0	-
o_9914.png.scale96x96.png	8	2	0	-
o_9922.png.scale1024x1024.png	8	2	0	-
o_9922.png.scale128x128.png	8	2	0	-
o_9922.png.scale192x192.png	8	2	0	-
o_9922.png.scale256x256.png	8	2	0	-
o_9922.png.scale384x384.png	8	2	0	-
o_9922.png.scale512x512.png	8	2	0	-
o_9922.png.scale640x640.png	8	2	0	-
o_9922.png.scale64x64.png	8	2	0	-
o_9922.png.scale768x768.png	8	2	0	-
o_9922.png.scale896x896.png	8	2	0	-
o_9922.png.scale96x96.png	8	2	0	-
o_9923.png.scale1024x1024.png	8	2	0	-
o_9923.png.scale128x128.png	8	2	0	-
o_9923.png.scale192x192.png	8	2	0	-
o_9923.png.scale256x256.png	8	2	0	-
o_9923.png.scale384x384.png	8	2	0	-
o_9923.png.scale512x512.png	8	2	0	-
o_9923.png.scale640x640.png	8	2	0	-
o_9923.png.scale64x64.png	8	2	0	-
o_9923.png.scale768x768.png	8	2	0	-
o_9923.png.scale896x896.png	8	2	0	-
o_9923.png.scale96x96.png	8	2	0	-
o_9942.png.scale128x192.png	8	2	0	-
o_9942.png.scale171x256.png	8	2	0	-
o_9942.png.scale256x384.png	8	2	0	-
o_9942.png.scale341x512.png	8	2	0	-
o_9942.png.scale427x640.png	8	2	0	-
o_9942.png.scale43x64.png	8	2	0	-
o_9942.png.scale512x768.png	8	2	0	-
o_9942.png.scale597x896.png	8	2	0	-
o_9942.png.scale64x96.png	8	2	0	-
o_9942.png.scale683x1024.png	8	2	0	-
o_9942.png.scale85x128.png	8	2	0	-
o_9963.png.scale128x192.png	8	2	0	-
o_9963.png.scale171x256.png	8	2	0	-
o_9963.png.scale256x384.png	8	2	0	-
o_9963.png.scale341x512.png	8	2	0	-
o_9963.png.scale427x640.png	8	2	0	-
o_9963.png.scale43x64.png	8	2	0	-
o_9963.png.scale512x768.png	8	2	0	-
o_9963.png.scale597x896.png	8	2	0	-
o_9963.png.scale64x96.png	8	2	0	-
o_9963.png.scale683x1024.png	8	2	0	-
o_9963.png.scale85x128.png	8	2	0	-
